kepid,kepoi_name,koi_disposition
10848459,K00754.01,FALSE POSITIVE
6721123,K00114.01,FALSE POSITIVE
10419211,K00742.01,FALSE POSITIVE
10464078,K00743.01,FALSE POSITIVE
10480982,K00744.01,FALSE POSITIVE
10485250,K00745.01,FALSE POSITIVE
10583180,K00748.01,FALSE POSITIVE
2306756,K00113.01,FALSE POSITIVE
11463211,K00770.01,FALSE POSITIVE
11465813,K00771.01,FALSE POSITIVE
11493732,K00772.01,FALSE POSITIVE
11152159,K00761.01,FALSE POSITIVE
11242721,K00763.01,FALSE POSITIVE
11442465,K00768.01,FALSE POSITIVE
11656840,K00774.01,FALSE POSITIVE
11909839,K00779.01,FALSE POSITIVE
3120431,K00798.01,FALSE POSITIVE
3246984,K00799.01,FALSE POSITIVE
12459725,K00789.01,FALSE POSITIVE
2440757,K00792.01,FALSE POSITIVE
2445129,K00793.01,FALSE POSITIVE
3114661,K00796.01,FALSE POSITIVE
3554600,K00803.01,FALSE POSITIVE
3734868,K00805.01,FALSE POSITIVE
3836375,K00807.01,FALSE POSITIVE
3838486,K00808.01,FALSE POSITIVE
5287983,K00828.01,FALSE POSITIVE
4932348,K00819.01,FALSE POSITIVE
11913073,K00011.01,FALSE POSITIVE
5077629,K00822.01,FALSE POSITIVE
5283542,K00827.01,FALSE POSITIVE
5649215,K00839.01,FALSE POSITIVE
5370302,K00831.01,FALSE POSITIVE
5372966,K00832.01,FALSE POSITIVE
5376067,K00833.01,FALSE POSITIVE
5481416,K00836.01,FALSE POSITIVE
5534814,K00838.01,FALSE POSITIVE
6267425,K00848.01,FALSE POSITIVE
6675056,K00859.01,FALSE POSITIVE
6756669,K00862.01,FALSE POSITIVE
6862603,K00866.01,FALSE POSITIVE
11869052,K00120.01,FALSE POSITIVE
7270230,K00876.01,FALSE POSITIVE
3247396,K00121.01,FALSE POSITIVE
7708215,K00894.01,FALSE POSITIVE
7377033,K00882.01,FALSE POSITIVE
7552344,K00888.01,FALSE POSITIVE
7767559,K00895.01,FALSE POSITIVE
8180063,K00905.01,FALSE POSITIVE
8256049,K00909.01,FALSE POSITIVE
9159275,K00930.01,FALSE POSITIVE
9166870,K00932.01,FALSE POSITIVE
8605074,K00915.01,FALSE POSITIVE
8655354,K00917.01,FALSE POSITIVE
8686150,K00919.01,FALSE POSITIVE
5897826,K00126.01,FALSE POSITIVE
9016295,K00925.01,FALSE POSITIVE
9097120,K00927.01,FALSE POSITIVE
9171801,K00933.01,FALSE POSITIVE
9904059,K00145.01,FALSE POSITIVE
10485069,K01171.01,FALSE POSITIVE
3233043,K00966.01,FALSE POSITIVE
6579806,K00967.01,FALSE POSITIVE
3560301,K00968.01,FALSE POSITIVE
4044005,K00969.01,FALSE POSITIVE
5802246,K01044.01,FALSE POSITIVE
6066403,K01045.01,FALSE POSITIVE
6209637,K01046.01,FALSE POSITIVE
5988031,K01047.01,FALSE POSITIVE
7684873,K00014.01,FALSE POSITIVE
2851100,K01104.01,FALSE POSITIVE
3130300,K01105.01,FALSE POSITIVE
3228959,K01107.01,FALSE POSITIVE
10341913,K01172.01,FALSE POSITIVE
10480921,K01173.01,FALSE POSITIVE
11673674,K00133.01,FALSE POSITIVE
3441784,K00976.01,FALSE POSITIVE
5820218,K01048.01,FALSE POSITIVE
5876368,K01049.01,FALSE POSITIVE
9048161,K00146.01,FALSE POSITIVE
3235672,K01109.01,FALSE POSITIVE
3120276,K01111.01,FALSE POSITIVE
3547091,K01177.01,FALSE POSITIVE
3869825,K01178.01,FALSE POSITIVE
3655332,K01179.01,FALSE POSITIVE
4042026,K01180.01,FALSE POSITIVE
3344419,K01181.01,FALSE POSITIVE
11192141,K00977.01,FALSE POSITIVE
11494130,K00978.01,FALSE POSITIVE
5648449,K00979.01,FALSE POSITIVE
12167361,K00980.01,FALSE POSITIVE
8607720,K00981.01,FALSE POSITIVE
1433962,K00982.01,FALSE POSITIVE
3337425,K01114.01,FALSE POSITIVE
3865567,K01182.01,FALSE POSITIVE
3544689,K01183.01,FALSE POSITIVE
4037164,K01184.01,FALSE POSITIVE
3443790,K01185.01,FALSE POSITIVE
3966912,K01186.01,FALSE POSITIVE
11607193,K00983.01,FALSE POSITIVE
10227501,K00985.01,FALSE POSITIVE
6032981,K01054.01,FALSE POSITIVE
5866099,K01055.01,FALSE POSITIVE
5964985,K01056.01,FALSE POSITIVE
6066416,K01057.01,FALSE POSITIVE
1996679,K00147.01,FALSE POSITIVE
3003992,K01119.01,FALSE POSITIVE
10743597,K00989.01,FALSE POSITIVE
10743597,K00989.02,FALSE POSITIVE
6124941,K01058.01,FALSE POSITIVE
3003992,K01119.02,FALSE POSITIVE
6307537,K01120.01,FALSE POSITIVE
6359798,K01121.01,FALSE POSITIVE
6311681,K01122.01,FALSE POSITIVE
6365321,K01123.01,FALSE POSITIVE
6301035,K01124.01,FALSE POSITIVE
3557493,K01200.01,FALSE POSITIVE
10015516,K00990.01,FALSE POSITIVE
5130369,K00140.01,FALSE POSITIVE
6147122,K01062.01,FALSE POSITIVE
8257407,K01063.01,FALSE POSITIVE
8218274,K01064.01,FALSE POSITIVE
3964562,K00015.01,FALSE POSITIVE
6292162,K01125.01,FALSE POSITIVE
6307521,K01126.01,FALSE POSITIVE
3848972,K01187.01,FALSE POSITIVE
3860441,K01188.01,FALSE POSITIVE
3765771,K01189.01,FALSE POSITIVE
3557341,K01190.01,FALSE POSITIVE
3858949,K00995.01,FALSE POSITIVE
3858824,K00996.01,FALSE POSITIVE
2157247,K00997.01,FALSE POSITIVE
7601633,K00136.01,FALSE POSITIVE
8242681,K01065.01,FALSE POSITIVE
8246781,K01067.01,FALSE POSITIVE
8264070,K01068.01,FALSE POSITIVE
8279765,K01130.01,FALSE POSITIVE
8330548,K01132.01,FALSE POSITIVE
3348082,K01196.01,FALSE POSITIVE
3853673,K01197.01,FALSE POSITIVE
1432214,K00998.01,FALSE POSITIVE
2441728,K01000.01,FALSE POSITIVE
8374494,K01133.01,FALSE POSITIVE
8414907,K01134.01,FALSE POSITIVE
8414907,K01134.02,FALSE POSITIVE
8397446,K01135.01,FALSE POSITIVE
8386035,K01136.01,FALSE POSITIVE
2438502,K01003.01,FALSE POSITIVE
2309585,K01004.01,FALSE POSITIVE
8244190,K01071.01,FALSE POSITIVE
8262210,K01073.01,FALSE POSITIVE
10232123,K01075.01,FALSE POSITIVE
10223616,K01076.01,FALSE POSITIVE
8415745,K01138.01,FALSE POSITIVE
8378634,K01139.01,FALSE POSITIVE
8397675,K01140.01,FALSE POSITIVE
8312852,K01143.01,FALSE POSITIVE
5738346,K01006.01,FALSE POSITIVE
1722276,K01008.01,FALSE POSITIVE
892772,K01009.01,FALSE POSITIVE
1027438,K01010.01,FALSE POSITIVE
10268907,K01077.01,FALSE POSITIVE
10153827,K01079.01,FALSE POSITIVE
8302450,K01144.01,FALSE POSITIVE
8299955,K01147.01,FALSE POSITIVE
9595686,K00944.01,FALSE POSITIVE
9661877,K00946.01,FALSE POSITIVE
5728283,K01011.01,FALSE POSITIVE
8127639,K01012.01,FALSE POSITIVE
6047498,K01013.01,FALSE POSITIVE
10158990,K01080.01,FALSE POSITIVE
8349405,K01149.01,FALSE POSITIVE
5297298,K00130.01,FALSE POSITIVE
8176653,K01016.01,FALSE POSITIVE
8183911,K01018.01,FALSE POSITIVE
8179973,K01019.01,FALSE POSITIVE
4649305,K00143.01,FALSE POSITIVE
10148521,K01084.01,FALSE POSITIVE
3124412,K01087.01,FALSE POSITIVE
10287248,K01152.01,FALSE POSITIVE
10351767,K01153.01,FALSE POSITIVE
10342041,K01155.01,FALSE POSITIVE
10514770,K01156.01,FALSE POSITIVE
2309719,K01020.01,FALSE POSITIVE
2558363,K01021.01,FALSE POSITIVE
2445154,K01023.01,FALSE POSITIVE
3113266,K01088.01,FALSE POSITIVE
3232859,K01090.01,FALSE POSITIVE
3098184,K01091.01,FALSE POSITIVE
2720309,K01092.01,FALSE POSITIVE
10342065,K01157.01,FALSE POSITIVE
10352945,K01158.01,FALSE POSITIVE
2574201,K01025.01,FALSE POSITIVE
2166206,K01028.01,FALSE POSITIVE
3239636,K01093.01,FALSE POSITIVE
3340070,K01097.01,FALSE POSITIVE
7661409,K00957.01,FALSE POSITIVE
10002261,K00959.01,FALSE POSITIVE
8176650,K00960.01,FALSE POSITIVE
5899544,K01034.01,FALSE POSITIVE
5963222,K01035.01,FALSE POSITIVE
5982353,K01036.01,FALSE POSITIVE
6205468,K01037.01,FALSE POSITIVE
8506766,K00138.01,FALSE POSITIVE
3240706,K01098.01,FALSE POSITIVE
3228824,K01100.01,FALSE POSITIVE
10341831,K01164.01,FALSE POSITIVE
10485179,K01167.01,FALSE POSITIVE
8892910,K00132.01,FALSE POSITIVE
10657664,K00964.01,FALSE POSITIVE
3337351,K00965.01,FALSE POSITIVE
6153201,K01038.01,FALSE POSITIVE
5802486,K01039.01,FALSE POSITIVE
5817553,K01040.01,FALSE POSITIVE
5982368,K01041.01,FALSE POSITIVE
5816811,K01042.01,FALSE POSITIVE
5816165,K01043.01,FALSE POSITIVE
6677256,K01243.01,FALSE POSITIVE
6692833,K01244.01,FALSE POSITIVE
7174351,K01365.01,FALSE POSITIVE
8801343,K01247.01,FALSE POSITIVE
8488878,K01248.01,FALSE POSITIVE
8560285,K01249.01,FALSE POSITIVE
8620565,K01250.01,FALSE POSITIVE
10785538,K01313.01,FALSE POSITIVE
7357531,K01368.01,FALSE POSITIVE
6185711,K00169.01,FALSE POSITIVE
8737796,K01252.01,FALSE POSITIVE
8462258,K01253.01,FALSE POSITIVE
8454250,K01254.01,FALSE POSITIVE
8848271,K01256.01,FALSE POSITIVE
4275739,K01317.01,FALSE POSITIVE
6878167,K01371.01,FALSE POSITIVE
6880531,K01372.01,FALSE POSITIVE
6863839,K01373.01,FALSE POSITIVE
7296086,K01374.01,FALSE POSITIVE
8823426,K01259.01,FALSE POSITIVE
4070376,K01318.01,FALSE POSITIVE
4078157,K01319.01,FALSE POSITIVE
4480676,K01321.01,FALSE POSITIVE
4079535,K01322.01,FALSE POSITIVE
6774826,K01376.01,FALSE POSITIVE
5652237,K00164.01,FALSE POSITIVE
7375795,K01378.01,FALSE POSITIVE
7255336,K00019.01,FALSE POSITIVE
7802136,K01449.01,FALSE POSITIVE
9632895,K01451.01,FALSE POSITIVE
7449844,K01452.01,FALSE POSITIVE
8766222,K01260.01,FALSE POSITIVE
8703884,K01262.01,FALSE POSITIVE
8560840,K01263.01,FALSE POSITIVE
4551328,K01324.01,FALSE POSITIVE
4639868,K01326.01,FALSE POSITIVE
10555375,K00158.01,FALSE POSITIVE
4372768,K01327.01,FALSE POSITIVE
7375795,K01378.02,FALSE POSITIVE
7025526,K01380.01,FALSE POSITIVE
9451127,K01381.01,FALSE POSITIVE
9446824,K01382.01,FALSE POSITIVE
11044770,K00170.01,FALSE POSITIVE
11197126,K01443.01,FALSE POSITIVE
8552583,K01265.01,FALSE POSITIVE
8519253,K01267.01,FALSE POSITIVE
8757910,K01269.01,FALSE POSITIVE
4150539,K01330.01,FALSE POSITIVE
8953257,K01383.01,FALSE POSITIVE
8971432,K01384.01,FALSE POSITIVE
9278553,K01385.01,FALSE POSITIVE
9143254,K01386.01,FALSE POSITIVE
8949247,K01387.01,FALSE POSITIVE
12506351,K01446.01,FALSE POSITIVE
7622486,K01447.01,FALSE POSITIVE
7622486,K01447.02,FALSE POSITIVE
9705459,K01448.01,FALSE POSITIVE
8552498,K01272.01,FALSE POSITIVE
4285107,K01333.01,FALSE POSITIVE
4150624,K01334.01,FALSE POSITIVE
9346253,K01388.01,FALSE POSITIVE
9002237,K01389.01,FALSE POSITIVE
9288786,K01390.01,FALSE POSITIVE
8958035,K01391.01,FALSE POSITIVE
9040849,K01392.01,FALSE POSITIVE
7842610,K01453.01,FALSE POSITIVE
7830637,K01454.01,FALSE POSITIVE
8552565,K01277.01,FALSE POSITIVE
8937021,K01394.01,FALSE POSITIVE
9110357,K00016.01,FALSE POSITIVE
9157908,K01400.01,FALSE POSITIVE
9030447,K01401.01,FALSE POSITIVE
3858704,K01211.01,FALSE POSITIVE
3556220,K01213.01,FALSE POSITIVE
8509361,K01280.01,FALSE POSITIVE
4386059,K01340.01,FALSE POSITIVE
9007866,K01407.01,FALSE POSITIVE
3542588,K01217.01,FALSE POSITIVE
3440861,K01219.01,FALSE POSITIVE
10960993,K01284.01,FALSE POSITIVE
10599397,K01285.01,FALSE POSITIVE
10879208,K01286.01,FALSE POSITIVE
10843203,K01287.01,FALSE POSITIVE
4570931,K01343.01,FALSE POSITIVE
7284688,K01345.01,FALSE POSITIVE
7199774,K01346.01,FALSE POSITIVE
7037540,K01347.01,FALSE POSITIVE
6866228,K01348.01,FALSE POSITIVE
4060815,K01222.01,FALSE POSITIVE
6613006,K01223.01,FALSE POSITIVE
6606653,K01224.01,FALSE POSITIVE
10748393,K01289.01,FALSE POSITIVE
10874226,K01290.01,FALSE POSITIVE
10661771,K01291.01,FALSE POSITIVE
10924853,K01292.01,FALSE POSITIVE
10874926,K01293.01,FALSE POSITIVE
6631721,K00160.01,FALSE POSITIVE
6847018,K01349.01,FALSE POSITIVE
7220322,K01350.01,FALSE POSITIVE
6956233,K01352.01,FALSE POSITIVE
8916492,K01414.01,FALSE POSITIVE
11193447,K01415.01,FALSE POSITIVE
11599264,K01417.01,FALSE POSITIVE
11100657,K01418.01,FALSE POSITIVE
6621116,K01226.01,FALSE POSITIVE
6629332,K01227.01,FALSE POSITIVE
6387450,K01228.01,FALSE POSITIVE
6432059,K01229.01,FALSE POSITIVE
6470149,K01230.01,FALSE POSITIVE
10549562,K01294.01,FALSE POSITIVE
10666230,K01295.01,FALSE POSITIVE
10971674,K01296.01,FALSE POSITIVE
6891543,K01354.01,FALSE POSITIVE
11125936,K01419.01,FALSE POSITIVE
6462874,K01231.01,FALSE POSITIVE
6665223,K01232.01,FALSE POSITIVE
6545358,K01233.01,FALSE POSITIVE
6390824,K01234.01,FALSE POSITIVE
6546528,K01235.01,FALSE POSITIVE
10676923,K01297.01,FALSE POSITIVE
9970525,K00154.01,FALSE POSITIVE
6531491,K01237.01,FALSE POSITIVE
7023960,K00187.01,FALSE POSITIVE
10033279,K01604.01,FALSE POSITIVE
5009189,K01605.01,FALSE POSITIVE
9602514,K01490.01,FALSE POSITIVE
12108312,K01492.01,FALSE POSITIVE
5477805,K01607.01,FALSE POSITIVE
9842906,K01493.01,FALSE POSITIVE
4828341,K01496.01,FALSE POSITIVE
10019763,K01558.01,FALSE POSITIVE
9899280,K01559.01,FALSE POSITIVE
4940438,K01561.01,FALSE POSITIVE
5308663,K01562.01,FALSE POSITIVE
5474733,K01610.01,FALSE POSITIVE
10125352,K00021.01,FALSE POSITIVE
11820830,K01728.01,FALSE POSITIVE
11774387,K01497.01,FALSE POSITIVE
12504988,K00181.01,FALSE POSITIVE
10799735,K00193.01,FALSE POSITIVE
9719634,K01500.01,FALSE POSITIVE
12061238,K01502.01,FALSE POSITIVE
8323753,K00175.01,FALSE POSITIVE
5636648,K01565.01,FALSE POSITIVE
5564247,K01566.01,FALSE POSITIVE
7032421,K01747.01,FALSE POSITIVE
9641018,K01504.01,FALSE POSITIVE
9535080,K01509.01,FALSE POSITIVE
5210475,K01568.01,FALSE POSITIVE
8043714,K01765.01,FALSE POSITIVE
7918217,K01770.01,FALSE POSITIVE
11955499,K01512.01,FALSE POSITIVE
9784222,K01513.01,FALSE POSITIVE
5376836,K00182.01,FALSE POSITIVE
5557821,K01571.01,FALSE POSITIVE
11043136,K01644.01,FALSE POSITIVE
5771719,K00190.01,FALSE POSITIVE
4950232,K01753.01,FALSE POSITIVE
9520668,K01514.01,FALSE POSITIVE
5553652,K01575.01,FALSE POSITIVE
4067336,K01761.01,FALSE POSITIVE
5387843,K01762.01,FALSE POSITIVE
5629985,K01578.01,FALSE POSITIVE
9898364,K01579.01,FALSE POSITIVE
11546211,K01654.01,FALSE POSITIVE
9850893,K01523.01,FALSE POSITIVE
4826110,K01524.01,FALSE POSITIVE
5193400,K01580.01,FALSE POSITIVE
4832197,K01661.01,FALSE POSITIVE
4844004,K01662.01,FALSE POSITIVE
9761199,K01459.01,FALSE POSITIVE
7751571,K01460.01,FALSE POSITIVE
9579499,K01461.01,FALSE POSITIVE
11913013,K01462.01,FALSE POSITIVE
7972785,K00184.01,FALSE POSITIVE
7672940,K01463.01,FALSE POSITIVE
7838655,K01464.01,FALSE POSITIVE
7770450,K01467.01,FALSE POSITIVE
11455491,K00178.01,FALSE POSITIVE
5530882,K01680.01,FALSE POSITIVE
9851226,K01468.01,FALSE POSITIVE
7543649,K01469.01,FALSE POSITIVE
11858748,K01471.01,FALSE POSITIVE
9963461,K01538.01,FALSE POSITIVE
8081482,K01539.01,FALSE POSITIVE
6048024,K01684.01,FALSE POSITIVE
6149553,K01686.01,FALSE POSITIVE
5649956,K01540.01,FALSE POSITIVE
4840513,K01541.01,FALSE POSITIVE
5217586,K01592.01,FALSE POSITIVE
9895709,K01594.01,FALSE POSITIVE
6696462,K01693.01,FALSE POSITIVE
7222086,K01701.01,FALSE POSITIVE
9842890,K01479.01,FALSE POSITIVE
8113154,K01542.01,FALSE POSITIVE
5270698,K01543.01,FALSE POSITIVE
5024450,K01544.01,FALSE POSITIVE
5282049,K01545.01,FALSE POSITIVE
7812167,K01482.01,FALSE POSITIVE
11760959,K01484.01,FALSE POSITIVE
9940565,K01548.01,FALSE POSITIVE
8111381,K01550.01,FALSE POSITIVE
5444549,K01551.01,FALSE POSITIVE
4860932,K01600.01,FALSE POSITIVE
9692345,K01485.01,FALSE POSITIVE
12062667,K01487.01,FALSE POSITIVE
9899355,K01554.01,FALSE POSITIVE
12644774,K01555.01,FALSE POSITIVE
9902856,K01556.01,FALSE POSITIVE
7697568,K01829.01,FALSE POSITIVE
9164836,K00213.01,FALSE POSITIVE
10019708,K00199.02,FALSE POSITIVE
4743513,K00024.01,FALSE POSITIVE
5809954,K01902.01,FALSE POSITIVE
12508335,K00215.01,FALSE POSITIVE
5108214,K01924.01,FALSE POSITIVE
7219761,K01927.01,FALSE POSITIVE
9851271,K02003.01,FALSE POSITIVE
3128793,K01786.01,FALSE POSITIVE
8098728,K02008.01,FALSE POSITIVE
6153672,K01794.01,FALSE POSITIVE
6707908,K02014.01,FALSE POSITIVE
6867766,K01798.01,FALSE POSITIVE
6058614,K01799.01,FALSE POSITIVE
5396122,K01935.01,FALSE POSITIVE
5213902,K01941.01,FALSE POSITIVE
8164262,K01810.01,FALSE POSITIVE
6279974,K01812.01,FALSE POSITIVE
9071386,K00023.01,FALSE POSITIVE
2438513,K01944.02,FALSE POSITIVE
9536692,K01948.01,FALSE POSITIVE
9838975,K00218.01,FALSE POSITIVE
10666242,K00198.01,FALSE POSITIVE
6142862,K02336.01,FALSE POSITIVE
10232693,K02341.01,FALSE POSITIVE
4043443,K00231.01,FALSE POSITIVE
3337432,K02265.01,FALSE POSITIVE
11774303,K02269.01,FALSE POSITIVE
7515670,K02360.01,FALSE POSITIVE
5547480,K00224.01,FALSE POSITIVE
7019489,K02128.01,FALSE POSITIVE
2141783,K02201.01,FALSE POSITIVE
10206675,K02283.01,FALSE POSITIVE
3832716,K00027.01,FALSE POSITIVE
8453211,K00236.01,FALSE POSITIVE
5801571,K00225.01,FALSE POSITIVE
5288570,K02136.01,FALSE POSITIVE
7050060,K02215.01,FALSE POSITIVE
10593759,K00025.01,FALSE POSITIVE
6666233,K02306.01,FALSE POSITIVE
7661065,K02307.01,FALSE POSITIVE
7989422,K02151.01,FALSE POSITIVE
10801100,K02228.01,FALSE POSITIVE
8914779,K02230.01,FALSE POSITIVE
8963721,K02233.01,FALSE POSITIVE
8804455,K02159.02,FALSE POSITIVE
5023956,K00233.01,FALSE POSITIVE
5021737,K00026.01,FALSE POSITIVE
3862246,K00230.01,FALSE POSITIVE
10925113,K02557.01,FALSE POSITIVE
11769801,K02633.01,FALSE POSITIVE
8676038,K02410.01,FALSE POSITIVE
8676038,K02410.02,FALSE POSITIVE
10419312,K02412.01,FALSE POSITIVE
6956014,K00031.01,FALSE POSITIVE
5307858,K02558.01,FALSE POSITIVE
10415227,K02562.01,FALSE POSITIVE
12216278,K02565.01,FALSE POSITIVE
9159242,K02566.01,FALSE POSITIVE
12061096,K02642.01,FALSE POSITIVE
9993529,K02644.01,FALSE POSITIVE
11303815,K02645.01,FALSE POSITIVE
6044553,K02646.01,FALSE POSITIVE
5212220,K02495.01,FALSE POSITIVE
9964748,K02496.01,FALSE POSITIVE
9842937,K02567.01,FALSE POSITIVE
2573056,K02648.01,FALSE POSITIVE
11922678,K02425.01,FALSE POSITIVE
5544903,K02499.01,FALSE POSITIVE
5542983,K02501.01,FALSE POSITIVE
8256453,K02573.01,FALSE POSITIVE
9474493,K02574.01,FALSE POSITIVE
4551663,K02576.01,FALSE POSITIVE
11752908,K02651.01,FALSE POSITIVE
10189557,K02427.01,FALSE POSITIVE
9965184,K02428.01,FALSE POSITIVE
9911882,K02429.01,FALSE POSITIVE
5471574,K02505.01,FALSE POSITIVE
11761199,K02669.01,FALSE POSITIVE
8074805,K02670.01,FALSE POSITIVE
2437505,K02671.02,FALSE POSITIVE
3533469,K02430.01,FALSE POSITIVE
8956706,K02431.01,FALSE POSITIVE
5392702,K02510.01,FALSE POSITIVE
8429566,K02511.01,FALSE POSITIVE
8803882,K02659.01,FALSE POSITIVE
6864885,K02434.01,FALSE POSITIVE
5097868,K02435.01,FALSE POSITIVE
4391348,K02514.01,FALSE POSITIVE
12016267,K02590.01,FALSE POSITIVE
5725087,K00033.01,FALSE POSITIVE
11548140,K00256.01,FALSE POSITIVE
12110786,K02665.01,FALSE POSITIVE
3654095,K02667.01,FALSE POSITIVE
5078939,K02438.01,FALSE POSITIVE
4459924,K02441.01,FALSE POSITIVE
5529738,K02518.01,FALSE POSITIVE
3644653,K02596.01,FALSE POSITIVE
10747445,K02673.01,FALSE POSITIVE
3946023,K02447.01,FALSE POSITIVE
9777251,K02600.01,FALSE POSITIVE
6864893,K02375.01,FALSE POSITIVE
6500206,K02451.01,FALSE POSITIVE
5545815,K02452.01,FALSE POSITIVE
3116302,K02526.01,FALSE POSITIVE
7531677,K02601.01,FALSE POSITIVE
9718379,K02379.01,FALSE POSITIVE
4055774,K02381.01,FALSE POSITIVE
6670075,K02382.01,FALSE POSITIVE
11401822,K02454.01,FALSE POSITIVE
6507427,K02455.01,FALSE POSITIVE
5521300,K02456.01,FALSE POSITIVE
10407221,K02605.01,FALSE POSITIVE
5991936,K02606.01,FALSE POSITIVE
6705137,K02609.01,FALSE POSITIVE
8345172,K02385.01,FALSE POSITIVE
4247791,K00028.01,FALSE POSITIVE
10861715,K02537.01,FALSE POSITIVE
8885673,K02611.01,FALSE POSITIVE
5956787,K02616.01,FALSE POSITIVE
3642741,K00242.01,FALSE POSITIVE
12071037,K02388.01,FALSE POSITIVE
9887224,K02464.01,FALSE POSITIVE
7542369,K02465.01,FALSE POSITIVE
7289162,K02539.01,FALSE POSITIVE
3001885,K02540.01,FALSE POSITIVE
6351097,K02618.01,FALSE POSITIVE
9996632,K02621.01,FALSE POSITIVE
4829935,K02395.01,FALSE POSITIVE
6199056,K02398.01,FALSE POSITIVE
9108085,K02470.01,FALSE POSITIVE
5039129,K02546.01,FALSE POSITIVE
10527135,K02622.01,FALSE POSITIVE
9592579,K00243.01,FALSE POSITIVE
8746295,K02475.01,FALSE POSITIVE
10090257,K02476.01,FALSE POSITIVE
10679583,K02549.01,FALSE POSITIVE
10031656,K02629.01,FALSE POSITIVE
10202759,K02405.01,FALSE POSITIVE
5385439,K02478.01,FALSE POSITIVE
4476423,K02481.01,FALSE POSITIVE
3228945,K02917.01,FALSE POSITIVE
7008149,K02918.01,FALSE POSITIVE
6307063,K02702.01,FALSE POSITIVE
3834322,K02763.01,FALSE POSITIVE
11188249,K02765.01,FALSE POSITIVE
4677282,K02766.01,FALSE POSITIVE
5097470,K02767.01,FALSE POSITIVE
4858610,K02844.01,FALSE POSITIVE
4832175,K02846.01,FALSE POSITIVE
4381282,K02922.01,FALSE POSITIVE
9692128,K02769.01,FALSE POSITIVE
8167959,K00267.01,FALSE POSITIVE
4075015,K02850.01,FALSE POSITIVE
3230753,K02928.01,FALSE POSITIVE
8358012,K02929.01,FALSE POSITIVE
4664046,K02930.01,FALSE POSITIVE
4180401,K02709.01,FALSE POSITIVE
6350476,K02710.01,FALSE POSITIVE
11456382,K02771.01,FALSE POSITIVE
3130548,K02773.01,FALSE POSITIVE
9593757,K02774.01,FALSE POSITIVE
4275117,K02776.01,FALSE POSITIVE
6545051,K02777.01,FALSE POSITIVE
5513866,K02854.01,FALSE POSITIVE
3861611,K02932.01,FALSE POSITIVE
5443604,K02713.01,FALSE POSITIVE
8190354,K02781.01,FALSE POSITIVE
7815931,K02861.01,FALSE POSITIVE
8243283,K02952.01,FALSE POSITIVE
4365442,K02787.01,FALSE POSITIVE
3241557,K02863.01,FALSE POSITIVE
3957082,K02864.01,FALSE POSITIVE
5308666,K02718.01,FALSE POSITIVE
5428668,K02794.01,FALSE POSITIVE
5041569,K02795.01,FALSE POSITIVE
9899181,K02867.01,FALSE POSITIVE
9899181,K02867.02,FALSE POSITIVE
4861791,K02870.01,FALSE POSITIVE
6781548,K02944.01,FALSE POSITIVE
5649833,K02799.01,FALSE POSITIVE
10518399,K02800.01,FALSE POSITIVE
7136729,K02872.01,FALSE POSITIVE
6364276,K02873.01,FALSE POSITIVE
5108946,K02955.01,FALSE POSITIVE
10876237,K02960.01,FALSE POSITIVE
5308387,K02724.01,FALSE POSITIVE
6233573,K02725.01,FALSE POSITIVE
10363281,K02726.01,FALSE POSITIVE
4861527,K02727.01,FALSE POSITIVE
5307568,K02804.01,FALSE POSITIVE
8429415,K02965.01,FALSE POSITIVE
5014903,K02966.01,FALSE POSITIVE
8560804,K02969.01,FALSE POSITIVE
4072333,K02731.01,FALSE POSITIVE
3730335,K02808.01,FALSE POSITIVE
7428316,K02809.01,FALSE POSITIVE
10275766,K02810.01,FALSE POSITIVE
10275766,K02810.02,FALSE POSITIVE
6370120,K02811.01,FALSE POSITIVE
5642620,K02882.02,FALSE POSITIVE
9652649,K02884.01,FALSE POSITIVE
11100670,K02885.01,FALSE POSITIVE
5649325,K02676.01,FALSE POSITIVE
9665922,K02815.01,FALSE POSITIVE
3859363,K02887.01,FALSE POSITIVE
12023078,K02888.01,FALSE POSITIVE
6364162,K02889.01,FALSE POSITIVE
11231334,K00258.01,FALSE POSITIVE
2436378,K02682.01,FALSE POSITIVE
6614629,K02737.01,FALSE POSITIVE
6630943,K02738.01,FALSE POSITIVE
3336765,K02740.01,FALSE POSITIVE
4270565,K02819.01,FALSE POSITIVE
10068024,K02891.01,FALSE POSITIVE
9636563,K02892.01,FALSE POSITIVE
5475641,K02895.01,FALSE POSITIVE
2853828,K02896.01,FALSE POSITIVE
4035667,K02684.01,FALSE POSITIVE
9612825,K02685.01,FALSE POSITIVE
5513893,K02741.01,FALSE POSITIVE
10514430,K00263.01,FALSE POSITIVE
10341917,K02823.01,FALSE POSITIVE
3241604,K02824.01,FALSE POSITIVE
9591070,K02825.01,FALSE POSITIVE
8227661,K02826.01,FALSE POSITIVE
5817986,K02897.01,FALSE POSITIVE
5790807,K00259.01,FALSE POSITIVE
5302643,K02746.01,FALSE POSITIVE
8687088,K02749.01,FALSE POSITIVE
9692557,K02831.01,FALSE POSITIVE
9366886,K02901.01,FALSE POSITIVE
3657176,K02903.01,FALSE POSITIVE
9369366,K02905.01,FALSE POSITIVE
2989706,K02692.01,FALSE POSITIVE
3097346,K00264.01,FALSE POSITIVE
5717567,K02752.01,FALSE POSITIVE
2708885,K02907.01,FALSE POSITIVE
6612284,K02908.01,FALSE POSITIVE
5471202,K02911.01,FALSE POSITIVE
9640439,K02912.01,FALSE POSITIVE
6627507,K02697.01,FALSE POSITIVE
5481148,K02701.01,FALSE POSITIVE
7903086,K02761.01,FALSE POSITIVE
12106929,K00359.01,FALSE POSITIVE
12107021,K00360.01,FALSE POSITIVE
8248939,K00061.01,FALSE POSITIVE
1571511,K00362.01,FALSE POSITIVE
2438070,K00363.01,FALSE POSITIVE
3747262,K03005.01,FALSE POSITIVE
3328052,K03011.01,FALSE POSITIVE
9119568,K03087.01,FALSE POSITIVE
9119568,K03087.02,FALSE POSITIVE
6603043,K00368.01,FALSE POSITIVE
7109851,K03012.01,FALSE POSITIVE
8046689,K03092.01,FALSE POSITIVE
7024222,K00309.01,FALSE POSITIVE
7024511,K00311.01,FALSE POSITIVE
5652983,K00371.01,FALSE POSITIVE
7906671,K03018.01,FALSE POSITIVE
3348285,K03021.01,FALSE POSITIVE
9959589,K03098.01,FALSE POSITIVE
9025922,K00043.01,FALSE POSITIVE
12643589,K00376.01,FALSE POSITIVE
12643589,K00376.02,FALSE POSITIVE
7732285,K03023.01,FALSE POSITIVE
5124254,K03099.01,FALSE POSITIVE
10031500,K03107.01,FALSE POSITIVE
2449074,K00378.01,FALSE POSITIVE
2446113,K00379.01,FALSE POSITIVE
9838804,K03028.01,FALSE POSITIVE
5524881,K03030.01,FALSE POSITIVE
8700558,K00320.01,FALSE POSITIVE
3847708,K00389.01,FALSE POSITIVE
3849155,K00390.01,FALSE POSITIVE
3858804,K00391.01,FALSE POSITIVE
7186665,K03033.01,FALSE POSITIVE
6388770,K03035.01,FALSE POSITIVE
7837302,K00048.01,FALSE POSITIVE
8948424,K00322.01,FALSE POSITIVE
9641041,K00324.01,FALSE POSITIVE
9724984,K00325.01,FALSE POSITIVE
2452450,K00380.01,FALSE POSITIVE
3230578,K00381.01,FALSE POSITIVE
3231137,K00382.01,FALSE POSITIVE
5217891,K03036.01,FALSE POSITIVE
8258171,K00286.01,FALSE POSITIVE
9880467,K00326.01,FALSE POSITIVE
9880467,K00326.02,FALSE POSITIVE
9895004,K00328.01,FALSE POSITIVE
10620329,K00066.01,FALSE POSITIVE
4076976,K03124.01,FALSE POSITIVE
7097534,K03126.01,FALSE POSITIVE
10031885,K00329.01,FALSE POSITIVE
4159347,K00394.01,FALSE POSITIVE
4165960,K00395.01,FALSE POSITIVE
4376644,K00397.01,FALSE POSITIVE
9301506,K03047.01,FALSE POSITIVE
6964159,K03129.01,FALSE POSITIVE
10383687,K00334.01,FALSE POSITIVE
10470206,K00335.01,FALSE POSITIVE
10518725,K00336.01,FALSE POSITIVE
5091016,K02973.01,FALSE POSITIVE
7281454,K03055.01,FALSE POSITIVE
8703887,K00287.01,FALSE POSITIVE
9899352,K03135.01,FALSE POSITIVE
6056992,K00051.01,FALSE POSITIVE
6948480,K02975.01,FALSE POSITIVE
10686814,K02978.01,FALSE POSITIVE
8192911,K03058.01,FALSE POSITIVE
10554967,K03059.01,FALSE POSITIVE
10616571,K00340.01,FALSE POSITIVE
2720514,K02979.01,FALSE POSITIVE
9899505,K03064.01,FALSE POSITIVE
10611420,K03148.01,FALSE POSITIVE
3558981,K00052.01,FALSE POSITIVE
8847111,K02985.01,FALSE POSITIVE
4568298,K02986.01,FALSE POSITIVE
4374339,K02987.01,FALSE POSITIVE
4847782,K03067.01,FALSE POSITIVE
10350571,K01175.03,FALSE POSITIVE
10488450,K00290.01,FALSE POSITIVE
8845026,K00044.01,FALSE POSITIVE
11189127,K00347.01,FALSE POSITIVE
4848424,K02991.01,FALSE POSITIVE
6072593,K03070.01,FALSE POSITIVE
8197560,K03074.01,FALSE POSITIVE
11200415,K00293.01,FALSE POSITIVE
2445975,K00053.01,FALSE POSITIVE
6531496,K03646.02,FALSE POSITIVE
9777256,K02997.01,FALSE POSITIVE
7433585,K02999.01,FALSE POSITIVE
6665223,K01232.02,FALSE POSITIVE
3654719,K03081.01,FALSE POSITIVE
10619142,K03082.01,FALSE POSITIVE
3742855,K00045.01,FALSE POSITIVE
3438975,K00300.01,FALSE POSITIVE
12017140,K00358.01,FALSE POSITIVE
5702939,K03000.01,FALSE POSITIVE
11255231,K03003.01,FALSE POSITIVE
3324986,K03084.01,FALSE POSITIVE
11912932,K03085.01,FALSE POSITIVE
10098844,K02964.02,FALSE POSITIVE
9210823,K00090.01,FALSE POSITIVE
8474898,K00576.01,FALSE POSITIVE
7429287,K04260.03,FALSE POSITIVE
9597411,K00424.01,FALSE POSITIVE
8609450,K01278.05,FALSE POSITIVE
9636569,K00527.01,FALSE POSITIVE
9967884,K00425.01,FALSE POSITIVE
10748393,K01289.02,FALSE POSITIVE
8823868,K00081.01,FALSE POSITIVE
11255761,K00482.01,FALSE POSITIVE
7021681,K00255.03,FALSE POSITIVE
10068030,K00529.01,FALSE POSITIVE
12316431,K00485.01,FALSE POSITIVE
10212441,K02342.02,FALSE POSITIVE
11599038,K01437.02,FALSE POSITIVE
11656302,K00434.01,FALSE POSITIVE
2576197,K00489.01,FALSE POSITIVE
2576197,K00489.02,FALSE POSITIVE
10387742,K02583.02,FALSE POSITIVE
10467815,K03191.02,FALSE POSITIVE
11246364,K00539.01,FALSE POSITIVE
11599038,K01437.03,FALSE POSITIVE
3541800,K00491.01,FALSE POSITIVE
3834360,K00493.01,FALSE POSITIVE
11521048,K00540.01,FALSE POSITIVE
3340312,K00441.01,FALSE POSITIVE
4049108,K00495.01,FALSE POSITIVE
11913012,K00544.01,FALSE POSITIVE
11972666,K00545.01,FALSE POSITIVE
9886221,K00591.01,FALSE POSITIVE
4833135,K00498.01,FALSE POSITIVE
3437776,K00549.01,FALSE POSITIVE
10294465,K00595.01,FALSE POSITIVE
4384675,K00445.01,FALSE POSITIVE
5021176,K00447.01,FALSE POSITIVE
5282051,K00502.01,FALSE POSITIVE
3437776,K00549.02,FALSE POSITIVE
5122112,K00552.01,FALSE POSITIVE
5779852,K00449.01,FALSE POSITIVE
6042214,K00450.01,FALSE POSITIVE
6200715,K00451.01,FALSE POSITIVE
6889235,K00074.01,FALSE POSITIVE
6758917,K00453.01,FALSE POSITIVE
5303551,K00553.01,FALSE POSITIVE
7692093,K03337.02,FALSE POSITIVE
7700871,K00088.01,FALSE POSITIVE
2716853,K01022.02,FALSE POSITIVE
7289157,K00399.01,FALSE POSITIVE
2695110,K00400.01,FALSE POSITIVE
7101828,K00455.01,FALSE POSITIVE
5780715,K00506.01,FALSE POSITIVE
5738496,K00556.01,FALSE POSITIVE
6422367,K00559.01,FALSE POSITIVE
8554498,K00005.02,FALSE POSITIVE
3342592,K00402.01,FALSE POSITIVE
8219268,K02133.02,FALSE POSITIVE
4367854,K02876.02,FALSE POSITIVE
9785921,K03372.02,FALSE POSITIVE
4247092,K00403.01,FALSE POSITIVE
4949751,K00404.01,FALSE POSITIVE
5003117,K00405.01,FALSE POSITIVE
5035972,K00406.01,FALSE POSITIVE
5218441,K00407.01,FALSE POSITIVE
8621348,K00461.01,FALSE POSITIVE
8773869,K00462.01,FALSE POSITIVE
7025846,K00565.01,FALSE POSITIVE
8397947,K04772.03,FALSE POSITIVE
10187017,K00082.06,FALSE POSITIVE
8891318,K00465.01,FALSE POSITIVE
8019043,K06048.02,FALSE POSITIVE
11775507,K06245.03,FALSE POSITIVE
7602070,K00514.01,FALSE POSITIVE
7812179,K00515.01,FALSE POSITIVE
1868404,K07625.01,FALSE POSITIVE
5449777,K00410.01,FALSE POSITIVE
5478055,K00411.01,FALSE POSITIVE
5653126,K06612.02,FALSE POSITIVE
7840044,K00516.01,FALSE POSITIVE
1995712,K07626.01,FALSE POSITIVE
8106610,K00570.01,FALSE POSITIVE
5872150,K00414.01,FALSE POSITIVE
5872150,K00414.02,FALSE POSITIVE
6436505,K06707.02,FALSE POSITIVE
2140389,K07627.01,FALSE POSITIVE
7975727,K00418.01,FALSE POSITIVE
8219673,K00419.01,FALSE POSITIVE
3248033,K00006.01,FALSE POSITIVE
6768616,K06765.02,FALSE POSITIVE
10068383,K00725.01,FALSE POSITIVE
10157573,K00726.01,FALSE POSITIVE
10191070,K00727.01,FALSE POSITIVE
10225800,K00729.01,FALSE POSITIVE
4659405,K00630.01,FALSE POSITIVE
7941635,K05449.02,FALSE POSITIVE
9024857,K07124.02,FALSE POSITIVE
10259031,K00731.01,FALSE POSITIVE
4861736,K00634.01,FALSE POSITIVE
5090690,K00636.01,FALSE POSITIVE
8409588,K00690.01,FALSE POSITIVE
2302758,K07629.01,FALSE POSITIVE
5098444,K00637.01,FALSE POSITIVE
5351250,K00408.05,FALSE POSITIVE
5181817,K00642.01,FALSE POSITIVE
5309353,K00643.01,FALSE POSITIVE
5356593,K00644.01,FALSE POSITIVE
8869680,K00696.01,FALSE POSITIVE
8891278,K00698.01,FALSE POSITIVE
10345478,K00737.01,FALSE POSITIVE
5384802,K00646.01,FALSE POSITIVE
8908102,K00699.01,FALSE POSITIVE
10418797,K00741.01,FALSE POSITIVE
5796186,K00651.01,FALSE POSITIVE
12306808,K07521.02,FALSE POSITIVE
9053112,K00702.01,FALSE POSITIVE
9162741,K00703.01,FALSE POSITIVE
5893123,K00653.01,FALSE POSITIVE
3749508,K07544.02,FALSE POSITIVE
9300285,K00705.01,FALSE POSITIVE
9426071,K00706.01,FALSE POSITIVE
10729472,K04453.02,FALSE POSITIVE
5966660,K00656.01,FALSE POSITIVE
4752451,K00109.01,FALSE POSITIVE
2441151,K00603.01,FALSE POSITIVE
3970233,K00604.01,FALSE POSITIVE
5014753,K00606.01,FALSE POSITIVE
1293046,K07622.01,FALSE POSITIVE
9640976,K00712.01,FALSE POSITIVE
9640985,K00713.01,FALSE POSITIVE
5562784,K00608.01,FALSE POSITIVE
5608566,K00609.01,FALSE POSITIVE
5903312,K00008.01,FALSE POSITIVE
1434395,K07623.01,FALSE POSITIVE
9834719,K00715.01,FALSE POSITIVE
6960456,K00613.01,FALSE POSITIVE
8374580,K00615.01,FALSE POSITIVE
6752502,K00667.01,FALSE POSITIVE
6805146,K00668.01,FALSE POSITIVE
6960445,K00669.01,FALSE POSITIVE
9714696,K00616.01,FALSE POSITIVE
9846086,K00617.01,FALSE POSITIVE
10384962,K00619.01,FALSE POSITIVE
2711131,K07637.01,FALSE POSITIVE
2308411,K07631.01,FALSE POSITIVE
7115785,K00672.03,FALSE POSITIVE
2446134,K07632.01,FALSE POSITIVE
7385509,K00675.01,FALSE POSITIVE
7466863,K00677.01,FALSE POSITIVE
10005020,K00724.01,FALSE POSITIVE
4449034,K00625.01,FALSE POSITIVE
2854839,K07639.01,FALSE POSITIVE
11553706,K00009.01,FALSE POSITIVE
2449053,K07633.01,FALSE POSITIVE
10489525,K00106.01,FALSE POSITIVE
7598128,K00681.01,FALSE POSITIVE
11858979,K04062.01,FALSE POSITIVE
5900390,K04063.01,FALSE POSITIVE
5444334,K04064.01,FALSE POSITIVE
10139620,K04065.01,FALSE POSITIVE
5386264,K04135.01,FALSE POSITIVE
3218844,K07646.01,FALSE POSITIVE
3542222,K04137.01,FALSE POSITIVE
10186945,K04070.01,FALSE POSITIVE
4636565,K04138.01,FALSE POSITIVE
3241647,K07650.01,FALSE POSITIVE
7761585,K04140.01,FALSE POSITIVE
3241248,K04141.01,FALSE POSITIVE
9716302,K04142.01,FALSE POSITIVE
2708286,K04071.01,FALSE POSITIVE
10419797,K04073.01,FALSE POSITIVE
6515335,K04074.01,FALSE POSITIVE
7777471,K04075.01,FALSE POSITIVE
10294509,K04143.01,FALSE POSITIVE
3003019,K07642.01,FALSE POSITIVE
7690855,K04077.01,FALSE POSITIVE
5649837,K04078.01,FALSE POSITIVE
10141938,K04079.01,FALSE POSITIVE
8029197,K04147.01,FALSE POSITIVE
12257886,K04148.01,FALSE POSITIVE
5036480,K04080.01,FALSE POSITIVE
10275077,K04081.01,FALSE POSITIVE
6592832,K04082.01,FALSE POSITIVE
8524346,K04083.01,FALSE POSITIVE
5551228,K04154.02,FALSE POSITIVE
5471271,K04155.01,FALSE POSITIVE
3248696,K07651.01,FALSE POSITIVE
5306383,K04158.01,FALSE POSITIVE
5446285,K00142.02,FALSE POSITIVE
5041847,K04085.01,FALSE POSITIVE
3836558,K04086.01,FALSE POSITIVE
4946584,K04088.01,FALSE POSITIVE
6463499,K04163.01,FALSE POSITIVE
8254882,K04164.01,FALSE POSITIVE
6042031,K04165.01,FALSE POSITIVE
5475735,K04167.01,FALSE POSITIVE
10075409,K04019.01,FALSE POSITIVE
7038096,K04020.01,FALSE POSITIVE
3345973,K07652.01,FALSE POSITIVE
11972872,K04089.01,FALSE POSITIVE
9899233,K04090.01,FALSE POSITIVE
3102309,K07643.01,FALSE POSITIVE
8521059,K04093.01,FALSE POSITIVE
5217574,K04151.01,FALSE POSITIVE
3230095,K07647.01,FALSE POSITIVE
5551228,K04154.01,FALSE POSITIVE
6862332,K04023.01,FALSE POSITIVE
10992011,K04025.01,FALSE POSITIVE
8128247,K04094.01,FALSE POSITIVE
6276994,K04095.01,FALSE POSITIVE
9674564,K04096.01,FALSE POSITIVE
5565707,K04161.01,FALSE POSITIVE
1293031,K04162.01,FALSE POSITIVE
2859299,K07640.01,FALSE POSITIVE
4067110,K04026.01,FALSE POSITIVE
8694309,K04027.01,FALSE POSITIVE
7818447,K04028.01,FALSE POSITIVE
11569475,K04029.01,FALSE POSITIVE
5700900,K04100.01,FALSE POSITIVE
7026477,K04101.01,FALSE POSITIVE
9402583,K04168.01,FALSE POSITIVE
8700537,K04170.01,FALSE POSITIVE
10858785,K04171.01,FALSE POSITIVE
9640907,K04172.01,FALSE POSITIVE
7515670,K02360.02,FALSE POSITIVE
9551430,K04030.01,FALSE POSITIVE
3228986,K04031.01,FALSE POSITIVE
4138557,K04033.01,FALSE POSITIVE
2708278,K04102.01,FALSE POSITIVE
8483366,K04104.01,FALSE POSITIVE
3247404,K04035.01,FALSE POSITIVE
7773179,K04038.01,FALSE POSITIVE
11017094,K04106.01,FALSE POSITIVE
5956633,K04107.01,FALSE POSITIVE
9899065,K04108.01,FALSE POSITIVE
5471792,K04110.01,FALSE POSITIVE
11145831,K04039.01,FALSE POSITIVE
11444952,K04040.01,FALSE POSITIVE
8647295,K04041.01,FALSE POSITIVE
3444098,K04042.01,FALSE POSITIVE
5112567,K04043.01,FALSE POSITIVE
2708343,K04111.01,FALSE POSITIVE
3235282,K07649.01,FALSE POSITIVE
3348090,K04112.01,FALSE POSITIVE
9282762,K04113.01,FALSE POSITIVE
3117046,K04114.01,FALSE POSITIVE
6311520,K04115.01,FALSE POSITIVE
5201115,K04044.01,FALSE POSITIVE
2708203,K04045.01,FALSE POSITIVE
4150496,K04046.01,FALSE POSITIVE
9655005,K04047.01,FALSE POSITIVE
3851194,K07671.01,FALSE POSITIVE
5092655,K04116.01,FALSE POSITIVE
10661778,K04118.01,FALSE POSITIVE
5513857,K04119.01,FALSE POSITIVE
10272389,K04048.01,FALSE POSITIVE
4679687,K04049.01,FALSE POSITIVE
7968683,K04050.01,FALSE POSITIVE
9091755,K04052.01,FALSE POSITIVE
3852476,K07672.01,FALSE POSITIVE
9851970,K04122.01,FALSE POSITIVE
5726910,K04124.01,FALSE POSITIVE
3228825,K04055.01,FALSE POSITIVE
9099950,K04125.01,FALSE POSITIVE
4669402,K04128.01,FALSE POSITIVE
3757407,K04057.01,FALSE POSITIVE
4769931,K04058.01,FALSE POSITIVE
9220612,K04059.01,FALSE POSITIVE
6806695,K04061.01,FALSE POSITIVE
3858943,K07674.01,FALSE POSITIVE
10858803,K04130.01,FALSE POSITIVE
6129694,K04131.01,FALSE POSITIVE
5957181,K04132.01,FALSE POSITIVE
7601918,K04133.01,FALSE POSITIVE
6119877,K04134.01,FALSE POSITIVE
7211879,K04342.01,FALSE POSITIVE
4863956,K04344.01,FALSE POSITIVE
7847104,K04412.01,FALSE POSITIVE
3347807,K07653.01,FALSE POSITIVE
8487805,K04206.01,FALSE POSITIVE
3336845,K04275.01,FALSE POSITIVE
3645282,K07661.01,FALSE POSITIVE
6525280,K04277.01,FALSE POSITIVE
4861784,K04278.01,FALSE POSITIVE
5876360,K04279.01,FALSE POSITIVE
3732972,K07664.01,FALSE POSITIVE
8743082,K04348.01,FALSE POSITIVE
9142742,K04349.01,FALSE POSITIVE
6891513,K04413.01,FALSE POSITIVE
4579598,K04414.01,FALSE POSITIVE
7777522,K04415.01,FALSE POSITIVE
9305012,K04416.01,FALSE POSITIVE
9597729,K04417.01,FALSE POSITIVE
11390109,K04210.01,FALSE POSITIVE
5078025,K04211.01,FALSE POSITIVE
5026326,K04280.01,FALSE POSITIVE
5471574,K02505.02,FALSE POSITIVE
5512580,K04281.01,FALSE POSITIVE
11670599,K04282.01,FALSE POSITIVE
6359820,K04283.01,FALSE POSITIVE
11872139,K04350.01,FALSE POSITIVE
2708221,K04352.01,FALSE POSITIVE
5040223,K04354.01,FALSE POSITIVE
4571004,K04355.01,FALSE POSITIVE
7031942,K04420.01,FALSE POSITIVE
5632701,K04213.01,FALSE POSITIVE
10549924,K04214.01,FALSE POSITIVE
6187341,K04216.01,FALSE POSITIVE
3353454,K07654.01,FALSE POSITIVE
10156055,K04284.01,FALSE POSITIVE
8418018,K04285.01,FALSE POSITIVE
5024177,K04286.01,FALSE POSITIVE
4571004,K04355.02,FALSE POSITIVE
4571004,K04355.03,FALSE POSITIVE
4571004,K04355.04,FALSE POSITIVE
4571004,K04355.05,FALSE POSITIVE
10155321,K04422.01,FALSE POSITIVE
3866536,K04423.01,FALSE POSITIVE
4679314,K04425.01,FALSE POSITIVE
5702637,K04217.01,FALSE POSITIVE
8309169,K04218.01,FALSE POSITIVE
4678919,K04219.01,FALSE POSITIVE
5563080,K04220.01,FALSE POSITIVE
6364067,K04221.01,FALSE POSITIVE
5983532,K04289.01,FALSE POSITIVE
3439126,K07655.01,FALSE POSITIVE
8483021,K04291.01,FALSE POSITIVE
1575873,K04359.01,FALSE POSITIVE
11449918,K04362.01,FALSE POSITIVE
3750350,K07665.01,FALSE POSITIVE
4584865,K04429.01,FALSE POSITIVE
11968463,K02433.05,FALSE POSITIVE
11188254,K04223.01,FALSE POSITIVE
1724513,K04224.01,FALSE POSITIVE
9535876,K04225.01,FALSE POSITIVE
5817533,K04293.01,FALSE POSITIVE
7681230,K04294.01,FALSE POSITIVE
3448456,K07656.01,FALSE POSITIVE
12107008,K04297.01,FALSE POSITIVE
4754831,K04365.01,FALSE POSITIVE
4754831,K04365.02,FALSE POSITIVE
9899630,K04439.01,FALSE POSITIVE
4367528,K04440.01,FALSE POSITIVE
3751231,K07666.01,FALSE POSITIVE
7816665,K04227.01,FALSE POSITIVE
9535881,K04228.01,FALSE POSITIVE
11616596,K04229.01,FALSE POSITIVE
8508126,K04299.01,FALSE POSITIVE
4754831,K04365.03,FALSE POSITIVE
3531231,K07657.01,FALSE POSITIVE
5471489,K04368.01,FALSE POSITIVE
5471489,K04368.02,FALSE POSITIVE
9011874,K04369.01,FALSE POSITIVE
9936080,K04431.02,FALSE POSITIVE
8611344,K04432.01,FALSE POSITIVE
9518651,K04433.01,FALSE POSITIVE
2305311,K04434.01,FALSE POSITIVE
6383595,K04231.01,FALSE POSITIVE
6599949,K04233.01,FALSE POSITIVE
5536715,K04305.01,FALSE POSITIVE
8149484,K04306.01,FALSE POSITIVE
12407623,K04370.01,FALSE POSITIVE
6778008,K04373.01,FALSE POSITIVE
8308260,K04436.01,FALSE POSITIVE
8492101,K04437.01,FALSE POSITIVE
6343576,K04438.01,FALSE POSITIVE
2449101,K04236.01,FALSE POSITIVE
7259249,K04237.01,FALSE POSITIVE
8678691,K04238.01,FALSE POSITIVE
9640924,K04239.01,FALSE POSITIVE
11151677,K04308.01,FALSE POSITIVE
11037128,K04309.01,FALSE POSITIVE
11969092,K04375.01,FALSE POSITIVE
2570773,K04376.01,FALSE POSITIVE
6356885,K04378.01,FALSE POSITIVE
3542542,K07658.01,FALSE POSITIVE
11124703,K04445.01,FALSE POSITIVE
9593773,K04240.01,FALSE POSITIVE
9777757,K04243.01,FALSE POSITIVE
8645191,K04311.01,FALSE POSITIVE
9717958,K04313.01,FALSE POSITIVE
8128067,K04314.01,FALSE POSITIVE
7703910,K04379.01,FALSE POSITIVE
7777818,K04380.01,FALSE POSITIVE
9851360,K04381.01,FALSE POSITIVE
9490653,K04173.01,FALSE POSITIVE
3328027,K04174.01,FALSE POSITIVE
3644631,K07659.01,FALSE POSITIVE
9640931,K04175.01,FALSE POSITIVE
5125196,K04176.01,FALSE POSITIVE
9640962,K04177.01,FALSE POSITIVE
5097454,K04244.01,FALSE POSITIVE
3663141,K07663.01,FALSE POSITIVE
4568117,K04248.01,FALSE POSITIVE
10342248,K04315.01,FALSE POSITIVE
9777290,K04316.01,FALSE POSITIVE
8548427,K04317.01,FALSE POSITIVE
6289344,K04319.01,FALSE POSITIVE
10936786,K04179.01,FALSE POSITIVE
6938264,K04180.01,FALSE POSITIVE
9899315,K04181.01,FALSE POSITIVE
9541089,K04182.01,FALSE POSITIVE
3650049,K04249.01,FALSE POSITIVE
9641076,K04250.01,FALSE POSITIVE
12418891,K04321.01,FALSE POSITIVE
3839294,K07669.01,FALSE POSITIVE
7698701,K04322.01,FALSE POSITIVE
7698701,K04322.02,FALSE POSITIVE
2830919,K04387.01,FALSE POSITIVE
9588822,K04388.01,FALSE POSITIVE
10858737,K04183.01,FALSE POSITIVE
3644738,K07660.01,FALSE POSITIVE
9406892,K04186.01,FALSE POSITIVE
8487645,K04254.01,FALSE POSITIVE
5817613,K04256.01,FALSE POSITIVE
9910942,K04324.01,FALSE POSITIVE
10924340,K04326.01,FALSE POSITIVE
6629993,K04392.01,FALSE POSITIVE
10427700,K04394.01,FALSE POSITIVE
11296045,K04396.01,FALSE POSITIVE
3124598,K04187.01,FALSE POSITIVE
3548639,K04191.01,FALSE POSITIVE
4390912,K07695.01,FALSE POSITIVE
7115925,K04258.01,FALSE POSITIVE
7429287,K04260.01,FALSE POSITIVE
3545583,K04328.01,FALSE POSITIVE
8374741,K04330.01,FALSE POSITIVE
11296045,K04396.02,FALSE POSITIVE
11296045,K04396.03,FALSE POSITIVE
3247503,K04397.01,FALSE POSITIVE
4281068,K07689.01,FALSE POSITIVE
9092496,K04193.01,FALSE POSITIVE
9959545,K04195.01,FALSE POSITIVE
9641144,K04262.01,FALSE POSITIVE
8572168,K04263.01,FALSE POSITIVE
4472143,K07696.01,FALSE POSITIVE
7368137,K04265.01,FALSE POSITIVE
9027841,K04266.01,FALSE POSITIVE
8953414,K04332.01,FALSE POSITIVE
4458109,K04336.01,FALSE POSITIVE
11044826,K04401.01,FALSE POSITIVE
6681687,K04402.01,FALSE POSITIVE
8179190,K04196.01,FALSE POSITIVE
9777724,K04197.01,FALSE POSITIVE
10273903,K04200.01,FALSE POSITIVE
8483241,K04270.01,FALSE POSITIVE
9240664,K04338.01,FALSE POSITIVE
7281411,K04339.01,FALSE POSITIVE
6528141,K04340.01,FALSE POSITIVE
8106112,K04404.01,FALSE POSITIVE
5563937,K04406.01,FALSE POSITIVE
10736179,K04408.01,FALSE POSITIVE
6119921,K04201.01,FALSE POSITIVE
4141587,K07684.01,FALSE POSITIVE
3834317,K04203.01,FALSE POSITIVE
5992210,K04271.01,FALSE POSITIVE
4284980,K07690.01,FALSE POSITIVE
9302543,K04272.01,FALSE POSITIVE
6685646,K04618.01,FALSE POSITIVE
4574319,K07697.01,FALSE POSITIVE
7741837,K04619.01,FALSE POSITIVE
11137065,K04620.01,FALSE POSITIVE
11093335,K04621.01,FALSE POSITIVE
9394768,K04690.01,FALSE POSITIVE
10972902,K04692.01,FALSE POSITIVE
3832474,K00806.04,FALSE POSITIVE
12004971,K03194.01,FALSE POSITIVE
3644602,K04479.01,FALSE POSITIVE
11912941,K04481.01,FALSE POSITIVE
6525106,K04483.01,FALSE POSITIVE
4355503,K07691.01,FALSE POSITIVE
6119923,K04552.01,FALSE POSITIVE
6126076,K04553.01,FALSE POSITIVE
9209183,K04623.01,FALSE POSITIVE
5955621,K04624.01,FALSE POSITIVE
4852297,K04695.01,FALSE POSITIVE
9851845,K04696.01,FALSE POSITIVE
9474483,K04697.01,FALSE POSITIVE
8613218,K04485.01,FALSE POSITIVE
8548069,K04486.01,FALSE POSITIVE
3127911,K03164.01,FALSE POSITIVE
10399321,K04556.01,FALSE POSITIVE
7837733,K04628.01,FALSE POSITIVE
2578017,K04629.01,FALSE POSITIVE
8625732,K04701.01,FALSE POSITIVE
2831251,K04702.01,FALSE POSITIVE
6721380,K04488.01,FALSE POSITIVE
7694615,K04489.01,FALSE POSITIVE
6201203,K04490.01,FALSE POSITIVE
9222516,K04492.01,FALSE POSITIVE
7285673,K04559.01,FALSE POSITIVE
5282437,K04560.01,FALSE POSITIVE
8652360,K04562.01,FALSE POSITIVE
9602421,K04631.01,FALSE POSITIVE
4373195,K07692.01,FALSE POSITIVE
5090937,K03182.01,FALSE POSITIVE
6359175,K04703.01,FALSE POSITIVE
8104207,K04704.01,FALSE POSITIVE
3953173,K04493.01,FALSE POSITIVE
8037926,K04494.01,FALSE POSITIVE
6437617,K04564.01,FALSE POSITIVE
8453851,K04565.01,FALSE POSITIVE
9873759,K04635.01,FALSE POSITIVE
9516728,K04638.01,FALSE POSITIVE
4825872,K04639.01,FALSE POSITIVE
4680772,K04707.01,FALSE POSITIVE
8110733,K04708.01,FALSE POSITIVE
10407086,K04568.01,FALSE POSITIVE
4073089,K07682.01,FALSE POSITIVE
6065351,K04569.01,FALSE POSITIVE
4825872,K04639.02,FALSE POSITIVE
3644505,K04641.01,FALSE POSITIVE
4664743,K04642.01,FALSE POSITIVE
6593734,K04722.01,FALSE POSITIVE
9711297,K04723.01,FALSE POSITIVE
8395860,K04724.01,FALSE POSITIVE
5956354,K04726.01,FALSE POSITIVE
8109107,K04501.01,FALSE POSITIVE
6200529,K04502.01,FALSE POSITIVE
6929285,K04572.01,FALSE POSITIVE
4848321,K04573.01,FALSE POSITIVE
12255382,K03167.01,FALSE POSITIVE
6522745,K04574.01,FALSE POSITIVE
11076276,K04645.01,FALSE POSITIVE
12012439,K04646.01,FALSE POSITIVE
4374610,K04712.01,FALSE POSITIVE
7598111,K04507.01,FALSE POSITIVE
8240746,K04576.01,FALSE POSITIVE
9652655,K04578.01,FALSE POSITIVE
10140843,K04579.01,FALSE POSITIVE
10473272,K04648.01,FALSE POSITIVE
9824928,K04650.01,FALSE POSITIVE
5817685,K04652.01,FALSE POSITIVE
7282042,K04718.01,FALSE POSITIVE
7523542,K04719.01,FALSE POSITIVE
3109937,K04720.01,FALSE POSITIVE
9386171,K04721.01,FALSE POSITIVE
11553598,K04511.01,FALSE POSITIVE
12069414,K04512.01,FALSE POSITIVE
8443265,K04584.01,FALSE POSITIVE
3240406,K03185.01,FALSE POSITIVE
5090803,K04654.01,FALSE POSITIVE
8377197,K04727.01,FALSE POSITIVE
6137779,K04728.01,FALSE POSITIVE
11913072,K04729.01,FALSE POSITIVE
9083470,K04731.01,FALSE POSITIVE
5783732,K04514.01,FALSE POSITIVE
7900100,K04515.01,FALSE POSITIVE
9849884,K04516.01,FALSE POSITIVE
11243547,K04517.01,FALSE POSITIVE
10491525,K04589.01,FALSE POSITIVE
3859042,K07675.01,FALSE POSITIVE
4946049,K04658.01,FALSE POSITIVE
5559651,K04660.01,FALSE POSITIVE
5437348,K04448.01,FALSE POSITIVE
8429668,K04449.01,FALSE POSITIVE
7032001,K04518.01,FALSE POSITIVE
6199864,K04521.01,FALSE POSITIVE
9577855,K04522.01,FALSE POSITIVE
4386607,K07694.01,FALSE POSITIVE
12108364,K04592.01,FALSE POSITIVE
8295671,K04593.01,FALSE POSITIVE
10407210,K04662.01,FALSE POSITIVE
7457278,K03188.01,FALSE POSITIVE
8984755,K04664.01,FALSE POSITIVE
7366895,K04665.01,FALSE POSITIVE
10729472,K04453.01,FALSE POSITIVE
6200612,K04454.01,FALSE POSITIVE
9777200,K04455.01,FALSE POSITIVE
5200084,K03159.01,FALSE POSITIVE
4144873,K07686.01,FALSE POSITIVE
9171886,K04525.01,FALSE POSITIVE
3337061,K03172.02,FALSE POSITIVE
5696918,K04594.01,FALSE POSITIVE
8487838,K04596.01,FALSE POSITIVE
8937762,K04668.01,FALSE POSITIVE
2720828,K04669.01,FALSE POSITIVE
8652577,K04458.01,FALSE POSITIVE
8804937,K04459.01,FALSE POSITIVE
11912987,K04461.01,FALSE POSITIVE
4136659,K07683.01,FALSE POSITIVE
3438976,K04527.01,FALSE POSITIVE
6610064,K04529.01,FALSE POSITIVE
5476671,K04598.01,FALSE POSITIVE
7335972,K04599.01,FALSE POSITIVE
2694632,K04600.01,FALSE POSITIVE
5428471,K04671.01,FALSE POSITIVE
7283710,K04672.01,FALSE POSITIVE
10794509,K04673.01,FALSE POSITIVE
2576224,K04465.01,FALSE POSITIVE
3967501,K07677.01,FALSE POSITIVE
6437226,K04531.01,FALSE POSITIVE
2710623,K04532.01,FALSE POSITIVE
3330684,K04533.01,FALSE POSITIVE
2696703,K03161.01,FALSE POSITIVE
7699298,K04534.01,FALSE POSITIVE
7115661,K03174.01,FALSE POSITIVE
2853889,K04604.01,FALSE POSITIVE
4845862,K04606.01,FALSE POSITIVE
10130057,K04675.01,FALSE POSITIVE
9838608,K04677.01,FALSE POSITIVE
4247811,K04678.01,FALSE POSITIVE
6543645,K04679.01,FALSE POSITIVE
8738244,K03157.01,FALSE POSITIVE
4157052,K04468.01,FALSE POSITIVE
10006641,K04469.01,FALSE POSITIVE
10815916,K04470.01,FALSE POSITIVE
3547760,K04535.01,FALSE POSITIVE
7281484,K04536.01,FALSE POSITIVE
4848115,K04537.01,FALSE POSITIVE
5991765,K04538.01,FALSE POSITIVE
3962872,K04539.01,FALSE POSITIVE
11912911,K04607.01,FALSE POSITIVE
7045435,K04608.01,FALSE POSITIVE
2972800,K04609.01,FALSE POSITIVE
8573168,K04610.01,FALSE POSITIVE
10801249,K04611.01,FALSE POSITIVE
3857860,K04681.01,FALSE POSITIVE
5024252,K04682.01,FALSE POSITIVE
7430876,K03193.01,FALSE POSITIVE
4843592,K04683.01,FALSE POSITIVE
9602775,K04684.01,FALSE POSITIVE
8955709,K04471.01,FALSE POSITIVE
7031430,K04472.01,FALSE POSITIVE
11912916,K04475.01,FALSE POSITIVE
12108293,K04540.01,FALSE POSITIVE
5301093,K07724.01,FALSE POSITIVE
9640946,K04542.01,FALSE POSITIVE
9776186,K04543.01,FALSE POSITIVE
9752973,K03162.01,FALSE POSITIVE
8044600,K04612.01,FALSE POSITIVE
10991239,K03178.01,FALSE POSITIVE
9345819,K04615.01,FALSE POSITIVE
9180566,K04616.01,FALSE POSITIVE
11092040,K04687.01,FALSE POSITIVE
4851145,K04688.01,FALSE POSITIVE
10292540,K04689.01,FALSE POSITIVE
3732894,K04476.01,FALSE POSITIVE
10220950,K04544.01,FALSE POSITIVE
10342316,K04547.01,FALSE POSITIVE
5305399,K07725.01,FALSE POSITIVE
12021811,K04905.01,FALSE POSITIVE
3962684,K04908.01,FALSE POSITIVE
4730442,K07702.01,FALSE POSITIVE
9643043,K03297.01,FALSE POSITIVE
7177555,K03299.01,FALSE POSITIVE
5802292,K04767.01,FALSE POSITIVE
5126932,K07718.01,FALSE POSITIVE
10034146,K04835.01,FALSE POSITIVE
4175105,K04836.01,FALSE POSITIVE
2437897,K04909.01,FALSE POSITIVE
9307966,K04910.01,FALSE POSITIVE
5556726,K03223.01,FALSE POSITIVE
2554853,K04911.01,FALSE POSITIVE
7889486,K03300.01,FALSE POSITIVE
7889486,K03300.02,FALSE POSITIVE
8233802,K03302.01,FALSE POSITIVE
6116035,K04769.01,FALSE POSITIVE
8958359,K04770.01,FALSE POSITIVE
5480884,K04841.01,FALSE POSITIVE
12506417,K04842.01,FALSE POSITIVE
10187563,K04843.01,FALSE POSITIVE
5544450,K03226.01,FALSE POSITIVE
9307105,K03304.01,FALSE POSITIVE
9959494,K03205.01,FALSE POSITIVE
11456405,K04845.01,FALSE POSITIVE
4544684,K04847.01,FALSE POSITIVE
8975368,K03227.01,FALSE POSITIVE
9291039,K03230.01,FALSE POSITIVE
5168498,K07719.01,FALSE POSITIVE
10489539,K03231.01,FALSE POSITIVE
5651829,K04778.01,FALSE POSITIVE
9094763,K04779.01,FALSE POSITIVE
10338279,K03216.01,FALSE POSITIVE
4851239,K04851.01,FALSE POSITIVE
5009688,K07713.01,FALSE POSITIVE
9489953,K03238.01,FALSE POSITIVE
5305240,K03239.01,FALSE POSITIVE
9838060,K03314.01,FALSE POSITIVE
5389632,K07726.01,FALSE POSITIVE
5951416,K04781.01,FALSE POSITIVE
4645833,K04783.01,FALSE POSITIVE
8940918,K04784.01,FALSE POSITIVE
9827596,K04855.01,FALSE POSITIVE
6206559,K03240.01,FALSE POSITIVE
5024429,K07714.01,FALSE POSITIVE
9532117,K03241.01,FALSE POSITIVE
6928906,K03242.01,FALSE POSITIVE
9821151,K03243.01,FALSE POSITIVE
8330548,K01132.02,FALSE POSITIVE
5130983,K03325.01,FALSE POSITIVE
11093538,K03326.01,FALSE POSITIVE
11044779,K03327.01,FALSE POSITIVE
6438379,K04785.01,FALSE POSITIVE
9145415,K04786.01,FALSE POSITIVE
4545926,K04787.01,FALSE POSITIVE
9396760,K04788.01,FALSE POSITIVE
5119619,K04789.01,FALSE POSITIVE
9582496,K04858.01,FALSE POSITIVE
3343281,K04860.01,FALSE POSITIVE
2573108,K03217.01,FALSE POSITIVE
3336476,K03247.01,FALSE POSITIVE
9083564,K03249.01,FALSE POSITIVE
7335713,K03250.01,FALSE POSITIVE
5185765,K07720.01,FALSE POSITIVE
11294883,K04791.01,FALSE POSITIVE
3832474,K00806.05,FALSE POSITIVE
5471566,K04863.01,FALSE POSITIVE
5814013,K04865.01,FALSE POSITIVE
7117355,K04866.01,FALSE POSITIVE
5653072,K03252.01,FALSE POSITIVE
2707985,K03253.01,FALSE POSITIVE
9899141,K03254.01,FALSE POSITIVE
11305996,K03256.01,FALSE POSITIVE
6859801,K03321.01,FALSE POSITIVE
7767733,K03322.01,FALSE POSITIVE
5201593,K07721.01,FALSE POSITIVE
9007609,K04795.01,FALSE POSITIVE
11038580,K04796.01,FALSE POSITIVE
9509223,K04867.01,FALSE POSITIVE
6720773,K04868.01,FALSE POSITIVE
8056651,K04869.01,FALSE POSITIVE
4665991,K04870.01,FALSE POSITIVE
10191036,K03218.01,FALSE POSITIVE
10420301,K03257.01,FALSE POSITIVE
4634135,K03328.01,FALSE POSITIVE
5876805,K03331.01,FALSE POSITIVE
5818068,K03332.01,FALSE POSITIVE
10139390,K04798.01,FALSE POSITIVE
5273713,K07722.01,FALSE POSITIVE
3526331,K04800.01,FALSE POSITIVE
11496490,K04872.01,FALSE POSITIVE
1430305,K04873.01,FALSE POSITIVE
7117549,K04874.01,FALSE POSITIVE
4774646,K07707.01,FALSE POSITIVE
10030778,K03265.01,FALSE POSITIVE
7870282,K04732.01,FALSE POSITIVE
11153259,K03200.01,FALSE POSITIVE
5783938,K04734.01,FALSE POSITIVE
3445812,K04802.01,FALSE POSITIVE
8960918,K04805.01,FALSE POSITIVE
4647662,K04806.01,FALSE POSITIVE
9822284,K04807.01,FALSE POSITIVE
8940700,K04876.01,FALSE POSITIVE
9850966,K04879.01,FALSE POSITIVE
8747009,K04880.01,FALSE POSITIVE
8379021,K03268.01,FALSE POSITIVE
8104030,K03269.01,FALSE POSITIVE
5282477,K04736.01,FALSE POSITIVE
6681546,K04738.01,FALSE POSITIVE
6421137,K04739.01,FALSE POSITIVE
9893278,K04740.01,FALSE POSITIVE
4548162,K04809.01,FALSE POSITIVE
7293937,K03211.01,FALSE POSITIVE
8043721,K04812.01,FALSE POSITIVE
7985733,K03219.01,FALSE POSITIVE
6522824,K04882.01,FALSE POSITIVE
6802536,K04883.01,FALSE POSITIVE
4750341,K04884.01,FALSE POSITIVE
6612327,K03270.01,FALSE POSITIVE
5211922,K03273.01,FALSE POSITIVE
8129005,K04741.01,FALSE POSITIVE
4840156,K07709.01,FALSE POSITIVE
6468904,K04743.01,FALSE POSITIVE
5709906,K04744.01,FALSE POSITIVE
9777556,K04814.01,FALSE POSITIVE
10753922,K04816.01,FALSE POSITIVE
5980061,K04817.01,FALSE POSITIVE
4059887,K04887.01,FALSE POSITIVE
8288741,K04888.01,FALSE POSITIVE
6852354,K04889.01,FALSE POSITIVE
5816811,K01042.02,FALSE POSITIVE
5303346,K03275.01,FALSE POSITIVE
3858879,K03276.01,FALSE POSITIVE
3342467,K03278.01,FALSE POSITIVE
2711597,K04746.01,FALSE POSITIVE
4851283,K07710.01,FALSE POSITIVE
5024138,K04819.01,FALSE POSITIVE
9086001,K04821.01,FALSE POSITIVE
4927734,K03212.01,FALSE POSITIVE
10031918,K04894.01,FALSE POSITIVE
5276332,K07723.01,FALSE POSITIVE
8625813,K03285.01,FALSE POSITIVE
4651399,K07698.01,FALSE POSITIVE
9953575,K04751.01,FALSE POSITIVE
7887890,K04752.01,FALSE POSITIVE
4544628,K04753.01,FALSE POSITIVE
7052511,K04824.01,FALSE POSITIVE
4764774,K04825.01,FALSE POSITIVE
9910828,K04897.01,FALSE POSITIVE
11867608,K04899.01,FALSE POSITIVE
3644071,K01192.02,FALSE POSITIVE
5360974,K03289.01,FALSE POSITIVE
4670267,K07699.01,FALSE POSITIVE
7435780,K04757.01,FALSE POSITIVE
8938937,K04758.01,FALSE POSITIVE
10556180,K04828.01,FALSE POSITIVE
12401132,K04829.02,FALSE POSITIVE
8308070,K04830.01,FALSE POSITIVE
6956136,K03221.01,FALSE POSITIVE
10661917,K04901.01,FALSE POSITIVE
7799701,K04903.01,FALSE POSITIVE
6233483,K03291.01,FALSE POSITIVE
5392871,K03292.01,FALSE POSITIVE
3858851,K03293.01,FALSE POSITIVE
3858917,K03294.01,FALSE POSITIVE
4466356,K03295.01,FALSE POSITIVE
9474232,K04760.01,FALSE POSITIVE
3859151,K04761.01,FALSE POSITIVE
11456279,K03204.01,FALSE POSITIVE
5398002,K03213.01,FALSE POSITIVE
6680911,K04831.01,FALSE POSITIVE
10356124,K04832.01,FALSE POSITIVE
6286161,K03501.01,FALSE POSITIVE
5385471,K03502.01,FALSE POSITIVE
5471158,K03504.01,FALSE POSITIVE
4847843,K03505.01,FALSE POSITIVE
5120225,K07717.01,FALSE POSITIVE
9656543,K03588.01,FALSE POSITIVE
10751515,K03589.01,FALSE POSITIVE
3348093,K03590.01,FALSE POSITIVE
6182846,K03591.01,FALSE POSITIVE
6442602,K07778.01,FALSE POSITIVE
9851126,K03592.01,FALSE POSITIVE
10484409,K03366.01,FALSE POSITIVE
5796185,K03369.01,FALSE POSITIVE
3945802,K03435.01,FALSE POSITIVE
8719419,K03506.01,FALSE POSITIVE
9028474,K03510.01,FALSE POSITIVE
4349442,K01803.02,FALSE POSITIVE
3644542,K03511.01,FALSE POSITIVE
6182849,K03512.01,FALSE POSITIVE
9851142,K03513.01,FALSE POSITIVE
3442054,K03593.01,FALSE POSITIVE
4079530,K03594.01,FALSE POSITIVE
6445531,K07779.01,FALSE POSITIVE
10677186,K03595.01,FALSE POSITIVE
9025914,K03596.01,FALSE POSITIVE
9366988,K03597.01,FALSE POSITIVE
3102000,K03373.01,FALSE POSITIVE
8266276,K01731.02,FALSE POSITIVE
5887316,K07747.01,FALSE POSITIVE
10651945,K03441.01,FALSE POSITIVE
7117003,K03514.01,FALSE POSITIVE
3240159,K03515.01,FALSE POSITIVE
6147851,K07766.01,FALSE POSITIVE
9658118,K03516.01,FALSE POSITIVE
7132542,K03517.01,FALSE POSITIVE
8589754,K03518.01,FALSE POSITIVE
3757590,K03520.01,FALSE POSITIVE
2437149,K03598.01,FALSE POSITIVE
9715925,K03599.01,FALSE POSITIVE
9529733,K03600.01,FALSE POSITIVE
9613070,K03601.01,FALSE POSITIVE
10845188,K03602.01,FALSE POSITIVE
5709103,K07736.01,FALSE POSITIVE
3098843,K03376.02,FALSE POSITIVE
5887393,K07748.01,FALSE POSITIVE
5456023,K03521.01,FALSE POSITIVE
6187888,K07768.01,FALSE POSITIVE
12021387,K03522.01,FALSE POSITIVE
8044608,K03523.01,FALSE POSITIVE
8760135,K03524.01,FALSE POSITIVE
4073707,K03525.01,FALSE POSITIVE
5730394,K03603.01,FALSE POSITIVE
6956216,K03604.01,FALSE POSITIVE
6137704,K03605.01,FALSE POSITIVE
10275074,K03606.01,FALSE POSITIVE
9110346,K03607.01,FALSE POSITIVE
10259301,K03608.01,FALSE POSITIVE
3120308,K03380.01,FALSE POSITIVE
9991621,K03382.01,FALSE POSITIVE
2852528,K03446.01,FALSE POSITIVE
7032421,K01747.02,FALSE POSITIVE
10798838,K03449.01,FALSE POSITIVE
8560940,K03450.01,FALSE POSITIVE
10292238,K03526.01,FALSE POSITIVE
8733497,K03527.01,FALSE POSITIVE
4255422,K03528.01,FALSE POSITIVE
9837544,K03529.01,FALSE POSITIVE
7877824,K03530.01,FALSE POSITIVE
6469946,K07781.01,FALSE POSITIVE
6947164,K03531.01,FALSE POSITIVE
6233903,K03609.01,FALSE POSITIVE
7212066,K03610.01,FALSE POSITIVE
7212066,K03610.02,FALSE POSITIVE
6675060,K03611.01,FALSE POSITIVE
5716508,K07737.01,FALSE POSITIVE
10518735,K03612.01,FALSE POSITIVE
9489947,K03385.01,FALSE POSITIVE
6960487,K03386.01,FALSE POSITIVE
6309264,K03387.01,FALSE POSITIVE
7021177,K03452.01,FALSE POSITIVE
7122259,K03454.01,FALSE POSITIVE
6190535,K07769.01,FALSE POSITIVE
9834257,K03457.01,FALSE POSITIVE
10748621,K03532.01,FALSE POSITIVE
4824268,K03533.01,FALSE POSITIVE
6527016,K07783.01,FALSE POSITIVE
6431670,K03534.01,FALSE POSITIVE
7376500,K03535.01,FALSE POSITIVE
9636559,K03618.01,FALSE POSITIVE
8095110,K03619.01,FALSE POSITIVE
11499263,K03620.01,FALSE POSITIVE
9775253,K03621.01,FALSE POSITIVE
3858988,K03388.01,FALSE POSITIVE
10798605,K03390.01,FALSE POSITIVE
5895083,K07751.01,FALSE POSITIVE
9714123,K03392.01,FALSE POSITIVE
6198256,K07770.01,FALSE POSITIVE
2437112,K03461.01,FALSE POSITIVE
7987086,K03536.01,FALSE POSITIVE
7374746,K03537.01,FALSE POSITIVE
8668810,K03538.01,FALSE POSITIVE
6519865,K07782.01,FALSE POSITIVE
8868907,K03539.01,FALSE POSITIVE
3865298,K03540.01,FALSE POSITIVE
10091110,K03627.01,FALSE POSITIVE
10091110,K03627.02,FALSE POSITIVE
3542574,K03628.01,FALSE POSITIVE
3544694,K03629.01,FALSE POSITIVE
5952448,K07753.01,FALSE POSITIVE
11874338,K03464.01,FALSE POSITIVE
6199716,K07771.01,FALSE POSITIVE
9468384,K03466.01,FALSE POSITIVE
8868364,K03541.01,FALSE POSITIVE
10092312,K01823.02,FALSE POSITIVE
3964545,K03542.01,FALSE POSITIVE
9656397,K03543.01,FALSE POSITIVE
5444491,K07727.01,FALSE POSITIVE
3735629,K03544.01,FALSE POSITIVE
8244173,K03545.01,FALSE POSITIVE
6546508,K03613.01,FALSE POSITIVE
9886224,K03614.01,FALSE POSITIVE
3735634,K03615.01,FALSE POSITIVE
5730380,K07738.01,FALSE POSITIVE
6058875,K03616.01,FALSE POSITIVE
10735564,K03617.01,FALSE POSITIVE
5962509,K07754.01,FALSE POSITIVE
6359802,K03399.01,FALSE POSITIVE
7121885,K03467.01,FALSE POSITIVE
6205566,K07772.01,FALSE POSITIVE
7287391,K03546.01,FALSE POSITIVE
6756202,K03547.01,FALSE POSITIVE
10215869,K03548.01,FALSE POSITIVE
5456319,K07728.01,FALSE POSITIVE
2307206,K03549.01,FALSE POSITIVE
7025540,K03550.01,FALSE POSITIVE
7620844,K03551.01,FALSE POSITIVE
6677267,K03622.01,FALSE POSITIVE
7732791,K03623.01,FALSE POSITIVE
5736801,K07739.01,FALSE POSITIVE
8177798,K03624.01,FALSE POSITIVE
10489521,K03625.01,FALSE POSITIVE
12643582,K03626.01,FALSE POSITIVE
9328641,K03400.01,FALSE POSITIVE
5991070,K07756.01,FALSE POSITIVE
3757778,K03402.01,FALSE POSITIVE
11875511,K03471.01,FALSE POSITIVE
6233466,K03552.01,FALSE POSITIVE
11249624,K03553.01,FALSE POSITIVE
6426592,K03554.01,FALSE POSITIVE
8491745,K03555.01,FALSE POSITIVE
3970117,K03556.01,FALSE POSITIVE
11147814,K03334.01,FALSE POSITIVE
8892720,K03336.01,FALSE POSITIVE
6032920,K07757.01,FALSE POSITIVE
9468382,K03409.01,FALSE POSITIVE
6145201,K03475.01,FALSE POSITIVE
5986209,K03476.01,FALSE POSITIVE
9226339,K03477.01,FALSE POSITIVE
6525209,K03479.01,FALSE POSITIVE
5534965,K03557.01,FALSE POSITIVE
5512513,K07730.01,FALSE POSITIVE
9965206,K03558.01,FALSE POSITIVE
4247023,K03559.01,FALSE POSITIVE
4848423,K03560.01,FALSE POSITIVE
11403216,K03561.01,FALSE POSITIVE
5774375,K07740.01,FALSE POSITIVE
8263752,K03338.01,FALSE POSITIVE
8263752,K03338.02,FALSE POSITIVE
4164393,K03413.01,FALSE POSITIVE
5513861,K07731.01,FALSE POSITIVE
9948002,K03562.01,FALSE POSITIVE
5264304,K03563.01,FALSE POSITIVE
10960995,K03564.01,FALSE POSITIVE
9592575,K03565.01,FALSE POSITIVE
7898576,K03566.01,FALSE POSITIVE
5806800,K07741.01,FALSE POSITIVE
11671429,K03567.01,FALSE POSITIVE
5392897,K03342.01,FALSE POSITIVE
5282049,K01545.02,FALSE POSITIVE
6023859,K03414.01,FALSE POSITIVE
5471289,K03485.01,FALSE POSITIVE
9783760,K03487.01,FALSE POSITIVE
9528430,K03489.01,FALSE POSITIVE
5529552,K07732.01,FALSE POSITIVE
8882847,K03490.01,FALSE POSITIVE
9773869,K03568.01,FALSE POSITIVE
6707942,K03569.01,FALSE POSITIVE
5023948,K03570.01,FALSE POSITIVE
5113053,K03571.01,FALSE POSITIVE
5817957,K07742.01,FALSE POSITIVE
4743508,K03572.01,FALSE POSITIVE
11519134,K03419.01,FALSE POSITIVE
8552719,K01792.02,FALSE POSITIVE
12164634,K03491.01,FALSE POSITIVE
5193077,K03492.01,FALSE POSITIVE
10068919,K03573.01,FALSE POSITIVE
7353970,K03574.01,FALSE POSITIVE
12316447,K03575.01,FALSE POSITIVE
5823557,K07743.01,FALSE POSITIVE
10491554,K03576.01,FALSE POSITIVE
9785454,K03577.01,FALSE POSITIVE
7136958,K03350.01,FALSE POSITIVE
1995732,K03351.01,FALSE POSITIVE
6069674,K07761.01,FALSE POSITIVE
8356054,K03424.01,FALSE POSITIVE
5653795,K07734.01,FALSE POSITIVE
8635938,K03498.01,FALSE POSITIVE
10464666,K03578.01,FALSE POSITIVE
5024292,K03579.01,FALSE POSITIVE
4659255,K03580.01,FALSE POSITIVE
8263746,K03581.01,FALSE POSITIVE
3428468,K03582.01,FALSE POSITIVE
7115291,K03357.01,FALSE POSITIVE
9907505,K03427.01,FALSE POSITIVE
6369845,K07777.01,FALSE POSITIVE
9230021,K03429.03,FALSE POSITIVE
3662838,K00302.02,FALSE POSITIVE
5471688,K03499.01,FALSE POSITIVE
5471688,K03499.02,FALSE POSITIVE
5130740,K03583.01,FALSE POSITIVE
9892471,K03584.01,FALSE POSITIVE
2019076,K03585.01,FALSE POSITIVE
5879448,K07745.01,FALSE POSITIVE
7376490,K03586.01,FALSE POSITIVE
11968513,K03587.01,FALSE POSITIVE
7866921,K03360.01,FALSE POSITIVE
6113752,K07763.01,FALSE POSITIVE
3098197,K03362.01,FALSE POSITIVE
7045605,K07808.01,FALSE POSITIVE
7877818,K03816.01,FALSE POSITIVE
5636642,K03817.01,FALSE POSITIVE
6515722,K03818.01,FALSE POSITIVE
6679504,K07788.01,FALSE POSITIVE
5560831,K03819.01,FALSE POSITIVE
5305404,K03820.01,FALSE POSITIVE
5473535,K03894.01,FALSE POSITIVE
12106934,K03895.01,FALSE POSITIVE
6222898,K03896.01,FALSE POSITIVE
3955866,K03897.01,FALSE POSITIVE
11200767,K03667.01,FALSE POSITIVE
8589731,K03668.01,FALSE POSITIVE
4356766,K03669.01,FALSE POSITIVE
2167890,K03670.01,FALSE POSITIVE
4935914,K03743.01,FALSE POSITIVE
11303811,K03744.01,FALSE POSITIVE
2437783,K03745.01,FALSE POSITIVE
12062660,K03746.01,FALSE POSITIVE
9777087,K03747.01,FALSE POSITIVE
5956776,K03821.01,FALSE POSITIVE
8883727,K03822.01,FALSE POSITIVE
6516874,K03824.01,FALSE POSITIVE
9161118,K03898.01,FALSE POSITIVE
3556229,K03899.01,FALSE POSITIVE
11911580,K03900.01,FALSE POSITIVE
10583225,K03902.01,FALSE POSITIVE
5215251,K03903.01,FALSE POSITIVE
10383696,K03671.01,FALSE POSITIVE
9777090,K03672.01,FALSE POSITIVE
11455484,K03673.01,FALSE POSITIVE
2446623,K03674.01,FALSE POSITIVE
9596089,K03675.01,FALSE POSITIVE
5738506,K03676.01,FALSE POSITIVE
9777087,K03747.02,FALSE POSITIVE
4247807,K03748.01,FALSE POSITIVE
7700590,K03750.01,FALSE POSITIVE
9053086,K03751.01,FALSE POSITIVE
5467113,K03825.01,FALSE POSITIVE
8240123,K03826.01,FALSE POSITIVE
5114623,K03827.01,FALSE POSITIVE
5114623,K03827.02,FALSE POSITIVE
10031907,K03828.01,FALSE POSITIVE
5480736,K03904.01,FALSE POSITIVE
8487748,K03905.01,FALSE POSITIVE
9892856,K03906.01,FALSE POSITIVE
7137213,K03907.01,FALSE POSITIVE
6795089,K07792.01,FALSE POSITIVE
3340313,K03677.01,FALSE POSITIVE
5021174,K03679.01,FALSE POSITIVE
6314185,K03752.01,FALSE POSITIVE
8620561,K03753.01,FALSE POSITIVE
8937019,K03754.01,FALSE POSITIVE
9896435,K03755.01,FALSE POSITIVE
10352938,K03756.01,FALSE POSITIVE
10676927,K03830.01,FALSE POSITIVE
5649836,K03831.01,FALSE POSITIVE
7620660,K03832.01,FALSE POSITIVE
3836399,K03834.01,FALSE POSITIVE
10491062,K03910.01,FALSE POSITIVE
4058881,K03912.01,FALSE POSITIVE
8621353,K03682.01,FALSE POSITIVE
9394601,K03684.01,FALSE POSITIVE
8494410,K03685.01,FALSE POSITIVE
6863161,K03757.01,FALSE POSITIVE
7840035,K03758.01,FALSE POSITIVE
8543279,K03759.01,FALSE POSITIVE
8047283,K03760.01,FALSE POSITIVE
7090867,K07810.01,FALSE POSITIVE
7612691,K03836.01,FALSE POSITIVE
9761573,K03837.01,FALSE POSITIVE
8042789,K03838.01,FALSE POSITIVE
10095484,K03839.01,FALSE POSITIVE
5467102,K03840.01,FALSE POSITIVE
6780367,K07789.01,FALSE POSITIVE
5471496,K03914.01,FALSE POSITIVE
4544620,K03915.01,FALSE POSITIVE
6863187,K07794.01,FALSE POSITIVE
9719636,K03686.01,FALSE POSITIVE
2452440,K03687.01,FALSE POSITIVE
5020034,K03688.01,FALSE POSITIVE
6974867,K07800.01,FALSE POSITIVE
3114667,K03763.01,FALSE POSITIVE
12109845,K03765.01,FALSE POSITIVE
3954227,K03766.01,FALSE POSITIVE
8651551,K03841.01,FALSE POSITIVE
7115550,K07811.01,FALSE POSITIVE
9532637,K03842.01,FALSE POSITIVE
5305451,K03843.01,FALSE POSITIVE
7174349,K03844.01,FALSE POSITIVE
11824218,K03845.01,FALSE POSITIVE
11667548,K03926.01,FALSE POSITIVE
8868649,K03927.01,FALSE POSITIVE
9715939,K03690.01,FALSE POSITIVE
4751083,K03691.01,FALSE POSITIVE
4751083,K03691.02,FALSE POSITIVE
5903301,K03692.01,FALSE POSITIVE
7695087,K03693.01,FALSE POSITIVE
6200709,K03694.01,FALSE POSITIVE
7013923,K07801.01,FALSE POSITIVE
5360082,K03768.01,FALSE POSITIVE
6543683,K03769.01,FALSE POSITIVE
10555365,K03771.01,FALSE POSITIVE
5481426,K03772.01,FALSE POSITIVE
7983756,K03846.01,FALSE POSITIVE
7289165,K03847.01,FALSE POSITIVE
8949316,K03849.01,FALSE POSITIVE
8912730,K03850.01,FALSE POSITIVE
9784230,K03851.01,FALSE POSITIVE
11466960,K03917.01,FALSE POSITIVE
3124420,K03918.01,FALSE POSITIVE
4649440,K03919.01,FALSE POSITIVE
2437488,K03920.01,FALSE POSITIVE
10083623,K03921.01,FALSE POSITIVE
8043052,K03695.01,FALSE POSITIVE
5435816,K03696.01,FALSE POSITIVE
8559589,K03697.01,FALSE POSITIVE
4372765,K03698.01,FALSE POSITIVE
10268903,K03773.01,FALSE POSITIVE
7017437,K07802.01,FALSE POSITIVE
7220320,K03775.01,FALSE POSITIVE
9291378,K03776.01,FALSE POSITIVE
4949524,K03852.01,FALSE POSITIVE
2697935,K03853.01,FALSE POSITIVE
6531143,K07784.01,FALSE POSITIVE
3550434,K03854.01,FALSE POSITIVE
2558370,K03855.01,FALSE POSITIVE
5397166,K03856.01,FALSE POSITIVE
7024530,K03922.01,FALSE POSITIVE
5015459,K03923.01,FALSE POSITIVE
1433980,K03924.01,FALSE POSITIVE
2438490,K03699.01,FALSE POSITIVE
3838496,K03700.01,FALSE POSITIVE
6470521,K03701.01,FALSE POSITIVE
2449090,K03702.01,FALSE POSITIVE
5652260,K03703.01,FALSE POSITIVE
2569494,K03704.01,FALSE POSITIVE
12405950,K03778.01,FALSE POSITIVE
5206233,K03779.01,FALSE POSITIVE
7031066,K07803.01,FALSE POSITIVE
6775985,K03780.01,FALSE POSITIVE
11357192,K03782.01,FALSE POSITIVE
9533489,K03783.01,FALSE POSITIVE
11825057,K03857.01,FALSE POSITIVE
12306699,K03858.01,FALSE POSITIVE
9692336,K03859.01,FALSE POSITIVE
9641008,K03860.01,FALSE POSITIVE
8588377,K03861.01,FALSE POSITIVE
3644601,K03862.01,FALSE POSITIVE
8781480,K03929.01,FALSE POSITIVE
6783732,K07790.01,FALSE POSITIVE
11607176,K03930.01,FALSE POSITIVE
10661718,K03931.01,FALSE POSITIVE
6470516,K03705.01,FALSE POSITIVE
7770471,K03706.01,FALSE POSITIVE
5130380,K03707.01,FALSE POSITIVE
6314173,K03708.01,FALSE POSITIVE
5688997,K03784.01,FALSE POSITIVE
7031340,K07804.01,FALSE POSITIVE
4073730,K03785.01,FALSE POSITIVE
2854948,K03786.01,FALSE POSITIVE
3644601,K03862.02,FALSE POSITIVE
8459354,K03863.01,FALSE POSITIVE
10259029,K03630.01,FALSE POSITIVE
8299947,K03631.01,FALSE POSITIVE
3335813,K03632.01,FALSE POSITIVE
11858741,K03633.01,FALSE POSITIVE
6363494,K03634.01,FALSE POSITIVE
2576107,K03709.01,FALSE POSITIVE
9532421,K03710.01,FALSE POSITIVE
6936966,K07797.01,FALSE POSITIVE
5653849,K03711.01,FALSE POSITIVE
2437060,K03712.01,FALSE POSITIVE
8127648,K03713.01,FALSE POSITIVE
11564013,K03714.01,FALSE POSITIVE
9405541,K03788.01,FALSE POSITIVE
8906045,K03789.01,FALSE POSITIVE
7031638,K07805.01,FALSE POSITIVE
7296094,K03790.01,FALSE POSITIVE
12009347,K03792.01,FALSE POSITIVE
4037163,K03793.01,FALSE POSITIVE
5535890,K03865.01,FALSE POSITIVE
5215980,K03866.01,FALSE POSITIVE
9178185,K03868.01,FALSE POSITIVE
6290382,K03869.01,FALSE POSITIVE
3327992,K03635.01,FALSE POSITIVE
5649206,K03636.01,FALSE POSITIVE
5193384,K03637.01,FALSE POSITIVE
5181804,K03638.01,FALSE POSITIVE
10491544,K03639.01,FALSE POSITIVE
4937143,K03715.01,FALSE POSITIVE
8719324,K03716.01,FALSE POSITIVE
11241814,K03717.01,FALSE POSITIVE
5036537,K03718.01,FALSE POSITIVE
9837083,K03719.01,FALSE POSITIVE
7031726,K07806.01,FALSE POSITIVE
3338660,K03795.01,FALSE POSITIVE
3338674,K03796.01,FALSE POSITIVE
5546277,K03797.01,FALSE POSITIVE
8258160,K03870.01,FALSE POSITIVE
9752982,K03871.01,FALSE POSITIVE
4666008,K03872.01,FALSE POSITIVE
8430105,K03873.01,FALSE POSITIVE
8052474,K03640.01,FALSE POSITIVE
3534118,K03641.01,FALSE POSITIVE
3534118,K03641.02,FALSE POSITIVE
2441161,K03642.01,FALSE POSITIVE
3231120,K03643.01,FALSE POSITIVE
12216706,K03644.01,FALSE POSITIVE
12216706,K03644.02,FALSE POSITIVE
10735331,K03720.01,FALSE POSITIVE
7763269,K03721.01,FALSE POSITIVE
5471606,K03723.01,FALSE POSITIVE
11200405,K03724.01,FALSE POSITIVE
5475736,K03798.01,FALSE POSITIVE
9049673,K03799.01,FALSE POSITIVE
7031898,K07807.01,FALSE POSITIVE
9593759,K03800.01,FALSE POSITIVE
5020044,K03802.01,FALSE POSITIVE
11560037,K03874.01,FALSE POSITIVE
11911561,K03875.01,FALSE POSITIVE
6547322,K07786.01,FALSE POSITIVE
9159265,K03877.01,FALSE POSITIVE
5816806,K03645.01,FALSE POSITIVE
6531496,K03646.01,FALSE POSITIVE
9661869,K03647.01,FALSE POSITIVE
3097352,K03648.01,FALSE POSITIVE
6066379,K03649.01,FALSE POSITIVE
3459199,K03725.01,FALSE POSITIVE
6973796,K03726.01,FALSE POSITIVE
12023089,K03727.01,FALSE POSITIVE
6286155,K03803.01,FALSE POSITIVE
7831363,K03804.01,FALSE POSITIVE
4663185,K03805.01,FALSE POSITIVE
5305471,K03806.01,FALSE POSITIVE
5560830,K03879.01,FALSE POSITIVE
8211824,K03881.01,FALSE POSITIVE
5980800,K03882.01,FALSE POSITIVE
9592850,K03883.01,FALSE POSITIVE
6227560,K03650.01,FALSE POSITIVE
5866104,K03651.01,FALSE POSITIVE
8256044,K03652.01,FALSE POSITIVE
8780968,K03653.01,FALSE POSITIVE
6960446,K03654.01,FALSE POSITIVE
8264097,K03655.01,FALSE POSITIVE
9674592,K03729.01,FALSE POSITIVE
9674592,K03729.02,FALSE POSITIVE
10879213,K03730.01,FALSE POSITIVE
5650314,K03731.01,FALSE POSITIVE
6962901,K07799.01,FALSE POSITIVE
8302302,K03732.01,FALSE POSITIVE
10581918,K03807.01,FALSE POSITIVE
3851949,K03808.01,FALSE POSITIVE
9097892,K03809.01,FALSE POSITIVE
4579313,K03884.01,FALSE POSITIVE
11614528,K03885.01,FALSE POSITIVE
8848288,K03886.01,FALSE POSITIVE
6590307,K07787.01,FALSE POSITIVE
5308419,K03887.01,FALSE POSITIVE
6312521,K03656.01,FALSE POSITIVE
4579321,K03657.01,FALSE POSITIVE
1575690,K03658.01,FALSE POSITIVE
4386047,K03659.01,FALSE POSITIVE
5103998,K03660.01,FALSE POSITIVE
9655858,K03733.01,FALSE POSITIVE
10275880,K03734.01,FALSE POSITIVE
2166200,K03735.01,FALSE POSITIVE
3547315,K03736.01,FALSE POSITIVE
6933781,K03737.01,FALSE POSITIVE
6148271,K03812.01,FALSE POSITIVE
5386904,K03813.01,FALSE POSITIVE
2997178,K03814.01,FALSE POSITIVE
8956206,K02048.02,FALSE POSITIVE
8260198,K03888.01,FALSE POSITIVE
10733174,K03889.01,FALSE POSITIVE
8564976,K03890.01,FALSE POSITIVE
7910148,K03661.01,FALSE POSITIVE
12459731,K03662.01,FALSE POSITIVE
4678875,K03664.01,FALSE POSITIVE
7812175,K03665.01,FALSE POSITIVE
7708193,K03666.01,FALSE POSITIVE
5478083,K03738.01,FALSE POSITIVE
10857342,K03739.01,FALSE POSITIVE
5215700,K03740.01,FALSE POSITIVE
8780959,K03741.01,FALSE POSITIVE
5565486,K03742.01,FALSE POSITIVE
8453214,K01776.01,FALSE POSITIVE
8556077,K02027.01,FALSE POSITIVE
7757698,K07848.01,FALSE POSITIVE
8625821,K01859.01,FALSE POSITIVE
8652999,K01953.01,FALSE POSITIVE
12164770,K02088.01,FALSE POSITIVE
9541322,K02089.01,FALSE POSITIVE
10470616,K02112.01,FALSE POSITIVE
10362031,K02118.01,FALSE POSITIVE
6373680,K02127.01,FALSE POSITIVE
10963242,K01312.02,FALSE POSITIVE
9150827,K01408.02,FALSE POSITIVE
9957351,K03964.01,FALSE POSITIVE
5385575,K03965.01,FALSE POSITIVE
5385697,K03967.01,FALSE POSITIVE
5385697,K03967.02,FALSE POSITIVE
8823833,K03968.01,FALSE POSITIVE
5015913,K01667.01,FALSE POSITIVE
5103942,K01668.01,FALSE POSITIVE
8678664,K01782.01,FALSE POSITIVE
8892721,K01844.01,FALSE POSITIVE
9042357,K01993.01,FALSE POSITIVE
9115681,K01865.01,FALSE POSITIVE
10481045,K02320.01,FALSE POSITIVE
8107034,K02322.01,FALSE POSITIVE
3962751,K02326.01,FALSE POSITIVE
8582291,K02330.01,FALSE POSITIVE
5110683,K02334.01,FALSE POSITIVE
7967861,K02349.01,FALSE POSITIVE
8179325,K02359.01,FALSE POSITIVE
5475494,K03969.01,FALSE POSITIVE
9412445,K03970.01,FALSE POSITIVE
7866914,K03971.01,FALSE POSITIVE
6057684,K03972.01,FALSE POSITIVE
5271608,K01673.01,FALSE POSITIVE
5357470,K01674.01,FALSE POSITIVE
5443775,K01676.01,FALSE POSITIVE
5527172,K01678.01,FALSE POSITIVE
7386391,K07837.01,FALSE POSITIVE
5529643,K01679.01,FALSE POSITIVE
9366989,K01785.01,FALSE POSITIVE
9468717,K01954.01,FALSE POSITIVE
9528420,K01742.01,FALSE POSITIVE
9529744,K01806.01,FALSE POSITIVE
9674608,K01795.01,FALSE POSITIVE
8495415,K02362.01,FALSE POSITIVE
10341905,K02391.01,FALSE POSITIVE
10336927,K02394.01,FALSE POSITIVE
12115188,K02396.01,FALSE POSITIVE
9850957,K02446.01,FALSE POSITIVE
12470954,K00439.02,FALSE POSITIVE
11568224,K03973.01,FALSE POSITIVE
7938883,K03974.01,FALSE POSITIVE
4544571,K03976.01,FALSE POSITIVE
3245661,K03977.01,FALSE POSITIVE
5618071,K01682.01,FALSE POSITIVE
6312534,K01689.01,FALSE POSITIVE
6470917,K01690.01,FALSE POSITIVE
7431709,K07838.01,FALSE POSITIVE
6611330,K01691.01,FALSE POSITIVE
6699368,K01694.01,FALSE POSITIVE
9973855,K01966.01,FALSE POSITIVE
10019399,K01796.01,FALSE POSITIVE
7841368,K07851.01,FALSE POSITIVE
10031707,K01827.01,FALSE POSITIVE
10092312,K01823.01,FALSE POSITIVE
10407054,K02500.01,FALSE POSITIVE
10880007,K02502.01,FALSE POSITIVE
8418129,K02515.01,FALSE POSITIVE
6525185,K02568.01,FALSE POSITIVE
10812504,K02570.01,FALSE POSITIVE
8107115,K02575.01,FALSE POSITIVE
10663411,K02584.01,FALSE POSITIVE
10090219,K03978.01,FALSE POSITIVE
9899217,K03979.01,FALSE POSITIVE
6750902,K03980.01,FALSE POSITIVE
5895588,K03981.01,FALSE POSITIVE
6891366,K01696.01,FALSE POSITIVE
7448023,K07839.01,FALSE POSITIVE
6891637,K01697.01,FALSE POSITIVE
6975615,K01698.01,FALSE POSITIVE
7137725,K01699.01,FALSE POSITIVE
10230571,K01926.01,FALSE POSITIVE
10294613,K01896.01,FALSE POSITIVE
7879648,K07852.01,FALSE POSITIVE
10491044,K01763.01,FALSE POSITIVE
10614012,K01807.01,FALSE POSITIVE
10616415,K01999.01,FALSE POSITIVE
6525193,K02653.01,FALSE POSITIVE
6866251,K02661.01,FALSE POSITIVE
7117710,K07817.01,FALSE POSITIVE
5303557,K03982.01,FALSE POSITIVE
10227863,K03983.01,FALSE POSITIVE
7281668,K07829.01,FALSE POSITIVE
9602562,K03985.01,FALSE POSITIVE
10668665,K03986.01,FALSE POSITIVE
10407020,K03987.01,FALSE POSITIVE
7380829,K01703.01,FALSE POSITIVE
7470491,K07840.01,FALSE POSITIVE
7768952,K01709.01,FALSE POSITIVE
8162790,K01712.01,FALSE POSITIVE
9655129,K01714.01,FALSE POSITIVE
9899483,K01719.01,FALSE POSITIVE
7882360,K07853.01,FALSE POSITIVE
10965740,K01887.01,FALSE POSITIVE
11285136,K01774.01,FALSE POSITIVE
11298815,K02015.01,FALSE POSITIVE
11342573,K01771.01,FALSE POSITIVE
4479633,K02814.01,FALSE POSITIVE
4952341,K02818.01,FALSE POSITIVE
8176019,K02843.01,FALSE POSITIVE
5385491,K03988.01,FALSE POSITIVE
5551504,K03989.01,FALSE POSITIVE
6421503,K03990.01,FALSE POSITIVE
7538434,K07841.01,FALSE POSITIVE
10487119,K01635.01,FALSE POSITIVE
10621666,K01636.01,FALSE POSITIVE
10747439,K01638.01,FALSE POSITIVE
10749128,K01639.01,FALSE POSITIVE
10813841,K01640.01,FALSE POSITIVE
10879656,K01642.01,FALSE POSITIVE
12691412,K01983.01,FALSE POSITIVE
5024482,K02041.01,FALSE POSITIVE
8175131,K02139.01,FALSE POSITIVE
7177766,K07819.01,FALSE POSITIVE
5513897,K02591.01,FALSE POSITIVE
10664416,K02599.01,FALSE POSITIVE
11495766,K02630.01,FALSE POSITIVE
7282154,K07830.01,FALSE POSITIVE
3228988,K03992.01,FALSE POSITIVE
2970804,K03993.01,FALSE POSITIVE
7552701,K03994.01,FALSE POSITIVE
7418173,K03995.01,FALSE POSITIVE
3228804,K03996.01,FALSE POSITIVE
11045383,K01645.01,FALSE POSITIVE
11391667,K01652.01,FALSE POSITIVE
11392017,K01653.01,FALSE POSITIVE
3446451,K01735.01,FALSE POSITIVE
6603756,K01729.01,FALSE POSITIVE
8460600,K01730.01,FALSE POSITIVE
12121470,K02142.01,FALSE POSITIVE
3327993,K02157.01,FALSE POSITIVE
5467124,K02161.01,FALSE POSITIVE
7906739,K02165.01,FALSE POSITIVE
2860114,K02170.01,FALSE POSITIVE
8501062,K02176.01,FALSE POSITIVE
7199644,K07821.01,FALSE POSITIVE
11966253,K02772.01,FALSE POSITIVE
10275805,K02782.01,FALSE POSITIVE
5709889,K02783.01,FALSE POSITIVE
3119256,K02784.01,FALSE POSITIVE
9943435,K02788.01,FALSE POSITIVE
2442359,K03997.01,FALSE POSITIVE
7707742,K03998.01,FALSE POSITIVE
2010191,K03999.01,FALSE POSITIVE
5471675,K04000.01,FALSE POSITIVE
8845574,K01734.01,FALSE POSITIVE
2021440,K01987.01,FALSE POSITIVE
3122985,K01949.01,FALSE POSITIVE
3248019,K01759.01,FALSE POSITIVE
3328026,K01994.01,FALSE POSITIVE
7116024,K07812.01,FALSE POSITIVE
2014991,K02178.01,FALSE POSITIVE
12885212,K02184.01,FALSE POSITIVE
5894073,K02187.01,FALSE POSITIVE
10518424,K02188.01,FALSE POSITIVE
4245933,K02190.01,FALSE POSITIVE
7199724,K07822.01,FALSE POSITIVE
12935144,K02847.01,FALSE POSITIVE
6185496,K02858.01,FALSE POSITIVE
12170648,K02875.01,FALSE POSITIVE
7282168,K07831.01,FALSE POSITIVE
9851943,K04001.01,FALSE POSITIVE
2708420,K04003.01,FALSE POSITIVE
3654950,K01766.01,FALSE POSITIVE
3836453,K01903.01,FALSE POSITIVE
3952651,K01912.01,FALSE POSITIVE
3966262,K01811.01,FALSE POSITIVE
4144231,K01791.01,FALSE POSITIVE
9964670,K02192.01,FALSE POSITIVE
6209798,K02196.01,FALSE POSITIVE
6525249,K02197.01,FALSE POSITIVE
6137681,K03932.01,FALSE POSITIVE
9655419,K03934.01,FALSE POSITIVE
5471690,K04006.01,FALSE POSITIVE
5350447,K04008.01,FALSE POSITIVE
7618364,K07844.01,FALSE POSITIVE
4150390,K01768.01,FALSE POSITIVE
4851464,K01757.01,FALSE POSITIVE
4913000,K01775.01,FALSE POSITIVE
4945877,K01936.01,FALSE POSITIVE
5110423,K01777.01,FALSE POSITIVE
2581191,K02203.01,FALSE POSITIVE
7379385,K02207.01,FALSE POSITIVE
6199702,K02211.01,FALSE POSITIVE
6307083,K02050.01,FALSE POSITIVE
6780158,K02231.01,FALSE POSITIVE
7199756,K07823.01,FALSE POSITIVE
7362696,K03937.01,FALSE POSITIVE
3865595,K03938.01,FALSE POSITIVE
9593528,K03939.01,FALSE POSITIVE
5195945,K03940.01,FALSE POSITIVE
5288577,K04010.01,FALSE POSITIVE
11969988,K04011.01,FALSE POSITIVE
8483258,K04012.01,FALSE POSITIVE
4832225,K04013.01,FALSE POSITIVE
7664272,K07845.01,FALSE POSITIVE
5302006,K01755.01,FALSE POSITIVE
5306720,K01991.01,FALSE POSITIVE
5389540,K01836.01,FALSE POSITIVE
5444384,K01778.01,FALSE POSITIVE
5450814,K01780.01,FALSE POSITIVE
7116519,K07813.01,FALSE POSITIVE
9635510,K02234.01,FALSE POSITIVE
8076630,K02235.01,FALSE POSITIVE
4077901,K02239.01,FALSE POSITIVE
10271691,K02240.01,FALSE POSITIVE
10544677,K02244.01,FALSE POSITIVE
7199883,K07824.01,FALSE POSITIVE
8552587,K03941.01,FALSE POSITIVE
6019872,K03942.01,FALSE POSITIVE
4864734,K03944.01,FALSE POSITIVE
8381693,K04017.01,FALSE POSITIVE
4929299,K04018.01,FALSE POSITIVE
10223615,K00065.01,FALSE POSITIVE
3342463,K00383.01,FALSE POSITIVE
6680177,K00860.01,FALSE POSITIVE
5565497,K01789.01,FALSE POSITIVE
5730389,K01956.01,FALSE POSITIVE
5802478,K01834.01,FALSE POSITIVE
5942093,K01995.01,FALSE POSITIVE
5992270,K01855.01,FALSE POSITIVE
7117126,K07814.01,FALSE POSITIVE
4761060,K02249.01,FALSE POSITIVE
5479802,K02251.01,FALSE POSITIVE
5607631,K02254.01,FALSE POSITIVE
4951249,K02258.01,FALSE POSITIVE
9156585,K02054.01,FALSE POSITIVE
3121340,K03945.01,FALSE POSITIVE
5952366,K03947.01,FALSE POSITIVE
5952366,K03947.02,FALSE POSITIVE
6045250,K03948.01,FALSE POSITIVE
5598595,K03949.01,FALSE POSITIVE
6681233,K00562.01,FALSE POSITIVE
7351237,K00879.01,FALSE POSITIVE
7436215,K00885.01,FALSE POSITIVE
9763754,K00589.01,FALSE POSITIVE
10216045,K00594.01,FALSE POSITIVE
8846163,K00962.01,FALSE POSITIVE
12366681,K00973.01,FALSE POSITIVE
1996399,K01026.01,FALSE POSITIVE
2697169,K01027.01,FALSE POSITIVE
8435247,K01131.01,FALSE POSITIVE
8332986,K01137.01,FALSE POSITIVE
6364327,K01744.01,FALSE POSITIVE
6762829,K01740.01,FALSE POSITIVE
7369865,K01918.01,FALSE POSITIVE
7593110,K01748.01,FALSE POSITIVE
7117147,K07815.01,FALSE POSITIVE
6634133,K02262.01,FALSE POSITIVE
7021534,K02267.01,FALSE POSITIVE
9277210,K02268.01,FALSE POSITIVE
9728465,K02270.01,FALSE POSITIVE
7124026,K02275.01,FALSE POSITIVE
7200485,K07825.01,FALSE POSITIVE
4544572,K03950.01,FALSE POSITIVE
5738634,K03951.01,FALSE POSITIVE
10152836,K03952.01,FALSE POSITIVE
10651816,K03953.01,FALSE POSITIVE
6964043,K01351.01,FALSE POSITIVE
3644523,K01195.01,FALSE POSITIVE
11909686,K01483.01,FALSE POSITIVE
6678383,K00111.04,FALSE POSITIVE
12644769,K01611.01,FALSE POSITIVE
6233890,K01624.01,FALSE POSITIVE
7918172,K01817.01,FALSE POSITIVE
8009496,K01869.01,FALSE POSITIVE
8111919,K02030.01,FALSE POSITIVE
8127586,K01752.01,FALSE POSITIVE
7117485,K07816.01,FALSE POSITIVE
2860793,K02277.01,FALSE POSITIVE
3851130,K02284.01,FALSE POSITIVE
7257363,K02292.01,FALSE POSITIVE
11922722,K02301.01,FALSE POSITIVE
7203326,K07826.01,FALSE POSITIVE
8030339,K03954.01,FALSE POSITIVE
9899414,K03955.01,FALSE POSITIVE
5471059,K03956.01,FALSE POSITIVE
7458309,K03957.01,FALSE POSITIVE
7777372,K03958.01,FALSE POSITIVE
7377200,K07836.01,FALSE POSITIVE
6312314,K01625.01,FALSE POSITIVE
6387969,K01617.01,FALSE POSITIVE
6468337,K01620.01,FALSE POSITIVE
10357040,K01634.01,FALSE POSITIVE
10514429,K01614.01,FALSE POSITIVE
8127607,K01919.01,FALSE POSITIVE
8129042,K01743.01,FALSE POSITIVE
8180020,K01741.01,FALSE POSITIVE
8223328,K01767.01,FALSE POSITIVE
8444552,K01769.01,FALSE POSITIVE
6032517,K02070.01,FALSE POSITIVE
4768846,K02077.01,FALSE POSITIVE
8260234,K02085.01,FALSE POSITIVE
7210749,K07828.01,FALSE POSITIVE
9282769,K03959.01,FALSE POSITIVE
7777416,K03960.01,FALSE POSITIVE
7597005,K03961.01,FALSE POSITIVE
5479717,K03962.01,FALSE POSITIVE
3764714,K03963.01,FALSE POSITIVE
11392618,K01623.01,FALSE POSITIVE
4474645,K01657.01,FALSE POSITIVE
4927315,K01663.01,FALSE POSITIVE
4928119,K01664.01,FALSE POSITIVE
10861608,K03118.01,FALSE POSITIVE
10934313,K03121.01,FALSE POSITIVE
7516809,K03133.01,FALSE POSITIVE
6115516,K03134.01,FALSE POSITIVE
5640511,K03139.01,FALSE POSITIVE
7336093,K03143.01,FALSE POSITIVE
10196493,K03149.01,FALSE POSITIVE
7812455,K02881.01,FALSE POSITIVE
9520443,K02893.01,FALSE POSITIVE
10601465,K02902.01,FALSE POSITIVE
7461307,K02909.01,FALSE POSITIVE
7269881,K02916.01,FALSE POSITIVE
10964265,K02934.01,FALSE POSITIVE
8672910,K00918.02,FALSE POSITIVE
3233043,K00966.02,FALSE POSITIVE
7269493,K01961.02,FALSE POSITIVE
8753896,K02473.02,FALSE POSITIVE
11074835,K02533.02,FALSE POSITIVE
10812504,K02570.02,FALSE POSITIVE
9827149,K02586.02,FALSE POSITIVE
7584650,K02631.02,FALSE POSITIVE
9823564,K02940.01,FALSE POSITIVE
9532424,K02941.01,FALSE POSITIVE
9950316,K02947.01,FALSE POSITIVE
6028860,K02950.01,FALSE POSITIVE
6778019,K02953.01,FALSE POSITIVE
4571536,K02954.01,FALSE POSITIVE
3336283,K02974.01,FALSE POSITIVE
5695904,K02983.01,FALSE POSITIVE
1725415,K02988.01,FALSE POSITIVE
11304987,K02993.01,FALSE POSITIVE
11709423,K03001.01,FALSE POSITIVE
8758136,K03006.01,FALSE POSITIVE
10617638,K03016.01,FALSE POSITIVE
12833566,K03024.01,FALSE POSITIVE
9153554,K03044.01,FALSE POSITIVE
8161830,K03046.01,FALSE POSITIVE
6461850,K03054.01,FALSE POSITIVE
7613246,K03062.01,FALSE POSITIVE
11551715,K03076.01,FALSE POSITIVE
6312171,K03079.01,FALSE POSITIVE
10665043,K03080.01,FALSE POSITIVE
7107561,K03100.01,FALSE POSITIVE
11237332,K03103.01,FALSE POSITIVE
8669092,K00068.01,FALSE POSITIVE
7885494,K07854.01,FALSE POSITIVE
5281714,K05148.01,FALSE POSITIVE
5289857,K05150.01,FALSE POSITIVE
5303185,K05151.01,FALSE POSITIVE
5308777,K05152.01,FALSE POSITIVE
5364090,K05153.01,FALSE POSITIVE
5370944,K05154.01,FALSE POSITIVE
6364143,K05272.01,FALSE POSITIVE
6364307,K05273.01,FALSE POSITIVE
6369548,K05277.01,FALSE POSITIVE
3098843,K03376.01,FALSE POSITIVE
3958301,K03381.02,FALSE POSITIVE
5353137,K03447.01,FALSE POSITIVE
4932689,K03453.01,FALSE POSITIVE
3970397,K05031.01,FALSE POSITIVE
3973549,K05032.01,FALSE POSITIVE
4058169,K05034.01,FALSE POSITIVE
4068391,K05036.01,FALSE POSITIVE
5391911,K05157.01,FALSE POSITIVE
5397106,K05159.01,FALSE POSITIVE
5425908,K05161.01,FALSE POSITIVE
5436415,K05163.01,FALSE POSITIVE
6387887,K05280.01,FALSE POSITIVE
6428602,K05282.01,FALSE POSITIVE
6447372,K05285.01,FALSE POSITIVE
6461675,K05286.01,FALSE POSITIVE
3439096,K03509.01,FALSE POSITIVE
3324644,K03781.01,FALSE POSITIVE
1161949,K04920.01,FALSE POSITIVE
4077252,K05038.01,FALSE POSITIVE
4077767,K05039.01,FALSE POSITIVE
4144238,K05041.01,FALSE POSITIVE
4147171,K05042.01,FALSE POSITIVE
4149060,K05043.01,FALSE POSITIVE
4160006,K05045.01,FALSE POSITIVE
5440435,K05166.01,FALSE POSITIVE
5440472,K05167.01,FALSE POSITIVE
5440651,K05168.01,FALSE POSITIVE
5446961,K05170.01,FALSE POSITIVE
5467126,K05171.01,FALSE POSITIVE
6522124,K05292.01,FALSE POSITIVE
6525196,K05293.01,FALSE POSITIVE
6525398,K05294.01,FALSE POSITIVE
6526377,K05295.01,FALSE POSITIVE
1297263,K04922.01,FALSE POSITIVE
1572948,K04924.01,FALSE POSITIVE
1725193,K04925.01,FALSE POSITIVE
1870398,K04927.01,FALSE POSITIVE
4179201,K05047.01,FALSE POSITIVE
4242806,K05049.01,FALSE POSITIVE
4245861,K05050.01,FALSE POSITIVE
4246343,K05051.01,FALSE POSITIVE
4253860,K05052.01,FALSE POSITIVE
4274816,K05053.01,FALSE POSITIVE
5470851,K05172.01,FALSE POSITIVE
5471108,K05173.01,FALSE POSITIVE
5525484,K05175.01,FALSE POSITIVE
5547424,K05177.01,FALSE POSITIVE
6527229,K05296.01,FALSE POSITIVE
6543674,K05298.01,FALSE POSITIVE
6548429,K05299.01,FALSE POSITIVE
6599305,K05301.01,FALSE POSITIVE
6600515,K05302.01,FALSE POSITIVE
6608090,K05303.01,FALSE POSITIVE
2010607,K04929.01,FALSE POSITIVE
2015013,K04930.01,FALSE POSITIVE
2163226,K04933.01,FALSE POSITIVE
2165352,K04934.01,FALSE POSITIVE
2305255,K04935.01,FALSE POSITIVE
2305543,K04936.01,FALSE POSITIVE
4276114,K05054.01,FALSE POSITIVE
4281023,K05055.01,FALSE POSITIVE
4281700,K05056.01,FALSE POSITIVE
4365461,K05058.01,FALSE POSITIVE
4366923,K05059.01,FALSE POSITIVE
4449752,K05060.01,FALSE POSITIVE
4455763,K05061.01,FALSE POSITIVE
5563057,K05179.01,FALSE POSITIVE
5565261,K05180.01,FALSE POSITIVE
5602409,K05181.01,FALSE POSITIVE
5603270,K05182.01,FALSE POSITIVE
5612111,K05183.01,FALSE POSITIVE
5616628,K05184.01,FALSE POSITIVE
5623137,K05185.01,FALSE POSITIVE
6611779,K05304.01,FALSE POSITIVE
6612411,K05305.01,FALSE POSITIVE
6612973,K05306.01,FALSE POSITIVE
6615600,K05307.01,FALSE POSITIVE
6635813,K05309.01,FALSE POSITIVE
6677415,K05311.01,FALSE POSITIVE
2309910,K04937.01,FALSE POSITIVE
2437209,K04939.01,FALSE POSITIVE
2438406,K04941.01,FALSE POSITIVE
2452289,K04942.01,FALSE POSITIVE
2569488,K04944.01,FALSE POSITIVE
4459503,K05062.01,FALSE POSITIVE
4464689,K05063.01,FALSE POSITIVE
4469825,K05064.01,FALSE POSITIVE
4470888,K05065.01,FALSE POSITIVE
5623839,K05186.01,FALSE POSITIVE
5650420,K05187.01,FALSE POSITIVE
5653152,K05189.01,FALSE POSITIVE
5653163,K05190.01,FALSE POSITIVE
5685113,K05191.01,FALSE POSITIVE
5698524,K05193.01,FALSE POSITIVE
6784887,K05328.01,FALSE POSITIVE
6864891,K05330.01,FALSE POSITIVE
7891264,K07855.01,FALSE POSITIVE
6880123,K05334.01,FALSE POSITIVE
6891512,K05335.01,FALSE POSITIVE
2569516,K04945.01,FALSE POSITIVE
2570432,K04946.01,FALSE POSITIVE
2574543,K04947.01,FALSE POSITIVE
2578811,K04948.01,FALSE POSITIVE
7897936,K07856.01,FALSE POSITIVE
2582800,K04949.01,FALSE POSITIVE
2707916,K04950.01,FALSE POSITIVE
2708270,K04951.01,FALSE POSITIVE
4540508,K05069.01,FALSE POSITIVE
4565943,K05070.01,FALSE POSITIVE
4570555,K05072.01,FALSE POSITIVE
4586482,K05073.01,FALSE POSITIVE
4647949,K05074.01,FALSE POSITIVE
4678873,K05075.01,FALSE POSITIVE
4732015,K05076.01,FALSE POSITIVE
5709014,K05194.01,FALSE POSITIVE
5732636,K05195.01,FALSE POSITIVE
5779606,K05197.01,FALSE POSITIVE
5780194,K05198.01,FALSE POSITIVE
5781991,K05199.01,FALSE POSITIVE
5784803,K05200.01,FALSE POSITIVE
5791713,K05201.01,FALSE POSITIVE
6681473,K05312.01,FALSE POSITIVE
6688318,K05313.01,FALSE POSITIVE
6690523,K05314.01,FALSE POSITIVE
6692742,K05315.01,FALSE POSITIVE
6695801,K05316.01,FALSE POSITIVE
6699562,K05317.01,FALSE POSITIVE
6707260,K05318.01,FALSE POSITIVE
6718474,K05319.01,FALSE POSITIVE
2710101,K04952.01,FALSE POSITIVE
2711123,K04953.01,FALSE POSITIVE
2833632,K04954.01,FALSE POSITIVE
2836076,K04955.01,FALSE POSITIVE
2850321,K04956.01,FALSE POSITIVE
2861126,K04957.01,FALSE POSITIVE
2987433,K04959.01,FALSE POSITIVE
4732137,K05077.01,FALSE POSITIVE
4736439,K05078.01,FALSE POSITIVE
4740375,K05080.01,FALSE POSITIVE
4741777,K05081.01,FALSE POSITIVE
4750406,K05082.01,FALSE POSITIVE
5794687,K05203.01,FALSE POSITIVE
5817712,K05204.01,FALSE POSITIVE
5858519,K05206.01,FALSE POSITIVE
5869272,K05208.01,FALSE POSITIVE
5905728,K05209.01,FALSE POSITIVE
6762188,K05323.01,FALSE POSITIVE
6766583,K05325.01,FALSE POSITIVE
6767337,K05326.01,FALSE POSITIVE
3003673,K04962.01,FALSE POSITIVE
3117115,K04964.01,FALSE POSITIVE
3120397,K04965.01,FALSE POSITIVE
3222680,K04966.01,FALSE POSITIVE
4769799,K05086.01,FALSE POSITIVE
4814168,K05089.01,FALSE POSITIVE
4815612,K05090.01,FALSE POSITIVE
4819158,K05091.01,FALSE POSITIVE
5942112,K05210.01,FALSE POSITIVE
5949765,K05212.01,FALSE POSITIVE
5956038,K05214.01,FALSE POSITIVE
5963591,K05215.01,FALSE POSITIVE
6947062,K05338.01,FALSE POSITIVE
6948815,K05339.01,FALSE POSITIVE
6952570,K05340.01,FALSE POSITIVE
7011044,K05342.01,FALSE POSITIVE
7013635,K05343.01,FALSE POSITIVE
3240049,K04968.01,FALSE POSITIVE
3245638,K04970.01,FALSE POSITIVE
3329985,K04971.01,FALSE POSITIVE
3341760,K04973.01,FALSE POSITIVE
3341982,K04974.01,FALSE POSITIVE
4840327,K05093.01,FALSE POSITIVE
4843751,K05094.01,FALSE POSITIVE
4856592,K05095.01,FALSE POSITIVE
4863260,K05096.01,FALSE POSITIVE
4902673,K05097.01,FALSE POSITIVE
4914399,K05100.01,FALSE POSITIVE
5967194,K05217.01,FALSE POSITIVE
5980354,K05218.01,FALSE POSITIVE
5986270,K05220.01,FALSE POSITIVE
5989391,K05221.01,FALSE POSITIVE
3428359,K04979.01,FALSE POSITIVE
3439031,K04980.01,FALSE POSITIVE
3449540,K04982.01,FALSE POSITIVE
3449870,K04983.01,FALSE POSITIVE
4917357,K05102.01,FALSE POSITIVE
4917658,K05103.01,FALSE POSITIVE
4927738,K05105.01,FALSE POSITIVE
4937140,K05106.01,FALSE POSITIVE
4945035,K05108.01,FALSE POSITIVE
6033602,K05225.01,FALSE POSITIVE
6047853,K05232.01,FALSE POSITIVE
3459529,K04984.01,FALSE POSITIVE
3532510,K04985.01,FALSE POSITIVE
3542117,K04987.01,FALSE POSITIVE
3542928,K04988.01,FALSE POSITIVE
3545749,K04989.01,FALSE POSITIVE
3546821,K04990.01,FALSE POSITIVE
4946581,K05109.01,FALSE POSITIVE
4996558,K05111.01,FALSE POSITIVE
5006817,K05112.01,FALSE POSITIVE
5008775,K05113.01,FALSE POSITIVE
5015027,K05114.01,FALSE POSITIVE
5016163,K05115.01,FALSE POSITIVE
5024476,K05116.01,FALSE POSITIVE
6058896,K05233.01,FALSE POSITIVE
6062298,K05234.01,FALSE POSITIVE
6065010,K05235.01,FALSE POSITIVE
6116605,K05238.01,FALSE POSITIVE
6118840,K05239.01,FALSE POSITIVE
6129632,K05240.01,FALSE POSITIVE
3554819,K04993.01,FALSE POSITIVE
3555178,K04994.01,FALSE POSITIVE
3632330,K04995.01,FALSE POSITIVE
3641216,K04996.01,FALSE POSITIVE
3644399,K04997.01,FALSE POSITIVE
3644649,K04998.01,FALSE POSITIVE
5032842,K05118.01,FALSE POSITIVE
5037742,K05120.01,FALSE POSITIVE
5039053,K05121.01,FALSE POSITIVE
5080565,K05122.01,FALSE POSITIVE
5091808,K05123.01,FALSE POSITIVE
6139220,K05241.01,FALSE POSITIVE
6143819,K05242.01,FALSE POSITIVE
6145939,K05243.01,FALSE POSITIVE
6149980,K05244.01,FALSE POSITIVE
6195792,K05246.01,FALSE POSITIVE
3646515,K05000.01,FALSE POSITIVE
3730176,K05002.01,FALSE POSITIVE
3755522,K05005.01,FALSE POSITIVE
5105886,K05125.01,FALSE POSITIVE
5113146,K05127.01,FALSE POSITIVE
5130563,K05128.01,FALSE POSITIVE
5131276,K05129.01,FALSE POSITIVE
5174677,K05131.01,FALSE POSITIVE
6205384,K05250.01,FALSE POSITIVE
6205405,K05251.01,FALSE POSITIVE
6206470,K05252.01,FALSE POSITIVE
6263468,K05253.01,FALSE POSITIVE
6277594,K05255.01,FALSE POSITIVE
3763724,K05008.01,FALSE POSITIVE
3836450,K05010.01,FALSE POSITIVE
3836509,K05011.01,FALSE POSITIVE
3836522,K05012.01,FALSE POSITIVE
3846515,K05013.01,FALSE POSITIVE
5179609,K05132.01,FALSE POSITIVE
5181086,K05133.01,FALSE POSITIVE
5192660,K05136.01,FALSE POSITIVE
5193813,K05137.01,FALSE POSITIVE
5199426,K05138.01,FALSE POSITIVE
5211631,K05139.01,FALSE POSITIVE
6281127,K05256.01,FALSE POSITIVE
6285906,K05257.01,FALSE POSITIVE
6287131,K05258.01,FALSE POSITIVE
6289459,K05259.01,FALSE POSITIVE
6289897,K05260.01,FALSE POSITIVE
6290467,K05261.01,FALSE POSITIVE
6342980,K05263.01,FALSE POSITIVE
4150611,K03156.02,FALSE POSITIVE
4150611,K03156.03,FALSE POSITIVE
4909707,K03175.01,FALSE POSITIVE
7919516,K07857.01,FALSE POSITIVE
6850665,K03244.01,FALSE POSITIVE
4948730,K03272.01,FALSE POSITIVE
3848665,K05014.01,FALSE POSITIVE
3848919,K05015.01,FALSE POSITIVE
3848948,K05016.01,FALSE POSITIVE
3852865,K05017.01,FALSE POSITIVE
3854101,K05018.01,FALSE POSITIVE
3858926,K05019.01,FALSE POSITIVE
3859890,K05020.01,FALSE POSITIVE
5213005,K05140.01,FALSE POSITIVE
5213811,K05141.01,FALSE POSITIVE
5260419,K05143.01,FALSE POSITIVE
5262539,K05144.01,FALSE POSITIVE
5263802,K05145.01,FALSE POSITIVE
5265982,K05146.01,FALSE POSITIVE
5271637,K05147.01,FALSE POSITIVE
6347434,K05265.01,FALSE POSITIVE
6363560,K05270.01,FALSE POSITIVE
6364064,K05271.01,FALSE POSITIVE
4936990,K03290.01,FALSE POSITIVE
7130418,K03317.01,FALSE POSITIVE
12208887,K03333.01,FALSE POSITIVE
10711551,K03359.01,FALSE POSITIVE
7919867,K07858.01,FALSE POSITIVE
11081512,K03364.01,FALSE POSITIVE
3867593,K05023.01,FALSE POSITIVE
3941219,K05024.01,FALSE POSITIVE
3953106,K05025.01,FALSE POSITIVE
3953212,K05026.01,FALSE POSITIVE
3962728,K05028.01,FALSE POSITIVE
3965326,K05029.01,FALSE POSITIVE
9265521,K05646.01,FALSE POSITIVE
9268456,K05647.01,FALSE POSITIVE
9271739,K05648.01,FALSE POSITIVE
9274431,K05650.01,FALSE POSITIVE
10189542,K05773.01,FALSE POSITIVE
10191056,K05774.01,FALSE POSITIVE
10201891,K05777.01,FALSE POSITIVE
10208477,K05778.01,FALSE POSITIVE
10222603,K05779.01,FALSE POSITIVE
7581535,K05400.01,FALSE POSITIVE
7592339,K05401.01,FALSE POSITIVE
7598326,K05402.01,FALSE POSITIVE
7599004,K05403.01,FALSE POSITIVE
7618231,K05404.01,FALSE POSITIVE
7619667,K05405.01,FALSE POSITIVE
8507073,K05527.01,FALSE POSITIVE
8509781,K05529.01,FALSE POSITIVE
8510197,K05530.01,FALSE POSITIVE
8516349,K05531.01,FALSE POSITIVE
8542879,K05534.01,FALSE POSITIVE
9306677,K05655.01,FALSE POSITIVE
9357578,K05658.01,FALSE POSITIVE
9362842,K05659.01,FALSE POSITIVE
9368524,K05661.01,FALSE POSITIVE
10227881,K05780.01,FALSE POSITIVE
10266852,K05781.01,FALSE POSITIVE
10292000,K05783.01,FALSE POSITIVE
10319341,K05784.01,FALSE POSITIVE
10320341,K05786.01,FALSE POSITIVE
7658229,K05409.01,FALSE POSITIVE
7674050,K05412.01,FALSE POSITIVE
7700561,K05414.01,FALSE POSITIVE
8546464,K05535.01,FALSE POSITIVE
8547366,K05537.01,FALSE POSITIVE
8547525,K05538.01,FALSE POSITIVE
8548403,K05540.01,FALSE POSITIVE
8552607,K05542.01,FALSE POSITIVE
9390655,K05662.01,FALSE POSITIVE
9394762,K05664.01,FALSE POSITIVE
9402670,K05667.01,FALSE POSITIVE
9402859,K05668.01,FALSE POSITIVE
9407689,K05669.01,FALSE POSITIVE
10356840,K05788.01,FALSE POSITIVE
10399137,K05791.01,FALSE POSITIVE
10416390,K05792.01,FALSE POSITIVE
10419108,K05793.01,FALSE POSITIVE
7701809,K05415.01,FALSE POSITIVE
7743464,K05417.01,FALSE POSITIVE
7747197,K05419.01,FALSE POSITIVE
7750342,K05420.01,FALSE POSITIVE
7751133,K05421.01,FALSE POSITIVE
8560475,K05543.01,FALSE POSITIVE
8561192,K05544.01,FALSE POSITIVE
8575061,K05548.01,FALSE POSITIVE
8612291,K05549.01,FALSE POSITIVE
9412267,K05670.01,FALSE POSITIVE
9418508,K05672.01,FALSE POSITIVE
9449320,K05673.01,FALSE POSITIVE
9451521,K05674.01,FALSE POSITIVE
9455322,K05675.01,FALSE POSITIVE
9455526,K05676.01,FALSE POSITIVE
10480952,K05797.01,FALSE POSITIVE
10547378,K05802.01,FALSE POSITIVE
10548411,K05803.01,FALSE POSITIVE
7762717,K05424.01,FALSE POSITIVE
7800285,K05427.01,FALSE POSITIVE
7804128,K05428.01,FALSE POSITIVE
7809049,K05429.01,FALSE POSITIVE
7811057,K05430.01,FALSE POSITIVE
8622875,K05551.01,FALSE POSITIVE
8655076,K05555.01,FALSE POSITIVE
8671707,K05557.01,FALSE POSITIVE
8676061,K05558.01,FALSE POSITIVE
9457533,K05678.01,FALSE POSITIVE
9463329,K05679.01,FALSE POSITIVE
9474485,K05683.01,FALSE POSITIVE
10551346,K05804.01,FALSE POSITIVE
10556891,K05808.01,FALSE POSITIVE
10579570,K05809.01,FALSE POSITIVE
10591578,K05811.01,FALSE POSITIVE
7819520,K05432.01,FALSE POSITIVE
7837526,K05436.01,FALSE POSITIVE
7884986,K05438.01,FALSE POSITIVE
8677186,K05559.01,FALSE POSITIVE
8678345,K05560.01,FALSE POSITIVE
8682751,K05561.01,FALSE POSITIVE
8715564,K05562.01,FALSE POSITIVE
8718273,K05564.01,FALSE POSITIVE
8737343,K05565.01,FALSE POSITIVE
9489348,K05686.01,FALSE POSITIVE
9517242,K05687.01,FALSE POSITIVE
9543302,K05691.01,FALSE POSITIVE
10799291,K05828.01,FALSE POSITIVE
10817600,K05832.01,FALSE POSITIVE
7885558,K05439.01,FALSE POSITIVE
7900450,K05441.01,FALSE POSITIVE
7900695,K05442.01,FALSE POSITIVE
7900727,K05443.01,FALSE POSITIVE
7902719,K05444.01,FALSE POSITIVE
7916058,K05445.01,FALSE POSITIVE
8742270,K05567.01,FALSE POSITIVE
8747222,K05569.01,FALSE POSITIVE
8766285,K05571.01,FALSE POSITIVE
8812360,K05573.01,FALSE POSITIVE
9579072,K05693.01,FALSE POSITIVE
9591728,K05695.01,FALSE POSITIVE
9594184,K05696.01,FALSE POSITIVE
9594992,K05697.01,FALSE POSITIVE
9598315,K05699.01,FALSE POSITIVE
9602595,K05700.01,FALSE POSITIVE
10616317,K05813.01,FALSE POSITIVE
10616656,K05814.01,FALSE POSITIVE
10661679,K05818.01,FALSE POSITIVE
7935997,K05447.01,FALSE POSITIVE
7938499,K05448.01,FALSE POSITIVE
7941635,K05449.01,FALSE POSITIVE
7948619,K05450.01,FALSE POSITIVE
7967210,K05452.01,FALSE POSITIVE
7970194,K05453.01,FALSE POSITIVE
8823893,K05575.01,FALSE POSITIVE
8836224,K05576.01,FALSE POSITIVE
8904714,K05582.01,FALSE POSITIVE
9645188,K05701.01,FALSE POSITIVE
9662475,K05703.01,FALSE POSITIVE
9705620,K05705.01,FALSE POSITIVE
9724993,K05708.01,FALSE POSITIVE
10677763,K05820.01,FALSE POSITIVE
10724569,K05823.01,FALSE POSITIVE
10734441,K05824.01,FALSE POSITIVE
7982917,K05456.01,FALSE POSITIVE
8016211,K05460.01,FALSE POSITIVE
8025718,K05462.01,FALSE POSITIVE
8935352,K05584.01,FALSE POSITIVE
8939211,K05586.01,FALSE POSITIVE
8939650,K05587.01,FALSE POSITIVE
8949512,K05589.01,FALSE POSITIVE
8955741,K05590.01,FALSE POSITIVE
9758615,K05709.01,FALSE POSITIVE
9771920,K05710.01,FALSE POSITIVE
9775475,K05711.01,FALSE POSITIVE
9780149,K05713.01,FALSE POSITIVE
9786017,K05714.01,FALSE POSITIVE
9837659,K05716.01,FALSE POSITIVE
10879247,K05838.01,FALSE POSITIVE
10905641,K05840.01,FALSE POSITIVE
10920086,K05841.01,FALSE POSITIVE
10958972,K05843.01,FALSE POSITIVE
8029848,K05463.01,FALSE POSITIVE
8035322,K05464.01,FALSE POSITIVE
8036863,K05465.01,FALSE POSITIVE
8043968,K05469.01,FALSE POSITIVE
8975776,K05593.01,FALSE POSITIVE
8979500,K05594.01,FALSE POSITIVE
9003126,K05595.01,FALSE POSITIVE
9008125,K05596.01,FALSE POSITIVE
9838414,K05717.01,FALSE POSITIVE
9845362,K05720.01,FALSE POSITIVE
9845931,K05721.01,FALSE POSITIVE
9847239,K05722.01,FALSE POSITIVE
9848760,K05723.01,FALSE POSITIVE
9850843,K05724.01,FALSE POSITIVE
7019580,K05345.01,FALSE POSITIVE
7022603,K05346.01,FALSE POSITIVE
7024045,K05347.01,FALSE POSITIVE
7035812,K05348.01,FALSE POSITIVE
7038988,K05349.01,FALSE POSITIVE
7041972,K05350.01,FALSE POSITIVE
7047299,K05351.01,FALSE POSITIVE
8075618,K05471.01,FALSE POSITIVE
8106139,K05477.01,FALSE POSITIVE
8108437,K05478.01,FALSE POSITIVE
9016592,K05599.01,FALSE POSITIVE
9024568,K05601.01,FALSE POSITIVE
9875101,K05726.01,FALSE POSITIVE
9896438,K05728.01,FALSE POSITIVE
9899514,K05729.01,FALSE POSITIVE
9899607,K05730.01,FALSE POSITIVE
9908486,K05731.01,FALSE POSITIVE
7107567,K05353.01,FALSE POSITIVE
7109680,K05354.01,FALSE POSITIVE
7115671,K05355.01,FALSE POSITIVE
7123580,K05356.01,FALSE POSITIVE
7123614,K05357.01,FALSE POSITIVE
8155368,K05481.01,FALSE POSITIVE
8179747,K05483.01,FALSE POSITIVE
8192427,K05484.01,FALSE POSITIVE
9049550,K05606.01,FALSE POSITIVE
9049697,K05607.01,FALSE POSITIVE
9087071,K05611.01,FALSE POSITIVE
9911112,K05733.01,FALSE POSITIVE
9933600,K05734.01,FALSE POSITIVE
9934274,K05735.01,FALSE POSITIVE
9941387,K05738.01,FALSE POSITIVE
9941550,K05739.01,FALSE POSITIVE
7138841,K05361.01,FALSE POSITIVE
7174911,K05362.01,FALSE POSITIVE
7176424,K05363.01,FALSE POSITIVE
7184556,K05364.01,FALSE POSITIVE
7189825,K05366.01,FALSE POSITIVE
8223655,K05488.01,FALSE POSITIVE
8229361,K05489.01,FALSE POSITIVE
8234889,K05490.01,FALSE POSITIVE
8241258,K05491.01,FALSE POSITIVE
8241736,K05492.01,FALSE POSITIVE
8242350,K05493.01,FALSE POSITIVE
8244947,K05494.01,FALSE POSITIVE
9101279,K05614.01,FALSE POSITIVE
9108058,K05615.01,FALSE POSITIVE
9116075,K05617.01,FALSE POSITIVE
9117123,K05619.01,FALSE POSITIVE
9118858,K05620.01,FALSE POSITIVE
9137257,K05621.01,FALSE POSITIVE
9954225,K05742.01,FALSE POSITIVE
9957659,K05743.01,FALSE POSITIVE
9957668,K05744.01,FALSE POSITIVE
9967398,K05746.01,FALSE POSITIVE
7192680,K05368.01,FALSE POSITIVE
7203858,K05370.01,FALSE POSITIVE
7207081,K05374.01,FALSE POSITIVE
8255058,K05495.01,FALSE POSITIVE
8265239,K05496.01,FALSE POSITIVE
8288404,K05498.01,FALSE POSITIVE
8300828,K05501.01,FALSE POSITIVE
9142225,K05623.01,FALSE POSITIVE
9142334,K05624.01,FALSE POSITIVE
9153246,K05627.01,FALSE POSITIVE
10002266,K05750.01,FALSE POSITIVE
10004515,K05751.01,FALSE POSITIVE
10004772,K05752.01,FALSE POSITIVE
10006096,K05753.01,FALSE POSITIVE
10007492,K05754.01,FALSE POSITIVE
10018364,K05756.01,FALSE POSITIVE
7255910,K05376.01,FALSE POSITIVE
7256460,K05377.01,FALSE POSITIVE
7258902,K05378.01,FALSE POSITIVE
7345136,K05381.01,FALSE POSITIVE
7352727,K05382.01,FALSE POSITIVE
7375100,K05383.01,FALSE POSITIVE
8308639,K05503.01,FALSE POSITIVE
8313697,K05504.01,FALSE POSITIVE
8351919,K05505.01,FALSE POSITIVE
8352016,K05507.01,FALSE POSITIVE
8364969,K05508.01,FALSE POSITIVE
8380743,K05510.01,FALSE POSITIVE
9159461,K05630.01,FALSE POSITIVE
9164003,K05631.01,FALSE POSITIVE
9178502,K05634.01,FALSE POSITIVE
9180282,K05636.01,FALSE POSITIVE
9181402,K05637.01,FALSE POSITIVE
10023469,K05757.01,FALSE POSITIVE
10074700,K05760.01,FALSE POSITIVE
10096697,K05763.01,FALSE POSITIVE
7386200,K05386.01,FALSE POSITIVE
7456380,K05391.01,FALSE POSITIVE
8414914,K05513.01,FALSE POSITIVE
8432034,K05516.01,FALSE POSITIVE
9216231,K05641.01,FALSE POSITIVE
10130646,K05765.01,FALSE POSITIVE
10132552,K05766.01,FALSE POSITIVE
10132908,K05767.01,FALSE POSITIVE
10141271,K05768.01,FALSE POSITIVE
10158715,K05770.01,FALSE POSITIVE
10161534,K05771.01,FALSE POSITIVE
7458433,K05392.01,FALSE POSITIVE
7468295,K05394.01,FALSE POSITIVE
7516073,K05395.01,FALSE POSITIVE
7538450,K05396.01,FALSE POSITIVE
7539174,K05397.01,FALSE POSITIVE
7550875,K05399.01,FALSE POSITIVE
8442463,K05519.01,FALSE POSITIVE
8474892,K05520.01,FALSE POSITIVE
8480642,K05521.01,FALSE POSITIVE
8482513,K05522.01,FALSE POSITIVE
8487777,K05523.01,FALSE POSITIVE
8495232,K05524.01,FALSE POSITIVE
8499922,K05525.01,FALSE POSITIVE
8505674,K05526.01,FALSE POSITIVE
11465869,K05904.01,FALSE POSITIVE
11506938,K05906.01,FALSE POSITIVE
11513441,K05908.01,FALSE POSITIVE
11599800,K05914.01,FALSE POSITIVE
11603298,K05920.01,FALSE POSITIVE
11654039,K05927.01,FALSE POSITIVE
11924426,K05944.01,FALSE POSITIVE
11968514,K05947.01,FALSE POSITIVE
12156805,K05957.01,FALSE POSITIVE
12165063,K05958.01,FALSE POSITIVE
12257851,K05962.01,FALSE POSITIVE
12265150,K05963.01,FALSE POSITIVE
10964747,K05844.01,FALSE POSITIVE
12405436,K05969.01,FALSE POSITIVE
12417572,K05970.01,FALSE POSITIVE
11046870,K05858.01,FALSE POSITIVE
12645262,K05975.01,FALSE POSITIVE
12645761,K05976.01,FALSE POSITIVE
12736658,K05980.01,FALSE POSITIVE
12835139,K05981.01,FALSE POSITIVE
11073238,K05861.01,FALSE POSITIVE
11076176,K05862.01,FALSE POSITIVE
11090561,K05865.01,FALSE POSITIVE
11199233,K05880.01,FALSE POSITIVE
11338918,K05884.01,FALSE POSITIVE
11341314,K05887.01,FALSE POSITIVE
11401845,K05894.01,FALSE POSITIVE
8517303,K06181.01,FALSE POSITIVE
6525209,K03479.02,FALSE POSITIVE
2309587,K05982.01,FALSE POSITIVE
2445134,K05983.01,FALSE POSITIVE
3241344,K05984.01,FALSE POSITIVE
3347485,K05985.01,FALSE POSITIVE
2161623,K06094.01,FALSE POSITIVE
2707097,K06095.01,FALSE POSITIVE
2719873,K06096.01,FALSE POSITIVE
8590780,K06183.01,FALSE POSITIVE
8613338,K06184.01,FALSE POSITIVE
8646141,K06185.01,FALSE POSITIVE
8702921,K06187.01,FALSE POSITIVE
8957954,K06189.01,FALSE POSITIVE
8984706,K06190.01,FALSE POSITIVE
4247807,K03748.02,FALSE POSITIVE
5471059,K03956.02,FALSE POSITIVE
5471675,K04000.02,FALSE POSITIVE
3530668,K05986.01,FALSE POSITIVE
3831911,K05988.01,FALSE POSITIVE
3852258,K05989.01,FALSE POSITIVE
3858919,K05990.01,FALSE POSITIVE
3869326,K05991.01,FALSE POSITIVE
3971315,K05992.01,FALSE POSITIVE
2997455,K06098.01,FALSE POSITIVE
3003991,K06099.01,FALSE POSITIVE
3003991,K06099.02,FALSE POSITIVE
3229028,K06100.01,FALSE POSITIVE
3230787,K06101.01,FALSE POSITIVE
9101400,K06192.01,FALSE POSITIVE
9119652,K06193.01,FALSE POSITIVE
9145861,K06194.02,FALSE POSITIVE
4150496,K04046.02,FALSE POSITIVE
6129694,K04131.02,FALSE POSITIVE
9899315,K04181.02,FALSE POSITIVE
4037428,K05993.01,FALSE POSITIVE
4049124,K05994.01,FALSE POSITIVE
4275328,K05995.01,FALSE POSITIVE
4753561,K05996.01,FALSE POSITIVE
4912991,K05997.01,FALSE POSITIVE
5036966,K05998.01,FALSE POSITIVE
5254230,K05999.01,FALSE POSITIVE
7967517,K07860.01,FALSE POSITIVE
3761319,K06104.01,FALSE POSITIVE
3761319,K06104.02,FALSE POSITIVE
3762553,K06105.01,FALSE POSITIVE
3965879,K06106.01,FALSE POSITIVE
4035675,K06107.01,FALSE POSITIVE
9282687,K06196.01,FALSE POSITIVE
9289960,K06197.01,FALSE POSITIVE
9291629,K06198.01,FALSE POSITIVE
9304842,K06199.01,FALSE POSITIVE
9304923,K06200.01,FALSE POSITIVE
9343862,K06201.01,FALSE POSITIVE
5385410,K04323.02,FALSE POSITIVE
5385139,K06000.01,FALSE POSITIVE
5385150,K06001.01,FALSE POSITIVE
5385269,K06002.01,FALSE POSITIVE
8210370,K07872.01,FALSE POSITIVE
5385509,K06003.01,FALSE POSITIVE
5385566,K06004.01,FALSE POSITIVE
5385773,K06005.01,FALSE POSITIVE
5386163,K06006.01,FALSE POSITIVE
5470960,K06007.01,FALSE POSITIVE
4144236,K06109.01,FALSE POSITIVE
4144236,K06109.02,FALSE POSITIVE
4150701,K06110.01,FALSE POSITIVE
4285087,K06112.01,FALSE POSITIVE
4346875,K06113.01,FALSE POSITIVE
9394605,K06203.01,FALSE POSITIVE
9471755,K06204.01,FALSE POSITIVE
9479460,K06205.01,FALSE POSITIVE
9549472,K06206.01,FALSE POSITIVE
9576197,K06207.01,FALSE POSITIVE
8110758,K07866.01,FALSE POSITIVE
9579860,K06208.01,FALSE POSITIVE
5796186,K00651.02,FALSE POSITIVE
5471068,K06008.01,FALSE POSITIVE
5471192,K06009.01,FALSE POSITIVE
5471217,K06010.01,FALSE POSITIVE
5471769,K06011.01,FALSE POSITIVE
5471770,K06012.01,FALSE POSITIVE
5556804,K06013.01,FALSE POSITIVE
5597970,K06014.01,FALSE POSITIVE
4459068,K06114.01,FALSE POSITIVE
4547480,K06116.01,FALSE POSITIVE
4740676,K06119.01,FALSE POSITIVE
9767392,K06211.01,FALSE POSITIVE
9774400,K06212.01,FALSE POSITIVE
9839081,K06213.01,FALSE POSITIVE
9974142,K06214.01,FALSE POSITIVE
10163066,K06215.01,FALSE POSITIVE
7429287,K04260.02,FALSE POSITIVE
6592335,K04777.02,FALSE POSITIVE
5951416,K04781.02,FALSE POSITIVE
5643492,K06015.01,FALSE POSITIVE
5795648,K06016.01,FALSE POSITIVE
5961350,K06017.01,FALSE POSITIVE
10340423,K00736.03,FALSE POSITIVE
5979863,K06018.01,FALSE POSITIVE
6117415,K06019.01,FALSE POSITIVE
6128027,K06020.01,FALSE POSITIVE
6146418,K06021.01,FALSE POSITIVE
4826439,K06121.01,FALSE POSITIVE
4933476,K06122.01,FALSE POSITIVE
4990977,K06123.01,FALSE POSITIVE
5034333,K06124.01,FALSE POSITIVE
5039441,K06125.01,FALSE POSITIVE
8231299,K07874.01,FALSE POSITIVE
5121173,K06126.01,FALSE POSITIVE
10219361,K06218.01,FALSE POSITIVE
10228942,K06219.01,FALSE POSITIVE
10341878,K06220.01,FALSE POSITIVE
10357831,K06221.01,FALSE POSITIVE
6150977,K06022.01,FALSE POSITIVE
6182019,K06023.01,FALSE POSITIVE
6191945,K06024.01,FALSE POSITIVE
6209347,K06025.01,FALSE POSITIVE
6268722,K06026.01,FALSE POSITIVE
6301030,K06027.01,FALSE POSITIVE
10480982,K00744.02,FALSE POSITIVE
6606934,K06028.01,FALSE POSITIVE
5385548,K06128.01,FALSE POSITIVE
5385778,K06129.01,FALSE POSITIVE
5471617,K06131.01,FALSE POSITIVE
5471617,K06131.02,FALSE POSITIVE
10363233,K06222.01,FALSE POSITIVE
10385682,K06223.01,FALSE POSITIVE
10414727,K06224.02,FALSE POSITIVE
10483644,K06225.01,FALSE POSITIVE
10601549,K06226.01,FALSE POSITIVE
10614158,K06227.01,FALSE POSITIVE
8505215,K00099.02,FALSE POSITIVE
6614926,K06029.01,FALSE POSITIVE
6628237,K06030.01,FALSE POSITIVE
6694186,K06031.01,FALSE POSITIVE
6934587,K06032.01,FALSE POSITIVE
7219906,K06033.01,FALSE POSITIVE
7257373,K06034.01,FALSE POSITIVE
7295570,K06035.01,FALSE POSITIVE
7362852,K06036.01,FALSE POSITIVE
5641294,K06133.01,FALSE POSITIVE
5738698,K06134.01,FALSE POSITIVE
5768927,K06135.01,FALSE POSITIVE
5814635,K06136.01,FALSE POSITIVE
5816144,K06137.02,FALSE POSITIVE
10728219,K06229.01,FALSE POSITIVE
10735988,K06230.01,FALSE POSITIVE
8112324,K07867.01,FALSE POSITIVE
10971944,K06231.01,FALSE POSITIVE
10973583,K06232.01,FALSE POSITIVE
11099351,K06234.01,FALSE POSITIVE
11147460,K06235.01,FALSE POSITIVE
10662202,K00750.04,FALSE POSITIVE
11607193,K00983.02,FALSE POSITIVE
10743597,K00989.04,FALSE POSITIVE
8042747,K07861.01,FALSE POSITIVE
9008737,K02768.03,FALSE POSITIVE
7373877,K06037.01,FALSE POSITIVE
7436177,K06038.01,FALSE POSITIVE
7537945,K06039.01,FALSE POSITIVE
7624297,K06040.01,FALSE POSITIVE
8109692,K07864.01,FALSE POSITIVE
7695093,K06041.01,FALSE POSITIVE
7749318,K06042.01,FALSE POSITIVE
7777397,K06043.01,FALSE POSITIVE
5817566,K06138.01,FALSE POSITIVE
5952403,K06139.01,FALSE POSITIVE
4150539,K01330.02,FALSE POSITIVE
6182093,K06143.01,FALSE POSITIVE
11252617,K06236.01,FALSE POSITIVE
8245108,K07876.01,FALSE POSITIVE
11252617,K06236.02,FALSE POSITIVE
11296437,K06237.01,FALSE POSITIVE
7830321,K06044.01,FALSE POSITIVE
7841986,K06045.01,FALSE POSITIVE
7877820,K06046.01,FALSE POSITIVE
7914906,K06047.01,FALSE POSITIVE
8019043,K06048.01,FALSE POSITIVE
8023317,K06049.01,FALSE POSITIVE
8126531,K07868.01,FALSE POSITIVE
8121067,K06050.01,FALSE POSITIVE
6197038,K06144.01,FALSE POSITIVE
6362386,K06146.01,FALSE POSITIVE
8260269,K07877.01,FALSE POSITIVE
6449358,K06147.01,FALSE POSITIVE
6593968,K06148.01,FALSE POSITIVE
6674908,K06149.01,FALSE POSITIVE
11516930,K06240.01,FALSE POSITIVE
11558882,K06241.01,FALSE POSITIVE
8042835,K07862.01,FALSE POSITIVE
2853780,K02081.02,FALSE POSITIVE
11673686,K06243.01,FALSE POSITIVE
8153568,K06051.01,FALSE POSITIVE
8167938,K06052.01,FALSE POSITIVE
8167978,K06053.01,FALSE POSITIVE
8168581,K06054.01,FALSE POSITIVE
8230809,K06055.01,FALSE POSITIVE
8364115,K06056.01,FALSE POSITIVE
8458207,K06057.01,FALSE POSITIVE
4150624,K01334.02,FALSE POSITIVE
6967278,K06152.01,FALSE POSITIVE
7108433,K06153.01,FALSE POSITIVE
7119080,K06154.01,FALSE POSITIVE
7129465,K06155.01,FALSE POSITIVE
7174617,K06156.01,FALSE POSITIVE
11724210,K06244.01,FALSE POSITIVE
11867071,K06247.01,FALSE POSITIVE
11975363,K06248.01,FALSE POSITIVE
12207117,K06249.01,FALSE POSITIVE
8580438,K06058.01,FALSE POSITIVE
8581232,K06059.01,FALSE POSITIVE
8655458,K06060.01,FALSE POSITIVE
8695779,K06061.01,FALSE POSITIVE
8953059,K06062.01,FALSE POSITIVE
9048145,K06063.01,FALSE POSITIVE
9214712,K06064.01,FALSE POSITIVE
9214715,K06065.01,FALSE POSITIVE
7190639,K06157.01,FALSE POSITIVE
7198881,K06158.01,FALSE POSITIVE
7198881,K06158.02,FALSE POSITIVE
7422883,K06159.01,FALSE POSITIVE
7464205,K06160.01,FALSE POSITIVE
7622059,K06161.01,FALSE POSITIVE
12367464,K06250.01,FALSE POSITIVE
12470041,K06251.01,FALSE POSITIVE
8179286,K07869.01,FALSE POSITIVE
2581191,K02203.02,FALSE POSITIVE
9221398,K06066.01,FALSE POSITIVE
9411317,K06067.01,FALSE POSITIVE
9532123,K06069.01,FALSE POSITIVE
9549471,K06070.01,FALSE POSITIVE
9649222,K06071.01,FALSE POSITIVE
9664215,K06072.01,FALSE POSITIVE
7750740,K06162.01,FALSE POSITIVE
7779942,K06163.01,FALSE POSITIVE
7835312,K06164.02,FALSE POSITIVE
7838906,K06165.01,FALSE POSITIVE
7940533,K06167.01,FALSE POSITIVE
6364215,K02404.02,FALSE POSITIVE
7047363,K02432.02,FALSE POSITIVE
9714358,K06073.01,FALSE POSITIVE
9851123,K06074.01,FALSE POSITIVE
9966115,K06075.01,FALSE POSITIVE
10026458,K06076.01,FALSE POSITIVE
10139305,K06077.01,FALSE POSITIVE
10288922,K06078.01,FALSE POSITIVE
7974634,K06168.03,FALSE POSITIVE
8043882,K06169.01,FALSE POSITIVE
8058507,K06170.01,FALSE POSITIVE
8095099,K06171.01,FALSE POSITIVE
10659313,K06079.01,FALSE POSITIVE
10710755,K06080.01,FALSE POSITIVE
10727668,K06081.01,FALSE POSITIVE
10735519,K06082.01,FALSE POSITIVE
8197767,K07871.01,FALSE POSITIVE
10935310,K06083.01,FALSE POSITIVE
11021252,K06084.01,FALSE POSITIVE
11408935,K06086.01,FALSE POSITIVE
8181016,K06174.01,FALSE POSITIVE
8197761,K06175.01,FALSE POSITIVE
4840513,K01541.02,FALSE POSITIVE
8265156,K06177.01,FALSE POSITIVE
6609270,K03090.02,FALSE POSITIVE
11519226,K06087.01,FALSE POSITIVE
11756821,K06088.01,FALSE POSITIVE
11769146,K06089.01,FALSE POSITIVE
11812199,K06090.01,FALSE POSITIVE
11826400,K06091.01,FALSE POSITIVE
12010534,K06092.01,FALSE POSITIVE
7116117,K03163.01,FALSE POSITIVE
7868092,K03169.01,FALSE POSITIVE
3337061,K03172.01,FALSE POSITIVE
9826171,K03173.01,FALSE POSITIVE
3936658,K03180.01,FALSE POSITIVE
4577484,K03181.01,FALSE POSITIVE
5005618,K03186.01,FALSE POSITIVE
4663658,K03187.01,FALSE POSITIVE
10467815,K03191.01,FALSE POSITIVE
10847721,K03192.01,FALSE POSITIVE
10118942,K03195.01,FALSE POSITIVE
9471539,K03198.01,FALSE POSITIVE
5482603,K03199.01,FALSE POSITIVE
2305819,K03201.01,FALSE POSITIVE
10284575,K03210.01,FALSE POSITIVE
3342952,K03215.01,FALSE POSITIVE
10338624,K03222.01,FALSE POSITIVE
5307990,K03228.01,FALSE POSITIVE
2142501,K03233.01,FALSE POSITIVE
2713018,K03235.01,FALSE POSITIVE
8413968,K03251.01,FALSE POSITIVE
9008103,K03283.01,FALSE POSITIVE
4376629,K03378.01,FALSE POSITIVE
3958301,K03381.01,FALSE POSITIVE
8211605,K03405.01,FALSE POSITIVE
11098573,K03406.01,FALSE POSITIVE
9837586,K03442.01,FALSE POSITIVE
6021655,K03488.01,FALSE POSITIVE
8308682,K03507.01,FALSE POSITIVE
3344427,K03764.01,FALSE POSITIVE
6205481,K03774.01,FALSE POSITIVE
4474637,K03829.01,FALSE POSITIVE
8435232,K03833.01,FALSE POSITIVE
6462874,K01231.02,FALSE POSITIVE
5217733,K03155.01,FALSE POSITIVE
4150611,K03156.01,FALSE POSITIVE
4150611,K03156.04,FALSE POSITIVE
5716244,K06619.01,FALSE POSITIVE
5725851,K06620.01,FALSE POSITIVE
5731312,K06621.01,FALSE POSITIVE
5735878,K06622.01,FALSE POSITIVE
5736461,K06623.01,FALSE POSITIVE
5737869,K06624.01,FALSE POSITIVE
5771589,K06625.01,FALSE POSITIVE
6672229,K06754.01,FALSE POSITIVE
6676725,K06755.01,FALSE POSITIVE
6695622,K06756.01,FALSE POSITIVE
6695889,K06757.01,FALSE POSITIVE
6697716,K06758.01,FALSE POSITIVE
6698670,K06760.01,FALSE POSITIVE
7541746,K06886.01,FALSE POSITIVE
7584778,K06887.01,FALSE POSITIVE
7588436,K06888.01,FALSE POSITIVE
7597703,K06891.01,FALSE POSITIVE
7605600,K06893.01,FALSE POSITIVE
8312222,K07017.01,FALSE POSITIVE
8314801,K07018.01,FALSE POSITIVE
8316503,K07019.01,FALSE POSITIVE
8330575,K07020.01,FALSE POSITIVE
8345358,K07021.01,FALSE POSITIVE
8358008,K07022.01,FALSE POSITIVE
8364119,K07024.01,FALSE POSITIVE
9278021,K07152.01,FALSE POSITIVE
9284741,K07153.01,FALSE POSITIVE
9286728,K07154.01,FALSE POSITIVE
9291368,K07155.01,FALSE POSITIVE
9291368,K07155.02,FALSE POSITIVE
9291748,K07156.01,FALSE POSITIVE
9304561,K07158.01,FALSE POSITIVE
9328852,K07159.01,FALSE POSITIVE
10091257,K07284.01,FALSE POSITIVE
10093664,K07285.01,FALSE POSITIVE
10095512,K07286.01,FALSE POSITIVE
10098534,K07287.01,FALSE POSITIVE
10129482,K07288.01,FALSE POSITIVE
10155080,K07289.01,FALSE POSITIVE
10156064,K07290.01,FALSE POSITIVE
11198723,K07417.01,FALSE POSITIVE
11199725,K07418.01,FALSE POSITIVE
11200773,K07419.01,FALSE POSITIVE
11228612,K07420.01,FALSE POSITIVE
11232745,K07421.01,FALSE POSITIVE
11233911,K07422.01,FALSE POSITIVE
11234677,K07423.01,FALSE POSITIVE
11235323,K07424.01,FALSE POSITIVE
8652360,K04562.02,FALSE POSITIVE
5476671,K04598.02,FALSE POSITIVE
4919550,K04766.02,FALSE POSITIVE
8094120,K04881.02,FALSE POSITIVE
3858757,K06369.01,FALSE POSITIVE
3858767,K06370.01,FALSE POSITIVE
3858884,K06371.01,FALSE POSITIVE
3938073,K06373.01,FALSE POSITIVE
3972391,K06374.01,FALSE POSITIVE
3973002,K06376.01,FALSE POSITIVE
5025217,K06496.01,FALSE POSITIVE
5025234,K06497.01,FALSE POSITIVE
5025294,K06498.01,FALSE POSITIVE
5026187,K06499.01,FALSE POSITIVE
5031804,K06500.01,FALSE POSITIVE
5031882,K06501.01,FALSE POSITIVE
5036516,K06502.01,FALSE POSITIVE
5036530,K06503.01,FALSE POSITIVE
5781192,K06626.01,FALSE POSITIVE
5802285,K06627.01,FALSE POSITIVE
5802470,K06628.01,FALSE POSITIVE
5807579,K06629.01,FALSE POSITIVE
5809372,K06630.01,FALSE POSITIVE
5871918,K06632.01,FALSE POSITIVE
5894825,K06633.01,FALSE POSITIVE
8374394,K07883.01,FALSE POSITIVE
6706287,K06761.01,FALSE POSITIVE
6766748,K06764.01,FALSE POSITIVE
6774408,K06766.01,FALSE POSITIVE
6778289,K06767.01,FALSE POSITIVE
6781047,K06768.01,FALSE POSITIVE
6781535,K06769.01,FALSE POSITIVE
8440062,K07886.01,FALSE POSITIVE
7622072,K06894.01,FALSE POSITIVE
7630658,K06895.01,FALSE POSITIVE
7631194,K06896.01,FALSE POSITIVE
7662209,K06897.01,FALSE POSITIVE
7663804,K06898.01,FALSE POSITIVE
7668648,K06899.01,FALSE POSITIVE
7670485,K06900.01,FALSE POSITIVE
7670617,K06901.01,FALSE POSITIVE
8367298,K07025.01,FALSE POSITIVE
8374499,K07026.01,FALSE POSITIVE
8378656,K07027.01,FALSE POSITIVE
8378922,K07028.01,FALSE POSITIVE
8379547,K07029.01,FALSE POSITIVE
8381592,K07030.01,FALSE POSITIVE
8382339,K07031.01,FALSE POSITIVE
8398290,K07033.01,FALSE POSITIVE
9328864,K07160.01,FALSE POSITIVE
9334490,K07161.01,FALSE POSITIVE
9344623,K07163.01,FALSE POSITIVE
9353182,K07164.01,FALSE POSITIVE
9357275,K07165.01,FALSE POSITIVE
9357375,K07166.01,FALSE POSITIVE
9392702,K07167.01,FALSE POSITIVE
9394920,K07168.01,FALSE POSITIVE
8524110,K07891.01,FALSE POSITIVE
10164018,K07292.01,FALSE POSITIVE
10189523,K07293.01,FALSE POSITIVE
10198109,K07294.01,FALSE POSITIVE
10208759,K07295.01,FALSE POSITIVE
10214328,K07296.01,FALSE POSITIVE
10215422,K07297.01,FALSE POSITIVE
10257903,K07298.01,FALSE POSITIVE
10258558,K07299.01,FALSE POSITIVE
11240948,K07425.01,FALSE POSITIVE
11250867,K07428.01,FALSE POSITIVE
11251058,K07429.01,FALSE POSITIVE
11285625,K07431.01,FALSE POSITIVE
4732015,K05076.02,FALSE POSITIVE
9214712,K06064.02,FALSE POSITIVE
9214715,K06065.02,FALSE POSITIVE
7838906,K06165.02,FALSE POSITIVE
1026032,K06252.01,FALSE POSITIVE
3973504,K06377.01,FALSE POSITIVE
4042088,K06378.01,FALSE POSITIVE
4055092,K06379.01,FALSE POSITIVE
4067549,K06380.01,FALSE POSITIVE
4069063,K06381.01,FALSE POSITIVE
4069213,K06382.01,FALSE POSITIVE
4075064,K06383.01,FALSE POSITIVE
4076952,K06385.01,FALSE POSITIVE
5036530,K06503.02,FALSE POSITIVE
5036538,K06504.01,FALSE POSITIVE
5038469,K06505.01,FALSE POSITIVE
5039687,K06506.01,FALSE POSITIVE
5042785,K06507.01,FALSE POSITIVE
5078879,K06508.01,FALSE POSITIVE
5080346,K06509.01,FALSE POSITIVE
5080652,K06510.01,FALSE POSITIVE
5894972,K06634.01,FALSE POSITIVE
5952309,K06636.01,FALSE POSITIVE
5952457,K06637.01,FALSE POSITIVE
5962514,K06639.01,FALSE POSITIVE
5962716,K06640.01,FALSE POSITIVE
5977541,K06642.01,FALSE POSITIVE
5977804,K06643.01,FALSE POSITIVE
6792124,K06770.01,FALSE POSITIVE
6804648,K06771.01,FALSE POSITIVE
6806632,K06772.01,FALSE POSITIVE
6841577,K06773.01,FALSE POSITIVE
6852488,K06775.01,FALSE POSITIVE
8460634,K07887.01,FALSE POSITIVE
7671594,K06902.01,FALSE POSITIVE
7677005,K06903.01,FALSE POSITIVE
7691527,K06905.01,FALSE POSITIVE
7695445,K06906.01,FALSE POSITIVE
7700578,K06908.01,FALSE POSITIVE
7707736,K06909.01,FALSE POSITIVE
7733540,K06910.01,FALSE POSITIVE
8411947,K07034.01,FALSE POSITIVE
8414159,K07035.01,FALSE POSITIVE
8414216,K07036.01,FALSE POSITIVE
8415863,K07037.01,FALSE POSITIVE
8423903,K07038.01,FALSE POSITIVE
8429450,K07039.01,FALSE POSITIVE
8445775,K07042.01,FALSE POSITIVE
9411943,K07170.01,FALSE POSITIVE
9412462,K07171.01,FALSE POSITIVE
9418994,K07172.01,FALSE POSITIVE
9451096,K07173.01,FALSE POSITIVE
9466042,K07175.01,FALSE POSITIVE
9468296,K07176.01,FALSE POSITIVE
10264202,K07300.01,FALSE POSITIVE
10268809,K07302.01,FALSE POSITIVE
10274244,K07303.01,FALSE POSITIVE
10275887,K07304.01,FALSE POSITIVE
10290447,K07306.01,FALSE POSITIVE
10292465,K07307.01,FALSE POSITIVE
10294608,K07308.01,FALSE POSITIVE
11287726,K07433.01,FALSE POSITIVE
11295085,K07436.01,FALSE POSITIVE
11350389,K07438.01,FALSE POSITIVE
11356602,K07439.01,FALSE POSITIVE
11358392,K07440.01,FALSE POSITIVE
1433531,K06254.01,FALSE POSITIVE
1717528,K06255.01,FALSE POSITIVE
2012722,K06257.01,FALSE POSITIVE
2013883,K06258.01,FALSE POSITIVE
2162994,K06260.01,FALSE POSITIVE
2167444,K06261.01,FALSE POSITIVE
4078693,K06386.01,FALSE POSITIVE
4142768,K06387.01,FALSE POSITIVE
4149684,K06388.01,FALSE POSITIVE
4150703,K06389.01,FALSE POSITIVE
4157488,K06390.01,FALSE POSITIVE
4160669,K06391.01,FALSE POSITIVE
4171955,K06392.01,FALSE POSITIVE
4174507,K06393.01,FALSE POSITIVE
5083252,K06512.01,FALSE POSITIVE
5091075,K06514.01,FALSE POSITIVE
5091614,K06515.01,FALSE POSITIVE
5094301,K06517.01,FALSE POSITIVE
5983348,K06644.01,FALSE POSITIVE
5990753,K06645.01,FALSE POSITIVE
6029130,K06647.01,FALSE POSITIVE
6035335,K06648.01,FALSE POSITIVE
6041511,K06649.01,FALSE POSITIVE
6042116,K06650.01,FALSE POSITIVE
6042663,K06651.01,FALSE POSITIVE
6044064,K06652.01,FALSE POSITIVE
6859813,K06778.01,FALSE POSITIVE
6863840,K06779.01,FALSE POSITIVE
6864569,K06780.01,FALSE POSITIVE
6864859,K06782.01,FALSE POSITIVE
6877673,K06784.01,FALSE POSITIVE
6877871,K06785.01,FALSE POSITIVE
7741048,K06911.01,FALSE POSITIVE
7751562,K06912.01,FALSE POSITIVE
7755741,K06913.01,FALSE POSITIVE
7769072,K06914.01,FALSE POSITIVE
7769815,K06915.01,FALSE POSITIVE
7777365,K06916.01,FALSE POSITIVE
7798259,K06917.01,FALSE POSITIVE
8453191,K07043.01,FALSE POSITIVE
8453324,K07044.01,FALSE POSITIVE
8479107,K07045.01,FALSE POSITIVE
8479386,K07046.01,FALSE POSITIVE
8488876,K07047.01,FALSE POSITIVE
8504570,K07048.01,FALSE POSITIVE
8509346,K07049.01,FALSE POSITIVE
8517433,K07050.01,FALSE POSITIVE
9474222,K07177.01,FALSE POSITIVE
9474969,K07178.01,FALSE POSITIVE
9509207,K07181.01,FALSE POSITIVE
9520700,K07183.01,FALSE POSITIVE
9529294,K07184.01,FALSE POSITIVE
10296163,K07309.01,FALSE POSITIVE
10330495,K07310.01,FALSE POSITIVE
10332789,K07311.01,FALSE POSITIVE
10340228,K07312.01,FALSE POSITIVE
10341787,K07313.01,FALSE POSITIVE
10342097,K07314.01,FALSE POSITIVE
10345862,K07315.01,FALSE POSITIVE
10346522,K07316.01,FALSE POSITIVE
10352603,K07317.01,FALSE POSITIVE
11359305,K07441.01,FALSE POSITIVE
11391181,K07442.01,FALSE POSITIVE
11401869,K07443.01,FALSE POSITIVE
11409698,K07444.01,FALSE POSITIVE
11455795,K07446.01,FALSE POSITIVE
11457191,K07447.01,FALSE POSITIVE
11462556,K07448.01,FALSE POSITIVE
2305372,K06264.01,FALSE POSITIVE
2306740,K06265.01,FALSE POSITIVE
2308957,K06266.01,FALSE POSITIVE
2437452,K06268.01,FALSE POSITIVE
2437804,K06269.01,FALSE POSITIVE
2438061,K06270.01,FALSE POSITIVE
4180396,K06394.01,FALSE POSITIVE
4245897,K06395.01,FALSE POSITIVE
4252226,K06396.01,FALSE POSITIVE
4261960,K06397.01,FALSE POSITIVE
4269252,K06398.01,FALSE POSITIVE
4281895,K06400.01,FALSE POSITIVE
5095269,K06518.01,FALSE POSITIVE
5097278,K06519.01,FALSE POSITIVE
5098757,K06520.01,FALSE POSITIVE
5111801,K06521.01,FALSE POSITIVE
5112198,K06522.01,FALSE POSITIVE
5113809,K06523.01,FALSE POSITIVE
5115178,K06524.01,FALSE POSITIVE
5115379,K06525.01,FALSE POSITIVE
6046311,K06654.01,FALSE POSITIVE
6048106,K06655.01,FALSE POSITIVE
6048255,K06656.01,FALSE POSITIVE
6060580,K06658.01,FALSE POSITIVE
6063448,K06659.01,FALSE POSITIVE
6066107,K06660.01,FALSE POSITIVE
6890618,K06787.01,FALSE POSITIVE
6925263,K06788.01,FALSE POSITIVE
6927629,K06789.01,FALSE POSITIVE
6929016,K06790.01,FALSE POSITIVE
6936977,K06791.01,FALSE POSITIVE
6939670,K06792.01,FALSE POSITIVE
6947837,K06794.01,FALSE POSITIVE
6949550,K06795.01,FALSE POSITIVE
7816680,K06920.01,FALSE POSITIVE
7838639,K06922.01,FALSE POSITIVE
7846730,K06923.01,FALSE POSITIVE
7847927,K06924.01,FALSE POSITIVE
8526387,K07051.01,FALSE POSITIVE
8543278,K07052.01,FALSE POSITIVE
8552500,K07053.01,FALSE POSITIVE
8552540,K07054.01,FALSE POSITIVE
8553788,K07055.01,FALSE POSITIVE
8553907,K07056.01,FALSE POSITIVE
8559796,K07057.01,FALSE POSITIVE
8559863,K07058.01,FALSE POSITIVE
9529856,K07185.01,FALSE POSITIVE
9536048,K07186.01,FALSE POSITIVE
9540450,K07187.01,FALSE POSITIVE
9540675,K07188.01,FALSE POSITIVE
9541163,K07189.01,FALSE POSITIVE
9541567,K07190.01,FALSE POSITIVE
9569866,K07191.01,FALSE POSITIVE
9579192,K07192.01,FALSE POSITIVE
10363300,K07318.01,FALSE POSITIVE
10407047,K07321.01,FALSE POSITIVE
10407430,K07322.01,FALSE POSITIVE
10407464,K07323.01,FALSE POSITIVE
10417704,K07324.01,FALSE POSITIVE
10420279,K07325.01,FALSE POSITIVE
10422852,K07326.01,FALSE POSITIVE
11499757,K07450.01,FALSE POSITIVE
11501774,K07451.01,FALSE POSITIVE
11502172,K07452.01,FALSE POSITIVE
11502179,K07453.01,FALSE POSITIVE
11506235,K07454.01,FALSE POSITIVE
11560382,K07456.01,FALSE POSITIVE
11560431,K07457.01,FALSE POSITIVE
2438062,K06271.01,FALSE POSITIVE
2438517,K06272.01,FALSE POSITIVE
2442084,K06273.01,FALSE POSITIVE
2450716,K06275.01,FALSE POSITIVE
2557430,K06277.01,FALSE POSITIVE
2568971,K06278.01,FALSE POSITIVE
4284147,K06402.01,FALSE POSITIVE
4349935,K06403.01,FALSE POSITIVE
4352168,K06404.01,FALSE POSITIVE
4356621,K06405.01,FALSE POSITIVE
4357985,K06406.01,FALSE POSITIVE
4367544,K06407.01,FALSE POSITIVE
4372410,K06408.01,FALSE POSITIVE
4372961,K06410.01,FALSE POSITIVE
5119143,K06527.01,FALSE POSITIVE
5125048,K06528.01,FALSE POSITIVE
5126627,K06529.01,FALSE POSITIVE
5130890,K06530.01,FALSE POSITIVE
5164794,K06531.01,FALSE POSITIVE
5172274,K06533.01,FALSE POSITIVE
5174492,K06534.01,FALSE POSITIVE
6068947,K06661.01,FALSE POSITIVE
6103049,K06662.01,FALSE POSITIVE
6109688,K06663.01,FALSE POSITIVE
6128141,K06665.01,FALSE POSITIVE
6131659,K06667.01,FALSE POSITIVE
6146838,K06668.01,FALSE POSITIVE
6950275,K06796.01,FALSE POSITIVE
6953219,K06797.01,FALSE POSITIVE
6962018,K06799.01,FALSE POSITIVE
6965293,K06800.01,FALSE POSITIVE
6967430,K06801.01,FALSE POSITIVE
7009828,K06802.01,FALSE POSITIVE
7025851,K06803.01,FALSE POSITIVE
7870250,K06926.01,FALSE POSITIVE
7871395,K06927.01,FALSE POSITIVE
7885518,K06928.01,FALSE POSITIVE
7885570,K06929.01,FALSE POSITIVE
7886329,K06930.01,FALSE POSITIVE
7919653,K06932.01,FALSE POSITIVE
7938468,K06933.01,FALSE POSITIVE
8560861,K07059.01,FALSE POSITIVE
8565900,K07060.01,FALSE POSITIVE
8569819,K07062.01,FALSE POSITIVE
8574270,K07063.01,FALSE POSITIVE
8581658,K07064.01,FALSE POSITIVE
8590527,K07065.01,FALSE POSITIVE
8604993,K07066.01,FALSE POSITIVE
8608490,K07067.01,FALSE POSITIVE
9579789,K07193.01,FALSE POSITIVE
9581498,K07194.01,FALSE POSITIVE
9592855,K07196.01,FALSE POSITIVE
9596187,K07198.01,FALSE POSITIVE
9597095,K07200.01,FALSE POSITIVE
10454401,K07328.01,FALSE POSITIVE
10462826,K07329.01,FALSE POSITIVE
10468514,K07331.01,FALSE POSITIVE
10471113,K07332.01,FALSE POSITIVE
10481054,K07333.01,FALSE POSITIVE
10486425,K07334.01,FALSE POSITIVE
11560447,K07458.01,FALSE POSITIVE
11601357,K07459.01,FALSE POSITIVE
11615481,K07461.01,FALSE POSITIVE
11616200,K07462.01,FALSE POSITIVE
11616631,K07463.01,FALSE POSITIVE
11616663,K07464.01,FALSE POSITIVE
11618798,K07465.01,FALSE POSITIVE
2570505,K06279.01,FALSE POSITIVE
2570767,K06280.01,FALSE POSITIVE
2571075,K06281.01,FALSE POSITIVE
2576692,K06282.01,FALSE POSITIVE
2580872,K06283.01,FALSE POSITIVE
2583777,K06284.01,FALSE POSITIVE
2693092,K06285.01,FALSE POSITIVE
2708156,K06286.01,FALSE POSITIVE
2708172,K06287.01,FALSE POSITIVE
4375101,K06411.01,FALSE POSITIVE
4380283,K06412.01,FALSE POSITIVE
4384793,K06413.01,FALSE POSITIVE
4445630,K06414.01,FALSE POSITIVE
4446411,K06415.01,FALSE POSITIVE
4454219,K06416.01,FALSE POSITIVE
4456622,K06417.01,FALSE POSITIVE
4482738,K06418.01,FALSE POSITIVE
4484312,K06419.01,FALSE POSITIVE
5174920,K06535.01,FALSE POSITIVE
5181455,K06536.01,FALSE POSITIVE
5193386,K06537.01,FALSE POSITIVE
5196851,K06539.01,FALSE POSITIVE
5199978,K06540.01,FALSE POSITIVE
5211470,K06541.01,FALSE POSITIVE
6147573,K06669.01,FALSE POSITIVE
6152521,K06670.01,FALSE POSITIVE
6185717,K06671.01,FALSE POSITIVE
6205460,K06673.01,FALSE POSITIVE
6206751,K06674.01,FALSE POSITIVE
6207053,K06675.01,FALSE POSITIVE
6220470,K06677.01,FALSE POSITIVE
7031132,K06804.01,FALSE POSITIVE
7031732,K06805.01,FALSE POSITIVE
7031767,K06806.01,FALSE POSITIVE
7031948,K06807.01,FALSE POSITIVE
7031992,K06808.01,FALSE POSITIVE
7032117,K06809.01,FALSE POSITIVE
7032174,K06810.01,FALSE POSITIVE
7032383,K06811.01,FALSE POSITIVE
7943535,K06935.01,FALSE POSITIVE
7947631,K06936.01,FALSE POSITIVE
7950775,K06937.01,FALSE POSITIVE
7955301,K06938.01,FALSE POSITIVE
7960295,K06939.01,FALSE POSITIVE
7960547,K06940.01,FALSE POSITIVE
7967100,K06941.01,FALSE POSITIVE
8610483,K07068.01,FALSE POSITIVE
8618226,K07070.01,FALSE POSITIVE
8621026,K07071.01,FALSE POSITIVE
8690001,K07075.01,FALSE POSITIVE
9597854,K07201.01,FALSE POSITIVE
9602431,K07202.01,FALSE POSITIVE
9602538,K07203.01,FALSE POSITIVE
9630640,K07204.01,FALSE POSITIVE
9635529,K07206.01,FALSE POSITIVE
9637299,K07207.01,FALSE POSITIVE
10490960,K07335.01,FALSE POSITIVE
10491031,K07336.01,FALSE POSITIVE
10535807,K07337.01,FALSE POSITIVE
10535858,K07338.01,FALSE POSITIVE
10547685,K07340.01,FALSE POSITIVE
10549576,K07341.01,FALSE POSITIVE
10552700,K07342.01,FALSE POSITIVE
11619964,K07466.01,FALSE POSITIVE
11651105,K07468.01,FALSE POSITIVE
11662440,K07469.01,FALSE POSITIVE
11704044,K07472.01,FALSE POSITIVE
11706658,K07473.01,FALSE POSITIVE
2708445,K06288.01,FALSE POSITIVE
2708614,K06289.01,FALSE POSITIVE
2711114,K06290.01,FALSE POSITIVE
2720354,K06292.01,FALSE POSITIVE
2852560,K06294.01,FALSE POSITIVE
2856960,K06295.01,FALSE POSITIVE
4484356,K06420.01,FALSE POSITIVE
4489844,K06421.01,FALSE POSITIVE
4540632,K06422.01,FALSE POSITIVE
4544623,K06423.01,FALSE POSITIVE
4565985,K06424.01,FALSE POSITIVE
4569590,K06426.01,FALSE POSITIVE
4574310,K06427.01,FALSE POSITIVE
4575824,K06428.01,FALSE POSITIVE
5216727,K06543.01,FALSE POSITIVE
5218014,K06544.01,FALSE POSITIVE
5255552,K06545.01,FALSE POSITIVE
5266937,K06547.01,FALSE POSITIVE
5269407,K06548.01,FALSE POSITIVE
5271803,K06549.01,FALSE POSITIVE
5272571,K06550.01,FALSE POSITIVE
6228703,K06678.01,FALSE POSITIVE
6231401,K06679.01,FALSE POSITIVE
6279823,K06681.01,FALSE POSITIVE
6283224,K06682.01,FALSE POSITIVE
6285094,K06683.01,FALSE POSITIVE
6285396,K06684.01,FALSE POSITIVE
6285397,K06685.01,FALSE POSITIVE
7032968,K06812.01,FALSE POSITIVE
7033713,K06813.01,FALSE POSITIVE
7033748,K06814.01,FALSE POSITIVE
7049486,K06815.01,FALSE POSITIVE
7050754,K06816.01,FALSE POSITIVE
7090801,K06817.01,FALSE POSITIVE
7097571,K06818.01,FALSE POSITIVE
7970629,K06942.01,FALSE POSITIVE
7970760,K06943.01,FALSE POSITIVE
7971389,K06944.01,FALSE POSITIVE
7976136,K06945.01,FALSE POSITIVE
7976435,K06946.01,FALSE POSITIVE
7985167,K06947.01,FALSE POSITIVE
7987749,K06948.01,FALSE POSITIVE
8700506,K07077.01,FALSE POSITIVE
8701327,K07078.01,FALSE POSITIVE
8711548,K07079.01,FALSE POSITIVE
8713828,K07080.01,FALSE POSITIVE
8719897,K07081.01,FALSE POSITIVE
8736245,K07082.01,FALSE POSITIVE
8738115,K07083.01,FALSE POSITIVE
8739209,K07084.01,FALSE POSITIVE
8746310,K07085.01,FALSE POSITIVE
9640921,K07210.01,FALSE POSITIVE
9640921,K07210.02,FALSE POSITIVE
9641031,K07211.01,FALSE POSITIVE
9641103,K07212.01,FALSE POSITIVE
9644411,K07213.01,FALSE POSITIVE
9644683,K07214.01,FALSE POSITIVE
9652166,K07216.01,FALSE POSITIVE
10556578,K07343.01,FALSE POSITIVE
10583181,K07344.01,FALSE POSITIVE
10592163,K07346.01,FALSE POSITIVE
10597164,K07347.01,FALSE POSITIVE
10601538,K07348.01,FALSE POSITIVE
10601579,K07349.01,FALSE POSITIVE
10613718,K07350.01,FALSE POSITIVE
8557246,K07895.01,FALSE POSITIVE
11709022,K07474.01,FALSE POSITIVE
11724091,K07475.01,FALSE POSITIVE
11757422,K07476.01,FALSE POSITIVE
11763910,K07477.01,FALSE POSITIVE
11768970,K07478.01,FALSE POSITIVE
11775530,K07480.01,FALSE POSITIVE
11811454,K07481.01,FALSE POSITIVE
8560280,K07896.01,FALSE POSITIVE
2860594,K06296.01,FALSE POSITIVE
2860788,K06297.01,FALSE POSITIVE
2969638,K06298.01,FALSE POSITIVE
2973509,K06300.01,FALSE POSITIVE
2998124,K06302.01,FALSE POSITIVE
3098194,K06303.01,FALSE POSITIVE
4578594,K06429.01,FALSE POSITIVE
4587448,K06430.01,FALSE POSITIVE
4633434,K06431.01,FALSE POSITIVE
4661634,K06432.01,FALSE POSITIVE
4665989,K06433.01,FALSE POSITIVE
4671584,K06434.01,FALSE POSITIVE
4678171,K06435.01,FALSE POSITIVE
4681152,K06436.01,FALSE POSITIVE
4725292,K06437.01,FALSE POSITIVE
5282656,K06551.01,FALSE POSITIVE
5284133,K06552.01,FALSE POSITIVE
5285607,K06553.01,FALSE POSITIVE
5286786,K06554.01,FALSE POSITIVE
5288543,K06555.01,FALSE POSITIVE
5294739,K06556.01,FALSE POSITIVE
5298620,K06558.01,FALSE POSITIVE
5300878,K06559.01,FALSE POSITIVE
6292732,K06686.01,FALSE POSITIVE
6311637,K06688.01,FALSE POSITIVE
6364126,K06690.01,FALSE POSITIVE
6364195,K06691.01,FALSE POSITIVE
6364200,K06692.01,FALSE POSITIVE
6364247,K06693.01,FALSE POSITIVE
7105574,K06820.01,FALSE POSITIVE
7115200,K06821.01,FALSE POSITIVE
7115332,K06822.01,FALSE POSITIVE
7115463,K06823.01,FALSE POSITIVE
7115597,K06824.01,FALSE POSITIVE
7115878,K06825.01,FALSE POSITIVE
7116043,K06826.01,FALSE POSITIVE
7116226,K06827.01,FALSE POSITIVE
8008128,K06950.01,FALSE POSITIVE
8009500,K06951.01,FALSE POSITIVE
8013289,K06952.01,FALSE POSITIVE
8016214,K06953.01,FALSE POSITIVE
8027902,K06955.01,FALSE POSITIVE
8039925,K06956.01,FALSE POSITIVE
8081389,K06958.01,FALSE POSITIVE
8750094,K07086.01,FALSE POSITIVE
8758161,K07087.01,FALSE POSITIVE
8767034,K07089.01,FALSE POSITIVE
8773948,K07090.01,FALSE POSITIVE
8784288,K07091.01,FALSE POSITIVE
8804358,K07092.01,FALSE POSITIVE
8508493,K07890.01,FALSE POSITIVE
9652632,K07217.01,FALSE POSITIVE
9655424,K07218.01,FALSE POSITIVE
9657636,K07219.01,FALSE POSITIVE
9665503,K07221.01,FALSE POSITIVE
9673173,K07222.01,FALSE POSITIVE
9711751,K07225.01,FALSE POSITIVE
10619109,K07351.01,FALSE POSITIVE
10646620,K07352.01,FALSE POSITIVE
10649230,K07353.01,FALSE POSITIVE
10661913,K07355.01,FALSE POSITIVE
10661976,K07356.01,FALSE POSITIVE
10662021,K07357.01,FALSE POSITIVE
8560927,K07897.01,FALSE POSITIVE
11817750,K07482.01,FALSE POSITIVE
11855538,K07485.01,FALSE POSITIVE
11858541,K07486.01,FALSE POSITIVE
11873166,K07487.01,FALSE POSITIVE
11873171,K07488.01,FALSE POSITIVE
3102024,K06304.01,FALSE POSITIVE
3110937,K06305.01,FALSE POSITIVE
3115480,K06306.01,FALSE POSITIVE
3120320,K06307.01,FALSE POSITIVE
3127817,K06308.01,FALSE POSITIVE
3228740,K06309.01,FALSE POSITIVE
3230206,K06310.01,FALSE POSITIVE
3230227,K06311.01,FALSE POSITIVE
4729553,K06438.01,FALSE POSITIVE
4736208,K06439.01,FALSE POSITIVE
4737302,K06441.01,FALSE POSITIVE
4739194,K06442.01,FALSE POSITIVE
4739565,K06443.01,FALSE POSITIVE
4740688,K06444.01,FALSE POSITIVE
4753988,K06445.01,FALSE POSITIVE
4757331,K06446.01,FALSE POSITIVE
5301955,K06560.01,FALSE POSITIVE
5306862,K06561.01,FALSE POSITIVE
5307574,K06562.01,FALSE POSITIVE
5308778,K06563.01,FALSE POSITIVE
5310435,K06564.01,FALSE POSITIVE
5343976,K06565.01,FALSE POSITIVE
5347537,K06566.01,FALSE POSITIVE
5347784,K06567.01,FALSE POSITIVE
6364294,K06694.01,FALSE POSITIVE
6367439,K06695.01,FALSE POSITIVE
6367628,K06696.01,FALSE POSITIVE
6384840,K06699.01,FALSE POSITIVE
6386784,K06700.01,FALSE POSITIVE
6390236,K06701.01,FALSE POSITIVE
6421188,K06702.01,FALSE POSITIVE
7116236,K06828.01,FALSE POSITIVE
7117513,K06829.01,FALSE POSITIVE
7117541,K06830.01,FALSE POSITIVE
7118545,K06831.01,FALSE POSITIVE
7125636,K06832.01,FALSE POSITIVE
7128918,K06833.01,FALSE POSITIVE
7132015,K06834.01,FALSE POSITIVE
8088354,K06959.01,FALSE POSITIVE
8094140,K06961.01,FALSE POSITIVE
8094221,K06962.01,FALSE POSITIVE
8097825,K06963.01,FALSE POSITIVE
8098300,K06964.01,FALSE POSITIVE
8098515,K06965.01,FALSE POSITIVE
8104436,K06967.01,FALSE POSITIVE
8822585,K07095.01,FALSE POSITIVE
8823397,K07096.01,FALSE POSITIVE
8841616,K07097.01,FALSE POSITIVE
8845221,K07098.01,FALSE POSITIVE
8848104,K07100.01,FALSE POSITIVE
8848115,K07101.01,FALSE POSITIVE
8868657,K07102.01,FALSE POSITIVE
9762514,K07227.01,FALSE POSITIVE
9762519,K07228.01,FALSE POSITIVE
9777062,K07229.01,FALSE POSITIVE
9786821,K07230.01,FALSE POSITIVE
9790965,K07231.01,FALSE POSITIVE
9818732,K07233.01,FALSE POSITIVE
10685175,K07362.01,FALSE POSITIVE
10686876,K07363.01,FALSE POSITIVE
10686930,K07364.01,FALSE POSITIVE
10711913,K07365.01,FALSE POSITIVE
10732401,K07366.01,FALSE POSITIVE
11906217,K07490.01,FALSE POSITIVE
11913052,K07491.01,FALSE POSITIVE
11913071,K07492.01,FALSE POSITIVE
11918482,K07493.01,FALSE POSITIVE
11922648,K07494.01,FALSE POSITIVE
11922782,K07495.01,FALSE POSITIVE
11923819,K07496.01,FALSE POSITIVE
11959569,K07497.01,FALSE POSITIVE
11966557,K07498.01,FALSE POSITIVE
3241619,K06312.01,FALSE POSITIVE
3241662,K06313.01,FALSE POSITIVE
3245000,K06314.01,FALSE POSITIVE
3247294,K06316.01,FALSE POSITIVE
3248332,K06317.01,FALSE POSITIVE
3323289,K06319.01,FALSE POSITIVE
4758350,K06447.01,FALSE POSITIVE
4758368,K06448.01,FALSE POSITIVE
4768756,K06451.01,FALSE POSITIVE
4769824,K06452.01,FALSE POSITIVE
4773155,K06453.01,FALSE POSITIVE
4832273,K06455.01,FALSE POSITIVE
5359678,K06569.01,FALSE POSITIVE
5385469,K06571.01,FALSE POSITIVE
5385647,K06572.01,FALSE POSITIVE
5385667,K06573.01,FALSE POSITIVE
5388229,K06574.01,FALSE POSITIVE
5389184,K06575.01,FALSE POSITIVE
6421483,K06703.01,FALSE POSITIVE
6421937,K06704.01,FALSE POSITIVE
6428942,K06706.01,FALSE POSITIVE
6437993,K06708.01,FALSE POSITIVE
6442246,K06709.01,FALSE POSITIVE
6443392,K06710.01,FALSE POSITIVE
7137798,K06836.01,FALSE POSITIVE
7177553,K06837.01,FALSE POSITIVE
7177892,K06838.01,FALSE POSITIVE
7185487,K06839.01,FALSE POSITIVE
7198648,K06840.01,FALSE POSITIVE
7199935,K06841.01,FALSE POSITIVE
7200102,K06842.01,FALSE POSITIVE
7200225,K06843.01,FALSE POSITIVE
8111622,K06968.01,FALSE POSITIVE
8112013,K06969.01,FALSE POSITIVE
8123170,K06972.01,FALSE POSITIVE
8123937,K06973.01,FALSE POSITIVE
8128965,K06974.01,FALSE POSITIVE
8129189,K06975.01,FALSE POSITIVE
8878681,K07103.01,FALSE POSITIVE
8879427,K07104.01,FALSE POSITIVE
8879915,K07105.01,FALSE POSITIVE
8890996,K07107.01,FALSE POSITIVE
8906676,K07108.01,FALSE POSITIVE
8938628,K07109.01,FALSE POSITIVE
8940961,K07110.01,FALSE POSITIVE
9821078,K07234.01,FALSE POSITIVE
9848420,K07237.01,FALSE POSITIVE
9850387,K07238.01,FALSE POSITIVE
9850912,K07239.01,FALSE POSITIVE
9852050,K07240.01,FALSE POSITIVE
9873869,K07241.01,FALSE POSITIVE
10736223,K07367.01,FALSE POSITIVE
10743600,K07369.01,FALSE POSITIVE
10753734,K07371.01,FALSE POSITIVE
10794242,K07372.01,FALSE POSITIVE
10794405,K07373.01,FALSE POSITIVE
10809677,K07374.01,FALSE POSITIVE
11967004,K07499.01,FALSE POSITIVE
11968490,K07500.01,FALSE POSITIVE
11970288,K07501.01,FALSE POSITIVE
12004679,K07502.01,FALSE POSITIVE
12004680,K07503.01,FALSE POSITIVE
12004689,K07504.01,FALSE POSITIVE
12013615,K07505.01,FALSE POSITIVE
12022517,K07507.01,FALSE POSITIVE
6307521,K01126.02,FALSE POSITIVE
7037540,K01347.02,FALSE POSITIVE
4349442,K01803.03,FALSE POSITIVE
3327980,K06321.01,FALSE POSITIVE
3329643,K06322.01,FALSE POSITIVE
3335816,K06323.01,FALSE POSITIVE
3337438,K06324.01,FALSE POSITIVE
3337548,K06325.01,FALSE POSITIVE
3339538,K06326.01,FALSE POSITIVE
3341934,K06327.01,FALSE POSITIVE
3343866,K06328.01,FALSE POSITIVE
4839180,K06456.01,FALSE POSITIVE
4840263,K06457.01,FALSE POSITIVE
4840818,K06458.01,FALSE POSITIVE
4847832,K06459.01,FALSE POSITIVE
4851217,K06460.01,FALSE POSITIVE
4851338,K06461.01,FALSE POSITIVE
4851356,K06462.01,FALSE POSITIVE
4862332,K06463.01,FALSE POSITIVE
4862625,K06464.01,FALSE POSITIVE
5393558,K06576.01,FALSE POSITIVE
5397905,K06577.01,FALSE POSITIVE
5444392,K06578.01,FALSE POSITIVE
5460835,K06580.01,FALSE POSITIVE
5462901,K06581.01,FALSE POSITIVE
5471010,K06583.01,FALSE POSITIVE
6447326,K06711.01,FALSE POSITIVE
6448768,K06712.01,FALSE POSITIVE
6449291,K06713.01,FALSE POSITIVE
6449552,K06714.01,FALSE POSITIVE
6452742,K06715.01,FALSE POSITIVE
6464285,K06716.01,FALSE POSITIVE
6466939,K06717.01,FALSE POSITIVE
6468938,K06718.01,FALSE POSITIVE
8429014,K07885.01,FALSE POSITIVE
7200301,K06844.01,FALSE POSITIVE
7203179,K06845.01,FALSE POSITIVE
7203194,K06846.01,FALSE POSITIVE
7204073,K06847.01,FALSE POSITIVE
7212722,K06848.01,FALSE POSITIVE
7280953,K06850.01,FALSE POSITIVE
7281217,K06851.01,FALSE POSITIVE
7281229,K06852.01,FALSE POSITIVE
8143170,K06976.01,FALSE POSITIVE
8145789,K06977.01,FALSE POSITIVE
8155584,K06979.01,FALSE POSITIVE
8158324,K06981.01,FALSE POSITIVE
8162376,K06982.01,FALSE POSITIVE
8953281,K07112.01,FALSE POSITIVE
8953426,K07113.01,FALSE POSITIVE
8953475,K07114.01,FALSE POSITIVE
8957572,K07115.01,FALSE POSITIVE
8973000,K07118.01,FALSE POSITIVE
9881258,K07242.01,FALSE POSITIVE
9899153,K07243.01,FALSE POSITIVE
9899193,K07244.01,FALSE POSITIVE
9899410,K07245.01,FALSE POSITIVE
9899421,K07246.01,FALSE POSITIVE
9899577,K07247.01,FALSE POSITIVE
9899583,K07248.01,FALSE POSITIVE
9906489,K07249.01,FALSE POSITIVE
10816107,K07377.01,FALSE POSITIVE
10847907,K07379.01,FALSE POSITIVE
10849244,K07381.01,FALSE POSITIVE
10857589,K07382.01,FALSE POSITIVE
12022718,K07508.01,FALSE POSITIVE
12053823,K07509.01,FALSE POSITIVE
12071006,K07511.01,FALSE POSITIVE
12105785,K07512.01,FALSE POSITIVE
12106875,K07513.01,FALSE POSITIVE
12157983,K07514.01,FALSE POSITIVE
12164751,K07515.01,FALSE POSITIVE
12217907,K07516.01,FALSE POSITIVE
10028352,K01957.02,FALSE POSITIVE
3352751,K06330.01,FALSE POSITIVE
3427776,K06332.01,FALSE POSITIVE
3437739,K06333.01,FALSE POSITIVE
3440230,K06334.01,FALSE POSITIVE
3441340,K06335.01,FALSE POSITIVE
3448323,K06336.01,FALSE POSITIVE
4862625,K06464.02,FALSE POSITIVE
4863369,K06465.01,FALSE POSITIVE
4863753,K06466.01,FALSE POSITIVE
4902030,K06467.01,FALSE POSITIVE
4908495,K06468.01,FALSE POSITIVE
4912589,K06469.01,FALSE POSITIVE
4914709,K06470.01,FALSE POSITIVE
4914737,K06471.01,FALSE POSITIVE
5471141,K06584.01,FALSE POSITIVE
5471328,K06585.01,FALSE POSITIVE
5471415,K06586.01,FALSE POSITIVE
5471480,K06587.01,FALSE POSITIVE
5475712,K06588.01,FALSE POSITIVE
5479973,K06589.01,FALSE POSITIVE
5513822,K06590.01,FALSE POSITIVE
5513833,K06591.01,FALSE POSITIVE
6471229,K06719.01,FALSE POSITIVE
6471230,K06720.01,FALSE POSITIVE
6521174,K06721.01,FALSE POSITIVE
6521542,K06722.01,FALSE POSITIVE
6522353,K06723.01,FALSE POSITIVE
6522750,K06724.01,FALSE POSITIVE
6523216,K06725.01,FALSE POSITIVE
6531485,K06726.01,FALSE POSITIVE
6531801,K06727.01,FALSE POSITIVE
7281356,K06853.01,FALSE POSITIVE
7281399,K06854.01,FALSE POSITIVE
7281410,K06855.01,FALSE POSITIVE
7281616,K06856.01,FALSE POSITIVE
7281699,K06857.01,FALSE POSITIVE
7282008,K06858.01,FALSE POSITIVE
7285616,K06859.01,FALSE POSITIVE
8178616,K06984.01,FALSE POSITIVE
8183389,K06986.01,FALSE POSITIVE
8192861,K06987.01,FALSE POSITIVE
8193315,K06988.01,FALSE POSITIVE
8195877,K06989.01,FALSE POSITIVE
8196180,K06990.01,FALSE POSITIVE
8210721,K06991.01,FALSE POSITIVE
8977176,K07119.01,FALSE POSITIVE
9001468,K07120.01,FALSE POSITIVE
9005854,K07121.01,FALSE POSITIVE
9007918,K07122.01,FALSE POSITIVE
9007953,K07123.01,FALSE POSITIVE
9024857,K07124.01,FALSE POSITIVE
9029486,K07126.01,FALSE POSITIVE
9906802,K07250.01,FALSE POSITIVE
9906841,K07251.01,FALSE POSITIVE
9913481,K07253.01,FALSE POSITIVE
9913798,K07254.01,FALSE POSITIVE
9934208,K07256.01,FALSE POSITIVE
9936698,K07257.01,FALSE POSITIVE
10867017,K07384.01,FALSE POSITIVE
10909274,K07385.01,FALSE POSITIVE
10920813,K07386.01,FALSE POSITIVE
10923260,K07387.01,FALSE POSITIVE
10924400,K07388.01,FALSE POSITIVE
10936427,K07390.01,FALSE POSITIVE
10937609,K07391.01,FALSE POSITIVE
10965963,K07392.01,FALSE POSITIVE
12251779,K07517.01,FALSE POSITIVE
12268220,K07518.01,FALSE POSITIVE
12302391,K07519.01,FALSE POSITIVE
12306808,K07521.01,FALSE POSITIVE
12351927,K07522.01,FALSE POSITIVE
12353633,K07523.01,FALSE POSITIVE
12353720,K07524.01,FALSE POSITIVE
8565912,K07898.01,FALSE POSITIVE
2853828,K02896.02,FALSE POSITIVE
7008149,K02918.02,FALSE POSITIVE
3458919,K06337.01,FALSE POSITIVE
3542573,K06338.01,FALSE POSITIVE
3543270,K06339.01,FALSE POSITIVE
3544678,K06340.01,FALSE POSITIVE
3556742,K06344.01,FALSE POSITIVE
4917014,K06472.01,FALSE POSITIVE
4931073,K06473.01,FALSE POSITIVE
4932691,K06474.01,FALSE POSITIVE
4940201,K06476.01,FALSE POSITIVE
4946680,K06477.01,FALSE POSITIVE
4947726,K06478.01,FALSE POSITIVE
4948863,K06479.01,FALSE POSITIVE
5529501,K06592.01,FALSE POSITIVE
5529560,K06593.01,FALSE POSITIVE
5530881,K06594.01,FALSE POSITIVE
5534476,K06595.01,FALSE POSITIVE
5534702,K06596.01,FALSE POSITIVE
5535280,K06597.01,FALSE POSITIVE
5553624,K06599.01,FALSE POSITIVE
6543682,K06728.01,FALSE POSITIVE
6545018,K06729.01,FALSE POSITIVE
6548447,K06730.01,FALSE POSITIVE
6584167,K06732.01,FALSE POSITIVE
6591789,K06735.01,FALSE POSITIVE
6593363,K06736.01,FALSE POSITIVE
7336754,K06861.01,FALSE POSITIVE
7362534,K06864.01,FALSE POSITIVE
7362632,K06865.01,FALSE POSITIVE
7365447,K06866.01,FALSE POSITIVE
7366036,K06867.01,FALSE POSITIVE
7366065,K06868.01,FALSE POSITIVE
8211521,K06992.01,FALSE POSITIVE
8229048,K06995.01,FALSE POSITIVE
8231877,K06996.01,FALSE POSITIVE
8234477,K06997.01,FALSE POSITIVE
8240109,K06998.01,FALSE POSITIVE
8240861,K06999.01,FALSE POSITIVE
9049010,K07127.01,FALSE POSITIVE
9083503,K07128.01,FALSE POSITIVE
9093566,K07130.01,FALSE POSITIVE
9098590,K07131.01,FALSE POSITIVE
9098810,K07132.01,FALSE POSITIVE
9101208,K07134.01,FALSE POSITIVE
9944421,K07260.01,FALSE POSITIVE
9945280,K07261.01,FALSE POSITIVE
9953736,K07262.01,FALSE POSITIVE
9958053,K07263.01,FALSE POSITIVE
9963009,K07265.01,FALSE POSITIVE
8545603,K07893.01,FALSE POSITIVE
10976412,K07393.01,FALSE POSITIVE
10979716,K07394.01,FALSE POSITIVE
10982373,K07395.01,FALSE POSITIVE
10987439,K07396.01,FALSE POSITIVE
10989032,K07397.01,FALSE POSITIVE
10991989,K07398.01,FALSE POSITIVE
10992733,K07399.01,FALSE POSITIVE
12356746,K07525.01,FALSE POSITIVE
12356914,K07526.01,FALSE POSITIVE
12365000,K07527.01,FALSE POSITIVE
12365015,K07528.01,FALSE POSITIVE
12367017,K07529.01,FALSE POSITIVE
12367310,K07530.01,FALSE POSITIVE
12403968,K07531.01,FALSE POSITIVE
12418662,K07532.01,FALSE POSITIVE
12418816,K07533.01,FALSE POSITIVE
9959492,K03051.02,FALSE POSITIVE
3558803,K06345.01,FALSE POSITIVE
3634169,K06346.01,FALSE POSITIVE
3644174,K06347.01,FALSE POSITIVE
3655326,K06348.01,FALSE POSITIVE
3656322,K06349.01,FALSE POSITIVE
3656700,K06350.01,FALSE POSITIVE
3659940,K06351.01,FALSE POSITIVE
4949027,K06480.01,FALSE POSITIVE
4949214,K06481.01,FALSE POSITIVE
4950341,K06482.01,FALSE POSITIVE
4950557,K06483.01,FALSE POSITIVE
5000179,K06485.01,FALSE POSITIVE
5017058,K06486.01,FALSE POSITIVE
5018787,K06487.01,FALSE POSITIVE
8345473,K07881.01,FALSE POSITIVE
5598639,K06602.01,FALSE POSITIVE
5610698,K06603.01,FALSE POSITIVE
5616489,K06604.01,FALSE POSITIVE
5621294,K06606.01,FALSE POSITIVE
5621299,K06607.01,FALSE POSITIVE
5622250,K06608.01,FALSE POSITIVE
5632781,K06609.01,FALSE POSITIVE
6594972,K06737.01,FALSE POSITIVE
6595662,K06738.01,FALSE POSITIVE
6606282,K06740.01,FALSE POSITIVE
6606669,K06741.01,FALSE POSITIVE
6607610,K06742.01,FALSE POSITIVE
6610219,K06743.01,FALSE POSITIVE
6610433,K06744.01,FALSE POSITIVE
7368103,K06869.01,FALSE POSITIVE
7369523,K06870.01,FALSE POSITIVE
7376982,K06871.01,FALSE POSITIVE
7381695,K06873.01,FALSE POSITIVE
7385387,K06874.01,FALSE POSITIVE
7385478,K06875.01,FALSE POSITIVE
7421876,K06876.01,FALSE POSITIVE
8243263,K07000.01,FALSE POSITIVE
8244295,K07001.01,FALSE POSITIVE
8262223,K07004.01,FALSE POSITIVE
8265520,K07005.01,FALSE POSITIVE
8265990,K07006.01,FALSE POSITIVE
9119405,K07135.01,FALSE POSITIVE
9156957,K07137.01,FALSE POSITIVE
9159301,K07138.01,FALSE POSITIVE
9163674,K07139.01,FALSE POSITIVE
9164788,K07140.01,FALSE POSITIVE
9172506,K07141.01,FALSE POSITIVE
9179531,K07142.01,FALSE POSITIVE
9963639,K07266.01,FALSE POSITIVE
9965691,K07267.01,FALSE POSITIVE
9971475,K07268.01,FALSE POSITIVE
10000490,K07269.01,FALSE POSITIVE
10014702,K07271.01,FALSE POSITIVE
10020423,K07273.01,FALSE POSITIVE
11027270,K07401.01,FALSE POSITIVE
11027722,K07402.01,FALSE POSITIVE
11029877,K07403.01,FALSE POSITIVE
11071207,K07405.01,FALSE POSITIVE
11073223,K07406.01,FALSE POSITIVE
11076279,K07407.01,FALSE POSITIVE
11124509,K07409.01,FALSE POSITIVE
12470530,K07536.01,FALSE POSITIVE
12504353,K07537.01,FALSE POSITIVE
12506342,K07538.01,FALSE POSITIVE
12557713,K07541.01,FALSE POSITIVE
2437112,K03461.02,FALSE POSITIVE
8719324,K03716.02,FALSE POSITIVE
5471690,K04006.02,FALSE POSITIVE
5078025,K04211.02,FALSE POSITIVE
3746248,K06354.01,FALSE POSITIVE
3757588,K06356.01,FALSE POSITIVE
3764411,K06357.01,FALSE POSITIVE
3766353,K06359.01,FALSE POSITIVE
5019567,K06488.01,FALSE POSITIVE
5021732,K06490.01,FALSE POSITIVE
5022440,K06491.01,FALSE POSITIVE
5022900,K06492.01,FALSE POSITIVE
5024126,K06493.01,FALSE POSITIVE
5024268,K06494.01,FALSE POSITIVE
5024372,K06495.01,FALSE POSITIVE
5647638,K06611.01,FALSE POSITIVE
5653126,K06612.01,FALSE POSITIVE
5686974,K06613.01,FALSE POSITIVE
5696909,K06614.01,FALSE POSITIVE
5697628,K06615.01,FALSE POSITIVE
5700330,K06616.01,FALSE POSITIVE
6629156,K06747.01,FALSE POSITIVE
6629588,K06748.01,FALSE POSITIVE
6636020,K06749.01,FALSE POSITIVE
7431665,K06877.01,FALSE POSITIVE
7455553,K06879.01,FALSE POSITIVE
7456521,K06880.01,FALSE POSITIVE
7461314,K06881.01,FALSE POSITIVE
7499571,K06883.01,FALSE POSITIVE
7541502,K06885.01,FALSE POSITIVE
8285254,K07008.01,FALSE POSITIVE
8285970,K07009.01,FALSE POSITIVE
8288719,K07010.01,FALSE POSITIVE
8294484,K07011.01,FALSE POSITIVE
8296467,K07012.01,FALSE POSITIVE
8301013,K07013.01,FALSE POSITIVE
8302455,K07014.01,FALSE POSITIVE
8302473,K07015.01,FALSE POSITIVE
9181340,K07143.01,FALSE POSITIVE
9205993,K07145.01,FALSE POSITIVE
9207508,K07146.01,FALSE POSITIVE
9210828,K07147.01,FALSE POSITIVE
9236858,K07149.01,FALSE POSITIVE
9243795,K07150.01,FALSE POSITIVE
9266285,K07151.01,FALSE POSITIVE
10026136,K07274.01,FALSE POSITIVE
10026457,K07275.01,FALSE POSITIVE
10031409,K07276.01,FALSE POSITIVE
10031526,K07277.01,FALSE POSITIVE
10031808,K07278.01,FALSE POSITIVE
10063044,K07280.01,FALSE POSITIVE
11134079,K07410.01,FALSE POSITIVE
11137061,K07411.01,FALSE POSITIVE
11144439,K07412.01,FALSE POSITIVE
11147276,K07413.01,FALSE POSITIVE
11154043,K07414.01,FALSE POSITIVE
4548011,K04288.03,FALSE POSITIVE
2852941,K04298.02,FALSE POSITIVE
9597729,K04417.02,FALSE POSITIVE
3830820,K06360.01,FALSE POSITIVE
3831523,K06361.01,FALSE POSITIVE
3834364,K06362.01,FALSE POSITIVE
3836413,K06363.01,FALSE POSITIVE
3836439,K06364.01,FALSE POSITIVE
3838004,K06365.01,FALSE POSITIVE
3851134,K06366.01,FALSE POSITIVE
3851193,K06367.01,FALSE POSITIVE
9595956,K07604.01,FALSE POSITIVE
9655792,K07605.01,FALSE POSITIVE
9970396,K07606.01,FALSE POSITIVE
10253638,K07608.01,FALSE POSITIVE
10267121,K07609.01,FALSE POSITIVE
10341777,K07610.01,FALSE POSITIVE
10407271,K07611.01,FALSE POSITIVE
10471167,K07612.01,FALSE POSITIVE
10471174,K07613.01,FALSE POSITIVE
10471345,K07614.01,FALSE POSITIVE
11296798,K07615.01,FALSE POSITIVE
11463950,K07616.01,FALSE POSITIVE
11621897,K07618.01,FALSE POSITIVE
12253534,K07619.01,FALSE POSITIVE
12304202,K07620.01,FALSE POSITIVE
9291039,K03230.02,FALSE POSITIVE
10155321,K04422.02,FALSE POSITIVE
4953173,K04676.02,FALSE POSITIVE
6363560,K05270.02,FALSE POSITIVE
7539174,K05397.02,FALSE POSITIVE
10535708,K05801.02,FALSE POSITIVE
11453930,K05900.02,FALSE POSITIVE
4737267,K06117.01,FALSE POSITIVE
5955321,K06140.01,FALSE POSITIVE
6182093,K06143.02,FALSE POSITIVE
10621666,K01636.02,FALSE POSITIVE
5211470,K06541.02,FALSE POSITIVE
6665064,K06751.02,FALSE POSITIVE
3123418,K07542.01,FALSE POSITIVE
3458687,K07543.01,FALSE POSITIVE
3749508,K07544.01,FALSE POSITIVE
3955867,K07545.01,FALSE POSITIVE
4074294,K07547.01,FALSE POSITIVE
4380560,K07548.01,FALSE POSITIVE
4384652,K07549.01,FALSE POSITIVE
7697568,K01829.02,FALSE POSITIVE
4483235,K07550.01,FALSE POSITIVE
4662363,K07551.01,FALSE POSITIVE
4680745,K07552.01,FALSE POSITIVE
4851195,K07553.01,FALSE POSITIVE
5024414,K07555.01,FALSE POSITIVE
5177065,K07556.01,FALSE POSITIVE
5268955,K07557.01,FALSE POSITIVE
5598645,K07560.01,FALSE POSITIVE
5696518,K07561.01,FALSE POSITIVE
5908086,K07563.01,FALSE POSITIVE
6307243,K07564.01,FALSE POSITIVE
6350522,K07565.01,FALSE POSITIVE
6385302,K07566.01,FALSE POSITIVE
6508734,K07568.01,FALSE POSITIVE
6527050,K07569.01,FALSE POSITIVE
6590362,K07570.01,FALSE POSITIVE
6628740,K07571.01,FALSE POSITIVE
7031126,K07573.01,FALSE POSITIVE
7031208,K07574.01,FALSE POSITIVE
7031742,K07575.01,FALSE POSITIVE
7032568,K07576.01,FALSE POSITIVE
7032687,K07577.01,FALSE POSITIVE
7115384,K07578.01,FALSE POSITIVE
7116282,K07579.01,FALSE POSITIVE
7116859,K07580.01,FALSE POSITIVE
7133286,K07581.01,FALSE POSITIVE
7186259,K07582.01,FALSE POSITIVE
7214090,K07583.01,FALSE POSITIVE
7281694,K07584.01,FALSE POSITIVE
7362450,K07585.01,FALSE POSITIVE
8007262,K07586.01,FALSE POSITIVE
8106973,K07588.01,FALSE POSITIVE
8258103,K07590.01,FALSE POSITIVE
8579684,K07594.01,FALSE POSITIVE
8649876,K07595.01,FALSE POSITIVE
8846809,K07597.01,FALSE POSITIVE
8868686,K07598.01,FALSE POSITIVE
9025662,K07599.01,FALSE POSITIVE
8572936,K02459.01,FALSE POSITIVE
9837578,K02937.01,FALSE POSITIVE
7821010,K02938.01,FALSE POSITIVE
5473556,K02939.01,FALSE POSITIVE
6504534,K03152.01,FALSE POSITIVE
6307062,K03153.01,FALSE POSITIVE
5652983,K00371.02,FALSE POSITIVE
9092897,K07600.01,FALSE POSITIVE
9246715,K07601.01,FALSE POSITIVE
9292130,K07602.01,FALSE POSITIVE
9541144,K07603.01,FALSE POSITIVE
8757213,K07911.01,FALSE POSITIVE
8880003,K07914.01,FALSE POSITIVE
8953296,K07916.01,FALSE POSITIVE
8749844,K07909.01,FALSE POSITIVE
8962007,K07917.01,FALSE POSITIVE
8703491,K07906.01,FALSE POSITIVE
9079587,K07921.01,FALSE POSITIVE
8703506,K07907.01,FALSE POSITIVE
8590776,K07900.01,FALSE POSITIVE
8761550,K07912.01,FALSE POSITIVE
8686761,K07904.01,FALSE POSITIVE
8750503,K07910.01,FALSE POSITIVE
8639155,K07902.01,FALSE POSITIVE
9021047,K07919.01,FALSE POSITIVE
8587439,K07899.01,FALSE POSITIVE
8712863,K07908.01,FALSE POSITIVE
9079915,K07922.01,FALSE POSITIVE
10208894,K08199.01,FALSE POSITIVE
10214873,K08200.01,FALSE POSITIVE
10268714,K08202.01,FALSE POSITIVE
10281311,K08203.01,FALSE POSITIVE
10341876,K08204.01,FALSE POSITIVE
10219288,K07993.01,FALSE POSITIVE
10226343,K07994.01,FALSE POSITIVE
10263598,K07995.01,FALSE POSITIVE
10266860,K07996.01,FALSE POSITIVE
4763020,K08097.01,FALSE POSITIVE
5128966,K08098.01,FALSE POSITIVE
5288744,K08099.01,FALSE POSITIVE
5305225,K08100.01,FALSE POSITIVE
5598216,K08101.01,FALSE POSITIVE
5637036,K08102.01,FALSE POSITIVE
5647008,K08103.01,FALSE POSITIVE
10385708,K08206.01,FALSE POSITIVE
10404545,K08207.01,FALSE POSITIVE
10425070,K08208.01,FALSE POSITIVE
10425070,K08208.02,FALSE POSITIVE
10461045,K08209.01,FALSE POSITIVE
10493253,K08210.01,FALSE POSITIVE
10321927,K07997.01,FALSE POSITIVE
10322797,K07999.01,FALSE POSITIVE
10338529,K08002.01,FALSE POSITIVE
10340212,K08003.01,FALSE POSITIVE
10383729,K08004.01,FALSE POSITIVE
5709226,K08104.01,FALSE POSITIVE
5775090,K08105.01,FALSE POSITIVE
5791705,K08106.01,FALSE POSITIVE
5812648,K08108.01,FALSE POSITIVE
5872139,K08110.01,FALSE POSITIVE
10519701,K08212.01,FALSE POSITIVE
10664150,K08213.01,FALSE POSITIVE
10735575,K08214.01,FALSE POSITIVE
10753394,K08215.01,FALSE POSITIVE
10875937,K08216.01,FALSE POSITIVE
11087662,K08218.01,FALSE POSITIVE
10389280,K08005.01,FALSE POSITIVE
10397315,K08006.01,FALSE POSITIVE
10405224,K08008.01,FALSE POSITIVE
10405482,K08009.01,FALSE POSITIVE
10405546,K08010.01,FALSE POSITIVE
5955427,K08112.01,FALSE POSITIVE
5956977,K08113.01,FALSE POSITIVE
6043574,K08114.01,FALSE POSITIVE
6049470,K08115.01,FALSE POSITIVE
6105359,K08116.01,FALSE POSITIVE
11099109,K08219.01,FALSE POSITIVE
11124353,K08220.01,FALSE POSITIVE
11400356,K08222.01,FALSE POSITIVE
11449696,K08224.01,FALSE POSITIVE
11456839,K08225.01,FALSE POSITIVE
10462462,K08013.01,FALSE POSITIVE
10470882,K08014.01,FALSE POSITIVE
10470993,K08015.01,FALSE POSITIVE
10471005,K08016.01,FALSE POSITIVE
10471055,K08017.01,FALSE POSITIVE
10471204,K08018.01,FALSE POSITIVE
6119605,K08118.01,FALSE POSITIVE
6230649,K08119.01,FALSE POSITIVE
6286633,K08120.01,FALSE POSITIVE
6451125,K08121.01,FALSE POSITIVE
6516529,K08123.01,FALSE POSITIVE
6521526,K08124.01,FALSE POSITIVE
11501492,K08226.01,FALSE POSITIVE
11558217,K08227.01,FALSE POSITIVE
11649292,K08228.01,FALSE POSITIVE
11760931,K08229.01,FALSE POSITIVE
11854061,K08230.01,FALSE POSITIVE
11868122,K08231.01,FALSE POSITIVE
10471243,K08019.01,FALSE POSITIVE
10471296,K08020.01,FALSE POSITIVE
10535886,K08021.01,FALSE POSITIVE
10535897,K08022.01,FALSE POSITIVE
10535926,K08023.01,FALSE POSITIVE
10535991,K08024.01,FALSE POSITIVE
10536177,K08025.01,FALSE POSITIVE
6600492,K08125.01,FALSE POSITIVE
6685403,K08126.01,FALSE POSITIVE
6846544,K08127.01,FALSE POSITIVE
6848529,K08128.01,FALSE POSITIVE
6887321,K08129.01,FALSE POSITIVE
6953281,K08130.01,FALSE POSITIVE
7020168,K08131.01,FALSE POSITIVE
12012872,K08233.01,FALSE POSITIVE
12069319,K08234.01,FALSE POSITIVE
12121118,K08235.01,FALSE POSITIVE
12252732,K08236.01,FALSE POSITIVE
12554051,K08237.01,FALSE POSITIVE
12555140,K08239.01,FALSE POSITIVE
10614845,K08027.01,FALSE POSITIVE
10616829,K08028.01,FALSE POSITIVE
10686909,K08029.01,FALSE POSITIVE
10730250,K08030.01,FALSE POSITIVE
10801951,K08032.01,FALSE POSITIVE
7049771,K08132.01,FALSE POSITIVE
7053328,K08133.01,FALSE POSITIVE
7106437,K08134.01,FALSE POSITIVE
7117050,K08135.01,FALSE POSITIVE
7185710,K08136.01,FALSE POSITIVE
7282872,K08137.01,FALSE POSITIVE
7340624,K08138.01,FALSE POSITIVE
12647110,K08240.01,FALSE POSITIVE
3662635,K08243.01,FALSE POSITIVE
3734501,K08244.01,FALSE POSITIVE
4169315,K08245.01,FALSE POSITIVE
10862284,K08034.01,FALSE POSITIVE
10877024,K08036.01,FALSE POSITIVE
10920420,K08038.01,FALSE POSITIVE
7622473,K08139.01,FALSE POSITIVE
7662744,K08140.01,FALSE POSITIVE
7686191,K08141.01,FALSE POSITIVE
7690521,K08142.01,FALSE POSITIVE
7747835,K08143.01,FALSE POSITIVE
7762886,K08144.01,FALSE POSITIVE
7811537,K08145.01,FALSE POSITIVE
4566999,K08247.01,FALSE POSITIVE
4569942,K08248.01,FALSE POSITIVE
4772095,K08250.01,FALSE POSITIVE
4847801,K08251.01,FALSE POSITIVE
5026023,K08252.01,FALSE POSITIVE
9101271,K07926.01,FALSE POSITIVE
9118340,K07927.01,FALSE POSITIVE
9159198,K07929.01,FALSE POSITIVE
11098004,K08041.01,FALSE POSITIVE
11135119,K08042.01,FALSE POSITIVE
11145726,K08044.01,FALSE POSITIVE
11152950,K08045.01,FALSE POSITIVE
7811537,K08145.02,FALSE POSITIVE
7874976,K08146.01,FALSE POSITIVE
7888957,K08147.01,FALSE POSITIVE
7900114,K08148.01,FALSE POSITIVE
7936194,K08149.01,FALSE POSITIVE
7959310,K08150.01,FALSE POSITIVE
8012732,K08151.01,FALSE POSITIVE
5391407,K08254.01,FALSE POSITIVE
5468555,K08255.01,FALSE POSITIVE
5638699,K08256.01,FALSE POSITIVE
5871116,K08258.01,FALSE POSITIVE
6032318,K08260.01,FALSE POSITIVE
9347066,K07933.01,FALSE POSITIVE
9392016,K07935.01,FALSE POSITIVE
9429631,K07937.01,FALSE POSITIVE
9518558,K07939.01,FALSE POSITIVE
11348086,K08049.01,FALSE POSITIVE
11357185,K08051.01,FALSE POSITIVE
8028465,K08152.01,FALSE POSITIVE
8129641,K08153.01,FALSE POSITIVE
8226720,K08154.01,FALSE POSITIVE
8307354,K08155.01,FALSE POSITIVE
8588982,K08158.01,FALSE POSITIVE
6182508,K08261.01,FALSE POSITIVE
6195669,K08262.01,FALSE POSITIVE
6583107,K08264.01,FALSE POSITIVE
6681618,K08265.01,FALSE POSITIVE
6946985,K08266.01,FALSE POSITIVE
7106438,K08267.01,FALSE POSITIVE
9529148,K07942.01,FALSE POSITIVE
9531850,K07943.01,FALSE POSITIVE
9541094,K07944.01,FALSE POSITIVE
9579753,K07945.01,FALSE POSITIVE
9588880,K07946.01,FALSE POSITIVE
9592831,K07947.01,FALSE POSITIVE
9602658,K07948.01,FALSE POSITIVE
11560397,K08056.01,FALSE POSITIVE
11565903,K08057.01,FALSE POSITIVE
11601597,K08058.01,FALSE POSITIVE
11612241,K08059.01,FALSE POSITIVE
11661803,K08060.01,FALSE POSITIVE
11661803,K08060.02,FALSE POSITIVE
8608544,K08159.01,FALSE POSITIVE
8618147,K08160.01,FALSE POSITIVE
8630840,K08161.01,FALSE POSITIVE
8683144,K08162.01,FALSE POSITIVE
8740744,K08164.01,FALSE POSITIVE
7451315,K08268.01,FALSE POSITIVE
7751294,K08269.01,FALSE POSITIVE
8008913,K08271.01,FALSE POSITIVE
8108450,K08273.01,FALSE POSITIVE
8293631,K08274.01,FALSE POSITIVE
9639021,K07950.01,FALSE POSITIVE
9643210,K07952.01,FALSE POSITIVE
9651155,K07955.01,FALSE POSITIVE
11709006,K08061.01,FALSE POSITIVE
11724094,K08064.01,FALSE POSITIVE
11774383,K08065.01,FALSE POSITIVE
11804952,K08066.01,FALSE POSITIVE
11819135,K08067.01,FALSE POSITIVE
8742735,K08165.01,FALSE POSITIVE
8743244,K08166.01,FALSE POSITIVE
8743244,K08166.02,FALSE POSITIVE
8748435,K08167.01,FALSE POSITIVE
8766268,K08168.01,FALSE POSITIVE
8808064,K08169.01,FALSE POSITIVE
8813404,K08170.01,FALSE POSITIVE
8873674,K08278.01,FALSE POSITIVE
9209808,K08281.01,FALSE POSITIVE
9656547,K07956.01,FALSE POSITIVE
9658192,K07957.01,FALSE POSITIVE
9710611,K07958.01,FALSE POSITIVE
9710626,K07959.01,FALSE POSITIVE
9710792,K07960.01,FALSE POSITIVE
9770983,K07961.01,FALSE POSITIVE
9777089,K07962.01,FALSE POSITIVE
11918793,K08069.01,FALSE POSITIVE
11922290,K08070.01,FALSE POSITIVE
11966668,K08071.01,FALSE POSITIVE
11967872,K08072.01,FALSE POSITIVE
12004656,K08073.01,FALSE POSITIVE
12008916,K08074.01,FALSE POSITIVE
12021943,K08075.01,FALSE POSITIVE
8815031,K08171.01,FALSE POSITIVE
8821936,K08172.01,FALSE POSITIVE
8832676,K08173.01,FALSE POSITIVE
9075882,K08175.01,FALSE POSITIVE
9084832,K08176.01,FALSE POSITIVE
9093859,K08177.01,FALSE POSITIVE
9239670,K08282.01,FALSE POSITIVE
9388557,K08283.01,FALSE POSITIVE
9532997,K08284.01,FALSE POSITIVE
9536836,K08285.01,FALSE POSITIVE
10010452,K08287.01,FALSE POSITIVE
10226420,K08288.01,FALSE POSITIVE
9777990,K07963.01,FALSE POSITIVE
9813678,K07964.01,FALSE POSITIVE
9826551,K07965.01,FALSE POSITIVE
9838537,K07966.01,FALSE POSITIVE
9838761,K07967.01,FALSE POSITIVE
9839062,K07968.01,FALSE POSITIVE
9851983,K07969.01,FALSE POSITIVE
12419303,K08079.01,FALSE POSITIVE
12453855,K08080.01,FALSE POSITIVE
12459808,K08081.01,FALSE POSITIVE
9114508,K08178.01,FALSE POSITIVE
9216810,K08179.01,FALSE POSITIVE
9340460,K08181.01,FALSE POSITIVE
9409493,K08182.01,FALSE POSITIVE
9649205,K08184.01,FALSE POSITIVE
10341781,K08289.01,FALSE POSITIVE
10459805,K08290.01,FALSE POSITIVE
10471090,K08291.01,FALSE POSITIVE
10532751,K08292.01,FALSE POSITIVE
10585887,K08293.01,FALSE POSITIVE
11867733,K08294.01,FALSE POSITIVE
11923074,K08295.01,FALSE POSITIVE
9899216,K07971.01,FALSE POSITIVE
9899256,K07972.01,FALSE POSITIVE
9899621,K07974.01,FALSE POSITIVE
9899623,K07975.01,FALSE POSITIVE
12644020,K08083.01,FALSE POSITIVE
2010152,K08084.01,FALSE POSITIVE
2712825,K08086.01,FALSE POSITIVE
3443582,K08087.01,FALSE POSITIVE
3533483,K08088.01,FALSE POSITIVE
9771576,K08185.01,FALSE POSITIVE
9827094,K08186.01,FALSE POSITIVE
9837720,K08187.01,FALSE POSITIVE
9873604,K08188.01,FALSE POSITIVE
9874581,K08189.01,FALSE POSITIVE
9899449,K08190.01,FALSE POSITIVE
9962731,K08191.01,FALSE POSITIVE
12117215,K08296.01,FALSE POSITIVE
9912977,K07977.01,FALSE POSITIVE
9941425,K07979.01,FALSE POSITIVE
9959368,K07980.01,FALSE POSITIVE
9959765,K07981.01,FALSE POSITIVE
10014875,K07983.01,FALSE POSITIVE
3954211,K08090.01,FALSE POSITIVE
4056579,K08091.01,FALSE POSITIVE
4276445,K08092.01,FALSE POSITIVE
4371172,K08093.01,FALSE POSITIVE
4557341,K08094.01,FALSE POSITIVE
4645492,K08095.01,FALSE POSITIVE
4738095,K08096.01,FALSE POSITIVE
10023069,K08192.01,FALSE POSITIVE
10079317,K08194.01,FALSE POSITIVE
10079481,K08195.01,FALSE POSITIVE
10081899,K08196.01,FALSE POSITIVE
10199817,K08197.01,FALSE POSITIVE
10205598,K08198.01,FALSE POSITIVE
10031643,K07984.01,FALSE POSITIVE
10090151,K07985.01,FALSE POSITIVE
10147276,K07987.01,FALSE POSITIVE
10156110,K07989.01,FALSE POSITIVE
