file,transit_count,period,radius_earth,semi_major_axis_au,equilibrium_temp_k,size_category,period_category
,1,92.58,9.46,,,Jupiter-sized,30-100 days
,1,82.37,3.24,,,Neptune-sized,30-100 days
,1,2.09,89.86,,,Super-Jupiter,<3 days
,1,53.64,7.44,,,Jupiter-sized,30-100 days
,1,15.24,1602.53,,,Super-Jupiter,10-30 days
,1,61.75,6.5,,,Jupiter-sized,30-100 days
,1,6.06,123.98,,,Super-Jupiter,3-10 days
,1,99.03,3.48,,,Neptune-sized,30-100 days
,1,16.97,6.4,,,Jupiter-sized,10-30 days
,1,20.85,390.8,,,Super-Jupiter,10-30 days
,1,88.51,4.26,,,Jupiter-sized,30-100 days
,1,17.98,1004.92,,,Super-Jupiter,10-30 days
,1,59.16,1.37,,,Super-Earth,30-100 days
,1,27.01,5.87,,,Jupiter-sized,10-30 days
,1,5.93,124.96,,,Super-Jupiter,3-10 days
,1,6.34,184.69,,,Super-Jupiter,3-10 days
,1,6.39,117.68,,,Super-Jupiter,3-10 days
,1,29.58,4.24,,,Jupiter-sized,10-30 days
,1,8.46,207.7,,,Super-Jupiter,3-10 days
,1,91.67,4.55,,,Jupiter-sized,30-100 days
,1,12.55,200.4,,,Super-Jupiter,10-30 days
,1,12.79,5.5,,,Jupiter-sized,10-30 days
,1,53.94,2.51,,,Neptune-sized,30-100 days
,1,43.68,9.19,,,Jupiter-sized,30-100 days
,1,3.98,100.24,,,Super-Jupiter,3-10 days
,1,1.48,217.6,,,Super-Jupiter,<3 days
,1,8.46,260.6,,,Super-Jupiter,3-10 days
,1,8.7,184.78,,,Super-Jupiter,3-10 days
,1,5.2,107.39,,,Super-Jupiter,3-10 days
,1,27.01,2.19,,,Neptune-sized,10-30 days
,1,98.3,4.09,,,Jupiter-sized,30-100 days
,1,1.63,167.75,,,Super-Jupiter,<3 days
,1,91.43,9.71,,,Jupiter-sized,30-100 days
,1,3.8,219.62,,,Super-Jupiter,3-10 days
,1,9.99,120.25,,,Super-Jupiter,3-10 days
,1,8.2,298.29,,,Super-Jupiter,3-10 days
,1,44.43,8.65,,,Jupiter-sized,30-100 days
,1,3.23,405.97,,,Super-Jupiter,3-10 days
,1,40.58,309.57,,,Super-Jupiter,30-100 days
,1,8.15,158.93,,,Super-Jupiter,3-10 days
,1,90.48,1.49,,,Super-Earth,30-100 days
,1,2.81,952.23,,,Super-Jupiter,<3 days
,1,23.25,517.42,,,Super-Jupiter,10-30 days
,1,14.91,8.37,,,Jupiter-sized,10-30 days
,1,4.25,2068.23,,,Super-Jupiter,3-10 days
,1,3.85,1521.28,,,Super-Jupiter,3-10 days
,1,2.64,184.9,,,Super-Jupiter,<3 days
,1,7.36,137.53,,,Super-Jupiter,3-10 days
,1,6.76,111.92,,,Super-Jupiter,3-10 days
,1,11.24,247.9,,,Super-Jupiter,10-30 days
,1,1.35,219.78,,,Super-Jupiter,<3 days
,1,14.1,325.72,,,Super-Jupiter,10-30 days
,1,40.04,9.82,,,Jupiter-sized,30-100 days
,1,3.62,153.05,,,Super-Jupiter,3-10 days
,1,14.88,3245.85,,,Super-Jupiter,10-30 days
,1,7.15,121.22,,,Super-Jupiter,3-10 days
,1,2.82,1445.14,,,Super-Jupiter,<3 days
,1,28.79,19827.07,,,Super-Jupiter,10-30 days
,1,4.66,624.89,,,Super-Jupiter,3-10 days
,1,13.82,158.36,,,Super-Jupiter,10-30 days
,1,4.23,244.21,,,Super-Jupiter,3-10 days
,1,31.72,589.48,,,Super-Jupiter,30-100 days
,1,9.35,160.01,,,Super-Jupiter,3-10 days
,1,3.81,106.44,,,Super-Jupiter,3-10 days
,1,17.27,1912.17,,,Super-Jupiter,10-30 days
,1,5.0,131.63,,,Super-Jupiter,3-10 days
,1,8.18,148.84,,,Super-Jupiter,3-10 days
,1,11.85,160.47,,,Super-Jupiter,10-30 days
,1,10.83,108.38,,,Super-Jupiter,10-30 days
,1,1.23,69.03,,,Super-Jupiter,<3 days
,1,16.43,355.35,,,Super-Jupiter,10-30 days
,1,5.11,193.55,,,Super-Jupiter,3-10 days
,1,6.57,162.4,,,Super-Jupiter,3-10 days
,1,13.35,193.17,,,Super-Jupiter,10-30 days
,1,6.84,125.4,,,Super-Jupiter,3-10 days
,1,22.45,1142.35,,,Super-Jupiter,10-30 days
,1,2.77,120.45,,,Super-Jupiter,<3 days
,1,13.54,2179.55,,,Super-Jupiter,10-30 days
,1,37.31,8.69,,,Jupiter-sized,30-100 days
,1,7.82,148.87,,,Super-Jupiter,3-10 days
,1,63.34,2.92,,,Neptune-sized,30-100 days
,1,22.52,6.66,,,Jupiter-sized,10-30 days
,1,37.6,4.1,,,Jupiter-sized,30-100 days
,1,6.87,136.39,,,Super-Jupiter,3-10 days
,1,3.37,119.89,,,Super-Jupiter,3-10 days
,1,11.18,197.14,,,Super-Jupiter,10-30 days
,1,14.14,4.79,,,Jupiter-sized,10-30 days
,1,1.66,1165.86,,,Super-Jupiter,<3 days
,1,1.65,614.29,,,Super-Jupiter,<3 days
,1,55.79,6.17,,,Jupiter-sized,30-100 days
,1,14.32,9.68,,,Jupiter-sized,10-30 days
,1,20.62,4.83,,,Jupiter-sized,10-30 days
,1,62.2,3.21,,,Neptune-sized,30-100 days
,1,55.93,6.45,,,Jupiter-sized,30-100 days
,1,12.2,430.76,,,Super-Jupiter,10-30 days
,1,58.03,6.04,,,Jupiter-sized,30-100 days
,1,58.02,9.46,,,Jupiter-sized,30-100 days
,1,3.44,211.82,,,Super-Jupiter,3-10 days
,1,12.57,248.82,,,Super-Jupiter,10-30 days
,1,4.62,99.57,,,Super-Jupiter,3-10 days
,1,12.42,177.35,,,Super-Jupiter,10-30 days
,1,19.39,893.01,,,Super-Jupiter,10-30 days
,1,78.55,4.0,,,Jupiter-sized,30-100 days
,1,10.64,352.6,,,Super-Jupiter,10-30 days
,1,73.56,3.41,,,Neptune-sized,30-100 days
,1,38.33,352.96,,,Super-Jupiter,30-100 days
,1,12.35,151.18,,,Super-Jupiter,10-30 days
,1,85.68,2.12,,,Neptune-sized,30-100 days
,1,3.84,154.4,,,Super-Jupiter,3-10 days
,1,8.14,986.09,,,Super-Jupiter,3-10 days
,1,7.86,627.41,,,Super-Jupiter,3-10 days
,1,89.01,2.31,,,Neptune-sized,30-100 days
,1,5.53,129.27,,,Super-Jupiter,3-10 days
,1,8.95,7.53,,,Jupiter-sized,3-10 days
,1,8.44,140.7,,,Super-Jupiter,3-10 days
,1,9.5,142.32,,,Super-Jupiter,3-10 days
,1,88.09,9.11,,,Jupiter-sized,30-100 days
,1,1.24,1646.98,,,Super-Jupiter,<3 days
,1,36.87,2.72,,,Neptune-sized,30-100 days
,1,10.83,105.95,,,Super-Jupiter,10-30 days
,1,11.25,322.8,,,Super-Jupiter,10-30 days
,1,96.78,3.87,,,Neptune-sized,30-100 days
,1,10.63,317.5,,,Super-Jupiter,10-30 days
,1,12.78,182.14,,,Super-Jupiter,10-30 days
,1,11.6,209.84,,,Super-Jupiter,10-30 days
,1,20.4,8.35,,,Jupiter-sized,10-30 days
,1,11.1,3.6,,,Neptune-sized,10-30 days
,1,49.05,3.91,,,Neptune-sized,30-100 days
,1,7.84,126.25,,,Super-Jupiter,3-10 days
,1,13.41,480.48,,,Super-Jupiter,10-30 days
,1,30.05,5.14,,,Jupiter-sized,30-100 days
,1,3.22,106.7,,,Super-Jupiter,3-10 days
,1,47.99,8.8,,,Jupiter-sized,30-100 days
,1,69.23,6.54,,,Jupiter-sized,30-100 days
,1,12.33,496.02,,,Super-Jupiter,10-30 days
,1,11.88,121.27,,,Super-Jupiter,10-30 days
,1,10.09,336.94,,,Super-Jupiter,10-30 days
,1,39.52,576.58,,,Super-Jupiter,30-100 days
,1,3.35,84.37,,,Super-Jupiter,3-10 days
,1,8.86,206.4,,,Super-Jupiter,3-10 days
,1,60.86,4.38,,,Jupiter-sized,30-100 days
,1,1.24,65.11,,,Super-Jupiter,<3 days
,1,5.95,100.64,,,Super-Jupiter,3-10 days
,1,43.88,8.06,,,Jupiter-sized,30-100 days
,1,40.37,5.78,,,Jupiter-sized,30-100 days
,1,97.82,1.74,,,Super-Earth,30-100 days
,1,7.58,403.99,,,Super-Jupiter,3-10 days
,1,2.3,142.18,,,Super-Jupiter,<3 days
,1,66.2,3.41,,,Neptune-sized,30-100 days
,1,21.57,6.55,,,Jupiter-sized,10-30 days
,1,12.16,154.17,,,Super-Jupiter,10-30 days
,1,12.71,1.15,,,Earth-sized,10-30 days
,1,20.89,4.77,,,Jupiter-sized,10-30 days
,1,8.27,190.98,,,Super-Jupiter,3-10 days
,1,7.8,400.03,,,Super-Jupiter,3-10 days
,1,11.17,2.98,,,Neptune-sized,10-30 days
,1,11.81,5.79,,,Jupiter-sized,10-30 days
,1,54.36,2.16,,,Neptune-sized,30-100 days
,1,10.04,167.74,,,Super-Jupiter,10-30 days
,1,24.44,7.3,,,Jupiter-sized,10-30 days
,1,14.42,2.96,,,Neptune-sized,10-30 days
,1,16.55,306.81,,,Super-Jupiter,10-30 days
,1,2.66,222.89,,,Super-Jupiter,<3 days
,1,49.04,5.95,,,Jupiter-sized,30-100 days
,1,9.56,194.26,,,Super-Jupiter,3-10 days
,1,70.08,7.66,,,Jupiter-sized,30-100 days
,1,4.25,512.41,,,Super-Jupiter,3-10 days
,1,36.43,9.55,,,Jupiter-sized,30-100 days
,1,6.13,156.94,,,Super-Jupiter,3-10 days
,1,13.05,3945.15,,,Super-Jupiter,10-30 days
,1,8.74,303.72,,,Super-Jupiter,3-10 days
,1,1.12,7.93,,,Jupiter-sized,<3 days
,1,37.97,244.66,,,Super-Jupiter,30-100 days
,1,7.05,900.66,,,Super-Jupiter,3-10 days
,1,6.98,187.76,,,Super-Jupiter,3-10 days
,1,16.21,7.41,,,Jupiter-sized,10-30 days
,1,2.82,205.01,,,Super-Jupiter,<3 days
,1,8.42,3.65,,,Neptune-sized,3-10 days
,1,29.27,6.3,,,Jupiter-sized,10-30 days
,1,37.01,8.83,,,Jupiter-sized,30-100 days
,1,11.1,160.5,,,Super-Jupiter,10-30 days
,1,4.95,313.28,,,Super-Jupiter,3-10 days
,1,11.63,768.96,,,Super-Jupiter,10-30 days
,1,9.95,539.88,,,Super-Jupiter,3-10 days
,1,10.69,200.85,,,Super-Jupiter,10-30 days
,1,10.48,151.12,,,Super-Jupiter,10-30 days
,1,47.92,9.35,,,Jupiter-sized,30-100 days
,1,2.95,83.21,,,Super-Jupiter,<3 days
,1,1.62,131.86,,,Super-Jupiter,<3 days
,1,6.83,149.41,,,Super-Jupiter,3-10 days
,1,12.9,222.37,,,Super-Jupiter,10-30 days
,1,2.71,68.28,,,Super-Jupiter,<3 days
,1,28.03,297.58,,,Super-Jupiter,10-30 days
,1,2.25,1232.41,,,Super-Jupiter,<3 days
,1,38.03,9.09,,,Jupiter-sized,30-100 days
,1,11.03,3519.42,,,Super-Jupiter,10-30 days
,1,8.87,147.1,,,Super-Jupiter,3-10 days
,1,9.42,152.88,,,Super-Jupiter,3-10 days
,1,32.3,3.31,,,Neptune-sized,30-100 days
,1,9.66,89.86,,,Super-Jupiter,3-10 days
,1,8.03,4.8,,,Jupiter-sized,3-10 days
,1,5.04,8.86,,,Jupiter-sized,3-10 days
,1,9.39,363.69,,,Super-Jupiter,3-10 days
,1,46.13,8.2,,,Jupiter-sized,30-100 days
,1,18.55,762.6,,,Super-Jupiter,10-30 days
,1,1.76,93.45,,,Super-Jupiter,<3 days
,1,11.92,3.02,,,Neptune-sized,10-30 days
,1,90.16,6.91,,,Jupiter-sized,30-100 days
,1,8.23,217.21,,,Super-Jupiter,3-10 days
,1,2.95,99.4,,,Super-Jupiter,<3 days
,1,55.79,6.1,,,Jupiter-sized,30-100 days
,1,67.4,2.45,,,Neptune-sized,30-100 days
,1,13.21,168.67,,,Super-Jupiter,10-30 days
,1,23.54,1.52,,,Super-Earth,10-30 days
,1,7.6,194.54,,,Super-Jupiter,3-10 days
,1,57.82,3.05,,,Neptune-sized,30-100 days
,1,67.95,7.25,,,Jupiter-sized,30-100 days
,1,1.46,1113.11,,,Super-Jupiter,<3 days
,1,77.36,5.92,,,Jupiter-sized,30-100 days
,1,1.95,8.82,,,Jupiter-sized,<3 days
,1,6.46,311.53,,,Super-Jupiter,3-10 days
,1,42.16,387.43,,,Super-Jupiter,30-100 days
,1,13.35,355.09,,,Super-Jupiter,10-30 days
,1,9.12,155.03,,,Super-Jupiter,3-10 days
,1,60.57,9.37,,,Jupiter-sized,30-100 days
,1,42.6,4.66,,,Jupiter-sized,30-100 days
,1,64.13,9.0,,,Jupiter-sized,30-100 days
,1,1.9,204.99,,,Super-Jupiter,<3 days
,1,5.12,101.45,,,Super-Jupiter,3-10 days
,1,2.5,1060.88,,,Super-Jupiter,<3 days
,1,10.78,9.32,,,Jupiter-sized,10-30 days
,1,9.69,323.23,,,Super-Jupiter,3-10 days
,1,5.92,209.21,,,Super-Jupiter,3-10 days
,1,9.24,363.41,,,Super-Jupiter,3-10 days
,1,30.95,3.38,,,Neptune-sized,30-100 days
,1,10.16,153.16,,,Super-Jupiter,10-30 days
,1,15.43,990.13,,,Super-Jupiter,10-30 days
,1,93.0,6.98,,,Jupiter-sized,30-100 days
,1,60.64,2.06,,,Neptune-sized,30-100 days
,1,22.03,7.78,,,Jupiter-sized,10-30 days
,1,11.88,121.27,,,Super-Jupiter,10-30 days
,1,30.73,2.42,,,Neptune-sized,30-100 days
,1,2.06,260.59,,,Super-Jupiter,<3 days
,1,4.66,119.16,,,Super-Jupiter,3-10 days
,1,65.21,4.57,,,Jupiter-sized,30-100 days
,1,5.63,7.57,,,Jupiter-sized,3-10 days
,1,9.17,204.97,,,Super-Jupiter,3-10 days
,1,82.79,2.63,,,Neptune-sized,30-100 days
,1,7.33,172.73,,,Super-Jupiter,3-10 days
,1,9.32,115.39,,,Super-Jupiter,3-10 days
,1,7.3,115.66,,,Super-Jupiter,3-10 days
,1,16.98,373.63,,,Super-Jupiter,10-30 days
,1,7.91,121.28,,,Super-Jupiter,3-10 days
,1,27.47,2.57,,,Neptune-sized,10-30 days
,1,12.91,323.12,,,Super-Jupiter,10-30 days
,1,6.9,228.11,,,Super-Jupiter,3-10 days
,1,95.43,8.22,,,Jupiter-sized,30-100 days
,1,4.5,1652.63,,,Super-Jupiter,3-10 days
,1,3.28,128.82,,,Super-Jupiter,3-10 days
,1,72.14,5.43,,,Jupiter-sized,30-100 days
,1,10.97,221.64,,,Super-Jupiter,10-30 days
,1,13.41,556.71,,,Super-Jupiter,10-30 days
,1,53.26,2.69,,,Neptune-sized,30-100 days
,1,1.64,148.37,,,Super-Jupiter,<3 days
,1,7.23,7.19,,,Jupiter-sized,3-10 days
,1,24.9,1.66,,,Super-Earth,10-30 days
,1,66.13,1.81,,,Super-Earth,30-100 days
,1,3.35,166.6,,,Super-Jupiter,3-10 days
,1,23.08,1045.02,,,Super-Jupiter,10-30 days
,1,30.34,2189.36,,,Super-Jupiter,30-100 days
,1,90.81,9.77,,,Jupiter-sized,30-100 days
,1,95.97,3.55,,,Neptune-sized,30-100 days
,1,13.15,196.45,,,Super-Jupiter,10-30 days
,1,12.65,155.34,,,Super-Jupiter,10-30 days
,1,16.57,683.36,,,Super-Jupiter,10-30 days
,1,92.38,7.44,,,Jupiter-sized,30-100 days
,1,10.06,729.19,,,Super-Jupiter,10-30 days
,1,3.51,2828.58,,,Super-Jupiter,3-10 days
,1,12.26,320.47,,,Super-Jupiter,10-30 days
,1,4.73,193.32,,,Super-Jupiter,3-10 days
,1,11.0,634.28,,,Super-Jupiter,10-30 days
,1,83.68,1.78,,,Super-Earth,30-100 days
,1,5.47,478.94,,,Super-Jupiter,3-10 days
,1,11.57,149.6,,,Super-Jupiter,10-30 days
,1,43.05,3.61,,,Neptune-sized,30-100 days
,1,18.71,1.82,,,Super-Earth,10-30 days
,1,9.91,220.49,,,Super-Jupiter,3-10 days
,1,2.94,91.14,,,Super-Jupiter,<3 days
,1,10.51,129.55,,,Super-Jupiter,10-30 days
,1,10.97,2615.18,,,Super-Jupiter,10-30 days
,1,71.78,6.15,,,Jupiter-sized,30-100 days
,1,62.31,6.31,,,Jupiter-sized,30-100 days
,1,23.81,1.16,,,Earth-sized,10-30 days
,1,9.76,378.32,,,Super-Jupiter,3-10 days
,1,9.25,390.9,,,Super-Jupiter,3-10 days
,1,6.78,133.99,,,Super-Jupiter,3-10 days
,1,71.35,5.39,,,Jupiter-sized,30-100 days
,1,27.84,8.81,,,Jupiter-sized,10-30 days
,1,56.92,4.53,,,Jupiter-sized,30-100 days
,1,88.78,7.94,,,Jupiter-sized,30-100 days
,1,97.1,7.04,,,Jupiter-sized,30-100 days
,1,5.97,126.59,,,Super-Jupiter,3-10 days
,1,73.2,6.42,,,Jupiter-sized,30-100 days
,1,2.07,324.25,,,Super-Jupiter,<3 days
,1,75.65,2.04,,,Neptune-sized,30-100 days
,1,27.11,462.98,,,Super-Jupiter,10-30 days
,1,7.19,100.58,,,Super-Jupiter,3-10 days
,1,2.28,108.35,,,Super-Jupiter,<3 days
,1,36.41,8.62,,,Jupiter-sized,30-100 days
,1,9.23,131.53,,,Super-Jupiter,3-10 days
,1,1.52,79.41,,,Super-Jupiter,<3 days
,1,8.77,384.77,,,Super-Jupiter,3-10 days
,1,19.7,281.69,,,Super-Jupiter,10-30 days
,1,16.48,5.74,,,Jupiter-sized,10-30 days
,1,84.35,8.43,,,Jupiter-sized,30-100 days
,1,1.55,59.61,,,Super-Jupiter,<3 days
,1,27.78,2.15,,,Neptune-sized,10-30 days
,1,83.93,2.31,,,Neptune-sized,30-100 days
,1,53.7,1.2,,,Earth-sized,30-100 days
,1,3.09,112.13,,,Super-Jupiter,3-10 days
,1,12.9,151.77,,,Super-Jupiter,10-30 days
,1,7.68,143.09,,,Super-Jupiter,3-10 days
,1,13.19,1572.93,,,Super-Jupiter,10-30 days
,1,78.51,6.09,,,Jupiter-sized,30-100 days
,1,13.24,154.18,,,Super-Jupiter,10-30 days
,1,41.28,317.09,,,Super-Jupiter,30-100 days
,1,28.12,7.9,,,Jupiter-sized,10-30 days
,1,10.28,248.75,,,Super-Jupiter,10-30 days
,1,2.78,97.12,,,Super-Jupiter,<3 days
,1,13.84,1247.85,,,Super-Jupiter,10-30 days
,1,14.45,328.42,,,Super-Jupiter,10-30 days
,1,28.73,5.64,,,Jupiter-sized,10-30 days
,1,6.92,167.81,,,Super-Jupiter,3-10 days
,1,6.05,125.68,,,Super-Jupiter,3-10 days
,1,59.29,9.9,,,Jupiter-sized,30-100 days
,1,3.45,6.54,,,Jupiter-sized,3-10 days
,1,65.73,6.12,,,Jupiter-sized,30-100 days
,1,24.32,2.74,,,Neptune-sized,10-30 days
,1,3.74,330.49,,,Super-Jupiter,3-10 days
,1,4.62,517.72,,,Super-Jupiter,3-10 days
,1,14.07,1025.88,,,Super-Jupiter,10-30 days
,1,5.4,2274.13,,,Super-Jupiter,3-10 days
,1,1.6,118.88,,,Super-Jupiter,<3 days
,1,5.42,9121.14,,,Super-Jupiter,3-10 days
,1,40.76,495.1,,,Super-Jupiter,30-100 days
,1,7.9,154.65,,,Super-Jupiter,3-10 days
,1,60.32,4.06,,,Jupiter-sized,30-100 days
,1,4.98,127.71,,,Super-Jupiter,3-10 days
,1,96.76,2.07,,,Neptune-sized,30-100 days
,1,98.79,9.07,,,Jupiter-sized,30-100 days
,1,2.26,84.76,,,Super-Jupiter,<3 days
,1,44.31,1.8,,,Super-Earth,30-100 days
,1,8.18,304.71,,,Super-Jupiter,3-10 days
,1,12.46,202.14,,,Super-Jupiter,10-30 days
,1,99.09,6.95,,,Jupiter-sized,30-100 days
,1,68.51,7.44,,,Jupiter-sized,30-100 days
,1,11.79,223.48,,,Super-Jupiter,10-30 days
,1,63.17,7.3,,,Jupiter-sized,30-100 days
,1,92.06,8.7,,,Jupiter-sized,30-100 days
,1,2.44,1.89,,,Super-Earth,<3 days
,1,2.06,384.39,,,Super-Jupiter,<3 days
,1,53.0,4.25,,,Jupiter-sized,30-100 days
,1,1.27,133.92,,,Super-Jupiter,<3 days
,1,1.99,90.53,,,Super-Jupiter,<3 days
,1,83.64,5.74,,,Jupiter-sized,30-100 days
,1,7.53,284.56,,,Super-Jupiter,3-10 days
,1,5.66,144.6,,,Super-Jupiter,3-10 days
,1,12.58,145.84,,,Super-Jupiter,10-30 days
,1,24.78,5.29,,,Jupiter-sized,10-30 days
,1,27.8,1.3,,,Super-Earth,10-30 days
,1,12.98,134.44,,,Super-Jupiter,10-30 days
,1,13.21,152.16,,,Super-Jupiter,10-30 days
,1,4.24,6.27,,,Jupiter-sized,3-10 days
,1,28.85,5.05,,,Jupiter-sized,10-30 days
,1,90.07,5.56,,,Jupiter-sized,30-100 days
,1,9.1,426.42,,,Super-Jupiter,3-10 days
,1,4.07,120.78,,,Super-Jupiter,3-10 days
,1,13.2,189.32,,,Super-Jupiter,10-30 days
,1,13.36,2336.57,,,Super-Jupiter,10-30 days
,1,1.47,102.56,,,Super-Jupiter,<3 days
,1,16.99,2587.44,,,Super-Jupiter,10-30 days
,1,39.37,9.93,,,Jupiter-sized,30-100 days
,1,23.04,8.81,,,Jupiter-sized,10-30 days
,1,4.54,110.32,,,Super-Jupiter,3-10 days
,1,60.53,5.92,,,Jupiter-sized,30-100 days
,1,43.05,273.26,,,Super-Jupiter,30-100 days
,1,9.76,372.44,,,Super-Jupiter,3-10 days
,1,69.77,8.5,,,Jupiter-sized,30-100 days
,1,3.96,100.16,,,Super-Jupiter,3-10 days
,1,2.34,162.78,,,Super-Jupiter,<3 days
,1,66.29,4.36,,,Jupiter-sized,30-100 days
,1,11.39,156.55,,,Super-Jupiter,10-30 days
,1,41.12,4.34,,,Jupiter-sized,30-100 days
,1,6.71,112.7,,,Super-Jupiter,3-10 days
,1,18.56,605.27,,,Super-Jupiter,10-30 days
,1,77.93,9.32,,,Jupiter-sized,30-100 days
,1,29.66,5.56,,,Jupiter-sized,10-30 days
,1,1.32,176.25,,,Super-Jupiter,<3 days
,1,11.48,1134.89,,,Super-Jupiter,10-30 days
,1,46.39,8.51,,,Jupiter-sized,30-100 days
,1,89.9,2.62,,,Neptune-sized,30-100 days
,1,4.85,107.75,,,Super-Jupiter,3-10 days
,1,32.11,3.49,,,Neptune-sized,30-100 days
,1,11.09,276.67,,,Super-Jupiter,10-30 days
,1,10.06,495.6,,,Super-Jupiter,10-30 days
,1,51.62,1.83,,,Super-Earth,30-100 days
,1,11.9,305.02,,,Super-Jupiter,10-30 days
,1,4.53,109.92,,,Super-Jupiter,3-10 days
,1,7.61,231.48,,,Super-Jupiter,3-10 days
,1,7.13,98.84,,,Super-Jupiter,3-10 days
,1,12.09,323.13,,,Super-Jupiter,10-30 days
,1,7.67,165.23,,,Super-Jupiter,3-10 days
,1,25.33,8.34,,,Jupiter-sized,10-30 days
,1,2.48,5570.04,,,Super-Jupiter,<3 days
,1,85.1,4.99,,,Jupiter-sized,30-100 days
,1,9.79,293.28,,,Super-Jupiter,3-10 days
,1,6.42,5337.66,,,Super-Jupiter,3-10 days
,1,60.19,7.54,,,Jupiter-sized,30-100 days
,1,3.33,139.75,,,Super-Jupiter,3-10 days
,1,6.27,197.5,,,Super-Jupiter,3-10 days
,1,7.78,209.41,,,Super-Jupiter,3-10 days
,1,51.54,4.82,,,Jupiter-sized,30-100 days
,1,42.54,7.57,,,Jupiter-sized,30-100 days
,1,7.26,174.82,,,Super-Jupiter,3-10 days
,1,7.39,204.63,,,Super-Jupiter,3-10 days
,1,1.22,77.37,,,Super-Jupiter,<3 days
,1,16.29,1053.74,,,Super-Jupiter,10-30 days
,1,23.88,718.84,,,Super-Jupiter,10-30 days
,1,3.88,7.29,,,Jupiter-sized,3-10 days
,1,6.32,105.66,,,Super-Jupiter,3-10 days
,1,7.47,189.02,,,Super-Jupiter,3-10 days
,1,1.46,1936.7,,,Super-Jupiter,<3 days
,1,52.91,1.09,,,Earth-sized,30-100 days
,1,81.94,3.46,,,Neptune-sized,30-100 days
,1,1.63,145.37,,,Super-Jupiter,<3 days
,1,12.45,2.62,,,Neptune-sized,10-30 days
,1,29.19,2.84,,,Neptune-sized,10-30 days
,1,67.15,2.23,,,Neptune-sized,30-100 days
,1,13.23,218.27,,,Super-Jupiter,10-30 days
,1,12.12,263.9,,,Super-Jupiter,10-30 days
,1,92.59,1.45,,,Super-Earth,30-100 days
,1,1.21,72.57,,,Super-Jupiter,<3 days
,1,70.41,3.79,,,Neptune-sized,30-100 days
,1,7.45,144.33,,,Super-Jupiter,3-10 days
,1,7.25,241.73,,,Super-Jupiter,3-10 days
,1,13.42,360.39,,,Super-Jupiter,10-30 days
,1,12.23,176.72,,,Super-Jupiter,10-30 days
,1,43.04,5.07,,,Jupiter-sized,30-100 days
,1,23.62,7.02,,,Jupiter-sized,10-30 days
,1,10.44,2.71,,,Neptune-sized,10-30 days
,1,8.95,900.74,,,Super-Jupiter,3-10 days
,1,83.94,1.81,,,Super-Earth,30-100 days
,1,5.32,172.23,,,Super-Jupiter,3-10 days
,1,3.72,783.05,,,Super-Jupiter,3-10 days
,1,11.55,410.41,,,Super-Jupiter,10-30 days
,1,86.79,8.49,,,Jupiter-sized,30-100 days
,1,79.19,7.63,,,Jupiter-sized,30-100 days
,1,14.06,182.67,,,Super-Jupiter,10-30 days
,1,62.31,2.53,,,Neptune-sized,30-100 days
,1,39.47,1.49,,,Super-Earth,30-100 days
,1,4.3,167.75,,,Super-Jupiter,3-10 days
,1,3.43,105.78,,,Super-Jupiter,3-10 days
,1,34.2,6.41,,,Jupiter-sized,30-100 days
,1,7.44,4418.24,,,Super-Jupiter,3-10 days
,1,7.17,4.02,,,Jupiter-sized,3-10 days
,1,8.75,192.7,,,Super-Jupiter,3-10 days
,1,7.6,156.78,,,Super-Jupiter,3-10 days
,1,3.33,139.75,,,Super-Jupiter,3-10 days
,1,7.35,132.2,,,Super-Jupiter,3-10 days
,1,13.15,130.91,,,Super-Jupiter,10-30 days
,1,39.92,1035.17,,,Super-Jupiter,30-100 days
,1,9.08,145.76,,,Super-Jupiter,3-10 days
,1,7.74,288.89,,,Super-Jupiter,3-10 days
,1,4.88,116.1,,,Super-Jupiter,3-10 days
,1,47.54,7.35,,,Jupiter-sized,30-100 days
,1,8.01,9.82,,,Jupiter-sized,3-10 days
,1,10.34,394.89,,,Super-Jupiter,10-30 days
,1,13.31,168.63,,,Super-Jupiter,10-30 days
,1,5.08,262.84,,,Super-Jupiter,3-10 days
,1,9.6,178.13,,,Super-Jupiter,3-10 days
,1,55.49,8.74,,,Jupiter-sized,30-100 days
,1,15.34,7.26,,,Jupiter-sized,10-30 days
,1,85.87,5.71,,,Jupiter-sized,30-100 days
,1,99.26,7.24,,,Jupiter-sized,30-100 days
,1,74.45,2.63,,,Neptune-sized,30-100 days
,1,38.46,3.03,,,Neptune-sized,30-100 days
,1,2.67,117.8,,,Super-Jupiter,<3 days
,1,25.04,283.23,,,Super-Jupiter,10-30 days
,1,7.98,121.71,,,Super-Jupiter,3-10 days
,1,1.22,364.61,,,Super-Jupiter,<3 days
,1,1.76,1047.7,,,Super-Jupiter,<3 days
,1,87.37,2.29,,,Neptune-sized,30-100 days
,1,1.24,6449.72,,,Super-Jupiter,<3 days
,1,26.34,198.99,,,Super-Jupiter,10-30 days
,1,46.11,2.72,,,Neptune-sized,30-100 days
,1,6.84,117.72,,,Super-Jupiter,3-10 days
,1,6.47,6.64,,,Jupiter-sized,3-10 days
,1,4.88,1550.67,,,Super-Jupiter,3-10 days
,1,38.91,4.39,,,Jupiter-sized,30-100 days
,1,16.53,248.7,,,Super-Jupiter,10-30 days
,1,4.08,86.88,,,Super-Jupiter,3-10 days
,1,34.38,2.22,,,Neptune-sized,30-100 days
,1,8.02,1.97,,,Super-Earth,3-10 days
,1,3.8,199.78,,,Super-Jupiter,3-10 days
,1,7.86,650.6,,,Super-Jupiter,3-10 days
,1,46.36,6.91,,,Jupiter-sized,30-100 days
,1,14.32,237.91,,,Super-Jupiter,10-30 days
,1,82.7,4.39,,,Jupiter-sized,30-100 days
,1,6.46,201.44,,,Super-Jupiter,3-10 days
,1,1.74,111.03,,,Super-Jupiter,<3 days
,1,22.33,1.28,,,Super-Earth,10-30 days
,1,18.14,393.42,,,Super-Jupiter,10-30 days
,1,35.81,1.62,,,Super-Earth,30-100 days
,1,94.05,9.18,,,Jupiter-sized,30-100 days
,1,1.36,119.88,,,Super-Jupiter,<3 days
,1,2.62,770.27,,,Super-Jupiter,<3 days
,1,5.18,247.67,,,Super-Jupiter,3-10 days
,1,20.34,359.86,,,Super-Jupiter,10-30 days
,1,1.17,3.36,,,Neptune-sized,<3 days
,1,71.76,3.35,,,Neptune-sized,30-100 days
,1,9.97,125.4,,,Super-Jupiter,3-10 days
,1,73.3,2.06,,,Neptune-sized,30-100 days
,1,55.32,7.11,,,Jupiter-sized,30-100 days
,1,88.87,5.47,,,Jupiter-sized,30-100 days
,1,98.64,2.79,,,Neptune-sized,30-100 days
,1,5.99,231.92,,,Super-Jupiter,3-10 days
,1,77.43,6.18,,,Jupiter-sized,30-100 days
,1,44.91,9.96,,,Jupiter-sized,30-100 days
,1,25.63,218.26,,,Super-Jupiter,10-30 days
,1,68.53,1.95,,,Super-Earth,30-100 days
,1,23.91,5.0,,,Jupiter-sized,10-30 days
,1,14.81,3.41,,,Neptune-sized,10-30 days
,1,3.83,160.74,,,Super-Jupiter,3-10 days
,1,13.0,2.1,,,Neptune-sized,10-30 days
,1,86.7,4.38,,,Jupiter-sized,30-100 days
,1,4.44,431.68,,,Super-Jupiter,3-10 days
,1,2.74,946.33,,,Super-Jupiter,<3 days
,1,1.81,6.16,,,Jupiter-sized,<3 days
,1,6.99,129.57,,,Super-Jupiter,3-10 days
,1,60.78,8.23,,,Jupiter-sized,30-100 days
,1,44.83,4.25,,,Jupiter-sized,30-100 days
,1,7.19,163.95,,,Super-Jupiter,3-10 days
,1,11.04,138.0,,,Super-Jupiter,10-30 days
,1,20.41,3.87,,,Neptune-sized,10-30 days
,1,10.41,162.66,,,Super-Jupiter,10-30 days
,1,2.2,174.98,,,Super-Jupiter,<3 days
,1,87.01,5.9,,,Jupiter-sized,30-100 days
,1,3.9,240.41,,,Super-Jupiter,3-10 days
,1,18.92,900.99,,,Super-Jupiter,10-30 days
,1,13.85,157.68,,,Super-Jupiter,10-30 days
,1,12.64,172.17,,,Super-Jupiter,10-30 days
,1,9.58,3.3,,,Neptune-sized,3-10 days
,1,9.76,193.63,,,Super-Jupiter,3-10 days
,1,2.01,304.33,,,Super-Jupiter,<3 days
,1,64.54,9.24,,,Jupiter-sized,30-100 days
,1,45.35,6.67,,,Jupiter-sized,30-100 days
,1,7.88,5.7,,,Jupiter-sized,3-10 days
,1,3.36,93.5,,,Super-Jupiter,3-10 days
,1,9.87,194.12,,,Super-Jupiter,3-10 days
,1,93.69,6.84,,,Jupiter-sized,30-100 days
,1,92.9,9.28,,,Jupiter-sized,30-100 days
,1,6.32,105.66,,,Super-Jupiter,3-10 days
,1,13.41,291.92,,,Super-Jupiter,10-30 days
,1,26.74,4.78,,,Jupiter-sized,10-30 days
,1,78.35,4.92,,,Jupiter-sized,30-100 days
,1,13.31,164.93,,,Super-Jupiter,10-30 days
,1,45.42,9.47,,,Jupiter-sized,30-100 days
,1,16.61,5.81,,,Jupiter-sized,10-30 days
,1,64.8,3.86,,,Neptune-sized,30-100 days
,1,43.26,2.46,,,Neptune-sized,30-100 days
,1,40.91,1.59,,,Super-Earth,30-100 days
,1,26.08,4.88,,,Jupiter-sized,10-30 days
,1,43.09,9.29,,,Jupiter-sized,30-100 days
,1,13.25,145.52,,,Super-Jupiter,10-30 days
,1,4.29,98.71,,,Super-Jupiter,3-10 days
,1,12.68,8.94,,,Jupiter-sized,10-30 days
,1,14.52,948.5,,,Super-Jupiter,10-30 days
,1,12.51,240.52,,,Super-Jupiter,10-30 days
,1,5.51,139.5,,,Super-Jupiter,3-10 days
,1,12.46,272.3,,,Super-Jupiter,10-30 days
,1,2.9,174.23,,,Super-Jupiter,<3 days
,1,88.48,8.48,,,Jupiter-sized,30-100 days
,1,24.52,377.34,,,Super-Jupiter,10-30 days
,1,5.32,91.02,,,Super-Jupiter,3-10 days
,1,68.43,9.15,,,Jupiter-sized,30-100 days
,1,14.35,3.41,,,Neptune-sized,10-30 days
,1,2.98,1621.04,,,Super-Jupiter,<3 days
,1,7.22,132.87,,,Super-Jupiter,3-10 days
,1,16.3,6.94,,,Jupiter-sized,10-30 days
,1,7.29,153.89,,,Super-Jupiter,3-10 days
,1,65.06,8.7,,,Jupiter-sized,30-100 days
,1,47.96,5.74,,,Jupiter-sized,30-100 days
,1,8.34,120.57,,,Super-Jupiter,3-10 days
,1,12.16,1455.32,,,Super-Jupiter,10-30 days
,1,87.84,7.73,,,Jupiter-sized,30-100 days
,1,40.81,5.81,,,Jupiter-sized,30-100 days
,1,93.81,2.87,,,Neptune-sized,30-100 days
,1,82.74,2.05,,,Neptune-sized,30-100 days
,1,4.66,90.54,,,Super-Jupiter,3-10 days
,1,37.05,726.88,,,Super-Jupiter,30-100 days
,1,90.29,1.08,,,Earth-sized,30-100 days
,1,23.06,7.74,,,Jupiter-sized,10-30 days
,1,16.39,8.37,,,Jupiter-sized,10-30 days
,1,6.97,791.92,,,Super-Jupiter,3-10 days
,1,6.91,4.87,,,Jupiter-sized,3-10 days
,1,9.6,309.0,,,Super-Jupiter,3-10 days
,1,6.26,135.57,,,Super-Jupiter,3-10 days
,1,7.49,127.31,,,Super-Jupiter,3-10 days
,1,13.62,1112.17,,,Super-Jupiter,10-30 days
,1,66.57,6.86,,,Jupiter-sized,30-100 days
,1,54.3,6.72,,,Jupiter-sized,30-100 days
,1,13.31,182.82,,,Super-Jupiter,10-30 days
,1,99.47,9.14,,,Jupiter-sized,30-100 days
,1,94.33,4.43,,,Jupiter-sized,30-100 days
,1,8.02,434.01,,,Super-Jupiter,3-10 days
,1,4.89,156.63,,,Super-Jupiter,3-10 days
,1,3.91,112.78,,,Super-Jupiter,3-10 days
,1,3.47,184.15,,,Super-Jupiter,3-10 days
,1,10.58,118.26,,,Super-Jupiter,10-30 days
,1,34.32,5.9,,,Jupiter-sized,30-100 days
,1,55.97,3.52,,,Neptune-sized,30-100 days
,1,2.67,257.16,,,Super-Jupiter,<3 days
,1,12.17,252.55,,,Super-Jupiter,10-30 days
,1,2.38,465.42,,,Super-Jupiter,<3 days
,1,47.5,1.15,,,Earth-sized,30-100 days
,1,5.91,128.93,,,Super-Jupiter,3-10 days
,1,10.98,8.46,,,Jupiter-sized,10-30 days
,1,10.06,449.83,,,Super-Jupiter,10-30 days
,1,4.16,1528.91,,,Super-Jupiter,3-10 days
,1,22.97,9.83,,,Jupiter-sized,10-30 days
,1,1.24,184.94,,,Super-Jupiter,<3 days
,1,70.6,9.57,,,Jupiter-sized,30-100 days
,1,12.54,112.5,,,Super-Jupiter,10-30 days
,1,47.65,3.9,,,Neptune-sized,30-100 days
,1,67.72,9.07,,,Jupiter-sized,30-100 days
,1,7.74,201.05,,,Super-Jupiter,3-10 days
,1,57.93,5.67,,,Jupiter-sized,30-100 days
,1,30.87,7.07,,,Jupiter-sized,30-100 days
,1,11.31,275.69,,,Super-Jupiter,10-30 days
,1,1.46,106.85,,,Super-Jupiter,<3 days
,1,11.93,166.49,,,Super-Jupiter,10-30 days
,1,81.2,5.77,,,Jupiter-sized,30-100 days
,1,12.51,158.85,,,Super-Jupiter,10-30 days
,1,7.9,139.81,,,Super-Jupiter,3-10 days
,1,8.95,4.02,,,Jupiter-sized,3-10 days
,1,33.16,762.4,,,Super-Jupiter,30-100 days
,1,24.71,6.28,,,Jupiter-sized,10-30 days
,1,36.12,353.57,,,Super-Jupiter,30-100 days
,1,10.73,499.92,,,Super-Jupiter,10-30 days
,1,3.52,285.47,,,Super-Jupiter,3-10 days
,1,55.91,6.32,,,Jupiter-sized,30-100 days
,1,42.78,2.22,,,Neptune-sized,30-100 days
,1,11.51,133.81,,,Super-Jupiter,10-30 days
,1,2.98,4.17,,,Jupiter-sized,<3 days
,1,2.36,108.95,,,Super-Jupiter,<3 days
,1,4.83,155.51,,,Super-Jupiter,3-10 days
,1,18.19,854.2,,,Super-Jupiter,10-30 days
,1,3.03,123.06,,,Super-Jupiter,3-10 days
,1,90.97,5.41,,,Jupiter-sized,30-100 days
,1,79.88,7.2,,,Jupiter-sized,30-100 days
,1,13.31,210.81,,,Super-Jupiter,10-30 days
,1,13.52,2532.07,,,Super-Jupiter,10-30 days
,1,11.81,261.45,,,Super-Jupiter,10-30 days
,1,29.65,3.26,,,Neptune-sized,10-30 days
,1,88.09,3.66,,,Neptune-sized,30-100 days
,1,57.25,1.86,,,Super-Earth,30-100 days
,1,58.86,9.38,,,Jupiter-sized,30-100 days
,1,4.42,117.08,,,Super-Jupiter,3-10 days
,1,59.16,2.84,,,Neptune-sized,30-100 days
,1,3.1,4.34,,,Jupiter-sized,3-10 days
,1,14.43,3.43,,,Neptune-sized,10-30 days
,1,3.48,699.55,,,Super-Jupiter,3-10 days
,1,7.58,135.78,,,Super-Jupiter,3-10 days
,1,18.23,1640.39,,,Super-Jupiter,10-30 days
,1,7.46,6.33,,,Jupiter-sized,3-10 days
,1,32.77,943.45,,,Super-Jupiter,30-100 days
,1,6.34,429.3,,,Super-Jupiter,3-10 days
,1,4.7,210.09,,,Super-Jupiter,3-10 days
,1,13.3,168.33,,,Super-Jupiter,10-30 days
,1,7.8,161.94,,,Super-Jupiter,3-10 days
,1,7.66,157.81,,,Super-Jupiter,3-10 days
,1,3.56,89.95,,,Super-Jupiter,3-10 days
,1,62.97,2.24,,,Neptune-sized,30-100 days
,1,13.24,133.15,,,Super-Jupiter,10-30 days
,1,32.64,8.53,,,Jupiter-sized,30-100 days
,1,14.89,4423.71,,,Super-Jupiter,10-30 days
,1,76.7,8.54,,,Jupiter-sized,30-100 days
,1,11.26,3845.61,,,Super-Jupiter,10-30 days
,1,82.26,7.47,,,Jupiter-sized,30-100 days
,1,54.5,3.05,,,Neptune-sized,30-100 days
,1,8.66,193.88,,,Super-Jupiter,3-10 days
,1,2.78,77.63,,,Super-Jupiter,<3 days
,1,9.29,191.89,,,Super-Jupiter,3-10 days
,1,82.18,8.71,,,Jupiter-sized,30-100 days
,1,44.63,929.77,,,Super-Jupiter,30-100 days
,1,5.23,112.64,,,Super-Jupiter,3-10 days
,1,9.04,126.4,,,Super-Jupiter,3-10 days
,1,16.47,343.87,,,Super-Jupiter,10-30 days
,1,2.47,7307.2,,,Super-Jupiter,<3 days
,1,9.54,138.1,,,Super-Jupiter,3-10 days
,1,48.67,383.33,,,Super-Jupiter,30-100 days
,1,13.1,3421.33,,,Super-Jupiter,10-30 days
,1,16.06,591.92,,,Super-Jupiter,10-30 days
,1,1.35,67.79,,,Super-Jupiter,<3 days
,1,40.09,248.35,,,Super-Jupiter,30-100 days
,1,17.57,8.62,,,Jupiter-sized,10-30 days
,1,13.35,793.25,,,Super-Jupiter,10-30 days
,1,73.82,6.49,,,Jupiter-sized,30-100 days
,1,71.04,6.5,,,Jupiter-sized,30-100 days
,1,5.25,3429.49,,,Super-Jupiter,3-10 days
,1,11.06,147.39,,,Super-Jupiter,10-30 days
,1,99.23,6.34,,,Jupiter-sized,30-100 days
,1,2.51,1112.94,,,Super-Jupiter,<3 days
,1,13.1,211.51,,,Super-Jupiter,10-30 days
,1,33.15,4.29,,,Jupiter-sized,30-100 days
,1,6.91,215.89,,,Super-Jupiter,3-10 days
,1,68.16,1.82,,,Super-Earth,30-100 days
,1,7.05,1155.28,,,Super-Jupiter,3-10 days
,1,4.12,6.1,,,Jupiter-sized,3-10 days
,1,72.73,2.19,,,Neptune-sized,30-100 days
,1,23.45,5.55,,,Jupiter-sized,10-30 days
,1,4.6,6.33,,,Jupiter-sized,3-10 days
,1,76.07,4.84,,,Jupiter-sized,30-100 days
,1,39.62,8.64,,,Jupiter-sized,30-100 days
,1,11.73,651.5,,,Super-Jupiter,10-30 days
,1,28.88,2.91,,,Neptune-sized,10-30 days
,1,9.57,204.29,,,Super-Jupiter,3-10 days
,1,2.92,132.92,,,Super-Jupiter,<3 days
,1,16.93,9.76,,,Jupiter-sized,10-30 days
,1,13.6,1.4,,,Super-Earth,10-30 days
,1,19.39,828.28,,,Super-Jupiter,10-30 days
,1,32.02,6.71,,,Jupiter-sized,30-100 days
,1,3.07,77.56,,,Super-Jupiter,3-10 days
,1,34.71,9.27,,,Jupiter-sized,30-100 days
,1,88.34,3.71,,,Neptune-sized,30-100 days
,1,76.41,1.84,,,Super-Earth,30-100 days
,1,10.32,376.43,,,Super-Jupiter,10-30 days
,1,7.95,135.51,,,Super-Jupiter,3-10 days
,1,1.39,64.29,,,Super-Jupiter,<3 days
,1,20.98,315.73,,,Super-Jupiter,10-30 days
,1,80.84,6.92,,,Jupiter-sized,30-100 days
,1,8.11,287.68,,,Super-Jupiter,3-10 days
,1,8.38,140.17,,,Super-Jupiter,3-10 days
,1,36.8,241.52,,,Super-Jupiter,30-100 days
,1,8.13,686.26,,,Super-Jupiter,3-10 days
,1,12.96,215.06,,,Super-Jupiter,10-30 days
,1,61.38,7.7,,,Jupiter-sized,30-100 days
,1,44.18,1033.5,,,Super-Jupiter,30-100 days
,1,9.44,2039.12,,,Super-Jupiter,3-10 days
,1,72.7,5.12,,,Jupiter-sized,30-100 days
,1,31.31,8.35,,,Jupiter-sized,30-100 days
,1,5.07,136.74,,,Super-Jupiter,3-10 days
,1,9.81,134.89,,,Super-Jupiter,3-10 days
,1,65.73,4.82,,,Jupiter-sized,30-100 days
,1,1.25,101.31,,,Super-Jupiter,<3 days
,1,8.41,150.6,,,Super-Jupiter,3-10 days
,1,76.32,6.22,,,Jupiter-sized,30-100 days
,1,29.47,269.73,,,Super-Jupiter,10-30 days
,1,1.48,82.53,,,Super-Jupiter,<3 days
,1,70.52,5.34,,,Jupiter-sized,30-100 days
,1,10.01,117.97,,,Super-Jupiter,10-30 days
,1,61.7,6.2,,,Jupiter-sized,30-100 days
,1,9.22,143.98,,,Super-Jupiter,3-10 days
,1,17.17,433.32,,,Super-Jupiter,10-30 days
,1,3.01,172.58,,,Super-Jupiter,3-10 days
,1,58.83,8.95,,,Jupiter-sized,30-100 days
,1,8.54,435.9,,,Super-Jupiter,3-10 days
,1,9.76,119.34,,,Super-Jupiter,3-10 days
,1,12.67,478.73,,,Super-Jupiter,10-30 days
,1,57.21,9.14,,,Jupiter-sized,30-100 days
,1,34.2,6.92,,,Jupiter-sized,30-100 days
,1,23.51,8.11,,,Jupiter-sized,10-30 days
,1,7.79,132.52,,,Super-Jupiter,3-10 days
,1,2.69,149.63,,,Super-Jupiter,<3 days
,1,12.48,343.79,,,Super-Jupiter,10-30 days
,1,4.67,131.06,,,Super-Jupiter,3-10 days
,1,1.86,204.11,,,Super-Jupiter,<3 days
,1,8.18,98.27,,,Super-Jupiter,3-10 days
,1,31.06,2.13,,,Neptune-sized,30-100 days
,1,63.77,4.44,,,Jupiter-sized,30-100 days
,1,70.67,3.77,,,Neptune-sized,30-100 days
,1,94.62,3.56,,,Neptune-sized,30-100 days
,1,6.09,137.46,,,Super-Jupiter,3-10 days
,1,70.96,7.88,,,Jupiter-sized,30-100 days
,1,10.8,723.46,,,Super-Jupiter,10-30 days
,1,3.52,807.32,,,Super-Jupiter,3-10 days
,1,32.9,1.1,,,Earth-sized,30-100 days
,1,28.53,203.55,,,Super-Jupiter,10-30 days
,1,16.6,657.44,,,Super-Jupiter,10-30 days
,1,59.51,4.7,,,Jupiter-sized,30-100 days
,1,12.36,8.88,,,Jupiter-sized,10-30 days
,1,31.49,1.74,,,Super-Earth,30-100 days
,1,53.77,7.85,,,Jupiter-sized,30-100 days
,1,96.87,2.34,,,Neptune-sized,30-100 days
,1,10.97,721.53,,,Super-Jupiter,10-30 days
,1,2.86,100.77,,,Super-Jupiter,<3 days
,1,19.2,1221.48,,,Super-Jupiter,10-30 days
,1,29.27,9.36,,,Jupiter-sized,10-30 days
,1,9.76,117.73,,,Super-Jupiter,3-10 days
,1,21.09,2.67,,,Neptune-sized,10-30 days
,1,60.28,4.68,,,Jupiter-sized,30-100 days
,1,11.11,236.81,,,Super-Jupiter,10-30 days
,1,4.44,119.17,,,Super-Jupiter,3-10 days
,1,43.37,2.73,,,Neptune-sized,30-100 days
,1,23.7,6.89,,,Jupiter-sized,10-30 days
,1,5.48,114.25,,,Super-Jupiter,3-10 days
,1,3.34,88.6,,,Super-Jupiter,3-10 days
,1,30.62,2.69,,,Neptune-sized,30-100 days
,1,7.8,140.74,,,Super-Jupiter,3-10 days
,1,76.82,5.45,,,Jupiter-sized,30-100 days
,1,13.52,506.64,,,Super-Jupiter,10-30 days
,1,2.2,8116.63,,,Super-Jupiter,<3 days
,1,26.77,6.96,,,Jupiter-sized,10-30 days
,1,61.99,9.97,,,Jupiter-sized,30-100 days
,1,7.81,134.45,,,Super-Jupiter,3-10 days
,1,3.2,237.22,,,Super-Jupiter,3-10 days
,1,9.34,151.75,,,Super-Jupiter,3-10 days
,1,5.4,305.42,,,Super-Jupiter,3-10 days
,1,2.14,342.85,,,Super-Jupiter,<3 days
,1,66.94,3.31,,,Neptune-sized,30-100 days
,1,20.06,250.01,,,Super-Jupiter,10-30 days
,1,11.23,198.62,,,Super-Jupiter,10-30 days
,1,1.39,2514.97,,,Super-Jupiter,<3 days
,1,13.29,235.06,,,Super-Jupiter,10-30 days
,1,39.17,1301.0,,,Super-Jupiter,30-100 days
,1,4.81,172.01,,,Super-Jupiter,3-10 days
,1,2.66,4.29,,,Jupiter-sized,<3 days
,1,60.54,6.04,,,Jupiter-sized,30-100 days
,1,4.2,3.48,,,Neptune-sized,3-10 days
,1,3.27,1389.44,,,Super-Jupiter,3-10 days
,1,99.83,6.63,,,Jupiter-sized,30-100 days
,1,7.85,4.73,,,Jupiter-sized,3-10 days
,1,95.49,6.31,,,Jupiter-sized,30-100 days
,1,11.6,6.37,,,Jupiter-sized,10-30 days
,1,8.61,134.85,,,Super-Jupiter,3-10 days
,1,4.64,169.64,,,Super-Jupiter,3-10 days
,1,4.67,219.24,,,Super-Jupiter,3-10 days
,1,10.05,183.76,,,Super-Jupiter,10-30 days
,1,3.32,97.62,,,Super-Jupiter,3-10 days
,1,59.53,9.38,,,Jupiter-sized,30-100 days
,1,13.11,3.3,,,Neptune-sized,10-30 days
,1,91.7,8.68,,,Jupiter-sized,30-100 days
,1,22.76,1.09,,,Earth-sized,10-30 days
,1,10.74,525.74,,,Super-Jupiter,10-30 days
,1,8.93,121.38,,,Super-Jupiter,3-10 days
,1,35.17,8.33,,,Jupiter-sized,30-100 days
,1,18.84,269.43,,,Super-Jupiter,10-30 days
,1,41.8,437.39,,,Super-Jupiter,30-100 days
,1,9.63,98.29,,,Super-Jupiter,3-10 days
,1,69.33,1.66,,,Super-Earth,30-100 days
,1,16.74,1088.6,,,Super-Jupiter,10-30 days
,1,9.51,495.11,,,Super-Jupiter,3-10 days
,1,10.61,124.01,,,Super-Jupiter,10-30 days
,1,47.94,3.73,,,Neptune-sized,30-100 days
,1,28.05,6.62,,,Jupiter-sized,10-30 days
,1,11.18,5.29,,,Jupiter-sized,10-30 days
,1,6.92,144.98,,,Super-Jupiter,3-10 days
,1,58.41,5.81,,,Jupiter-sized,30-100 days
,1,2.49,1109.59,,,Super-Jupiter,<3 days
,1,40.64,7.72,,,Jupiter-sized,30-100 days
,1,8.05,146.49,,,Super-Jupiter,3-10 days
,1,7.96,144.82,,,Super-Jupiter,3-10 days
,1,24.96,1.74,,,Super-Earth,10-30 days
,1,6.11,241.59,,,Super-Jupiter,3-10 days
,1,3.21,1308.91,,,Super-Jupiter,3-10 days
,1,14.5,533.52,,,Super-Jupiter,10-30 days
,1,69.62,3.28,,,Neptune-sized,30-100 days
,1,10.49,4162.99,,,Super-Jupiter,10-30 days
,1,11.48,198.69,,,Super-Jupiter,10-30 days
,1,4.12,393.0,,,Super-Jupiter,3-10 days
,1,10.56,118.07,,,Super-Jupiter,10-30 days
,1,4.58,155.13,,,Super-Jupiter,3-10 days
,1,6.27,574.52,,,Super-Jupiter,3-10 days
,1,51.99,2.72,,,Neptune-sized,30-100 days
,1,3.45,398.48,,,Super-Jupiter,3-10 days
,1,66.55,1.32,,,Super-Earth,30-100 days
,1,45.56,1.61,,,Super-Earth,30-100 days
,1,41.71,852.84,,,Super-Jupiter,30-100 days
,1,12.48,145.96,,,Super-Jupiter,10-30 days
,1,8.33,138.27,,,Super-Jupiter,3-10 days
,1,10.65,170.26,,,Super-Jupiter,10-30 days
,1,4.71,176.74,,,Super-Jupiter,3-10 days
,1,5.86,112.01,,,Super-Jupiter,3-10 days
,1,65.67,9.9,,,Jupiter-sized,30-100 days
,1,49.52,9.03,,,Jupiter-sized,30-100 days
,1,4.94,2358.55,,,Super-Jupiter,3-10 days
,1,40.54,3.61,,,Neptune-sized,30-100 days
,1,12.46,272.3,,,Super-Jupiter,10-30 days
,1,11.66,515.58,,,Super-Jupiter,10-30 days
,1,12.86,1759.5,,,Super-Jupiter,10-30 days
,1,65.08,2.44,,,Neptune-sized,30-100 days
,1,44.91,6.87,,,Jupiter-sized,30-100 days
,1,6.35,135.27,,,Super-Jupiter,3-10 days
,1,68.07,6.97,,,Jupiter-sized,30-100 days
,1,9.9,146.72,,,Super-Jupiter,3-10 days
,1,4.0,702.98,,,Super-Jupiter,3-10 days
,1,14.1,125.7,,,Super-Jupiter,10-30 days
,1,3.58,296.52,,,Super-Jupiter,3-10 days
,1,95.43,9.8,,,Jupiter-sized,30-100 days
,1,92.23,5.03,,,Jupiter-sized,30-100 days
,1,97.32,8.92,,,Jupiter-sized,30-100 days
,1,2.8,97.8,,,Super-Jupiter,<3 days
,1,11.75,278.77,,,Super-Jupiter,10-30 days
,1,1.68,95.16,,,Super-Jupiter,<3 days
,1,37.78,8.37,,,Jupiter-sized,30-100 days
,1,6.75,185.66,,,Super-Jupiter,3-10 days
,1,16.46,456.43,,,Super-Jupiter,10-30 days
,1,8.85,142.26,,,Super-Jupiter,3-10 days
,1,8.73,4.57,,,Jupiter-sized,3-10 days
,1,7.38,204.51,,,Super-Jupiter,3-10 days
,1,8.02,124.12,,,Super-Jupiter,3-10 days
,1,6.77,5.85,,,Jupiter-sized,3-10 days
,1,67.68,6.75,,,Jupiter-sized,30-100 days
,1,73.37,1.94,,,Super-Earth,30-100 days
,1,73.62,8.07,,,Jupiter-sized,30-100 days
,1,69.17,4.23,,,Jupiter-sized,30-100 days
,1,29.99,387.65,,,Super-Jupiter,10-30 days
,1,44.83,4.82,,,Jupiter-sized,30-100 days
,1,3.81,133.17,,,Super-Jupiter,3-10 days
,1,14.1,361.66,,,Super-Jupiter,10-30 days
,1,62.37,7.29,,,Jupiter-sized,30-100 days
,1,87.75,9.6,,,Jupiter-sized,30-100 days
,1,2.19,99.6,,,Super-Jupiter,<3 days
,1,4.76,500.76,,,Super-Jupiter,3-10 days
,1,5.35,160.0,,,Super-Jupiter,3-10 days
,1,65.91,5.27,,,Jupiter-sized,30-100 days
,1,2.74,940.0,,,Super-Jupiter,<3 days
,1,43.1,8.19,,,Jupiter-sized,30-100 days
,1,40.18,9.25,,,Jupiter-sized,30-100 days
,1,1.28,84.46,,,Super-Jupiter,<3 days
,1,43.86,7.3,,,Jupiter-sized,30-100 days
,1,23.58,8.73,,,Jupiter-sized,10-30 days
,1,2.19,218.07,,,Super-Jupiter,<3 days
,1,8.0,242.71,,,Super-Jupiter,3-10 days
,1,5.53,129.27,,,Super-Jupiter,3-10 days
,1,8.81,238.4,,,Super-Jupiter,3-10 days
,1,45.52,832.15,,,Super-Jupiter,30-100 days
,1,82.82,2.34,,,Neptune-sized,30-100 days
,1,14.84,330.0,,,Super-Jupiter,10-30 days
,1,11.84,203.01,,,Super-Jupiter,10-30 days
,1,3.04,127.86,,,Super-Jupiter,3-10 days
,1,11.41,137.75,,,Super-Jupiter,10-30 days
,1,12.71,167.6,,,Super-Jupiter,10-30 days
,1,11.63,127.92,,,Super-Jupiter,10-30 days
,1,76.21,8.02,,,Jupiter-sized,30-100 days
,1,4.41,8.88,,,Jupiter-sized,3-10 days
,1,9.87,179.24,,,Super-Jupiter,3-10 days
,1,2.0,619.78,,,Super-Jupiter,<3 days
,1,7.34,125.09,,,Super-Jupiter,3-10 days
,1,15.02,594.95,,,Super-Jupiter,10-30 days
,1,6.76,95.91,,,Super-Jupiter,3-10 days
,1,12.45,381.93,,,Super-Jupiter,10-30 days
,1,10.18,556.05,,,Super-Jupiter,10-30 days
,1,3.05,3429.99,,,Super-Jupiter,3-10 days
,1,63.79,4.74,,,Jupiter-sized,30-100 days
,1,60.06,8.3,,,Jupiter-sized,30-100 days
,1,20.12,3.79,,,Neptune-sized,10-30 days
,1,24.35,312.12,,,Super-Jupiter,10-30 days
,1,56.74,2.17,,,Neptune-sized,30-100 days
,1,11.48,324.7,,,Super-Jupiter,10-30 days
,1,23.82,2.03,,,Neptune-sized,10-30 days
,1,56.97,2.79,,,Neptune-sized,30-100 days
,1,12.14,191.01,,,Super-Jupiter,10-30 days
,1,12.09,310.8,,,Super-Jupiter,10-30 days
,1,16.25,1005.49,,,Super-Jupiter,10-30 days
,1,12.9,152.95,,,Super-Jupiter,10-30 days
,1,12.93,525.61,,,Super-Jupiter,10-30 days
,1,91.7,8.86,,,Jupiter-sized,30-100 days
,1,74.1,5.37,,,Jupiter-sized,30-100 days
,1,12.91,7.98,,,Jupiter-sized,10-30 days
,1,12.18,779.02,,,Super-Jupiter,10-30 days
,1,90.9,3.23,,,Neptune-sized,30-100 days
,1,54.05,7.57,,,Jupiter-sized,30-100 days
,1,77.34,9.26,,,Jupiter-sized,30-100 days
,1,9.28,325.68,,,Super-Jupiter,3-10 days
,1,46.19,5.74,,,Jupiter-sized,30-100 days
,1,41.51,8.91,,,Jupiter-sized,30-100 days
,1,5.4,4198.36,,,Super-Jupiter,3-10 days
,1,68.42,6.58,,,Jupiter-sized,30-100 days
,1,11.03,145.71,,,Super-Jupiter,10-30 days
,1,6.18,262.22,,,Super-Jupiter,3-10 days
,1,5.38,4413.89,,,Super-Jupiter,3-10 days
,1,6.03,270.03,,,Super-Jupiter,3-10 days
,1,7.11,150.41,,,Super-Jupiter,3-10 days
,1,43.21,2.98,,,Neptune-sized,30-100 days
,1,11.15,2613.06,,,Super-Jupiter,10-30 days
,1,2.36,116.7,,,Super-Jupiter,<3 days
,1,1.43,99.45,,,Super-Jupiter,<3 days
,1,4.8,126.61,,,Super-Jupiter,3-10 days
,1,4.86,140.72,,,Super-Jupiter,3-10 days
,1,78.22,1.24,,,Earth-sized,30-100 days
,1,12.77,356.91,,,Super-Jupiter,10-30 days
,1,70.89,5.66,,,Jupiter-sized,30-100 days
,1,2.21,1391.25,,,Super-Jupiter,<3 days
,1,10.94,284.3,,,Super-Jupiter,10-30 days
,1,1.27,133.92,,,Super-Jupiter,<3 days
,1,83.42,2.11,,,Neptune-sized,30-100 days
,1,1.24,3461.21,,,Super-Jupiter,<3 days
,1,20.46,5.28,,,Jupiter-sized,10-30 days
,1,9.0,7.67,,,Jupiter-sized,3-10 days
,1,2.54,88.15,,,Super-Jupiter,<3 days
,1,55.03,9.19,,,Jupiter-sized,30-100 days
,1,8.85,143.25,,,Super-Jupiter,3-10 days
,1,11.26,124.22,,,Super-Jupiter,10-30 days
,1,97.11,3.18,,,Neptune-sized,30-100 days
,1,4.96,118.27,,,Super-Jupiter,3-10 days
,1,10.67,156.01,,,Super-Jupiter,10-30 days
,1,14.52,328.44,,,Super-Jupiter,10-30 days
,1,30.83,264.97,,,Super-Jupiter,30-100 days
,1,4.91,185.94,,,Super-Jupiter,3-10 days
,1,10.4,119.19,,,Super-Jupiter,10-30 days
,1,11.7,130.42,,,Super-Jupiter,10-30 days
,1,47.51,4.52,,,Jupiter-sized,30-100 days
,1,8.18,304.71,,,Super-Jupiter,3-10 days
,1,2.47,5641.97,,,Super-Jupiter,<3 days
,1,14.74,477.82,,,Super-Jupiter,10-30 days
,1,29.5,418.36,,,Super-Jupiter,10-30 days
,1,5.06,149.28,,,Super-Jupiter,3-10 days
,1,3.49,148.2,,,Super-Jupiter,3-10 days
,1,38.78,4.21,,,Jupiter-sized,30-100 days
,1,11.7,141.56,,,Super-Jupiter,10-30 days
,1,1.38,66.79,,,Super-Jupiter,<3 days
,1,51.83,4.82,,,Jupiter-sized,30-100 days
,1,1.54,233.2,,,Super-Jupiter,<3 days
,1,6.97,144.02,,,Super-Jupiter,3-10 days
,1,4.8,133.92,,,Super-Jupiter,3-10 days
,1,87.08,8.42,,,Jupiter-sized,30-100 days
,1,4.59,1865.57,,,Super-Jupiter,3-10 days
,1,47.2,5.35,,,Jupiter-sized,30-100 days
,1,11.77,7.35,,,Jupiter-sized,10-30 days
,1,3.65,120.76,,,Super-Jupiter,3-10 days
,1,6.56,8.48,,,Jupiter-sized,3-10 days
,1,2.88,919.19,,,Super-Jupiter,<3 days
,1,19.06,9.76,,,Jupiter-sized,10-30 days
,1,8.57,327.69,,,Super-Jupiter,3-10 days
,1,88.46,7.24,,,Jupiter-sized,30-100 days
,1,4.98,124.41,,,Super-Jupiter,3-10 days
,1,12.85,159.9,,,Super-Jupiter,10-30 days
,1,10.06,478.91,,,Super-Jupiter,10-30 days
,1,1.87,74.56,,,Super-Jupiter,<3 days
,1,13.8,3.28,,,Neptune-sized,10-30 days
,1,3.24,1855.23,,,Super-Jupiter,3-10 days
,1,75.33,6.66,,,Jupiter-sized,30-100 days
,1,2.62,90.96,,,Super-Jupiter,<3 days
,1,83.08,8.26,,,Jupiter-sized,30-100 days
,1,66.69,8.76,,,Jupiter-sized,30-100 days
,1,9.86,263.4,,,Super-Jupiter,3-10 days
,1,98.71,8.01,,,Jupiter-sized,30-100 days
,1,30.92,300.78,,,Super-Jupiter,30-100 days
,1,67.44,6.06,,,Jupiter-sized,30-100 days
,1,8.26,151.3,,,Super-Jupiter,3-10 days
,1,12.0,948.83,,,Super-Jupiter,10-30 days
,1,11.65,215.31,,,Super-Jupiter,10-30 days
,1,11.01,413.39,,,Super-Jupiter,10-30 days
,1,62.01,3.07,,,Neptune-sized,30-100 days
,1,10.97,153.29,,,Super-Jupiter,10-30 days
,1,6.14,179.54,,,Super-Jupiter,3-10 days
,1,13.21,254.57,,,Super-Jupiter,10-30 days
,1,8.07,229.61,,,Super-Jupiter,3-10 days
,1,11.1,341.6,,,Super-Jupiter,10-30 days
,1,8.41,316.12,,,Super-Jupiter,3-10 days
,1,6.8,2379.51,,,Super-Jupiter,3-10 days
,1,42.33,9.38,,,Jupiter-sized,30-100 days
,1,65.06,7.18,,,Jupiter-sized,30-100 days
,1,24.08,202.65,,,Super-Jupiter,10-30 days
,1,49.6,8.33,,,Jupiter-sized,30-100 days
,1,20.91,473.42,,,Super-Jupiter,10-30 days
,1,8.6,140.72,,,Super-Jupiter,3-10 days
,1,1.25,3.57,,,Neptune-sized,<3 days
,1,6.76,111.92,,,Super-Jupiter,3-10 days
,1,12.9,290.69,,,Super-Jupiter,10-30 days
,1,2.43,137.11,,,Super-Jupiter,<3 days
,1,13.38,138.69,,,Super-Jupiter,10-30 days
,1,33.83,8.76,,,Jupiter-sized,30-100 days
,1,95.71,5.93,,,Jupiter-sized,30-100 days
,1,64.59,2.3,,,Neptune-sized,30-100 days
,1,10.4,419.11,,,Super-Jupiter,10-30 days
,1,1.65,130.71,,,Super-Jupiter,<3 days
,1,90.43,9.43,,,Jupiter-sized,30-100 days
,1,13.99,201.71,,,Super-Jupiter,10-30 days
,1,12.43,248.57,,,Super-Jupiter,10-30 days
,1,3.5,287.89,,,Super-Jupiter,3-10 days
,1,3.26,1370.71,,,Super-Jupiter,3-10 days
,1,74.65,3.79,,,Neptune-sized,30-100 days
,1,53.48,5.3,,,Jupiter-sized,30-100 days
,1,5.48,440.87,,,Super-Jupiter,3-10 days
,1,4.12,2094.99,,,Super-Jupiter,3-10 days
,1,7.77,7.88,,,Jupiter-sized,3-10 days
,1,6.58,2.56,,,Neptune-sized,3-10 days
,1,8.19,339.44,,,Super-Jupiter,3-10 days
,1,8.21,2286.13,,,Super-Jupiter,3-10 days
,1,72.92,4.84,,,Jupiter-sized,30-100 days
,1,11.65,237.37,,,Super-Jupiter,10-30 days
,1,60.02,3.08,,,Neptune-sized,30-100 days
,1,58.49,7.39,,,Jupiter-sized,30-100 days
,1,9.05,4.77,,,Jupiter-sized,3-10 days
,1,16.03,219.48,,,Super-Jupiter,10-30 days
,1,2.63,134.83,,,Super-Jupiter,<3 days
,1,10.74,306.21,,,Super-Jupiter,10-30 days
,1,34.74,4.13,,,Jupiter-sized,30-100 days
,1,6.06,679.3,,,Super-Jupiter,3-10 days
,1,10.78,8.39,,,Jupiter-sized,10-30 days
,1,9.59,216.6,,,Super-Jupiter,3-10 days
,1,2.34,9.42,,,Jupiter-sized,<3 days
,1,32.37,973.31,,,Super-Jupiter,30-100 days
,1,10.8,360.89,,,Super-Jupiter,10-30 days
,1,11.0,253.91,,,Super-Jupiter,10-30 days
,1,30.16,6.58,,,Jupiter-sized,30-100 days
,1,2.01,131.76,,,Super-Jupiter,<3 days
,1,3.21,192.71,,,Super-Jupiter,3-10 days
,1,48.59,8.21,,,Jupiter-sized,30-100 days
,1,16.71,3.22,,,Neptune-sized,10-30 days
,1,4.43,420.86,,,Super-Jupiter,3-10 days
,1,7.91,6.02,,,Jupiter-sized,3-10 days
,1,1.45,68.0,,,Super-Jupiter,<3 days
,1,10.58,130.43,,,Super-Jupiter,10-30 days
,1,8.82,1150.33,,,Super-Jupiter,3-10 days
,1,12.63,191.67,,,Super-Jupiter,10-30 days
,1,15.72,7.15,,,Jupiter-sized,10-30 days
,1,5.09,200.52,,,Super-Jupiter,3-10 days
,1,9.36,120.99,,,Super-Jupiter,3-10 days
,1,55.31,5.08,,,Jupiter-sized,30-100 days
,1,90.91,5.42,,,Jupiter-sized,30-100 days
,1,29.32,412.27,,,Super-Jupiter,10-30 days
,1,10.77,234.25,,,Super-Jupiter,10-30 days
,1,4.76,209.66,,,Super-Jupiter,3-10 days
,1,7.06,129.28,,,Super-Jupiter,3-10 days
,1,30.36,2.59,,,Neptune-sized,30-100 days
,1,36.2,4.87,,,Jupiter-sized,30-100 days
,1,1.68,95.31,,,Super-Jupiter,<3 days
,1,2.09,105.22,,,Super-Jupiter,<3 days
,1,4.54,106.17,,,Super-Jupiter,3-10 days
,1,9.98,3.92,,,Neptune-sized,3-10 days
,1,94.19,7.98,,,Jupiter-sized,30-100 days
,1,13.59,259.52,,,Super-Jupiter,10-30 days
,1,10.98,142.75,,,Super-Jupiter,10-30 days
,1,27.57,3.84,,,Neptune-sized,10-30 days
,1,17.82,626.53,,,Super-Jupiter,10-30 days
,1,6.89,143.2,,,Super-Jupiter,3-10 days
,1,3.83,1390.29,,,Super-Jupiter,3-10 days
,1,13.47,426.31,,,Super-Jupiter,10-30 days
,1,8.51,136.67,,,Super-Jupiter,3-10 days
,1,10.82,4.01,,,Jupiter-sized,10-30 days
,1,25.85,3.05,,,Neptune-sized,10-30 days
,1,3.32,117.97,,,Super-Jupiter,3-10 days
,1,11.43,234.97,,,Super-Jupiter,10-30 days
,1,12.07,222.56,,,Super-Jupiter,10-30 days
,1,96.9,9.45,,,Jupiter-sized,30-100 days
,1,74.02,6.36,,,Jupiter-sized,30-100 days
,1,4.53,119.95,,,Super-Jupiter,3-10 days
,1,14.06,680.9,,,Super-Jupiter,10-30 days
,1,6.87,177.54,,,Super-Jupiter,3-10 days
,1,16.24,8.32,,,Jupiter-sized,10-30 days
,1,12.38,140.1,,,Super-Jupiter,10-30 days
,1,7.44,222.94,,,Super-Jupiter,3-10 days
,1,3.53,129.01,,,Super-Jupiter,3-10 days
,1,99.7,2.9,,,Neptune-sized,30-100 days
,1,76.25,3.96,,,Neptune-sized,30-100 days
,1,3.21,9.43,,,Jupiter-sized,3-10 days
,1,11.45,166.64,,,Super-Jupiter,10-30 days
,1,11.19,1442.9,,,Super-Jupiter,10-30 days
,1,14.81,306.64,,,Super-Jupiter,10-30 days
,1,13.08,671.47,,,Super-Jupiter,10-30 days
,1,4.54,175.23,,,Super-Jupiter,3-10 days
,1,9.37,1775.81,,,Super-Jupiter,3-10 days
,1,6.49,107.1,,,Super-Jupiter,3-10 days
,1,41.45,529.27,,,Super-Jupiter,30-100 days
,1,21.53,3.73,,,Neptune-sized,10-30 days
,1,26.64,336.13,,,Super-Jupiter,10-30 days
,1,43.7,305.16,,,Super-Jupiter,30-100 days
,1,66.82,6.92,,,Jupiter-sized,30-100 days
,1,10.88,235.82,,,Super-Jupiter,10-30 days
,1,51.09,7.78,,,Jupiter-sized,30-100 days
,1,71.05,8.13,,,Jupiter-sized,30-100 days
,1,12.01,464.35,,,Super-Jupiter,10-30 days
,1,81.26,7.16,,,Jupiter-sized,30-100 days
,1,17.13,273.81,,,Super-Jupiter,10-30 days
,1,73.35,6.75,,,Jupiter-sized,30-100 days
,1,5.23,219.75,,,Super-Jupiter,3-10 days
,1,4.76,650.92,,,Super-Jupiter,3-10 days
,1,14.1,452.97,,,Super-Jupiter,10-30 days
,1,4.79,104.11,,,Super-Jupiter,3-10 days
,1,2.11,5230.25,,,Super-Jupiter,<3 days
,1,2.03,96.11,,,Super-Jupiter,<3 days
,1,3.59,9.44,,,Jupiter-sized,3-10 days
,1,15.04,779.32,,,Super-Jupiter,10-30 days
,1,64.99,2.17,,,Neptune-sized,30-100 days
,1,3.22,106.7,,,Super-Jupiter,3-10 days
,1,46.23,1106.62,,,Super-Jupiter,30-100 days
,1,2.2,6.02,,,Jupiter-sized,<3 days
,1,28.01,7.12,,,Jupiter-sized,10-30 days
,1,4.02,1646.07,,,Super-Jupiter,3-10 days
,1,19.1,8.31,,,Jupiter-sized,10-30 days
,1,1.38,129.14,,,Super-Jupiter,<3 days
,1,83.2,8.22,,,Jupiter-sized,30-100 days
,1,10.93,269.52,,,Super-Jupiter,10-30 days
,1,6.24,188.42,,,Super-Jupiter,3-10 days
,1,9.56,111.05,,,Super-Jupiter,3-10 days
,1,7.61,126.24,,,Super-Jupiter,3-10 days
,1,9.0,282.07,,,Super-Jupiter,3-10 days
,1,12.48,223.16,,,Super-Jupiter,10-30 days
,1,5.18,283.23,,,Super-Jupiter,3-10 days
,1,3.63,124.27,,,Super-Jupiter,3-10 days
,1,16.95,176.79,,,Super-Jupiter,10-30 days
,1,11.94,199.31,,,Super-Jupiter,10-30 days
,1,1.27,233.46,,,Super-Jupiter,<3 days
,1,11.96,181.84,,,Super-Jupiter,10-30 days
,1,12.71,304.6,,,Super-Jupiter,10-30 days
,1,25.02,6.05,,,Jupiter-sized,10-30 days
,1,2.0,95.36,,,Super-Jupiter,<3 days
,1,46.0,733.37,,,Super-Jupiter,30-100 days
,1,3.62,153.05,,,Super-Jupiter,3-10 days
,1,38.84,4.57,,,Jupiter-sized,30-100 days
,1,20.12,2.65,,,Neptune-sized,10-30 days
,1,3.5,262.77,,,Super-Jupiter,3-10 days
,1,11.09,323.25,,,Super-Jupiter,10-30 days
,1,43.07,3.99,,,Neptune-sized,30-100 days
,1,4.75,92.55,,,Super-Jupiter,3-10 days
,1,13.12,2.35,,,Neptune-sized,10-30 days
,1,5.06,419.24,,,Super-Jupiter,3-10 days
,1,1.94,83.64,,,Super-Jupiter,<3 days
,1,1.48,90.8,,,Super-Jupiter,<3 days
,1,36.94,5.54,,,Jupiter-sized,30-100 days
,1,77.25,7.61,,,Jupiter-sized,30-100 days
,1,4.5,116.8,,,Super-Jupiter,3-10 days
,1,57.67,3.27,,,Neptune-sized,30-100 days
,1,16.95,1.5,,,Super-Earth,10-30 days
,1,4.06,130.76,,,Super-Jupiter,3-10 days
,1,74.93,5.1,,,Jupiter-sized,30-100 days
,1,11.64,239.67,,,Super-Jupiter,10-30 days
,1,1.32,6.6,,,Jupiter-sized,<3 days
,1,13.85,223.78,,,Super-Jupiter,10-30 days
,1,31.8,3.4,,,Neptune-sized,30-100 days
,1,70.84,6.59,,,Jupiter-sized,30-100 days
,1,77.84,2.01,,,Neptune-sized,30-100 days
,1,63.59,5.09,,,Jupiter-sized,30-100 days
,1,49.87,4.49,,,Jupiter-sized,30-100 days
,1,8.82,154.42,,,Super-Jupiter,3-10 days
,1,24.79,312.91,,,Super-Jupiter,10-30 days
,1,6.43,141.39,,,Super-Jupiter,3-10 days
,1,2.85,433.55,,,Super-Jupiter,<3 days
,1,49.68,5.52,,,Jupiter-sized,30-100 days
,1,3.26,93.04,,,Super-Jupiter,3-10 days
,1,2.32,93.96,,,Super-Jupiter,<3 days
,1,33.33,4.9,,,Jupiter-sized,30-100 days
,1,10.74,3.53,,,Neptune-sized,10-30 days
,1,13.05,191.65,,,Super-Jupiter,10-30 days
,1,13.31,327.29,,,Super-Jupiter,10-30 days
,1,14.8,1582.23,,,Super-Jupiter,10-30 days
,1,1.44,75.07,,,Super-Jupiter,<3 days
,1,19.48,2.72,,,Neptune-sized,10-30 days
,1,2.26,4.59,,,Jupiter-sized,<3 days
,1,33.38,379.1,,,Super-Jupiter,30-100 days
,1,2.22,238.59,,,Super-Jupiter,<3 days
,1,47.06,7.28,,,Jupiter-sized,30-100 days
,1,17.79,390.84,,,Super-Jupiter,10-30 days
,1,6.99,207.62,,,Super-Jupiter,3-10 days
,1,19.86,8.18,,,Jupiter-sized,10-30 days
,1,82.44,4.36,,,Jupiter-sized,30-100 days
,1,6.3,5.18,,,Jupiter-sized,3-10 days
,1,4.56,112.04,,,Super-Jupiter,3-10 days
,1,1.93,91.54,,,Super-Jupiter,<3 days
,1,22.56,859.69,,,Super-Jupiter,10-30 days
,1,97.76,5.48,,,Jupiter-sized,30-100 days
,1,16.22,1028.7,,,Super-Jupiter,10-30 days
,1,12.52,2.66,,,Neptune-sized,10-30 days
,1,2.78,100.86,,,Super-Jupiter,<3 days
,1,24.85,4.71,,,Jupiter-sized,10-30 days
,1,71.58,3.99,,,Neptune-sized,30-100 days
,1,9.74,5.71,,,Jupiter-sized,3-10 days
,1,48.48,2.58,,,Neptune-sized,30-100 days
,1,11.36,1956.98,,,Super-Jupiter,10-30 days
,1,79.36,5.57,,,Jupiter-sized,30-100 days
,1,18.45,3.3,,,Neptune-sized,10-30 days
,1,96.73,4.14,,,Jupiter-sized,30-100 days
,1,3.73,161.85,,,Super-Jupiter,3-10 days
,1,92.6,6.31,,,Jupiter-sized,30-100 days
,1,29.5,8.69,,,Jupiter-sized,10-30 days
,1,7.1,176.44,,,Super-Jupiter,3-10 days
,1,1.38,1372.44,,,Super-Jupiter,<3 days
,1,14.19,237.83,,,Super-Jupiter,10-30 days
,1,25.63,1663.81,,,Super-Jupiter,10-30 days
,1,9.64,121.67,,,Super-Jupiter,3-10 days
,1,10.18,145.8,,,Super-Jupiter,10-30 days
,1,98.49,1.24,,,Earth-sized,30-100 days
,1,11.68,123.43,,,Super-Jupiter,10-30 days
,1,1.39,72.76,,,Super-Jupiter,<3 days
,1,4.85,223.57,,,Super-Jupiter,3-10 days
,1,13.35,316.92,,,Super-Jupiter,10-30 days
,1,54.18,5.64,,,Jupiter-sized,30-100 days
,1,1.87,317.95,,,Super-Jupiter,<3 days
,1,12.43,287.3,,,Super-Jupiter,10-30 days
,1,18.71,6.25,,,Jupiter-sized,10-30 days
,1,7.56,7.73,,,Jupiter-sized,3-10 days
,1,45.99,559.76,,,Super-Jupiter,30-100 days
,1,2.2,2270.49,,,Super-Jupiter,<3 days
,1,8.19,335.35,,,Super-Jupiter,3-10 days
,1,96.96,6.7,,,Jupiter-sized,30-100 days
,1,12.03,191.78,,,Super-Jupiter,10-30 days
,1,3.1,183.07,,,Super-Jupiter,3-10 days
,1,14.13,1.23,,,Earth-sized,10-30 days
,1,12.34,154.52,,,Super-Jupiter,10-30 days
,1,89.27,9.96,,,Jupiter-sized,30-100 days
,1,50.69,1.31,,,Super-Earth,30-100 days
,1,41.93,766.05,,,Super-Jupiter,30-100 days
,1,11.87,571.39,,,Super-Jupiter,10-30 days
,1,84.7,8.5,,,Jupiter-sized,30-100 days
,1,12.96,138.34,,,Super-Jupiter,10-30 days
,1,1.59,113.03,,,Super-Jupiter,<3 days
,1,82.69,3.25,,,Neptune-sized,30-100 days
,1,28.05,254.57,,,Super-Jupiter,10-30 days
,1,10.99,1346.32,,,Super-Jupiter,10-30 days
,1,47.09,4.7,,,Jupiter-sized,30-100 days
,1,16.7,239.4,,,Super-Jupiter,10-30 days
,1,11.51,8.65,,,Jupiter-sized,10-30 days
,1,48.8,3.48,,,Neptune-sized,30-100 days
,1,12.8,101.84,,,Super-Jupiter,10-30 days
,1,16.25,1048.55,,,Super-Jupiter,10-30 days
,1,29.82,2.02,,,Neptune-sized,10-30 days
,1,28.92,8.22,,,Jupiter-sized,10-30 days
,1,12.43,121.61,,,Super-Jupiter,10-30 days
,1,9.71,115.28,,,Super-Jupiter,3-10 days
,1,27.7,8.07,,,Jupiter-sized,10-30 days
,1,10.32,167.93,,,Super-Jupiter,10-30 days
,1,4.09,202.24,,,Super-Jupiter,3-10 days
,1,88.22,2.77,,,Neptune-sized,30-100 days
,1,34.49,2582.02,,,Super-Jupiter,30-100 days
,1,13.3,195.02,,,Super-Jupiter,10-30 days
,1,2.85,87.72,,,Super-Jupiter,<3 days
,1,27.1,465.36,,,Super-Jupiter,10-30 days
,1,8.07,1104.26,,,Super-Jupiter,3-10 days
,1,14.01,1340.07,,,Super-Jupiter,10-30 days
,1,4.06,1296.96,,,Super-Jupiter,3-10 days
,1,42.28,309.87,,,Super-Jupiter,30-100 days
,1,9.38,121.51,,,Super-Jupiter,3-10 days
,1,12.91,143.33,,,Super-Jupiter,10-30 days
,1,7.05,266.98,,,Super-Jupiter,3-10 days
,1,6.32,178.43,,,Super-Jupiter,3-10 days
,1,7.41,105.25,,,Super-Jupiter,3-10 days
,1,46.09,8.9,,,Jupiter-sized,30-100 days
,1,4.63,113.22,,,Super-Jupiter,3-10 days
,1,5.24,106.5,,,Super-Jupiter,3-10 days
,1,4.61,225.09,,,Super-Jupiter,3-10 days
,1,8.59,115.36,,,Super-Jupiter,3-10 days
,1,17.42,5.83,,,Jupiter-sized,10-30 days
,1,1.12,8.75,,,Jupiter-sized,<3 days
,1,11.68,206.62,,,Super-Jupiter,10-30 days
,1,10.15,143.85,,,Super-Jupiter,10-30 days
,1,43.41,8.32,,,Jupiter-sized,30-100 days
,1,9.19,147.81,,,Super-Jupiter,3-10 days
,1,94.96,1.21,,,Earth-sized,30-100 days
,1,32.42,8.87,,,Jupiter-sized,30-100 days
,1,4.79,129.5,,,Super-Jupiter,3-10 days
,1,1.26,101.73,,,Super-Jupiter,<3 days
,1,7.48,138.21,,,Super-Jupiter,3-10 days
,1,1.59,359.03,,,Super-Jupiter,<3 days
,1,33.42,6.08,,,Jupiter-sized,30-100 days
,1,1.74,68.5,,,Super-Jupiter,<3 days
,1,7.34,405.5,,,Super-Jupiter,3-10 days
,1,9.74,176.58,,,Super-Jupiter,3-10 days
,1,5.51,3.73,,,Neptune-sized,3-10 days
,1,9.42,138.23,,,Super-Jupiter,3-10 days
,1,6.79,2245.94,,,Super-Jupiter,3-10 days
,1,3.86,1233.08,,,Super-Jupiter,3-10 days
,1,10.16,129.27,,,Super-Jupiter,10-30 days
,1,10.44,509.57,,,Super-Jupiter,10-30 days
,1,6.21,854.24,,,Super-Jupiter,3-10 days
,1,61.27,5.03,,,Jupiter-sized,30-100 days
,1,4.8,124.11,,,Super-Jupiter,3-10 days
,1,30.93,1466.74,,,Super-Jupiter,30-100 days
,1,12.12,590.21,,,Super-Jupiter,10-30 days
,1,52.33,4.48,,,Jupiter-sized,30-100 days
,1,4.87,203.23,,,Super-Jupiter,3-10 days
,1,1.49,142.17,,,Super-Jupiter,<3 days
,1,31.47,3.98,,,Neptune-sized,30-100 days
,1,2.61,456.67,,,Super-Jupiter,<3 days
,1,46.18,2.71,,,Neptune-sized,30-100 days
,1,25.79,1968.99,,,Super-Jupiter,10-30 days
,1,11.26,1538.17,,,Super-Jupiter,10-30 days
,1,88.54,9.84,,,Jupiter-sized,30-100 days
,1,6.25,155.41,,,Super-Jupiter,3-10 days
,1,2.36,2439.97,,,Super-Jupiter,<3 days
,1,13.84,162.34,,,Super-Jupiter,10-30 days
,1,4.2,828.52,,,Super-Jupiter,3-10 days
,1,13.36,978.88,,,Super-Jupiter,10-30 days
,1,10.96,281.03,,,Super-Jupiter,10-30 days
,1,91.89,1.1,,,Earth-sized,30-100 days
,1,11.69,141.17,,,Super-Jupiter,10-30 days
,1,5.33,539.25,,,Super-Jupiter,3-10 days
,1,13.26,193.32,,,Super-Jupiter,10-30 days
,1,9.13,183.2,,,Super-Jupiter,3-10 days
,1,8.17,180.86,,,Super-Jupiter,3-10 days
,1,2.17,225.58,,,Super-Jupiter,<3 days
,1,62.36,6.18,,,Jupiter-sized,30-100 days
,1,12.18,122.91,,,Super-Jupiter,10-30 days
,1,13.26,132.29,,,Super-Jupiter,10-30 days
,1,59.43,5.53,,,Jupiter-sized,30-100 days
,1,28.11,8.68,,,Jupiter-sized,10-30 days
,1,61.28,9.98,,,Jupiter-sized,30-100 days
,1,4.89,1557.36,,,Super-Jupiter,3-10 days
,1,2.46,5510.69,,,Super-Jupiter,<3 days
,1,40.0,481.28,,,Super-Jupiter,30-100 days
,1,2.2,1012.0,,,Super-Jupiter,<3 days
,1,11.78,151.03,,,Super-Jupiter,10-30 days
,1,3.67,80.15,,,Super-Jupiter,3-10 days
,1,11.7,1410.42,,,Super-Jupiter,10-30 days
,1,44.7,2.79,,,Neptune-sized,30-100 days
,1,41.51,2.91,,,Neptune-sized,30-100 days
,1,92.4,1.27,,,Super-Earth,30-100 days
,1,48.72,1841.04,,,Super-Jupiter,30-100 days
,1,5.02,148.6,,,Super-Jupiter,3-10 days
,1,2.95,99.4,,,Super-Jupiter,<3 days
,1,57.5,8.98,,,Jupiter-sized,30-100 days
,1,27.29,7.19,,,Jupiter-sized,10-30 days
,1,59.58,6.97,,,Jupiter-sized,30-100 days
,1,13.43,438.82,,,Super-Jupiter,10-30 days
,1,7.75,7.34,,,Jupiter-sized,3-10 days
,1,2.42,92.5,,,Super-Jupiter,<3 days
,1,1.53,89.64,,,Super-Jupiter,<3 days
,1,2.17,317.77,,,Super-Jupiter,<3 days
,1,72.95,6.16,,,Jupiter-sized,30-100 days
,1,24.2,6.68,,,Jupiter-sized,10-30 days
,1,15.33,250.0,,,Super-Jupiter,10-30 days
,1,22.91,1.75,,,Super-Earth,10-30 days
,1,73.92,2.64,,,Neptune-sized,30-100 days
,1,88.86,9.51,,,Jupiter-sized,30-100 days
,1,15.65,741.8,,,Super-Jupiter,10-30 days
,1,9.46,139.93,,,Super-Jupiter,3-10 days
,1,1.94,4.95,,,Jupiter-sized,<3 days
,1,53.17,3.01,,,Neptune-sized,30-100 days
,1,5.05,172.68,,,Super-Jupiter,3-10 days
,1,48.41,4.81,,,Jupiter-sized,30-100 days
,1,10.47,146.09,,,Super-Jupiter,10-30 days
,1,3.21,1328.64,,,Super-Jupiter,3-10 days
,1,64.7,6.31,,,Jupiter-sized,30-100 days
,1,4.73,125.27,,,Super-Jupiter,3-10 days
,1,39.41,1.23,,,Earth-sized,30-100 days
,1,35.6,203.73,,,Super-Jupiter,30-100 days
,1,11.05,852.76,,,Super-Jupiter,10-30 days
,1,53.61,5.48,,,Jupiter-sized,30-100 days
,1,11.99,6.46,,,Jupiter-sized,10-30 days
,1,12.79,251.51,,,Super-Jupiter,10-30 days
,1,70.53,8.19,,,Jupiter-sized,30-100 days
,1,13.6,142.43,,,Super-Jupiter,10-30 days
,1,15.35,436.34,,,Super-Jupiter,10-30 days
,1,18.15,772.9,,,Super-Jupiter,10-30 days
,1,7.94,4.54,,,Jupiter-sized,3-10 days
,1,20.78,1431.54,,,Super-Jupiter,10-30 days
,1,13.31,226.95,,,Super-Jupiter,10-30 days
,1,11.79,234.11,,,Super-Jupiter,10-30 days
,1,1.21,62.92,,,Super-Jupiter,<3 days
,1,3.8,182.83,,,Super-Jupiter,3-10 days
,1,51.0,2.91,,,Neptune-sized,30-100 days
,1,9.18,321.98,,,Super-Jupiter,3-10 days
,1,4.29,98.71,,,Super-Jupiter,3-10 days
,1,58.46,6.31,,,Jupiter-sized,30-100 days
,1,12.66,169.6,,,Super-Jupiter,10-30 days
,1,6.89,412.2,,,Super-Jupiter,3-10 days
,1,87.72,2.26,,,Neptune-sized,30-100 days
,1,2.47,1900.78,,,Super-Jupiter,<3 days
,1,20.6,5.04,,,Jupiter-sized,10-30 days
,1,10.29,143.88,,,Super-Jupiter,10-30 days
,1,2.55,94.28,,,Super-Jupiter,<3 days
,1,1.95,162.16,,,Super-Jupiter,<3 days
,1,13.35,767.28,,,Super-Jupiter,10-30 days
,1,15.92,947.83,,,Super-Jupiter,10-30 days
,1,11.79,2.1,,,Neptune-sized,10-30 days
,1,12.87,435.44,,,Super-Jupiter,10-30 days
,1,10.91,185.19,,,Super-Jupiter,10-30 days
,1,32.62,2.36,,,Neptune-sized,30-100 days
,1,63.1,8.39,,,Jupiter-sized,30-100 days
,1,8.11,98.35,,,Super-Jupiter,3-10 days
,1,22.01,375.03,,,Super-Jupiter,10-30 days
,1,9.87,179.24,,,Super-Jupiter,3-10 days
,1,5.62,9.34,,,Jupiter-sized,3-10 days
,1,41.29,3.49,,,Neptune-sized,30-100 days
,1,24.4,2073.12,,,Super-Jupiter,10-30 days
,1,90.16,3.4,,,Neptune-sized,30-100 days
,1,6.86,172.39,,,Super-Jupiter,3-10 days
,1,95.83,7.13,,,Jupiter-sized,30-100 days
,1,4.63,111.14,,,Super-Jupiter,3-10 days
,1,7.21,121.81,,,Super-Jupiter,3-10 days
,1,1.34,94.03,,,Super-Jupiter,<3 days
,1,3.48,114.72,,,Super-Jupiter,3-10 days
,1,5.19,196.12,,,Super-Jupiter,3-10 days
,1,88.49,5.25,,,Jupiter-sized,30-100 days
,1,68.47,4.97,,,Jupiter-sized,30-100 days
,1,63.31,8.87,,,Jupiter-sized,30-100 days
,1,1.62,1887.4,,,Super-Jupiter,<3 days
,1,6.86,160.5,,,Super-Jupiter,3-10 days
,1,3.47,7.07,,,Jupiter-sized,3-10 days
,1,6.58,185.0,,,Super-Jupiter,3-10 days
,1,15.09,774.36,,,Super-Jupiter,10-30 days
,1,8.86,6.59,,,Jupiter-sized,3-10 days
,1,29.03,8.08,,,Jupiter-sized,10-30 days
,1,97.07,4.83,,,Jupiter-sized,30-100 days
,1,2.31,2463.49,,,Super-Jupiter,<3 days
,1,40.03,2.93,,,Neptune-sized,30-100 days
,1,9.52,145.53,,,Super-Jupiter,3-10 days
,1,93.66,2.21,,,Neptune-sized,30-100 days
,1,33.51,5.89,,,Jupiter-sized,30-100 days
,1,3.31,158.12,,,Super-Jupiter,3-10 days
,1,1.32,80.18,,,Super-Jupiter,<3 days
,1,5.82,111.45,,,Super-Jupiter,3-10 days
,1,67.07,1.77,,,Super-Earth,30-100 days
,1,12.06,188.26,,,Super-Jupiter,10-30 days
,1,11.21,6.12,,,Jupiter-sized,10-30 days
,1,8.21,2303.84,,,Super-Jupiter,3-10 days
,1,13.34,1157.04,,,Super-Jupiter,10-30 days
,1,81.18,6.31,,,Jupiter-sized,30-100 days
,1,55.11,3.9,,,Neptune-sized,30-100 days
,1,9.75,102.89,,,Super-Jupiter,3-10 days
,1,96.78,5.98,,,Jupiter-sized,30-100 days
,1,2.51,102.85,,,Super-Jupiter,<3 days
,1,83.79,6.75,,,Jupiter-sized,30-100 days
,1,10.12,289.57,,,Super-Jupiter,10-30 days
,1,18.61,2049.91,,,Super-Jupiter,10-30 days
,1,53.11,9.68,,,Jupiter-sized,30-100 days
,1,3.24,1937.73,,,Super-Jupiter,3-10 days
,1,16.89,418.83,,,Super-Jupiter,10-30 days
,1,57.25,9.09,,,Jupiter-sized,30-100 days
,1,3.67,127.87,,,Super-Jupiter,3-10 days
,1,60.89,8.33,,,Jupiter-sized,30-100 days
,1,37.26,1.93,,,Super-Earth,30-100 days
,1,33.03,2.13,,,Neptune-sized,30-100 days
,1,62.19,6.06,,,Jupiter-sized,30-100 days
,1,16.62,5.36,,,Jupiter-sized,10-30 days
,1,6.44,118.43,,,Super-Jupiter,3-10 days
,1,37.68,815.04,,,Super-Jupiter,30-100 days
,1,1.34,66.1,,,Super-Jupiter,<3 days
,1,72.33,6.65,,,Jupiter-sized,30-100 days
,1,60.44,8.16,,,Jupiter-sized,30-100 days
,1,4.46,198.03,,,Super-Jupiter,3-10 days
,1,54.02,4.38,,,Jupiter-sized,30-100 days
,1,58.25,4.07,,,Jupiter-sized,30-100 days
,1,25.54,8.52,,,Jupiter-sized,10-30 days
,1,14.49,199.27,,,Super-Jupiter,10-30 days
,1,47.06,7.83,,,Jupiter-sized,30-100 days
,1,7.35,459.7,,,Super-Jupiter,3-10 days
,1,14.28,859.59,,,Super-Jupiter,10-30 days
,1,2.71,158.46,,,Super-Jupiter,<3 days
,1,29.06,292.79,,,Super-Jupiter,10-30 days
,1,5.72,91.19,,,Super-Jupiter,3-10 days
,1,3.84,101.79,,,Super-Jupiter,3-10 days
,1,1.65,981.28,,,Super-Jupiter,<3 days
,1,3.33,1.49,,,Super-Earth,3-10 days
,1,4.58,148.71,,,Super-Jupiter,3-10 days
,1,89.35,4.0,,,Jupiter-sized,30-100 days
,1,54.55,4.5,,,Jupiter-sized,30-100 days
,1,15.69,7.81,,,Jupiter-sized,10-30 days
,1,87.28,3.74,,,Neptune-sized,30-100 days
,1,18.02,371.66,,,Super-Jupiter,10-30 days
,1,8.18,449.34,,,Super-Jupiter,3-10 days
,1,56.28,2.06,,,Neptune-sized,30-100 days
,1,77.38,3.56,,,Neptune-sized,30-100 days
,1,72.66,2.38,,,Neptune-sized,30-100 days
,1,13.35,173.15,,,Super-Jupiter,10-30 days
,1,99.18,8.43,,,Jupiter-sized,30-100 days
,1,2.38,78.47,,,Super-Jupiter,<3 days
,1,3.15,127.46,,,Super-Jupiter,3-10 days
,1,9.1,213.25,,,Super-Jupiter,3-10 days
,1,4.46,119.61,,,Super-Jupiter,3-10 days
,1,3.24,165.54,,,Super-Jupiter,3-10 days
,1,30.94,4.59,,,Jupiter-sized,30-100 days
,1,6.74,160.25,,,Super-Jupiter,3-10 days
,1,28.86,6.13,,,Jupiter-sized,10-30 days
,1,2.77,104.14,,,Super-Jupiter,<3 days
,1,30.96,267.87,,,Super-Jupiter,30-100 days
,1,10.78,164.38,,,Super-Jupiter,10-30 days
,1,45.51,271.52,,,Super-Jupiter,30-100 days
,1,42.58,9.3,,,Jupiter-sized,30-100 days
,1,87.07,6.24,,,Jupiter-sized,30-100 days
,1,19.2,2.76,,,Neptune-sized,10-30 days
,1,7.98,199.9,,,Super-Jupiter,3-10 days
,1,9.67,335.26,,,Super-Jupiter,3-10 days
,1,7.23,192.61,,,Super-Jupiter,3-10 days
,1,6.93,158.56,,,Super-Jupiter,3-10 days
,1,3.62,120.59,,,Super-Jupiter,3-10 days
,1,69.22,3.36,,,Neptune-sized,30-100 days
,1,40.92,2.59,,,Neptune-sized,30-100 days
,1,18.12,9.7,,,Jupiter-sized,10-30 days
,1,2.68,209.77,,,Super-Jupiter,<3 days
,1,65.34,3.68,,,Neptune-sized,30-100 days
,1,3.47,102.89,,,Super-Jupiter,3-10 days
,1,3.67,114.21,,,Super-Jupiter,3-10 days
,1,10.67,140.28,,,Super-Jupiter,10-30 days
,1,10.95,4.57,,,Jupiter-sized,10-30 days
,1,17.72,8.8,,,Jupiter-sized,10-30 days
,1,13.24,188.19,,,Super-Jupiter,10-30 days
,1,6.43,1342.55,,,Super-Jupiter,3-10 days
,1,4.93,115.42,,,Super-Jupiter,3-10 days
,1,37.79,4.46,,,Jupiter-sized,30-100 days
,1,97.16,3.92,,,Neptune-sized,30-100 days
,1,98.18,5.27,,,Jupiter-sized,30-100 days
,1,19.62,6.98,,,Jupiter-sized,10-30 days
,1,56.9,2.75,,,Neptune-sized,30-100 days
,1,65.37,4.22,,,Jupiter-sized,30-100 days
,1,11.68,132.83,,,Super-Jupiter,10-30 days
,1,8.27,4.96,,,Jupiter-sized,3-10 days
,1,7.54,175.29,,,Super-Jupiter,3-10 days
,1,9.48,164.34,,,Super-Jupiter,3-10 days
,1,10.73,495.21,,,Super-Jupiter,10-30 days
,1,13.15,169.66,,,Super-Jupiter,10-30 days
,1,8.15,200.97,,,Super-Jupiter,3-10 days
,1,26.39,2.81,,,Neptune-sized,10-30 days
,1,9.1,162.94,,,Super-Jupiter,3-10 days
,1,33.94,6.33,,,Jupiter-sized,30-100 days
,1,19.43,768.42,,,Super-Jupiter,10-30 days
,1,12.66,120.28,,,Super-Jupiter,10-30 days
,1,66.9,2.32,,,Neptune-sized,30-100 days
,1,41.28,364.5,,,Super-Jupiter,30-100 days
,1,97.43,6.37,,,Jupiter-sized,30-100 days
,1,64.56,6.65,,,Jupiter-sized,30-100 days
,1,5.26,146.01,,,Super-Jupiter,3-10 days
,1,38.89,7.8,,,Jupiter-sized,30-100 days
,1,14.22,2.8,,,Neptune-sized,10-30 days
,1,4.4,120.68,,,Super-Jupiter,3-10 days
,1,5.94,197.84,,,Super-Jupiter,3-10 days
,1,81.13,1.51,,,Super-Earth,30-100 days
,1,12.84,183.36,,,Super-Jupiter,10-30 days
,1,13.85,266.43,,,Super-Jupiter,10-30 days
,1,88.56,8.86,,,Jupiter-sized,30-100 days
,1,56.55,1.23,,,Earth-sized,30-100 days
,1,11.87,252.46,,,Super-Jupiter,10-30 days
,1,21.12,271.64,,,Super-Jupiter,10-30 days
,1,53.79,7.5,,,Jupiter-sized,30-100 days
,1,99.68,8.08,,,Jupiter-sized,30-100 days
,1,54.11,6.83,,,Jupiter-sized,30-100 days
,1,3.85,178.91,,,Super-Jupiter,3-10 days
,1,41.04,9.44,,,Jupiter-sized,30-100 days
,1,65.52,7.57,,,Jupiter-sized,30-100 days
,1,75.31,2.56,,,Neptune-sized,30-100 days
,1,28.22,3.04,,,Neptune-sized,10-30 days
,1,1.45,189.43,,,Super-Jupiter,<3 days
,1,73.6,7.3,,,Jupiter-sized,30-100 days
,1,19.83,7.23,,,Jupiter-sized,10-30 days
,1,9.37,7.07,,,Jupiter-sized,3-10 days
,1,9.97,125.4,,,Super-Jupiter,3-10 days
,1,8.43,133.73,,,Super-Jupiter,3-10 days
,1,3.94,509.56,,,Super-Jupiter,3-10 days
,1,44.43,917.74,,,Super-Jupiter,30-100 days
,1,3.88,1232.83,,,Super-Jupiter,3-10 days
,1,15.01,7.49,,,Jupiter-sized,10-30 days
,1,2.68,255.56,,,Super-Jupiter,<3 days
,1,2.47,2609.13,,,Super-Jupiter,<3 days
,1,56.73,6.55,,,Jupiter-sized,30-100 days
,1,8.21,150.14,,,Super-Jupiter,3-10 days
,1,4.99,134.94,,,Super-Jupiter,3-10 days
,1,10.49,210.13,,,Super-Jupiter,10-30 days
,1,10.72,132.7,,,Super-Jupiter,10-30 days
,1,81.16,1.25,,,Super-Earth,30-100 days
,1,44.05,8.6,,,Jupiter-sized,30-100 days
,1,35.58,9.03,,,Jupiter-sized,30-100 days
,1,36.31,9.44,,,Jupiter-sized,30-100 days
,1,7.06,571.7,,,Super-Jupiter,3-10 days
,1,41.68,4.98,,,Jupiter-sized,30-100 days
,1,1.24,80.27,,,Super-Jupiter,<3 days
,1,4.46,139.09,,,Super-Jupiter,3-10 days
,1,10.14,183.16,,,Super-Jupiter,10-30 days
,1,84.79,3.64,,,Neptune-sized,30-100 days
,1,11.11,236.81,,,Super-Jupiter,10-30 days
,1,13.11,248.58,,,Super-Jupiter,10-30 days
,1,10.96,281.03,,,Super-Jupiter,10-30 days
,1,59.85,6.85,,,Jupiter-sized,30-100 days
,1,49.93,1.11,,,Earth-sized,30-100 days
,1,8.67,230.9,,,Super-Jupiter,3-10 days
,1,12.93,249.82,,,Super-Jupiter,10-30 days
,1,11.34,147.71,,,Super-Jupiter,10-30 days
,1,20.98,8.15,,,Jupiter-sized,10-30 days
,1,31.94,2.74,,,Neptune-sized,30-100 days
,1,6.63,1143.08,,,Super-Jupiter,3-10 days
,1,89.85,1.78,,,Super-Earth,30-100 days
,1,4.12,1572.5,,,Super-Jupiter,3-10 days
,1,13.44,145.21,,,Super-Jupiter,10-30 days
,1,4.95,2306.2,,,Super-Jupiter,3-10 days
,1,10.73,310.37,,,Super-Jupiter,10-30 days
,1,86.95,7.53,,,Jupiter-sized,30-100 days
,1,34.62,3.11,,,Neptune-sized,30-100 days
,1,64.51,3.08,,,Neptune-sized,30-100 days
,1,60.75,3.73,,,Neptune-sized,30-100 days
,1,10.45,119.77,,,Super-Jupiter,10-30 days
,1,9.35,129.22,,,Super-Jupiter,3-10 days
,1,23.79,219.0,,,Super-Jupiter,10-30 days
,1,26.44,1633.1,,,Super-Jupiter,10-30 days
,1,5.39,4.08,,,Jupiter-sized,3-10 days
,1,13.31,206.12,,,Super-Jupiter,10-30 days
,1,41.38,10.0,,,Jupiter-sized,30-100 days
,1,13.21,198.61,,,Super-Jupiter,10-30 days
,1,1.75,83.61,,,Super-Jupiter,<3 days
,1,98.51,1.0,,,Earth-sized,30-100 days
,1,88.88,3.37,,,Neptune-sized,30-100 days
,1,13.35,205.46,,,Super-Jupiter,10-30 days
,1,16.85,7.74,,,Jupiter-sized,10-30 days
,1,3.44,546.41,,,Super-Jupiter,3-10 days
,1,95.27,7.48,,,Jupiter-sized,30-100 days
,1,51.96,5.83,,,Jupiter-sized,30-100 days
,1,3.61,137.44,,,Super-Jupiter,3-10 days
,1,5.27,401.45,,,Super-Jupiter,3-10 days
,1,43.66,3.57,,,Neptune-sized,30-100 days
,1,47.93,6.44,,,Jupiter-sized,30-100 days
,1,8.61,4.97,,,Jupiter-sized,3-10 days
,1,11.11,309.25,,,Super-Jupiter,10-30 days
,1,11.12,136.79,,,Super-Jupiter,10-30 days
,1,3.53,312.74,,,Super-Jupiter,3-10 days
,1,1.24,79.9,,,Super-Jupiter,<3 days
,1,12.68,265.85,,,Super-Jupiter,10-30 days
,1,75.34,3.37,,,Neptune-sized,30-100 days
,1,18.57,423.17,,,Super-Jupiter,10-30 days
,1,12.23,164.51,,,Super-Jupiter,10-30 days
,1,36.05,7.24,,,Jupiter-sized,30-100 days
,1,12.54,194.14,,,Super-Jupiter,10-30 days
,1,1.59,117.89,,,Super-Jupiter,<3 days
,1,79.36,2.91,,,Neptune-sized,30-100 days
,1,8.99,139.83,,,Super-Jupiter,3-10 days
,1,75.78,7.21,,,Jupiter-sized,30-100 days
,1,7.14,152.76,,,Super-Jupiter,3-10 days
,1,5.29,191.23,,,Super-Jupiter,3-10 days
,1,24.17,407.89,,,Super-Jupiter,10-30 days
,1,10.84,4.08,,,Jupiter-sized,10-30 days
,1,16.0,689.07,,,Super-Jupiter,10-30 days
,1,1.86,96.78,,,Super-Jupiter,<3 days
,1,68.07,8.02,,,Jupiter-sized,30-100 days
,1,4.54,5.93,,,Jupiter-sized,3-10 days
,1,5.72,160.15,,,Super-Jupiter,3-10 days
,1,13.17,991.88,,,Super-Jupiter,10-30 days
,1,1.72,225.62,,,Super-Jupiter,<3 days
,1,13.53,429.71,,,Super-Jupiter,10-30 days
,1,42.77,235.71,,,Super-Jupiter,30-100 days
,1,55.73,2.49,,,Neptune-sized,30-100 days
,1,17.82,6.18,,,Jupiter-sized,10-30 days
,1,8.02,180.77,,,Super-Jupiter,3-10 days
,1,68.22,5.37,,,Jupiter-sized,30-100 days
,1,2.9,153.99,,,Super-Jupiter,<3 days
,1,5.92,124.67,,,Super-Jupiter,3-10 days
,1,7.1,176.44,,,Super-Jupiter,3-10 days
,1,95.29,1.47,,,Super-Earth,30-100 days
,1,70.55,2.55,,,Neptune-sized,30-100 days
,1,70.29,4.82,,,Jupiter-sized,30-100 days
,1,47.93,7.44,,,Jupiter-sized,30-100 days
,1,36.22,2.96,,,Neptune-sized,30-100 days
,1,6.98,398.16,,,Super-Jupiter,3-10 days
,1,98.3,3.58,,,Neptune-sized,30-100 days
,1,13.19,326.8,,,Super-Jupiter,10-30 days
,1,3.31,109.78,,,Super-Jupiter,3-10 days
,1,3.28,127.95,,,Super-Jupiter,3-10 days
,1,13.28,200.64,,,Super-Jupiter,10-30 days
,1,13.13,268.92,,,Super-Jupiter,10-30 days
,1,4.78,136.74,,,Super-Jupiter,3-10 days
,1,41.57,8.11,,,Jupiter-sized,30-100 days
,1,18.51,2.66,,,Neptune-sized,10-30 days
,1,9.26,352.67,,,Super-Jupiter,3-10 days
,1,4.12,1.47,,,Super-Earth,3-10 days
,1,30.77,449.75,,,Super-Jupiter,30-100 days
,1,19.53,2.29,,,Neptune-sized,10-30 days
,1,13.31,130.17,,,Super-Jupiter,10-30 days
,1,42.57,2.2,,,Neptune-sized,30-100 days
,1,35.21,5.0,,,Jupiter-sized,30-100 days
,1,10.31,117.93,,,Super-Jupiter,10-30 days
,1,8.86,680.96,,,Super-Jupiter,3-10 days
,1,64.43,9.51,,,Jupiter-sized,30-100 days
,1,8.53,130.64,,,Super-Jupiter,3-10 days
,1,8.97,238.28,,,Super-Jupiter,3-10 days
,1,49.96,6.43,,,Jupiter-sized,30-100 days
,1,6.72,7.35,,,Jupiter-sized,3-10 days
,1,10.05,149.14,,,Super-Jupiter,10-30 days
,1,18.41,9.5,,,Jupiter-sized,10-30 days
,1,14.22,690.86,,,Super-Jupiter,10-30 days
,1,46.46,7.15,,,Jupiter-sized,30-100 days
,1,24.31,8.77,,,Jupiter-sized,10-30 days
,1,85.88,1.13,,,Earth-sized,30-100 days
,1,1.7,96.58,,,Super-Jupiter,<3 days
,1,1.98,276.12,,,Super-Jupiter,<3 days
,1,1.22,85.98,,,Super-Jupiter,<3 days
,1,9.06,157.22,,,Super-Jupiter,3-10 days
,1,69.6,2.83,,,Neptune-sized,30-100 days
,1,2.22,194.49,,,Super-Jupiter,<3 days
,1,3.36,93.5,,,Super-Jupiter,3-10 days
,1,4.45,241.05,,,Super-Jupiter,3-10 days
,1,62.15,1.5,,,Super-Earth,30-100 days
,1,9.32,108.11,,,Super-Jupiter,3-10 days
,1,23.32,482.1,,,Super-Jupiter,10-30 days
,1,7.95,110.73,,,Super-Jupiter,3-10 days
,1,12.96,340.55,,,Super-Jupiter,10-30 days
,1,11.9,357.07,,,Super-Jupiter,10-30 days
,1,5.07,109.84,,,Super-Jupiter,3-10 days
,1,47.36,9.52,,,Jupiter-sized,30-100 days
,1,35.06,795.05,,,Super-Jupiter,30-100 days
,1,13.52,160.32,,,Super-Jupiter,10-30 days
,1,1.35,3.59,,,Neptune-sized,<3 days
,1,3.08,134.09,,,Super-Jupiter,3-10 days
,1,11.26,3836.32,,,Super-Jupiter,10-30 days
,1,11.62,303.26,,,Super-Jupiter,10-30 days
,1,19.6,6.01,,,Jupiter-sized,10-30 days
,1,8.33,8.59,,,Jupiter-sized,3-10 days
,1,4.8,124.11,,,Super-Jupiter,3-10 days
,1,88.1,5.3,,,Jupiter-sized,30-100 days
,1,98.31,3.46,,,Neptune-sized,30-100 days
,1,54.4,5.51,,,Jupiter-sized,30-100 days
,1,10.35,332.86,,,Super-Jupiter,10-30 days
,1,13.31,171.9,,,Super-Jupiter,10-30 days
,1,6.79,2252.33,,,Super-Jupiter,3-10 days
,1,7.2,125.3,,,Super-Jupiter,3-10 days
,1,9.59,274.42,,,Super-Jupiter,3-10 days
,1,13.23,205.89,,,Super-Jupiter,10-30 days
,1,1.52,100.81,,,Super-Jupiter,<3 days
,1,4.55,3.78,,,Neptune-sized,3-10 days
,1,9.31,196.57,,,Super-Jupiter,3-10 days
,1,4.56,1107.35,,,Super-Jupiter,3-10 days
,1,55.57,5.01,,,Jupiter-sized,30-100 days
,1,11.13,146.35,,,Super-Jupiter,10-30 days
,1,38.21,540.04,,,Super-Jupiter,30-100 days
,1,31.04,7.86,,,Jupiter-sized,30-100 days
,1,8.42,125.59,,,Super-Jupiter,3-10 days
,1,1.45,189.43,,,Super-Jupiter,<3 days
,1,11.61,2.98,,,Neptune-sized,10-30 days
,1,2.27,193.47,,,Super-Jupiter,<3 days
,1,32.81,6.72,,,Jupiter-sized,30-100 days
,1,3.23,130.49,,,Super-Jupiter,3-10 days
,1,44.24,7.63,,,Jupiter-sized,30-100 days
,1,2.41,119.65,,,Super-Jupiter,<3 days
,1,2.19,218.07,,,Super-Jupiter,<3 days
,1,7.88,146.14,,,Super-Jupiter,3-10 days
,1,2.24,152.24,,,Super-Jupiter,<3 days
,1,9.61,202.63,,,Super-Jupiter,3-10 days
,1,73.68,4.71,,,Jupiter-sized,30-100 days
,1,6.54,149.58,,,Super-Jupiter,3-10 days
,1,12.32,4.54,,,Jupiter-sized,10-30 days
,1,7.88,146.14,,,Super-Jupiter,3-10 days
,1,1.65,858.1,,,Super-Jupiter,<3 days
,1,45.2,2.98,,,Neptune-sized,30-100 days
,1,7.42,151.78,,,Super-Jupiter,3-10 days
,1,2.5,420.86,,,Super-Jupiter,<3 days
,1,52.53,8.68,,,Jupiter-sized,30-100 days
,1,1.95,1602.99,,,Super-Jupiter,<3 days
,1,24.74,728.54,,,Super-Jupiter,10-30 days
,1,3.74,791.91,,,Super-Jupiter,3-10 days
,1,72.44,2.05,,,Neptune-sized,30-100 days
,1,11.78,372.09,,,Super-Jupiter,10-30 days
,1,4.28,263.9,,,Super-Jupiter,3-10 days
,1,13.3,207.56,,,Super-Jupiter,10-30 days
,1,5.15,150.77,,,Super-Jupiter,3-10 days
,1,11.99,195.45,,,Super-Jupiter,10-30 days
,1,18.37,6.67,,,Jupiter-sized,10-30 days
,1,11.4,134.63,,,Super-Jupiter,10-30 days
,1,9.48,199.22,,,Super-Jupiter,3-10 days
,1,11.09,345.0,,,Super-Jupiter,10-30 days
,1,6.1,1.58,,,Super-Earth,3-10 days
,1,46.44,9.62,,,Jupiter-sized,30-100 days
,1,11.48,175.51,,,Super-Jupiter,10-30 days
,1,12.15,304.5,,,Super-Jupiter,10-30 days
,1,9.07,125.72,,,Super-Jupiter,3-10 days
,1,56.77,1.48,,,Super-Earth,30-100 days
,1,78.48,9.99,,,Jupiter-sized,30-100 days
,1,1.51,65.0,,,Super-Jupiter,<3 days
,1,8.36,8.78,,,Jupiter-sized,3-10 days
,1,8.11,98.35,,,Super-Jupiter,3-10 days
,1,8.4,135.11,,,Super-Jupiter,3-10 days
,1,11.73,216.32,,,Super-Jupiter,10-30 days
,1,4.66,141.92,,,Super-Jupiter,3-10 days
,1,26.89,852.22,,,Super-Jupiter,10-30 days
,1,10.63,184.81,,,Super-Jupiter,10-30 days
,1,12.83,6.71,,,Jupiter-sized,10-30 days
,1,12.98,138.29,,,Super-Jupiter,10-30 days
,1,3.26,8.15,,,Jupiter-sized,3-10 days
,1,12.76,6.98,,,Jupiter-sized,10-30 days
,1,10.58,173.29,,,Super-Jupiter,10-30 days
,1,17.27,7.66,,,Jupiter-sized,10-30 days
,1,13.04,309.6,,,Super-Jupiter,10-30 days
,1,37.6,2.7,,,Neptune-sized,30-100 days
,1,83.28,6.92,,,Jupiter-sized,30-100 days
,1,81.58,3.89,,,Neptune-sized,30-100 days
,1,66.73,8.4,,,Jupiter-sized,30-100 days
,1,8.97,384.54,,,Super-Jupiter,3-10 days
,1,11.44,237.44,,,Super-Jupiter,10-30 days
,1,86.01,6.27,,,Jupiter-sized,30-100 days
,1,1.48,1284.54,,,Super-Jupiter,<3 days
,1,43.64,3.02,,,Neptune-sized,30-100 days
,1,7.24,159.67,,,Super-Jupiter,3-10 days
,1,8.03,135.84,,,Super-Jupiter,3-10 days
,1,88.55,7.79,,,Jupiter-sized,30-100 days
,1,12.71,1235.31,,,Super-Jupiter,10-30 days
,1,38.26,353.19,,,Super-Jupiter,30-100 days
,1,26.89,474.17,,,Super-Jupiter,10-30 days
,1,4.17,8.1,,,Jupiter-sized,3-10 days
,1,9.3,1182.9,,,Super-Jupiter,3-10 days
,1,28.86,9.02,,,Jupiter-sized,10-30 days
,1,3.99,178.15,,,Super-Jupiter,3-10 days
,1,5.63,163.71,,,Super-Jupiter,3-10 days
,1,21.79,760.31,,,Super-Jupiter,10-30 days
,1,68.71,8.8,,,Jupiter-sized,30-100 days
,1,68.22,6.22,,,Jupiter-sized,30-100 days
,1,12.55,196.34,,,Super-Jupiter,10-30 days
,1,56.79,8.65,,,Jupiter-sized,30-100 days
,1,2.43,205.02,,,Super-Jupiter,<3 days
,1,4.94,2294.74,,,Super-Jupiter,3-10 days
,1,15.1,4.75,,,Jupiter-sized,10-30 days
,1,2.33,93.56,,,Super-Jupiter,<3 days
,1,55.23,3.43,,,Neptune-sized,30-100 days
,1,44.97,1571.76,,,Super-Jupiter,30-100 days
,1,2.43,92.51,,,Super-Jupiter,<3 days
,1,1.36,251.83,,,Super-Jupiter,<3 days
,1,3.22,1334.17,,,Super-Jupiter,3-10 days
,1,9.85,268.65,,,Super-Jupiter,3-10 days
,1,58.61,6.41,,,Jupiter-sized,30-100 days
,1,8.74,303.72,,,Super-Jupiter,3-10 days
,1,12.91,5078.79,,,Super-Jupiter,10-30 days
,1,9.05,5.24,,,Jupiter-sized,3-10 days
,1,35.85,4.01,,,Jupiter-sized,30-100 days
,1,49.29,4.44,,,Jupiter-sized,30-100 days
,1,12.7,400.43,,,Super-Jupiter,10-30 days
,1,99.87,4.34,,,Jupiter-sized,30-100 days
,1,11.09,1.84,,,Super-Earth,10-30 days
,1,75.86,6.8,,,Jupiter-sized,30-100 days
,1,63.91,5.45,,,Jupiter-sized,30-100 days
,1,8.24,136.72,,,Super-Jupiter,3-10 days
,1,12.91,143.93,,,Super-Jupiter,10-30 days
,1,76.3,8.9,,,Jupiter-sized,30-100 days
,1,29.24,6.7,,,Jupiter-sized,10-30 days
,1,13.85,223.33,,,Super-Jupiter,10-30 days
,1,63.05,9.52,,,Jupiter-sized,30-100 days
,1,1.36,5.18,,,Jupiter-sized,<3 days
,1,90.67,5.22,,,Jupiter-sized,30-100 days
,1,63.16,9.8,,,Jupiter-sized,30-100 days
,1,3.67,127.87,,,Super-Jupiter,3-10 days
,1,12.42,7.59,,,Jupiter-sized,10-30 days
,1,7.41,200.79,,,Super-Jupiter,3-10 days
,1,9.31,94.77,,,Super-Jupiter,3-10 days
,1,10.13,224.79,,,Super-Jupiter,10-30 days
,1,7.01,147.96,,,Super-Jupiter,3-10 days
,1,1.46,188.77,,,Super-Jupiter,<3 days
,1,21.76,8.27,,,Jupiter-sized,10-30 days
,1,81.85,5.77,,,Jupiter-sized,30-100 days
,1,3.98,100.24,,,Super-Jupiter,3-10 days
,1,3.33,106.76,,,Super-Jupiter,3-10 days
,1,5.87,378.69,,,Super-Jupiter,3-10 days
,1,12.78,138.41,,,Super-Jupiter,10-30 days
,1,3.26,101.17,,,Super-Jupiter,3-10 days
,1,49.81,8.63,,,Jupiter-sized,30-100 days
,1,46.36,391.15,,,Super-Jupiter,30-100 days
,1,9.29,154.58,,,Super-Jupiter,3-10 days
,1,8.44,358.83,,,Super-Jupiter,3-10 days
,1,4.49,106.2,,,Super-Jupiter,3-10 days
,1,9.74,166.43,,,Super-Jupiter,3-10 days
,1,2.86,84.95,,,Super-Jupiter,<3 days
,1,55.2,1.09,,,Earth-sized,30-100 days
,1,45.14,4.33,,,Jupiter-sized,30-100 days
,1,40.3,5.79,,,Jupiter-sized,30-100 days
,1,6.59,375.57,,,Super-Jupiter,3-10 days
,1,4.46,189.94,,,Super-Jupiter,3-10 days
,1,12.35,249.07,,,Super-Jupiter,10-30 days
,1,12.63,5.31,,,Jupiter-sized,10-30 days
,1,6.74,8.17,,,Jupiter-sized,3-10 days
,1,12.95,188.89,,,Super-Jupiter,10-30 days
,1,37.9,327.2,,,Super-Jupiter,30-100 days
,1,76.63,1.04,,,Earth-sized,30-100 days
,1,68.83,7.94,,,Jupiter-sized,30-100 days
,1,5.14,3.5,,,Neptune-sized,3-10 days
,1,12.27,460.81,,,Super-Jupiter,10-30 days
,1,13.06,260.98,,,Super-Jupiter,10-30 days
,1,2.26,173.73,,,Super-Jupiter,<3 days
,1,1.77,1052.15,,,Super-Jupiter,<3 days
,1,11.96,253.47,,,Super-Jupiter,10-30 days
,1,9.38,405.66,,,Super-Jupiter,3-10 days
,1,59.09,1.55,,,Super-Earth,30-100 days
,1,13.1,551.75,,,Super-Jupiter,10-30 days
,1,4.71,147.9,,,Super-Jupiter,3-10 days
,1,97.06,5.78,,,Jupiter-sized,30-100 days
,1,9.91,171.29,,,Super-Jupiter,3-10 days
,1,11.09,1574.91,,,Super-Jupiter,10-30 days
,1,6.79,2352.55,,,Super-Jupiter,3-10 days
,1,10.91,163.88,,,Super-Jupiter,10-30 days
,1,12.35,151.18,,,Super-Jupiter,10-30 days
,1,11.95,201.32,,,Super-Jupiter,10-30 days
,1,13.29,137.48,,,Super-Jupiter,10-30 days
,1,2.13,82.29,,,Super-Jupiter,<3 days
,1,40.68,8.2,,,Jupiter-sized,30-100 days
,1,9.52,281.89,,,Super-Jupiter,3-10 days
,1,13.66,278.29,,,Super-Jupiter,10-30 days
,1,14.4,201.33,,,Super-Jupiter,10-30 days
,1,1.35,274.04,,,Super-Jupiter,<3 days
,1,1.89,8119.69,,,Super-Jupiter,<3 days
,1,1.29,77.92,,,Super-Jupiter,<3 days
,1,12.93,148.79,,,Super-Jupiter,10-30 days
,1,4.63,1289.02,,,Super-Jupiter,3-10 days
,1,85.54,3.37,,,Neptune-sized,30-100 days
,1,12.04,718.93,,,Super-Jupiter,10-30 days
,1,72.44,3.54,,,Neptune-sized,30-100 days
,1,9.58,326.04,,,Super-Jupiter,3-10 days
,1,11.26,1298.38,,,Super-Jupiter,10-30 days
,1,3.56,147.04,,,Super-Jupiter,3-10 days
,1,7.14,148.32,,,Super-Jupiter,3-10 days
,1,2.96,403.19,,,Super-Jupiter,<3 days
,1,8.33,241.56,,,Super-Jupiter,3-10 days
,1,33.4,5.74,,,Jupiter-sized,30-100 days
,1,89.27,8.51,,,Jupiter-sized,30-100 days
,1,17.08,2069.43,,,Super-Jupiter,10-30 days
,1,86.71,4.91,,,Jupiter-sized,30-100 days
,1,13.96,358.65,,,Super-Jupiter,10-30 days
,1,97.71,7.34,,,Jupiter-sized,30-100 days
,1,1.38,117.63,,,Super-Jupiter,<3 days
,1,8.18,168.51,,,Super-Jupiter,3-10 days
,1,1.61,100.23,,,Super-Jupiter,<3 days
,1,1.54,83.17,,,Super-Jupiter,<3 days
,1,74.65,2.95,,,Neptune-sized,30-100 days
,1,37.48,3.65,,,Neptune-sized,30-100 days
,1,27.33,2.91,,,Neptune-sized,10-30 days
,1,47.45,8.35,,,Jupiter-sized,30-100 days
,1,13.21,238.08,,,Super-Jupiter,10-30 days
,1,7.08,143.72,,,Super-Jupiter,3-10 days
,1,99.94,5.19,,,Jupiter-sized,30-100 days
,1,70.79,7.4,,,Jupiter-sized,30-100 days
,1,88.25,7.93,,,Jupiter-sized,30-100 days
,1,72.73,3.35,,,Neptune-sized,30-100 days
,1,3.54,310.13,,,Super-Jupiter,3-10 days
,1,10.41,3994.18,,,Super-Jupiter,10-30 days
,1,1.71,72.21,,,Super-Jupiter,<3 days
,1,4.51,159.34,,,Super-Jupiter,3-10 days
,1,87.78,5.71,,,Jupiter-sized,30-100 days
,1,12.43,458.77,,,Super-Jupiter,10-30 days
,1,31.27,5.36,,,Jupiter-sized,30-100 days
,1,9.88,7767.66,,,Super-Jupiter,3-10 days
,1,13.06,214.26,,,Super-Jupiter,10-30 days
,1,12.2,239.63,,,Super-Jupiter,10-30 days
,1,73.57,9.73,,,Jupiter-sized,30-100 days
,1,3.21,1338.73,,,Super-Jupiter,3-10 days
,1,5.44,3.31,,,Neptune-sized,3-10 days
,1,4.53,149.05,,,Super-Jupiter,3-10 days
,1,10.58,5.05,,,Jupiter-sized,10-30 days
,1,31.67,1043.88,,,Super-Jupiter,30-100 days
,1,75.87,8.89,,,Jupiter-sized,30-100 days
,1,11.54,111.45,,,Super-Jupiter,10-30 days
,1,19.89,8.58,,,Jupiter-sized,10-30 days
,1,87.29,8.83,,,Jupiter-sized,30-100 days
,1,48.45,3.84,,,Neptune-sized,30-100 days
,1,5.72,160.15,,,Super-Jupiter,3-10 days
,1,76.37,4.02,,,Jupiter-sized,30-100 days
,1,72.66,4.14,,,Jupiter-sized,30-100 days
,1,9.43,9.47,,,Jupiter-sized,3-10 days
,1,37.98,6.83,,,Jupiter-sized,30-100 days
,1,20.96,4.26,,,Jupiter-sized,10-30 days
,1,6.66,89.2,,,Super-Jupiter,3-10 days
,1,6.23,9.04,,,Jupiter-sized,3-10 days
,1,30.04,1024.82,,,Super-Jupiter,30-100 days
,1,70.35,4.4,,,Jupiter-sized,30-100 days
,1,4.43,418.6,,,Super-Jupiter,3-10 days
,1,30.69,6.47,,,Jupiter-sized,30-100 days
,1,8.16,374.99,,,Super-Jupiter,3-10 days
,1,12.91,155.5,,,Super-Jupiter,10-30 days
,1,97.86,1.91,,,Super-Earth,30-100 days
,1,29.9,15302.44,,,Super-Jupiter,10-30 days
,1,10.97,329.24,,,Super-Jupiter,10-30 days
,1,95.99,5.93,,,Jupiter-sized,30-100 days
,1,2.8,369.5,,,Super-Jupiter,<3 days
,1,10.11,277.67,,,Super-Jupiter,10-30 days
,1,66.03,9.51,,,Jupiter-sized,30-100 days
,1,11.43,234.97,,,Super-Jupiter,10-30 days
,1,4.55,183.4,,,Super-Jupiter,3-10 days
,1,92.38,2.68,,,Neptune-sized,30-100 days
,1,4.97,194.06,,,Super-Jupiter,3-10 days
,1,1.94,155.29,,,Super-Jupiter,<3 days
,1,3.35,93.66,,,Super-Jupiter,3-10 days
,1,13.34,208.0,,,Super-Jupiter,10-30 days
,1,4.09,1.29,,,Super-Earth,3-10 days
,1,3.02,138.35,,,Super-Jupiter,3-10 days
,1,5.48,172.59,,,Super-Jupiter,3-10 days
,1,9.25,172.4,,,Super-Jupiter,3-10 days
,1,14.29,5.77,,,Jupiter-sized,10-30 days
,1,14.33,1161.63,,,Super-Jupiter,10-30 days
,1,15.19,204.19,,,Super-Jupiter,10-30 days
,1,49.67,2.15,,,Neptune-sized,30-100 days
,1,47.08,9.52,,,Jupiter-sized,30-100 days
,1,97.88,2.24,,,Neptune-sized,30-100 days
,1,21.8,481.75,,,Super-Jupiter,10-30 days
,1,3.94,109.25,,,Super-Jupiter,3-10 days
,1,74.58,6.38,,,Jupiter-sized,30-100 days
,1,3.59,116.57,,,Super-Jupiter,3-10 days
,1,94.65,3.81,,,Neptune-sized,30-100 days
,1,13.41,2.56,,,Neptune-sized,10-30 days
,1,1.47,70.48,,,Super-Jupiter,<3 days
,1,4.2,2286.39,,,Super-Jupiter,3-10 days
,1,57.27,8.27,,,Jupiter-sized,30-100 days
,1,8.52,250.04,,,Super-Jupiter,3-10 days
,1,18.67,2.8,,,Neptune-sized,10-30 days
,1,42.92,1.65,,,Super-Earth,30-100 days
,1,11.13,316.13,,,Super-Jupiter,10-30 days
,1,1.29,87.61,,,Super-Jupiter,<3 days
,1,82.23,8.2,,,Jupiter-sized,30-100 days
,1,85.41,5.53,,,Jupiter-sized,30-100 days
,1,9.6,105.99,,,Super-Jupiter,3-10 days
,1,13.31,306.33,,,Super-Jupiter,10-30 days
,1,12.74,210.83,,,Super-Jupiter,10-30 days
,1,10.52,247.52,,,Super-Jupiter,10-30 days
,1,63.08,2.01,,,Neptune-sized,30-100 days
,1,19.08,4.57,,,Jupiter-sized,10-30 days
,1,45.22,8.19,,,Jupiter-sized,30-100 days
,1,1.79,152.64,,,Super-Jupiter,<3 days
,1,3.49,160.26,,,Super-Jupiter,3-10 days
,1,87.08,5.27,,,Jupiter-sized,30-100 days
,1,93.02,5.36,,,Jupiter-sized,30-100 days
,1,1.83,89.66,,,Super-Jupiter,<3 days
,1,7.55,404.38,,,Super-Jupiter,3-10 days
,1,58.62,4.7,,,Jupiter-sized,30-100 days
,1,8.57,145.36,,,Super-Jupiter,3-10 days
,1,12.94,140.39,,,Super-Jupiter,10-30 days
,1,11.31,247.25,,,Super-Jupiter,10-30 days
,1,39.52,2.34,,,Neptune-sized,30-100 days
,1,32.07,5.68,,,Jupiter-sized,30-100 days
,1,5.19,196.12,,,Super-Jupiter,3-10 days
,1,61.22,2.8,,,Neptune-sized,30-100 days
,1,5.37,214.71,,,Super-Jupiter,3-10 days
,1,12.35,326.61,,,Super-Jupiter,10-30 days
,1,18.23,7.97,,,Jupiter-sized,10-30 days
,1,11.6,183.89,,,Super-Jupiter,10-30 days
,1,30.13,9.16,,,Jupiter-sized,30-100 days
,1,74.77,4.97,,,Jupiter-sized,30-100 days
,1,10.04,167.74,,,Super-Jupiter,10-30 days
,1,2.46,2309.16,,,Super-Jupiter,<3 days
,1,4.33,190.42,,,Super-Jupiter,3-10 days
,1,2.08,104.77,,,Super-Jupiter,<3 days
,1,9.16,136.87,,,Super-Jupiter,3-10 days
,1,18.39,385.88,,,Super-Jupiter,10-30 days
,1,3.23,2916.9,,,Super-Jupiter,3-10 days
,1,55.18,8.02,,,Jupiter-sized,30-100 days
,1,11.21,152.68,,,Super-Jupiter,10-30 days
,1,9.15,149.96,,,Super-Jupiter,3-10 days
,1,6.81,117.14,,,Super-Jupiter,3-10 days
,1,50.74,6.9,,,Jupiter-sized,30-100 days
,1,17.28,9.15,,,Jupiter-sized,10-30 days
,1,4.75,107.36,,,Super-Jupiter,3-10 days
,1,37.71,5.91,,,Jupiter-sized,30-100 days
,1,8.93,367.77,,,Super-Jupiter,3-10 days
,1,3.6,94.11,,,Super-Jupiter,3-10 days
,1,2.03,125.62,,,Super-Jupiter,<3 days
,1,3.39,97.29,,,Super-Jupiter,3-10 days
,1,6.21,185.02,,,Super-Jupiter,3-10 days
,1,2.77,120.45,,,Super-Jupiter,<3 days
,1,86.71,9.25,,,Jupiter-sized,30-100 days
,1,5.38,153.96,,,Super-Jupiter,3-10 days
,1,13.21,320.28,,,Super-Jupiter,10-30 days
,1,13.95,431.73,,,Super-Jupiter,10-30 days
,1,2.6,81.18,,,Super-Jupiter,<3 days
,1,11.37,238.56,,,Super-Jupiter,10-30 days
,1,8.77,111.86,,,Super-Jupiter,3-10 days
,1,18.75,1.73,,,Super-Earth,10-30 days
,1,2.45,153.06,,,Super-Jupiter,<3 days
,1,36.08,318.73,,,Super-Jupiter,30-100 days
,1,4.85,122.34,,,Super-Jupiter,3-10 days
,1,3.05,159.08,,,Super-Jupiter,3-10 days
,1,96.71,6.26,,,Jupiter-sized,30-100 days
,1,37.01,6.31,,,Jupiter-sized,30-100 days
,1,5.87,214.3,,,Super-Jupiter,3-10 days
,1,6.65,654.17,,,Super-Jupiter,3-10 days
,1,89.05,3.85,,,Neptune-sized,30-100 days
,1,10.1,441.45,,,Super-Jupiter,10-30 days
,1,1.38,91.3,,,Super-Jupiter,<3 days
,1,1.54,152.59,,,Super-Jupiter,<3 days
,1,12.54,264.25,,,Super-Jupiter,10-30 days
,1,72.8,4.96,,,Jupiter-sized,30-100 days
,1,16.71,233.98,,,Super-Jupiter,10-30 days
,1,12.16,154.17,,,Super-Jupiter,10-30 days
,1,92.93,2.12,,,Neptune-sized,30-100 days
,1,8.39,234.15,,,Super-Jupiter,3-10 days
,1,75.46,2.37,,,Neptune-sized,30-100 days
,1,81.41,8.26,,,Jupiter-sized,30-100 days
,1,13.27,246.27,,,Super-Jupiter,10-30 days
,1,5.47,481.0,,,Super-Jupiter,3-10 days
,1,86.07,4.45,,,Jupiter-sized,30-100 days
,1,91.03,2.29,,,Neptune-sized,30-100 days
,1,7.28,171.22,,,Super-Jupiter,3-10 days
,1,7.58,105.63,,,Super-Jupiter,3-10 days
,1,6.9,138.46,,,Super-Jupiter,3-10 days
,1,8.67,148.62,,,Super-Jupiter,3-10 days
,1,91.19,5.35,,,Jupiter-sized,30-100 days
,1,4.76,6.99,,,Jupiter-sized,3-10 days
,1,31.6,1013.41,,,Super-Jupiter,30-100 days
,1,7.05,156.38,,,Super-Jupiter,3-10 days
,1,24.96,8.66,,,Jupiter-sized,10-30 days
,1,66.28,7.5,,,Jupiter-sized,30-100 days
,1,43.43,288.07,,,Super-Jupiter,30-100 days
,1,6.39,117.68,,,Super-Jupiter,3-10 days
,1,16.59,2.39,,,Neptune-sized,10-30 days
,1,75.18,9.52,,,Jupiter-sized,30-100 days
,1,4.83,131.28,,,Super-Jupiter,3-10 days
,1,55.93,7.71,,,Jupiter-sized,30-100 days
,1,41.71,7.28,,,Jupiter-sized,30-100 days
,1,89.91,4.94,,,Jupiter-sized,30-100 days
,1,40.57,386.73,,,Super-Jupiter,30-100 days
,1,11.11,195.23,,,Super-Jupiter,10-30 days
,1,9.47,268.69,,,Super-Jupiter,3-10 days
,1,8.91,119.74,,,Super-Jupiter,3-10 days
,1,1.58,63.05,,,Super-Jupiter,<3 days
,1,91.88,5.21,,,Jupiter-sized,30-100 days
,1,2.57,134.12,,,Super-Jupiter,<3 days
,1,2.47,6.85,,,Jupiter-sized,<3 days
,1,11.21,240.3,,,Super-Jupiter,10-30 days
,1,6.13,111.28,,,Super-Jupiter,3-10 days
,1,12.92,286.49,,,Super-Jupiter,10-30 days
,1,39.75,6.71,,,Jupiter-sized,30-100 days
,1,36.25,1.89,,,Super-Earth,30-100 days
,1,39.49,2.56,,,Neptune-sized,30-100 days
,1,79.68,6.63,,,Jupiter-sized,30-100 days
,1,13.35,263.31,,,Super-Jupiter,10-30 days
,1,2.23,74.38,,,Super-Jupiter,<3 days
,1,67.92,3.93,,,Neptune-sized,30-100 days
,1,15.78,941.77,,,Super-Jupiter,10-30 days
,1,69.92,7.22,,,Jupiter-sized,30-100 days
,1,8.13,9.74,,,Jupiter-sized,3-10 days
,1,7.43,9.59,,,Jupiter-sized,3-10 days
,1,83.93,1.76,,,Super-Earth,30-100 days
,1,47.04,7.45,,,Jupiter-sized,30-100 days
,1,4.62,1488.88,,,Super-Jupiter,3-10 days
,1,69.29,2.28,,,Neptune-sized,30-100 days
,1,2.89,169.85,,,Super-Jupiter,<3 days
,1,76.94,5.91,,,Jupiter-sized,30-100 days
,1,18.36,3.54,,,Neptune-sized,10-30 days
,1,4.96,148.75,,,Super-Jupiter,3-10 days
,1,1.59,117.89,,,Super-Jupiter,<3 days
,1,80.33,6.91,,,Jupiter-sized,30-100 days
,1,2.21,8520.23,,,Super-Jupiter,<3 days
,1,57.46,2.36,,,Neptune-sized,30-100 days
,1,25.54,925.23,,,Super-Jupiter,10-30 days
,1,21.17,494.29,,,Super-Jupiter,10-30 days
,1,48.65,3.79,,,Neptune-sized,30-100 days
,1,11.69,141.17,,,Super-Jupiter,10-30 days
,1,63.07,1.46,,,Super-Earth,30-100 days
,1,13.76,227.84,,,Super-Jupiter,10-30 days
,1,82.22,7.43,,,Jupiter-sized,30-100 days
,1,37.75,1.68,,,Super-Earth,30-100 days
,1,8.52,115.04,,,Super-Jupiter,3-10 days
,1,31.83,4.93,,,Jupiter-sized,30-100 days
,1,8.19,551.43,,,Super-Jupiter,3-10 days
,1,13.04,267.8,,,Super-Jupiter,10-30 days
,1,3.91,107.84,,,Super-Jupiter,3-10 days
,1,84.08,9.74,,,Jupiter-sized,30-100 days
,1,61.81,5.09,,,Jupiter-sized,30-100 days
,1,29.51,3.98,,,Neptune-sized,10-30 days
,1,76.13,6.78,,,Jupiter-sized,30-100 days
,1,77.83,7.13,,,Jupiter-sized,30-100 days
,1,13.24,181.62,,,Super-Jupiter,10-30 days
,1,1.83,319.91,,,Super-Jupiter,<3 days
,1,21.87,194.46,,,Super-Jupiter,10-30 days
,1,5.4,2248.09,,,Super-Jupiter,3-10 days
,1,34.76,8.33,,,Jupiter-sized,30-100 days
,1,13.24,154.18,,,Super-Jupiter,10-30 days
,1,6.68,9.9,,,Jupiter-sized,3-10 days
,1,5.11,109.66,,,Super-Jupiter,3-10 days
,1,1.51,63.35,,,Super-Jupiter,<3 days
,1,50.89,7.09,,,Jupiter-sized,30-100 days
,1,97.03,5.42,,,Jupiter-sized,30-100 days
,1,3.77,97.06,,,Super-Jupiter,3-10 days
,1,12.95,233.73,,,Super-Jupiter,10-30 days
,1,57.07,5.01,,,Jupiter-sized,30-100 days
,1,11.69,127.05,,,Super-Jupiter,10-30 days
,1,57.47,5.04,,,Jupiter-sized,30-100 days
,1,3.23,166.88,,,Super-Jupiter,3-10 days
,1,10.12,140.85,,,Super-Jupiter,10-30 days
,1,20.56,4.42,,,Jupiter-sized,10-30 days
,1,35.69,1027.77,,,Super-Jupiter,30-100 days
,1,5.98,1871.75,,,Super-Jupiter,3-10 days
,1,87.82,2.11,,,Neptune-sized,30-100 days
,1,41.92,303.25,,,Super-Jupiter,30-100 days
,1,48.71,1.32,,,Super-Earth,30-100 days
,1,34.5,5.93,,,Jupiter-sized,30-100 days
,1,76.59,9.41,,,Jupiter-sized,30-100 days
,1,7.12,180.83,,,Super-Jupiter,3-10 days
,1,52.43,1.12,,,Earth-sized,30-100 days
,1,2.82,289.4,,,Super-Jupiter,<3 days
,1,7.88,176.68,,,Super-Jupiter,3-10 days
,1,84.68,4.1,,,Jupiter-sized,30-100 days
,1,4.22,351.82,,,Super-Jupiter,3-10 days
,1,23.12,2.01,,,Neptune-sized,10-30 days
,1,9.52,424.18,,,Super-Jupiter,3-10 days
,1,5.47,232.19,,,Super-Jupiter,3-10 days
,1,10.84,240.27,,,Super-Jupiter,10-30 days
,1,79.88,2.84,,,Neptune-sized,30-100 days
,1,11.02,196.62,,,Super-Jupiter,10-30 days
,1,72.51,4.44,,,Jupiter-sized,30-100 days
,1,16.08,527.84,,,Super-Jupiter,10-30 days
,1,9.76,147.99,,,Super-Jupiter,3-10 days
,1,13.17,1080.56,,,Super-Jupiter,10-30 days
,1,42.52,1900.14,,,Super-Jupiter,30-100 days
,1,13.35,205.95,,,Super-Jupiter,10-30 days
,1,6.51,162.75,,,Super-Jupiter,3-10 days
,1,13.33,5.84,,,Jupiter-sized,10-30 days
,1,64.23,1.72,,,Super-Earth,30-100 days
,1,41.71,584.86,,,Super-Jupiter,30-100 days
,1,5.66,144.6,,,Super-Jupiter,3-10 days
,1,85.14,2.99,,,Neptune-sized,30-100 days
,1,40.81,3.23,,,Neptune-sized,30-100 days
,1,47.93,2.63,,,Neptune-sized,30-100 days
,1,8.32,1.94,,,Super-Earth,3-10 days
,1,4.25,544.63,,,Super-Jupiter,3-10 days
,1,24.45,4.48,,,Jupiter-sized,10-30 days
,1,31.15,5.52,,,Jupiter-sized,30-100 days
,1,6.3,153.89,,,Super-Jupiter,3-10 days
,1,89.83,4.32,,,Jupiter-sized,30-100 days
,1,1.34,93.19,,,Super-Jupiter,<3 days
,1,39.12,5964.63,,,Super-Jupiter,30-100 days
,1,38.24,5.86,,,Jupiter-sized,30-100 days
,1,51.88,9.01,,,Jupiter-sized,30-100 days
,1,13.35,793.25,,,Super-Jupiter,10-30 days
,1,8.08,164.14,,,Super-Jupiter,3-10 days
,1,1.66,76.87,,,Super-Jupiter,<3 days
,1,10.52,109.4,,,Super-Jupiter,10-30 days
,1,57.55,7.76,,,Jupiter-sized,30-100 days
,1,2.86,616.45,,,Super-Jupiter,<3 days
,1,13.71,474.74,,,Super-Jupiter,10-30 days
,1,13.48,649.13,,,Super-Jupiter,10-30 days
,1,60.66,5.96,,,Jupiter-sized,30-100 days
,1,1.38,107.25,,,Super-Jupiter,<3 days
,1,11.54,934.7,,,Super-Jupiter,10-30 days
,1,12.42,2.17,,,Neptune-sized,10-30 days
,1,89.74,2.26,,,Neptune-sized,30-100 days
,1,87.56,9.79,,,Jupiter-sized,30-100 days
,1,13.31,156.3,,,Super-Jupiter,10-30 days
,1,46.68,6.7,,,Jupiter-sized,30-100 days
,1,23.71,1343.53,,,Super-Jupiter,10-30 days
,1,13.65,167.39,,,Super-Jupiter,10-30 days
,1,82.51,4.51,,,Jupiter-sized,30-100 days
,1,36.48,2.4,,,Neptune-sized,30-100 days
,1,56.2,1.54,,,Super-Earth,30-100 days
,1,62.09,4.16,,,Jupiter-sized,30-100 days
,1,70.31,9.91,,,Jupiter-sized,30-100 days
,1,21.06,777.12,,,Super-Jupiter,10-30 days
,1,1.52,81.94,,,Super-Jupiter,<3 days
,1,27.58,8.29,,,Jupiter-sized,10-30 days
,1,30.76,232.07,,,Super-Jupiter,30-100 days
,1,67.29,5.08,,,Jupiter-sized,30-100 days
,1,16.07,9.07,,,Jupiter-sized,10-30 days
,1,1.49,882.14,,,Super-Jupiter,<3 days
,1,8.69,401.53,,,Super-Jupiter,3-10 days
,1,29.14,8.11,,,Jupiter-sized,10-30 days
,1,15.07,867.91,,,Super-Jupiter,10-30 days
,1,15.06,256.24,,,Super-Jupiter,10-30 days
,1,4.8,391.34,,,Super-Jupiter,3-10 days
,1,29.23,7.43,,,Jupiter-sized,10-30 days
,1,11.16,249.85,,,Super-Jupiter,10-30 days
,1,1.82,3.9,,,Neptune-sized,<3 days
,1,83.01,4.72,,,Jupiter-sized,30-100 days
,1,62.91,6.05,,,Jupiter-sized,30-100 days
,1,10.92,476.34,,,Super-Jupiter,10-30 days
,1,50.51,9.32,,,Jupiter-sized,30-100 days
,1,90.63,3.17,,,Neptune-sized,30-100 days
,1,40.72,8.94,,,Jupiter-sized,30-100 days
,1,69.43,6.74,,,Jupiter-sized,30-100 days
,1,9.02,189.49,,,Super-Jupiter,3-10 days
,1,9.71,146.36,,,Super-Jupiter,3-10 days
,1,13.79,151.88,,,Super-Jupiter,10-30 days
,1,2.26,9.99,,,Jupiter-sized,<3 days
,1,65.03,6.65,,,Jupiter-sized,30-100 days
,1,73.91,1.19,,,Earth-sized,30-100 days
,1,5.82,167.9,,,Super-Jupiter,3-10 days
,1,4.36,102.07,,,Super-Jupiter,3-10 days
,1,4.05,331.63,,,Super-Jupiter,3-10 days
,1,21.54,7.16,,,Jupiter-sized,10-30 days
,1,2.83,162.25,,,Super-Jupiter,<3 days
,1,5.41,2141.98,,,Super-Jupiter,3-10 days
,1,12.62,226.88,,,Super-Jupiter,10-30 days
,1,4.25,1327.25,,,Super-Jupiter,3-10 days
,1,13.26,197.58,,,Super-Jupiter,10-30 days
,1,79.13,6.88,,,Jupiter-sized,30-100 days
,1,7.3,165.51,,,Super-Jupiter,3-10 days
,1,65.08,1.53,,,Super-Earth,30-100 days
,1,14.27,823.3,,,Super-Jupiter,10-30 days
,1,16.55,1151.41,,,Super-Jupiter,10-30 days
,1,1.66,2867.35,,,Super-Jupiter,<3 days
,1,31.65,193.0,,,Super-Jupiter,30-100 days
,1,4.4,99.0,,,Super-Jupiter,3-10 days
,1,11.55,277.85,,,Super-Jupiter,10-30 days
,1,40.29,1673.97,,,Super-Jupiter,30-100 days
,1,32.57,3.2,,,Neptune-sized,30-100 days
,1,2.93,106.09,,,Super-Jupiter,<3 days
,1,12.55,239.67,,,Super-Jupiter,10-30 days
,1,13.53,163.51,,,Super-Jupiter,10-30 days
,1,10.15,175.41,,,Super-Jupiter,10-30 days
,1,7.26,114.97,,,Super-Jupiter,3-10 days
,1,66.35,5.9,,,Jupiter-sized,30-100 days
,1,99.34,9.16,,,Jupiter-sized,30-100 days
,1,48.31,429.08,,,Super-Jupiter,30-100 days
,1,11.12,140.24,,,Super-Jupiter,10-30 days
,1,89.48,2.18,,,Neptune-sized,30-100 days
,1,22.69,2.89,,,Neptune-sized,10-30 days
,1,11.25,223.6,,,Super-Jupiter,10-30 days
,1,2.03,111.87,,,Super-Jupiter,<3 days
,1,8.1,126.86,,,Super-Jupiter,3-10 days
,1,17.02,6.76,,,Jupiter-sized,10-30 days
,1,1.37,99.85,,,Super-Jupiter,<3 days
,1,14.44,1607.69,,,Super-Jupiter,10-30 days
,1,81.52,5.49,,,Jupiter-sized,30-100 days
,1,51.35,1.98,,,Super-Earth,30-100 days
,1,4.7,115.91,,,Super-Jupiter,3-10 days
,1,5.76,154.91,,,Super-Jupiter,3-10 days
,1,27.7,4.61,,,Jupiter-sized,10-30 days
,1,62.85,5.1,,,Jupiter-sized,30-100 days
,1,3.58,4.89,,,Jupiter-sized,3-10 days
,1,14.8,178.26,,,Super-Jupiter,10-30 days
,1,63.55,1.64,,,Super-Earth,30-100 days
,1,12.2,285.06,,,Super-Jupiter,10-30 days
,1,11.61,103.32,,,Super-Jupiter,10-30 days
,1,6.81,134.85,,,Super-Jupiter,3-10 days
,1,11.44,198.45,,,Super-Jupiter,10-30 days
,1,3.71,88.27,,,Super-Jupiter,3-10 days
,1,21.77,8.31,,,Jupiter-sized,10-30 days
,1,4.14,209.38,,,Super-Jupiter,3-10 days
,1,20.74,3.92,,,Neptune-sized,10-30 days
,1,6.48,146.31,,,Super-Jupiter,3-10 days
,1,23.96,715.81,,,Super-Jupiter,10-30 days
,1,78.03,4.35,,,Jupiter-sized,30-100 days
,1,29.11,273.83,,,Super-Jupiter,10-30 days
,1,8.83,124.67,,,Super-Jupiter,3-10 days
,1,6.13,201.09,,,Super-Jupiter,3-10 days
,1,48.5,291.81,,,Super-Jupiter,30-100 days
,1,63.43,6.43,,,Jupiter-sized,30-100 days
,1,12.61,479.72,,,Super-Jupiter,10-30 days
,1,70.94,4.7,,,Jupiter-sized,30-100 days
,1,27.75,9.46,,,Jupiter-sized,10-30 days
,1,8.59,255.7,,,Super-Jupiter,3-10 days
,1,3.61,101.06,,,Super-Jupiter,3-10 days
,1,18.33,5.19,,,Jupiter-sized,10-30 days
,1,13.6,212.02,,,Super-Jupiter,10-30 days
,1,41.28,1.95,,,Super-Earth,30-100 days
,1,1.76,304.86,,,Super-Jupiter,<3 days
,1,82.44,8.76,,,Jupiter-sized,30-100 days
,1,43.13,1.2,,,Earth-sized,30-100 days
,1,18.84,899.0,,,Super-Jupiter,10-30 days
,1,88.09,9.97,,,Jupiter-sized,30-100 days
,1,12.05,365.36,,,Super-Jupiter,10-30 days
,1,89.7,4.38,,,Jupiter-sized,30-100 days
,1,34.37,8.86,,,Jupiter-sized,30-100 days
,1,69.25,5.37,,,Jupiter-sized,30-100 days
,1,28.6,1.65,,,Super-Earth,10-30 days
,1,97.23,1.92,,,Super-Earth,30-100 days
,1,55.38,8.4,,,Jupiter-sized,30-100 days
,1,3.67,156.24,,,Super-Jupiter,3-10 days
,1,55.05,8.88,,,Jupiter-sized,30-100 days
,1,36.91,2.89,,,Neptune-sized,30-100 days
,1,4.79,290.99,,,Super-Jupiter,3-10 days
,1,99.88,6.66,,,Jupiter-sized,30-100 days
,1,82.79,5.9,,,Jupiter-sized,30-100 days
,1,35.05,7.21,,,Jupiter-sized,30-100 days
,1,77.86,5.21,,,Jupiter-sized,30-100 days
,1,6.78,286.14,,,Super-Jupiter,3-10 days
,1,12.49,617.28,,,Super-Jupiter,10-30 days
,1,5.75,8.84,,,Jupiter-sized,3-10 days
,1,4.88,121.68,,,Super-Jupiter,3-10 days
,1,58.28,4.26,,,Jupiter-sized,30-100 days
,1,16.91,3.55,,,Neptune-sized,10-30 days
,1,4.67,311.67,,,Super-Jupiter,3-10 days
,1,8.89,147.11,,,Super-Jupiter,3-10 days
,1,16.29,656.85,,,Super-Jupiter,10-30 days
,1,7.25,316.5,,,Super-Jupiter,3-10 days
,1,1.89,79.92,,,Super-Jupiter,<3 days
,1,1.99,191.05,,,Super-Jupiter,<3 days
,1,12.2,179.86,,,Super-Jupiter,10-30 days
,1,93.32,9.38,,,Jupiter-sized,30-100 days
,1,34.65,4.2,,,Jupiter-sized,30-100 days
,1,54.62,4.66,,,Jupiter-sized,30-100 days
,1,13.31,226.95,,,Super-Jupiter,10-30 days
,1,68.81,8.53,,,Jupiter-sized,30-100 days
,1,81.58,1.61,,,Super-Earth,30-100 days
,1,13.15,154.34,,,Super-Jupiter,10-30 days
,1,88.4,5.17,,,Jupiter-sized,30-100 days
,1,2.04,145.14,,,Super-Jupiter,<3 days
,1,3.56,219.52,,,Super-Jupiter,3-10 days
,1,10.73,157.06,,,Super-Jupiter,10-30 days
,1,4.77,158.85,,,Super-Jupiter,3-10 days
,1,1.38,110.67,,,Super-Jupiter,<3 days
,1,37.86,8.2,,,Jupiter-sized,30-100 days
,1,89.41,2.6,,,Neptune-sized,30-100 days
,1,11.24,433.68,,,Super-Jupiter,10-30 days
,1,1.24,154.62,,,Super-Jupiter,<3 days
,1,73.26,1.96,,,Super-Earth,30-100 days
,1,25.26,468.78,,,Super-Jupiter,10-30 days
,1,44.06,6.89,,,Jupiter-sized,30-100 days
,1,55.07,6.12,,,Jupiter-sized,30-100 days
,1,7.8,2.74,,,Neptune-sized,3-10 days
,1,15.27,2.47,,,Neptune-sized,10-30 days
,1,31.63,564.89,,,Super-Jupiter,30-100 days
,1,45.63,5.82,,,Jupiter-sized,30-100 days
,1,85.89,4.04,,,Jupiter-sized,30-100 days
,1,17.08,5.73,,,Jupiter-sized,10-30 days
,1,7.89,2.52,,,Neptune-sized,3-10 days
,1,10.64,117.64,,,Super-Jupiter,10-30 days
,1,1.43,119.15,,,Super-Jupiter,<3 days
,1,8.54,157.94,,,Super-Jupiter,3-10 days
,1,4.57,2776.33,,,Super-Jupiter,3-10 days
,1,5.28,171.0,,,Super-Jupiter,3-10 days
,1,1.48,90.8,,,Super-Jupiter,<3 days
,1,2.94,70.82,,,Super-Jupiter,<3 days
,1,5.15,103.79,,,Super-Jupiter,3-10 days
,1,5.48,118.93,,,Super-Jupiter,3-10 days
,1,17.86,2.1,,,Neptune-sized,10-30 days
,1,4.44,433.07,,,Super-Jupiter,3-10 days
,1,11.63,247.88,,,Super-Jupiter,10-30 days
,1,10.83,108.38,,,Super-Jupiter,10-30 days
,1,4.89,1595.91,,,Super-Jupiter,3-10 days
,1,57.66,5.62,,,Jupiter-sized,30-100 days
,1,12.77,343.36,,,Super-Jupiter,10-30 days
,1,48.22,2.13,,,Neptune-sized,30-100 days
,1,7.24,98.14,,,Super-Jupiter,3-10 days
,1,41.16,7.58,,,Jupiter-sized,30-100 days
,1,2.94,70.29,,,Super-Jupiter,<3 days
,1,4.63,149.75,,,Super-Jupiter,3-10 days
,1,56.85,1.51,,,Super-Earth,30-100 days
,1,47.19,6.83,,,Jupiter-sized,30-100 days
,1,63.24,3.67,,,Neptune-sized,30-100 days
,1,51.01,8.68,,,Jupiter-sized,30-100 days
,1,19.78,5.21,,,Jupiter-sized,10-30 days
,1,62.48,4.04,,,Jupiter-sized,30-100 days
,1,72.02,7.7,,,Jupiter-sized,30-100 days
,1,3.8,192.65,,,Super-Jupiter,3-10 days
,1,65.27,1.82,,,Super-Earth,30-100 days
,1,8.07,229.61,,,Super-Jupiter,3-10 days
,1,86.61,8.49,,,Jupiter-sized,30-100 days
,1,7.21,153.83,,,Super-Jupiter,3-10 days
,1,72.72,5.1,,,Jupiter-sized,30-100 days
,1,34.31,3.93,,,Neptune-sized,30-100 days
,1,25.53,2.17,,,Neptune-sized,10-30 days
,1,9.76,127.32,,,Super-Jupiter,3-10 days
,1,12.01,188.61,,,Super-Jupiter,10-30 days
,1,12.74,219.49,,,Super-Jupiter,10-30 days
,1,10.73,513.02,,,Super-Jupiter,10-30 days
,1,12.6,8.16,,,Jupiter-sized,10-30 days
,1,85.66,8.44,,,Jupiter-sized,30-100 days
,1,6.46,152.62,,,Super-Jupiter,3-10 days
,1,65.59,5.38,,,Jupiter-sized,30-100 days
,1,42.39,1.41,,,Super-Earth,30-100 days
,1,12.47,164.78,,,Super-Jupiter,10-30 days
,1,11.88,487.05,,,Super-Jupiter,10-30 days
,1,90.86,1.16,,,Earth-sized,30-100 days
,1,5.4,2169.08,,,Super-Jupiter,3-10 days
,1,50.16,4.46,,,Jupiter-sized,30-100 days
,1,4.73,131.24,,,Super-Jupiter,3-10 days
,1,5.73,119.67,,,Super-Jupiter,3-10 days
,1,2.66,91.06,,,Super-Jupiter,<3 days
,1,12.69,305.39,,,Super-Jupiter,10-30 days
,1,69.29,3.09,,,Neptune-sized,30-100 days
,1,6.43,578.58,,,Super-Jupiter,3-10 days
,1,2.94,91.14,,,Super-Jupiter,<3 days
,1,7.05,266.98,,,Super-Jupiter,3-10 days
,1,49.01,5.21,,,Jupiter-sized,30-100 days
,1,9.17,204.97,,,Super-Jupiter,3-10 days
,1,45.5,8.47,,,Jupiter-sized,30-100 days
,1,13.17,220.85,,,Super-Jupiter,10-30 days
,1,10.06,283.85,,,Super-Jupiter,10-30 days
,1,47.92,8.5,,,Jupiter-sized,30-100 days
,1,5.34,81.19,,,Super-Jupiter,3-10 days
,1,9.94,585.98,,,Super-Jupiter,3-10 days
,1,20.68,5.07,,,Jupiter-sized,10-30 days
,1,2.37,100.27,,,Super-Jupiter,<3 days
,1,42.53,9.99,,,Jupiter-sized,30-100 days
,1,85.9,1.18,,,Earth-sized,30-100 days
,1,1.25,95.65,,,Super-Jupiter,<3 days
,1,32.48,330.18,,,Super-Jupiter,30-100 days
,1,5.45,472.94,,,Super-Jupiter,3-10 days
,1,6.52,4372.31,,,Super-Jupiter,3-10 days
,1,71.74,9.97,,,Jupiter-sized,30-100 days
,1,6.9,86.76,,,Super-Jupiter,3-10 days
,1,44.1,2.25,,,Neptune-sized,30-100 days
,1,11.9,8.21,,,Jupiter-sized,10-30 days
,1,9.24,116.31,,,Super-Jupiter,3-10 days
,1,7.16,160.38,,,Super-Jupiter,3-10 days
,1,3.61,86.12,,,Super-Jupiter,3-10 days
,1,69.86,1.96,,,Super-Earth,30-100 days
,1,2.36,95.38,,,Super-Jupiter,<3 days
,1,14.77,516.03,,,Super-Jupiter,10-30 days
,1,16.13,4.3,,,Jupiter-sized,10-30 days
,1,79.07,4.91,,,Jupiter-sized,30-100 days
,1,7.51,195.23,,,Super-Jupiter,3-10 days
,1,13.85,243.87,,,Super-Jupiter,10-30 days
,1,1.48,1212.32,,,Super-Jupiter,<3 days
,1,5.82,150.47,,,Super-Jupiter,3-10 days
,1,1.75,111.71,,,Super-Jupiter,<3 days
,1,2.14,426.35,,,Super-Jupiter,<3 days
,1,9.97,402.86,,,Super-Jupiter,3-10 days
,1,73.92,1.48,,,Super-Earth,30-100 days
,1,7.05,140.02,,,Super-Jupiter,3-10 days
,1,40.01,2.36,,,Neptune-sized,30-100 days
,1,90.85,5.9,,,Jupiter-sized,30-100 days
,1,4.07,157.71,,,Super-Jupiter,3-10 days
,1,2.82,92.4,,,Super-Jupiter,<3 days
,1,14.74,754.45,,,Super-Jupiter,10-30 days
,1,4.91,102.12,,,Super-Jupiter,3-10 days
,1,4.4,303.6,,,Super-Jupiter,3-10 days
,1,80.28,6.3,,,Jupiter-sized,30-100 days
,1,74.68,1.12,,,Earth-sized,30-100 days
,1,5.16,237.45,,,Super-Jupiter,3-10 days
,1,16.55,1843.64,,,Super-Jupiter,10-30 days
,1,3.5,2828.7,,,Super-Jupiter,3-10 days
,1,13.31,162.68,,,Super-Jupiter,10-30 days
,1,3.18,98.81,,,Super-Jupiter,3-10 days
,1,46.85,3.08,,,Neptune-sized,30-100 days
,1,28.59,1237.96,,,Super-Jupiter,10-30 days
,1,6.81,202.2,,,Super-Jupiter,3-10 days
,1,17.88,575.19,,,Super-Jupiter,10-30 days
,1,13.13,185.77,,,Super-Jupiter,10-30 days
,1,12.17,179.6,,,Super-Jupiter,10-30 days
,1,4.43,246.63,,,Super-Jupiter,3-10 days
,1,3.79,162.55,,,Super-Jupiter,3-10 days
,1,4.45,107.9,,,Super-Jupiter,3-10 days
,1,93.56,8.07,,,Jupiter-sized,30-100 days
,1,10.0,1743.73,,,Super-Jupiter,3-10 days
,1,13.31,202.32,,,Super-Jupiter,10-30 days
,1,1.77,83.62,,,Super-Jupiter,<3 days
,1,9.99,403.65,,,Super-Jupiter,3-10 days
,1,10.1,4859.87,,,Super-Jupiter,10-30 days
,1,95.93,4.8,,,Jupiter-sized,30-100 days
,1,4.4,124.92,,,Super-Jupiter,3-10 days
,1,6.03,146.98,,,Super-Jupiter,3-10 days
,1,7.07,99.98,,,Super-Jupiter,3-10 days
,1,5.34,164.76,,,Super-Jupiter,3-10 days
,1,15.85,830.12,,,Super-Jupiter,10-30 days
,1,6.83,252.72,,,Super-Jupiter,3-10 days
,1,99.88,1.63,,,Super-Earth,30-100 days
,1,52.82,4.1,,,Jupiter-sized,30-100 days
,1,9.87,113.77,,,Super-Jupiter,3-10 days
,1,97.59,5.73,,,Jupiter-sized,30-100 days
,1,8.78,406.04,,,Super-Jupiter,3-10 days
,1,79.7,6.26,,,Jupiter-sized,30-100 days
,1,10.53,5816.27,,,Super-Jupiter,10-30 days
,1,69.3,4.54,,,Jupiter-sized,30-100 days
,1,37.87,3.98,,,Neptune-sized,30-100 days
,1,16.14,560.0,,,Super-Jupiter,10-30 days
,1,1.28,117.0,,,Super-Jupiter,<3 days
,1,2.7,8.44,,,Jupiter-sized,<3 days
,1,2.98,7.35,,,Jupiter-sized,<3 days
,1,13.28,795.83,,,Super-Jupiter,10-30 days
,1,4.56,108.77,,,Super-Jupiter,3-10 days
,1,9.12,398.75,,,Super-Jupiter,3-10 days
,1,2.83,120.32,,,Super-Jupiter,<3 days
,1,10.23,261.15,,,Super-Jupiter,10-30 days
,1,45.0,500.63,,,Super-Jupiter,30-100 days
,1,8.28,92.02,,,Super-Jupiter,3-10 days
,1,2.22,262.81,,,Super-Jupiter,<3 days
,1,8.94,2014.72,,,Super-Jupiter,3-10 days
,1,61.26,1.69,,,Super-Earth,30-100 days
,1,13.97,2515.39,,,Super-Jupiter,10-30 days
,1,20.11,628.76,,,Super-Jupiter,10-30 days
,1,5.48,1.29,,,Super-Earth,3-10 days
,1,35.63,308.71,,,Super-Jupiter,30-100 days
,1,98.13,2.16,,,Neptune-sized,30-100 days
,1,7.93,120.52,,,Super-Jupiter,3-10 days
,1,1.43,269.51,,,Super-Jupiter,<3 days
,1,1.49,2242.36,,,Super-Jupiter,<3 days
,1,8.26,102.18,,,Super-Jupiter,3-10 days
,1,28.09,3.16,,,Neptune-sized,10-30 days
,1,14.24,305.25,,,Super-Jupiter,10-30 days
,1,7.27,7.62,,,Jupiter-sized,3-10 days
,1,2.24,110.02,,,Super-Jupiter,<3 days
,1,69.46,9.55,,,Jupiter-sized,30-100 days
,1,82.98,7.58,,,Jupiter-sized,30-100 days
,1,61.76,2.9,,,Neptune-sized,30-100 days
,1,14.1,250.46,,,Super-Jupiter,10-30 days
,1,1.21,210.03,,,Super-Jupiter,<3 days
,1,8.01,168.8,,,Super-Jupiter,3-10 days
,1,18.41,3160.73,,,Super-Jupiter,10-30 days
,1,11.26,124.22,,,Super-Jupiter,10-30 days
,1,1.87,223.23,,,Super-Jupiter,<3 days
,1,26.99,244.73,,,Super-Jupiter,10-30 days
,1,2.7,203.23,,,Super-Jupiter,<3 days
,1,19.67,1402.55,,,Super-Jupiter,10-30 days
,1,3.02,225.44,,,Super-Jupiter,3-10 days
,1,12.27,181.07,,,Super-Jupiter,10-30 days
,1,3.18,98.23,,,Super-Jupiter,3-10 days
,1,24.51,3.3,,,Neptune-sized,10-30 days
,1,52.51,3.15,,,Neptune-sized,30-100 days
,1,47.57,4.27,,,Jupiter-sized,30-100 days
,1,36.19,1.36,,,Super-Earth,30-100 days
,1,1.98,100.92,,,Super-Jupiter,<3 days
,1,2.61,95.79,,,Super-Jupiter,<3 days
,1,30.59,6.86,,,Jupiter-sized,30-100 days
,1,7.01,155.75,,,Super-Jupiter,3-10 days
,1,13.12,3106.33,,,Super-Jupiter,10-30 days
,1,10.83,2951.07,,,Super-Jupiter,10-30 days
,1,47.63,1240.17,,,Super-Jupiter,30-100 days
,1,12.84,521.7,,,Super-Jupiter,10-30 days
,1,3.52,150.35,,,Super-Jupiter,3-10 days
,1,1.35,69.15,,,Super-Jupiter,<3 days
,1,12.11,145.8,,,Super-Jupiter,10-30 days
,1,16.82,6.23,,,Jupiter-sized,10-30 days
,1,7.32,5.0,,,Jupiter-sized,3-10 days
,1,14.25,4.11,,,Jupiter-sized,10-30 days
,1,91.64,1.93,,,Super-Earth,30-100 days
,1,10.45,2.64,,,Neptune-sized,10-30 days
,1,1.22,75.16,,,Super-Jupiter,<3 days
,1,14.82,429.16,,,Super-Jupiter,10-30 days
,1,2.54,494.17,,,Super-Jupiter,<3 days
,1,42.66,6.53,,,Jupiter-sized,30-100 days
,1,13.35,193.17,,,Super-Jupiter,10-30 days
,1,4.27,221.36,,,Super-Jupiter,3-10 days
,1,3.5,125.22,,,Super-Jupiter,3-10 days
,1,86.97,6.82,,,Jupiter-sized,30-100 days
,1,69.52,2.01,,,Neptune-sized,30-100 days
,1,8.28,9.65,,,Jupiter-sized,3-10 days
,1,10.83,211.01,,,Super-Jupiter,10-30 days
,1,8.99,139.83,,,Super-Jupiter,3-10 days
,1,10.84,143.01,,,Super-Jupiter,10-30 days
,1,11.96,239.24,,,Super-Jupiter,10-30 days
,1,73.85,7.16,,,Jupiter-sized,30-100 days
,1,45.03,1.78,,,Super-Earth,30-100 days
,1,27.92,6.08,,,Jupiter-sized,10-30 days
,1,60.99,9.45,,,Jupiter-sized,30-100 days
,1,4.39,356.0,,,Super-Jupiter,3-10 days
,1,13.22,325.63,,,Super-Jupiter,10-30 days
,1,8.58,193.15,,,Super-Jupiter,3-10 days
,1,40.1,360.5,,,Super-Jupiter,30-100 days
,1,28.72,4.25,,,Jupiter-sized,10-30 days
,1,11.27,1464.77,,,Super-Jupiter,10-30 days
,1,1.51,168.62,,,Super-Jupiter,<3 days
,1,3.38,201.33,,,Super-Jupiter,3-10 days
,1,11.52,175.43,,,Super-Jupiter,10-30 days
,1,6.84,218.09,,,Super-Jupiter,3-10 days
,1,3.67,156.24,,,Super-Jupiter,3-10 days
,1,40.74,5.56,,,Jupiter-sized,30-100 days
,1,4.89,905.29,,,Super-Jupiter,3-10 days
,1,44.86,2.86,,,Neptune-sized,30-100 days
,1,2.27,208.53,,,Super-Jupiter,<3 days
,1,10.93,199.04,,,Super-Jupiter,10-30 days
,1,5.39,210.28,,,Super-Jupiter,3-10 days
,1,96.09,8.67,,,Jupiter-sized,30-100 days
,1,12.72,161.22,,,Super-Jupiter,10-30 days
,1,4.83,109.16,,,Super-Jupiter,3-10 days
,1,12.73,939.99,,,Super-Jupiter,10-30 days
,1,7.21,115.63,,,Super-Jupiter,3-10 days
,1,32.9,6.62,,,Jupiter-sized,30-100 days
,1,96.42,8.47,,,Jupiter-sized,30-100 days
,1,7.1,330.75,,,Super-Jupiter,3-10 days
,1,73.92,6.98,,,Jupiter-sized,30-100 days
,1,62.69,2.47,,,Neptune-sized,30-100 days
,1,10.9,144.49,,,Super-Jupiter,10-30 days
,1,23.02,8.43,,,Jupiter-sized,10-30 days
,1,12.73,126.35,,,Super-Jupiter,10-30 days
,1,12.07,163.07,,,Super-Jupiter,10-30 days
,1,12.71,273.03,,,Super-Jupiter,10-30 days
,1,2.2,103.23,,,Super-Jupiter,<3 days
,1,12.3,1900.71,,,Super-Jupiter,10-30 days
,1,7.74,140.25,,,Super-Jupiter,3-10 days
,1,20.32,1625.76,,,Super-Jupiter,10-30 days
,1,38.76,699.66,,,Super-Jupiter,30-100 days
,1,42.45,1696.64,,,Super-Jupiter,30-100 days
,1,22.57,7.56,,,Jupiter-sized,10-30 days
,1,78.69,8.3,,,Jupiter-sized,30-100 days
,1,11.36,4.72,,,Jupiter-sized,10-30 days
,1,10.97,221.64,,,Super-Jupiter,10-30 days
,1,30.96,1.77,,,Super-Earth,30-100 days
,1,10.17,1.72,,,Super-Earth,10-30 days
,1,11.83,182.08,,,Super-Jupiter,10-30 days
,1,12.47,128.06,,,Super-Jupiter,10-30 days
,1,96.27,7.74,,,Jupiter-sized,30-100 days
,1,34.68,7.87,,,Jupiter-sized,30-100 days
,1,2.83,162.25,,,Super-Jupiter,<3 days
,1,66.81,6.24,,,Jupiter-sized,30-100 days
,1,38.96,6.55,,,Jupiter-sized,30-100 days
,1,72.13,6.72,,,Jupiter-sized,30-100 days
,1,40.99,4.24,,,Jupiter-sized,30-100 days
,1,18.1,1.98,,,Super-Earth,10-30 days
,1,2.74,113.72,,,Super-Jupiter,<3 days
,1,11.08,2756.01,,,Super-Jupiter,10-30 days
,1,12.75,216.24,,,Super-Jupiter,10-30 days
,1,4.62,152.51,,,Super-Jupiter,3-10 days
,1,6.89,282.86,,,Super-Jupiter,3-10 days
,1,92.79,7.66,,,Jupiter-sized,30-100 days
,1,3.29,92.71,,,Super-Jupiter,3-10 days
,1,2.44,157.38,,,Super-Jupiter,<3 days
,1,18.8,7.59,,,Jupiter-sized,10-30 days
,1,1.26,159.6,,,Super-Jupiter,<3 days
,1,7.16,163.36,,,Super-Jupiter,3-10 days
,1,90.83,5.29,,,Jupiter-sized,30-100 days
,1,62.56,2.17,,,Neptune-sized,30-100 days
,1,80.88,5.5,,,Jupiter-sized,30-100 days
,1,27.14,322.2,,,Super-Jupiter,10-30 days
,1,1.73,2310.9,,,Super-Jupiter,<3 days
,1,3.48,651.67,,,Super-Jupiter,3-10 days
,1,2.05,113.14,,,Super-Jupiter,<3 days
,1,18.43,547.74,,,Super-Jupiter,10-30 days
,1,11.32,147.1,,,Super-Jupiter,10-30 days
,1,2.35,120.96,,,Super-Jupiter,<3 days
,1,26.25,7.47,,,Jupiter-sized,10-30 days
,1,52.89,8.77,,,Jupiter-sized,30-100 days
,1,88.51,2.56,,,Neptune-sized,30-100 days
,1,12.69,3.57,,,Neptune-sized,10-30 days
,1,8.27,111.65,,,Super-Jupiter,3-10 days
,1,85.73,4.7,,,Jupiter-sized,30-100 days
,1,12.84,163.46,,,Super-Jupiter,10-30 days
,1,11.55,100.32,,,Super-Jupiter,10-30 days
,1,51.73,8.58,,,Jupiter-sized,30-100 days
,1,67.39,6.4,,,Jupiter-sized,30-100 days
,1,5.18,129.48,,,Super-Jupiter,3-10 days
,1,87.11,8.45,,,Jupiter-sized,30-100 days
,1,21.85,184.6,,,Super-Jupiter,10-30 days
,1,7.79,334.68,,,Super-Jupiter,3-10 days
,1,89.0,3.68,,,Neptune-sized,30-100 days
,1,3.54,119.21,,,Super-Jupiter,3-10 days
,1,7.04,1043.47,,,Super-Jupiter,3-10 days
,1,92.92,5.25,,,Jupiter-sized,30-100 days
,1,4.57,103.58,,,Super-Jupiter,3-10 days
,1,13.54,192.87,,,Super-Jupiter,10-30 days
,1,2.87,100.61,,,Super-Jupiter,<3 days
,1,80.25,1.4,,,Super-Earth,30-100 days
,1,5.39,8087.77,,,Super-Jupiter,3-10 days
,1,12.66,128.83,,,Super-Jupiter,10-30 days
,1,42.76,355.9,,,Super-Jupiter,30-100 days
,1,12.62,244.51,,,Super-Jupiter,10-30 days
,1,79.93,7.46,,,Jupiter-sized,30-100 days
,1,15.17,149.46,,,Super-Jupiter,10-30 days
,1,47.93,5.41,,,Jupiter-sized,30-100 days
,1,2.47,7.08,,,Jupiter-sized,<3 days
,1,67.91,5.0,,,Jupiter-sized,30-100 days
,1,1.2,159.66,,,Super-Jupiter,<3 days
,1,32.77,334.61,,,Super-Jupiter,30-100 days
,1,14.75,9.39,,,Jupiter-sized,10-30 days
,1,21.8,7.08,,,Jupiter-sized,10-30 days
,1,5.92,128.97,,,Super-Jupiter,3-10 days
,1,3.23,2511.29,,,Super-Jupiter,3-10 days
,1,65.92,7.56,,,Jupiter-sized,30-100 days
,1,99.09,3.7,,,Neptune-sized,30-100 days
,1,10.75,489.91,,,Super-Jupiter,10-30 days
,1,63.27,6.85,,,Jupiter-sized,30-100 days
,1,8.15,126.94,,,Super-Jupiter,3-10 days
,1,2.74,148.83,,,Super-Jupiter,<3 days
,1,61.26,9.22,,,Jupiter-sized,30-100 days
,1,11.7,720.4,,,Super-Jupiter,10-30 days
,1,2.12,3333.57,,,Super-Jupiter,<3 days
,1,50.25,9.9,,,Jupiter-sized,30-100 days
,1,12.84,152.87,,,Super-Jupiter,10-30 days
,1,9.73,161.32,,,Super-Jupiter,3-10 days
,1,6.94,111.79,,,Super-Jupiter,3-10 days
,1,69.82,6.01,,,Jupiter-sized,30-100 days
,1,10.73,135.7,,,Super-Jupiter,10-30 days
,1,17.39,1727.78,,,Super-Jupiter,10-30 days
,1,96.0,9.01,,,Jupiter-sized,30-100 days
,1,5.43,1.64,,,Super-Earth,3-10 days
,1,2.87,109.14,,,Super-Jupiter,<3 days
,1,8.89,9.67,,,Jupiter-sized,3-10 days
,1,12.79,109.66,,,Super-Jupiter,10-30 days
,1,7.06,175.72,,,Super-Jupiter,3-10 days
,1,98.71,8.75,,,Jupiter-sized,30-100 days
,1,16.33,2.6,,,Neptune-sized,10-30 days
,1,39.17,2.06,,,Neptune-sized,30-100 days
,1,8.35,6.6,,,Jupiter-sized,3-10 days
,1,10.12,289.57,,,Super-Jupiter,10-30 days
,1,91.88,3.04,,,Neptune-sized,30-100 days
,1,14.1,4.91,,,Jupiter-sized,10-30 days
,1,4.04,156.42,,,Super-Jupiter,3-10 days
,1,4.52,130.91,,,Super-Jupiter,3-10 days
,1,23.47,3.72,,,Neptune-sized,10-30 days
,1,9.93,103.95,,,Super-Jupiter,3-10 days
,1,8.67,104.06,,,Super-Jupiter,3-10 days
,1,8.04,665.49,,,Super-Jupiter,3-10 days
,1,12.31,3.18,,,Neptune-sized,10-30 days
,1,4.91,138.27,,,Super-Jupiter,3-10 days
,1,3.06,234.21,,,Super-Jupiter,3-10 days
,1,13.23,151.56,,,Super-Jupiter,10-30 days
,1,42.66,318.77,,,Super-Jupiter,30-100 days
,1,10.07,147.09,,,Super-Jupiter,10-30 days
,1,38.71,4.34,,,Jupiter-sized,30-100 days
,1,57.92,7.24,,,Jupiter-sized,30-100 days
,1,12.93,135.44,,,Super-Jupiter,10-30 days
,1,25.11,1.48,,,Super-Earth,10-30 days
,1,29.73,879.92,,,Super-Jupiter,10-30 days
,1,3.55,311.94,,,Super-Jupiter,3-10 days
,1,13.04,179.66,,,Super-Jupiter,10-30 days
,1,7.36,182.94,,,Super-Jupiter,3-10 days
,1,2.63,137.65,,,Super-Jupiter,<3 days
,1,1.39,2012.78,,,Super-Jupiter,<3 days
,1,6.36,142.36,,,Super-Jupiter,3-10 days
,1,1.95,162.16,,,Super-Jupiter,<3 days
,1,8.21,127.89,,,Super-Jupiter,3-10 days
,1,4.81,129.1,,,Super-Jupiter,3-10 days
,1,90.41,1.33,,,Super-Earth,30-100 days
,1,46.88,9.55,,,Jupiter-sized,30-100 days
,1,2.02,75.65,,,Super-Jupiter,<3 days
,1,10.24,366.5,,,Super-Jupiter,10-30 days
,1,85.7,9.68,,,Jupiter-sized,30-100 days
,1,7.87,162.38,,,Super-Jupiter,3-10 days
,1,12.44,227.78,,,Super-Jupiter,10-30 days
,1,16.16,4.34,,,Jupiter-sized,10-30 days
,1,12.77,208.25,,,Super-Jupiter,10-30 days
,1,9.17,176.41,,,Super-Jupiter,3-10 days
,1,80.49,1.78,,,Super-Earth,30-100 days
,1,71.7,4.4,,,Jupiter-sized,30-100 days
,1,3.25,179.61,,,Super-Jupiter,3-10 days
,1,48.51,7.65,,,Jupiter-sized,30-100 days
,1,12.8,192.02,,,Super-Jupiter,10-30 days
,1,10.54,4.06,,,Jupiter-sized,10-30 days
,1,12.67,167.95,,,Super-Jupiter,10-30 days
,1,5.35,556.52,,,Super-Jupiter,3-10 days
,1,3.8,94.47,,,Super-Jupiter,3-10 days
,1,1.43,78.1,,,Super-Jupiter,<3 days
,1,2.42,502.64,,,Super-Jupiter,<3 days
,1,12.89,205.37,,,Super-Jupiter,10-30 days
,1,45.7,8.24,,,Jupiter-sized,30-100 days
,1,1.34,281.55,,,Super-Jupiter,<3 days
,1,6.89,143.2,,,Super-Jupiter,3-10 days
,1,11.77,918.73,,,Super-Jupiter,10-30 days
,1,38.74,9.79,,,Jupiter-sized,30-100 days
,1,37.27,842.98,,,Super-Jupiter,30-100 days
,1,9.28,509.95,,,Super-Jupiter,3-10 days
,1,11.09,125.26,,,Super-Jupiter,10-30 days
,1,2.72,96.19,,,Super-Jupiter,<3 days
,1,41.41,612.57,,,Super-Jupiter,30-100 days
,1,10.98,217.4,,,Super-Jupiter,10-30 days
,1,22.33,1903.03,,,Super-Jupiter,10-30 days
,1,7.29,168.99,,,Super-Jupiter,3-10 days
,1,97.19,6.99,,,Jupiter-sized,30-100 days
,1,2.48,142.62,,,Super-Jupiter,<3 days
,1,12.39,233.48,,,Super-Jupiter,10-30 days
,1,65.19,2.39,,,Neptune-sized,30-100 days
,1,10.86,734.94,,,Super-Jupiter,10-30 days
,1,19.7,3.56,,,Neptune-sized,10-30 days
,1,13.73,545.21,,,Super-Jupiter,10-30 days
,1,7.69,121.32,,,Super-Jupiter,3-10 days
,1,40.69,255.52,,,Super-Jupiter,30-100 days
,1,1.74,81.7,,,Super-Jupiter,<3 days
,1,13.12,3182.75,,,Super-Jupiter,10-30 days
,1,5.94,142.69,,,Super-Jupiter,3-10 days
,1,43.91,1.35,,,Super-Earth,30-100 days
,1,43.46,5.92,,,Jupiter-sized,30-100 days
,1,4.58,102.93,,,Super-Jupiter,3-10 days
,1,17.73,412.83,,,Super-Jupiter,10-30 days
,1,4.63,163.94,,,Super-Jupiter,3-10 days
,1,14.58,568.7,,,Super-Jupiter,10-30 days
,1,3.0,338.41,,,Super-Jupiter,<3 days
,1,21.65,2.7,,,Neptune-sized,10-30 days
,1,36.8,7.59,,,Jupiter-sized,30-100 days
,1,8.22,184.22,,,Super-Jupiter,3-10 days
,1,4.82,151.37,,,Super-Jupiter,3-10 days
,1,28.97,9.37,,,Jupiter-sized,10-30 days
,1,92.95,2.96,,,Neptune-sized,30-100 days
,1,2.21,8173.4,,,Super-Jupiter,<3 days
,1,4.71,146.6,,,Super-Jupiter,3-10 days
,1,45.84,1.02,,,Earth-sized,30-100 days
,1,10.27,166.83,,,Super-Jupiter,10-30 days
,1,3.11,366.65,,,Super-Jupiter,3-10 days
,1,35.06,329.85,,,Super-Jupiter,30-100 days
,1,4.73,305.01,,,Super-Jupiter,3-10 days
,1,74.54,3.67,,,Neptune-sized,30-100 days
,1,1.29,67.91,,,Super-Jupiter,<3 days
,1,30.89,3.41,,,Neptune-sized,30-100 days
,1,67.65,7.27,,,Jupiter-sized,30-100 days
,1,15.24,1599.4,,,Super-Jupiter,10-30 days
,1,89.76,7.42,,,Jupiter-sized,30-100 days
,1,19.27,445.56,,,Super-Jupiter,10-30 days
,1,13.42,194.51,,,Super-Jupiter,10-30 days
,1,62.79,8.36,,,Jupiter-sized,30-100 days
,1,11.68,1012.87,,,Super-Jupiter,10-30 days
,1,81.03,5.62,,,Jupiter-sized,30-100 days
,1,66.11,6.78,,,Jupiter-sized,30-100 days
,1,3.85,3.06,,,Neptune-sized,3-10 days
,1,5.23,78.35,,,Super-Jupiter,3-10 days
,1,28.22,2.56,,,Neptune-sized,10-30 days
,1,11.47,211.76,,,Super-Jupiter,10-30 days
,1,10.05,306.64,,,Super-Jupiter,10-30 days
,1,27.97,3.42,,,Neptune-sized,10-30 days
,1,31.74,654.98,,,Super-Jupiter,30-100 days
,1,48.95,6.75,,,Jupiter-sized,30-100 days
,1,12.2,303.84,,,Super-Jupiter,10-30 days
,1,9.42,152.88,,,Super-Jupiter,3-10 days
,1,81.81,7.21,,,Jupiter-sized,30-100 days
,1,11.81,129.64,,,Super-Jupiter,10-30 days
,1,7.05,139.86,,,Super-Jupiter,3-10 days
,1,4.69,111.48,,,Super-Jupiter,3-10 days
,1,1.31,76.91,,,Super-Jupiter,<3 days
,1,2.21,1003.11,,,Super-Jupiter,<3 days
,1,91.46,7.55,,,Jupiter-sized,30-100 days
,1,2.5,302.7,,,Super-Jupiter,<3 days
,1,13.35,159.78,,,Super-Jupiter,10-30 days
,1,92.82,9.79,,,Jupiter-sized,30-100 days
,1,10.3,171.86,,,Super-Jupiter,10-30 days
,1,34.0,2.95,,,Neptune-sized,30-100 days
,1,4.44,119.17,,,Super-Jupiter,3-10 days
,1,8.58,196.12,,,Super-Jupiter,3-10 days
,1,12.16,5.91,,,Jupiter-sized,10-30 days
,1,47.77,7.42,,,Jupiter-sized,30-100 days
,1,9.03,178.13,,,Super-Jupiter,3-10 days
,1,4.51,133.77,,,Super-Jupiter,3-10 days
,1,8.69,228.02,,,Super-Jupiter,3-10 days
,1,1.62,149.8,,,Super-Jupiter,<3 days
,1,7.29,231.7,,,Super-Jupiter,3-10 days
,1,12.22,206.32,,,Super-Jupiter,10-30 days
,1,79.68,9.57,,,Jupiter-sized,30-100 days
,1,30.94,409.9,,,Super-Jupiter,30-100 days
,1,89.25,8.78,,,Jupiter-sized,30-100 days
,1,1.22,116.41,,,Super-Jupiter,<3 days
,1,2.92,9.36,,,Jupiter-sized,<3 days
,1,77.7,4.6,,,Jupiter-sized,30-100 days
,1,9.24,2024.23,,,Super-Jupiter,3-10 days
,1,33.62,256.81,,,Super-Jupiter,30-100 days
,1,5.55,1928.72,,,Super-Jupiter,3-10 days
,1,11.34,252.81,,,Super-Jupiter,10-30 days
,1,13.85,187.27,,,Super-Jupiter,10-30 days
,1,42.48,4.51,,,Jupiter-sized,30-100 days
,1,13.25,1.11,,,Earth-sized,10-30 days
,1,15.04,204.47,,,Super-Jupiter,10-30 days
,1,45.29,3.52,,,Neptune-sized,30-100 days
,1,47.2,4.18,,,Jupiter-sized,30-100 days
,1,73.93,6.85,,,Jupiter-sized,30-100 days
,1,10.06,497.79,,,Super-Jupiter,10-30 days
,1,2.58,475.3,,,Super-Jupiter,<3 days
,1,8.44,156.84,,,Super-Jupiter,3-10 days
,1,44.23,3.64,,,Neptune-sized,30-100 days
,1,5.91,128.93,,,Super-Jupiter,3-10 days
,1,99.76,9.23,,,Jupiter-sized,30-100 days
,1,98.76,5.74,,,Jupiter-sized,30-100 days
,1,18.91,9.92,,,Jupiter-sized,10-30 days
,1,2.46,258.19,,,Super-Jupiter,<3 days
,1,17.78,1984.16,,,Super-Jupiter,10-30 days
,1,60.23,9.04,,,Jupiter-sized,30-100 days
,1,10.69,133.85,,,Super-Jupiter,10-30 days
,1,1.41,209.54,,,Super-Jupiter,<3 days
,1,8.8,1.18,,,Earth-sized,3-10 days
,1,75.12,5.86,,,Jupiter-sized,30-100 days
,1,8.58,4.75,,,Jupiter-sized,3-10 days
,1,13.27,310.36,,,Super-Jupiter,10-30 days
,1,81.06,1.88,,,Super-Earth,30-100 days
,1,24.72,9.57,,,Jupiter-sized,10-30 days
,1,7.55,8.52,,,Jupiter-sized,3-10 days
,1,12.36,142.1,,,Super-Jupiter,10-30 days
,1,8.21,6.57,,,Jupiter-sized,3-10 days
,1,6.05,125.68,,,Super-Jupiter,3-10 days
,1,9.78,390.32,,,Super-Jupiter,3-10 days
,1,31.17,2.21,,,Neptune-sized,30-100 days
,1,95.11,3.08,,,Neptune-sized,30-100 days
,1,1.2,115.79,,,Super-Jupiter,<3 days
,1,4.43,418.6,,,Super-Jupiter,3-10 days
,1,44.79,720.62,,,Super-Jupiter,30-100 days
,1,98.87,8.61,,,Jupiter-sized,30-100 days
,1,1.4,72.38,,,Super-Jupiter,<3 days
,1,13.83,335.95,,,Super-Jupiter,10-30 days
,1,1.22,109.37,,,Super-Jupiter,<3 days
,1,35.64,3.12,,,Neptune-sized,30-100 days
,1,13.01,283.5,,,Super-Jupiter,10-30 days
,1,20.74,605.71,,,Super-Jupiter,10-30 days
,1,18.51,1224.29,,,Super-Jupiter,10-30 days
,1,47.08,1.82,,,Super-Earth,30-100 days
,1,45.01,9.92,,,Jupiter-sized,30-100 days
,1,70.73,5.5,,,Jupiter-sized,30-100 days
,1,3.83,82.73,,,Super-Jupiter,3-10 days
,1,13.28,269.11,,,Super-Jupiter,10-30 days
,1,9.35,1.31,,,Super-Earth,3-10 days
,1,2.97,436.69,,,Super-Jupiter,<3 days
,1,10.99,281.22,,,Super-Jupiter,10-30 days
,1,6.98,781.9,,,Super-Jupiter,3-10 days
,1,11.47,532.4,,,Super-Jupiter,10-30 days
,1,48.03,8.01,,,Jupiter-sized,30-100 days
,1,23.59,380.0,,,Super-Jupiter,10-30 days
,1,89.13,8.07,,,Jupiter-sized,30-100 days
,1,33.99,2.99,,,Neptune-sized,30-100 days
,1,94.19,7.92,,,Jupiter-sized,30-100 days
,1,1.08,5.92,,,Jupiter-sized,<3 days
,1,7.54,149.25,,,Super-Jupiter,3-10 days
,1,3.22,194.52,,,Super-Jupiter,3-10 days
,1,48.56,5.61,,,Jupiter-sized,30-100 days
,1,47.94,2.59,,,Neptune-sized,30-100 days
,1,3.89,87.91,,,Super-Jupiter,3-10 days
,1,9.72,3.6,,,Neptune-sized,3-10 days
,1,91.11,2.59,,,Neptune-sized,30-100 days
,1,21.16,4.38,,,Jupiter-sized,10-30 days
,1,22.54,1.4,,,Super-Earth,10-30 days
,1,3.01,5.49,,,Jupiter-sized,3-10 days
,1,75.62,6.69,,,Jupiter-sized,30-100 days
,1,17.27,557.71,,,Super-Jupiter,10-30 days
,1,34.01,4.41,,,Jupiter-sized,30-100 days
,1,81.92,5.68,,,Jupiter-sized,30-100 days
,1,3.49,76.51,,,Super-Jupiter,3-10 days
,1,63.89,2.54,,,Neptune-sized,30-100 days
,1,1.77,174.95,,,Super-Jupiter,<3 days
,1,12.99,286.54,,,Super-Jupiter,10-30 days
,1,12.96,147.96,,,Super-Jupiter,10-30 days
,1,4.43,413.57,,,Super-Jupiter,3-10 days
,1,9.68,461.09,,,Super-Jupiter,3-10 days
,1,27.49,462.48,,,Super-Jupiter,10-30 days
,1,87.76,4.54,,,Jupiter-sized,30-100 days
,1,43.89,550.39,,,Super-Jupiter,30-100 days
,1,89.6,3.77,,,Neptune-sized,30-100 days
,1,34.72,469.44,,,Super-Jupiter,30-100 days
,1,6.35,177.49,,,Super-Jupiter,3-10 days
,1,2.01,469.65,,,Super-Jupiter,<3 days
,1,75.52,3.87,,,Neptune-sized,30-100 days
,1,3.49,330.8,,,Super-Jupiter,3-10 days
,1,4.99,105.35,,,Super-Jupiter,3-10 days
,1,55.42,9.77,,,Jupiter-sized,30-100 days
,1,11.51,422.78,,,Super-Jupiter,10-30 days
,1,1.29,82.95,,,Super-Jupiter,<3 days
,1,71.76,2.44,,,Neptune-sized,30-100 days
,1,40.02,5.22,,,Jupiter-sized,30-100 days
,1,65.48,4.11,,,Jupiter-sized,30-100 days
,1,2.7,305.95,,,Super-Jupiter,<3 days
,1,6.71,90.8,,,Super-Jupiter,3-10 days
,1,7.19,144.9,,,Super-Jupiter,3-10 days
,1,2.7,363.44,,,Super-Jupiter,<3 days
,1,46.38,2179.02,,,Super-Jupiter,30-100 days
,1,32.13,6.17,,,Jupiter-sized,30-100 days
,1,7.09,5.79,,,Jupiter-sized,3-10 days
,1,9.9,146.72,,,Super-Jupiter,3-10 days
,1,30.91,3.85,,,Neptune-sized,30-100 days
,1,92.4,6.12,,,Jupiter-sized,30-100 days
,1,13.07,160.46,,,Super-Jupiter,10-30 days
,1,2.33,779.78,,,Super-Jupiter,<3 days
,1,14.1,199.15,,,Super-Jupiter,10-30 days
,1,86.93,1.05,,,Earth-sized,30-100 days
,1,45.19,1292.1,,,Super-Jupiter,30-100 days
,1,11.06,219.97,,,Super-Jupiter,10-30 days
,1,10.14,385.4,,,Super-Jupiter,10-30 days
,1,48.93,8.29,,,Jupiter-sized,30-100 days
,1,6.09,2.33,,,Neptune-sized,3-10 days
,1,13.76,173.74,,,Super-Jupiter,10-30 days
,1,17.14,1.5,,,Super-Earth,10-30 days
,1,67.12,4.15,,,Jupiter-sized,30-100 days
,1,11.58,238.04,,,Super-Jupiter,10-30 days
,1,6.96,2.1,,,Neptune-sized,3-10 days
,1,35.77,178.99,,,Super-Jupiter,30-100 days
,1,12.62,264.95,,,Super-Jupiter,10-30 days
,1,16.71,305.65,,,Super-Jupiter,10-30 days
,1,12.17,9.35,,,Jupiter-sized,10-30 days
,1,13.58,202.2,,,Super-Jupiter,10-30 days
,1,10.83,176.65,,,Super-Jupiter,10-30 days
,1,22.51,4.98,,,Jupiter-sized,10-30 days
,1,36.11,227.84,,,Super-Jupiter,30-100 days
,1,5.41,98.4,,,Super-Jupiter,3-10 days
,1,89.31,3.07,,,Neptune-sized,30-100 days
,1,1.32,3.63,,,Neptune-sized,<3 days
,1,9.09,180.05,,,Super-Jupiter,3-10 days
,1,4.72,89.24,,,Super-Jupiter,3-10 days
,1,10.6,132.1,,,Super-Jupiter,10-30 days
,1,69.67,4.67,,,Jupiter-sized,30-100 days
,1,39.34,2.75,,,Neptune-sized,30-100 days
,1,10.99,322.42,,,Super-Jupiter,10-30 days
,1,78.82,6.53,,,Jupiter-sized,30-100 days
,1,11.1,1508.06,,,Super-Jupiter,10-30 days
,1,2.47,7589.53,,,Super-Jupiter,<3 days
,1,8.23,163.64,,,Super-Jupiter,3-10 days
,1,12.78,135.2,,,Super-Jupiter,10-30 days
,1,12.87,208.34,,,Super-Jupiter,10-30 days
,1,73.7,8.18,,,Jupiter-sized,30-100 days
,1,5.08,251.94,,,Super-Jupiter,3-10 days
,1,87.89,4.77,,,Jupiter-sized,30-100 days
,1,81.06,2.47,,,Neptune-sized,30-100 days
,1,12.34,232.97,,,Super-Jupiter,10-30 days
,1,6.85,123.38,,,Super-Jupiter,3-10 days
,1,3.9,227.71,,,Super-Jupiter,3-10 days
,1,8.57,324.26,,,Super-Jupiter,3-10 days
,1,13.09,212.64,,,Super-Jupiter,10-30 days
,1,43.5,1.95,,,Super-Earth,30-100 days
,1,83.69,8.58,,,Jupiter-sized,30-100 days
,1,62.07,7.69,,,Jupiter-sized,30-100 days
,1,17.67,6.79,,,Jupiter-sized,10-30 days
,1,3.21,91.9,,,Super-Jupiter,3-10 days
,1,10.59,351.42,,,Super-Jupiter,10-30 days
,1,20.06,449.93,,,Super-Jupiter,10-30 days
,1,40.21,5.92,,,Jupiter-sized,30-100 days
,1,14.67,11339.25,,,Super-Jupiter,10-30 days
,1,21.29,2.96,,,Neptune-sized,10-30 days
,1,12.97,190.76,,,Super-Jupiter,10-30 days
,1,3.29,663.59,,,Super-Jupiter,3-10 days
,1,2.76,71.26,,,Super-Jupiter,<3 days
,1,11.64,191.24,,,Super-Jupiter,10-30 days
,1,38.62,422.61,,,Super-Jupiter,30-100 days
,1,51.42,1.33,,,Super-Earth,30-100 days
,1,18.62,8.62,,,Jupiter-sized,10-30 days
,1,78.6,7.7,,,Jupiter-sized,30-100 days
,1,7.2,98.46,,,Super-Jupiter,3-10 days
,1,13.82,416.06,,,Super-Jupiter,10-30 days
,1,3.26,412.49,,,Super-Jupiter,3-10 days
,1,7.94,119.98,,,Super-Jupiter,3-10 days
,1,2.12,246.61,,,Super-Jupiter,<3 days
,1,2.21,286.09,,,Super-Jupiter,<3 days
,1,27.74,6.99,,,Jupiter-sized,10-30 days
,1,14.74,2929.13,,,Super-Jupiter,10-30 days
,1,93.96,7.62,,,Jupiter-sized,30-100 days
,1,8.55,186.59,,,Super-Jupiter,3-10 days
,1,43.07,518.79,,,Super-Jupiter,30-100 days
,1,10.82,138.42,,,Super-Jupiter,10-30 days
,1,74.52,4.9,,,Jupiter-sized,30-100 days
,1,2.04,95.83,,,Super-Jupiter,<3 days
,1,48.08,3.23,,,Neptune-sized,30-100 days
,1,5.35,323.52,,,Super-Jupiter,3-10 days
,1,2.47,5637.55,,,Super-Jupiter,<3 days
,1,10.76,213.03,,,Super-Jupiter,10-30 days
,1,7.1,139.23,,,Super-Jupiter,3-10 days
,1,80.87,3.22,,,Neptune-sized,30-100 days
,1,12.18,169.34,,,Super-Jupiter,10-30 days
,1,16.74,2088.04,,,Super-Jupiter,10-30 days
,1,81.76,7.14,,,Jupiter-sized,30-100 days
,1,58.85,9.7,,,Jupiter-sized,30-100 days
,1,10.21,140.9,,,Super-Jupiter,10-30 days
,1,55.69,4.56,,,Jupiter-sized,30-100 days
,1,37.51,1.61,,,Super-Earth,30-100 days
,1,10.1,3125.68,,,Super-Jupiter,10-30 days
,1,1.26,196.71,,,Super-Jupiter,<3 days
,1,10.99,255.93,,,Super-Jupiter,10-30 days
,1,12.5,384.29,,,Super-Jupiter,10-30 days
,1,4.85,223.57,,,Super-Jupiter,3-10 days
,1,35.39,2.19,,,Neptune-sized,30-100 days
,1,10.32,158.14,,,Super-Jupiter,10-30 days
,1,73.53,9.32,,,Jupiter-sized,30-100 days
,1,2.3,9.49,,,Jupiter-sized,<3 days
,1,12.46,235.02,,,Super-Jupiter,10-30 days
,1,7.95,256.16,,,Super-Jupiter,3-10 days
,1,4.86,139.72,,,Super-Jupiter,3-10 days
,1,49.63,5.24,,,Jupiter-sized,30-100 days
,1,2.41,108.91,,,Super-Jupiter,<3 days
,1,7.86,178.52,,,Super-Jupiter,3-10 days
,1,3.55,310.33,,,Super-Jupiter,3-10 days
,1,9.04,140.03,,,Super-Jupiter,3-10 days
,1,40.84,864.64,,,Super-Jupiter,30-100 days
,1,73.24,2.84,,,Neptune-sized,30-100 days
,1,44.63,216.93,,,Super-Jupiter,30-100 days
,1,28.91,3.81,,,Neptune-sized,10-30 days
,1,29.91,8.15,,,Jupiter-sized,10-30 days
,1,6.16,2157.73,,,Super-Jupiter,3-10 days
,1,1.25,209.76,,,Super-Jupiter,<3 days
,1,11.89,158.38,,,Super-Jupiter,10-30 days
,1,4.26,129.78,,,Super-Jupiter,3-10 days
,1,13.85,222.28,,,Super-Jupiter,10-30 days
,1,24.59,5.59,,,Jupiter-sized,10-30 days
,1,86.13,9.26,,,Jupiter-sized,30-100 days
,1,12.93,256.78,,,Super-Jupiter,10-30 days
,1,65.76,4.07,,,Jupiter-sized,30-100 days
,1,12.54,237.81,,,Super-Jupiter,10-30 days
,1,3.31,187.25,,,Super-Jupiter,3-10 days
,1,57.85,3.05,,,Neptune-sized,30-100 days
,1,26.25,952.44,,,Super-Jupiter,10-30 days
,1,1.36,196.03,,,Super-Jupiter,<3 days
,1,43.73,7.79,,,Jupiter-sized,30-100 days
,1,7.91,877.41,,,Super-Jupiter,3-10 days
,1,5.16,144.12,,,Super-Jupiter,3-10 days
,1,12.62,177.48,,,Super-Jupiter,10-30 days
,1,32.7,9.56,,,Jupiter-sized,30-100 days
,1,13.31,206.12,,,Super-Jupiter,10-30 days
,1,10.27,237.25,,,Super-Jupiter,10-30 days
,1,6.94,217.24,,,Super-Jupiter,3-10 days
,1,13.23,235.0,,,Super-Jupiter,10-30 days
,1,58.81,6.36,,,Jupiter-sized,30-100 days
,1,3.31,119.62,,,Super-Jupiter,3-10 days
,1,2.2,1002.51,,,Super-Jupiter,<3 days
,1,12.87,232.15,,,Super-Jupiter,10-30 days
,1,4.53,92.87,,,Super-Jupiter,3-10 days
,1,9.92,135.36,,,Super-Jupiter,3-10 days
,1,13.08,2.3,,,Neptune-sized,10-30 days
,1,41.67,1040.15,,,Super-Jupiter,30-100 days
,1,57.54,9.73,,,Jupiter-sized,30-100 days
,1,16.74,1061.13,,,Super-Jupiter,10-30 days
,1,7.97,144.69,,,Super-Jupiter,3-10 days
,1,12.96,163.98,,,Super-Jupiter,10-30 days
,1,51.54,5.38,,,Jupiter-sized,30-100 days
,1,48.22,3.42,,,Neptune-sized,30-100 days
,1,46.21,7.06,,,Jupiter-sized,30-100 days
,1,27.72,3.54,,,Neptune-sized,10-30 days
,1,13.29,201.92,,,Super-Jupiter,10-30 days
,1,59.13,6.18,,,Jupiter-sized,30-100 days
,1,42.66,1358.35,,,Super-Jupiter,30-100 days
,1,10.69,3010.02,,,Super-Jupiter,10-30 days
,1,4.39,145.03,,,Super-Jupiter,3-10 days
,1,5.81,734.06,,,Super-Jupiter,3-10 days
,1,5.55,9.51,,,Jupiter-sized,3-10 days
,1,40.62,416.82,,,Super-Jupiter,30-100 days
,1,12.39,197.38,,,Super-Jupiter,10-30 days
,1,31.91,7.49,,,Jupiter-sized,30-100 days
,1,5.68,211.11,,,Super-Jupiter,3-10 days
,1,7.23,127.48,,,Super-Jupiter,3-10 days
,1,5.26,1107.88,,,Super-Jupiter,3-10 days
,1,4.65,118.98,,,Super-Jupiter,3-10 days
,1,12.14,206.4,,,Super-Jupiter,10-30 days
,1,10.91,170.82,,,Super-Jupiter,10-30 days
,1,1.61,113.98,,,Super-Jupiter,<3 days
,1,79.2,1.24,,,Earth-sized,30-100 days
,1,6.89,842.54,,,Super-Jupiter,3-10 days
,1,11.09,209.51,,,Super-Jupiter,10-30 days
,1,13.38,1.22,,,Earth-sized,10-30 days
,1,13.21,202.21,,,Super-Jupiter,10-30 days
,1,5.08,8.92,,,Jupiter-sized,3-10 days
,1,1.97,116.52,,,Super-Jupiter,<3 days
,1,3.5,125.22,,,Super-Jupiter,3-10 days
,1,14.88,9.61,,,Jupiter-sized,10-30 days
,1,8.93,1541.78,,,Super-Jupiter,3-10 days
,1,85.44,2.94,,,Neptune-sized,30-100 days
,1,7.02,4.99,,,Jupiter-sized,3-10 days
,1,16.67,3.06,,,Neptune-sized,10-30 days
,1,8.62,208.01,,,Super-Jupiter,3-10 days
,1,80.79,5.4,,,Jupiter-sized,30-100 days
,1,89.09,3.86,,,Neptune-sized,30-100 days
,1,2.81,201.36,,,Super-Jupiter,<3 days
,1,4.63,680.93,,,Super-Jupiter,3-10 days
,1,6.82,250.02,,,Super-Jupiter,3-10 days
,1,44.74,284.09,,,Super-Jupiter,30-100 days
,1,69.96,6.57,,,Jupiter-sized,30-100 days
,1,99.63,2.96,,,Neptune-sized,30-100 days
,1,74.9,1.52,,,Super-Earth,30-100 days
,1,13.9,668.4,,,Super-Jupiter,10-30 days
,1,79.13,7.99,,,Jupiter-sized,30-100 days
,1,97.02,4.55,,,Jupiter-sized,30-100 days
,1,2.81,1371.11,,,Super-Jupiter,<3 days
,1,11.04,151.84,,,Super-Jupiter,10-30 days
,1,6.39,119.92,,,Super-Jupiter,3-10 days
,1,4.51,148.01,,,Super-Jupiter,3-10 days
,1,93.8,6.38,,,Jupiter-sized,30-100 days
,1,9.68,266.07,,,Super-Jupiter,3-10 days
,1,31.39,3.78,,,Neptune-sized,30-100 days
,1,3.15,90.61,,,Super-Jupiter,3-10 days
,1,27.42,8.4,,,Jupiter-sized,10-30 days
,1,14.5,4.86,,,Jupiter-sized,10-30 days
,1,10.74,361.5,,,Super-Jupiter,10-30 days
,1,42.6,3.13,,,Neptune-sized,30-100 days
,1,40.98,3.56,,,Neptune-sized,30-100 days
,1,69.34,9.67,,,Jupiter-sized,30-100 days
,1,39.85,4.47,,,Jupiter-sized,30-100 days
,1,2.32,79.6,,,Super-Jupiter,<3 days
,1,38.08,8.09,,,Jupiter-sized,30-100 days
,1,87.84,4.59,,,Jupiter-sized,30-100 days
,1,67.45,5.68,,,Jupiter-sized,30-100 days
,1,9.47,174.51,,,Super-Jupiter,3-10 days
,1,11.91,305.83,,,Super-Jupiter,10-30 days
,1,59.04,1.98,,,Super-Earth,30-100 days
,1,12.97,210.36,,,Super-Jupiter,10-30 days
,1,43.2,6.93,,,Jupiter-sized,30-100 days
,1,14.1,890.54,,,Super-Jupiter,10-30 days
,1,41.46,210.41,,,Super-Jupiter,30-100 days
,1,33.23,3.4,,,Neptune-sized,30-100 days
,1,6.98,141.59,,,Super-Jupiter,3-10 days
,1,31.28,3.92,,,Neptune-sized,30-100 days
,1,44.93,3.06,,,Neptune-sized,30-100 days
,1,1.52,81.94,,,Super-Jupiter,<3 days
,1,2.24,254.45,,,Super-Jupiter,<3 days
,1,10.72,207.94,,,Super-Jupiter,10-30 days
,1,9.23,239.12,,,Super-Jupiter,3-10 days
,1,9.76,119.34,,,Super-Jupiter,3-10 days
,1,12.89,244.8,,,Super-Jupiter,10-30 days
,1,70.72,9.34,,,Jupiter-sized,30-100 days
,1,7.65,139.23,,,Super-Jupiter,3-10 days
,1,7.67,108.41,,,Super-Jupiter,3-10 days
,1,8.16,725.39,,,Super-Jupiter,3-10 days
,1,76.54,3.82,,,Neptune-sized,30-100 days
,1,41.55,1.13,,,Earth-sized,30-100 days
,1,1.79,190.24,,,Super-Jupiter,<3 days
,1,12.41,200.21,,,Super-Jupiter,10-30 days
,1,5.18,3123.58,,,Super-Jupiter,3-10 days
,1,39.37,3.9,,,Neptune-sized,30-100 days
,1,4.83,102.41,,,Super-Jupiter,3-10 days
,1,9.58,120.93,,,Super-Jupiter,3-10 days
,1,11.02,159.67,,,Super-Jupiter,10-30 days
,1,48.62,1.37,,,Super-Earth,30-100 days
,1,11.58,1372.45,,,Super-Jupiter,10-30 days
,1,10.18,556.05,,,Super-Jupiter,10-30 days
,1,12.46,1.61,,,Super-Earth,10-30 days
,1,66.18,9.46,,,Jupiter-sized,30-100 days
,1,70.0,7.94,,,Jupiter-sized,30-100 days
,1,10.35,337.99,,,Super-Jupiter,10-30 days
,1,9.5,182.74,,,Super-Jupiter,3-10 days
,1,16.42,379.95,,,Super-Jupiter,10-30 days
,1,98.58,4.8,,,Jupiter-sized,30-100 days
,1,11.39,270.28,,,Super-Jupiter,10-30 days
,1,3.21,118.31,,,Super-Jupiter,3-10 days
,1,3.5,187.74,,,Super-Jupiter,3-10 days
,1,34.26,500.85,,,Super-Jupiter,30-100 days
,1,2.0,5.74,,,Jupiter-sized,<3 days
,1,11.21,326.54,,,Super-Jupiter,10-30 days
,1,12.8,339.76,,,Super-Jupiter,10-30 days
,1,92.39,6.8,,,Jupiter-sized,30-100 days
,1,38.41,471.13,,,Super-Jupiter,30-100 days
,1,12.87,472.26,,,Super-Jupiter,10-30 days
,1,2.14,98.09,,,Super-Jupiter,<3 days
,1,68.16,2.67,,,Neptune-sized,30-100 days
,1,36.22,4.17,,,Jupiter-sized,30-100 days
,1,8.07,168.66,,,Super-Jupiter,3-10 days
,1,11.69,144.69,,,Super-Jupiter,10-30 days
,1,4.45,110.25,,,Super-Jupiter,3-10 days
,1,3.49,95.07,,,Super-Jupiter,3-10 days
,1,52.0,9.39,,,Jupiter-sized,30-100 days
,1,42.92,639.04,,,Super-Jupiter,30-100 days
,1,56.47,2.7,,,Neptune-sized,30-100 days
,1,37.36,2.05,,,Neptune-sized,30-100 days
,1,6.92,93.05,,,Super-Jupiter,3-10 days
,1,36.88,7.05,,,Jupiter-sized,30-100 days
,1,24.55,301.61,,,Super-Jupiter,10-30 days
,1,9.53,173.4,,,Super-Jupiter,3-10 days
,1,70.29,1.0,,,Earth-sized,30-100 days
,1,2.47,1284.34,,,Super-Jupiter,<3 days
,1,28.03,1.6,,,Super-Earth,10-30 days
,1,36.48,391.32,,,Super-Jupiter,30-100 days
,1,13.11,476.8,,,Super-Jupiter,10-30 days
,1,77.69,7.33,,,Jupiter-sized,30-100 days
,1,11.77,453.48,,,Super-Jupiter,10-30 days
,1,8.14,105.97,,,Super-Jupiter,3-10 days
,1,12.87,145.07,,,Super-Jupiter,10-30 days
,1,4.14,111.11,,,Super-Jupiter,3-10 days
,1,44.43,5.01,,,Jupiter-sized,30-100 days
,1,35.0,608.32,,,Super-Jupiter,30-100 days
,1,8.76,295.76,,,Super-Jupiter,3-10 days
,1,27.85,1432.08,,,Super-Jupiter,10-30 days
,1,4.61,111.05,,,Super-Jupiter,3-10 days
,1,2.04,162.62,,,Super-Jupiter,<3 days
,1,69.32,2.45,,,Neptune-sized,30-100 days
,1,13.31,779.09,,,Super-Jupiter,10-30 days
,1,67.13,7.42,,,Jupiter-sized,30-100 days
,1,95.84,4.83,,,Jupiter-sized,30-100 days
,1,6.83,96.83,,,Super-Jupiter,3-10 days
,1,59.08,1.1,,,Earth-sized,30-100 days
,1,2.64,129.11,,,Super-Jupiter,<3 days
,1,44.42,9.14,,,Jupiter-sized,30-100 days
,1,15.7,375.55,,,Super-Jupiter,10-30 days
,1,9.36,143.77,,,Super-Jupiter,3-10 days
,1,12.63,192.18,,,Super-Jupiter,10-30 days
,1,59.59,1.5,,,Super-Earth,30-100 days
,1,45.95,2.82,,,Neptune-sized,30-100 days
,1,2.01,111.92,,,Super-Jupiter,<3 days
,1,4.24,99.23,,,Super-Jupiter,3-10 days
,1,12.82,136.94,,,Super-Jupiter,10-30 days
,1,26.14,9.75,,,Jupiter-sized,10-30 days
,1,60.82,5.9,,,Jupiter-sized,30-100 days
,1,2.27,122.18,,,Super-Jupiter,<3 days
,1,34.55,2.83,,,Neptune-sized,30-100 days
,1,30.93,310.16,,,Super-Jupiter,30-100 days
,1,32.52,1.3,,,Super-Earth,30-100 days
,1,5.78,2390.93,,,Super-Jupiter,3-10 days
,1,13.07,1272.14,,,Super-Jupiter,10-30 days
,1,31.22,557.41,,,Super-Jupiter,30-100 days
,1,3.69,130.99,,,Super-Jupiter,3-10 days
,1,90.08,9.48,,,Jupiter-sized,30-100 days
,1,45.73,2.95,,,Neptune-sized,30-100 days
,1,31.02,290.15,,,Super-Jupiter,30-100 days
,1,6.9,207.81,,,Super-Jupiter,3-10 days
,1,2.17,537.89,,,Super-Jupiter,<3 days
,1,90.22,4.47,,,Jupiter-sized,30-100 days
,1,24.46,8.16,,,Jupiter-sized,10-30 days
,1,7.64,1281.55,,,Super-Jupiter,3-10 days
,1,9.76,162.11,,,Super-Jupiter,3-10 days
,1,64.14,3.12,,,Neptune-sized,30-100 days
,1,13.31,206.96,,,Super-Jupiter,10-30 days
,1,8.7,5.42,,,Jupiter-sized,3-10 days
,1,62.17,4.22,,,Jupiter-sized,30-100 days
,1,88.73,1.18,,,Earth-sized,30-100 days
,1,12.5,2063.61,,,Super-Jupiter,10-30 days
,1,6.81,427.55,,,Super-Jupiter,3-10 days
,1,3.59,83.78,,,Super-Jupiter,3-10 days
,1,11.48,207.98,,,Super-Jupiter,10-30 days
,1,6.52,175.09,,,Super-Jupiter,3-10 days
,1,9.17,182.54,,,Super-Jupiter,3-10 days
,1,81.38,7.37,,,Jupiter-sized,30-100 days
,1,70.71,3.43,,,Neptune-sized,30-100 days
,1,36.58,278.4,,,Super-Jupiter,30-100 days
,1,2.86,131.62,,,Super-Jupiter,<3 days
,1,10.72,455.38,,,Super-Jupiter,10-30 days
,1,22.43,7.43,,,Jupiter-sized,10-30 days
,1,32.08,9.09,,,Jupiter-sized,30-100 days
,1,10.71,250.41,,,Super-Jupiter,10-30 days
,1,40.62,4.34,,,Jupiter-sized,30-100 days
,1,10.42,154.12,,,Super-Jupiter,10-30 days
,1,64.96,4.29,,,Jupiter-sized,30-100 days
,1,19.66,939.31,,,Super-Jupiter,10-30 days
,1,11.76,1.1,,,Earth-sized,10-30 days
,1,7.74,173.94,,,Super-Jupiter,3-10 days
,1,71.17,9.89,,,Jupiter-sized,30-100 days
,1,82.33,4.44,,,Jupiter-sized,30-100 days
,1,9.59,1753.39,,,Super-Jupiter,3-10 days
,1,10.79,8.07,,,Jupiter-sized,10-30 days
,1,41.76,1135.13,,,Super-Jupiter,30-100 days
,1,23.19,1.39,,,Super-Earth,10-30 days
,1,54.89,4.68,,,Jupiter-sized,30-100 days
,1,13.14,410.56,,,Super-Jupiter,10-30 days
,1,86.65,7.93,,,Jupiter-sized,30-100 days
,1,5.68,243.2,,,Super-Jupiter,3-10 days
,1,31.91,963.98,,,Super-Jupiter,30-100 days
,1,22.33,8.0,,,Jupiter-sized,10-30 days
,1,63.47,2.73,,,Neptune-sized,30-100 days
,1,31.64,198.32,,,Super-Jupiter,30-100 days
,1,70.11,1.27,,,Super-Earth,30-100 days
,1,94.21,7.16,,,Jupiter-sized,30-100 days
,1,99.17,6.3,,,Jupiter-sized,30-100 days
,1,77.54,6.7,,,Jupiter-sized,30-100 days
,1,21.97,8.29,,,Jupiter-sized,10-30 days
,1,90.0,5.54,,,Jupiter-sized,30-100 days
,1,1.47,72.33,,,Super-Jupiter,<3 days
,1,26.27,1163.73,,,Super-Jupiter,10-30 days
,1,38.44,9.43,,,Jupiter-sized,30-100 days
,1,5.46,492.67,,,Super-Jupiter,3-10 days
,1,4.44,110.81,,,Super-Jupiter,3-10 days
,1,3.05,151.87,,,Super-Jupiter,3-10 days
,1,5.74,201.95,,,Super-Jupiter,3-10 days
,1,2.47,4.08,,,Jupiter-sized,<3 days
,1,38.81,633.07,,,Super-Jupiter,30-100 days
,1,10.58,115.58,,,Super-Jupiter,10-30 days
,1,55.41,1.3,,,Super-Earth,30-100 days
,1,30.88,7.97,,,Jupiter-sized,30-100 days
,1,35.03,682.69,,,Super-Jupiter,30-100 days
,1,9.88,2325.69,,,Super-Jupiter,3-10 days
,1,1.62,576.99,,,Super-Jupiter,<3 days
,1,10.0,170.53,,,Super-Jupiter,3-10 days
,1,5.78,2365.77,,,Super-Jupiter,3-10 days
,1,11.2,4.05,,,Jupiter-sized,10-30 days
,1,3.31,153.37,,,Super-Jupiter,3-10 days
,1,13.39,202.62,,,Super-Jupiter,10-30 days
,1,4.62,122.87,,,Super-Jupiter,3-10 days
,1,8.94,326.06,,,Super-Jupiter,3-10 days
,1,10.84,9.04,,,Jupiter-sized,10-30 days
,1,88.28,9.67,,,Jupiter-sized,30-100 days
,1,6.49,107.1,,,Super-Jupiter,3-10 days
,1,9.15,149.96,,,Super-Jupiter,3-10 days
,1,10.75,212.75,,,Super-Jupiter,10-30 days
,1,7.94,132.1,,,Super-Jupiter,3-10 days
,1,75.03,1.86,,,Super-Earth,30-100 days
,1,91.75,4.73,,,Jupiter-sized,30-100 days
,1,2.87,173.75,,,Super-Jupiter,<3 days
,1,72.83,4.33,,,Jupiter-sized,30-100 days
,1,2.83,237.82,,,Super-Jupiter,<3 days
,1,13.1,3381.28,,,Super-Jupiter,10-30 days
,1,16.81,5.45,,,Jupiter-sized,10-30 days
,1,12.38,153.25,,,Super-Jupiter,10-30 days
,1,11.21,240.3,,,Super-Jupiter,10-30 days
,1,1.74,81.7,,,Super-Jupiter,<3 days
,1,61.09,5.59,,,Jupiter-sized,30-100 days
,1,16.75,7.23,,,Jupiter-sized,10-30 days
,1,2.72,157.87,,,Super-Jupiter,<3 days
,1,77.79,3.85,,,Neptune-sized,30-100 days
,1,10.74,253.91,,,Super-Jupiter,10-30 days
,1,5.3,223.28,,,Super-Jupiter,3-10 days
,1,9.02,290.01,,,Super-Jupiter,3-10 days
,1,11.28,142.83,,,Super-Jupiter,10-30 days
,1,91.06,1.49,,,Super-Earth,30-100 days
,1,88.53,7.88,,,Jupiter-sized,30-100 days
,1,24.93,9.99,,,Jupiter-sized,10-30 days
,1,98.19,7.88,,,Jupiter-sized,30-100 days
,1,9.37,309.31,,,Super-Jupiter,3-10 days
,1,88.37,1.33,,,Super-Earth,30-100 days
,1,12.84,539.61,,,Super-Jupiter,10-30 days
,1,2.85,112.42,,,Super-Jupiter,<3 days
,1,67.7,2.18,,,Neptune-sized,30-100 days
,1,3.5,117.32,,,Super-Jupiter,3-10 days
,1,13.22,272.34,,,Super-Jupiter,10-30 days
,1,7.9,141.83,,,Super-Jupiter,3-10 days
,1,26.94,1.53,,,Super-Earth,10-30 days
,1,5.99,1.41,,,Super-Earth,3-10 days
,1,13.29,203.08,,,Super-Jupiter,10-30 days
,1,6.15,109.08,,,Super-Jupiter,3-10 days
,1,9.9,142.04,,,Super-Jupiter,3-10 days
,1,11.55,244.48,,,Super-Jupiter,10-30 days
,1,9.5,182.74,,,Super-Jupiter,3-10 days
,1,49.64,5.56,,,Jupiter-sized,30-100 days
,1,36.06,3.55,,,Neptune-sized,30-100 days
,1,75.64,7.57,,,Jupiter-sized,30-100 days
,1,51.77,7.22,,,Jupiter-sized,30-100 days
,1,12.74,272.09,,,Super-Jupiter,10-30 days
,1,15.18,2754.66,,,Super-Jupiter,10-30 days
,1,2.7,203.23,,,Super-Jupiter,<3 days
,1,4.29,90.03,,,Super-Jupiter,3-10 days
,1,1.78,149.35,,,Super-Jupiter,<3 days
,1,56.75,1.28,,,Super-Earth,30-100 days
,1,1.72,261.83,,,Super-Jupiter,<3 days
,1,37.53,644.2,,,Super-Jupiter,30-100 days
,1,5.14,151.42,,,Super-Jupiter,3-10 days
,1,73.58,8.67,,,Jupiter-sized,30-100 days
,1,39.25,302.52,,,Super-Jupiter,30-100 days
,1,24.78,356.96,,,Super-Jupiter,10-30 days
,1,42.7,3.34,,,Neptune-sized,30-100 days
,1,16.39,271.25,,,Super-Jupiter,10-30 days
,1,31.56,361.47,,,Super-Jupiter,30-100 days
,1,3.96,441.16,,,Super-Jupiter,3-10 days
,1,8.94,282.51,,,Super-Jupiter,3-10 days
,1,8.23,217.21,,,Super-Jupiter,3-10 days
,1,9.59,274.42,,,Super-Jupiter,3-10 days
,1,66.28,8.03,,,Jupiter-sized,30-100 days
,1,3.82,136.11,,,Super-Jupiter,3-10 days
,1,2.86,100.77,,,Super-Jupiter,<3 days
,1,5.02,185.73,,,Super-Jupiter,3-10 days
,1,42.46,2.54,,,Neptune-sized,30-100 days
,1,10.53,6.17,,,Jupiter-sized,10-30 days
,1,9.41,613.51,,,Super-Jupiter,3-10 days
,1,10.47,3.73,,,Neptune-sized,10-30 days
,1,6.19,116.77,,,Super-Jupiter,3-10 days
,1,3.42,151.61,,,Super-Jupiter,3-10 days
,1,31.79,8.69,,,Jupiter-sized,30-100 days
,1,2.86,161.62,,,Super-Jupiter,<3 days
,1,6.94,232.68,,,Super-Jupiter,3-10 days
,1,11.52,1487.37,,,Super-Jupiter,10-30 days
,1,13.66,229.06,,,Super-Jupiter,10-30 days
,1,24.32,339.76,,,Super-Jupiter,10-30 days
,1,6.27,163.47,,,Super-Jupiter,3-10 days
,1,25.7,2.14,,,Neptune-sized,10-30 days
,1,29.39,256.28,,,Super-Jupiter,10-30 days
,1,10.07,147.09,,,Super-Jupiter,10-30 days
,1,13.62,1662.89,,,Super-Jupiter,10-30 days
,1,3.23,202.82,,,Super-Jupiter,3-10 days
,1,2.59,446.14,,,Super-Jupiter,<3 days
,1,74.63,7.27,,,Jupiter-sized,30-100 days
,1,65.75,8.15,,,Jupiter-sized,30-100 days
,1,12.31,209.86,,,Super-Jupiter,10-30 days
,1,7.83,318.45,,,Super-Jupiter,3-10 days
,1,51.37,4.67,,,Jupiter-sized,30-100 days
,1,17.83,1994.65,,,Super-Jupiter,10-30 days
,1,3.44,92.12,,,Super-Jupiter,3-10 days
,1,1.49,1740.82,,,Super-Jupiter,<3 days
,1,10.2,5.03,,,Jupiter-sized,10-30 days
,1,10.42,4523.25,,,Super-Jupiter,10-30 days
,1,12.77,783.75,,,Super-Jupiter,10-30 days
,1,14.32,320.43,,,Super-Jupiter,10-30 days
,1,5.5,199.59,,,Super-Jupiter,3-10 days
,1,10.53,903.75,,,Super-Jupiter,10-30 days
,1,76.42,5.2,,,Jupiter-sized,30-100 days
,1,19.12,295.39,,,Super-Jupiter,10-30 days
,1,13.11,178.69,,,Super-Jupiter,10-30 days
,1,1.66,62.16,,,Super-Jupiter,<3 days
,1,2.31,170.16,,,Super-Jupiter,<3 days
,1,7.24,165.25,,,Super-Jupiter,3-10 days
,1,19.51,249.83,,,Super-Jupiter,10-30 days
,1,60.85,4.81,,,Jupiter-sized,30-100 days
,1,5.1,121.73,,,Super-Jupiter,3-10 days
,1,6.51,128.13,,,Super-Jupiter,3-10 days
,1,12.46,275.57,,,Super-Jupiter,10-30 days
,1,8.77,528.68,,,Super-Jupiter,3-10 days
,1,41.09,626.52,,,Super-Jupiter,30-100 days
,1,89.92,5.21,,,Jupiter-sized,30-100 days
,1,11.33,147.32,,,Super-Jupiter,10-30 days
,1,2.84,174.46,,,Super-Jupiter,<3 days
,1,16.14,7.64,,,Jupiter-sized,10-30 days
,1,2.14,98.09,,,Super-Jupiter,<3 days
,1,51.39,2.56,,,Neptune-sized,30-100 days
,1,4.77,610.86,,,Super-Jupiter,3-10 days
,1,1.38,92.3,,,Super-Jupiter,<3 days
,1,1.49,2151.38,,,Super-Jupiter,<3 days
,1,5.51,498.81,,,Super-Jupiter,3-10 days
,1,57.41,4.54,,,Jupiter-sized,30-100 days
,1,50.46,8.81,,,Jupiter-sized,30-100 days
,1,1.35,56.96,,,Super-Jupiter,<3 days
,1,39.78,315.77,,,Super-Jupiter,30-100 days
,1,9.38,216.88,,,Super-Jupiter,3-10 days
,1,68.59,2.75,,,Neptune-sized,30-100 days
,1,99.16,4.77,,,Jupiter-sized,30-100 days
,1,10.19,123.06,,,Super-Jupiter,10-30 days
,1,7.52,181.53,,,Super-Jupiter,3-10 days
,1,89.97,2.99,,,Neptune-sized,30-100 days
,1,1.33,64.63,,,Super-Jupiter,<3 days
,1,26.64,2.93,,,Neptune-sized,10-30 days
,1,59.92,7.5,,,Jupiter-sized,30-100 days
,1,10.08,449.99,,,Super-Jupiter,10-30 days
,1,1.49,532.9,,,Super-Jupiter,<3 days
,1,12.86,1385.37,,,Super-Jupiter,10-30 days
,1,10.17,155.34,,,Super-Jupiter,10-30 days
,1,4.66,183.24,,,Super-Jupiter,3-10 days
,1,3.44,155.25,,,Super-Jupiter,3-10 days
,1,3.59,163.62,,,Super-Jupiter,3-10 days
,1,26.49,183.48,,,Super-Jupiter,10-30 days
,1,8.27,173.35,,,Super-Jupiter,3-10 days
,1,61.06,1.7,,,Super-Earth,30-100 days
,1,7.45,4618.51,,,Super-Jupiter,3-10 days
,1,3.54,93.92,,,Super-Jupiter,3-10 days
,1,46.91,4.74,,,Jupiter-sized,30-100 days
,1,93.43,1.14,,,Earth-sized,30-100 days
,1,10.75,308.52,,,Super-Jupiter,10-30 days
,1,2.51,1153.26,,,Super-Jupiter,<3 days
,1,4.59,180.71,,,Super-Jupiter,3-10 days
,1,72.27,9.24,,,Jupiter-sized,30-100 days
,1,58.94,5.93,,,Jupiter-sized,30-100 days
,1,14.55,323.2,,,Super-Jupiter,10-30 days
,1,8.77,146.77,,,Super-Jupiter,3-10 days
,1,13.06,118.85,,,Super-Jupiter,10-30 days
,1,94.94,4.76,,,Jupiter-sized,30-100 days
,1,20.74,310.9,,,Super-Jupiter,10-30 days
,1,72.63,7.7,,,Jupiter-sized,30-100 days
,1,1.83,109.44,,,Super-Jupiter,<3 days
,1,83.21,4.7,,,Jupiter-sized,30-100 days
,1,4.9,223.87,,,Super-Jupiter,3-10 days
,1,63.76,6.1,,,Jupiter-sized,30-100 days
,1,9.59,2.77,,,Neptune-sized,3-10 days
,1,71.06,4.24,,,Jupiter-sized,30-100 days
,1,89.84,1.56,,,Super-Earth,30-100 days
,1,33.35,5.4,,,Jupiter-sized,30-100 days
,1,65.18,2.04,,,Neptune-sized,30-100 days
,1,1.72,160.74,,,Super-Jupiter,<3 days
,1,3.91,243.55,,,Super-Jupiter,3-10 days
,1,2.86,93.19,,,Super-Jupiter,<3 days
,1,16.65,5.7,,,Jupiter-sized,10-30 days
,1,38.36,7.78,,,Jupiter-sized,30-100 days
,1,29.03,4.28,,,Jupiter-sized,10-30 days
,1,5.27,152.74,,,Super-Jupiter,3-10 days
,1,10.61,124.01,,,Super-Jupiter,10-30 days
,1,91.21,7.17,,,Jupiter-sized,30-100 days
,1,4.92,147.5,,,Super-Jupiter,3-10 days
,1,84.7,6.86,,,Jupiter-sized,30-100 days
,1,62.84,3.02,,,Neptune-sized,30-100 days
,1,7.26,757.88,,,Super-Jupiter,3-10 days
,1,1.41,61.5,,,Super-Jupiter,<3 days
,1,86.92,6.1,,,Jupiter-sized,30-100 days
,1,84.34,4.64,,,Jupiter-sized,30-100 days
,1,10.48,717.64,,,Super-Jupiter,10-30 days
,1,2.41,106.34,,,Super-Jupiter,<3 days
,1,48.08,4.67,,,Jupiter-sized,30-100 days
,1,13.36,192.69,,,Super-Jupiter,10-30 days
,1,41.66,7.0,,,Jupiter-sized,30-100 days
,1,11.32,206.61,,,Super-Jupiter,10-30 days
,1,13.26,227.38,,,Super-Jupiter,10-30 days
,1,48.49,378.22,,,Super-Jupiter,30-100 days
,1,7.56,96.56,,,Super-Jupiter,3-10 days
,1,77.18,4.84,,,Jupiter-sized,30-100 days
,1,36.18,9.5,,,Jupiter-sized,30-100 days
,1,23.86,5.72,,,Jupiter-sized,10-30 days
,1,16.56,356.47,,,Super-Jupiter,10-30 days
,1,25.95,1.01,,,Earth-sized,10-30 days
,1,1.6,171.04,,,Super-Jupiter,<3 days
,1,27.98,301.34,,,Super-Jupiter,10-30 days
,1,18.33,7.38,,,Jupiter-sized,10-30 days
,1,8.6,241.51,,,Super-Jupiter,3-10 days
,1,6.07,198.98,,,Super-Jupiter,3-10 days
,1,11.53,126.92,,,Super-Jupiter,10-30 days
,1,11.27,860.21,,,Super-Jupiter,10-30 days
,1,8.51,9.67,,,Jupiter-sized,3-10 days
,1,5.04,4.71,,,Jupiter-sized,3-10 days
,1,22.81,9.11,,,Jupiter-sized,10-30 days
,1,55.11,1.41,,,Super-Earth,30-100 days
,1,10.11,168.18,,,Super-Jupiter,10-30 days
,1,42.73,1.12,,,Earth-sized,30-100 days
,1,69.55,6.11,,,Jupiter-sized,30-100 days
,1,34.3,8.63,,,Jupiter-sized,30-100 days
,1,9.15,233.0,,,Super-Jupiter,3-10 days
,1,21.9,7.5,,,Jupiter-sized,10-30 days
,1,1.36,97.5,,,Super-Jupiter,<3 days
,1,10.87,151.53,,,Super-Jupiter,10-30 days
,1,44.41,5.77,,,Jupiter-sized,30-100 days
,1,5.22,2.38,,,Neptune-sized,3-10 days
,1,82.37,4.9,,,Jupiter-sized,30-100 days
,1,47.86,6.5,,,Jupiter-sized,30-100 days
,1,9.29,331.77,,,Super-Jupiter,3-10 days
,1,11.53,145.69,,,Super-Jupiter,10-30 days
,1,2.12,7385.82,,,Super-Jupiter,<3 days
,1,6.52,131.55,,,Super-Jupiter,3-10 days
,1,13.53,429.71,,,Super-Jupiter,10-30 days
,1,6.24,346.94,,,Super-Jupiter,3-10 days
,1,29.4,3.9,,,Neptune-sized,10-30 days
,1,8.47,153.97,,,Super-Jupiter,3-10 days
,1,13.12,267.55,,,Super-Jupiter,10-30 days
,1,40.28,242.73,,,Super-Jupiter,30-100 days
,1,12.93,299.26,,,Super-Jupiter,10-30 days
,1,12.12,149.49,,,Super-Jupiter,10-30 days
,1,32.69,2454.42,,,Super-Jupiter,30-100 days
,1,9.38,9.63,,,Jupiter-sized,3-10 days
,1,44.24,4.02,,,Jupiter-sized,30-100 days
,1,11.25,166.74,,,Super-Jupiter,10-30 days
,1,90.99,7.85,,,Jupiter-sized,30-100 days
,1,47.64,8.6,,,Jupiter-sized,30-100 days
,1,2.05,1079.28,,,Super-Jupiter,<3 days
,1,1.52,101.94,,,Super-Jupiter,<3 days
,1,11.39,190.79,,,Super-Jupiter,10-30 days
,1,12.38,153.25,,,Super-Jupiter,10-30 days
,1,12.93,208.52,,,Super-Jupiter,10-30 days
,1,47.83,7.6,,,Jupiter-sized,30-100 days
,1,4.05,126.34,,,Super-Jupiter,3-10 days
,1,1.37,89.78,,,Super-Jupiter,<3 days
,1,9.99,554.46,,,Super-Jupiter,3-10 days
,1,2.02,123.99,,,Super-Jupiter,<3 days
,1,36.57,1154.68,,,Super-Jupiter,30-100 days
,1,30.76,448.19,,,Super-Jupiter,30-100 days
,1,38.09,6.96,,,Jupiter-sized,30-100 days
,1,6.88,320.81,,,Super-Jupiter,3-10 days
,1,9.22,176.72,,,Super-Jupiter,3-10 days
,1,1.21,4209.78,,,Super-Jupiter,<3 days
,1,64.45,7.29,,,Jupiter-sized,30-100 days
,1,89.65,1.7,,,Super-Earth,30-100 days
,1,15.46,1053.3,,,Super-Jupiter,10-30 days
,1,6.25,155.41,,,Super-Jupiter,3-10 days
,1,7.24,198.09,,,Super-Jupiter,3-10 days
,1,6.2,2.41,,,Neptune-sized,3-10 days
,1,9.25,4.17,,,Jupiter-sized,3-10 days
,1,71.0,2.69,,,Neptune-sized,30-100 days
,1,92.45,3.27,,,Neptune-sized,30-100 days
,1,60.09,1.43,,,Super-Earth,30-100 days
,1,12.75,175.22,,,Super-Jupiter,10-30 days
,1,81.22,7.67,,,Jupiter-sized,30-100 days
,1,7.47,125.17,,,Super-Jupiter,3-10 days
,1,2.5,1109.2,,,Super-Jupiter,<3 days
,1,7.2,157.17,,,Super-Jupiter,3-10 days
,1,32.82,3.29,,,Neptune-sized,30-100 days
,1,9.37,224.17,,,Super-Jupiter,3-10 days
,1,6.87,152.7,,,Super-Jupiter,3-10 days
,1,7.84,3.72,,,Neptune-sized,3-10 days
,1,91.1,3.46,,,Neptune-sized,30-100 days
,1,9.73,148.1,,,Super-Jupiter,3-10 days
,1,39.62,390.19,,,Super-Jupiter,30-100 days
,1,13.19,171.67,,,Super-Jupiter,10-30 days
,1,16.55,355.1,,,Super-Jupiter,10-30 days
,1,1.48,58.38,,,Super-Jupiter,<3 days
,1,13.76,227.22,,,Super-Jupiter,10-30 days
,1,10.67,5.45,,,Jupiter-sized,10-30 days
,1,1.44,108.67,,,Super-Jupiter,<3 days
,1,47.29,9.23,,,Jupiter-sized,30-100 days
,1,5.49,119.47,,,Super-Jupiter,3-10 days
,1,13.84,3.61,,,Neptune-sized,10-30 days
,1,8.29,403.45,,,Super-Jupiter,3-10 days
,1,41.76,1140.47,,,Super-Jupiter,30-100 days
,1,74.03,2.44,,,Neptune-sized,30-100 days
,1,44.88,1.36,,,Super-Earth,30-100 days
,1,14.19,635.3,,,Super-Jupiter,10-30 days
,1,39.06,1073.49,,,Super-Jupiter,30-100 days
,1,6.54,144.78,,,Super-Jupiter,3-10 days
,1,2.71,112.14,,,Super-Jupiter,<3 days
,1,67.41,6.56,,,Jupiter-sized,30-100 days
,1,4.98,150.76,,,Super-Jupiter,3-10 days
,1,20.84,6.88,,,Jupiter-sized,10-30 days
,1,11.5,1053.58,,,Super-Jupiter,10-30 days
,1,1.37,81.87,,,Super-Jupiter,<3 days
,1,98.86,3.32,,,Neptune-sized,30-100 days
,1,32.97,7.63,,,Jupiter-sized,30-100 days
,1,9.25,147.25,,,Super-Jupiter,3-10 days
,1,93.7,3.38,,,Neptune-sized,30-100 days
,1,10.85,133.93,,,Super-Jupiter,10-30 days
,1,25.11,1.04,,,Earth-sized,10-30 days
,1,77.99,9.02,,,Jupiter-sized,30-100 days
,1,8.14,261.04,,,Super-Jupiter,3-10 days
,1,10.43,112.02,,,Super-Jupiter,10-30 days
,1,7.98,244.42,,,Super-Jupiter,3-10 days
,1,70.93,3.14,,,Neptune-sized,30-100 days
,1,5.86,472.97,,,Super-Jupiter,3-10 days
,1,15.01,5.78,,,Jupiter-sized,10-30 days
,1,9.4,144.68,,,Super-Jupiter,3-10 days
,1,39.83,9.17,,,Jupiter-sized,30-100 days
,1,33.29,9.35,,,Jupiter-sized,30-100 days
,1,31.85,1.02,,,Earth-sized,30-100 days
,1,75.23,9.36,,,Jupiter-sized,30-100 days
,1,10.12,387.97,,,Super-Jupiter,10-30 days
,1,3.16,171.25,,,Super-Jupiter,3-10 days
,1,13.6,142.43,,,Super-Jupiter,10-30 days
,1,9.82,9.96,,,Jupiter-sized,3-10 days
,1,6.6,1.38,,,Super-Earth,3-10 days
,1,2.57,114.94,,,Super-Jupiter,<3 days
,1,11.21,152.68,,,Super-Jupiter,10-30 days
,1,11.89,525.21,,,Super-Jupiter,10-30 days
,1,78.11,3.9,,,Neptune-sized,30-100 days
,1,60.72,6.35,,,Jupiter-sized,30-100 days
,1,10.65,266.92,,,Super-Jupiter,10-30 days
,1,2.9,153.99,,,Super-Jupiter,<3 days
,1,4.26,129.78,,,Super-Jupiter,3-10 days
,1,1.25,70.02,,,Super-Jupiter,<3 days
,1,4.93,115.42,,,Super-Jupiter,3-10 days
,1,7.47,189.02,,,Super-Jupiter,3-10 days
,1,9.58,107.02,,,Super-Jupiter,3-10 days
,1,88.01,6.8,,,Jupiter-sized,30-100 days
,1,11.5,2.55,,,Neptune-sized,10-30 days
,1,82.28,9.54,,,Jupiter-sized,30-100 days
,1,7.17,138.64,,,Super-Jupiter,3-10 days
,1,2.0,105.02,,,Super-Jupiter,<3 days
,1,45.41,7.0,,,Jupiter-sized,30-100 days
,1,1.27,221.14,,,Super-Jupiter,<3 days
,1,10.72,442.4,,,Super-Jupiter,10-30 days
,1,58.15,4.16,,,Jupiter-sized,30-100 days
,1,35.74,7.74,,,Jupiter-sized,30-100 days
,1,1.05,5.38,,,Jupiter-sized,<3 days
,1,38.55,4.34,,,Jupiter-sized,30-100 days
,1,1.96,341.12,,,Super-Jupiter,<3 days
,1,86.87,1.52,,,Super-Earth,30-100 days
,1,62.1,1.83,,,Super-Earth,30-100 days
,1,5.39,1985.36,,,Super-Jupiter,3-10 days
,1,95.41,4.55,,,Jupiter-sized,30-100 days
,1,84.53,3.72,,,Neptune-sized,30-100 days
,1,12.74,191.04,,,Super-Jupiter,10-30 days
,1,29.99,1.17,,,Earth-sized,10-30 days
,1,44.76,746.59,,,Super-Jupiter,30-100 days
,1,46.37,6.41,,,Jupiter-sized,30-100 days
,1,9.99,109.33,,,Super-Jupiter,3-10 days
,1,95.05,3.37,,,Neptune-sized,30-100 days
,1,7.34,172.91,,,Super-Jupiter,3-10 days
,1,23.07,5.55,,,Jupiter-sized,10-30 days
,1,1.72,198.35,,,Super-Jupiter,<3 days
,1,70.9,8.08,,,Jupiter-sized,30-100 days
,1,7.38,123.81,,,Super-Jupiter,3-10 days
,1,93.55,3.8,,,Neptune-sized,30-100 days
,1,3.01,1176.04,,,Super-Jupiter,3-10 days
,1,12.87,174.0,,,Super-Jupiter,10-30 days
,1,7.6,173.65,,,Super-Jupiter,3-10 days
,1,41.08,8.72,,,Jupiter-sized,30-100 days
,1,5.75,86.36,,,Super-Jupiter,3-10 days
,1,13.1,968.48,,,Super-Jupiter,10-30 days
,1,32.99,735.93,,,Super-Jupiter,30-100 days
,1,12.7,400.43,,,Super-Jupiter,10-30 days
,1,85.92,3.34,,,Neptune-sized,30-100 days
,1,88.76,8.34,,,Jupiter-sized,30-100 days
,1,22.84,334.26,,,Super-Jupiter,10-30 days
,1,2.28,147.39,,,Super-Jupiter,<3 days
,1,30.06,5.74,,,Jupiter-sized,30-100 days
,1,11.83,235.17,,,Super-Jupiter,10-30 days
,1,9.38,415.54,,,Super-Jupiter,3-10 days
,1,11.01,713.56,,,Super-Jupiter,10-30 days
,1,6.9,144.61,,,Super-Jupiter,3-10 days
,1,11.38,7.17,,,Jupiter-sized,10-30 days
,1,2.1,116.48,,,Super-Jupiter,<3 days
,1,6.67,235.85,,,Super-Jupiter,3-10 days
,1,33.86,927.05,,,Super-Jupiter,30-100 days
,1,9.52,162.14,,,Super-Jupiter,3-10 days
,1,56.9,9.07,,,Jupiter-sized,30-100 days
,1,4.67,141.63,,,Super-Jupiter,3-10 days
,1,12.95,3.61,,,Neptune-sized,10-30 days
,1,44.98,2.97,,,Neptune-sized,30-100 days
,1,12.79,5.61,,,Jupiter-sized,10-30 days
,1,6.67,8.03,,,Jupiter-sized,3-10 days
,1,32.72,4.63,,,Jupiter-sized,30-100 days
,1,5.6,187.21,,,Super-Jupiter,3-10 days
,1,35.71,2.84,,,Neptune-sized,30-100 days
,1,1.57,87.84,,,Super-Jupiter,<3 days
,1,37.05,4.93,,,Jupiter-sized,30-100 days
,1,5.06,115.79,,,Super-Jupiter,3-10 days
,1,18.33,1857.25,,,Super-Jupiter,10-30 days
,1,92.75,3.48,,,Neptune-sized,30-100 days
,1,12.84,180.79,,,Super-Jupiter,10-30 days
,1,12.8,162.09,,,Super-Jupiter,10-30 days
,1,60.63,2.97,,,Neptune-sized,30-100 days
,1,4.73,86.98,,,Super-Jupiter,3-10 days
,1,18.18,306.84,,,Super-Jupiter,10-30 days
,1,6.84,137.65,,,Super-Jupiter,3-10 days
,1,20.91,3.75,,,Neptune-sized,10-30 days
,1,59.81,4.23,,,Jupiter-sized,30-100 days
,1,7.07,182.58,,,Super-Jupiter,3-10 days
,1,87.76,1.4,,,Super-Earth,30-100 days
,1,10.26,96.03,,,Super-Jupiter,10-30 days
,1,10.4,125.51,,,Super-Jupiter,10-30 days
,1,11.19,128.08,,,Super-Jupiter,10-30 days
,1,11.08,213.76,,,Super-Jupiter,10-30 days
,1,93.95,6.86,,,Jupiter-sized,30-100 days
,1,7.19,577.84,,,Super-Jupiter,3-10 days
,1,12.5,177.6,,,Super-Jupiter,10-30 days
,1,8.01,150.69,,,Super-Jupiter,3-10 days
,1,40.74,2.38,,,Neptune-sized,30-100 days
,1,1.21,90.65,,,Super-Jupiter,<3 days
,1,1.47,140.48,,,Super-Jupiter,<3 days
,1,6.96,122.14,,,Super-Jupiter,3-10 days
,1,46.25,1.02,,,Earth-sized,30-100 days
,1,57.31,8.28,,,Jupiter-sized,30-100 days
,1,10.99,1167.56,,,Super-Jupiter,10-30 days
,1,11.51,163.28,,,Super-Jupiter,10-30 days
,1,3.35,103.6,,,Super-Jupiter,3-10 days
,1,12.65,190.7,,,Super-Jupiter,10-30 days
,1,93.71,4.54,,,Jupiter-sized,30-100 days
,1,5.21,179.81,,,Super-Jupiter,3-10 days
,1,13.41,161.75,,,Super-Jupiter,10-30 days
,1,79.61,5.32,,,Jupiter-sized,30-100 days
,1,23.51,2.67,,,Neptune-sized,10-30 days
,1,9.09,183.67,,,Super-Jupiter,3-10 days
,1,4.54,2282.33,,,Super-Jupiter,3-10 days
,1,13.15,226.16,,,Super-Jupiter,10-30 days
,1,79.38,3.76,,,Neptune-sized,30-100 days
,1,10.57,629.27,,,Super-Jupiter,10-30 days
,1,1.21,176.34,,,Super-Jupiter,<3 days
,1,13.31,724.51,,,Super-Jupiter,10-30 days
,1,28.7,9.06,,,Jupiter-sized,10-30 days
,1,12.06,3202.01,,,Super-Jupiter,10-30 days
,1,4.14,242.4,,,Super-Jupiter,3-10 days
,1,6.91,268.48,,,Super-Jupiter,3-10 days
,1,2.05,200.29,,,Super-Jupiter,<3 days
,1,4.51,97.48,,,Super-Jupiter,3-10 days
,1,85.68,8.26,,,Jupiter-sized,30-100 days
,1,13.05,226.6,,,Super-Jupiter,10-30 days
,1,1.35,190.6,,,Super-Jupiter,<3 days
,1,17.19,758.7,,,Super-Jupiter,10-30 days
,1,13.85,253.81,,,Super-Jupiter,10-30 days
,1,5.34,81.19,,,Super-Jupiter,3-10 days
,1,10.47,210.86,,,Super-Jupiter,10-30 days
,1,76.3,9.91,,,Jupiter-sized,30-100 days
,1,4.56,2079.06,,,Super-Jupiter,3-10 days
,1,7.42,243.75,,,Super-Jupiter,3-10 days
,1,11.25,1471.78,,,Super-Jupiter,10-30 days
,1,9.99,403.65,,,Super-Jupiter,3-10 days
,1,39.59,2.63,,,Neptune-sized,30-100 days
,1,5.47,159.12,,,Super-Jupiter,3-10 days
,1,2.4,122.63,,,Super-Jupiter,<3 days
,1,20.36,303.97,,,Super-Jupiter,10-30 days
,1,95.8,3.03,,,Neptune-sized,30-100 days
,1,70.79,5.04,,,Jupiter-sized,30-100 days
,1,2.07,110.3,,,Super-Jupiter,<3 days
,1,2.22,2590.39,,,Super-Jupiter,<3 days
,1,7.45,1.94,,,Super-Earth,3-10 days
,1,4.99,130.95,,,Super-Jupiter,3-10 days
,1,9.89,185.71,,,Super-Jupiter,3-10 days
,1,24.74,1955.81,,,Super-Jupiter,10-30 days
,1,42.02,431.51,,,Super-Jupiter,30-100 days
,1,10.63,324.85,,,Super-Jupiter,10-30 days
,1,2.27,145.17,,,Super-Jupiter,<3 days
,1,99.62,6.5,,,Jupiter-sized,30-100 days
,1,9.97,2.93,,,Neptune-sized,3-10 days
,1,90.23,5.36,,,Jupiter-sized,30-100 days
,1,18.34,3.11,,,Neptune-sized,10-30 days
,1,2.96,124.4,,,Super-Jupiter,<3 days
,1,2.83,95.14,,,Super-Jupiter,<3 days
,1,32.62,489.42,,,Super-Jupiter,30-100 days
,1,6.54,6109.11,,,Super-Jupiter,3-10 days
,1,13.04,179.66,,,Super-Jupiter,10-30 days
,1,46.57,9.31,,,Jupiter-sized,30-100 days
,1,5.69,452.6,,,Super-Jupiter,3-10 days
,1,87.65,3.78,,,Neptune-sized,30-100 days
,1,7.08,171.66,,,Super-Jupiter,3-10 days
,1,8.31,443.34,,,Super-Jupiter,3-10 days
,1,9.11,224.8,,,Super-Jupiter,3-10 days
,1,4.83,8.13,,,Jupiter-sized,3-10 days
,1,7.92,4.28,,,Jupiter-sized,3-10 days
,1,2.97,204.5,,,Super-Jupiter,<3 days
,1,11.31,154.08,,,Super-Jupiter,10-30 days
,1,47.15,3.71,,,Neptune-sized,30-100 days
,1,8.02,97.66,,,Super-Jupiter,3-10 days
,1,55.05,5.09,,,Jupiter-sized,30-100 days
,1,7.06,129.16,,,Super-Jupiter,3-10 days
,1,3.0,361.06,,,Super-Jupiter,<3 days
,1,12.54,198.82,,,Super-Jupiter,10-30 days
,1,10.3,650.96,,,Super-Jupiter,10-30 days
,1,3.02,125.43,,,Super-Jupiter,3-10 days
,1,1.49,2177.03,,,Super-Jupiter,<3 days
,1,4.84,114.57,,,Super-Jupiter,3-10 days
,1,1.51,8.32,,,Jupiter-sized,<3 days
,1,88.04,10.0,,,Jupiter-sized,30-100 days
,1,2.85,112.42,,,Super-Jupiter,<3 days
,1,79.53,6.44,,,Jupiter-sized,30-100 days
,1,2.02,104.79,,,Super-Jupiter,<3 days
,1,1.56,469.09,,,Super-Jupiter,<3 days
,1,26.62,7.55,,,Jupiter-sized,10-30 days
,1,3.69,134.38,,,Super-Jupiter,3-10 days
,1,2.48,5581.28,,,Super-Jupiter,<3 days
,1,10.64,264.47,,,Super-Jupiter,10-30 days
,1,11.53,145.69,,,Super-Jupiter,10-30 days
,1,1.35,3855.48,,,Super-Jupiter,<3 days
,1,9.2,193.86,,,Super-Jupiter,3-10 days
,1,34.92,8.18,,,Jupiter-sized,30-100 days
,1,8.48,273.59,,,Super-Jupiter,3-10 days
,1,13.04,294.38,,,Super-Jupiter,10-30 days
,1,9.58,173.37,,,Super-Jupiter,3-10 days
,1,46.7,751.71,,,Super-Jupiter,30-100 days
,1,56.45,2.49,,,Neptune-sized,30-100 days
,1,5.43,6316.4,,,Super-Jupiter,3-10 days
,1,18.09,406.35,,,Super-Jupiter,10-30 days
,1,96.49,9.38,,,Jupiter-sized,30-100 days
,1,11.51,338.17,,,Super-Jupiter,10-30 days
,1,13.17,4092.49,,,Super-Jupiter,10-30 days
,1,47.19,3.48,,,Neptune-sized,30-100 days
,1,32.4,4.43,,,Jupiter-sized,30-100 days
,1,20.38,386.65,,,Super-Jupiter,10-30 days
,1,22.26,3.83,,,Neptune-sized,10-30 days
,1,35.89,273.95,,,Super-Jupiter,30-100 days
,1,44.59,284.1,,,Super-Jupiter,30-100 days
,1,10.73,193.24,,,Super-Jupiter,10-30 days
,1,6.78,172.47,,,Super-Jupiter,3-10 days
,1,1.73,177.54,,,Super-Jupiter,<3 days
,1,58.21,4.32,,,Jupiter-sized,30-100 days
,1,40.27,3.48,,,Neptune-sized,30-100 days
,1,4.8,126.61,,,Super-Jupiter,3-10 days
,1,27.32,3.04,,,Neptune-sized,10-30 days
,1,8.0,303.45,,,Super-Jupiter,3-10 days
,1,4.41,92.19,,,Super-Jupiter,3-10 days
,1,30.99,7.47,,,Jupiter-sized,30-100 days
,1,8.18,449.34,,,Super-Jupiter,3-10 days
,1,20.23,3.36,,,Neptune-sized,10-30 days
,1,1.66,2830.22,,,Super-Jupiter,<3 days
,1,43.76,565.77,,,Super-Jupiter,30-100 days
,1,9.47,198.07,,,Super-Jupiter,3-10 days
,1,18.17,6.83,,,Jupiter-sized,10-30 days
,1,13.73,185.02,,,Super-Jupiter,10-30 days
,1,8.01,168.8,,,Super-Jupiter,3-10 days
,1,11.14,2084.8,,,Super-Jupiter,10-30 days
,1,4.78,108.13,,,Super-Jupiter,3-10 days
,1,71.97,9.69,,,Jupiter-sized,30-100 days
,1,1.52,83.93,,,Super-Jupiter,<3 days
,1,8.72,177.67,,,Super-Jupiter,3-10 days
,1,4.66,136.52,,,Super-Jupiter,3-10 days
,1,4.51,8.45,,,Jupiter-sized,3-10 days
,1,89.98,6.19,,,Jupiter-sized,30-100 days
,1,50.01,9.0,,,Jupiter-sized,30-100 days
,1,22.43,7.74,,,Jupiter-sized,10-30 days
,1,7.2,157.17,,,Super-Jupiter,3-10 days
,1,7.92,169.91,,,Super-Jupiter,3-10 days
,1,2.75,103.43,,,Super-Jupiter,<3 days
,1,6.34,136.8,,,Super-Jupiter,3-10 days
,1,70.81,5.83,,,Jupiter-sized,30-100 days
,1,10.16,153.16,,,Super-Jupiter,10-30 days
,1,6.87,255.35,,,Super-Jupiter,3-10 days
,1,53.86,8.37,,,Jupiter-sized,30-100 days
,1,5.86,360.22,,,Super-Jupiter,3-10 days
,1,11.2,131.07,,,Super-Jupiter,10-30 days
,1,92.66,9.93,,,Jupiter-sized,30-100 days
,1,8.83,186.11,,,Super-Jupiter,3-10 days
,1,11.78,234.25,,,Super-Jupiter,10-30 days
,1,38.85,1.98,,,Super-Earth,30-100 days
,1,2.47,1054.74,,,Super-Jupiter,<3 days
,1,1.54,8845.21,,,Super-Jupiter,<3 days
,1,1.24,3421.17,,,Super-Jupiter,<3 days
,1,13.67,193.2,,,Super-Jupiter,10-30 days
,1,5.84,433.52,,,Super-Jupiter,3-10 days
,1,84.1,9.78,,,Jupiter-sized,30-100 days
,1,37.04,832.78,,,Super-Jupiter,30-100 days
,1,12.72,891.64,,,Super-Jupiter,10-30 days
,1,1.41,68.19,,,Super-Jupiter,<3 days
,1,35.98,8.2,,,Jupiter-sized,30-100 days
,1,76.96,7.93,,,Jupiter-sized,30-100 days
,1,30.45,434.45,,,Super-Jupiter,30-100 days
,1,2.01,97.97,,,Super-Jupiter,<3 days
,1,8.42,207.41,,,Super-Jupiter,3-10 days
,1,28.53,1.02,,,Earth-sized,10-30 days
,1,13.15,130.91,,,Super-Jupiter,10-30 days
,1,3.73,114.6,,,Super-Jupiter,3-10 days
,1,1.49,81.83,,,Super-Jupiter,<3 days
,1,8.8,6.87,,,Jupiter-sized,3-10 days
,1,13.35,165.34,,,Super-Jupiter,10-30 days
,1,9.12,169.65,,,Super-Jupiter,3-10 days
,1,5.4,7968.66,,,Super-Jupiter,3-10 days
,1,78.75,2.73,,,Neptune-sized,30-100 days
,1,78.98,6.55,,,Jupiter-sized,30-100 days
,1,7.95,177.48,,,Super-Jupiter,3-10 days
,1,24.16,255.21,,,Super-Jupiter,10-30 days
,1,87.02,7.74,,,Jupiter-sized,30-100 days
,1,12.6,997.14,,,Super-Jupiter,10-30 days
,1,11.75,2768.09,,,Super-Jupiter,10-30 days
,1,10.96,612.92,,,Super-Jupiter,10-30 days
,1,12.41,765.28,,,Super-Jupiter,10-30 days
,1,6.67,147.34,,,Super-Jupiter,3-10 days
,1,1.65,1116.52,,,Super-Jupiter,<3 days
,1,36.72,1.78,,,Super-Earth,30-100 days
,1,12.12,2392.5,,,Super-Jupiter,10-30 days
,1,25.16,2.31,,,Neptune-sized,10-30 days
,1,2.46,5382.38,,,Super-Jupiter,<3 days
,1,12.35,195.06,,,Super-Jupiter,10-30 days
,1,1.53,2538.17,,,Super-Jupiter,<3 days
,1,59.73,2.47,,,Neptune-sized,30-100 days
,1,1.41,164.85,,,Super-Jupiter,<3 days
,1,58.76,9.04,,,Jupiter-sized,30-100 days
,1,1.96,122.46,,,Super-Jupiter,<3 days
,1,33.8,7.09,,,Jupiter-sized,30-100 days
,1,19.21,5.18,,,Jupiter-sized,10-30 days
,1,71.56,8.98,,,Jupiter-sized,30-100 days
,1,16.37,399.54,,,Super-Jupiter,10-30 days
,1,3.64,133.18,,,Super-Jupiter,3-10 days
,1,23.2,187.03,,,Super-Jupiter,10-30 days
,1,72.18,8.78,,,Jupiter-sized,30-100 days
,1,13.3,157.18,,,Super-Jupiter,10-30 days
,1,9.99,367.67,,,Super-Jupiter,3-10 days
,1,98.29,7.2,,,Jupiter-sized,30-100 days
,1,2.79,127.42,,,Super-Jupiter,<3 days
,1,12.41,765.28,,,Super-Jupiter,10-30 days
,1,45.38,2637.2,,,Super-Jupiter,30-100 days
,1,77.29,2.83,,,Neptune-sized,30-100 days
,1,6.98,141.59,,,Super-Jupiter,3-10 days
,1,83.72,1.87,,,Super-Earth,30-100 days
,1,13.38,5.21,,,Jupiter-sized,10-30 days
,1,13.16,5.84,,,Jupiter-sized,10-30 days
,1,65.97,2.84,,,Neptune-sized,30-100 days
,1,97.93,7.81,,,Jupiter-sized,30-100 days
,1,9.39,254.52,,,Super-Jupiter,3-10 days
,1,13.28,166.03,,,Super-Jupiter,10-30 days
,1,26.11,9.3,,,Jupiter-sized,10-30 days
,1,5.73,129.91,,,Super-Jupiter,3-10 days
,1,75.74,9.79,,,Jupiter-sized,30-100 days
,1,13.9,3.89,,,Neptune-sized,10-30 days
,1,31.73,609.43,,,Super-Jupiter,30-100 days
,1,5.48,622.21,,,Super-Jupiter,3-10 days
,1,11.81,158.78,,,Super-Jupiter,10-30 days
,1,5.18,122.83,,,Super-Jupiter,3-10 days
,1,12.79,208.66,,,Super-Jupiter,10-30 days
,1,52.93,6.02,,,Jupiter-sized,30-100 days
,1,9.07,304.92,,,Super-Jupiter,3-10 days
,1,43.81,3.55,,,Neptune-sized,30-100 days
,1,50.15,8.64,,,Jupiter-sized,30-100 days
,1,23.08,505.57,,,Super-Jupiter,10-30 days
,1,1.25,88.01,,,Super-Jupiter,<3 days
,1,10.91,163.78,,,Super-Jupiter,10-30 days
,1,8.04,430.44,,,Super-Jupiter,3-10 days
,1,9.62,139.09,,,Super-Jupiter,3-10 days
,1,30.62,9.8,,,Jupiter-sized,30-100 days
,1,5.91,370.9,,,Super-Jupiter,3-10 days
,1,1.55,71.81,,,Super-Jupiter,<3 days
,1,13.3,275.11,,,Super-Jupiter,10-30 days
,1,10.75,549.3,,,Super-Jupiter,10-30 days
,1,6.2,151.37,,,Super-Jupiter,3-10 days
,1,15.08,2124.11,,,Super-Jupiter,10-30 days
,1,13.12,267.55,,,Super-Jupiter,10-30 days
,1,1.77,103.25,,,Super-Jupiter,<3 days
,1,96.72,7.5,,,Jupiter-sized,30-100 days
,1,17.96,3624.61,,,Super-Jupiter,10-30 days
,1,9.67,197.25,,,Super-Jupiter,3-10 days
,1,14.09,445.2,,,Super-Jupiter,10-30 days
,1,28.29,8.89,,,Jupiter-sized,10-30 days
,1,12.89,101.98,,,Super-Jupiter,10-30 days
,1,54.97,6.31,,,Jupiter-sized,30-100 days
,1,9.99,234.25,,,Super-Jupiter,3-10 days
,1,17.69,221.4,,,Super-Jupiter,10-30 days
,1,3.48,114.72,,,Super-Jupiter,3-10 days
,1,13.31,210.81,,,Super-Jupiter,10-30 days
,1,8.16,142.79,,,Super-Jupiter,3-10 days
,1,70.58,2.17,,,Neptune-sized,30-100 days
,1,16.57,6.08,,,Jupiter-sized,10-30 days
,1,2.0,1422.18,,,Super-Jupiter,<3 days
,1,1.29,150.5,,,Super-Jupiter,<3 days
,1,38.7,1490.99,,,Super-Jupiter,30-100 days
,1,4.98,89.1,,,Super-Jupiter,3-10 days
,1,37.37,5.74,,,Jupiter-sized,30-100 days
,1,10.76,506.16,,,Super-Jupiter,10-30 days
,1,12.78,9040.81,,,Super-Jupiter,10-30 days
,1,12.8,192.02,,,Super-Jupiter,10-30 days
,1,61.15,3.31,,,Neptune-sized,30-100 days
,1,3.73,161.85,,,Super-Jupiter,3-10 days
,1,8.11,235.13,,,Super-Jupiter,3-10 days
,1,12.38,137.53,,,Super-Jupiter,10-30 days
,1,1.54,105.37,,,Super-Jupiter,<3 days
,1,2.67,224.76,,,Super-Jupiter,<3 days
,1,77.19,1.09,,,Earth-sized,30-100 days
,1,9.78,166.01,,,Super-Jupiter,3-10 days
,1,66.81,2.0,,,Neptune-sized,30-100 days
,1,6.84,169.86,,,Super-Jupiter,3-10 days
,1,7.18,133.94,,,Super-Jupiter,3-10 days
,1,30.22,750.34,,,Super-Jupiter,30-100 days
,1,49.53,7.35,,,Jupiter-sized,30-100 days
,1,6.81,1768.69,,,Super-Jupiter,3-10 days
,1,62.75,5.4,,,Jupiter-sized,30-100 days
,1,8.0,158.65,,,Super-Jupiter,3-10 days
,1,13.35,620.24,,,Super-Jupiter,10-30 days
,1,9.43,100.31,,,Super-Jupiter,3-10 days
,1,2.05,162.34,,,Super-Jupiter,<3 days
,1,53.87,3.6,,,Neptune-sized,30-100 days
,1,9.39,140.8,,,Super-Jupiter,3-10 days
,1,24.15,2.17,,,Neptune-sized,10-30 days
,1,1.61,72.34,,,Super-Jupiter,<3 days
,1,13.88,2772.37,,,Super-Jupiter,10-30 days
,1,95.5,7.16,,,Jupiter-sized,30-100 days
,1,32.96,1092.28,,,Super-Jupiter,30-100 days
,1,6.96,228.27,,,Super-Jupiter,3-10 days
,1,10.99,150.17,,,Super-Jupiter,10-30 days
,1,2.94,91.78,,,Super-Jupiter,<3 days
,1,5.34,104.42,,,Super-Jupiter,3-10 days
,1,4.67,160.8,,,Super-Jupiter,3-10 days
,1,46.7,4.97,,,Jupiter-sized,30-100 days
,1,51.23,4.58,,,Jupiter-sized,30-100 days
,1,5.49,157.99,,,Super-Jupiter,3-10 days
,1,83.41,4.87,,,Jupiter-sized,30-100 days
,1,5.4,2105.67,,,Super-Jupiter,3-10 days
,1,25.75,423.57,,,Super-Jupiter,10-30 days
,1,2.81,73.02,,,Super-Jupiter,<3 days
,1,18.89,5.87,,,Jupiter-sized,10-30 days
,1,8.64,145.49,,,Super-Jupiter,3-10 days
,1,18.28,180.77,,,Super-Jupiter,10-30 days
,1,2.93,124.99,,,Super-Jupiter,<3 days
,1,4.74,164.43,,,Super-Jupiter,3-10 days
,1,16.74,418.84,,,Super-Jupiter,10-30 days
,1,12.77,207.85,,,Super-Jupiter,10-30 days
,1,90.16,4.74,,,Jupiter-sized,30-100 days
,1,10.74,160.08,,,Super-Jupiter,10-30 days
,1,6.06,267.73,,,Super-Jupiter,3-10 days
,1,51.51,6.25,,,Jupiter-sized,30-100 days
,1,9.78,197.11,,,Super-Jupiter,3-10 days
,1,62.08,3.18,,,Neptune-sized,30-100 days
,1,70.6,7.73,,,Jupiter-sized,30-100 days
,1,13.01,9.07,,,Jupiter-sized,10-30 days
,1,1.65,1068.21,,,Super-Jupiter,<3 days
,1,3.41,104.18,,,Super-Jupiter,3-10 days
,1,91.32,6.12,,,Jupiter-sized,30-100 days
,1,10.29,217.04,,,Super-Jupiter,10-30 days
,1,80.61,6.84,,,Jupiter-sized,30-100 days
,1,6.45,87.02,,,Super-Jupiter,3-10 days
,1,93.67,9.64,,,Jupiter-sized,30-100 days
,1,12.76,385.91,,,Super-Jupiter,10-30 days
,1,44.97,292.21,,,Super-Jupiter,30-100 days
,1,16.09,1.28,,,Super-Earth,10-30 days
,1,47.57,6.0,,,Jupiter-sized,30-100 days
,1,48.82,4.55,,,Jupiter-sized,30-100 days
,1,6.43,182.87,,,Super-Jupiter,3-10 days
,1,59.75,2.7,,,Neptune-sized,30-100 days
,1,12.23,221.29,,,Super-Jupiter,10-30 days
,1,6.33,384.97,,,Super-Jupiter,3-10 days
,1,23.41,9.72,,,Jupiter-sized,10-30 days
,1,5.98,8.75,,,Jupiter-sized,3-10 days
,1,1.37,5.4,,,Jupiter-sized,<3 days
,1,11.25,189.61,,,Super-Jupiter,10-30 days
,1,97.09,9.88,,,Jupiter-sized,30-100 days
,1,6.76,128.45,,,Super-Jupiter,3-10 days
,1,6.27,117.32,,,Super-Jupiter,3-10 days
,1,12.42,201.59,,,Super-Jupiter,10-30 days
,1,9.92,281.13,,,Super-Jupiter,3-10 days
,1,12.32,222.36,,,Super-Jupiter,10-30 days
,1,12.49,313.38,,,Super-Jupiter,10-30 days
,1,6.92,437.7,,,Super-Jupiter,3-10 days
,1,1.95,90.09,,,Super-Jupiter,<3 days
,1,72.27,4.22,,,Jupiter-sized,30-100 days
,1,49.07,8.33,,,Jupiter-sized,30-100 days
,1,30.55,8.65,,,Jupiter-sized,30-100 days
,1,98.4,6.8,,,Jupiter-sized,30-100 days
,1,16.64,389.48,,,Super-Jupiter,10-30 days
,1,12.06,383.26,,,Super-Jupiter,10-30 days
,1,8.21,176.99,,,Super-Jupiter,3-10 days
,1,11.73,7.44,,,Jupiter-sized,10-30 days
,1,10.1,3122.86,,,Super-Jupiter,10-30 days
,1,12.14,193.81,,,Super-Jupiter,10-30 days
,1,7.22,107.95,,,Super-Jupiter,3-10 days
,1,4.48,163.49,,,Super-Jupiter,3-10 days
,1,1.35,118.38,,,Super-Jupiter,<3 days
,1,1.94,735.28,,,Super-Jupiter,<3 days
,1,28.2,1023.11,,,Super-Jupiter,10-30 days
,1,4.58,131.27,,,Super-Jupiter,3-10 days
,1,4.72,289.51,,,Super-Jupiter,3-10 days
,1,9.25,188.38,,,Super-Jupiter,3-10 days
,1,54.29,5.26,,,Jupiter-sized,30-100 days
,1,14.58,458.09,,,Super-Jupiter,10-30 days
,1,15.88,631.27,,,Super-Jupiter,10-30 days
,1,6.98,146.53,,,Super-Jupiter,3-10 days
,1,43.84,319.36,,,Super-Jupiter,30-100 days
,1,25.47,3.21,,,Neptune-sized,10-30 days
,1,13.0,367.39,,,Super-Jupiter,10-30 days
,1,10.37,117.29,,,Super-Jupiter,10-30 days
,1,7.08,230.2,,,Super-Jupiter,3-10 days
,1,7.86,143.96,,,Super-Jupiter,3-10 days
,1,18.66,3.31,,,Neptune-sized,10-30 days
,1,5.18,150.41,,,Super-Jupiter,3-10 days
,1,10.4,1246.76,,,Super-Jupiter,10-30 days
,1,4.09,181.41,,,Super-Jupiter,3-10 days
,1,1.78,114.5,,,Super-Jupiter,<3 days
,1,47.37,5.9,,,Jupiter-sized,30-100 days
,1,2.13,112.07,,,Super-Jupiter,<3 days
,1,86.46,3.69,,,Neptune-sized,30-100 days
,1,29.93,312.26,,,Super-Jupiter,10-30 days
,1,45.2,225.87,,,Super-Jupiter,30-100 days
,1,1.58,2841.37,,,Super-Jupiter,<3 days
,1,27.21,4.67,,,Jupiter-sized,10-30 days
,1,44.24,1.85,,,Super-Earth,30-100 days
,1,4.46,213.86,,,Super-Jupiter,3-10 days
,1,11.18,161.74,,,Super-Jupiter,10-30 days
,1,70.59,3.46,,,Neptune-sized,30-100 days
,1,21.73,6.69,,,Jupiter-sized,10-30 days
,1,79.11,1.13,,,Earth-sized,30-100 days
,1,43.77,4.61,,,Jupiter-sized,30-100 days
,1,48.23,7.01,,,Jupiter-sized,30-100 days
,1,68.02,9.56,,,Jupiter-sized,30-100 days
,1,9.07,1650.38,,,Super-Jupiter,3-10 days
,1,34.85,9.61,,,Jupiter-sized,30-100 days
,1,69.4,7.19,,,Jupiter-sized,30-100 days
,1,42.68,5.95,,,Jupiter-sized,30-100 days
,1,14.08,1.72,,,Super-Earth,10-30 days
,1,14.89,1032.87,,,Super-Jupiter,10-30 days
,1,15.41,298.46,,,Super-Jupiter,10-30 days
,1,58.24,9.58,,,Jupiter-sized,30-100 days
,1,79.28,2.89,,,Neptune-sized,30-100 days
,1,40.44,9.81,,,Jupiter-sized,30-100 days
,1,31.31,1418.69,,,Super-Jupiter,30-100 days
,1,84.17,3.54,,,Neptune-sized,30-100 days
,1,3.68,86.08,,,Super-Jupiter,3-10 days
,1,2.21,9.47,,,Jupiter-sized,<3 days
,1,80.77,8.85,,,Jupiter-sized,30-100 days
,1,92.03,8.56,,,Jupiter-sized,30-100 days
,1,9.24,101.31,,,Super-Jupiter,3-10 days
,1,66.92,8.86,,,Jupiter-sized,30-100 days
,1,97.11,7.72,,,Jupiter-sized,30-100 days
,1,18.66,290.61,,,Super-Jupiter,10-30 days
,1,5.85,540.74,,,Super-Jupiter,3-10 days
,1,26.21,5.77,,,Jupiter-sized,10-30 days
,1,12.59,1222.75,,,Super-Jupiter,10-30 days
,1,8.38,140.17,,,Super-Jupiter,3-10 days
,1,37.5,270.19,,,Super-Jupiter,30-100 days
,1,29.06,394.99,,,Super-Jupiter,10-30 days
,1,12.01,213.89,,,Super-Jupiter,10-30 days
,1,11.72,231.75,,,Super-Jupiter,10-30 days
,1,50.39,9.38,,,Jupiter-sized,30-100 days
,1,5.3,129.18,,,Super-Jupiter,3-10 days
,1,25.6,2050.81,,,Super-Jupiter,10-30 days
,1,34.4,511.47,,,Super-Jupiter,30-100 days
,1,2.44,90.59,,,Super-Jupiter,<3 days
,1,22.72,9.28,,,Jupiter-sized,10-30 days
,1,46.52,8.25,,,Jupiter-sized,30-100 days
,1,28.63,438.12,,,Super-Jupiter,10-30 days
,1,67.08,8.24,,,Jupiter-sized,30-100 days
,1,6.32,148.19,,,Super-Jupiter,3-10 days
,1,14.93,269.22,,,Super-Jupiter,10-30 days
,1,36.0,9.59,,,Jupiter-sized,30-100 days
,1,1.39,76.34,,,Super-Jupiter,<3 days
,1,81.26,4.51,,,Jupiter-sized,30-100 days
,1,87.95,5.37,,,Jupiter-sized,30-100 days
,1,6.63,177.87,,,Super-Jupiter,3-10 days
,1,13.88,653.49,,,Super-Jupiter,10-30 days
,1,36.09,5.2,,,Jupiter-sized,30-100 days
,1,57.05,1.87,,,Super-Earth,30-100 days
,1,9.52,141.17,,,Super-Jupiter,3-10 days
,1,26.42,7.29,,,Jupiter-sized,10-30 days
,1,6.37,140.72,,,Super-Jupiter,3-10 days
,1,11.01,293.66,,,Super-Jupiter,10-30 days
,1,5.54,116.33,,,Super-Jupiter,3-10 days
,1,1.49,93.92,,,Super-Jupiter,<3 days
,1,8.15,1.39,,,Super-Earth,3-10 days
,1,13.92,3.66,,,Neptune-sized,10-30 days
,1,69.97,3.98,,,Neptune-sized,30-100 days
,1,9.79,253.07,,,Super-Jupiter,3-10 days
,1,76.05,4.72,,,Jupiter-sized,30-100 days
,1,10.85,172.7,,,Super-Jupiter,10-30 days
,1,61.73,5.49,,,Jupiter-sized,30-100 days
,1,8.04,130.31,,,Super-Jupiter,3-10 days
,1,12.8,158.08,,,Super-Jupiter,10-30 days
,1,80.0,5.01,,,Jupiter-sized,30-100 days
,1,45.52,1001.43,,,Super-Jupiter,30-100 days
,1,2.72,195.46,,,Super-Jupiter,<3 days
,1,56.88,9.35,,,Jupiter-sized,30-100 days
,1,31.13,655.79,,,Super-Jupiter,30-100 days
,1,67.93,7.41,,,Jupiter-sized,30-100 days
,1,11.32,192.1,,,Super-Jupiter,10-30 days
,1,4.56,160.1,,,Super-Jupiter,3-10 days
,1,7.22,120.05,,,Super-Jupiter,3-10 days
,1,11.1,160.5,,,Super-Jupiter,10-30 days
,1,5.34,134.36,,,Super-Jupiter,3-10 days
,1,5.41,104.09,,,Super-Jupiter,3-10 days
,1,12.16,165.13,,,Super-Jupiter,10-30 days
,1,4.69,103.34,,,Super-Jupiter,3-10 days
,1,68.2,5.6,,,Jupiter-sized,30-100 days
,1,48.29,2.2,,,Neptune-sized,30-100 days
,1,3.09,112.13,,,Super-Jupiter,3-10 days
,1,4.52,204.31,,,Super-Jupiter,3-10 days
,1,11.04,2990.56,,,Super-Jupiter,10-30 days
,1,82.95,2.95,,,Neptune-sized,30-100 days
,1,4.88,127.55,,,Super-Jupiter,3-10 days
,1,2.28,5.33,,,Jupiter-sized,<3 days
,1,4.52,154.65,,,Super-Jupiter,3-10 days
,1,1.85,131.29,,,Super-Jupiter,<3 days
,1,9.5,1083.15,,,Super-Jupiter,3-10 days
,1,13.67,393.72,,,Super-Jupiter,10-30 days
,1,13.7,273.89,,,Super-Jupiter,10-30 days
,1,84.02,3.67,,,Neptune-sized,30-100 days
,1,12.01,142.88,,,Super-Jupiter,10-30 days
,1,3.61,111.69,,,Super-Jupiter,3-10 days
,1,3.51,107.17,,,Super-Jupiter,3-10 days
,1,74.36,5.23,,,Jupiter-sized,30-100 days
,1,1.45,82.59,,,Super-Jupiter,<3 days
,1,22.78,1446.97,,,Super-Jupiter,10-30 days
,1,26.41,886.02,,,Super-Jupiter,10-30 days
,1,11.65,110.63,,,Super-Jupiter,10-30 days
,1,13.57,2094.62,,,Super-Jupiter,10-30 days
,1,65.71,2.84,,,Neptune-sized,30-100 days
,1,13.75,6.92,,,Jupiter-sized,10-30 days
,1,11.67,162.49,,,Super-Jupiter,10-30 days
,1,37.52,6.8,,,Jupiter-sized,30-100 days
,1,2.7,4913.66,,,Super-Jupiter,<3 days
,1,1.7,85.47,,,Super-Jupiter,<3 days
,1,37.81,3.68,,,Neptune-sized,30-100 days
,1,6.03,146.98,,,Super-Jupiter,3-10 days
,1,10.15,308.78,,,Super-Jupiter,10-30 days
,1,12.01,132.99,,,Super-Jupiter,10-30 days
,1,18.74,1502.65,,,Super-Jupiter,10-30 days
,1,9.3,365.33,,,Super-Jupiter,3-10 days
,1,6.48,159.48,,,Super-Jupiter,3-10 days
,1,15.92,4.41,,,Jupiter-sized,10-30 days
,1,1.61,135.96,,,Super-Jupiter,<3 days
,1,14.25,580.76,,,Super-Jupiter,10-30 days
,1,1.38,73.09,,,Super-Jupiter,<3 days
,1,68.98,3.28,,,Neptune-sized,30-100 days
,1,18.92,812.24,,,Super-Jupiter,10-30 days
,1,15.14,552.29,,,Super-Jupiter,10-30 days
,1,12.18,169.34,,,Super-Jupiter,10-30 days
,1,1.37,73.58,,,Super-Jupiter,<3 days
,1,30.25,285.11,,,Super-Jupiter,30-100 days
,1,33.14,9.87,,,Jupiter-sized,30-100 days
,1,71.88,8.11,,,Jupiter-sized,30-100 days
,1,8.21,127.89,,,Super-Jupiter,3-10 days
,1,6.44,1311.38,,,Super-Jupiter,3-10 days
,1,4.66,110.6,,,Super-Jupiter,3-10 days
,1,31.37,314.8,,,Super-Jupiter,30-100 days
,1,94.79,3.32,,,Neptune-sized,30-100 days
,1,9.64,121.67,,,Super-Jupiter,3-10 days
,1,8.19,325.46,,,Super-Jupiter,3-10 days
,1,61.64,3.65,,,Neptune-sized,30-100 days
,1,12.63,469.02,,,Super-Jupiter,10-30 days
,1,8.67,209.31,,,Super-Jupiter,3-10 days
,1,78.57,2.97,,,Neptune-sized,30-100 days
,1,19.95,374.19,,,Super-Jupiter,10-30 days
,1,16.99,384.41,,,Super-Jupiter,10-30 days
,1,2.37,100.27,,,Super-Jupiter,<3 days
,1,14.1,229.66,,,Super-Jupiter,10-30 days
,1,8.18,98.27,,,Super-Jupiter,3-10 days
,1,13.31,227.63,,,Super-Jupiter,10-30 days
,1,24.75,2.44,,,Neptune-sized,10-30 days
,1,13.23,168.45,,,Super-Jupiter,10-30 days
,1,62.08,5.86,,,Jupiter-sized,30-100 days
,1,7.94,524.29,,,Super-Jupiter,3-10 days
,1,8.9,110.73,,,Super-Jupiter,3-10 days
,1,5.82,193.25,,,Super-Jupiter,3-10 days
,1,30.35,2164.56,,,Super-Jupiter,30-100 days
,1,59.34,6.35,,,Jupiter-sized,30-100 days
,1,26.8,1829.71,,,Super-Jupiter,10-30 days
,1,69.22,8.44,,,Jupiter-sized,30-100 days
,1,8.26,151.3,,,Super-Jupiter,3-10 days
,1,3.21,110.17,,,Super-Jupiter,3-10 days
,1,5.32,641.38,,,Super-Jupiter,3-10 days
,1,12.86,219.98,,,Super-Jupiter,10-30 days
,1,3.3,122.37,,,Super-Jupiter,3-10 days
,1,11.87,179.84,,,Super-Jupiter,10-30 days
,1,18.88,9.99,,,Jupiter-sized,10-30 days
,1,10.63,304.38,,,Super-Jupiter,10-30 days
,1,1.43,67.7,,,Super-Jupiter,<3 days
,1,13.54,439.43,,,Super-Jupiter,10-30 days
,1,1.48,282.22,,,Super-Jupiter,<3 days
,1,8.74,232.28,,,Super-Jupiter,3-10 days
,1,10.27,201.06,,,Super-Jupiter,10-30 days
,1,3.02,483.69,,,Super-Jupiter,3-10 days
,1,13.82,456.97,,,Super-Jupiter,10-30 days
,1,77.68,2.27,,,Neptune-sized,30-100 days
,1,2.8,73.75,,,Super-Jupiter,<3 days
,1,9.28,397.06,,,Super-Jupiter,3-10 days
,1,4.89,7.51,,,Jupiter-sized,3-10 days
,1,22.98,1.06,,,Earth-sized,10-30 days
,1,3.41,189.58,,,Super-Jupiter,3-10 days
,1,3.02,76.94,,,Super-Jupiter,3-10 days
,1,11.97,348.9,,,Super-Jupiter,10-30 days
,1,4.06,99.94,,,Super-Jupiter,3-10 days
,1,5.0,108.66,,,Super-Jupiter,3-10 days
,1,11.34,289.73,,,Super-Jupiter,10-30 days
,1,11.59,353.46,,,Super-Jupiter,10-30 days
,1,10.11,164.07,,,Super-Jupiter,10-30 days
,1,7.41,166.72,,,Super-Jupiter,3-10 days
,1,11.03,169.49,,,Super-Jupiter,10-30 days
,1,48.53,385.91,,,Super-Jupiter,30-100 days
,1,16.07,530.28,,,Super-Jupiter,10-30 days
,1,14.34,6.89,,,Jupiter-sized,10-30 days
,1,12.38,2767.24,,,Super-Jupiter,10-30 days
,1,65.71,5.6,,,Jupiter-sized,30-100 days
,1,8.62,227.39,,,Super-Jupiter,3-10 days
,1,18.15,3784.79,,,Super-Jupiter,10-30 days
,1,18.9,4.92,,,Jupiter-sized,10-30 days
,1,65.82,2.92,,,Neptune-sized,30-100 days
,1,13.33,216.25,,,Super-Jupiter,10-30 days
,1,12.38,3.48,,,Neptune-sized,10-30 days
,1,2.87,213.83,,,Super-Jupiter,<3 days
,1,44.43,1.52,,,Super-Earth,30-100 days
,1,12.78,294.91,,,Super-Jupiter,10-30 days
,1,3.31,99.83,,,Super-Jupiter,3-10 days
,1,65.17,2.36,,,Neptune-sized,30-100 days
,1,10.73,9.7,,,Jupiter-sized,10-30 days
,1,10.49,210.13,,,Super-Jupiter,10-30 days
,1,96.54,6.71,,,Jupiter-sized,30-100 days
,1,83.62,5.37,,,Jupiter-sized,30-100 days
,1,8.81,144.74,,,Super-Jupiter,3-10 days
,1,85.91,1.14,,,Earth-sized,30-100 days
,1,2.5,2103.54,,,Super-Jupiter,<3 days
,1,88.01,7.41,,,Jupiter-sized,30-100 days
,1,34.05,4.16,,,Jupiter-sized,30-100 days
,1,41.74,1136.8,,,Super-Jupiter,30-100 days
,1,20.48,254.05,,,Super-Jupiter,10-30 days
,1,50.17,7.59,,,Jupiter-sized,30-100 days
,1,42.05,9.02,,,Jupiter-sized,30-100 days
,1,8.99,9.92,,,Jupiter-sized,3-10 days
,1,7.19,153.13,,,Super-Jupiter,3-10 days
,1,82.01,6.35,,,Jupiter-sized,30-100 days
,1,9.35,160.01,,,Super-Jupiter,3-10 days
,1,10.62,231.84,,,Super-Jupiter,10-30 days
,1,1.48,85.6,,,Super-Jupiter,<3 days
,1,5.33,122.49,,,Super-Jupiter,3-10 days
,1,6.49,280.59,,,Super-Jupiter,3-10 days
,1,95.92,3.08,,,Neptune-sized,30-100 days
,1,3.47,133.73,,,Super-Jupiter,3-10 days
,1,4.81,181.49,,,Super-Jupiter,3-10 days
,1,6.86,141.01,,,Super-Jupiter,3-10 days
,1,10.73,1.48,,,Super-Earth,10-30 days
,1,3.22,1332.4,,,Super-Jupiter,3-10 days
,1,8.89,256.26,,,Super-Jupiter,3-10 days
,1,35.98,8.62,,,Jupiter-sized,30-100 days
,1,11.17,409.13,,,Super-Jupiter,10-30 days
,1,8.94,144.72,,,Super-Jupiter,3-10 days
,1,42.35,3.5,,,Neptune-sized,30-100 days
,1,94.08,4.09,,,Jupiter-sized,30-100 days
,1,27.03,5.03,,,Jupiter-sized,10-30 days
,1,1.7,85.47,,,Super-Jupiter,<3 days
,1,1.47,174.89,,,Super-Jupiter,<3 days
,1,26.36,3.09,,,Neptune-sized,10-30 days
,1,19.33,282.55,,,Super-Jupiter,10-30 days
,1,33.22,8.25,,,Jupiter-sized,30-100 days
,1,5.19,214.8,,,Super-Jupiter,3-10 days
,1,25.68,2.47,,,Neptune-sized,10-30 days
,1,29.38,3.2,,,Neptune-sized,10-30 days
,1,11.05,817.43,,,Super-Jupiter,10-30 days
,1,13.1,1066.69,,,Super-Jupiter,10-30 days
,1,13.84,2.28,,,Neptune-sized,10-30 days
,1,4.65,251.93,,,Super-Jupiter,3-10 days
,1,2.83,237.82,,,Super-Jupiter,<3 days
,1,33.96,4.91,,,Jupiter-sized,30-100 days
,1,39.65,2.45,,,Neptune-sized,30-100 days
,1,45.89,854.05,,,Super-Jupiter,30-100 days
,1,11.71,314.34,,,Super-Jupiter,10-30 days
,1,40.01,1.34,,,Super-Earth,30-100 days
,1,33.07,196.91,,,Super-Jupiter,30-100 days
,1,51.61,6.25,,,Jupiter-sized,30-100 days
,1,28.35,3.3,,,Neptune-sized,10-30 days
,1,11.89,8369.24,,,Super-Jupiter,10-30 days
,1,25.74,1.64,,,Super-Earth,10-30 days
,1,8.54,3.88,,,Neptune-sized,3-10 days
,1,29.44,3.09,,,Neptune-sized,10-30 days
,1,11.82,279.1,,,Super-Jupiter,10-30 days
,1,18.8,754.99,,,Super-Jupiter,10-30 days
,1,4.37,99.51,,,Super-Jupiter,3-10 days
,1,13.35,229.24,,,Super-Jupiter,10-30 days
,1,7.69,182.16,,,Super-Jupiter,3-10 days
,1,2.73,92.39,,,Super-Jupiter,<3 days
,1,9.08,195.48,,,Super-Jupiter,3-10 days
,1,6.96,126.58,,,Super-Jupiter,3-10 days
,1,3.21,192.71,,,Super-Jupiter,3-10 days
,1,1.92,123.06,,,Super-Jupiter,<3 days
,1,11.8,2804.05,,,Super-Jupiter,10-30 days
,1,2.5,1135.44,,,Super-Jupiter,<3 days
,1,86.64,7.92,,,Jupiter-sized,30-100 days
,1,11.79,956.45,,,Super-Jupiter,10-30 days
,1,20.72,175.17,,,Super-Jupiter,10-30 days
,1,28.64,2.1,,,Neptune-sized,10-30 days
,1,7.94,119.98,,,Super-Jupiter,3-10 days
,1,4.95,992.96,,,Super-Jupiter,3-10 days
,1,1.25,92.72,,,Super-Jupiter,<3 days
,1,2.14,98.09,,,Super-Jupiter,<3 days
,1,66.36,9.38,,,Jupiter-sized,30-100 days
,1,4.85,10506.68,,,Super-Jupiter,3-10 days
,1,1.97,199.6,,,Super-Jupiter,<3 days
,1,4.88,1544.51,,,Super-Jupiter,3-10 days
,1,6.59,146.02,,,Super-Jupiter,3-10 days
,1,8.88,238.27,,,Super-Jupiter,3-10 days
,1,42.48,4.1,,,Jupiter-sized,30-100 days
,1,45.87,8.4,,,Jupiter-sized,30-100 days
,1,2.36,149.62,,,Super-Jupiter,<3 days
,1,39.11,325.76,,,Super-Jupiter,30-100 days
,1,5.23,212.59,,,Super-Jupiter,3-10 days
,1,4.35,134.21,,,Super-Jupiter,3-10 days
,1,3.46,477.66,,,Super-Jupiter,3-10 days
,1,25.54,8.33,,,Jupiter-sized,10-30 days
,1,1.89,8306.21,,,Super-Jupiter,<3 days
,1,5.08,174.03,,,Super-Jupiter,3-10 days
,1,83.13,3.45,,,Neptune-sized,30-100 days
,1,21.97,570.44,,,Super-Jupiter,10-30 days
,1,12.79,493.94,,,Super-Jupiter,10-30 days
,1,13.04,1288.74,,,Super-Jupiter,10-30 days
,1,96.26,6.67,,,Jupiter-sized,30-100 days
,1,12.96,142.72,,,Super-Jupiter,10-30 days
,1,19.6,3.45,,,Neptune-sized,10-30 days
,1,85.95,3.33,,,Neptune-sized,30-100 days
,1,24.88,2.78,,,Neptune-sized,10-30 days
,1,7.66,6.38,,,Jupiter-sized,3-10 days
,1,41.76,1096.89,,,Super-Jupiter,30-100 days
,1,9.53,173.4,,,Super-Jupiter,3-10 days
,1,4.33,190.42,,,Super-Jupiter,3-10 days
,1,12.61,317.34,,,Super-Jupiter,10-30 days
,1,12.7,2.23,,,Neptune-sized,10-30 days
,1,20.81,4.15,,,Jupiter-sized,10-30 days
,1,6.18,4.57,,,Jupiter-sized,3-10 days
,1,7.41,7.67,,,Jupiter-sized,3-10 days
,1,3.74,157.4,,,Super-Jupiter,3-10 days
,1,16.69,843.58,,,Super-Jupiter,10-30 days
,1,40.89,582.36,,,Super-Jupiter,30-100 days
,1,47.44,4.0,,,Jupiter-sized,30-100 days
,1,10.22,448.97,,,Super-Jupiter,10-30 days
,1,13.77,378.48,,,Super-Jupiter,10-30 days
,1,25.24,3.89,,,Neptune-sized,10-30 days
,1,8.68,177.23,,,Super-Jupiter,3-10 days
,1,13.19,176.43,,,Super-Jupiter,10-30 days
,1,2.59,258.83,,,Super-Jupiter,<3 days
,1,23.63,9.74,,,Jupiter-sized,10-30 days
,1,23.46,6.07,,,Jupiter-sized,10-30 days
,1,10.58,131.33,,,Super-Jupiter,10-30 days
,1,35.54,6.06,,,Jupiter-sized,30-100 days
,1,3.21,168.22,,,Super-Jupiter,3-10 days
,1,1.33,86.48,,,Super-Jupiter,<3 days
,1,46.36,5.09,,,Jupiter-sized,30-100 days
,1,6.9,4.46,,,Jupiter-sized,3-10 days
,1,20.83,220.77,,,Super-Jupiter,10-30 days
,1,88.08,2.15,,,Neptune-sized,30-100 days
,1,1.53,102.66,,,Super-Jupiter,<3 days
,1,31.42,6.37,,,Jupiter-sized,30-100 days
,1,86.64,2.73,,,Neptune-sized,30-100 days
,1,1.35,183.05,,,Super-Jupiter,<3 days
,1,11.31,373.82,,,Super-Jupiter,10-30 days
,1,18.18,1.97,,,Super-Earth,10-30 days
,1,1.47,69.92,,,Super-Jupiter,<3 days
,1,53.12,7.92,,,Jupiter-sized,30-100 days
,1,13.1,1056.91,,,Super-Jupiter,10-30 days
,1,45.75,1.92,,,Super-Earth,30-100 days
,1,72.69,7.26,,,Jupiter-sized,30-100 days
,1,17.1,334.89,,,Super-Jupiter,10-30 days
,1,95.33,1.77,,,Super-Earth,30-100 days
,1,22.29,1.33,,,Super-Earth,10-30 days
,1,3.52,266.13,,,Super-Jupiter,3-10 days
,1,7.26,735.33,,,Super-Jupiter,3-10 days
,1,11.86,192.01,,,Super-Jupiter,10-30 days
,1,12.19,262.61,,,Super-Jupiter,10-30 days
,1,12.01,6.44,,,Jupiter-sized,10-30 days
,1,33.9,1558.17,,,Super-Jupiter,30-100 days
,1,19.25,3.93,,,Neptune-sized,10-30 days
,1,31.08,377.17,,,Super-Jupiter,30-100 days
,1,13.21,144.78,,,Super-Jupiter,10-30 days
,1,23.53,6.42,,,Jupiter-sized,10-30 days
,1,1.26,198.95,,,Super-Jupiter,<3 days
,1,92.88,7.58,,,Jupiter-sized,30-100 days
,1,44.24,2.26,,,Neptune-sized,30-100 days
,1,10.96,1181.17,,,Super-Jupiter,10-30 days
,1,6.73,167.76,,,Super-Jupiter,3-10 days
,1,73.78,7.69,,,Jupiter-sized,30-100 days
,1,99.96,9.04,,,Jupiter-sized,30-100 days
,1,3.91,107.84,,,Super-Jupiter,3-10 days
,1,53.62,8.56,,,Jupiter-sized,30-100 days
,1,11.86,129.82,,,Super-Jupiter,10-30 days
,1,16.23,1022.45,,,Super-Jupiter,10-30 days
,1,50.35,4.73,,,Jupiter-sized,30-100 days
,1,80.58,8.26,,,Jupiter-sized,30-100 days
,1,2.06,181.47,,,Super-Jupiter,<3 days
,1,12.66,208.29,,,Super-Jupiter,10-30 days
,1,11.33,330.99,,,Super-Jupiter,10-30 days
,1,3.15,7.34,,,Jupiter-sized,3-10 days
,1,12.15,162.23,,,Super-Jupiter,10-30 days
,1,2.72,155.2,,,Super-Jupiter,<3 days
,1,22.67,4.6,,,Jupiter-sized,10-30 days
,1,69.91,1.98,,,Super-Earth,30-100 days
,1,12.16,177.43,,,Super-Jupiter,10-30 days
,1,11.7,201.78,,,Super-Jupiter,10-30 days
,1,75.2,8.1,,,Jupiter-sized,30-100 days
,1,39.65,5.12,,,Jupiter-sized,30-100 days
,1,2.78,6.93,,,Jupiter-sized,<3 days
,1,58.14,9.66,,,Jupiter-sized,30-100 days
,1,6.4,125.42,,,Super-Jupiter,3-10 days
,1,12.84,148.54,,,Super-Jupiter,10-30 days
,1,13.38,152.41,,,Super-Jupiter,10-30 days
,1,2.68,202.87,,,Super-Jupiter,<3 days
,1,41.41,6.12,,,Jupiter-sized,30-100 days
,1,40.77,1261.37,,,Super-Jupiter,30-100 days
,1,97.32,3.36,,,Neptune-sized,30-100 days
,1,9.76,117.73,,,Super-Jupiter,3-10 days
,1,4.9,173.31,,,Super-Jupiter,3-10 days
,1,11.74,253.58,,,Super-Jupiter,10-30 days
,1,2.15,395.07,,,Super-Jupiter,<3 days
,1,66.01,1.67,,,Super-Earth,30-100 days
,1,1.21,191.43,,,Super-Jupiter,<3 days
,1,5.07,122.81,,,Super-Jupiter,3-10 days
,1,13.05,3090.1,,,Super-Jupiter,10-30 days
,1,4.41,8.44,,,Jupiter-sized,3-10 days
,1,13.12,125.38,,,Super-Jupiter,10-30 days
,1,69.23,9.7,,,Jupiter-sized,30-100 days
,1,8.21,131.84,,,Super-Jupiter,3-10 days
,1,21.07,327.49,,,Super-Jupiter,10-30 days
,1,11.02,225.2,,,Super-Jupiter,10-30 days
,1,21.92,809.97,,,Super-Jupiter,10-30 days
,1,28.26,211.29,,,Super-Jupiter,10-30 days
,1,37.87,338.15,,,Super-Jupiter,30-100 days
,1,18.14,3.53,,,Neptune-sized,10-30 days
,1,11.47,4.0,,,Jupiter-sized,10-30 days
,1,17.85,324.65,,,Super-Jupiter,10-30 days
,1,17.5,6.76,,,Jupiter-sized,10-30 days
,1,36.93,822.63,,,Super-Jupiter,30-100 days
,1,5.88,160.01,,,Super-Jupiter,3-10 days
,1,4.91,153.14,,,Super-Jupiter,3-10 days
,1,35.05,5.26,,,Jupiter-sized,30-100 days
,1,62.3,2.91,,,Neptune-sized,30-100 days
,1,11.07,9.3,,,Jupiter-sized,10-30 days
,1,11.61,154.47,,,Super-Jupiter,10-30 days
,1,28.92,1.95,,,Super-Earth,10-30 days
,1,3.17,98.1,,,Super-Jupiter,3-10 days
,1,16.82,260.25,,,Super-Jupiter,10-30 days
,1,14.65,212.31,,,Super-Jupiter,10-30 days
,1,31.87,2.18,,,Neptune-sized,30-100 days
,1,3.61,2.51,,,Neptune-sized,3-10 days
,1,27.94,4.27,,,Jupiter-sized,10-30 days
,1,4.85,167.52,,,Super-Jupiter,3-10 days
,1,82.88,2.28,,,Neptune-sized,30-100 days
,1,35.48,2.09,,,Neptune-sized,30-100 days
,1,4.74,138.33,,,Super-Jupiter,3-10 days
,1,88.04,5.54,,,Jupiter-sized,30-100 days
,1,7.21,120.28,,,Super-Jupiter,3-10 days
,1,1.72,225.62,,,Super-Jupiter,<3 days
,1,8.23,138.49,,,Super-Jupiter,3-10 days
,1,14.75,241.09,,,Super-Jupiter,10-30 days
,1,71.62,1.8,,,Super-Earth,30-100 days
,1,13.29,311.75,,,Super-Jupiter,10-30 days
,1,45.35,1.97,,,Super-Earth,30-100 days
,1,5.24,3063.87,,,Super-Jupiter,3-10 days
,1,1.39,122.55,,,Super-Jupiter,<3 days
,1,55.42,3.21,,,Neptune-sized,30-100 days
,1,2.99,327.57,,,Super-Jupiter,<3 days
,1,30.32,1125.71,,,Super-Jupiter,30-100 days
,1,67.4,4.58,,,Jupiter-sized,30-100 days
,1,9.01,144.73,,,Super-Jupiter,3-10 days
,1,39.7,9.96,,,Jupiter-sized,30-100 days
,1,3.74,157.4,,,Super-Jupiter,3-10 days
,1,26.08,2.55,,,Neptune-sized,10-30 days
,1,29.35,5.55,,,Jupiter-sized,10-30 days
,1,7.73,119.35,,,Super-Jupiter,3-10 days
,1,5.95,108.83,,,Super-Jupiter,3-10 days
,1,90.82,4.76,,,Jupiter-sized,30-100 days
,1,66.57,2.2,,,Neptune-sized,30-100 days
,1,7.34,125.09,,,Super-Jupiter,3-10 days
,1,34.64,5.0,,,Jupiter-sized,30-100 days
,1,68.7,2.3,,,Neptune-sized,30-100 days
,1,9.14,134.29,,,Super-Jupiter,3-10 days
,1,51.12,6.3,,,Jupiter-sized,30-100 days
,1,11.89,265.45,,,Super-Jupiter,10-30 days
,1,9.24,210.83,,,Super-Jupiter,3-10 days
,1,8.15,142.85,,,Super-Jupiter,3-10 days
,1,13.48,3246.94,,,Super-Jupiter,10-30 days
,1,94.48,5.49,,,Jupiter-sized,30-100 days
,1,30.57,2.34,,,Neptune-sized,30-100 days
,1,8.83,140.62,,,Super-Jupiter,3-10 days
,1,8.94,153.17,,,Super-Jupiter,3-10 days
,1,36.15,9.9,,,Jupiter-sized,30-100 days
,1,61.82,2.5,,,Neptune-sized,30-100 days
,1,62.22,1.51,,,Super-Earth,30-100 days
,1,12.02,215.3,,,Super-Jupiter,10-30 days
,1,5.46,6760.1,,,Super-Jupiter,3-10 days
,1,8.32,192.75,,,Super-Jupiter,3-10 days
,1,28.34,3.59,,,Neptune-sized,10-30 days
,1,12.25,168.57,,,Super-Jupiter,10-30 days
,1,2.41,123.49,,,Super-Jupiter,<3 days
,1,29.23,9.05,,,Jupiter-sized,10-30 days
,1,12.37,418.12,,,Super-Jupiter,10-30 days
,1,5.91,194.22,,,Super-Jupiter,3-10 days
,1,95.09,8.45,,,Jupiter-sized,30-100 days
,1,13.51,203.61,,,Super-Jupiter,10-30 days
,1,17.77,4.81,,,Jupiter-sized,10-30 days
,1,59.69,7.33,,,Jupiter-sized,30-100 days
,1,9.6,88.22,,,Super-Jupiter,3-10 days
,1,2.23,100.9,,,Super-Jupiter,<3 days
,1,6.89,219.16,,,Super-Jupiter,3-10 days
,1,32.37,1.63,,,Super-Earth,30-100 days
,1,15.86,591.82,,,Super-Jupiter,10-30 days
,1,10.88,2416.28,,,Super-Jupiter,10-30 days
,1,60.43,1.67,,,Super-Earth,30-100 days
,1,9.52,1.4,,,Super-Earth,3-10 days
,1,10.35,280.33,,,Super-Jupiter,10-30 days
,1,4.77,98.55,,,Super-Jupiter,3-10 days
,1,86.73,9.57,,,Jupiter-sized,30-100 days
,1,90.92,4.82,,,Jupiter-sized,30-100 days
,1,1.62,451.76,,,Super-Jupiter,<3 days
,1,12.01,1534.98,,,Super-Jupiter,10-30 days
,1,9.6,146.07,,,Super-Jupiter,3-10 days
,1,12.46,175.43,,,Super-Jupiter,10-30 days
,1,61.72,8.26,,,Jupiter-sized,30-100 days
,1,42.94,5.45,,,Jupiter-sized,30-100 days
,1,2.67,91.61,,,Super-Jupiter,<3 days
,1,14.24,307.97,,,Super-Jupiter,10-30 days
,1,13.12,689.38,,,Super-Jupiter,10-30 days
,1,17.39,656.29,,,Super-Jupiter,10-30 days
,1,47.25,2.54,,,Neptune-sized,30-100 days
,1,82.58,6.65,,,Jupiter-sized,30-100 days
,1,1.76,4646.77,,,Super-Jupiter,<3 days
,1,72.77,6.95,,,Jupiter-sized,30-100 days
,1,10.98,5.59,,,Jupiter-sized,10-30 days
,1,24.57,377.44,,,Super-Jupiter,10-30 days
,1,5.74,218.24,,,Super-Jupiter,3-10 days
,1,7.26,96.33,,,Super-Jupiter,3-10 days
,1,1.28,412.8,,,Super-Jupiter,<3 days
,1,11.57,146.52,,,Super-Jupiter,10-30 days
,1,13.84,168.54,,,Super-Jupiter,10-30 days
,1,12.29,155.21,,,Super-Jupiter,10-30 days
,1,9.88,189.06,,,Super-Jupiter,3-10 days
,1,58.32,9.18,,,Jupiter-sized,30-100 days
,1,11.79,482.5,,,Super-Jupiter,10-30 days
,1,52.8,5.57,,,Jupiter-sized,30-100 days
,1,11.22,767.59,,,Super-Jupiter,10-30 days
,1,6.97,7.44,,,Jupiter-sized,3-10 days
,1,7.89,326.23,,,Super-Jupiter,3-10 days
,1,4.47,111.85,,,Super-Jupiter,3-10 days
,1,93.81,3.4,,,Neptune-sized,30-100 days
,1,11.28,1533.31,,,Super-Jupiter,10-30 days
,1,94.82,5.09,,,Jupiter-sized,30-100 days
,1,34.06,1020.27,,,Super-Jupiter,30-100 days
,1,7.63,101.57,,,Super-Jupiter,3-10 days
,1,41.55,2.24,,,Neptune-sized,30-100 days
,1,16.44,4.02,,,Jupiter-sized,10-30 days
,1,4.63,680.93,,,Super-Jupiter,3-10 days
,1,6.44,141.77,,,Super-Jupiter,3-10 days
,1,10.42,154.12,,,Super-Jupiter,10-30 days
,1,2.2,8315.57,,,Super-Jupiter,<3 days
,1,42.61,8.2,,,Jupiter-sized,30-100 days
,1,14.27,303.26,,,Super-Jupiter,10-30 days
,1,59.29,4.97,,,Jupiter-sized,30-100 days
,1,10.66,253.84,,,Super-Jupiter,10-30 days
,1,6.75,125.5,,,Super-Jupiter,3-10 days
,1,8.25,125.24,,,Super-Jupiter,3-10 days
,1,12.08,224.81,,,Super-Jupiter,10-30 days
,1,12.33,15881.8,,,Super-Jupiter,10-30 days
,1,10.36,241.0,,,Super-Jupiter,10-30 days
,1,9.23,677.32,,,Super-Jupiter,3-10 days
,1,12.49,292.36,,,Super-Jupiter,10-30 days
,1,91.19,2.6,,,Neptune-sized,30-100 days
,1,19.84,168.67,,,Super-Jupiter,10-30 days
,1,1.98,160.44,,,Super-Jupiter,<3 days
,1,12.57,267.96,,,Super-Jupiter,10-30 days
,1,11.4,134.63,,,Super-Jupiter,10-30 days
,1,6.67,133.13,,,Super-Jupiter,3-10 days
,1,76.82,4.54,,,Jupiter-sized,30-100 days
,1,7.41,118.28,,,Super-Jupiter,3-10 days
,1,61.42,4.51,,,Jupiter-sized,30-100 days
,1,1.67,73.07,,,Super-Jupiter,<3 days
,1,2.32,189.76,,,Super-Jupiter,<3 days
,1,6.75,147.88,,,Super-Jupiter,3-10 days
,1,4.66,120.69,,,Super-Jupiter,3-10 days
,1,9.78,166.01,,,Super-Jupiter,3-10 days
,1,17.63,346.0,,,Super-Jupiter,10-30 days
,1,26.06,416.6,,,Super-Jupiter,10-30 days
,1,12.9,421.93,,,Super-Jupiter,10-30 days
,1,87.19,3.87,,,Neptune-sized,30-100 days
,1,16.74,432.77,,,Super-Jupiter,10-30 days
,1,46.2,3.99,,,Neptune-sized,30-100 days
,1,2.95,339.28,,,Super-Jupiter,<3 days
,1,2.84,90.18,,,Super-Jupiter,<3 days
,1,17.4,527.77,,,Super-Jupiter,10-30 days
,1,64.8,4.58,,,Jupiter-sized,30-100 days
,1,28.09,568.31,,,Super-Jupiter,10-30 days
,1,12.79,150.37,,,Super-Jupiter,10-30 days
,1,3.86,173.35,,,Super-Jupiter,3-10 days
,1,79.59,6.15,,,Jupiter-sized,30-100 days
,1,18.2,457.19,,,Super-Jupiter,10-30 days
,1,2.35,84.33,,,Super-Jupiter,<3 days
,1,92.82,4.12,,,Jupiter-sized,30-100 days
,1,51.5,9.88,,,Jupiter-sized,30-100 days
,1,11.71,9.36,,,Jupiter-sized,10-30 days
,1,4.52,225.74,,,Super-Jupiter,3-10 days
,1,54.49,4.6,,,Jupiter-sized,30-100 days
,1,99.72,8.32,,,Jupiter-sized,30-100 days
,1,7.33,205.42,,,Super-Jupiter,3-10 days
,1,49.73,4.72,,,Jupiter-sized,30-100 days
,1,12.02,290.05,,,Super-Jupiter,10-30 days
,1,77.96,9.04,,,Jupiter-sized,30-100 days
,1,61.42,2.73,,,Neptune-sized,30-100 days
,1,65.91,4.36,,,Jupiter-sized,30-100 days
,1,8.64,106.52,,,Super-Jupiter,3-10 days
,1,3.5,116.17,,,Super-Jupiter,3-10 days
,1,88.17,5.62,,,Jupiter-sized,30-100 days
,1,14.57,411.44,,,Super-Jupiter,10-30 days
,1,7.74,223.3,,,Super-Jupiter,3-10 days
,1,6.03,536.4,,,Super-Jupiter,3-10 days
,1,9.7,183.32,,,Super-Jupiter,3-10 days
,1,2.73,166.18,,,Super-Jupiter,<3 days
,1,3.66,9.23,,,Jupiter-sized,3-10 days
,1,11.14,130.45,,,Super-Jupiter,10-30 days
,1,33.01,8.97,,,Jupiter-sized,30-100 days
,1,13.19,203.34,,,Super-Jupiter,10-30 days
,1,13.1,2855.59,,,Super-Jupiter,10-30 days
,1,11.55,108.68,,,Super-Jupiter,10-30 days
,1,23.01,294.99,,,Super-Jupiter,10-30 days
,1,13.18,3270.99,,,Super-Jupiter,10-30 days
,1,4.89,8.08,,,Jupiter-sized,3-10 days
,1,1.24,205.87,,,Super-Jupiter,<3 days
,1,76.07,8.67,,,Jupiter-sized,30-100 days
,1,42.59,1.21,,,Earth-sized,30-100 days
,1,55.1,9.99,,,Jupiter-sized,30-100 days
,1,3.55,314.14,,,Super-Jupiter,3-10 days
,1,38.48,7.61,,,Jupiter-sized,30-100 days
,1,50.21,4.81,,,Jupiter-sized,30-100 days
,1,99.18,4.76,,,Jupiter-sized,30-100 days
,1,39.92,1.07,,,Earth-sized,30-100 days
,1,7.63,139.74,,,Super-Jupiter,3-10 days
,1,9.97,113.82,,,Super-Jupiter,3-10 days
,1,97.0,3.32,,,Neptune-sized,30-100 days
,1,57.58,9.79,,,Jupiter-sized,30-100 days
,1,50.63,1.56,,,Super-Earth,30-100 days
,1,1.28,65.32,,,Super-Jupiter,<3 days
,1,2.42,71.91,,,Super-Jupiter,<3 days
,1,10.74,485.78,,,Super-Jupiter,10-30 days
,1,5.0,207.83,,,Super-Jupiter,3-10 days
,1,13.26,266.79,,,Super-Jupiter,10-30 days
,1,23.59,2.48,,,Neptune-sized,10-30 days
,1,25.05,8.85,,,Jupiter-sized,10-30 days
,1,11.01,310.48,,,Super-Jupiter,10-30 days
,1,62.74,8.33,,,Jupiter-sized,30-100 days
,1,32.0,491.95,,,Super-Jupiter,30-100 days
,1,65.42,8.45,,,Jupiter-sized,30-100 days
,1,11.13,369.64,,,Super-Jupiter,10-30 days
,1,5.38,115.26,,,Super-Jupiter,3-10 days
,1,7.25,261.92,,,Super-Jupiter,3-10 days
,1,18.23,4.95,,,Jupiter-sized,10-30 days
,1,4.12,2.38,,,Neptune-sized,3-10 days
,1,92.82,4.87,,,Jupiter-sized,30-100 days
,1,22.38,8.12,,,Jupiter-sized,10-30 days
,1,75.46,1.69,,,Super-Earth,30-100 days
,1,16.75,6.73,,,Jupiter-sized,10-30 days
,1,3.69,143.3,,,Super-Jupiter,3-10 days
,1,66.5,3.07,,,Neptune-sized,30-100 days
,1,69.66,1.57,,,Super-Earth,30-100 days
,1,23.72,4259.86,,,Super-Jupiter,10-30 days
,1,90.34,6.85,,,Jupiter-sized,30-100 days
,1,82.21,2.66,,,Neptune-sized,30-100 days
,1,4.18,751.13,,,Super-Jupiter,3-10 days
,1,11.13,167.8,,,Super-Jupiter,10-30 days
,1,2.2,7960.68,,,Super-Jupiter,<3 days
,1,58.09,1.76,,,Super-Earth,30-100 days
,1,85.82,7.84,,,Jupiter-sized,30-100 days
,1,20.46,700.58,,,Super-Jupiter,10-30 days
,1,54.38,4.9,,,Jupiter-sized,30-100 days
,1,45.41,5.04,,,Jupiter-sized,30-100 days
,1,43.47,8.01,,,Jupiter-sized,30-100 days
,1,67.24,1.4,,,Super-Earth,30-100 days
,1,11.92,137.96,,,Super-Jupiter,10-30 days
,1,31.24,9.34,,,Jupiter-sized,30-100 days
,1,9.87,216.43,,,Super-Jupiter,3-10 days
,1,7.77,124.61,,,Super-Jupiter,3-10 days
,1,92.75,9.37,,,Jupiter-sized,30-100 days
,1,6.82,166.64,,,Super-Jupiter,3-10 days
,1,11.0,154.04,,,Super-Jupiter,10-30 days
,1,33.37,9.51,,,Jupiter-sized,30-100 days
,1,2.18,294.82,,,Super-Jupiter,<3 days
,1,59.35,3.7,,,Neptune-sized,30-100 days
,1,9.47,6.93,,,Jupiter-sized,3-10 days
,1,7.53,1153.83,,,Super-Jupiter,3-10 days
,1,6.79,2278.97,,,Super-Jupiter,3-10 days
,1,27.87,7.72,,,Jupiter-sized,10-30 days
,1,12.49,232.96,,,Super-Jupiter,10-30 days
,1,41.01,542.31,,,Super-Jupiter,30-100 days
,1,14.9,159.88,,,Super-Jupiter,10-30 days
,1,20.68,175.92,,,Super-Jupiter,10-30 days
,1,30.37,160.17,,,Super-Jupiter,30-100 days
,1,13.85,248.45,,,Super-Jupiter,10-30 days
,1,22.55,3.86,,,Neptune-sized,10-30 days
,1,9.9,8.72,,,Jupiter-sized,3-10 days
,1,3.61,374.91,,,Super-Jupiter,3-10 days
,1,5.07,2.88,,,Neptune-sized,3-10 days
,1,78.89,9.13,,,Jupiter-sized,30-100 days
,1,3.31,187.25,,,Super-Jupiter,3-10 days
,1,1.25,80.86,,,Super-Jupiter,<3 days
,1,23.92,227.58,,,Super-Jupiter,10-30 days
,1,8.31,443.34,,,Super-Jupiter,3-10 days
,1,71.97,8.64,,,Jupiter-sized,30-100 days
,1,12.56,142.89,,,Super-Jupiter,10-30 days
,1,5.33,95.81,,,Super-Jupiter,3-10 days
,1,1.72,113.21,,,Super-Jupiter,<3 days
,1,6.79,2322.35,,,Super-Jupiter,3-10 days
,1,1.36,68.02,,,Super-Jupiter,<3 days
,1,2.03,99.94,,,Super-Jupiter,<3 days
,1,77.86,7.8,,,Jupiter-sized,30-100 days
,1,9.68,2.12,,,Neptune-sized,3-10 days
,1,12.51,201.23,,,Super-Jupiter,10-30 days
,1,93.74,3.11,,,Neptune-sized,30-100 days
,1,5.2,643.6,,,Super-Jupiter,3-10 days
,1,4.46,175.07,,,Super-Jupiter,3-10 days
,1,11.95,8.04,,,Jupiter-sized,10-30 days
,1,13.24,153.45,,,Super-Jupiter,10-30 days
,1,12.78,300.21,,,Super-Jupiter,10-30 days
,1,67.23,5.45,,,Jupiter-sized,30-100 days
,1,66.28,7.66,,,Jupiter-sized,30-100 days
,1,6.51,209.13,,,Super-Jupiter,3-10 days
,1,5.38,157.65,,,Super-Jupiter,3-10 days
,1,89.15,5.31,,,Jupiter-sized,30-100 days
,1,8.92,611.53,,,Super-Jupiter,3-10 days
,1,14.54,6.18,,,Jupiter-sized,10-30 days
,1,68.07,6.72,,,Jupiter-sized,30-100 days
,1,2.82,202.74,,,Super-Jupiter,<3 days
,1,13.22,8129.39,,,Super-Jupiter,10-30 days
,1,13.82,8.56,,,Jupiter-sized,10-30 days
,1,3.09,198.61,,,Super-Jupiter,3-10 days
,1,44.14,417.37,,,Super-Jupiter,30-100 days
,1,4.98,118.83,,,Super-Jupiter,3-10 days
,1,2.69,304.26,,,Super-Jupiter,<3 days
,1,1.76,893.5,,,Super-Jupiter,<3 days
,1,1.47,74.27,,,Super-Jupiter,<3 days
,1,6.79,283.79,,,Super-Jupiter,3-10 days
,1,36.0,3.86,,,Neptune-sized,30-100 days
,1,8.24,84.41,,,Super-Jupiter,3-10 days
,1,9.16,289.38,,,Super-Jupiter,3-10 days
,1,3.18,98.81,,,Super-Jupiter,3-10 days
,1,1.25,85.45,,,Super-Jupiter,<3 days
,1,5.03,91.72,,,Super-Jupiter,3-10 days
,1,11.11,1076.9,,,Super-Jupiter,10-30 days
,1,12.89,170.12,,,Super-Jupiter,10-30 days
,1,30.05,4.14,,,Jupiter-sized,30-100 days
,1,66.79,5.65,,,Jupiter-sized,30-100 days
,1,4.14,1325.01,,,Super-Jupiter,3-10 days
,1,11.58,176.56,,,Super-Jupiter,10-30 days
,1,29.59,1.95,,,Super-Earth,10-30 days
,1,11.34,306.1,,,Super-Jupiter,10-30 days
,1,13.6,212.02,,,Super-Jupiter,10-30 days
,1,14.46,418.75,,,Super-Jupiter,10-30 days
,1,65.01,7.04,,,Jupiter-sized,30-100 days
,1,13.38,4.25,,,Jupiter-sized,10-30 days
,1,9.13,145.08,,,Super-Jupiter,3-10 days
,1,15.74,2156.21,,,Super-Jupiter,10-30 days
,1,61.86,8.9,,,Jupiter-sized,30-100 days
,1,13.85,202.85,,,Super-Jupiter,10-30 days
,1,14.03,270.35,,,Super-Jupiter,10-30 days
,1,68.4,7.66,,,Jupiter-sized,30-100 days
,1,8.55,1020.01,,,Super-Jupiter,3-10 days
,1,24.86,5.98,,,Jupiter-sized,10-30 days
,1,6.38,242.75,,,Super-Jupiter,3-10 days
,1,4.48,489.78,,,Super-Jupiter,3-10 days
,1,34.34,5.25,,,Jupiter-sized,30-100 days
,1,25.04,9.33,,,Jupiter-sized,10-30 days
,1,4.8,1600.6,,,Super-Jupiter,3-10 days
,1,14.37,1.37,,,Super-Earth,10-30 days
,1,44.0,5.31,,,Jupiter-sized,30-100 days
,1,12.87,167.82,,,Super-Jupiter,10-30 days
,1,26.49,9.4,,,Jupiter-sized,10-30 days
,1,98.98,5.32,,,Jupiter-sized,30-100 days
,1,11.41,127.83,,,Super-Jupiter,10-30 days
,1,18.18,2.63,,,Neptune-sized,10-30 days
,1,12.59,1.36,,,Super-Earth,10-30 days
,1,46.66,3.48,,,Neptune-sized,30-100 days
,1,15.45,999.92,,,Super-Jupiter,10-30 days
,1,36.75,4.84,,,Jupiter-sized,30-100 days
,1,12.69,457.29,,,Super-Jupiter,10-30 days
,1,7.18,147.27,,,Super-Jupiter,3-10 days
,1,30.62,381.57,,,Super-Jupiter,30-100 days
,1,71.55,7.5,,,Jupiter-sized,30-100 days
,1,2.97,5251.89,,,Super-Jupiter,<3 days
,1,73.27,6.91,,,Jupiter-sized,30-100 days
,1,11.11,1957.2,,,Super-Jupiter,10-30 days
,1,33.78,2.11,,,Neptune-sized,30-100 days
,1,12.72,161.22,,,Super-Jupiter,10-30 days
,1,93.17,1.56,,,Super-Earth,30-100 days
,1,12.95,171.16,,,Super-Jupiter,10-30 days
,1,55.19,5.59,,,Jupiter-sized,30-100 days
,1,23.4,498.58,,,Super-Jupiter,10-30 days
,1,9.19,301.7,,,Super-Jupiter,3-10 days
,1,16.24,4.34,,,Jupiter-sized,10-30 days
,1,3.2,95.01,,,Super-Jupiter,3-10 days
,1,10.29,143.88,,,Super-Jupiter,10-30 days
,1,3.73,101.58,,,Super-Jupiter,3-10 days
,1,62.54,4.16,,,Jupiter-sized,30-100 days
,1,86.13,1.86,,,Super-Earth,30-100 days
,1,6.8,2278.7,,,Super-Jupiter,3-10 days
,1,6.35,166.77,,,Super-Jupiter,3-10 days
,1,3.01,1223.46,,,Super-Jupiter,3-10 days
,1,14.21,451.01,,,Super-Jupiter,10-30 days
,1,11.57,5.83,,,Jupiter-sized,10-30 days
,1,69.89,7.57,,,Jupiter-sized,30-100 days
,1,3.89,144.16,,,Super-Jupiter,3-10 days
,1,1.26,625.81,,,Super-Jupiter,<3 days
,1,5.32,579.04,,,Super-Jupiter,3-10 days
,1,21.58,3.55,,,Neptune-sized,10-30 days
,1,1.24,1290.18,,,Super-Jupiter,<3 days
,1,40.48,365.63,,,Super-Jupiter,30-100 days
,1,4.88,215.44,,,Super-Jupiter,3-10 days
,1,15.59,8.89,,,Jupiter-sized,10-30 days
,1,7.97,162.04,,,Super-Jupiter,3-10 days
,1,15.78,1.85,,,Super-Earth,10-30 days
,1,75.18,6.89,,,Jupiter-sized,30-100 days
,1,13.35,228.68,,,Super-Jupiter,10-30 days
,1,32.38,8.97,,,Jupiter-sized,30-100 days
,1,3.15,1479.06,,,Super-Jupiter,3-10 days
,1,37.03,3.26,,,Neptune-sized,30-100 days
,1,37.36,305.22,,,Super-Jupiter,30-100 days
,1,13.23,125.89,,,Super-Jupiter,10-30 days
,1,40.77,4.47,,,Jupiter-sized,30-100 days
,1,10.02,225.95,,,Super-Jupiter,10-30 days
,1,1.7,208.37,,,Super-Jupiter,<3 days
,1,14.06,180.62,,,Super-Jupiter,10-30 days
,1,10.12,183.02,,,Super-Jupiter,10-30 days
,1,4.44,425.82,,,Super-Jupiter,3-10 days
,1,8.54,5.38,,,Jupiter-sized,3-10 days
,1,4.64,88.36,,,Super-Jupiter,3-10 days
,1,4.32,112.96,,,Super-Jupiter,3-10 days
,1,10.74,172.41,,,Super-Jupiter,10-30 days
,1,12.08,141.8,,,Super-Jupiter,10-30 days
,1,16.21,962.93,,,Super-Jupiter,10-30 days
,1,62.25,7.26,,,Jupiter-sized,30-100 days
,1,85.26,5.22,,,Jupiter-sized,30-100 days
,1,3.81,200.53,,,Super-Jupiter,3-10 days
,1,98.03,6.32,,,Jupiter-sized,30-100 days
,1,40.41,9.72,,,Jupiter-sized,30-100 days
,1,11.25,166.74,,,Super-Jupiter,10-30 days
,1,13.12,146.23,,,Super-Jupiter,10-30 days
,1,3.1,115.84,,,Super-Jupiter,3-10 days
,1,5.59,448.96,,,Super-Jupiter,3-10 days
,1,14.75,305.48,,,Super-Jupiter,10-30 days
,1,4.7,146.48,,,Super-Jupiter,3-10 days
,1,13.57,5642.75,,,Super-Jupiter,10-30 days
,1,2.98,130.62,,,Super-Jupiter,<3 days
,1,8.25,125.24,,,Super-Jupiter,3-10 days
,1,54.93,5.89,,,Jupiter-sized,30-100 days
,1,12.46,201.13,,,Super-Jupiter,10-30 days
,1,10.54,223.17,,,Super-Jupiter,10-30 days
,1,2.83,5.96,,,Jupiter-sized,<3 days
,1,6.6,2125.6,,,Super-Jupiter,3-10 days
,1,9.54,186.23,,,Super-Jupiter,3-10 days
,1,71.89,3.27,,,Neptune-sized,30-100 days
,1,5.45,144.4,,,Super-Jupiter,3-10 days
,1,1.65,994.65,,,Super-Jupiter,<3 days
,1,13.28,259.74,,,Super-Jupiter,10-30 days
,1,85.62,9.17,,,Jupiter-sized,30-100 days
,1,88.93,8.79,,,Jupiter-sized,30-100 days
,1,15.83,412.33,,,Super-Jupiter,10-30 days
,1,11.37,156.95,,,Super-Jupiter,10-30 days
,1,13.22,239.76,,,Super-Jupiter,10-30 days
,1,21.1,173.51,,,Super-Jupiter,10-30 days
,1,14.37,835.88,,,Super-Jupiter,10-30 days
,1,31.23,5.36,,,Jupiter-sized,30-100 days
,1,77.12,2.26,,,Neptune-sized,30-100 days
,1,8.51,117.85,,,Super-Jupiter,3-10 days
,1,10.39,4875.08,,,Super-Jupiter,10-30 days
,1,36.2,2.04,,,Neptune-sized,30-100 days
,1,1.29,60.44,,,Super-Jupiter,<3 days
,1,6.46,167.97,,,Super-Jupiter,3-10 days
,1,4.58,113.73,,,Super-Jupiter,3-10 days
,1,10.36,467.28,,,Super-Jupiter,10-30 days
,1,1.4,1845.58,,,Super-Jupiter,<3 days
,1,96.72,6.35,,,Jupiter-sized,30-100 days
,1,13.06,180.3,,,Super-Jupiter,10-30 days
,1,26.11,3.35,,,Neptune-sized,10-30 days
,1,1.97,176.5,,,Super-Jupiter,<3 days
,1,2.85,352.24,,,Super-Jupiter,<3 days
,1,13.35,229.24,,,Super-Jupiter,10-30 days
,1,4.88,215.44,,,Super-Jupiter,3-10 days
,1,7.07,340.49,,,Super-Jupiter,3-10 days
,1,14.09,3.55,,,Neptune-sized,10-30 days
,1,59.64,3.99,,,Neptune-sized,30-100 days
,1,7.49,243.51,,,Super-Jupiter,3-10 days
,1,5.44,96.35,,,Super-Jupiter,3-10 days
,1,63.32,4.63,,,Jupiter-sized,30-100 days
,1,8.57,146.71,,,Super-Jupiter,3-10 days
,1,70.23,4.91,,,Jupiter-sized,30-100 days
,1,11.17,180.79,,,Super-Jupiter,10-30 days
,1,4.14,157.71,,,Super-Jupiter,3-10 days
,1,12.95,233.73,,,Super-Jupiter,10-30 days
,1,55.77,2.2,,,Neptune-sized,30-100 days
,1,9.07,241.15,,,Super-Jupiter,3-10 days
,1,9.12,137.95,,,Super-Jupiter,3-10 days
,1,41.76,5.16,,,Jupiter-sized,30-100 days
,1,12.52,6.55,,,Jupiter-sized,10-30 days
,1,1.76,4627.45,,,Super-Jupiter,<3 days
,1,16.46,158.01,,,Super-Jupiter,10-30 days
,1,53.66,3.95,,,Neptune-sized,30-100 days
,1,54.92,2.14,,,Neptune-sized,30-100 days
,1,96.78,2.99,,,Neptune-sized,30-100 days
,1,67.93,1.33,,,Super-Earth,30-100 days
,1,11.59,157.71,,,Super-Jupiter,10-30 days
,1,91.62,6.44,,,Jupiter-sized,30-100 days
,1,1.83,121.51,,,Super-Jupiter,<3 days
,1,83.33,6.44,,,Jupiter-sized,30-100 days
,1,4.11,244.29,,,Super-Jupiter,3-10 days
,1,96.72,7.78,,,Jupiter-sized,30-100 days
,1,30.58,7.16,,,Jupiter-sized,30-100 days
,1,11.95,186.76,,,Super-Jupiter,10-30 days
,1,8.1,1675.66,,,Super-Jupiter,3-10 days
,1,97.22,2.32,,,Neptune-sized,30-100 days
,1,1.35,295.14,,,Super-Jupiter,<3 days
,1,19.74,8.68,,,Jupiter-sized,10-30 days
,1,42.46,7.82,,,Jupiter-sized,30-100 days
,1,11.25,210.08,,,Super-Jupiter,10-30 days
,1,1.2,65.4,,,Super-Jupiter,<3 days
,1,9.12,116.71,,,Super-Jupiter,3-10 days
,1,7.76,153.29,,,Super-Jupiter,3-10 days
,1,1.97,191.28,,,Super-Jupiter,<3 days
,1,85.55,5.6,,,Jupiter-sized,30-100 days
,1,54.69,1.25,,,Super-Earth,30-100 days
,1,13.31,121.54,,,Super-Jupiter,10-30 days
,1,8.96,358.56,,,Super-Jupiter,3-10 days
,1,14.65,891.38,,,Super-Jupiter,10-30 days
,1,4.87,121.11,,,Super-Jupiter,3-10 days
,1,7.35,198.63,,,Super-Jupiter,3-10 days
,1,1.47,72.33,,,Super-Jupiter,<3 days
,1,12.52,205.45,,,Super-Jupiter,10-30 days
,1,21.18,7.96,,,Jupiter-sized,10-30 days
,1,77.23,8.9,,,Jupiter-sized,30-100 days
,1,74.88,4.72,,,Jupiter-sized,30-100 days
,1,5.2,113.95,,,Super-Jupiter,3-10 days
,1,44.24,4.41,,,Jupiter-sized,30-100 days
,1,8.88,177.82,,,Super-Jupiter,3-10 days
,1,12.9,131.47,,,Super-Jupiter,10-30 days
,1,4.52,130.61,,,Super-Jupiter,3-10 days
,1,5.48,437.93,,,Super-Jupiter,3-10 days
,1,94.06,3.18,,,Neptune-sized,30-100 days
,1,14.97,320.66,,,Super-Jupiter,10-30 days
,1,18.69,2.97,,,Neptune-sized,10-30 days
,1,13.24,133.15,,,Super-Jupiter,10-30 days
,1,12.49,148.38,,,Super-Jupiter,10-30 days
,1,3.67,141.73,,,Super-Jupiter,3-10 days
,1,10.2,306.92,,,Super-Jupiter,10-30 days
,1,7.33,196.93,,,Super-Jupiter,3-10 days
,1,35.15,278.57,,,Super-Jupiter,30-100 days
,1,4.31,2.15,,,Neptune-sized,3-10 days
,1,19.2,257.37,,,Super-Jupiter,10-30 days
,1,97.35,9.02,,,Jupiter-sized,30-100 days
,1,4.51,98.47,,,Super-Jupiter,3-10 days
,1,1.79,112.61,,,Super-Jupiter,<3 days
,1,12.05,175.09,,,Super-Jupiter,10-30 days
,1,5.73,119.67,,,Super-Jupiter,3-10 days
,1,84.85,3.89,,,Neptune-sized,30-100 days
,1,9.14,112.11,,,Super-Jupiter,3-10 days
,1,12.37,172.56,,,Super-Jupiter,10-30 days
,1,65.08,9.91,,,Jupiter-sized,30-100 days
,1,27.35,9.73,,,Jupiter-sized,10-30 days
,1,4.55,165.27,,,Super-Jupiter,3-10 days
,1,2.81,151.53,,,Super-Jupiter,<3 days
,1,92.15,2.5,,,Neptune-sized,30-100 days
,1,13.22,197.94,,,Super-Jupiter,10-30 days
,1,12.58,1.55,,,Super-Earth,10-30 days
,1,2.39,87.15,,,Super-Jupiter,<3 days
,1,11.26,1265.79,,,Super-Jupiter,10-30 days
,1,11.78,152.73,,,Super-Jupiter,10-30 days
,1,22.35,370.99,,,Super-Jupiter,10-30 days
,1,6.84,125.4,,,Super-Jupiter,3-10 days
,1,4.2,606.86,,,Super-Jupiter,3-10 days
,1,11.62,158.32,,,Super-Jupiter,10-30 days
,1,31.65,7.79,,,Jupiter-sized,30-100 days
,1,12.99,215.29,,,Super-Jupiter,10-30 days
,1,1.96,89.85,,,Super-Jupiter,<3 days
,1,8.18,128.46,,,Super-Jupiter,3-10 days
,1,54.36,8.26,,,Jupiter-sized,30-100 days
,1,39.39,6.64,,,Jupiter-sized,30-100 days
,1,7.95,110.73,,,Super-Jupiter,3-10 days
,1,7.07,171.58,,,Super-Jupiter,3-10 days
,1,39.91,2.6,,,Neptune-sized,30-100 days
,1,92.1,6.41,,,Jupiter-sized,30-100 days
,1,9.15,151.56,,,Super-Jupiter,3-10 days
,1,1.65,177.39,,,Super-Jupiter,<3 days
,1,8.26,2.59,,,Neptune-sized,3-10 days
,1,12.09,138.43,,,Super-Jupiter,10-30 days
,1,5.18,247.67,,,Super-Jupiter,3-10 days
,1,3.62,91.35,,,Super-Jupiter,3-10 days
,1,46.27,8.98,,,Jupiter-sized,30-100 days
,1,10.05,139.19,,,Super-Jupiter,10-30 days
,1,10.47,2211.85,,,Super-Jupiter,10-30 days
,1,2.71,371.81,,,Super-Jupiter,<3 days
,1,61.15,8.06,,,Jupiter-sized,30-100 days
,1,1.99,1475.12,,,Super-Jupiter,<3 days
,1,96.03,7.22,,,Jupiter-sized,30-100 days
,1,72.79,3.42,,,Neptune-sized,30-100 days
,1,40.9,171.41,,,Super-Jupiter,30-100 days
,1,15.8,8.54,,,Jupiter-sized,10-30 days
,1,4.88,1550.67,,,Super-Jupiter,3-10 days
,1,22.81,6.48,,,Jupiter-sized,10-30 days
,1,11.66,493.61,,,Super-Jupiter,10-30 days
,1,12.84,211.64,,,Super-Jupiter,10-30 days
,1,5.2,392.78,,,Super-Jupiter,3-10 days
,1,15.39,790.35,,,Super-Jupiter,10-30 days
,1,34.23,303.04,,,Super-Jupiter,30-100 days
,1,80.65,5.97,,,Jupiter-sized,30-100 days
,1,27.58,4.49,,,Jupiter-sized,10-30 days
,1,2.73,121.51,,,Super-Jupiter,<3 days
,1,7.24,574.93,,,Super-Jupiter,3-10 days
,1,83.25,3.61,,,Neptune-sized,30-100 days
,1,33.45,9.6,,,Jupiter-sized,30-100 days
,1,27.04,4.45,,,Jupiter-sized,10-30 days
,1,40.4,1.47,,,Super-Earth,30-100 days
,1,8.13,153.6,,,Super-Jupiter,3-10 days
,1,87.32,5.29,,,Jupiter-sized,30-100 days
,1,4.59,106.86,,,Super-Jupiter,3-10 days
,1,79.67,6.15,,,Jupiter-sized,30-100 days
,1,7.18,188.51,,,Super-Jupiter,3-10 days
,1,48.79,1.64,,,Super-Earth,30-100 days
,1,90.78,6.81,,,Jupiter-sized,30-100 days
,1,15.13,333.71,,,Super-Jupiter,10-30 days
,1,38.01,8.68,,,Jupiter-sized,30-100 days
,1,2.1,2130.77,,,Super-Jupiter,<3 days
,1,3.35,166.6,,,Super-Jupiter,3-10 days
,1,7.0,149.39,,,Super-Jupiter,3-10 days
,1,23.51,6.24,,,Jupiter-sized,10-30 days
,1,2.59,675.83,,,Super-Jupiter,<3 days
,1,47.63,4.65,,,Jupiter-sized,30-100 days
,1,13.21,246.06,,,Super-Jupiter,10-30 days
,1,11.7,1692.37,,,Super-Jupiter,10-30 days
,1,4.57,113.05,,,Super-Jupiter,3-10 days
,1,4.26,142.04,,,Super-Jupiter,3-10 days
,1,11.54,183.94,,,Super-Jupiter,10-30 days
,1,6.46,141.78,,,Super-Jupiter,3-10 days
,1,62.23,5.77,,,Jupiter-sized,30-100 days
,1,95.11,7.06,,,Jupiter-sized,30-100 days
,1,95.46,9.43,,,Jupiter-sized,30-100 days
,1,94.01,9.27,,,Jupiter-sized,30-100 days
,1,58.76,9.4,,,Jupiter-sized,30-100 days
,1,78.33,2.13,,,Neptune-sized,30-100 days
,1,11.78,788.0,,,Super-Jupiter,10-30 days
,1,42.97,406.95,,,Super-Jupiter,30-100 days
,1,51.33,2.94,,,Neptune-sized,30-100 days
,1,12.06,308.38,,,Super-Jupiter,10-30 days
,1,2.22,2525.33,,,Super-Jupiter,<3 days
,1,13.15,1737.4,,,Super-Jupiter,10-30 days
,1,45.93,7.66,,,Jupiter-sized,30-100 days
,1,13.31,264.75,,,Super-Jupiter,10-30 days
,1,41.75,1196.2,,,Super-Jupiter,30-100 days
,1,13.22,8.35,,,Jupiter-sized,10-30 days
,1,9.79,300.94,,,Super-Jupiter,3-10 days
,1,13.17,139.05,,,Super-Jupiter,10-30 days
,1,9.58,178.43,,,Super-Jupiter,3-10 days
,1,9.19,121.43,,,Super-Jupiter,3-10 days
,1,5.92,5.04,,,Jupiter-sized,3-10 days
,1,66.41,9.29,,,Jupiter-sized,30-100 days
,1,50.93,1.96,,,Super-Earth,30-100 days
,1,14.77,743.89,,,Super-Jupiter,10-30 days
,1,14.51,483.93,,,Super-Jupiter,10-30 days
,1,42.42,2.52,,,Neptune-sized,30-100 days
,1,13.34,308.21,,,Super-Jupiter,10-30 days
,1,16.88,7.92,,,Jupiter-sized,10-30 days
,1,3.47,144.19,,,Super-Jupiter,3-10 days
,1,1.77,891.97,,,Super-Jupiter,<3 days
,1,88.0,7.05,,,Jupiter-sized,30-100 days
,1,10.48,136.2,,,Super-Jupiter,10-30 days
,1,70.15,6.7,,,Jupiter-sized,30-100 days
,1,10.34,240.99,,,Super-Jupiter,10-30 days
,1,9.0,234.66,,,Super-Jupiter,3-10 days
,1,1.54,479.21,,,Super-Jupiter,<3 days
,1,6.52,229.74,,,Super-Jupiter,3-10 days
,1,1.86,204.11,,,Super-Jupiter,<3 days
,1,2.51,1201.08,,,Super-Jupiter,<3 days
,1,10.56,198.57,,,Super-Jupiter,10-30 days
,1,1.6,85.39,,,Super-Jupiter,<3 days
,1,7.1,180.03,,,Super-Jupiter,3-10 days
,1,98.46,9.73,,,Jupiter-sized,30-100 days
,1,7.3,297.01,,,Super-Jupiter,3-10 days
,1,11.89,4.26,,,Jupiter-sized,10-30 days
,1,13.33,1726.11,,,Super-Jupiter,10-30 days
,1,10.75,203.0,,,Super-Jupiter,10-30 days
,1,5.74,165.79,,,Super-Jupiter,3-10 days
,1,3.38,126.31,,,Super-Jupiter,3-10 days
,1,11.51,348.42,,,Super-Jupiter,10-30 days
,1,1.46,191.72,,,Super-Jupiter,<3 days
,1,84.33,3.13,,,Neptune-sized,30-100 days
,1,7.04,5.56,,,Jupiter-sized,3-10 days
,1,11.82,277.25,,,Super-Jupiter,10-30 days
,1,88.49,2.3,,,Neptune-sized,30-100 days
,1,60.15,8.32,,,Jupiter-sized,30-100 days
,1,81.02,1.63,,,Super-Earth,30-100 days
,1,12.86,1428.3,,,Super-Jupiter,10-30 days
,1,71.15,8.48,,,Jupiter-sized,30-100 days
,1,13.23,200.49,,,Super-Jupiter,10-30 days
,1,14.27,6.66,,,Jupiter-sized,10-30 days
,1,3.21,139.51,,,Super-Jupiter,3-10 days
,1,95.29,8.26,,,Jupiter-sized,30-100 days
,1,6.24,9.61,,,Jupiter-sized,3-10 days
,1,85.96,5.07,,,Jupiter-sized,30-100 days
,1,26.79,249.2,,,Super-Jupiter,10-30 days
,1,8.47,130.85,,,Super-Jupiter,3-10 days
,1,1.51,3411.48,,,Super-Jupiter,<3 days
,1,10.06,214.18,,,Super-Jupiter,10-30 days
,1,25.18,244.67,,,Super-Jupiter,10-30 days
,1,2.35,86.83,,,Super-Jupiter,<3 days
,1,7.22,285.8,,,Super-Jupiter,3-10 days
,1,10.05,183.88,,,Super-Jupiter,10-30 days
,1,4.43,108.44,,,Super-Jupiter,3-10 days
,1,39.32,3.95,,,Neptune-sized,30-100 days
,1,43.53,8.53,,,Jupiter-sized,30-100 days
,1,28.06,1434.85,,,Super-Jupiter,10-30 days
,1,25.83,5.1,,,Jupiter-sized,10-30 days
,1,6.78,133.99,,,Super-Jupiter,3-10 days
,1,13.71,2927.68,,,Super-Jupiter,10-30 days
,1,96.34,3.78,,,Neptune-sized,30-100 days
,1,67.35,5.07,,,Jupiter-sized,30-100 days
,1,12.65,188.81,,,Super-Jupiter,10-30 days
,1,14.76,304.41,,,Super-Jupiter,10-30 days
,1,6.32,143.53,,,Super-Jupiter,3-10 days
,1,9.05,396.53,,,Super-Jupiter,3-10 days
,1,4.28,6.19,,,Jupiter-sized,3-10 days
,1,26.4,3.59,,,Neptune-sized,10-30 days
,1,14.69,8.9,,,Jupiter-sized,10-30 days
,1,2.01,88.06,,,Super-Jupiter,<3 days
,1,14.18,329.78,,,Super-Jupiter,10-30 days
,1,5.4,2165.88,,,Super-Jupiter,3-10 days
,1,8.04,655.37,,,Super-Jupiter,3-10 days
,1,11.96,195.68,,,Super-Jupiter,10-30 days
,1,6.64,104.53,,,Super-Jupiter,3-10 days
,1,15.58,1037.55,,,Super-Jupiter,10-30 days
,1,44.16,5.28,,,Jupiter-sized,30-100 days
,1,7.58,463.01,,,Super-Jupiter,3-10 days
,1,5.3,95.45,,,Super-Jupiter,3-10 days
,1,9.62,103.5,,,Super-Jupiter,3-10 days
,1,12.24,234.22,,,Super-Jupiter,10-30 days
,1,21.59,6.72,,,Jupiter-sized,10-30 days
,1,7.33,183.26,,,Super-Jupiter,3-10 days
,1,10.11,2.05,,,Neptune-sized,10-30 days
,1,89.47,6.64,,,Jupiter-sized,30-100 days
,1,13.74,162.89,,,Super-Jupiter,10-30 days
,1,97.33,2.19,,,Neptune-sized,30-100 days
,1,1.3,107.3,,,Super-Jupiter,<3 days
,1,31.55,9.47,,,Jupiter-sized,30-100 days
,1,7.02,191.64,,,Super-Jupiter,3-10 days
,1,9.75,102.89,,,Super-Jupiter,3-10 days
,1,3.34,211.53,,,Super-Jupiter,3-10 days
,1,48.09,3.89,,,Neptune-sized,30-100 days
,1,12.19,152.1,,,Super-Jupiter,10-30 days
,1,64.1,2.54,,,Neptune-sized,30-100 days
,1,8.61,140.37,,,Super-Jupiter,3-10 days
,1,2.44,106.88,,,Super-Jupiter,<3 days
,1,32.17,4.56,,,Jupiter-sized,30-100 days
,1,11.35,263.85,,,Super-Jupiter,10-30 days
,1,12.37,420.28,,,Super-Jupiter,10-30 days
,1,13.36,7.19,,,Jupiter-sized,10-30 days
,1,13.0,178.26,,,Super-Jupiter,10-30 days
,1,65.13,7.83,,,Jupiter-sized,30-100 days
,1,8.45,150.91,,,Super-Jupiter,3-10 days
,1,58.93,3.92,,,Neptune-sized,30-100 days
,1,3.54,4.32,,,Jupiter-sized,3-10 days
,1,41.93,242.44,,,Super-Jupiter,30-100 days
,1,76.54,6.91,,,Jupiter-sized,30-100 days
,1,75.05,7.72,,,Jupiter-sized,30-100 days
,1,96.5,9.27,,,Jupiter-sized,30-100 days
,1,13.13,8.34,,,Jupiter-sized,10-30 days
,1,82.22,6.26,,,Jupiter-sized,30-100 days
,1,57.59,9.95,,,Jupiter-sized,30-100 days
,1,48.67,227.17,,,Super-Jupiter,30-100 days
,1,4.3,753.04,,,Super-Jupiter,3-10 days
,1,16.55,3.67,,,Neptune-sized,10-30 days
,1,56.42,6.05,,,Jupiter-sized,30-100 days
,1,9.12,307.62,,,Super-Jupiter,3-10 days
,1,44.63,1217.12,,,Super-Jupiter,30-100 days
,1,93.44,9.74,,,Jupiter-sized,30-100 days
,1,2.07,104.2,,,Super-Jupiter,<3 days
,1,12.07,353.32,,,Super-Jupiter,10-30 days
,1,72.26,5.25,,,Jupiter-sized,30-100 days
,1,71.89,1.39,,,Super-Earth,30-100 days
,1,12.82,2504.76,,,Super-Jupiter,10-30 days
,1,74.93,8.2,,,Jupiter-sized,30-100 days
,1,12.95,289.56,,,Super-Jupiter,10-30 days
,1,12.54,135.25,,,Super-Jupiter,10-30 days
,1,37.04,1.89,,,Super-Earth,30-100 days
,1,12.33,242.15,,,Super-Jupiter,10-30 days
,1,32.63,7.0,,,Jupiter-sized,30-100 days
,1,1.86,209.05,,,Super-Jupiter,<3 days
,1,1.33,59.7,,,Super-Jupiter,<3 days
,1,7.4,189.03,,,Super-Jupiter,3-10 days
,1,65.36,7.82,,,Jupiter-sized,30-100 days
,1,7.21,174.13,,,Super-Jupiter,3-10 days
,1,70.42,9.14,,,Jupiter-sized,30-100 days
,1,13.57,258.12,,,Super-Jupiter,10-30 days
,1,1.93,244.09,,,Super-Jupiter,<3 days
,1,6.32,143.53,,,Super-Jupiter,3-10 days
,1,98.26,1.92,,,Super-Earth,30-100 days
,1,47.46,4.59,,,Jupiter-sized,30-100 days
,1,3.53,177.1,,,Super-Jupiter,3-10 days
,1,91.52,4.81,,,Jupiter-sized,30-100 days
,1,10.06,811.6,,,Super-Jupiter,10-30 days
,1,11.75,241.18,,,Super-Jupiter,10-30 days
,1,29.79,15591.27,,,Super-Jupiter,10-30 days
,1,99.35,3.53,,,Neptune-sized,30-100 days
,1,5.02,119.07,,,Super-Jupiter,3-10 days
,1,9.74,188.0,,,Super-Jupiter,3-10 days
,1,30.33,9.41,,,Jupiter-sized,30-100 days
,1,9.47,9931.74,,,Super-Jupiter,3-10 days
,1,47.25,9.78,,,Jupiter-sized,30-100 days
,1,57.31,1.53,,,Super-Earth,30-100 days
,1,10.62,231.84,,,Super-Jupiter,10-30 days
,1,3.77,153.91,,,Super-Jupiter,3-10 days
,1,12.75,184.79,,,Super-Jupiter,10-30 days
,1,56.86,6.47,,,Jupiter-sized,30-100 days
,1,9.56,163.53,,,Super-Jupiter,3-10 days
,1,12.93,163.37,,,Super-Jupiter,10-30 days
,1,6.95,167.44,,,Super-Jupiter,3-10 days
,1,9.22,145.31,,,Super-Jupiter,3-10 days
,1,17.04,6.59,,,Jupiter-sized,10-30 days
,1,9.3,857.34,,,Super-Jupiter,3-10 days
,1,73.54,4.72,,,Jupiter-sized,30-100 days
,1,4.91,153.14,,,Super-Jupiter,3-10 days
,1,29.2,1601.89,,,Super-Jupiter,10-30 days
,1,99.4,5.09,,,Jupiter-sized,30-100 days
,1,11.98,214.24,,,Super-Jupiter,10-30 days
,1,10.48,143.36,,,Super-Jupiter,10-30 days
,1,68.27,3.97,,,Neptune-sized,30-100 days
,1,19.67,4.19,,,Jupiter-sized,10-30 days
,1,6.67,199.72,,,Super-Jupiter,3-10 days
,1,5.15,141.65,,,Super-Jupiter,3-10 days
,1,2.87,286.92,,,Super-Jupiter,<3 days
,1,1.48,2235.98,,,Super-Jupiter,<3 days
,1,88.12,8.64,,,Jupiter-sized,30-100 days
,1,15.05,8.64,,,Jupiter-sized,10-30 days
,1,15.28,9.53,,,Jupiter-sized,10-30 days
,1,18.57,8.02,,,Jupiter-sized,10-30 days
,1,3.04,127.86,,,Super-Jupiter,3-10 days
,1,14.07,7.16,,,Jupiter-sized,10-30 days
,1,1.91,660.14,,,Super-Jupiter,<3 days
,1,11.39,216.83,,,Super-Jupiter,10-30 days
,1,2.69,4492.27,,,Super-Jupiter,<3 days
,1,18.46,1.23,,,Earth-sized,10-30 days
,1,11.26,8.64,,,Jupiter-sized,10-30 days
,1,8.0,116.9,,,Super-Jupiter,3-10 days
,1,12.65,204.97,,,Super-Jupiter,10-30 days
,1,3.59,115.6,,,Super-Jupiter,3-10 days
,1,65.39,8.07,,,Jupiter-sized,30-100 days
,1,3.18,159.35,,,Super-Jupiter,3-10 days
,1,3.37,119.89,,,Super-Jupiter,3-10 days
,1,6.97,144.02,,,Super-Jupiter,3-10 days
,1,84.61,4.6,,,Jupiter-sized,30-100 days
,1,3.51,144.51,,,Super-Jupiter,3-10 days
,1,7.5,95.5,,,Super-Jupiter,3-10 days
,1,9.03,208.72,,,Super-Jupiter,3-10 days
,1,6.96,1.43,,,Super-Earth,3-10 days
,1,6.34,184.69,,,Super-Jupiter,3-10 days
,1,4.95,94.05,,,Super-Jupiter,3-10 days
,1,26.43,6.62,,,Jupiter-sized,10-30 days
,1,10.03,158.04,,,Super-Jupiter,10-30 days
,1,46.11,6.43,,,Jupiter-sized,30-100 days
,1,25.54,649.38,,,Super-Jupiter,10-30 days
,1,1.55,82.16,,,Super-Jupiter,<3 days
,1,10.45,101.58,,,Super-Jupiter,10-30 days
,1,1.75,1814.83,,,Super-Jupiter,<3 days
,1,39.21,6.87,,,Jupiter-sized,30-100 days
,1,53.42,8.22,,,Jupiter-sized,30-100 days
,1,7.97,156.75,,,Super-Jupiter,3-10 days
,1,20.73,2.84,,,Neptune-sized,10-30 days
,1,9.74,5.41,,,Jupiter-sized,3-10 days
,1,4.14,263.6,,,Super-Jupiter,3-10 days
,1,27.03,3.87,,,Neptune-sized,10-30 days
,1,2.48,1.27,,,Super-Earth,<3 days
,1,2.49,138.77,,,Super-Jupiter,<3 days
,1,11.06,197.61,,,Super-Jupiter,10-30 days
,1,18.1,1.34,,,Super-Earth,10-30 days
,1,9.95,6.23,,,Jupiter-sized,3-10 days
,1,11.26,121.73,,,Super-Jupiter,10-30 days
,1,1.64,453.88,,,Super-Jupiter,<3 days
,1,25.69,1530.73,,,Super-Jupiter,10-30 days
,1,81.95,5.39,,,Jupiter-sized,30-100 days
,1,30.59,4.58,,,Jupiter-sized,30-100 days
,1,31.08,2.81,,,Neptune-sized,30-100 days
,1,2.98,130.62,,,Super-Jupiter,<3 days
,1,76.58,9.86,,,Jupiter-sized,30-100 days
,1,13.06,180.3,,,Super-Jupiter,10-30 days
,1,23.79,2.34,,,Neptune-sized,10-30 days
,1,2.25,274.8,,,Super-Jupiter,<3 days
,1,9.74,160.8,,,Super-Jupiter,3-10 days
,1,10.85,1339.59,,,Super-Jupiter,10-30 days
,1,11.27,571.81,,,Super-Jupiter,10-30 days
,1,11.66,159.74,,,Super-Jupiter,10-30 days
,1,10.4,749.55,,,Super-Jupiter,10-30 days
,1,9.03,348.24,,,Super-Jupiter,3-10 days
,1,73.4,1.01,,,Earth-sized,30-100 days
,1,20.69,2.42,,,Neptune-sized,10-30 days
,1,9.28,179.71,,,Super-Jupiter,3-10 days
,1,87.49,8.44,,,Jupiter-sized,30-100 days
,1,17.21,1360.26,,,Super-Jupiter,10-30 days
,1,40.09,355.51,,,Super-Jupiter,30-100 days
,1,1.3,1522.57,,,Super-Jupiter,<3 days
,1,6.05,347.18,,,Super-Jupiter,3-10 days
,1,54.29,7.92,,,Jupiter-sized,30-100 days
,1,10.01,267.66,,,Super-Jupiter,10-30 days
,1,37.04,4.07,,,Jupiter-sized,30-100 days
,1,21.36,8.82,,,Jupiter-sized,10-30 days
,1,52.52,1.63,,,Super-Earth,30-100 days
,1,6.88,9.69,,,Jupiter-sized,3-10 days
,1,39.38,7.12,,,Jupiter-sized,30-100 days
,1,70.25,8.86,,,Jupiter-sized,30-100 days
,1,7.34,9.1,,,Jupiter-sized,3-10 days
,1,33.12,210.07,,,Super-Jupiter,30-100 days
,1,9.47,181.6,,,Super-Jupiter,3-10 days
,1,16.55,449.02,,,Super-Jupiter,10-30 days
,1,50.24,5.62,,,Jupiter-sized,30-100 days
,1,2.78,77.63,,,Super-Jupiter,<3 days
,1,43.04,4.77,,,Jupiter-sized,30-100 days
,1,20.98,257.23,,,Super-Jupiter,10-30 days
,1,41.05,867.34,,,Super-Jupiter,30-100 days
,1,1.39,2377.13,,,Super-Jupiter,<3 days
,1,13.71,148.94,,,Super-Jupiter,10-30 days
,1,13.85,202.85,,,Super-Jupiter,10-30 days
,1,8.2,125.98,,,Super-Jupiter,3-10 days
,1,2.26,84.76,,,Super-Jupiter,<3 days
,1,41.82,8.01,,,Jupiter-sized,30-100 days
,1,35.46,6.8,,,Jupiter-sized,30-100 days
,1,78.47,9.22,,,Jupiter-sized,30-100 days
,1,27.44,4.97,,,Jupiter-sized,10-30 days
,1,48.15,729.99,,,Super-Jupiter,30-100 days
,1,19.9,8.31,,,Jupiter-sized,10-30 days
,1,74.36,5.68,,,Jupiter-sized,30-100 days
,1,3.07,9.9,,,Jupiter-sized,3-10 days
,1,12.48,1.24,,,Earth-sized,10-30 days
,1,4.72,154.2,,,Super-Jupiter,3-10 days
,1,38.48,3579.15,,,Super-Jupiter,30-100 days
,1,41.99,8.95,,,Jupiter-sized,30-100 days
,1,5.31,92.87,,,Super-Jupiter,3-10 days
,1,90.09,3.45,,,Neptune-sized,30-100 days
,1,26.46,946.18,,,Super-Jupiter,10-30 days
,1,64.13,8.13,,,Jupiter-sized,30-100 days
,1,7.52,228.98,,,Super-Jupiter,3-10 days
,1,5.01,192.05,,,Super-Jupiter,3-10 days
,1,21.92,184.18,,,Super-Jupiter,10-30 days
,1,1.34,8.55,,,Jupiter-sized,<3 days
,1,7.24,120.41,,,Super-Jupiter,3-10 days
,1,5.68,153.43,,,Super-Jupiter,3-10 days
,1,98.11,6.76,,,Jupiter-sized,30-100 days
,1,8.24,193.11,,,Super-Jupiter,3-10 days
,1,8.29,280.61,,,Super-Jupiter,3-10 days
,1,12.37,160.06,,,Super-Jupiter,10-30 days
,1,2.62,148.97,,,Super-Jupiter,<3 days
,1,3.69,106.39,,,Super-Jupiter,3-10 days
,1,68.54,9.63,,,Jupiter-sized,30-100 days
,1,18.23,3722.72,,,Super-Jupiter,10-30 days
,1,68.06,9.15,,,Jupiter-sized,30-100 days
,1,41.39,1.38,,,Super-Earth,30-100 days
,1,23.05,677.1,,,Super-Jupiter,10-30 days
,1,71.93,3.21,,,Neptune-sized,30-100 days
,1,6.38,126.41,,,Super-Jupiter,3-10 days
,1,13.31,138.8,,,Super-Jupiter,10-30 days
,1,2.45,239.7,,,Super-Jupiter,<3 days
,1,81.12,2.75,,,Neptune-sized,30-100 days
,1,36.3,5.02,,,Jupiter-sized,30-100 days
,1,2.47,765.8,,,Super-Jupiter,<3 days
,1,6.32,104.34,,,Super-Jupiter,3-10 days
,1,33.87,1.42,,,Super-Earth,30-100 days
,1,12.76,132.31,,,Super-Jupiter,10-30 days
,1,13.17,12533.88,,,Super-Jupiter,10-30 days
,1,1.4,65.64,,,Super-Jupiter,<3 days
,1,85.66,7.08,,,Jupiter-sized,30-100 days
,1,3.53,293.9,,,Super-Jupiter,3-10 days
,1,67.12,9.12,,,Jupiter-sized,30-100 days
,1,9.58,6.55,,,Jupiter-sized,3-10 days
,1,51.88,6.89,,,Jupiter-sized,30-100 days
,1,50.75,6.03,,,Jupiter-sized,30-100 days
,1,13.51,907.96,,,Super-Jupiter,10-30 days
,1,47.04,9.22,,,Jupiter-sized,30-100 days
,1,14.52,386.78,,,Super-Jupiter,10-30 days
,1,2.55,129.81,,,Super-Jupiter,<3 days
,1,45.13,9.0,,,Jupiter-sized,30-100 days
,1,54.34,1.29,,,Super-Earth,30-100 days
,1,92.52,3.89,,,Neptune-sized,30-100 days
,1,5.36,455.58,,,Super-Jupiter,3-10 days
,1,5.06,189.96,,,Super-Jupiter,3-10 days
,1,30.82,3.37,,,Neptune-sized,30-100 days
,1,4.65,188.39,,,Super-Jupiter,3-10 days
,1,19.98,5.45,,,Jupiter-sized,10-30 days
,1,59.05,9.36,,,Jupiter-sized,30-100 days
,1,14.52,5.08,,,Jupiter-sized,10-30 days
,1,12.14,246.84,,,Super-Jupiter,10-30 days
,1,35.62,5.55,,,Jupiter-sized,30-100 days
,1,2.18,99.29,,,Super-Jupiter,<3 days
,1,3.47,120.4,,,Super-Jupiter,3-10 days
,1,1.89,8236.9,,,Super-Jupiter,<3 days
,1,21.76,401.35,,,Super-Jupiter,10-30 days
,1,2.5,106.93,,,Super-Jupiter,<3 days
,1,5.42,6229.85,,,Super-Jupiter,3-10 days
,1,66.31,9.73,,,Jupiter-sized,30-100 days
,1,98.71,3.81,,,Neptune-sized,30-100 days
,1,99.9,4.77,,,Jupiter-sized,30-100 days
,1,5.42,192.29,,,Super-Jupiter,3-10 days
,1,19.12,2.39,,,Neptune-sized,10-30 days
,1,45.07,464.64,,,Super-Jupiter,30-100 days
,1,73.96,8.69,,,Jupiter-sized,30-100 days
,1,3.45,7.54,,,Jupiter-sized,3-10 days
,1,24.6,346.28,,,Super-Jupiter,10-30 days
,1,86.28,6.55,,,Jupiter-sized,30-100 days
,1,92.6,3.85,,,Neptune-sized,30-100 days
,1,39.52,8.43,,,Jupiter-sized,30-100 days
,1,83.99,7.88,,,Jupiter-sized,30-100 days
,1,10.07,477.75,,,Super-Jupiter,10-30 days
,1,11.64,121.31,,,Super-Jupiter,10-30 days
,1,40.1,7.34,,,Jupiter-sized,30-100 days
,1,1.78,6.5,,,Jupiter-sized,<3 days
,1,5.49,111.8,,,Super-Jupiter,3-10 days
,1,14.31,844.37,,,Super-Jupiter,10-30 days
,1,11.3,130.86,,,Super-Jupiter,10-30 days
,1,12.82,136.94,,,Super-Jupiter,10-30 days
,1,10.46,291.32,,,Super-Jupiter,10-30 days
,1,5.4,2278.86,,,Super-Jupiter,3-10 days
,1,52.09,2.13,,,Neptune-sized,30-100 days
,1,68.93,5.25,,,Jupiter-sized,30-100 days
,1,13.21,7.95,,,Jupiter-sized,10-30 days
,1,7.16,199.1,,,Super-Jupiter,3-10 days
,1,9.36,483.26,,,Super-Jupiter,3-10 days
,1,56.22,6.01,,,Jupiter-sized,30-100 days
,1,10.54,250.37,,,Super-Jupiter,10-30 days
,1,6.95,132.81,,,Super-Jupiter,3-10 days
,1,66.84,2.7,,,Neptune-sized,30-100 days
,1,14.8,264.78,,,Super-Jupiter,10-30 days
,1,55.0,1.6,,,Super-Earth,30-100 days
,1,7.78,217.5,,,Super-Jupiter,3-10 days
,1,70.37,4.92,,,Jupiter-sized,30-100 days
,1,1.86,2.43,,,Neptune-sized,<3 days
,1,13.31,174.96,,,Super-Jupiter,10-30 days
,1,2.27,122.18,,,Super-Jupiter,<3 days
,1,8.27,173.35,,,Super-Jupiter,3-10 days
,1,12.68,2.64,,,Neptune-sized,10-30 days
,1,42.45,458.2,,,Super-Jupiter,30-100 days
,1,4.43,4.87,,,Jupiter-sized,3-10 days
,1,16.05,593.52,,,Super-Jupiter,10-30 days
,1,46.51,3.06,,,Neptune-sized,30-100 days
,1,14.24,461.07,,,Super-Jupiter,10-30 days
,1,54.86,3.03,,,Neptune-sized,30-100 days
,1,17.71,2.87,,,Neptune-sized,10-30 days
,1,42.67,2.08,,,Neptune-sized,30-100 days
,1,3.67,3207.74,,,Super-Jupiter,3-10 days
,1,13.28,276.15,,,Super-Jupiter,10-30 days
,1,20.65,8.13,,,Jupiter-sized,10-30 days
,1,76.91,1.88,,,Super-Earth,30-100 days
,1,12.28,670.91,,,Super-Jupiter,10-30 days
,1,58.56,9.6,,,Jupiter-sized,30-100 days
,1,31.03,5.08,,,Jupiter-sized,30-100 days
,1,91.55,4.38,,,Jupiter-sized,30-100 days
,1,86.2,3.84,,,Neptune-sized,30-100 days
,1,82.64,8.27,,,Jupiter-sized,30-100 days
,1,1.6,94.44,,,Super-Jupiter,<3 days
,1,11.78,430.78,,,Super-Jupiter,10-30 days
,1,8.46,2616.97,,,Super-Jupiter,3-10 days
,1,2.11,113.41,,,Super-Jupiter,<3 days
,1,89.34,6.84,,,Jupiter-sized,30-100 days
,1,6.45,379.02,,,Super-Jupiter,3-10 days
,1,1.51,82.08,,,Super-Jupiter,<3 days
,1,7.0,752.05,,,Super-Jupiter,3-10 days
,1,7.0,115.1,,,Super-Jupiter,3-10 days
,1,1.31,193.39,,,Super-Jupiter,<3 days
,1,1.26,215.59,,,Super-Jupiter,<3 days
,1,90.19,2.25,,,Neptune-sized,30-100 days
,1,2.66,72.54,,,Super-Jupiter,<3 days
,1,13.23,177.6,,,Super-Jupiter,10-30 days
,1,3.79,133.4,,,Super-Jupiter,3-10 days
,1,28.76,224.1,,,Super-Jupiter,10-30 days
,1,2.21,8049.28,,,Super-Jupiter,<3 days
,1,11.13,166.71,,,Super-Jupiter,10-30 days
,1,65.46,7.11,,,Jupiter-sized,30-100 days
,1,17.2,9.42,,,Jupiter-sized,10-30 days
,1,7.3,9.93,,,Jupiter-sized,3-10 days
,1,5.55,1773.18,,,Super-Jupiter,3-10 days
,1,12.15,177.68,,,Super-Jupiter,10-30 days
,1,2.65,4.92,,,Jupiter-sized,<3 days
,1,1.77,8.28,,,Jupiter-sized,<3 days
,1,78.67,9.61,,,Jupiter-sized,30-100 days
,1,8.54,157.94,,,Super-Jupiter,3-10 days
,1,5.1,2.41,,,Neptune-sized,3-10 days
,1,51.05,4.6,,,Jupiter-sized,30-100 days
,1,13.25,303.26,,,Super-Jupiter,10-30 days
,1,2.47,148.89,,,Super-Jupiter,<3 days
,1,3.58,280.68,,,Super-Jupiter,3-10 days
,1,12.8,162.09,,,Super-Jupiter,10-30 days
,1,7.32,207.82,,,Super-Jupiter,3-10 days
,1,2.83,327.53,,,Super-Jupiter,<3 days
,1,7.63,186.47,,,Super-Jupiter,3-10 days
,1,3.26,1310.4,,,Super-Jupiter,3-10 days
,1,3.08,3.25,,,Neptune-sized,3-10 days
,1,42.02,810.23,,,Super-Jupiter,30-100 days
,1,3.1,2.47,,,Neptune-sized,3-10 days
,1,2.63,595.48,,,Super-Jupiter,<3 days
,1,8.62,208.08,,,Super-Jupiter,3-10 days
,1,7.56,137.57,,,Super-Jupiter,3-10 days
,1,62.64,5.91,,,Jupiter-sized,30-100 days
,1,18.55,668.8,,,Super-Jupiter,10-30 days
,1,36.33,1694.24,,,Super-Jupiter,30-100 days
,1,30.06,562.62,,,Super-Jupiter,30-100 days
,1,3.83,117.7,,,Super-Jupiter,3-10 days
,1,6.47,3.44,,,Neptune-sized,3-10 days
,1,12.59,425.5,,,Super-Jupiter,10-30 days
,1,19.09,6.62,,,Jupiter-sized,10-30 days
,1,1.43,78.1,,,Super-Jupiter,<3 days
,1,16.18,6.42,,,Jupiter-sized,10-30 days
,1,44.05,600.22,,,Super-Jupiter,30-100 days
,1,25.52,4.19,,,Jupiter-sized,10-30 days
,1,76.64,3.69,,,Neptune-sized,30-100 days
,1,96.69,1.23,,,Earth-sized,30-100 days
,1,8.76,1203.04,,,Super-Jupiter,3-10 days
,1,44.58,362.22,,,Super-Jupiter,30-100 days
,1,9.29,139.35,,,Super-Jupiter,3-10 days
,1,53.99,5.69,,,Jupiter-sized,30-100 days
,1,7.65,498.51,,,Super-Jupiter,3-10 days
,1,21.6,2.01,,,Neptune-sized,10-30 days
,1,15.05,1000.96,,,Super-Jupiter,10-30 days
,1,96.26,4.23,,,Jupiter-sized,30-100 days
,1,25.53,428.65,,,Super-Jupiter,10-30 days
,1,11.42,313.97,,,Super-Jupiter,10-30 days
,1,79.25,8.22,,,Jupiter-sized,30-100 days
,1,33.23,424.71,,,Super-Jupiter,30-100 days
,1,6.7,2082.64,,,Super-Jupiter,3-10 days
,1,68.2,9.11,,,Jupiter-sized,30-100 days
,1,95.56,2.09,,,Neptune-sized,30-100 days
,1,12.72,4.47,,,Jupiter-sized,10-30 days
,1,7.6,194.54,,,Super-Jupiter,3-10 days
,1,3.58,276.31,,,Super-Jupiter,3-10 days
,1,9.88,4.97,,,Jupiter-sized,3-10 days
,1,41.22,6.0,,,Jupiter-sized,30-100 days
,1,25.82,298.2,,,Super-Jupiter,10-30 days
,1,95.91,9.14,,,Jupiter-sized,30-100 days
,1,8.38,176.93,,,Super-Jupiter,3-10 days
,1,4.67,191.88,,,Super-Jupiter,3-10 days
,1,45.26,3.95,,,Neptune-sized,30-100 days
,1,10.68,337.29,,,Super-Jupiter,10-30 days
,1,76.22,2.8,,,Neptune-sized,30-100 days
,1,11.99,6.68,,,Jupiter-sized,10-30 days
,1,8.15,142.85,,,Super-Jupiter,3-10 days
,1,9.01,144.73,,,Super-Jupiter,3-10 days
,1,1.89,92.78,,,Super-Jupiter,<3 days
,1,11.46,652.58,,,Super-Jupiter,10-30 days
,1,1.35,63.78,,,Super-Jupiter,<3 days
,1,6.62,287.42,,,Super-Jupiter,3-10 days
,1,3.85,95.1,,,Super-Jupiter,3-10 days
,1,7.35,454.25,,,Super-Jupiter,3-10 days
,1,3.4,385.3,,,Super-Jupiter,3-10 days
,1,29.68,8.15,,,Jupiter-sized,10-30 days
,1,1.94,127.23,,,Super-Jupiter,<3 days
,1,27.29,283.87,,,Super-Jupiter,10-30 days
,1,2.66,132.9,,,Super-Jupiter,<3 days
,1,12.74,184.52,,,Super-Jupiter,10-30 days
,1,5.46,1053.75,,,Super-Jupiter,3-10 days
,1,14.06,6.71,,,Jupiter-sized,10-30 days
,1,4.52,128.58,,,Super-Jupiter,3-10 days
,1,20.86,2.33,,,Neptune-sized,10-30 days
,1,67.38,1.44,,,Super-Earth,30-100 days
,1,5.0,185.52,,,Super-Jupiter,3-10 days
,1,8.57,341.2,,,Super-Jupiter,3-10 days
,1,1.73,506.48,,,Super-Jupiter,<3 days
,1,40.88,9.43,,,Jupiter-sized,30-100 days
,1,9.84,98.13,,,Super-Jupiter,3-10 days
,1,8.95,110.63,,,Super-Jupiter,3-10 days
,1,76.11,9.47,,,Jupiter-sized,30-100 days
,1,5.76,165.32,,,Super-Jupiter,3-10 days
,1,41.86,615.01,,,Super-Jupiter,30-100 days
,1,49.57,6.85,,,Jupiter-sized,30-100 days
,1,75.97,8.63,,,Jupiter-sized,30-100 days
,1,24.2,2.04,,,Neptune-sized,10-30 days
,1,4.64,88.36,,,Super-Jupiter,3-10 days
,1,35.76,4.74,,,Jupiter-sized,30-100 days
,1,12.93,137.69,,,Super-Jupiter,10-30 days
,1,30.61,216.41,,,Super-Jupiter,30-100 days
,1,12.68,170.62,,,Super-Jupiter,10-30 days
,1,52.39,9.34,,,Jupiter-sized,30-100 days
,1,52.3,7.7,,,Jupiter-sized,30-100 days
,1,17.78,825.25,,,Super-Jupiter,10-30 days
,1,89.79,4.3,,,Jupiter-sized,30-100 days
,1,4.67,311.67,,,Super-Jupiter,3-10 days
,1,46.36,4.72,,,Jupiter-sized,30-100 days
,1,84.18,6.66,,,Jupiter-sized,30-100 days
,1,12.48,2.86,,,Neptune-sized,10-30 days
,1,4.33,5.11,,,Jupiter-sized,3-10 days
,1,4.76,682.64,,,Super-Jupiter,3-10 days
,1,53.46,9.78,,,Jupiter-sized,30-100 days
,1,11.09,240.51,,,Super-Jupiter,10-30 days
,1,12.62,177.48,,,Super-Jupiter,10-30 days
,1,2.4,781.84,,,Super-Jupiter,<3 days
,1,25.2,1.34,,,Super-Earth,10-30 days
,1,52.58,2.79,,,Neptune-sized,30-100 days
,1,13.77,162.63,,,Super-Jupiter,10-30 days
,1,63.79,5.78,,,Jupiter-sized,30-100 days
,1,8.76,2534.62,,,Super-Jupiter,3-10 days
,1,2.97,2258.19,,,Super-Jupiter,<3 days
,1,4.91,538.86,,,Super-Jupiter,3-10 days
,1,12.77,229.09,,,Super-Jupiter,10-30 days
,1,74.97,7.46,,,Jupiter-sized,30-100 days
,1,11.61,214.57,,,Super-Jupiter,10-30 days
,1,32.92,582.31,,,Super-Jupiter,30-100 days
,1,9.77,388.87,,,Super-Jupiter,3-10 days
,1,11.07,224.96,,,Super-Jupiter,10-30 days
,1,18.55,961.93,,,Super-Jupiter,10-30 days
,1,27.94,307.76,,,Super-Jupiter,10-30 days
,1,84.43,5.27,,,Jupiter-sized,30-100 days
,1,26.85,553.2,,,Super-Jupiter,10-30 days
,1,89.91,7.19,,,Jupiter-sized,30-100 days
,1,11.43,811.66,,,Super-Jupiter,10-30 days
,1,12.35,3.55,,,Neptune-sized,10-30 days
,1,92.0,5.21,,,Jupiter-sized,30-100 days
,1,77.69,8.08,,,Jupiter-sized,30-100 days
,1,18.1,6.5,,,Jupiter-sized,10-30 days
,1,4.74,125.79,,,Super-Jupiter,3-10 days
,1,4.44,98.03,,,Super-Jupiter,3-10 days
,1,10.25,2.14,,,Neptune-sized,10-30 days
,1,42.87,6.59,,,Jupiter-sized,30-100 days
,1,3.07,241.81,,,Super-Jupiter,3-10 days
,1,13.85,266.43,,,Super-Jupiter,10-30 days
,1,14.02,9154.43,,,Super-Jupiter,10-30 days
,1,67.02,7.98,,,Jupiter-sized,30-100 days
,1,2.78,129.44,,,Super-Jupiter,<3 days
,1,83.58,4.95,,,Jupiter-sized,30-100 days
,1,3.78,81.49,,,Super-Jupiter,3-10 days
,1,2.79,76.01,,,Super-Jupiter,<3 days
,1,11.98,1426.59,,,Super-Jupiter,10-30 days
,1,44.01,453.34,,,Super-Jupiter,30-100 days
,1,37.27,314.44,,,Super-Jupiter,30-100 days
,1,2.1,1521.82,,,Super-Jupiter,<3 days
,1,13.85,695.02,,,Super-Jupiter,10-30 days
,1,3.51,134.8,,,Super-Jupiter,3-10 days
,1,41.05,330.54,,,Super-Jupiter,30-100 days
,1,25.63,449.01,,,Super-Jupiter,10-30 days
,1,59.0,7.94,,,Jupiter-sized,30-100 days
,1,97.83,3.61,,,Neptune-sized,30-100 days
,1,10.83,145.58,,,Super-Jupiter,10-30 days
,1,41.42,541.11,,,Super-Jupiter,30-100 days
,1,47.08,2.78,,,Neptune-sized,30-100 days
,1,1.24,136.47,,,Super-Jupiter,<3 days
,1,2.66,72.54,,,Super-Jupiter,<3 days
,1,12.71,1275.29,,,Super-Jupiter,10-30 days
,1,66.81,3.66,,,Neptune-sized,30-100 days
,1,13.29,150.11,,,Super-Jupiter,10-30 days
,1,2.35,128.94,,,Super-Jupiter,<3 days
,1,4.88,175.51,,,Super-Jupiter,3-10 days
,1,3.49,787.41,,,Super-Jupiter,3-10 days
,1,12.31,380.44,,,Super-Jupiter,10-30 days
,1,4.12,100.73,,,Super-Jupiter,3-10 days
,1,99.42,7.42,,,Jupiter-sized,30-100 days
,1,1.76,1063.68,,,Super-Jupiter,<3 days
,1,36.31,7.78,,,Jupiter-sized,30-100 days
,1,23.2,5.8,,,Jupiter-sized,10-30 days
,1,8.34,175.24,,,Super-Jupiter,3-10 days
,1,81.01,9.43,,,Jupiter-sized,30-100 days
,1,58.22,2.41,,,Neptune-sized,30-100 days
,1,13.75,238.59,,,Super-Jupiter,10-30 days
,1,8.8,131.37,,,Super-Jupiter,3-10 days
,1,71.75,6.29,,,Jupiter-sized,30-100 days
,1,12.69,512.39,,,Super-Jupiter,10-30 days
,1,10.04,192.98,,,Super-Jupiter,10-30 days
,1,41.15,9.28,,,Jupiter-sized,30-100 days
,1,6.36,94.76,,,Super-Jupiter,3-10 days
,1,34.78,586.54,,,Super-Jupiter,30-100 days
,1,4.69,98.42,,,Super-Jupiter,3-10 days
,1,97.41,9.93,,,Jupiter-sized,30-100 days
,1,87.69,3.81,,,Neptune-sized,30-100 days
,1,42.49,9.47,,,Jupiter-sized,30-100 days
,1,23.82,483.47,,,Super-Jupiter,10-30 days
,1,90.89,8.15,,,Jupiter-sized,30-100 days
,1,30.38,2142.94,,,Super-Jupiter,30-100 days
,1,69.78,8.37,,,Jupiter-sized,30-100 days
,1,61.77,2.86,,,Neptune-sized,30-100 days
,1,6.73,167.4,,,Super-Jupiter,3-10 days
,1,74.84,5.6,,,Jupiter-sized,30-100 days
,1,12.58,729.22,,,Super-Jupiter,10-30 days
,1,8.24,126.15,,,Super-Jupiter,3-10 days
,1,65.03,8.12,,,Jupiter-sized,30-100 days
,1,5.25,3.96,,,Neptune-sized,3-10 days
,1,70.46,2.84,,,Neptune-sized,30-100 days
,1,7.43,96.73,,,Super-Jupiter,3-10 days
,1,5.36,265.19,,,Super-Jupiter,3-10 days
,1,51.41,9.37,,,Jupiter-sized,30-100 days
,1,20.81,1.18,,,Earth-sized,10-30 days
,1,22.57,4.97,,,Jupiter-sized,10-30 days
,1,91.14,4.68,,,Jupiter-sized,30-100 days
,1,8.91,204.7,,,Super-Jupiter,3-10 days
,1,92.6,7.36,,,Jupiter-sized,30-100 days
,1,7.82,306.64,,,Super-Jupiter,3-10 days
,1,61.94,8.18,,,Jupiter-sized,30-100 days
,1,13.31,195.99,,,Super-Jupiter,10-30 days
,1,63.18,4.57,,,Jupiter-sized,30-100 days
,1,11.2,264.38,,,Super-Jupiter,10-30 days
,1,11.45,3078.51,,,Super-Jupiter,10-30 days
,1,2.62,3145.91,,,Super-Jupiter,<3 days
,1,6.21,237.77,,,Super-Jupiter,3-10 days
,1,10.15,4.01,,,Jupiter-sized,10-30 days
,1,80.05,2.11,,,Neptune-sized,30-100 days
,1,64.85,2.16,,,Neptune-sized,30-100 days
,1,10.99,185.4,,,Super-Jupiter,10-30 days
,1,4.23,244.21,,,Super-Jupiter,3-10 days
,1,45.11,297.8,,,Super-Jupiter,30-100 days
,1,22.93,927.31,,,Super-Jupiter,10-30 days
,1,2.07,98.15,,,Super-Jupiter,<3 days
,1,4.06,6.24,,,Jupiter-sized,3-10 days
,1,1.59,115.4,,,Super-Jupiter,<3 days
,1,30.44,4.24,,,Jupiter-sized,30-100 days
,1,61.02,8.14,,,Jupiter-sized,30-100 days
,1,39.83,9.07,,,Jupiter-sized,30-100 days
,1,97.24,5.36,,,Jupiter-sized,30-100 days
,1,17.77,2.47,,,Neptune-sized,10-30 days
,1,28.77,7.61,,,Jupiter-sized,10-30 days
,1,25.79,5.91,,,Jupiter-sized,10-30 days
,1,12.25,173.15,,,Super-Jupiter,10-30 days
,1,1.37,192.4,,,Super-Jupiter,<3 days
,1,4.72,103.93,,,Super-Jupiter,3-10 days
,1,13.35,459.97,,,Super-Jupiter,10-30 days
,1,14.76,894.54,,,Super-Jupiter,10-30 days
,1,2.48,142.62,,,Super-Jupiter,<3 days
,1,14.64,3.91,,,Neptune-sized,10-30 days
,1,52.59,3.35,,,Neptune-sized,30-100 days
,1,48.3,8.44,,,Jupiter-sized,30-100 days
,1,13.74,475.92,,,Super-Jupiter,10-30 days
,1,62.79,4.51,,,Jupiter-sized,30-100 days
,1,1.63,959.29,,,Super-Jupiter,<3 days
,1,50.69,5.51,,,Jupiter-sized,30-100 days
,1,9.64,118.28,,,Super-Jupiter,3-10 days
,1,26.75,2.63,,,Neptune-sized,10-30 days
,1,2.46,137.69,,,Super-Jupiter,<3 days
,1,3.15,90.61,,,Super-Jupiter,3-10 days
,1,10.78,159.28,,,Super-Jupiter,10-30 days
,1,12.8,101.84,,,Super-Jupiter,10-30 days
,1,38.44,4.21,,,Jupiter-sized,30-100 days
,1,3.24,390.07,,,Super-Jupiter,3-10 days
,1,20.55,4.15,,,Jupiter-sized,10-30 days
,1,10.67,1010.29,,,Super-Jupiter,10-30 days
,1,98.03,8.96,,,Jupiter-sized,30-100 days
,1,49.47,7.98,,,Jupiter-sized,30-100 days
,1,70.8,4.25,,,Jupiter-sized,30-100 days
,1,89.46,4.85,,,Jupiter-sized,30-100 days
,1,2.06,90.93,,,Super-Jupiter,<3 days
,1,8.61,134.85,,,Super-Jupiter,3-10 days
,1,59.02,9.47,,,Jupiter-sized,30-100 days
,1,16.55,559.21,,,Super-Jupiter,10-30 days
,1,8.56,161.73,,,Super-Jupiter,3-10 days
,1,55.89,3.79,,,Neptune-sized,30-100 days
,1,66.15,6.35,,,Jupiter-sized,30-100 days
,1,88.88,8.69,,,Jupiter-sized,30-100 days
,1,7.51,145.25,,,Super-Jupiter,3-10 days
,1,73.2,7.0,,,Jupiter-sized,30-100 days
,1,12.42,112.35,,,Super-Jupiter,10-30 days
,1,10.26,644.84,,,Super-Jupiter,10-30 days
,1,79.58,4.66,,,Jupiter-sized,30-100 days
,1,13.84,162.19,,,Super-Jupiter,10-30 days
,1,85.83,3.25,,,Neptune-sized,30-100 days
,1,10.1,1152.57,,,Super-Jupiter,10-30 days
,1,1.65,1.11,,,Earth-sized,<3 days
,1,1.31,407.33,,,Super-Jupiter,<3 days
,1,10.89,576.45,,,Super-Jupiter,10-30 days
,1,19.11,345.76,,,Super-Jupiter,10-30 days
,1,4.03,566.38,,,Super-Jupiter,3-10 days
,1,10.59,165.35,,,Super-Jupiter,10-30 days
,1,1.1,2.81,,,Neptune-sized,<3 days
,1,4.28,526.49,,,Super-Jupiter,3-10 days
,1,13.23,332.24,,,Super-Jupiter,10-30 days
,1,17.9,3.93,,,Neptune-sized,10-30 days
,1,9.65,129.97,,,Super-Jupiter,3-10 days
,1,6.95,178.1,,,Super-Jupiter,3-10 days
,1,36.41,1.17,,,Earth-sized,30-100 days
,1,45.74,4.14,,,Jupiter-sized,30-100 days
,1,39.18,7.15,,,Jupiter-sized,30-100 days
,1,1.2,110.85,,,Super-Jupiter,<3 days
,1,26.42,6.16,,,Jupiter-sized,10-30 days
,1,7.47,142.85,,,Super-Jupiter,3-10 days
,1,10.12,4.86,,,Jupiter-sized,10-30 days
,1,60.14,6.61,,,Jupiter-sized,30-100 days
,1,2.14,427.69,,,Super-Jupiter,<3 days
,1,60.42,6.27,,,Jupiter-sized,30-100 days
,1,54.3,9.01,,,Jupiter-sized,30-100 days
,1,53.33,2.22,,,Neptune-sized,30-100 days
,1,3.67,114.21,,,Super-Jupiter,3-10 days
,1,9.23,124.34,,,Super-Jupiter,3-10 days
,1,57.94,6.88,,,Jupiter-sized,30-100 days
,1,12.74,1008.67,,,Super-Jupiter,10-30 days
,1,12.73,203.22,,,Super-Jupiter,10-30 days
,1,49.03,5.91,,,Jupiter-sized,30-100 days
,1,62.18,2.87,,,Neptune-sized,30-100 days
,1,11.38,175.77,,,Super-Jupiter,10-30 days
,1,4.92,118.02,,,Super-Jupiter,3-10 days
,1,1.29,166.2,,,Super-Jupiter,<3 days
,1,10.63,148.7,,,Super-Jupiter,10-30 days
,1,13.35,228.5,,,Super-Jupiter,10-30 days
,1,15.79,266.95,,,Super-Jupiter,10-30 days
,1,9.68,2303.09,,,Super-Jupiter,3-10 days
,1,31.53,577.39,,,Super-Jupiter,30-100 days
,1,72.68,2.6,,,Neptune-sized,30-100 days
,1,3.85,143.19,,,Super-Jupiter,3-10 days
,1,13.11,178.69,,,Super-Jupiter,10-30 days
,1,50.82,1.04,,,Earth-sized,30-100 days
,1,19.51,645.96,,,Super-Jupiter,10-30 days
,1,55.41,9.67,,,Jupiter-sized,30-100 days
,1,21.97,9.86,,,Jupiter-sized,10-30 days
,1,7.78,217.5,,,Super-Jupiter,3-10 days
,1,3.66,5.17,,,Jupiter-sized,3-10 days
,1,5.03,145.0,,,Super-Jupiter,3-10 days
,1,1.25,65.35,,,Super-Jupiter,<3 days
,1,1.49,64.66,,,Super-Jupiter,<3 days
,1,7.67,141.66,,,Super-Jupiter,3-10 days
,1,3.59,107.53,,,Super-Jupiter,3-10 days
,1,4.95,2186.5,,,Super-Jupiter,3-10 days
,1,2.37,438.09,,,Super-Jupiter,<3 days
,1,6.27,271.39,,,Super-Jupiter,3-10 days
,1,62.3,3.9,,,Neptune-sized,30-100 days
,1,41.82,9.23,,,Jupiter-sized,30-100 days
,1,37.52,521.41,,,Super-Jupiter,30-100 days
,1,13.82,261.7,,,Super-Jupiter,10-30 days
,1,19.39,668.71,,,Super-Jupiter,10-30 days
,1,11.03,327.09,,,Super-Jupiter,10-30 days
,1,4.78,244.07,,,Super-Jupiter,3-10 days
,1,23.84,4.94,,,Jupiter-sized,10-30 days
,1,64.76,1.92,,,Super-Earth,30-100 days
,1,84.48,3.55,,,Neptune-sized,30-100 days
,1,3.29,340.03,,,Super-Jupiter,3-10 days
,1,4.24,167.2,,,Super-Jupiter,3-10 days
,1,34.92,4.4,,,Jupiter-sized,30-100 days
,1,84.32,2.8,,,Neptune-sized,30-100 days
,1,9.02,113.5,,,Super-Jupiter,3-10 days
,1,97.61,6.66,,,Jupiter-sized,30-100 days
,1,8.56,127.56,,,Super-Jupiter,3-10 days
,1,12.34,1031.96,,,Super-Jupiter,10-30 days
,1,71.75,8.3,,,Jupiter-sized,30-100 days
,1,40.98,360.61,,,Super-Jupiter,30-100 days
,1,32.63,507.59,,,Super-Jupiter,30-100 days
,1,4.09,201.88,,,Super-Jupiter,3-10 days
,1,40.09,357.73,,,Super-Jupiter,30-100 days
,1,1.49,532.79,,,Super-Jupiter,<3 days
,1,29.56,803.92,,,Super-Jupiter,10-30 days
,1,7.4,389.01,,,Super-Jupiter,3-10 days
,1,5.76,164.13,,,Super-Jupiter,3-10 days
,1,13.48,506.27,,,Super-Jupiter,10-30 days
,1,2.1,122.65,,,Super-Jupiter,<3 days
,1,2.89,83.79,,,Super-Jupiter,<3 days
,1,88.49,8.97,,,Jupiter-sized,30-100 days
,1,59.93,2.62,,,Neptune-sized,30-100 days
,1,2.31,164.95,,,Super-Jupiter,<3 days
,1,2.1,174.56,,,Super-Jupiter,<3 days
,1,68.35,3.43,,,Neptune-sized,30-100 days
,1,11.36,1759.0,,,Super-Jupiter,10-30 days
,1,10.13,176.62,,,Super-Jupiter,10-30 days
,1,12.14,193.81,,,Super-Jupiter,10-30 days
,1,12.69,521.14,,,Super-Jupiter,10-30 days
,1,15.51,7.3,,,Jupiter-sized,10-30 days
,1,95.79,8.76,,,Jupiter-sized,30-100 days
,1,48.64,3.97,,,Neptune-sized,30-100 days
,1,11.5,2536.14,,,Super-Jupiter,10-30 days
,1,3.51,118.31,,,Super-Jupiter,3-10 days
,1,9.78,152.55,,,Super-Jupiter,3-10 days
,1,33.25,1.39,,,Super-Earth,30-100 days
,1,7.62,169.97,,,Super-Jupiter,3-10 days
,1,11.03,206.85,,,Super-Jupiter,10-30 days
,1,4.51,148.01,,,Super-Jupiter,3-10 days
,1,23.88,922.43,,,Super-Jupiter,10-30 days
,1,4.67,3.42,,,Neptune-sized,3-10 days
,1,1.35,71.81,,,Super-Jupiter,<3 days
,1,10.82,142.82,,,Super-Jupiter,10-30 days
,1,12.88,4.44,,,Jupiter-sized,10-30 days
,1,1.34,71.61,,,Super-Jupiter,<3 days
,1,61.12,4.98,,,Jupiter-sized,30-100 days
,1,13.65,182.59,,,Super-Jupiter,10-30 days
,1,12.91,167.94,,,Super-Jupiter,10-30 days
,1,9.21,208.53,,,Super-Jupiter,3-10 days
,1,27.44,7.3,,,Jupiter-sized,10-30 days
,1,9.5,412.18,,,Super-Jupiter,3-10 days
,1,6.94,166.52,,,Super-Jupiter,3-10 days
,1,5.47,118.25,,,Super-Jupiter,3-10 days
,1,12.87,195.39,,,Super-Jupiter,10-30 days
,1,7.83,105.95,,,Super-Jupiter,3-10 days
,1,41.98,1.37,,,Super-Earth,30-100 days
,1,1.7,2931.44,,,Super-Jupiter,<3 days
,1,77.0,2.07,,,Neptune-sized,30-100 days
,1,1.54,152.59,,,Super-Jupiter,<3 days
,1,9.08,160.14,,,Super-Jupiter,3-10 days
,1,10.62,218.66,,,Super-Jupiter,10-30 days
,1,10.66,242.78,,,Super-Jupiter,10-30 days
,1,23.8,1.2,,,Earth-sized,10-30 days
,1,8.06,137.96,,,Super-Jupiter,3-10 days
,1,3.01,172.58,,,Super-Jupiter,3-10 days
,1,12.28,235.12,,,Super-Jupiter,10-30 days
,1,1.29,5.46,,,Jupiter-sized,<3 days
,1,6.9,103.64,,,Super-Jupiter,3-10 days
,1,7.09,188.55,,,Super-Jupiter,3-10 days
,1,1.43,103.04,,,Super-Jupiter,<3 days
,1,12.79,431.72,,,Super-Jupiter,10-30 days
,1,62.75,4.71,,,Jupiter-sized,30-100 days
,1,45.3,4.47,,,Jupiter-sized,30-100 days
,1,13.1,157.59,,,Super-Jupiter,10-30 days
,1,79.88,6.86,,,Jupiter-sized,30-100 days
,1,5.41,8.63,,,Jupiter-sized,3-10 days
,1,35.59,1102.14,,,Super-Jupiter,30-100 days
,1,3.55,166.52,,,Super-Jupiter,3-10 days
,1,73.33,9.82,,,Jupiter-sized,30-100 days
,1,4.79,129.5,,,Super-Jupiter,3-10 days
,1,21.46,8.0,,,Jupiter-sized,10-30 days
,1,30.93,362.17,,,Super-Jupiter,30-100 days
,1,11.8,195.16,,,Super-Jupiter,10-30 days
,1,11.42,208.29,,,Super-Jupiter,10-30 days
,1,9.94,189.46,,,Super-Jupiter,3-10 days
,1,8.36,118.55,,,Super-Jupiter,3-10 days
,1,10.46,123.37,,,Super-Jupiter,10-30 days
,1,3.56,147.04,,,Super-Jupiter,3-10 days
,1,39.01,4.08,,,Jupiter-sized,30-100 days
,1,6.48,194.95,,,Super-Jupiter,3-10 days
,1,15.21,724.4,,,Super-Jupiter,10-30 days
,1,2.16,80.76,,,Super-Jupiter,<3 days
,1,9.84,98.13,,,Super-Jupiter,3-10 days
,1,12.91,250.82,,,Super-Jupiter,10-30 days
,1,7.27,245.36,,,Super-Jupiter,3-10 days
,1,40.51,262.85,,,Super-Jupiter,30-100 days
,1,73.93,7.24,,,Jupiter-sized,30-100 days
,1,2.64,379.66,,,Super-Jupiter,<3 days
,1,8.13,330.48,,,Super-Jupiter,3-10 days
,1,3.23,392.63,,,Super-Jupiter,3-10 days
,1,16.69,484.96,,,Super-Jupiter,10-30 days
,1,65.8,8.84,,,Jupiter-sized,30-100 days
,1,11.16,197.37,,,Super-Jupiter,10-30 days
,1,10.64,185.91,,,Super-Jupiter,10-30 days
,1,70.42,5.77,,,Jupiter-sized,30-100 days
,1,1.34,233.45,,,Super-Jupiter,<3 days
,1,64.3,5.66,,,Jupiter-sized,30-100 days
,1,3.74,517.11,,,Super-Jupiter,3-10 days
,1,5.38,157.65,,,Super-Jupiter,3-10 days
,1,3.53,294.66,,,Super-Jupiter,3-10 days
,1,6.94,166.52,,,Super-Jupiter,3-10 days
,1,9.57,2184.97,,,Super-Jupiter,3-10 days
,1,12.63,241.83,,,Super-Jupiter,10-30 days
,1,6.34,214.96,,,Super-Jupiter,3-10 days
,1,13.26,205.06,,,Super-Jupiter,10-30 days
,1,11.5,1660.97,,,Super-Jupiter,10-30 days
,1,87.83,9.08,,,Jupiter-sized,30-100 days
,1,36.78,9.58,,,Jupiter-sized,30-100 days
,1,30.36,2.54,,,Neptune-sized,30-100 days
,1,5.01,1.84,,,Super-Earth,3-10 days
,1,6.64,324.63,,,Super-Jupiter,3-10 days
,1,3.54,126.8,,,Super-Jupiter,3-10 days
,1,1.68,75.54,,,Super-Jupiter,<3 days
,1,32.8,799.4,,,Super-Jupiter,30-100 days
,1,16.65,973.24,,,Super-Jupiter,10-30 days
,1,28.09,311.34,,,Super-Jupiter,10-30 days
,1,37.55,271.17,,,Super-Jupiter,30-100 days
,1,4.5,222.15,,,Super-Jupiter,3-10 days
,1,48.41,430.73,,,Super-Jupiter,30-100 days
,1,4.55,257.15,,,Super-Jupiter,3-10 days
,1,10.04,259.2,,,Super-Jupiter,10-30 days
,1,28.67,1.37,,,Super-Earth,10-30 days
,1,9.45,126.75,,,Super-Jupiter,3-10 days
,1,1.5,99.28,,,Super-Jupiter,<3 days
,1,10.43,126.69,,,Super-Jupiter,10-30 days
,1,12.38,172.9,,,Super-Jupiter,10-30 days
,1,7.88,168.72,,,Super-Jupiter,3-10 days
,1,7.06,129.28,,,Super-Jupiter,3-10 days
,1,1.97,4.95,,,Jupiter-sized,<3 days
,1,13.38,789.05,,,Super-Jupiter,10-30 days
,1,13.31,199.09,,,Super-Jupiter,10-30 days
,1,7.48,430.17,,,Super-Jupiter,3-10 days
,1,13.5,476.87,,,Super-Jupiter,10-30 days
,1,78.61,5.59,,,Jupiter-sized,30-100 days
,1,75.22,9.2,,,Jupiter-sized,30-100 days
,1,6.8,2228.13,,,Super-Jupiter,3-10 days
,1,10.67,4.46,,,Jupiter-sized,10-30 days
,1,5.4,2206.3,,,Super-Jupiter,3-10 days
,1,8.33,112.54,,,Super-Jupiter,3-10 days
,1,10.0,304.49,,,Super-Jupiter,3-10 days
,1,2.2,7595.51,,,Super-Jupiter,<3 days
,1,41.03,4.4,,,Jupiter-sized,30-100 days
,1,13.07,250.79,,,Super-Jupiter,10-30 days
,1,59.82,1.42,,,Super-Earth,30-100 days
,1,7.6,152.44,,,Super-Jupiter,3-10 days
,1,13.93,366.37,,,Super-Jupiter,10-30 days
,1,63.12,8.71,,,Jupiter-sized,30-100 days
,1,5.43,223.86,,,Super-Jupiter,3-10 days
,1,2.14,127.86,,,Super-Jupiter,<3 days
,1,62.49,8.74,,,Jupiter-sized,30-100 days
,1,1.24,3401.04,,,Super-Jupiter,<3 days
,1,10.1,152.14,,,Super-Jupiter,10-30 days
,1,1.2,816.46,,,Super-Jupiter,<3 days
,1,15.67,280.83,,,Super-Jupiter,10-30 days
,1,4.54,2203.2,,,Super-Jupiter,3-10 days
,1,89.64,3.19,,,Neptune-sized,30-100 days
,1,1.86,73.0,,,Super-Jupiter,<3 days
,1,4.76,7.81,,,Jupiter-sized,3-10 days
,1,13.85,137.74,,,Super-Jupiter,10-30 days
,1,53.8,4.13,,,Jupiter-sized,30-100 days
,1,32.9,380.44,,,Super-Jupiter,30-100 days
,1,89.5,5.19,,,Jupiter-sized,30-100 days
,1,13.77,231.84,,,Super-Jupiter,10-30 days
,1,67.36,4.61,,,Jupiter-sized,30-100 days
,1,3.19,74.32,,,Super-Jupiter,3-10 days
,1,11.94,176.37,,,Super-Jupiter,10-30 days
,1,4.9,191.18,,,Super-Jupiter,3-10 days
,1,9.65,138.06,,,Super-Jupiter,3-10 days
,1,99.37,6.12,,,Jupiter-sized,30-100 days
,1,8.45,201.51,,,Super-Jupiter,3-10 days
,1,2.42,3.94,,,Neptune-sized,<3 days
,1,12.46,338.23,,,Super-Jupiter,10-30 days
,1,4.99,105.35,,,Super-Jupiter,3-10 days
,1,3.31,99.83,,,Super-Jupiter,3-10 days
,1,94.02,8.9,,,Jupiter-sized,30-100 days
,1,2.7,274.99,,,Super-Jupiter,<3 days
,1,4.94,314.09,,,Super-Jupiter,3-10 days
,1,83.12,6.78,,,Jupiter-sized,30-100 days
,1,42.38,1429.75,,,Super-Jupiter,30-100 days
,1,10.34,326.45,,,Super-Jupiter,10-30 days
,1,52.59,6.94,,,Jupiter-sized,30-100 days
,1,21.22,8.56,,,Jupiter-sized,10-30 days
,1,22.99,230.22,,,Super-Jupiter,10-30 days
,1,11.16,9.25,,,Jupiter-sized,10-30 days
,1,9.15,149.96,,,Super-Jupiter,3-10 days
,1,10.18,155.47,,,Super-Jupiter,10-30 days
,1,16.64,578.32,,,Super-Jupiter,10-30 days
,1,99.02,8.77,,,Jupiter-sized,30-100 days
,1,13.36,583.15,,,Super-Jupiter,10-30 days
,1,42.38,9.52,,,Jupiter-sized,30-100 days
,1,10.0,160.59,,,Super-Jupiter,3-10 days
,1,4.86,101.14,,,Super-Jupiter,3-10 days
,1,1.79,122.95,,,Super-Jupiter,<3 days
,1,1.76,196.29,,,Super-Jupiter,<3 days
,1,37.01,668.09,,,Super-Jupiter,30-100 days
,1,13.61,266.54,,,Super-Jupiter,10-30 days
,1,10.04,236.89,,,Super-Jupiter,10-30 days
,1,82.24,2.92,,,Neptune-sized,30-100 days
,1,12.69,380.76,,,Super-Jupiter,10-30 days
,1,2.2,964.28,,,Super-Jupiter,<3 days
,1,39.21,3.48,,,Neptune-sized,30-100 days
,1,34.8,9.57,,,Jupiter-sized,30-100 days
,1,14.73,283.25,,,Super-Jupiter,10-30 days
,1,47.13,8.7,,,Jupiter-sized,30-100 days
,1,50.68,7.75,,,Jupiter-sized,30-100 days
,1,95.55,8.88,,,Jupiter-sized,30-100 days
,1,36.52,1036.02,,,Super-Jupiter,30-100 days
,1,7.43,3146.73,,,Super-Jupiter,3-10 days
,1,13.85,223.78,,,Super-Jupiter,10-30 days
,1,3.17,122.72,,,Super-Jupiter,3-10 days
,1,43.47,8.58,,,Jupiter-sized,30-100 days
,1,12.16,165.13,,,Super-Jupiter,10-30 days
,1,9.63,1565.88,,,Super-Jupiter,3-10 days
,1,12.03,3.03,,,Neptune-sized,10-30 days
,1,65.41,7.67,,,Jupiter-sized,30-100 days
,1,9.56,194.26,,,Super-Jupiter,3-10 days
,1,7.46,293.45,,,Super-Jupiter,3-10 days
,1,8.99,7.03,,,Jupiter-sized,3-10 days
,1,5.27,152.74,,,Super-Jupiter,3-10 days
,1,6.46,141.78,,,Super-Jupiter,3-10 days
,1,4.2,756.76,,,Super-Jupiter,3-10 days
,1,9.22,634.79,,,Super-Jupiter,3-10 days
,1,12.33,666.42,,,Super-Jupiter,10-30 days
,1,14.74,820.65,,,Super-Jupiter,10-30 days
,1,8.05,205.54,,,Super-Jupiter,3-10 days
,1,79.94,4.4,,,Jupiter-sized,30-100 days
,1,88.13,4.01,,,Jupiter-sized,30-100 days
,1,32.44,9.82,,,Jupiter-sized,30-100 days
,1,37.11,9.69,,,Jupiter-sized,30-100 days
,1,62.15,5.62,,,Jupiter-sized,30-100 days
,1,3.25,1743.27,,,Super-Jupiter,3-10 days
,1,2.19,129.31,,,Super-Jupiter,<3 days
,1,22.02,8.29,,,Jupiter-sized,10-30 days
,1,2.15,112.25,,,Super-Jupiter,<3 days
,1,1.6,1186.65,,,Super-Jupiter,<3 days
,1,3.56,102.22,,,Super-Jupiter,3-10 days
,1,70.24,5.9,,,Jupiter-sized,30-100 days
,1,11.24,6.27,,,Jupiter-sized,10-30 days
,1,10.47,670.18,,,Super-Jupiter,10-30 days
,1,10.72,132.7,,,Super-Jupiter,10-30 days
,1,74.59,7.77,,,Jupiter-sized,30-100 days
,1,69.88,3.69,,,Neptune-sized,30-100 days
,1,80.26,5.66,,,Jupiter-sized,30-100 days
,1,31.17,6.08,,,Jupiter-sized,30-100 days
,1,3.4,724.81,,,Super-Jupiter,3-10 days
,1,64.64,6.74,,,Jupiter-sized,30-100 days
,1,75.26,7.04,,,Jupiter-sized,30-100 days
,1,7.8,136.93,,,Super-Jupiter,3-10 days
,1,53.6,9.26,,,Jupiter-sized,30-100 days
,1,10.57,142.35,,,Super-Jupiter,10-30 days
,1,10.09,2847.43,,,Super-Jupiter,10-30 days
,1,76.25,6.92,,,Jupiter-sized,30-100 days
,1,9.04,4.9,,,Jupiter-sized,3-10 days
,1,12.78,6657.42,,,Super-Jupiter,10-30 days
,1,66.41,7.02,,,Jupiter-sized,30-100 days
,1,1.41,631.14,,,Super-Jupiter,<3 days
,1,5.46,2.77,,,Neptune-sized,3-10 days
,1,5.02,91.11,,,Super-Jupiter,3-10 days
,1,9.53,212.1,,,Super-Jupiter,3-10 days
,1,9.75,151.76,,,Super-Jupiter,3-10 days
,1,30.93,7.38,,,Jupiter-sized,30-100 days
,1,55.1,1.81,,,Super-Earth,30-100 days
,1,1.2,70.62,,,Super-Jupiter,<3 days
,1,13.44,145.21,,,Super-Jupiter,10-30 days
,1,27.72,2.26,,,Neptune-sized,10-30 days
,1,10.68,119.39,,,Super-Jupiter,10-30 days
,1,10.13,399.34,,,Super-Jupiter,10-30 days
,1,1.29,67.59,,,Super-Jupiter,<3 days
,1,98.93,6.92,,,Jupiter-sized,30-100 days
,1,13.31,188.72,,,Super-Jupiter,10-30 days
,1,17.43,9.47,,,Jupiter-sized,10-30 days
,1,6.27,271.39,,,Super-Jupiter,3-10 days
,1,13.31,322.51,,,Super-Jupiter,10-30 days
,1,4.3,111.98,,,Super-Jupiter,3-10 days
,1,3.85,95.1,,,Super-Jupiter,3-10 days
,1,79.74,7.14,,,Jupiter-sized,30-100 days
,1,9.33,119.78,,,Super-Jupiter,3-10 days
,1,93.12,5.41,,,Jupiter-sized,30-100 days
,1,12.35,184.25,,,Super-Jupiter,10-30 days
,1,56.4,9.5,,,Jupiter-sized,30-100 days
,1,64.04,2.53,,,Neptune-sized,30-100 days
,1,14.46,5.76,,,Jupiter-sized,10-30 days
,1,1.75,74.64,,,Super-Jupiter,<3 days
,1,1.4,91.22,,,Super-Jupiter,<3 days
,1,8.68,148.71,,,Super-Jupiter,3-10 days
,1,36.5,344.45,,,Super-Jupiter,30-100 days
,1,4.69,94.86,,,Super-Jupiter,3-10 days
,1,10.06,136.98,,,Super-Jupiter,10-30 days
,1,11.14,1260.61,,,Super-Jupiter,10-30 days
,1,84.9,3.24,,,Neptune-sized,30-100 days
,1,13.28,198.9,,,Super-Jupiter,10-30 days
,1,3.56,129.07,,,Super-Jupiter,3-10 days
,1,7.07,103.72,,,Super-Jupiter,3-10 days
,1,10.35,294.41,,,Super-Jupiter,10-30 days
,1,10.95,7.52,,,Jupiter-sized,10-30 days
,1,16.22,1019.97,,,Super-Jupiter,10-30 days
,1,27.85,8.95,,,Jupiter-sized,10-30 days
,1,16.7,7.5,,,Jupiter-sized,10-30 days
,1,6.0,203.73,,,Super-Jupiter,3-10 days
,1,13.29,191.76,,,Super-Jupiter,10-30 days
,1,2.16,80.76,,,Super-Jupiter,<3 days
,1,4.66,123.55,,,Super-Jupiter,3-10 days
,1,3.98,167.97,,,Super-Jupiter,3-10 days
,1,26.11,1607.27,,,Super-Jupiter,10-30 days
,1,59.09,1.86,,,Super-Earth,30-100 days
,1,5.4,135.9,,,Super-Jupiter,3-10 days
,1,8.43,472.47,,,Super-Jupiter,3-10 days
,1,6.26,159.06,,,Super-Jupiter,3-10 days
,1,2.47,7186.3,,,Super-Jupiter,<3 days
,1,24.85,1508.7,,,Super-Jupiter,10-30 days
,1,8.51,621.01,,,Super-Jupiter,3-10 days
,1,8.81,254.55,,,Super-Jupiter,3-10 days
,1,25.87,6.01,,,Jupiter-sized,10-30 days
,1,13.33,154.37,,,Super-Jupiter,10-30 days
,1,86.57,1.97,,,Super-Earth,30-100 days
,1,11.18,195.97,,,Super-Jupiter,10-30 days
,1,7.25,804.42,,,Super-Jupiter,3-10 days
,1,18.72,2.09,,,Neptune-sized,10-30 days
,1,1.39,83.72,,,Super-Jupiter,<3 days
,1,4.63,149.75,,,Super-Jupiter,3-10 days
,1,12.95,162.3,,,Super-Jupiter,10-30 days
,1,5.89,139.41,,,Super-Jupiter,3-10 days
,1,13.31,162.99,,,Super-Jupiter,10-30 days
,1,2.49,2742.89,,,Super-Jupiter,<3 days
,1,10.47,3.79,,,Neptune-sized,10-30 days
,1,13.85,170.86,,,Super-Jupiter,10-30 days
,1,88.52,5.84,,,Jupiter-sized,30-100 days
,1,50.96,1.53,,,Super-Earth,30-100 days
,1,8.18,154.79,,,Super-Jupiter,3-10 days
,1,46.39,3.12,,,Neptune-sized,30-100 days
,1,1.34,94.03,,,Super-Jupiter,<3 days
,1,7.12,180.83,,,Super-Jupiter,3-10 days
,1,20.09,6.83,,,Jupiter-sized,10-30 days
,1,11.31,1.98,,,Super-Earth,10-30 days
,1,12.14,6.73,,,Jupiter-sized,10-30 days
,1,12.79,167.23,,,Super-Jupiter,10-30 days
,1,99.8,9.45,,,Jupiter-sized,30-100 days
,1,21.11,2.83,,,Neptune-sized,10-30 days
,1,69.39,6.36,,,Jupiter-sized,30-100 days
,1,51.15,6.1,,,Jupiter-sized,30-100 days
,1,49.88,3.42,,,Neptune-sized,30-100 days
,1,23.0,404.1,,,Super-Jupiter,10-30 days
,1,21.31,617.5,,,Super-Jupiter,10-30 days
,1,7.22,285.8,,,Super-Jupiter,3-10 days
,1,11.62,2.87,,,Neptune-sized,10-30 days
,1,1.29,80.89,,,Super-Jupiter,<3 days
,1,80.51,5.76,,,Jupiter-sized,30-100 days
,1,24.89,743.41,,,Super-Jupiter,10-30 days
,1,39.67,6.37,,,Jupiter-sized,30-100 days
,1,54.6,6.1,,,Jupiter-sized,30-100 days
,1,9.58,346.9,,,Super-Jupiter,3-10 days
,1,92.73,9.16,,,Jupiter-sized,30-100 days
,1,6.2,147.25,,,Super-Jupiter,3-10 days
,1,12.98,364.98,,,Super-Jupiter,10-30 days
,1,7.07,330.76,,,Super-Jupiter,3-10 days
,1,10.06,446.99,,,Super-Jupiter,10-30 days
,1,6.07,127.12,,,Super-Jupiter,3-10 days
,1,11.63,144.11,,,Super-Jupiter,10-30 days
,1,7.08,1178.55,,,Super-Jupiter,3-10 days
,1,37.9,2.35,,,Neptune-sized,30-100 days
,1,29.76,711.21,,,Super-Jupiter,10-30 days
,1,3.05,135.12,,,Super-Jupiter,3-10 days
,1,51.84,4.08,,,Jupiter-sized,30-100 days
,1,4.21,210.39,,,Super-Jupiter,3-10 days
,1,18.68,1.95,,,Super-Earth,10-30 days
,1,66.18,5.99,,,Jupiter-sized,30-100 days
,1,3.6,169.16,,,Super-Jupiter,3-10 days
,1,38.46,622.15,,,Super-Jupiter,30-100 days
,1,44.79,4.46,,,Jupiter-sized,30-100 days
,1,5.72,4.67,,,Jupiter-sized,3-10 days
,1,51.67,6.42,,,Jupiter-sized,30-100 days
,1,8.02,97.66,,,Super-Jupiter,3-10 days
,1,95.08,2.86,,,Neptune-sized,30-100 days
,1,36.74,5.63,,,Jupiter-sized,30-100 days
,1,8.95,193.33,,,Super-Jupiter,3-10 days
,1,9.43,175.27,,,Super-Jupiter,3-10 days
,1,2.79,109.58,,,Super-Jupiter,<3 days
,1,2.11,91.05,,,Super-Jupiter,<3 days
,1,99.32,6.55,,,Jupiter-sized,30-100 days
,1,5.24,142.43,,,Super-Jupiter,3-10 days
,1,1.95,1117.75,,,Super-Jupiter,<3 days
,1,4.39,344.13,,,Super-Jupiter,3-10 days
,1,3.6,94.11,,,Super-Jupiter,3-10 days
,1,3.86,117.99,,,Super-Jupiter,3-10 days
,1,4.95,2334.4,,,Super-Jupiter,3-10 days
,1,20.9,4.91,,,Jupiter-sized,10-30 days
,1,2.76,98.27,,,Super-Jupiter,<3 days
,1,50.75,9.65,,,Jupiter-sized,30-100 days
,1,4.7,104.28,,,Super-Jupiter,3-10 days
,1,3.51,134.06,,,Super-Jupiter,3-10 days
,1,54.71,7.75,,,Jupiter-sized,30-100 days
,1,32.87,6.8,,,Jupiter-sized,30-100 days
,1,74.27,5.36,,,Jupiter-sized,30-100 days
,1,5.62,2009.16,,,Super-Jupiter,3-10 days
,1,40.21,9.91,,,Jupiter-sized,30-100 days
,1,1.95,944.21,,,Super-Jupiter,<3 days
,1,8.23,117.24,,,Super-Jupiter,3-10 days
,1,4.36,102.07,,,Super-Jupiter,3-10 days
,1,9.43,3.65,,,Neptune-sized,3-10 days
,1,4.24,99.23,,,Super-Jupiter,3-10 days
,1,11.98,297.05,,,Super-Jupiter,10-30 days
,1,1.38,91.3,,,Super-Jupiter,<3 days
,1,52.57,4.68,,,Jupiter-sized,30-100 days
,1,3.17,123.8,,,Super-Jupiter,3-10 days
,1,17.54,1.17,,,Earth-sized,10-30 days
,1,40.4,6.64,,,Jupiter-sized,30-100 days
,1,7.7,378.37,,,Super-Jupiter,3-10 days
,1,1.55,101.06,,,Super-Jupiter,<3 days
,1,3.37,6.06,,,Jupiter-sized,3-10 days
,1,12.84,137.33,,,Super-Jupiter,10-30 days
,1,3.54,214.1,,,Super-Jupiter,3-10 days
,1,6.95,131.62,,,Super-Jupiter,3-10 days
,1,11.99,195.45,,,Super-Jupiter,10-30 days
,1,20.12,4.2,,,Jupiter-sized,10-30 days
,1,37.13,2.6,,,Neptune-sized,30-100 days
,1,6.33,91.99,,,Super-Jupiter,3-10 days
,1,11.75,447.03,,,Super-Jupiter,10-30 days
,1,32.98,308.67,,,Super-Jupiter,30-100 days
,1,32.71,709.14,,,Super-Jupiter,30-100 days
,1,98.9,7.3,,,Jupiter-sized,30-100 days
,1,86.83,1.93,,,Super-Earth,30-100 days
,1,1.88,1776.09,,,Super-Jupiter,<3 days
,1,38.07,5.16,,,Jupiter-sized,30-100 days
,1,64.1,6.13,,,Jupiter-sized,30-100 days
,1,4.25,164.66,,,Super-Jupiter,3-10 days
,1,25.51,604.58,,,Super-Jupiter,10-30 days
,1,9.0,144.46,,,Super-Jupiter,3-10 days
,1,7.69,166.0,,,Super-Jupiter,3-10 days
,1,52.32,3.47,,,Neptune-sized,30-100 days
,1,8.2,3.16,,,Neptune-sized,3-10 days
,1,80.42,3.61,,,Neptune-sized,30-100 days
,1,10.04,887.04,,,Super-Jupiter,10-30 days
,1,1.86,201.47,,,Super-Jupiter,<3 days
,1,28.62,446.7,,,Super-Jupiter,10-30 days
,1,1.3,151.13,,,Super-Jupiter,<3 days
,1,1.25,62.33,,,Super-Jupiter,<3 days
,1,81.41,9.92,,,Jupiter-sized,30-100 days
,1,5.56,226.86,,,Super-Jupiter,3-10 days
,1,6.87,6.63,,,Jupiter-sized,3-10 days
,1,50.85,2.93,,,Neptune-sized,30-100 days
,1,12.52,156.53,,,Super-Jupiter,10-30 days
,1,81.09,1.55,,,Super-Earth,30-100 days
,1,48.85,9.33,,,Jupiter-sized,30-100 days
,1,56.23,6.5,,,Jupiter-sized,30-100 days
,1,78.21,9.67,,,Jupiter-sized,30-100 days
,1,35.76,813.83,,,Super-Jupiter,30-100 days
,1,9.29,209.13,,,Super-Jupiter,3-10 days
,1,1.37,138.31,,,Super-Jupiter,<3 days
,1,49.13,3.86,,,Neptune-sized,30-100 days
,1,36.82,778.67,,,Super-Jupiter,30-100 days
,1,12.76,132.31,,,Super-Jupiter,10-30 days
,1,81.6,3.6,,,Neptune-sized,30-100 days
,1,24.43,6.71,,,Jupiter-sized,10-30 days
,1,43.9,1.16,,,Earth-sized,30-100 days
,1,35.98,8.17,,,Jupiter-sized,30-100 days
,1,40.5,5.17,,,Jupiter-sized,30-100 days
,1,68.64,5.06,,,Jupiter-sized,30-100 days
,1,27.08,9.03,,,Jupiter-sized,10-30 days
,1,33.24,5.81,,,Jupiter-sized,30-100 days
,1,1.2,81.51,,,Super-Jupiter,<3 days
,1,10.69,317.35,,,Super-Jupiter,10-30 days
,1,10.07,451.31,,,Super-Jupiter,10-30 days
,1,5.73,234.84,,,Super-Jupiter,3-10 days
,1,15.93,240.43,,,Super-Jupiter,10-30 days
,1,36.56,5.4,,,Jupiter-sized,30-100 days
,1,2.19,225.59,,,Super-Jupiter,<3 days
,1,11.95,201.32,,,Super-Jupiter,10-30 days
,1,10.41,162.66,,,Super-Jupiter,10-30 days
,1,61.89,6.91,,,Jupiter-sized,30-100 days
,1,69.53,8.35,,,Jupiter-sized,30-100 days
,1,33.74,6.91,,,Jupiter-sized,30-100 days
,1,9.41,150.08,,,Super-Jupiter,3-10 days
,1,46.08,271.83,,,Super-Jupiter,30-100 days
,1,5.27,124.95,,,Super-Jupiter,3-10 days
,1,7.22,120.05,,,Super-Jupiter,3-10 days
,1,47.36,8.17,,,Jupiter-sized,30-100 days
,1,48.53,5.27,,,Jupiter-sized,30-100 days
,1,11.98,214.24,,,Super-Jupiter,10-30 days
,1,38.44,9.71,,,Jupiter-sized,30-100 days
,1,13.31,375.05,,,Super-Jupiter,10-30 days
,1,40.7,585.55,,,Super-Jupiter,30-100 days
,1,40.82,3.51,,,Neptune-sized,30-100 days
,1,2.39,84.63,,,Super-Jupiter,<3 days
,1,9.6,402.09,,,Super-Jupiter,3-10 days
,1,63.05,8.81,,,Jupiter-sized,30-100 days
,1,35.71,251.18,,,Super-Jupiter,30-100 days
,1,3.38,201.33,,,Super-Jupiter,3-10 days
,1,11.14,315.01,,,Super-Jupiter,10-30 days
,1,1.66,825.1,,,Super-Jupiter,<3 days
,1,88.79,1.78,,,Super-Earth,30-100 days
,1,26.81,1918.75,,,Super-Jupiter,10-30 days
,1,36.65,7.23,,,Jupiter-sized,30-100 days
,1,4.83,123.12,,,Super-Jupiter,3-10 days
,1,2.05,138.13,,,Super-Jupiter,<3 days
,1,31.51,517.61,,,Super-Jupiter,30-100 days
,1,18.42,349.86,,,Super-Jupiter,10-30 days
,1,3.23,405.97,,,Super-Jupiter,3-10 days
,1,44.39,5.57,,,Jupiter-sized,30-100 days
,1,18.38,631.38,,,Super-Jupiter,10-30 days
,1,37.77,388.49,,,Super-Jupiter,30-100 days
,1,2.21,1417.29,,,Super-Jupiter,<3 days
,1,54.97,8.71,,,Jupiter-sized,30-100 days
,1,14.55,2490.1,,,Super-Jupiter,10-30 days
,1,9.52,8.15,,,Jupiter-sized,3-10 days
,1,18.23,6.6,,,Jupiter-sized,10-30 days
,1,11.35,263.85,,,Super-Jupiter,10-30 days
,1,11.97,226.57,,,Super-Jupiter,10-30 days
,1,9.47,8.21,,,Jupiter-sized,3-10 days
,1,7.8,95.82,,,Super-Jupiter,3-10 days
,1,28.17,1.78,,,Super-Earth,10-30 days
,1,42.75,646.26,,,Super-Jupiter,30-100 days
,1,49.69,2.81,,,Neptune-sized,30-100 days
,1,6.88,891.59,,,Super-Jupiter,3-10 days
,1,7.24,165.25,,,Super-Jupiter,3-10 days
,1,61.01,4.63,,,Jupiter-sized,30-100 days
,1,3.61,122.48,,,Super-Jupiter,3-10 days
,1,12.72,228.59,,,Super-Jupiter,10-30 days
,1,41.07,1.45,,,Super-Earth,30-100 days
,1,2.2,8197.63,,,Super-Jupiter,<3 days
,1,62.84,4.23,,,Jupiter-sized,30-100 days
,1,14.27,713.2,,,Super-Jupiter,10-30 days
,1,25.59,2.55,,,Neptune-sized,10-30 days
,1,37.84,666.92,,,Super-Jupiter,30-100 days
,1,1.96,142.13,,,Super-Jupiter,<3 days
,1,1.22,1571.74,,,Super-Jupiter,<3 days
,1,11.02,1022.57,,,Super-Jupiter,10-30 days
,1,4.75,103.96,,,Super-Jupiter,3-10 days
,1,14.21,593.27,,,Super-Jupiter,10-30 days
,1,3.55,133.76,,,Super-Jupiter,3-10 days
,1,48.36,8.41,,,Jupiter-sized,30-100 days
,1,5.5,109.18,,,Super-Jupiter,3-10 days
,1,2.65,169.99,,,Super-Jupiter,<3 days
,1,11.5,245.09,,,Super-Jupiter,10-30 days
,1,80.49,9.52,,,Jupiter-sized,30-100 days
,1,13.29,187.81,,,Super-Jupiter,10-30 days
,1,97.11,5.96,,,Jupiter-sized,30-100 days
,1,30.47,5.01,,,Jupiter-sized,30-100 days
,1,10.41,5.67,,,Jupiter-sized,10-30 days
,1,37.44,264.65,,,Super-Jupiter,30-100 days
,1,12.47,128.06,,,Super-Jupiter,10-30 days
,1,15.32,3186.12,,,Super-Jupiter,10-30 days
,1,80.21,6.89,,,Jupiter-sized,30-100 days
,1,11.6,403.9,,,Super-Jupiter,10-30 days
,1,17.1,1493.92,,,Super-Jupiter,10-30 days
,1,20.87,7.39,,,Jupiter-sized,10-30 days
,1,95.23,6.82,,,Jupiter-sized,30-100 days
,1,24.94,2.64,,,Neptune-sized,10-30 days
,1,77.13,9.93,,,Jupiter-sized,30-100 days
,1,10.34,168.42,,,Super-Jupiter,10-30 days
,1,45.66,2.31,,,Neptune-sized,30-100 days
,1,4.92,209.91,,,Super-Jupiter,3-10 days
,1,2.4,770.41,,,Super-Jupiter,<3 days
,1,23.0,8.03,,,Jupiter-sized,10-30 days
,1,5.66,85.9,,,Super-Jupiter,3-10 days
,1,13.23,186.95,,,Super-Jupiter,10-30 days
,1,15.1,7.57,,,Jupiter-sized,10-30 days
,1,51.01,3.28,,,Neptune-sized,30-100 days
,1,75.95,5.65,,,Jupiter-sized,30-100 days
,1,8.24,193.11,,,Super-Jupiter,3-10 days
,1,17.47,2077.66,,,Super-Jupiter,10-30 days
,1,5.3,331.76,,,Super-Jupiter,3-10 days
,1,11.49,115.96,,,Super-Jupiter,10-30 days
,1,7.57,266.55,,,Super-Jupiter,3-10 days
,1,81.86,9.05,,,Jupiter-sized,30-100 days
,1,11.62,156.94,,,Super-Jupiter,10-30 days
,1,24.49,1.22,,,Earth-sized,10-30 days
,1,8.86,159.5,,,Super-Jupiter,3-10 days
,1,48.47,9.08,,,Jupiter-sized,30-100 days
,1,7.07,330.76,,,Super-Jupiter,3-10 days
,1,1.21,95.02,,,Super-Jupiter,<3 days
,1,26.19,6.38,,,Jupiter-sized,10-30 days
,1,5.95,105.32,,,Super-Jupiter,3-10 days
,1,7.3,128.76,,,Super-Jupiter,3-10 days
,1,17.08,630.77,,,Super-Jupiter,10-30 days
,1,13.31,413.54,,,Super-Jupiter,10-30 days
,1,87.91,6.69,,,Jupiter-sized,30-100 days
,1,92.62,6.44,,,Jupiter-sized,30-100 days
,1,22.64,246.33,,,Super-Jupiter,10-30 days
,1,20.69,371.52,,,Super-Jupiter,10-30 days
,1,3.51,180.82,,,Super-Jupiter,3-10 days
,1,9.35,132.38,,,Super-Jupiter,3-10 days
,1,4.96,119.53,,,Super-Jupiter,3-10 days
,1,12.63,169.77,,,Super-Jupiter,10-30 days
,1,5.48,97.43,,,Super-Jupiter,3-10 days
,1,5.14,112.84,,,Super-Jupiter,3-10 days
,1,11.48,151.96,,,Super-Jupiter,10-30 days
,1,32.6,2727.21,,,Super-Jupiter,30-100 days
,1,13.63,471.93,,,Super-Jupiter,10-30 days
,1,99.87,3.64,,,Neptune-sized,30-100 days
,1,9.23,1008.91,,,Super-Jupiter,3-10 days
,1,4.28,506.31,,,Super-Jupiter,3-10 days
,1,6.95,178.1,,,Super-Jupiter,3-10 days
,1,37.87,288.83,,,Super-Jupiter,30-100 days
,1,52.41,9.46,,,Jupiter-sized,30-100 days
,1,55.39,1.61,,,Super-Earth,30-100 days
,1,4.38,126.58,,,Super-Jupiter,3-10 days
,1,96.12,3.28,,,Neptune-sized,30-100 days
,1,2.39,80.75,,,Super-Jupiter,<3 days
,1,10.98,139.66,,,Super-Jupiter,10-30 days
,1,8.89,144.43,,,Super-Jupiter,3-10 days
,1,94.1,8.17,,,Jupiter-sized,30-100 days
,1,47.44,5.95,,,Jupiter-sized,30-100 days
,1,2.53,241.51,,,Super-Jupiter,<3 days
,1,27.79,6.78,,,Jupiter-sized,10-30 days
,1,11.31,261.53,,,Super-Jupiter,10-30 days
,1,99.61,9.59,,,Jupiter-sized,30-100 days
,1,12.69,147.73,,,Super-Jupiter,10-30 days
,1,8.2,152.5,,,Super-Jupiter,3-10 days
,1,11.64,191.24,,,Super-Jupiter,10-30 days
,1,33.23,1322.23,,,Super-Jupiter,30-100 days
,1,2.86,101.44,,,Super-Jupiter,<3 days
,1,4.87,242.04,,,Super-Jupiter,3-10 days
,1,4.52,154.65,,,Super-Jupiter,3-10 days
,1,33.75,6.71,,,Jupiter-sized,30-100 days
,1,28.05,586.64,,,Super-Jupiter,10-30 days
,1,89.66,1.98,,,Super-Earth,30-100 days
,1,79.31,2.11,,,Neptune-sized,30-100 days
,1,38.51,1.39,,,Super-Earth,30-100 days
,1,35.54,5.92,,,Jupiter-sized,30-100 days
,1,11.72,198.7,,,Super-Jupiter,10-30 days
,1,6.8,2308.39,,,Super-Jupiter,3-10 days
,1,7.69,184.39,,,Super-Jupiter,3-10 days
,1,3.79,110.7,,,Super-Jupiter,3-10 days
,1,8.36,237.41,,,Super-Jupiter,3-10 days
,1,10.26,169.44,,,Super-Jupiter,10-30 days
,1,9.63,136.21,,,Super-Jupiter,3-10 days
,1,9.04,176.59,,,Super-Jupiter,3-10 days
,1,24.89,490.2,,,Super-Jupiter,10-30 days
,1,5.39,337.38,,,Super-Jupiter,3-10 days
,1,23.04,6.42,,,Jupiter-sized,10-30 days
,1,1.33,154.57,,,Super-Jupiter,<3 days
,1,9.35,3.39,,,Neptune-sized,3-10 days
,1,94.44,3.32,,,Neptune-sized,30-100 days
,1,18.79,265.54,,,Super-Jupiter,10-30 days
,1,98.84,6.6,,,Jupiter-sized,30-100 days
,1,8.64,125.5,,,Super-Jupiter,3-10 days
,1,1.98,109.15,,,Super-Jupiter,<3 days
,1,44.84,4.01,,,Jupiter-sized,30-100 days
,1,33.76,5.09,,,Jupiter-sized,30-100 days
,1,78.78,3.32,,,Neptune-sized,30-100 days
,1,26.07,4.98,,,Jupiter-sized,10-30 days
,1,9.17,1235.44,,,Super-Jupiter,3-10 days
,1,14.53,357.74,,,Super-Jupiter,10-30 days
,1,13.22,239.76,,,Super-Jupiter,10-30 days
,1,11.11,449.07,,,Super-Jupiter,10-30 days
,1,37.37,1.94,,,Super-Earth,30-100 days
,1,5.06,149.72,,,Super-Jupiter,3-10 days
,1,53.17,3.73,,,Neptune-sized,30-100 days
,1,70.7,4.99,,,Jupiter-sized,30-100 days
,1,13.19,308.52,,,Super-Jupiter,10-30 days
,1,77.58,9.44,,,Jupiter-sized,30-100 days
,1,65.38,1.14,,,Earth-sized,30-100 days
,1,3.8,205.34,,,Super-Jupiter,3-10 days
,1,9.9,160.39,,,Super-Jupiter,3-10 days
,1,79.17,4.01,,,Jupiter-sized,30-100 days
,1,5.97,149.24,,,Super-Jupiter,3-10 days
,1,13.31,206.02,,,Super-Jupiter,10-30 days
,1,47.81,1.22,,,Earth-sized,30-100 days
,1,30.49,2348.36,,,Super-Jupiter,30-100 days
,1,4.49,150.16,,,Super-Jupiter,3-10 days
,1,31.86,9.41,,,Jupiter-sized,30-100 days
,1,10.2,255.53,,,Super-Jupiter,10-30 days
,1,15.21,296.42,,,Super-Jupiter,10-30 days
,1,57.67,9.94,,,Jupiter-sized,30-100 days
,1,2.15,88.4,,,Super-Jupiter,<3 days
,1,12.67,265.97,,,Super-Jupiter,10-30 days
,1,48.47,6.58,,,Jupiter-sized,30-100 days
,1,26.35,9.28,,,Jupiter-sized,10-30 days
,1,13.34,166.11,,,Super-Jupiter,10-30 days
,1,1.22,109.37,,,Super-Jupiter,<3 days
,1,13.31,211.94,,,Super-Jupiter,10-30 days
,1,8.68,180.33,,,Super-Jupiter,3-10 days
,1,6.35,605.26,,,Super-Jupiter,3-10 days
,1,13.34,232.51,,,Super-Jupiter,10-30 days
,1,79.41,7.69,,,Jupiter-sized,30-100 days
,1,1.45,197.3,,,Super-Jupiter,<3 days
,1,82.24,5.94,,,Jupiter-sized,30-100 days
,1,27.66,366.43,,,Super-Jupiter,10-30 days
,1,9.32,290.47,,,Super-Jupiter,3-10 days
,1,7.88,409.26,,,Super-Jupiter,3-10 days
,1,13.81,535.01,,,Super-Jupiter,10-30 days
,1,10.61,133.49,,,Super-Jupiter,10-30 days
,1,18.42,2.14,,,Neptune-sized,10-30 days
,1,16.53,319.62,,,Super-Jupiter,10-30 days
,1,2.62,478.12,,,Super-Jupiter,<3 days
,1,40.74,8.56,,,Jupiter-sized,30-100 days
,1,8.96,172.86,,,Super-Jupiter,3-10 days
,1,15.37,197.28,,,Super-Jupiter,10-30 days
,1,25.92,288.35,,,Super-Jupiter,10-30 days
,1,99.17,9.3,,,Jupiter-sized,30-100 days
,1,19.39,1.87,,,Super-Earth,10-30 days
,1,8.62,104.35,,,Super-Jupiter,3-10 days
,1,42.95,480.95,,,Super-Jupiter,30-100 days
,1,3.1,92.95,,,Super-Jupiter,3-10 days
,1,96.06,4.7,,,Jupiter-sized,30-100 days
,1,38.09,304.15,,,Super-Jupiter,30-100 days
,1,65.03,9.37,,,Jupiter-sized,30-100 days
,1,1.56,142.23,,,Super-Jupiter,<3 days
,1,11.6,495.22,,,Super-Jupiter,10-30 days
,1,2.38,456.09,,,Super-Jupiter,<3 days
,1,67.1,5.12,,,Jupiter-sized,30-100 days
,1,1.52,75.72,,,Super-Jupiter,<3 days
,1,7.71,168.7,,,Super-Jupiter,3-10 days
,1,12.28,218.02,,,Super-Jupiter,10-30 days
,1,4.51,133.77,,,Super-Jupiter,3-10 days
,1,56.72,7.96,,,Jupiter-sized,30-100 days
,1,11.1,324.3,,,Super-Jupiter,10-30 days
,1,13.02,544.25,,,Super-Jupiter,10-30 days
,1,20.96,4.31,,,Jupiter-sized,10-30 days
,1,6.42,174.27,,,Super-Jupiter,3-10 days
,1,81.37,7.1,,,Jupiter-sized,30-100 days
,1,67.3,8.97,,,Jupiter-sized,30-100 days
,1,12.41,331.6,,,Super-Jupiter,10-30 days
,1,81.81,2.33,,,Neptune-sized,30-100 days
,1,68.33,6.22,,,Jupiter-sized,30-100 days
,1,20.48,7.56,,,Jupiter-sized,10-30 days
,1,2.94,70.29,,,Super-Jupiter,<3 days
,1,18.55,2.87,,,Neptune-sized,10-30 days
,1,4.2,1237.42,,,Super-Jupiter,3-10 days
,1,20.23,5.59,,,Jupiter-sized,10-30 days
,1,7.55,392.13,,,Super-Jupiter,3-10 days
,1,3.47,85.19,,,Super-Jupiter,3-10 days
,1,12.69,130.81,,,Super-Jupiter,10-30 days
,1,13.0,167.79,,,Super-Jupiter,10-30 days
,1,12.89,233.89,,,Super-Jupiter,10-30 days
,1,1.36,149.3,,,Super-Jupiter,<3 days
,1,58.19,7.69,,,Jupiter-sized,30-100 days
,1,15.1,532.09,,,Super-Jupiter,10-30 days
,1,44.24,3.25,,,Neptune-sized,30-100 days
,1,43.47,4.53,,,Jupiter-sized,30-100 days
,1,7.6,147.43,,,Super-Jupiter,3-10 days
,1,10.86,413.29,,,Super-Jupiter,10-30 days
,1,5.47,118.25,,,Super-Jupiter,3-10 days
,1,20.3,221.72,,,Super-Jupiter,10-30 days
,1,11.81,164.38,,,Super-Jupiter,10-30 days
,1,7.02,147.66,,,Super-Jupiter,3-10 days
,1,40.01,3090.12,,,Super-Jupiter,30-100 days
,1,1.42,107.06,,,Super-Jupiter,<3 days
,1,16.17,6.93,,,Jupiter-sized,10-30 days
,1,23.17,5.66,,,Jupiter-sized,10-30 days
,1,12.78,300.21,,,Super-Jupiter,10-30 days
,1,5.68,226.16,,,Super-Jupiter,3-10 days
,1,7.83,6.06,,,Jupiter-sized,3-10 days
,1,21.96,4.3,,,Jupiter-sized,10-30 days
,1,12.76,204.8,,,Super-Jupiter,10-30 days
,1,2.4,3123.54,,,Super-Jupiter,<3 days
,1,12.19,167.3,,,Super-Jupiter,10-30 days
,1,8.33,7.59,,,Jupiter-sized,3-10 days
,1,41.53,5.0,,,Jupiter-sized,30-100 days
,1,14.96,1.95,,,Super-Earth,10-30 days
,1,24.74,368.64,,,Super-Jupiter,10-30 days
,1,11.19,390.19,,,Super-Jupiter,10-30 days
,1,35.02,329.34,,,Super-Jupiter,30-100 days
,1,34.57,9.7,,,Jupiter-sized,30-100 days
,1,13.34,245.23,,,Super-Jupiter,10-30 days
,1,49.75,2.47,,,Neptune-sized,30-100 days
,1,7.77,155.7,,,Super-Jupiter,3-10 days
,1,1.9,73.64,,,Super-Jupiter,<3 days
,1,13.54,499.33,,,Super-Jupiter,10-30 days
,1,4.31,149.67,,,Super-Jupiter,3-10 days
,1,8.89,256.26,,,Super-Jupiter,3-10 days
,1,15.55,2248.45,,,Super-Jupiter,10-30 days
,1,10.69,133.85,,,Super-Jupiter,10-30 days
,1,68.69,8.31,,,Jupiter-sized,30-100 days
,1,12.39,122.28,,,Super-Jupiter,10-30 days
,1,11.43,1360.98,,,Super-Jupiter,10-30 days
,1,8.13,101.29,,,Super-Jupiter,3-10 days
,1,9.32,115.39,,,Super-Jupiter,3-10 days
,1,12.37,172.56,,,Super-Jupiter,10-30 days
,1,39.31,273.62,,,Super-Jupiter,30-100 days
,1,11.77,196.31,,,Super-Jupiter,10-30 days
,1,2.05,149.05,,,Super-Jupiter,<3 days
,1,4.06,178.42,,,Super-Jupiter,3-10 days
,1,10.53,99.76,,,Super-Jupiter,10-30 days
,1,10.72,154.33,,,Super-Jupiter,10-30 days
,1,75.54,6.73,,,Jupiter-sized,30-100 days
,1,7.82,144.75,,,Super-Jupiter,3-10 days
,1,7.15,137.23,,,Super-Jupiter,3-10 days
,1,86.6,2.27,,,Neptune-sized,30-100 days
,1,13.31,181.25,,,Super-Jupiter,10-30 days
,1,13.18,2046.53,,,Super-Jupiter,10-30 days
,1,3.21,124.29,,,Super-Jupiter,3-10 days
,1,40.38,5.47,,,Jupiter-sized,30-100 days
,1,1.29,1490.91,,,Super-Jupiter,<3 days
,1,72.44,8.81,,,Jupiter-sized,30-100 days
,1,4.65,118.98,,,Super-Jupiter,3-10 days
,1,11.42,208.29,,,Super-Jupiter,10-30 days
,1,87.43,8.78,,,Jupiter-sized,30-100 days
,1,14.44,2164.29,,,Super-Jupiter,10-30 days
,1,44.88,294.2,,,Super-Jupiter,30-100 days
,1,1.58,2007.54,,,Super-Jupiter,<3 days
,1,4.28,287.96,,,Super-Jupiter,3-10 days
,1,40.0,9.52,,,Jupiter-sized,30-100 days
,1,3.76,380.03,,,Super-Jupiter,3-10 days
,1,9.51,7.95,,,Jupiter-sized,3-10 days
,1,40.13,8.02,,,Jupiter-sized,30-100 days
,1,60.6,6.26,,,Jupiter-sized,30-100 days
,1,1.31,208.53,,,Super-Jupiter,<3 days
,1,9.64,1283.52,,,Super-Jupiter,3-10 days
,1,16.55,9.02,,,Jupiter-sized,10-30 days
,1,3.5,97.69,,,Super-Jupiter,3-10 days
,1,33.52,5.55,,,Jupiter-sized,30-100 days
,1,1.44,976.8,,,Super-Jupiter,<3 days
,1,76.44,8.77,,,Jupiter-sized,30-100 days
,1,5.51,145.94,,,Super-Jupiter,3-10 days
,1,84.75,1.95,,,Super-Earth,30-100 days
,1,38.9,5.39,,,Jupiter-sized,30-100 days
,1,1.38,3.77,,,Neptune-sized,<3 days
,1,6.79,295.36,,,Super-Jupiter,3-10 days
,1,8.21,107.48,,,Super-Jupiter,3-10 days
,1,95.86,8.05,,,Jupiter-sized,30-100 days
,1,33.45,6.06,,,Jupiter-sized,30-100 days
,1,37.01,3.35,,,Neptune-sized,30-100 days
,1,9.7,175.76,,,Super-Jupiter,3-10 days
,1,3.24,2923.02,,,Super-Jupiter,3-10 days
,1,35.76,6.24,,,Jupiter-sized,30-100 days
,1,96.25,9.15,,,Jupiter-sized,30-100 days
,1,7.19,184.51,,,Super-Jupiter,3-10 days
,1,19.62,559.1,,,Super-Jupiter,10-30 days
,1,9.96,171.44,,,Super-Jupiter,3-10 days
,1,1.98,93.37,,,Super-Jupiter,<3 days
,1,20.02,236.76,,,Super-Jupiter,10-30 days
,1,10.44,152.24,,,Super-Jupiter,10-30 days
,1,13.69,9.2,,,Jupiter-sized,10-30 days
,1,53.85,4.48,,,Jupiter-sized,30-100 days
,1,55.38,2.51,,,Neptune-sized,30-100 days
,1,1.76,1046.99,,,Super-Jupiter,<3 days
,1,85.43,2.4,,,Neptune-sized,30-100 days
,1,76.66,1.66,,,Super-Earth,30-100 days
,1,13.79,187.84,,,Super-Jupiter,10-30 days
,1,8.26,139.48,,,Super-Jupiter,3-10 days
,1,9.88,224.2,,,Super-Jupiter,3-10 days
,1,10.55,5.3,,,Jupiter-sized,10-30 days
,1,84.21,8.63,,,Jupiter-sized,30-100 days
,1,22.38,9.17,,,Jupiter-sized,10-30 days
,1,1.48,97.5,,,Super-Jupiter,<3 days
,1,2.47,1054.74,,,Super-Jupiter,<3 days
,1,6.99,447.27,,,Super-Jupiter,3-10 days
,1,6.46,201.44,,,Super-Jupiter,3-10 days
,1,10.2,141.89,,,Super-Jupiter,10-30 days
,1,13.38,5.06,,,Jupiter-sized,10-30 days
,1,20.31,351.41,,,Super-Jupiter,10-30 days
,1,4.1,126.3,,,Super-Jupiter,3-10 days
,1,98.61,5.14,,,Jupiter-sized,30-100 days
,1,15.33,9.8,,,Jupiter-sized,10-30 days
,1,3.39,112.25,,,Super-Jupiter,3-10 days
,1,3.95,95.46,,,Super-Jupiter,3-10 days
,1,3.48,566.13,,,Super-Jupiter,3-10 days
,1,1.97,175.55,,,Super-Jupiter,<3 days
,1,12.0,169.04,,,Super-Jupiter,10-30 days
,1,17.44,752.57,,,Super-Jupiter,10-30 days
,1,13.23,212.64,,,Super-Jupiter,10-30 days
,1,12.45,222.4,,,Super-Jupiter,10-30 days
,1,92.09,9.13,,,Jupiter-sized,30-100 days
,1,96.34,7.65,,,Jupiter-sized,30-100 days
,1,21.88,7.27,,,Jupiter-sized,10-30 days
,1,7.73,105.3,,,Super-Jupiter,3-10 days
,1,2.77,95.09,,,Super-Jupiter,<3 days
,1,64.71,5.93,,,Jupiter-sized,30-100 days
,1,98.04,1.57,,,Super-Earth,30-100 days
,1,28.96,9.28,,,Jupiter-sized,10-30 days
,1,3.06,9.63,,,Jupiter-sized,3-10 days
,1,4.81,293.17,,,Super-Jupiter,3-10 days
,1,1.6,156.82,,,Super-Jupiter,<3 days
,1,6.72,104.14,,,Super-Jupiter,3-10 days
,1,13.22,291.58,,,Super-Jupiter,10-30 days
,1,39.5,3.53,,,Neptune-sized,30-100 days
,1,39.38,1537.16,,,Super-Jupiter,30-100 days
,1,7.53,99.3,,,Super-Jupiter,3-10 days
,1,14.28,306.98,,,Super-Jupiter,10-30 days
,1,9.63,237.68,,,Super-Jupiter,3-10 days
,1,4.56,131.97,,,Super-Jupiter,3-10 days
,1,8.85,1.5,,,Super-Earth,3-10 days
,1,1.5,3.18,,,Neptune-sized,<3 days
,1,3.9,185.09,,,Super-Jupiter,3-10 days
,1,13.31,163.45,,,Super-Jupiter,10-30 days
,1,3.89,228.71,,,Super-Jupiter,3-10 days
,1,36.71,652.86,,,Super-Jupiter,30-100 days
,1,13.31,235.91,,,Super-Jupiter,10-30 days
,1,10.84,179.59,,,Super-Jupiter,10-30 days
,1,9.87,194.68,,,Super-Jupiter,3-10 days
,1,29.41,9.97,,,Jupiter-sized,10-30 days
,1,9.88,224.2,,,Super-Jupiter,3-10 days
,1,1.36,95.27,,,Super-Jupiter,<3 days
,1,12.21,132.01,,,Super-Jupiter,10-30 days
,1,13.17,906.24,,,Super-Jupiter,10-30 days
,1,1.22,1504.47,,,Super-Jupiter,<3 days
,1,2.2,996.78,,,Super-Jupiter,<3 days
,1,10.74,3.77,,,Neptune-sized,10-30 days
,1,20.58,9.95,,,Jupiter-sized,10-30 days
,1,27.03,382.45,,,Super-Jupiter,10-30 days
,1,2.7,355.54,,,Super-Jupiter,<3 days
,1,2.34,2405.61,,,Super-Jupiter,<3 days
,1,81.45,6.44,,,Jupiter-sized,30-100 days
,1,1.2,127.91,,,Super-Jupiter,<3 days
,1,1.24,75.35,,,Super-Jupiter,<3 days
,1,1.76,1047.03,,,Super-Jupiter,<3 days
,1,13.93,158.81,,,Super-Jupiter,10-30 days
,1,13.31,260.54,,,Super-Jupiter,10-30 days
,1,12.66,187.62,,,Super-Jupiter,10-30 days
,1,38.38,1386.59,,,Super-Jupiter,30-100 days
,1,32.31,414.27,,,Super-Jupiter,30-100 days
,1,19.58,2.05,,,Neptune-sized,10-30 days
,1,1.99,81.54,,,Super-Jupiter,<3 days
,1,6.79,2303.47,,,Super-Jupiter,3-10 days
,1,6.82,231.5,,,Super-Jupiter,3-10 days
,1,13.56,1172.84,,,Super-Jupiter,10-30 days
,1,5.82,150.47,,,Super-Jupiter,3-10 days
,1,7.26,151.28,,,Super-Jupiter,3-10 days
,1,24.56,671.52,,,Super-Jupiter,10-30 days
,1,28.05,1.49,,,Super-Earth,10-30 days
,1,12.15,162.23,,,Super-Jupiter,10-30 days
,1,12.68,168.26,,,Super-Jupiter,10-30 days
,1,1.42,141.47,,,Super-Jupiter,<3 days
,1,8.36,188.33,,,Super-Jupiter,3-10 days
,1,10.28,1563.69,,,Super-Jupiter,10-30 days
,1,98.05,2.17,,,Neptune-sized,30-100 days
,1,6.95,262.54,,,Super-Jupiter,3-10 days
,1,1.73,236.34,,,Super-Jupiter,<3 days
,1,5.28,4.76,,,Jupiter-sized,3-10 days
,1,47.88,3.46,,,Neptune-sized,30-100 days
,1,96.78,8.89,,,Jupiter-sized,30-100 days
,1,4.46,197.83,,,Super-Jupiter,3-10 days
,1,2.64,98.24,,,Super-Jupiter,<3 days
,1,83.05,2.64,,,Neptune-sized,30-100 days
,1,13.17,149.08,,,Super-Jupiter,10-30 days
,1,6.79,283.79,,,Super-Jupiter,3-10 days
,1,53.31,8.07,,,Jupiter-sized,30-100 days
,1,3.47,3.53,,,Neptune-sized,3-10 days
,1,11.92,5.64,,,Jupiter-sized,10-30 days
,1,9.55,113.27,,,Super-Jupiter,3-10 days
,1,65.05,7.46,,,Jupiter-sized,30-100 days
,1,60.76,7.21,,,Jupiter-sized,30-100 days
,1,6.07,3.47,,,Neptune-sized,3-10 days
,1,1.95,1575.84,,,Super-Jupiter,<3 days
,1,13.24,202.86,,,Super-Jupiter,10-30 days
,1,6.44,2965.25,,,Super-Jupiter,3-10 days
,1,11.3,810.94,,,Super-Jupiter,10-30 days
,1,5.12,1.16,,,Earth-sized,3-10 days
,1,39.3,831.52,,,Super-Jupiter,30-100 days
,1,25.44,3348.84,,,Super-Jupiter,10-30 days
,1,24.72,3.63,,,Neptune-sized,10-30 days
,1,79.68,9.92,,,Jupiter-sized,30-100 days
,1,4.01,645.31,,,Super-Jupiter,3-10 days
,1,65.22,7.25,,,Jupiter-sized,30-100 days
,1,8.87,207.21,,,Super-Jupiter,3-10 days
,1,40.01,5.33,,,Jupiter-sized,30-100 days
,1,1.24,1929.6,,,Super-Jupiter,<3 days
,1,15.63,426.21,,,Super-Jupiter,10-30 days
,1,19.06,6.48,,,Jupiter-sized,10-30 days
,1,5.49,157.99,,,Super-Jupiter,3-10 days
,1,9.5,9.95,,,Jupiter-sized,3-10 days
,1,75.69,6.63,,,Jupiter-sized,30-100 days
,1,4.93,150.56,,,Super-Jupiter,3-10 days
,1,6.44,118.43,,,Super-Jupiter,3-10 days
,1,17.27,543.95,,,Super-Jupiter,10-30 days
,1,8.82,107.61,,,Super-Jupiter,3-10 days
,1,11.26,2.08,,,Neptune-sized,10-30 days
,1,4.49,83.3,,,Super-Jupiter,3-10 days
,1,13.35,209.21,,,Super-Jupiter,10-30 days
,1,58.98,9.08,,,Jupiter-sized,30-100 days
,1,36.15,934.2,,,Super-Jupiter,30-100 days
,1,4.89,212.05,,,Super-Jupiter,3-10 days
,1,2.34,131.54,,,Super-Jupiter,<3 days
,1,68.4,8.75,,,Jupiter-sized,30-100 days
,1,50.18,4.33,,,Jupiter-sized,30-100 days
,1,7.51,138.14,,,Super-Jupiter,3-10 days
,1,70.17,4.21,,,Jupiter-sized,30-100 days
,1,80.92,3.54,,,Neptune-sized,30-100 days
,1,19.51,279.74,,,Super-Jupiter,10-30 days
,1,8.88,134.78,,,Super-Jupiter,3-10 days
,1,6.41,220.79,,,Super-Jupiter,3-10 days
,1,4.95,108.46,,,Super-Jupiter,3-10 days
,1,12.49,232.96,,,Super-Jupiter,10-30 days
,1,42.75,7.84,,,Jupiter-sized,30-100 days
,1,2.05,113.14,,,Super-Jupiter,<3 days
,1,1.64,68.65,,,Super-Jupiter,<3 days
,1,77.17,1.35,,,Super-Earth,30-100 days
,1,34.82,3.61,,,Neptune-sized,30-100 days
,1,13.07,164.74,,,Super-Jupiter,10-30 days
,1,40.97,1259.34,,,Super-Jupiter,30-100 days
,1,12.14,281.66,,,Super-Jupiter,10-30 days
,1,10.09,2847.43,,,Super-Jupiter,10-30 days
,1,3.24,2966.43,,,Super-Jupiter,3-10 days
,1,4.6,425.55,,,Super-Jupiter,3-10 days
,1,66.26,1.4,,,Super-Earth,30-100 days
,1,5.4,2117.4,,,Super-Jupiter,3-10 days
,1,5.35,127.1,,,Super-Jupiter,3-10 days
,1,20.45,5.91,,,Jupiter-sized,10-30 days
,1,47.29,1.24,,,Earth-sized,30-100 days
,1,13.53,337.17,,,Super-Jupiter,10-30 days
,1,8.13,353.53,,,Super-Jupiter,3-10 days
,1,88.88,8.1,,,Jupiter-sized,30-100 days
,1,21.59,2.98,,,Neptune-sized,10-30 days
,1,7.07,132.3,,,Super-Jupiter,3-10 days
,1,40.06,1.93,,,Super-Earth,30-100 days
,1,10.07,2.93,,,Neptune-sized,10-30 days
,1,3.24,1.78,,,Super-Earth,3-10 days
,1,68.47,2.54,,,Neptune-sized,30-100 days
,1,35.71,637.52,,,Super-Jupiter,30-100 days
,1,34.18,546.44,,,Super-Jupiter,30-100 days
,1,86.73,3.8,,,Neptune-sized,30-100 days
,1,41.91,1267.82,,,Super-Jupiter,30-100 days
,1,21.01,7.79,,,Jupiter-sized,10-30 days
,1,98.56,6.58,,,Jupiter-sized,30-100 days
,1,7.82,389.56,,,Super-Jupiter,3-10 days
,1,14.94,595.57,,,Super-Jupiter,10-30 days
,1,99.32,7.47,,,Jupiter-sized,30-100 days
,1,23.77,9.71,,,Jupiter-sized,10-30 days
,1,18.04,613.12,,,Super-Jupiter,10-30 days
,1,4.88,342.96,,,Super-Jupiter,3-10 days
,1,20.72,236.72,,,Super-Jupiter,10-30 days
,1,99.62,7.88,,,Jupiter-sized,30-100 days
,1,10.3,171.86,,,Super-Jupiter,10-30 days
,1,11.02,225.2,,,Super-Jupiter,10-30 days
,1,44.69,8.0,,,Jupiter-sized,30-100 days
,1,13.05,1312.12,,,Super-Jupiter,10-30 days
,1,78.54,1.8,,,Super-Earth,30-100 days
,1,82.46,5.4,,,Jupiter-sized,30-100 days
,1,6.38,430.06,,,Super-Jupiter,3-10 days
,1,8.43,534.71,,,Super-Jupiter,3-10 days
,1,12.62,190.68,,,Super-Jupiter,10-30 days
,1,2.32,109.23,,,Super-Jupiter,<3 days
,1,10.14,127.6,,,Super-Jupiter,10-30 days
,1,13.35,233.17,,,Super-Jupiter,10-30 days
,1,4.98,124.41,,,Super-Jupiter,3-10 days
,1,61.53,7.04,,,Jupiter-sized,30-100 days
,1,2.56,78.52,,,Super-Jupiter,<3 days
,1,5.05,240.98,,,Super-Jupiter,3-10 days
,1,17.96,1111.78,,,Super-Jupiter,10-30 days
,1,1.22,101.63,,,Super-Jupiter,<3 days
,1,13.06,260.98,,,Super-Jupiter,10-30 days
,1,7.37,961.65,,,Super-Jupiter,3-10 days
,1,3.4,178.2,,,Super-Jupiter,3-10 days
,1,65.54,1.2,,,Earth-sized,30-100 days
,1,13.31,177.07,,,Super-Jupiter,10-30 days
,1,10.38,205.11,,,Super-Jupiter,10-30 days
,1,66.57,1.3,,,Super-Earth,30-100 days
,1,2.08,315.96,,,Super-Jupiter,<3 days
,1,15.96,858.21,,,Super-Jupiter,10-30 days
,1,1.34,66.26,,,Super-Jupiter,<3 days
,1,3.67,80.15,,,Super-Jupiter,3-10 days
,1,66.42,7.22,,,Jupiter-sized,30-100 days
,1,12.96,702.93,,,Super-Jupiter,10-30 days
,1,78.7,2.31,,,Neptune-sized,30-100 days
,1,8.68,180.33,,,Super-Jupiter,3-10 days
,1,9.29,154.58,,,Super-Jupiter,3-10 days
,1,5.01,235.57,,,Super-Jupiter,3-10 days
,1,52.06,6.97,,,Jupiter-sized,30-100 days
,1,6.35,135.27,,,Super-Jupiter,3-10 days
,1,93.41,1.88,,,Super-Earth,30-100 days
,1,56.15,2.98,,,Neptune-sized,30-100 days
,1,12.66,120.28,,,Super-Jupiter,10-30 days
,1,7.28,237.0,,,Super-Jupiter,3-10 days
,1,11.06,181.57,,,Super-Jupiter,10-30 days
,1,2.12,122.12,,,Super-Jupiter,<3 days
,1,6.4,9.83,,,Jupiter-sized,3-10 days
,1,12.38,244.72,,,Super-Jupiter,10-30 days
,1,15.26,9.87,,,Jupiter-sized,10-30 days
,1,1.76,893.5,,,Super-Jupiter,<3 days
,1,89.02,6.76,,,Jupiter-sized,30-100 days
,1,6.92,167.81,,,Super-Jupiter,3-10 days
,1,10.37,152.3,,,Super-Jupiter,10-30 days
,1,31.46,6.65,,,Jupiter-sized,30-100 days
,1,2.15,112.25,,,Super-Jupiter,<3 days
,1,4.65,110.88,,,Super-Jupiter,3-10 days
,1,9.24,144.9,,,Super-Jupiter,3-10 days
,1,37.4,7.97,,,Jupiter-sized,30-100 days
,1,4.85,193.46,,,Super-Jupiter,3-10 days
,1,39.57,2421.71,,,Super-Jupiter,30-100 days
,1,94.74,5.77,,,Jupiter-sized,30-100 days
,1,8.48,273.59,,,Super-Jupiter,3-10 days
,1,12.23,248.86,,,Super-Jupiter,10-30 days
,1,11.88,2916.71,,,Super-Jupiter,10-30 days
,1,38.74,2.68,,,Neptune-sized,30-100 days
,1,98.09,1.41,,,Super-Earth,30-100 days
,1,2.28,2597.04,,,Super-Jupiter,<3 days
,1,8.07,155.5,,,Super-Jupiter,3-10 days
,1,5.03,114.44,,,Super-Jupiter,3-10 days
,1,15.41,768.69,,,Super-Jupiter,10-30 days
,1,57.35,7.4,,,Jupiter-sized,30-100 days
,1,10.36,158.78,,,Super-Jupiter,10-30 days
,1,37.35,384.55,,,Super-Jupiter,30-100 days
,1,76.94,4.53,,,Jupiter-sized,30-100 days
,1,87.57,2.35,,,Neptune-sized,30-100 days
,1,4.87,203.23,,,Super-Jupiter,3-10 days
,1,4.26,195.11,,,Super-Jupiter,3-10 days
,1,1.9,84.47,,,Super-Jupiter,<3 days
,1,13.58,212.47,,,Super-Jupiter,10-30 days
,1,14.72,269.18,,,Super-Jupiter,10-30 days
,1,7.5,120.03,,,Super-Jupiter,3-10 days
,1,1.77,89.87,,,Super-Jupiter,<3 days
,1,42.04,8.23,,,Jupiter-sized,30-100 days
,1,7.1,139.23,,,Super-Jupiter,3-10 days
,1,1.3,1.07,,,Earth-sized,<3 days
,1,11.0,247.08,,,Super-Jupiter,10-30 days
,1,9.66,159.4,,,Super-Jupiter,3-10 days
,1,11.73,349.93,,,Super-Jupiter,10-30 days
,1,4.63,113.22,,,Super-Jupiter,3-10 days
,1,25.76,190.88,,,Super-Jupiter,10-30 days
,1,91.58,8.71,,,Jupiter-sized,30-100 days
,1,2.14,276.63,,,Super-Jupiter,<3 days
,1,9.18,3.6,,,Neptune-sized,3-10 days
,1,17.79,281.97,,,Super-Jupiter,10-30 days
,1,9.7,253.73,,,Super-Jupiter,3-10 days
,1,2.2,4960.02,,,Super-Jupiter,<3 days
,1,11.97,196.58,,,Super-Jupiter,10-30 days
,1,2.18,77.69,,,Super-Jupiter,<3 days
,1,55.43,7.4,,,Jupiter-sized,30-100 days
,1,11.19,444.57,,,Super-Jupiter,10-30 days
,1,6.62,4.68,,,Jupiter-sized,3-10 days
,1,31.5,254.24,,,Super-Jupiter,30-100 days
,1,70.88,6.83,,,Jupiter-sized,30-100 days
,1,13.3,458.88,,,Super-Jupiter,10-30 days
,1,49.44,1.37,,,Super-Earth,30-100 days
,1,63.58,5.56,,,Jupiter-sized,30-100 days
,1,15.39,6.2,,,Jupiter-sized,10-30 days
,1,51.56,7.24,,,Jupiter-sized,30-100 days
,1,1.77,115.96,,,Super-Jupiter,<3 days
,1,6.35,1.59,,,Super-Earth,3-10 days
,1,9.59,333.37,,,Super-Jupiter,3-10 days
,1,40.76,4.93,,,Jupiter-sized,30-100 days
,1,9.6,178.71,,,Super-Jupiter,3-10 days
,1,12.07,130.23,,,Super-Jupiter,10-30 days
,1,73.98,7.65,,,Jupiter-sized,30-100 days
,1,76.67,3.37,,,Neptune-sized,30-100 days
,1,1.76,1053.46,,,Super-Jupiter,<3 days
,1,36.32,419.82,,,Super-Jupiter,30-100 days
,1,48.78,5.74,,,Jupiter-sized,30-100 days
,1,8.76,2687.7,,,Super-Jupiter,3-10 days
,1,2.28,9.77,,,Jupiter-sized,<3 days
,1,2.48,5508.16,,,Super-Jupiter,<3 days
,1,2.62,99.69,,,Super-Jupiter,<3 days
,1,4.57,2113.25,,,Super-Jupiter,3-10 days
,1,51.87,8.17,,,Jupiter-sized,30-100 days
,1,2.48,5640.33,,,Super-Jupiter,<3 days
,1,1.29,77.49,,,Super-Jupiter,<3 days
,1,3.13,181.46,,,Super-Jupiter,3-10 days
,1,14.4,6.66,,,Jupiter-sized,10-30 days
,1,6.26,96.39,,,Super-Jupiter,3-10 days
,1,2.87,173.75,,,Super-Jupiter,<3 days
,1,44.95,1.99,,,Super-Earth,30-100 days
,1,2.33,150.94,,,Super-Jupiter,<3 days
,1,12.33,305.77,,,Super-Jupiter,10-30 days
,1,2.24,8.4,,,Jupiter-sized,<3 days
,1,75.57,9.99,,,Jupiter-sized,30-100 days
,1,9.53,121.9,,,Super-Jupiter,3-10 days
,1,28.74,197.05,,,Super-Jupiter,10-30 days
,1,19.45,2.28,,,Neptune-sized,10-30 days
,1,1.97,187.73,,,Super-Jupiter,<3 days
,1,17.45,2.81,,,Neptune-sized,10-30 days
,1,4.55,126.62,,,Super-Jupiter,3-10 days
,1,5.05,97.21,,,Super-Jupiter,3-10 days
,1,3.8,86.09,,,Super-Jupiter,3-10 days
,1,3.16,158.28,,,Super-Jupiter,3-10 days
,1,91.1,7.91,,,Jupiter-sized,30-100 days
,1,12.9,144.52,,,Super-Jupiter,10-30 days
,1,85.42,4.44,,,Jupiter-sized,30-100 days
,1,11.59,148.78,,,Super-Jupiter,10-30 days
,1,8.75,322.0,,,Super-Jupiter,3-10 days
,1,1.47,196.58,,,Super-Jupiter,<3 days
,1,12.08,183.43,,,Super-Jupiter,10-30 days
,1,89.7,4.13,,,Jupiter-sized,30-100 days
,1,2.76,71.26,,,Super-Jupiter,<3 days
,1,1.44,9.46,,,Jupiter-sized,<3 days
,1,63.64,4.44,,,Jupiter-sized,30-100 days
,1,1.25,1726.12,,,Super-Jupiter,<3 days
,1,22.75,6.11,,,Jupiter-sized,10-30 days
,1,10.86,141.52,,,Super-Jupiter,10-30 days
,1,24.99,2.44,,,Neptune-sized,10-30 days
,1,2.79,107.35,,,Super-Jupiter,<3 days
,1,36.57,6.98,,,Jupiter-sized,30-100 days
,1,1.26,2.85,,,Neptune-sized,<3 days
,1,10.78,170.1,,,Super-Jupiter,10-30 days
,1,17.9,7.97,,,Jupiter-sized,10-30 days
,1,5.4,301.12,,,Super-Jupiter,3-10 days
,1,12.54,237.81,,,Super-Jupiter,10-30 days
,1,10.11,291.81,,,Super-Jupiter,10-30 days
,1,3.42,151.61,,,Super-Jupiter,3-10 days
,1,14.22,490.72,,,Super-Jupiter,10-30 days
,1,1.48,83.77,,,Super-Jupiter,<3 days
,1,10.2,156.69,,,Super-Jupiter,10-30 days
,1,3.63,115.04,,,Super-Jupiter,3-10 days
,1,7.54,9.97,,,Jupiter-sized,3-10 days
,1,52.94,1.51,,,Super-Earth,30-100 days
,1,44.36,359.99,,,Super-Jupiter,30-100 days
,1,30.32,2.73,,,Neptune-sized,30-100 days
,1,3.47,113.19,,,Super-Jupiter,3-10 days
,1,84.55,8.18,,,Jupiter-sized,30-100 days
,1,59.46,2.55,,,Neptune-sized,30-100 days
,1,59.45,9.16,,,Jupiter-sized,30-100 days
,1,44.22,8.49,,,Jupiter-sized,30-100 days
,1,14.1,302.56,,,Super-Jupiter,10-30 days
,1,10.38,201.24,,,Super-Jupiter,10-30 days
,1,8.75,433.8,,,Super-Jupiter,3-10 days
,1,2.72,117.45,,,Super-Jupiter,<3 days
,1,11.33,276.68,,,Super-Jupiter,10-30 days
,1,51.24,5.16,,,Jupiter-sized,30-100 days
,1,13.3,355.46,,,Super-Jupiter,10-30 days
,1,94.44,8.18,,,Jupiter-sized,30-100 days
,1,7.05,99.02,,,Super-Jupiter,3-10 days
,1,45.74,9.23,,,Jupiter-sized,30-100 days
,1,4.9,150.63,,,Super-Jupiter,3-10 days
,1,29.46,1.76,,,Super-Earth,10-30 days
,1,60.23,6.74,,,Jupiter-sized,30-100 days
,1,8.0,108.35,,,Super-Jupiter,3-10 days
,1,18.4,8.87,,,Jupiter-sized,10-30 days
,1,4.15,1027.86,,,Super-Jupiter,3-10 days
,1,4.73,125.27,,,Super-Jupiter,3-10 days
,1,13.85,272.97,,,Super-Jupiter,10-30 days
,1,11.4,338.86,,,Super-Jupiter,10-30 days
,1,17.05,941.95,,,Super-Jupiter,10-30 days
,1,7.46,178.16,,,Super-Jupiter,3-10 days
,1,52.58,4.33,,,Jupiter-sized,30-100 days
,1,30.73,243.9,,,Super-Jupiter,30-100 days
,1,46.72,7.83,,,Jupiter-sized,30-100 days
,1,11.4,1.01,,,Earth-sized,10-30 days
,1,26.65,870.11,,,Super-Jupiter,10-30 days
,1,82.57,9.64,,,Jupiter-sized,30-100 days
,1,21.49,5.82,,,Jupiter-sized,10-30 days
,1,98.04,1.66,,,Super-Earth,30-100 days
,1,43.43,5.52,,,Jupiter-sized,30-100 days
,1,2.36,99.39,,,Super-Jupiter,<3 days
,1,4.68,7.2,,,Jupiter-sized,3-10 days
,1,24.84,4.18,,,Jupiter-sized,10-30 days
,1,10.41,220.72,,,Super-Jupiter,10-30 days
,1,12.51,195.33,,,Super-Jupiter,10-30 days
,1,7.5,122.89,,,Super-Jupiter,3-10 days
,1,4.81,181.49,,,Super-Jupiter,3-10 days
,1,3.63,143.22,,,Super-Jupiter,3-10 days
,1,10.52,109.4,,,Super-Jupiter,10-30 days
,1,1.35,254.92,,,Super-Jupiter,<3 days
,1,16.22,539.98,,,Super-Jupiter,10-30 days
,1,95.76,5.33,,,Jupiter-sized,30-100 days
,1,9.56,575.22,,,Super-Jupiter,3-10 days
,1,5.68,226.16,,,Super-Jupiter,3-10 days
,1,16.14,6.88,,,Jupiter-sized,10-30 days
,1,7.02,228.13,,,Super-Jupiter,3-10 days
,1,6.81,172.7,,,Super-Jupiter,3-10 days
,1,4.69,111.97,,,Super-Jupiter,3-10 days
,1,1.2,96.74,,,Super-Jupiter,<3 days
,1,43.96,675.34,,,Super-Jupiter,30-100 days
,1,33.5,3.91,,,Neptune-sized,30-100 days
,1,8.23,117.24,,,Super-Jupiter,3-10 days
,1,53.05,6.58,,,Jupiter-sized,30-100 days
,1,11.41,4.16,,,Jupiter-sized,10-30 days
,1,5.81,720.85,,,Super-Jupiter,3-10 days
,1,25.17,301.73,,,Super-Jupiter,10-30 days
,1,3.31,1248.01,,,Super-Jupiter,3-10 days
,1,1.4,91.22,,,Super-Jupiter,<3 days
,1,61.52,3.04,,,Neptune-sized,30-100 days
,1,7.7,124.68,,,Super-Jupiter,3-10 days
,1,28.9,6.91,,,Jupiter-sized,10-30 days
,1,5.69,197.65,,,Super-Jupiter,3-10 days
,1,5.39,315.0,,,Super-Jupiter,3-10 days
,1,57.77,7.23,,,Jupiter-sized,30-100 days
,1,3.02,93.57,,,Super-Jupiter,3-10 days
,1,4.29,459.06,,,Super-Jupiter,3-10 days
,1,7.25,788.42,,,Super-Jupiter,3-10 days
,1,55.39,5.35,,,Jupiter-sized,30-100 days
,1,85.57,6.89,,,Jupiter-sized,30-100 days
,1,1.2,1623.43,,,Super-Jupiter,<3 days
,1,79.51,8.61,,,Jupiter-sized,30-100 days
,1,38.65,8.05,,,Jupiter-sized,30-100 days
,1,3.84,108.23,,,Super-Jupiter,3-10 days
,1,4.58,148.71,,,Super-Jupiter,3-10 days
,1,3.68,86.08,,,Super-Jupiter,3-10 days
,1,75.92,5.56,,,Jupiter-sized,30-100 days
,1,14.44,4.7,,,Jupiter-sized,10-30 days
,1,9.3,143.0,,,Super-Jupiter,3-10 days
,1,37.38,2.36,,,Neptune-sized,30-100 days
,1,1.3,1677.11,,,Super-Jupiter,<3 days
,1,8.97,223.16,,,Super-Jupiter,3-10 days
,1,57.63,1.31,,,Super-Earth,30-100 days
,1,8.89,100.69,,,Super-Jupiter,3-10 days
,1,73.22,4.33,,,Jupiter-sized,30-100 days
,1,34.18,1.12,,,Earth-sized,30-100 days
,1,9.78,152.55,,,Super-Jupiter,3-10 days
,1,10.44,139.67,,,Super-Jupiter,10-30 days
,1,10.63,148.7,,,Super-Jupiter,10-30 days
,1,7.88,162.88,,,Super-Jupiter,3-10 days
,1,2.6,394.28,,,Super-Jupiter,<3 days
,1,2.62,113.35,,,Super-Jupiter,<3 days
,1,84.63,3.84,,,Neptune-sized,30-100 days
,1,11.26,195.57,,,Super-Jupiter,10-30 days
,1,11.12,332.52,,,Super-Jupiter,10-30 days
,1,9.08,136.11,,,Super-Jupiter,3-10 days
,1,51.3,8.38,,,Jupiter-sized,30-100 days
,1,59.33,7.12,,,Jupiter-sized,30-100 days
,1,85.38,3.03,,,Neptune-sized,30-100 days
,1,49.51,3.27,,,Neptune-sized,30-100 days
,1,12.21,286.42,,,Super-Jupiter,10-30 days
,1,7.28,158.9,,,Super-Jupiter,3-10 days
,1,34.7,3.85,,,Neptune-sized,30-100 days
,1,65.12,6.94,,,Jupiter-sized,30-100 days
,1,6.4,339.34,,,Super-Jupiter,3-10 days
,1,22.69,1.49,,,Super-Earth,10-30 days
,1,8.25,124.31,,,Super-Jupiter,3-10 days
,1,1.6,94.44,,,Super-Jupiter,<3 days
,1,3.16,163.77,,,Super-Jupiter,3-10 days
,1,9.47,116.21,,,Super-Jupiter,3-10 days
,1,4.14,246.28,,,Super-Jupiter,3-10 days
,1,60.34,5.52,,,Jupiter-sized,30-100 days
,1,6.57,135.6,,,Super-Jupiter,3-10 days
,1,16.39,177.91,,,Super-Jupiter,10-30 days
,1,36.43,7.41,,,Jupiter-sized,30-100 days
,1,4.55,140.88,,,Super-Jupiter,3-10 days
,1,5.5,120.33,,,Super-Jupiter,3-10 days
,1,12.77,149.84,,,Super-Jupiter,10-30 days
,1,4.66,141.92,,,Super-Jupiter,3-10 days
,1,14.84,1071.38,,,Super-Jupiter,10-30 days
,1,6.62,155.16,,,Super-Jupiter,3-10 days
,1,7.49,243.51,,,Super-Jupiter,3-10 days
,1,1.38,203.88,,,Super-Jupiter,<3 days
,1,1.67,68.18,,,Super-Jupiter,<3 days
,1,13.29,2928.5,,,Super-Jupiter,10-30 days
,1,12.55,9.69,,,Jupiter-sized,10-30 days
,1,12.48,145.96,,,Super-Jupiter,10-30 days
,1,4.88,369.97,,,Super-Jupiter,3-10 days
,1,76.05,5.7,,,Jupiter-sized,30-100 days
,1,18.23,229.03,,,Super-Jupiter,10-30 days
,1,7.89,314.04,,,Super-Jupiter,3-10 days
,1,53.44,6.72,,,Jupiter-sized,30-100 days
,1,85.99,1.02,,,Earth-sized,30-100 days
,1,13.56,206.56,,,Super-Jupiter,10-30 days
,1,10.32,191.4,,,Super-Jupiter,10-30 days
,1,25.85,8.86,,,Jupiter-sized,10-30 days
,1,69.55,7.69,,,Jupiter-sized,30-100 days
,1,11.09,964.0,,,Super-Jupiter,10-30 days
,1,92.7,6.11,,,Jupiter-sized,30-100 days
,1,53.46,3.91,,,Neptune-sized,30-100 days
,1,28.81,494.94,,,Super-Jupiter,10-30 days
,1,22.83,4.84,,,Jupiter-sized,10-30 days
,1,70.38,9.79,,,Jupiter-sized,30-100 days
,1,12.87,1332.0,,,Super-Jupiter,10-30 days
,1,4.5,468.16,,,Super-Jupiter,3-10 days
,1,8.04,158.1,,,Super-Jupiter,3-10 days
,1,89.25,9.11,,,Jupiter-sized,30-100 days
,1,16.74,644.63,,,Super-Jupiter,10-30 days
,1,25.09,6.36,,,Jupiter-sized,10-30 days
,1,75.62,8.38,,,Jupiter-sized,30-100 days
,1,14.0,252.6,,,Super-Jupiter,10-30 days
,1,9.56,223.59,,,Super-Jupiter,3-10 days
,1,23.79,3.02,,,Neptune-sized,10-30 days
,1,30.3,281.26,,,Super-Jupiter,30-100 days
,1,2.89,83.79,,,Super-Jupiter,<3 days
,1,9.0,127.01,,,Super-Jupiter,3-10 days
,1,4.71,113.66,,,Super-Jupiter,3-10 days
,1,12.06,168.91,,,Super-Jupiter,10-30 days
,1,2.44,275.86,,,Super-Jupiter,<3 days
,1,11.84,255.07,,,Super-Jupiter,10-30 days
,1,11.19,6452.69,,,Super-Jupiter,10-30 days
,1,8.44,389.26,,,Super-Jupiter,3-10 days
,1,31.82,8.42,,,Jupiter-sized,30-100 days
,1,56.91,4.92,,,Jupiter-sized,30-100 days
,1,7.43,140.98,,,Super-Jupiter,3-10 days
,1,5.14,120.99,,,Super-Jupiter,3-10 days
,1,7.21,154.23,,,Super-Jupiter,3-10 days
,1,9.8,224.17,,,Super-Jupiter,3-10 days
,1,9.23,124.34,,,Super-Jupiter,3-10 days
,1,39.84,2.58,,,Neptune-sized,30-100 days
,1,20.48,8.12,,,Jupiter-sized,10-30 days
,1,26.34,6.78,,,Jupiter-sized,10-30 days
,1,81.37,7.66,,,Jupiter-sized,30-100 days
,1,31.53,3.92,,,Neptune-sized,30-100 days
,1,9.87,146.71,,,Super-Jupiter,3-10 days
,1,1.96,89.85,,,Super-Jupiter,<3 days
,1,36.24,8.85,,,Jupiter-sized,30-100 days
,1,15.36,6.53,,,Jupiter-sized,10-30 days
,1,9.13,4.95,,,Jupiter-sized,3-10 days
,1,30.87,5.58,,,Jupiter-sized,30-100 days
,1,25.56,8.14,,,Jupiter-sized,10-30 days
,1,8.89,207.18,,,Super-Jupiter,3-10 days
,1,36.75,7.99,,,Jupiter-sized,30-100 days
,1,25.77,3.56,,,Neptune-sized,10-30 days
,1,76.19,3.08,,,Neptune-sized,30-100 days
,1,6.58,115.01,,,Super-Jupiter,3-10 days
,1,6.58,95.49,,,Super-Jupiter,3-10 days
,1,6.77,1890.94,,,Super-Jupiter,3-10 days
,1,3.67,135.33,,,Super-Jupiter,3-10 days
,1,64.34,4.93,,,Jupiter-sized,30-100 days
,1,12.48,239.77,,,Super-Jupiter,10-30 days
,1,85.87,5.04,,,Jupiter-sized,30-100 days
,1,4.29,1591.32,,,Super-Jupiter,3-10 days
,1,6.78,175.33,,,Super-Jupiter,3-10 days
,1,11.6,148.86,,,Super-Jupiter,10-30 days
,1,8.28,92.02,,,Super-Jupiter,3-10 days
,1,4.55,105.56,,,Super-Jupiter,3-10 days
,1,9.65,638.9,,,Super-Jupiter,3-10 days
,1,12.69,605.57,,,Super-Jupiter,10-30 days
,1,19.65,735.04,,,Super-Jupiter,10-30 days
,1,11.6,187.05,,,Super-Jupiter,10-30 days
,1,7.23,2.98,,,Neptune-sized,3-10 days
,1,8.03,203.73,,,Super-Jupiter,3-10 days
,1,9.45,126.75,,,Super-Jupiter,3-10 days
,1,78.15,1.56,,,Super-Earth,30-100 days
,1,1.67,3.39,,,Neptune-sized,<3 days
,1,7.37,194.72,,,Super-Jupiter,3-10 days
,1,77.55,2.2,,,Neptune-sized,30-100 days
,1,10.95,124.12,,,Super-Jupiter,10-30 days
,1,5.55,304.57,,,Super-Jupiter,3-10 days
,1,59.46,9.18,,,Jupiter-sized,30-100 days
,1,21.31,467.22,,,Super-Jupiter,10-30 days
,1,8.05,118.8,,,Super-Jupiter,3-10 days
,1,12.71,235.32,,,Super-Jupiter,10-30 days
,1,9.75,151.76,,,Super-Jupiter,3-10 days
,1,8.01,1.72,,,Super-Earth,3-10 days
,1,39.13,9.24,,,Jupiter-sized,30-100 days
,1,6.07,153.49,,,Super-Jupiter,3-10 days
,1,8.61,246.7,,,Super-Jupiter,3-10 days
,1,85.13,6.68,,,Jupiter-sized,30-100 days
,1,12.54,311.65,,,Super-Jupiter,10-30 days
,1,77.95,8.41,,,Jupiter-sized,30-100 days
,1,83.33,6.42,,,Jupiter-sized,30-100 days
,1,46.99,1.14,,,Earth-sized,30-100 days
,1,41.27,8.81,,,Jupiter-sized,30-100 days
,1,4.36,105.82,,,Super-Jupiter,3-10 days
,1,12.61,126.21,,,Super-Jupiter,10-30 days
,1,7.33,157.52,,,Super-Jupiter,3-10 days
,1,5.28,5246.51,,,Super-Jupiter,3-10 days
,1,2.04,3001.56,,,Super-Jupiter,<3 days
,1,72.21,8.27,,,Jupiter-sized,30-100 days
,1,13.28,352.79,,,Super-Jupiter,10-30 days
,1,12.74,219.49,,,Super-Jupiter,10-30 days
,1,6.48,151.72,,,Super-Jupiter,3-10 days
,1,25.14,1.57,,,Super-Earth,10-30 days
,1,9.21,126.52,,,Super-Jupiter,3-10 days
,1,25.74,1.55,,,Super-Earth,10-30 days
,1,80.22,3.33,,,Neptune-sized,30-100 days
,1,4.21,601.36,,,Super-Jupiter,3-10 days
,1,82.44,3.73,,,Neptune-sized,30-100 days
,1,31.32,2.56,,,Neptune-sized,30-100 days
,1,60.25,9.09,,,Jupiter-sized,30-100 days
,1,11.4,184.95,,,Super-Jupiter,10-30 days
,1,2.61,5.36,,,Jupiter-sized,<3 days
,1,93.85,4.17,,,Jupiter-sized,30-100 days
,1,55.98,7.12,,,Jupiter-sized,30-100 days
,1,13.24,374.2,,,Super-Jupiter,10-30 days
,1,13.85,167.02,,,Super-Jupiter,10-30 days
,1,13.35,355.09,,,Super-Jupiter,10-30 days
,1,89.19,9.83,,,Jupiter-sized,30-100 days
,1,12.03,448.45,,,Super-Jupiter,10-30 days
,1,3.79,88.95,,,Super-Jupiter,3-10 days
,1,40.89,1275.11,,,Super-Jupiter,30-100 days
,1,6.08,139.85,,,Super-Jupiter,3-10 days
,1,6.62,1091.08,,,Super-Jupiter,3-10 days
,1,10.59,186.99,,,Super-Jupiter,10-30 days
,1,18.09,192.79,,,Super-Jupiter,10-30 days
,1,24.46,5.55,,,Jupiter-sized,10-30 days
,1,40.27,4.15,,,Jupiter-sized,30-100 days
,1,51.24,1.76,,,Super-Earth,30-100 days
,1,60.52,5.51,,,Jupiter-sized,30-100 days
,1,6.09,1.92,,,Super-Earth,3-10 days
,1,67.4,6.59,,,Jupiter-sized,30-100 days
,1,64.1,4.23,,,Jupiter-sized,30-100 days
,1,11.97,3.06,,,Neptune-sized,10-30 days
,1,89.01,2.1,,,Neptune-sized,30-100 days
,1,3.21,325.62,,,Super-Jupiter,3-10 days
,1,2.27,101.45,,,Super-Jupiter,<3 days
,1,11.67,190.86,,,Super-Jupiter,10-30 days
,1,35.17,3.6,,,Neptune-sized,30-100 days
,1,18.69,5.96,,,Jupiter-sized,10-30 days
,1,9.04,100.47,,,Super-Jupiter,3-10 days
,1,12.93,176.42,,,Super-Jupiter,10-30 days
,1,49.84,4.79,,,Jupiter-sized,30-100 days
,1,30.13,3.31,,,Neptune-sized,30-100 days
,1,81.82,5.48,,,Jupiter-sized,30-100 days
,1,19.84,7.95,,,Jupiter-sized,10-30 days
,1,26.62,7.55,,,Jupiter-sized,10-30 days
,1,1.28,72.78,,,Super-Jupiter,<3 days
,1,69.33,3.79,,,Neptune-sized,30-100 days
,1,5.52,2.87,,,Neptune-sized,3-10 days
,1,13.89,682.99,,,Super-Jupiter,10-30 days
,1,90.5,5.65,,,Jupiter-sized,30-100 days
,1,7.22,3227.64,,,Super-Jupiter,3-10 days
,1,12.05,5.51,,,Jupiter-sized,10-30 days
,1,2.12,124.13,,,Super-Jupiter,<3 days
,1,76.0,4.83,,,Jupiter-sized,30-100 days
,1,12.76,204.8,,,Super-Jupiter,10-30 days
,1,8.07,155.5,,,Super-Jupiter,3-10 days
,1,4.97,103.57,,,Super-Jupiter,3-10 days
,1,14.7,3.43,,,Neptune-sized,10-30 days
,1,7.22,6.06,,,Jupiter-sized,3-10 days
,1,84.24,2.95,,,Neptune-sized,30-100 days
,1,13.36,5431.06,,,Super-Jupiter,10-30 days
,1,7.11,145.23,,,Super-Jupiter,3-10 days
,1,21.55,1081.74,,,Super-Jupiter,10-30 days
,1,10.29,120.66,,,Super-Jupiter,10-30 days
,1,23.44,239.77,,,Super-Jupiter,10-30 days
,1,43.47,4.12,,,Jupiter-sized,30-100 days
,1,55.77,2.26,,,Neptune-sized,30-100 days
,1,9.63,202.88,,,Super-Jupiter,3-10 days
,1,78.67,4.95,,,Jupiter-sized,30-100 days
,1,2.54,101.74,,,Super-Jupiter,<3 days
,1,3.22,180.86,,,Super-Jupiter,3-10 days
,1,11.05,3.76,,,Neptune-sized,10-30 days
,1,25.51,2.62,,,Neptune-sized,10-30 days
,1,7.83,150.63,,,Super-Jupiter,3-10 days
,1,6.13,114.61,,,Super-Jupiter,3-10 days
,1,15.28,859.62,,,Super-Jupiter,10-30 days
,1,13.1,3871.89,,,Super-Jupiter,10-30 days
,1,10.33,116.9,,,Super-Jupiter,10-30 days
,1,7.52,1140.38,,,Super-Jupiter,3-10 days
,1,53.2,1.2,,,Earth-sized,30-100 days
,1,13.19,203.34,,,Super-Jupiter,10-30 days
,1,9.15,200.99,,,Super-Jupiter,3-10 days
,1,62.97,6.15,,,Jupiter-sized,30-100 days
,1,4.62,158.4,,,Super-Jupiter,3-10 days
,1,21.79,451.14,,,Super-Jupiter,10-30 days
,1,37.59,4.37,,,Jupiter-sized,30-100 days
,1,12.51,240.52,,,Super-Jupiter,10-30 days
,1,6.43,140.74,,,Super-Jupiter,3-10 days
,1,40.83,479.12,,,Super-Jupiter,30-100 days
,1,7.35,109.3,,,Super-Jupiter,3-10 days
,1,55.89,4.09,,,Jupiter-sized,30-100 days
,1,99.42,3.64,,,Neptune-sized,30-100 days
,1,9.08,129.65,,,Super-Jupiter,3-10 days
,1,10.92,170.28,,,Super-Jupiter,10-30 days
,1,78.18,2.29,,,Neptune-sized,30-100 days
,1,7.77,4.45,,,Jupiter-sized,3-10 days
,1,7.12,108.17,,,Super-Jupiter,3-10 days
,1,13.16,240.26,,,Super-Jupiter,10-30 days
,1,26.84,2.77,,,Neptune-sized,10-30 days
,1,4.71,157.9,,,Super-Jupiter,3-10 days
,1,4.22,330.57,,,Super-Jupiter,3-10 days
,1,60.55,5.7,,,Jupiter-sized,30-100 days
,1,10.86,2.03,,,Neptune-sized,10-30 days
,1,7.68,3.0,,,Neptune-sized,3-10 days
,1,3.27,1362.21,,,Super-Jupiter,3-10 days
,1,1.39,204.29,,,Super-Jupiter,<3 days
,1,1.55,101.06,,,Super-Jupiter,<3 days
,1,1.56,323.03,,,Super-Jupiter,<3 days
,1,82.38,9.35,,,Jupiter-sized,30-100 days
,1,91.15,4.98,,,Jupiter-sized,30-100 days
,1,7.84,154.05,,,Super-Jupiter,3-10 days
,1,43.88,9.68,,,Jupiter-sized,30-100 days
,1,94.37,6.38,,,Jupiter-sized,30-100 days
,1,8.12,773.2,,,Super-Jupiter,3-10 days
,1,8.81,163.56,,,Super-Jupiter,3-10 days
,1,6.79,2267.27,,,Super-Jupiter,3-10 days
,1,12.06,334.37,,,Super-Jupiter,10-30 days
,1,34.65,3.3,,,Neptune-sized,30-100 days
,1,11.68,123.43,,,Super-Jupiter,10-30 days
,1,86.73,6.09,,,Jupiter-sized,30-100 days
,1,44.42,347.37,,,Super-Jupiter,30-100 days
,1,34.63,5.09,,,Jupiter-sized,30-100 days
,1,53.81,6.23,,,Jupiter-sized,30-100 days
,1,2.92,120.63,,,Super-Jupiter,<3 days
,1,13.31,251.39,,,Super-Jupiter,10-30 days
,1,81.63,8.94,,,Jupiter-sized,30-100 days
,1,41.83,1.47,,,Super-Earth,30-100 days
,1,7.27,159.56,,,Super-Jupiter,3-10 days
,1,12.71,4.31,,,Jupiter-sized,10-30 days
,1,62.92,4.19,,,Jupiter-sized,30-100 days
,1,12.28,219.53,,,Super-Jupiter,10-30 days
,1,2.7,138.59,,,Super-Jupiter,<3 days
,1,36.42,424.49,,,Super-Jupiter,30-100 days
,1,32.4,812.71,,,Super-Jupiter,30-100 days
,1,21.95,8.84,,,Jupiter-sized,10-30 days
,1,7.33,205.42,,,Super-Jupiter,3-10 days
,1,2.66,2081.66,,,Super-Jupiter,<3 days
,1,15.37,2.03,,,Neptune-sized,10-30 days
,1,34.69,9.0,,,Jupiter-sized,30-100 days
,1,8.51,120.57,,,Super-Jupiter,3-10 days
,1,1.63,106.03,,,Super-Jupiter,<3 days
,1,24.53,673.78,,,Super-Jupiter,10-30 days
,1,3.4,105.56,,,Super-Jupiter,3-10 days
,1,20.92,360.54,,,Super-Jupiter,10-30 days
,1,16.95,1.61,,,Super-Earth,10-30 days
,1,38.73,4.57,,,Jupiter-sized,30-100 days
,1,5.45,7344.45,,,Super-Jupiter,3-10 days
,1,26.68,4.86,,,Jupiter-sized,10-30 days
,1,8.67,232.43,,,Super-Jupiter,3-10 days
,1,55.06,7.72,,,Jupiter-sized,30-100 days
,1,33.18,478.57,,,Super-Jupiter,30-100 days
,1,46.37,455.67,,,Super-Jupiter,30-100 days
,1,26.1,211.89,,,Super-Jupiter,10-30 days
,1,65.11,9.06,,,Jupiter-sized,30-100 days
,1,4.78,174.83,,,Super-Jupiter,3-10 days
,1,10.37,5.92,,,Jupiter-sized,10-30 days
,1,55.93,8.3,,,Jupiter-sized,30-100 days
,1,73.85,6.31,,,Jupiter-sized,30-100 days
,1,10.36,143.65,,,Super-Jupiter,10-30 days
,1,7.92,8.19,,,Jupiter-sized,3-10 days
,1,4.37,99.51,,,Super-Jupiter,3-10 days
,1,92.33,3.27,,,Neptune-sized,30-100 days
,1,14.18,6.16,,,Jupiter-sized,10-30 days
,1,3.35,1278.13,,,Super-Jupiter,3-10 days
,1,3.66,92.41,,,Super-Jupiter,3-10 days
,1,8.0,242.71,,,Super-Jupiter,3-10 days
,1,9.22,198.04,,,Super-Jupiter,3-10 days
,1,5.4,3.33,,,Neptune-sized,3-10 days
,1,81.13,2.04,,,Neptune-sized,30-100 days
,1,90.89,8.39,,,Jupiter-sized,30-100 days
,1,37.6,3.78,,,Neptune-sized,30-100 days
,1,53.69,8.38,,,Jupiter-sized,30-100 days
,1,12.33,305.77,,,Super-Jupiter,10-30 days
,1,5.06,86.26,,,Super-Jupiter,3-10 days
,1,2.14,91.56,,,Super-Jupiter,<3 days
,1,6.92,146.53,,,Super-Jupiter,3-10 days
,1,4.71,113.66,,,Super-Jupiter,3-10 days
,1,49.46,7.69,,,Jupiter-sized,30-100 days
,1,76.04,4.18,,,Jupiter-sized,30-100 days
,1,9.87,137.35,,,Super-Jupiter,3-10 days
,1,45.94,884.58,,,Super-Jupiter,30-100 days
,1,1.91,90.52,,,Super-Jupiter,<3 days
,1,6.27,163.47,,,Super-Jupiter,3-10 days
,1,46.24,2.04,,,Neptune-sized,30-100 days
,1,11.63,7.3,,,Jupiter-sized,10-30 days
,1,49.25,3.58,,,Neptune-sized,30-100 days
,1,54.54,2.37,,,Neptune-sized,30-100 days
,1,12.97,4756.55,,,Super-Jupiter,10-30 days
,1,13.06,6.68,,,Jupiter-sized,10-30 days
,1,10.85,122.18,,,Super-Jupiter,10-30 days
,1,9.52,122.19,,,Super-Jupiter,3-10 days
,1,11.48,966.74,,,Super-Jupiter,10-30 days
,1,10.56,7.63,,,Jupiter-sized,10-30 days
,1,59.53,2.49,,,Neptune-sized,30-100 days
,1,1.62,96.35,,,Super-Jupiter,<3 days
,1,13.02,394.87,,,Super-Jupiter,10-30 days
,1,34.95,273.13,,,Super-Jupiter,30-100 days
,1,8.7,133.18,,,Super-Jupiter,3-10 days
,1,11.3,506.79,,,Super-Jupiter,10-30 days
,1,1.37,61.51,,,Super-Jupiter,<3 days
,1,5.03,4.66,,,Jupiter-sized,3-10 days
,1,8.34,319.13,,,Super-Jupiter,3-10 days
,1,7.33,174.71,,,Super-Jupiter,3-10 days
,1,33.98,269.08,,,Super-Jupiter,30-100 days
,1,5.64,154.52,,,Super-Jupiter,3-10 days
,1,12.08,219.34,,,Super-Jupiter,10-30 days
,1,7.26,734.49,,,Super-Jupiter,3-10 days
,1,1.21,76.66,,,Super-Jupiter,<3 days
,1,80.51,9.36,,,Jupiter-sized,30-100 days
,1,15.47,1137.99,,,Super-Jupiter,10-30 days
,1,12.34,521.2,,,Super-Jupiter,10-30 days
,1,3.94,109.25,,,Super-Jupiter,3-10 days
,1,6.48,253.12,,,Super-Jupiter,3-10 days
,1,6.24,202.55,,,Super-Jupiter,3-10 days
,1,2.47,98.03,,,Super-Jupiter,<3 days
,1,53.8,4.34,,,Jupiter-sized,30-100 days
,1,5.98,5335.7,,,Super-Jupiter,3-10 days
,1,2.39,227.75,,,Super-Jupiter,<3 days
,1,28.67,3.0,,,Neptune-sized,10-30 days
,1,9.87,251.98,,,Super-Jupiter,3-10 days
,1,12.94,223.63,,,Super-Jupiter,10-30 days
,1,93.36,6.57,,,Jupiter-sized,30-100 days
,1,1.72,364.61,,,Super-Jupiter,<3 days
,1,67.67,7.71,,,Jupiter-sized,30-100 days
,1,38.29,3.17,,,Neptune-sized,30-100 days
,1,39.57,7.34,,,Jupiter-sized,30-100 days
,1,2.99,1942.36,,,Super-Jupiter,<3 days
,1,19.48,4.66,,,Jupiter-sized,10-30 days
,1,5.09,178.71,,,Super-Jupiter,3-10 days
,1,8.83,177.45,,,Super-Jupiter,3-10 days
,1,10.08,479.15,,,Super-Jupiter,10-30 days
,1,2.03,98.96,,,Super-Jupiter,<3 days
,1,91.7,1.93,,,Super-Earth,30-100 days
,1,23.37,8.05,,,Jupiter-sized,10-30 days
,1,12.01,123.24,,,Super-Jupiter,10-30 days
,1,27.86,6.84,,,Jupiter-sized,10-30 days
,1,23.1,3.61,,,Neptune-sized,10-30 days
,1,9.17,147.25,,,Super-Jupiter,3-10 days
,1,44.38,9.33,,,Jupiter-sized,30-100 days
,1,45.16,8.83,,,Jupiter-sized,30-100 days
,1,8.6,1183.24,,,Super-Jupiter,3-10 days
,1,8.51,117.85,,,Super-Jupiter,3-10 days
,1,13.35,478.64,,,Super-Jupiter,10-30 days
,1,36.72,2.38,,,Neptune-sized,30-100 days
,1,15.66,1.89,,,Super-Earth,10-30 days
,1,12.66,187.62,,,Super-Jupiter,10-30 days
,1,68.29,5.48,,,Jupiter-sized,30-100 days
,1,96.8,5.86,,,Jupiter-sized,30-100 days
,1,61.26,8.2,,,Jupiter-sized,30-100 days
,1,53.81,3.77,,,Neptune-sized,30-100 days
,1,6.27,144.03,,,Super-Jupiter,3-10 days
,1,90.97,3.46,,,Neptune-sized,30-100 days
,1,21.54,4.52,,,Jupiter-sized,10-30 days
,1,54.32,3.47,,,Neptune-sized,30-100 days
,1,13.03,219.19,,,Super-Jupiter,10-30 days
,1,9.7,129.53,,,Super-Jupiter,3-10 days
,1,3.61,108.52,,,Super-Jupiter,3-10 days
,1,73.79,2.45,,,Neptune-sized,30-100 days
,1,6.62,155.61,,,Super-Jupiter,3-10 days
,1,9.09,189.36,,,Super-Jupiter,3-10 days
,1,2.29,101.38,,,Super-Jupiter,<3 days
,1,75.29,6.31,,,Jupiter-sized,30-100 days
,1,45.35,9.53,,,Jupiter-sized,30-100 days
,1,2.42,845.08,,,Super-Jupiter,<3 days
,1,68.31,5.08,,,Jupiter-sized,30-100 days
,1,1.5,126.7,,,Super-Jupiter,<3 days
,1,42.55,7.78,,,Jupiter-sized,30-100 days
,1,4.02,500.61,,,Super-Jupiter,3-10 days
,1,5.27,124.95,,,Super-Jupiter,3-10 days
,1,11.63,991.21,,,Super-Jupiter,10-30 days
,1,1.82,400.15,,,Super-Jupiter,<3 days
,1,31.09,8.33,,,Jupiter-sized,30-100 days
,1,35.71,6.01,,,Jupiter-sized,30-100 days
,1,1.22,116.41,,,Super-Jupiter,<3 days
,1,56.76,8.16,,,Jupiter-sized,30-100 days
,1,49.47,6.01,,,Jupiter-sized,30-100 days
,1,21.94,187.79,,,Super-Jupiter,10-30 days
,1,84.59,9.04,,,Jupiter-sized,30-100 days
,1,30.19,9.48,,,Jupiter-sized,30-100 days
,1,81.81,7.01,,,Jupiter-sized,30-100 days
,1,61.15,3.97,,,Neptune-sized,30-100 days
,1,30.16,7.2,,,Jupiter-sized,30-100 days
,1,3.65,443.09,,,Super-Jupiter,3-10 days
,1,96.23,2.45,,,Neptune-sized,30-100 days
,1,2.07,104.2,,,Super-Jupiter,<3 days
,1,10.29,9.47,,,Jupiter-sized,10-30 days
,1,11.81,202.01,,,Super-Jupiter,10-30 days
,1,8.48,141.85,,,Super-Jupiter,3-10 days
,1,7.85,178.89,,,Super-Jupiter,3-10 days
,1,23.44,5.63,,,Jupiter-sized,10-30 days
,1,17.11,5.34,,,Jupiter-sized,10-30 days
,1,79.82,9.12,,,Jupiter-sized,30-100 days
,1,78.57,7.73,,,Jupiter-sized,30-100 days
,1,1.47,143.72,,,Super-Jupiter,<3 days
,1,13.72,823.74,,,Super-Jupiter,10-30 days
,1,19.83,167.49,,,Super-Jupiter,10-30 days
,1,11.03,155.32,,,Super-Jupiter,10-30 days
,1,3.57,124.04,,,Super-Jupiter,3-10 days
,1,23.79,7.64,,,Jupiter-sized,10-30 days
,1,54.8,9.16,,,Jupiter-sized,30-100 days
,1,12.76,193.12,,,Super-Jupiter,10-30 days
,1,31.21,8.86,,,Jupiter-sized,30-100 days
,1,96.78,6.2,,,Jupiter-sized,30-100 days
,1,43.47,9.76,,,Jupiter-sized,30-100 days
,1,82.01,7.57,,,Jupiter-sized,30-100 days
,1,40.71,800.57,,,Super-Jupiter,30-100 days
,1,2.21,160.49,,,Super-Jupiter,<3 days
,1,11.85,470.31,,,Super-Jupiter,10-30 days
,1,1.86,217.36,,,Super-Jupiter,<3 days
,1,49.17,6.3,,,Jupiter-sized,30-100 days
,1,2.14,79.92,,,Super-Jupiter,<3 days
,1,5.33,203.85,,,Super-Jupiter,3-10 days
,1,1.93,77.32,,,Super-Jupiter,<3 days
,1,70.59,8.51,,,Jupiter-sized,30-100 days
,1,3.66,142.46,,,Super-Jupiter,3-10 days
,1,12.24,189.33,,,Super-Jupiter,10-30 days
,1,5.36,677.89,,,Super-Jupiter,3-10 days
,1,4.46,189.94,,,Super-Jupiter,3-10 days
,1,11.28,181.49,,,Super-Jupiter,10-30 days
,1,11.54,197.69,,,Super-Jupiter,10-30 days
,1,8.05,171.43,,,Super-Jupiter,3-10 days
,1,12.48,4.18,,,Jupiter-sized,10-30 days
,1,10.22,160.9,,,Super-Jupiter,10-30 days
,1,1.36,1.88,,,Super-Earth,<3 days
,1,93.43,2.26,,,Neptune-sized,30-100 days
,1,12.99,221.14,,,Super-Jupiter,10-30 days
,1,9.51,249.25,,,Super-Jupiter,3-10 days
,1,6.96,396.94,,,Super-Jupiter,3-10 days
,1,6.93,473.59,,,Super-Jupiter,3-10 days
,1,51.83,5.37,,,Jupiter-sized,30-100 days
,1,54.07,2.39,,,Neptune-sized,30-100 days
,1,2.26,140.03,,,Super-Jupiter,<3 days
,1,9.18,136.11,,,Super-Jupiter,3-10 days
,1,48.48,2.49,,,Neptune-sized,30-100 days
,1,20.19,5.05,,,Jupiter-sized,10-30 days
,1,2.2,7893.9,,,Super-Jupiter,<3 days
,1,26.66,8.21,,,Jupiter-sized,10-30 days
,1,51.54,7.76,,,Jupiter-sized,30-100 days
,1,13.27,282.59,,,Super-Jupiter,10-30 days
,1,14.65,513.07,,,Super-Jupiter,10-30 days
,1,2.29,99.54,,,Super-Jupiter,<3 days
,1,9.62,128.27,,,Super-Jupiter,3-10 days
,1,8.22,345.71,,,Super-Jupiter,3-10 days
,1,2.05,99.99,,,Super-Jupiter,<3 days
,1,34.47,1397.07,,,Super-Jupiter,30-100 days
,1,98.12,1.71,,,Super-Earth,30-100 days
,1,11.28,259.87,,,Super-Jupiter,10-30 days
,1,47.22,2.65,,,Neptune-sized,30-100 days
,1,19.37,1273.16,,,Super-Jupiter,10-30 days
,1,68.48,8.85,,,Jupiter-sized,30-100 days
,1,15.05,2163.39,,,Super-Jupiter,10-30 days
,1,5.44,987.12,,,Super-Jupiter,3-10 days
,1,9.92,196.97,,,Super-Jupiter,3-10 days
,1,4.5,145.88,,,Super-Jupiter,3-10 days
,1,4.06,130.76,,,Super-Jupiter,3-10 days
,1,3.02,138.35,,,Super-Jupiter,3-10 days
,1,9.87,9.02,,,Jupiter-sized,3-10 days
,1,87.85,3.09,,,Neptune-sized,30-100 days
,1,15.05,3184.5,,,Super-Jupiter,10-30 days
,1,17.43,8.33,,,Jupiter-sized,10-30 days
,1,3.92,120.99,,,Super-Jupiter,3-10 days
,1,11.27,1305.81,,,Super-Jupiter,10-30 days
,1,6.83,119.94,,,Super-Jupiter,3-10 days
,1,70.74,9.32,,,Jupiter-sized,30-100 days
,1,92.33,9.58,,,Jupiter-sized,30-100 days
,1,7.84,154.05,,,Super-Jupiter,3-10 days
,1,12.49,292.36,,,Super-Jupiter,10-30 days
,1,5.44,116.57,,,Super-Jupiter,3-10 days
,1,4.5,101.1,,,Super-Jupiter,3-10 days
,1,3.67,101.2,,,Super-Jupiter,3-10 days
,1,2.01,111.92,,,Super-Jupiter,<3 days
,1,1.76,5559.2,,,Super-Jupiter,<3 days
,1,8.1,126.86,,,Super-Jupiter,3-10 days
,1,1.41,2.94,,,Neptune-sized,<3 days
,1,58.82,4.56,,,Jupiter-sized,30-100 days
,1,10.85,3197.04,,,Super-Jupiter,10-30 days
,1,11.79,223.48,,,Super-Jupiter,10-30 days
,1,12.93,939.72,,,Super-Jupiter,10-30 days
,1,13.7,478.3,,,Super-Jupiter,10-30 days
,1,30.27,301.36,,,Super-Jupiter,30-100 days
,1,8.03,156.6,,,Super-Jupiter,3-10 days
,1,69.55,7.76,,,Jupiter-sized,30-100 days
,1,5.4,2109.5,,,Super-Jupiter,3-10 days
,1,25.12,768.61,,,Super-Jupiter,10-30 days
,1,4.66,105.87,,,Super-Jupiter,3-10 days
,1,46.96,5.17,,,Jupiter-sized,30-100 days
,1,43.02,623.01,,,Super-Jupiter,30-100 days
,1,75.88,3.92,,,Neptune-sized,30-100 days
,1,10.13,2477.44,,,Super-Jupiter,10-30 days
,1,7.5,545.64,,,Super-Jupiter,3-10 days
,1,15.19,353.89,,,Super-Jupiter,10-30 days
,1,12.23,211.99,,,Super-Jupiter,10-30 days
,1,52.92,1.7,,,Super-Earth,30-100 days
,1,12.59,940.56,,,Super-Jupiter,10-30 days
,1,10.64,188.91,,,Super-Jupiter,10-30 days
,1,11.38,276.09,,,Super-Jupiter,10-30 days
,1,13.13,188.46,,,Super-Jupiter,10-30 days
,1,2.7,458.45,,,Super-Jupiter,<3 days
,1,2.61,4.04,,,Jupiter-sized,<3 days
,1,6.7,3.1,,,Neptune-sized,3-10 days
,1,2.72,117.45,,,Super-Jupiter,<3 days
,1,37.32,944.3,,,Super-Jupiter,30-100 days
,1,89.16,2.67,,,Neptune-sized,30-100 days
,1,6.4,1.47,,,Super-Earth,3-10 days
,1,11.95,137.62,,,Super-Jupiter,10-30 days
,1,23.52,7.95,,,Jupiter-sized,10-30 days
,1,37.24,6.23,,,Jupiter-sized,30-100 days
,1,4.56,138.93,,,Super-Jupiter,3-10 days
,1,50.97,1.88,,,Super-Earth,30-100 days
,1,2.8,146.56,,,Super-Jupiter,<3 days
,1,65.85,8.57,,,Jupiter-sized,30-100 days
,1,3.27,153.77,,,Super-Jupiter,3-10 days
,1,9.93,192.31,,,Super-Jupiter,3-10 days
,1,33.91,4.67,,,Jupiter-sized,30-100 days
,1,66.03,1.69,,,Super-Earth,30-100 days
,1,15.48,275.43,,,Super-Jupiter,10-30 days
,1,4.06,139.32,,,Super-Jupiter,3-10 days
,1,13.63,353.07,,,Super-Jupiter,10-30 days
,1,10.75,254.14,,,Super-Jupiter,10-30 days
,1,10.79,4050.63,,,Super-Jupiter,10-30 days
,1,5.58,8.45,,,Jupiter-sized,3-10 days
,1,15.39,1082.31,,,Super-Jupiter,10-30 days
,1,31.57,636.66,,,Super-Jupiter,30-100 days
,1,70.42,2.19,,,Neptune-sized,30-100 days
,1,23.66,266.84,,,Super-Jupiter,10-30 days
,1,65.45,4.99,,,Jupiter-sized,30-100 days
,1,8.58,133.91,,,Super-Jupiter,3-10 days
,1,80.74,2.82,,,Neptune-sized,30-100 days
,1,15.05,2367.78,,,Super-Jupiter,10-30 days
,1,21.86,1.69,,,Super-Earth,10-30 days
,1,10.52,142.14,,,Super-Jupiter,10-30 days
,1,3.74,108.34,,,Super-Jupiter,3-10 days
,1,4.21,259.3,,,Super-Jupiter,3-10 days
,1,8.9,4.44,,,Jupiter-sized,3-10 days
,1,13.96,481.78,,,Super-Jupiter,10-30 days
,1,8.7,335.66,,,Super-Jupiter,3-10 days
,1,1.21,51.99,,,Super-Jupiter,<3 days
,1,50.86,5.4,,,Jupiter-sized,30-100 days
,1,86.37,8.76,,,Jupiter-sized,30-100 days
,1,7.98,292.32,,,Super-Jupiter,3-10 days
,1,1.21,191.43,,,Super-Jupiter,<3 days
,1,77.18,6.84,,,Jupiter-sized,30-100 days
,1,72.59,2.14,,,Neptune-sized,30-100 days
,1,10.81,228.97,,,Super-Jupiter,10-30 days
,1,2.04,7.35,,,Jupiter-sized,<3 days
,1,13.22,212.3,,,Super-Jupiter,10-30 days
,1,4.45,95.91,,,Super-Jupiter,3-10 days
,1,6.47,123.71,,,Super-Jupiter,3-10 days
,1,2.5,388.16,,,Super-Jupiter,<3 days
,1,90.26,6.17,,,Jupiter-sized,30-100 days
,1,6.95,132.53,,,Super-Jupiter,3-10 days
,1,90.32,2.44,,,Neptune-sized,30-100 days
,1,4.94,7472.0,,,Super-Jupiter,3-10 days
,1,91.64,4.65,,,Jupiter-sized,30-100 days
,1,51.15,1.6,,,Super-Earth,30-100 days
,1,4.74,164.43,,,Super-Jupiter,3-10 days
,1,12.14,229.25,,,Super-Jupiter,10-30 days
,1,91.06,1.96,,,Super-Earth,30-100 days
,1,12.73,203.22,,,Super-Jupiter,10-30 days
,1,35.74,6.16,,,Jupiter-sized,30-100 days
,1,28.53,2.87,,,Neptune-sized,10-30 days
,1,5.38,5660.61,,,Super-Jupiter,3-10 days
,1,10.86,335.23,,,Super-Jupiter,10-30 days
,1,41.26,346.51,,,Super-Jupiter,30-100 days
,1,13.35,359.26,,,Super-Jupiter,10-30 days
,1,8.91,159.26,,,Super-Jupiter,3-10 days
,1,13.79,151.88,,,Super-Jupiter,10-30 days
,1,8.94,5.65,,,Jupiter-sized,3-10 days
,1,29.88,485.0,,,Super-Jupiter,10-30 days
,1,79.85,3.11,,,Neptune-sized,30-100 days
,1,1.05,2.12,,,Neptune-sized,<3 days
,1,5.69,1.54,,,Super-Earth,3-10 days
,1,30.05,3.13,,,Neptune-sized,30-100 days
,1,2.4,3434.15,,,Super-Jupiter,<3 days
,1,86.31,5.39,,,Jupiter-sized,30-100 days
,1,12.31,367.1,,,Super-Jupiter,10-30 days
,1,8.88,216.11,,,Super-Jupiter,3-10 days
,1,12.41,140.15,,,Super-Jupiter,10-30 days
,1,5.57,164.32,,,Super-Jupiter,3-10 days
,1,9.18,174.3,,,Super-Jupiter,3-10 days
,1,6.26,139.05,,,Super-Jupiter,3-10 days
,1,17.08,8.06,,,Jupiter-sized,10-30 days
,1,59.01,3.01,,,Neptune-sized,30-100 days
,1,71.27,1.4,,,Super-Earth,30-100 days
,1,7.0,105.04,,,Super-Jupiter,3-10 days
,1,27.22,7.73,,,Jupiter-sized,10-30 days
,1,7.5,120.03,,,Super-Jupiter,3-10 days
,1,89.02,8.5,,,Jupiter-sized,30-100 days
,1,55.62,2.12,,,Neptune-sized,30-100 days
,1,84.64,7.97,,,Jupiter-sized,30-100 days
,1,40.66,311.31,,,Super-Jupiter,30-100 days
,1,33.56,237.69,,,Super-Jupiter,30-100 days
,1,8.59,335.37,,,Super-Jupiter,3-10 days
,1,87.3,2.7,,,Neptune-sized,30-100 days
,1,13.23,176.7,,,Super-Jupiter,10-30 days
,1,12.78,236.79,,,Super-Jupiter,10-30 days
,1,13.6,486.35,,,Super-Jupiter,10-30 days
,1,10.54,178.44,,,Super-Jupiter,10-30 days
,1,87.32,6.25,,,Jupiter-sized,30-100 days
,1,3.9,228.12,,,Super-Jupiter,3-10 days
,1,29.96,4.47,,,Jupiter-sized,10-30 days
,1,90.62,6.66,,,Jupiter-sized,30-100 days
,1,43.81,715.19,,,Super-Jupiter,30-100 days
,1,77.18,1.05,,,Earth-sized,30-100 days
,1,11.12,6.61,,,Jupiter-sized,10-30 days
,1,74.1,5.6,,,Jupiter-sized,30-100 days
,1,13.61,782.75,,,Super-Jupiter,10-30 days
,1,17.25,5.29,,,Jupiter-sized,10-30 days
,1,2.13,267.35,,,Super-Jupiter,<3 days
,1,1.74,68.5,,,Super-Jupiter,<3 days
,1,36.01,7.83,,,Jupiter-sized,30-100 days
,1,13.68,150.52,,,Super-Jupiter,10-30 days
,1,13.01,133.97,,,Super-Jupiter,10-30 days
,1,2.14,486.68,,,Super-Jupiter,<3 days
,1,10.48,115.26,,,Super-Jupiter,10-30 days
,1,23.9,542.2,,,Super-Jupiter,10-30 days
,1,19.3,8.1,,,Jupiter-sized,10-30 days
,1,14.06,9.19,,,Jupiter-sized,10-30 days
,1,44.84,6.61,,,Jupiter-sized,30-100 days
,1,9.72,125.27,,,Super-Jupiter,3-10 days
,1,8.46,183.63,,,Super-Jupiter,3-10 days
,1,57.62,5.23,,,Jupiter-sized,30-100 days
,1,84.89,2.38,,,Neptune-sized,30-100 days
,1,11.44,346.18,,,Super-Jupiter,10-30 days
,1,1.2,259.28,,,Super-Jupiter,<3 days
,1,9.0,428.17,,,Super-Jupiter,3-10 days
,1,83.78,2.62,,,Neptune-sized,30-100 days
,1,10.22,133.01,,,Super-Jupiter,10-30 days
,1,1.24,1656.9,,,Super-Jupiter,<3 days
,1,6.47,549.54,,,Super-Jupiter,3-10 days
,1,29.05,5.48,,,Jupiter-sized,10-30 days
,1,7.63,100.04,,,Super-Jupiter,3-10 days
,1,13.28,195.78,,,Super-Jupiter,10-30 days
,1,15.83,500.19,,,Super-Jupiter,10-30 days
,1,17.91,357.82,,,Super-Jupiter,10-30 days
,1,93.71,3.92,,,Neptune-sized,30-100 days
,1,9.02,113.5,,,Super-Jupiter,3-10 days
,1,3.63,115.04,,,Super-Jupiter,3-10 days
,1,13.07,1393.18,,,Super-Jupiter,10-30 days
,1,10.0,304.49,,,Super-Jupiter,3-10 days
,1,4.78,114.28,,,Super-Jupiter,3-10 days
,1,77.23,3.76,,,Neptune-sized,30-100 days
,1,96.43,7.08,,,Jupiter-sized,30-100 days
,1,12.64,471.99,,,Super-Jupiter,10-30 days
,1,38.64,384.21,,,Super-Jupiter,30-100 days
,1,67.68,2.89,,,Neptune-sized,30-100 days
,1,9.64,167.9,,,Super-Jupiter,3-10 days
,1,3.25,211.19,,,Super-Jupiter,3-10 days
,1,44.84,3.7,,,Neptune-sized,30-100 days
,1,53.6,8.62,,,Jupiter-sized,30-100 days
,1,5.4,2398.55,,,Super-Jupiter,3-10 days
,1,44.67,7.76,,,Jupiter-sized,30-100 days
,1,39.83,5.55,,,Jupiter-sized,30-100 days
,1,60.39,6.44,,,Jupiter-sized,30-100 days
,1,7.02,152.08,,,Super-Jupiter,3-10 days
,1,62.04,5.28,,,Jupiter-sized,30-100 days
,1,10.93,269.52,,,Super-Jupiter,10-30 days
,1,10.92,172.27,,,Super-Jupiter,10-30 days
,1,5.47,2443.79,,,Super-Jupiter,3-10 days
,1,95.71,2.61,,,Neptune-sized,30-100 days
,1,7.61,126.24,,,Super-Jupiter,3-10 days
,1,8.56,118.5,,,Super-Jupiter,3-10 days
,1,4.39,356.0,,,Super-Jupiter,3-10 days
,1,40.92,7.73,,,Jupiter-sized,30-100 days
,1,13.26,793.54,,,Super-Jupiter,10-30 days
,1,49.77,4.0,,,Jupiter-sized,30-100 days
,1,10.46,138.79,,,Super-Jupiter,10-30 days
,1,9.9,132.68,,,Super-Jupiter,3-10 days
,1,11.6,151.37,,,Super-Jupiter,10-30 days
,1,4.89,375.27,,,Super-Jupiter,3-10 days
,1,14.84,292.1,,,Super-Jupiter,10-30 days
,1,67.32,5.85,,,Jupiter-sized,30-100 days
,1,46.91,7.86,,,Jupiter-sized,30-100 days
,1,38.79,9.98,,,Jupiter-sized,30-100 days
,1,5.47,460.24,,,Super-Jupiter,3-10 days
,1,12.59,193.09,,,Super-Jupiter,10-30 days
,1,12.07,384.01,,,Super-Jupiter,10-30 days
,1,66.63,9.88,,,Jupiter-sized,30-100 days
,1,69.42,5.99,,,Jupiter-sized,30-100 days
,1,40.18,8.83,,,Jupiter-sized,30-100 days
,1,80.82,6.76,,,Jupiter-sized,30-100 days
,1,25.77,2.83,,,Neptune-sized,10-30 days
,1,73.27,6.48,,,Jupiter-sized,30-100 days
,1,64.02,6.27,,,Jupiter-sized,30-100 days
,1,8.44,111.4,,,Super-Jupiter,3-10 days
,1,76.96,3.88,,,Neptune-sized,30-100 days
,1,25.12,526.58,,,Super-Jupiter,10-30 days
,1,13.31,226.66,,,Super-Jupiter,10-30 days
,1,71.26,3.99,,,Neptune-sized,30-100 days
,1,50.19,7.09,,,Jupiter-sized,30-100 days
,1,7.51,1421.28,,,Super-Jupiter,3-10 days
,1,12.36,297.44,,,Super-Jupiter,10-30 days
,1,10.47,656.31,,,Super-Jupiter,10-30 days
,1,3.95,95.46,,,Super-Jupiter,3-10 days
,1,8.87,203.12,,,Super-Jupiter,3-10 days
,1,6.89,235.07,,,Super-Jupiter,3-10 days
,1,5.07,167.17,,,Super-Jupiter,3-10 days
,1,18.55,706.69,,,Super-Jupiter,10-30 days
,1,10.24,5.81,,,Jupiter-sized,10-30 days
,1,11.13,574.54,,,Super-Jupiter,10-30 days
,1,12.8,131.66,,,Super-Jupiter,10-30 days
,1,92.72,8.55,,,Jupiter-sized,30-100 days
,1,12.81,225.03,,,Super-Jupiter,10-30 days
,1,14.04,299.7,,,Super-Jupiter,10-30 days
,1,1.43,103.04,,,Super-Jupiter,<3 days
,1,66.01,6.45,,,Jupiter-sized,30-100 days
,1,19.69,6.6,,,Jupiter-sized,10-30 days
,1,94.35,7.56,,,Jupiter-sized,30-100 days
,1,50.52,3.78,,,Neptune-sized,30-100 days
,1,9.36,132.83,,,Super-Jupiter,3-10 days
,1,29.89,7.63,,,Jupiter-sized,10-30 days
,1,12.7,271.84,,,Super-Jupiter,10-30 days
,1,11.25,166.74,,,Super-Jupiter,10-30 days
,1,9.76,167.41,,,Super-Jupiter,3-10 days
,1,11.6,193.81,,,Super-Jupiter,10-30 days
,1,9.53,247.23,,,Super-Jupiter,3-10 days
,1,92.55,4.23,,,Jupiter-sized,30-100 days
,1,75.88,5.45,,,Jupiter-sized,30-100 days
,1,72.42,4.43,,,Jupiter-sized,30-100 days
,1,68.67,4.05,,,Jupiter-sized,30-100 days
,1,10.64,179.53,,,Super-Jupiter,10-30 days
,1,36.18,9.47,,,Jupiter-sized,30-100 days
,1,5.13,8.72,,,Jupiter-sized,3-10 days
,1,11.35,286.2,,,Super-Jupiter,10-30 days
,1,68.77,3.45,,,Neptune-sized,30-100 days
,1,11.2,264.99,,,Super-Jupiter,10-30 days
,1,21.82,1.82,,,Super-Earth,10-30 days
,1,2.54,480.49,,,Super-Jupiter,<3 days
,1,73.32,6.74,,,Jupiter-sized,30-100 days
,1,80.33,2.73,,,Neptune-sized,30-100 days
,1,1.25,88.01,,,Super-Jupiter,<3 days
,1,5.08,227.82,,,Super-Jupiter,3-10 days
,1,10.3,134.89,,,Super-Jupiter,10-30 days
,1,8.27,190.98,,,Super-Jupiter,3-10 days
,1,18.95,9.06,,,Jupiter-sized,10-30 days
,1,1.67,67.04,,,Super-Jupiter,<3 days
,1,1.9,193.25,,,Super-Jupiter,<3 days
,1,11.49,4.83,,,Jupiter-sized,10-30 days
,1,28.21,1.14,,,Earth-sized,10-30 days
,1,58.6,5.21,,,Jupiter-sized,30-100 days
,1,2.03,105.69,,,Super-Jupiter,<3 days
,1,12.93,256.78,,,Super-Jupiter,10-30 days
,1,8.33,205.42,,,Super-Jupiter,3-10 days
,1,1.28,6.49,,,Jupiter-sized,<3 days
,1,10.61,116.29,,,Super-Jupiter,10-30 days
,1,9.42,157.92,,,Super-Jupiter,3-10 days
,1,12.32,448.0,,,Super-Jupiter,10-30 days
,1,19.07,209.29,,,Super-Jupiter,10-30 days
,1,90.49,4.91,,,Jupiter-sized,30-100 days
,1,18.57,8.64,,,Jupiter-sized,10-30 days
,1,4.95,109.71,,,Super-Jupiter,3-10 days
,1,14.77,388.63,,,Super-Jupiter,10-30 days
,1,73.42,1.16,,,Earth-sized,30-100 days
,1,9.26,140.32,,,Super-Jupiter,3-10 days
,1,40.75,365.87,,,Super-Jupiter,30-100 days
,1,3.32,348.16,,,Super-Jupiter,3-10 days
,1,13.22,177.78,,,Super-Jupiter,10-30 days
,1,55.56,1.2,,,Earth-sized,30-100 days
,1,64.99,8.34,,,Jupiter-sized,30-100 days
,1,8.4,164.39,,,Super-Jupiter,3-10 days
,1,6.47,106.38,,,Super-Jupiter,3-10 days
,1,18.28,216.91,,,Super-Jupiter,10-30 days
,1,95.23,6.69,,,Jupiter-sized,30-100 days
,1,2.21,995.48,,,Super-Jupiter,<3 days
,1,4.19,1.69,,,Super-Earth,3-10 days
,1,77.61,1.97,,,Super-Earth,30-100 days
,1,22.33,7.52,,,Jupiter-sized,10-30 days
,1,83.71,3.37,,,Neptune-sized,30-100 days
,1,5.59,140.9,,,Super-Jupiter,3-10 days
,1,12.1,190.63,,,Super-Jupiter,10-30 days
,1,43.07,549.45,,,Super-Jupiter,30-100 days
,1,40.95,9.76,,,Jupiter-sized,30-100 days
,1,80.71,8.77,,,Jupiter-sized,30-100 days
,1,9.73,9.86,,,Jupiter-sized,3-10 days
,1,62.07,6.67,,,Jupiter-sized,30-100 days
,1,37.04,5.6,,,Jupiter-sized,30-100 days
,1,12.93,130.88,,,Super-Jupiter,10-30 days
,1,4.89,924.31,,,Super-Jupiter,3-10 days
,1,33.17,7.22,,,Jupiter-sized,30-100 days
,1,10.75,505.27,,,Super-Jupiter,10-30 days
,1,13.62,364.17,,,Super-Jupiter,10-30 days
,1,41.94,755.04,,,Super-Jupiter,30-100 days
,1,29.08,8.46,,,Jupiter-sized,10-30 days
,1,3.9,228.12,,,Super-Jupiter,3-10 days
,1,10.91,149.88,,,Super-Jupiter,10-30 days
,1,9.03,801.36,,,Super-Jupiter,3-10 days
,1,4.5,99.47,,,Super-Jupiter,3-10 days
,1,86.85,7.33,,,Jupiter-sized,30-100 days
,1,52.23,3.26,,,Neptune-sized,30-100 days
,1,15.52,992.65,,,Super-Jupiter,10-30 days
,1,90.97,8.83,,,Jupiter-sized,30-100 days
,1,12.58,145.84,,,Super-Jupiter,10-30 days
,1,11.81,595.34,,,Super-Jupiter,10-30 days
,1,39.82,4.15,,,Jupiter-sized,30-100 days
,1,12.63,351.21,,,Super-Jupiter,10-30 days
,1,56.69,2.06,,,Neptune-sized,30-100 days
,1,3.02,117.29,,,Super-Jupiter,3-10 days
,1,2.26,157.08,,,Super-Jupiter,<3 days
,1,3.73,7.4,,,Jupiter-sized,3-10 days
,1,10.4,295.12,,,Super-Jupiter,10-30 days
,1,12.79,109.66,,,Super-Jupiter,10-30 days
,1,59.91,5.57,,,Jupiter-sized,30-100 days
,1,12.09,531.95,,,Super-Jupiter,10-30 days
,1,11.52,216.47,,,Super-Jupiter,10-30 days
,1,3.54,128.69,,,Super-Jupiter,3-10 days
,1,39.02,7.58,,,Jupiter-sized,30-100 days
,1,12.03,832.51,,,Super-Jupiter,10-30 days
,1,11.38,279.96,,,Super-Jupiter,10-30 days
,1,39.92,8.17,,,Jupiter-sized,30-100 days
,1,8.29,171.42,,,Super-Jupiter,3-10 days
,1,6.88,8.21,,,Jupiter-sized,3-10 days
,1,2.82,111.17,,,Super-Jupiter,<3 days
,1,54.6,3.66,,,Neptune-sized,30-100 days
,1,5.4,2182.81,,,Super-Jupiter,3-10 days
,1,11.39,5.24,,,Jupiter-sized,10-30 days
,1,10.41,314.71,,,Super-Jupiter,10-30 days
,1,35.99,2.11,,,Neptune-sized,30-100 days
,1,9.53,161.47,,,Super-Jupiter,3-10 days
,1,12.75,175.22,,,Super-Jupiter,10-30 days
,1,28.32,292.55,,,Super-Jupiter,10-30 days
,1,3.25,86.96,,,Super-Jupiter,3-10 days
,1,13.35,243.76,,,Super-Jupiter,10-30 days
,1,9.73,2.83,,,Neptune-sized,3-10 days
,1,1.89,90.75,,,Super-Jupiter,<3 days
,1,1.99,292.97,,,Super-Jupiter,<3 days
,1,4.73,115.04,,,Super-Jupiter,3-10 days
,1,2.16,4.46,,,Jupiter-sized,<3 days
,1,48.07,7.27,,,Jupiter-sized,30-100 days
,1,10.52,171.81,,,Super-Jupiter,10-30 days
,1,11.44,123.29,,,Super-Jupiter,10-30 days
,1,2.82,1441.67,,,Super-Jupiter,<3 days
,1,3.23,2545.33,,,Super-Jupiter,3-10 days
,1,19.15,4.64,,,Jupiter-sized,10-30 days
,1,29.76,6.77,,,Jupiter-sized,10-30 days
,1,42.33,460.44,,,Super-Jupiter,30-100 days
,1,13.85,184.43,,,Super-Jupiter,10-30 days
,1,10.51,4.46,,,Jupiter-sized,10-30 days
,1,95.57,7.96,,,Jupiter-sized,30-100 days
,1,9.69,1303.07,,,Super-Jupiter,3-10 days
,1,1.27,70.0,,,Super-Jupiter,<3 days
,1,18.8,441.07,,,Super-Jupiter,10-30 days
,1,11.96,183.49,,,Super-Jupiter,10-30 days
,1,2.17,116.34,,,Super-Jupiter,<3 days
,1,25.07,8.88,,,Jupiter-sized,10-30 days
,1,4.26,1133.65,,,Super-Jupiter,3-10 days
,1,4.09,917.68,,,Super-Jupiter,3-10 days
,1,7.5,149.04,,,Super-Jupiter,3-10 days
,1,71.04,7.92,,,Jupiter-sized,30-100 days
,1,93.94,9.33,,,Jupiter-sized,30-100 days
,1,4.21,1476.51,,,Super-Jupiter,3-10 days
,1,96.7,8.04,,,Jupiter-sized,30-100 days
,1,9.03,167.82,,,Super-Jupiter,3-10 days
,1,4.46,175.07,,,Super-Jupiter,3-10 days
,1,32.08,8.69,,,Jupiter-sized,30-100 days
,1,75.97,2.29,,,Neptune-sized,30-100 days
,1,88.65,8.49,,,Jupiter-sized,30-100 days
,1,85.67,4.03,,,Jupiter-sized,30-100 days
,1,11.71,108.36,,,Super-Jupiter,10-30 days
,1,55.03,2.83,,,Neptune-sized,30-100 days
,1,13.25,248.54,,,Super-Jupiter,10-30 days
,1,2.27,2593.14,,,Super-Jupiter,<3 days
,1,42.04,2.83,,,Neptune-sized,30-100 days
,1,8.29,181.86,,,Super-Jupiter,3-10 days
,1,10.74,464.81,,,Super-Jupiter,10-30 days
,1,50.38,9.88,,,Jupiter-sized,30-100 days
,1,33.43,298.87,,,Super-Jupiter,30-100 days
,1,49.83,5.09,,,Jupiter-sized,30-100 days
,1,29.01,5.1,,,Jupiter-sized,10-30 days
,1,58.23,2.86,,,Neptune-sized,30-100 days
,1,57.4,9.08,,,Jupiter-sized,30-100 days
,1,4.44,98.03,,,Super-Jupiter,3-10 days
,1,10.34,288.28,,,Super-Jupiter,10-30 days
,1,5.02,148.6,,,Super-Jupiter,3-10 days
,1,72.6,4.58,,,Jupiter-sized,30-100 days
,1,29.98,9.65,,,Jupiter-sized,10-30 days
,1,3.29,104.71,,,Super-Jupiter,3-10 days
,1,37.24,1.9,,,Super-Earth,30-100 days
,1,80.68,6.4,,,Jupiter-sized,30-100 days
,1,20.71,9.44,,,Jupiter-sized,10-30 days
,1,12.45,165.32,,,Super-Jupiter,10-30 days
,1,98.09,2.16,,,Neptune-sized,30-100 days
,1,12.71,664.61,,,Super-Jupiter,10-30 days
,1,5.74,218.24,,,Super-Jupiter,3-10 days
,1,31.05,4.85,,,Jupiter-sized,30-100 days
,1,62.15,5.07,,,Jupiter-sized,30-100 days
,1,71.07,9.02,,,Jupiter-sized,30-100 days
,1,9.96,387.67,,,Super-Jupiter,3-10 days
,1,51.19,8.73,,,Jupiter-sized,30-100 days
,1,65.91,1.93,,,Super-Earth,30-100 days
,1,19.4,8.77,,,Jupiter-sized,10-30 days
,1,12.58,289.42,,,Super-Jupiter,10-30 days
,1,7.74,159.55,,,Super-Jupiter,3-10 days
,1,13.22,231.28,,,Super-Jupiter,10-30 days
,1,18.82,9.37,,,Jupiter-sized,10-30 days
,1,4.91,2.25,,,Neptune-sized,3-10 days
,1,1.8,77.18,,,Super-Jupiter,<3 days
,1,9.84,9.98,,,Jupiter-sized,3-10 days
,1,2.71,121.81,,,Super-Jupiter,<3 days
,1,14.65,1584.96,,,Super-Jupiter,10-30 days
,1,11.83,304.61,,,Super-Jupiter,10-30 days
,1,4.24,209.65,,,Super-Jupiter,3-10 days
,1,3.97,2.41,,,Neptune-sized,3-10 days
,1,44.87,404.7,,,Super-Jupiter,30-100 days
,1,2.2,1015.8,,,Super-Jupiter,<3 days
,1,53.69,6.89,,,Jupiter-sized,30-100 days
,1,10.24,139.17,,,Super-Jupiter,10-30 days
,1,5.36,6.27,,,Jupiter-sized,3-10 days
,1,4.09,136.87,,,Super-Jupiter,3-10 days
,1,9.32,138.78,,,Super-Jupiter,3-10 days
,1,57.84,7.5,,,Jupiter-sized,30-100 days
,1,63.66,9.28,,,Jupiter-sized,30-100 days
,1,4.83,164.44,,,Super-Jupiter,3-10 days
,1,54.32,3.13,,,Neptune-sized,30-100 days
,1,15.64,1062.25,,,Super-Jupiter,10-30 days
,1,47.49,4.43,,,Jupiter-sized,30-100 days
,1,34.33,4.78,,,Jupiter-sized,30-100 days
,1,77.49,6.09,,,Jupiter-sized,30-100 days
,1,21.7,9.75,,,Jupiter-sized,10-30 days
,1,12.91,180.42,,,Super-Jupiter,10-30 days
,1,3.92,8.38,,,Jupiter-sized,3-10 days
,1,74.43,9.49,,,Jupiter-sized,30-100 days
,1,79.28,4.58,,,Jupiter-sized,30-100 days
,1,11.78,188.2,,,Super-Jupiter,10-30 days
,1,3.24,2611.13,,,Super-Jupiter,3-10 days
,1,70.75,2.16,,,Neptune-sized,30-100 days
,1,4.76,111.74,,,Super-Jupiter,3-10 days
,1,30.1,8.1,,,Jupiter-sized,30-100 days
,1,1.25,82.75,,,Super-Jupiter,<3 days
,1,7.35,177.07,,,Super-Jupiter,3-10 days
,1,11.7,170.15,,,Super-Jupiter,10-30 days
,1,38.48,386.96,,,Super-Jupiter,30-100 days
,1,58.95,8.77,,,Jupiter-sized,30-100 days
,1,9.91,171.29,,,Super-Jupiter,3-10 days
,1,1.42,610.41,,,Super-Jupiter,<3 days
,1,90.77,8.86,,,Jupiter-sized,30-100 days
,1,41.59,252.85,,,Super-Jupiter,30-100 days
,1,88.58,5.65,,,Jupiter-sized,30-100 days
,1,26.12,357.29,,,Super-Jupiter,10-30 days
,1,6.04,9.36,,,Jupiter-sized,3-10 days
,1,13.31,233.65,,,Super-Jupiter,10-30 days
,1,4.73,133.24,,,Super-Jupiter,3-10 days
,1,58.15,8.36,,,Jupiter-sized,30-100 days
,1,43.18,3.32,,,Neptune-sized,30-100 days
