target_id,period,true_label
10797460,9.48803557,CANDIDATE
10797460,54.4183827,CANDIDATE
10811496,19.89913995,CANDIDATE
10848459,1.736952453,FALSE_POSITIVE
10854555,2.525591777,CANDIDATE
10872983,11.09432054,CANDIDATE
10872983,4.13443512,CANDIDATE
10872983,2.56658897,CANDIDATE
6721123,7.36178958,FALSE_POSITIVE
10910878,16.06864674,CANDIDATE
11446443,2.470613377,CANDIDATE
10666592,2.204735417,CANDIDATE
6922244,3.522498429,CANDIDATE
10984090,3.709214104,CANDIDATE
10419211,11.521446064,FALSE_POSITIVE
10464078,19.40393776,FALSE_POSITIVE
10480982,19.221388942,FALSE_POSITIVE
10485250,16.46983774,FALSE_POSITIVE
10526549,9.27358173,CANDIDATE
10583066,6.02930329,CANDIDATE
10583180,2.696370652,FALSE_POSITIVE
10601284,5.349553819,CANDIDATE
10601284,3.94105221,CANDIDATE
10601284,8.10904807,CANDIDATE
2306756,386.6030528,FALSE_POSITIVE
10662202,21.67699193,CANDIDATE
10682541,4.99677968,CANDIDATE
11460018,4.280963604,CANDIDATE
11463211,1.50635409,FALSE_POSITIVE
11465813,670.645531,FALSE_POSITIVE
11493732,61.2563628,FALSE_POSITIVE
11507101,38.3775486,CANDIDATE
10910878,41.19725502,CANDIDATE
10910878,6.252962249,CANDIDATE
10987985,16.01308419,CANDIDATE
11018648,32.62876672,CANDIDATE
11018648,91.7732862,CANDIDATE
11138155,4.959319244,CANDIDATE
11152159,2.701287801,FALSE_POSITIVE
11153539,4.49876511,CANDIDATE
11242721,19.651209505,FALSE_POSITIVE
9579641,5.412203927,CANDIDATE
11304958,41.43958662,CANDIDATE
11391957,8.35389523,CANDIDATE
11403044,4.125543472,CANDIDATE
11414511,2.816504904,CANDIDATE
11442465,33.93373447,FALSE_POSITIVE
12110942,3.689920099,CANDIDATE
12366084,4.431238488,CANDIDATE
12366084,11.37936986,CANDIDATE
12404086,26.39432897,CANDIDATE
8395660,13.57078281,CANDIDATE
9579641,7.12594387,CANDIDATE
11656840,7.442652004,FALSE_POSITIVE
11754553,16.38489988,CANDIDATE
11754553,7.8774163,CANDIDATE
11754553,36.4454001,CANDIDATE
11812062,3.728732147,CANDIDATE
11818800,40.4195037,CANDIDATE
11853255,2.243380573,CANDIDATE
11909839,10.405998015,FALSE_POSITIVE
11918099,2.337437946,CANDIDATE
11918099,7.2406612,CANDIDATE
9579641,3.43591631,CANDIDATE
11923270,11.59822233,CANDIDATE
11960862,6.575315881,CANDIDATE
12020329,7.275040844,CANDIDATE
12066335,19.27153892,CANDIDATE
12066335,10.06524317,CANDIDATE
12070811,12.3935651,CANDIDATE
8395660,43.84439721,CANDIDATE
3120431,3.341913228,FALSE_POSITIVE
3246984,1.626630225,FALSE_POSITIVE
3342970,2.711504086,CANDIDATE
3342970,7.21203748,CANDIDATE
12459725,14.1798187,FALSE_POSITIVE
12470844,8.47237911,CANDIDATE
12470844,60.4189369,CANDIDATE
12644822,12.611904345,CANDIDATE
2440757,1.433769925,FALSE_POSITIVE
2445129,10.31872301,FALSE_POSITIVE
2713049,2.539183147,CANDIDATE
3114167,6.770300385,CANDIDATE
3114661,0.444291966,FALSE_POSITIVE
3115833,10.181584004,CANDIDATE
4139816,20.06036336,CANDIDATE
4139816,46.1842039,CANDIDATE
8395660,23.9800854,CANDIDATE
4139816,7.82502168,CANDIDATE
4275191,3.895936525,CANDIDATE
4476123,22.36646466,CANDIDATE
3351888,1.625522174,CANDIDATE
3453214,19.620346923,CANDIDATE
3554600,7.544039,FALSE_POSITIVE
3641726,9.02930689,CANDIDATE
3734868,10.328035714,FALSE_POSITIVE
3832474,143.2063047,CANDIDATE
8395660,6.164876,CANDIDATE
3832474,60.32494216,CANDIDATE
3832474,29.1598615,CANDIDATE
3836375,1.540397253,FALSE_POSITIVE
3838486,2.99025443,FALSE_POSITIVE
3935914,1.594745374,CANDIDATE
3940418,4.783002698,CANDIDATE
4049131,20.50588921,CANDIDATE
4139816,3.340218842,CANDIDATE
5287983,2.507089906,FALSE_POSITIVE
5358241,18.64932728,CANDIDATE
10875245,4.90144976,CANDIDATE
5358241,9.75192101,CANDIDATE
5358241,38.5576546,CANDIDATE
5358624,3.525632539,CANDIDATE
4544670,34.84398644,CANDIDATE
4664847,7.748094239,CANDIDATE
4725681,23.96793669,CANDIDATE
4725681,8.29561738,CANDIDATE
4913852,8.11437482,CANDIDATE
4932348,38.036729482,FALSE_POSITIVE
4936180,4.64090031,CANDIDATE
11913073,3.747838198,FALSE_POSITIVE
10875245,14.74914825,CANDIDATE
5021899,21.81295996,CANDIDATE
5077629,7.91936937,FALSE_POSITIVE
5115978,1.028436523,CANDIDATE
5164255,15.37562369,CANDIDATE
5252423,8.10363271,CANDIDATE
5252423,4.71510843,CANDIDATE
5272878,6.365839713,CANDIDATE
5283542,5.97581754,FALSE_POSITIVE
5649215,2.446737317,FALSE_POSITIVE
5651104,3.04033046,CANDIDATE
5792202,15.33528675,CANDIDATE
10875245,7.95825328,CANDIDATE
5792202,31.33046135,CANDIDATE
5370302,3.9043425,FALSE_POSITIVE
5372966,9.286358079,FALSE_POSITIVE
5376067,3.951405455,FALSE_POSITIVE
5436502,23.65369415,CANDIDATE
5436502,13.23352214,CANDIDATE
5436502,6.15560285,CANDIDATE
5436502,2.090811305,CANDIDATE
10875245,3.180027898,CANDIDATE
5436502,50.4467417,CANDIDATE
5456651,11.76307164,CANDIDATE
5456651,56.2279271,CANDIDATE
5481416,2.384052875,FALSE_POSITIVE
5531576,7.953547,CANDIDATE
5531576,4.14451656,CANDIDATE
5534814,4.859386384,FALSE_POSITIVE
6291653,10.526294577,CANDIDATE
6392727,4.583520948,CANDIDATE
6422070,3.76181843,CANDIDATE
6428700,8.20396958,CANDIDATE
6428700,14.49645186,CANDIDATE
5792202,6.54626149,CANDIDATE
5794379,12.71809866,CANDIDATE
5794379,36.06588163,CANDIDATE
5881688,4.190425659,CANDIDATE
6022556,3.709870784,CANDIDATE
6032497,16.3297527,CANDIDATE
6061119,27.807566216,CANDIDATE
6191521,80.8723469,CANDIDATE
6267425,3.166465862,FALSE_POSITIVE
3531558,24.99324319,CANDIDATE
6276477,10.35533116,CANDIDATE
6863998,16.08518937,CANDIDATE
6867155,235.9986399,CANDIDATE
6948054,7.49018305,CANDIDATE
6948054,36.2761238,CANDIDATE
6948054,17.46087931,CANDIDATE
6435936,56.0560754,CANDIDATE
6522242,41.408316686,CANDIDATE
6526710,39.74893077,CANDIDATE
6587280,5.715425977,CANDIDATE
9471974,49.18394185,CANDIDATE
6587280,20.0261412,CANDIDATE
6599919,13.61014819,CANDIDATE
6675056,10.44331991,FALSE_POSITIVE
6685526,2.237489571,CANDIDATE
6756669,5.851520671,FALSE_POSITIVE
6784235,3.167893418,CANDIDATE
6849310,4.311780262,CANDIDATE
6849310,20.0504494,CANDIDATE
6849310,9.76734503,CANDIDATE
6862328,119.0207044,CANDIDATE
9471974,190.3200468,CANDIDATE
6862603,2.861159894,FALSE_POSITIVE
7366258,26.44439337,CANDIDATE
7366258,51.53997972,CANDIDATE
7366258,5.902245782,CANDIDATE
7366258,2.382951591,CANDIDATE
7373451,21.02250608,CANDIDATE
6948054,3.219814777,CANDIDATE
6949607,5.912273234,CANDIDATE
6949607,8.98581901,CANDIDATE
7031517,12.940668656,CANDIDATE
11869052,20.5452375,FALSE_POSITIVE
7109675,33.60123371,CANDIDATE
7109675,6.76652928,CANDIDATE
7118364,4.347288783,CANDIDATE
7134976,4.601811819,CANDIDATE
7134976,11.18719905,CANDIDATE
7135852,4.220965778,CANDIDATE
7270230,6.998099523,FALSE_POSITIVE
7287995,5.95489993,CANDIDATE
7287995,12.03987488,CANDIDATE
7287995,20.83762895,CANDIDATE
3247396,8.8111022,FALSE_POSITIVE
7303253,23.58917143,CANDIDATE
5094751,6.481633073,CANDIDATE
7678434,10.37168928,CANDIDATE
7678434,3.96996298,CANDIDATE
7685981,4.40841331,CANDIDATE
7708215,7.9426176,FALSE_POSITIVE
7373451,226.8904775,CANDIDATE
7377033,1.956811408,FALSE_POSITIVE
7380537,2.688899233,CANDIDATE
7434875,9.439459486,CANDIDATE
8349582,11.523067458,CANDIDATE
7434875,20.47748843,CANDIDATE
7434875,3.336123113,CANDIDATE
7455287,8.01078456,CANDIDATE
7455287,12.07134205,CANDIDATE
7455287,20.99587872,CANDIDATE
7458762,7.41113177,CANDIDATE
7552344,1.000747038,FALSE_POSITIVE
757450,8.884922995,CANDIDATE
7585481,8.09888906,CANDIDATE
7663691,10.00653012,CANDIDATE
5812701,17.855221681,CANDIDATE
8013419,12.732624065,CANDIDATE
8018547,83.92494032,CANDIDATE
8039892,5.007316661,CANDIDATE
8150320,2.211116989,CANDIDATE
8150320,27.9541337,CANDIDATE
11086270,12.69104387,CANDIDATE
7767559,4.409409243,FALSE_POSITIVE
7825899,16.23947096,CANDIDATE
7825899,6.308201629,CANDIDATE
7849854,2.052349884,CANDIDATE
7870390,9.7704486,CANDIDATE
7870390,5.169804269,CANDIDATE
5094751,21.22261195,CANDIDATE
7870390,20.09017037,CANDIDATE
7907423,7.11373257,CANDIDATE
7907423,3.306551643,CANDIDATE
7907423,15.36845737,CANDIDATE
7938496,13.81020318,CANDIDATE
8490993,4.093578461,CANDIDATE
8490993,105.145959,CANDIDATE
8505670,10.8484518,CANDIDATE
8505670,6.66833241,CANDIDATE
8544996,4.082274889,CANDIDATE
8552202,3.886655224,CANDIDATE
8150320,42.1406089,CANDIDATE
8150320,4.617490562,CANDIDATE
8150320,10.19849255,CANDIDATE
8180063,5.795063956,FALSE_POSITIVE
8226994,7.15681552,CANDIDATE
8226994,17.64830851,CANDIDATE
8226994,4.14810719,CANDIDATE
8247638,16.51410989,CANDIDATE
8247638,30.1329298,CANDIDATE
8247638,4.79090809,CANDIDATE
11086270,31.71981013,CANDIDATE
8247638,99.6415962,CANDIDATE
8255887,4.708326451,CANDIDATE
8256049,16.37198661,FALSE_POSITIVE
8414716,5.392026903,CANDIDATE
9140402,2.494170338,CANDIDATE
9141746,6.491682808,CANDIDATE
9159275,3.044770796,FALSE_POSITIVE
9166862,3.855603916,CANDIDATE
9166870,3.855599139,FALSE_POSITIVE
11449844,38.47876629,CANDIDATE
8605074,37.601661282,FALSE_POSITIVE
8628973,3.314947362,CANDIDATE
8655354,6.71969089,FALSE_POSITIVE
8672910,39.6431552,CANDIDATE
8686150,51.42598578,FALSE_POSITIVE
8689031,21.80451611,CANDIDATE
8689373,10.28194593,CANDIDATE
8689373,18.11993039,CANDIDATE
8689373,3.78402867,CANDIDATE
8826878,5.15448142,CANDIDATE
5897826,33.80364366,FALSE_POSITIVE
8883593,5.743469797,CANDIDATE
8951215,39.4759093,CANDIDATE
9016295,19.974485239,FALSE_POSITIVE
9077124,3.166353562,CANDIDATE
9097120,23.899634407,FALSE_POSITIVE
9466668,3.388012244,CANDIDATE
9466668,5.83909761,CANDIDATE
9466668,1.620467654,CANDIDATE
9466668,10.6816951,CANDIDATE
9479273,6.104849417,CANDIDATE
8359498,3.578780566,CANDIDATE
9171801,3.187067566,FALSE_POSITIVE
9334289,5.826657508,CANDIDATE
9334289,12.41216347,CANDIDATE
9334289,18.74649011,CANDIDATE
9347899,20.86021229,CANDIDATE
9347899,42.63427848,CANDIDATE
9347899,87.6476068,CANDIDATE
9347899,9.61731426,CANDIDATE
9388479,9.467821474,CANDIDATE
9388479,0.893040969,CANDIDATE
11359879,4.942783419,CANDIDATE
9406990,20.83426731,CANDIDATE
9415172,9.94602357,CANDIDATE
9415172,1.04562195,CANDIDATE
9415172,5.71462396,CANDIDATE
9904059,102.9641952,FALSE_POSITIVE
3231341,8.14515981,CANDIDATE
3231341,18.9985279,CANDIDATE
3231341,4.24439049,CANDIDATE
2860866,90.1240507,CANDIDATE
7626506,28.5742692,CANDIDATE
10460629,856.672115,CANDIDATE
10319385,0.689210173,CANDIDATE
10482160,7.34373964,CANDIDATE
10485069,0.445277068,FALSE_POSITIVE
3233043,0.379463865,FALSE_POSITIVE
6579806,9.88047978,FALSE_POSITIVE
3560301,4.6484156,FALSE_POSITIVE
4044005,17.512014768,FALSE_POSITIVE
11502218,3.9886021,CANDIDATE
11180361,0.533059312,CANDIDATE
5802246,0.525154153,FALSE_POSITIVE
6066403,1.303861044,FALSE_POSITIVE
6209637,0.73452496,FALSE_POSITIVE
5988031,2.55549176,FALSE_POSITIVE
7684873,2.947376671,FALSE_POSITIVE
8559644,224.7789355,CANDIDATE
2851100,0.890110752,FALSE_POSITIVE
3130300,5.76573396,FALSE_POSITIVE
3240158,7.42608123,CANDIDATE
3240158,15.9868932,CANDIDATE
3228959,0.73094589,FALSE_POSITIVE
3218908,18.92537246,CANDIDATE
10341913,0.933749106,FALSE_POSITIVE
10480921,2.037440623,FALSE_POSITIVE
10287723,129995.7784,CANDIDATE
10350571,31.5925809,CANDIDATE
10350571,17.157236,CANDIDATE
3749365,1.97376085,CANDIDATE
11013201,13.118962443,CANDIDATE
11673674,4.618767792,FALSE_POSITIVE
11013201,7.82187328,CANDIDATE
9414417,53.5057611,CANDIDATE
3632418,2.785821236,CANDIDATE
3441784,52.56901867,FALSE_POSITIVE
5820218,3.411758679,FALSE_POSITIVE
5876368,0.525426427,FALSE_POSITIVE
5809890,1.269091415,CANDIDATE
5809890,2.853133997,CANDIDATE
6131236,6.79685353,CANDIDATE
9048161,8.667822346,FALSE_POSITIVE
3218908,1.475323222,CANDIDATE
3218908,4.15246118,CANDIDATE
3235672,6.7210783,FALSE_POSITIVE
2837111,8.7348852,CANDIDATE
3120276,10.26547688,FALSE_POSITIVE
2307199,13.4471791,CANDIDATE
3547091,3.305577989,FALSE_POSITIVE
3869825,4.800653901,FALSE_POSITIVE
3655332,15.06649901,FALSE_POSITIVE
4042026,34.82008158,FALSE_POSITIVE
3344419,0.651784374,FALSE_POSITIVE
11192141,1.353771892,FALSE_POSITIVE
11494130,18.95491633,FALSE_POSITIVE
5648449,4.348866254,FALSE_POSITIVE
12167361,47.93094546,FALSE_POSITIVE
8607720,3.99751422,FALSE_POSITIVE
1433962,1.592633181,FALSE_POSITIVE
9032900,67.5923754,CANDIDATE
5956342,17.02902786,CANDIDATE
5956342,6.84619236,CANDIDATE
5956342,67.8321638,CANDIDATE
5956342,43.1312147,CANDIDATE
5956656,1.224866441,CANDIDATE
3109930,37.8102649,CANDIDATE
2854914,25.93406406,CANDIDATE
2854914,83.4463485,CANDIDATE
3337425,7.04710032,FALSE_POSITIVE
3116412,12.99204853,CANDIDATE
3865567,11.11620211,FALSE_POSITIVE
3544689,1.922861499,FALSE_POSITIVE
4037164,0.635445336,FALSE_POSITIVE
3443790,1.665784138,FALSE_POSITIVE
3966912,55.6639167,FALSE_POSITIVE
8394721,52.09081627,CANDIDATE
11607193,7.1548608,FALSE_POSITIVE
1161345,4.28746668,CANDIDATE
10227501,2.002779769,FALSE_POSITIVE
2854698,8.18739443,CANDIDATE
2854698,76.0498163,CANDIDATE
8559644,3.341799486,CANDIDATE
6032981,3.3226948,FALSE_POSITIVE
5866099,36.97708808,FALSE_POSITIVE
5964985,1.851409163,FALSE_POSITIVE
6066416,1.303859704,FALSE_POSITIVE
1996679,145.5624926,FALSE_POSITIVE
2849805,3.749105745,CANDIDATE
3114811,11.08956602,CANDIDATE
2853446,7.37290344,CANDIDATE
3003992,7.24476126,FALSE_POSITIVE
3942446,119.0624882,CANDIDATE
3554031,8.70798309,CANDIDATE
3554031,14.8623076,CANDIDATE
3554031,4.17634276,CANDIDATE
8394721,27.40229859,CANDIDATE
7295235,3.179267286,CANDIDATE
2302548,10.38122447,CANDIDATE
2302548,24.5709023,CANDIDATE
10743597,81.221876,FALSE_POSITIVE
10743597,0.817026268,FALSE_POSITIVE
9818381,3.024092505,CANDIDATE
6124941,5.670155713,FALSE_POSITIVE
6060203,1.022678654,CANDIDATE
5880320,12.10968709,CANDIDATE
5880320,4.75796103,CANDIDATE
5880320,20.4972755,CANDIDATE
3003992,13.55480534,FALSE_POSITIVE
6307537,29.74454668,FALSE_POSITIVE
6359798,14.15402428,FALSE_POSITIVE
6311681,0.844786082,FALSE_POSITIVE
6365321,0.848483947,FALSE_POSITIVE
6301035,11.99097576,FALSE_POSITIVE
3859079,53.5292702,CANDIDATE
3557493,0.393726813,FALSE_POSITIVE
4061149,2.757584622,CANDIDATE
3444588,0.928310036,CANDIDATE
8394721,13.48457668,CANDIDATE
3962243,31.8841473,CANDIDATE
10743597,16.15811112,CANDIDATE
10015516,67.69213907,FALSE_POSITIVE
10154388,12.06222962,CANDIDATE
1432789,9.93146307,CANDIDATE
1718189,21.85362905,CANDIDATE
5880320,8.19345065,CANDIDATE
5130369,19.97867,FALSE_POSITIVE
6037187,41.8059544,CANDIDATE
6147122,15.45158184,FALSE_POSITIVE
8257407,89.698168533,FALSE_POSITIVE
8218274,1.187352427,FALSE_POSITIVE
3964562,3.012476582,FALSE_POSITIVE
5735762,4.77800306,CANDIDATE
6292162,7.814839231,FALSE_POSITIVE
6307521,29.7452499,FALSE_POSITIVE
6359320,5.32667299,CANDIDATE
3848972,0.741057213,FALSE_POSITIVE
3860441,2.988085455,FALSE_POSITIVE
3765771,2.783883492,FALSE_POSITIVE
3557341,0.393727296,FALSE_POSITIVE
3859628,8.17242644,CANDIDATE
3644071,1295.362215,CANDIDATE
1718189,13.0607936,CANDIDATE
1431122,4.2989201,CANDIDATE
3858949,25.9518461,FALSE_POSITIVE
3858824,25.9518536,FALSE_POSITIVE
2157247,5.68628739,FALSE_POSITIVE
7601633,15.663886949,FALSE_POSITIVE
8242681,4.020628573,FALSE_POSITIVE
8260218,5.714817603,CANDIDATE
8246781,185.02288222,FALSE_POSITIVE
8264070,2.897432135,FALSE_POSITIVE
8222813,8.70420525,CANDIDATE
6359320,8.1280933,CANDIDATE
6359320,2.83668931,CANDIDATE
6362874,0.974868896,CANDIDATE
6272413,4.89721006,CANDIDATE
8279765,2.757794163,FALSE_POSITIVE
8330548,1.914158508,FALSE_POSITIVE
3348082,3.98216698,FALSE_POSITIVE
3853673,0.643794198,FALSE_POSITIVE
3447722,16.08832318,CANDIDATE
3447722,10.30067919,CANDIDATE
3447722,35.6757453,CANDIDATE
3447722,1.00861677,CANDIDATE
1432214,161.78832712,FALSE_POSITIVE
2165002,16.56806842,CANDIDATE
2165002,47.3329299,CANDIDATE
2441728,0.856895349,FALSE_POSITIVE
1871056,40.8065333,CANDIDATE
8222813,2.46697039,CANDIDATE
12105051,2.624234833,CANDIDATE
8240904,6.61836309,CANDIDATE
8240904,107.7214092,CANDIDATE
8240904,92.77779,CANDIDATE
8374494,5.251916208,FALSE_POSITIVE
5735762,9.673958488,CANDIDATE
8414907,100.3039228,FALSE_POSITIVE
8414907,200.61103346,FALSE_POSITIVE
8397446,0.986620248,FALSE_POSITIVE
8386035,1.63484631,FALSE_POSITIVE
3962243,14.12847677,CANDIDATE
3962243,48.6478543,CANDIDATE
3438507,8.39842977,CANDIDATE
3869014,8.63847391,CANDIDATE
3756801,422.917678,CANDIDATE
1871056,140.10765,CANDIDATE
1865042,3.4815917,CANDIDATE
2438502,8.360616221,FALSE_POSITIVE
2309585,1.838514968,FALSE_POSITIVE
5780460,35.61760233,CANDIDATE
8244190,1.09206833,FALSE_POSITIVE
8229696,10.12805158,CANDIDATE
8262210,1.613001111,FALSE_POSITIVE
10272640,3.770551475,CANDIDATE
10232123,1.343767797,FALSE_POSITIVE
10223616,29.12436474,FALSE_POSITIVE
8415745,31.82814583,FALSE_POSITIVE
8378634,3.629442796,FALSE_POSITIVE
8397675,0.553261874,FALSE_POSITIVE
8346392,5.72812616,CANDIDATE
8288947,3.75574267,CANDIDATE
8312852,7.44042933,FALSE_POSITIVE
9480189,6.581477136,CANDIDATE
11974540,24.669192732,CANDIDATE
9480189,2.382652873,CANDIDATE
9480189,24.66461416,CANDIDATE
9512687,11.51517167,CANDIDATE
8644288,7.641567589,CANDIDATE
5738346,30.6113932,FALSE_POSITIVE
1725016,7.40742502,CANDIDATE
1722276,569.934135,FALSE_POSITIVE
892772,5.09246539,FALSE_POSITIVE
1027438,110.61576622,FALSE_POSITIVE
10268907,1.103971357,FALSE_POSITIVE
5446285,10.916108342,CANDIDATE
10166274,3.353732008,CANDIDATE
10166274,6.877446033,CANDIDATE
10166274,28.46464804,CANDIDATE
10153827,0.293630085,FALSE_POSITIVE
5735762,42.89645024,CANDIDATE
8302450,2.44199803,FALSE_POSITIVE
8313667,30.5872153,CANDIDATE
8351704,7.09712124,CANDIDATE
8299955,2.6827683,FALSE_POSITIVE
9513865,3.601465336,CANDIDATE
9595686,3.108251172,FALSE_POSITIVE
9605514,25.8474958,CANDIDATE
9605514,40.715561,CANDIDATE
9661877,20.42720701,FALSE_POSITIVE
5728283,6.198273591,FALSE_POSITIVE
8127639,1.023471798,FALSE_POSITIVE
6047498,0.51872711,FALSE_POSITIVE
8125580,17.31711739,CANDIDATE
8158127,9.42889884,CANDIDATE
10158990,1.096583368,FALSE_POSITIVE
10149023,9.95639775,CANDIDATE
10141900,6.50327035,CANDIDATE
10141900,4.09667624,CANDIDATE
10141900,1.196548464,CANDIDATE
8410727,11.47609015,CANDIDATE
8410727,25.2630467,CANDIDATE
8349405,7.1688266,FALSE_POSITIVE
8278371,0.677374687,CANDIDATE
8280511,10.43547031,CANDIDATE
8280511,7.41084314,CANDIDATE
9710326,28.59914031,CANDIDATE
9761882,24.58716355,CANDIDATE
5297298,34.193600311,FALSE_POSITIVE
9766437,12.53248222,CANDIDATE
9772531,31.201692472,CANDIDATE
9775938,13.19720694,CANDIDATE
8644288,14.85890852,CANDIDATE
8158127,4.08897299,CANDIDATE
8176653,2.866680334,FALSE_POSITIVE
8174625,17.44486016,CANDIDATE
8183911,8.30697421,FALSE_POSITIVE
8179973,2.49705175,FALSE_POSITIVE
10157458,7.33685101,CANDIDATE
4649305,22.65117451,FALSE_POSITIVE
10148521,1.204274435,FALSE_POSITIVE
10118816,7.71790675,CANDIDATE
10122255,27.6652847,CANDIDATE
3124412,0.948950734,FALSE_POSITIVE
3835670,14.55730897,CANDIDATE
10287248,4.722254104,FALSE_POSITIVE
10351767,0.635069939,FALSE_POSITIVE
10295951,6.810823723,CANDIDATE
10342041,0.933746515,FALSE_POSITIVE
10514770,1.872421727,FALSE_POSITIVE
9775938,33.6528474,CANDIDATE
9787239,5.90127815,CANDIDATE
9787239,8.75209691,CANDIDATE
9787239,22.78078241,CANDIDATE
9787239,2.896005211,CANDIDATE
9787239,0.742957911,CANDIDATE
2309719,54.35635067,FALSE_POSITIVE
2558363,0.54624855,FALSE_POSITIVE
2716853,18.82744023,CANDIDATE
2445154,8.4120069,FALSE_POSITIVE
2715135,5.747711909,CANDIDATE
8644288,3.504691252,CANDIDATE
3113266,0.995861402,FALSE_POSITIVE
3247268,86.67856052,CANDIDATE
3247268,12.21828097,CANDIDATE
3232859,8.387210055,FALSE_POSITIVE
3098184,15.2384539,FALSE_POSITIVE
2720309,0.413334492,FALSE_POSITIVE
10342065,0.93374614,FALSE_POSITIVE
10352945,6.47179275,FALSE_POSITIVE
10354039,64.617518,CANDIDATE
10330115,13.21409607,CANDIDATE
10426656,6.05729966,CANDIDATE
9820483,3.584101048,CANDIDATE
9941662,1.763587535,CANDIDATE
7778437,5.014234733,CANDIDATE
9823457,8.11528727,CANDIDATE
9823457,36.9250409,CANDIDATE
2574201,37.4783492,FALSE_POSITIVE
2166206,8.09695764,FALSE_POSITIVE
2164169,32.3122867,CANDIDATE
2574338,9.22961384,CANDIDATE
2584163,14.5598556,CANDIDATE
4180280,4.176254191,CANDIDATE
3239636,0.528755447,FALSE_POSITIVE
2721030,6.10027621,CANDIDATE
3329204,51.59809554,CANDIDATE
3230491,1500.0,CANDIDATE
3340070,10.9110487,FALSE_POSITIVE
7626506,8.408878137,CANDIDATE
10426656,10.93725572,CANDIDATE
10426656,2.97136658,CANDIDATE
10528068,158.6850022,CANDIDATE
10468940,2.936527336,CANDIDATE
9825625,7.03902016,CANDIDATE
9875711,8.360870704,CANDIDATE
7661409,3.14051153,FALSE_POSITIVE
1026957,21.76129812,CANDIDATE
10002261,12.713794177,FALSE_POSITIVE
8176650,15.801100028,FALSE_POSITIVE
2162635,1500.1406772,CANDIDATE
5899544,1.739428983,FALSE_POSITIVE
5963222,1.217266418,FALSE_POSITIVE
5982353,19.563092517,FALSE_POSITIVE
6205468,3.7228551,FALSE_POSITIVE
8506766,48.93786896,FALSE_POSITIVE
3240706,5.48990788,FALSE_POSITIVE
2853093,161.5278347,CANDIDATE
3228824,0.73093905,FALSE_POSITIVE
3245969,11.39102358,CANDIDATE
3231341,12.33343853,CANDIDATE
10468940,8.01500821,CANDIDATE
10341831,0.933749941,FALSE_POSITIVE
10337517,7.053934488,CANDIDATE
10337517,4.29263699,CANDIDATE
10351231,7.6746614,CANDIDATE
10485179,0.445275074,FALSE_POSITIVE
8561063,1.213770423,CANDIDATE
8561063,0.453287416,CANDIDATE
8892910,10.810132734,FALSE_POSITIVE
8561063,1.865114193,CANDIDATE
10657664,3.273699006,FALSE_POSITIVE
3337351,7.047103499,FALSE_POSITIVE
6153201,0.530300102,FALSE_POSITIVE
5802486,1.073917869,FALSE_POSITIVE
5817553,4.206096814,FALSE_POSITIVE
5982368,19.56313723,FALSE_POSITIVE
5816811,2.227718792,FALSE_POSITIVE
5816165,0.591914504,FALSE_POSITIVE
7102227,36.7704935,CANDIDATE
7102227,14.58932429,CANDIDATE
7102227,0.764017553,CANDIDATE
6960913,59.8780258,CANDIDATE
6837146,20.51360192,CANDIDATE
11122894,74.92768653,CANDIDATE
11122894,150.0189511,CANDIDATE
11129738,2.613020421,CANDIDATE
11401182,0.927859786,CANDIDATE
11030711,205.912735,CANDIDATE
11512246,7.10695741,CANDIDATE
6607286,0.783276173,CANDIDATE
6607286,3.17405898,CANDIDATE
6690082,2.1395563,CANDIDATE
6690082,4.807103254,CANDIDATE
6448890,21.4054422,CANDIDATE
6448890,10.5007712,CANDIDATE
10730034,2.633852528,CANDIDATE
10730034,6.18670882,CANDIDATE
10858691,1.796320953,CANDIDATE
10858691,3.468073,CANDIDATE
10858691,5.9142668,CANDIDATE
8107380,14.00640392,CANDIDATE
6936909,3.546531809,CANDIDATE
6936909,5.70070626,CANDIDATE
6962977,20.8341497,CANDIDATE
6962977,7.0556584,CANDIDATE
11176127,10.47548084,CANDIDATE
11176127,22.92886314,CANDIDATE
11176127,77.4740991,CANDIDATE
11075279,345.1589354,CANDIDATE
11014932,6.88595222,CANDIDATE
6607447,99.6442783,CANDIDATE
6677256,3.125814002,FALSE_POSITIVE
8030148,5.660669429,CANDIDATE
6692833,10.80487163,FALSE_POSITIVE
6693640,13.71938426,CANDIDATE
10858691,29.2214959,CANDIDATE
10973814,44.8520997,CANDIDATE
10973814,20.34237838,CANDIDATE
6541920,118.3786735,CANDIDATE
10586208,23.58444746,CANDIDATE
6962977,11.97884409,CANDIDATE
6962977,3.71545593,CANDIDATE
6962977,2.58083264,CANDIDATE
7174351,1.487084251,FALSE_POSITIVE
6932987,19.25404023,CANDIDATE
11014932,15.0549356,CANDIDATE
11014932,2.92721119,CANDIDATE
11014932,38.2856338,CANDIDATE
11288505,19.80787763,CANDIDATE
11493431,2.343230566,CANDIDATE
6441738,19.03723442,CANDIDATE
8801343,2.73987398,FALSE_POSITIVE
8488878,5.801880653,FALSE_POSITIVE
8560285,85.34092607,FALSE_POSITIVE
8620565,0.782045734,FALSE_POSITIVE
8616873,0.576078683,CANDIDATE
10854768,10.1171684,CANDIDATE
10964440,19.12947603,CANDIDATE
10713616,83.5781976,CANDIDATE
10963242,6.1469956,CANDIDATE
10785538,0.522457732,FALSE_POSITIVE
6932987,54.1558384,CANDIDATE
8191672,3.548465446,CANDIDATE
6851425,11.1199028,CANDIDATE
6934291,0.567856484,CANDIDATE
7357531,251.0597249,FALSE_POSITIVE
6185711,11.70219638,FALSE_POSITIVE
11037335,40.7150498,CANDIDATE
11037335,10.44635944,CANDIDATE
11389771,2.508553286,CANDIDATE
11389771,13.75129636,CANDIDATE
8737796,0.885747456,FALSE_POSITIVE
8462258,3.611541977,FALSE_POSITIVE
10925104,8.041347775,CANDIDATE
8454250,5.082722475,FALSE_POSITIVE
8494263,78.9257421,CANDIDATE
8848271,9.991625291,FALSE_POSITIVE
10585852,8.57504983,CANDIDATE
10928043,6.84639884,CANDIDATE
10794087,7.64970832,CANDIDATE
10794087,12.37679312,CANDIDATE
6541920,10.30401132,CANDIDATE
4275739,2.171827838,FALSE_POSITIVE
7287415,3.016182013,CANDIDATE
6924203,6.8833761,CANDIDATE
6878167,0.833980196,FALSE_POSITIVE
6880531,69.62754202,FALSE_POSITIVE
6863839,1.926353494,FALSE_POSITIVE
7296086,0.890737359,FALSE_POSITIVE
11389771,5.41908491,CANDIDATE
11599038,7.01733571,CANDIDATE
11193263,6.91134223,CANDIDATE
11027624,394.6249514,CANDIDATE
11032227,7.19304935,CANDIDATE
8751933,86.64764448,CANDIDATE
8630788,36.33750453,CANDIDATE
8630788,14.64613058,CANDIDATE
8630788,148.272013,CANDIDATE
8823426,1.506507172,FALSE_POSITIVE
4070376,1.634614356,FALSE_POSITIVE
4078157,16.025018977,FALSE_POSITIVE
4164994,10.50682978,CANDIDATE
4480676,0.711966971,FALSE_POSITIVE
4079535,17.72724392,FALSE_POSITIVE
6766634,321.2124365,CANDIDATE
6774826,7.13895376,FALSE_POSITIVE
5652237,4.4645454,FALSE_POSITIVE
7211469,11.29689442,CANDIDATE
7375795,19.30112039,FALSE_POSITIVE
7255336,1.20320092,FALSE_POSITIVE
7831264,5.968724048,CANDIDATE
7802136,10.980246199,FALSE_POSITIVE
7532973,2.144632238,CANDIDATE
9632895,27.32204488,FALSE_POSITIVE
7449844,1.152216965,FALSE_POSITIVE
8766222,5.2972293,FALSE_POSITIVE
8678594,133.460999,CANDIDATE
10925104,5.188563677,CANDIDATE
8678594,15.19423359,CANDIDATE
8703884,14.17098745,FALSE_POSITIVE
8560840,31.9734169,FALSE_POSITIVE
4076098,3.990105908,CANDIDATE
4551328,0.52205862,FALSE_POSITIVE
4282872,10.035381809,CANDIDATE
4639868,53.100942624,FALSE_POSITIVE
10555375,5.80181368,FALSE_POSITIVE
4372768,15.6402515,FALSE_POSITIVE
7375795,0.691666384,FALSE_POSITIVE
7211221,5.62154315,CANDIDATE
7025526,1.074106954,FALSE_POSITIVE
9451127,5.117401517,FALSE_POSITIVE
9446824,4.20233673,FALSE_POSITIVE
11356260,8.50698069,CANDIDATE
11044770,15.60865244,FALSE_POSITIVE
11600889,0.669310092,CANDIDATE
11197126,4.494498254,FALSE_POSITIVE
11043167,44.9306706,CANDIDATE
8612847,14.13175309,CANDIDATE
8552583,1.061934816,FALSE_POSITIVE
8547140,11.41926141,CANDIDATE
8519253,5.93821065,FALSE_POSITIVE
8813698,268.9410974,CANDIDATE
8757910,0.655001616,FALSE_POSITIVE
4074736,80.9669561,CANDIDATE
4072526,33.1996355,CANDIDATE
4150539,8.65306587,FALSE_POSITIVE
4274548,6.80082032,CANDIDATE
4455231,19.30581662,CANDIDATE
8953257,3.221785738,FALSE_POSITIVE
8971432,0.6243875,FALSE_POSITIVE
9278553,18.610092584,FALSE_POSITIVE
9527915,13.22175358,CANDIDATE
9143254,1.137525054,FALSE_POSITIVE
8949247,23.799939273,FALSE_POSITIVE
11336883,7.16893064,CANDIDATE
11336883,54.325574,CANDIDATE
11336883,20.01959599,CANDIDATE
12506351,1.22775877,FALSE_POSITIVE
7622486,40.24649897,FALSE_POSITIVE
7622486,2.27999662,FALSE_POSITIVE
9705459,2.48658617,FALSE_POSITIVE
8564587,5.729317577,CANDIDATE
10925104,11.776132317,CANDIDATE
8564587,11.60908533,CANDIDATE
8631160,162.0479502,CANDIDATE
8552498,0.530967162,FALSE_POSITIVE
8806072,40.05881661,CANDIDATE
4455231,6.09747233,CANDIDATE
4455231,56.637918,CANDIDATE
4285107,2.243016513,FALSE_POSITIVE
4150624,8.6531216,FALSE_POSITIVE
8972058,8.99088621,CANDIDATE
9346253,34.064566412,FALSE_POSITIVE
9002237,4.350087749,FALSE_POSITIVE
9288786,1.744101106,FALSE_POSITIVE
8958035,7.981187121,FALSE_POSITIVE
9040849,4.118775582,FALSE_POSITIVE
9202151,1.694740233,CANDIDATE
7842610,0.971933156,FALSE_POSITIVE
7830637,121.5991278,FALSE_POSITIVE
4760746,15.068060768,CANDIDATE
7832356,7.886632468,CANDIDATE
9643874,8.027681123,CANDIDATE
8800954,704.962626,CANDIDATE
8583696,50.28635977,CANDIDATE
8804283,22.79020351,CANDIDATE
8804283,13.26079792,CANDIDATE
8552565,1.061932545,FALSE_POSITIVE
4155328,127.8334997,CANDIDATE
4077526,10.21864532,CANDIDATE
4077526,15.573637,CANDIDATE
4077526,40.1015561,CANDIDATE
4077526,4.45814897,CANDIDATE
8937021,5.663621501,FALSE_POSITIVE
8935810,6.230335,CANDIDATE
2441495,12.49340725,CANDIDATE
9455556,6.62643441,CANDIDATE
9455556,3.70122061,CANDIDATE
9427402,6.247030799,CANDIDATE
3732821,13.73474071,CANDIDATE
3962440,700.00298217,CANDIDATE
3534076,272.0868353,CANDIDATE
3962357,14.55387488,CANDIDATE
9110357,0.895277575,FALSE_POSITIVE
8394721,81.0637895,CANDIDATE
8609450,24.8056775,CANDIDATE
6541920,13.02493307,CANDIDATE
8609450,44.3471936,CANDIDATE
8609450,9.2207691,CANDIDATE
8609450,13.6396648,CANDIDATE
4243911,1.922799706,CANDIDATE
4466677,3.222975318,CANDIDATE
4466677,42.0370662,CANDIDATE
4466677,21.0112068,CANDIDATE
4135665,4.16811839,CANDIDATE
9269281,5.82348911,CANDIDATE
9100484,8.75059775,CANDIDATE
9157908,9.41475056,FALSE_POSITIVE
9030447,0.56669006,FALSE_POSITIVE
9034103,7.13969705,CANDIDATE
9214942,18.75470238,CANDIDATE
3858704,3.00363219,FALSE_POSITIVE
3749134,11.30123036,CANDIDATE
3556220,0.796722833,FALSE_POSITIVE
3660924,4.24153629,CANDIDATE
3939150,17.32419108,CANDIDATE
8628758,14.37457572,CANDIDATE
8628758,9.65188331,CANDIDATE
8509361,6.0990118,FALSE_POSITIVE
8742590,49.4781446,CANDIDATE
8822366,30.8639476,CANDIDATE
8972058,2.403640701,CANDIDATE
4386059,2.90060781,FALSE_POSITIVE
4650674,4.51436096,CANDIDATE
4275721,3.77359871,CANDIDATE
4275721,8.18182189,CANDIDATE
8874090,13.32389352,CANDIDATE
11666881,4.919584997,CANDIDATE
9264949,11.41911886,CANDIDATE
9271752,11.36113254,CANDIDATE
9007866,1.3866358,FALSE_POSITIVE
9150827,14.53410833,CANDIDATE
3939150,33.0063185,CANDIDATE
3839488,11.13127159,CANDIDATE
3542588,3.47143963,FALSE_POSITIVE
3442055,29.6193891,CANDIDATE
3440861,3.50376155,FALSE_POSITIVE
12252424,8.925079516,CANDIDATE
8700771,8.0922105,CANDIDATE
10960993,3.117087797,FALSE_POSITIVE
6541920,22.687155,CANDIDATE
10599397,0.937406378,FALSE_POSITIVE
10879208,0.668483615,FALSE_POSITIVE
10843203,4.429633087,FALSE_POSITIVE
4570931,1.544927524,FALSE_POSITIVE
4136466,4.48758768,CANDIDATE
7284688,0.323021692,FALSE_POSITIVE
7199774,4.70818628,FALSE_POSITIVE
7037540,14.405857436,FALSE_POSITIVE
6866228,7.702374154,FALSE_POSITIVE
9391208,16.56062577,CANDIDATE
9391506,15.74958583,CANDIDATE
8950853,37.8145252,CANDIDATE
9006449,12.64504291,CANDIDATE
9006449,21.5262958,CANDIDATE
9006449,33.8845825,CANDIDATE
4043190,6.40087137,CANDIDATE
3640905,30.1599411,CANDIDATE
3640905,51.0771048,CANDIDATE
4060815,4.2856756,FALSE_POSITIVE
6613006,7.388833611,FALSE_POSITIVE
6606653,2.698021895,FALSE_POSITIVE
10790387,117.93110803,CANDIDATE
10748393,4.887806806,FALSE_POSITIVE
10874226,11.973605044,FALSE_POSITIVE
10661771,1.231364189,FALSE_POSITIVE
10924853,2.102416517,FALSE_POSITIVE
10874926,11.703109303,FALSE_POSITIVE
6631721,13.73808249,FALSE_POSITIVE
6847018,16.66216657,FALSE_POSITIVE
7220322,0.752159702,FALSE_POSITIVE
6956233,4.81886153,FALSE_POSITIVE
7303287,125.86540191,CANDIDATE
7303287,34.5439452,CANDIDATE
11512246,10.74241765,CANDIDATE
8916492,4.02378908,FALSE_POSITIVE
11193447,0.312941621,FALSE_POSITIVE
11517719,2.495780169,CANDIDATE
11599264,8.428090255,FALSE_POSITIVE
11100657,8.344104633,FALSE_POSITIVE
6620003,1.714274727,CANDIDATE
6621116,137.75960504,FALSE_POSITIVE
6629332,2.155278342,FALSE_POSITIVE
6387450,3.661326482,FALSE_POSITIVE
12252424,4.75400072,CANDIDATE
6432059,0.76973817,FALSE_POSITIVE
6470149,165.739861,FALSE_POSITIVE
10549562,9.08937826,FALSE_POSITIVE
10874614,3.234699282,CANDIDATE
6541920,31.99552485,CANDIDATE
10666230,1.577800747,FALSE_POSITIVE
10971674,2.380862632,FALSE_POSITIVE
6891543,1.752567456,FALSE_POSITIVE
7211141,51.92920654,CANDIDATE
7363829,384.02570682,CANDIDATE
6719086,3.014330766,CANDIDATE
7376983,5.644914154,CANDIDATE
5084942,3.105507835,CANDIDATE
11125936,1.336109338,FALSE_POSITIVE
11026304,13.35151248,CANDIDATE
11342550,1693.6636225,CANDIDATE
11497958,5.841636615,CANDIDATE
11497958,19.85029495,CANDIDATE
11512246,15.27443889,CANDIDATE
6462874,22.34293693,FALSE_POSITIVE
6665223,119.40817159,FALSE_POSITIVE
6545358,1.171536413,FALSE_POSITIVE
6390824,0.973547911,FALSE_POSITIVE
6546528,3.053563251,FALSE_POSITIVE
10676923,1.031096352,FALSE_POSITIVE
10604335,11.00817635,CANDIDATE
10604335,92.7495777,CANDIDATE
10864656,52.5008645,CANDIDATE
10975146,0.63133171,CANDIDATE
10538176,12.69905011,CANDIDATE
7376983,8.74292005,CANDIDATE
7376983,3.64830183,CANDIDATE
7376983,2.345863002,CANDIDATE
6946199,37.1011418,CANDIDATE
6946199,104.8205868,CANDIDATE
11497958,10.8644095,CANDIDATE
11177707,124.4197175,CANDIDATE
11611600,1.219568047,CANDIDATE
11254382,2.05388477,CANDIDATE
11122894,38.86848956,CANDIDATE
6677841,35.7353616,CANDIDATE
6677841,12.30971679,CANDIDATE
6677841,54.4205407,CANDIDATE
9970525,30.00908916,FALSE_POSITIVE
6531491,14.32407216,FALSE_POSITIVE
6383821,27.07237655,CANDIDATE
10538176,37.5142128,CANDIDATE
10724369,55.6391882,CANDIDATE
6541920,46.6856205,CANDIDATE
10867062,34.2966363,CANDIDATE
10744335,4.59726613,CANDIDATE
4860678,9.97716876,CANDIDATE
5177104,3.02168007,CANDIDATE
7023960,30.882538697,FALSE_POSITIVE
10033279,72.4914068,FALSE_POSITIVE
5009189,4.93913074,FALSE_POSITIVE
8230616,2.240486703,CANDIDATE
9836959,105.0145774,CANDIDATE
9838949,4.88084456,CANDIDATE
9895006,10.56137217,CANDIDATE
9896558,67.6690554,CANDIDATE
9589323,3.949627144,CANDIDATE
9823487,16.00460392,CANDIDATE
9602514,3.55650737,FALSE_POSITIVE
9726659,3.148661555,CANDIDATE
12108312,0.70544824,FALSE_POSITIVE
5371776,3.295701024,CANDIDATE
5371776,9.65349016,CANDIDATE
5371776,5.315954488,CANDIDATE
9573539,10.04556377,CANDIDATE
5371776,1.499144441,CANDIDATE
9886661,5.082748362,CANDIDATE
5477805,5.00673576,FALSE_POSITIVE
10055126,9.17617167,CANDIDATE
10055126,19.7383992,CANDIDATE
5009743,41.6980186,CANDIDATE
10015937,59.6585348,CANDIDATE
10019065,52.6298542,CANDIDATE
7950644,10.290994129,CANDIDATE
10080248,14.8783945,CANDIDATE
10213902,59.6222627,CANDIDATE
9842906,4.9883873,FALSE_POSITIVE
11821363,8.19596647,CANDIDATE
7629518,15.59466045,CANDIDATE
10810838,56.35407916,CANDIDATE
4828341,36.12895451,FALSE_POSITIVE
10019763,32.50456309,FALSE_POSITIVE
9899280,1.332560589,FALSE_POSITIVE
8046659,31.56904354,CANDIDATE
4940438,9.08590495,FALSE_POSITIVE
5308663,0.784512952,FALSE_POSITIVE
5474733,0.883778461,FALSE_POSITIVE
10963065,2.465024332,CANDIDATE
6268648,15.86624787,CANDIDATE
10125352,4.288515468,FALSE_POSITIVE
5357901,3.797018259,CANDIDATE
4278221,1.340596782,CANDIDATE
10214162,17.42393582,CANDIDATE
10905746,9.8786461,CANDIDATE
8242434,44.96407458,CANDIDATE
6185331,49.7700907,CANDIDATE
11820830,12.7319385,FALSE_POSITIVE
11774387,0.520222869,FALSE_POSITIVE
9636135,5.83376197,CANDIDATE
9636135,2.42150341,CANDIDATE
7841925,14.16400071,CANDIDATE
7841925,0.840594032,CANDIDATE
7841925,6.20920207,CANDIDATE
5219234,5.48711441,CANDIDATE
5219234,8.29084167,CANDIDATE
5219234,3.20539622,CANDIDATE
5219234,16.73869035,CANDIDATE
12504988,5.093938816,FALSE_POSITIVE
9015738,13.93291548,CANDIDATE
7215603,2.36436762,CANDIDATE
4276716,20.6654374,CANDIDATE
5561278,20.31047472,CANDIDATE
7287683,69.8347983,CANDIDATE
6387542,2.53475568,CANDIDATE
8266276,2.59488443,CANDIDATE
6869184,43.3167427,CANDIDATE
8396405,19.18109525,CANDIDATE
10799735,37.590298548,FALSE_POSITIVE
6604328,31.0033072,CANDIDATE
9719634,3.351556891,FALSE_POSITIVE
7439316,2.617028373,CANDIDATE
12061238,1.876406096,FALSE_POSITIVE
8323753,6.71425632,FALSE_POSITIVE
12400538,150.2412582,CANDIDATE
5184584,53.44944498,CANDIDATE
5636648,0.466743525,FALSE_POSITIVE
5564247,1.727177258,FALSE_POSITIVE
5438099,7.24022418,CANDIDATE
5438099,4.64622383,CANDIDATE
6543893,10.29674097,CANDIDATE
6543893,5.93919041,CANDIDATE
6975129,19.74733983,CANDIDATE
11391018,30.360445359,CANDIDATE
8685497,4.4096675,CANDIDATE
4365645,4.16787814,CANDIDATE
7199906,220.65651253,CANDIDATE
8197343,11.79161234,CANDIDATE
7032421,20.55848388,FALSE_POSITIVE
6786348,26.964501,CANDIDATE
6209677,7.76845639,CANDIDATE
9641018,2.178154348,FALSE_POSITIVE
9813499,5.03257009,CANDIDATE
12254792,40.4286676,CANDIDATE
12020218,21.3588236,CANDIDATE
7690844,22.0459163,CANDIDATE
9535080,49.6456235,FALSE_POSITIVE
5438099,17.32670445,CANDIDATE
5438099,44.8411168,CANDIDATE
5210475,1.008917105,FALSE_POSITIVE
8009350,13.75207851,CANDIDATE
8082001,6.33855946,CANDIDATE
9017682,11.30507984,CANDIDATE
9277896,4.59489816,CANDIDATE
9401997,32.2964275,CANDIDATE
10686864,2.97041801,CANDIDATE
10749128,9.9824036,CANDIDATE
11904734,12.681733929,CANDIDATE
8043714,6.814984472,FALSE_POSITIVE
7918217,63.9354965,FALSE_POSITIVE
10153011,83.09708021,CANDIDATE
9631995,7.891448838,CANDIDATE
11870545,0.839961456,CANDIDATE
7901948,2.578852119,CANDIDATE
11955499,9.04189129,FALSE_POSITIVE
6442377,30.22910274,CANDIDATE
9784222,0.798200403,FALSE_POSITIVE
5376836,3.479425638,FALSE_POSITIVE
5557821,2.92878704,FALSE_POSITIVE
10004519,9.80321143,CANDIDATE
5031857,24.81097206,CANDIDATE
5031857,7.136922,CANDIDATE
10879038,4.8538404,CANDIDATE
10990917,11.04605365,CANDIDATE
11043136,2.621706694,FALSE_POSITIVE
11046025,3.72020708,CANDIDATE
5771719,12.264867364,FALSE_POSITIVE
9729691,8.689301216,CANDIDATE
9729691,20.99757968,CANDIDATE
4950232,0.979442525,FALSE_POSITIVE
10904857,3.120828136,CANDIDATE
8651389,15.13590453,CANDIDATE
9520668,1.399326503,FALSE_POSITIVE
7871954,1.937029968,CANDIDATE
7871954,7.06117322,CANDIDATE
12418724,20.55331441,CANDIDATE
7456001,40.0686713,CANDIDATE
10028792,114.73658,CANDIDATE
10028792,191.239133,CANDIDATE
10028792,5.83393857,CANDIDATE
5553652,24.3282251,FALSE_POSITIVE
5299459,10.41572666,CANDIDATE
11153121,14.97031664,CANDIDATE
11153121,32.2753853,CANDIDATE
11153121,6.33027476,CANDIDATE
11177543,38.3262237,CANDIDATE
11337141,4.04355245,CANDIDATE
6705142,5.59728249,CANDIDATE
3967760,5.52418625,CANDIDATE
3967760,8.77514782,CANDIDATE
4067336,10.12742274,FALSE_POSITIVE
5387843,0.870693883,FALSE_POSITIVE
7549209,27.5071114,CANDIDATE
7663405,5.1443645,CANDIDATE
9765975,18.45848388,CANDIDATE
9818462,25.9421582,CANDIDATE
6803202,21.06075303,CANDIDATE
5299459,13.08424286,CANDIDATE
9651668,2.684328541,CANDIDATE
5299459,23.3397956,CANDIDATE
12506770,2.806243488,CANDIDATE
5629985,2.27190723,FALSE_POSITIVE
9898364,7.132351753,FALSE_POSITIVE
11337372,6.53194024,CANDIDATE
11337833,51.3011844,CANDIDATE
11546211,1.097211085,FALSE_POSITIVE
11547505,0.938466959,CANDIDATE
4471747,51.3901452,CANDIDATE
11502867,3.217518511,CANDIDATE
9909735,4.66271902,CANDIDATE
9909735,11.8150174,CANDIDATE
11551692,7.834433676,CANDIDATE
11551692,3.005156911,CANDIDATE
12266636,33.3856176,CANDIDATE
9850893,8.48039789,FALSE_POSITIVE
4826110,1.333395306,FALSE_POSITIVE
7869917,7.71467686,CANDIDATE
9824805,4.4444826,CANDIDATE
5193400,21.3781146,FALSE_POSITIVE
7939330,29.5422566,CANDIDATE
7939330,144.551628,CANDIDATE
4918309,186.4361811,CANDIDATE
12602568,8.04727721,CANDIDATE
9941066,5.87063416,CANDIDATE
5972334,15.358767771,CANDIDATE
4650733,29.5390897,CANDIDATE
4830605,35.6364022,CANDIDATE
4832197,0.94773253,FALSE_POSITIVE
4844004,0.784031658,FALSE_POSITIVE
12120943,8.98128472,CANDIDATE
7831264,13.07141889,CANDIDATE
9761199,0.692015479,FALSE_POSITIVE
7751571,17.0421346,FALSE_POSITIVE
9579499,7.94671044,FALSE_POSITIVE
11913013,3.74781242,FALSE_POSITIVE
7768451,192.667139,CANDIDATE
7691260,3.989544192,CANDIDATE
9821454,17.9776037,CANDIDATE
9821454,11.8693144,CANDIDATE
11954842,12.98494603,CANDIDATE
7972785,7.300735516,FALSE_POSITIVE
5470739,19.17893976,CANDIDATE
10022908,6.99130452,CANDIDATE
9932970,52.971584,CANDIDATE
5617854,3.517494725,CANDIDATE
4932442,6.93365167,CANDIDATE
4932442,5.91393977,CANDIDATE
5183357,61.0373591,CANDIDATE
5269467,33.8677783,CANDIDATE
5360920,14.62399621,CANDIDATE
7672940,1064.2680956,FALSE_POSITIVE
7838655,2.113202658,FALSE_POSITIVE
11702948,9.771462706,CANDIDATE
9512981,281.5628889,CANDIDATE
7770450,1.157808038,FALSE_POSITIVE
11455491,6.14281498,FALSE_POSITIVE
11764462,5.69919592,CANDIDATE
11656246,18.11473813,CANDIDATE
7808587,6.24145791,CANDIDATE
4741126,20.4222447,CANDIDATE
5301750,8.72585478,CANDIDATE
5301750,12.88291395,CANDIDATE
5301750,27.4345973,CANDIDATE
5301750,4.22453631,CANDIDATE
5301750,44.5520266,CANDIDATE
5526717,52.069002,CANDIDATE
5972334,2.418406841,CANDIDATE
5526717,8.51170088,CANDIDATE
5530882,5.0825188,FALSE_POSITIVE
5531953,6.93910337,CANDIDATE
6034945,9.11500269,CANDIDATE
9851226,8.48031942,FALSE_POSITIVE
8692861,13.7223682,CANDIDATE
7543649,3.582076914,FALSE_POSITIVE
9480310,15.43400996,CANDIDATE
11858748,1.780984316,FALSE_POSITIVE
4741126,7.63846084,CANDIDATE
11669125,70.6981724,CANDIDATE
12159249,3.74443645,CANDIDATE
9872292,10.19154678,CANDIDATE
9963461,10.581581895,FALSE_POSITIVE
8081482,2.819453322,FALSE_POSITIVE
5542466,12.89006728,CANDIDATE
4178389,23.210509958,CANDIDATE
5542466,2.35574505,CANDIDATE
5542466,4.74666128,CANDIDATE
10028140,19.65639342,CANDIDATE
6048024,62.81584402,FALSE_POSITIVE
6049190,70.468171,CANDIDATE
6149553,56.86716792,FALSE_POSITIVE
6198999,3.93246069,CANDIDATE
6310636,0.921030497,CANDIDATE
6616218,5.960400011,CANDIDATE
7761545,85.3514875,CANDIDATE
7499398,23.02028478,CANDIDATE
12365184,69.72646639,CANDIDATE
4770365,1.609321941,CANDIDATE
4770365,9.51220046,CANDIDATE
4770365,4.72941177,CANDIDATE
10748390,4.887803076,CANDIDATE
11804465,4.437962934,CANDIDATE
9663113,20.74028645,CANDIDATE
5649956,1.207852845,FALSE_POSITIVE
4840513,2.379282197,FALSE_POSITIVE
5217586,26.0692512,FALSE_POSITIVE
5289854,9.69501146,CANDIDATE
5289854,15.3825394,CANDIDATE
9895709,1.818939148,FALSE_POSITIVE
10006581,40.1097817,CANDIDATE
5972334,0.708621057,CANDIDATE
6616218,2.46106962,CANDIDATE
6696462,3.403743926,FALSE_POSITIVE
7220429,8.03753796,CANDIDATE
7222086,2.43902575,FALSE_POSITIVE
12406749,56.3587987,CANDIDATE
8692861,242.467406,CANDIDATE
7811397,169.4976085,CANDIDATE
12403119,76.13622222,CANDIDATE
9842890,4.9883872,FALSE_POSITIVE
8113154,2.586878667,FALSE_POSITIVE
5270698,3.964333304,FALSE_POSITIVE
5024450,1.525924389,FALSE_POSITIVE
5282049,5.910371418,FALSE_POSITIVE
5475431,0.917568975,CANDIDATE
10027323,5.92365747,CANDIDATE
10027323,105.3582299,CANDIDATE
12019440,3.24325988,CANDIDATE
5039228,7.79668781,CANDIDATE
10004738,56.4758069,CANDIDATE
10004738,92.8747294,CANDIDATE
7304449,1.538180949,CANDIDATE
7386827,10.4188915,CANDIDATE
7522911,20.4998763,CANDIDATE
7626370,1.921437488,CANDIDATE
7703955,96.109323,CANDIDATE
7512982,20.38174802,CANDIDATE
7512982,7.00447892,CANDIDATE
9597806,5.101375725,CANDIDATE
7812167,17.7940049,FALSE_POSITIVE
11760959,3.47021401,FALSE_POSITIVE
5283458,30.69395532,CANDIDATE
9940565,2.139325409,FALSE_POSITIVE
8053552,29.481061268,CANDIDATE
9663113,572.376632,CANDIDATE
8111381,2.233799622,FALSE_POSITIVE
5444549,31.13862664,FALSE_POSITIVE
10004738,13.93068791,CANDIDATE
5474613,20.4074846,CANDIDATE
4860932,12.36564669,FALSE_POSITIVE
5438757,10.35078415,CANDIDATE
5438757,62.9224936,CANDIDATE
7750419,32.7737631,CANDIDATE
5972334,38.6520796,CANDIDATE
7815744,14.20442616,CANDIDATE
7955580,55.673582,CANDIDATE
8230616,6.82778157,CANDIDATE
9692345,0.687895191,FALSE_POSITIVE
7898352,127.2824442,CANDIDATE
11402995,10.06083238,CANDIDATE
7898352,30.1837021,CANDIDATE
12062667,2.92928244,FALSE_POSITIVE
7984047,77.63424586,CANDIDATE
7951018,52.75878505,CANDIDATE
9899355,1.332564478,FALSE_POSITIVE
12644774,41.0772969,FALSE_POSITIVE
9902856,135.9121619,FALSE_POSITIVE
7747425,42.4729078,CANDIDATE
9892816,15.17026921,CANDIDATE
9892816,39.4576228,CANDIDATE
9836149,17.8159689,CANDIDATE
4813563,36.5157639,CANDIDATE
2985767,14.07969236,CANDIDATE
2304320,16.54081386,CANDIDATE
3657758,3.609313059,CANDIDATE
9790806,1.93155546,CANDIDATE
6382217,8.41100305,CANDIDATE
5375194,13.52252364,CANDIDATE
6468138,134.2520474,CANDIDATE
10019708,3.268695042,CANDIDATE
11875734,99.7468804,CANDIDATE
7697568,22.84156293,FALSE_POSITIVE
7046804,11.720123999,CANDIDATE
7449136,4.33643506,CANDIDATE
8680979,15.95541913,CANDIDATE
8680979,8.25980352,CANDIDATE
9030537,62.5613879,CANDIDATE
6949061,8.96847034,CANDIDATE
7269493,1.907810683,CANDIDATE
5513648,32.85862571,CANDIDATE
9164836,48.118812545,FALSE_POSITIVE
7887791,2.229326354,CANDIDATE
11657891,2.514628496,CANDIDATE
6305192,8.025118521,CANDIDATE
6382217,5.79529495,CANDIDATE
9634821,73.7578875,CANDIDATE
9634821,8.56267266,CANDIDATE
8950568,8.30537702,CANDIDATE
3326377,13.22714056,CANDIDATE
11601584,51.8098276,CANDIDATE
11601584,4.38536428,CANDIDATE
11601584,34.205785079,CANDIDATE
11601584,13.97945055,CANDIDATE
8689793,3.554856338,CANDIDATE
11673802,5.28790754,CANDIDATE
4263293,8.45746636,CANDIDATE
4263293,17.28116957,CANDIDATE
4263293,32.1340014,CANDIDATE
5695524,59.7711433,CANDIDATE
6205897,4.417692516,CANDIDATE
7948784,10.08744556,CANDIDATE
9244756,16.34355902,CANDIDATE
9650808,21.96401646,CANDIDATE
9650808,125.602323,CANDIDATE
8950568,12.51353325,CANDIDATE
8950568,17.9134215,CANDIDATE
8950568,25.2149143,CANDIDATE
8804845,5.42586901,CANDIDATE
10480915,19.58561177,CANDIDATE
11709244,4.544436472,CANDIDATE
11709244,12.76220558,CANDIDATE
11709244,38.7149617,CANDIDATE
10019708,8.78458274,FALSE_POSITIVE
11853878,3.69298623,CANDIDATE
5728139,5.334082429,CANDIDATE
7668663,6.4980147,CANDIDATE
7047922,19.76169247,CANDIDATE
9353314,5.18498961,CANDIDATE
3629967,85.6542476,CANDIDATE
9347009,19.32945602,CANDIDATE
11253711,17.79108667,CANDIDATE
4917596,3.290114076,CANDIDATE
4743513,2.086075752,FALSE_POSITIVE
11046458,3.311864148,CANDIDATE
9111849,63.0732241,CANDIDATE
7132798,2.422084188,CANDIDATE
3448130,78.5461106,CANDIDATE
9656252,16.92342126,CANDIDATE
6026438,5.47665801,CANDIDATE
9471268,4.580346161,CANDIDATE
9471268,2.248288213,CANDIDATE
9471268,6.76690759,CANDIDATE
10657406,34.1732156,CANDIDATE
5526527,16.7364755,CANDIDATE
5809954,137.8645881,FALSE_POSITIVE
8766650,12.43929428,CANDIDATE
10328393,7.62635494,CANDIDATE
11773328,8.710442022,CANDIDATE
7094486,11.35010642,CANDIDATE
7289577,109.4450597,CANDIDATE
8543100,7.56052209,CANDIDATE
2693736,12.12401737,CANDIDATE
9412760,9.38740646,CANDIDATE
9412760,7.41556471,CANDIDATE
6026438,24.2101973,CANDIDATE
10663396,23.8990075,CANDIDATE
11457726,6.22161107,CANDIDATE
8956206,6.17998508,CANDIDATE
9649706,1.569066598,CANDIDATE
5856571,9.59068586,CANDIDATE
7765528,7.03932913,CANDIDATE
11760231,49.6075771,CANDIDATE
7779077,16.84183355,CANDIDATE
6046540,7.340714946,CANDIDATE
5706966,12.55111099,CANDIDATE
3762468,3.003879547,CANDIDATE
5706966,24.0884178,CANDIDATE
10130039,12.75800092,CANDIDATE
10130039,5.47033376,CANDIDATE
9518318,6.51112385,CANDIDATE
9518318,23.85163321,CANDIDATE
7273277,2.714078374,CANDIDATE
11769890,122.8799543,CANDIDATE
6862721,4.88753111,CANDIDATE
12301181,6.14728341,CANDIDATE
9279354,2.800111267,CANDIDATE
6774880,34.3511339,CANDIDATE
3937519,3.413036353,CANDIDATE
7449541,3.00725068,CANDIDATE
5080636,4.194496867,CANDIDATE
5080636,6.35585682,CANDIDATE
3338885,1.970340203,CANDIDATE
3338885,5.05821338,CANDIDATE
6776401,26.85323647,CANDIDATE
10130039,25.0985083,CANDIDATE
8226050,34.2685741,CANDIDATE
9965957,5.75321539,CANDIDATE
9704384,5.50860699,CANDIDATE
8426567,18.93055119,CANDIDATE
12508335,42.94386258,FALSE_POSITIVE
10094670,22.06402,CANDIDATE
8142942,5.756245244,CANDIDATE
8257205,148.4601819,CANDIDATE
9044228,0.934885365,CANDIDATE
7265298,25.7626846,CANDIDATE
7265298,11.0317836,CANDIDATE
7132798,4.12511935,CANDIDATE
3248501,4.22464216,CANDIDATE
2307415,13.12162167,CANDIDATE
7430034,49.6220669,CANDIDATE
9735426,8.08801663,CANDIDATE
8826168,11.55103848,CANDIDATE
10464050,4.469754641,CANDIDATE
9763348,15.77382794,CANDIDATE
9101496,6.56226483,CANDIDATE
6037581,20.67876365,CANDIDATE
10723750,50.79034648,CANDIDATE
6037581,9.59993246,CANDIDATE
6037581,2.0248205,CANDIDATE
10779233,201.118319,CANDIDATE
11614617,24.7577652,CANDIDATE
11450414,12.7983174,CANDIDATE
4736569,10.13200555,CANDIDATE
10384798,38.505224,CANDIDATE
2307415,4.6126736,CANDIDATE
3128552,8.67890312,CANDIDATE
10134152,39.3135699,CANDIDATE
9573685,5.94565516,CANDIDATE
10329835,1.52373073,CANDIDATE
6849046,4.225384543,CANDIDATE
8804397,60.0853848,CANDIDATE
9662811,43.0343364,CANDIDATE
11570749,46.2991052,CANDIDATE
11297236,88.6440015,CANDIDATE
10074466,35.01190875,CANDIDATE
8218379,16.57099265,CANDIDATE
7755636,16.00496657,CANDIDATE
9411166,1.954525966,CANDIDATE
9411166,15.09521323,CANDIDATE
4989057,7.23400381,CANDIDATE
9834040,6.77408984,CANDIDATE
6152974,20.172024672,CANDIDATE
8802693,26.41044199,CANDIDATE
6061773,8.27745764,CANDIDATE
10024701,14.37504582,CANDIDATE
2579043,6.31219171,CANDIDATE
3239671,147.97391,CANDIDATE
9304101,13.24503482,CANDIDATE
11360571,77.2550726,CANDIDATE
6035124,3.85690686,CANDIDATE
8160953,116.3311739,CANDIDATE
8160953,86.049055,CANDIDATE
4157325,6.31943553,CANDIDATE
4157325,12.20951755,CANDIDATE
4157325,3.07644709,CANDIDATE
5108214,2.11913005,FALSE_POSITIVE
9955598,68.958447,CANDIDATE
10723750,18.79591276,CANDIDATE
7219761,47.76397728,FALSE_POSITIVE
5770074,63.0380366,CANDIDATE
10136549,9.69315023,CANDIDATE
9851271,8.48031229,FALSE_POSITIVE
12154526,56.1886436,CANDIDATE
6665512,6.92101452,CANDIDATE
10525027,3.27344784,CANDIDATE
11069176,15.3789014,CANDIDATE
10005758,134.4785189,CANDIDATE
10158418,5.007414194,CANDIDATE
3128793,24.68662378,FALSE_POSITIVE
5864975,98.7179332,CANDIDATE
2975770,71.52543938,CANDIDATE
3648437,17.50441726,CANDIDATE
7877496,1.72086129,CANDIDATE
7286173,56.4349933,CANDIDATE
11126381,33.7888028,CANDIDATE
4149450,3.215109385,CANDIDATE
10136549,3.29276797,CANDIDATE
5511081,13.72710334,CANDIDATE
5511081,24.3110031,CANDIDATE
5511081,44.4304059,CANDIDATE
5511081,9.34145925,CANDIDATE
10978763,4.97760447,CANDIDATE
11069176,21.1285655,CANDIDATE
8098728,24.4851178,FALSE_POSITIVE
6152974,7.51854537,CANDIDATE
2449431,86.7490807,CANDIDATE
5631630,25.96190067,CANDIDATE
6504954,130.3543929,CANDIDATE
9410930,1.855557556,CANDIDATE
5731623,3.261759866,CANDIDATE
6153672,3.364425589,FALSE_POSITIVE
10676014,16.78175788,CANDIDATE
9520838,105.3035093,CANDIDATE
8167996,2.549562652,CANDIDATE
8167996,13.96950181,CANDIDATE
8167996,5.21230171,CANDIDATE
6773862,17.76076524,CANDIDATE
10978763,10.55840479,CANDIDATE
10602291,20.92735802,CANDIDATE
10978763,6.98800953,CANDIDATE
5202905,22.8245144,CANDIDATE
9072190,49.1011093,CANDIDATE
5384079,7.05675145,CANDIDATE
9839821,34.8536903,CANDIDATE
4056616,2.41434868,CANDIDATE
6707908,2.466070972,FALSE_POSITIVE
8492026,4.30656389,CANDIDATE
6867766,12.964717746,FALSE_POSITIVE
6058614,1.731079436,FALSE_POSITIVE
11017901,7.794302043,CANDIDATE
5088591,14.5324483,CANDIDATE
11298298,5.248667607,CANDIDATE
10187159,7.96431492,CANDIDATE
9758089,92.7297248,CANDIDATE
10619192,1.485710994,CANDIDATE
9883311,30.5231459,CANDIDATE
4939346,71.3116598,CANDIDATE
4242147,28.78270955,CANDIDATE
5396122,15.44428875,FALSE_POSITIVE
10190777,1.411230023,CANDIDATE
9651234,96.9151707,CANDIDATE
7045496,13.47472742,CANDIDATE
8750043,2.29503515,CANDIDATE
9973109,27.495634,CANDIDATE
6226290,14.08826442,CANDIDATE
9595827,3.905081685,CANDIDATE
9349482,110.9643706,CANDIDATE
4349442,4.539297295,CANDIDATE
4644952,6.94135824,CANDIDATE
2987027,17.276296682,CANDIDATE
4644952,31.7821117,CANDIDATE
4644952,4.36273233,CANDIDATE
8978528,18.6848377,CANDIDATE
8978528,7.41634701,CANDIDATE
9967771,9.91724268,CANDIDATE
11622600,82.5341188,CANDIDATE
10454632,20.16037858,CANDIDATE
10005788,10.99470891,CANDIDATE
10005788,6.73679732,CANDIDATE
10656508,124.03589939,CANDIDATE
5213902,1.194812329,FALSE_POSITIVE
2832589,10.84969477,CANDIDATE
2438513,12.18420006,CANDIDATE
6356207,3.76417012,CANDIDATE
8564674,5.92972237,CANDIDATE
8564674,12.2476121,CANDIDATE
8578780,13.59051547,CANDIDATE
4544907,46.8776724,CANDIDATE
7761918,89.1935737,CANDIDATE
8240797,13.09390911,CANDIDATE
8240797,4.915385452,CANDIDATE
8164262,87.455958,FALSE_POSITIVE
6279974,0.805259257,FALSE_POSITIVE
9455325,9.76785911,CANDIDATE
3098810,40.80957343,CANDIDATE
8367644,22.08551599,CANDIDATE
10332883,1.151166776,CANDIDATE
9071386,4.693305543,FALSE_POSITIVE
9305831,3.246732048,CANDIDATE
2438513,8.3606759,FALSE_POSITIVE
11656918,62.1385979,CANDIDATE
11656918,17.1181036,CANDIDATE
10844890,8.29482811,CANDIDATE
9536692,26.635216,FALSE_POSITIVE
4636578,17.84850835,CANDIDATE
4636578,26.1363443,CANDIDATE
4636578,11.1895709,CANDIDATE
11923284,2.757977384,CANDIDATE
9838975,18.692860599,FALSE_POSITIVE
5621125,14.80075082,CANDIDATE
9872283,3.126861192,CANDIDATE
10666242,87.24250316,FALSE_POSITIVE
8624520,10.240611361,CANDIDATE
7870032,16.87725775,CANDIDATE
9597058,12.05705659,CANDIDATE
4035640,28.26727385,CANDIDATE
6205228,3.770590654,CANDIDATE
11758544,2.7073064,CANDIDATE
4851530,23.11707222,CANDIDATE
4851530,4.77502117,CANDIDATE
3118797,66.4159789,CANDIDATE
7747425,8.0103929,CANDIDATE
6300348,5.69590202,CANDIDATE
7747425,27.6666375,CANDIDATE
7747425,5.19559398,CANDIDATE
7102316,57.2488518,CANDIDATE
7102316,37.0551726,CANDIDATE
9489524,16.33269981,CANDIDATE
9489524,10.05550267,CANDIDATE
5940165,9.30413878,CANDIDATE
8277797,4.33722007,CANDIDATE
8277797,1.653889476,CANDIDATE
5124667,150.8783198,CANDIDATE
2989404,3.553831111,CANDIDATE
2989404,1.6783263,CANDIDATE
11413812,5.65378163,CANDIDATE
9549648,5.99185827,CANDIDATE
10063802,120.0183551,CANDIDATE
11074178,14.30517579,CANDIDATE
11074178,9.18189122,CANDIDATE
11030475,2.64622742,CANDIDATE
5942808,2.935362067,CANDIDATE
6206214,13.53953595,CANDIDATE
8959839,22.7082375,CANDIDATE
7672097,7.97033985,CANDIDATE
6142862,5.33459393,FALSE_POSITIVE
5599774,8.49640437,CANDIDATE
8099138,66.1843646,CANDIDATE
7033233,2.032318856,CANDIDATE
7033233,65.18703725,CANDIDATE
6383785,3.62275506,CANDIDATE
9411412,2.892216772,CANDIDATE
7008211,187.746606,CANDIDATE
7620413,2.543063763,CANDIDATE
4545187,3.177414601,CANDIDATE
10854546,2.168451063,CANDIDATE
11774991,37.8154157,CANDIDATE
11774991,53.5783052,CANDIDATE
8261920,6.69332825,CANDIDATE
8261920,33.1362861,CANDIDATE
8261920,7.72513619,CANDIDATE
9112931,10.71253475,CANDIDATE
9071593,32.5635249,CANDIDATE
8126558,12.19140405,CANDIDATE
11811193,6.11784972,CANDIDATE
3734418,3.97599629,CANDIDATE
8681734,7.68478504,CANDIDATE
10232693,0.990516282,FALSE_POSITIVE
10212441,15.0447098,CANDIDATE
6119141,29.0726293,CANDIDATE
8247771,1.118547814,CANDIDATE
8165946,6.42199919,CANDIDATE
12017109,9.75374033,CANDIDATE
9225395,81.3153052,CANDIDATE
10709622,51.3283527,CANDIDATE
11499228,19.7919389,CANDIDATE
9022166,26.8475962,CANDIDATE
10965588,62.8917493,CANDIDATE
10670119,14.87149773,CANDIDATE
10670119,2.732767897,CANDIDATE
4043443,119.8401019,FALSE_POSITIVE
8491277,9.61375316,CANDIDATE
3734418,6.6254781,CANDIDATE
8613535,29.9685917,CANDIDATE
12256520,33.2407985,CANDIDATE
3337432,2.97600846,FALSE_POSITIVE
5629538,15.18727049,CANDIDATE
8561231,28.6853212,CANDIDATE
8235924,0.588001053,CANDIDATE
6941084,85.7357202,CANDIDATE
6200235,1.078389713,CANDIDATE
11460462,5.03728033,CANDIDATE
8612275,3.289726319,CANDIDATE
8612275,7.18644594,CANDIDATE
7207061,15.94248453,CANDIDATE
4545187,41.0081117,CANDIDATE
7286911,11.55562042,CANDIDATE
8591173,12.2885046,CANDIDATE
6962109,17.13263125,CANDIDATE
5706595,19.0231361,CANDIDATE
5706595,4.57948235,CANDIDATE
10489345,1.003931703,CANDIDATE
11774303,0.614083885,FALSE_POSITIVE
10329469,55.8224775,CANDIDATE
9654875,1.34145255,CANDIDATE
9717943,6.11010439,CANDIDATE
8026752,4.286866229,CANDIDATE
1872821,10.27380957,CANDIDATE
8013439,13.39155154,CANDIDATE
8013439,5.62904396,CANDIDATE
8013439,8.2562857,CANDIDATE
7207061,12.33087921,CANDIDATE
6921944,4.421566535,CANDIDATE
9532052,15.72585941,CANDIDATE
8164012,1.252753881,CANDIDATE
4140813,13.36019864,CANDIDATE
8611781,76.957056,CANDIDATE
3097926,14.97974335,CANDIDATE
10518424,6.7445683,CANDIDATE
5730445,33.35859852,CANDIDATE
5601258,8.84784273,CANDIDATE
7960980,9.98970266,CANDIDATE
8107225,5.63252508,CANDIDATE
3458028,1.442592305,CANDIDATE
3342794,14.17222858,CANDIDATE
3342794,4.92031063,CANDIDATE
5716932,56.4931698,CANDIDATE
11288051,13.82142084,CANDIDATE
7515670,2.30367952,FALSE_POSITIVE
11566256,5.78387049,CANDIDATE
8495415,11.08507658,CANDIDATE
4055304,0.571038347,CANDIDATE
4857213,8.77425786,CANDIDATE
9415108,4.51005082,CANDIDATE
4262581,37.6468519,CANDIDATE
8591693,29.4557841,CANDIDATE
4833421,12.466004437,CANDIDATE
8282651,2.361724472,CANDIDATE
3548044,34.7630543,CANDIDATE
11401767,20.0545282,CANDIDATE
10909127,3.17059731,CANDIDATE
3661886,27.0142622,CANDIDATE
3661886,12.50945798,CANDIDATE
2439243,26.0203329,CANDIDATE
9221517,0.769854899,CANDIDATE
6751874,6.89226333,CANDIDATE
10863608,8.07127043,CANDIDATE
5602588,11.01819178,CANDIDATE
11288051,30.9505927,CANDIDATE
5602588,6.3143447,CANDIDATE
5385304,78.7327023,CANDIDATE
5547480,3.979867514,FALSE_POSITIVE
11462341,42.3375799,CANDIDATE
9405595,23.3593589,CANDIDATE
3546060,9.69310837,CANDIDATE
7019489,24.2598301,FALSE_POSITIVE
2141783,116.5214317,FALSE_POSITIVE
4144576,0.813166357,CANDIDATE
8494542,10.86062378,CANDIDATE
9992325,24.08632177,CANDIDATE
11073656,1.834277283,CANDIDATE
10206675,17.40208965,FALSE_POSITIVE
9945370,37.9456138,CANDIDATE
3832716,1.141877248,FALSE_POSITIVE
8453211,5.77675928,FALSE_POSITIVE
8973129,24.1738244,CANDIDATE
12505654,5.186737262,CANDIDATE
7215678,1.151244686,CANDIDATE
11670125,1.217000383,CANDIDATE
11461844,13.6823798,CANDIDATE
7449554,2.42088277,CANDIDATE
9351920,8.79618433,CANDIDATE
2161536,16.85592593,CANDIDATE
10549023,14.36270451,CANDIDATE
9661979,69.8956789,CANDIDATE
8219268,6.24667547,CANDIDATE
10531955,2.344512589,CANDIDATE
4833421,5.766165573,CANDIDATE
8168187,18.3027235,CANDIDATE
4142847,2.888904439,CANDIDATE
10203349,17.14648756,CANDIDATE
9718066,16.09227518,CANDIDATE
3440978,38.103908,CANDIDATE
3867615,62.7843981,CANDIDATE
12121570,91.500873,CANDIDATE
8410415,44.2993483,CANDIDATE
7987866,3.13877646,CANDIDATE
9532710,5.24242029,CANDIDATE
11560897,35.9682692,CANDIDATE
11342416,25.3690868,CANDIDATE
9086251,6.89213244,CANDIDATE
4254466,42.3006282,CANDIDATE
5801571,0.838597429,FALSE_POSITIVE
9904006,55.1866213,CANDIDATE
5288570,1.728528176,FALSE_POSITIVE
9364609,14.97436238,CANDIDATE
7457296,3.97076603,CANDIDATE
10328458,2.352273912,CANDIDATE
7050060,22.0425953,FALSE_POSITIVE
4248120,23.34036251,CANDIDATE
9580992,37.8034121,CANDIDATE
8321314,15.03366411,CANDIDATE
6934986,131.485184,CANDIDATE
4049901,16.2908527,CANDIDATE
11498128,106.247882,CANDIDATE
8041216,8.508333104,CANDIDATE
11824786,12.94123564,CANDIDATE
12254909,5.349791,CANDIDATE
10798331,147.281212,CANDIDATE
9364290,5.26211833,CANDIDATE
9364290,12.1628195,CANDIDATE
5022828,23.5541012,CANDIDATE
8233702,41.6977582,CANDIDATE
11403339,4.79029482,CANDIDATE
8260902,38.6715843,CANDIDATE
8381204,8.32651854,CANDIDATE
12058204,5.53533152,CANDIDATE
12058204,16.7261969,CANDIDATE
4833421,21.58752788,CANDIDATE
5357545,3.757294695,CANDIDATE
6871071,3.2828024,CANDIDATE
5342473,4.64495172,CANDIDATE
9334893,16.6671415,CANDIDATE
9963265,16.48686712,CANDIDATE
10583761,2.685054445,CANDIDATE
7542813,16.8600805,CANDIDATE
12058147,1.54320541,CANDIDATE
8164257,49.5004725,CANDIDATE
8164257,6.47539108,CANDIDATE
8164257,16.85825609,CANDIDATE
10593759,3.132604547,FALSE_POSITIVE
6774537,2.949029106,CANDIDATE
10404582,37.8658964,CANDIDATE
5959753,8.30865307,CANDIDATE
6021193,11.93205399,CANDIDATE
6021193,7.54235832,CANDIDATE
6871071,5.02818253,CANDIDATE
6871071,1.897828815,CANDIDATE
6287313,10.62788695,CANDIDATE
9289704,34.135676,CANDIDATE
9278725,1.104462494,CANDIDATE
4458082,4.89336495,CANDIDATE
8042453,11.17392077,CANDIDATE
10874215,31.0325991,CANDIDATE
6666233,0.512407185,FALSE_POSITIVE
7661065,4.150297119,FALSE_POSITIVE
3937519,5.89661966,CANDIDATE
8866137,33.4178173,CANDIDATE
10857519,2.053341891,CANDIDATE
9517393,56.7769831,CANDIDATE
9351316,18.78429232,CANDIDATE
6021193,3.61460279,CANDIDATE
10617017,13.15140223,CANDIDATE
3229150,18.5084526,CANDIDATE
7989422,7.47763833,FALSE_POSITIVE
9641481,42.1918331,CANDIDATE
8892157,3.73090026,CANDIDATE
8892157,86.130534,CANDIDATE
11569782,2.787874175,CANDIDATE
4833421,37.9962369,CANDIDATE
11520459,8.46354384,CANDIDATE
7219825,17.23232894,CANDIDATE
3749978,28.5057217,CANDIDATE
10010440,53.5991459,CANDIDATE
11718144,16.4581861,CANDIDATE
4247991,191.86419296,CANDIDATE
4247991,13.72549689,CANDIDATE
10026544,176.331289,CANDIDATE
9473078,0.693842661,CANDIDATE
10864531,83.4887405,CANDIDATE
10864531,34.0607677,CANDIDATE
2853780,6.2141496,CANDIDATE
9472000,31.5888979,CANDIDATE
10253547,59.9809868,CANDIDATE
10253547,25.7457957,CANDIDATE
12505076,11.92979348,CANDIDATE
6185476,17.65737838,CANDIDATE
12116380,4.3394569,CANDIDATE
2556650,2.852348262,CANDIDATE
10600955,65.6480892,CANDIDATE
10801100,102.653705,FALSE_POSITIVE
4473226,14.83340944,CANDIDATE
8914779,0.987338654,FALSE_POSITIVE
2854181,101.1323475,CANDIDATE
8963721,1.811460943,FALSE_POSITIVE
10132832,16.07673148,CANDIDATE
3219995,18.87058705,CANDIDATE
6062929,22.1334224,CANDIDATE
7504778,17.1369408,CANDIDATE
7219825,26.6951944,CANDIDATE
7097965,7.72085047,CANDIDATE
4249725,6.312508525,CANDIDATE
3967326,4.19577385,CANDIDATE
6768394,7.1329472,CANDIDATE
6768394,8.91901228,CANDIDATE
5211199,4.5620407,CANDIDATE
8804455,7.5966998,CANDIDATE
8804455,2.392630668,FALSE_POSITIVE
5546761,17.6700291,CANDIDATE
5546761,15.40877383,CANDIDATE
9205938,108.593113,CANDIDATE
10723367,19.9865916,CANDIDATE
10723367,12.12580644,CANDIDATE
5005121,76.421501,CANDIDATE
4833421,56.2590881,CANDIDATE
8229458,1.646801683,CANDIDATE
10684670,3.78861833,CANDIDATE
11495458,10.45839865,CANDIDATE
9003401,21.1033014,CANDIDATE
5978559,95.6114617,CANDIDATE
8872048,58.35512552,CANDIDATE
7746958,1.204686597,CANDIDATE
6768394,11.8984948,CANDIDATE
6922710,23.1274171,CANDIDATE
11348997,5.132486123,CANDIDATE
5705819,8.77997349,CANDIDATE
6696580,57.6896212,CANDIDATE
11358389,10.66489514,CANDIDATE
7204981,5.1233204,CANDIDATE
3847907,3.573202801,CANDIDATE
4370527,61.6174528,CANDIDATE
6041734,24.3398202,CANDIDATE
5125347,7.16520428,CANDIDATE
9336200,1.755843555,CANDIDATE
4770617,5.18560081,CANDIDATE
4454934,33.4698571,CANDIDATE
9458343,11.89520436,CANDIDATE
7120108,1.025857984,CANDIDATE
10730703,5.60013327,CANDIDATE
8007644,25.2034128,CANDIDATE
11192235,1.615357809,CANDIDATE
6383785,5.640676975,CANDIDATE
6696580,25.5638626,CANDIDATE
6525946,6.78341325,CANDIDATE
4249725,12.7945474,CANDIDATE
8505920,42.4269647,CANDIDATE
7918992,1.434745129,CANDIDATE
6041734,6.95787,CANDIDATE
11308499,3.28192056,CANDIDATE
11308499,12.51610549,CANDIDATE
9006186,5.45298742,CANDIDATE
9006186,3.26662733,CANDIDATE
7802719,4.45743267,CANDIDATE
11030475,2.81814715,CANDIDATE
11030475,9.4907638,CANDIDATE
11030475,0.76196247,CANDIDATE
5023956,1.824649,FALSE_POSITIVE
12401863,2.832647249,CANDIDATE
5534941,3.70063251,CANDIDATE
11121752,3.93083997,CANDIDATE
11121752,7.63008196,CANDIDATE
2990873,16.22378479,CANDIDATE
9307509,9.76293284,CANDIDATE
10158729,58.601926,CANDIDATE
6105462,25.0823402,CANDIDATE
3120355,78.0998908,CANDIDATE
6047072,4.27103727,CANDIDATE
9006186,4.27226421,CANDIDATE
9006186,2.19251903,CANDIDATE
11410904,3.53232429,CANDIDATE
5021737,15.03946326,FALSE_POSITIVE
3862246,4.702495974,FALSE_POSITIVE
4173026,10.44087398,CANDIDATE
10471621,39.7557642,CANDIDATE
10471621,10.27127527,CANDIDATE
5350244,12.5722897,CANDIDATE
5374403,40.8366307,CANDIDATE
10925113,11.7761073,FALSE_POSITIVE
11769801,29.7123181,FALSE_POSITIVE
11752906,20.6180348,CANDIDATE
1995519,19.9401211,CANDIDATE
4914566,22.2420032,CANDIDATE
6198182,3.88148385,CANDIDATE
10024051,0.577369336,CANDIDATE
8676038,186.65435483,FALSE_POSITIVE
4349452,12.720370263,CANDIDATE
8676038,86.59322294,FALSE_POSITIVE
8073806,11.96407399,CANDIDATE
10419312,2.493237866,FALSE_POSITIVE
3234598,12.90467523,CANDIDATE
10453588,68.8861017,CANDIDATE
11125613,9.99115241,CANDIDATE
8074328,4.267961416,CANDIDATE
7212184,36.292017,CANDIDATE
6956014,0.925589891,FALSE_POSITIVE
9757613,17.25121397,CANDIDATE
5307858,1.867281146,FALSE_POSITIVE
6605493,9.30991834,CANDIDATE
4670217,18.1209388,CANDIDATE
7259298,3.23941775,CANDIDATE
9574179,3.98864999,CANDIDATE
6211812,2.524017517,CANDIDATE
11391755,25.1123362,CANDIDATE
11391755,2.121023807,CANDIDATE
9088780,33.18089453,CANDIDATE
8894646,3.55557922,CANDIDATE
3234598,31.2012202,CANDIDATE
8611832,22.5968256,CANDIDATE
8611832,45.3486381,CANDIDATE
5621586,5.25419589,CANDIDATE
9210387,5.90608902,CANDIDATE
11852982,13.81504449,CANDIDATE
8559152,12.4128518,CANDIDATE
2718778,3.92453009,CANDIDATE
3122913,11.60653061,CANDIDATE
9229657,2.66831274,CANDIDATE
10415227,2.9322509,FALSE_POSITIVE
5175024,23.4772553,CANDIDATE
9026749,66.5576728,CANDIDATE
12216278,2.01948607,FALSE_POSITIVE
9159242,3.04468229,FALSE_POSITIVE
12061096,15.05028313,FALSE_POSITIVE
5794240,2.455240626,CANDIDATE
6933567,9.08233411,CANDIDATE
9993529,0.790539912,FALSE_POSITIVE
11303815,1.705782214,FALSE_POSITIVE
6044553,0.532086296,FALSE_POSITIVE
9654468,47.7052566,CANDIDATE
4349452,6.238535444,CANDIDATE
10027247,86.829519,CANDIDATE
6343170,9.95667035,CANDIDATE
7107802,10.41728722,CANDIDATE
11752632,0.984941669,CANDIDATE
10028535,0.663085361,CANDIDATE
7047207,19.1187425,CANDIDATE
5212220,1.08749101,FALSE_POSITIVE
9964748,1.183818383,FALSE_POSITIVE
9842937,4.98845099,FALSE_POSITIVE
9757613,3.543919702,CANDIDATE
8247770,8.28157072,CANDIDATE
6867588,0.82628442,CANDIDATE
7501646,6.37705295,CANDIDATE
11962284,8.83929462,CANDIDATE
2573056,0.631795416,FALSE_POSITIVE
6842682,7.56126152,CANDIDATE
8890150,34.9897847,CANDIDATE
8890150,7.05429483,CANDIDATE
8838950,2.27050106,CANDIDATE
11360805,26.7838935,CANDIDATE
9845898,45.126216,CANDIDATE
12453581,11.94019101,CANDIDATE
11922678,3.51295674,FALSE_POSITIVE
11179076,48.4313003,CANDIDATE
5364071,7.203855862,CANDIDATE
5959719,6.73808701,CANDIDATE
5544903,7.57571414,FALSE_POSITIVE
5542983,4.76887671,FALSE_POSITIVE
8256453,1.347512632,FALSE_POSITIVE
9474493,0.512581697,FALSE_POSITIVE
4551663,12.07760884,FALSE_POSITIVE
12257999,18.55581565,CANDIDATE
6922203,13.33094869,CANDIDATE
11752908,6.38315744,FALSE_POSITIVE
7021681,27.52194772,CANDIDATE
4346178,16.1289679,CANDIDATE
9664142,13.5631157,CANDIDATE
10018233,16.2959916,CANDIDATE
8081899,4.16056658,CANDIDATE
10189557,2.93101771,FALSE_POSITIVE
8478994,39.79220077,CANDIDATE
9965184,16.2276756,FALSE_POSITIVE
9911882,1.595630597,FALSE_POSITIVE
8631504,14.8200596,CANDIDATE
8110767,20.49041,CANDIDATE
5471574,0.962827066,FALSE_POSITIVE
6767840,8.679037,CANDIDATE
8379705,11.1296971,CANDIDATE
9896018,2.7296036,CANDIDATE
11037511,3.11604194,CANDIDATE
9757613,46.82767725,CANDIDATE
11818872,12.7372371,CANDIDATE
11771430,40.0306267,CANDIDATE
5513012,0.679336747,CANDIDATE
11761199,213.6103207,FALSE_POSITIVE
8074805,170.8658492,FALSE_POSITIVE
2437505,21.47642727,CANDIDATE
2437505,17.5509742,FALSE_POSITIVE
11253827,88.5122014,CANDIDATE
3533469,10.21507506,FALSE_POSITIVE
8956706,8.3806973,FALSE_POSITIVE
7047363,31.0572947,CANDIDATE
11968463,15.1622287,CANDIDATE
11968463,10.04378351,CANDIDATE
8836888,7.10397925,CANDIDATE
9880190,4.5513988,CANDIDATE
5364071,10.91274065,CANDIDATE
5392702,12.2141545,FALSE_POSITIVE
8429566,3.732261,FALSE_POSITIVE
10387742,3.03267135,CANDIDATE
7673841,5.34182466,CANDIDATE
9827149,2.131945045,CANDIDATE
5546691,12.9462567,CANDIDATE
12156347,5.77957133,CANDIDATE
8636539,6.77367892,CANDIDATE
9283156,5.22402436,CANDIDATE
8547429,11.6601667,CANDIDATE
8803882,89.465468,FALSE_POSITIVE
9893318,18.0161227,CANDIDATE
6864885,40.8777605,FALSE_POSITIVE
5097868,6.80243431,FALSE_POSITIVE
8570333,84.5733346,CANDIDATE
8478994,21.30181863,CANDIDATE
5036705,4.14789051,CANDIDATE
9574158,15.92108138,CANDIDATE
9653622,19.0054098,CANDIDATE
4391348,1.96433113,FALSE_POSITIVE
7294743,2.81043228,CANDIDATE
8947520,0.968527683,CANDIDATE
10468885,0.664074145,CANDIDATE
12016267,11.7489907,FALSE_POSITIVE
6765135,175.603366,CANDIDATE
3861595,3.849371737,CANDIDATE
5725087,0.366197145,FALSE_POSITIVE
10489206,4.164384505,CANDIDATE
3426367,2.10433534,CANDIDATE
5562090,28.8431751,CANDIDATE
11548140,1.378649746,FALSE_POSITIVE
12110786,1.112207126,FALSE_POSITIVE
5342061,64.034363,CANDIDATE
3654095,1.303576682,FALSE_POSITIVE
5078939,1.958577398,FALSE_POSITIVE
6867555,5.19103699,CANDIDATE
5339567,4.86638504,CANDIDATE
4459924,4.79176993,FALSE_POSITIVE
11080405,25.1933989,CANDIDATE
5529738,0.759762021,FALSE_POSITIVE
4047631,4.790912471,CANDIDATE
10059645,6.49441464,CANDIDATE
5364071,2.576571021,CANDIDATE
7183745,28.4750006,CANDIDATE
8212002,14.7966306,CANDIDATE
8004903,11.25401871,CANDIDATE
8883329,9.18244299,CANDIDATE
8883329,14.6134781,CANDIDATE
3644653,119.682075,FALSE_POSITIVE
11253827,42.9923284,CANDIDATE
5514383,6.88341278,CANDIDATE
10747445,4.593595496,FALSE_POSITIVE
8022489,197.5111484,CANDIDATE
8022489,11.1726723,CANDIDATE
8022489,2.53573284,CANDIDATE
9209624,6.79164656,CANDIDATE
9209624,11.8376933,CANDIDATE
3354846,18.5525162,CANDIDATE
6516185,47.3659328,CANDIDATE
8478994,13.3669309,CANDIDATE
3946023,1.045492348,FALSE_POSITIVE
7183745,4.86634094,CANDIDATE
9177629,5.60402307,CANDIDATE
7778767,13.0313583,CANDIDATE
7515762,40.9905002,CANDIDATE
5942949,57.2932309,CANDIDATE
12120307,8.00504749,CANDIDATE
12120307,12.13070414,CANDIDATE
12120307,5.61357653,CANDIDATE
7446631,29.2254372,CANDIDATE
9777251,1.33255087,FALSE_POSITIVE
6864893,40.8792243,FALSE_POSITIVE
11701407,18.8262877,CANDIDATE
5906426,13.9034057,CANDIDATE
11288051,3.41045981,CANDIDATE
10813132,4.76702759,CANDIDATE
5857540,13.62801048,CANDIDATE
12208631,53.3580444,CANDIDATE
7289317,16.83203175,CANDIDATE
6500206,13.37499553,FALSE_POSITIVE
5545815,4.35370136,FALSE_POSITIVE
3116302,134.96694,FALSE_POSITIVE
7879433,1.385787741,CANDIDATE
9205907,12.02295362,CANDIDATE
8463346,16.79716262,CANDIDATE
5364071,18.59611518,CANDIDATE
10489206,5.77440326,CANDIDATE
7531677,2.622134451,FALSE_POSITIVE
10068659,11.47685263,CANDIDATE
2443393,73.711039,CANDIDATE
9019191,14.43348326,CANDIDATE
9718379,40.0088894,FALSE_POSITIVE
3002478,6.35705314,CANDIDATE
4055774,6.58738839,FALSE_POSITIVE
6670075,0.759706632,FALSE_POSITIVE
9395024,4.37033233,CANDIDATE
8631751,1.530515205,CANDIDATE
11401822,1.08070294,FALSE_POSITIVE
6507427,4.74254518,FALSE_POSITIVE
5521300,18.13559979,FALSE_POSITIVE
8478994,51.20690303,CANDIDATE
9753154,3.70429015,CANDIDATE
9011825,37.3331165,CANDIDATE
4172746,17.6997392,CANDIDATE
5174858,7.9709719,CANDIDATE
11074835,6.03355539,CANDIDATE
1996180,3.02558494,CANDIDATE
10407221,0.933746783,FALSE_POSITIVE
5991936,6.09740316,FALSE_POSITIVE
5095635,0.754457729,CANDIDATE
6269070,2.7612237,CANDIDATE
6705137,5.59727625,FALSE_POSITIVE
12254688,62.6825769,CANDIDATE
8345172,50.5715805,FALSE_POSITIVE
4172013,16.2707207,CANDIDATE
12254378,2.032319072,CANDIDATE
4247791,4.100870416,FALSE_POSITIVE
7604328,4.35407371,CANDIDATE
11236244,11.32269749,CANDIDATE
9837685,13.71218522,CANDIDATE
5042210,12.14684625,CANDIDATE
12454461,7.46718958,CANDIDATE
1996180,5.42204257,CANDIDATE
9635606,48.8882668,CANDIDATE
3728701,51.1319346,CANDIDATE
10861715,133.516435,FALSE_POSITIVE
1849702,39.8312536,CANDIDATE
9390653,9.549277089,CANDIDATE
2305866,24.1073172,CANDIDATE
11187837,17.60461401,CANDIDATE
8885673,1.228721184,FALSE_POSITIVE
9712350,51.5738653,CANDIDATE
8025596,4.69505576,CANDIDATE
5956787,0.569115976,FALSE_POSITIVE
3642741,7.258450123,FALSE_POSITIVE
12071037,6.0959841,FALSE_POSITIVE
8494617,22.9221181,CANDIDATE
10289119,16.10474503,CANDIDATE
7382313,7.42697378,CANDIDATE
9887224,0.874629873,FALSE_POSITIVE
7542369,5.46091846,FALSE_POSITIVE
8544992,3.17323012,CANDIDATE
8544992,13.2970695,CANDIDATE
11295426,5.398752862,CANDIDATE
7289162,5.26648126,FALSE_POSITIVE
3001885,2.67596808,FALSE_POSITIVE
12306058,7.41683033,CANDIDATE
6183511,0.727331746,CANDIDATE
12469800,1.302017467,CANDIDATE
4915638,8.63050092,CANDIDATE
6351097,12.49117388,FALSE_POSITIVE
8081905,3.27645723,CANDIDATE
11465950,16.0573291,CANDIDATE
9996632,8.44326557,FALSE_POSITIVE
4665571,4.60300256,CANDIDATE
4829935,16.9329284,FALSE_POSITIVE
9269042,12.00089667,CANDIDATE
6199056,1.169010526,FALSE_POSITIVE
11461433,1.916940872,CANDIDATE
11818607,5.05661302,CANDIDATE
8380709,24.3344939,CANDIDATE
6149910,131.187921,CANDIDATE
9108085,2.17489806,FALSE_POSITIVE
5436013,25.8859397,CANDIDATE
8676148,28.6253502,CANDIDATE
9696358,6.98141327,CANDIDATE
5039129,1.319677953,FALSE_POSITIVE
4484336,8.94337724,CANDIDATE
9580167,0.827151296,CANDIDATE
9757613,12.282998287,CANDIDATE
10527135,0.328686504,FALSE_POSITIVE
11752906,6.383159135,CANDIDATE
10916600,5.57654782,CANDIDATE
8429314,115.6863392,CANDIDATE
9153570,3.81371423,CANDIDATE
11768142,38.0970717,CANDIDATE
7984574,11.6191707,CANDIDATE
9592579,2.637574744,FALSE_POSITIVE
10336951,38.2292037,CANDIDATE
8481129,16.3012727,CANDIDATE
2142522,13.32354078,CANDIDATE
9395719,2.607545159,CANDIDATE
8753896,3.24417541,CANDIDATE
8240617,176.845697,CANDIDATE
8746295,6.85567248,FALSE_POSITIVE
10090257,2.28607282,FALSE_POSITIVE
11295426,9.60505976,CANDIDATE
10679583,3.54789928,FALSE_POSITIVE
11622985,18.0243482,CANDIDATE
11361283,16.4793229,CANDIDATE
8757824,3.65690909,CANDIDATE
9832208,88.0712769,CANDIDATE
6124512,8.38395796,CANDIDATE
10070468,1.68189051,CANDIDATE
10031656,8.59000355,FALSE_POSITIVE
7584650,44.9977604,CANDIDATE
11337566,7.12815163,CANDIDATE
6364215,2.10081629,CANDIDATE
10202759,0.872952088,FALSE_POSITIVE
5007345,7.01074295,CANDIDATE
12120484,17.2922631,CANDIDATE
6429812,94.289223,CANDIDATE
6846911,14.02634692,CANDIDATE
5385439,12.425866431,FALSE_POSITIVE
5963582,25.5433704,CANDIDATE
4476423,33.8542586,FALSE_POSITIVE
11403389,45.0909201,CANDIDATE
9851662,15.0539886,CANDIDATE
6467363,3.67936863,CANDIDATE
6467363,7.4464635,CANDIDATE
8758204,159.388788,CANDIDATE
8733898,1.565412613,CANDIDATE
8733898,5.14892346,CANDIDATE
3228945,0.730943372,FALSE_POSITIVE
7008149,0.515552803,FALSE_POSITIVE
10332213,2.522590567,CANDIDATE
7090524,6.73968289,CANDIDATE
11133306,41.74598855,CANDIDATE
6307063,75.378004,FALSE_POSITIVE
5871985,213.258526,CANDIDATE
8292840,100.2830675,CANDIDATE
9730163,4.871223664,CANDIDATE
9730163,2.984157711,CANDIDATE
11453592,2.8867624,CANDIDATE
3834322,0.498434645,FALSE_POSITIVE
10073672,2.252976718,CANDIDATE
11188249,2.75505467,FALSE_POSITIVE
4677282,1.572181216,FALSE_POSITIVE
5097470,1.28805834,FALSE_POSITIVE
4858610,2.72288246,FALSE_POSITIVE
10591855,1.574090323,CANDIDATE
4832175,0.947738312,FALSE_POSITIVE
7749773,13.7872627,CANDIDATE
9451706,14.4359459,CANDIDATE
10064256,5.95958637,CANDIDATE
6842807,16.6146221,CANDIDATE
4381282,0.497581917,FALSE_POSITIVE
9815053,5.83892993,CANDIDATE
7609553,2.279523364,CANDIDATE
10122538,12.2854718,CANDIDATE
10122538,5.53609368,CANDIDATE
9697131,3.09756897,CANDIDATE
5480640,58.0337426,CANDIDATE
5480640,14.4252635,CANDIDATE
5480640,26.6757818,CANDIDATE
5175986,0.868386354,CANDIDATE
9008737,11.8288843,CANDIDATE
9008737,14.7512034,CANDIDATE
9692128,1.480323978,FALSE_POSITIVE
10917043,205.385912,CANDIDATE
6521045,6.88707073,CANDIDATE
8167959,165.75597,FALSE_POSITIVE
4075015,1.11431205,FALSE_POSITIVE
6697605,3.42064689,CANDIDATE
6697605,1.23935745,CANDIDATE
6294819,0.675650404,CANDIDATE
12602314,1.407020118,CANDIDATE
5787131,24.4359956,CANDIDATE
3230753,17.7337356,FALSE_POSITIVE
8358012,10.06478627,FALSE_POSITIVE
4664046,1.12976597,FALSE_POSITIVE
11401755,16.23191704,CANDIDATE
4180401,15.4126766,FALSE_POSITIVE
6350476,1.110599919,FALSE_POSITIVE
8292840,21.86965714,CANDIDATE
5272233,9.02436414,CANDIDATE
5272233,17.3408735,CANDIDATE
11456382,0.814280672,FALSE_POSITIVE
3130548,0.878855771,FALSE_POSITIVE
9593757,2.49432176,FALSE_POSITIVE
6346809,17.57704569,CANDIDATE
4275117,1.00652785,FALSE_POSITIVE
6545051,1.99566293,FALSE_POSITIVE
5513866,0.755111225,FALSE_POSITIVE
4547603,1.400755743,CANDIDATE
5688910,25.8730914,CANDIDATE
6345732,20.2642023,CANDIDATE
5716763,1.28132831,CANDIDATE
6345732,7.44136102,CANDIDATE
8611257,99.2532336,CANDIDATE
3861611,3.84933401,FALSE_POSITIVE
12416987,119.0833042,CANDIDATE
8259713,27.8813154,CANDIDATE
10880507,6.4802138,CANDIDATE
11098013,7.50790041,CANDIDATE
5443604,21.3910125,FALSE_POSITIVE
12206313,14.3832267,CANDIDATE
12206313,47.3186631,CANDIDATE
9837661,11.12827427,CANDIDATE
7769819,2.21571296,CANDIDATE
11874577,34.4585495,CANDIDATE
12164564,3.35184041,CANDIDATE
8190354,1.615758517,FALSE_POSITIVE
3425851,110.3783828,CANDIDATE
10397751,3.4462125,CANDIDATE
10397751,2.005414293,CANDIDATE
10397751,4.28886792,CANDIDATE
7815931,1.868564038,FALSE_POSITIVE
6679295,24.5752524,CANDIDATE
9642292,15.1408916,CANDIDATE
6356692,11.39169531,CANDIDATE
6026737,10.1747037,CANDIDATE
4991208,2.44358543,CANDIDATE
8243283,1.7592691,FALSE_POSITIVE
9837661,2.226496196,CANDIDATE
9837661,5.72084599,CANDIDATE
9092504,0.962864171,CANDIDATE
5383248,16.23847733,CANDIDATE
9092504,6.46004728,CANDIDATE
10001368,4.76831033,CANDIDATE
9466429,44.616751,CANDIDATE
4365442,1.714410345,FALSE_POSITIVE
8885643,3.40165617,CANDIDATE
5652893,14.00948631,CANDIDATE
3241557,1.703359172,FALSE_POSITIVE
3957082,3.77881664,FALSE_POSITIVE
8681833,1.311558909,CANDIDATE
4138951,1.291233083,CANDIDATE
3102384,10.573751447,CANDIDATE
10471515,3.7847507,CANDIDATE
4935172,2.17291055,CANDIDATE
8760040,18.2206024,CANDIDATE
8760040,7.35101287,CANDIDATE
10098844,47.4497134,CANDIDATE
9467404,0.929906166,CANDIDATE
5308666,0.784513087,FALSE_POSITIVE
5184911,4.11585514,CANDIDATE
8176564,6.57159435,CANDIDATE
6587105,33.878639,CANDIDATE
11662184,27.5722144,CANDIDATE
11127479,2.12821621,CANDIDATE
5428668,0.703399912,FALSE_POSITIVE
5041569,2.5355023,FALSE_POSITIVE
10604521,0.868122253,CANDIDATE
9899181,1.332560553,FALSE_POSITIVE
9899181,18.936061,FALSE_POSITIVE
8884274,10.65275054,CANDIDATE
7767162,3.30040818,CANDIDATE
4861791,5.62950902,FALSE_POSITIVE
4385148,13.84301228,CANDIDATE
4385148,24.2758992,CANDIDATE
9838468,54.4099612,CANDIDATE
6781548,9.12209336,FALSE_POSITIVE
8617363,19.94752741,CANDIDATE
11401755,13.84984567,CANDIDATE
7673192,6.12479773,CANDIDATE
7673192,11.24284815,CANDIDATE
7673192,4.02877097,CANDIDATE
7673192,8.92114318,CANDIDATE
11807274,7.81285862,CANDIDATE
7670943,18.01164974,CANDIDATE
6697756,0.916142298,CANDIDATE
5649833,0.597933473,FALSE_POSITIVE
10518399,2.69636494,FALSE_POSITIVE
5905822,6.99205021,CANDIDATE
10793172,12.0999065,CANDIDATE
10793172,5.36375016,CANDIDATE
7136729,3.17319407,FALSE_POSITIVE
6364276,5.24368302,FALSE_POSITIVE
4367854,5.1952021,CANDIDATE
5108946,0.591280187,FALSE_POSITIVE
8801316,3.93766786,CANDIDATE
10597693,31.6084371,CANDIDATE
7466270,16.1558656,CANDIDATE
10876237,1.465943491,FALSE_POSITIVE
12314973,28.45489091,CANDIDATE
3346154,1.952711161,CANDIDATE
5308387,0.620739667,FALSE_POSITIVE
6233573,0.587470828,FALSE_POSITIVE
10363281,0.934924739,FALSE_POSITIVE
4861527,25.7054557,FALSE_POSITIVE
5775129,3.84822189,CANDIDATE
9898447,2.37752442,CANDIDATE
5307568,2.62838097,FALSE_POSITIVE
11135308,1.877878538,CANDIDATE
2985587,3.375716723,CANDIDATE
6521045,35.3331932,CANDIDATE
8077137,15.0896415,CANDIDATE
7019524,5.30873978,CANDIDATE
5106313,3.89524296,CANDIDATE
9825174,0.740926358,CANDIDATE
5642620,75.8580035,CANDIDATE
8429415,1.352564873,FALSE_POSITIVE
5014903,7.72768833,FALSE_POSITIVE
5980783,37.3033197,CANDIDATE
8873090,10.16435076,CANDIDATE
8560804,31.9729501,FALSE_POSITIVE
12008872,14.8877665,CANDIDATE
8415200,4.52158614,CANDIDATE
4072333,2.007750531,FALSE_POSITIVE
9886361,7.03146295,CANDIDATE
9886361,54.2811949,CANDIDATE
3730335,0.596087893,FALSE_POSITIVE
6528464,12.58229808,CANDIDATE
7428316,7.12684695,FALSE_POSITIVE
10275766,0.661749944,FALSE_POSITIVE
10275766,354.95118,FALSE_POSITIVE
6370120,1.35477049,FALSE_POSITIVE
5642620,0.493393859,FALSE_POSITIVE
5209845,11.95401876,CANDIDATE
9652649,2.48883033,FALSE_POSITIVE
11100670,20.2340219,FALSE_POSITIVE
6129524,0.88184263,CANDIDATE
5794570,5.448321078,CANDIDATE
5794570,1.116127169,CANDIDATE
5649325,195.613824,FALSE_POSITIVE
9958387,237.787237,CANDIDATE
6779260,3.833087643,CANDIDATE
11807274,9.37663713,CANDIDATE
5953297,5.62006198,CANDIDATE
7659389,3.8259005,CANDIDATE
9472074,0.558841234,CANDIDATE
10842192,9.33648141,CANDIDATE
2442448,76.6139446,CANDIDATE
11197853,0.698461304,CANDIDATE
9665922,1.545388842,FALSE_POSITIVE
11283615,1.289590179,CANDIDATE
7605093,0.634003002,CANDIDATE
3859363,1.56859048,FALSE_POSITIVE
8077137,22.8030252,CANDIDATE
12023078,0.623441939,FALSE_POSITIVE
6364162,5.24364571,FALSE_POSITIVE
7463685,8.98826122,CANDIDATE
6716021,110.7556272,CANDIDATE
11231334,4.15743922,FALSE_POSITIVE
8326342,14.4079035,CANDIDATE
6878240,135.4978256,CANDIDATE
6878240,22.2508509,CANDIDATE
2436378,8.53161917,FALSE_POSITIVE
6614629,0.526615152,FALSE_POSITIVE
6630943,0.690405794,FALSE_POSITIVE
4831728,10.10773789,CANDIDATE
4831728,7.0956395,CANDIDATE
3336765,1.844857057,FALSE_POSITIVE
4270565,18.0116764,FALSE_POSITIVE
6528464,33.67280658,CANDIDATE
11963206,3.00912491,CANDIDATE
4249611,79.2450351,CANDIDATE
8263545,4.44589508,CANDIDATE
10068024,2.023126394,FALSE_POSITIVE
9636563,10.63609504,FALSE_POSITIVE
6937402,10.3108232,CANDIDATE
5475641,1.069842837,FALSE_POSITIVE
2853828,1.077467951,FALSE_POSITIVE
7899070,126.4451275,CANDIDATE
4035667,2.8736467,FALSE_POSITIVE
9612825,2.846517614,FALSE_POSITIVE
7826659,211.032819,CANDIDATE
7202957,1.716828304,CANDIDATE
5513893,0.755103143,FALSE_POSITIVE
10514430,20.71927223,FALSE_POSITIVE
8095441,11.87457664,CANDIDATE
5881813,109.6469948,CANDIDATE
12456601,15.64588656,CANDIDATE
10341917,0.93375241,FALSE_POSITIVE
3241604,1.70336496,FALSE_POSITIVE
9591070,0.764174368,FALSE_POSITIVE
8227661,1.85373924,FALSE_POSITIVE
7428736,7.06321927,CANDIDATE
5817986,0.584310213,FALSE_POSITIVE
11129258,25.384175,CANDIDATE
10586004,15.79196594,CANDIDATE
4939533,5.77207177,CANDIDATE
4846856,46.151253,CANDIDATE
7202957,8.16733851,CANDIDATE
6521045,12.81590421,CANDIDATE
5790807,79.99623328,FALSE_POSITIVE
8892303,5.424749327,CANDIDATE
10265602,165.3447044,CANDIDATE
5369827,3.606940379,CANDIDATE
5302643,69.2002312,FALSE_POSITIVE
6586746,6.26404774,CANDIDATE
9962455,23.1985852,CANDIDATE
9962455,5.77721259,CANDIDATE
8687088,0.905037231,FALSE_POSITIVE
6436029,59.4969009,CANDIDATE
6197215,10.61345333,CANDIDATE
9451706,48.6303805,CANDIDATE
9244508,40.5289885,CANDIDATE
9692557,0.571940563,FALSE_POSITIVE
9366886,0.633514386,FALSE_POSITIVE
3657176,17.4166143,FALSE_POSITIVE
3969687,16.3583482,CANDIDATE
9369366,36.0054414,FALSE_POSITIVE
6716545,13.9093544,CANDIDATE
4552729,97.4463194,CANDIDATE
2989706,1.257689465,FALSE_POSITIVE
5185897,4.081411554,CANDIDATE
5185897,11.41941928,CANDIDATE
5185897,6.83440674,CANDIDATE
3663173,174.636181,CANDIDATE
9881077,24.4004378,CANDIDATE
3097346,4.029810359,FALSE_POSITIVE
5717567,1.287622419,FALSE_POSITIVE
6265792,0.935115863,CANDIDATE
9995402,3.57551429,CANDIDATE
9109857,1.791877025,CANDIDATE
5609593,136.205112,CANDIDATE
5436338,6.30922043,CANDIDATE
11414465,2.94194296,CANDIDATE
6716545,145.881936,CANDIDATE
2708885,1.146934644,FALSE_POSITIVE
6612284,1.245353252,FALSE_POSITIVE
10586004,82.2001239,CANDIDATE
4483138,15.3626052,CANDIDATE
9475552,0.843379985,CANDIDATE
9475552,6.56606941,CANDIDATE
8292840,10.49566303,CANDIDATE
5196864,2.50343279,CANDIDATE
11071200,96.4562198,CANDIDATE
11071200,44.5643831,CANDIDATE
10905911,1.34155642,CANDIDATE
3545135,8.48299282,CANDIDATE
6964929,0.665025941,CANDIDATE
6432345,234.635652,CANDIDATE
8703129,253.374581,CANDIDATE
11565924,13.32191461,CANDIDATE
6607357,7.69994466,CANDIDATE
6607357,4.77466043,CANDIDATE
9451706,29.39337161,CANDIDATE
6186964,2.164570593,CANDIDATE
5471202,12.4258343,FALSE_POSITIVE
9640439,0.873227249,FALSE_POSITIVE
9693006,2.88878583,CANDIDATE
6837283,21.1181653,CANDIDATE
5613821,5.06092282,CANDIDATE
6627507,7.37453336,FALSE_POSITIVE
5128673,87.9724227,CANDIDATE
6690836,0.568874717,CANDIDATE
8639908,0.910020582,CANDIDATE
5481148,22.023514,FALSE_POSITIVE
11076400,1.07808492,CANDIDATE
7877978,56.5732318,CANDIDATE
7903086,1.846861455,FALSE_POSITIVE
12024120,3.568099612,CANDIDATE
8210018,132.9955503,CANDIDATE
3642289,6.002548291,CANDIDATE
3642289,11.44865823,CANDIDATE
3662838,24.85466504,CANDIDATE
5966322,60.92818866,CANDIDATE
6029239,8.512037736,CANDIDATE
12106929,5.93720557,FALSE_POSITIVE
12107021,5.93719982,FALSE_POSITIVE
8248939,1.63345402,FALSE_POSITIVE
12404954,3.247548814,CANDIDATE
1571511,14.022451457,FALSE_POSITIVE
2438070,2.442945167,FALSE_POSITIVE
3747262,1.312459403,FALSE_POSITIVE
10190075,11.1916199,CANDIDATE
9070666,2.99792926,CANDIDATE
3642335,60.8660974,CANDIDATE
3328052,2.11547854,FALSE_POSITIVE
10749059,174.731515,CANDIDATE
9119568,5.54867998,FALSE_POSITIVE
9119568,1.22174063,FALSE_POSITIVE
9020114,3.48412874,CANDIDATE
6196457,13.74883059,CANDIDATE
7668416,0.858546796,CANDIDATE
6029239,5.518195,CANDIDATE
6063220,4.603575293,CANDIDATE
6071903,24.30784323,CANDIDATE
6289257,19.67409703,CANDIDATE
10905239,3.487688776,CANDIDATE
11623629,81.737872,CANDIDATE
3545478,75.1122132,CANDIDATE
4815520,31.578651216,CANDIDATE
6603043,110.32167272,FALSE_POSITIVE
7175184,5.88527364,CANDIDATE
7109851,1.086486129,FALSE_POSITIVE
11565544,3.76562031,CANDIDATE
7347246,86.1160885,CANDIDATE
11403530,3.61460332,CANDIDATE
5088536,8.45744892,CANDIDATE
12072872,2.46288834,CANDIDATE
6609270,3.82223397,CANDIDATE
12406807,17.067644,CANDIDATE
8046689,5.78542702,FALSE_POSITIVE
5096590,29.6099055,CANDIDATE
9650989,3.42390809,CANDIDATE
6289257,5.21104597,CANDIDATE
6291837,35.5969684,CANDIDATE
7024222,1.633107509,FALSE_POSITIVE
7024511,66.1544958,FALSE_POSITIVE
7050989,11.57890926,CANDIDATE
7175184,10.10463142,CANDIDATE
8494142,42.88247951,CANDIDATE
11554435,9.43414171,CANDIDATE
8494142,22.95062278,CANDIDATE
5652983,498.391282,FALSE_POSITIVE
6471021,125.6291479,CANDIDATE
7906671,45.1178526,FALSE_POSITIVE
8709688,4.17939037,CANDIDATE
8241079,10.9192653,CANDIDATE
3348285,0.803835923,FALSE_POSITIVE
11618601,2.76263737,CANDIDATE
7582689,11.9216035,CANDIDATE
7582689,6.80257947,CANDIDATE
7582689,8.70312154,CANDIDATE
9959589,1.332557603,FALSE_POSITIVE
9025922,11.32029599,FALSE_POSITIVE
6196457,26.723169,CANDIDATE
7050989,16.39926461,CANDIDATE
7419318,18.73577127,CANDIDATE
7419318,8.43639829,CANDIDATE
7603200,13.78109471,CANDIDATE
7603200,23.08902241,CANDIDATE
10905239,6.02977241,CANDIDATE
7364176,135.1879934,CANDIDATE
8686097,172.7046083,CANDIDATE
12356617,988.8811177,CANDIDATE
12643589,44.14599042,FALSE_POSITIVE
12643589,1.411627439,FALSE_POSITIVE
3323887,19.270825843,CANDIDATE
11618601,5.05368985,CANDIDATE
7732285,4.39049637,FALSE_POSITIVE
9716391,13.1829329,CANDIDATE
6929841,3.51575492,CANDIDATE
5088536,87.5177787,CANDIDATE
5124254,14.0498182,FALSE_POSITIVE
11508644,14.2563272,CANDIDATE
12168993,4.21223579,CANDIDATE
8895758,0.968980781,CANDIDATE
10031500,8.589562,FALSE_POSITIVE
7603200,10.31282204,CANDIDATE
7700622,35.58349688,CANDIDATE
8008067,15.77111067,CANDIDATE
8008067,157.0659976,CANDIDATE
8008067,7.305706326,CANDIDATE
3323887,38.90787517,CANDIDATE
7051180,1.951082219,CANDIDATE
3323887,1.59295975,CANDIDATE
2449074,4.94402197,FALSE_POSITIVE
2446113,6.71725648,FALSE_POSITIVE
2446113,23.1375919,CANDIDATE
11137180,6.07032548,CANDIDATE
9838804,1.33256952,FALSE_POSITIVE
5903749,18.9763286,CANDIDATE
5903749,6.34724702,CANDIDATE
5524881,7.19552624,FALSE_POSITIVE
3756264,7.36272124,CANDIDATE
11572193,10.6761592,CANDIDATE
11285870,4.48494315,CANDIDATE
8581240,10.76800074,CANDIDATE
8581240,4.32848303,CANDIDATE
6196457,49.3567907,CANDIDATE
8121310,22.20809549,CANDIDATE
8156120,38.5833679,CANDIDATE
8684730,46.15119482,CANDIDATE
8700558,4.79179893,FALSE_POSITIVE
8753657,2.426304127,CANDIDATE
8554498,4.780327581,CANDIDATE
3847708,3.741231778,FALSE_POSITIVE
3849155,1.168310132,FALSE_POSITIVE
3858804,25.9525478,FALSE_POSITIVE
3942670,33.4160553,CANDIDATE
3942670,12.6119685,CANDIDATE
6949898,7.64809462,CANDIDATE
10585738,0.636424848,CANDIDATE
7186665,8.55935323,FALSE_POSITIVE
2973386,31.0209175,CANDIDATE
6388770,21.3419702,FALSE_POSITIVE
7022573,2.118893997,CANDIDATE
7676423,2.46050095,CANDIDATE
9288237,7.49133777,CANDIDATE
11714231,5.8660127,CANDIDATE
11720424,23.9107056,CANDIDATE
7837302,23.836808884,FALSE_POSITIVE
8753657,4.62334491,CANDIDATE
8948424,5.888835386,FALSE_POSITIVE
9139084,5.83599485,CANDIDATE
9641041,1.089077863,FALSE_POSITIVE
9724984,7.86335883,FALSE_POSITIVE
2452450,8.0970583,FALSE_POSITIVE
3230578,6.337614357,FALSE_POSITIVE
3231137,3.900140077,FALSE_POSITIVE
3353050,5.0800579,CANDIDATE
3446746,13.14496741,CANDIDATE
5695396,16.09196369,CANDIDATE
5217891,161.239891,FALSE_POSITIVE
6593150,5.4654174,CANDIDATE
8051946,1.4951513,CANDIDATE
5445681,20.3504704,CANDIDATE
6523351,6.06664931,CANDIDATE
5551672,2.184437698,CANDIDATE
11499192,4.13592927,CANDIDATE
12416661,8.05337912,CANDIDATE
8197793,15.2311195,CANDIDATE
8258171,23.6272223,FALSE_POSITIVE
9880467,8.97349999,FALSE_POSITIVE
9880467,108.546946,FALSE_POSITIVE
9881662,3.254277742,CANDIDATE
9881662,91.3514816,CANDIDATE
9895004,2.250826647,FALSE_POSITIVE
3656121,31.1588249,CANDIDATE
10620329,0.436282594,FALSE_POSITIVE
3656121,76.7324556,CANDIDATE
3733628,13.89963233,CANDIDATE
3831053,6.14955931,CANDIDATE
6357290,4.8099878,CANDIDATE
4072955,5.08288076,CANDIDATE
8695311,31.0259489,CANDIDATE
9834731,3.08942807,CANDIDATE
5092266,44.8702042,CANDIDATE
4076976,4.8807805,FALSE_POSITIVE
8751796,4.45342418,CANDIDATE
7097534,2.21396685,FALSE_POSITIVE
9907129,9.705693,CANDIDATE
7609674,21.2360024,CANDIDATE
9527334,8.31377304,CANDIDATE
10031885,8.58969597,FALSE_POSITIVE
11361646,7.97420583,CANDIDATE
11361646,1.88899036,CANDIDATE
10285631,18.68405716,CANDIDATE
3964109,21.41624083,CANDIDATE
4159347,12.28351275,FALSE_POSITIVE
3544595,4.72674037,CANDIDATE
4165960,6.77449545,FALSE_POSITIVE
4252322,14.591504451,CANDIDATE
4376644,27.677680103,FALSE_POSITIVE
9301506,0.605223042,FALSE_POSITIVE
5695396,25.5172744,CANDIDATE
9714550,4.73292061,CANDIDATE
6263593,22.4765952,CANDIDATE
5475042,1.242639742,CANDIDATE
6964159,25.503628,FALSE_POSITIVE
10252275,14.8638496,CANDIDATE
10252275,5.65245733,CANDIDATE
11455181,10.9294815,CANDIDATE
9541295,0.536650319,CANDIDATE
10290666,5.45849914,CANDIDATE
10337258,13.28536452,CANDIDATE
10383687,8.4879444,FALSE_POSITIVE
10470206,46.56675437,FALSE_POSITIVE
10518725,19.5148412,FALSE_POSITIVE
12314973,15.4130812,CANDIDATE
5450893,4.82051088,CANDIDATE
4770174,6.09595681,CANDIDATE
8949925,13.2511214,CANDIDATE
5091016,5.76556718,FALSE_POSITIVE
9959492,11.682369,CANDIDATE
8827575,10.12956201,CANDIDATE
8827575,15.6112238,CANDIDATE
2716801,42.5217006,CANDIDATE
7281454,0.566805887,FALSE_POSITIVE
7216284,6.69958851,CANDIDATE
8703887,14.170972781,FALSE_POSITIVE
9899352,1.332562831,FALSE_POSITIVE
6945786,2.39161966,CANDIDATE
5978170,5.68879083,CANDIDATE
5440317,2.31941571,CANDIDATE
10545066,19.7830259,CANDIDATE
6056992,10.431146765,FALSE_POSITIVE
10552611,7.0106324,CANDIDATE
10552611,3.10762684,CANDIDATE
10587105,1.980356674,CANDIDATE
10587105,12.8344771,CANDIDATE
6948480,175.329014,FALSE_POSITIVE
6438099,21.61313362,CANDIDATE
11090556,2.7881793,CANDIDATE
11090556,4.13827684,CANDIDATE
10686814,2.61846258,FALSE_POSITIVE
3234843,29.72722,CANDIDATE
6021275,18.01019956,CANDIDATE
3234843,10.61368712,CANDIDATE
8192911,7.53887442,FALSE_POSITIVE
10554967,0.53633519,FALSE_POSITIVE
3752110,27.9430245,CANDIDATE
5688790,8.07394097,CANDIDATE
1717722,4.53702121,CANDIDATE
1717722,0.977311489,CANDIDATE
10908248,39.859505,CANDIDATE
10616571,23.6731242,FALSE_POSITIVE
10878263,7.170710381,CANDIDATE
10878263,4.699652821,CANDIDATE
10982872,4.761705895,CANDIDATE
10982872,2.024143568,CANDIDATE
2720514,1.371288853,FALSE_POSITIVE
4141376,11.87290814,CANDIDATE
9468551,1.638652525,CANDIDATE
9076971,9.06687613,CANDIDATE
8360640,4.0223109,CANDIDATE
11019987,6.9131732,CANDIDATE
4857058,7.32851947,CANDIDATE
10924562,18.6052046,CANDIDATE
9899505,1.332562787,FALSE_POSITIVE
5040077,0.896382269,CANDIDATE
7534267,39.4420781,CANDIDATE
9592705,10.27532513,CANDIDATE
10611420,11.50528603,FALSE_POSITIVE
10386922,26.62941953,CANDIDATE
10386922,296.6375817,CANDIDATE
10982872,41.8085031,CANDIDATE
3558981,2.98786272,FALSE_POSITIVE
11015108,39.30944096,CANDIDATE
11074541,29.88487723,CANDIDATE
11100383,12.92489803,CANDIDATE
7918652,11.45541896,CANDIDATE
8847111,0.575884418,FALSE_POSITIVE
4568298,0.562555067,FALSE_POSITIVE
9230021,44.433726,CANDIDATE
4374339,0.993703494,FALSE_POSITIVE
6636320,6.33125228,CANDIDATE
4067925,24.2204192,CANDIDATE
4847782,30.9597053,FALSE_POSITIVE
6021275,6.41491277,CANDIDATE
10350571,93.881556,FALSE_POSITIVE
3230805,3.91679553,CANDIDATE
4676964,43.1024434,CANDIDATE
10488450,2.683395376,FALSE_POSITIVE
10933561,31.51779463,CANDIDATE
10933561,8.12999858,CANDIDATE
4770617,31.4452709,CANDIDATE
8845026,66.46746217,FALSE_POSITIVE
11075737,2.586639524,CANDIDATE
11189127,2.671942657,FALSE_POSITIVE
11194032,28.51117639,CANDIDATE
11394027,14.38682567,CANDIDATE
7609553,8.85686712,CANDIDATE
11395587,12.99065074,CANDIDATE
11442793,331.5972732,CANDIDATE
5520547,11.20058855,CANDIDATE
4848424,1.50179931,FALSE_POSITIVE
8866102,17.83367834,CANDIDATE
4143755,19.55662003,CANDIDATE
8509442,82.6595174,CANDIDATE
11244137,2.03387483,CANDIDATE
6072593,5.07538255,FALSE_POSITIVE
5865654,23.9553986,CANDIDATE
3219643,24.3367026,CANDIDATE
8546542,7.40985182,CANDIDATE
8197560,1.02425556,FALSE_POSITIVE
11200415,4.63958598,FALSE_POSITIVE
8613535,15.5943758,CANDIDATE
11259686,34.4359387,CANDIDATE
11547513,5.317440164,CANDIDATE
11547513,10.10575764,CANDIDATE
11802615,28.86236571,CANDIDATE
11442793,210.6013843,CANDIDATE
10122538,75.731195,CANDIDATE
11442793,59.7371443,CANDIDATE
2445975,3.388887193,FALSE_POSITIVE
11521793,27.08239734,CANDIDATE
11566064,152.1060435,CANDIDATE
11566064,30.6528935,CANDIDATE
6531496,0.512869432,FALSE_POSITIVE
3848275,5.19492747,CANDIDATE
12021625,15.9314412,CANDIDATE
9777256,1.33251589,FALSE_POSITIVE
4175630,28.227413,CANDIDATE
7433585,0.545544979,FALSE_POSITIVE
6665223,419.97507836,FALSE_POSITIVE
3328080,4.76559056,CANDIDATE
8430964,2.98618134,CANDIDATE
3654719,25.9200092,FALSE_POSITIVE
6021275,6.17817366,CANDIDATE
10619142,2.04516705,FALSE_POSITIVE
12256520,7.25101997,CANDIDATE
11905011,5.65178922,CANDIDATE
12785320,19.96367208,CANDIDATE
12785320,57.3840375,CANDIDATE
2692377,1.541676547,CANDIDATE
3742855,6.397185875,FALSE_POSITIVE
3438975,2.976020742,FALSE_POSITIVE
11568987,15.95995611,CANDIDATE
11568987,7.37867551,CANDIDATE
11621223,4.903321801,CANDIDATE
11624249,1.82708193,CANDIDATE
12017140,22.845241036,FALSE_POSITIVE
10000941,2.5738437,CANDIDATE
5702939,18.3980827,FALSE_POSITIVE
3852655,11.62904159,CANDIDATE
11255231,13.6550963,FALSE_POSITIVE
5088536,27.50871575,CANDIDATE
6103377,20.0708757,CANDIDATE
6677841,98.353149,CANDIDATE
7106173,10.18318233,CANDIDATE
7106173,6.2321233,CANDIDATE
7106173,8.2942929,CANDIDATE
3324986,1.540411479,FALSE_POSITIVE
11912932,3.74785358,FALSE_POSITIVE
8037145,25.75274977,CANDIDATE
8162789,10.161023528,CANDIDATE
8265218,12.82993461,CANDIDATE
8806123,49.41121127,CANDIDATE
8806123,36.8567758,CANDIDATE
10098844,35.080928,FALSE_POSITIVE
8355239,10.39986173,CANDIDATE
9210823,0.828206212,FALSE_POSITIVE
8367113,24.31574009,CANDIDATE
8474898,199.443024,FALSE_POSITIVE
8558011,39.6766071,CANDIDATE
7429287,358.66044,FALSE_POSITIVE
9115800,4.454194254,CANDIDATE
9214713,809.0141881,CANDIDATE
9478990,21.0871953,CANDIDATE
9597411,1.575631524,FALSE_POSITIVE
6850504,6.09855603,CANDIDATE
8609450,203.250506,FALSE_POSITIVE
10934674,16.54295261,CANDIDATE
10990886,11.023474798,CANDIDATE
11015323,34.18884323,CANDIDATE
11134879,4.30165843,CANDIDATE
11192998,7.650243513,CANDIDATE
9334893,2.47240869,CANDIDATE
8934495,4.592393816,CANDIDATE
9119458,11.53029332,CANDIDATE
5866724,5.859935955,CANDIDATE
9157634,2.104721971,CANDIDATE
9636569,10.63624422,FALSE_POSITIVE
12406807,7.9069765,CANDIDATE
8565266,6.412512953,CANDIDATE
8616637,2.019997006,CANDIDATE
8616637,3.763041531,CANDIDATE
8625925,6.521209629,CANDIDATE
8822216,6.996926239,CANDIDATE
4548011,13.9509565,CANDIDATE
9967884,5.428344915,FALSE_POSITIVE
10016874,16.30141333,CANDIDATE
10189546,24.61480613,CANDIDATE
10189546,42.949522,CANDIDATE
10189546,117.033521,CANDIDATE
10748393,386.39833,FALSE_POSITIVE
11192998,1.55400389,CANDIDATE
11192998,34.25951418,CANDIDATE
8823868,23.8761144,FALSE_POSITIVE
11255761,4.99270186,FALSE_POSITIVE
11497977,4.79860021,CANDIDATE
7021681,7.7333361,FALSE_POSITIVE
9941859,9.57665962,CANDIDATE
9941859,96.6781852,CANDIDATE
9941859,20.55280311,CANDIDATE
10068030,2.023123903,FALSE_POSITIVE
10266615,10.94026745,CANDIDATE
6444896,19.5352551,CANDIDATE
10395543,3.687469832,CANDIDATE
8822216,151.863949,CANDIDATE
9020160,5.945043548,CANDIDATE
7941200,65.7045275,CANDIDATE
9020160,17.73842886,CANDIDATE
7429287,84.799829,CANDIDATE
9020160,9.93962361,CANDIDATE
10418224,6.8731664,CANDIDATE
10616679,8.600099313,CANDIDATE
10717241,12.37646897,CANDIDATE
10717241,9.340538,CANDIDATE
7303287,330.071558,CANDIDATE
10843590,18.87022157,CANDIDATE
6850504,19.5776073,CANDIDATE
12061222,17.20522898,CANDIDATE
12316431,17.90766147,FALSE_POSITIVE
12404305,22.18332255,CANDIDATE
10212441,354.78194,FALSE_POSITIVE
12834874,7.65880048,CANDIDATE
2557816,9.3789167,CANDIDATE
10454313,4.221626193,CANDIDATE
10513530,16.54967098,CANDIDATE
5866724,2.154911236,CANDIDATE
8121310,11.505879,CANDIDATE
10513530,3.52467888,CANDIDATE
10554999,6.400157105,CANDIDATE
9076513,2.437029217,CANDIDATE
9146018,9.9267215,CANDIDATE
9146018,21.22349325,CANDIDATE
9146018,6.47027706,CANDIDATE
9279669,3.722158895,CANDIDATE
10843590,46.9026431,CANDIDATE
10858832,5.263415218,CANDIDATE
10937029,4.030466786,CANDIDATE
11599038,9.27989,FALSE_POSITIVE
10937029,328.240201,CANDIDATE
11656302,22.264806569,FALSE_POSITIVE
2576197,2.217038096,FALSE_POSITIVE
2576197,8.874603,FALSE_POSITIVE
3239945,4.393157678,CANDIDATE
10387742,251.7512,FALSE_POSITIVE
10187017,16.145671932,CANDIDATE
3239945,1071.232624,CANDIDATE
10554999,2.735900074,CANDIDATE
10873260,5.852968845,CANDIDATE
10965008,81.1701587,CANDIDATE
10467815,371.17573,FALSE_POSITIVE
11073351,2.820190603,CANDIDATE
11090765,21.21712312,CANDIDATE
11246364,200.0,FALSE_POSITIVE
9570741,15.77980122,CANDIDATE
9607164,14.03490255,CANDIDATE
9631762,10.35586478,CANDIDATE
6462863,22.342964828,CANDIDATE
9782691,11.38840217,CANDIDATE
11709124,20.5498184,CANDIDATE
11709124,934.09418462,CANDIDATE
11805075,199.83920527,CANDIDATE
11599038,17.4217322,FALSE_POSITIVE
11824222,15.84132627,CANDIDATE
12302530,5.931196562,CANDIDATE
11904151,0.837491225,CANDIDATE
3239945,7.40611676,CANDIDATE
3239945,21.803708,CANDIDATE
3541800,4.66229074,FALSE_POSITIVE
3559935,29.9111886,CANDIDATE
3834360,2.908453928,FALSE_POSITIVE
3966801,25.69581456,CANDIDATE
11521048,25.70280003,FALSE_POSITIVE
11656721,13.64617478,CANDIDATE
11853905,3.213668926,CANDIDATE
5866724,8.13121389,CANDIDATE
11669239,41.8854433,CANDIDATE
11669239,13.81733587,CANDIDATE
10600261,52.8148051,CANDIDATE
10656823,8.30783912,CANDIDATE
10656823,34.0963441,CANDIDATE
10676824,6.45442931,CANDIDATE
10718726,3.595769013,CANDIDATE
12302530,52.6615266,CANDIDATE
12470954,1.902208647,CANDIDATE
6268648,20.605501,CANDIDATE
2438264,15.90688891,CANDIDATE
2438264,4.973455252,CANDIDATE
3340312,30.5528972,FALSE_POSITIVE
4049108,4.804469031,FALSE_POSITIVE
4454752,1.616883373,CANDIDATE
8212002,9.5539134,CANDIDATE
4757437,13.19322809,CANDIDATE
10187017,10.31174786,CANDIDATE
4757437,4.42535097,CANDIDATE
11823054,4.302139338,CANDIDATE
11823054,3.137845914,CANDIDATE
7017274,6.77067637,CANDIDATE
11913012,3.74782314,FALSE_POSITIVE
11972666,1.09173174,FALSE_POSITIVE
12058931,20.68420772,CANDIDATE
9782691,50.6985408,CANDIDATE
9886221,2.9926465,FALSE_POSITIVE
12366084,0.589376952,CANDIDATE
9957627,39.7529915,CANDIDATE
9958962,9.99760285,CANDIDATE
9958962,90.4117992,CANDIDATE
3745690,13.54057461,CANDIDATE
3745690,1.732346403,CANDIDATE
9872283,1.74610057,CANDIDATE
3745690,7.0257409,CANDIDATE
3833007,16.21774917,CANDIDATE
3847138,11.72291212,CANDIDATE
4833135,8.661374,FALSE_POSITIVE
4847534,9.66857386,CANDIDATE
4852528,7.053527145,CANDIDATE
4852528,9.521644639,CANDIDATE
4852528,3.072146607,CANDIDATE
4852528,4.645382149,CANDIDATE
12058931,9.82578495,CANDIDATE
12116489,25.30291816,CANDIDATE
12600735,21.30020491,CANDIDATE
10593626,289.864067,CANDIDATE
3437776,10.29767658,FALSE_POSITIVE
9958962,51.0674355,CANDIDATE
10294465,199.99763493,FALSE_POSITIVE
10388286,1.682695938,CANDIDATE
10600261,17.30795548,CANDIDATE
6462863,10.423677439,CANDIDATE
10600261,2.09227115,CANDIDATE
11904151,45.29422297,CANDIDATE
4384675,260.20717331,FALSE_POSITIVE
4633570,16.70920628,CANDIDATE
4633570,28.55158187,CANDIDATE
5021176,4.045057186,FALSE_POSITIVE
5640085,10.13958818,CANDIDATE
5640085,43.5859419,CANDIDATE
4852528,0.986785834,CANDIDATE
4951877,24.7962801,CANDIDATE
5282051,5.91037674,FALSE_POSITIVE
10187017,27.4536146,CANDIDATE
5340644,8.22241355,CANDIDATE
3437776,0.635587392,FALSE_POSITIVE
4165473,13.02363236,CANDIDATE
4270253,11.6370303,CANDIDATE
5544450,6.93650854,CANDIDATE
4270253,5.68798675,CANDIDATE
5122112,3.055171082,FALSE_POSITIVE
10973664,5.40426917,CANDIDATE
10973664,11.67894236,CANDIDATE
10973664,1.208462378,CANDIDATE
9141746,2.85188338,CANDIDATE
12459913,12.91385906,CANDIDATE
6462863,54.31996151,CANDIDATE
5779852,252.0792347,FALSE_POSITIVE
6042214,27.04627886,FALSE_POSITIVE
6200715,3.723560726,FALSE_POSITIVE
8226050,18.3848331,CANDIDATE
6291033,3.705991661,CANDIDATE
6889235,5.188671659,FALSE_POSITIVE
6758917,2.236100588,FALSE_POSITIVE
5461440,40.606895,CANDIDATE
5689351,13.76710058,CANDIDATE
6779260,2.2165905,CANDIDATE
5689351,6.1954595,CANDIDATE
5689351,3.25058201,CANDIDATE
5689351,8.34819209,CANDIDATE
5303551,2.399069173,FALSE_POSITIVE
5443837,3.65849707,CANDIDATE
7692093,91.172033,FALSE_POSITIVE
5709725,3.701765401,CANDIDATE
5709725,86.4943704,CANDIDATE
7700871,5.17968868,FALSE_POSITIVE
9946525,51.84688984,CANDIDATE
9946525,4.180048081,CANDIDATE
2716853,68.832195,FALSE_POSITIVE
9946525,1.729367077,CANDIDATE
7289157,5.26640614,FALSE_POSITIVE
2695110,44.18938922,FALSE_POSITIVE
7098355,29.00789166,CANDIDATE
7101828,47.878243,FALSE_POSITIVE
2832589,2.433703498,CANDIDATE
7269974,13.69942266,CANDIDATE
7269974,4.309381978,CANDIDATE
7440748,4.9213639,CANDIDATE
5689351,87.0912594,CANDIDATE
5780715,1.583160478,FALSE_POSITIVE
10793172,7.9788198,CANDIDATE
5812960,18.49234792,CANDIDATE
6266741,7.930583519,CANDIDATE
10187017,7.07136119,CANDIDATE
5738496,9.50150926,FALSE_POSITIVE
5774349,15.65563866,CANDIDATE
10285631,10.52286678,CANDIDATE
5978361,9.17858526,CANDIDATE
6422367,4.33144839,FALSE_POSITIVE
6501635,23.67513153,CANDIDATE
3217264,29.19899219,CANDIDATE
3217264,160.0191598,CANDIDATE
8554498,7.05185637,FALSE_POSITIVE
6850504,10.854095934,CANDIDATE
3217264,55.3291399,CANDIDATE
3342592,17.177328207,FALSE_POSITIVE
7440748,7.064252021,CANDIDATE
7504328,53.71798494,CANDIDATE
8219268,43.501748,FALSE_POSITIVE
7977197,19.44639139,CANDIDATE
7977197,6.91986988,CANDIDATE
7199397,105.8817667,CANDIDATE
6266741,16.6658994,CANDIDATE
6381846,4.16696628,CANDIDATE
4367854,0.535224793,FALSE_POSITIVE
6381846,11.46347165,CANDIDATE
6381846,39.6034,CANDIDATE
6422155,2.940304817,CANDIDATE
6665695,5.378868001,CANDIDATE
6707833,15.28467725,CANDIDATE
9785921,73.506021,FALSE_POSITIVE
6786037,21.05349939,CANDIDATE
6786037,127.905412,CANDIDATE
6786037,6.21716039,CANDIDATE
4247092,21.05647572,FALSE_POSITIVE
4949751,31.80514278,FALSE_POSITIVE
10157458,4.57797412,CANDIDATE
5003117,37.60936976,FALSE_POSITIVE
5035972,49.26678528,FALSE_POSITIVE
5218441,3.613757526,FALSE_POSITIVE
5351250,7.381980206,CANDIDATE
8043638,17.58751692,CANDIDATE
8261920,3.01609637,CANDIDATE
8621348,11.34436822,FALSE_POSITIVE
8773869,1.576341127,FALSE_POSITIVE
8845205,18.47762694,CANDIDATE
8890783,58.36205791,CANDIDATE
8890783,5.350156114,CANDIDATE
6716545,21.9424316,CANDIDATE
6422155,6.38899658,CANDIDATE
6422155,14.62709685,CANDIDATE
6422155,35.1184432,CANDIDATE
6451936,8.00579096,CANDIDATE
6451936,4.26374378,CANDIDATE
1723078,330.025002,CANDIDATE
8056665,84.6877524,CANDIDATE
7025846,2.340523247,FALSE_POSITIVE
7119481,25.85499978,CANDIDATE
7445445,10.68758211,CANDIDATE
7445445,20.30303506,CANDIDATE
8397947,39.0930875,FALSE_POSITIVE
5351250,12.56096618,CANDIDATE
5351250,30.8261043,CANDIDATE
6850504,3.696121272,CANDIDATE
5351250,3.42806306,CANDIDATE
5444548,13.24931848,CANDIDATE
10187017,22.4098677,FALSE_POSITIVE
8891318,363.706662,FALSE_POSITIVE
9008220,9.391039263,CANDIDATE
9583881,18.00932214,CANDIDATE
9589524,22.18431824,CANDIDATE
9955262,77.4794704,CANDIDATE
8019043,0.80489537,FALSE_POSITIVE
11775507,276.32360146,FALSE_POSITIVE
10187017,5.28691996,CANDIDATE
6838050,6.51003001,CANDIDATE
6937692,35.18105723,CANDIDATE
7602070,11.75560012,FALSE_POSITIVE
7812179,17.79421914,FALSE_POSITIVE
1868404,6.12601169,FALSE_POSITIVE
7445445,29.02235217,CANDIDATE
7595157,3.383540239,CANDIDATE
7595157,2.358952404,CANDIDATE
8008206,20.72904234,CANDIDATE
8008206,1.632916419,CANDIDATE
7906892,11.1438086,CANDIDATE
5449777,7.216951388,FALSE_POSITIVE
5478055,15.85238672,FALSE_POSITIVE
5683743,4.147021189,CANDIDATE
5791986,15.22895514,CANDIDATE
5791986,24.67458244,CANDIDATE
8320630,32.526674,CANDIDATE
9703198,10.32906563,CANDIDATE
9844088,3.750832927,CANDIDATE
10019643,21.34736612,CANDIDATE
10019643,7.81100952,CANDIDATE
10123064,4.243748097,CANDIDATE
5653126,2.404483552,FALSE_POSITIVE
7840044,13.54204116,FALSE_POSITIVE
8015907,2.752359689,CANDIDATE
8017703,13.98177862,CANDIDATE
8017703,44.0003975,CANDIDATE
8017703,247.354914,CANDIDATE
1995712,462.12069,FALSE_POSITIVE
8106610,12.39894005,FALSE_POSITIVE
8056665,207.5829306,CANDIDATE
8120608,7.26731094,CANDIDATE
8120608,13.3430025,CANDIDATE
8120608,3.886795001,CANDIDATE
8120608,22.40777833,CANDIDATE
5872150,20.35509657,FALSE_POSITIVE
5872150,5.92240377,FALSE_POSITIVE
6289650,166.7876551,CANDIDATE
6850504,77.6114427,CANDIDATE
6508221,18.20795835,CANDIDATE
11135694,49.537365,CANDIDATE
10155434,12.70636123,CANDIDATE
10460984,10.94577783,CANDIDATE
10460984,28.9869016,CANDIDATE
10460984,94.886902,CANDIDATE
10460984,5.03505665,CANDIDATE
6436505,24.7222403,FALSE_POSITIVE
8022244,11.90352088,CANDIDATE
2571238,9.286964466,CANDIDATE
8022244,34.0350605,CANDIDATE
8037145,12.75934489,CANDIDATE
8037145,5.433132902,CANDIDATE
2140389,0.967427812,FALSE_POSITIVE
8193178,10.64021008,CANDIDATE
8193178,4.93883135,CANDIDATE
8344004,5.996533443,CANDIDATE
8344004,2.06190864,CANDIDATE
8355239,20.13490007,CANDIDATE
8216763,24.0721647,CANDIDATE
6508221,88.2553729,CANDIDATE
6879865,19.193103549,CANDIDATE
7975727,22.418319842,FALSE_POSITIVE
8219673,20.131477716,FALSE_POSITIVE
8352537,6.010383339,CANDIDATE
3758499,80.881757,CANDIDATE
3248033,1.334101467,FALSE_POSITIVE
9552608,9.250572762,CANDIDATE
10577994,8.1808949,CANDIDATE
10577994,15.31296388,CANDIDATE
10599206,18.42794957,CANDIDATE
6768616,8.8249556,FALSE_POSITIVE
10068383,7.30497811,FALSE_POSITIVE
10157573,5.115750935,FALSE_POSITIVE
10191070,1.213745575,FALSE_POSITIVE
10221013,7.189379172,CANDIDATE
10225800,1.423799421,FALSE_POSITIVE
2299738,1.8134378,CANDIDATE
10227020,14.78767172,CANDIDATE
4563268,4.16536757,CANDIDATE
4644604,14.48584765,CANDIDATE
4656049,40.6992062,CANDIDATE
4659405,4.532402495,FALSE_POSITIVE
7941635,25.273355,FALSE_POSITIVE
4742414,15.458056682,CANDIDATE
7619236,562.1725914,CANDIDATE
7630229,278.1243979,CANDIDATE
7730747,4.034914368,CANDIDATE
7764367,3.173914037,CANDIDATE
9024857,379.11996,FALSE_POSITIVE
7906882,52.513548727,CANDIDATE
7976520,4.17838675,CANDIDATE
10227020,9.84824649,CANDIDATE
10227020,19.7243672,CANDIDATE
6678383,51.75530504,CANDIDATE
2302997,16.2982201,CANDIDATE
10227020,7.38443269,CANDIDATE
10259031,7.06115081,FALSE_POSITIVE
8505215,2190.7010353,CANDIDATE
4827723,7.23858162,CANDIDATE
4841374,161.4746786,CANDIDATE
4861736,6.277827312,FALSE_POSITIVE
5020319,16.71987303,CANDIDATE
5090690,12.011661094,FALSE_POSITIVE
8161561,3.275821982,CANDIDATE
8361905,15.87360981,CANDIDATE
12116489,12.3860474,CANDIDATE
8409588,1.360834768,FALSE_POSITIVE
11250587,7.256962446,CANDIDATE
8480285,29.66631669,CANDIDATE
8480285,16.2254975,CANDIDATE
10265898,1.260258822,CANDIDATE
10265898,3.29534567,CANDIDATE
2302758,0.542122617,FALSE_POSITIVE
10265898,5.25449393,CANDIDATE
10271806,5.924993927,CANDIDATE
10271806,11.34934848,CANDIDATE
5098444,26.94927489,FALSE_POSITIVE
5113822,23.6421965,CANDIDATE
5113822,67.0930642,CANDIDATE
5120087,17.97979816,CANDIDATE
5121511,30.99664113,CANDIDATE
8557374,2.462344253,CANDIDATE
8557374,4.822969318,CANDIDATE
12600735,6.0799457,CANDIDATE
8738735,28.7796446,CANDIDATE
8738735,15.66057688,CANDIDATE
8802165,17.42115972,CANDIDATE
10271806,3.13295351,CANDIDATE
10271806,18.64349986,CANDIDATE
5351250,93.803766,FALSE_POSITIVE
10272442,24.5434566,CANDIDATE
10984090,51.07926451,CANDIDATE
10272442,70.2780911,CANDIDATE
4055765,9.9664004,CANDIDATE
5131180,14.85185526,CANDIDATE
5181817,4.350413063,FALSE_POSITIVE
5309353,1.376384817,FALSE_POSITIVE
5356593,45.977861823,FALSE_POSITIVE
8805348,29.90721859,CANDIDATE
8869680,7.03380109,FALSE_POSITIVE
10843431,56.391062,CANDIDATE
8878187,3.032147946,CANDIDATE
4914423,15.96532718,CANDIDATE
8891278,12.718711489,FALSE_POSITIVE
10287242,22.34213536,CANDIDATE
10340423,18.79418506,CANDIDATE
10340423,6.73893544,CANDIDATE
10345478,14.49839316,FALSE_POSITIVE
10358759,10.3392408,CANDIDATE
5374854,8.50339249,CANDIDATE
5374854,23.7832097,CANDIDATE
5384802,3.041547148,FALSE_POSITIVE
5531694,5.16949729,CANDIDATE
5596440,10.47490332,CANDIDATE
8908102,5.41460536,FALSE_POSITIVE
8962094,30.86436512,CANDIDATE
8962094,9.36059705,CANDIDATE
8962094,14.6672293,CANDIDATE
8962094,68.1609897,CANDIDATE
10358759,13.28689997,CANDIDATE
10386984,1.287076693,CANDIDATE
9588822,61.858947,CANDIDATE
10395381,17.6717714,CANDIDATE
10418797,23.355341391,FALSE_POSITIVE
5613330,23.44970494,CANDIDATE
8456679,1.73513619,CANDIDATE
5786676,11.95474513,CANDIDATE
5796186,42.55930625,FALSE_POSITIVE
5796675,16.080657264,CANDIDATE
9002278,18.16407304,CANDIDATE
12306808,7.334073405,FALSE_POSITIVE
9002278,5.71489692,CANDIDATE
9002278,122.3858681,CANDIDATE
9053112,1.274840187,FALSE_POSITIVE
4914423,179.609803,CANDIDATE
9162741,1.368617188,FALSE_POSITIVE
5893123,1.125963085,FALSE_POSITIVE
5941160,8.59481851,CANDIDATE
5941160,10.22215697,CANDIDATE
5966154,25.6721559,CANDIDATE
5966154,151.8851881,CANDIDATE
3749508,1.065731229,FALSE_POSITIVE
9266431,18.39629744,CANDIDATE
9300285,1.012672041,FALSE_POSITIVE
9426071,28.714216138,FALSE_POSITIVE
9458613,21.77568158,CANDIDATE
9458613,41.0283424,CANDIDATE
10729472,0.83442282,FALSE_POSITIVE
5966660,1.906633332,FALSE_POSITIVE
6020753,4.069425638,CANDIDATE
8456679,4.06844957,CANDIDATE
6020753,16.28247625,CANDIDATE
6062088,3.162692075,CANDIDATE
9458613,31.7848157,CANDIDATE
9458613,13.17555999,CANDIDATE
9458613,5.66815821,CANDIDATE
9530945,17.40665216,CANDIDATE
10610039,3.07365139,CANDIDATE
4752451,6.41496453,FALSE_POSITIVE
6062088,5.370639542,CANDIDATE
6062088,11.32977062,CANDIDATE
6125481,23.20579353,CANDIDATE
6267535,6.07972016,CANDIDATE
1025986,275.07365,CANDIDATE
6347299,14.40090414,CANDIDATE
9530945,7.69363627,CANDIDATE
9578686,21.3851584,CANDIDATE
9590976,5.37493289,CANDIDATE
9590976,8.58600968,CANDIDATE
11284772,4.50158249,CANDIDATE
9590976,3.88688862,CANDIDATE
2441151,2.192009479,FALSE_POSITIVE
3970233,8.254912972,FALSE_POSITIVE
4832837,2.628117322,CANDIDATE
4832837,5.06546874,CANDIDATE
5014753,3.170626881,FALSE_POSITIVE
5441980,5.89399142,CANDIDATE
6347299,25.6613816,CANDIDATE
6365156,10.21418792,CANDIDATE
6425957,2.755637216,CANDIDATE
1293046,36.2671673,FALSE_POSITIVE
2444412,14.91095177,CANDIDATE
6425957,20.30652862,CANDIDATE
9597345,44.6996563,CANDIDATE
9597345,3.619309734,CANDIDATE
9597345,124.5245224,CANDIDATE
10972902,7.6720844,CANDIDATE
9640976,2.178150857,FALSE_POSITIVE
9640985,2.178150567,FALSE_POSITIVE
5562784,25.33709016,FALSE_POSITIVE
5608566,4.396999852,FALSE_POSITIVE
5686174,14.28228147,CANDIDATE
6309763,3.251659087,CANDIDATE
5903312,1.16015259,FALSE_POSITIVE
6462863,3.743166733,CANDIDATE
6442340,13.13747785,CANDIDATE
6442340,7.78199862,CANDIDATE
1434395,2.2227289,FALSE_POSITIVE
6442340,23.4433748,CANDIDATE
6685609,5.868066282,CANDIDATE
6685609,1.61189046,CANDIDATE
9450647,9.940666412,CANDIDATE
9702072,4.182001885,CANDIDATE
9413156,66.47762,CANDIDATE
9834719,1.621668852,FALSE_POSITIVE
9846348,26.89316101,CANDIDATE
9873254,14.70749512,CANDIDATE
6587002,20.73989406,CANDIDATE
6587002,47.4277116,CANDIDATE
6960456,5.07442951,FALSE_POSITIVE
7368664,12.874712426,CANDIDATE
8374580,176.2432946,FALSE_POSITIVE
6685609,3.07155284,CANDIDATE
6707835,22.24814617,CANDIDATE
2696205,0.702739679,CANDIDATE
6752502,4.305219002,FALSE_POSITIVE
6805146,13.779711352,FALSE_POSITIVE
10318874,2.508057497,CANDIDATE
6960445,5.07437786,FALSE_POSITIVE
9873254,0.900375925,CANDIDATE
9884104,4.585466941,CANDIDATE
9884104,22.71443351,CANDIDATE
9884104,47.903427,CANDIDATE
9950612,9.034190783,CANDIDATE
9714696,1.433339604,FALSE_POSITIVE
9846086,37.86511904,FALSE_POSITIVE
10353968,9.07098164,CANDIDATE
10384962,2.879243323,FALSE_POSITIVE
11773022,45.15535633,CANDIDATE
7033671,9.48965527,CANDIDATE
7040629,4.22865217,CANDIDATE
2711131,2.85889907,FALSE_POSITIVE
7040629,7.46662068,CANDIDATE
7040629,16.25951967,CANDIDATE
7040629,11.1317901,CANDIDATE
9950612,28.1224393,CANDIDATE
6678383,11.427550984,CANDIDATE
2308411,0.983304511,FALSE_POSITIVE
9950612,45.9029768,CANDIDATE
9950612,4.159816554,CANDIDATE
9963524,5.69059163,CANDIDATE
5780885,4.885488596,CANDIDATE
11773022,130.17802962,CANDIDATE
11773022,85.3162004,CANDIDATE
12251650,17.761998411,CANDIDATE
12417486,155.042265,CANDIDATE
12068975,10.34973276,CANDIDATE
7115785,16.08786246,CANDIDATE
2834805,25.0032023,CANDIDATE
7115785,41.74938613,CANDIDATE
7115785,0.56680081,FALSE_POSITIVE
7124613,4.41746257,CANDIDATE
8711794,8.981014925,CANDIDATE
7277317,16.33888067,CANDIDATE
2446134,39.1307086,FALSE_POSITIVE
9963524,10.04157214,CANDIDATE
9963524,18.36974658,CANDIDATE
9963524,2.79590004,CANDIDATE
9964801,13.72462702,CANDIDATE
9965439,46.40626,CANDIDATE
2569995,80.84069,CANDIDATE
12068975,15.67750191,CANDIDATE
12068975,5.59931543,CANDIDATE
12068975,25.2100146,CANDIDATE
3541946,17.79001678,CANDIDATE
3541946,49.5674085,CANDIDATE
10264660,6.790120801,CANDIDATE
7385509,1.655467295,FALSE_POSITIVE
7447200,7.972510087,CANDIDATE
7447200,2.453236139,CANDIDATE
7466863,11.9710626,FALSE_POSITIVE
7509886,6.0404622,CANDIDATE
7509886,4.13852825,CANDIDATE
10002866,3.936993144,CANDIDATE
10002866,28.08185982,CANDIDATE
6678383,23.66834635,CANDIDATE
10002866,10.08881066,CANDIDATE
2577353,60.458443,CANDIDATE
10005020,6.97106919,FALSE_POSITIVE
3541946,1.311842968,CANDIDATE
4449034,38.13853099,FALSE_POSITIVE
4478168,14.58649856,CANDIDATE
4478168,8.0292018,CANDIDATE
2854839,1.05569286,FALSE_POSITIVE
4563268,7.75192755,CANDIDATE
7515212,31.80475991,CANDIDATE
7515212,16.2580276,CANDIDATE
7529266,8.600153929,CANDIDATE
11553706,3.719809197,FALSE_POSITIVE
2449053,0.73975345,FALSE_POSITIVE
10489525,1.612249049,FALSE_POSITIVE
7598128,44.258173075,FALSE_POSITIVE
11858979,3.05933906,FALSE_POSITIVE
5900390,0.624677585,FALSE_POSITIVE
5444334,0.759763198,FALSE_POSITIVE
10139620,372.37369,FALSE_POSITIVE
8686373,126.55719,CANDIDATE
5386264,12.435190544,FALSE_POSITIVE
3867615,20.0983676,CANDIDATE
3218844,85.112898,FALSE_POSITIVE
7256914,2.41750021,CANDIDATE
7256914,4.03357434,CANDIDATE
3542222,0.504426087,FALSE_POSITIVE
6871071,7.66462913,CANDIDATE
5530112,9.6887216,CANDIDATE
6226908,19.597317,CANDIDATE
5906694,13.06243545,CANDIDATE
10186945,0.793663156,FALSE_POSITIVE
4636565,2.81401302,FALSE_POSITIVE
9956082,3.74031708,CANDIDATE
3241647,0.851678507,FALSE_POSITIVE
7761585,205.30627,FALSE_POSITIVE
3241248,0.978046982,FALSE_POSITIVE
9716302,1.332566763,FALSE_POSITIVE
2708286,1.89131005,FALSE_POSITIVE
6755944,0.692978457,CANDIDATE
10419797,87.140633,FALSE_POSITIVE
6515335,185.53285,FALSE_POSITIVE
7777471,0.885131111,FALSE_POSITIVE
10294509,1.85447373,FALSE_POSITIVE
3112129,0.487656278,CANDIDATE
3003019,0.502622858,FALSE_POSITIVE
9334893,31.8055128,CANDIDATE
3103212,3.25424652,CANDIDATE
10000941,3.50472344,CANDIDATE
9455677,124.827797,CANDIDATE
6871071,11.9294568,CANDIDATE
7690855,0.786260569,FALSE_POSITIVE
5649837,0.597934463,FALSE_POSITIVE
10141938,360.76458,FALSE_POSITIVE
8029197,2.15292788,FALSE_POSITIVE
12257886,2.61585431,FALSE_POSITIVE
10875007,9.54699216,CANDIDATE
10875007,14.708641,CANDIDATE
11465651,31.3351094,CANDIDATE
5036480,1.061002863,FALSE_POSITIVE
10275077,363.35755,FALSE_POSITIVE
6592832,0.924821319,FALSE_POSITIVE
8524346,4.4697452,FALSE_POSITIVE
3937814,214.881456,CANDIDATE
5551228,122.906853,FALSE_POSITIVE
5471271,12.422216754,FALSE_POSITIVE
5881120,4.85018974,CANDIDATE
3248696,383.43595,FALSE_POSITIVE
4548098,3.82315697,CANDIDATE
5306383,0.842336445,FALSE_POSITIVE
5446285,339.42934084,FALSE_POSITIVE
7021681,13.6032081,CANDIDATE
5041847,0.914468919,FALSE_POSITIVE
3836558,1.54039744,FALSE_POSITIVE
4770617,8.45805119,CANDIDATE
6106282,101.1107014,CANDIDATE
4946584,0.907943645,FALSE_POSITIVE
6463499,94.446856,FALSE_POSITIVE
8254882,0.92565941,FALSE_POSITIVE
6042031,0.537110149,FALSE_POSITIVE
4078311,9.84262076,CANDIDATE
5475735,2.99194823,FALSE_POSITIVE
11709124,62.3026877,CANDIDATE
9022166,72.3826983,CANDIDATE
10075409,360.33012,FALSE_POSITIVE
7038096,0.566803149,FALSE_POSITIVE
3345973,15.3466028,FALSE_POSITIVE
11967788,7.23531329,CANDIDATE
11972872,0.531106622,FALSE_POSITIVE
9899233,1.332547503,FALSE_POSITIVE
3103227,225.585245,CANDIDATE
4850961,24.4972683,CANDIDATE
3102309,4.20253859,FALSE_POSITIVE
8521059,0.535578808,FALSE_POSITIVE
5217574,0.89486317,FALSE_POSITIVE
7199060,64.1862264,CANDIDATE
8439323,4.62602867,CANDIDATE
4458082,8.93484887,CANDIDATE
3230095,7.04716175,FALSE_POSITIVE
5551228,368.71479,FALSE_POSITIVE
11967788,4.93211932,CANDIDATE
7733731,4.85819429,CANDIDATE
6862332,119.0192648,FALSE_POSITIVE
10714072,8.40693068,CANDIDATE
3110177,3.39904814,CANDIDATE
10992011,0.974479091,FALSE_POSITIVE
8128247,3.57017774,FALSE_POSITIVE
6276994,1.10601182,FALSE_POSITIVE
9674564,6.873655305,FALSE_POSITIVE
5942808,0.626281766,CANDIDATE
3232249,1.183505016,CANDIDATE
5688683,2.790643481,CANDIDATE
6607644,0.971915957,CANDIDATE
7610663,3.03196812,CANDIDATE
5565707,1.2940561,FALSE_POSITIVE
1293031,0.53936593,FALSE_POSITIVE
2859299,0.643703667,FALSE_POSITIVE
7449554,15.9042402,CANDIDATE
4067110,0.735146413,FALSE_POSITIVE
8694309,0.827351796,FALSE_POSITIVE
8282651,4.16288745,CANDIDATE
7818447,0.618952198,FALSE_POSITIVE
11569475,1.31723412,FALSE_POSITIVE
5688683,4.44902309,CANDIDATE
8222627,1.121733366,CANDIDATE
8951205,4.95060632,CANDIDATE
5700900,379.08202,FALSE_POSITIVE
7026477,366.31509,FALSE_POSITIVE
9402583,0.536544193,FALSE_POSITIVE
7838675,1.005205893,CANDIDATE
8700537,43.796785,FALSE_POSITIVE
10858785,0.952371227,FALSE_POSITIVE
9640907,1.089088292,FALSE_POSITIVE
7515670,1.1518407,FALSE_POSITIVE
9551430,7.7553808,FALSE_POSITIVE
3228986,0.730949487,FALSE_POSITIVE
7100673,3.95116635,CANDIDATE
7100673,2.89223998,CANDIDATE
4138557,0.991552822,FALSE_POSITIVE
2708278,1.89124187,FALSE_POSITIVE
2984990,3.79437277,CANDIDATE
3747817,184.77271,CANDIDATE
8483366,392.49728,FALSE_POSITIVE
7758018,363.41165,CANDIDATE
9071593,59.284064,CANDIDATE
10089911,6.96704926,CANDIDATE
3247404,8.8109721,FALSE_POSITIVE
11415243,168.81133,CANDIDATE
3548044,67.968656,CANDIDATE
8264402,215.956008,CANDIDATE
7773179,2.15681538,FALSE_POSITIVE
11017094,0.708563091,FALSE_POSITIVE
3129238,2.00870696,CANDIDATE
5956633,366.24282,FALSE_POSITIVE
9899065,1.33256418,FALSE_POSITIVE
7907808,0.655939788,CANDIDATE
5471792,12.4258833,FALSE_POSITIVE
11145831,1.387838134,FALSE_POSITIVE
11444952,0.678349364,FALSE_POSITIVE
8647295,1.022028468,FALSE_POSITIVE
3444098,0.72359699,FALSE_POSITIVE
5112567,1.6156052,FALSE_POSITIVE
2708343,1.8913182,FALSE_POSITIVE
3235282,494.165759,FALSE_POSITIVE
3348090,2.43585046,FALSE_POSITIVE
9282762,1.33255441,FALSE_POSITIVE
3117046,359.1015,FALSE_POSITIVE
6311520,0.941840589,FALSE_POSITIVE
5201115,1.728521892,FALSE_POSITIVE
2708203,1.89125855,FALSE_POSITIVE
4150496,8.65312868,FALSE_POSITIVE
11401767,30.0899459,CANDIDATE
9655005,1.39862757,FALSE_POSITIVE
11709124,9.91937693,CANDIDATE
3851194,0.918510251,FALSE_POSITIVE
8613535,9.47850818,CANDIDATE
5092655,0.783258387,FALSE_POSITIVE
3955817,4.24263096,CANDIDATE
10661778,1.231363214,FALSE_POSITIVE
5513857,0.755101928,FALSE_POSITIVE
10272389,4.56447463,FALSE_POSITIVE
4679687,1.027904857,FALSE_POSITIVE
7968683,367.95566,FALSE_POSITIVE
10360722,163.692336,CANDIDATE
9091755,1.106529843,FALSE_POSITIVE
3852476,111.741576,FALSE_POSITIVE
9700449,110.461746,CANDIDATE
6349881,198.088873,CANDIDATE
9851970,1.08193721,FALSE_POSITIVE
6140059,44.6226725,CANDIDATE
5726910,2.43142974,FALSE_POSITIVE
1718958,1.41975831,CANDIDATE
6428794,169.135056,CANDIDATE
3228825,0.73095491,FALSE_POSITIVE
4673628,3.951383138,CANDIDATE
11401767,6.84978728,CANDIDATE
3852872,80.769893,CANDIDATE
9099950,1.111362442,FALSE_POSITIVE
9718066,28.9060526,CANDIDATE
9272070,8.10503551,CANDIDATE
5088400,8.82715783,CANDIDATE
4669402,143.196381,FALSE_POSITIVE
3757407,9.089151782,FALSE_POSITIVE
4769931,1.87886973,FALSE_POSITIVE
9220612,0.979161676,FALSE_POSITIVE
9086154,225.26213,CANDIDATE
6806695,0.855922327,FALSE_POSITIVE
3858943,25.9528725,FALSE_POSITIVE
11970988,2.31482311,CANDIDATE
10858803,0.952374508,FALSE_POSITIVE
6129694,0.936751792,FALSE_POSITIVE
5957181,393.34331,FALSE_POSITIVE
7601918,0.621361411,FALSE_POSITIVE
6119877,250.23760741,FALSE_POSITIVE
6792908,10.778313,CANDIDATE
7211879,0.594310785,FALSE_POSITIVE
8087812,27.2106807,CANDIDATE
4863956,4.31978105,FALSE_POSITIVE
10534155,4.32710895,CANDIDATE
10397751,2.90512019,CANDIDATE
5308537,14.2651545,CANDIDATE
6350882,5.04404366,CANDIDATE
5281113,11.17931581,CANDIDATE
7847104,1.284991846,FALSE_POSITIVE
3450040,1.166960319,CANDIDATE
3347807,324.18028,FALSE_POSITIVE
8487805,0.530959357,FALSE_POSITIVE
9456281,0.701944362,CANDIDATE
5129453,3.05772668,CANDIDATE
7918478,9.9092109,CANDIDATE
3336845,0.996864568,FALSE_POSITIVE
3645282,0.673684895,FALSE_POSITIVE
6026924,56.644452,CANDIDATE
6525280,1.710319812,FALSE_POSITIVE
4861784,5.62978034,FALSE_POSITIVE
5876360,1.050852976,FALSE_POSITIVE
9509343,6.39269778,CANDIDATE
3732972,1.540398683,FALSE_POSITIVE
3244792,3.0570982,CANDIDATE
8743082,365.25921,FALSE_POSITIVE
7673841,7.87845756,CANDIDATE
9142742,372.72688,FALSE_POSITIVE
6891513,9.9398272,FALSE_POSITIVE
4579598,0.866346,FALSE_POSITIVE
7777522,0.885129679,FALSE_POSITIVE
9305012,56.898749,FALSE_POSITIVE
9597729,0.438153876,FALSE_POSITIVE
11390109,398.40957,FALSE_POSITIVE
5078025,0.696286519,FALSE_POSITIVE
1724719,5.79179934,CANDIDATE
8120608,129.945392,CANDIDATE
11968463,27.9040511,CANDIDATE
5026326,1.39772545,FALSE_POSITIVE
5471574,12.4246697,FALSE_POSITIVE
5512580,383.00806,FALSE_POSITIVE
11670599,0.847588864,FALSE_POSITIVE
6359820,331.81534,FALSE_POSITIVE
11872139,1.75649346,FALSE_POSITIVE
5436161,0.644322147,CANDIDATE
2708221,1.8912501,FALSE_POSITIVE
4571844,17.8075656,CANDIDATE
5040223,0.996023763,FALSE_POSITIVE
4571004,36.616669,FALSE_POSITIVE
2859893,333.03842,CANDIDATE
6026737,3.75030469,CANDIDATE
7582691,0.259819659,CANDIDATE
7031942,0.566795467,FALSE_POSITIVE
9836563,4.72693131,CANDIDATE
1724719,10.0989634,CANDIDATE
5632701,3.67515329,FALSE_POSITIVE
10549924,0.715825886,FALSE_POSITIVE
9366617,26.5487294,CANDIDATE
6187341,0.492291661,FALSE_POSITIVE
3353454,1.6911935,FALSE_POSITIVE
10156055,2.42803503,FALSE_POSITIVE
8418018,372.94844,FALSE_POSITIVE
5024177,0.787120016,FALSE_POSITIVE
11081504,13.12297275,CANDIDATE
4548011,6.28384079,CANDIDATE
4571004,21.131609,FALSE_POSITIVE
4571004,81.675841,FALSE_POSITIVE
4571004,28.5463574,FALSE_POSITIVE
12016267,22.7909233,CANDIDATE
4571004,72.563291,FALSE_POSITIVE
8459663,174.510276,CANDIDATE
3550372,0.681180633,CANDIDATE
10155321,15.705388,FALSE_POSITIVE
3866536,7.65270746,FALSE_POSITIVE
7046035,2.27164952,CANDIDATE
4679314,3.84835742,FALSE_POSITIVE
8240790,369.13236,CANDIDATE
5702637,1.0388961,FALSE_POSITIVE
8309169,293.76887,FALSE_POSITIVE
4678919,1.87885327,FALSE_POSITIVE
5563080,0.785473311,FALSE_POSITIVE
6364067,5.2438982,FALSE_POSITIVE
4548011,9.08745206,CANDIDATE
5983532,441.877824,FALSE_POSITIVE
3439126,2.9761504,FALSE_POSITIVE
8463346,64.0019669,CANDIDATE
5868793,4.83809469,CANDIDATE
8483021,361.91436,FALSE_POSITIVE
10063208,9.3281912,CANDIDATE
7191646,106.957467,CANDIDATE
1575873,0.629001455,FALSE_POSITIVE
10669994,2.71603664,CANDIDATE
7801070,75.8781344,CANDIDATE
11449918,374.59003,FALSE_POSITIVE
4172805,147.661729,CANDIDATE
5126182,13.00291716,CANDIDATE
3750350,319.30633,FALSE_POSITIVE
8949925,42.0292298,CANDIDATE
4584865,1.75254087,FALSE_POSITIVE
9642018,0.505111993,CANDIDATE
11968463,0.646745436,FALSE_POSITIVE
9183378,3.38557445,CANDIDATE
11188254,2.754024,FALSE_POSITIVE
1724513,1.975208831,FALSE_POSITIVE
9535876,0.960843605,FALSE_POSITIVE
5817533,4.206109,FALSE_POSITIVE
7681230,0.962590772,FALSE_POSITIVE
7596240,13.3997555,CANDIDATE
7661893,2.49385348,CANDIDATE
3448456,0.776950288,FALSE_POSITIVE
12107008,5.93725628,FALSE_POSITIVE
9776794,18.22211768,CANDIDATE
7427764,4.56383697,CANDIDATE
7673192,16.5340022,CANDIDATE
4754831,55.119831,FALSE_POSITIVE
4754831,25.6416117,FALSE_POSITIVE
9899630,1.33258455,FALSE_POSITIVE
4367528,350.81029,FALSE_POSITIVE
8416523,0.341842017,CANDIDATE
11124436,13.9482197,CANDIDATE
5780855,5.67577999,CANDIDATE
3751231,0.570953851,FALSE_POSITIVE
9491832,49.564693,CANDIDATE
7816665,4.29258258,FALSE_POSITIVE
9535881,0.960842633,FALSE_POSITIVE
11616596,14.5893928,FALSE_POSITIVE
9872831,5.49548533,CANDIDATE
2852941,2.89494709,CANDIDATE
8508126,0.980505042,FALSE_POSITIVE
12306058,20.4853893,CANDIDATE
8507475,3.58273837,CANDIDATE
8773015,15.604841,CANDIDATE
4754831,75.681309,FALSE_POSITIVE
10647452,0.762950224,CANDIDATE
3531231,62.060783,FALSE_POSITIVE
4773392,170.995748,CANDIDATE
5471489,12.4252735,FALSE_POSITIVE
5471489,39.2820405,FALSE_POSITIVE
9011874,361.54561249,FALSE_POSITIVE
9936080,19.5650801,CANDIDATE
9936080,355.79978,FALSE_POSITIVE
8611344,410.99389,FALSE_POSITIVE
9518651,2.17823752,FALSE_POSITIVE
2305311,1.404674486,FALSE_POSITIVE
6383595,24.9097436,FALSE_POSITIVE
11080405,12.3101351,CANDIDATE
11509504,2.61576515,CANDIDATE
6599949,409.2452,FALSE_POSITIVE
11611275,6.94245216,CANDIDATE
6290935,5.53312006,CANDIDATE
12734396,200.721168,CANDIDATE
11612280,9.4061364,CANDIDATE
5536715,0.935086665,FALSE_POSITIVE
8149484,1.489457454,FALSE_POSITIVE
12407623,1.181165291,FALSE_POSITIVE
11444514,66.373298,CANDIDATE
9886361,13.61165024,CANDIDATE
9702006,6.24564633,CANDIDATE
6778008,0.945829261,FALSE_POSITIVE
8278685,10.8614163,CANDIDATE
8308260,0.973160836,FALSE_POSITIVE
8492101,4.05943749,FALSE_POSITIVE
6103377,7.03965141,CANDIDATE
3660581,4.72519164,CANDIDATE
6343576,6.39903778,FALSE_POSITIVE
10794974,66.6434565,CANDIDATE
2449101,0.739761008,FALSE_POSITIVE
7259249,0.950735805,FALSE_POSITIVE
8678691,369.819993,FALSE_POSITIVE
9640924,2.17815935,FALSE_POSITIVE
3558849,160.850075,CANDIDATE
11151677,0.720460644,FALSE_POSITIVE
11037128,3.7948721,FALSE_POSITIVE
6587002,122.0804953,CANDIDATE
5175024,6.2614227,CANDIDATE
10991114,3.70386741,CANDIDATE
11969092,0.638437699,FALSE_POSITIVE
2570773,1.8912851,FALSE_POSITIVE
4945764,19.8751355,CANDIDATE
6356885,343.42046,FALSE_POSITIVE
3542542,3.47148164,FALSE_POSITIVE
11718389,5.94373492,CANDIDATE
11124703,244.60373,FALSE_POSITIVE
10329196,85.7567919,CANDIDATE
10604592,2.18660188,CANDIDATE
9834731,7.2929891,CANDIDATE
9593773,3.1339356,FALSE_POSITIVE
9285568,2.55315031,CANDIDATE
7604328,2.936587946,CANDIDATE
9514372,145.786556,CANDIDATE
9777757,1.33254212,FALSE_POSITIVE
7103919,10.7769944,CANDIDATE
3762750,2.5093344,CANDIDATE
8645191,0.918921494,FALSE_POSITIVE
10722485,7.84931877,CANDIDATE
9717958,67.7125988,FALSE_POSITIVE
8128067,12.4285576,FALSE_POSITIVE
7703910,1.275511306,FALSE_POSITIVE
7777818,5.78159956,FALSE_POSITIVE
9851360,8.4805019,FALSE_POSITIVE
9886361,24.5607107,CANDIDATE
6937529,2.94648935,CANDIDATE
9490653,1.227986164,FALSE_POSITIVE
3328027,2.11548883,FALSE_POSITIVE
3644631,358.96247,FALSE_POSITIVE
9640931,2.17815196,FALSE_POSITIVE
5125196,342.315407,FALSE_POSITIVE
9640962,1.089077224,FALSE_POSITIVE
5097454,1.288066288,FALSE_POSITIVE
12737015,24.6683831,CANDIDATE
3663141,2.31894284,FALSE_POSITIVE
5177859,6.98472143,CANDIDATE
8482059,349.41047,CANDIDATE
4568117,0.562563871,FALSE_POSITIVE
10342248,0.93373458,FALSE_POSITIVE
9777290,1.33251948,FALSE_POSITIVE
8548427,168.84663,FALSE_POSITIVE
9286088,14.8162925,CANDIDATE
6289344,160.4122022,FALSE_POSITIVE
6937529,3.98167088,CANDIDATE
9883606,4.34195312,CANDIDATE
5860968,122.358116,CANDIDATE
3645438,7.298142,CANDIDATE
8480582,18.5010898,CANDIDATE
5197233,7.016016,CANDIDATE
10936786,0.569961046,FALSE_POSITIVE
7119481,42.068554,CANDIDATE
6938264,1.121634781,FALSE_POSITIVE
9899315,1.33256979,FALSE_POSITIVE
9541089,0.536650896,FALSE_POSITIVE
3650049,397.73699,FALSE_POSITIVE
9641076,2.17818699,FALSE_POSITIVE
8741470,6.23968392,CANDIDATE
11125613,3.60082855,CANDIDATE
10525049,15.5714121,CANDIDATE
9896018,3.59645081,CANDIDATE
5095082,20.6579443,CANDIDATE
12418891,0.760941405,FALSE_POSITIVE
3839294,137.665706,FALSE_POSITIVE
7698701,370.90237,FALSE_POSITIVE
7698701,321.55087,FALSE_POSITIVE
2830919,1.54038914,FALSE_POSITIVE
9588822,71.76236302,FALSE_POSITIVE
2997459,16.3368863,CANDIDATE
8330207,1.63668262,CANDIDATE
5881813,11.615625,CANDIDATE
11560897,110.978266,CANDIDATE
10858737,0.952378454,FALSE_POSITIVE
6752002,6.08003714,CANDIDATE
7257966,3.035206175,CANDIDATE
3644738,358.96844,FALSE_POSITIVE
9406892,2.21316437,FALSE_POSITIVE
9202434,173.2578372,CANDIDATE
8487645,0.530967987,FALSE_POSITIVE
10407482,6.30558387,CANDIDATE
5817613,4.2058608,FALSE_POSITIVE
7901016,41.6757509,CANDIDATE
5385410,11.49589567,CANDIDATE
9910942,8.4803326,FALSE_POSITIVE
7749002,0.609926502,CANDIDATE
10924340,0.750744255,FALSE_POSITIVE
5371777,0.991659646,CANDIDATE
3848083,8.4795266,CANDIDATE
6359926,49.4746966,CANDIDATE
6629993,118.609553,FALSE_POSITIVE
8324518,1.62888267,CANDIDATE
10427700,0.616386349,FALSE_POSITIVE
3103473,1.920062587,CANDIDATE
11296045,88.91323139,FALSE_POSITIVE
3124598,7.07162308,FALSE_POSITIVE
6879171,6.96352699,CANDIDATE
9897364,64.2729088,CANDIDATE
12505503,3.4327371,CANDIDATE
3548639,13.8452726,FALSE_POSITIVE
4390912,0.687506554,FALSE_POSITIVE
7115925,0.566801617,FALSE_POSITIVE
5785279,0.909127736,CANDIDATE
7429287,371.63327,FALSE_POSITIVE
10526887,1.450889836,CANDIDATE
11125613,5.72716067,CANDIDATE
3545583,407.59415,FALSE_POSITIVE
9896018,10.30148508,CANDIDATE
12456063,17.8007815,CANDIDATE
8374741,358.101884,FALSE_POSITIVE
5096053,1.717859841,CANDIDATE
11296045,46.0771501,FALSE_POSITIVE
11296045,42.62423329,FALSE_POSITIVE
3247503,0.447861451,FALSE_POSITIVE
5802637,7.3422467,CANDIDATE
5531694,8.1134681,CANDIDATE
8733898,3.036208739,CANDIDATE
9828127,18.0541469,CANDIDATE
7107802,5.4675514,CANDIDATE
4281068,1.01530474,FALSE_POSITIVE
9092496,94.180473,FALSE_POSITIVE
5644412,1.538185321,CANDIDATE
9959545,1.332567643,FALSE_POSITIVE
9641144,1.089076495,FALSE_POSITIVE
8572168,1.662710314,FALSE_POSITIVE
4472143,472.071079,FALSE_POSITIVE
12509829,0.888478095,CANDIDATE
7368137,2.18242002,FALSE_POSITIVE
9027841,0.503999678,FALSE_POSITIVE
8953414,2.66588544,FALSE_POSITIVE
2576962,309.25581,CANDIDATE
10140274,2.44232399,CANDIDATE
10730070,7.61758198,CANDIDATE
4458109,41.477908,FALSE_POSITIVE
8345384,42.1003351,CANDIDATE
2831055,2.20923119,CANDIDATE
11044826,260.54832,FALSE_POSITIVE
6681687,370.47678,FALSE_POSITIVE
7703882,5.88350251,CANDIDATE
8179190,0.662457501,FALSE_POSITIVE
9777724,1.33258458,FALSE_POSITIVE
9072639,1.182862515,CANDIDATE
5340878,0.539915033,CANDIDATE
10273903,372.54353,FALSE_POSITIVE
7450747,2.20829637,CANDIDATE
7826620,0.849906734,CANDIDATE
8890924,26.6565737,CANDIDATE
8890924,4.4408541,CANDIDATE
8483241,373.72257,FALSE_POSITIVE
8573193,8.18504859,CANDIDATE
9240664,10.78438513,FALSE_POSITIVE
7673841,10.42317343,CANDIDATE
7281411,0.566804221,FALSE_POSITIVE
6528141,2.022658,FALSE_POSITIVE
8106112,316.57747,FALSE_POSITIVE
4054784,1.8679943,CANDIDATE
10745365,8.9172863,CANDIDATE
5563937,0.519437968,FALSE_POSITIVE
8396660,1.33807075,CANDIDATE
10736179,1.105095798,FALSE_POSITIVE
6119921,245.01902,FALSE_POSITIVE
5084171,153.979362,CANDIDATE
4141587,10.2239787,FALSE_POSITIVE
11968463,56.4148314,CANDIDATE
3834317,2.18079098,FALSE_POSITIVE
10593535,20.9254083,CANDIDATE
5959719,13.0600399,CANDIDATE
5992210,0.641069613,FALSE_POSITIVE
4284980,2.2430415,FALSE_POSITIVE
9302543,1.21475168,FALSE_POSITIVE
9716028,17.3731821,CANDIDATE
6223324,1.97507424,CANDIDATE
9701962,27.4784659,CANDIDATE
6685646,244.86662,FALSE_POSITIVE
4574319,1.30627214,FALSE_POSITIVE
7741837,62.366706,FALSE_POSITIVE
11137065,0.933732791,FALSE_POSITIVE
11093335,53.106597,FALSE_POSITIVE
9394768,360.15417,FALSE_POSITIVE
9773980,3.3879165,CANDIDATE
10972902,1.42856815,FALSE_POSITIVE
3832474,381.850599,FALSE_POSITIVE
12004971,10.81315417,FALSE_POSITIVE
3644602,359.08368,FALSE_POSITIVE
10467714,58.7488629,CANDIDATE
11912941,3.74784374,FALSE_POSITIVE
4141593,64.740274,CANDIDATE
7778427,5.38299284,CANDIDATE
6525106,1.71028117,FALSE_POSITIVE
6523058,2.0481582,CANDIDATE
5977470,140.251943,CANDIDATE
11769689,14.7179342,CANDIDATE
4355503,0.570828503,FALSE_POSITIVE
6119923,134.4665,FALSE_POSITIVE
6126076,0.909314811,FALSE_POSITIVE
11284772,207.24785,CANDIDATE
9209183,186.55347,FALSE_POSITIVE
6153407,5.99078221,CANDIDATE
5955621,14.0801852,FALSE_POSITIVE
11519187,2.440839436,CANDIDATE
8417078,23.6223571,CANDIDATE
9457948,19.2527652,CANDIDATE
4852297,3.28931936,FALSE_POSITIVE
9851845,1.08195208,FALSE_POSITIVE
9474483,0.512583041,FALSE_POSITIVE
4072271,219.20579,CANDIDATE
9898017,2.29794819,CANDIDATE
8613218,368.11581,FALSE_POSITIVE
8548069,368.52466,FALSE_POSITIVE
6278762,4.54586982,CANDIDATE
8098212,3.48754109,CANDIDATE
3127911,0.542498653,FALSE_POSITIVE
6369131,8.0772455,CANDIDATE
7820699,364.08733,CANDIDATE
10399321,21.5819776,FALSE_POSITIVE
10257229,5.75651958,CANDIDATE
3539231,91.95723,CANDIDATE
6311891,7.51731745,CANDIDATE
7837733,3.08723626,FALSE_POSITIVE
2578017,0.592562969,FALSE_POSITIVE
7834045,44.6966177,CANDIDATE
10663738,8.5275894,CANDIDATE
7891294,3.07714195,CANDIDATE
9413156,3.83488354,CANDIDATE
8625732,31.97181,FALSE_POSITIVE
2831251,5.81289843,FALSE_POSITIVE
6721380,6.44173995,FALSE_POSITIVE
7694615,0.631106722,FALSE_POSITIVE
6201203,176.17377,FALSE_POSITIVE
4556468,114.336052,CANDIDATE
9222516,0.63938062,FALSE_POSITIVE
5431027,8.8233996,CANDIDATE
7285673,0.566801045,FALSE_POSITIVE
5282437,0.992799002,FALSE_POSITIVE
7747457,1.5184181,CANDIDATE
8652360,0.96807117,FALSE_POSITIVE
9602421,3.55661906,FALSE_POSITIVE
6070337,40.0691482,CANDIDATE
5954001,11.6933447,CANDIDATE
4373195,0.56256804,FALSE_POSITIVE
5090937,8.79991878,FALSE_POSITIVE
8196226,4.02745396,CANDIDATE
9002538,4.96061094,CANDIDATE
6359175,349.03703,FALSE_POSITIVE
8104207,177.8135,FALSE_POSITIVE
5642688,1.4733245,CANDIDATE
10026502,101.952048,CANDIDATE
3953173,2.41795911,FALSE_POSITIVE
8037926,183.854867,FALSE_POSITIVE
5552562,5.93218209,CANDIDATE
6186182,96.384483,CANDIDATE
4073017,6.05552018,CANDIDATE
9002278,12.4418003,CANDIDATE
10585749,54.333582,CANDIDATE
9579208,4.11754421,CANDIDATE
6437617,293.60581,FALSE_POSITIVE
8453851,2.78801663,FALSE_POSITIVE
11650401,3.94660745,CANDIDATE
9873759,4.99473798,FALSE_POSITIVE
9773270,122.749053,CANDIDATE
9457728,4.37992345,CANDIDATE
9516728,368.48518,FALSE_POSITIVE
4825872,169.894419,FALSE_POSITIVE
4680772,26.190289,FALSE_POSITIVE
8110733,203.511886,FALSE_POSITIVE
2303903,3.70858595,CANDIDATE
9278216,9.4527721,CANDIDATE
8355131,4.3638313,CANDIDATE
6278762,6.18943952,CANDIDATE
12645057,6.83006228,CANDIDATE
4844367,17.1622587,CANDIDATE
10937749,5.19898615,CANDIDATE
9100953,8.70179611,CANDIDATE
8332521,14.74426,CANDIDATE
10407086,0.933747395,FALSE_POSITIVE
4073089,58.873429,FALSE_POSITIVE
6065351,14.1166583,FALSE_POSITIVE
4060229,35.0175053,CANDIDATE
6761777,47.3128645,CANDIDATE
4825872,29.6990126,FALSE_POSITIVE
9412623,6.1082945,CANDIDATE
3644505,119.72007,FALSE_POSITIVE
4664743,1.27839331,FALSE_POSITIVE
4735826,7.545922037,CANDIDATE
6593734,0.58675746,FALSE_POSITIVE
8443527,22.599501,CANDIDATE
9711297,373.74856,FALSE_POSITIVE
8395860,20.8822079,FALSE_POSITIVE
7778621,7.28171395,CANDIDATE
5956354,8.0386699,FALSE_POSITIVE
9100953,44.9851885,CANDIDATE
8109107,6.67410577,FALSE_POSITIVE
6200529,374.92478,FALSE_POSITIVE
10907132,5.89089509,CANDIDATE
6520753,4.13029832,CANDIDATE
6929285,4.60690612,FALSE_POSITIVE
4848321,1.50178705,FALSE_POSITIVE
12255382,0.499664962,FALSE_POSITIVE
6522745,17.4453935,FALSE_POSITIVE
9893468,201.325036,CANDIDATE
11655826,5.59346375,CANDIDATE
1721157,3.44928111,CANDIDATE
11076276,1.4725859,FALSE_POSITIVE
12012439,2.97607935,FALSE_POSITIVE
9947653,37.9043889,CANDIDATE
4374610,1.44438449,FALSE_POSITIVE
9002538,6.88297756,CANDIDATE
5253802,8.7963166,CANDIDATE
12554634,2.049602348,CANDIDATE
6264750,53.285584,CANDIDATE
11290515,5.8943338,CANDIDATE
6520753,8.119343,CANDIDATE
6278762,7.74347801,CANDIDATE
8493354,18.0071438,CANDIDATE
4545570,5.60473115,CANDIDATE
7598111,132.778041,FALSE_POSITIVE
5457326,2.49915311,CANDIDATE
8240746,184.568,FALSE_POSITIVE
10610039,105.997107,CANDIDATE
9652655,2.48882685,FALSE_POSITIVE
10140843,367.19796,FALSE_POSITIVE
8628761,6.30432354,CANDIDATE
10473272,17.6604653,FALSE_POSITIVE
4750669,3.38419892,CANDIDATE
9824928,1.69999106,FALSE_POSITIVE
6717252,1.19260017,CANDIDATE
5817685,4.2059745,FALSE_POSITIVE
4902202,216.456055,CANDIDATE
7282042,0.566803216,FALSE_POSITIVE
7523542,365.13981,FALSE_POSITIVE
3109937,37.809539,FALSE_POSITIVE
9386171,381.18654,FALSE_POSITIVE
11350118,12.003678,CANDIDATE
11671579,5.17624997,CANDIDATE
11553598,370.62071,FALSE_POSITIVE
12069414,0.589458602,FALSE_POSITIVE
9216775,3.91794676,CANDIDATE
2572029,6.0059966,CANDIDATE
7905106,4.22426989,CANDIDATE
9007151,330.906041,CANDIDATE
4450844,56.3479517,CANDIDATE
8443265,0.614701901,FALSE_POSITIVE
3240406,0.934181579,FALSE_POSITIVE
11181260,19.9778599,CANDIDATE
5090803,379.65261,FALSE_POSITIVE
2558163,17.543847,CANDIDATE
8107611,3.8183717,CANDIDATE
8377197,1.215181097,FALSE_POSITIVE
6137779,21.5324915,FALSE_POSITIVE
11913072,3.74779583,FALSE_POSITIVE
8752940,9.07829171,CANDIDATE
9083470,0.91842238,FALSE_POSITIVE
5783732,373.43233,FALSE_POSITIVE
6278762,9.74048508,CANDIDATE
7900100,397.73781,FALSE_POSITIVE
9849884,5.35745121,FALSE_POSITIVE
11243547,2.16132662,FALSE_POSITIVE
4384909,6.41097179,CANDIDATE
9009036,6.76289308,CANDIDATE
11506654,75.2116373,CANDIDATE
5687700,6.36283414,CANDIDATE
8806985,7.53737498,CANDIDATE
10491525,1.09844642,FALSE_POSITIVE
3859042,25.94947,FALSE_POSITIVE
6527078,7.57600886,CANDIDATE
4946049,1.8789138,FALSE_POSITIVE
2857607,41.8681996,CANDIDATE
5559651,0.514771509,FALSE_POSITIVE
5962262,8.61742738,CANDIDATE
5437348,35.945188,FALSE_POSITIVE
8429668,5.00749378,FALSE_POSITIVE
7429240,196.436796,CANDIDATE
10120548,8.8303681,CANDIDATE
4474462,12.85755895,CANDIDATE
7032001,0.566810643,FALSE_POSITIVE
4141593,33.502923,CANDIDATE
10003058,148.568877,CANDIDATE
9031703,9.3335486,CANDIDATE
6199864,262.477098,FALSE_POSITIVE
9577855,2.21030572,FALSE_POSITIVE
12204137,9.54060855,CANDIDATE
4386607,5.99321872,FALSE_POSITIVE
5389956,1.80926734,CANDIDATE
12108364,0.70544189,FALSE_POSITIVE
8295671,0.981399749,FALSE_POSITIVE
10662202,5.04413987,CANDIDATE
10407210,0.933728755,FALSE_POSITIVE
7457278,12.607591424,FALSE_POSITIVE
3934657,5.3694084,CANDIDATE
7515336,5.65690281,CANDIDATE
8984755,0.734573766,FALSE_POSITIVE
7366895,289.86046,FALSE_POSITIVE
10729472,357.13089,FALSE_POSITIVE
6200612,370.50684,FALSE_POSITIVE
9777200,1.332580225,FALSE_POSITIVE
3557560,7.4299322,CANDIDATE
12109267,79.334347,CANDIDATE
8700895,5.68251605,CANDIDATE
5003670,7.99144696,CANDIDATE
5200084,2.9039446,FALSE_POSITIVE
4144873,68.538296,FALSE_POSITIVE
5003670,4.52628739,CANDIDATE
9171886,369.7985,FALSE_POSITIVE
3337061,6.5588346,FALSE_POSITIVE
5696918,0.643007769,FALSE_POSITIVE
12265786,0.597018404,CANDIDATE
8487838,1.061937837,FALSE_POSITIVE
10873178,4.82025124,CANDIDATE
11337012,12.4019263,CANDIDATE
8359569,152.823896,CANDIDATE
8937762,15.07277287,FALSE_POSITIVE
2720828,1.71659304,FALSE_POSITIVE
9837828,6.80899076,CANDIDATE
4857058,77.915425,CANDIDATE
8652577,358.818895,FALSE_POSITIVE
8804937,181.3537,FALSE_POSITIVE
9947389,284.727213,CANDIDATE
11912987,3.74786694,FALSE_POSITIVE
3765917,30.5392931,CANDIDATE
4136659,0.913244995,FALSE_POSITIVE
3438976,2.97599368,FALSE_POSITIVE
7833305,8.31224474,CANDIDATE
6610064,0.584148495,FALSE_POSITIVE
12647577,12.6362048,CANDIDATE
5476671,0.824180121,FALSE_POSITIVE
7335972,0.579770948,FALSE_POSITIVE
4252671,23.266633,CANDIDATE
2694632,0.92225589,FALSE_POSITIVE
11153476,7.94004281,CANDIDATE
6144039,2.85855049,CANDIDATE
5428471,0.75499096,FALSE_POSITIVE
7283710,353.40191,FALSE_POSITIVE
5985713,8.95294046,CANDIDATE
10794509,1.428596987,FALSE_POSITIVE
6839010,4.84350003,CANDIDATE
9775385,45.163025,CANDIDATE
6197344,36.7614011,CANDIDATE
11357664,4.373570433,CANDIDATE
2576224,2.21701025,FALSE_POSITIVE
3967501,43.0759115,FALSE_POSITIVE
7272132,154.674369,CANDIDATE
6437226,372.62637,FALSE_POSITIVE
2710623,1.02087831,FALSE_POSITIVE
3330684,1.26132769,FALSE_POSITIVE
2696703,6.09406648,FALSE_POSITIVE
7699298,1.1578141,FALSE_POSITIVE
8430053,15.9513866,CANDIDATE
7115661,0.566800926,FALSE_POSITIVE
2853889,24.1876477,FALSE_POSITIVE
12458605,7.7859111,CANDIDATE
4845862,2.44926655,FALSE_POSITIVE
10130057,2.17812826,FALSE_POSITIVE
4953173,31.183688,CANDIDATE
9838608,1.33259494,FALSE_POSITIVE
4247811,2.05048377,FALSE_POSITIVE
6543645,1.19550618,FALSE_POSITIVE
5352640,2.94242323,CANDIDATE
8738244,0.683082998,FALSE_POSITIVE
4157052,0.791771167,FALSE_POSITIVE
10006641,0.894172544,FALSE_POSITIVE
10815916,1.68207624,FALSE_POSITIVE
3547760,9.8480917,FALSE_POSITIVE
7281484,0.566800593,FALSE_POSITIVE
4848115,0.969602551,FALSE_POSITIVE
4048898,13.0914878,CANDIDATE
5991765,9.25801294,FALSE_POSITIVE
3962872,25.9554044,FALSE_POSITIVE
11912911,3.74788208,FALSE_POSITIVE
7045435,0.93479255,FALSE_POSITIVE
2972800,361.43653,FALSE_POSITIVE
8573168,0.89628253,FALSE_POSITIVE
10801249,1.67495622,FALSE_POSITIVE
4587135,54.0812235,CANDIDATE
3857860,8.2344072,FALSE_POSITIVE
5024252,2.15052332,FALSE_POSITIVE
7430876,32.6122381,FALSE_POSITIVE
4843592,0.967073359,FALSE_POSITIVE
9602775,3.5564279,FALSE_POSITIVE
8955709,0.942997994,FALSE_POSITIVE
7031430,0.566796775,FALSE_POSITIVE
7133294,13.6471211,CANDIDATE
4381429,16.473474,CANDIDATE
11912916,3.74788322,FALSE_POSITIVE
12108293,0.705455349,FALSE_POSITIVE
5301093,488.67353,FALSE_POSITIVE
5511659,8.5291223,CANDIDATE
9640946,1.08906057,FALSE_POSITIVE
9776186,1.48922187,FALSE_POSITIVE
9752973,0.716709761,FALSE_POSITIVE
8044600,4.1083812,FALSE_POSITIVE
10220837,1.962282625,CANDIDATE
10991239,0.523629052,FALSE_POSITIVE
7583650,6.4546845,CANDIDATE
9345819,1.04588635,FALSE_POSITIVE
9180566,51.31346091,FALSE_POSITIVE
3867794,0.494247662,CANDIDATE
5819801,11.8299383,CANDIDATE
11092040,419.92898,FALSE_POSITIVE
4851145,1.23521458,FALSE_POSITIVE
10292540,1.085229874,FALSE_POSITIVE
3732894,1.540379557,FALSE_POSITIVE
6276791,5.30179786,CANDIDATE
6278762,3.60011712,CANDIDATE
6276791,9.32867952,CANDIDATE
8636600,6.38671206,CANDIDATE
10220950,158.348345,FALSE_POSITIVE
10140122,0.849362238,CANDIDATE
5033823,0.741768294,CANDIDATE
10342316,0.93376962,FALSE_POSITIVE
5305399,322.48381,FALSE_POSITIVE
3223433,61.083322,CANDIDATE
8803757,3.5944891,CANDIDATE
12021811,0.739404894,FALSE_POSITIVE
9479306,4.8608059,CANDIDATE
5437762,4.04481159,CANDIDATE
3962684,25.949641315,FALSE_POSITIVE
4730442,1.71051215,FALSE_POSITIVE
9447166,62.869463,CANDIDATE
9643043,84.8062818,FALSE_POSITIVE
8151055,29.9632816,CANDIDATE
7177555,17.99643716,FALSE_POSITIVE
3348082,11.63486009,CANDIDATE
4996057,4.8302364,CANDIDATE
8349399,56.446465,CANDIDATE
6043562,31.4202111,CANDIDATE
10615440,10.8118317,CANDIDATE
4919550,5.56676609,CANDIDATE
5802292,1.208528832,FALSE_POSITIVE
5126932,208.18711785,FALSE_POSITIVE
10034146,0.93198504,FALSE_POSITIVE
4175105,0.60818508,FALSE_POSITIVE
5645170,5.38613715,CANDIDATE
8216763,13.2965044,CANDIDATE
9110610,21.8420304,CANDIDATE
2437897,1.65320144,FALSE_POSITIVE
9307966,3.37487541,FALSE_POSITIVE
5556726,0.962825082,FALSE_POSITIVE
2554853,309.494217,FALSE_POSITIVE
5208962,0.876850385,CANDIDATE
7889486,24.2382519,FALSE_POSITIVE
7889486,24.2416103,FALSE_POSITIVE
4742188,413.51856,CANDIDATE
8301878,20.7106368,CANDIDATE
8233802,69.3788597,FALSE_POSITIVE
7510820,29.3493852,CANDIDATE
10221505,3.43633133,CANDIDATE
6116035,449.57274,FALSE_POSITIVE
8958359,245.059374,FALSE_POSITIVE
11658036,142.703888,CANDIDATE
8397947,3.38080537,CANDIDATE
6665860,10.4716194,CANDIDATE
7983117,11.49500229,CANDIDATE
5480884,0.708726708,FALSE_POSITIVE
12506417,283.72675,FALSE_POSITIVE
10187563,373.60683,FALSE_POSITIVE
5769810,6.78788113,CANDIDATE
12071754,5.47455167,CANDIDATE
10384298,3.43861067,CANDIDATE
3109550,4.8754765,CANDIDATE
5544450,4.29388808,FALSE_POSITIVE
9307105,13.5437884,FALSE_POSITIVE
6880517,65.6491001,CANDIDATE
6615511,25.1593389,CANDIDATE
6131130,10.5071781,CANDIDATE
3632089,31.7787564,CANDIDATE
4742452,5.4398033,CANDIDATE
9959494,1.332568744,FALSE_POSITIVE
8397947,9.0194714,CANDIDATE
7906892,8.8493948,CANDIDATE
4277304,51.567801,CANDIDATE
8626325,16.4491515,CANDIDATE
3098605,0.428046051,CANDIDATE
11456405,0.814278961,FALSE_POSITIVE
8320630,19.254536,CANDIDATE
4544684,2.1890751,FALSE_POSITIVE
9005321,384.6961,CANDIDATE
8975368,2.42649862,FALSE_POSITIVE
9291039,8.80854183,FALSE_POSITIVE
5168498,219.74735,FALSE_POSITIVE
10489539,19.7639874,FALSE_POSITIVE
9569711,6.05919881,CANDIDATE
12314973,7.5143967,CANDIDATE
3348082,33.1981761,CANDIDATE
3632089,5.32784157,CANDIDATE
5563300,71.05457555,CANDIDATE
12253769,20.5512722,CANDIDATE
12735830,31.827649,CANDIDATE
8054719,7.5861587,CANDIDATE
6592335,0.824000125,CANDIDATE
5651829,0.772152075,FALSE_POSITIVE
4762283,42.049523793,CANDIDATE
9094763,1.08469871,FALSE_POSITIVE
3849187,6.60180003,CANDIDATE
2976017,3.19938075,CANDIDATE
6786224,3.04185157,CANDIDATE
10338279,5.660274452,FALSE_POSITIVE
4851239,1.23512429,FALSE_POSITIVE
5009688,1.381257093,FALSE_POSITIVE
11072016,1.89873195,CANDIDATE
3245969,11.39110963,CANDIDATE
10057494,2.41810158,CANDIDATE
7902003,7.13044117,CANDIDATE
6587796,33.4203001,CANDIDATE
9489953,58.3437362,FALSE_POSITIVE
5305240,1.070982122,FALSE_POSITIVE
11905409,18.0939004,CANDIDATE
9571186,34.9524256,CANDIDATE
9838060,23.81578356,FALSE_POSITIVE
8554701,31.1748311,CANDIDATE
5389632,0.474811162,FALSE_POSITIVE
9031209,47.0568476,CANDIDATE
5951416,367.73299,FALSE_POSITIVE
5612697,15.1516409,CANDIDATE
8973285,7.4213444,CANDIDATE
4645833,0.743495989,FALSE_POSITIVE
8940918,1.405887031,FALSE_POSITIVE
3758922,17.7412303,CANDIDATE
8360041,2.63527677,CANDIDATE
9827596,1.45728997,FALSE_POSITIVE
9782748,147.388124,CANDIDATE
2860656,4.11497357,CANDIDATE
6206559,1.245331397,FALSE_POSITIVE
5024429,1.52593737,FALSE_POSITIVE
9532117,8.21429932,FALSE_POSITIVE
6928906,1.54945486,FALSE_POSITIVE
9821151,8.42943991,FALSE_POSITIVE
8073705,10.60052083,CANDIDATE
8330548,0.9570701,FALSE_POSITIVE
4271474,21.8634638,CANDIDATE
5130983,86.4392931,FALSE_POSITIVE
11497958,63.3354719,CANDIDATE
11093538,14.77820911,FALSE_POSITIVE
11044779,15.60862948,FALSE_POSITIVE
6438379,389.14115,FALSE_POSITIVE
9145415,365.78863,FALSE_POSITIVE
4545926,2.4826619,FALSE_POSITIVE
9396760,2.17811908,FALSE_POSITIVE
5119619,1.11205787,FALSE_POSITIVE
9582496,224.447413,FALSE_POSITIVE
7094944,7.5019743,CANDIDATE
3343281,21.8660922,FALSE_POSITIVE
2573108,5.09506,FALSE_POSITIVE
6425597,29.1206519,CANDIDATE
9885417,0.689967868,CANDIDATE
3336476,1.89132292,FALSE_POSITIVE
10917433,6.91261536,CANDIDATE
5091479,25.8616058,CANDIDATE
9083564,0.918420801,FALSE_POSITIVE
7335713,0.573709256,FALSE_POSITIVE
8331612,13.8353959,CANDIDATE
8874090,18.9060921,CANDIDATE
8331612,25.6970688,CANDIDATE
5185765,46.9434911,FALSE_POSITIVE
5965819,19.5906103,CANDIDATE
5965819,8.23983041,CANDIDATE
8328916,6.07855,CANDIDATE
11294883,427.65334,FALSE_POSITIVE
3832474,412.041857,FALSE_POSITIVE
10155029,2.131660527,CANDIDATE
11618569,5.75902182,CANDIDATE
11973517,0.903763067,CANDIDATE
5471566,0.9628348,FALSE_POSITIVE
7345248,5.66494448,CANDIDATE
5814013,1.57017249,FALSE_POSITIVE
7117355,0.566798364,FALSE_POSITIVE
5653072,3.22452656,FALSE_POSITIVE
2707985,1.89127438,FALSE_POSITIVE
9899141,1.33256944,FALSE_POSITIVE
8183288,66.6504521,CANDIDATE
11305996,55.7002642,FALSE_POSITIVE
5965819,3.54553077,CANDIDATE
6690171,85.0624157,CANDIDATE
6859801,10.882416555,FALSE_POSITIVE
7767733,25.19830439,FALSE_POSITIVE
5193659,14.3196417,CANDIDATE
5201593,0.50727675,FALSE_POSITIVE
6220312,5.2736268,CANDIDATE
6358937,24.5041103,CANDIDATE
9007609,1.316398648,FALSE_POSITIVE
11038580,419.4596,FALSE_POSITIVE
7771181,9.97202023,CANDIDATE
9509223,14.2005007,FALSE_POSITIVE
6720773,1.318347743,FALSE_POSITIVE
8056651,5.5834987,FALSE_POSITIVE
4665991,1.12401084,FALSE_POSITIVE
10191036,1.21374652,FALSE_POSITIVE
8280511,5.24970432,CANDIDATE
10420301,45.4333769,FALSE_POSITIVE
4366323,40.3511707,CANDIDATE
2853029,72.9332762,CANDIDATE
12156174,56.6746666,CANDIDATE
4634135,63.9005941,FALSE_POSITIVE
6955671,12.6878176,CANDIDATE
5097856,483.36405,CANDIDATE
4736644,16.2951259,CANDIDATE
5876805,18.173045009,FALSE_POSITIVE
5818068,14.12678065,FALSE_POSITIVE
10139390,358.56462,FALSE_POSITIVE
8278073,12.0729757,CANDIDATE
5273713,1.337561836,FALSE_POSITIVE
3526331,2.23755641,FALSE_POSITIVE
10810859,82.401274,CANDIDATE
7017274,11.91256675,CANDIDATE
6767227,4.08197713,CANDIDATE
11496490,1.035268597,FALSE_POSITIVE
1430305,359.3259,FALSE_POSITIVE
7117549,0.566805268,FALSE_POSITIVE
2986833,0.912179022,CANDIDATE
12055539,12.27057043,CANDIDATE
12056139,13.2274753,CANDIDATE
11853130,76.87935893,CANDIDATE
4774646,0.559517155,FALSE_POSITIVE
9345933,13.0151826,CANDIDATE
10030778,29.47316279,FALSE_POSITIVE
7870282,0.580725004,FALSE_POSITIVE
11153259,1.94468659,FALSE_POSITIVE
9021075,7.28116667,CANDIDATE
5783938,383.10017,FALSE_POSITIVE
11338056,2.87998334,CANDIDATE
3445812,0.605556082,FALSE_POSITIVE
4473613,4.36125889,CANDIDATE
10676750,21.08678557,CANDIDATE
8960918,1.19087362,FALSE_POSITIVE
4647662,1.06484622,FALSE_POSITIVE
9822284,0.969824139,FALSE_POSITIVE
8940700,190.60563,FALSE_POSITIVE
9581589,5.19206571,CANDIDATE
11804437,449.01499,CANDIDATE
9850966,8.480305,FALSE_POSITIVE
8747009,410.11676,FALSE_POSITIVE
8826007,54.5091549,CANDIDATE
8280511,17.4532945,CANDIDATE
8620402,14.1959621,CANDIDATE
8379021,11.52482874,FALSE_POSITIVE
8104030,46.84008579,FALSE_POSITIVE
4813793,6.70242786,CANDIDATE
5282477,0.992798625,FALSE_POSITIVE
7266212,7.79534033,CANDIDATE
6681546,186.72243,FALSE_POSITIVE
6421137,118.4039,FALSE_POSITIVE
9893278,182.281992,FALSE_POSITIVE
9419020,2.40174996,CANDIDATE
4548162,10.0102876,FALSE_POSITIVE
4270799,115.238544,CANDIDATE
8811490,21.7434141,CANDIDATE
7293937,1.366964704,FALSE_POSITIVE
8043721,0.77957913,FALSE_POSITIVE
7985733,0.544561598,FALSE_POSITIVE
8094120,5.6795377,CANDIDATE
6522824,17.4453133,FALSE_POSITIVE
6802536,2.9788702,FALSE_POSITIVE
4750341,1.97515457,FALSE_POSITIVE
9935642,9.33955596,CANDIDATE
6612327,21.993112,FALSE_POSITIVE
7285757,19.5489666,CANDIDATE
7285757,7.41834569,CANDIDATE
5211922,27.6853358,FALSE_POSITIVE
5280587,35.6225528,CANDIDATE
8129005,7.1403113,FALSE_POSITIVE
4840156,2.69487041,FALSE_POSITIVE
4138008,112.303136,CANDIDATE
4262040,92.461135,CANDIDATE
6468904,49.5387264,FALSE_POSITIVE
5709906,3.39155966,FALSE_POSITIVE
4840672,9.2294726,CANDIDATE
9777556,1.33254897,FALSE_POSITIVE
7287677,18.3721835,CANDIDATE
10753922,18.2260472,FALSE_POSITIVE
5980061,0.630539713,FALSE_POSITIVE
7692248,17.99562529,CANDIDATE
4059887,1.018347376,FALSE_POSITIVE
8288741,0.659299289,FALSE_POSITIVE
6852354,101.97435125,FALSE_POSITIVE
6691169,63.095068,CANDIDATE
5816811,4.45540935,FALSE_POSITIVE
5303346,37.32483952,FALSE_POSITIVE
3858879,25.951984,FALSE_POSITIVE
8280511,21.7203362,CANDIDATE
3120904,42.9136635,CANDIDATE
3342467,88.1804682,FALSE_POSITIVE
11757451,177.668663,CANDIDATE
2711597,0.98041685,FALSE_POSITIVE
8047428,92.263742,CANDIDATE
11513486,6.64754478,CANDIDATE
4851283,1.23517588,FALSE_POSITIVE
6520519,1.97650073,CANDIDATE
9459162,3.79892774,CANDIDATE
5024138,0.416995408,FALSE_POSITIVE
9969287,14.7401061,CANDIDATE
9086001,256.52387,FALSE_POSITIVE
4927734,3.0001191,FALSE_POSITIVE
11189311,81.4160138,CANDIDATE
10747501,4.7309013,CANDIDATE
10586744,21.3761817,CANDIDATE
11970050,6.58753699,CANDIDATE
10031918,8.5900471,FALSE_POSITIVE
5276332,357.82544,FALSE_POSITIVE
3544640,30.8278245,CANDIDATE
10653179,47.1607932,CANDIDATE
12066569,49.2768448,CANDIDATE
6497146,35.2330694,CANDIDATE
8625813,45.3965379,FALSE_POSITIVE
4651399,508.807642,FALSE_POSITIVE
5308296,36.721576,CANDIDATE
9953575,362.69427,FALSE_POSITIVE
7887890,370.35639,FALSE_POSITIVE
3122872,96.81647,CANDIDATE
4544628,0.729724346,FALSE_POSITIVE
9702945,3.51413723,CANDIDATE
11401253,4.96504981,CANDIDATE
7052511,0.821472455,FALSE_POSITIVE
4764774,1.29019586,FALSE_POSITIVE
10549902,1.141148847,CANDIDATE
12416597,12.460565,CANDIDATE
11135694,19.5945772,CANDIDATE
9910828,8.48032079,FALSE_POSITIVE
10065053,409.87844,CANDIDATE
11867608,227.6258,FALSE_POSITIVE
8016691,18.1373788,CANDIDATE
6584273,51.1104797,CANDIDATE
5768816,47.9869119,CANDIDATE
3644071,359.047933,FALSE_POSITIVE
5360974,29.8042694,FALSE_POSITIVE
10291589,7.08757462,CANDIDATE
10118266,3.74318005,CANDIDATE
5695615,5.4169303,CANDIDATE
4670267,1.003049079,FALSE_POSITIVE
7435780,0.933157032,FALSE_POSITIVE
8938937,37.1083458,FALSE_POSITIVE
5651846,31.1920226,CANDIDATE
10556180,1.02104719,FALSE_POSITIVE
12401132,7.630545,CANDIDATE
12401132,12.083457,FALSE_POSITIVE
8308070,401.5907,FALSE_POSITIVE
6424561,6.6716723,CANDIDATE
6956136,53.912783631,FALSE_POSITIVE
10661917,1.23142395,FALSE_POSITIVE
10000162,409.38645,CANDIDATE
7799701,386.828262,FALSE_POSITIVE
6233483,15.8733803,FALSE_POSITIVE
5392871,42.3991752,FALSE_POSITIVE
3858851,25.95198823,FALSE_POSITIVE
3858917,25.9522401,FALSE_POSITIVE
4466356,14.12809896,FALSE_POSITIVE
7949593,17.7662938,CANDIDATE
9474232,13.6917833,FALSE_POSITIVE
3859151,25.95633,FALSE_POSITIVE
7098255,11.56722589,CANDIDATE
11456279,0.572937573,FALSE_POSITIVE
4670361,631.56889,CANDIDATE
5398002,14.15849823,FALSE_POSITIVE
6680911,207.471349,FALSE_POSITIVE
10356124,12.3748247,FALSE_POSITIVE
10584140,4.31724247,CANDIDATE
8233326,3.74099144,CANDIDATE
4940203,302.779824,CANDIDATE
6286161,14.541781166,FALSE_POSITIVE
5385471,12.4261177,FALSE_POSITIVE
6368175,21.1876185,CANDIDATE
5471158,12.42560404,FALSE_POSITIVE
4847843,30.9604688,FALSE_POSITIVE
5120225,1.041619932,FALSE_POSITIVE
9656543,2.544594443,FALSE_POSITIVE
10751515,56.40651043,FALSE_POSITIVE
3348093,7.964400574,FALSE_POSITIVE
6182846,6.399101307,FALSE_POSITIVE
4939346,34.9168399,CANDIDATE
6442602,0.56678228,FALSE_POSITIVE
9851126,8.480303653,FALSE_POSITIVE
6268648,94.094392,CANDIDATE
11455428,22.1270885,CANDIDATE
10484409,10.6784787,FALSE_POSITIVE
10935993,25.3736543,CANDIDATE
5257082,10.08535311,CANDIDATE
5796185,42.559265547,FALSE_POSITIVE
8628665,10.2856373,CANDIDATE
3945802,24.2157996,FALSE_POSITIVE
6265665,44.2018402,CANDIDATE
5881307,393.95608,CANDIDATE
4645174,15.0330623,CANDIDATE
4645174,34.7496038,CANDIDATE
8719419,12.62530918,FALSE_POSITIVE
9028474,124.93576738,FALSE_POSITIVE
4349442,12.720298433,FALSE_POSITIVE
6124137,227.83457,CANDIDATE
3644542,119.67980316,FALSE_POSITIVE
6182849,6.399107136,FALSE_POSITIVE
9851142,8.480304281,FALSE_POSITIVE
3442054,117.6813778,FALSE_POSITIVE
4079530,17.72722648,FALSE_POSITIVE
6445531,1.71024931,FALSE_POSITIVE
10677186,100.40132734,FALSE_POSITIVE
9025914,11.320287875,FALSE_POSITIVE
9366988,1.219034103,FALSE_POSITIVE
11657614,24.352541,CANDIDATE
11657614,5.94228603,CANDIDATE
5687986,382.30306,CANDIDATE
11125797,58.1263775,CANDIDATE
9785921,26.7575866,CANDIDATE
3102000,57.0599992,FALSE_POSITIVE
6599975,14.5565618,CANDIDATE
8266276,0.837898153,FALSE_POSITIVE
5887316,0.603086711,FALSE_POSITIVE
4282191,41.7084063,CANDIDATE
3559860,33.0257179,CANDIDATE
10651945,25.366990665,FALSE_POSITIVE
7117003,428.32173928,FALSE_POSITIVE
3240159,82.137609997,FALSE_POSITIVE
6147851,3.06026014,FALSE_POSITIVE
9658118,24.0612744,FALSE_POSITIVE
7132542,66.36099916,FALSE_POSITIVE
8589754,8.939461148,FALSE_POSITIVE
3757590,135.58607679,FALSE_POSITIVE
2437149,18.79862195,FALSE_POSITIVE
9715925,6.30828538,FALSE_POSITIVE
9529733,4.80912667,FALSE_POSITIVE
9613070,2.33211505,FALSE_POSITIVE
9967771,0.53835407,CANDIDATE
10845188,249.36211832,FALSE_POSITIVE
6543893,3.80675878,CANDIDATE
5709103,0.664727127,FALSE_POSITIVE
6705026,9.5084871,CANDIDATE
6705026,34.1086562,CANDIDATE
6779726,47.0563327,CANDIDATE
3098843,179.85022331,FALSE_POSITIVE
5553959,10.0100312,CANDIDATE
7288306,96.169569,CANDIDATE
5887393,1.55090374,FALSE_POSITIVE
5384713,12.67143692,CANDIDATE
5384713,60.32668824,CANDIDATE
5384713,2.63595435,CANDIDATE
11860395,82.303914,CANDIDATE
5456023,131.97827736,FALSE_POSITIVE
6187888,0.789171236,FALSE_POSITIVE
9529744,17.9346606,CANDIDATE
12021387,241.07074582,FALSE_POSITIVE
8044608,106.17593813,FALSE_POSITIVE
8760135,184.6467208,FALSE_POSITIVE
4073707,6.282033445,FALSE_POSITIVE
5730394,5.519188936,FALSE_POSITIVE
6451368,5.3360574,CANDIDATE
6956216,4.818863794,FALSE_POSITIVE
6137704,178.26802035,FALSE_POSITIVE
10275074,2.181555909,FALSE_POSITIVE
9110346,0.895276162,FALSE_POSITIVE
10259301,244.83274973,FALSE_POSITIVE
2995392,30.4544418,CANDIDATE
3120308,10.26558924,FALSE_POSITIVE
9991621,18.9257333,FALSE_POSITIVE
8078502,37.8862977,CANDIDATE
8644365,10.54841329,CANDIDATE
5888187,133.6348207,CANDIDATE
2852528,11.9615433,FALSE_POSITIVE
3348216,32.510844,CANDIDATE
7032421,0.56683399,FALSE_POSITIVE
10798838,62.127677128,FALSE_POSITIVE
8560940,31.9730649,FALSE_POSITIVE
10793576,10.90752977,CANDIDATE
10292238,143.1188694,FALSE_POSITIVE
8733497,76.81985465,FALSE_POSITIVE
4255422,165.40574995,FALSE_POSITIVE
9837544,71.661915163,FALSE_POSITIVE
7877824,9.44942685,FALSE_POSITIVE
6469946,0.715802309,FALSE_POSITIVE
6947164,70.58284717,FALSE_POSITIVE
6233903,2.995357359,FALSE_POSITIVE
7212066,3.840485025,FALSE_POSITIVE
7212066,1.92027188,FALSE_POSITIVE
7047922,10.5226374,CANDIDATE
6675060,10.443341795,FALSE_POSITIVE
5716508,4.75307877,FALSE_POSITIVE
10518735,19.515013291,FALSE_POSITIVE
6975129,1.772451066,CANDIDATE
8644365,19.9158863,CANDIDATE
9489947,54.061328105,FALSE_POSITIVE
6960487,34.525990182,FALSE_POSITIVE
5894182,494.485085,CANDIDATE
6309264,14.2821417,FALSE_POSITIVE
7021177,18.64532882,FALSE_POSITIVE
7122259,20.882125422,FALSE_POSITIVE
6947668,14.0545718,CANDIDATE
6364582,30.8609783,CANDIDATE
6190535,3.652810043,FALSE_POSITIVE
9834257,15.65134872,FALSE_POSITIVE
10290666,6.86674226,CANDIDATE
9529744,8.37159554,CANDIDATE
10748621,286.1755875,FALSE_POSITIVE
4824268,152.15144795,FALSE_POSITIVE
6527016,0.542636318,FALSE_POSITIVE
6431670,29.911334059,FALSE_POSITIVE
7376500,5.877122485,FALSE_POSITIVE
9636559,10.636305846,FALSE_POSITIVE
8095110,2.1032389,FALSE_POSITIVE
11499263,46.698200933,FALSE_POSITIVE
10328393,15.99560373,CANDIDATE
9775253,4.39451798,FALSE_POSITIVE
3858988,25.9518795,FALSE_POSITIVE
3848966,29.7681831,CANDIDATE
10798605,56.048096688,FALSE_POSITIVE
5895083,2.25161215,FALSE_POSITIVE
9452897,36.7662364,CANDIDATE
9714123,50.35545898,FALSE_POSITIVE
6118370,14.0328775,CANDIDATE
2717158,13.2226149,CANDIDATE
6209677,2.53742164,CANDIDATE
6198256,3.54828691,FALSE_POSITIVE
9664276,62.596544,CANDIDATE
2437112,18.79852,FALSE_POSITIVE
7987086,156.51657398,FALSE_POSITIVE
7374746,1.366946478,FALSE_POSITIVE
8668810,313.09275066,FALSE_POSITIVE
6519865,0.566813677,FALSE_POSITIVE
8868907,157.32263943,FALSE_POSITIVE
3865298,9.53040216,FALSE_POSITIVE
10091110,4.218512654,FALSE_POSITIVE
10091110,8.529991199,FALSE_POSITIVE
3542574,3.47140045,FALSE_POSITIVE
3544694,1.922862476,FALSE_POSITIVE
11521793,16.00747237,CANDIDATE
9085563,54.6493679,CANDIDATE
11337372,100.8276725,CANDIDATE
7748487,15.5764061,CANDIDATE
3219037,10.00506974,CANDIDATE
5952448,0.905675699,FALSE_POSITIVE
5710069,36.2580749,CANDIDATE
9967009,12.4326997,CANDIDATE
9967009,30.9902997,CANDIDATE
11874338,15.9750417,FALSE_POSITIVE
9763612,16.0505464,CANDIDATE
6199716,0.805267592,FALSE_POSITIVE
9468384,11.082622625,FALSE_POSITIVE
8868364,421.42848194,FALSE_POSITIVE
10092312,1.096587245,FALSE_POSITIVE
3964545,3.012476415,FALSE_POSITIVE
9656397,204.74104758,FALSE_POSITIVE
5444491,0.759740194,FALSE_POSITIVE
3735629,4.664186517,FALSE_POSITIVE
8244173,1.092066399,FALSE_POSITIVE
6546508,3.053578643,FALSE_POSITIVE
9886224,2.992662857,FALSE_POSITIVE
3735634,4.664188563,FALSE_POSITIVE
5730380,0.954873008,FALSE_POSITIVE
6058875,0.56493412,FALSE_POSITIVE
10735564,1.674984844,FALSE_POSITIVE
6200810,35.8754482,CANDIDATE
3561464,7.31945294,CANDIDATE
3561464,35.8007112,CANDIDATE
5962509,0.790049989,FALSE_POSITIVE
3561464,4.32710579,CANDIDATE
6359802,14.15402615,FALSE_POSITIVE
7121885,33.93754213,FALSE_POSITIVE
5213404,20.7057153,CANDIDATE
4844470,60.532988,CANDIDATE
6205566,3.7228679,FALSE_POSITIVE
11551692,58.0198583,CANDIDATE
9995771,15.0617835,CANDIDATE
7287391,4.286103033,FALSE_POSITIVE
6756202,290.7778719,FALSE_POSITIVE
10215869,5.017239915,FALSE_POSITIVE
5456319,0.937923475,FALSE_POSITIVE
2307206,204.0329342,FALSE_POSITIVE
7025540,2.148219541,FALSE_POSITIVE
7620844,58.621578824,FALSE_POSITIVE
6677267,3.125821128,FALSE_POSITIVE
7732791,1.032068851,FALSE_POSITIVE
5736801,6.6751871,FALSE_POSITIVE
8177798,1.450205839,FALSE_POSITIVE
10489521,3.224486463,FALSE_POSITIVE
12643582,44.14579777,FALSE_POSITIVE
9328641,33.3239576,FALSE_POSITIVE
9966219,17.9559673,CANDIDATE
5991070,0.94102954,FALSE_POSITIVE
5531953,1.992812339,CANDIDATE
3757778,36.514374043,FALSE_POSITIVE
11754430,39.818832,CANDIDATE
9995771,25.4337864,CANDIDATE
11875511,67.451045,FALSE_POSITIVE
6231721,2.69339974,CANDIDATE
9536108,10.43003118,CANDIDATE
8905246,27.63714708,CANDIDATE
5213230,52.6095103,CANDIDATE
3326377,198.7106251,CANDIDATE
6233466,15.873380595,FALSE_POSITIVE
5460434,50.563697,CANDIDATE
11249624,65.583665567,FALSE_POSITIVE
6426592,394.67816267,FALSE_POSITIVE
8491745,111.31980522,FALSE_POSITIVE
3970117,110.29512684,FALSE_POSITIVE
11147814,95.178317934,FALSE_POSITIVE
10922659,31.2543238,CANDIDATE
8892720,61.4911479,FALSE_POSITIVE
6021275,110.2867031,CANDIDATE
7869917,11.8061737,CANDIDATE
11754430,6.15828666,CANDIDATE
6032920,10.828825742,FALSE_POSITIVE
8409295,82.292865,CANDIDATE
7131760,92.436978,CANDIDATE
11922778,65.427645,CANDIDATE
9468382,11.08260553,FALSE_POSITIVE
6145201,22.7832776,FALSE_POSITIVE
5986209,23.737952838,FALSE_POSITIVE
9226339,21.4618453,FALSE_POSITIVE
6525209,75.13194883,FALSE_POSITIVE
2975770,369.069345,CANDIDATE
5534965,243.82122131,FALSE_POSITIVE
5512513,0.77459856,FALSE_POSITIVE
9965206,16.227548674,FALSE_POSITIVE
4247023,47.189437,FALSE_POSITIVE
4848423,1.501760172,FALSE_POSITIVE
11403216,4.05325447,FALSE_POSITIVE
11853878,7.68433346,CANDIDATE
5774375,1.549979213,FALSE_POSITIVE
7692093,11.16622885,CANDIDATE
8263752,10.99381963,FALSE_POSITIVE
8263752,10.9938087,FALSE_POSITIVE
7772914,23.1334494,CANDIDATE
3529290,8.9539656,CANDIDATE
3529290,13.7281373,CANDIDATE
9285265,16.5860329,CANDIDATE
6025124,26.83771808,CANDIDATE
5780930,16.7525077,CANDIDATE
5531953,3.53105835,CANDIDATE
4164393,49.612757516,FALSE_POSITIVE
6277410,6.32589574,CANDIDATE
9843517,11.9378354,CANDIDATE
8812045,32.715906,CANDIDATE
7288444,15.3317719,CANDIDATE
3101923,82.331756,CANDIDATE
10881457,84.704139,CANDIDATE
5513861,0.755105584,FALSE_POSITIVE
9948002,101.26336282,FALSE_POSITIVE
5264304,120.58167178,FALSE_POSITIVE
10960995,1.558544209,FALSE_POSITIVE
9592575,2.63757408,FALSE_POSITIVE
7898576,8.64636188,FALSE_POSITIVE
5806800,125.288206,FALSE_POSITIVE
11671429,112.46358893,FALSE_POSITIVE
5621333,27.0965146,CANDIDATE
5621333,11.5474983,CANDIDATE
5392897,42.39930429,FALSE_POSITIVE
3236705,83.2664103,CANDIDATE
5282049,5.91039905,FALSE_POSITIVE
11810124,11.6044881,CANDIDATE
6023859,27.009807384,FALSE_POSITIVE
3433668,15.0219784,CANDIDATE
2849140,11.8237228,CANDIDATE
7503885,91.078624,CANDIDATE
3629330,85.272459,CANDIDATE
5471289,12.42592675,FALSE_POSITIVE
8121328,19.0689513,CANDIDATE
9783760,89.7398137,FALSE_POSITIVE
9528430,90.08255562,FALSE_POSITIVE
5529552,0.759768478,FALSE_POSITIVE
8882847,42.2011587,FALSE_POSITIVE
9773869,15.65129028,FALSE_POSITIVE
6707942,9.014220178,FALSE_POSITIVE
5023948,1.824653341,FALSE_POSITIVE
5113053,3.185090259,FALSE_POSITIVE
5817957,372.76888,FALSE_POSITIVE
11853878,5.70940795,CANDIDATE
4743508,2.086076372,FALSE_POSITIVE
11810124,3.63898953,CANDIDATE
11303322,38.1303324,CANDIDATE
11241912,14.42735088,CANDIDATE
6043538,6.2253374,CANDIDATE
8824737,12.90235874,CANDIDATE
9349757,36.4337867,CANDIDATE
11519134,58.5850357,FALSE_POSITIVE
7289338,12.5014905,CANDIDATE
5004909,40.6511021,CANDIDATE
6278670,89.945828,CANDIDATE
5898983,40.1454757,CANDIDATE
7703955,265.47847,CANDIDATE
8552719,1.546222068,FALSE_POSITIVE
12164634,89.3313828,FALSE_POSITIVE
5193077,22.2941485,FALSE_POSITIVE
5617259,1.048130894,CANDIDATE
8880123,46.7162336,CANDIDATE
9474756,17.6062701,CANDIDATE
10068919,43.56225858,FALSE_POSITIVE
7353970,198.443477,FALSE_POSITIVE
12316447,17.907664726,FALSE_POSITIVE
5823557,2.4044122,FALSE_POSITIVE
10491554,22.77196484,FALSE_POSITIVE
9785454,184.52015392,FALSE_POSITIVE
8636333,82.175197,CANDIDATE
7136958,29.015852933,FALSE_POSITIVE
1995732,77.36241476,FALSE_POSITIVE
6069674,495.71095,FALSE_POSITIVE
8081239,10.35857039,CANDIDATE
5308663,20.0679247,CANDIDATE
3745559,30.2541186,CANDIDATE
8356054,17.081202417,FALSE_POSITIVE
9117416,20.034708,CANDIDATE
6356400,541.92452,CANDIDATE
9117416,3.15722086,CANDIDATE
5900235,58.7701045,CANDIDATE
9474756,6.685438,CANDIDATE
7517261,23.2385587,CANDIDATE
7517261,8.5433774,CANDIDATE
5653795,118.314913,FALSE_POSITIVE
8424002,20.35971899,CANDIDATE
8635938,43.798566,FALSE_POSITIVE
10464666,131.73630485,FALSE_POSITIVE
5024292,4.301031137,FALSE_POSITIVE
4659255,198.01379181,FALSE_POSITIVE
8263746,10.9938268,FALSE_POSITIVE
5877292,11.7201693,CANDIDATE
10657406,1.682934607,CANDIDATE
3428468,114.90862419,FALSE_POSITIVE
7091432,11.55532445,CANDIDATE
9845909,11.5706005,CANDIDATE
9221528,16.2953228,CANDIDATE
6106046,8.5073512,CANDIDATE
6368230,26.0841212,CANDIDATE
7115291,52.802767576,FALSE_POSITIVE
9907505,39.206808648,FALSE_POSITIVE
9027909,64.6589166,CANDIDATE
9230021,15.8283833,CANDIDATE
6369845,27.6760342,FALSE_POSITIVE
9230021,8.74192361,CANDIDATE
9230021,26.936878,FALSE_POSITIVE
3662838,53.34418038,FALSE_POSITIVE
5471688,12.4281308,FALSE_POSITIVE
8552719,9.10969334,CANDIDATE
5471688,0.96283264,FALSE_POSITIVE
6058816,73.7502765,CANDIDATE
6058816,4.7482669,CANDIDATE
5130740,210.30644361,FALSE_POSITIVE
9892471,8.268081087,FALSE_POSITIVE
2019076,3.564614021,FALSE_POSITIVE
5879448,533.47707,FALSE_POSITIVE
7376490,5.877122413,FALSE_POSITIVE
11968513,1.036592635,FALSE_POSITIVE
4263529,10.10404351,CANDIDATE
7866921,91.4999978,FALSE_POSITIVE
6619815,65.9407869,CANDIDATE
6113752,406.45737,FALSE_POSITIVE
3098197,30.47639859,FALSE_POSITIVE
11651712,14.53260546,CANDIDATE
9896558,153.348739,CANDIDATE
7697103,13.9248005,CANDIDATE
9267996,19.6001405,CANDIDATE
7045605,361.526458,FALSE_POSITIVE
8738775,48.0506878,CANDIDATE
7093401,34.08429351,CANDIDATE
7877818,9.44942628,FALSE_POSITIVE
5636642,0.933489066,FALSE_POSITIVE
6515722,1.908525084,FALSE_POSITIVE
6679504,0.798467681,FALSE_POSITIVE
5560831,0.867721348,FALSE_POSITIVE
5305404,161.252567,FALSE_POSITIVE
3728432,3.90863457,CANDIDATE
6696580,77.086191,CANDIDATE
5473535,1.673662758,FALSE_POSITIVE
12106934,5.93717724,FALSE_POSITIVE
6222898,3.89043062,FALSE_POSITIVE
3955866,16.8282542,FALSE_POSITIVE
11200767,2.489549075,FALSE_POSITIVE
9892816,1.644221032,CANDIDATE
8589731,4.469731089,FALSE_POSITIVE
4356766,1.731803197,FALSE_POSITIVE
2167890,2.64830047,FALSE_POSITIVE
5384079,17.2653659,CANDIDATE
4935914,3.486318703,FALSE_POSITIVE
11303811,1.705780649,FALSE_POSITIVE
2437783,7.45306683,FALSE_POSITIVE
12062660,2.929299629,FALSE_POSITIVE
9777087,5.50811352,FALSE_POSITIVE
5956776,0.569115097,FALSE_POSITIVE
8883727,2.529073751,FALSE_POSITIVE
4820550,202.1168173,CANDIDATE
6516874,0.916326699,FALSE_POSITIVE
11709124,33.0405509,CANDIDATE
9161118,1.306723495,FALSE_POSITIVE
3556229,0.7967202,FALSE_POSITIVE
11911580,359.102042,FALSE_POSITIVE
9480535,160.130899,CANDIDATE
10583225,2.69634575,FALSE_POSITIVE
5215251,2.553924603,FALSE_POSITIVE
10383696,8.487871809,FALSE_POSITIVE
9777090,5.50817321,FALSE_POSITIVE
11455484,6.142812722,FALSE_POSITIVE
2446623,175.06586091,FALSE_POSITIVE
9596089,20.8392148,FALSE_POSITIVE
5738506,9.50158045,FALSE_POSITIVE
9777087,19.226055,FALSE_POSITIVE
4247807,2.050435466,FALSE_POSITIVE
11547869,10.72725536,CANDIDATE
7700590,1.507101452,FALSE_POSITIVE
9053086,1.274841686,FALSE_POSITIVE
3128552,4.02582434,CANDIDATE
5467113,2.845746618,FALSE_POSITIVE
8240123,2.30120705,FALSE_POSITIVE
5114623,337.377514,FALSE_POSITIVE
5114623,389.28075044,FALSE_POSITIVE
10031907,8.58965725,FALSE_POSITIVE
6525946,2.508116,CANDIDATE
5480736,8.56751264,FALSE_POSITIVE
8487748,1.061934313,FALSE_POSITIVE
9892856,2.406574511,FALSE_POSITIVE
7137213,28.64338839,FALSE_POSITIVE
6795089,96.231257,FALSE_POSITIVE
3340313,30.5528701,FALSE_POSITIVE
9892816,26.2347447,CANDIDATE
4150804,160.88451966,CANDIDATE
5021174,4.04506346,FALSE_POSITIVE
9025971,141.2415405,CANDIDATE
2581316,217.83184293,CANDIDATE
9973109,16.0988294,CANDIDATE
6314185,1.433262145,FALSE_POSITIVE
8620561,0.782046543,FALSE_POSITIVE
8937019,5.663604992,FALSE_POSITIVE
9896435,18.076610347,FALSE_POSITIVE
10352938,6.47173281,FALSE_POSITIVE
10676927,1.031100362,FALSE_POSITIVE
5649836,0.597933142,FALSE_POSITIVE
7620660,5.36652724,FALSE_POSITIVE
3836399,1.540392098,FALSE_POSITIVE
2581554,47.1484324,CANDIDATE
3128552,2.50475282,CANDIDATE
10363115,59.3627946,CANDIDATE
5966810,247.891041,CANDIDATE
10491062,2.199076661,FALSE_POSITIVE
9761615,1.79110997,CANDIDATE
4058881,7.77241144,FALSE_POSITIVE
6863158,1.99469354,CANDIDATE
2581316,10.51421162,CANDIDATE
8621353,11.344347453,FALSE_POSITIVE
10795103,214.3120439,CANDIDATE
9394601,0.876826336,FALSE_POSITIVE
8494410,208.86909724,FALSE_POSITIVE
8494410,7.2593226,CANDIDATE
6863161,1.98663794,FALSE_POSITIVE
7840035,13.54208867,FALSE_POSITIVE
8543279,7.549303633,FALSE_POSITIVE
8047283,0.77544539,FALSE_POSITIVE
8308347,164.950399,CANDIDATE
7090867,308.255238,FALSE_POSITIVE
7612691,3.46724809,FALSE_POSITIVE
9761573,7.4413445,FALSE_POSITIVE
8042789,4.618309224,FALSE_POSITIVE
10095484,0.677761275,FALSE_POSITIVE
5467102,2.845739012,FALSE_POSITIVE
6780367,175.358905,FALSE_POSITIVE
10281221,0.582895412,CANDIDATE
6525946,0.496069986,CANDIDATE
5471496,12.42618005,FALSE_POSITIVE
4544620,2.189090653,FALSE_POSITIVE
5784777,5.33905606,CANDIDATE
6863187,1.99492332,FALSE_POSITIVE
6949061,23.2218115,CANDIDATE
9719636,3.351573993,FALSE_POSITIVE
2452440,8.097050622,FALSE_POSITIVE
5020034,2.119107262,FALSE_POSITIVE
7017372,5.24088367,CANDIDATE
6974867,0.887691177,FALSE_POSITIVE
7102316,142.545,CANDIDATE
11518142,240.7990472,CANDIDATE
3114667,0.888584158,FALSE_POSITIVE
12109845,0.865959015,FALSE_POSITIVE
3954227,0.594276199,FALSE_POSITIVE
8651551,1.527491117,FALSE_POSITIVE
7115550,0.566814046,FALSE_POSITIVE
9532637,0.61496383,FALSE_POSITIVE
5305451,161.253747,FALSE_POSITIVE
7174349,2.974163938,FALSE_POSITIVE
11824218,15.84131693,FALSE_POSITIVE
3128552,6.13074243,CANDIDATE
10788461,9.2075634,CANDIDATE
10788461,2.5903958,CANDIDATE
10788461,5.3235335,CANDIDATE
11667548,0.831741499,FALSE_POSITIVE
8868649,4.44737112,FALSE_POSITIVE
9715939,12.893018017,FALSE_POSITIVE
6887030,5.44085762,CANDIDATE
4751083,4.532416322,FALSE_POSITIVE
4751083,2.26631937,FALSE_POSITIVE
5903301,1.160153553,FALSE_POSITIVE
7695087,4.032760214,FALSE_POSITIVE
6200709,3.723552982,FALSE_POSITIVE
8323764,6.714247798,CANDIDATE
7013923,2.21396079,FALSE_POSITIVE
5360082,11.35501209,FALSE_POSITIVE
6543683,1.195515251,FALSE_POSITIVE
5008245,2.60720833,CANDIDATE
10555365,5.80184753,FALSE_POSITIVE
5481426,2.38404983,FALSE_POSITIVE
7983756,5.24078259,FALSE_POSITIVE
7289165,5.26641416,FALSE_POSITIVE
12784167,1.847892736,CANDIDATE
8949316,0.604358764,FALSE_POSITIVE
8912730,11.3775281,FALSE_POSITIVE
9784230,0.7981968,FALSE_POSITIVE
11466960,0.695954898,FALSE_POSITIVE
3124420,0.948951607,FALSE_POSITIVE
4649440,19.37070781,FALSE_POSITIVE
2437488,14.46993942,FALSE_POSITIVE
10083623,1.278555003,FALSE_POSITIVE
11253711,1.226223959,CANDIDATE
8043052,2.244600029,FALSE_POSITIVE
5435816,181.8521773,FALSE_POSITIVE
8559589,223.1127475,FALSE_POSITIVE
4372765,15.64064161,FALSE_POSITIVE
9489524,6.8873113,CANDIDATE
10268903,1.103978,FALSE_POSITIVE
7017437,43.8496474,FALSE_POSITIVE
7220320,0.752158047,FALSE_POSITIVE
9291378,3.796488133,FALSE_POSITIVE
4075067,17.7476059,CANDIDATE
4949524,1.233076007,FALSE_POSITIVE
2697935,21.5135234,FALSE_POSITIVE
6531143,19.4444573,FALSE_POSITIVE
3550434,1.1910489,FALSE_POSITIVE
2558370,0.546248198,FALSE_POSITIVE
12301181,2.18565886,CANDIDATE
5397166,1.811966339,FALSE_POSITIVE
7024530,66.1539783,FALSE_POSITIVE
5015459,158.3226379,FALSE_POSITIVE
11709124,3.93276627,CANDIDATE
8505920,198.680859,CANDIDATE
1433980,1.592634161,FALSE_POSITIVE
2438490,3.31577795,FALSE_POSITIVE
3838496,2.990252395,FALSE_POSITIVE
6470521,2.08043378,FALSE_POSITIVE
2449090,4.944046127,FALSE_POSITIVE
5652260,4.464565251,FALSE_POSITIVE
2569494,1.523298835,FALSE_POSITIVE
12405950,3.539631353,FALSE_POSITIVE
5206233,6.195861785,FALSE_POSITIVE
7031066,0.566805514,FALSE_POSITIVE
6775985,27.961084,FALSE_POSITIVE
11357192,186.5168116,FALSE_POSITIVE
9533489,197.1455327,FALSE_POSITIVE
11825057,0.532087933,FALSE_POSITIVE
12306699,3.204222652,FALSE_POSITIVE
9692336,0.687898282,FALSE_POSITIVE
9641008,2.178154774,FALSE_POSITIVE
8588377,0.99466172,FALSE_POSITIVE
3644601,359.00688,FALSE_POSITIVE
4242692,1.138548215,CANDIDATE
8781480,121.0598037,FALSE_POSITIVE
6783732,0.721335207,FALSE_POSITIVE
11607176,3.28274272,FALSE_POSITIVE
10661718,1.231361934,FALSE_POSITIVE
6105462,89.7224125,CANDIDATE
8257205,7.12766417,CANDIDATE
6470516,2.080431782,FALSE_POSITIVE
6891124,3.52364689,CANDIDATE
7770471,1.157804607,FALSE_POSITIVE
5130380,19.979098,FALSE_POSITIVE
6314173,1.433262401,FALSE_POSITIVE
5688997,23.8706941,FALSE_POSITIVE
9489524,4.78850084,CANDIDATE
7031340,0.566769068,FALSE_POSITIVE
4073730,6.2820426,FALSE_POSITIVE
2854948,0.97430309,FALSE_POSITIVE
7813039,141.73403059,CANDIDATE
3644601,119.686505,FALSE_POSITIVE
8459354,53.556625,FALSE_POSITIVE
6531617,433.220461,CANDIDATE
4164922,1.210693626,CANDIDATE
12061969,1.090011003,CANDIDATE
4164922,18.2572722,CANDIDATE
10328393,34.2115022,CANDIDATE
10259029,7.061149921,FALSE_POSITIVE
8299947,2.682767439,FALSE_POSITIVE
3335813,3.711012492,FALSE_POSITIVE
11858741,1.780982447,FALSE_POSITIVE
6363494,1.815632406,FALSE_POSITIVE
2576107,205.5833309,FALSE_POSITIVE
9532421,4.309067482,FALSE_POSITIVE
6936966,36.4721523,FALSE_POSITIVE
5653849,111.0396205,FALSE_POSITIVE
2437060,3.187087241,FALSE_POSITIVE
8127648,1.023470248,FALSE_POSITIVE
11564013,0.875267982,FALSE_POSITIVE
9405541,5.55260695,FALSE_POSITIVE
8906045,2.347479696,FALSE_POSITIVE
7031638,1.13353095,FALSE_POSITIVE
7296094,0.890745373,FALSE_POSITIVE
5437945,440.7843755,CANDIDATE
12009347,2.723858181,FALSE_POSITIVE
4037163,0.635441862,FALSE_POSITIVE
5535890,3.255189932,FALSE_POSITIVE
5215980,2.531140101,FALSE_POSITIVE
9353742,0.938750221,CANDIDATE
9178185,2.992704682,FALSE_POSITIVE
6290382,6.12810722,FALSE_POSITIVE
3327992,2.115511511,FALSE_POSITIVE
5649206,2.446736567,FALSE_POSITIVE
5193384,21.3779536,FALSE_POSITIVE
5181804,4.350460215,FALSE_POSITIVE
10491544,22.77194512,FALSE_POSITIVE
9101496,67.844689,CANDIDATE
11450414,27.3214242,CANDIDATE
4937143,9.84883968,FALSE_POSITIVE
8719324,10.23335969,FALSE_POSITIVE
11241814,227.6625222,FALSE_POSITIVE
5036537,1.06100873,FALSE_POSITIVE
9837083,0.623393802,FALSE_POSITIVE
12557548,0.65355361,CANDIDATE
3657758,2.3702932,CANDIDATE
7031726,0.566793534,FALSE_POSITIVE
3338660,1.873380717,FALSE_POSITIVE
3338674,1.87337894,FALSE_POSITIVE
5546277,7.50023955,FALSE_POSITIVE
8258160,23.6270348,FALSE_POSITIVE
9752982,0.716709897,FALSE_POSITIVE
4666008,2.248063246,FALSE_POSITIVE
8430105,63.3278636,FALSE_POSITIVE
9517393,219.3215562,CANDIDATE
8052474,245.4382021,FALSE_POSITIVE
3534118,178.4129899,FALSE_POSITIVE
3534118,178.44973004,FALSE_POSITIVE
2441161,2.192004364,FALSE_POSITIVE
3231120,3.900109346,FALSE_POSITIVE
12216706,1.471060209,FALSE_POSITIVE
12216706,0.73553763,FALSE_POSITIVE
10735331,213.3990406,FALSE_POSITIVE
7763269,6.40802979,FALSE_POSITIVE
8365739,2.38920105,CANDIDATE
5471606,0.962835804,FALSE_POSITIVE
11200405,4.639602084,FALSE_POSITIVE
5475736,2.991885335,FALSE_POSITIVE
9049673,1.327471395,FALSE_POSITIVE
7031898,0.566792595,FALSE_POSITIVE
9593759,1.247156944,FALSE_POSITIVE
8827930,288.3128666,CANDIDATE
5020044,2.119100054,FALSE_POSITIVE
11560037,1.466535757,FALSE_POSITIVE
11911561,8.870415578,FALSE_POSITIVE
6547322,1.49131759,FALSE_POSITIVE
3440118,19.57783279,CANDIDATE
9159265,3.04476607,FALSE_POSITIVE
4472818,70.9672087,CANDIDATE
5816806,4.45543346,FALSE_POSITIVE
6531496,14.323889947,FALSE_POSITIVE
9661869,20.427232317,FALSE_POSITIVE
6790592,106.18732,CANDIDATE
9411166,105.6552651,CANDIDATE
3097352,4.029803201,FALSE_POSITIVE
6066379,1.303858554,FALSE_POSITIVE
6508221,9.74765878,CANDIDATE
12154526,3.18899015,CANDIDATE
6952971,309.89103,CANDIDATE
3459199,1.570518376,FALSE_POSITIVE
6973796,115.9943364,FALSE_POSITIVE
12023089,0.623441636,FALSE_POSITIVE
6286155,14.5417471,FALSE_POSITIVE
7831363,2.81753381,FALSE_POSITIVE
8804845,0.762132307,CANDIDATE
4663185,56.6993107,FALSE_POSITIVE
5305471,161.252247,FALSE_POSITIVE
5560830,0.867719291,FALSE_POSITIVE
4147444,1.803697292,CANDIDATE
8211824,0.84112187,FALSE_POSITIVE
5980800,0.828326025,FALSE_POSITIVE
9592850,1.219324537,FALSE_POSITIVE
6227560,2.401751509,FALSE_POSITIVE
5866104,36.97709537,FALSE_POSITIVE
8256044,16.371883638,FALSE_POSITIVE
8780968,2.617284592,FALSE_POSITIVE
6960446,10.14873521,FALSE_POSITIVE
8264097,2.897436854,FALSE_POSITIVE
7515679,5.546083089,CANDIDATE
9674592,6.87366398,FALSE_POSITIVE
9674592,6.87366412,FALSE_POSITIVE
10879213,0.668483494,FALSE_POSITIVE
5650314,1.070272827,FALSE_POSITIVE
6962901,0.977170246,FALSE_POSITIVE
8302302,1.135930136,FALSE_POSITIVE
10581918,1.801863222,FALSE_POSITIVE
3851949,54.77145968,FALSE_POSITIVE
9097892,1.674690886,FALSE_POSITIVE
5769943,1.013774136,CANDIDATE
4638237,290.1401717,CANDIDATE
9351316,161.515617,CANDIDATE
4579313,2.112405306,FALSE_POSITIVE
11614528,1.870990236,FALSE_POSITIVE
8848288,5.56648691,FALSE_POSITIVE
6590307,1.33253834,FALSE_POSITIVE
5308419,1.241483276,FALSE_POSITIVE
6312521,3.01551943,FALSE_POSITIVE
4579321,2.112395777,FALSE_POSITIVE
5202905,14.8444836,CANDIDATE
1575690,2.252417903,FALSE_POSITIVE
4386047,2.900613144,FALSE_POSITIVE
5103998,174.7697122,FALSE_POSITIVE
9655858,31.43284649,FALSE_POSITIVE
12154526,1.72110057,CANDIDATE
10275880,9.72675447,FALSE_POSITIVE
2166200,8.096939227,FALSE_POSITIVE
3547315,0.64234865,FALSE_POSITIVE
6933781,130.4194187,FALSE_POSITIVE
6148271,1.78526527,FALSE_POSITIVE
5386904,4.8591441,FALSE_POSITIVE
2997178,5.95077813,FALSE_POSITIVE
8956206,99.673478,FALSE_POSITIVE
6507433,4.7425521,CANDIDATE
8260198,0.955297055,FALSE_POSITIVE
10733174,280.476576,FALSE_POSITIVE
8564976,152.8255989,FALSE_POSITIVE
8765560,47.1096306,CANDIDATE
11760860,2.41660149,CANDIDATE
7910148,4.252082243,FALSE_POSITIVE
12459731,14.180228311,FALSE_POSITIVE
12735740,282.5253558,CANDIDATE
4678875,1.87887673,FALSE_POSITIVE
7812175,17.79391159,FALSE_POSITIVE
7708193,7.942583252,FALSE_POSITIVE
5478083,15.85231085,FALSE_POSITIVE
10857342,2.415925551,FALSE_POSITIVE
5215700,0.656201038,FALSE_POSITIVE
8780959,2.617280959,FALSE_POSITIVE
8780959,18.577903,CANDIDATE
5565486,1.412524016,FALSE_POSITIVE
8453214,5.77676732,FALSE_POSITIVE
8552719,88.40678718,CANDIDATE
8556077,3.635723653,FALSE_POSITIVE
7757698,369.181947,FALSE_POSITIVE
8625821,45.3968385,FALSE_POSITIVE
8652999,15.160166,FALSE_POSITIVE
12164770,2.63009438,FALSE_POSITIVE
9541322,9.40527028,FALSE_POSITIVE
10470616,4.15713766,FALSE_POSITIVE
10362031,3.2136904,FALSE_POSITIVE
6373680,2.87066026,FALSE_POSITIVE
10963242,31.24611088,FALSE_POSITIVE
9150827,82.37208458,FALSE_POSITIVE
9957351,0.991105114,FALSE_POSITIVE
5385575,12.425580393,FALSE_POSITIVE
3732035,138.944022,CANDIDATE
5385697,12.4260454,FALSE_POSITIVE
5385697,12.4260002,FALSE_POSITIVE
8823833,1.50650136,FALSE_POSITIVE
5008501,0.968026356,CANDIDATE
5015913,1.179969562,FALSE_POSITIVE
5103942,10.10176739,FALSE_POSITIVE
5184709,10.57910009,CANDIDATE
5195172,1.480283464,CANDIDATE
8678664,15.420409367,FALSE_POSITIVE
8832512,9.97682072,CANDIDATE
8892721,61.4913415,FALSE_POSITIVE
7778664,5.0263815,CANDIDATE
9042357,16.00351679,FALSE_POSITIVE
9115681,1.86390886,FALSE_POSITIVE
10481045,2.03743942,FALSE_POSITIVE
8107034,332.74984,FALSE_POSITIVE
3962751,45.60304785,FALSE_POSITIVE
8582291,2.4681015,FALSE_POSITIVE
5110683,12.53449909,FALSE_POSITIVE
7967861,215.15218,FALSE_POSITIVE
8179325,3.17275711,FALSE_POSITIVE
5211199,6.68231249,CANDIDATE
5475494,0.73619448,FALSE_POSITIVE
9412445,10.18670759,FALSE_POSITIVE
7866914,365.994154,FALSE_POSITIVE
6057684,0.54028956,FALSE_POSITIVE
5271608,2.49047468,FALSE_POSITIVE
5357470,2.17257963,FALSE_POSITIVE
5443775,3.307669761,FALSE_POSITIVE
5527172,3.183961388,FALSE_POSITIVE
7386391,48.507991,FALSE_POSITIVE
5529643,0.759766456,FALSE_POSITIVE
9366989,1.219034472,FALSE_POSITIVE
9468717,7.37339245,FALSE_POSITIVE
9528420,4.70847097,FALSE_POSITIVE
9529744,2.404556949,FALSE_POSITIVE
7834712,66.119119,CANDIDATE
9574614,0.982090079,CANDIDATE
9674608,2.972047661,FALSE_POSITIVE
8495415,2.237180102,FALSE_POSITIVE
10341905,0.93374232,FALSE_POSITIVE
10336927,134.76308997,FALSE_POSITIVE
12115188,0.495434094,FALSE_POSITIVE
9850957,8.48031302,FALSE_POSITIVE
12470954,5.40534383,FALSE_POSITIVE
8189801,0.66682654,CANDIDATE
11568224,0.882131829,FALSE_POSITIVE
7938883,0.489682339,FALSE_POSITIVE
9280239,364.751562,CANDIDATE
4544571,2.189098506,FALSE_POSITIVE
3245661,0.7088055,FALSE_POSITIVE
5618071,88.821421,FALSE_POSITIVE
6312534,1.507761203,FALSE_POSITIVE
6470917,1.506019633,FALSE_POSITIVE
7431709,0.572513875,FALSE_POSITIVE
6611330,35.14578122,FALSE_POSITIVE
6699368,3.690317047,FALSE_POSITIVE
9886255,105.9566815,CANDIDATE
9973855,2.95600563,FALSE_POSITIVE
10019399,11.805707539,FALSE_POSITIVE
7841368,25.3710555,FALSE_POSITIVE
10028352,1.38680229,CANDIDATE
10031707,8.58966893,FALSE_POSITIVE
10092312,4.468456599,FALSE_POSITIVE
10407054,0.933754669,FALSE_POSITIVE
10880007,86.79876649,FALSE_POSITIVE
8418129,164.57506747,FALSE_POSITIVE
6525185,1.71030803,FALSE_POSITIVE
10812504,79.9201319,FALSE_POSITIVE
8107115,199.3113,FALSE_POSITIVE
10663411,157.82131,FALSE_POSITIVE
10090219,2.28612573,FALSE_POSITIVE
9205938,199.66876,CANDIDATE
9899217,1.33254971,FALSE_POSITIVE
6750902,0.469334634,FALSE_POSITIVE
5895588,0.849277809,FALSE_POSITIVE
6803855,71.4523167,CANDIDATE
6891366,1.752564549,FALSE_POSITIVE
7448023,0.566816802,FALSE_POSITIVE
6891637,1.752553762,FALSE_POSITIVE
6975615,2.065351521,FALSE_POSITIVE
7137725,2.253551793,FALSE_POSITIVE
10153855,1.06378861,CANDIDATE
10230571,123.11494773,FALSE_POSITIVE
10294613,1.854493861,FALSE_POSITIVE
7879648,1.020713389,FALSE_POSITIVE
10491044,2.1990638,FALSE_POSITIVE
10614012,132.1331011,FALSE_POSITIVE
10616415,1.120646438,FALSE_POSITIVE
6525193,1.710279417,FALSE_POSITIVE
6866251,65.238281,FALSE_POSITIVE
7117710,0.56679641,FALSE_POSITIVE
7762723,9.88736642,CANDIDATE
4178606,42.3520039,CANDIDATE
5980208,0.789160884,CANDIDATE
5303557,2.399081606,FALSE_POSITIVE
10227863,5.14072621,FALSE_POSITIVE
7281668,0.566798545,FALSE_POSITIVE
8036287,1.44445234,CANDIDATE
9602562,3.55653637,FALSE_POSITIVE
10668665,9.60853601,FALSE_POSITIVE
10407020,0.933747751,FALSE_POSITIVE
7380829,3.17463577,FALSE_POSITIVE
7470491,0.902222843,FALSE_POSITIVE
7768952,22.4685309,FALSE_POSITIVE
8162790,10.16104834,FALSE_POSITIVE
9655129,2.743978797,FALSE_POSITIVE
9899483,1.332561398,FALSE_POSITIVE
10917681,12.89623554,CANDIDATE
7882360,364.14397,FALSE_POSITIVE
10965740,21.78769087,FALSE_POSITIVE
11187436,5.90741476,CANDIDATE
11285136,2.368173896,FALSE_POSITIVE
11298815,5.73865933,FALSE_POSITIVE
11342573,91.05641908,FALSE_POSITIVE
7134626,2.52443998,CANDIDATE
9823519,4.49686066,CANDIDATE
11246161,0.5374094,CANDIDATE
7047824,24.7543849,CANDIDATE
4479633,0.475068516,FALSE_POSITIVE
4952341,1.79683793,FALSE_POSITIVE
8176019,187.51251276,FALSE_POSITIVE
5385491,12.425484,FALSE_POSITIVE
11358389,17.7838298,CANDIDATE
5551504,1.204529346,FALSE_POSITIVE
6421503,2.15839583,FALSE_POSITIVE
10352333,1.570592397,CANDIDATE
7538434,371.1495,FALSE_POSITIVE
10487119,3.374684854,FALSE_POSITIVE
10621666,2.61841046,FALSE_POSITIVE
10747439,4.593594819,FALSE_POSITIVE
10749128,125.0426,FALSE_POSITIVE
10813841,6.17039154,FALSE_POSITIVE
10879656,0.364860478,FALSE_POSITIVE
12253474,6.422943288,CANDIDATE
12691412,6.90522317,FALSE_POSITIVE
5024482,1.5259105,FALSE_POSITIVE
8175131,4.27121961,FALSE_POSITIVE
3764879,1.306984786,CANDIDATE
7177766,0.769358923,FALSE_POSITIVE
5513897,0.755109106,FALSE_POSITIVE
10664416,25.3239215,FALSE_POSITIVE
9602613,4.61225043,CANDIDATE
5807769,7.99022379,CANDIDATE
11495766,4.1749166,FALSE_POSITIVE
7282154,0.56678694,FALSE_POSITIVE
3228988,0.73094701,FALSE_POSITIVE
2970804,0.686994057,FALSE_POSITIVE
7552701,1.324247867,FALSE_POSITIVE
7418173,0.780632043,FALSE_POSITIVE
3228804,0.730947169,FALSE_POSITIVE
11045383,41.16676097,FALSE_POSITIVE
11391667,1.083736642,FALSE_POSITIVE
11392017,2.45570369,FALSE_POSITIVE
3446451,0.64234875,FALSE_POSITIVE
6603756,5.204286663,FALSE_POSITIVE
8460600,6.352090869,FALSE_POSITIVE
12121470,1.877350712,FALSE_POSITIVE
3327993,2.11552348,FALSE_POSITIVE
5467124,2.84573962,FALSE_POSITIVE
7906739,7.01476115,FALSE_POSITIVE
2860114,0.941603153,FALSE_POSITIVE
8501062,24.40213373,FALSE_POSITIVE
7199644,1.13357304,FALSE_POSITIVE
11966253,0.643468999,FALSE_POSITIVE
10275805,112.645961,FALSE_POSITIVE
5709889,0.526887517,FALSE_POSITIVE
3119256,4.14244748,FALSE_POSITIVE
9943435,0.777663575,FALSE_POSITIVE
2442359,0.552834211,FALSE_POSITIVE
7707742,0.758354475,FALSE_POSITIVE
6041734,76.5369531,CANDIDATE
2010191,3.43525124,FALSE_POSITIVE
5471675,0.962828092,FALSE_POSITIVE
7601665,3.11141514,CANDIDATE
8845574,1.878156188,FALSE_POSITIVE
2021440,7.81153999,FALSE_POSITIVE
3122985,0.993488979,FALSE_POSITIVE
3248019,1.334104585,FALSE_POSITIVE
3328026,2.115498574,FALSE_POSITIVE
7116024,3.40076682,FALSE_POSITIVE
2014991,6.49676881,FALSE_POSITIVE
12885212,2.057499811,FALSE_POSITIVE
5894073,10.5856758,FALSE_POSITIVE
10518424,2.69633621,FALSE_POSITIVE
4245933,11.2580745,FALSE_POSITIVE
7199724,0.566795586,FALSE_POSITIVE
12935144,1.099291188,FALSE_POSITIVE
6185496,0.47462889,FALSE_POSITIVE
6606438,103.4269873,CANDIDATE
9149789,0.352515897,CANDIDATE
12170648,0.299697755,FALSE_POSITIVE
7051984,0.339069751,CANDIDATE
7282168,0.56681727,FALSE_POSITIVE
9851943,1.081935491,FALSE_POSITIVE
5773121,0.524175803,CANDIDATE
2708420,1.89129881,FALSE_POSITIVE
4814502,4.94330596,CANDIDATE
8142787,178.139072,CANDIDATE
7613620,0.619023176,CANDIDATE
3345675,120.00336404,CANDIDATE
3654950,4.067371428,FALSE_POSITIVE
3836453,1.540395781,FALSE_POSITIVE
3952651,32.9045733,FALSE_POSITIVE
3966262,2.46353343,FALSE_POSITIVE
4144231,22.91339043,FALSE_POSITIVE
9964670,1.541350116,FALSE_POSITIVE
6209798,1.205412526,FALSE_POSITIVE
6525249,1.710316235,FALSE_POSITIVE
11075429,23.9210408,CANDIDATE
11705004,9.03326435,CANDIDATE
6137681,356.535835,FALSE_POSITIVE
11244682,3.490785878,CANDIDATE
9655419,1.92149487,FALSE_POSITIVE
5895158,1.093665854,CANDIDATE
4947556,141.608555,CANDIDATE
7287028,3.6092231,CANDIDATE
5471690,12.4247333,FALSE_POSITIVE
8376848,11.4927112,CANDIDATE
5350447,70.7511986,FALSE_POSITIVE
4173026,116.583183,CANDIDATE
8934103,175.13892,CANDIDATE
7618364,1.302061421,FALSE_POSITIVE
4150390,55.25178622,FALSE_POSITIVE
4851464,5.548250634,FALSE_POSITIVE
4913000,4.442520831,FALSE_POSITIVE
4945877,1.339670241,FALSE_POSITIVE
5110423,2.685223546,FALSE_POSITIVE
2581191,1.99042642,FALSE_POSITIVE
7379385,67.230028,FALSE_POSITIVE
6199702,0.805259637,FALSE_POSITIVE
6307083,75.3787816,FALSE_POSITIVE
6780158,2.464160779,FALSE_POSITIVE
7199756,0.566781152,FALSE_POSITIVE
4947556,13.0267964,CANDIDATE
7362696,4.93129874,FALSE_POSITIVE
3865595,5.59187448,FALSE_POSITIVE
9593528,1.88665445,FALSE_POSITIVE
5195945,14.53682228,FALSE_POSITIVE
7300182,172.820248,CANDIDATE
5288577,1.72853003,FALSE_POSITIVE
11969988,2.19068738,FALSE_POSITIVE
8483258,372.16478,FALSE_POSITIVE
4832225,0.947730124,FALSE_POSITIVE
9009953,234.240739,CANDIDATE
7664272,341.01495,FALSE_POSITIVE
5302006,6.14631207,FALSE_POSITIVE
5306720,27.36432337,FALSE_POSITIVE
5389540,10.26231992,FALSE_POSITIVE
5444384,1.519529227,FALSE_POSITIVE
5450814,6.487525901,FALSE_POSITIVE
7116519,0.56676437,FALSE_POSITIVE
9635510,2.35197616,FALSE_POSITIVE
8076630,0.861643331,FALSE_POSITIVE
4077901,12.1097626,FALSE_POSITIVE
10271691,63.909601,FALSE_POSITIVE
10544677,19.7352868,FALSE_POSITIVE
7199883,0.566799125,FALSE_POSITIVE
9904006,20.1890396,CANDIDATE
8552587,1.061935973,FALSE_POSITIVE
6019872,1.485898163,FALSE_POSITIVE
7679812,38.5763483,CANDIDATE
4864734,1.845610523,FALSE_POSITIVE
7366501,7.3812344,CANDIDATE
8282846,133.303247,CANDIDATE
5938970,125.4132302,CANDIDATE
8381693,21.5702917,FALSE_POSITIVE
4929299,0.868723418,FALSE_POSITIVE
7375348,25.30893566,CANDIDATE
10223615,27.25471993,FALSE_POSITIVE
3342463,34.10787519,FALSE_POSITIVE
6680177,16.61474421,FALSE_POSITIVE
5565497,1.412526202,FALSE_POSITIVE
5730389,2.759573341,FALSE_POSITIVE
5802478,3.79188234,FALSE_POSITIVE
5942093,14.38724729,FALSE_POSITIVE
5992270,58.4302648,FALSE_POSITIVE
7117126,0.566717263,FALSE_POSITIVE
4761060,13.37935853,FALSE_POSITIVE
5479802,13.26255423,FALSE_POSITIVE
5607631,20.5696575,FALSE_POSITIVE
4951249,4.52342256,FALSE_POSITIVE
9156585,22.32423657,FALSE_POSITIVE
3121340,0.723947772,FALSE_POSITIVE
8636434,308.544422,CANDIDATE
5952366,0.905679492,FALSE_POSITIVE
5952366,22.735911,FALSE_POSITIVE
6045250,0.909310626,FALSE_POSITIVE
5598595,0.648774274,FALSE_POSITIVE
6681233,32.63286247,FALSE_POSITIVE
7296438,173.92851338,CANDIDATE
7351237,25.64384513,FALSE_POSITIVE
7436215,25.58546721,FALSE_POSITIVE
9763754,17.47702,FALSE_POSITIVE
10216045,16.88954693,FALSE_POSITIVE
8846163,26.77891391,FALSE_POSITIVE
12366681,13.33386985,FALSE_POSITIVE
1996399,94.10628163,FALSE_POSITIVE
2697169,14.71266408,FALSE_POSITIVE
8435247,0.696125302,FALSE_POSITIVE
8332986,302.38867822,FALSE_POSITIVE
9425139,305.0762469,CANDIDATE
6364327,5.24372504,FALSE_POSITIVE
6762829,18.795269797,FALSE_POSITIVE
7369865,42.2625935,FALSE_POSITIVE
7593110,3.549386251,FALSE_POSITIVE
7810483,29.92208104,CANDIDATE
7117147,0.566812588,FALSE_POSITIVE
6634133,9.94221873,FALSE_POSITIVE
7021534,9.06557317,FALSE_POSITIVE
9277210,4.9432827,FALSE_POSITIVE
9728465,7.35390869,FALSE_POSITIVE
7124026,15.7455586,FALSE_POSITIVE
7200485,0.566796615,FALSE_POSITIVE
9904006,8.48651582,CANDIDATE
4544572,2.189092892,FALSE_POSITIVE
5738634,2.40435335,FALSE_POSITIVE
10152836,220.9290121,FALSE_POSITIVE
10651816,3.1877519,FALSE_POSITIVE
7367164,3.76565247,CANDIDATE
6964043,10.72396374,FALSE_POSITIVE
3644523,119.67747,FALSE_POSITIVE
11909686,185.9526325,FALSE_POSITIVE
6678383,103.62650922,FALSE_POSITIVE
12644769,41.077590334,FALSE_POSITIVE
6233890,2.99540439,FALSE_POSITIVE
7671950,10.5994606,CANDIDATE
7918172,63.934965,FALSE_POSITIVE
8009496,38.4769457,FALSE_POSITIVE
8081187,37.3228722,CANDIDATE
8111919,1.664980224,FALSE_POSITIVE
8127586,16.6094904,FALSE_POSITIVE
7117485,0.566789505,FALSE_POSITIVE
2860793,2.62982665,FALSE_POSITIVE
3851130,2.69787749,FALSE_POSITIVE
7257363,5.23340265,FALSE_POSITIVE
11922722,3.51289168,FALSE_POSITIVE
12061969,14.092583189,CANDIDATE
7203326,9.087508013,FALSE_POSITIVE
8030339,0.65244373,FALSE_POSITIVE
9899414,1.332564704,FALSE_POSITIVE
5471059,2.636899795,FALSE_POSITIVE
7458309,0.660629055,FALSE_POSITIVE
7777372,0.885123683,FALSE_POSITIVE
7377200,471.65421,FALSE_POSITIVE
6312314,1.221204888,FALSE_POSITIVE
6387969,135.90795753,FALSE_POSITIVE
6468337,0.959853772,FALSE_POSITIVE
9084778,0.592243731,CANDIDATE
10357040,46.882525,FALSE_POSITIVE
10514429,20.7191626,FALSE_POSITIVE
7747103,399.37587,CANDIDATE
8127607,16.60973843,FALSE_POSITIVE
8129042,54.323118,FALSE_POSITIVE
8180020,5.803127153,FALSE_POSITIVE
8223328,35.51619219,FALSE_POSITIVE
8444552,0.589049151,FALSE_POSITIVE
6342333,80.2321467,CANDIDATE
10674871,41.88970036,CANDIDATE
6032517,1.791406261,FALSE_POSITIVE
4768846,1.25483232,FALSE_POSITIVE
8260234,5.71483873,FALSE_POSITIVE
7210749,17.5859472,FALSE_POSITIVE
9282769,1.332567005,FALSE_POSITIVE
10404582,10.32736351,CANDIDATE
7777416,2.54557259,FALSE_POSITIVE
7597005,0.704541784,FALSE_POSITIVE
5479717,0.697996932,FALSE_POSITIVE
3764714,6.63449721,FALSE_POSITIVE
11392618,110.9215892,FALSE_POSITIVE
4474645,3.88673217,FALSE_POSITIVE
4570949,1.544928892,CANDIDATE
4927315,11.76921923,FALSE_POSITIVE
4928119,44.638983058,FALSE_POSITIVE
11518201,1.236866732,CANDIDATE
10861608,174.95980475,FALSE_POSITIVE
10934313,1.926888595,FALSE_POSITIVE
11497958,34.1420506,CANDIDATE
7516809,0.241842544,FALSE_POSITIVE
6115516,0.865759153,FALSE_POSITIVE
9758032,1.332035996,CANDIDATE
6444896,8.68910764,CANDIDATE
5640511,0.63624396,FALSE_POSITIVE
7336093,4.4040248,FALSE_POSITIVE
10196493,9.81101738,FALSE_POSITIVE
11442793,8.71980135,CANDIDATE
11442793,7.00821787,CANDIDATE
7812455,0.903583394,FALSE_POSITIVE
9520443,0.99014722,FALSE_POSITIVE
10601465,138.61227705,FALSE_POSITIVE
7461307,0.77359329,FALSE_POSITIVE
7269881,0.306937807,FALSE_POSITIVE
6974658,0.716531851,CANDIDATE
10964265,0.637487312,FALSE_POSITIVE
8672910,5.71489488,FALSE_POSITIVE
3233043,7.76967007,FALSE_POSITIVE
7269493,76.642481,FALSE_POSITIVE
9634821,5.47715718,CANDIDATE
8753896,73.45736853,FALSE_POSITIVE
11074835,9.49361221,FALSE_POSITIVE
10812504,4.4296786,FALSE_POSITIVE
9827149,5.9703813,FALSE_POSITIVE
9602613,7.57299816,CANDIDATE
7584650,3.95383243,FALSE_POSITIVE
9758089,32.376183,CANDIDATE
10005758,284.063137,CANDIDATE
9823564,129.68366098,FALSE_POSITIVE
9532424,4.30908594,FALSE_POSITIVE
9950316,57.104588,FALSE_POSITIVE
6028860,0.422015793,FALSE_POSITIVE
6778019,0.945825494,FALSE_POSITIVE
4571536,0.676715927,FALSE_POSITIVE
10904004,4.64490141,CANDIDATE
3336283,0.576441813,FALSE_POSITIVE
5695904,0.423854275,FALSE_POSITIVE
1725415,2.43731228,FALSE_POSITIVE
11304987,0.692693892,FALSE_POSITIVE
11709423,0.768934934,FALSE_POSITIVE
8758136,0.998212785,FALSE_POSITIVE
12405333,0.764863517,CANDIDATE
10617638,0.710894157,FALSE_POSITIVE
12833566,0.537839241,FALSE_POSITIVE
9153554,0.373684977,FALSE_POSITIVE
8161830,1.10118564,FALSE_POSITIVE
6461850,0.544962596,FALSE_POSITIVE
7613246,0.769127296,FALSE_POSITIVE
11551715,225.56791218,FALSE_POSITIVE
2715695,4.09578199,CANDIDATE
11442793,91.9401253,CANDIDATE
6312171,92.57337995,FALSE_POSITIVE
10665043,185.0097245,FALSE_POSITIVE
12352520,4.5770016,CANDIDATE
7455981,14.4540329,CANDIDATE
7107561,0.812587678,FALSE_POSITIVE
9605552,9.3210841,CANDIDATE
11237332,19.3073774,FALSE_POSITIVE
8669092,1.000840564,FALSE_POSITIVE
5474613,13.6164547,CANDIDATE
9823519,1.766789509,CANDIDATE
2715695,7.55842923,CANDIDATE
10587105,35.8656484,CANDIDATE
8558011,0.638162933,CANDIDATE
7885494,1.72929014,FALSE_POSITIVE
5281714,40.301684,FALSE_POSITIVE
5283728,43.681309,CANDIDATE
5289857,26.524553,FALSE_POSITIVE
5303185,26.1537851,FALSE_POSITIVE
5308777,0.944598153,FALSE_POSITIVE
5364090,354.63284,FALSE_POSITIVE
5370944,35.40103336,FALSE_POSITIVE
5374838,230.180357,CANDIDATE
6364143,5.2433865,FALSE_POSITIVE
6364307,5.2435703,FALSE_POSITIVE
6366559,55.7583803,CANDIDATE
6367663,3.781123,CANDIDATE
6368905,220.720142,CANDIDATE
6369548,634.84739,FALSE_POSITIVE
6372194,281.5921577,CANDIDATE
6387557,103.722152,CANDIDATE
3098843,29.9756697,FALSE_POSITIVE
3958301,387.56519,FALSE_POSITIVE
5353137,31.5073649,FALSE_POSITIVE
4932689,18.1118457,FALSE_POSITIVE
5294945,32.5474295,CANDIDATE
7742408,33.4969115,CANDIDATE
3968809,411.8969,CANDIDATE
3970397,34.33339948,FALSE_POSITIVE
3973549,1.389947459,FALSE_POSITIVE
3974928,127.671711,CANDIDATE
4058169,282.5363563,FALSE_POSITIVE
4063943,115.23145073,CANDIDATE
4068391,289.490952,FALSE_POSITIVE
4071638,349.58811,CANDIDATE
5390913,1.680254289,CANDIDATE
5391911,0.782068488,FALSE_POSITIVE
5394585,151.13008,CANDIDATE
5397106,440.65087204,FALSE_POSITIVE
5425643,258.63797782,CANDIDATE
5425908,289.76961138,FALSE_POSITIVE
5428199,628.15844,CANDIDATE
5436415,273.223848,FALSE_POSITIVE
6387887,0.650701055,FALSE_POSITIVE
6425377,263.90141,CANDIDATE
6428602,59.742966,FALSE_POSITIVE
6442735,18.7821603,CANDIDATE
6443093,389.316341,CANDIDATE
6447372,405.32064,FALSE_POSITIVE
6461675,342.830882,FALSE_POSITIVE
6509282,3.98916186,CANDIDATE
8231667,42.8774169,CANDIDATE
6697817,190.800788,CANDIDATE
3439096,2.97601892,FALSE_POSITIVE
3324644,2.882424694,FALSE_POSITIVE
5437945,220.142913,CANDIDATE
1161949,473.95103,FALSE_POSITIVE
4077252,0.534109403,FALSE_POSITIVE
4077767,168.77118,FALSE_POSITIVE
4135912,29.6094263,CANDIDATE
4144238,22.9138322,FALSE_POSITIVE
4147171,538.36855,FALSE_POSITIVE
4149060,65.5327181,FALSE_POSITIVE
4150972,161.537665,CANDIDATE
4160006,1.018360336,FALSE_POSITIVE
5436455,209.967521,CANDIDATE
5439000,369.73011,CANDIDATE
5440435,78.04064906,FALSE_POSITIVE
5440472,396.349253,FALSE_POSITIVE
5440651,0.502807253,FALSE_POSITIVE
5443320,21.3684341,CANDIDATE
5446961,149.526152,FALSE_POSITIVE
5467126,2.845736321,FALSE_POSITIVE
6511182,29.5632952,CANDIDATE
6517064,181.81214,CANDIDATE
6517200,435.50635,CANDIDATE
6517255,525.560452,CANDIDATE
6522124,43.60012467,FALSE_POSITIVE
6525196,1.710299164,FALSE_POSITIVE
6525398,252.04444,FALSE_POSITIVE
6526377,1.39508873,FALSE_POSITIVE
1164301,95.688682,CANDIDATE
1297263,153.521361,FALSE_POSITIVE
1429589,38.168652,CANDIDATE
1572948,3.0031801,FALSE_POSITIVE
1725193,2.96384168,FALSE_POSITIVE
1865864,69.089357,CANDIDATE
1870398,43.142257,FALSE_POSITIVE
1873513,3.290304098,CANDIDATE
4164511,40.9882124,CANDIDATE
4179201,326.70552,FALSE_POSITIVE
4241238,138.333748,CANDIDATE
4242806,343.49816,FALSE_POSITIVE
4245861,11.2582311,FALSE_POSITIVE
4246343,139.54219147,FALSE_POSITIVE
4253860,155.046089,FALSE_POSITIVE
4274816,14.3641542,FALSE_POSITIVE
5470851,12.4276185,FALSE_POSITIVE
5471108,12.427076,FALSE_POSITIVE
5524229,22.4932751,CANDIDATE
5525484,315.502534,FALSE_POSITIVE
5529385,215.732414,CANDIDATE
5547424,276.54167976,FALSE_POSITIVE
5551240,4.13960513,CANDIDATE
6527229,200.79976002,FALSE_POSITIVE
6543192,8.0906952,CANDIDATE
6543674,1.195515364,FALSE_POSITIVE
6548429,210.971635,FALSE_POSITIVE
6594945,188.954072,CANDIDATE
6599305,42.02646,FALSE_POSITIVE
6600515,372.04697,FALSE_POSITIVE
6608090,438.81524,FALSE_POSITIVE
2010607,18.622214,FALSE_POSITIVE
2015013,27.8923345,FALSE_POSITIVE
2019199,579.81521,CANDIDATE
2158460,19.12788374,CANDIDATE
2163226,452.10093,FALSE_POSITIVE
2165352,0.7906069,FALSE_POSITIVE
2305255,24.5714867,FALSE_POSITIVE
2305543,0.681137796,FALSE_POSITIVE
4276114,3.722404453,FALSE_POSITIVE
4281023,230.385488,FALSE_POSITIVE
4281700,222.84909312,FALSE_POSITIVE
4346339,493.74242,CANDIDATE
4365461,1.714414962,FALSE_POSITIVE
4366923,646.28789332,FALSE_POSITIVE
4449752,290.438547,FALSE_POSITIVE
4455763,0.766298172,FALSE_POSITIVE
5563057,1.049468616,FALSE_POSITIVE
5565261,2.362348096,FALSE_POSITIVE
5602409,136.830243,FALSE_POSITIVE
5603270,103.284757,FALSE_POSITIVE
5612111,36.1904638,FALSE_POSITIVE
5616628,419.75224,FALSE_POSITIVE
5623137,419.95929,FALSE_POSITIVE
6611779,206.309658,FALSE_POSITIVE
6612411,8.46184728,FALSE_POSITIVE
6612973,681.01756,FALSE_POSITIVE
6615600,2.19509634,FALSE_POSITIVE
6634112,9.942228056,CANDIDATE
6635813,141.00582791,FALSE_POSITIVE
6675757,22.2903562,CANDIDATE
6677415,73.9239955,FALSE_POSITIVE
2309910,1.8437362,FALSE_POSITIVE
2310993,55.180772,CANDIDATE
2437209,281.36926,FALSE_POSITIVE
2437653,84.6405853,CANDIDATE
2438406,262.71162,FALSE_POSITIVE
2452289,6.0353643,FALSE_POSITIVE
2555080,15.2024426,CANDIDATE
2569488,1.52327807,FALSE_POSITIVE
4459503,260.31119904,FALSE_POSITIVE
4464689,574.37064,FALSE_POSITIVE
4469825,253.87706,FALSE_POSITIVE
4470888,523.36921,FALSE_POSITIVE
4471313,110.089267,CANDIDATE
4478142,219.931324,CANDIDATE
4484179,385.29212,CANDIDATE
5623839,80.292171,FALSE_POSITIVE
5650420,1.049406508,FALSE_POSITIVE
5650930,455.195496,CANDIDATE
5653152,3.58957045,FALSE_POSITIVE
5653163,2.40435325,FALSE_POSITIVE
5685113,37.078668,FALSE_POSITIVE
5697395,50.55398,CANDIDATE
5698524,228.196872,FALSE_POSITIVE
6784887,44.714450094,FALSE_POSITIVE
6805414,200.2350497,CANDIDATE
6864891,40.8801539,FALSE_POSITIVE
6869373,31.5034587,CANDIDATE
6875342,22.2381062,CANDIDATE
6879183,20.5477769,CANDIDATE
7891264,25.166806,FALSE_POSITIVE
6880123,323.972022,FALSE_POSITIVE
6891512,1.752562808,FALSE_POSITIVE
2569516,45.5827119,FALSE_POSITIVE
2570432,1.89140138,FALSE_POSITIVE
2574543,6.70258007,FALSE_POSITIVE
2578811,6.2095391,FALSE_POSITIVE
7897936,363.17077,FALSE_POSITIVE
2582800,615.16033,FALSE_POSITIVE
2707916,1.89124738,FALSE_POSITIVE
2708270,1.89125883,FALSE_POSITIVE
4540508,362.1273,FALSE_POSITIVE
4565943,353.36705,FALSE_POSITIVE
4566848,180.4118581,CANDIDATE
4570555,4.750256809,FALSE_POSITIVE
4586482,623.005238,FALSE_POSITIVE
4647949,45.41810604,FALSE_POSITIVE
4678873,1.878877205,FALSE_POSITIVE
4732015,0.938857507,FALSE_POSITIVE
5709014,287.46579664,FALSE_POSITIVE
5732636,32.245486,FALSE_POSITIVE
5734702,392.47291,CANDIDATE
5779606,142.20400109,FALSE_POSITIVE
5780194,149.237142,FALSE_POSITIVE
5781991,501.51698,FALSE_POSITIVE
5784803,357.77096,FALSE_POSITIVE
5791713,531.33282,FALSE_POSITIVE
6681473,396.048721,FALSE_POSITIVE
6688318,326.370361,FALSE_POSITIVE
6690523,148.666527,FALSE_POSITIVE
6692742,163.104677,FALSE_POSITIVE
6695801,1.10656965,FALSE_POSITIVE
6699562,46.270524872,FALSE_POSITIVE
6707260,13.4256161,FALSE_POSITIVE
6718474,590.44065,FALSE_POSITIVE
2710101,28.88008607,FALSE_POSITIVE
2711123,2.858879267,FALSE_POSITIVE
2833632,241.647602,FALSE_POSITIVE
2836076,528.07962334,FALSE_POSITIVE
2850321,25.2218929,FALSE_POSITIVE
2861126,105.52127462,FALSE_POSITIVE
2861298,581.729006,CANDIDATE
2987433,420.92920358,FALSE_POSITIVE
4732137,393.946106,FALSE_POSITIVE
4736439,194.896925,FALSE_POSITIVE
4737848,56.001782,CANDIDATE
4740375,471.95076253,FALSE_POSITIVE
4741777,101.928291,FALSE_POSITIVE
4750406,379.63135,FALSE_POSITIVE
4750962,69.932459,CANDIDATE
4760478,287.377314,CANDIDATE
5793275,535.93723,CANDIDATE
5794687,367.72767,FALSE_POSITIVE
5817712,4.20601251,FALSE_POSITIVE
5857656,313.051405,CANDIDATE
5858519,4.18236124,FALSE_POSITIVE
5859725,18.9828305,CANDIDATE
5869272,186.59466,FALSE_POSITIVE
5905728,7.87173698,FALSE_POSITIVE
6719052,357.437578,CANDIDATE
6721603,215.634356,CANDIDATE
6756369,30.928898,CANDIDATE
6762188,7.155547398,FALSE_POSITIVE
6765563,293.392635,CANDIDATE
6766583,63.024229,FALSE_POSITIVE
6767337,506.771836,FALSE_POSITIVE
6776555,5.43361347,CANDIDATE
2992634,47.82278681,CANDIDATE
3001955,348.96347,CANDIDATE
3003673,57.1143966,FALSE_POSITIVE
3101178,59.4037839,CANDIDATE
3117115,485.91276,FALSE_POSITIVE
3120397,20.5311708,FALSE_POSITIVE
3222680,2.31164074,FALSE_POSITIVE
3239171,43.581043,CANDIDATE
4761427,327.063,CANDIDATE
4769799,21.92866538,FALSE_POSITIVE
4770798,651.07431,CANDIDATE
4813750,49.1782244,CANDIDATE
4814168,545.54618,FALSE_POSITIVE
4815612,1.928420823,FALSE_POSITIVE
4819158,328.84846,FALSE_POSITIVE
4833409,271.790292,CANDIDATE
5942112,125.95781975,FALSE_POSITIVE
5946568,3.5645249,CANDIDATE
5949765,426.34444,FALSE_POSITIVE
5954894,48.2455501,CANDIDATE
5956038,256.846143,FALSE_POSITIVE
5963591,146.931518,FALSE_POSITIVE
5965629,377.311149,CANDIDATE
6934045,265.741374,CANDIDATE
6939913,470.65357,CANDIDATE
6947062,309.19347,FALSE_POSITIVE
6948815,1.541530919,FALSE_POSITIVE
6952570,122.713036,FALSE_POSITIVE
7009548,15.18575582,CANDIDATE
7011044,25.50236699,FALSE_POSITIVE
7013635,290.625016,FALSE_POSITIVE
3240049,2.945414866,FALSE_POSITIVE
3242039,59.14382117,CANDIDATE
3245638,232.822285,FALSE_POSITIVE
3329985,146.355097,FALSE_POSITIVE
3340165,26.092284,CANDIDATE
3341760,0.523493764,FALSE_POSITIVE
3341982,514.14221,FALSE_POSITIVE
3355104,47.0628978,CANDIDATE
4840327,26.737139497,FALSE_POSITIVE
4843751,310.61299,FALSE_POSITIVE
4856592,461.1417,FALSE_POSITIVE
4863260,0.987069622,FALSE_POSITIVE
4902673,329.71491,FALSE_POSITIVE
4912650,100.345648,CANDIDATE
4914221,111.187116,CANDIDATE
4914399,1.23708565,FALSE_POSITIVE
5967194,498.24938,FALSE_POSITIVE
5980354,1.573020098,FALSE_POSITIVE
5981058,27.765596,CANDIDATE
5986270,1.534679933,FALSE_POSITIVE
5989391,71.59889,FALSE_POSITIVE
6021840,367.6758,CANDIDATE
6023571,354.21154,CANDIDATE
6025174,171.028691,CANDIDATE
3356156,624.90338,CANDIDATE
3425363,25.5338535,CANDIDATE
3428127,339.18998,CANDIDATE
3428359,77.66967809,FALSE_POSITIVE
3439031,2.976012511,FALSE_POSITIVE
3441795,349.73652,CANDIDATE
3449540,1.606003121,FALSE_POSITIVE
3449870,61.438007,FALSE_POSITIVE
4915582,436.18813,CANDIDATE
4917357,147.863607,FALSE_POSITIVE
4917658,586.91711807,FALSE_POSITIVE
4918303,21.1579573,CANDIDATE
4927738,19.545185,FALSE_POSITIVE
4937140,215.044269,FALSE_POSITIVE
4940376,169.330666,CANDIDATE
4945035,1.174683069,FALSE_POSITIVE
6033602,33.2948005,FALSE_POSITIVE
6034379,249.35154,CANDIDATE
6034834,371.56492,CANDIDATE
6036286,546.53309,CANDIDATE
6038152,364.63189,CANDIDATE
6043490,330.738115,CANDIDATE
6045404,78.876125,CANDIDATE
6047853,476.39752,FALSE_POSITIVE
3459529,231.364508,FALSE_POSITIVE
3532510,106.779168,FALSE_POSITIVE
3540873,444.04257,CANDIDATE
3542117,12.5748872,FALSE_POSITIVE
3542928,484.172005,FALSE_POSITIVE
3545749,277.77499,FALSE_POSITIVE
3546821,561.08191,FALSE_POSITIVE
3548645,211.330867,CANDIDATE
4946581,28.615014,FALSE_POSITIVE
4953262,105.5904748,CANDIDATE
4996558,3.017155419,FALSE_POSITIVE
5006817,94.818136,FALSE_POSITIVE
5008775,52.6727624,FALSE_POSITIVE
5015027,34.4886903,FALSE_POSITIVE
5016163,2.6228301,FALSE_POSITIVE
5024476,222.068928,FALSE_POSITIVE
6058896,0.56493398,FALSE_POSITIVE
6062298,246.12174,FALSE_POSITIVE
6065010,159.05846,FALSE_POSITIVE
6067545,550.86514,CANDIDATE
6115356,380.39474,CANDIDATE
6116605,419.21314,FALSE_POSITIVE
6118840,350.98474,FALSE_POSITIVE
6129632,298.4688,FALSE_POSITIVE
3553900,12.5747207,CANDIDATE
3554819,43.22793081,FALSE_POSITIVE
3555178,528.10984,FALSE_POSITIVE
3632330,63.12379762,FALSE_POSITIVE
3641216,358.54455552,FALSE_POSITIVE
3644399,119.669671,FALSE_POSITIVE
3644649,598.31791,FALSE_POSITIVE
5027859,33.3726538,CANDIDATE
5032842,18.40783671,FALSE_POSITIVE
5036052,143.163697,CANDIDATE
5037742,250.4858,FALSE_POSITIVE
5039053,401.38712,FALSE_POSITIVE
5080565,49.312677,FALSE_POSITIVE
5091808,288.94276,FALSE_POSITIVE
6139220,273.6857427,FALSE_POSITIVE
6143819,28.1117095,FALSE_POSITIVE
6145939,17.745456135,FALSE_POSITIVE
6149980,603.3102,FALSE_POSITIVE
6184894,7.20281185,CANDIDATE
6195792,36.4772788,FALSE_POSITIVE
6197658,282.0309,CANDIDATE
6198670,179.25465,CANDIDATE
3646449,65.752109,CANDIDATE
3646515,249.61377295,FALSE_POSITIVE
3647097,59.9655175,CANDIDATE
3730176,399.49671,FALSE_POSITIVE
3748239,112.951287,CANDIDATE
3751118,103.363691,CANDIDATE
3755522,251.958533,FALSE_POSITIVE
5094412,276.879492,CANDIDATE
5105886,389.169027,FALSE_POSITIVE
5110453,418.04355,CANDIDATE
5113146,18.78970984,FALSE_POSITIVE
5130563,0.915782856,FALSE_POSITIVE
5131276,0.66882716,FALSE_POSITIVE
5166811,370.05918,CANDIDATE
5174677,43.5428781,FALSE_POSITIVE
6203955,19.4534296,CANDIDATE
6205384,3.72273683,FALSE_POSITIVE
6205405,3.7229369,FALSE_POSITIVE
6206470,1.80455062,FALSE_POSITIVE
6263468,10.1955065,FALSE_POSITIVE
6266866,232.916142,CANDIDATE
6277594,3.66115536,FALSE_POSITIVE
9002278,267.282521,CANDIDATE
6026438,16.9348104,CANDIDATE
3229150,44.7055876,CANDIDATE
11360805,57.3888262,CANDIDATE
3757521,126.51457638,CANDIDATE
3758499,14.5168151,CANDIDATE
3763724,225.43420422,FALSE_POSITIVE
3834728,359.98653,CANDIDATE
3836450,1.540399732,FALSE_POSITIVE
3836509,1.540389045,FALSE_POSITIVE
3836522,1.540393027,FALSE_POSITIVE
3846515,0.888045184,FALSE_POSITIVE
5179609,43.9311596,FALSE_POSITIVE
5181086,494.62409,FALSE_POSITIVE
5181299,573.23826,CANDIDATE
5184144,314.765374,CANDIDATE
5192660,110.75214125,FALSE_POSITIVE
5193813,121.1825045,FALSE_POSITIVE
5199426,78.60436061,FALSE_POSITIVE
5211631,294.202469,FALSE_POSITIVE
6281127,588.10504,FALSE_POSITIVE
6285906,116.170346,FALSE_POSITIVE
6287131,452.30053,FALSE_POSITIVE
6289459,39.5931053,FALSE_POSITIVE
6289897,1.55935718,FALSE_POSITIVE
6290467,100.629443,FALSE_POSITIVE
6309307,438.98396,CANDIDATE
6342980,273.169948,FALSE_POSITIVE
8753896,14.5123622,CANDIDATE
4150611,1.434200327,FALSE_POSITIVE
4150611,8.653098686,FALSE_POSITIVE
4909707,2.302365255,FALSE_POSITIVE
7919516,0.575445783,FALSE_POSITIVE
6850665,214.715417,FALSE_POSITIVE
4948730,23.0295222,FALSE_POSITIVE
3848665,359.04147,FALSE_POSITIVE
3848919,0.52363021,FALSE_POSITIVE
3848948,0.523632451,FALSE_POSITIVE
3852865,492.25299,FALSE_POSITIVE
3854101,293.5056071,FALSE_POSITIVE
3858926,25.95247,FALSE_POSITIVE
3859890,4.34573349,FALSE_POSITIVE
3863877,288.07937,CANDIDATE
5213005,484.58335927,FALSE_POSITIVE
5213811,288.285213,FALSE_POSITIVE
5255259,198.895864,CANDIDATE
5260419,19.93826636,FALSE_POSITIVE
5262539,491.08027,FALSE_POSITIVE
5263802,3.350209754,FALSE_POSITIVE
5265982,628.592314,FALSE_POSITIVE
5271637,471.37787,FALSE_POSITIVE
6346894,52.69092296,CANDIDATE
6347434,425.22927,FALSE_POSITIVE
6347890,37.71508287,CANDIDATE
6350031,5.1779065,CANDIDATE
6359881,474.22897,CANDIDATE
6359929,371.50631,CANDIDATE
6363560,606.91488768,FALSE_POSITIVE
6364064,5.24331899,FALSE_POSITIVE
11177676,47.0320478,CANDIDATE
4936990,10.31453308,FALSE_POSITIVE
7130418,15.52861675,FALSE_POSITIVE
12208887,53.501860974,FALSE_POSITIVE
10711551,10.692230094,FALSE_POSITIVE
7919867,1.60375114,FALSE_POSITIVE
11081512,15.7397651,FALSE_POSITIVE
3865815,117.26808432,CANDIDATE
3867593,73.3377984,FALSE_POSITIVE
3941219,282.159571,FALSE_POSITIVE
3953106,6.58729511,FALSE_POSITIVE
3953212,459.23193,FALSE_POSITIVE
3955444,62.312419,CANDIDATE
3962728,25.9493253,FALSE_POSITIVE
3965326,212.76701,FALSE_POSITIVE
9265521,386.62189,FALSE_POSITIVE
9268456,84.644104,FALSE_POSITIVE
9271739,575.95408,FALSE_POSITIVE
9274092,426.942225,CANDIDATE
9274431,117.844963,FALSE_POSITIVE
9282853,83.499618,CANDIDATE
9292100,91.507044,CANDIDATE
9300066,188.664098,CANDIDATE
10186761,75.636309,CANDIDATE
10189542,24.614775,FALSE_POSITIVE
10191056,1.21374744,FALSE_POSITIVE
10191449,492.23808,CANDIDATE
10199984,198.6004,CANDIDATE
10201891,372.30881,FALSE_POSITIVE
10208477,454.244158,FALSE_POSITIVE
10222603,112.48226,FALSE_POSITIVE
7581535,218.56734012,FALSE_POSITIVE
7592339,229.948531,FALSE_POSITIVE
7598326,403.5637828,FALSE_POSITIVE
7599004,2.41172358,FALSE_POSITIVE
7618231,92.9314146,FALSE_POSITIVE
7619667,103.22293786,FALSE_POSITIVE
7625138,5.71966537,CANDIDATE
8507073,209.06299275,FALSE_POSITIVE
8507586,201.621794,CANDIDATE
8509781,70.335879746,FALSE_POSITIVE
8510197,591.37382,FALSE_POSITIVE
8516349,559.28332,FALSE_POSITIVE
8525101,24.6777128,CANDIDATE
8525286,113.05980069,CANDIDATE
8542879,136.355967,FALSE_POSITIVE
9304976,54.6957124,CANDIDATE
9306677,532.9307,FALSE_POSITIVE
9330740,169.84787744,CANDIDATE
9334027,284.699924,CANDIDATE
9357578,171.69799,FALSE_POSITIVE
9362842,444.89411,FALSE_POSITIVE
9363944,402.20969,CANDIDATE
9368524,229.86928,FALSE_POSITIVE
10227881,5.14108479,FALSE_POSITIVE
10266852,179.27230765,FALSE_POSITIVE
10272858,584.55603,CANDIDATE
10292000,200.83849979,FALSE_POSITIVE
10319341,40.1043796,FALSE_POSITIVE
10319834,70.31252504,CANDIDATE
10320341,30.114681501,FALSE_POSITIVE
10339000,69.775633,CANDIDATE
7625143,58.5029431,CANDIDATE
7631138,415.748785,CANDIDATE
7658229,36.1826854,FALSE_POSITIVE
7662502,24.1527864,CANDIDATE
7672215,11.1734401,CANDIDATE
7674050,472.2265706,FALSE_POSITIVE
7690782,428.379308,CANDIDATE
7700561,1.507099289,FALSE_POSITIVE
8546464,253.652263,FALSE_POSITIVE
8547213,392.72811,CANDIDATE
8547366,128.66825288,FALSE_POSITIVE
8547525,485.57785,FALSE_POSITIVE
8547537,374.05697,CANDIDATE
8548403,643.4528,FALSE_POSITIVE
8548454,339.633833,CANDIDATE
8552607,1.061934307,FALSE_POSITIVE
9390655,9.5497037,FALSE_POSITIVE
9391817,140.884533,CANDIDATE
9394762,77.138911,FALSE_POSITIVE
9394953,100.494129,CANDIDATE
9397862,182.453195,CANDIDATE
9402670,0.536551592,FALSE_POSITIVE
9402859,68.54443156,FALSE_POSITIVE
9407689,130.110715,FALSE_POSITIVE
10356840,242.484764,FALSE_POSITIVE
10387792,383.26217,CANDIDATE
10394802,178.266978,CANDIDATE
10399137,385.593209,FALSE_POSITIVE
10416390,215.737826,FALSE_POSITIVE
10419108,507.48249,FALSE_POSITIVE
10453009,30.9771151,CANDIDATE
10459749,19.11280242,CANDIDATE
7701809,30.2111162,FALSE_POSITIVE
7731281,76.377855,CANDIDATE
7743464,55.249007325,FALSE_POSITIVE
7747091,14.2673439,CANDIDATE
7747197,22.52907,FALSE_POSITIVE
7750342,66.247851,FALSE_POSITIVE
7751133,370.91308,FALSE_POSITIVE
7757620,360.64485255,CANDIDATE
8560475,7.41505161,FALSE_POSITIVE
8561192,2.742590902,FALSE_POSITIVE
8570210,541.04472,CANDIDATE
8571421,514.271499,CANDIDATE
8574794,571.14302,CANDIDATE
8575061,216.453511,FALSE_POSITIVE
8612291,37.0488669,FALSE_POSITIVE
8613769,540.39267,CANDIDATE
9412267,542.16158927,FALSE_POSITIVE
9417931,190.905243,CANDIDATE
9418508,11.0153889,FALSE_POSITIVE
9449320,28.34230575,FALSE_POSITIVE
9451521,231.521608,FALSE_POSITIVE
9455322,180.890384,FALSE_POSITIVE
9455526,60.0546149,FALSE_POSITIVE
9456887,20.5142642,CANDIDATE
10470779,495.854189,CANDIDATE
10480952,2.037453129,FALSE_POSITIVE
10487228,318.25858,CANDIDATE
10519727,184.883155,CANDIDATE
10525077,11.006795,CANDIDATE
10535708,177.37583,CANDIDATE
10547378,35.164087,FALSE_POSITIVE
10548411,107.11003503,FALSE_POSITIVE
7762153,366.55705,CANDIDATE
7762717,462.26052152,FALSE_POSITIVE
7767781,39.42516213,CANDIDATE
7770901,124.887214,CANDIDATE
7800285,0.533000886,FALSE_POSITIVE
7804128,200.35091012,FALSE_POSITIVE
7809049,114.32859485,FALSE_POSITIVE
7811057,99.97889,FALSE_POSITIVE
8622875,374.71687,FALSE_POSITIVE
8644545,295.958914,CANDIDATE
8644911,120.938669,CANDIDATE
8652997,362.22202,CANDIDATE
8655076,42.070868,FALSE_POSITIVE
8656535,631.99116,CANDIDATE
8671707,401.73243,FALSE_POSITIVE
8676061,428.1186,FALSE_POSITIVE
9457533,37.3683802,FALSE_POSITIVE
9463329,615.81928,FALSE_POSITIVE
9466486,557.92882,CANDIDATE
9472328,77.51257,CANDIDATE
9472341,46.969389,CANDIDATE
9474485,0.512581525,FALSE_POSITIVE
9475697,206.801125,CANDIDATE
9481235,14.0019064,CANDIDATE
10551346,1.42796645,FALSE_POSITIVE
10552151,525.757041,CANDIDATE
10552263,313.82752,CANDIDATE
10554421,236.09799849,CANDIDATE
10556891,70.61977122,FALSE_POSITIVE
10579570,216.10910854,FALSE_POSITIVE
10581308,425.593391,CANDIDATE
10591578,44.51439331,FALSE_POSITIVE
7812990,43.08410127,CANDIDATE
7819520,230.80401566,FALSE_POSITIVE
7829836,237.819002,CANDIDATE
7830953,581.87357,CANDIDATE
7836096,15.9961296,CANDIDATE
7837526,28.297207229,FALSE_POSITIVE
7881464,213.63312404,CANDIDATE
7884986,412.227551,FALSE_POSITIVE
8677186,586.63177,FALSE_POSITIVE
8678345,364.95068,FALSE_POSITIVE
8682751,44.36123319,FALSE_POSITIVE
8715564,438.00974,FALSE_POSITIVE
8715589,7.62210397,CANDIDATE
8718273,3.479508244,FALSE_POSITIVE
8737343,406.29695,FALSE_POSITIVE
8741367,0.9886684,CANDIDATE
9489348,3.34465934,FALSE_POSITIVE
9517242,513.14417,FALSE_POSITIVE
9532603,14.5555096,CANDIDATE
9534832,114.12716,CANDIDATE
9536727,17.0497376,CANDIDATE
9543302,13.0366377,FALSE_POSITIVE
9575728,2.64181261,CANDIDATE
10799291,270.98477,FALSE_POSITIVE
10802364,583.8531,CANDIDATE
10809888,72.782432,CANDIDATE
10813078,10.552241908,CANDIDATE
10817600,2.74703312,FALSE_POSITIVE
10850327,440.171272,CANDIDATE
10855545,37.537859,CANDIDATE
10858504,474.96952,CANDIDATE
7885558,0.864651455,FALSE_POSITIVE
7888863,74.624063,CANDIDATE
7900450,25.4805211,FALSE_POSITIVE
7900695,512.11636,FALSE_POSITIVE
7900727,348.61891,FALSE_POSITIVE
7902719,368.70839,FALSE_POSITIVE
7916058,7.1091096,FALSE_POSITIVE
7917068,416.9504,CANDIDATE
8742270,397.3958488,FALSE_POSITIVE
8745553,62.134919,CANDIDATE
8747222,1.667482003,FALSE_POSITIVE
8747910,574.65297,CANDIDATE
8766285,5.29730786,FALSE_POSITIVE
8807988,21.9578446,CANDIDATE
8812360,77.395279,FALSE_POSITIVE
8814872,373.41509,CANDIDATE
9579072,612.882452,FALSE_POSITIVE
9579606,107.904526,CANDIDATE
9591728,11.03571773,FALSE_POSITIVE
9594184,42.093314,FALSE_POSITIVE
9594992,274.10859251,FALSE_POSITIVE
9596820,282.029084,CANDIDATE
9598315,339.18109,FALSE_POSITIVE
9602595,3.55650976,FALSE_POSITIVE
10601163,3.1318392,CANDIDATE
10616317,38.27772448,FALSE_POSITIVE
10616656,25.285232337,FALSE_POSITIVE
10618044,207.767894,CANDIDATE
10656842,82.508054,CANDIDATE
10658177,113.083522,CANDIDATE
10661679,1.23138339,FALSE_POSITIVE
10663976,381.37504,CANDIDATE
7935997,322.55663046,FALSE_POSITIVE
7938499,7.2269859,FALSE_POSITIVE
7941635,0.762724045,FALSE_POSITIVE
7948619,206.76425774,FALSE_POSITIVE
7950158,529.39169,CANDIDATE
7967210,362.49906,FALSE_POSITIVE
7970194,190.65896,FALSE_POSITIVE
7978202,509.997402,CANDIDATE
8823893,1.50650036,FALSE_POSITIVE
8836224,194.48732212,FALSE_POSITIVE
8841297,495.51899,CANDIDATE
8868481,388.048463,CANDIDATE
8888745,34.0269868,CANDIDATE
8890417,173.219879,CANDIDATE
8891684,374.878133,CANDIDATE
8904714,5.2362026,FALSE_POSITIVE
9645188,48.55059299,FALSE_POSITIVE
9659022,511.882,CANDIDATE
9662475,247.372131,FALSE_POSITIVE
9674789,96.16705,CANDIDATE
9705620,95.254421,FALSE_POSITIVE
9715631,425.483539,CANDIDATE
9723746,208.800733,CANDIDATE
9724993,7.863361238,FALSE_POSITIVE
10677763,120.16983803,FALSE_POSITIVE
10678912,113.71363032,CANDIDATE
10685764,17.634272,CANDIDATE
10724569,0.745086745,FALSE_POSITIVE
10734441,247.47724314,FALSE_POSITIVE
10737437,208.047137,CANDIDATE
10747162,30.561533,CANDIDATE
10777591,6.10968225,CANDIDATE
7979297,292.09809,CANDIDATE
7982917,11.8045536,FALSE_POSITIVE
8005002,578.21623,CANDIDATE
8007174,56.648588,CANDIDATE
8009811,53.554546,CANDIDATE
8016211,3.1748772,FALSE_POSITIVE
8016650,119.079642,CANDIDATE
8025718,371.18648,FALSE_POSITIVE
8915379,20.5858591,CANDIDATE
8935352,10.90962154,FALSE_POSITIVE
8937555,113.573945,CANDIDATE
8939211,27.0779813,FALSE_POSITIVE
8939650,1.827660875,FALSE_POSITIVE
8946267,542.91133,CANDIDATE
8949512,376.554588,FALSE_POSITIVE
8955741,538.4263,FALSE_POSITIVE
9758615,94.20561159,FALSE_POSITIVE
9771920,378.70643955,FALSE_POSITIVE
9775475,78.4286313,FALSE_POSITIVE
9776907,287.75613,CANDIDATE
9780149,2.53021,FALSE_POSITIVE
9786017,2.249000963,FALSE_POSITIVE
9832379,189.961729,CANDIDATE
9837659,121.62387378,FALSE_POSITIVE
10865043,202.18722766,CANDIDATE
10878117,280.92070688,CANDIDATE
10879247,432.074696,FALSE_POSITIVE
10879899,169.415073,CANDIDATE
10905641,460.77905,FALSE_POSITIVE
10920086,3.21318517,FALSE_POSITIVE
10933306,57.7749373,CANDIDATE
10958972,331.78248134,FALSE_POSITIVE
8029848,1.20608769,FALSE_POSITIVE
8035322,613.82905,FALSE_POSITIVE
8036863,476.80454,FALSE_POSITIVE
8037038,4.09513876,CANDIDATE
8040308,502.8356901,CANDIDATE
8040457,81.704814,CANDIDATE
8043968,0.779615874,FALSE_POSITIVE
8044083,578.21805,CANDIDATE
8959240,317.009388,CANDIDATE
8971044,482.51701,CANDIDATE
8975776,224.469892,FALSE_POSITIVE
8979500,113.556471,FALSE_POSITIVE
9003126,208.02789,FALSE_POSITIVE
9008125,308.024953,FALSE_POSITIVE
9011877,7.77710639,CANDIDATE
9838414,1.33261458,FALSE_POSITIVE
9838582,233.64574,CANDIDATE
9839030,27.285315,CANDIDATE
9845362,105.895315,FALSE_POSITIVE
9845931,61.224558,FALSE_POSITIVE
9847239,28.507877538,FALSE_POSITIVE
9848760,444.46522,FALSE_POSITIVE
9850843,8.48039,FALSE_POSITIVE
7018210,445.351255,CANDIDATE
7019580,72.0153825,FALSE_POSITIVE
7022603,21.12752693,FALSE_POSITIVE
7024045,23.9341825,FALSE_POSITIVE
7035812,87.775799,FALSE_POSITIVE
7038988,65.67350728,FALSE_POSITIVE
7041972,222.06409878,FALSE_POSITIVE
7047299,35.882272887,FALSE_POSITIVE
8075618,8.780603773,FALSE_POSITIVE
8076215,97.5137491,CANDIDATE
8094942,549.42772,CANDIDATE
8099517,284.666844,CANDIDATE
8105398,224.150923,CANDIDATE
8105719,148.179343,CANDIDATE
8106139,551.49832,FALSE_POSITIVE
8108437,351.2878737,FALSE_POSITIVE
9012244,376.934014,CANDIDATE
9016592,46.50446209,FALSE_POSITIVE
9018021,17.168095,CANDIDATE
9024568,124.091252,FALSE_POSITIVE
9026007,403.163148,CANDIDATE
9026248,341.557931,CANDIDATE
9044060,476.91977,CANDIDATE
9047416,9.011888,CANDIDATE
9851638,351.25069,CANDIDATE
9875101,212.771978,FALSE_POSITIVE
9881660,65.3558881,CANDIDATE
9896438,18.0766788,FALSE_POSITIVE
9899514,1.33255577,FALSE_POSITIVE
9899607,1.33259275,FALSE_POSITIVE
9908486,36.6092739,FALSE_POSITIVE
9910043,39.399926,CANDIDATE
7101726,270.1430241,CANDIDATE
7107567,0.812592362,FALSE_POSITIVE
7109680,81.871309,FALSE_POSITIVE
7115671,0.566805859,FALSE_POSITIVE
7123580,326.36595188,FALSE_POSITIVE
7123614,520.58269,FALSE_POSITIVE
7125794,126.586058,CANDIDATE
7130612,2.7200197,CANDIDATE
8125917,18.347081,CANDIDATE
8129333,57.140035,CANDIDATE
8155368,0.718643659,FALSE_POSITIVE
8158429,31.707574649,CANDIDATE
8179747,17.946328114,FALSE_POSITIVE
8192427,204.818268,FALSE_POSITIVE
8197176,9.3589254,CANDIDATE
8197406,4.15472242,CANDIDATE
9049550,23.81490574,FALSE_POSITIVE
9049697,1.3274511,FALSE_POSITIVE
9073549,87.565484,CANDIDATE
9079671,535.1515,CANDIDATE
9079767,495.40462,CANDIDATE
9087071,209.238576,FALSE_POSITIVE
9087853,353.65927,CANDIDATE
9097470,346.4174,CANDIDATE
9911112,1.166835206,FALSE_POSITIVE
9933600,230.70578883,FALSE_POSITIVE
9934274,4.99471597,FALSE_POSITIVE
9935983,161.651504,CANDIDATE
9941136,376.24253,CANDIDATE
9941387,27.659607786,FALSE_POSITIVE
9941550,476.727302,FALSE_POSITIVE
9942658,21.7997515,CANDIDATE
7132462,54.595746,CANDIDATE
7138841,22.0495604,FALSE_POSITIVE
7174911,150.70039392,FALSE_POSITIVE
7176424,44.48477463,FALSE_POSITIVE
7184556,93.6452481,FALSE_POSITIVE
7186436,585.64118,CANDIDATE
7189825,574.69029,FALSE_POSITIVE
7191523,502.98283916,CANDIDATE
8223445,48.8130123,CANDIDATE
8223655,280.1604956,FALSE_POSITIVE
8229361,370.46262,FALSE_POSITIVE
8234889,116.301793,FALSE_POSITIVE
8241258,480.19416,FALSE_POSITIVE
8241736,368.49828,FALSE_POSITIVE
8242350,6.993576155,FALSE_POSITIVE
8244947,223.52131732,FALSE_POSITIVE
9101279,1.811461128,FALSE_POSITIVE
9108058,2.17491508,FALSE_POSITIVE
9114614,441.61919,CANDIDATE
9116075,24.5002702,FALSE_POSITIVE
9116510,318.49078,CANDIDATE
9117123,2.16402661,FALSE_POSITIVE
9118858,392.89275632,FALSE_POSITIVE
9137257,114.734287,FALSE_POSITIVE
9953491,362.0619,CANDIDATE
9954225,1.340649911,FALSE_POSITIVE
9957659,30.69537638,FALSE_POSITIVE
9957668,30.69533113,FALSE_POSITIVE
9962595,11.374442708,CANDIDATE
9967398,49.873958,FALSE_POSITIVE
9968924,411.447056,CANDIDATE
9993683,29.9371143,CANDIDATE
7192680,114.25041494,FALSE_POSITIVE
7198587,651.358046,CANDIDATE
7203858,407.97623,FALSE_POSITIVE
7204233,33.3037881,CANDIDATE
7205717,212.60398,CANDIDATE
7206422,50.550788,CANDIDATE
7207081,239.25578975,FALSE_POSITIVE
7213311,285.374561,CANDIDATE
8255058,6.279888981,FALSE_POSITIVE
8265239,37.47695717,FALSE_POSITIVE
8279146,93.359737,CANDIDATE
8288404,519.80221867,FALSE_POSITIVE
8294683,122.58481,CANDIDATE
8295087,84.934357,CANDIDATE
8300828,48.9200563,FALSE_POSITIVE
8307489,421.98194,CANDIDATE
9141355,469.61309,CANDIDATE
9142225,583.73632,FALSE_POSITIVE
9142334,502.658,FALSE_POSITIVE
9147012,116.454312,CANDIDATE
9147029,397.499229,CANDIDATE
9153246,243.954706,FALSE_POSITIVE
9157030,24.9093027,CANDIDATE
9157523,192.138741,CANDIDATE
9994381,281.95332,CANDIDATE
10002266,12.71368909,FALSE_POSITIVE
10004515,25.26363805,FALSE_POSITIVE
10004772,1.391716834,FALSE_POSITIVE
10006096,70.516233809,FALSE_POSITIVE
10007492,2.645596805,FALSE_POSITIVE
10007916,388.67155,CANDIDATE
10018364,105.6327297,FALSE_POSITIVE
7255910,274.553579,FALSE_POSITIVE
7256460,251.02304011,FALSE_POSITIVE
7258902,1.80774253,FALSE_POSITIVE
7282470,520.655224,CANDIDATE
7289139,369.93355,CANDIDATE
7345136,28.7369766,FALSE_POSITIVE
7352727,2.45649061,FALSE_POSITIVE
7375100,98.51783198,FALSE_POSITIVE
8308639,457.513348,FALSE_POSITIVE
8313697,224.02589924,FALSE_POSITIVE
8351919,323.77153,FALSE_POSITIVE
8352009,641.60204,CANDIDATE
8352016,40.0389613,FALSE_POSITIVE
8364969,22.571972634,FALSE_POSITIVE
8378278,28.406342,CANDIDATE
8380743,1.018861199,FALSE_POSITIVE
9159461,80.519237,FALSE_POSITIVE
9164003,149.356804,FALSE_POSITIVE
9166700,264.466625,CANDIDATE
9173014,151.77884,CANDIDATE
9178502,50.47759052,FALSE_POSITIVE
9178894,113.993156,CANDIDATE
9180282,2.79123954,FALSE_POSITIVE
9181402,223.31769215,FALSE_POSITIVE
10023469,44.637111,FALSE_POSITIVE
10027861,102.493119,CANDIDATE
10064591,284.94212784,CANDIDATE
10074700,365.620697,FALSE_POSITIVE
10083325,6.13292733,CANDIDATE
10090854,12.63063129,CANDIDATE
10096697,191.272501,FALSE_POSITIVE
10098540,286.02266,CANDIDATE
7377343,7.95445779,CANDIDATE
7383840,331.70918,CANDIDATE
7386200,575.42002,FALSE_POSITIVE
7416016,297.78282,CANDIDATE
7416306,137.396194,CANDIDATE
7416646,365.739893,CANDIDATE
7440715,104.198102,CANDIDATE
7456380,368.72715,FALSE_POSITIVE
8395870,74.833577,CANDIDATE
8396288,8.5852872,CANDIDATE
8414914,100.303613,FALSE_POSITIVE
8415353,102.100752,CANDIDATE
8429817,6.263491873,CANDIDATE
8432034,0.83620025,FALSE_POSITIVE
8432249,335.43143,CANDIDATE
8439618,558.21886,CANDIDATE
9209981,290.02002,CANDIDATE
9210738,279.21957,CANDIDATE
9214176,348.665961,CANDIDATE
9216231,616.34132,FALSE_POSITIVE
9217583,222.28056,CANDIDATE
9220614,570.01886,CANDIDATE
9224514,378.93139106,CANDIDATE
9229807,580.85326788,CANDIDATE
10130646,390.40832,FALSE_POSITIVE
10132552,191.528018,FALSE_POSITIVE
10132908,386.59946,FALSE_POSITIVE
10141271,15.4032765,FALSE_POSITIVE
10146103,7.58062893,CANDIDATE
10158715,61.0011095,FALSE_POSITIVE
10161534,198.232389,FALSE_POSITIVE
7458433,0.66062715,FALSE_POSITIVE
7458743,248.421771,CANDIDATE
7468295,456.5734,FALSE_POSITIVE
7516073,601.13797,FALSE_POSITIVE
7538450,344.06248,FALSE_POSITIVE
7539174,39.94344731,FALSE_POSITIVE
7539277,551.22396,CANDIDATE
7550875,466.90824,FALSE_POSITIVE
8442463,361.30991,FALSE_POSITIVE
8474892,199.4424134,FALSE_POSITIVE
8480642,31.59115876,FALSE_POSITIVE
8482513,356.99135,FALSE_POSITIVE
8487777,96.120478,FALSE_POSITIVE
8495232,9.63647672,FALSE_POSITIVE
8499922,45.680876,FALSE_POSITIVE
8505674,43.169798,FALSE_POSITIVE
11444772,395.94327,CANDIDATE
11444974,76.37924,CANDIDATE
11446961,58.669218,CANDIDATE
11453930,355.84731,CANDIDATE
11456256,61.611129,CANDIDATE
11457664,150.728285,CANDIDATE
11465658,253.790434,CANDIDATE
11465869,322.544807,FALSE_POSITIVE
11493378,35.6606167,CANDIDATE
11506938,22.57494749,FALSE_POSITIVE
11513366,587.38162,CANDIDATE
11513441,85.5692223,FALSE_POSITIVE
11520114,7.07987663,CANDIDATE
11520465,91.240335,CANDIDATE
11559493,357.41382,CANDIDATE
11598638,359.854745,CANDIDATE
11598894,89.366114,CANDIDATE
11599800,422.255426,FALSE_POSITIVE
11599937,37.6259039,CANDIDATE
11600299,100.41475198,CANDIDATE
11601425,41.9934673,CANDIDATE
11601633,94.67782,CANDIDATE
11601972,290.196139,CANDIDATE
11603298,471.39698,FALSE_POSITIVE
11614808,175.452812,CANDIDATE
11615258,367.07446,CANDIDATE
11615521,366.684634,CANDIDATE
11616434,291.306507,CANDIDATE
11651240,93.006,CANDIDATE
11652427,26.46288074,CANDIDATE
11654039,436.42852,FALSE_POSITIVE
11674709,20.69920737,CANDIDATE
11716643,466.002988,CANDIDATE
11722217,302.77571,CANDIDATE
11773174,115.19952922,CANDIDATE
11803074,355.86134,CANDIDATE
11807906,236.506437,CANDIDATE
11811382,19.3854894,CANDIDATE
11818566,416.87893121,CANDIDATE
11819396,48.38798413,CANDIDATE
11824578,357.588538,CANDIDATE
11860294,545.205601,CANDIDATE
11868941,105.053389,CANDIDATE
11905398,24.7967294,CANDIDATE
11910670,44.7060191,CANDIDATE
11911929,125.277815,CANDIDATE
11923213,27.2020672,CANDIDATE
11924426,64.713168094,FALSE_POSITIVE
11959893,40.7282314,CANDIDATE
11966643,183.38048452,CANDIDATE
11968514,1.036592136,FALSE_POSITIVE
12007270,398.51312,CANDIDATE
12009917,559.785594,CANDIDATE
12020376,109.43946,CANDIDATE
12066767,194.25835342,CANDIDATE
12071775,164.507439,CANDIDATE
12102775,370.84786,CANDIDATE
12105086,73.908995,CANDIDATE
12110901,96.32561456,CANDIDATE
12121701,212.646179,CANDIDATE
12156805,371.54879,FALSE_POSITIVE
12165063,226.499243,FALSE_POSITIVE
12168895,251.48808,CANDIDATE
12170767,32.4185265,CANDIDATE
12253490,19.159760875,CANDIDATE
12257851,2.61594288,FALSE_POSITIVE
12265150,1.686009643,FALSE_POSITIVE
12300524,32.033211,CANDIDATE
12349560,43.3975622,CANDIDATE
12350136,478.79185021,CANDIDATE
10964747,344.961485,FALSE_POSITIVE
10967168,22.2659599,CANDIDATE
10977671,199.064336,CANDIDATE
10978581,277.114286,CANDIDATE
10979952,323.159363,CANDIDATE
10989620,21.512259,CANDIDATE
10991389,303.226376,CANDIDATE
12401859,22.8631517,CANDIDATE
12402588,97.942437,CANDIDATE
12405436,163.820347,FALSE_POSITIVE
12417572,151.577009,FALSE_POSITIVE
12418418,493.30572,CANDIDATE
12505590,449.87203,CANDIDATE
12506986,419.93373,CANDIDATE
10991431,322.221973,CANDIDATE
11021266,235.413973,CANDIDATE
11021676,366.68293,CANDIDATE
11026582,240.57135,CANDIDATE
11036168,217.792748,CANDIDATE
11037818,259.34304,CANDIDATE
11046723,388.03884851,CANDIDATE
11046870,8.34410791,FALSE_POSITIVE
12554212,4.76815507,CANDIDATE
12645262,545.45623972,FALSE_POSITIVE
12645761,2.709570339,FALSE_POSITIVE
12690465,49.49059818,CANDIDATE
12734110,364.18129,CANDIDATE
12735793,37.7935113,CANDIDATE
12736658,0.855294909,FALSE_POSITIVE
12835139,350.609298,FALSE_POSITIVE
11069681,172.621943,CANDIDATE
11072982,264.708077,CANDIDATE
11073238,452.40428,FALSE_POSITIVE
11076176,0.699985822,FALSE_POSITIVE
11080702,8.67237968,CANDIDATE
11082795,35.9216912,CANDIDATE
11090561,35.8726918,FALSE_POSITIVE
11090926,102.300622,CANDIDATE
11097752,359.8455,CANDIDATE
11098704,22.7783121,CANDIDATE
11100170,114.406187,CANDIDATE
11129145,132.114,CANDIDATE
11145391,623.2344,CANDIDATE
11145637,46.16051579,CANDIDATE
11147785,217.170081,CANDIDATE
11152511,287.33114,CANDIDATE
11176166,9.8788502,CANDIDATE
11182213,189.456089,CANDIDATE
11183752,230.358183,CANDIDATE
11191364,211.54114,CANDIDATE
11198419,88.523517,CANDIDATE
11199233,386.22400908,FALSE_POSITIVE
11251991,134.35872,CANDIDATE
11298442,55.01469183,CANDIDATE
11305417,198.781156,CANDIDATE
11338918,588.63759,FALSE_POSITIVE
11340218,111.149082,CANDIDATE
11341266,284.87177,CANDIDATE
11341314,9.8338474,FALSE_POSITIVE
11348610,190.860818,CANDIDATE
11351454,374.41813,CANDIDATE
11355925,263.30198,CANDIDATE
11391512,370.31761,CANDIDATE
11393248,37.959659,CANDIDATE
11393633,405.6296,CANDIDATE
11401845,1.080695116,FALSE_POSITIVE
11407847,11.8307724,CANDIDATE
11414368,434.28175,CANDIDATE
8355178,33.814176,CANDIDATE
8374077,16.2957847,CANDIDATE
8494783,28.201998,CANDIDATE
8494783,58.92565,CANDIDATE
8517303,24.0733775,FALSE_POSITIVE
8590149,19.2405821,CANDIDATE
10055126,232.040326,CANDIDATE
8590149,28.684308,CANDIDATE
3559935,265.29617,CANDIDATE
9285265,61.569765,CANDIDATE
3559860,58.940569,CANDIDATE
5384713,14.1502311,CANDIDATE
6364582,486.12702,CANDIDATE
6525209,1.71029474,FALSE_POSITIVE
6368175,31.8245304,CANDIDATE
5471158,140.24408749,CANDIDATE
10407086,48.04066636,CANDIDATE
9947653,12.008552,CANDIDATE
6527078,10.4314847,CANDIDATE
12416597,47.5571352,CANDIDATE
2309587,1.838514245,FALSE_POSITIVE
2445134,8.412008943,FALSE_POSITIVE
3241344,3.912679136,FALSE_POSITIVE
3347485,7.544804312,FALSE_POSITIVE
2019477,27.2497521,CANDIDATE
2161623,2.283466438,FALSE_POSITIVE
2707097,0.692807507,FALSE_POSITIVE
2719873,17.279290765,FALSE_POSITIVE
8158127,16.9972894,CANDIDATE
2852810,93.05654364,CANDIDATE
2852810,88.433122,CANDIDATE
2852810,282.34315,CANDIDATE
8590780,4.326946311,FALSE_POSITIVE
8613338,527.29093,FALSE_POSITIVE
8646141,168.858303,FALSE_POSITIVE
8653134,5.34264143,CANDIDATE
8702921,19.38444245,FALSE_POSITIVE
8822421,1.645319649,CANDIDATE
8957954,2.179924994,FALSE_POSITIVE
8984706,10.135401047,FALSE_POSITIVE
4247807,2.02487934,FALSE_POSITIVE
4472818,15.3573445,CANDIDATE
8030339,5.71668787,CANDIDATE
8037145,51.1658019,CANDIDATE
5471059,12.4249559,FALSE_POSITIVE
5471675,12.427135,FALSE_POSITIVE
8934103,77.792718,CANDIDATE
9551430,163.51489847,CANDIDATE
3530668,1.946198513,FALSE_POSITIVE
3532985,5.288547653,CANDIDATE
10718726,294.055263,CANDIDATE
3831911,30.4838006,FALSE_POSITIVE
3852258,5.7584367,FALSE_POSITIVE
3858919,25.9522913,FALSE_POSITIVE
3869326,8.58599537,FALSE_POSITIVE
3971315,9.892240848,FALSE_POSITIVE
2852810,126.505657,CANDIDATE
2997455,1.129848432,FALSE_POSITIVE
3003991,7.244778994,FALSE_POSITIVE
3003991,110.1552727,FALSE_POSITIVE
3229028,0.730964241,FALSE_POSITIVE
3229028,117.684591,CANDIDATE
3230787,17.734020239,FALSE_POSITIVE
5956656,46.245164,CANDIDATE
9093086,9.7043379,CANDIDATE
9015738,34.775371,CANDIDATE
7954278,0.306702491,CANDIDATE
9093086,12.7713826,CANDIDATE
9101400,0.829019343,FALSE_POSITIVE
9119652,1.1080999,FALSE_POSITIVE
9145861,42.294739,CANDIDATE
9145861,215.778765,FALSE_POSITIVE
9153823,1.444486083,CANDIDATE
7100673,5.99273265,CANDIDATE
7100673,5.10110666,CANDIDATE
10089911,11.6089351,CANDIDATE
4150496,94.22498,FALSE_POSITIVE
3747817,14.2378417,CANDIDATE
6129694,241.0122,FALSE_POSITIVE
8162789,10.8206034,CANDIDATE
9899315,164.689421,FALSE_POSITIVE
4037428,4.264729569,FALSE_POSITIVE
4049124,4.804469712,FALSE_POSITIVE
4275328,6.150529292,FALSE_POSITIVE
4753561,4.944927575,FALSE_POSITIVE
4912991,4.442517008,FALSE_POSITIVE
5613330,10.2090268,CANDIDATE
5036966,62.7356439,FALSE_POSITIVE
5254230,7.035518449,FALSE_POSITIVE
3545840,54.2916336,CANDIDATE
3634051,453.54212,CANDIDATE
7967517,0.579516759,FALSE_POSITIVE
3634051,122.8054416,CANDIDATE
3761319,16.2480865,FALSE_POSITIVE
3761319,466.9407,FALSE_POSITIVE
3762553,289.788624,FALSE_POSITIVE
3965879,55.00402906,FALSE_POSITIVE
4035675,2.873657901,FALSE_POSITIVE
9282687,1.680425996,FALSE_POSITIVE
9289960,0.53345831,FALSE_POSITIVE
9291629,20.686460198,FALSE_POSITIVE
9304842,131.68018,FALSE_POSITIVE
6975129,37.8404232,CANDIDATE
9304923,200.762693,FALSE_POSITIVE
9343862,1.123258617,FALSE_POSITIVE
9389245,47.25643291,CANDIDATE
9828127,32.0273169,CANDIDATE
5177859,8.75630628,CANDIDATE
11081504,9.6183111,CANDIDATE
5385410,12.4250319,FALSE_POSITIVE
3645438,386.370512,CANDIDATE
8110757,0.518060209,CANDIDATE
3645438,17.3695112,CANDIDATE
8278685,17.8693759,CANDIDATE
5511659,17.236085,CANDIDATE
5385139,12.4297161,FALSE_POSITIVE
5385150,12.4288476,FALSE_POSITIVE
5385269,12.4258252,FALSE_POSITIVE
8210370,153.725848,FALSE_POSITIVE
5385509,12.4257907,FALSE_POSITIVE
5385566,12.4253356,FALSE_POSITIVE
5385773,12.4254201,FALSE_POSITIVE
5386163,12.424995,FALSE_POSITIVE
5470960,12.4227918,FALSE_POSITIVE
4139254,485.92297,CANDIDATE
4144236,22.913446297,FALSE_POSITIVE
10141900,9.6550473,CANDIDATE
4144236,10.0046881,FALSE_POSITIVE
4150701,8.65315602,FALSE_POSITIVE
4255944,228.65412,CANDIDATE
4285087,2.243015737,FALSE_POSITIVE
4346875,4.694218481,FALSE_POSITIVE
9394605,0.87683182,FALSE_POSITIVE
9471755,0.953734449,FALSE_POSITIVE
9479460,2.073873563,FALSE_POSITIVE
9549472,15.713787218,FALSE_POSITIVE
9576197,7.964440392,FALSE_POSITIVE
8110758,0.518071538,FALSE_POSITIVE
9579860,2.151214629,FALSE_POSITIVE
9655711,12.7143635,CANDIDATE
5856571,80.4103783,CANDIDATE
8222395,1.93188768,CANDIDATE
5796186,320.18471858,FALSE_POSITIVE
5471068,12.426469,FALSE_POSITIVE
5471192,12.4262889,FALSE_POSITIVE
5471217,12.424747,FALSE_POSITIVE
5471769,12.4255705,FALSE_POSITIVE
5471770,12.426173,FALSE_POSITIVE
5556804,12.4244306,FALSE_POSITIVE
5597970,6.71738328,FALSE_POSITIVE
4459068,24.955998503,FALSE_POSITIVE
8107150,5.2449156,CANDIDATE
4464394,168.66934782,CANDIDATE
4547480,4.426942241,FALSE_POSITIVE
4739229,571.280892,CANDIDATE
4739229,4.66185924,CANDIDATE
8620565,1.213672208,CANDIDATE
4740676,3.454241684,FALSE_POSITIVE
4742420,90.097375,CANDIDATE
9655711,7.72966941,CANDIDATE
9727765,51.85656556,CANDIDATE
9767392,1.457256942,FALSE_POSITIVE
9774400,10.818248422,FALSE_POSITIVE
9839081,2.559236603,FALSE_POSITIVE
9974142,281.35877,FALSE_POSITIVE
9974142,154.536881,CANDIDATE
10163066,462.12345,FALSE_POSITIVE
9008103,87.707513,CANDIDATE
8780959,5.1117547,CANDIDATE
8780959,9.6310258,CANDIDATE
7429287,101.889228,FALSE_POSITIVE
11296045,437.51586139,CANDIDATE
6592335,48.5023669,FALSE_POSITIVE
5951416,524.14139,FALSE_POSITIVE
5769810,8.97377221,CANDIDATE
5643492,41.86539723,FALSE_POSITIVE
5795648,4.553370029,FALSE_POSITIVE
5961350,5.262652179,FALSE_POSITIVE
10340423,345.98207283,FALSE_POSITIVE
5979863,16.621853404,FALSE_POSITIVE
6117415,19.741616041,FALSE_POSITIVE
6128027,5.455766383,FALSE_POSITIVE
6146418,22.44620704,FALSE_POSITIVE
4742420,205.41415,CANDIDATE
4826439,1.237147407,FALSE_POSITIVE
4933476,1.28619671,FALSE_POSITIVE
4990977,2.649026189,FALSE_POSITIVE
5034333,6.932281325,FALSE_POSITIVE
5039441,2.151384476,FALSE_POSITIVE
8231299,0.562273947,FALSE_POSITIVE
5121173,17.4352218,FALSE_POSITIVE
5306984,114.27173902,CANDIDATE
10198662,26.40805532,CANDIDATE
10198662,46.07931317,CANDIDATE
4157325,24.8434837,CANDIDATE
10200627,7.7016694,CANDIDATE
10219361,117.634213,FALSE_POSITIVE
10228942,21.025447023,FALSE_POSITIVE
10341878,0.933753371,FALSE_POSITIVE
10357831,1.72153588,FALSE_POSITIVE
8332521,4.67250377,CANDIDATE
6150977,2.765621941,FALSE_POSITIVE
6182019,3.664964374,FALSE_POSITIVE
6191945,6.8072842,FALSE_POSITIVE
6209347,2.136577151,FALSE_POSITIVE
6268722,2.638432816,FALSE_POSITIVE
6301030,11.991000357,FALSE_POSITIVE
10480982,2.03746414,FALSE_POSITIVE
6606934,37.80694072,FALSE_POSITIVE
8242769,21.9711574,CANDIDATE
10964440,144.688915,CANDIDATE
5385548,12.42555055,FALSE_POSITIVE
5385778,12.42592247,FALSE_POSITIVE
5428657,1.54287434,CANDIDATE
5471617,12.4237327,FALSE_POSITIVE
5471617,94.38163,FALSE_POSITIVE
5629353,33.3200908,CANDIDATE
5629353,7.5844241,CANDIDATE
10363233,210.899577,FALSE_POSITIVE
10385682,3.103730697,FALSE_POSITIVE
10414727,91.20573037,CANDIDATE
10414727,253.40538,FALSE_POSITIVE
10483644,5.110771787,FALSE_POSITIVE
4736569,7.07394528,CANDIDATE
10601549,1.463773705,FALSE_POSITIVE
10614158,4.46255312,FALSE_POSITIVE
8505215,79.87804945,FALSE_POSITIVE
10662202,14.516741,CANDIDATE
9008103,20.5718107,CANDIDATE
6614926,3.026764871,FALSE_POSITIVE
6628237,3.840130917,FALSE_POSITIVE
6694186,5.554227226,FALSE_POSITIVE
6934587,1.570919281,FALSE_POSITIVE
7219906,35.08976902,FALSE_POSITIVE
7257373,5.233450136,FALSE_POSITIVE
7295570,3.6037011,FALSE_POSITIVE
7362852,3.518356021,FALSE_POSITIVE
5629353,11.867172,CANDIDATE
5641294,2.6160943,FALSE_POSITIVE
5738698,2.404386969,FALSE_POSITIVE
4078157,142.685885,CANDIDATE
5768927,4.390513938,FALSE_POSITIVE
5814635,3.86963822,FALSE_POSITIVE
5816144,12.4970599,CANDIDATE
5816144,7.384681,FALSE_POSITIVE
10717220,21.0907909,CANDIDATE
10728219,3.371796653,FALSE_POSITIVE
10735988,1.927177921,FALSE_POSITIVE
8112324,0.575925434,FALSE_POSITIVE
10971944,496.17566,FALSE_POSITIVE
10973583,6.256352128,FALSE_POSITIVE
10989274,16.17803,CANDIDATE
11099351,2.37795507,FALSE_POSITIVE
11147460,2.053866175,FALSE_POSITIVE
10662202,36.5521313,FALSE_POSITIVE
11607193,5.177577252,FALSE_POSITIVE
10743597,4.08029328,FALSE_POSITIVE
4247991,104.3519624,CANDIDATE
11968463,6.06330298,CANDIDATE
11968463,86.431871,CANDIDATE
11074835,26.1152887,CANDIDATE
8042747,469.52303,FALSE_POSITIVE
9008737,11.83271013,FALSE_POSITIVE
7373877,32.669962587,FALSE_POSITIVE
5792202,269.306232,CANDIDATE
7436177,19.93364711,FALSE_POSITIVE
7537945,1.071911311,FALSE_POSITIVE
7624297,18.019651402,FALSE_POSITIVE
8109692,117.934158,FALSE_POSITIVE
7695093,4.032762189,FALSE_POSITIVE
7749318,2.371589507,FALSE_POSITIVE
7777397,5.09112124,FALSE_POSITIVE
5817566,4.206070484,FALSE_POSITIVE
5952403,0.905677864,FALSE_POSITIVE
6032730,96.509214,CANDIDATE
6116172,69.64679311,CANDIDATE
6116172,111.65546,CANDIDATE
6116172,86.13201864,CANDIDATE
4150539,94.219289,FALSE_POSITIVE
6182093,297.113395,FALSE_POSITIVE
9839821,180.921729,CANDIDATE
11252617,4.478116695,FALSE_POSITIVE
8245108,0.579108481,FALSE_POSITIVE
11252617,1.27620899,FALSE_POSITIVE
11296437,528.50344,FALSE_POSITIVE
11296437,47.14404783,CANDIDATE
11341164,197.05431574,CANDIDATE
11462969,406.496216,CANDIDATE
11462969,491.61516814,CANDIDATE
7830321,2.027383251,FALSE_POSITIVE
7841986,10.73370737,FALSE_POSITIVE
7877820,9.449438672,FALSE_POSITIVE
7914906,8.752913958,FALSE_POSITIVE
5792202,499.47338,CANDIDATE
8019043,1.985586627,FALSE_POSITIVE
8023317,16.579028045,FALSE_POSITIVE
8126531,513.42784,FALSE_POSITIVE
8121067,2.064900876,FALSE_POSITIVE
6197038,9.751720174,FALSE_POSITIVE
6221385,19.672324,CANDIDATE
6221385,32.657035,CANDIDATE
6221385,7.3138454,CANDIDATE
6362386,4.592401261,FALSE_POSITIVE
8260269,6.70995253,FALSE_POSITIVE
6449358,5.776794344,FALSE_POSITIVE
6593968,23.19923256,FALSE_POSITIVE
6674908,0.503199724,FALSE_POSITIVE
11516930,4.768540307,FALSE_POSITIVE
11558882,73.91858615,FALSE_POSITIVE
11656928,212.43503674,CANDIDATE
11566064,11.1619384,CANDIDATE
8042835,2.38793696,FALSE_POSITIVE
2853780,589.17968,FALSE_POSITIVE
11656928,76.83994597,CANDIDATE
11656928,78.86684,CANDIDATE
11673686,4.618767943,FALSE_POSITIVE
8153568,3.60727417,FALSE_POSITIVE
8167938,2.565717939,FALSE_POSITIVE
8167978,22.05274533,FALSE_POSITIVE
8168581,2.881338104,FALSE_POSITIVE
8230809,4.078355243,FALSE_POSITIVE
8364115,7.73590441,FALSE_POSITIVE
8458207,3.530164642,FALSE_POSITIVE
7825899,28.8672107,CANDIDATE
6946681,48.9528113,CANDIDATE
4150624,94.225938,FALSE_POSITIVE
6946708,431.78556,CANDIDATE
6967278,395.07333,FALSE_POSITIVE
7108433,1.51918335,FALSE_POSITIVE
7119080,13.59940118,FALSE_POSITIVE
7129465,2.745910734,FALSE_POSITIVE
7174617,1.608363345,FALSE_POSITIVE
11724210,5.746017234,FALSE_POSITIVE
11775507,144.102562,CANDIDATE
11775507,112.317402,CANDIDATE
11856178,9.13315062,CANDIDATE
11867071,3.963787093,FALSE_POSITIVE
11975363,1.759208679,FALSE_POSITIVE
12207117,1.6031794,FALSE_POSITIVE
6768394,335.56311,CANDIDATE
8580438,6.496031958,FALSE_POSITIVE
8581232,4.012537983,FALSE_POSITIVE
8655458,1.594162001,FALSE_POSITIVE
8695779,10.238939876,FALSE_POSITIVE
8953059,5.499941387,FALSE_POSITIVE
9048145,8.667826242,FALSE_POSITIVE
9214712,265.2996227,FALSE_POSITIVE
9214715,265.2999623,FALSE_POSITIVE
7190639,98.1020983,FALSE_POSITIVE
7198881,182.467019,FALSE_POSITIVE
7198881,126.57837267,FALSE_POSITIVE
7422883,11.41437505,FALSE_POSITIVE
10545066,154.607419,CANDIDATE
7663405,57.132855,CANDIDATE
7464205,151.31847,FALSE_POSITIVE
7622059,10.4032399,FALSE_POSITIVE
12367464,1.853209359,FALSE_POSITIVE
12470041,14.66769462,FALSE_POSITIVE
11358389,28.2251049,CANDIDATE
5706595,150.381954,CANDIDATE
12885212,95.906433,CANDIDATE
8179286,11.4132144,FALSE_POSITIVE
3548044,445.21685,CANDIDATE
2581191,172.178768,FALSE_POSITIVE
8168187,35.502865,CANDIDATE
9221398,13.787520532,FALSE_POSITIVE
9411317,8.2904597,FALSE_POSITIVE
9605514,66.789347,CANDIDATE
9418619,6.150251376,CANDIDATE
9532123,8.214204254,FALSE_POSITIVE
9549471,15.71377375,FALSE_POSITIVE
9649222,5.918619554,FALSE_POSITIVE
9664215,3.319523463,FALSE_POSITIVE
7750740,5.874197307,FALSE_POSITIVE
7779942,19.7959731,FALSE_POSITIVE
7835312,29.5126153,CANDIDATE
7835312,209.00055019,FALSE_POSITIVE
7838906,5.614892073,FALSE_POSITIVE
7908367,12.2064304,CANDIDATE
7908367,6.6513189,CANDIDATE
7940533,3.905532605,FALSE_POSITIVE
4142847,210.631486,CANDIDATE
9221517,455.27405,CANDIDATE
11623629,117.761,CANDIDATE
10730703,46.331703,CANDIDATE
4665571,0.766691517,CANDIDATE
6364215,5.2438528,FALSE_POSITIVE
7047363,93.6273251,FALSE_POSITIVE
7289317,7.1931193,CANDIDATE
9714358,6.474202359,FALSE_POSITIVE
9851123,8.4803048,FALSE_POSITIVE
9966115,8.947426242,FALSE_POSITIVE
10026458,9.93443795,FALSE_POSITIVE
10139305,2.173552528,FALSE_POSITIVE
7375348,47.7439509,CANDIDATE
1432789,4.57834367,CANDIDATE
10288922,10.157715971,FALSE_POSITIVE
12266636,12.654896,CANDIDATE
7974634,131.258668,CANDIDATE
8182107,92.552007,CANDIDATE
7974634,75.072964,CANDIDATE
7974634,404.701927,FALSE_POSITIVE
8043882,0.779609509,FALSE_POSITIVE
8058507,15.80529628,FALSE_POSITIVE
8095099,2.103239235,FALSE_POSITIVE
8163784,31.8134892,CANDIDATE
2305866,115.230655,CANDIDATE
12206313,184.262741,CANDIDATE
5184911,106.25976,CANDIDATE
6436029,505.462916,CANDIDATE
7767162,274.743032,CANDIDATE
9478990,360.477635,CANDIDATE
10793172,18.0811429,CANDIDATE
10122538,20.9569985,CANDIDATE
10659313,15.249335907,FALSE_POSITIVE
10710755,4.816610903,FALSE_POSITIVE
10727668,2.305903447,FALSE_POSITIVE
10735519,1.814128042,FALSE_POSITIVE
8197767,1.247121237,FALSE_POSITIVE
10935310,4.128795314,FALSE_POSITIVE
11021252,3.269176601,FALSE_POSITIVE
11404644,5.902596818,CANDIDATE
11408935,15.995094054,FALSE_POSITIVE
8165617,214.013044,CANDIDATE
8181016,0.70914232,FALSE_POSITIVE
8197761,9.86869589,FALSE_POSITIVE
4840513,66.34455122,FALSE_POSITIVE
8223568,143.09688,CANDIDATE
8223568,73.4567573,CANDIDATE
8265156,0.978362973,FALSE_POSITIVE
8355178,13.0327301,CANDIDATE
10122538,37.6333868,CANDIDATE
4770174,31.9533679,CANDIDATE
9838804,458.16754,CANDIDATE
9020114,67.8766605,CANDIDATE
6609270,15.0367776,FALSE_POSITIVE
7983117,25.0901574,CANDIDATE
11125797,12.25384348,CANDIDATE
9966219,326.6708,CANDIDATE
11974540,143.21109362,CANDIDATE
7219825,362.97828,CANDIDATE
9958962,240.192808,CANDIDATE
11519226,22.16127178,FALSE_POSITIVE
1718189,86.723653,CANDIDATE
11756821,2.745121487,FALSE_POSITIVE
11769146,282.9656538,FALSE_POSITIVE
11812199,37.32030954,FALSE_POSITIVE
8263187,36.566324,CANDIDATE
11826400,5.889372452,FALSE_POSITIVE
12010534,2.581595167,FALSE_POSITIVE
2019477,20.5736113,CANDIDATE
7116117,0.566801886,FALSE_POSITIVE
7868092,180.71809,FALSE_POSITIVE
3337061,6.5583706,FALSE_POSITIVE
9826171,434.39148,FALSE_POSITIVE
3936658,71.1577054,FALSE_POSITIVE
4577484,73.26417,FALSE_POSITIVE
4735826,11.3220104,CANDIDATE
5005618,681.9363102,FALSE_POSITIVE
4663658,0.705891195,FALSE_POSITIVE
10467815,377.88909,FALSE_POSITIVE
10847721,199.21638,FALSE_POSITIVE
10118942,121.70747,FALSE_POSITIVE
9471539,273.528359,FALSE_POSITIVE
5482603,3.88258905,FALSE_POSITIVE
2305819,135.57186,FALSE_POSITIVE
9518710,0.954388314,CANDIDATE
10284575,173.06929,FALSE_POSITIVE
3342952,1.039046871,FALSE_POSITIVE
10338624,0.607538435,FALSE_POSITIVE
5307990,0.98762513,FALSE_POSITIVE
2142501,113.0707574,FALSE_POSITIVE
2713018,66.713573,FALSE_POSITIVE
8413968,135.223193,FALSE_POSITIVE
9008103,195.7093855,FALSE_POSITIVE
4376629,27.6775212,FALSE_POSITIVE
3958301,35.2340413,FALSE_POSITIVE
8211605,20.9794338,FALSE_POSITIVE
11098573,15.6937855,FALSE_POSITIVE
7289338,5.77451117,CANDIDATE
9837586,20.73376301,FALSE_POSITIVE
6021655,63.571688,FALSE_POSITIVE
8308682,338.20075,FALSE_POSITIVE
11442793,124.922516,CANDIDATE
3344427,1.303570451,FALSE_POSITIVE
6205481,3.72277264,FALSE_POSITIVE
4474637,3.886730304,FALSE_POSITIVE
8435232,49.5740154,FALSE_POSITIVE
6462874,10.42360821,FALSE_POSITIVE
8218379,10.1384691,CANDIDATE
11450414,85.517344,CANDIDATE
5217733,161.2529031,FALSE_POSITIVE
4150611,0.761119678,FALSE_POSITIVE
4150611,94.212787,FALSE_POSITIVE
5706592,8.6040858,CANDIDATE
5716244,1.330333096,FALSE_POSITIVE
5725851,1.140133012,FALSE_POSITIVE
5731312,7.946367138,FALSE_POSITIVE
5735878,16.832079803,FALSE_POSITIVE
5736461,7.346159047,FALSE_POSITIVE
5737869,26.2402438,FALSE_POSITIVE
5771589,10.738427243,FALSE_POSITIVE
8364232,65.415183,CANDIDATE
6670742,72.28198,CANDIDATE
6672229,23.832382513,FALSE_POSITIVE
6676725,1.428766771,FALSE_POSITIVE
6695622,14.5567427,FALSE_POSITIVE
6695889,1.106560721,FALSE_POSITIVE
6697716,0.721624431,FALSE_POSITIVE
6697976,371.70965709,CANDIDATE
6698670,10.81589054,FALSE_POSITIVE
7541746,4.1747072,FALSE_POSITIVE
7584778,0.622303871,FALSE_POSITIVE
7588436,23.3924063,FALSE_POSITIVE
7592529,75.906736,CANDIDATE
7592922,2.15888911,CANDIDATE
7597703,4.608901433,FALSE_POSITIVE
7602351,17.5806026,CANDIDATE
7605600,3.326193904,FALSE_POSITIVE
8312222,12.823275455,FALSE_POSITIVE
8314801,37.183276326,FALSE_POSITIVE
8316503,5.065329723,FALSE_POSITIVE
8330575,0.957079167,FALSE_POSITIVE
8345358,9.380632783,FALSE_POSITIVE
8358008,10.064687893,FALSE_POSITIVE
8362974,2.71772323,CANDIDATE
8364119,7.73591011,FALSE_POSITIVE
9278021,3.359470825,FALSE_POSITIVE
9284741,20.729255112,FALSE_POSITIVE
9286728,3.04459739,FALSE_POSITIVE
9291368,3.796448299,FALSE_POSITIVE
9291368,3.79654367,FALSE_POSITIVE
9291748,15.926990634,FALSE_POSITIVE
9301564,23.9830523,CANDIDATE
9304561,1.219049953,FALSE_POSITIVE
9328852,0.64585177,FALSE_POSITIVE
10089123,134.413808,CANDIDATE
10091257,1.70192371,FALSE_POSITIVE
10093664,1.20693963,FALSE_POSITIVE
10095512,3.008602107,FALSE_POSITIVE
10098534,41.81145,FALSE_POSITIVE
10129482,0.846291334,FALSE_POSITIVE
10155080,1.930451347,FALSE_POSITIVE
10156064,2.427967843,FALSE_POSITIVE
8555967,347.97611,CANDIDATE
11198723,6.840305932,FALSE_POSITIVE
11199725,1.032967155,FALSE_POSITIVE
11200773,2.489550708,FALSE_POSITIVE
11228612,2.980479588,FALSE_POSITIVE
11232745,4.81712182,FALSE_POSITIVE
11233911,2.479948394,FALSE_POSITIVE
11234677,1.58742695,FALSE_POSITIVE
11235323,19.668404822,FALSE_POSITIVE
3765917,11.8187288,CANDIDATE
3547760,5.78901936,CANDIDATE
8652360,0.968065631,FALSE_POSITIVE
5476671,0.824181335,FALSE_POSITIVE
11290515,12.26708306,CANDIDATE
4919550,2.45261841,FALSE_POSITIVE
8216763,6.33342309,CANDIDATE
6767227,5.522479,CANDIDATE
8094120,0.706423768,FALSE_POSITIVE
3854496,9.4588054,CANDIDATE
3858757,25.9534494,FALSE_POSITIVE
3858767,3.49550335,FALSE_POSITIVE
3858884,25.95193721,FALSE_POSITIVE
3936061,71.008017,CANDIDATE
3938073,31.024310431,FALSE_POSITIVE
3972391,0.634131057,FALSE_POSITIVE
3972432,2.90805147,CANDIDATE
3973002,1.992098705,FALSE_POSITIVE
5025217,1.78752921,FALSE_POSITIVE
5025234,1.77555333,FALSE_POSITIVE
5025294,5.462689263,FALSE_POSITIVE
5026187,3.58966681,FALSE_POSITIVE
5031804,1.37347867,FALSE_POSITIVE
5031882,1.00960235,FALSE_POSITIVE
5036516,1.060996585,FALSE_POSITIVE
5036530,2.735152701,FALSE_POSITIVE
5781192,9.459993213,FALSE_POSITIVE
5802285,1.208524388,FALSE_POSITIVE
5802470,3.79187443,FALSE_POSITIVE
5807579,17.844323157,FALSE_POSITIVE
5809372,34.6506368,FALSE_POSITIVE
5860347,2.56271232,CANDIDATE
5871918,12.643303542,FALSE_POSITIVE
5894825,1.36293943,FALSE_POSITIVE
8374394,185.103836,FALSE_POSITIVE
6706287,1.267693801,FALSE_POSITIVE
6715997,15.08186,CANDIDATE
6763884,2.44693823,CANDIDATE
6766748,7.002865192,FALSE_POSITIVE
6768616,13.05609,CANDIDATE
6774408,0.85450941,FALSE_POSITIVE
6778289,30.130130001,FALSE_POSITIVE
6781047,7.0435762,FALSE_POSITIVE
6781535,9.12208711,FALSE_POSITIVE
8440062,366.71923,FALSE_POSITIVE
7622072,6.373454978,FALSE_POSITIVE
7630658,1.075577069,FALSE_POSITIVE
7631194,0.811390968,FALSE_POSITIVE
7662209,14.6494599,FALSE_POSITIVE
7663804,321.00742,FALSE_POSITIVE
7668648,27.81892382,FALSE_POSITIVE
7670485,8.467706136,FALSE_POSITIVE
7670617,24.70361995,FALSE_POSITIVE
8367298,5.1348689,FALSE_POSITIVE
8374499,5.251918489,FALSE_POSITIVE
8378656,3.62944008,FALSE_POSITIVE
8378922,43.263305017,FALSE_POSITIVE
8379547,6.042029838,FALSE_POSITIVE
8381592,2.892087553,FALSE_POSITIVE
8382339,5.40597608,FALSE_POSITIVE
8394475,3.64049242,CANDIDATE
8398290,0.510804497,FALSE_POSITIVE
9328864,0.645850521,FALSE_POSITIVE
9334490,18.84497113,FALSE_POSITIVE
9340411,5.1581317,CANDIDATE
9344623,14.759477667,FALSE_POSITIVE
9353182,10.476258265,FALSE_POSITIVE
9357275,1.588298157,FALSE_POSITIVE
9357375,1.58826263,FALSE_POSITIVE
9392702,3.909314318,FALSE_POSITIVE
9394920,1.38385822,FALSE_POSITIVE
8524110,0.79708975,FALSE_POSITIVE
10163067,25.9136674,CANDIDATE
10164018,8.5412411,FALSE_POSITIVE
10189523,1.013922622,FALSE_POSITIVE
10198109,17.918743061,FALSE_POSITIVE
10208759,2.287515702,FALSE_POSITIVE
10214328,659.2907,FALSE_POSITIVE
10215422,24.847087207,FALSE_POSITIVE
10257903,0.85574731,FALSE_POSITIVE
10258558,20.867855659,FALSE_POSITIVE
11240948,3.401949837,FALSE_POSITIVE
11241560,6.96197304,CANDIDATE
11244571,7.8935324,CANDIDATE
11250867,2.252822538,FALSE_POSITIVE
11251058,2.25284817,FALSE_POSITIVE
11282568,1.320499473,CANDIDATE
11285625,5.39525573,FALSE_POSITIVE
11286311,13.1538409,CANDIDATE
4732015,0.939740093,FALSE_POSITIVE
8043638,36.0484798,CANDIDATE
11176166,4.2742605,CANDIDATE
9214712,265.299451,FALSE_POSITIVE
9214715,265.310499,FALSE_POSITIVE
7838906,35.4261827,FALSE_POSITIVE
1026032,8.460438928,FALSE_POSITIVE
1293379,27.556452,CANDIDATE
3973504,4.318726936,FALSE_POSITIVE
4042088,3.22598684,FALSE_POSITIVE
4055092,76.45315813,FALSE_POSITIVE
4067549,7.698431197,FALSE_POSITIVE
4069063,0.504296702,FALSE_POSITIVE
4069213,5.194256813,FALSE_POSITIVE
4075064,61.42252657,FALSE_POSITIVE
4076061,566.28176,CANDIDATE
4076952,9.761172507,FALSE_POSITIVE
5036530,1.36513839,FALSE_POSITIVE
5036538,1.061008464,FALSE_POSITIVE
5038469,1.36840167,FALSE_POSITIVE
5039687,5.8957069,FALSE_POSITIVE
5042785,1.67473779,FALSE_POSITIVE
5078879,1.039370613,FALSE_POSITIVE
5080346,2.31169425,FALSE_POSITIVE
5080652,2.072177815,FALSE_POSITIVE
5894972,3.34328534,FALSE_POSITIVE
5951140,0.52740121,CANDIDATE
5952309,0.905678252,FALSE_POSITIVE
5952457,0.905672916,FALSE_POSITIVE
5962514,0.790046373,FALSE_POSITIVE
5962716,1.804591904,FALSE_POSITIVE
5966732,1.400903699,CANDIDATE
5977541,1.14073528,FALSE_POSITIVE
5977804,3.31976683,FALSE_POSITIVE
6792124,0.52880817,FALSE_POSITIVE
6804648,0.700606479,FALSE_POSITIVE
6806632,9.469191607,FALSE_POSITIVE
6841577,15.53753378,FALSE_POSITIVE
6842345,17.3816224,CANDIDATE
6852488,2.172042913,FALSE_POSITIVE
6853172,28.655498,CANDIDATE
6859546,13.4450174,CANDIDATE
8460634,6.35216475,FALSE_POSITIVE
7671594,0.705174384,FALSE_POSITIVE
7677005,38.058140058,FALSE_POSITIVE
7687365,26.1556767,CANDIDATE
7691527,4.800232532,FALSE_POSITIVE
7695445,1.74336627,FALSE_POSITIVE
7700500,4.60687717,CANDIDATE
7700578,1.507100589,FALSE_POSITIVE
7707736,0.758355704,FALSE_POSITIVE
7733540,0.77258608,FALSE_POSITIVE
8411947,0.898837525,FALSE_POSITIVE
8414159,11.931131598,FALSE_POSITIVE
8414216,11.93137992,FALSE_POSITIVE
8415863,27.533803402,FALSE_POSITIVE
8423903,12.4964346,FALSE_POSITIVE
8429450,1.352576807,FALSE_POSITIVE
8442795,502.20642,CANDIDATE
8443812,8.3613732,CANDIDATE
8445775,13.254134073,FALSE_POSITIVE
9397900,10.5113779,CANDIDATE
9411943,1.922009494,FALSE_POSITIVE
9412462,10.186578749,FALSE_POSITIVE
9418994,32.003815635,FALSE_POSITIVE
9451096,1.250390814,FALSE_POSITIVE
9458266,1.58487898,CANDIDATE
9466042,9.2742685,FALSE_POSITIVE
9468296,5.748815953,FALSE_POSITIVE
10264202,0.517573708,FALSE_POSITIVE
10264293,20.9525604,CANDIDATE
10268809,24.70932686,FALSE_POSITIVE
10274244,13.68369259,FALSE_POSITIVE
10275887,9.726748645,FALSE_POSITIVE
10290021,3.72920972,CANDIDATE
10290447,0.691561191,FALSE_POSITIVE
10292465,1.35337091,FALSE_POSITIVE
10294608,1.854491777,FALSE_POSITIVE
11287726,4.737713268,FALSE_POSITIVE
11288492,5.704593,CANDIDATE
11288772,1.36752316,CANDIDATE
11295085,2.49777454,FALSE_POSITIVE
11296724,1.9997244,CANDIDATE
11350389,1.51264208,FALSE_POSITIVE
11356602,323.2575,FALSE_POSITIVE
11358392,0.984971822,FALSE_POSITIVE
1433531,567.71329,FALSE_POSITIVE
1717528,9.31392071,FALSE_POSITIVE
1871483,14.137062,CANDIDATE
2012722,2.32539968,FALSE_POSITIVE
2013883,0.764597756,FALSE_POSITIVE
2161949,4.78113942,CANDIDATE
2161949,7.18864064,CANDIDATE
2162994,4.101595158,FALSE_POSITIVE
2167444,2.43574046,FALSE_POSITIVE
4078693,2.756536015,FALSE_POSITIVE
4142768,13.99585365,FALSE_POSITIVE
4149684,4.320850062,FALSE_POSITIVE
4150703,8.6532378,FALSE_POSITIVE
4157488,5.197420145,FALSE_POSITIVE
4160669,2.183517999,FALSE_POSITIVE
4171955,383.61248,FALSE_POSITIVE
4174507,1.945914237,FALSE_POSITIVE
5083138,27.122801,CANDIDATE
5083252,2.500560859,FALSE_POSITIVE
5087223,5.62241111,CANDIDATE
5091075,1.25625738,FALSE_POSITIVE
5091614,21.142458554,FALSE_POSITIVE
5092799,11.2901559,CANDIDATE
5092799,28.24753303,CANDIDATE
5094301,0.99519559,FALSE_POSITIVE
5983348,25.150788449,FALSE_POSITIVE
5990753,7.21636091,FALSE_POSITIVE
6019971,7.1356633,CANDIDATE
6029130,12.591656377,FALSE_POSITIVE
6035335,1.044408447,FALSE_POSITIVE
6041511,0.97705114,FALSE_POSITIVE
6042116,5.407157086,FALSE_POSITIVE
6042663,30.971766472,FALSE_POSITIVE
6044064,5.06318803,FALSE_POSITIVE
6859813,10.88242209,FALSE_POSITIVE
6863840,1.926366998,FALSE_POSITIVE
6864569,2.325185422,FALSE_POSITIVE
6864706,14.5909249,CANDIDATE
6864859,40.877841988,FALSE_POSITIVE
6867219,11.8496351,CANDIDATE
6877673,36.75892725,FALSE_POSITIVE
6877871,0.536869783,FALSE_POSITIVE
6878408,455.62395,CANDIDATE
7741048,0.843400322,FALSE_POSITIVE
7751562,17.042155208,FALSE_POSITIVE
7755741,0.874236216,FALSE_POSITIVE
7755741,1.75173647,CANDIDATE
7769072,0.60886299,FALSE_POSITIVE
7769815,4.43529675,FALSE_POSITIVE
7777365,0.88512187,FALSE_POSITIVE
7798259,1.734221252,FALSE_POSITIVE
8453191,5.776764285,FALSE_POSITIVE
8453324,1.26227317,FALSE_POSITIVE
8479107,0.76757669,FALSE_POSITIVE
8479386,5.860377067,FALSE_POSITIVE
8488876,5.801881299,FALSE_POSITIVE
8504570,4.00770453,FALSE_POSITIVE
8509346,6.099032889,FALSE_POSITIVE
8517433,0.652956712,FALSE_POSITIVE
9474222,13.691790011,FALSE_POSITIVE
9474969,21.570508432,FALSE_POSITIVE
9480398,407.14656,CANDIDATE
9490342,487.83894,CANDIDATE
9509207,14.199840087,FALSE_POSITIVE
9513168,6.853888,CANDIDATE
9520700,2.136834989,FALSE_POSITIVE
9529294,2.51690133,FALSE_POSITIVE
12116489,7.34672485,CANDIDATE
10296163,9.296746368,FALSE_POSITIVE
10330495,18.060078203,FALSE_POSITIVE
10332789,18.74072534,FALSE_POSITIVE
10340228,0.93371313,FALSE_POSITIVE
10341787,0.93373716,FALSE_POSITIVE
10342097,0.933735579,FALSE_POSITIVE
10345862,58.28819056,FALSE_POSITIVE
10346522,3.989144446,FALSE_POSITIVE
10352603,32.77897303,FALSE_POSITIVE
11359305,28.487107336,FALSE_POSITIVE
11391181,8.61733907,FALSE_POSITIVE
11401869,2.16146908,FALSE_POSITIVE
11409698,10.26782676,FALSE_POSITIVE
11411639,6.933574,CANDIDATE
11455795,1.057335679,FALSE_POSITIVE
11457191,1.149198426,FALSE_POSITIVE
11462556,2.50012775,FALSE_POSITIVE
2283362,0.673141323,CANDIDATE
2301068,8.60965352,CANDIDATE
2305372,1.40469182,FALSE_POSITIVE
2306740,10.306982793,FALSE_POSITIVE
2308957,1.109841858,FALSE_POSITIVE
2422820,13.8911152,CANDIDATE
2437452,7.234965722,FALSE_POSITIVE
2437804,7.45301717,FALSE_POSITIVE
2438061,2.442941283,FALSE_POSITIVE
4180396,3.684337918,FALSE_POSITIVE
4245897,11.2570616,FALSE_POSITIVE
4252226,21.858963291,FALSE_POSITIVE
4261960,1.461270059,FALSE_POSITIVE
4269252,9.4022333,FALSE_POSITIVE
4274071,6.76890076,CANDIDATE
4281895,9.543584955,FALSE_POSITIVE
4282390,1.96134311,CANDIDATE
5095269,18.611957253,FALSE_POSITIVE
5097278,0.73240662,FALSE_POSITIVE
5098757,2.954598,FALSE_POSITIVE
5111801,0.562006231,FALSE_POSITIVE
5112198,3.21559054,FALSE_POSITIVE
5113809,1.547426532,FALSE_POSITIVE
5115178,12.851722103,FALSE_POSITIVE
5115379,4.2055797,FALSE_POSITIVE
5115688,486.77832,CANDIDATE
6045093,28.2682167,CANDIDATE
6046311,0.957476003,FALSE_POSITIVE
6048106,1.559360638,FALSE_POSITIVE
6048255,0.57627248,FALSE_POSITIVE
6057750,1.6037058,CANDIDATE
6060580,2.313367981,FALSE_POSITIVE
6063448,76.01811375,FALSE_POSITIVE
6066107,0.82883944,FALSE_POSITIVE
8391983,0.70965042,CANDIDATE
6890618,1.574063832,FALSE_POSITIVE
6925263,2.51989935,FALSE_POSITIVE
6927629,3.867613816,FALSE_POSITIVE
6929016,0.733726452,FALSE_POSITIVE
6936977,36.473115046,FALSE_POSITIVE
6939670,4.238855579,FALSE_POSITIVE
6947623,3.62657392,CANDIDATE
6947837,1.17033848,FALSE_POSITIVE
6949550,7.841066931,FALSE_POSITIVE
7811211,0.902403563,CANDIDATE
7812893,8.7998722,CANDIDATE
7816680,4.292599454,FALSE_POSITIVE
7816935,6.87778029,CANDIDATE
7838639,2.113197701,FALSE_POSITIVE
7846730,11.02822674,FALSE_POSITIVE
7847927,70.37626987,FALSE_POSITIVE
7868967,12.9489256,CANDIDATE
8526387,0.772803664,FALSE_POSITIVE
8543278,7.549299761,FALSE_POSITIVE
8552500,0.530972263,FALSE_POSITIVE
8552540,0.530967171,FALSE_POSITIVE
8553788,1.606163631,FALSE_POSITIVE
8553907,42.032096076,FALSE_POSITIVE
8559796,0.619303759,FALSE_POSITIVE
8559863,22.470494368,FALSE_POSITIVE
8489260,130.235324,CANDIDATE
9529856,37.482223878,FALSE_POSITIVE
9536048,3.71186243,FALSE_POSITIVE
9540450,1.077358008,FALSE_POSITIVE
9540675,3.55643514,FALSE_POSITIVE
9541163,0.5366497,FALSE_POSITIVE
9541567,1.12284501,FALSE_POSITIVE
9569866,1.480324075,FALSE_POSITIVE
9579192,12.08353781,FALSE_POSITIVE
8540376,10.692115,CANDIDATE
10363300,0.934926138,FALSE_POSITIVE
10388451,17.1677675,CANDIDATE
10396708,8.50207749,CANDIDATE
10407047,0.93374699,FALSE_POSITIVE
10407430,0.933759404,FALSE_POSITIVE
10407464,0.93373711,FALSE_POSITIVE
10417704,3.0082548,FALSE_POSITIVE
10420279,45.43324862,FALSE_POSITIVE
10422852,1.398890216,FALSE_POSITIVE
11495989,1.322475635,CANDIDATE
11499757,12.314402323,FALSE_POSITIVE
11501774,0.691823991,FALSE_POSITIVE
11502172,25.431861399,FALSE_POSITIVE
11502179,3.98855869,FALSE_POSITIVE
11506235,20.413052415,FALSE_POSITIVE
11551652,3.773744,CANDIDATE
11560382,0.527679032,FALSE_POSITIVE
11560431,0.527673075,FALSE_POSITIVE
2438062,2.44295727,FALSE_POSITIVE
2438517,3.31587688,FALSE_POSITIVE
2442084,49.788613011,FALSE_POSITIVE
2449245,18.1772927,CANDIDATE
2450716,1.38607973,FALSE_POSITIVE
2557350,3.09872834,CANDIDATE
2557430,0.648868342,FALSE_POSITIVE
2568971,5.088582739,FALSE_POSITIVE
4284147,1.1611022,FALSE_POSITIVE
4349935,0.792023257,FALSE_POSITIVE
4352168,10.643743766,FALSE_POSITIVE
4356621,1.7317958,FALSE_POSITIVE
4357985,8.65298599,FALSE_POSITIVE
4367544,1.19563447,FALSE_POSITIVE
4372410,0.550537628,FALSE_POSITIVE
4372620,19.9310602,CANDIDATE
4372961,2.53470797,FALSE_POSITIVE
5119143,0.530799654,FALSE_POSITIVE
5125048,0.56818769,FALSE_POSITIVE
5126627,1.0094779,FALSE_POSITIVE
5130890,0.91057795,FALSE_POSITIVE
5164794,1.0429419,FALSE_POSITIVE
5171707,0.813998812,CANDIDATE
5172274,6.12650913,FALSE_POSITIVE
5174492,0.720589427,FALSE_POSITIVE
6068947,0.573036404,FALSE_POSITIVE
6103049,0.643171495,FALSE_POSITIVE
6109688,14.086776961,FALSE_POSITIVE
6111011,14.7639145,CANDIDATE
6128141,1.872620976,FALSE_POSITIVE
6128245,1.118510435,CANDIDATE
6131659,17.527826808,FALSE_POSITIVE
6146838,27.467217305,FALSE_POSITIVE
6950275,40.879068,FALSE_POSITIVE
6953219,0.566802325,FALSE_POSITIVE
6956176,2.64185268,CANDIDATE
6962018,0.634946497,FALSE_POSITIVE
6965293,5.077746556,FALSE_POSITIVE
6967430,2.00383703,FALSE_POSITIVE
7009828,5.321224925,FALSE_POSITIVE
7025851,2.340534383,FALSE_POSITIVE
7870250,0.580724809,FALSE_POSITIVE
7871395,501.07647447,FALSE_POSITIVE
7885518,1.72933255,FALSE_POSITIVE
7885570,1.729338354,FALSE_POSITIVE
7886329,0.567493852,FALSE_POSITIVE
7902204,2.54031121,CANDIDATE
7919653,2.105238039,FALSE_POSITIVE
7938468,7.226944171,FALSE_POSITIVE
8560861,31.973311701,FALSE_POSITIVE
8565900,1.64125844,FALSE_POSITIVE
8566113,1.371587993,CANDIDATE
8569819,20.849919614,FALSE_POSITIVE
8574270,15.120212531,FALSE_POSITIVE
8581658,3.481657589,FALSE_POSITIVE
8590527,0.739769962,FALSE_POSITIVE
8604993,6.570421193,FALSE_POSITIVE
8608490,0.541405029,FALSE_POSITIVE
9579789,2.17814186,FALSE_POSITIVE
9581498,10.54884842,FALSE_POSITIVE
9588862,5.89773974,CANDIDATE
9592855,0.609662423,FALSE_POSITIVE
9596064,1.74145041,CANDIDATE
9596187,0.953299962,FALSE_POSITIVE
9596892,20.2944118,CANDIDATE
9597095,2.745640575,FALSE_POSITIVE
10450504,17.9908273,CANDIDATE
10454401,12.180721266,FALSE_POSITIVE
10462826,50.467024395,FALSE_POSITIVE
10464199,198.11309,CANDIDATE
10468514,0.84986054,FALSE_POSITIVE
10471113,0.933728196,FALSE_POSITIVE
10481054,2.03742712,FALSE_POSITIVE
10486425,5.274819905,FALSE_POSITIVE
11560447,0.527678272,FALSE_POSITIVE
11601357,3.55027051,FALSE_POSITIVE
11602794,5.70509519,CANDIDATE
11615481,65.4317194,FALSE_POSITIVE
11616200,1.718649321,FALSE_POSITIVE
11616631,7.2949175,FALSE_POSITIVE
11616663,7.2935801,FALSE_POSITIVE
11618798,42.9261364,FALSE_POSITIVE
2570505,1.89129338,FALSE_POSITIVE
2570767,1.89124453,FALSE_POSITIVE
2571075,1.89134201,FALSE_POSITIVE
2576692,87.87826191,FALSE_POSITIVE
2580872,15.926632768,FALSE_POSITIVE
2583777,0.958116585,FALSE_POSITIVE
2693092,39.841522897,FALSE_POSITIVE
2708156,1.891268461,FALSE_POSITIVE
2708172,1.89114441,FALSE_POSITIVE
4375101,61.25964956,FALSE_POSITIVE
4380283,0.872359598,FALSE_POSITIVE
4384793,374.318792,FALSE_POSITIVE
4445630,5.627911313,FALSE_POSITIVE
4446411,0.62927655,FALSE_POSITIVE
4454219,1.22578134,FALSE_POSITIVE
4456622,0.751408792,FALSE_POSITIVE
4482738,0.866344816,FALSE_POSITIVE
4484312,2.24294107,FALSE_POSITIVE
5174920,0.950487062,FALSE_POSITIVE
5181455,5.579631021,FALSE_POSITIVE
5193386,21.37831102,FALSE_POSITIVE
5193439,129.847318,CANDIDATE
5196851,0.541396363,FALSE_POSITIVE
5199978,0.550509602,FALSE_POSITIVE
5211470,2.404293523,FALSE_POSITIVE
5215508,0.8867443,CANDIDATE
6147573,25.836831272,FALSE_POSITIVE
6152521,0.94895231,FALSE_POSITIVE
6185717,11.702203927,FALSE_POSITIVE
6187508,2.28494301,CANDIDATE
6205460,3.722775537,FALSE_POSITIVE
6206751,1.245342215,FALSE_POSITIVE
6207053,0.604755462,FALSE_POSITIVE
6209225,439.21978,CANDIDATE
6220470,8.144135648,FALSE_POSITIVE
7031132,0.566795196,FALSE_POSITIVE
7031732,0.566798827,FALSE_POSITIVE
7031767,0.56678012,FALSE_POSITIVE
7031948,0.566800113,FALSE_POSITIVE
7031992,0.56679293,FALSE_POSITIVE
7032117,0.566809491,FALSE_POSITIVE
7032174,0.566799218,FALSE_POSITIVE
7032383,0.566797404,FALSE_POSITIVE
7939761,22.2548897,CANDIDATE
7943535,4.719336335,FALSE_POSITIVE
7947631,1.258274109,FALSE_POSITIVE
7950775,8.966610607,FALSE_POSITIVE
7955301,15.32763411,FALSE_POSITIVE
7960295,2.10413487,FALSE_POSITIVE
7960547,6.767341062,FALSE_POSITIVE
7967100,1.92730001,FALSE_POSITIVE
8610483,48.79936881,FALSE_POSITIVE
8613446,1.01485981,CANDIDATE
8618226,5.882036054,FALSE_POSITIVE
8621026,4.059428737,FALSE_POSITIVE
8624860,15.3902613,CANDIDATE
8625408,279.036565,CANDIDATE
8686442,26.8552365,CANDIDATE
8690001,19.35954117,FALSE_POSITIVE
8693536,16.2347636,CANDIDATE
9597854,1.287097944,FALSE_POSITIVE
9602431,3.5565617,FALSE_POSITIVE
9602538,3.55646511,FALSE_POSITIVE
9630640,3.661895766,FALSE_POSITIVE
9635520,2.3518268,CANDIDATE
9635529,2.35195525,FALSE_POSITIVE
9637299,1.882438182,FALSE_POSITIVE
9639106,3.57944367,CANDIDATE
9640123,8.2553499,CANDIDATE
10490960,5.682410334,FALSE_POSITIVE
10491031,2.199069234,FALSE_POSITIVE
10535807,1.481655821,FALSE_POSITIVE
10535858,0.93370968,FALSE_POSITIVE
10546063,10.6982275,CANDIDATE
10547685,1.388509353,FALSE_POSITIVE
10549576,9.089355023,FALSE_POSITIVE
10552700,0.94808587,FALSE_POSITIVE
11619964,10.368552685,FALSE_POSITIVE
11650543,7.20558084,CANDIDATE
11651105,13.8602646,FALSE_POSITIVE
11662440,13.639480425,FALSE_POSITIVE
11671646,392.50115,CANDIDATE
11672354,5.29655591,CANDIDATE
11704044,6.882686062,FALSE_POSITIVE
11706658,1.407937865,FALSE_POSITIVE
2708445,1.89117723,FALSE_POSITIVE
2708614,52.884577,FALSE_POSITIVE
2711114,1.429439352,FALSE_POSITIVE
2716979,8.8324193,CANDIDATE
2720354,2.821328194,FALSE_POSITIVE
2834463,5.88836941,CANDIDATE
2852560,11.961308501,FALSE_POSITIVE
2856960,204.280255,FALSE_POSITIVE
4484356,0.572079631,FALSE_POSITIVE
4489844,0.822314545,FALSE_POSITIVE
4540632,31.005392846,FALSE_POSITIVE
4544623,2.189097,FALSE_POSITIVE
4565985,17.51191534,FALSE_POSITIVE
4567118,521.10826,CANDIDATE
4569590,41.3701638,FALSE_POSITIVE
4574310,1.306220168,FALSE_POSITIVE
4575824,631.632,FALSE_POSITIVE
5216727,0.756511623,FALSE_POSITIVE
5218014,10.845286549,FALSE_POSITIVE
5255552,32.45541269,FALSE_POSITIVE
5263167,3.39401963,CANDIDATE
5266937,5.917085496,FALSE_POSITIVE
5269407,0.958871144,FALSE_POSITIVE
5271803,0.5402463,FALSE_POSITIVE
5272571,1.288046428,FALSE_POSITIVE
6228703,4.200206781,FALSE_POSITIVE
6231401,6.091954982,FALSE_POSITIVE
6265961,5.52507406,CANDIDATE
6279823,485.52409,FALSE_POSITIVE
6283224,0.76647343,FALSE_POSITIVE
6285094,5.2439783,FALSE_POSITIVE
6285396,5.2436639,FALSE_POSITIVE
6285397,5.2438269,FALSE_POSITIVE
7032968,0.56678702,FALSE_POSITIVE
7033713,2.19642864,FALSE_POSITIVE
7033748,2.19635512,FALSE_POSITIVE
7049486,26.718417546,FALSE_POSITIVE
7050754,0.615787196,FALSE_POSITIVE
7090801,548.08441,FALSE_POSITIVE
7097571,2.213964145,FALSE_POSITIVE
7103300,3.226232203,CANDIDATE
7970629,1.025534511,FALSE_POSITIVE
7970760,7.64941291,FALSE_POSITIVE
7971389,13.174807933,FALSE_POSITIVE
7976136,0.655094658,FALSE_POSITIVE
7976435,3.33287187,FALSE_POSITIVE
7985167,0.692239369,FALSE_POSITIVE
7987749,17.030857558,FALSE_POSITIVE
8007675,2.352446342,CANDIDATE
8700506,43.797829003,FALSE_POSITIVE
8701327,4.254417651,FALSE_POSITIVE
8711548,18.778162159,FALSE_POSITIVE
8713828,1.25451792,FALSE_POSITIVE
8719897,1.575710265,FALSE_POSITIVE
8736245,2.534740757,FALSE_POSITIVE
8738115,37.59406667,FALSE_POSITIVE
8739209,3.6972959,FALSE_POSITIVE
8746310,6.855624762,FALSE_POSITIVE
9640921,80.7060641,FALSE_POSITIVE
9640921,2.17814513,FALSE_POSITIVE
9641031,1.089077111,FALSE_POSITIVE
9641103,1.089057762,FALSE_POSITIVE
9644411,0.379412331,FALSE_POSITIVE
9644683,0.585940879,FALSE_POSITIVE
9651602,3.90735046,CANDIDATE
9652166,0.646523404,FALSE_POSITIVE
10556578,0.626431697,FALSE_POSITIVE
10583181,2.696354974,FALSE_POSITIVE
10586619,377.501257,CANDIDATE
10592163,14.762889172,FALSE_POSITIVE
10597164,4.5638537,FALSE_POSITIVE
10601538,1.463775066,FALSE_POSITIVE
10601579,8.098754149,FALSE_POSITIVE
10613718,0.587938916,FALSE_POSITIVE
8557246,246.87131,FALSE_POSITIVE
11709022,0.71957289,FALSE_POSITIVE
11724091,1.559090282,FALSE_POSITIVE
11757422,1.81993557,FALSE_POSITIVE
11763910,0.612888148,FALSE_POSITIVE
11768970,15.541358818,FALSE_POSITIVE
11773625,7.1969168,CANDIDATE
11775530,12.8177012,FALSE_POSITIVE
11811454,2.274628199,FALSE_POSITIVE
8560280,85.338393,FALSE_POSITIVE
2860594,5.499941793,FALSE_POSITIVE
2860788,2.629870555,FALSE_POSITIVE
2969638,1.97362159,FALSE_POSITIVE
2970670,0.947554749,CANDIDATE
2973509,6.62761199,FALSE_POSITIVE
2994092,50.271927,CANDIDATE
2998124,28.597880332,FALSE_POSITIVE
3098194,30.476518853,FALSE_POSITIVE
4578594,252.1638623,FALSE_POSITIVE
4587448,2.23416013,FALSE_POSITIVE
4633434,22.271198511,FALSE_POSITIVE
4661634,73.894163515,FALSE_POSITIVE
4665989,1.124033822,FALSE_POSITIVE
4671584,2.796661168,FALSE_POSITIVE
4678171,15.288709179,FALSE_POSITIVE
4681152,1.83592242,FALSE_POSITIVE
4725292,1.15495063,FALSE_POSITIVE
8297017,128.208643,CANDIDATE
5282656,1.516372183,FALSE_POSITIVE
5284133,8.784575777,FALSE_POSITIVE
5285607,1.949700508,FALSE_POSITIVE
5286786,9.948701373,FALSE_POSITIVE
5288543,3.457078812,FALSE_POSITIVE
5294739,3.735993484,FALSE_POSITIVE
5295206,6.63448023,CANDIDATE
5298620,12.4239677,FALSE_POSITIVE
5300878,0.639721284,FALSE_POSITIVE
6292732,1.25338826,FALSE_POSITIVE
6307000,1.002591901,CANDIDATE
6311637,1.620813697,FALSE_POSITIVE
6345758,3.37116682,CANDIDATE
6364126,5.2434664,FALSE_POSITIVE
6364195,5.2439542,FALSE_POSITIVE
6364200,5.2441517,FALSE_POSITIVE
6364247,5.2443332,FALSE_POSITIVE
7105574,20.726069913,FALSE_POSITIVE
7115200,0.566801447,FALSE_POSITIVE
7115332,0.566794934,FALSE_POSITIVE
7115463,0.566800287,FALSE_POSITIVE
7115597,0.566791946,FALSE_POSITIVE
7115878,0.566790294,FALSE_POSITIVE
7116043,0.566799725,FALSE_POSITIVE
7116226,0.566801325,FALSE_POSITIVE
8008128,14.854415674,FALSE_POSITIVE
8009500,38.47674409,FALSE_POSITIVE
8013289,10.643110689,FALSE_POSITIVE
8016214,1.587485742,FALSE_POSITIVE
8016692,6.613671,CANDIDATE
8027902,1.79621807,FALSE_POSITIVE
8039925,20.2594232,FALSE_POSITIVE
8042644,1.48062814,CANDIDATE
8081389,1.489442254,FALSE_POSITIVE
8750094,1.12679793,FALSE_POSITIVE
8758161,0.998217563,FALSE_POSITIVE
8760760,2.68814059,CANDIDATE
8767034,0.58640848,FALSE_POSITIVE
8773948,33.46947449,FALSE_POSITIVE
8784288,1.827558898,FALSE_POSITIVE
8804358,62.519211,FALSE_POSITIVE
8807057,97.991569,CANDIDATE
8508493,349.85525,FALSE_POSITIVE
9652632,2.488812012,FALSE_POSITIVE
9655424,0.51811818,FALSE_POSITIVE
9657636,542.52829,FALSE_POSITIVE
9658089,1.057080807,CANDIDATE
9665503,11.567974732,FALSE_POSITIVE
9673173,21.294733865,FALSE_POSITIVE
9674320,317.062416,CANDIDATE
9693803,13.4959496,CANDIDATE
9711751,0.855763492,FALSE_POSITIVE
10619109,2.045166206,FALSE_POSITIVE
10646620,2.41349123,FALSE_POSITIVE
10649230,0.447820618,FALSE_POSITIVE
10659624,43.2675604,CANDIDATE
10661913,1.23133063,FALSE_POSITIVE
10661976,0.61566096,FALSE_POSITIVE
10662021,1.23140522,FALSE_POSITIVE
10665228,11.3251153,CANDIDATE
8560927,31.9714488,FALSE_POSITIVE
11817750,9.762550001,FALSE_POSITIVE
11825996,16.9163386,CANDIDATE
11854636,37.0200232,CANDIDATE
11855538,2.521265,FALSE_POSITIVE
11858541,5.674353343,FALSE_POSITIVE
11873166,0.734426335,FALSE_POSITIVE
11873171,0.734426409,FALSE_POSITIVE
11904704,0.565713361,CANDIDATE
3102024,13.782522208,FALSE_POSITIVE
3110937,1.89121656,FALSE_POSITIVE
3115480,3.693702974,FALSE_POSITIVE
3120320,10.265613245,FALSE_POSITIVE
3127817,2.163569702,FALSE_POSITIVE
3228740,0.730956716,FALSE_POSITIVE
3230206,7.04715073,FALSE_POSITIVE
3230227,7.047106212,FALSE_POSITIVE
4729553,0.961292561,FALSE_POSITIVE
4736208,63.68192888,FALSE_POSITIVE
4737302,9.455586047,FALSE_POSITIVE
4739194,1.246585716,FALSE_POSITIVE
4739565,0.898932836,FALSE_POSITIVE
4740688,3.45423296,FALSE_POSITIVE
4753988,7.304451735,FALSE_POSITIVE
4757331,1.181046137,FALSE_POSITIVE
5301955,0.68396452,FALSE_POSITIVE
5306862,2.025580416,FALSE_POSITIVE
5307574,58.64379,FALSE_POSITIVE
5308778,20.28281916,FALSE_POSITIVE
5310435,4.931365987,FALSE_POSITIVE
5343976,4.331392455,FALSE_POSITIVE
5347537,345.1846728,FALSE_POSITIVE
5347784,9.58405667,FALSE_POSITIVE
6364294,5.2436612,FALSE_POSITIVE
6367439,3.7789374,FALSE_POSITIVE
6367628,1.88984957,FALSE_POSITIVE
6368222,82.97062172,CANDIDATE
6372268,5.22422449,CANDIDATE
6384840,2.49904083,FALSE_POSITIVE
6386784,1.99567242,FALSE_POSITIVE
6390236,0.89879279,FALSE_POSITIVE
6421188,16.434352831,FALSE_POSITIVE
7116236,0.566793818,FALSE_POSITIVE
7117513,0.566797474,FALSE_POSITIVE
7117541,1.585673651,FALSE_POSITIVE
7118545,14.797219157,FALSE_POSITIVE
7125636,6.49066214,FALSE_POSITIVE
7128918,7.11879848,FALSE_POSITIVE
7132015,6.99510404,FALSE_POSITIVE
7135549,22.50053441,CANDIDATE
8088354,2.897829967,FALSE_POSITIVE
8091197,4.88698386,CANDIDATE
8094140,0.706428634,FALSE_POSITIVE
8094221,10.8632531,FALSE_POSITIVE
8097825,1.46842648,FALSE_POSITIVE
8098300,4.305917719,FALSE_POSITIVE
8098515,1.28659726,FALSE_POSITIVE
8098960,8.47484677,CANDIDATE
8104436,2.535389624,FALSE_POSITIVE
8815279,13.56092626,CANDIDATE
8822585,1.627538928,FALSE_POSITIVE
8823397,1.506503686,FALSE_POSITIVE
8841616,1.679585725,FALSE_POSITIVE
8845221,5.40346248,FALSE_POSITIVE
8845552,34.0357766,CANDIDATE
8848104,0.824851807,FALSE_POSITIVE
8848115,0.82484293,FALSE_POSITIVE
8868657,4.4473549,FALSE_POSITIVE
9726452,42.48452259,CANDIDATE
9762514,7.51509713,FALSE_POSITIVE
9762519,7.51514595,FALSE_POSITIVE
9777062,19.230038188,FALSE_POSITIVE
9786821,21.120005744,FALSE_POSITIVE
9790965,0.82206761,FALSE_POSITIVE
9790965,4.74701479,CANDIDATE
9811915,1.96682825,CANDIDATE
9818732,45.035589512,FALSE_POSITIVE
10665749,4.237447181,CANDIDATE
10670112,4.0953585,CANDIDATE
10680424,0.92623983,CANDIDATE
10685175,3.10197712,FALSE_POSITIVE
10686876,2.618414643,FALSE_POSITIVE
10686930,2.61844178,FALSE_POSITIVE
10711913,19.407958161,FALSE_POSITIVE
10732401,0.933747375,FALSE_POSITIVE
11906217,37.910213899,FALSE_POSITIVE
11913052,3.74785307,FALSE_POSITIVE
11913071,3.747835042,FALSE_POSITIVE
11918482,0.94754848,FALSE_POSITIVE
11922648,1.75643185,FALSE_POSITIVE
11922782,1.756466865,FALSE_POSITIVE
11923819,33.159475806,FALSE_POSITIVE
11959569,46.14869106,FALSE_POSITIVE
11966557,60.2976774,FALSE_POSITIVE
5897826,0.875197345,CANDIDATE
3240158,13.2298203,CANDIDATE
2837111,3.71840884,CANDIDATE
3241619,1.703347524,FALSE_POSITIVE
3241662,1.70332915,FALSE_POSITIVE
3245000,20.413812,FALSE_POSITIVE
3246867,5.32737192,CANDIDATE
3247294,67.41958542,FALSE_POSITIVE
3248332,7.363572395,FALSE_POSITIVE
3249334,5.90260586,CANDIDATE
3323289,33.693201537,FALSE_POSITIVE
3324069,22.80265,CANDIDATE
4758350,1.120997701,FALSE_POSITIVE
4758368,1.874967748,FALSE_POSITIVE
4760959,29.9315174,CANDIDATE
4764969,0.602277579,CANDIDATE
4768756,2.40440112,FALSE_POSITIVE
4769824,21.926779,FALSE_POSITIVE
4773155,25.706001174,FALSE_POSITIVE
4830859,27.2173855,CANDIDATE
4832273,501.90703,FALSE_POSITIVE
5353938,6.27651592,CANDIDATE
5359678,3.115304946,FALSE_POSITIVE
5380812,16.214474,CANDIDATE
5385469,12.422524,FALSE_POSITIVE
5385647,12.4269264,FALSE_POSITIVE
5385667,12.4261809,FALSE_POSITIVE
5388229,0.61810542,FALSE_POSITIVE
5389184,1.06995136,FALSE_POSITIVE
6421483,2.158398259,FALSE_POSITIVE
6421937,359.534371,FALSE_POSITIVE
6423922,0.9951412,CANDIDATE
6428942,534.86668,FALSE_POSITIVE
6436505,43.535891,CANDIDATE
6437993,1.39797542,FALSE_POSITIVE
6442246,2.2127498,FALSE_POSITIVE
6443392,0.776976021,FALSE_POSITIVE
7137798,2.25353739,FALSE_POSITIVE
7177553,17.99646148,FALSE_POSITIVE
7177892,1.386249249,FALSE_POSITIVE
7185487,0.53482911,FALSE_POSITIVE
7198648,0.566799833,FALSE_POSITIVE
7199935,0.566795728,FALSE_POSITIVE
7200102,14.665759784,FALSE_POSITIVE
7200225,0.566780836,FALSE_POSITIVE
8488381,4.7368156,CANDIDATE
8111622,15.44605962,FALSE_POSITIVE
8112013,1.790518325,FALSE_POSITIVE
8115647,40.7698541,CANDIDATE
8120820,129.222771,CANDIDATE
8123170,1.03905082,FALSE_POSITIVE
8123937,0.503201954,FALSE_POSITIVE
8128965,7.140373046,FALSE_POSITIVE
8129189,53.647084859,FALSE_POSITIVE
8878681,2.496328637,FALSE_POSITIVE
8879427,16.31328124,FALSE_POSITIVE
8879915,1.721313779,FALSE_POSITIVE
8881169,5.01880305,CANDIDATE
8890996,1.50650745,FALSE_POSITIVE
8906676,8.209514329,FALSE_POSITIVE
8938628,3.431126546,FALSE_POSITIVE
8940961,1.583334941,FALSE_POSITIVE
8953278,23.59919017,CANDIDATE
9821078,8.429438192,FALSE_POSITIVE
9821428,299.70688,CANDIDATE
9837013,14.461834,CANDIDATE
9848420,7.9320191,FALSE_POSITIVE
9850387,1.374249107,FALSE_POSITIVE
9850912,8.4804737,FALSE_POSITIVE
9852050,0.94242156,FALSE_POSITIVE
9873869,4.994773558,FALSE_POSITIVE
10736223,1.105094098,FALSE_POSITIVE
10736489,6.842939,CANDIDATE
10743600,0.8170226,FALSE_POSITIVE
10751908,4.48538145,CANDIDATE
10753734,19.40669392,FALSE_POSITIVE
10794242,7.143708297,FALSE_POSITIVE
10794405,0.952377862,FALSE_POSITIVE
10809677,3.521050679,FALSE_POSITIVE
10812541,4.84847245,CANDIDATE
11967004,1.941635737,FALSE_POSITIVE
11968490,0.539445498,FALSE_POSITIVE
11970288,20.7106853,FALSE_POSITIVE
12004679,2.521245368,FALSE_POSITIVE
12004680,2.52122764,FALSE_POSITIVE
12004689,2.5212708,FALSE_POSITIVE
12013615,8.202869679,FALSE_POSITIVE
12016243,11.8436119,CANDIDATE
12022517,3.442714533,FALSE_POSITIVE
6307521,475.91706,FALSE_POSITIVE
7037540,0.858285844,FALSE_POSITIVE
11129738,4.88446644,CANDIDATE
10028792,8.9772888,CANDIDATE
4860678,3.03359398,CANDIDATE
5531953,21.9139549,CANDIDATE
4349442,6.238315363,FALSE_POSITIVE
7765528,9.3888216,CANDIDATE
3327980,2.115510941,FALSE_POSITIVE
3329643,1.015044104,FALSE_POSITIVE
3335816,3.711013336,FALSE_POSITIVE
3337438,2.97606298,FALSE_POSITIVE
3337548,2.97586085,FALSE_POSITIVE
3339538,14.658013949,FALSE_POSITIVE
3341934,18.839487435,FALSE_POSITIVE
3343866,0.555973803,FALSE_POSITIVE
4839180,4.426344495,FALSE_POSITIVE
4840263,0.957823876,FALSE_POSITIVE
4840818,5.024768971,FALSE_POSITIVE
4847832,30.960216668,FALSE_POSITIVE
4851217,2.470283788,FALSE_POSITIVE
4851338,1.23516416,FALSE_POSITIVE
4851356,1.23513471,FALSE_POSITIVE
4862332,0.8903331,FALSE_POSITIVE
4862625,20.000242814,FALSE_POSITIVE
5393558,10.217121652,FALSE_POSITIVE
5397905,0.618060842,FALSE_POSITIVE
5444392,0.759764419,FALSE_POSITIVE
5456979,2.6528082,CANDIDATE
5460835,21.539269242,FALSE_POSITIVE
5462901,5.270733213,FALSE_POSITIVE
5466109,2.43135542,CANDIDATE
5471010,12.4232158,FALSE_POSITIVE
6447326,4.3206933,FALSE_POSITIVE
6448768,16.486796364,FALSE_POSITIVE
6449291,5.7768734,FALSE_POSITIVE
6449552,20.148807707,FALSE_POSITIVE
6452742,0.687772143,FALSE_POSITIVE
6464285,0.843651274,FALSE_POSITIVE
6466939,1.142946648,FALSE_POSITIVE
6468938,7.217010987,FALSE_POSITIVE
8429014,9.72869627,FALSE_POSITIVE
7200301,0.566791802,FALSE_POSITIVE
7203179,2.245738777,FALSE_POSITIVE
7203194,2.24572117,FALSE_POSITIVE
7204073,0.566801906,FALSE_POSITIVE
7212722,2.316171991,FALSE_POSITIVE
7217088,12.54474243,CANDIDATE
7280953,0.56680208,FALSE_POSITIVE
7281217,0.566810701,FALSE_POSITIVE
7281229,0.566813319,FALSE_POSITIVE
8143170,28.787257509,FALSE_POSITIVE
8145789,0.835315046,FALSE_POSITIVE
8145958,3.07551068,CANDIDATE
8155584,26.0164225,FALSE_POSITIVE
8155654,6.29340543,CANDIDATE
8158324,593.19521,FALSE_POSITIVE
8162376,0.706430188,FALSE_POSITIVE
8167504,7.7021729,CANDIDATE
8953281,0.78430061,FALSE_POSITIVE
8953426,2.665875491,FALSE_POSITIVE
8953475,2.6658312,FALSE_POSITIVE
8957572,1.5765874,FALSE_POSITIVE
8958811,2.52557582,CANDIDATE
8958939,8.2927558,CANDIDATE
8958939,22.786522,CANDIDATE
8973000,28.027891356,FALSE_POSITIVE
9881258,2.028512246,FALSE_POSITIVE
9899153,1.33256167,FALSE_POSITIVE
9899193,1.332567821,FALSE_POSITIVE
9899410,1.332545609,FALSE_POSITIVE
9899421,1.33256256,FALSE_POSITIVE
9899577,1.33258981,FALSE_POSITIVE
9899583,1.33258375,FALSE_POSITIVE
9906489,8.9648813,FALSE_POSITIVE
10815677,1.284241817,CANDIDATE
10816107,2.161583501,FALSE_POSITIVE
10843431,8.7396758,CANDIDATE
10847907,0.535493486,FALSE_POSITIVE
10848097,15.9474242,CANDIDATE
10849244,24.261683827,FALSE_POSITIVE
10857589,32.532521502,FALSE_POSITIVE
10866969,50.0122,CANDIDATE
12022718,4.627775175,FALSE_POSITIVE
12053823,28.7850347,FALSE_POSITIVE
12067960,5.60682001,CANDIDATE
12071006,6.096030635,FALSE_POSITIVE
12105785,31.953038766,FALSE_POSITIVE
12106875,5.9371708,FALSE_POSITIVE
12157983,0.577844035,FALSE_POSITIVE
12164751,2.630090609,FALSE_POSITIVE
12217907,43.204596783,FALSE_POSITIVE
10028352,1.75147897,FALSE_POSITIVE
6307083,3.17796408,CANDIDATE
7620413,3.66520844,CANDIDATE
11705004,3.05293416,CANDIDATE
2854181,12.834857,CANDIDATE
5978559,36.2530992,CANDIDATE
8838950,4.02321842,CANDIDATE
6867555,7.5017934,CANDIDATE
12208631,0.912351255,CANDIDATE
3346543,12.4701111,CANDIDATE
3352751,3.495457889,FALSE_POSITIVE
3356193,5.8229815,CANDIDATE
3427776,4.01668015,FALSE_POSITIVE
3437739,1.89134156,FALSE_POSITIVE
3440230,2.881100027,FALSE_POSITIVE
3441340,0.806277023,FALSE_POSITIVE
3448323,0.513482156,FALSE_POSITIVE
4862625,225.66716,FALSE_POSITIVE
4863369,4.24748886,FALSE_POSITIVE
4863753,1.000012952,FALSE_POSITIVE
4902030,0.878803439,FALSE_POSITIVE
4908495,1.560158562,FALSE_POSITIVE
4912589,34.188302705,FALSE_POSITIVE
4914709,8.65303996,FALSE_POSITIVE
4914737,8.65311903,FALSE_POSITIVE
5471141,12.4253812,FALSE_POSITIVE
5471328,12.42555999,FALSE_POSITIVE
5471415,12.4257442,FALSE_POSITIVE
5471480,12.4254241,FALSE_POSITIVE
5475712,2.991884392,FALSE_POSITIVE
5479973,1.795273026,FALSE_POSITIVE
5513822,0.755109271,FALSE_POSITIVE
5513833,0.755101141,FALSE_POSITIVE
6471229,1.75251585,FALSE_POSITIVE
6471230,1.752450163,FALSE_POSITIVE
6521174,8.27923132,FALSE_POSITIVE
6521542,2.212877035,FALSE_POSITIVE
6522353,0.845097627,FALSE_POSITIVE
6522750,17.445640466,FALSE_POSITIVE
6523216,14.313157391,FALSE_POSITIVE
6531485,0.676990194,FALSE_POSITIVE
6531801,0.515875396,FALSE_POSITIVE
7281356,2.83401711,FALSE_POSITIVE
7281399,0.566803996,FALSE_POSITIVE
7281410,0.56681118,FALSE_POSITIVE
7281616,0.566799927,FALSE_POSITIVE
7281699,0.566786121,FALSE_POSITIVE
7282008,0.56679797,FALSE_POSITIVE
7285616,0.566802891,FALSE_POSITIVE
7335514,0.576732089,CANDIDATE
8178616,1.01884975,FALSE_POSITIVE
8180290,10.9279755,CANDIDATE
8183389,32.440339204,FALSE_POSITIVE
8192861,0.552141897,FALSE_POSITIVE
8193315,2.62387291,FALSE_POSITIVE
8195877,0.75509861,FALSE_POSITIVE
8196180,3.671661096,FALSE_POSITIVE
8210721,22.673145675,FALSE_POSITIVE
8977176,0.50948306,FALSE_POSITIVE
9001468,17.329965871,FALSE_POSITIVE
9005854,1.890227354,FALSE_POSITIVE
9007918,1.387206724,FALSE_POSITIVE
9007953,1.38718209,FALSE_POSITIVE
9024857,35.026564845,FALSE_POSITIVE
9025739,7.918267,CANDIDATE
9029486,3.138580493,FALSE_POSITIVE
9906802,9.26147679,FALSE_POSITIVE
9906841,581.0723,FALSE_POSITIVE
9909965,10.2170589,CANDIDATE
9913481,3.50474265,FALSE_POSITIVE
9913798,2.14344093,FALSE_POSITIVE
9932197,86.95432088,CANDIDATE
9934208,9.058487716,FALSE_POSITIVE
9936698,2.856085147,FALSE_POSITIVE
10867017,0.876941133,FALSE_POSITIVE
10909274,39.238141571,FALSE_POSITIVE
10920813,53.7406575,FALSE_POSITIVE
10923260,7.436016459,FALSE_POSITIVE
10924400,0.750737313,FALSE_POSITIVE
10932270,27.5837778,CANDIDATE
10936427,14.361021578,FALSE_POSITIVE
10937609,2.570431263,FALSE_POSITIVE
10965963,6.64024496,FALSE_POSITIVE
12251779,14.844240386,FALSE_POSITIVE
12268220,4.42158021,FALSE_POSITIVE
12302391,25.321698729,FALSE_POSITIVE
12304728,3.14735789,CANDIDATE
12306808,37.878483588,FALSE_POSITIVE
12351927,10.116144515,FALSE_POSITIVE
12353633,0.684496369,FALSE_POSITIVE
12353720,1.953285321,FALSE_POSITIVE
8565912,1.012174295,FALSE_POSITIVE
7778767,2.61090223,CANDIDATE
9026749,17.6637979,CANDIDATE
10916600,4.02664625,CANDIDATE
6198182,5.1777226,CANDIDATE
5695396,9.48814747,CANDIDATE
6964929,5.06993245,CANDIDATE
2853828,346.36642,FALSE_POSITIVE
7008149,0.51554111,FALSE_POSITIVE
3458919,0.892061734,FALSE_POSITIVE
3542573,3.471399214,FALSE_POSITIVE
3543270,4.176929219,FALSE_POSITIVE
3544678,6.3762199,FALSE_POSITIVE
3545626,9.78184193,CANDIDATE
3547178,8.1770751,CANDIDATE
3548622,569.45051,CANDIDATE
3556742,0.823014905,FALSE_POSITIVE
4917014,0.796815149,FALSE_POSITIVE
4931073,26.951237675,FALSE_POSITIVE
4932691,18.11208877,FALSE_POSITIVE
4939265,4.84505985,CANDIDATE
4940201,4.408295716,FALSE_POSITIVE
4946680,8.665259912,FALSE_POSITIVE
4947726,4.726086185,FALSE_POSITIVE
4948863,8.643550046,FALSE_POSITIVE
8308516,623.70774,CANDIDATE
5529501,1.51945182,FALSE_POSITIVE
5529560,0.759755409,FALSE_POSITIVE
5530881,5.082523739,FALSE_POSITIVE
5534476,1.02547271,FALSE_POSITIVE
5534702,1.025465924,FALSE_POSITIVE
5535280,74.985292949,FALSE_POSITIVE
5552808,10.95210361,CANDIDATE
5553624,25.762056721,FALSE_POSITIVE
5564082,2.70581614,CANDIDATE
6543682,1.195516859,FALSE_POSITIVE
6545018,1.995728294,FALSE_POSITIVE
6548447,10.768391927,FALSE_POSITIVE
6551106,3.84615171,CANDIDATE
6584167,0.733724504,FALSE_POSITIVE
6584278,1.28940823,CANDIDATE
6590726,498.27269,CANDIDATE
6591789,5.08840787,FALSE_POSITIVE
6593363,18.527824075,FALSE_POSITIVE
7336754,12.155241119,FALSE_POSITIVE
7345335,11.0495766,CANDIDATE
7350067,4.48559215,CANDIDATE
7362534,0.566789763,FALSE_POSITIVE
7362632,0.566811926,FALSE_POSITIVE
7365447,2.525386934,FALSE_POSITIVE
7366036,0.566801506,FALSE_POSITIVE
7366065,0.566803738,FALSE_POSITIVE
8211521,1.69421771,FALSE_POSITIVE
8227086,13.8086331,CANDIDATE
8227464,4.25907841,CANDIDATE
8229048,2.739477089,FALSE_POSITIVE
8231877,1.307761491,FALSE_POSITIVE
8234477,4.028671454,FALSE_POSITIVE
8240109,2.30118753,FALSE_POSITIVE
8240861,0.449249224,FALSE_POSITIVE
9049010,0.687004402,FALSE_POSITIVE
9083503,0.91839938,FALSE_POSITIVE
9085039,64.1983721,CANDIDATE
9093566,0.94356284,FALSE_POSITIVE
9098590,2.243569483,FALSE_POSITIVE
9098810,8.258181993,FALSE_POSITIVE
9099773,82.78482,CANDIDATE
9101208,1.81139053,FALSE_POSITIVE
9943009,2.4376438,CANDIDATE
9944201,0.721522907,CANDIDATE
9944421,7.09520543,FALSE_POSITIVE
9945280,0.651731691,FALSE_POSITIVE
9953736,0.50818743,FALSE_POSITIVE
9958053,2.73398963,FALSE_POSITIVE
9959093,19.1644498,CANDIDATE
9963009,40.069674617,FALSE_POSITIVE
8545603,55.884827,FALSE_POSITIVE
10976412,3.75938475,FALSE_POSITIVE
10979716,10.6840477,FALSE_POSITIVE
10982373,2.00280845,FALSE_POSITIVE
10987439,10.67459836,FALSE_POSITIVE
10989032,2.305097141,FALSE_POSITIVE
10991989,0.974477904,FALSE_POSITIVE
10992733,18.525917446,FALSE_POSITIVE
11019739,4.15736472,CANDIDATE
12356746,0.502454299,FALSE_POSITIVE
12356914,27.308150159,FALSE_POSITIVE
12365000,1.262742487,FALSE_POSITIVE
12365015,0.59586463,FALSE_POSITIVE
12367017,1.222127938,FALSE_POSITIVE
12367310,8.627475562,FALSE_POSITIVE
12403968,0.589753355,FALSE_POSITIVE
12418662,2.751566365,FALSE_POSITIVE
12418816,0.760935268,FALSE_POSITIVE
8709688,2.012094,CANDIDATE
9959492,1.33258772,FALSE_POSITIVE
2716801,9.4767057,CANDIDATE
3230805,6.65171459,CANDIDATE
11810124,208.54335,CANDIDATE
9349757,17.7189786,CANDIDATE
3219037,5.0395851,CANDIDATE
9117416,7.64370363,CANDIDATE
3558803,1.353414369,FALSE_POSITIVE
3634169,2.9590637,FALSE_POSITIVE
3644174,1.806631432,FALSE_POSITIVE
3655326,15.066491533,FALSE_POSITIVE
3656322,1.831829703,FALSE_POSITIVE
3656700,0.738527259,FALSE_POSITIVE
3659940,0.89627093,FALSE_POSITIVE
3663494,5.11683678,CANDIDATE
4949027,1.06100327,FALSE_POSITIVE
4949214,0.922030594,FALSE_POSITIVE
4950341,611.09299,FALSE_POSITIVE
4950557,24.714790706,FALSE_POSITIVE
4995716,16.1191449,CANDIDATE
5000179,3.6329347,FALSE_POSITIVE
5017058,1.161947482,FALSE_POSITIVE
5018787,0.607191908,FALSE_POSITIVE
8345473,2.2502073,FALSE_POSITIVE
5597361,17.9925973,CANDIDATE
5598639,0.648775795,FALSE_POSITIVE
5610698,4.132521615,FALSE_POSITIVE
5616489,410.88527,FALSE_POSITIVE
5617510,74.371666,CANDIDATE
5621294,0.938905082,FALSE_POSITIVE
5621299,0.93891532,FALSE_POSITIVE
5622250,16.294213708,FALSE_POSITIVE
5632781,11.02520205,FALSE_POSITIVE
6594972,10.819169459,FALSE_POSITIVE
6595662,2.680514453,FALSE_POSITIVE
6603765,19.164111,CANDIDATE
6606282,1.053573674,FALSE_POSITIVE
6606669,0.970085646,FALSE_POSITIVE
6607610,63.52017525,FALSE_POSITIVE
6610219,11.300987626,FALSE_POSITIVE
6610433,0.92098747,FALSE_POSITIVE
7368103,2.182515126,FALSE_POSITIVE
7369523,2.659418888,FALSE_POSITIVE
7376982,2.31610674,FALSE_POSITIVE
7381580,13.5164708,CANDIDATE
7381695,0.948683571,FALSE_POSITIVE
7385387,1.65546056,FALSE_POSITIVE
7385478,1.655472351,FALSE_POSITIVE
7421876,4.50279037,FALSE_POSITIVE
8243263,1.759276227,FALSE_POSITIVE
8244295,1.09206792,FALSE_POSITIVE
8248103,4.83014159,CANDIDATE
8256882,2.41194057,CANDIDATE
8262223,1.613014741,FALSE_POSITIVE
8265520,6.2089181,FALSE_POSITIVE
8265990,0.77996263,FALSE_POSITIVE
8283875,0.800263219,CANDIDATE
9119405,18.646323091,FALSE_POSITIVE
9150870,441.17369,CANDIDATE
9156957,3.6673005,FALSE_POSITIVE
9159301,3.044771557,FALSE_POSITIVE
9163674,0.773144492,FALSE_POSITIVE
9164788,2.66811113,FALSE_POSITIVE
9172506,50.440285363,FALSE_POSITIVE
9179531,3.255385289,FALSE_POSITIVE
9963639,7.4185369,FALSE_POSITIVE
9965691,15.68434493,FALSE_POSITIVE
9971475,5.357409918,FALSE_POSITIVE
10000490,1.400991827,FALSE_POSITIVE
10002049,19.2532128,CANDIDATE
10014702,1.34062901,FALSE_POSITIVE
10019854,14.1011023,CANDIDATE
10020423,7.448375935,FALSE_POSITIVE
11027270,0.533628226,FALSE_POSITIVE
11027722,0.678137665,FALSE_POSITIVE
11029877,2.069415479,FALSE_POSITIVE
11068630,1.817079849,CANDIDATE
11071207,8.04963472,FALSE_POSITIVE
11073223,11.578946873,FALSE_POSITIVE
11076279,1.47258471,FALSE_POSITIVE
11092783,5.15998178,CANDIDATE
11124509,4.446459958,FALSE_POSITIVE
12454800,23.3787733,CANDIDATE
12458817,15.09984259,CANDIDATE
12470530,8.207257515,FALSE_POSITIVE
12504353,498.68845,FALSE_POSITIVE
12506342,1.22775105,FALSE_POSITIVE
12519942,15.3416245,CANDIDATE
12555616,21.980467,CANDIDATE
12557713,7.214721393,FALSE_POSITIVE
9730163,8.15275885,CANDIDATE
2437112,3.18740907,FALSE_POSITIVE
8719324,10.23273611,FALSE_POSITIVE
5471690,0.962815183,FALSE_POSITIVE
7100673,7.23524221,CANDIDATE
3937814,10.72900793,CANDIDATE
3937814,8.19619768,CANDIDATE
4548098,5.215752,CANDIDATE
5078025,0.696290095,FALSE_POSITIVE
3733638,10.0714369,CANDIDATE
3746248,0.62240698,FALSE_POSITIVE
3748855,4.37198905,CANDIDATE
3748855,6.72876606,CANDIDATE
3757588,24.09002065,FALSE_POSITIVE
3764411,4.4158933,FALSE_POSITIVE
3765692,3.09383248,CANDIDATE
3766353,2.666961614,FALSE_POSITIVE
5019567,1.17430183,FALSE_POSITIVE
5021432,14.05652256,CANDIDATE
5021732,15.039464523,FALSE_POSITIVE
5022440,3.693951168,FALSE_POSITIVE
5022900,1.05680287,FALSE_POSITIVE
5024126,0.787122102,FALSE_POSITIVE
5024268,2.15045295,FALSE_POSITIVE
5024372,0.561524348,FALSE_POSITIVE
5633259,315.07717192,CANDIDATE
5647638,1.21607873,FALSE_POSITIVE
5653126,38.49536985,FALSE_POSITIVE
5686974,4.18224416,FALSE_POSITIVE
5696909,0.643002821,FALSE_POSITIVE
5697628,1.95119541,FALSE_POSITIVE
5700330,53.220416998,FALSE_POSITIVE
5702770,8.0018897,CANDIDATE
6614748,383.85362,CANDIDATE
6628926,2.564012541,CANDIDATE
6629156,0.71538172,FALSE_POSITIVE
6629588,2.264471713,FALSE_POSITIVE
6636020,18.3602239,FALSE_POSITIVE
6664842,5.21395046,CANDIDATE
6665064,24.996068,CANDIDATE
6670610,8.9429645,CANDIDATE
7431665,281.509095,FALSE_POSITIVE
7447895,2.405625303,CANDIDATE
7455553,3.258249472,FALSE_POSITIVE
7456521,552.8295063,FALSE_POSITIVE
7461314,0.773595312,FALSE_POSITIVE
7461521,0.7735301,CANDIDATE
7499571,533.6593,FALSE_POSITIVE
7537660,2.42186898,CANDIDATE
7541502,44.827323809,FALSE_POSITIVE
8285254,7.535894184,FALSE_POSITIVE
8285970,0.562498925,FALSE_POSITIVE
8288719,0.755049082,FALSE_POSITIVE
8294484,1.012694226,FALSE_POSITIVE
8296467,10.303356001,FALSE_POSITIVE
8301013,2.214029545,FALSE_POSITIVE
8302455,2.441988077,FALSE_POSITIVE
8302473,2.44200193,FALSE_POSITIVE
8311864,384.847556,CANDIDATE
9181340,2.131225773,FALSE_POSITIVE
9203154,0.839907158,CANDIDATE
9205993,1.219736039,FALSE_POSITIVE
9207508,2.015152464,FALSE_POSITIVE
9210828,0.82820657,FALSE_POSITIVE
9221627,1.7613778,CANDIDATE
9236858,2.537081943,FALSE_POSITIVE
9243795,14.443127448,FALSE_POSITIVE
9266285,5.61386908,FALSE_POSITIVE
10026136,9.080194398,FALSE_POSITIVE
10026457,9.93442075,FALSE_POSITIVE
10031409,2.071939672,FALSE_POSITIVE
10031526,8.5893644,FALSE_POSITIVE
10031808,8.589644815,FALSE_POSITIVE
10053138,11.7728146,CANDIDATE
10063044,1.009671584,FALSE_POSITIVE
10066755,2.46506501,CANDIDATE
10070479,1.758599866,CANDIDATE
11134079,1.260575815,FALSE_POSITIVE
11137061,1.88912273,FALSE_POSITIVE
11144439,0.609125246,FALSE_POSITIVE
7119481,14.1573717,CANDIDATE
11147276,1.566528935,FALSE_POSITIVE
11154043,4.52977632,FALSE_POSITIVE
11182260,1.291964282,CANDIDATE
11187972,37.4646974,CANDIDATE
4548011,4.32744048,FALSE_POSITIVE
2852941,11.57958162,FALSE_POSITIVE
8773015,6.31915999,CANDIDATE
9883606,2.58393841,CANDIDATE
9597729,0.87630504,FALSE_POSITIVE
9836563,6.5595368,CANDIDATE
6508221,31.5322987,CANDIDATE
9100953,14.7510068,CANDIDATE
3830820,15.582794732,FALSE_POSITIVE
3831523,1.529283907,FALSE_POSITIVE
3834364,2.908454772,FALSE_POSITIVE
3836413,1.540396094,FALSE_POSITIVE
3836439,1.540395674,FALSE_POSITIVE
3838004,2.344138713,FALSE_POSITIVE
3851134,0.91849333,FALSE_POSITIVE
3851193,1.341078755,FALSE_POSITIVE
9595956,316.950146,FALSE_POSITIVE
9655792,589.74851,FALSE_POSITIVE
9970396,235.2976173,FALSE_POSITIVE
10079420,54.54312996,CANDIDATE
10253638,7.4539297,FALSE_POSITIVE
10267121,36.136968,FALSE_POSITIVE
10341777,0.933746709,FALSE_POSITIVE
10407271,0.93376738,FALSE_POSITIVE
10471167,0.93374073,FALSE_POSITIVE
10471174,0.93369659,FALSE_POSITIVE
10471345,0.9337473,FALSE_POSITIVE
11296798,677.35794,FALSE_POSITIVE
11463950,4.0551242,FALSE_POSITIVE
11559304,12.9284553,CANDIDATE
11621897,21.6817115,FALSE_POSITIVE
12253534,466.08101,FALSE_POSITIVE
12304202,0.66573903,FALSE_POSITIVE
4735826,4.02018903,CANDIDATE
9291039,3.796383639,FALSE_POSITIVE
10155321,0.71059239,FALSE_POSITIVE
5003670,3.33930957,CANDIDATE
4953173,3.36379289,FALSE_POSITIVE
8973285,4.29251656,CANDIDATE
2861126,4.98792404,CANDIDATE
6363560,0.907818056,FALSE_POSITIVE
7539174,297.71402,FALSE_POSITIVE
7935997,3.87594316,CANDIDATE
8105398,5.68325648,CANDIDATE
10535708,0.93373761,FALSE_POSITIVE
11453930,0.687739345,FALSE_POSITIVE
4737267,9.524076544,FALSE_POSITIVE
5955321,11.637858887,FALSE_POSITIVE
6182093,50.900813,FALSE_POSITIVE
4758350,91.649983,CANDIDATE
4862625,541.742985,CANDIDATE
10621666,14.5862195,FALSE_POSITIVE
5211470,0.938074536,FALSE_POSITIVE
6665064,0.698359996,FALSE_POSITIVE
3123418,563.94854,FALSE_POSITIVE
3458687,0.98376204,FALSE_POSITIVE
3749508,2.403704619,FALSE_POSITIVE
3955867,33.65766894,FALSE_POSITIVE
3965201,44.113873,CANDIDATE
4074294,0.892988877,FALSE_POSITIVE
4380560,0.705816203,FALSE_POSITIVE
4384652,374.51648,FALSE_POSITIVE
7697568,10.3482112,FALSE_POSITIVE
4483235,1.7609276,FALSE_POSITIVE
4662363,321.24194284,FALSE_POSITIVE
4680745,1.463148937,FALSE_POSITIVE
4851195,374.514471,FALSE_POSITIVE
4862924,482.62011,CANDIDATE
5024414,1.525924746,FALSE_POSITIVE
5177065,1.25383162,FALSE_POSITIVE
5268955,12.82252496,FALSE_POSITIVE
5271090,10.1551587,CANDIDATE
5444276,0.708965461,CANDIDATE
5598645,0.648772102,FALSE_POSITIVE
5696518,0.96391996,FALSE_POSITIVE
5878506,11.76872507,CANDIDATE
5908086,0.93705132,FALSE_POSITIVE
6307243,451.86579,FALSE_POSITIVE
6350522,491.52571,FALSE_POSITIVE
6385302,411.54039644,FALSE_POSITIVE
6443274,608.20572,CANDIDATE
6508734,480.03759,FALSE_POSITIVE
6527050,0.87985197,FALSE_POSITIVE
5602588,7.2274321,CANDIDATE
6590362,0.592618966,FALSE_POSITIVE
6628740,0.532854237,FALSE_POSITIVE
6876575,91.069934,CANDIDATE
7031126,0.566802672,FALSE_POSITIVE
7031208,0.566796331,FALSE_POSITIVE
7031742,0.566785459,FALSE_POSITIVE
7032568,0.566792936,FALSE_POSITIVE
7032687,0.5668004,FALSE_POSITIVE
7115384,0.566793614,FALSE_POSITIVE
7116282,0.566798676,FALSE_POSITIVE
7116859,0.5667638,FALSE_POSITIVE
7133286,38.51077573,FALSE_POSITIVE
7186259,4.23965309,FALSE_POSITIVE
7214090,0.577910513,FALSE_POSITIVE
7281694,0.566807725,FALSE_POSITIVE
7362450,0.566807422,FALSE_POSITIVE
8007262,1.345078434,FALSE_POSITIVE
8096395,366.088938,CANDIDATE
8106973,439.1076969,FALSE_POSITIVE
8168509,414.45008,CANDIDATE
10397751,5.43103616,CANDIDATE
8258103,0.594003994,FALSE_POSITIVE
8297319,328.32211,CANDIDATE
8423344,381.97977,CANDIDATE
8444868,67.412998,CANDIDATE
8579684,2.08802799,FALSE_POSITIVE
8649876,10.4212788,FALSE_POSITIVE
8682094,359.8249913,CANDIDATE
8846809,0.778705577,FALSE_POSITIVE
8868686,4.44709107,FALSE_POSITIVE
9025662,293.70696,FALSE_POSITIVE
8572936,27.795762425,FALSE_POSITIVE
9837578,20.733748565,FALSE_POSITIVE
7821010,24.238241803,FALSE_POSITIVE
5473556,11.258825027,FALSE_POSITIVE
6504534,28.162612575,FALSE_POSITIVE
6307062,75.378956896,FALSE_POSITIVE
5652983,9.0584662,FALSE_POSITIVE
9092897,3.9169155,FALSE_POSITIVE
9246715,342.55315723,FALSE_POSITIVE
9292130,362.747593,FALSE_POSITIVE
9541144,0.536650344,FALSE_POSITIVE
8677057,0.694611128,CANDIDATE
8702537,7.4751841,CANDIDATE
8757213,328.0485,FALSE_POSITIVE
8880003,1.72128752,FALSE_POSITIVE
8953296,0.784294574,FALSE_POSITIVE
8749844,361.51099,FALSE_POSITIVE
8962007,1.41435861,FALSE_POSITIVE
8703491,0.616343903,FALSE_POSITIVE
9043947,1.04347858,CANDIDATE
9079587,364.33929,FALSE_POSITIVE
8703506,352.710091,FALSE_POSITIVE
8590776,33.8938177,FALSE_POSITIVE
8761550,224.591055,FALSE_POSITIVE
8686761,374.93999098,FALSE_POSITIVE
8873450,24.2783801,CANDIDATE
8880317,382.5891,CANDIDATE
8750503,11.9283194,FALSE_POSITIVE
8639155,0.603351522,FALSE_POSITIVE
9021047,31.97280045,FALSE_POSITIVE
8587439,8.39140024,FALSE_POSITIVE
8712863,0.532493086,FALSE_POSITIVE
9079915,0.812678859,FALSE_POSITIVE
10208894,183.836254,FALSE_POSITIVE
10214873,5.959695593,FALSE_POSITIVE
10253977,392.601892,CANDIDATE
10268714,452.65206,FALSE_POSITIVE
10281311,234.66319186,FALSE_POSITIVE
10341876,351.204993,FALSE_POSITIVE
10351947,260.446151,CANDIDATE
10160922,87.487573,CANDIDATE
10198225,11.9451376,CANDIDATE
10214341,277.13367,CANDIDATE
10219288,3.381607,FALSE_POSITIVE
10226343,0.660655454,FALSE_POSITIVE
10263598,145.750554,FALSE_POSITIVE
10266860,2.17813954,FALSE_POSITIVE
4763020,384.09781,FALSE_POSITIVE
5128966,0.505322676,FALSE_POSITIVE
5288744,333.71634048,FALSE_POSITIVE
5305225,322.50741,FALSE_POSITIVE
5598216,373.8716,FALSE_POSITIVE
5637036,171.046664,FALSE_POSITIVE
5647008,0.799868354,FALSE_POSITIVE
10385708,345.7671,FALSE_POSITIVE
10404545,350.34114,FALSE_POSITIVE
10425070,363.97165,FALSE_POSITIVE
10425070,395.23753,FALSE_POSITIVE
10461045,385.97241,FALSE_POSITIVE
10493253,89.667675,FALSE_POSITIVE
10515564,5.0487451,CANDIDATE
10321927,321.02094,FALSE_POSITIVE
10321972,122.11555,CANDIDATE
10322797,1.213742728,FALSE_POSITIVE
10331279,225.48805,CANDIDATE
10338529,366.74866,FALSE_POSITIVE
10340212,0.93374894,FALSE_POSITIVE
10383729,0.734548624,FALSE_POSITIVE
5709226,317.99484,FALSE_POSITIVE
5775090,432.96732,FALSE_POSITIVE
5791705,614.39054,FALSE_POSITIVE
5802205,578.88761,CANDIDATE
5812648,238.561202,FALSE_POSITIVE
5858919,218.771117,CANDIDATE
5872139,375.17737,FALSE_POSITIVE
10519701,334.87402,FALSE_POSITIVE
10664150,370.2402,FALSE_POSITIVE
10735575,1.6749812,FALSE_POSITIVE
10753394,288.678554,FALSE_POSITIVE
10875937,307.94735718,FALSE_POSITIVE
10907307,277.25118,CANDIDATE
11087662,264.63654,FALSE_POSITIVE
10389280,375.408923,FALSE_POSITIVE
10397315,2.17812769,FALSE_POSITIVE
10403228,67.176626864,CANDIDATE
10405224,0.93378068,FALSE_POSITIVE
10405482,0.93373895,FALSE_POSITIVE
10405546,0.93373718,FALSE_POSITIVE
10407191,0.93420696,CANDIDATE
5955197,359.33831,CANDIDATE
5955427,213.201978,FALSE_POSITIVE
5956977,77.773042,FALSE_POSITIVE
6043574,381.782641,FALSE_POSITIVE
6049470,354.7897,FALSE_POSITIVE
6105359,235.544698,FALSE_POSITIVE
6114140,0.933745798,CANDIDATE
11099109,115.28415,FALSE_POSITIVE
11124353,423.73074,FALSE_POSITIVE
11338091,293.38641,CANDIDATE
11400356,677.56282,FALSE_POSITIVE
11446424,66.716453,CANDIDATE
11449696,371.21205,FALSE_POSITIVE
11456839,190.783023,FALSE_POSITIVE
10452252,34.573718512,CANDIDATE
10462462,0.85581563,FALSE_POSITIVE
10470882,0.9337491,FALSE_POSITIVE
10470993,0.93374417,FALSE_POSITIVE
10471005,0.93374635,FALSE_POSITIVE
10471055,0.9337465,FALSE_POSITIVE
10471204,0.93371631,FALSE_POSITIVE
6119605,260.02265,FALSE_POSITIVE
6230649,443.66,FALSE_POSITIVE
6286633,366.28999,FALSE_POSITIVE
6451125,72.6549842,FALSE_POSITIVE
6507334,54.753883835,CANDIDATE
6516529,379.42818,FALSE_POSITIVE
6521526,103.039788,FALSE_POSITIVE
11501492,371.90464,FALSE_POSITIVE
11558217,362.85801,FALSE_POSITIVE
11649292,384.558321,FALSE_POSITIVE
11760931,397.72733,FALSE_POSITIVE
11854061,504.88419,FALSE_POSITIVE
11868122,384.92275,FALSE_POSITIVE
11872364,189.183958,CANDIDATE
10471243,0.93376131,FALSE_POSITIVE
10471296,0.93377253,FALSE_POSITIVE
10535886,0.93376021,FALSE_POSITIVE
10535897,0.93372008,FALSE_POSITIVE
10535926,0.93373591,FALSE_POSITIVE
10535991,0.93374911,FALSE_POSITIVE
10536177,0.93372261,FALSE_POSITIVE
6600492,312.61007,FALSE_POSITIVE
6685403,429.60143,FALSE_POSITIVE
6846544,499.88159,FALSE_POSITIVE
6848529,197.37704,FALSE_POSITIVE
6887321,1.65746034,FALSE_POSITIVE
6953281,0.566799395,FALSE_POSITIVE
7020168,203.8406,FALSE_POSITIVE
12012872,14.395425,FALSE_POSITIVE
12069319,231.157554,FALSE_POSITIVE
12121118,495.06538,FALSE_POSITIVE
12252732,595.78152,FALSE_POSITIVE
12554051,365.709623,FALSE_POSITIVE
12554485,495.662346,CANDIDATE
12555140,655.25732,FALSE_POSITIVE
10536241,7.7529342,CANDIDATE
10614845,0.573762943,FALSE_POSITIVE
10616829,1.072934147,FALSE_POSITIVE
10686909,2.61854596,FALSE_POSITIVE
10730250,13.667809025,FALSE_POSITIVE
10790401,254.336707,CANDIDATE
10801951,1.105123883,FALSE_POSITIVE
7049771,381.85852,FALSE_POSITIVE
7053328,455.77076435,FALSE_POSITIVE
7106437,212.760495,FALSE_POSITIVE
7117050,73.836858,FALSE_POSITIVE
7185710,160.243128,FALSE_POSITIVE
7282872,402.41511,FALSE_POSITIVE
7340624,369.28177,FALSE_POSITIVE
12647110,462.463589,FALSE_POSITIVE
12647757,490.63941,CANDIDATE
3629119,331.55459,CANDIDATE
3662635,0.939375593,FALSE_POSITIVE
3734501,31.1911468,FALSE_POSITIVE
4169315,30.9587224,FALSE_POSITIVE
4446859,425.64971,CANDIDATE
9084569,395.13138,CANDIDATE
9087580,0.770658979,CANDIDATE
9099607,4.6318914,CANDIDATE
10844823,362.13187,CANDIDATE
10862284,9.1447861,FALSE_POSITIVE
10862759,29.4856392,CANDIDATE
10877024,0.786483923,FALSE_POSITIVE
10920281,3.65034525,CANDIDATE
10920420,0.9438885,FALSE_POSITIVE
11032748,43.9438891,CANDIDATE
7622473,40.244826,FALSE_POSITIVE
7662744,135.428746,FALSE_POSITIVE
7686191,380.03903,FALSE_POSITIVE
7690521,380.294204,FALSE_POSITIVE
7747835,373.74691,FALSE_POSITIVE
7762886,315.81065,FALSE_POSITIVE
7811537,16.9341628,FALSE_POSITIVE
4566999,527.68601,FALSE_POSITIVE
4569942,267.911652,FALSE_POSITIVE
4572728,309.191789,CANDIDATE
4772095,99.299502,FALSE_POSITIVE
4847801,371.47786,FALSE_POSITIVE
5026023,1.99638423,FALSE_POSITIVE
5098334,400.11482,CANDIDATE
9101271,29.3657204,FALSE_POSITIVE
9118340,1.035329922,FALSE_POSITIVE
9142714,1.12625975,CANDIDATE
9159198,3.04463691,FALSE_POSITIVE
9210820,377.67241,CANDIDATE
9227215,242.0367,CANDIDATE
9278575,502.25648,CANDIDATE
11098004,7.508818,FALSE_POSITIVE
11135119,383.937324,FALSE_POSITIVE
11139682,10.7781558,CANDIDATE
11145726,0.619618218,FALSE_POSITIVE
11152950,4.17363793,FALSE_POSITIVE
11182706,384.37706,CANDIDATE
11294822,302.34971,CANDIDATE
7811537,244.58323,FALSE_POSITIVE
7874976,185.83013,FALSE_POSITIVE
7888957,363.346158,FALSE_POSITIVE
7900114,303.91225,FALSE_POSITIVE
7936194,536.52197,FALSE_POSITIVE
7959310,350.514,FALSE_POSITIVE
8012732,431.51734,FALSE_POSITIVE
5391407,0.638697833,FALSE_POSITIVE
5468555,539.214259,FALSE_POSITIVE
5638699,343.56446,FALSE_POSITIVE
5683219,9.4609418,CANDIDATE
5871116,54.432903,FALSE_POSITIVE
5956171,402.27493,CANDIDATE
6032318,235.20613,FALSE_POSITIVE
9347066,20.004714,FALSE_POSITIVE
9390228,22.6432436,CANDIDATE
9392016,350.65158,FALSE_POSITIVE
9429631,4.18587282,FALSE_POSITIVE
9469494,275.5603,CANDIDATE
9518558,2.178142613,FALSE_POSITIVE
9521317,188.881049,CANDIDATE
11296205,379.67276,CANDIDATE
11348086,391.420272,FALSE_POSITIVE
11350634,278.38935,CANDIDATE
11357185,185.243906,FALSE_POSITIVE
11358305,7.8687123,CANDIDATE
11392362,9.9105786,CANDIDATE
11443757,43.9088053,CANDIDATE
8028465,261.684363,FALSE_POSITIVE
8129641,0.808106001,FALSE_POSITIVE
8226720,391.33068,FALSE_POSITIVE
8307354,320.56794551,FALSE_POSITIVE
8439949,364.98242,CANDIDATE
8527297,0.58730021,CANDIDATE
8588982,116.025744,FALSE_POSITIVE
6182508,85.9770426,FALSE_POSITIVE
6195669,370.94353,FALSE_POSITIVE
6356506,280.55544,CANDIDATE
6583107,30.6261927,FALSE_POSITIVE
6681618,364.42189,FALSE_POSITIVE
6946985,440.584562,FALSE_POSITIVE
7106438,269.331027,FALSE_POSITIVE
9529148,25.3428696,FALSE_POSITIVE
9531850,0.66234265,FALSE_POSITIVE
9541094,0.536654028,FALSE_POSITIVE
9579753,1.08908149,FALSE_POSITIVE
9588880,77.97621155,FALSE_POSITIVE
9592831,0.609668222,FALSE_POSITIVE
9602658,3.55650403,FALSE_POSITIVE
11453349,4.40660737,CANDIDATE
11560397,0.527673051,FALSE_POSITIVE
11565903,117.140785,FALSE_POSITIVE
11601597,0.590281548,FALSE_POSITIVE
11612241,4.5647147,FALSE_POSITIVE
11661803,372.086704,FALSE_POSITIVE
11661803,363.448167,FALSE_POSITIVE
8608544,348.68162,FALSE_POSITIVE
8608544,353.01861,CANDIDATE
8618147,345.128277,FALSE_POSITIVE
8630840,370.38642,FALSE_POSITIVE
8683144,267.970682,FALSE_POSITIVE
8708961,370.98253,CANDIDATE
8740744,417.829033,FALSE_POSITIVE
7451315,368.5224,FALSE_POSITIVE
7751294,371.4589776,FALSE_POSITIVE
7832787,338.00692,CANDIDATE
8008913,34.9989085,FALSE_POSITIVE
8022520,432.42787,CANDIDATE
8108450,386.78734,FALSE_POSITIVE
8293631,449.557346,FALSE_POSITIVE
9604563,1.001916708,CANDIDATE
9639021,2.21568076,FALSE_POSITIVE
9640649,0.862329309,CANDIDATE
9643210,3.850304552,FALSE_POSITIVE
9650579,432.96905,CANDIDATE
9650762,372.15035,CANDIDATE
9651155,1.07383154,FALSE_POSITIVE
11709006,0.719741,FALSE_POSITIVE
11714107,405.35457,CANDIDATE
11724094,1.47623061,FALSE_POSITIVE
11774383,0.520227316,FALSE_POSITIVE
11804952,36.3192885,FALSE_POSITIVE
11819135,1.901655058,FALSE_POSITIVE
11904835,9.4640413,CANDIDATE
8742735,331.92622,FALSE_POSITIVE
8743244,346.31688,FALSE_POSITIVE
8743244,365.61087,FALSE_POSITIVE
8748435,259.85736,FALSE_POSITIVE
8766268,5.29731736,FALSE_POSITIVE
8808064,447.97028,FALSE_POSITIVE
8813404,374.80095,FALSE_POSITIVE
8329346,389.875816,CANDIDATE
8637903,385.858683,CANDIDATE
8673511,0.757261281,CANDIDATE
8873674,172.280975,FALSE_POSITIVE
9011955,367.0896,CANDIDATE
9159288,66.67305,CANDIDATE
9209808,244.547128,FALSE_POSITIVE
9656547,1.27228771,FALSE_POSITIVE
9658192,1.886002102,FALSE_POSITIVE
9710611,386.35444,FALSE_POSITIVE
9710626,371.21454,FALSE_POSITIVE
9710792,365.5435,FALSE_POSITIVE
9770983,7.02932339,FALSE_POSITIVE
9777089,19.229478,FALSE_POSITIVE
11918793,38.35312,FALSE_POSITIVE
11922290,114.661733,FALSE_POSITIVE
11966668,313.19875,FALSE_POSITIVE
11967872,134.370692,FALSE_POSITIVE
12004656,2.52123022,FALSE_POSITIVE
12008916,47.4314857,FALSE_POSITIVE
12021943,6.0962602,FALSE_POSITIVE
8815031,472.6038,FALSE_POSITIVE
8821936,371.51852,FALSE_POSITIVE
8832676,323.66542,FALSE_POSITIVE
8873873,295.06066,CANDIDATE
9075882,367.01607,FALSE_POSITIVE
9084832,568.08251,FALSE_POSITIVE
9093859,3.0447752,FALSE_POSITIVE
9239670,456.55308,FALSE_POSITIVE
9388557,209.941369,FALSE_POSITIVE
9532997,49.763624,FALSE_POSITIVE
9536836,320.347208,FALSE_POSITIVE
9592621,191.03728,CANDIDATE
10010452,358.74318,FALSE_POSITIVE
10226420,0.660663034,FALSE_POSITIVE
9777990,14.3400358,FALSE_POSITIVE
9813678,0.505079006,FALSE_POSITIVE
9826551,7.19680984,FALSE_POSITIVE
9838537,1.33257715,FALSE_POSITIVE
9838761,1.33254428,FALSE_POSITIVE
9839062,424.623345,FALSE_POSITIVE
9851983,1.456383399,FALSE_POSITIVE
12156930,71.10684,CANDIDATE
12266099,77.177672,CANDIDATE
12307496,0.805941833,CANDIDATE
12419303,0.608074963,FALSE_POSITIVE
12453855,0.559643825,FALSE_POSITIVE
12459808,0.502446098,FALSE_POSITIVE
12602999,8.2766028,CANDIDATE
9114508,256.45616,FALSE_POSITIVE
9216810,138.62902498,FALSE_POSITIVE
9268159,185.97534,CANDIDATE
9340460,388.519605,FALSE_POSITIVE
9409493,60.049737,FALSE_POSITIVE
9468848,5.8877038,CANDIDATE
9649205,237.26601,FALSE_POSITIVE
10341781,0.93371211,FALSE_POSITIVE
10459805,461.13781,FALSE_POSITIVE
10471090,0.93376089,FALSE_POSITIVE
10532751,367.761848,FALSE_POSITIVE
10585887,378.65484,FALSE_POSITIVE
11867733,384.356448,FALSE_POSITIVE
11923074,1.75647084,FALSE_POSITIVE
9873004,1.98514635,CANDIDATE
9899216,1.33259003,FALSE_POSITIVE
9899256,1.33254024,FALSE_POSITIVE
9899345,1.33199285,CANDIDATE
9899621,1.33255492,FALSE_POSITIVE
9899623,1.33259095,FALSE_POSITIVE
9906688,5.82561701,CANDIDATE
12644020,234.524445,FALSE_POSITIVE
2010152,317.74527,FALSE_POSITIVE
2284957,419.2615,CANDIDATE
2712825,18.384953,FALSE_POSITIVE
3443582,1.085965104,FALSE_POSITIVE
3533483,308.185801,FALSE_POSITIVE
3663850,141.400279,CANDIDATE
9771576,398.71694,FALSE_POSITIVE
9827094,241.8591,FALSE_POSITIVE
9837720,353.04037,FALSE_POSITIVE
9873604,522.33888,FALSE_POSITIVE
9874581,473.56314,FALSE_POSITIVE
9899449,1.332565736,FALSE_POSITIVE
9962731,385.39743,FALSE_POSITIVE
12117215,272.54288087,FALSE_POSITIVE
12168280,229.957537,CANDIDATE
9912977,0.9439372,FALSE_POSITIVE
9938836,7.2681817,CANDIDATE
9941425,1.075158342,FALSE_POSITIVE
9959368,1.33255801,FALSE_POSITIVE
9959765,1.33250451,FALSE_POSITIVE
10011213,376.37989,CANDIDATE
10014875,453.64875,FALSE_POSITIVE
3954211,0.594274521,FALSE_POSITIVE
4056579,239.179477,FALSE_POSITIVE
4276445,405.65377,FALSE_POSITIVE
4371172,73.992267,FALSE_POSITIVE
4557341,361.901618,FALSE_POSITIVE
4645492,508.04103,FALSE_POSITIVE
4738095,309.933134,FALSE_POSITIVE
10023069,266.977677,FALSE_POSITIVE
10028127,367.947848,CANDIDATE
10079317,236.25776888,FALSE_POSITIVE
10079481,330.80879,FALSE_POSITIVE
10081899,522.64613,FALSE_POSITIVE
10199817,392.94247,FALSE_POSITIVE
10205598,373.89398,FALSE_POSITIVE
10031643,8.5898708,FALSE_POSITIVE
10090151,0.527698548,FALSE_POSITIVE
10128825,1.73984941,CANDIDATE
10147276,0.681401611,FALSE_POSITIVE
10155286,333.486169,CANDIDATE
10156110,4.85603482,FALSE_POSITIVE
