target_id,period,true_label
10000162,409.38645,UNKNOWN
10000490,1.400991827,FALSE_POSITIVE
10000941,2.5738437,CONFIRMED
10001368,4.76831033,CONFIRMED
100014359,0.5045539,UNKNOWN
10002049,19.2532128,UNKNOWN
10002261,12.713794177,FALSE_POSITIVE
10002266,12.71368909,FALSE_POSITIVE
10002866,3.936993144,CONFIRMED
10003058,148.568877,UNKNOWN
10004515,25.26363805,FALSE_POSITIVE
10004519,9.80321143,CONFIRMED
10004738,56.4758069,CONFIRMED
10004772,1.391716834,FALSE_POSITIVE
10005020,6.97106919,FALSE_POSITIVE
10005758,134.4785189,CONFIRMED
10005788,10.99470891,CONFIRMED
10006096,70.516233809,FALSE_POSITIVE
10006581,40.1097817,CONFIRMED
10006641,0.894172544,FALSE_POSITIVE
10007492,2.645596805,FALSE_POSITIVE
10007916,388.67155,UNKNOWN
100097716,3.0002084,UNKNOWN
100099031,1.2979921,UNKNOWN
100100827,0.9414525,UNKNOWN
10010440,53.5991459,CONFIRMED
10010452,358.74318,FALSE_POSITIVE
10011213,376.37989,UNKNOWN
10014702,1.34062901,FALSE_POSITIVE
1001477809,7.6605425,UNKNOWN
10014875,453.64875,FALSE_POSITIVE
10015516,67.69213907,FALSE_POSITIVE
10015937,59.6585348,CONFIRMED
10016874,16.30141333,UNKNOWN
10018233,16.2959916,CONFIRMED
10018364,105.6327297,FALSE_POSITIVE
10019065,52.6298542,CONFIRMED
10019399,11.805707539,FALSE_POSITIVE
10019643,21.34736612,CONFIRMED
10019708,3.268695042,CONFIRMED
10019763,32.50456309,FALSE_POSITIVE
10019854,14.1011023,UNKNOWN
10020423,7.448375935,FALSE_POSITIVE
10022908,6.99130452,CONFIRMED
10023069,266.977677,FALSE_POSITIVE
10023469,44.637111,FALSE_POSITIVE
10024051,0.577369336,CONFIRMED
10024701,14.37504582,CONFIRMED
10026136,9.080194398,FALSE_POSITIVE
100263315,0.5940157,UNKNOWN
100264497,3.7724643,UNKNOWN
10026457,9.93442075,FALSE_POSITIVE
10026458,9.93443795,FALSE_POSITIVE
10026502,101.952048,CONFIRMED
10026544,176.331289,UNKNOWN
100267480,0.87741,UNKNOWN
10027247,86.829519,CONFIRMED
10027323,5.92365747,CONFIRMED
10027861,102.493119,UNKNOWN
10028127,367.947848,UNKNOWN
10028140,19.65639342,CONFIRMED
10028352,1.38680229,FALSE_POSITIVE
10028535,0.663085361,CONFIRMED
10028792,114.73658,CONFIRMED
10030778,29.47316279,FALSE_POSITIVE
10031409,2.071939672,FALSE_POSITIVE
10031500,8.589562,FALSE_POSITIVE
10031526,8.5893644,FALSE_POSITIVE
10031643,8.5898708,FALSE_POSITIVE
10031656,8.59000355,FALSE_POSITIVE
10031707,8.58966893,FALSE_POSITIVE
10031808,8.589644815,FALSE_POSITIVE
10031885,8.58969597,FALSE_POSITIVE
10031907,8.58965725,FALSE_POSITIVE
10031918,8.5900471,FALSE_POSITIVE
10033279,72.4914068,FALSE_POSITIVE
10034146,0.93198504,FALSE_POSITIVE
1003831,1.6511456,UNKNOWN
100389539,4.2809767,UNKNOWN
100474173,8.933107,UNKNOWN
100504381,5.46278,UNKNOWN
10053138,11.7728146,UNKNOWN
10055126,9.17617167,CONFIRMED
100566492,4.9549631,UNKNOWN
10057494,2.41810158,CONFIRMED
100589632,3.9471567,UNKNOWN
100589633,3.9471513,UNKNOWN
10059645,6.49441464,CONFIRMED
100608026,8.2617663,UNKNOWN
10063044,1.009671584,FALSE_POSITIVE
10063208,9.3281912,CONFIRMED
10063802,120.0183551,CONFIRMED
10064256,5.95958637,CONFIRMED
10064591,284.94212784,UNKNOWN
10065053,409.87844,UNKNOWN
10066755,2.46506501,UNKNOWN
10068024,2.023126394,FALSE_POSITIVE
10068030,2.023123903,FALSE_POSITIVE
100683605,3.270563,UNKNOWN
10068383,7.30497811,FALSE_POSITIVE
10068659,11.47685263,CONFIRMED
10068919,43.56225858,FALSE_POSITIVE
10070468,1.68189051,CONFIRMED
10070479,1.758599866,UNKNOWN
10073672,2.252976718,UNKNOWN
10074466,35.01190875,CONFIRMED
10074700,365.620697,FALSE_POSITIVE
10075409,360.33012,FALSE_POSITIVE
100757807,25.1760133,UNKNOWN
100769500,4.5016419,UNKNOWN
100780304,0.1846924,UNKNOWN
10079317,236.25776888,FALSE_POSITIVE
10079420,54.54312996,UNKNOWN
10079481,330.80879,FALSE_POSITIVE
10080248,14.8783945,CONFIRMED
10081899,522.64613,FALSE_POSITIVE
10083325,6.13292733,UNKNOWN
10083623,1.278555003,FALSE_POSITIVE
10089123,134.413808,UNKNOWN
10089911,6.96704926,CONFIRMED
10090151,0.527698548,FALSE_POSITIVE
10090219,2.28612573,FALSE_POSITIVE
10090257,2.28607282,FALSE_POSITIVE
10090854,12.63063129,UNKNOWN
100909102,3.1106751,UNKNOWN
10091110,4.218512654,FALSE_POSITIVE
10091257,1.70192371,FALSE_POSITIVE
100921768,4.90038,UNKNOWN
10092312,1.096587245,FALSE_POSITIVE
10093664,1.20693963,FALSE_POSITIVE
10094670,22.06402,CONFIRMED
10095484,0.677761275,FALSE_POSITIVE
10095512,3.008602107,FALSE_POSITIVE
10096697,191.272501,FALSE_POSITIVE
100974694,4.0589926,UNKNOWN
10098534,41.81145,FALSE_POSITIVE
10098540,286.02266,UNKNOWN
10098844,47.4497134,CONFIRMED
100990000,9.5730706,UNKNOWN
101011575,6.3980642,UNKNOWN
101037590,8.7094632,UNKNOWN
101133275,1.6630135,UNKNOWN
10118266,3.74318005,UNKNOWN
10118816,7.71790675,CONFIRMED
10118942,121.70747,FALSE_POSITIVE
10120548,8.8303681,UNKNOWN
10122255,27.6652847,CONFIRMED
10122538,12.2854718,CONFIRMED
101225566,6.2796518,UNKNOWN
10123064,4.243748097,CONFIRMED
101230735,2.0685633,UNKNOWN
10125352,4.288515468,FALSE_POSITIVE
101272159,18.8224069,UNKNOWN
10128825,1.73984941,UNKNOWN
10129482,0.846291334,FALSE_POSITIVE
10130039,12.75800092,CONFIRMED
10130057,2.17812826,FALSE_POSITIVE
10130646,390.40832,FALSE_POSITIVE
10132552,191.528018,FALSE_POSITIVE
10132832,16.07673148,CONFIRMED
10132908,386.59946,FALSE_POSITIVE
10134152,39.3135699,CONFIRMED
101348333,15.1873222,UNKNOWN
10136549,9.69315023,CONFIRMED
10139305,2.173552528,FALSE_POSITIVE
10139390,358.56462,FALSE_POSITIVE
101395259,7.574675,UNKNOWN
10139620,372.37369,FALSE_POSITIVE
10140122,0.849362238,UNKNOWN
10140274,2.44232399,UNKNOWN
10140843,367.19796,FALSE_POSITIVE
10141271,15.4032765,FALSE_POSITIVE
10141900,6.50327035,CONFIRMED
10141938,360.76458,FALSE_POSITIVE
10146103,7.58062893,UNKNOWN
10147276,0.681401611,FALSE_POSITIVE
10148521,1.204274435,FALSE_POSITIVE
10149023,9.95639775,UNKNOWN
101497191,3.64376,UNKNOWN
101520163,7.4121119,UNKNOWN
10152836,220.9290121,FALSE_POSITIVE
10153011,83.09708021,UNKNOWN
10153827,0.293630085,FALSE_POSITIVE
10153855,1.06378861,CONFIRMED
10154388,12.06222962,CONFIRMED
10155029,2.131660527,UNKNOWN
10155080,1.930451347,FALSE_POSITIVE
10155286,333.486169,UNKNOWN
10155321,15.705388,FALSE_POSITIVE
10155434,12.70636123,CONFIRMED
10156055,2.42803503,FALSE_POSITIVE
10156064,2.427967843,FALSE_POSITIVE
10156110,4.85603482,FALSE_POSITIVE
101569583,0.9907914,UNKNOWN
10157458,7.33685101,CONFIRMED
10157573,5.115750935,FALSE_POSITIVE
10158418,5.007414194,UNKNOWN
10158715,61.0011095,FALSE_POSITIVE
10158729,58.601926,CONFIRMED
101588793,7.0317936,UNKNOWN
10158990,1.096583368,FALSE_POSITIVE
101592219,5.4853379,UNKNOWN
10160922,87.487573,UNKNOWN
10161534,198.232389,FALSE_POSITIVE
10163066,462.12345,FALSE_POSITIVE
10163067,25.9136674,UNKNOWN
10164018,8.5412411,FALSE_POSITIVE
101643582,2.071333,UNKNOWN
10166274,3.353732008,CONFIRMED
101696403,1.6242109,UNKNOWN
101721385,4.627664,UNKNOWN
10186761,75.636309,UNKNOWN
10186945,0.793663156,FALSE_POSITIVE
10187017,16.145671932,CONFIRMED
10187159,7.96431492,CONFIRMED
10187563,373.60683,FALSE_POSITIVE
1018843,1.9126596,UNKNOWN
10189523,1.013922622,FALSE_POSITIVE
10189542,24.614775,FALSE_POSITIVE
10189546,24.61480613,CONFIRMED
10189557,2.93101771,FALSE_POSITIVE
10190075,11.1916199,UNKNOWN
10190777,1.411230023,CONFIRMED
10191036,1.21374652,FALSE_POSITIVE
10191056,1.21374744,FALSE_POSITIVE
10191070,1.213745575,FALSE_POSITIVE
10191449,492.23808,UNKNOWN
101929303,11.1876137,UNKNOWN
101948569,19.4723016,UNKNOWN
101955023,1.6289322,UNKNOWN
101961987,3.8149372,UNKNOWN
10196493,9.81101738,FALSE_POSITIVE
10198109,17.918743061,FALSE_POSITIVE
10198225,11.9451376,UNKNOWN
10198662,26.40805532,UNKNOWN
10199817,392.94247,FALSE_POSITIVE
10199984,198.6004,UNKNOWN
10200627,7.7016694,UNKNOWN
10201891,372.30881,FALSE_POSITIVE
10202759,0.872952088,FALSE_POSITIVE
102030574,9.94915,UNKNOWN
10203349,17.14648756,CONFIRMED
10205598,373.89398,FALSE_POSITIVE
10206675,17.40208965,FALSE_POSITIVE
102068384,2.5001361,UNKNOWN
10208477,454.244158,FALSE_POSITIVE
10208759,2.287515702,FALSE_POSITIVE
10208894,183.836254,FALSE_POSITIVE
10212441,15.0447098,CONFIRMED
10213902,59.6222627,CONFIRMED
10214162,17.42393582,CONFIRMED
10214328,659.2907,FALSE_POSITIVE
10214341,277.13367,UNKNOWN
10214873,5.959695593,FALSE_POSITIVE
10215422,24.847087207,FALSE_POSITIVE
10215869,5.017239915,FALSE_POSITIVE
102159710,4.4961387,UNKNOWN
10216045,16.88954693,FALSE_POSITIVE
102192004,4.2337078,UNKNOWN
10219288,3.381607,FALSE_POSITIVE
10219361,117.634213,FALSE_POSITIVE
102195674,4.3787302,UNKNOWN
10220837,1.962282625,CONFIRMED
10220950,158.348345,FALSE_POSITIVE
10221013,7.189379172,UNKNOWN
10221505,3.43633133,UNKNOWN
10222603,112.48226,FALSE_POSITIVE
10223615,27.25471993,FALSE_POSITIVE
10223616,29.12436474,FALSE_POSITIVE
10225800,1.423799421,FALSE_POSITIVE
10226343,0.660655454,FALSE_POSITIVE
10226420,0.660663034,FALSE_POSITIVE
102264230,4.1591512,UNKNOWN
10227020,14.78767172,CONFIRMED
10227501,2.002779769,FALSE_POSITIVE
10227863,5.14072621,FALSE_POSITIVE
10227881,5.14108479,FALSE_POSITIVE
102283403,3.52985,UNKNOWN
10228942,21.025447023,FALSE_POSITIVE
10230571,123.11494773,FALSE_POSITIVE
10232123,1.343767797,FALSE_POSITIVE
10232693,0.990516282,FALSE_POSITIVE
10252275,14.8638496,CONFIRMED
10253547,59.9809868,CONFIRMED
10253638,7.4539297,FALSE_POSITIVE
10253977,392.601892,UNKNOWN
102542376,2.9532479,UNKNOWN
10257229,5.75651958,UNKNOWN
10257903,0.85574731,FALSE_POSITIVE
10258558,20.867855659,FALSE_POSITIVE
10259029,7.061149921,FALSE_POSITIVE
10259031,7.06115081,FALSE_POSITIVE
10259301,244.83274973,FALSE_POSITIVE
1025986,275.07365,UNKNOWN
1026032,8.460438928,FALSE_POSITIVE
10263598,145.750554,FALSE_POSITIVE
10264202,0.517573708,FALSE_POSITIVE
10264293,20.9525604,UNKNOWN
10264660,6.790120801,CONFIRMED
10265602,165.3447044,UNKNOWN
10265898,1.260258822,CONFIRMED
10266615,10.94026745,CONFIRMED
10266852,179.27230765,FALSE_POSITIVE
10266860,2.17813954,FALSE_POSITIVE
10267121,36.136968,FALSE_POSITIVE
102672709,6.7053949,UNKNOWN
10268714,452.65206,FALSE_POSITIVE
10268809,24.70932686,FALSE_POSITIVE
10268903,1.103978,FALSE_POSITIVE
10268907,1.103971357,FALSE_POSITIVE
1026957,21.76129812,CONFIRMED
102713734,3.397862,UNKNOWN
10271691,63.909601,FALSE_POSITIVE
10271806,5.924993927,CONFIRMED
102719996,9.7938352,UNKNOWN
10272389,4.56447463,FALSE_POSITIVE
10272442,24.5434566,CONFIRMED
10272640,3.770551475,CONFIRMED
10272858,584.55603,UNKNOWN
102734241,10.9048392,UNKNOWN
10273903,372.54353,FALSE_POSITIVE
10274244,13.68369259,FALSE_POSITIVE
1027438,110.61576622,FALSE_POSITIVE
10275074,2.181555909,FALSE_POSITIVE
10275077,363.35755,FALSE_POSITIVE
10275766,0.661749944,FALSE_POSITIVE
10275805,112.645961,FALSE_POSITIVE
10275880,9.72675447,FALSE_POSITIVE
10275887,9.726748645,FALSE_POSITIVE
102808276,3.1420495,UNKNOWN
10281221,0.582895412,UNKNOWN
10281311,234.66319186,FALSE_POSITIVE
102840239,11.1972769,UNKNOWN
10284575,173.06929,FALSE_POSITIVE
102846772,10.2515829,UNKNOWN
102848207,1.0358225,UNKNOWN
10285631,18.68405716,CONFIRMED
10287242,22.34213536,UNKNOWN
10287248,4.722254104,FALSE_POSITIVE
10287723,129995.7784,UNKNOWN
10288922,10.157715971,FALSE_POSITIVE
10289119,16.10474503,CONFIRMED
10290021,3.72920972,UNKNOWN
10290447,0.691561191,FALSE_POSITIVE
10290666,5.45849914,CONFIRMED
10291589,7.08757462,UNKNOWN
10292000,200.83849979,FALSE_POSITIVE
10292238,143.1188694,FALSE_POSITIVE
10292465,1.35337091,FALSE_POSITIVE
10292540,1.085229874,FALSE_POSITIVE
10294465,199.99763493,FALSE_POSITIVE
10294509,1.85447373,FALSE_POSITIVE
10294608,1.854491777,FALSE_POSITIVE
10294613,1.854493861,FALSE_POSITIVE
10295951,6.810823723,UNKNOWN
10296163,9.296746368,FALSE_POSITIVE
103096524,3.2928068,UNKNOWN
10313047,4.5549553,UNKNOWN
103183399,0.7327757,UNKNOWN
10318874,2.508057497,CONFIRMED
10319341,40.1043796,FALSE_POSITIVE
10319385,0.689210173,UNKNOWN
103195323,5.5899401,UNKNOWN
10319834,70.31252504,UNKNOWN
10320341,30.114681501,FALSE_POSITIVE
10321927,321.02094,FALSE_POSITIVE
10321972,122.11555,UNKNOWN
10322797,1.213742728,FALSE_POSITIVE
103245940,3.2517862,UNKNOWN
10328393,7.62635494,CONFIRMED
10328458,2.352273912,CONFIRMED
10329196,85.7567919,CONFIRMED
10329469,55.8224775,CONFIRMED
10329835,1.52373073,CONFIRMED
10330115,13.21409607,CONFIRMED
10330495,18.060078203,FALSE_POSITIVE
10331279,225.48805,UNKNOWN
10332213,2.522590567,CONFIRMED
10332789,18.74072534,FALSE_POSITIVE
10332883,1.151166776,CONFIRMED
10336927,134.76308997,FALSE_POSITIVE
10336951,38.2292037,UNKNOWN
10337258,13.28536452,CONFIRMED
10337517,7.053934488,CONFIRMED
10338279,5.660274452,FALSE_POSITIVE
10338529,366.74866,FALSE_POSITIVE
10338624,0.607538435,FALSE_POSITIVE
10339000,69.775633,UNKNOWN
10340212,0.93374894,FALSE_POSITIVE
10340228,0.93371313,FALSE_POSITIVE
10340423,18.79418506,CONFIRMED
10341777,0.933746709,FALSE_POSITIVE
10341781,0.93371211,FALSE_POSITIVE
10341787,0.93373716,FALSE_POSITIVE
10341831,0.933749941,FALSE_POSITIVE
10341876,351.204993,FALSE_POSITIVE
10341878,0.933753371,FALSE_POSITIVE
10341905,0.93374232,FALSE_POSITIVE
10341913,0.933749106,FALSE_POSITIVE
10341917,0.93375241,FALSE_POSITIVE
10342041,0.933746515,FALSE_POSITIVE
10342065,0.93374614,FALSE_POSITIVE
10342097,0.933735579,FALSE_POSITIVE
10342248,0.93373458,FALSE_POSITIVE
10342316,0.93376962,FALSE_POSITIVE
103448870,10.2596322,UNKNOWN
10345478,14.49839316,FALSE_POSITIVE
10345862,58.28819056,FALSE_POSITIVE
10346522,3.989144446,FALSE_POSITIVE
10350571,31.5925809,CONFIRMED
10351231,7.6746614,CONFIRMED
10351767,0.635069939,FALSE_POSITIVE
10351947,260.446151,UNKNOWN
10352333,1.570592397,UNKNOWN
10352603,32.77897303,FALSE_POSITIVE
10352938,6.47173281,FALSE_POSITIVE
10352945,6.47179275,FALSE_POSITIVE
10353968,9.07098164,CONFIRMED
10354039,64.617518,CONFIRMED
10356124,12.3748247,FALSE_POSITIVE
10356840,242.484764,FALSE_POSITIVE
10357040,46.882525,FALSE_POSITIVE
10357831,1.72153588,FALSE_POSITIVE
10358759,10.3392408,CONFIRMED
103604037,19.5202386,UNKNOWN
103605399,554.4989676,UNKNOWN
10360722,163.692336,CONFIRMED
10362031,3.2136904,FALSE_POSITIVE
10363115,59.3627946,CONFIRMED
10363233,210.899577,FALSE_POSITIVE
10363281,0.934924739,FALSE_POSITIVE
10363300,0.934926138,FALSE_POSITIVE
103633434,3.4447015,UNKNOWN
103633672,,UNKNOWN
103751498,3.7146478,UNKNOWN
103832313,4.640636,UNKNOWN
10383687,8.4879444,FALSE_POSITIVE
10383696,8.487871809,FALSE_POSITIVE
10383729,0.734548624,FALSE_POSITIVE
10384298,3.43861067,UNKNOWN
10384798,38.505224,CONFIRMED
10384962,2.879243323,FALSE_POSITIVE
10385682,3.103730697,FALSE_POSITIVE
10385708,345.7671,FALSE_POSITIVE
103865797,2.2232698,UNKNOWN
10386922,26.62941953,CONFIRMED
10386984,1.287076693,CONFIRMED
10387742,3.03267135,CONFIRMED
10387792,383.26217,UNKNOWN
10388286,1.682695938,CONFIRMED
10388451,17.1677675,UNKNOWN
10389280,375.408923,FALSE_POSITIVE
10394802,178.266978,UNKNOWN
10395381,17.6717714,CONFIRMED
10395543,3.687469832,UNKNOWN
10396708,8.50207749,UNKNOWN
10397315,2.17812769,FALSE_POSITIVE
10397751,3.4462125,CONFIRMED
10399137,385.593209,FALSE_POSITIVE
10399321,21.5819776,FALSE_POSITIVE
104022675,0.7428708,UNKNOWN
104024556,2.0219583,UNKNOWN
10403228,67.176626864,UNKNOWN
10404545,350.34114,FALSE_POSITIVE
10404582,37.8658964,CONFIRMED
10405224,0.93378068,FALSE_POSITIVE
10405482,0.93373895,FALSE_POSITIVE
10405546,0.93373718,FALSE_POSITIVE
10407020,0.933747751,FALSE_POSITIVE
10407047,0.93374699,FALSE_POSITIVE
10407054,0.933754669,FALSE_POSITIVE
10407086,0.933747395,FALSE_POSITIVE
10407191,0.93420696,UNKNOWN
10407210,0.933728755,FALSE_POSITIVE
10407221,0.933746783,FALSE_POSITIVE
10407271,0.93376738,FALSE_POSITIVE
10407430,0.933759404,FALSE_POSITIVE
10407464,0.93373711,FALSE_POSITIVE
10407482,6.30558387,CONFIRMED
10414727,91.20573037,FALSE_POSITIVE
10415227,2.9322509,FALSE_POSITIVE
104153474,5.0458476,UNKNOWN
10416390,215.737826,FALSE_POSITIVE
10417704,3.0082548,FALSE_POSITIVE
10418224,6.8731664,CONFIRMED
10418797,23.355341391,FALSE_POSITIVE
10419108,507.48249,FALSE_POSITIVE
10419211,11.521446064,FALSE_POSITIVE
10419312,2.493237866,FALSE_POSITIVE
104195270,3.6859958,UNKNOWN
10419797,87.140633,FALSE_POSITIVE
10420279,45.43324862,FALSE_POSITIVE
10420301,45.4333769,FALSE_POSITIVE
104208182,3.6985817,UNKNOWN
10422852,1.398890216,FALSE_POSITIVE
1042432,746.9545356,UNKNOWN
10425070,363.97165,FALSE_POSITIVE
10426656,6.05729966,CONFIRMED
10427700,0.616386349,FALSE_POSITIVE
10450504,17.9908273,UNKNOWN
10452252,34.573718512,UNKNOWN
10453009,30.9771151,UNKNOWN
10453588,68.8861017,CONFIRMED
10454313,4.221626193,CONFIRMED
10454401,12.180721266,FALSE_POSITIVE
10454632,20.16037858,CONFIRMED
10459749,19.11280242,UNKNOWN
10459805,461.13781,FALSE_POSITIVE
10460629,856.672115,UNKNOWN
10460984,10.94577783,CONFIRMED
10461045,385.97241,FALSE_POSITIVE
10462462,0.85581563,FALSE_POSITIVE
10462826,50.467024395,FALSE_POSITIVE
10464050,4.469754641,CONFIRMED
10464078,19.40393776,FALSE_POSITIVE
10464199,198.11309,UNKNOWN
10464666,131.73630485,FALSE_POSITIVE
10467714,58.7488629,UNKNOWN
10467815,371.17573,FALSE_POSITIVE
10468514,0.84986054,FALSE_POSITIVE
10468885,0.664074145,CONFIRMED
10468940,2.936527336,CONFIRMED
10470206,46.56675437,FALSE_POSITIVE
10470616,4.15713766,FALSE_POSITIVE
10470779,495.854189,UNKNOWN
10470882,0.9337491,FALSE_POSITIVE
10470993,0.93374417,FALSE_POSITIVE
10471005,0.93374635,FALSE_POSITIVE
10471055,0.9337465,FALSE_POSITIVE
10471090,0.93376089,FALSE_POSITIVE
10471113,0.933728196,FALSE_POSITIVE
10471167,0.93374073,FALSE_POSITIVE
10471174,0.93369659,FALSE_POSITIVE
10471204,0.93371631,FALSE_POSITIVE
10471243,0.93376131,FALSE_POSITIVE
10471296,0.93377253,FALSE_POSITIVE
10471345,0.9337473,FALSE_POSITIVE
10471515,3.7847507,CONFIRMED
10471621,39.7557642,UNKNOWN
10473272,17.6604653,FALSE_POSITIVE
104734832,10.327438,UNKNOWN
10480915,19.58561177,CONFIRMED
10480921,2.037440623,FALSE_POSITIVE
10480952,2.037453129,FALSE_POSITIVE
10480982,19.221388942,FALSE_POSITIVE
10481045,2.03743942,FALSE_POSITIVE
10481054,2.03742712,FALSE_POSITIVE
10482160,7.34373964,CONFIRMED
10483644,5.110771787,FALSE_POSITIVE
10484409,10.6784787,FALSE_POSITIVE
10485069,0.445277068,FALSE_POSITIVE
10485179,0.445275074,FALSE_POSITIVE
10485250,16.46983774,FALSE_POSITIVE
10485639,3.4253517,UNKNOWN
10486425,5.274819905,FALSE_POSITIVE
104866616,4.4626647,UNKNOWN
10487119,3.374684854,FALSE_POSITIVE
10487228,318.25858,UNKNOWN
10487354,2.4971198,UNKNOWN
10488450,2.683395376,FALSE_POSITIVE
10489206,4.164384505,CONFIRMED
10489345,1.003931703,CONFIRMED
10489521,3.224486463,FALSE_POSITIVE
10489525,1.612249049,FALSE_POSITIVE
10489539,19.7639874,FALSE_POSITIVE
10490960,5.682410334,FALSE_POSITIVE
10491031,2.199069234,FALSE_POSITIVE
10491044,2.1990638,FALSE_POSITIVE
10491062,2.199076661,FALSE_POSITIVE
10491525,1.09844642,FALSE_POSITIVE
10491544,22.77194512,FALSE_POSITIVE
10491554,22.77196484,FALSE_POSITIVE
10493253,89.667675,FALSE_POSITIVE
104986789,3.4580018,UNKNOWN
10507330,5.1175439,UNKNOWN
10513530,16.54967098,CONFIRMED
105135774,2.141186,UNKNOWN
10514429,20.7191626,FALSE_POSITIVE
10514430,20.71927223,FALSE_POSITIVE
10514770,1.872421727,FALSE_POSITIVE
10515564,5.0487451,UNKNOWN
10518399,2.69636494,FALSE_POSITIVE
10518424,6.7445683,FALSE_POSITIVE
10518725,19.5148412,FALSE_POSITIVE
10518735,19.515013291,FALSE_POSITIVE
10519701,334.87402,FALSE_POSITIVE
10519727,184.883155,UNKNOWN
10525027,3.27344784,CONFIRMED
10525049,15.5714121,CONFIRMED
10525077,11.006795,UNKNOWN
10526549,9.27358173,CONFIRMED
10526887,1.450889836,CONFIRMED
10527135,0.328686504,FALSE_POSITIVE
10528068,158.6850022,CONFIRMED
10531955,2.344512589,CONFIRMED
10532751,367.761848,FALSE_POSITIVE
10534155,4.32710895,UNKNOWN
10535708,177.37583,FALSE_POSITIVE
10535807,1.481655821,FALSE_POSITIVE
10535858,0.93370968,FALSE_POSITIVE
10535886,0.93376021,FALSE_POSITIVE
10535897,0.93372008,FALSE_POSITIVE
10535926,0.93373591,FALSE_POSITIVE
10535991,0.93374911,FALSE_POSITIVE
10536177,0.93372261,FALSE_POSITIVE
10536241,7.7529342,UNKNOWN
105379013,3.2956376,UNKNOWN
10538176,12.69905011,CONFIRMED
105387356,1.5163046,UNKNOWN
10544677,19.7352868,FALSE_POSITIVE
10545066,19.7830259,CONFIRMED
10546063,10.6982275,UNKNOWN
10547378,35.164087,FALSE_POSITIVE
10547685,1.388509353,FALSE_POSITIVE
10548411,107.11003503,FALSE_POSITIVE
10549023,14.36270451,CONFIRMED
10549562,9.08937826,FALSE_POSITIVE
10549576,9.089355023,FALSE_POSITIVE
10549902,1.141148847,UNKNOWN
10549924,0.715825886,FALSE_POSITIVE
10551346,1.42796645,FALSE_POSITIVE
10552151,525.757041,UNKNOWN
10552263,313.82752,UNKNOWN
10552342,7.5414411,UNKNOWN
10552611,7.0106324,CONFIRMED
10552700,0.94808587,FALSE_POSITIVE
10554421,236.09799849,UNKNOWN
10554967,0.53633519,FALSE_POSITIVE
10554999,6.400157105,CONFIRMED
10555365,5.80184753,FALSE_POSITIVE
10555375,5.80181368,FALSE_POSITIVE
10556180,1.02104719,FALSE_POSITIVE
10556578,0.626431697,FALSE_POSITIVE
10556891,70.61977122,FALSE_POSITIVE
105616091,4.2744435,UNKNOWN
105759569,1.8865581,UNKNOWN
10577994,8.1808949,CONFIRMED
10579570,216.10910854,FALSE_POSITIVE
105801221,3.0750728,UNKNOWN
10581308,425.593391,UNKNOWN
10581918,1.801863222,FALSE_POSITIVE
10583066,6.02930329,CONFIRMED
10583180,2.696370652,FALSE_POSITIVE
10583181,2.696354974,FALSE_POSITIVE
10583225,2.69634575,FALSE_POSITIVE
10583761,2.685054445,CONFIRMED
105840719,10.3088514,UNKNOWN
10584140,4.31724247,UNKNOWN
10585738,0.636424848,CONFIRMED
10585749,54.333582,UNKNOWN
10585852,8.57504983,CONFIRMED
10585887,378.65484,FALSE_POSITIVE
10586004,15.79196594,CONFIRMED
10586208,23.58444746,CONFIRMED
10586619,377.501257,UNKNOWN
10586744,21.3761817,UNKNOWN
10587105,1.980356674,CONFIRMED
10591578,44.51439331,FALSE_POSITIVE
10591855,1.574090323,CONFIRMED
10592163,14.762889172,FALSE_POSITIVE
10593535,20.9254083,CONFIRMED
10593553,5.0809743,UNKNOWN
10593626,289.864067,CONFIRMED
10593759,3.132604547,FALSE_POSITIVE
10597164,4.5638537,FALSE_POSITIVE
10597693,31.6084371,UNKNOWN
10599206,18.42794957,CONFIRMED
10599397,0.937406378,FALSE_POSITIVE
10600261,52.8148051,CONFIRMED
10600955,65.6480892,CONFIRMED
10601163,3.1318392,UNKNOWN
10601284,5.349553819,CONFIRMED
10601465,138.61227705,FALSE_POSITIVE
10601538,1.463775066,FALSE_POSITIVE
10601549,1.463773705,FALSE_POSITIVE
10601579,8.098754149,FALSE_POSITIVE
10602291,20.92735802,UNKNOWN
10604335,11.00817635,CONFIRMED
10604521,0.868122253,UNKNOWN
10604592,2.18660188,CONFIRMED
10610039,3.07365139,UNKNOWN
10611420,11.50528603,FALSE_POSITIVE
106114491,9.7216312,UNKNOWN
10613718,0.587938916,FALSE_POSITIVE
10614012,132.1331011,FALSE_POSITIVE
10614158,4.46255312,FALSE_POSITIVE
10614845,0.573762943,FALSE_POSITIVE
10615440,10.8118317,CONFIRMED
10616317,38.27772448,FALSE_POSITIVE
10616415,1.120646438,FALSE_POSITIVE
10616571,23.6731242,FALSE_POSITIVE
10616656,25.285232337,FALSE_POSITIVE
10616679,8.600099313,CONFIRMED
10616829,1.072934147,FALSE_POSITIVE
10617017,13.15140223,CONFIRMED
10617638,0.710894157,FALSE_POSITIVE
10618044,207.767894,UNKNOWN
10619109,2.045166206,FALSE_POSITIVE
10619142,2.04516705,FALSE_POSITIVE
10619192,1.485710994,CONFIRMED
10620329,0.436282594,FALSE_POSITIVE
10621666,2.61841046,FALSE_POSITIVE
106224626,3.3418892,UNKNOWN
106224627,3.3412415,UNKNOWN
106402532,4.8847937,UNKNOWN
10646620,2.41349123,FALSE_POSITIVE
10647452,0.762950224,UNKNOWN
10649230,0.447820618,FALSE_POSITIVE
10651816,3.1877519,FALSE_POSITIVE
10651945,25.366990665,FALSE_POSITIVE
10653179,47.1607932,CONFIRMED
10656508,124.03589939,UNKNOWN
10656823,8.30783912,CONFIRMED
10656842,82.508054,UNKNOWN
10657406,34.1732156,CONFIRMED
10657664,3.273699006,FALSE_POSITIVE
10658177,113.083522,UNKNOWN
10659313,15.249335907,FALSE_POSITIVE
10659624,43.2675604,UNKNOWN
10661679,1.23138339,FALSE_POSITIVE
10661718,1.231361934,FALSE_POSITIVE
10661771,1.231364189,FALSE_POSITIVE
10661778,1.231363214,FALSE_POSITIVE
10661913,1.23133063,FALSE_POSITIVE
10661917,1.23142395,FALSE_POSITIVE
10661976,0.61566096,FALSE_POSITIVE
10662021,1.23140522,FALSE_POSITIVE
10662202,21.67699193,CONFIRMED
106626059,8.2330943,UNKNOWN
10663396,23.8990075,CONFIRMED
10663411,157.82131,FALSE_POSITIVE
10663738,8.5275894,UNKNOWN
10663976,381.37504,UNKNOWN
10664150,370.2402,FALSE_POSITIVE
10664416,25.3239215,FALSE_POSITIVE
10665043,185.0097245,FALSE_POSITIVE
10665228,11.3251153,UNKNOWN
10665749,4.237447181,UNKNOWN
10666230,1.577800747,FALSE_POSITIVE
10666242,87.24250316,FALSE_POSITIVE
10666592,2.204735417,CONFIRMED
10668665,9.60853601,FALSE_POSITIVE
10669994,2.71603664,CONFIRMED
10670112,4.0953585,UNKNOWN
10670119,14.87149773,CONFIRMED
10674871,41.88970036,UNKNOWN
10676014,16.78175788,CONFIRMED
10676750,21.08678557,UNKNOWN
10676824,6.45442931,CONFIRMED
10676923,1.031096352,FALSE_POSITIVE
10676927,1.031100362,FALSE_POSITIVE
10677186,100.40132734,FALSE_POSITIVE
10677763,120.16983803,FALSE_POSITIVE
10678912,113.71363032,UNKNOWN
10679583,3.54789928,FALSE_POSITIVE
10680424,0.92623983,UNKNOWN
10682541,4.99677968,CONFIRMED
106829921,8.2165446,UNKNOWN
10684670,3.78861833,CONFIRMED
10685175,3.10197712,FALSE_POSITIVE
10685764,17.634272,UNKNOWN
10686814,2.61846258,FALSE_POSITIVE
10686864,2.97041801,CONFIRMED
10686876,2.618414643,FALSE_POSITIVE
10686909,2.61854596,FALSE_POSITIVE
10686930,2.61844178,FALSE_POSITIVE
106940971,5.412802,UNKNOWN
106997505,2.74323,UNKNOWN
107017977,16.0462248,UNKNOWN
107018378,3.792456,UNKNOWN
107090327,2.7431176,UNKNOWN
10709622,51.3283527,CONFIRMED
10710755,4.816610903,FALSE_POSITIVE
10711551,10.692230094,FALSE_POSITIVE
10711913,19.407958161,FALSE_POSITIVE
10713616,83.5781976,CONFIRMED
10714072,8.40693068,CONFIRMED
10717220,21.0907909,CONFIRMED
10717241,12.37646897,CONFIRMED
10718726,3.595769013,CONFIRMED
10722485,7.84931877,CONFIRMED
10723367,19.9865916,CONFIRMED
10723750,50.79034648,CONFIRMED
10724369,55.6391882,CONFIRMED
10724569,0.745086745,FALSE_POSITIVE
10727668,2.305903447,FALSE_POSITIVE
10728219,3.371796653,FALSE_POSITIVE
10729472,0.83442282,FALSE_POSITIVE
10730034,2.633852528,CONFIRMED
10730070,7.61758198,CONFIRMED
10730250,13.667809025,FALSE_POSITIVE
10730703,5.60013327,CONFIRMED
10732401,0.933747375,FALSE_POSITIVE
10733174,280.476576,FALSE_POSITIVE
107340585,2.6889686,UNKNOWN
10734441,247.47724314,FALSE_POSITIVE
10735331,213.3990406,FALSE_POSITIVE
10735519,1.814128042,FALSE_POSITIVE
10735564,1.674984844,FALSE_POSITIVE
10735575,1.6749812,FALSE_POSITIVE
10735988,1.927177921,FALSE_POSITIVE
10736179,1.105095798,FALSE_POSITIVE
10736223,1.105094098,FALSE_POSITIVE
10736489,6.842939,CONFIRMED
10737437,208.047137,UNKNOWN
10743597,81.221876,FALSE_POSITIVE
10743600,0.8170226,FALSE_POSITIVE
107440797,2.2676081,UNKNOWN
10744335,4.59726613,CONFIRMED
10745365,8.9172863,UNKNOWN
10747162,30.561533,UNKNOWN
10747439,4.593594819,FALSE_POSITIVE
10747445,4.593595496,FALSE_POSITIVE
10747501,4.7309013,UNKNOWN
10748390,4.887803076,CONFIRMED
10748393,4.887806806,FALSE_POSITIVE
10748621,286.1755875,FALSE_POSITIVE
10749059,174.731515,UNKNOWN
10749128,9.9824036,FALSE_POSITIVE
107506563,1.6832809,UNKNOWN
10751515,56.40651043,FALSE_POSITIVE
10751908,4.48538145,UNKNOWN
10753394,288.678554,FALSE_POSITIVE
10753734,19.40669392,FALSE_POSITIVE
10753922,18.2260472,FALSE_POSITIVE
107617930,3.750778,UNKNOWN
107728509,2.6646183,UNKNOWN
10777591,6.10968225,CONFIRMED
107776260,12.1422411,UNKNOWN
107779737,1.0272009,UNKNOWN
107782586,1.9600277,UNKNOWN
10779233,201.118319,CONFIRMED
10785538,0.522457732,FALSE_POSITIVE
10788461,9.2075634,CONFIRMED
10790387,117.93110803,CONFIRMED
10790401,254.336707,UNKNOWN
10792081,10.1694553,UNKNOWN
10793172,12.0999065,CONFIRMED
10793576,10.90752977,UNKNOWN
10794087,7.64970832,CONFIRMED
10794242,7.143708297,FALSE_POSITIVE
10794405,0.952377862,FALSE_POSITIVE
10794509,1.428596987,FALSE_POSITIVE
10794974,66.6434565,UNKNOWN
10795103,214.3120439,CONFIRMED
10797460,9.48803557,CONFIRMED
10798331,147.281212,UNKNOWN
10798605,56.048096688,FALSE_POSITIVE
10798838,62.127677128,FALSE_POSITIVE
10799291,270.98477,FALSE_POSITIVE
10799735,37.590298548,FALSE_POSITIVE
10801100,102.653705,FALSE_POSITIVE
10801249,1.67495622,FALSE_POSITIVE
10801951,1.105123883,FALSE_POSITIVE
10802364,583.8531,UNKNOWN
10809677,3.521050679,FALSE_POSITIVE
10809888,72.782432,UNKNOWN
10810838,56.35407916,CONFIRMED
10810859,82.401274,UNKNOWN
10811496,19.89913995,UNKNOWN
10812504,79.9201319,FALSE_POSITIVE
10812541,4.84847245,UNKNOWN
10813078,10.552241908,UNKNOWN
10813132,4.76702759,CONFIRMED
10813841,6.17039154,FALSE_POSITIVE
10815677,1.284241817,UNKNOWN
10815916,1.68207624,FALSE_POSITIVE
10816107,2.161583501,FALSE_POSITIVE
10817600,2.74703312,FALSE_POSITIVE
10827386,6.2996307,UNKNOWN
10837041,0.782765,UNKNOWN
10842192,9.33648141,CONFIRMED
10843203,4.429633087,FALSE_POSITIVE
10843431,56.391062,CONFIRMED
10843590,18.87022157,CONFIRMED
10844823,362.13187,UNKNOWN
10844890,8.29482811,UNKNOWN
10845188,249.36211832,FALSE_POSITIVE
10847721,199.21638,FALSE_POSITIVE
10847907,0.535493486,FALSE_POSITIVE
10848097,15.9474242,UNKNOWN
10848459,1.736952453,FALSE_POSITIVE
10849244,24.261683827,FALSE_POSITIVE
10850327,440.171272,UNKNOWN
10854546,2.168451063,CONFIRMED
10854555,2.525591777,CONFIRMED
10854768,10.1171684,CONFIRMED
10855545,37.537859,UNKNOWN
10857342,2.415925551,FALSE_POSITIVE
10857519,2.053341891,CONFIRMED
10857589,32.532521502,FALSE_POSITIVE
10858504,474.96952,UNKNOWN
10858691,1.796320953,CONFIRMED
10858737,0.952378454,FALSE_POSITIVE
10858785,0.952371227,FALSE_POSITIVE
10858803,0.952374508,FALSE_POSITIVE
10858832,5.263415218,CONFIRMED
10861608,174.95980475,FALSE_POSITIVE
10861715,133.516435,FALSE_POSITIVE
10862284,9.1447861,FALSE_POSITIVE
10862759,29.4856392,UNKNOWN
10863608,8.07127043,CONFIRMED
10864531,83.4887405,CONFIRMED
108645766,2.974175,UNKNOWN
10864656,52.5008645,CONFIRMED
10865043,202.18722766,UNKNOWN
10866969,50.0122,UNKNOWN
10867017,0.876941133,FALSE_POSITIVE
10867062,34.2966363,UNKNOWN
10872983,11.09432054,CONFIRMED
10873178,4.82025124,UNKNOWN
10873260,5.852968845,CONFIRMED
10874215,31.0325991,CONFIRMED
10874226,11.973605044,FALSE_POSITIVE
10874614,3.234699282,CONFIRMED
108748840,3.1952201,UNKNOWN
10874926,11.703109303,FALSE_POSITIVE
10875007,9.54699216,UNKNOWN
10875245,4.90144976,CONFIRMED
10875937,307.94735718,FALSE_POSITIVE
10876237,1.465943491,FALSE_POSITIVE
10877024,0.786483923,FALSE_POSITIVE
10878117,280.92070688,UNKNOWN
10878263,7.170710381,CONFIRMED
10879038,4.8538404,CONFIRMED
10879208,0.668483615,FALSE_POSITIVE
10879213,0.668483494,FALSE_POSITIVE
10879247,432.074696,FALSE_POSITIVE
10879656,0.364860478,FALSE_POSITIVE
10879899,169.415073,UNKNOWN
10880007,86.79876649,FALSE_POSITIVE
10880507,6.4802138,CONFIRMED
10881457,84.704139,CONFIRMED
108835813,4.76516,UNKNOWN
108939482,1.1870337,UNKNOWN
108940329,7.2644599,UNKNOWN
10904004,4.64490141,UNKNOWN
10904857,3.120828136,CONFIRMED
10905239,3.487688776,CONFIRMED
10905641,460.77905,FALSE_POSITIVE
10905746,9.8786461,CONFIRMED
10905911,1.34155642,CONFIRMED
10907132,5.89089509,UNKNOWN
10907307,277.25118,UNKNOWN
10908248,39.859505,CONFIRMED
10909127,3.17059731,CONFIRMED
10909274,39.238141571,FALSE_POSITIVE
10910878,16.06864674,CONFIRMED
10916600,5.57654782,CONFIRMED
10917043,205.385912,UNKNOWN
10917433,6.91261536,UNKNOWN
10917681,12.89623554,UNKNOWN
10920086,3.21318517,FALSE_POSITIVE
10920281,3.65034525,UNKNOWN
10920420,0.9438885,FALSE_POSITIVE
10920813,53.7406575,FALSE_POSITIVE
10922659,31.2543238,CONFIRMED
10923260,7.436016459,FALSE_POSITIVE
10924340,0.750744255,FALSE_POSITIVE
10924400,0.750737313,FALSE_POSITIVE
10924562,18.6052046,CONFIRMED
10924853,2.102416517,FALSE_POSITIVE
10925104,8.041347775,CONFIRMED
10925113,11.7761073,FALSE_POSITIVE
10928043,6.84639884,UNKNOWN
10932270,27.5837778,UNKNOWN
10933306,57.7749373,UNKNOWN
10933561,31.51779463,CONFIRMED
10934313,1.926888595,FALSE_POSITIVE
10934674,16.54295261,CONFIRMED
10935310,4.128795314,FALSE_POSITIVE
10935993,25.3736543,UNKNOWN
10936427,14.361021578,FALSE_POSITIVE
10936786,0.569961046,FALSE_POSITIVE
10937029,4.030466786,CONFIRMED
10937609,2.570431263,FALSE_POSITIVE
10937749,5.19898615,UNKNOWN
10958972,331.78248134,FALSE_POSITIVE
10960993,3.117087797,FALSE_POSITIVE
10960995,1.558544209,FALSE_POSITIVE
10963065,2.465024332,CONFIRMED
10963242,6.1469956,CONFIRMED
10964265,0.637487312,FALSE_POSITIVE
10964440,19.12947603,CONFIRMED
10964747,344.961485,FALSE_POSITIVE
10965008,81.1701587,CONFIRMED
10965588,62.8917493,CONFIRMED
10965740,21.78769087,FALSE_POSITIVE
10965963,6.64024496,FALSE_POSITIVE
10967168,22.2659599,UNKNOWN
10971674,2.380862632,FALSE_POSITIVE
10971944,496.17566,FALSE_POSITIVE
10972902,7.6720844,FALSE_POSITIVE
10973583,6.256352128,FALSE_POSITIVE
10973664,5.40426917,CONFIRMED
10973814,44.8520997,CONFIRMED
10974783,3.2174446,UNKNOWN
10975146,0.63133171,CONFIRMED
10976412,3.75938475,FALSE_POSITIVE
10977671,199.064336,UNKNOWN
10978581,277.114286,UNKNOWN
10978763,4.97760447,CONFIRMED
10979716,10.6840477,FALSE_POSITIVE
10979952,323.159363,UNKNOWN
10982373,2.00280845,FALSE_POSITIVE
10982872,4.761705895,CONFIRMED
10984090,3.709214104,CONFIRMED
10987439,10.67459836,FALSE_POSITIVE
10987985,16.01308419,CONFIRMED
10989032,2.305097141,FALSE_POSITIVE
10989274,16.17803,CONFIRMED
10989620,21.512259,UNKNOWN
10990886,11.023474798,CONFIRMED
10990917,11.04605365,CONFIRMED
10991114,3.70386741,UNKNOWN
10991239,0.523629052,FALSE_POSITIVE
10991389,303.226376,UNKNOWN
10991431,322.221973,UNKNOWN
10991989,0.974477904,FALSE_POSITIVE
10992011,0.974479091,FALSE_POSITIVE
10992733,18.525917446,FALSE_POSITIVE
1100766816,1.62263,UNKNOWN
110110529,0.7180306,UNKNOWN
11013201,13.118962443,UNKNOWN
11014932,6.88595222,CONFIRMED
11015108,39.30944096,CONFIRMED
11015323,34.18884323,CONFIRMED
11017094,0.708563091,FALSE_POSITIVE
110178537,2.993282,UNKNOWN
11017901,7.794302043,CONFIRMED
1101855081,3.8960617,UNKNOWN
11018648,32.62876672,CONFIRMED
1101909431,23.2556119,UNKNOWN
11019739,4.15736472,UNKNOWN
11019987,6.9131732,CONFIRMED
11021252,3.269176601,FALSE_POSITIVE
11021266,235.413973,UNKNOWN
11021676,366.68293,UNKNOWN
11026304,13.35151248,UNKNOWN
11026582,240.57135,UNKNOWN
11027270,0.533628226,FALSE_POSITIVE
11027624,394.6249514,CONFIRMED
11027722,0.678137665,FALSE_POSITIVE
11029877,2.069415479,FALSE_POSITIVE
11030475,2.64622742,CONFIRMED
11030711,205.912735,CONFIRMED
11032227,7.19304935,CONFIRMED
11032748,43.9438891,UNKNOWN
1103432,3.7271641,UNKNOWN
11034516,14.3033451,UNKNOWN
11036168,217.792748,UNKNOWN
11037128,3.7948721,FALSE_POSITIVE
11037335,40.7150498,CONFIRMED
11037511,3.11604194,CONFIRMED
11037818,259.34304,CONFIRMED
11038580,419.4596,FALSE_POSITIVE
110428269,0.64971,UNKNOWN
11043136,2.621706694,FALSE_POSITIVE
11043167,44.9306706,CONFIRMED
11044770,15.60865244,FALSE_POSITIVE
11044779,15.60862948,FALSE_POSITIVE
11044826,260.54832,FALSE_POSITIVE
11045383,41.16676097,FALSE_POSITIVE
11046025,3.72020708,CONFIRMED
11046458,3.311864148,CONFIRMED
11046723,388.03884851,UNKNOWN
11046870,8.34410791,FALSE_POSITIVE
11068630,1.817079849,UNKNOWN
11069176,15.3789014,CONFIRMED
11069681,172.621943,UNKNOWN
11071200,96.4562198,UNKNOWN
11071207,8.04963472,FALSE_POSITIVE
11072016,1.89873195,UNKNOWN
11072982,264.708077,UNKNOWN
11073223,11.578946873,FALSE_POSITIVE
11073238,452.40428,FALSE_POSITIVE
11073351,2.820190603,CONFIRMED
11073656,1.834277283,UNKNOWN
110738386,12.2307873,UNKNOWN
11074178,14.30517579,CONFIRMED
11074541,29.88487723,CONFIRMED
11074835,6.03355539,CONFIRMED
11075279,345.1589354,UNKNOWN
11075429,23.9210408,CONFIRMED
11075737,2.586639524,CONFIRMED
11076176,0.699985822,FALSE_POSITIVE
11076276,1.4725859,FALSE_POSITIVE
11076279,1.47258471,FALSE_POSITIVE
11076400,1.07808492,UNKNOWN
110795273,9.4715404,UNKNOWN
11080405,25.1933989,CONFIRMED
11080702,8.67237968,UNKNOWN
11081504,13.12297275,UNKNOWN
11081512,15.7397651,FALSE_POSITIVE
11082795,35.9216912,UNKNOWN
110828766,1.6233128,UNKNOWN
11086270,12.69104387,CONFIRMED
11087662,264.63654,FALSE_POSITIVE
11090556,2.7881793,CONFIRMED
11090561,35.8726918,FALSE_POSITIVE
11090765,21.21712312,CONFIRMED
11090926,102.300622,UNKNOWN
11092040,419.92898,FALSE_POSITIVE
11092783,5.15998178,UNKNOWN
11093335,53.106597,FALSE_POSITIVE
11093538,14.77820911,FALSE_POSITIVE
110936761,2.2906144,UNKNOWN
11097752,359.8455,UNKNOWN
11098004,7.508818,FALSE_POSITIVE
11098013,7.50790041,UNKNOWN
11098573,15.6937855,FALSE_POSITIVE
11098704,22.7783121,UNKNOWN
11099109,115.28415,FALSE_POSITIVE
11099351,2.37795507,FALSE_POSITIVE
110996418,15.7814103,UNKNOWN
11100170,114.406187,UNKNOWN
11100383,12.92489803,CONFIRMED
11100657,8.344104633,FALSE_POSITIVE
11100670,20.2340219,FALSE_POSITIVE
111108561,2.635737,UNKNOWN
11111899,0.6193401,UNKNOWN
11121752,3.93083997,CONFIRMED
11122894,74.92768653,CONFIRMED
11124353,423.73074,FALSE_POSITIVE
11124436,13.9482197,UNKNOWN
11124509,4.446459958,FALSE_POSITIVE
11124703,244.60373,FALSE_POSITIVE
11125613,9.99115241,CONFIRMED
11125797,58.1263775,CONFIRMED
11125936,1.336109338,FALSE_POSITIVE
11126381,33.7888028,CONFIRMED
11127479,2.12821621,CONFIRMED
11129145,132.114,UNKNOWN
11129258,25.384175,CONFIRMED
11129738,2.613020421,CONFIRMED
11133306,41.74598855,CONFIRMED
11134079,1.260575815,FALSE_POSITIVE
11134879,4.30165843,CONFIRMED
11135119,383.937324,FALSE_POSITIVE
11135308,1.877878538,CONFIRMED
11135694,49.537365,UNKNOWN
11137061,1.88912273,FALSE_POSITIVE
11137065,0.933732791,FALSE_POSITIVE
11137180,6.07032548,CONFIRMED
11138155,4.959319244,CONFIRMED
11139682,10.7781558,UNKNOWN
11144439,0.609125246,FALSE_POSITIVE
11145391,623.2344,UNKNOWN
11145637,46.16051579,UNKNOWN
11145726,0.619618218,FALSE_POSITIVE
11145831,1.387838134,FALSE_POSITIVE
11147276,1.566528935,FALSE_POSITIVE
11147460,2.053866175,FALSE_POSITIVE
11147785,217.170081,UNKNOWN
11147814,95.178317934,FALSE_POSITIVE
11151677,0.720460644,FALSE_POSITIVE
11152159,2.701287801,FALSE_POSITIVE
11152511,287.33114,UNKNOWN
11152950,4.17363793,FALSE_POSITIVE
11153121,14.97031664,CONFIRMED
11153259,1.94468659,FALSE_POSITIVE
11153476,7.94004281,UNKNOWN
11153539,4.49876511,CONFIRMED
11154043,4.52977632,FALSE_POSITIVE
111741396,6.7230209,UNKNOWN
11176127,10.47548084,CONFIRMED
11176166,9.8788502,CONFIRMED
11177543,38.3262237,CONFIRMED
11177676,47.0320478,CONFIRMED
11177707,124.4197175,CONFIRMED
111778581,11.4212059,UNKNOWN
11179076,48.4313003,CONFIRMED
11180361,0.533059312,UNKNOWN
11181260,19.9778599,UNKNOWN
11182213,189.456089,UNKNOWN
11182260,1.291964282,UNKNOWN
11182706,384.37706,UNKNOWN
11183752,230.358183,UNKNOWN
11187436,5.90741476,CONFIRMED
11187837,17.60461401,CONFIRMED
11187972,37.4646974,UNKNOWN
11188249,2.75505467,FALSE_POSITIVE
11188254,2.754024,FALSE_POSITIVE
11189127,2.671942657,FALSE_POSITIVE
11189311,81.4160138,CONFIRMED
11191364,211.54114,UNKNOWN
11192141,1.353771892,FALSE_POSITIVE
11192235,1.615357809,CONFIRMED
11192998,7.650243513,CONFIRMED
11193263,6.91134223,CONFIRMED
11193447,0.312941621,FALSE_POSITIVE
11194032,28.51117639,CONFIRMED
11197126,4.494498254,FALSE_POSITIVE
11197853,0.698461304,UNKNOWN
11198419,88.523517,UNKNOWN
11198723,6.840305932,FALSE_POSITIVE
111991770,3.752062,UNKNOWN
11199233,386.22400908,FALSE_POSITIVE
11199725,1.032967155,FALSE_POSITIVE
11200405,4.639602084,FALSE_POSITIVE
11200415,4.63958598,FALSE_POSITIVE
11200767,2.489549075,FALSE_POSITIVE
11200773,2.489550708,FALSE_POSITIVE
112026224,3.9687994,UNKNOWN
112037203,4.3622356,UNKNOWN
112037211,4.3636327,UNKNOWN
112099249,5.17958,UNKNOWN
112110888,1.9491813,UNKNOWN
112115898,4.718569,UNKNOWN
1122079,1.8460997,UNKNOWN
11228612,2.980479588,FALSE_POSITIVE
11231334,4.15743922,FALSE_POSITIVE
112316665,3.7494409,UNKNOWN
11232745,4.81712182,FALSE_POSITIVE
11233911,2.479948394,FALSE_POSITIVE
11234677,1.58742695,FALSE_POSITIVE
11235323,19.668404822,FALSE_POSITIVE
11236244,11.32269749,CONFIRMED
11237332,19.3073774,FALSE_POSITIVE
112395568,5.742625,UNKNOWN
11240948,3.401949837,FALSE_POSITIVE
11241560,6.96197304,UNKNOWN
11241814,227.6625222,FALSE_POSITIVE
11241912,14.42735088,CONFIRMED
11242721,19.651209505,FALSE_POSITIVE
11243547,2.16132662,FALSE_POSITIVE
11244137,2.03387483,CONFIRMED
11244571,7.8935324,UNKNOWN
11244682,3.490785878,CONFIRMED
11246161,0.5374094,UNKNOWN
11246364,200.0,FALSE_POSITIVE
11249624,65.583665567,FALSE_POSITIVE
11250587,7.256962446,CONFIRMED
11250867,2.252822538,FALSE_POSITIVE
11251058,2.25284817,FALSE_POSITIVE
11251991,134.35872,UNKNOWN
11252617,4.478116695,FALSE_POSITIVE
11253711,17.79108667,CONFIRMED
11253827,88.5122014,CONFIRMED
11254382,2.05388477,CONFIRMED
11255231,13.6550963,FALSE_POSITIVE
11255761,4.99270186,FALSE_POSITIVE
11259686,34.4359387,CONFIRMED
112604564,4.5768651,UNKNOWN
11270200,3.1432403,UNKNOWN
11282568,1.320499473,UNKNOWN
11283615,1.289590179,CONFIRMED
11284772,4.50158249,CONFIRMED
11285136,2.368173896,FALSE_POSITIVE
11285625,5.39525573,FALSE_POSITIVE
11285870,4.48494315,CONFIRMED
11286311,13.1538409,UNKNOWN
11287726,4.737713268,FALSE_POSITIVE
11288051,13.82142084,CONFIRMED
11288492,5.704593,UNKNOWN
11288505,19.80787763,CONFIRMED
11288772,1.36752316,UNKNOWN
1129033,1.3600283,UNKNOWN
11290515,5.8943338,UNKNOWN
11294822,302.34971,UNKNOWN
11294883,427.65334,FALSE_POSITIVE
11295085,2.49777454,FALSE_POSITIVE
11295426,5.398752862,CONFIRMED
11296045,88.91323139,FALSE_POSITIVE
11296205,379.67276,UNKNOWN
11296437,528.50344,FALSE_POSITIVE
11296724,1.9997244,UNKNOWN
11296798,677.35794,FALSE_POSITIVE
11297236,88.6440015,CONFIRMED
11298298,5.248667607,CONFIRMED
11298442,55.01469183,UNKNOWN
11298815,5.73865933,FALSE_POSITIVE
112989868,1.040425,UNKNOWN
11303322,38.1303324,CONFIRMED
11303811,1.705780649,FALSE_POSITIVE
11303815,1.705782214,FALSE_POSITIVE
11304958,41.43958662,CONFIRMED
11304987,0.692693892,FALSE_POSITIVE
11305417,198.781156,UNKNOWN
11305996,55.7002642,FALSE_POSITIVE
11308499,3.28192056,CONFIRMED
113117112,2.7176413,UNKNOWN
113295476,1.820443,UNKNOWN
1133072,0.846542,UNKNOWN
11336883,7.16893064,CONFIRMED
11337012,12.4019263,UNKNOWN
11337141,4.04355245,CONFIRMED
11337372,6.53194024,CONFIRMED
11337566,7.12815163,CONFIRMED
11337833,51.3011844,CONFIRMED
11338056,2.87998334,UNKNOWN
11338091,293.38641,UNKNOWN
11338918,588.63759,FALSE_POSITIVE
11340218,111.149082,UNKNOWN
11341164,197.05431574,UNKNOWN
11341266,284.87177,UNKNOWN
11341314,9.8338474,FALSE_POSITIVE
11342416,25.3690868,CONFIRMED
11342550,1693.6636225,UNKNOWN
11342573,91.05641908,FALSE_POSITIVE
11348086,391.420272,FALSE_POSITIVE
11348610,190.860818,UNKNOWN
11348997,5.132486123,CONFIRMED
11350118,12.003678,UNKNOWN
11350389,1.51264208,FALSE_POSITIVE
11350634,278.38935,UNKNOWN
11351454,374.41813,UNKNOWN
113542042,1.7687035,UNKNOWN
113553629,4.30438,UNKNOWN
11355925,263.30198,UNKNOWN
11356260,8.50698069,CONFIRMED
11356602,323.2575,FALSE_POSITIVE
11357185,185.243906,FALSE_POSITIVE
11357192,186.5168116,FALSE_POSITIVE
11357664,4.373570433,UNKNOWN
11358305,7.8687123,UNKNOWN
11358389,10.66489514,CONFIRMED
11358392,0.984971822,FALSE_POSITIVE
11359305,28.487107336,FALSE_POSITIVE
11359879,4.942783419,CONFIRMED
11360571,77.2550726,CONFIRMED
11360805,26.7838935,CONFIRMED
11361283,16.4793229,UNKNOWN
11361646,7.97420583,CONFIRMED
113648563,2.0325685,UNKNOWN
113804153,4.2460352,UNKNOWN
11389771,2.508553286,CONFIRMED
11390109,398.40957,FALSE_POSITIVE
11391018,30.360445359,CONFIRMED
11391181,8.61733907,FALSE_POSITIVE
11391512,370.31761,UNKNOWN
11391667,1.083736642,FALSE_POSITIVE
11391755,25.1123362,UNKNOWN
11391957,8.35389523,CONFIRMED
113919944,1.2297408,UNKNOWN
11392017,2.45570369,FALSE_POSITIVE
113921235,59.8473992,UNKNOWN
11392362,9.9105786,UNKNOWN
11392618,110.9215892,FALSE_POSITIVE
11393248,37.959659,UNKNOWN
11393633,405.6296,UNKNOWN
11394027,14.38682567,CONFIRMED
11395587,12.99065074,UNKNOWN
11400356,677.56282,FALSE_POSITIVE
11401182,0.927859786,CONFIRMED
114011911,5.2484099,UNKNOWN
11401253,4.96504981,UNKNOWN
11401755,16.23191704,CONFIRMED
11401767,20.0545282,CONFIRMED
11401822,1.08070294,FALSE_POSITIVE
11401845,1.080695116,FALSE_POSITIVE
114018671,2.4705036,UNKNOWN
11401869,2.16146908,FALSE_POSITIVE
11402995,10.06083238,CONFIRMED
11403044,4.125543472,CONFIRMED
11403216,4.05325447,FALSE_POSITIVE
11403339,4.79029482,CONFIRMED
11403389,45.0909201,CONFIRMED
11403530,3.61460332,CONFIRMED
11404644,5.902596818,UNKNOWN
11407847,11.8307724,UNKNOWN
11408935,15.995094054,FALSE_POSITIVE
11409698,10.26782676,FALSE_POSITIVE
114103134,1.1468708,UNKNOWN
114103136,1.1471548,UNKNOWN
11410904,3.53232429,CONFIRMED
11411639,6.933574,UNKNOWN
11413812,5.65378163,CONFIRMED
11414368,434.28175,UNKNOWN
11414465,2.94194296,CONFIRMED
11414511,2.816504904,CONFIRMED
11415243,168.81133,CONFIRMED
11417087,4.942456,UNKNOWN
114181798,2.7022764,UNKNOWN
114299824,4.2042078,UNKNOWN
11439959,3.6188769,UNKNOWN
114422211,5.0989519,UNKNOWN
11442465,33.93373447,FALSE_POSITIVE
11442793,331.5972732,CONFIRMED
11443757,43.9088053,UNKNOWN
11444514,66.373298,CONFIRMED
11444772,395.94327,UNKNOWN
11444952,0.678349364,FALSE_POSITIVE
11444974,76.37924,UNKNOWN
11446424,66.716453,UNKNOWN
11446443,2.470613377,CONFIRMED
11446961,58.669218,UNKNOWN
11449696,371.21205,FALSE_POSITIVE
11449844,38.47876629,CONFIRMED
11449918,374.59003,FALSE_POSITIVE
11450414,12.7983174,CONFIRMED
114516994,1.5985577,UNKNOWN
11453349,4.40660737,UNKNOWN
11453592,2.8867624,CONFIRMED
11453930,355.84731,FALSE_POSITIVE
11455181,10.9294815,CONFIRMED
11455428,22.1270885,CONFIRMED
11455484,6.142812722,FALSE_POSITIVE
11455491,6.14281498,FALSE_POSITIVE
11455795,1.057335679,FALSE_POSITIVE
11456256,61.611129,UNKNOWN
11456279,0.572937573,FALSE_POSITIVE
11456382,0.814280672,FALSE_POSITIVE
11456405,0.814278961,FALSE_POSITIVE
11456839,190.783023,FALSE_POSITIVE
11457191,1.149198426,FALSE_POSITIVE
11457664,150.728285,UNKNOWN
11457726,6.22161107,CONFIRMED
11460018,4.280963604,CONFIRMED
114600571,4.8789974,UNKNOWN
11460462,5.03728033,CONFIRMED
11461433,1.916940872,CONFIRMED
11461844,13.6823798,CONFIRMED
11462341,42.3375799,UNKNOWN
11462556,2.50012775,FALSE_POSITIVE
11462969,406.496216,UNKNOWN
11463211,1.50635409,FALSE_POSITIVE
11463950,4.0551242,FALSE_POSITIVE
11465651,31.3351094,CONFIRMED
11465658,253.790434,UNKNOWN
11465813,670.645531,FALSE_POSITIVE
11465869,322.544807,FALSE_POSITIVE
11465950,16.0573291,CONFIRMED
11466960,0.695954898,FALSE_POSITIVE
114749636,4.6027498,UNKNOWN
11493378,35.6606167,UNKNOWN
11493431,2.343230566,CONFIRMED
11493732,61.2563628,FALSE_POSITIVE
11494130,18.95491633,FALSE_POSITIVE
114947483,3.3787501,UNKNOWN
11495458,10.45839865,CONFIRMED
11495766,4.1749166,FALSE_POSITIVE
11495989,1.322475635,UNKNOWN
11496490,1.035268597,FALSE_POSITIVE
11497958,5.841636615,CONFIRMED
11497977,4.79860021,CONFIRMED
11498128,106.247882,CONFIRMED
11499192,4.13592927,CONFIRMED
11499228,19.7919389,CONFIRMED
11499263,46.698200933,FALSE_POSITIVE
11499757,12.314402323,FALSE_POSITIVE
115010361,15.4658691,UNKNOWN
11501492,371.90464,FALSE_POSITIVE
11501774,0.691823991,FALSE_POSITIVE
11502172,25.431861399,FALSE_POSITIVE
11502179,3.98855869,FALSE_POSITIVE
11502218,3.9886021,UNKNOWN
11502867,3.217518511,CONFIRMED
11506235,20.413052415,FALSE_POSITIVE
11506654,75.2116373,UNKNOWN
11506938,22.57494749,FALSE_POSITIVE
11507101,38.3775486,CONFIRMED
11508644,14.2563272,CONFIRMED
11509504,2.61576515,CONFIRMED
11512246,7.10695741,CONFIRMED
11513366,587.38162,UNKNOWN
11513441,85.5692223,FALSE_POSITIVE
11513486,6.64754478,CONFIRMED
11516930,4.768540307,FALSE_POSITIVE
11517719,2.495780169,CONFIRMED
11518142,240.7990472,CONFIRMED
11518201,1.236866732,UNKNOWN
115182469,6.5169955,UNKNOWN
11519134,58.5850357,FALSE_POSITIVE
11519187,2.440839436,CONFIRMED
11519226,22.16127178,FALSE_POSITIVE
11520114,7.07987663,UNKNOWN
11520459,8.46354384,UNKNOWN
11520465,91.240335,UNKNOWN
11521048,25.70280003,FALSE_POSITIVE
11521555,5.8681984,UNKNOWN
11521793,27.08239734,CONFIRMED
115242351,5.6748327,UNKNOWN
115270627,3.1504798,UNKNOWN
115446313,4.9707023,UNKNOWN
115451738,2.0814345,UNKNOWN
115453244,3.8229149,UNKNOWN
115457180,5.6619072,UNKNOWN
11546211,1.097211085,FALSE_POSITIVE
11547505,0.938466959,CONFIRMED
11547513,5.317440164,CONFIRMED
11547869,10.72725536,UNKNOWN
11548140,1.378649746,FALSE_POSITIVE
115508409,10.4995545,UNKNOWN
11551652,3.773744,UNKNOWN
11551692,7.834433676,CONFIRMED
11551715,225.56791218,FALSE_POSITIVE
115524421,8.8036803,UNKNOWN
11553598,370.62071,FALSE_POSITIVE
11553706,3.719809197,FALSE_POSITIVE
11554435,9.43414171,CONFIRMED
115564354,1.6421819,UNKNOWN
11558217,362.85801,FALSE_POSITIVE
115583726,18.6016754,UNKNOWN
11558882,73.91858615,FALSE_POSITIVE
11559304,12.9284553,UNKNOWN
11559493,357.41382,UNKNOWN
11560037,1.466535757,FALSE_POSITIVE
11560382,0.527679032,FALSE_POSITIVE
11560397,0.527673051,FALSE_POSITIVE
11560431,0.527673075,FALSE_POSITIVE
11560447,0.527678272,FALSE_POSITIVE
11560897,35.9682692,CONFIRMED
11561667,3.0876297,UNKNOWN
115623434,3.1434463,UNKNOWN
115628210,0.594385,UNKNOWN
11564013,0.875267982,FALSE_POSITIVE
11565544,3.76562031,UNKNOWN
11565903,117.140785,FALSE_POSITIVE
11565924,13.32191461,CONFIRMED
11566064,152.1060435,CONFIRMED
11566256,5.78387049,CONFIRMED
11568224,0.882131829,FALSE_POSITIVE
115683877,6.3765906,UNKNOWN
11568987,15.95995611,CONFIRMED
11569475,1.31723412,FALSE_POSITIVE
11569782,2.787874175,CONFIRMED
11570749,46.2991052,UNKNOWN
11572193,10.6761592,CONFIRMED
115739057,5.0310168,UNKNOWN
115771549,4.7182888,UNKNOWN
115899725,6.5587386,UNKNOWN
115942852,3.2129849,UNKNOWN
11598638,359.854745,UNKNOWN
11598894,89.366114,UNKNOWN
11599038,7.01733571,CONFIRMED
11599264,8.428090255,FALSE_POSITIVE
11599800,422.255426,FALSE_POSITIVE
11599937,37.6259039,UNKNOWN
11600299,100.41475198,UNKNOWN
11600889,0.669310092,CONFIRMED
11601357,3.55027051,FALSE_POSITIVE
11601425,41.9934673,UNKNOWN
11601584,51.8098276,CONFIRMED
11601597,0.590281548,FALSE_POSITIVE
11601633,94.67782,UNKNOWN
11601972,290.196139,UNKNOWN
11602794,5.70509519,UNKNOWN
11603298,471.39698,FALSE_POSITIVE
116048097,8.0555716,UNKNOWN
11607176,3.28274272,FALSE_POSITIVE
11607193,7.1548608,FALSE_POSITIVE
11611275,6.94245216,CONFIRMED
11611600,1.219568047,CONFIRMED
11612241,4.5647147,FALSE_POSITIVE
11612280,9.4061364,CONFIRMED
1161345,4.28746668,CONFIRMED
11614528,1.870990236,FALSE_POSITIVE
11614617,24.7577652,CONFIRMED
11614808,175.452812,UNKNOWN
11615258,367.07446,UNKNOWN
11615481,65.4317194,FALSE_POSITIVE
11615521,366.684634,UNKNOWN
116156517,5.36777,UNKNOWN
11616200,1.718649321,FALSE_POSITIVE
11616434,291.306507,UNKNOWN
11616596,14.5893928,FALSE_POSITIVE
11616631,7.2949175,FALSE_POSITIVE
11616663,7.2935801,FALSE_POSITIVE
11618569,5.75902182,UNKNOWN
11618601,2.76263737,CONFIRMED
11618798,42.9261364,FALSE_POSITIVE
1161949,473.95103,FALSE_POSITIVE
11619964,10.368552685,FALSE_POSITIVE
11621223,4.903321801,CONFIRMED
11621897,21.6817115,FALSE_POSITIVE
11622600,82.5341188,CONFIRMED
11622985,18.0243482,UNKNOWN
11623629,81.737872,CONFIRMED
11624249,1.82708193,CONFIRMED
116242971,5.0316347,UNKNOWN
116257066,6.5019596,UNKNOWN
116262653,7.7600907,UNKNOWN
116264089,1.306188,UNKNOWN
116382006,23.2547644,UNKNOWN
1164301,95.688682,UNKNOWN
116483514,1.4520486,UNKNOWN
116483734,4.731977,UNKNOWN
11649292,384.558321,FALSE_POSITIVE
11650401,3.94660745,CONFIRMED
11650543,7.20558084,UNKNOWN
11651105,13.8602646,FALSE_POSITIVE
11651240,93.006,UNKNOWN
11651712,14.53260546,CONFIRMED
11652427,26.46288074,UNKNOWN
11654039,436.42852,FALSE_POSITIVE
11655826,5.59346375,UNKNOWN
11656246,18.11473813,CONFIRMED
11656302,22.264806569,FALSE_POSITIVE
11656721,13.64617478,CONFIRMED
11656840,7.442652004,FALSE_POSITIVE
11656918,62.1385979,CONFIRMED
11656928,212.43503674,UNKNOWN
11657614,24.352541,CONFIRMED
11657891,2.514628496,CONFIRMED
11658036,142.703888,UNKNOWN
116608612,3.4557863,UNKNOWN
11661803,372.086704,FALSE_POSITIVE
11662184,27.5722144,CONFIRMED
11662440,13.639480425,FALSE_POSITIVE
116631353,4.9218915,UNKNOWN
116668723,3.3885867,UNKNOWN
11666881,4.919584997,CONFIRMED
11667548,0.831741499,FALSE_POSITIVE
11669125,70.6981724,CONFIRMED
11669239,41.8854433,CONFIRMED
11670125,1.217000383,CONFIRMED
11670599,0.847588864,FALSE_POSITIVE
11671429,112.46358893,FALSE_POSITIVE
11671579,5.17624997,CONFIRMED
11671646,392.50115,UNKNOWN
11672354,5.29655591,UNKNOWN
11673674,4.618767792,FALSE_POSITIVE
11673686,4.618767943,FALSE_POSITIVE
11673802,5.28790754,CONFIRMED
11674709,20.69920737,UNKNOWN
1167538,,UNKNOWN
116848450,3.4796904,UNKNOWN
11701407,18.8262877,CONFIRMED
11702948,9.771462706,UNKNOWN
11704044,6.882686062,FALSE_POSITIVE
11705004,9.03326435,CONFIRMED
11706658,1.407937865,FALSE_POSITIVE
117068362,4.2005957,UNKNOWN
117072799,12.6885127,UNKNOWN
11709006,0.719741,FALSE_POSITIVE
11709022,0.71957289,FALSE_POSITIVE
11709124,20.5498184,CONFIRMED
11709244,4.544436472,CONFIRMED
11709423,0.768934934,FALSE_POSITIVE
11714107,405.35457,UNKNOWN
11714231,5.8660127,CONFIRMED
11716643,466.002988,UNKNOWN
117174065,16.6036329,UNKNOWN
11718144,16.4581861,CONFIRMED
11718389,5.94373492,CONFIRMED
11720424,23.9107056,CONFIRMED
11722217,302.77571,UNKNOWN
11724091,1.559090282,FALSE_POSITIVE
11724094,1.47623061,FALSE_POSITIVE
11724210,5.746017234,FALSE_POSITIVE
117256577,1.6865822,UNKNOWN
117275513,4.6886342,UNKNOWN
117322779,0.68601,UNKNOWN
11752632,0.984941669,CONFIRMED
11752906,20.6180348,CONFIRMED
11752908,6.38315744,FALSE_POSITIVE
11754430,39.818832,CONFIRMED
11754553,16.38489988,CONFIRMED
11755687,3.0522686,UNKNOWN
11756821,2.745121487,FALSE_POSITIVE
11757422,1.81993557,FALSE_POSITIVE
11757451,177.668663,CONFIRMED
11758544,2.7073064,CONFIRMED
11760231,49.6075771,CONFIRMED
11760860,2.41660149,CONFIRMED
11760931,397.72733,FALSE_POSITIVE
11760959,3.47021401,FALSE_POSITIVE
11761199,213.6103207,FALSE_POSITIVE
11763910,0.612888148,FALSE_POSITIVE
11764462,5.69919592,CONFIRMED
11768142,38.0970717,CONFIRMED
11768970,15.541358818,FALSE_POSITIVE
117689799,2.1570462,UNKNOWN
11769146,282.9656538,FALSE_POSITIVE
11769689,14.7179342,UNKNOWN
11769801,29.7123181,FALSE_POSITIVE
11769890,122.8799543,CONFIRMED
11771430,40.0306267,CONFIRMED
11773022,45.15535633,CONFIRMED
11773174,115.19952922,UNKNOWN
11773328,8.710442022,UNKNOWN
11773625,7.1969168,UNKNOWN
11774303,0.614083885,FALSE_POSITIVE
11774383,0.520227316,FALSE_POSITIVE
11774387,0.520222869,FALSE_POSITIVE
11774991,37.8154157,CONFIRMED
11775507,276.32360146,FALSE_POSITIVE
11775530,12.8177012,FALSE_POSITIVE
117772549,7.8764851,UNKNOWN
117789567,2.3202418,UNKNOWN
117799904,14.1993538,UNKNOWN
117843067,2.3767548,UNKNOWN
117843365,1.9113216,UNKNOWN
117885024,35.0842983,UNKNOWN
117892246,3.2601896,UNKNOWN
117938087,14.9315582,UNKNOWN
117979455,0.6333372,UNKNOWN
117979694,1.9784257,UNKNOWN
117979850,0.6333315,UNKNOWN
117979897,3.3106692,UNKNOWN
118021229,0.88501,UNKNOWN
11802615,28.86236571,CONFIRMED
11803074,355.86134,UNKNOWN
11804437,449.01499,UNKNOWN
11804465,4.437962934,CONFIRMED
11804952,36.3192885,FALSE_POSITIVE
11805075,199.83920527,UNKNOWN
118072143,2.7678404,UNKNOWN
11807274,7.81285862,CONFIRMED
11807906,236.506437,UNKNOWN
118084044,2.7435213,UNKNOWN
11810124,11.6044881,CONFIRMED
11811193,6.11784972,CONFIRMED
11811382,19.3854894,UNKNOWN
11811454,2.274628199,FALSE_POSITIVE
11812062,3.728732147,CONFIRMED
11812199,37.32030954,FALSE_POSITIVE
11817750,9.762550001,FALSE_POSITIVE
11818566,416.87893121,UNKNOWN
11818607,5.05661302,CONFIRMED
11818800,40.4195037,UNKNOWN
11818872,12.7372371,CONFIRMED
11819135,1.901655058,FALSE_POSITIVE
11819396,48.38798413,UNKNOWN
11820830,12.7319385,FALSE_POSITIVE
11821363,8.19596647,CONFIRMED
11823054,4.302139338,CONFIRMED
11824218,15.84131693,FALSE_POSITIVE
11824222,15.84132627,UNKNOWN
11824578,357.588538,UNKNOWN
11824786,12.94123564,CONFIRMED
11825057,0.532087933,FALSE_POSITIVE
11825996,16.9163386,UNKNOWN
11826400,5.889372452,FALSE_POSITIVE
118301361,3.46608,UNKNOWN
118308828,3.7353995,UNKNOWN
118327533,16.56308,UNKNOWN
118327550,7.397216,UNKNOWN
118329434,5.0949767,UNKNOWN
118339710,,UNKNOWN
118406995,8.7614828,UNKNOWN
11852982,13.81504449,CONFIRMED
11853130,76.87935893,UNKNOWN
11853255,2.243380573,CONFIRMED
11853878,3.69298623,CONFIRMED
11853905,3.213668926,CONFIRMED
11854061,504.88419,FALSE_POSITIVE
11854636,37.0200232,UNKNOWN
11855538,2.521265,FALSE_POSITIVE
11856178,9.13315062,UNKNOWN
118573065,4.8667353,UNKNOWN
11858541,5.674353343,FALSE_POSITIVE
118586896,12.11028,UNKNOWN
11858741,1.780982447,FALSE_POSITIVE
11858748,1.780984316,FALSE_POSITIVE
11858979,3.05933906,FALSE_POSITIVE
11860294,545.205601,UNKNOWN
118603213,1.8592079,UNKNOWN
11860395,82.303914,CONFIRMED
11867071,3.963787093,FALSE_POSITIVE
11867608,227.6258,FALSE_POSITIVE
11867733,384.356448,FALSE_POSITIVE
11868122,384.92275,FALSE_POSITIVE
11868941,105.053389,UNKNOWN
11869052,20.5452375,FALSE_POSITIVE
11870545,0.839961456,UNKNOWN
11872139,1.75649346,FALSE_POSITIVE
11872364,189.183958,UNKNOWN
11873166,0.734426335,FALSE_POSITIVE
11873171,0.734426409,FALSE_POSITIVE
11874338,15.9750417,FALSE_POSITIVE
11874577,34.4585495,CONFIRMED
118754987,7.842208,UNKNOWN
11875511,67.451045,FALSE_POSITIVE
11875734,99.7468804,CONFIRMED
118798035,11.5317273,UNKNOWN
118820486,2.6921752,UNKNOWN
118914286,5.2887576,UNKNOWN
11894726,7.0687489,UNKNOWN
118956453,2.3447752,UNKNOWN
118963720,7.4603194,UNKNOWN
11904151,0.837491225,CONFIRMED
11904704,0.565713361,UNKNOWN
11904734,12.681733929,UNKNOWN
11904835,9.4640413,UNKNOWN
11905011,5.65178922,CONFIRMED
11905398,24.7967294,UNKNOWN
11905409,18.0939004,UNKNOWN
11906217,37.910213899,FALSE_POSITIVE
119069946,4.3591525,UNKNOWN
119081096,0.83707,UNKNOWN
119089245,1.2436504,UNKNOWN
11909686,185.9526325,FALSE_POSITIVE
11909839,10.405998015,FALSE_POSITIVE
11910670,44.7060191,UNKNOWN
11911561,8.870415578,FALSE_POSITIVE
11911580,359.102042,FALSE_POSITIVE
11911929,125.277815,UNKNOWN
11912911,3.74788208,FALSE_POSITIVE
11912916,3.74788322,FALSE_POSITIVE
11912932,3.74785358,FALSE_POSITIVE
11912941,3.74784374,FALSE_POSITIVE
11912987,3.74786694,FALSE_POSITIVE
11913012,3.74782314,FALSE_POSITIVE
11913013,3.74781242,FALSE_POSITIVE
119130170,2.5444539,UNKNOWN
11913052,3.74785307,FALSE_POSITIVE
11913071,3.747835042,FALSE_POSITIVE
11913072,3.74779583,FALSE_POSITIVE
11913073,3.747838198,FALSE_POSITIVE
119131709,17.2837172,UNKNOWN
119178132,1.6064494,UNKNOWN
11918099,2.337437946,CONFIRMED
11918482,0.94754848,FALSE_POSITIVE
11918793,38.35312,FALSE_POSITIVE
11922290,114.661733,FALSE_POSITIVE
11922648,1.75643185,FALSE_POSITIVE
11922678,3.51295674,FALSE_POSITIVE
11922722,3.51289168,FALSE_POSITIVE
11922778,65.427645,UNKNOWN
11922782,1.756466865,FALSE_POSITIVE
11923074,1.75647084,FALSE_POSITIVE
11923213,27.2020672,UNKNOWN
11923270,11.59822233,CONFIRMED
11923284,2.757977384,CONFIRMED
11923819,33.159475806,FALSE_POSITIVE
11924426,64.713168094,FALSE_POSITIVE
119262291,4.1747143,UNKNOWN
11927677,3.6860654,UNKNOWN
119290630,1.4875055,UNKNOWN
119292328,7.1887332,UNKNOWN
11936042,3.9919157,UNKNOWN
119448220,1.252025,UNKNOWN
11954842,12.98494603,CONFIRMED
11955499,9.04189129,FALSE_POSITIVE
119556803,8.0823172,UNKNOWN
119584412,10.6439385,UNKNOWN
119585136,2.2054776,UNKNOWN
11959569,46.14869106,FALSE_POSITIVE
11959893,40.7282314,UNKNOWN
11960862,6.575315881,CONFIRMED
11962284,8.83929462,CONFIRMED
11963206,3.00912491,CONFIRMED
119638424,3.572359,UNKNOWN
11966253,0.643468999,FALSE_POSITIVE
11966557,60.2976774,FALSE_POSITIVE
11966643,183.38048452,UNKNOWN
11966668,313.19875,FALSE_POSITIVE
11967004,1.941635737,FALSE_POSITIVE
11967788,7.23531329,UNKNOWN
11967872,134.370692,FALSE_POSITIVE
11968463,15.1622287,CONFIRMED
11968490,0.539445498,FALSE_POSITIVE
11968513,1.036592635,FALSE_POSITIVE
11968514,1.036592136,FALSE_POSITIVE
11969092,0.638437699,FALSE_POSITIVE
11969988,2.19068738,FALSE_POSITIVE
119700084,6.1182129,UNKNOWN
11970050,6.58753699,UNKNOWN
11970288,20.7106853,FALSE_POSITIVE
11970988,2.31482311,UNKNOWN
11972666,1.09173174,FALSE_POSITIVE
11972872,0.531106622,FALSE_POSITIVE
11973517,0.903763067,UNKNOWN
11974540,24.669192732,CONFIRMED
11975363,1.759208679,FALSE_POSITIVE
119925436,3.1054901,UNKNOWN
119950057,10.1822686,UNKNOWN
11996814,0.4487349,UNKNOWN
119973835,9.6703611,UNKNOWN
120033290,2.265394,UNKNOWN
120045750,7.0142458,UNKNOWN
12004656,2.52123022,FALSE_POSITIVE
12004679,2.521245368,FALSE_POSITIVE
12004680,2.52122764,FALSE_POSITIVE
12004689,2.5212708,FALSE_POSITIVE
12004971,10.81315417,FALSE_POSITIVE
120051913,1.6029811,UNKNOWN
12007270,398.51312,UNKNOWN
12008872,14.8877665,CONFIRMED
12008916,47.4314857,FALSE_POSITIVE
12009347,2.723858181,FALSE_POSITIVE
12009917,559.785594,UNKNOWN
120101789,3.0086349,UNKNOWN
12010534,2.581595167,FALSE_POSITIVE
120115768,3.5529033,UNKNOWN
12012439,2.97607935,FALSE_POSITIVE
12012872,14.395425,FALSE_POSITIVE
12013615,8.202869679,FALSE_POSITIVE
12016243,11.8436119,UNKNOWN
12016267,11.7489907,FALSE_POSITIVE
12017109,9.75374033,CONFIRMED
12017140,22.845241036,FALSE_POSITIVE
120183168,3.4902115,UNKNOWN
12019440,3.24325988,CONFIRMED
12020218,21.3588236,CONFIRMED
12020329,7.275040844,CONFIRMED
12020376,109.43946,UNKNOWN
12021387,241.07074582,FALSE_POSITIVE
12021625,15.9314412,CONFIRMED
12021811,0.739404894,FALSE_POSITIVE
12021943,6.0962602,FALSE_POSITIVE
12022517,3.442714533,FALSE_POSITIVE
12022718,4.627775175,FALSE_POSITIVE
12023078,0.623441939,FALSE_POSITIVE
12023089,0.623441636,FALSE_POSITIVE
12024120,3.568099612,CONFIRMED
120247528,3.5544026,UNKNOWN
120255950,31.5786847,UNKNOWN
120269103,20.4276727,UNKNOWN
120313529,3.5689392,UNKNOWN
120317234,6.8834027,UNKNOWN
12036590,5.73436,UNKNOWN
120487017,8.2158997,UNKNOWN
120523488,3.439221,UNKNOWN
12053823,28.7850347,FALSE_POSITIVE
120540061,1.522851,UNKNOWN
12055539,12.27057043,CONFIRMED
12056139,13.2274753,CONFIRMED
12058147,1.54320541,CONFIRMED
12058204,5.53533152,CONFIRMED
120585579,6.340315,UNKNOWN
12058931,20.68420772,CONFIRMED
120602501,14.8626982,UNKNOWN
120610833,3.1260751,UNKNOWN
12061096,15.05028313,FALSE_POSITIVE
12061222,17.20522898,CONFIRMED
12061238,1.876406096,FALSE_POSITIVE
12061969,1.090011003,CONFIRMED
12061971,13.7333847,UNKNOWN
12062660,2.929299629,FALSE_POSITIVE
12062667,2.92928244,FALSE_POSITIVE
12066335,19.27153892,CONFIRMED
12066569,49.2768448,CONFIRMED
12066767,194.25835342,UNKNOWN
12067960,5.60682001,UNKNOWN
12068975,10.34973276,CONFIRMED
120692092,3.4130781,UNKNOWN
12069319,231.157554,FALSE_POSITIVE
12069414,0.589458602,FALSE_POSITIVE
12070811,12.3935651,CONFIRMED
12071006,6.096030635,FALSE_POSITIVE
12071037,6.0959841,FALSE_POSITIVE
12071754,5.47455167,UNKNOWN
12071775,164.507439,UNKNOWN
120723776,2.8831285,UNKNOWN
12072872,2.46288834,UNKNOWN
120737368,3.1924816,UNKNOWN
120757718,3.0300715,UNKNOWN
120826158,5.1830043,UNKNOWN
120896927,4.7559737,UNKNOWN
12090836,3.1969894,UNKNOWN
120916706,0.5568095,UNKNOWN
120960812,12.72038,UNKNOWN
12102775,370.84786,UNKNOWN
12105051,2.624234833,UNKNOWN
12105086,73.908995,UNKNOWN
12105785,31.953038766,FALSE_POSITIVE
12106875,5.9371708,FALSE_POSITIVE
12106929,5.93720557,FALSE_POSITIVE
12106934,5.93717724,FALSE_POSITIVE
12107008,5.93725628,FALSE_POSITIVE
12107021,5.93719982,FALSE_POSITIVE
121070864,0.5843146,UNKNOWN
12108293,0.705455349,FALSE_POSITIVE
12108312,0.70544824,FALSE_POSITIVE
12108364,0.70544189,FALSE_POSITIVE
12109267,79.334347,UNKNOWN
12109845,0.865959015,FALSE_POSITIVE
12110786,1.112207126,FALSE_POSITIVE
12110901,96.32561456,UNKNOWN
12110942,3.689920099,CONFIRMED
12115188,0.495434094,FALSE_POSITIVE
12116380,4.3394569,CONFIRMED
12116489,25.30291816,CONFIRMED
12117215,272.54288087,FALSE_POSITIVE
121194926,2.0694143,UNKNOWN
12120307,8.00504749,CONFIRMED
12120484,17.2922631,CONFIRMED
12120943,8.98128472,UNKNOWN
12121118,495.06538,FALSE_POSITIVE
12121470,1.877350712,FALSE_POSITIVE
12121570,91.500873,CONFIRMED
12121701,212.646179,UNKNOWN
121338379,0.2750478,UNKNOWN
121341000,22.1441161,UNKNOWN
121490076,14.2456603,UNKNOWN
12154526,56.1886436,CONFIRMED
121560868,7.5837846,UNKNOWN
12156174,56.6746666,CONFIRMED
12156347,5.77957133,CONFIRMED
12156805,371.54879,FALSE_POSITIVE
12156930,71.10684,UNKNOWN
12157983,0.577844035,FALSE_POSITIVE
12159249,3.74443645,CONFIRMED
121625070,2.1271199,UNKNOWN
12164564,3.35184041,CONFIRMED
12164634,89.3313828,FALSE_POSITIVE
12164751,2.630090609,FALSE_POSITIVE
12164770,2.63009438,FALSE_POSITIVE
12165063,226.499243,FALSE_POSITIVE
121660904,4.8854844,UNKNOWN
12167361,47.93094546,FALSE_POSITIVE
12168280,229.957537,UNKNOWN
12168895,251.48808,UNKNOWN
12168993,4.21223579,UNKNOWN
12170648,0.299697755,FALSE_POSITIVE
12170767,32.4185265,UNKNOWN
121731834,5.8599392,UNKNOWN
121966220,6.7171913,UNKNOWN
121990418,2.3475051,UNKNOWN
12204137,9.54060855,UNKNOWN
12206313,14.3832267,CONFIRMED
12207117,1.6031794,FALSE_POSITIVE
12208631,53.3580444,UNKNOWN
12208887,53.501860974,FALSE_POSITIVE
12216278,2.01948607,FALSE_POSITIVE
12216706,1.471060209,FALSE_POSITIVE
12217907,43.204596783,FALSE_POSITIVE
122220263,18.6922101,UNKNOWN
122262940,2.0034063,UNKNOWN
122375047,9.2866733,UNKNOWN
122418622,3.052529,UNKNOWN
122441491,3.7970076,UNKNOWN
122485078,9.1505,UNKNOWN
12251650,17.761998411,UNKNOWN
12251779,14.844240386,FALSE_POSITIVE
12252424,8.925079516,CONFIRMED
12252732,595.78152,FALSE_POSITIVE
12253474,6.422943288,UNKNOWN
12253490,19.159760875,UNKNOWN
12253534,466.08101,FALSE_POSITIVE
12253769,20.5512722,UNKNOWN
12254378,2.032319072,CONFIRMED
12254688,62.6825769,UNKNOWN
12254792,40.4286676,CONFIRMED
12254909,5.349791,CONFIRMED
12255382,0.499664962,FALSE_POSITIVE
12256520,33.2407985,CONFIRMED
12257851,2.61594288,FALSE_POSITIVE
12257886,2.61585431,FALSE_POSITIVE
12257999,18.55581565,UNKNOWN
122596693,3.5256535,UNKNOWN
122612091,2.21674,UNKNOWN
122613513,11.4707838,UNKNOWN
122617317,15.0700779,UNKNOWN
122629761,8.2125318,UNKNOWN
12265150,1.686009643,FALSE_POSITIVE
12265786,0.597018404,UNKNOWN
12266099,77.177672,UNKNOWN
12266636,33.3856176,CONFIRMED
12268220,4.42158021,FALSE_POSITIVE
122695048,4.8404431,UNKNOWN
122706449,2.6068332,UNKNOWN
122785299,8.8849511,UNKNOWN
122798633,4.2240015,UNKNOWN
122881136,5.1941869,UNKNOWN
122981686,2.9896663,UNKNOWN
12300524,32.033211,UNKNOWN
123007594,3.3687307,UNKNOWN
12301181,6.14728341,CONFIRMED
12302391,25.321698729,FALSE_POSITIVE
12302530,5.931196562,CONFIRMED
123041007,0.4305826,UNKNOWN
12304202,0.66573903,FALSE_POSITIVE
12304728,3.14735789,UNKNOWN
12306058,7.41683033,CONFIRMED
12306699,3.204222652,FALSE_POSITIVE
12306808,7.334073405,FALSE_POSITIVE
12307496,0.805941833,UNKNOWN
123106490,3.3004862,UNKNOWN
123133954,4.064628,UNKNOWN
12314973,28.45489091,CONFIRMED
12316431,17.90766147,FALSE_POSITIVE
12316447,17.907664726,FALSE_POSITIVE
123233041,3.5224751,UNKNOWN
123234747,16.3425332,UNKNOWN
123309556,2.5080815,UNKNOWN
123357034,3.2724973,UNKNOWN
123357864,16.1455898,UNKNOWN
123462119,1.9275568,UNKNOWN
1234810324,1.830108,UNKNOWN
123482865,6.5562078,UNKNOWN
12349560,43.3975622,UNKNOWN
123495874,7.8914271,UNKNOWN
12350136,478.79185021,UNKNOWN
12351927,10.116144515,FALSE_POSITIVE
12352520,4.5770016,CONFIRMED
12353633,0.684496369,FALSE_POSITIVE
12353720,1.953285321,FALSE_POSITIVE
12356617,988.8811177,CONFIRMED
12356746,0.502454299,FALSE_POSITIVE
12356914,27.308150159,FALSE_POSITIVE
123627908,5.9016526,UNKNOWN
12365000,1.262742487,FALSE_POSITIVE
12365015,0.59586463,FALSE_POSITIVE
12365184,69.72646639,CONFIRMED
12366084,4.431238488,CONFIRMED
123664207,,UNKNOWN
12366681,13.33386985,FALSE_POSITIVE
12367017,1.222127938,FALSE_POSITIVE
12367310,8.627475562,FALSE_POSITIVE
12367464,1.853209359,FALSE_POSITIVE
123702439,8.5334865,UNKNOWN
123846039,10.0577297,UNKNOWN
123898871,4.9091704,UNKNOWN
123958679,5.6148305,UNKNOWN
12400538,150.2412582,CONFIRMED
12401132,7.630545,FALSE_POSITIVE
12401859,22.8631517,UNKNOWN
12401863,2.832647249,CONFIRMED
12402588,97.942437,UNKNOWN
124029677,20.9108406,UNKNOWN
12403119,76.13622222,CONFIRMED
12403968,0.589753355,FALSE_POSITIVE
12404086,26.39432897,CONFIRMED
12404305,22.18332255,CONFIRMED
12404954,3.247548814,CONFIRMED
12405333,0.764863517,CONFIRMED
12405436,163.820347,FALSE_POSITIVE
12405950,3.539631353,FALSE_POSITIVE
12406749,56.3587987,CONFIRMED
12406807,17.067644,CONFIRMED
12407623,1.181165291,FALSE_POSITIVE
124095888,1.1258127,UNKNOWN
124128680,1.0370296,UNKNOWN
124146529,6.900352,UNKNOWN
12416597,12.460565,UNKNOWN
12416661,8.05337912,CONFIRMED
12416987,119.0833042,UNKNOWN
124174267,4.7343852,UNKNOWN
12417486,155.042265,UNKNOWN
12417572,151.577009,FALSE_POSITIVE
124183167,2.2807843,UNKNOWN
12418418,493.30572,UNKNOWN
12418662,2.751566365,FALSE_POSITIVE
12418724,20.55331441,CONFIRMED
12418816,0.760935268,FALSE_POSITIVE
12418891,0.760941405,FALSE_POSITIVE
12419303,0.608074963,FALSE_POSITIVE
124206468,7.0924883,UNKNOWN
12421862,10.2152025,UNKNOWN
124235800,2.7652293,UNKNOWN
12423815,2.8392793,UNKNOWN
124322274,3.7810832,UNKNOWN
124379043,1.962292,UNKNOWN
124453339,1.485163,UNKNOWN
124454726,5.3332571,UNKNOWN
124491883,2.3933087,UNKNOWN
124515764,1.2709769,UNKNOWN
12453581,11.94019101,CONFIRMED
12453855,0.559643825,FALSE_POSITIVE
124543547,,UNKNOWN
12454461,7.46718958,CONFIRMED
12454800,23.3787733,UNKNOWN
12456063,17.8007815,UNKNOWN
12456601,15.64588656,CONFIRMED
124573851,3.9451359,UNKNOWN
124573902,0.3328569,UNKNOWN
12458605,7.7859111,UNKNOWN
12458817,15.09984259,UNKNOWN
12459725,14.1798187,FALSE_POSITIVE
12459731,14.180228311,FALSE_POSITIVE
12459808,0.502446098,FALSE_POSITIVE
12459913,12.91385906,CONFIRMED
124617560,3.6462287,UNKNOWN
12469800,1.302017467,CONFIRMED
12470041,14.66769462,FALSE_POSITIVE
124702477,0.7951534,UNKNOWN
12470530,8.207257515,FALSE_POSITIVE
12470844,8.47237911,CONFIRMED
12470954,1.902208647,CONFIRMED
124709665,1.8675574,UNKNOWN
124778445,1.6751568,UNKNOWN
124895104,1.7024504,UNKNOWN
12504353,498.68845,FALSE_POSITIVE
12504988,5.093938816,FALSE_POSITIVE
12505076,11.92979348,CONFIRMED
12505503,3.4327371,CONFIRMED
12505590,449.87203,UNKNOWN
12505654,5.186737262,CONFIRMED
12506342,1.22775105,FALSE_POSITIVE
12506351,1.22775877,FALSE_POSITIVE
12506417,283.72675,FALSE_POSITIVE
12506770,2.806243488,CONFIRMED
12506986,419.93373,UNKNOWN
12508335,42.94386258,FALSE_POSITIVE
12509829,0.888478095,UNKNOWN
12519942,15.3416245,UNKNOWN
125260728,5.3603536,UNKNOWN
125366299,2.8583729,UNKNOWN
125367522,4.6474314,UNKNOWN
125405602,13.823303,UNKNOWN
125424836,3.2806578,UNKNOWN
125442121,3.0197807,UNKNOWN
125489084,5.7419523,UNKNOWN
125520907,14.5478626,UNKNOWN
12554051,365.709623,FALSE_POSITIVE
12554212,4.76815507,UNKNOWN
12554485,495.662346,UNKNOWN
12554634,2.049602348,UNKNOWN
12555140,655.25732,FALSE_POSITIVE
125552076,2.0436029,UNKNOWN
12555616,21.980467,UNKNOWN
125563127,9.9872075,UNKNOWN
12557548,0.65355361,CONFIRMED
12557713,7.214721393,FALSE_POSITIVE
125695940,3.8789319,UNKNOWN
125735470,4.7126743,UNKNOWN
125739286,4.5111234,UNKNOWN
125744840,0.6439909,UNKNOWN
125894957,2.67425,UNKNOWN
12600735,21.30020491,CONFIRMED
12602314,1.407020118,UNKNOWN
1260235,7.6945481,UNKNOWN
12602568,8.04727721,CONFIRMED
12602999,8.2766028,UNKNOWN
12611594,1.9155258,UNKNOWN
126125073,3.6387748,UNKNOWN
126171392,0.7835688,UNKNOWN
126225595,4.4836616,UNKNOWN
126322519,11.6260799,UNKNOWN
126325149,3.4952497,UNKNOWN
126325985,3.312816,UNKNOWN
126357909,1.2247985,UNKNOWN
12643582,44.14579777,FALSE_POSITIVE
12643589,44.14599042,FALSE_POSITIVE
12644020,234.524445,FALSE_POSITIVE
12644769,41.077590334,FALSE_POSITIVE
12644774,41.0772969,FALSE_POSITIVE
12644822,12.611904345,CONFIRMED
12645057,6.83006228,UNKNOWN
12645262,545.45623972,FALSE_POSITIVE
12645761,2.709570339,FALSE_POSITIVE
12647110,462.463589,FALSE_POSITIVE
12647577,12.6362048,UNKNOWN
12647757,490.63941,UNKNOWN
126572546,2.3018922,UNKNOWN
126606859,1.1589013,UNKNOWN
126733133,1.4687098,UNKNOWN
126737992,1.5954319,UNKNOWN
126772538,1.4700596,UNKNOWN
126797048,,UNKNOWN
126864892,2.3485025,UNKNOWN
12690465,49.49059818,UNKNOWN
12691412,6.90522317,FALSE_POSITIVE
126982221,2.4704071,UNKNOWN
126982911,2.9944742,UNKNOWN
127012328,5.6984189,UNKNOWN
1271152446,7.2089041,UNKNOWN
127115861,0.9990876,UNKNOWN
127226712,0.8045139,UNKNOWN
127229631,5.8936518,UNKNOWN
127315102,10.8458712,UNKNOWN
127328218,2.9628955,UNKNOWN
12734110,364.18129,UNKNOWN
12734396,200.721168,UNKNOWN
12735740,282.5253558,CONFIRMED
12735793,37.7935113,UNKNOWN
12735830,31.827649,CONFIRMED
12736658,0.855294909,FALSE_POSITIVE
12737015,24.6683831,UNKNOWN
127425841,1.5166573,UNKNOWN
127426341,7.899462,UNKNOWN
127476180,1.6038093,UNKNOWN
127505658,760.0530038,UNKNOWN
127530399,7.1335149,UNKNOWN
127793615,9.27898,UNKNOWN
12784167,1.847892736,CONFIRMED
12785320,19.96367208,CONFIRMED
127895118,3.2970252,UNKNOWN
127957099,5.8095099,UNKNOWN
128127712,1.9401022,UNKNOWN
128135100,2.2087864,UNKNOWN
128168083,3.9072366,UNKNOWN
12833566,0.537839241,FALSE_POSITIVE
12834874,7.65880048,CONFIRMED
12835139,350.609298,FALSE_POSITIVE
128449971,12.7060866,UNKNOWN
128463355,13.9086,UNKNOWN
128501004,0.78999,UNKNOWN
128531633,8.2197647,UNKNOWN
128558444,1.5500607,UNKNOWN
12862099,2.4238226,UNKNOWN
128790976,3.5187707,UNKNOWN
12885212,2.057499811,FALSE_POSITIVE
129004637,7.1603723,UNKNOWN
129107501,3.6534344,UNKNOWN
129108133,4.9564809,UNKNOWN
129198098,2.980341,UNKNOWN
1293031,0.53936593,FALSE_POSITIVE
1293046,36.2671673,FALSE_POSITIVE
129319156,4.73703,UNKNOWN
1293379,27.556452,UNKNOWN
12935144,1.099291188,FALSE_POSITIVE
129372561,10.7189647,UNKNOWN
12938488,0.4317124,UNKNOWN
129432342,1.79217,UNKNOWN
129458276,6.1030299,UNKNOWN
129539786,2.0881134,UNKNOWN
129637892,5.4499753,UNKNOWN
129711632,1.1602698,UNKNOWN
1297263,153.521361,FALSE_POSITIVE
129756316,6.5234669,UNKNOWN
12980264,3.2964006,UNKNOWN
129839175,0.6461571,UNKNOWN
129881395,3.3630421,UNKNOWN
129890791,7.0857491,UNKNOWN
129979528,1.2198382,UNKNOWN
129991079,6.15952,UNKNOWN
12999193,1.4826121,UNKNOWN
130087198,3.1733972,UNKNOWN
130181866,7.107934,UNKNOWN
130191319,1.6117444,UNKNOWN
13021029,3.85589,UNKNOWN
13023378,6.0672187,UNKNOWN
13023738,8.0635,UNKNOWN
130295375,5.0145963,UNKNOWN
130349701,2.8798613,UNKNOWN
13036318,3.1467998,UNKNOWN
130415266,39.4718663,UNKNOWN
130611752,0.4405893,UNKNOWN
130633912,5.2913602,UNKNOWN
130797885,4.7260751,UNKNOWN
130924120,17.4682298,UNKNOWN
130948731,13.3454771,UNKNOWN
130958848,14.2391963,UNKNOWN
130981260,3.6928289,UNKNOWN
131025778,2.6543295,UNKNOWN
131034657,5.3374045,UNKNOWN
131036011,11.0701242,UNKNOWN
131081852,13.2735914,UNKNOWN
131195882,0.9097915,UNKNOWN
131250246,2.3506831,UNKNOWN
131312528,17.0116833,UNKNOWN
131347421,2.6156239,UNKNOWN
131348451,9.7355768,UNKNOWN
131419624,7.2611991,UNKNOWN
131419878,3.16043,UNKNOWN
131581522,3.059168,UNKNOWN
131581531,3.0591641,UNKNOWN
131730580,3.7493233,UNKNOWN
131743355,6.5604227,UNKNOWN
131979339,22.6384642,UNKNOWN
132313173,4.9873145,UNKNOWN
132314633,26.5988575,UNKNOWN
132320310,1.3955317,UNKNOWN
132534906,3.0617364,UNKNOWN
132611413,2.5245706,UNKNOWN
132766482,21.7456169,UNKNOWN
132963419,10.3069451,UNKNOWN
133107143,11.2205176,UNKNOWN
133129971,4.3437796,UNKNOWN
133331642,2.9346956,UNKNOWN
133334108,2.8579169,UNKNOWN
133427311,4.5654898,UNKNOWN
13349647,1.5373643,UNKNOWN
133505138,2.4360845,UNKNOWN
133512515,9.7929019,UNKNOWN
133654092,1.97353,UNKNOWN
133655284,2.6101478,UNKNOWN
133849258,9.148074,UNKNOWN
133850380,6.9153868,UNKNOWN
134183038,4.9182798,UNKNOWN
13419950,7.3166682,UNKNOWN
134200185,0.5481573,UNKNOWN
134221850,7.5002702,UNKNOWN
13424053,5.2019364,UNKNOWN
134315574,1.5971584,UNKNOWN
134396419,4.3652608,UNKNOWN
134404603,4.9699991,UNKNOWN
134471108,5.3262922,UNKNOWN
134528212,1.604607,UNKNOWN
134537478,1.7100122,UNKNOWN
134551640,13.9311096,UNKNOWN
134596619,3.7235407,UNKNOWN
13499636,11.3246821,UNKNOWN
135036669,0.9112206,UNKNOWN
135083444,2.7917911,UNKNOWN
135100529,4.3415097,UNKNOWN
135267558,3.6479472,UNKNOWN
13533330,5.0778064,UNKNOWN
13574009,5.8311038,UNKNOWN
136122328,2.1083693,UNKNOWN
136274063,0.5971314,UNKNOWN
136504576,1.5252473,UNKNOWN
13684720,12.4379715,UNKNOWN
136848581,2.6400663,UNKNOWN
136916387,11.5778362,UNKNOWN
136971594,1.25562,UNKNOWN
136992839,17.7916498,UNKNOWN
136998882,3.3401814,UNKNOWN
137020480,3.4645195,UNKNOWN
137151335,4.7267257,UNKNOWN
137157546,3.6841446,UNKNOWN
137284119,2.5778717,UNKNOWN
13737885,4.4575332,UNKNOWN
137402055,1.9737719,UNKNOWN
137420801,1.9795413,UNKNOWN
137500798,13.2054538,UNKNOWN
137543637,1.2833113,UNKNOWN
137683938,3.2903136,UNKNOWN
137685450,,UNKNOWN
137843225,0.3576555,UNKNOWN
137881699,2.9720774,UNKNOWN
137899948,2.4552388,UNKNOWN
137903329,7.3405675,UNKNOWN
137906197,7.3377236,UNKNOWN
138017750,2.4727425,UNKNOWN
138126035,716.3497402,UNKNOWN
138168780,3.7649949,UNKNOWN
138225319,3.4747684,UNKNOWN
138294130,3.0565259,UNKNOWN
138329479,2.3745416,UNKNOWN
138344895,6.2663565,UNKNOWN
138359318,1.0186989,UNKNOWN
138361973,1.8824539,UNKNOWN
138364831,1.6255124,UNKNOWN
138475192,2.9594596,UNKNOWN
138497780,3.6754815,UNKNOWN
138588540,29.871853,UNKNOWN
138609069,4.6504794,UNKNOWN
138644215,1.5449334,UNKNOWN
138671052,2.2425137,UNKNOWN
138727432,6.8646554,UNKNOWN
138762614,16.7961107,UNKNOWN
138819293,2.6438856,UNKNOWN
138820713,1.9271225,UNKNOWN
13883872,13.4190972,UNKNOWN
138968089,0.6412558,UNKNOWN
138973825,2.1614819,UNKNOWN
139086171,4.8104679,UNKNOWN
139104940,3.003901,UNKNOWN
139118482,6.7136512,UNKNOWN
139148528,8.2861614,UNKNOWN
139158696,15.3573522,UNKNOWN
139198430,15.3617729,UNKNOWN
139251123,10.7668398,UNKNOWN
139285736,1.55028,UNKNOWN
139285832,0.77685,UNKNOWN
139314045,2.1978944,UNKNOWN
139350191,10.2887023,UNKNOWN
139357541,4.4781603,UNKNOWN
139375960,5.33155,UNKNOWN
139444326,3.5266608,UNKNOWN
139445453,4.3169755,UNKNOWN
139445621,6.409365,UNKNOWN
139507260,1.7556768,UNKNOWN
139528693,2.1751729,UNKNOWN
139550876,35.7861915,UNKNOWN
139559780,3.2637419,UNKNOWN
13961554,1.2678043,UNKNOWN
139707575,8.31001,UNKNOWN
139733308,4.7633952,UNKNOWN
139771134,0.9134495,UNKNOWN
139853601,0.6808702,UNKNOWN
139877968,18.6224802,UNKNOWN
139879080,2.8625937,UNKNOWN
140019355,6.3350651,UNKNOWN
1400212743,5.24612,UNKNOWN
140067837,6.6314357,UNKNOWN
140068425,2.2813432,UNKNOWN
1400770435,13.7432169,UNKNOWN
140190514,6.4287928,UNKNOWN
140284353,0.5566811,UNKNOWN
140287227,5.4139736,UNKNOWN
14029793,0.2097217,UNKNOWN
1405997635,1.8697825,UNKNOWN
140687214,0.8303285,UNKNOWN
140691463,2.0845434,UNKNOWN
140706664,3.28892,UNKNOWN
140706833,2.6808268,UNKNOWN
140740440,3.7521603,UNKNOWN
140760434,31.8132264,UNKNOWN
140830390,12.8379689,UNKNOWN
140893722,13.9223368,UNKNOWN
14091633,5.5292743,UNKNOWN
14091704,0.7649571,UNKNOWN
140938327,6.5462823,UNKNOWN
141074654,12.5383316,UNKNOWN
141141249,1.7701321,UNKNOWN
141186075,32.696666,UNKNOWN
141202786,2.1808015,UNKNOWN
141205978,1.5574603,UNKNOWN
141227133,2.42232,UNKNOWN
141275395,0.8377576,UNKNOWN
141279435,40.8216519,UNKNOWN
141363913,3.477756,UNKNOWN
141395223,3.7442969,UNKNOWN
141405814,1.1355457,UNKNOWN
141412823,21.7004042,UNKNOWN
141458054,1.364829,UNKNOWN
141482386,18.0157,UNKNOWN
141488193,56.4043748,UNKNOWN
141522677,,UNKNOWN
141524447,33.0179222,UNKNOWN
141527579,15.0867738,UNKNOWN
141527965,4.5541831,UNKNOWN
14156936,4.9393117,UNKNOWN
141574742,3.3080662,UNKNOWN
141608198,9.0105414,UNKNOWN
141616639,3.2428744,UNKNOWN
141631253,1.6709011,UNKNOWN
14165625,11.020153,UNKNOWN
141663460,1.76442,UNKNOWN
141663464,1.76447,UNKNOWN
141677268,22.43341,UNKNOWN
141762491,8.9109435,UNKNOWN
141768070,2.7863813,UNKNOWN
141770198,522.6272677,UNKNOWN
141776043,4.06269,UNKNOWN
141933255,3.356169,UNKNOWN
141985686,3.1291319,UNKNOWN
142019343,4.4719937,UNKNOWN
14203588,5.5334128,UNKNOWN
142053623,6.5570788,UNKNOWN
142087638,20.362741,UNKNOWN
142090065,2.8269356,UNKNOWN
142105158,2.9360281,UNKNOWN
142117976,46.5710978,UNKNOWN
142171554,4.5127799,UNKNOWN
142211778,3.052057,UNKNOWN
142276270,12.5187279,UNKNOWN
142277868,18.9926881,UNKNOWN
142378043,1.8359766,UNKNOWN
142381532,38.8135498,UNKNOWN
142385671,12.7617794,UNKNOWN
142387023,22.8085719,UNKNOWN
142394656,8.157721,UNKNOWN
142405475,2.0083269,UNKNOWN
142420436,3.8801586,UNKNOWN
142530031,10.8910909,UNKNOWN
142532090,9.3202467,UNKNOWN
142562395,3.2693612,UNKNOWN
142618165,5.6922342,UNKNOWN
142628514,2.6269521,UNKNOWN
142635225,16.1020097,UNKNOWN
142711195,10.449811,UNKNOWN
142739544,3.383466,UNKNOWN
142748283,3.1190716,UNKNOWN
142757891,2.3428516,UNKNOWN
142784687,3.1711207,UNKNOWN
142785421,16.2601049,UNKNOWN
142868621,18.685862,UNKNOWN
142908390,6.7392054,UNKNOWN
142914189,7.6324317,UNKNOWN
142916753,5.1491091,UNKNOWN
142918609,14.5378,UNKNOWN
142937186,1.30613,UNKNOWN
142938659,1.0049552,UNKNOWN
1429589,38.168652,UNKNOWN
143008050,14.4832964,UNKNOWN
143009290,2.7240303,UNKNOWN
143022742,14.6762658,UNKNOWN
1430305,359.3259,FALSE_POSITIVE
143032776,12.4856615,UNKNOWN
143059017,1.2655205,UNKNOWN
143072696,5.8679992,UNKNOWN
1431122,4.2989201,UNKNOWN
143143769,1.3372349,UNKNOWN
143168991,19.5099226,UNKNOWN
1432214,161.78832712,FALSE_POSITIVE
143257766,1.66226,UNKNOWN
143257768,1.6622263,UNKNOWN
143271144,1.3534084,UNKNOWN
1432789,9.93146307,CONFIRMED
143282930,1.5339665,UNKNOWN
143350972,1.0817,UNKNOWN
1433531,567.71329,FALSE_POSITIVE
14336130,8.082354,UNKNOWN
1433962,1.592633181,FALSE_POSITIVE
1433980,1.592634161,FALSE_POSITIVE
143410850,4.98668,UNKNOWN
1434395,2.2227289,FALSE_POSITIVE
14344979,4.1117731,UNKNOWN
143526233,6.9615164,UNKNOWN
143526444,15.3050693,UNKNOWN
143642240,,UNKNOWN
143687316,3.5411235,UNKNOWN
143724857,4.4722598,UNKNOWN
143842198,2.067123,UNKNOWN
143934343,2.1642912,UNKNOWN
143994283,1.90879,UNKNOWN
143994382,4.5425274,UNKNOWN
144000801,1.3103832,UNKNOWN
144006874,2.3673691,UNKNOWN
144037593,4.160454,UNKNOWN
144043410,6.2636501,UNKNOWN
144065872,2.1846669,UNKNOWN
144077896,2.7543175,UNKNOWN
144124187,7.8686762,UNKNOWN
144125079,3.6257584,UNKNOWN
144138509,,UNKNOWN
144155193,4.728422,UNKNOWN
144193715,9.1512776,UNKNOWN
144276942,1.5351652,UNKNOWN
144297844,3.4978002,UNKNOWN
144301052,3.7440143,UNKNOWN
144301273,2.7509863,UNKNOWN
144310492,4.1225477,UNKNOWN
144321743,729.9391752,UNKNOWN
144327080,23.2490769,UNKNOWN
144336525,0.247325,UNKNOWN
14435301,13.2272686,UNKNOWN
144401492,12.8858629,UNKNOWN
14440334,2.0760349,UNKNOWN
144440290,,UNKNOWN
144441148,5.8182239,UNKNOWN
144467913,2.9526508,UNKNOWN
144486060,1.4798437,UNKNOWN
144628120,3.2379325,UNKNOWN
144645881,8.9021443,UNKNOWN
144682439,0.765415,UNKNOWN
144700903,2.32664,UNKNOWN
144956678,1.5136003,UNKNOWN
1449640,3.5018023,UNKNOWN
144970275,2.5313424,UNKNOWN
1449756,11.3543085,UNKNOWN
145023816,2.8389301,UNKNOWN
145027461,1.07242,UNKNOWN
145038729,2.6085023,UNKNOWN
145163386,3.8074213,UNKNOWN
145204443,4.7190303,UNKNOWN
145249556,3.4192373,UNKNOWN
145368316,1.6096874,UNKNOWN
14570099,26.1944549,UNKNOWN
14570132,3.2092033,UNKNOWN
145750719,3.5608112,UNKNOWN
145804834,3.5911377,UNKNOWN
145879095,2.8056739,UNKNOWN
145904365,7.9969538,UNKNOWN
145910571,2.3626917,UNKNOWN
145982812,0.82967,UNKNOWN
14614418,0.8378453,UNKNOWN
146165619,1.6766686,UNKNOWN
146172354,3.7795212,UNKNOWN
146208651,6.5197781,UNKNOWN
146244533,8.8088443,UNKNOWN
146261607,8.4915117,UNKNOWN
146282666,722.2619756,UNKNOWN
146364192,2.3691651,UNKNOWN
146406806,13.9492617,UNKNOWN
146413471,22.5012924,UNKNOWN
146434840,17.95473,UNKNOWN
146438872,12.7009,UNKNOWN
146463781,0.417921,UNKNOWN
146467673,1.6375324,UNKNOWN
146467675,1.6375303,UNKNOWN
146520535,4.32765,UNKNOWN
146523262,3.759205,UNKNOWN
146589986,5.6643704,UNKNOWN
14661418,4.722816,UNKNOWN
146664561,2.7302636,UNKNOWN
146776480,20.6006151,UNKNOWN
146836153,2.3252878,UNKNOWN
146841337,4.2672965,UNKNOWN
146842334,4.5016988,UNKNOWN
146846569,4.7535388,UNKNOWN
147034452,4.5302876,UNKNOWN
14709225,5.7655904,UNKNOWN
147092818,3.8769776,UNKNOWN
147125706,3.4813976,UNKNOWN
14715294,5.5167527,UNKNOWN
147193084,731.3548427,UNKNOWN
147203645,5.0611315,UNKNOWN
147284470,2.9905745,UNKNOWN
147302550,11.1878978,UNKNOWN
147340931,4.31224,UNKNOWN
147425389,3.1856867,UNKNOWN
147430118,1.6951056,UNKNOWN
147437399,1.5622382,UNKNOWN
147456499,1.2558789,UNKNOWN
147561732,,UNKNOWN
147576037,13.0727479,UNKNOWN
147660201,0.579398,UNKNOWN
147660886,17.3057923,UNKNOWN
14770122,3.5438732,UNKNOWN
147723246,6.6819653,UNKNOWN
147761049,4.7155974,UNKNOWN
147797743,3.691559,UNKNOWN
147804034,7.7538288,UNKNOWN
147821208,9.5315703,UNKNOWN
147857396,9.3803217,UNKNOWN
147890655,1.2220437,UNKNOWN
147892178,24.6951647,UNKNOWN
147895461,0.5919629,UNKNOWN
147923561,6.2822993,UNKNOWN
147950620,2.3106428,UNKNOWN
147951030,8.8128067,UNKNOWN
147977348,5.0037758,UNKNOWN
147994863,15.9544918,UNKNOWN
148004811,3.3187528,UNKNOWN
148106497,10.1083877,UNKNOWN
148129139,8.6000244,UNKNOWN
148228019,18.0892103,UNKNOWN
148233571,0.9422588,UNKNOWN
148273668,13.1852332,UNKNOWN
148322608,7.3364117,UNKNOWN
148478039,10.6006859,UNKNOWN
148479278,0.523613,UNKNOWN
148497855,3.2783445,UNKNOWN
148514918,6.0602101,UNKNOWN
148523092,2.8562935,UNKNOWN
148659924,7.3816254,UNKNOWN
148667071,1.161347,UNKNOWN
148673433,3.7711066,UNKNOWN
148679712,4.9246365,UNKNOWN
148691985,1.2864856,UNKNOWN
148772620,3.9417247,UNKNOWN
148782377,14.4204896,UNKNOWN
148833828,2.9034242,UNKNOWN
148883384,2.0988541,UNKNOWN
148914726,1.2615323,UNKNOWN
148960849,4.172202,UNKNOWN
149010208,3.4373093,UNKNOWN
149022647,1.8528946,UNKNOWN
149109125,9.1717558,UNKNOWN
149126400,1.2253159,UNKNOWN
149179763,25.0709977,UNKNOWN
149282072,3.7006742,UNKNOWN
149301575,183.458919,UNKNOWN
149302744,14.8011934,UNKNOWN
149349867,5.9123675,UNKNOWN
149389419,579.6472035,UNKNOWN
149394317,0.9270535,UNKNOWN
149450435,42.7305626,UNKNOWN
149496868,3.4355113,UNKNOWN
149539158,2.2338786,UNKNOWN
14956304,0.9965843,UNKNOWN
149572298,13.3572104,UNKNOWN
149577217,7.39143,UNKNOWN
149585119,2.6492703,UNKNOWN
149601126,23.3418536,UNKNOWN
149601557,29.0161646,UNKNOWN
149603524,4.4119378,UNKNOWN
149745822,4.7114264,UNKNOWN
149788158,4.7244442,UNKNOWN
149833117,4.052389,UNKNOWN
149845414,7.9940367,UNKNOWN
149855074,3.1116107,UNKNOWN
149917086,11.0783748,UNKNOWN
149918151,1.540776,UNKNOWN
149969625,14.0666014,UNKNOWN
149989864,761.7092276,UNKNOWN
149990841,4.4531846,UNKNOWN
149995163,4.8709815,UNKNOWN
150006846,9.6995203,UNKNOWN
150030205,4.5117221,UNKNOWN
150063444,1.3939452,UNKNOWN
150074121,1.2222265,UNKNOWN
150096001,11.0248821,UNKNOWN
150098860,10.6953083,UNKNOWN
150151262,9.531366,UNKNOWN
150167117,20.0272717,UNKNOWN
150247134,12.8650769,UNKNOWN
150271680,2.593694,UNKNOWN
150271800,11.4031046,UNKNOWN
150299840,19.4723789,UNKNOWN
150320610,2.1476974,UNKNOWN
150388393,6.5846694,UNKNOWN
150424946,7.0628019,UNKNOWN
150428135,16.051106,UNKNOWN
150428703,13.896396,UNKNOWN
150429313,11.0462788,UNKNOWN
150430484,5.1543265,UNKNOWN
150437346,1.3926549,UNKNOWN
150470555,3.0199448,UNKNOWN
150476057,5.0859973,UNKNOWN
150531994,2.7702532,UNKNOWN
150559728,5.495078,UNKNOWN
150761163,3.4138019,UNKNOWN
150901009,,UNKNOWN
150902766,7.8209807,UNKNOWN
150907983,9.4321076,UNKNOWN
151284882,3.817421,UNKNOWN
151483286,4.0397189,UNKNOWN
151681127,10.1970284,UNKNOWN
151724385,6.1406207,UNKNOWN
151728428,3.9997367,UNKNOWN
151759246,2.6282606,UNKNOWN
151760597,3.9859545,UNKNOWN
151825527,3.6335834,UNKNOWN
151920165,3.4671474,UNKNOWN
151930063,5.2201338,UNKNOWN
151959065,10.5426254,UNKNOWN
152005053,1.3847905,UNKNOWN
152147232,4.2135662,UNKNOWN
152245179,3.7899018,UNKNOWN
152326573,6.1458884,UNKNOWN
152467154,7.1878971,UNKNOWN
15247229,8.5112,UNKNOWN
152476657,3.6112621,UNKNOWN
152477897,3.3843865,UNKNOWN
1525480,5.5094951,UNKNOWN
152563846,16.5414219,UNKNOWN
152569268,1.0542548,UNKNOWN
152685831,3.4714171,UNKNOWN
152714791,1.27349,UNKNOWN
152800085,4.26991,UNKNOWN
152852327,9.1720535,UNKNOWN
1528696,0.8820624,UNKNOWN
153027658,2.3374921,UNKNOWN
153065527,13.1757294,UNKNOWN
153077621,18.0826084,UNKNOWN
153078576,2.7029187,UNKNOWN
153197346,2.642447,UNKNOWN
153412485,1.3832999,UNKNOWN
153651591,2.1456324,UNKNOWN
153696322,0.7014613,UNKNOWN
153723304,4.0519584,UNKNOWN
153725446,0.708548,UNKNOWN
153896150,2.787945,UNKNOWN
153937417,4.1596197,UNKNOWN
153949511,,UNKNOWN
153951307,3.2947689,UNKNOWN
153971295,13.7036806,UNKNOWN
153976959,0.6858178,UNKNOWN
153978165,6.0835972,UNKNOWN
154014059,8.3221959,UNKNOWN
154067753,11.6515287,UNKNOWN
154089169,8.9534775,UNKNOWN
154105890,5.5822739,UNKNOWN
154126149,3.8951475,UNKNOWN
154181821,7.6607094,UNKNOWN
154220877,2.0034478,UNKNOWN
154258295,1.0034686,UNKNOWN
154264903,3.0825102,UNKNOWN
154293917,6.6080989,UNKNOWN
154304816,3.8528933,UNKNOWN
154351773,3.9089363,UNKNOWN
154353849,3.1643744,UNKNOWN
154383539,0.8675883,UNKNOWN
154400369,3.8861815,UNKNOWN
154437244,6.8669657,UNKNOWN
15445551,1.6827917,UNKNOWN
154459165,3.1471655,UNKNOWN
154474036,8.6239097,UNKNOWN
154480367,3.8037696,UNKNOWN
154563411,13.4659853,UNKNOWN
154568734,,UNKNOWN
154576989,13.1471808,UNKNOWN
15460993,2.2020405,UNKNOWN
154616309,3.6250244,UNKNOWN
154618248,8.7709021,UNKNOWN
154716798,12.6396982,UNKNOWN
154741689,9.2786686,UNKNOWN
154762431,3.1728284,UNKNOWN
154796579,7.4647583,UNKNOWN
154814765,26.1442304,UNKNOWN
154840461,6.0360758,UNKNOWN
154867950,0.6664948,UNKNOWN
154869806,27.6174987,UNKNOWN
154872375,8.0277326,UNKNOWN
154923406,25.9213509,UNKNOWN
154926644,2.7897577,UNKNOWN
154927364,6.9744232,UNKNOWN
154940895,13.4755461,UNKNOWN
155001079,1.3808138,UNKNOWN
155005217,7.6047417,UNKNOWN
155012162,18.9690014,UNKNOWN
155044736,1.3730466,UNKNOWN
155093420,1.6098954,UNKNOWN
155114483,5.2651271,UNKNOWN
1551345500,47.3860753,UNKNOWN
155258153,3.1989808,UNKNOWN
155351556,6.0985856,UNKNOWN
155369758,11.9285531,UNKNOWN
155419920,3.6470909,UNKNOWN
155491828,16.0475029,UNKNOWN
15565627,3.80509,UNKNOWN
155807906,0.4057204,UNKNOWN
155867025,2.1547472,UNKNOWN
155873992,4.9513106,UNKNOWN
155898758,4.0384773,UNKNOWN
155947004,9.4258906,UNKNOWN
155949264,0.7748443,UNKNOWN
155986102,6.87168,UNKNOWN
155993822,4.0944492,UNKNOWN
155995204,9.30734,UNKNOWN
156002449,5.2848691,UNKNOWN
156007004,1.7922888,UNKNOWN
156016136,3.4813814,UNKNOWN
156075294,5.7217124,UNKNOWN
156115721,2.5047918,UNKNOWN
156172268,4.6391531,UNKNOWN
156199502,15.9152686,UNKNOWN
156215204,2.4307782,UNKNOWN
156377968,4.5362433,UNKNOWN
156512187,20.3158735,UNKNOWN
156514476,14.4217699,UNKNOWN
15654898,3.7812464,UNKNOWN
156648452,3.4936188,UNKNOWN
156678143,7.2585779,UNKNOWN
156716001,10.2977881,UNKNOWN
156724719,10.9568722,UNKNOWN
156816238,2.1461672,UNKNOWN
15682927,0.9655766,UNKNOWN
156887426,1.4367914,UNKNOWN
15692883,5.147905,UNKNOWN
156949982,5.6392638,UNKNOWN
156987351,3.0629783,UNKNOWN
156990000,11.2473628,UNKNOWN
156991337,6.9055908,UNKNOWN
156999527,4.3930669,UNKNOWN
157011920,0.4777885,UNKNOWN
157050713,20.8380576,UNKNOWN
157081737,2.1613171,UNKNOWN
157088184,7.2654708,UNKNOWN
157115010,,UNKNOWN
157127081,2.7319222,UNKNOWN
1571511,14.022451457,FALSE_POSITIVE
157213708,4.0467915,UNKNOWN
157218656,2.8622679,UNKNOWN
157225097,2.5267353,UNKNOWN
157230659,7.5337657,UNKNOWN
157236902,,UNKNOWN
157266693,3.8537616,UNKNOWN
1572948,3.0031801,FALSE_POSITIVE
157528286,1.6562803,UNKNOWN
157568289,1.8361503,UNKNOWN
1575690,2.252417903,FALSE_POSITIVE
157572174,6.6269971,UNKNOWN
157586003,3.3326189,UNKNOWN
1575873,0.629001455,FALSE_POSITIVE
157655504,3.9589903,UNKNOWN
157667414,10.4834062,UNKNOWN
157698565,61.6277,UNKNOWN
157768969,5.7488832,UNKNOWN
157769780,2.1208156,UNKNOWN
157808355,5.3384038,UNKNOWN
158002130,9.6867516,UNKNOWN
158022899,3.8863969,UNKNOWN
158025009,1.0697621,UNKNOWN
158075010,177.5830512,UNKNOWN
158167408,5.2410659,UNKNOWN
158170594,1.7208555,UNKNOWN
158241252,1.8498567,UNKNOWN
15827263,3.9525732,UNKNOWN
158276040,45.9403293,UNKNOWN
158297421,3.9228016,UNKNOWN
158323182,15.1255732,UNKNOWN
158324245,1.7635881,UNKNOWN
158325942,2.612273,UNKNOWN
158381418,2.1449013,UNKNOWN
158388163,4.2253498,UNKNOWN
158497525,9.3517097,UNKNOWN
158551257,0.9023951,UNKNOWN
158552665,21.0685273,UNKNOWN
158555987,5.5460893,UNKNOWN
158561566,6.7900981,UNKNOWN
158588995,1.9771658,UNKNOWN
158617175,5.7158895,UNKNOWN
158623531,7.8728937,UNKNOWN
15863518,0.5572565,UNKNOWN
158657354,38.5835889,UNKNOWN
158657991,0.7406805,UNKNOWN
158697949,3.9592516,UNKNOWN
158845573,5.0048582,UNKNOWN
158916431,5.8924856,UNKNOWN
158933249,,UNKNOWN
158978373,13.5337579,UNKNOWN
159054620,8.0276821,UNKNOWN
159084486,4.4802689,UNKNOWN
159098316,3.578757,UNKNOWN
159104028,3.3825012,UNKNOWN
159107668,4.7802597,UNKNOWN
159117779,4.4716261,UNKNOWN
159160230,5.4368408,UNKNOWN
159244568,6.2772478,UNKNOWN
159262969,3.2420704,UNKNOWN
159303995,46.1578388,UNKNOWN
159332859,4.4817684,UNKNOWN
159334269,1.1578392,UNKNOWN
159400561,,UNKNOWN
159418353,8.3033493,UNKNOWN
159438097,4.8952783,UNKNOWN
159510109,16.9487087,UNKNOWN
159671133,1.3409758,UNKNOWN
159725995,3.7705865,UNKNOWN
159742538,3.5539283,UNKNOWN
159781361,15.3468182,UNKNOWN
159815224,2.9601848,UNKNOWN
159851831,24.0004143,UNKNOWN
159873822,13.7905315,UNKNOWN
159893748,7.2229767,UNKNOWN
159951311,5.9242661,UNKNOWN
159989004,3.5746058,UNKNOWN
160003961,1.4492052,UNKNOWN
160004025,2.7985528,UNKNOWN
160023,6.7565519,UNKNOWN
160037058,4.5815438,UNKNOWN
160039081,30.2004765,UNKNOWN
160045097,4.9877056,UNKNOWN
16005254,3.7927572,UNKNOWN
160074939,13.340145,UNKNOWN
160075684,81.3716681,UNKNOWN
160077104,11.8120707,UNKNOWN
160103855,16.4591808,UNKNOWN
160148385,3.4252563,UNKNOWN
160162137,32.0736228,UNKNOWN
160162987,23.0531698,UNKNOWN
160165689,8.9165771,UNKNOWN
160180298,7.5395871,UNKNOWN
160222069,5.8508237,UNKNOWN
160223936,,UNKNOWN
160255140,10.641726,UNKNOWN
160268701,11.2071839,UNKNOWN
160328683,1.5746828,UNKNOWN
160347548,3.994474,UNKNOWN
160390955,4.4178042,UNKNOWN
160428500,8.7201675,UNKNOWN
160432093,3.9914012,UNKNOWN
160440924,6.3684627,UNKNOWN
160442729,4.3664669,UNKNOWN
160476088,0.4722347,UNKNOWN
160487753,8.47134,UNKNOWN
160491359,2.6620728,UNKNOWN
160512852,6.0011971,UNKNOWN
160521907,10.2682326,UNKNOWN
160522555,1.3071566,UNKNOWN
160578764,2.8786641,UNKNOWN
160585062,6.2644714,UNKNOWN
160618074,5.201975,UNKNOWN
160652910,3.6814233,UNKNOWN
160708862,3.3448312,UNKNOWN
16076354,2.9859012,UNKNOWN
160930264,1.9242952,UNKNOWN
161003569,3.5115357,UNKNOWN
16102323,3.2077145,UNKNOWN
161032923,3.9652485,UNKNOWN
161156159,2.2818488,UNKNOWN
161169240,,UNKNOWN
161223358,0.5153654,UNKNOWN
161247580,3.2813635,UNKNOWN
161299119,2.7188122,UNKNOWN
161450762,1.32003,UNKNOWN
161477033,14.058151,UNKNOWN
161479081,3.4711465,UNKNOWN
161568891,2.4756487,UNKNOWN
161687209,1.2529962,UNKNOWN
161687211,1.2529966,UNKNOWN
161687285,7.7561532,UNKNOWN
161738745,3.6249482,UNKNOWN
16187321,4.2021893,UNKNOWN
162130054,5.0095595,UNKNOWN
162179096,9.3236885,UNKNOWN
162246865,0.5646193,UNKNOWN
162289289,3.8212977,UNKNOWN
162362398,12.3396368,UNKNOWN
162387333,5.5280331,UNKNOWN
162577466,3.6772391,UNKNOWN
162577468,3.676651,UNKNOWN
162620529,3.2907468,UNKNOWN
162631539,697.4037698,UNKNOWN
16264917,1.2695326,UNKNOWN
162689341,2.1747062,UNKNOWN
162695785,2.5599667,UNKNOWN
162729620,13.4364908,UNKNOWN
162802770,4.880964,UNKNOWN
16288184,2.1805333,UNKNOWN
162922904,3.8186276,UNKNOWN
163030461,2.5543095,UNKNOWN
163164300,3.7306955,UNKNOWN
163260812,4.7323433,UNKNOWN
163262555,1.3683875,UNKNOWN
163539739,14.4751062,UNKNOWN
164150537,6.1600755,UNKNOWN
164150539,6.1600888,UNKNOWN
164173105,3.0726434,UNKNOWN
164249928,0.9898852,UNKNOWN
164260243,1.8478843,UNKNOWN
164280385,3.5257269,UNKNOWN
164458714,17.8335899,UNKNOWN
164652245,79.5839995,UNKNOWN
164767175,10.7510107,UNKNOWN
164783371,4.2885021,UNKNOWN
164786087,4.0822894,UNKNOWN
164892194,3.024111,UNKNOWN
165201455,3.6831574,UNKNOWN
165202476,2.9093856,UNKNOWN
165297570,2.9895092,UNKNOWN
165312726,8.3106603,UNKNOWN
165317334,10.5557332,UNKNOWN
165337974,21.8153374,UNKNOWN
16538820,6.9038328,UNKNOWN
165412561,1.4680992,UNKNOWN
165413340,12.782983,UNKNOWN
165414210,3.2856588,UNKNOWN
165431806,4.4100654,UNKNOWN
165464482,4.3345378,UNKNOWN
165468291,4.754432,UNKNOWN
16550540,2.4810218,UNKNOWN
165523947,2.99041,UNKNOWN
16552586,2.8895991,UNKNOWN
165527918,9.0753271,UNKNOWN
165530380,1.4937444,UNKNOWN
165551882,12.1582804,UNKNOWN
165554103,139.2632286,UNKNOWN
165598669,3.3370666,UNKNOWN
165625229,10.5998647,UNKNOWN
165667705,3.2782956,UNKNOWN
165682741,4.2916798,UNKNOWN
165723070,1.7213564,UNKNOWN
165763244,24.0510453,UNKNOWN
165827520,7.748612,UNKNOWN
165885558,0.896271,UNKNOWN
165948070,4.3686174,UNKNOWN
165965790,2.0478359,UNKNOWN
165985431,3.6566206,UNKNOWN
165987272,7.8456075,UNKNOWN
165989915,2.6292572,UNKNOWN
166053959,2.8114961,UNKNOWN
166054851,3.3957241,UNKNOWN
166086403,2.8037514,UNKNOWN
166099360,1.6831237,UNKNOWN
166145361,2.2059167,UNKNOWN
166178400,60.6825768,UNKNOWN
166184426,16.3152,UNKNOWN
166184428,16.3363665,UNKNOWN
166190643,1.6540803,UNKNOWN
166220082,0.8102219,UNKNOWN
166242494,7.9248476,UNKNOWN
166495921,3.3522572,UNKNOWN
166527623,6.9593972,UNKNOWN
166648874,15.1512051,UNKNOWN
166671025,16.7382238,UNKNOWN
166697854,2.75753,UNKNOWN
166739520,10.0205981,UNKNOWN
166778944,4.7034187,UNKNOWN
166833457,2.9626402,UNKNOWN
166834768,3.2553185,UNKNOWN
166836920,5.7525797,UNKNOWN
166851829,4.7277153,UNKNOWN
167009792,1.13305,UNKNOWN
167031605,2.7809,UNKNOWN
167085203,15.5177539,UNKNOWN
167092385,4.9865029,UNKNOWN
167098530,0.890967,UNKNOWN
167165932,145.1966742,UNKNOWN
167227214,3.1290476,UNKNOWN
167303382,3.693916,UNKNOWN
167337562,50.6660684,UNKNOWN
167342439,52.7993058,UNKNOWN
16740101,1.4810903,UNKNOWN
167403519,3.9729429,UNKNOWN
16740548,1.598803,UNKNOWN
167415965,18.5537012,UNKNOWN
167418898,10.9803025,UNKNOWN
167418903,10.9803114,UNKNOWN
167573692,32.5444769,UNKNOWN
167597352,5.3305676,UNKNOWN
167600516,35.9993588,UNKNOWN
167631701,19.394038,UNKNOWN
167654347,16.9356875,UNKNOWN
167656187,36.4358589,UNKNOWN
167661160,36.8382429,UNKNOWN
167714124,4.162733,UNKNOWN
167714792,0.9298045,UNKNOWN
167719618,710.6982018,UNKNOWN
167720788,7.809463,UNKNOWN
167754523,6.7992776,UNKNOWN
16776356,1.3940614,UNKNOWN
167804011,6.2061962,UNKNOWN
167905035,742.8561164,UNKNOWN
168158622,1.7687528,UNKNOWN
168191686,1.6281719,UNKNOWN
168281028,4.3744614,UNKNOWN
168384845,3.8996784,UNKNOWN
168405330,9.162268,UNKNOWN
168449943,3.4287311,UNKNOWN
168699373,4.3011975,UNKNOWN
168751223,4.7150942,UNKNOWN
16884216,11.1900486,UNKNOWN
168871868,17.1217196,UNKNOWN
168936945,2.4404127,UNKNOWN
169081296,16.2385246,UNKNOWN
169177766,1.692892,UNKNOWN
169187982,1.764534,UNKNOWN
169191182,17.7607727,UNKNOWN
16920150,9.155934,UNKNOWN
169226822,4.1780637,UNKNOWN
169249234,7.1858029,UNKNOWN
169448297,2.1473577,UNKNOWN
169448771,18.010652,UNKNOWN
169461816,17.8552322,UNKNOWN
169504920,3.1052319,UNKNOWN
169532369,3.60364,UNKNOWN
169765334,5.7042858,UNKNOWN
169904935,4.5505945,UNKNOWN
169958952,1.3290008,UNKNOWN
17005768,6.8424983,UNKNOWN
170102285,2.9444273,UNKNOWN
170103435,1.9785151,UNKNOWN
170221808,10.7490194,UNKNOWN
170367033,4.9197461,UNKNOWN
170368805,2.9588764,UNKNOWN
170405772,3.2730247,UNKNOWN
170434745,1.2280156,UNKNOWN
170440216,7.6316525,UNKNOWN
170466784,10.8310228,UNKNOWN
170627138,10.9600975,UNKNOWN
170634116,3.6623918,UNKNOWN
170729775,16.6542431,UNKNOWN
170789802,3.4672779,UNKNOWN
170849515,1.9416366,UNKNOWN
170889511,,UNKNOWN
171160243,1.3887494,UNKNOWN
171160885,10.4401778,UNKNOWN
17122808,4.019251,UNKNOWN
1712954983,2.9661661,UNKNOWN
17129975,1.5142292,UNKNOWN
171312653,2.0327015,UNKNOWN
17150865,0.8706763,UNKNOWN
1715469662,6.5011256,UNKNOWN
171599496,1.236949,UNKNOWN
171646471,1.1606902,UNKNOWN
1716467085,0.5842495,UNKNOWN
1717528,9.31392071,FALSE_POSITIVE
1717722,4.53702121,CONFIRMED
1717732429,7.8513949,UNKNOWN
1718189,21.85362905,CONFIRMED
1718201850,5.9294089,UNKNOWN
171886633,2.8475582,UNKNOWN
1718958,1.41975831,CONFIRMED
171922657,5.01345,UNKNOWN
172033454,8.2065998,UNKNOWN
172110606,2.0197299,UNKNOWN
1721157,3.44928111,UNKNOWN
172193428,2.9412694,UNKNOWN
172222885,20.9233666,UNKNOWN
1722276,569.934135,FALSE_POSITIVE
1723078,330.025002,UNKNOWN
172353721,9.0711977,UNKNOWN
172370679,29.0902271,UNKNOWN
172376068,6.1211661,UNKNOWN
1724513,1.975208831,FALSE_POSITIVE
172463434,11.8106694,UNKNOWN
172464366,2.921685,UNKNOWN
1724719,5.79179934,CONFIRMED
1725016,7.40742502,CONFIRMED
172518755,3.2087149,UNKNOWN
1725193,2.96384168,FALSE_POSITIVE
1725415,2.43731228,FALSE_POSITIVE
172598832,3.2633165,UNKNOWN
172630205,0.599092,UNKNOWN
172754786,4.1273472,UNKNOWN
172871230,3.4100261,UNKNOWN
173002823,28.4064643,UNKNOWN
17307715,13.8532745,UNKNOWN
173103335,10.0546003,UNKNOWN
173176491,3.2337884,UNKNOWN
173260345,5.2059716,UNKNOWN
173298412,2.4188647,UNKNOWN
17361,3.606557,UNKNOWN
173612049,6.4902646,UNKNOWN
173615288,2.8885639,UNKNOWN
173640199,7.7614672,UNKNOWN
173671381,3.6444426,UNKNOWN
173706852,10.1170644,UNKNOWN
173711153,3.1315583,UNKNOWN
173818213,3.2923881,UNKNOWN
173824688,4.7131119,UNKNOWN
17385917,3.5424466,UNKNOWN
173860688,0.845657,UNKNOWN
173979859,3.613799,UNKNOWN
174041208,19.428419,UNKNOWN
174070181,3.3505941,UNKNOWN
17409453,9.72665,UNKNOWN
174143743,0.46132,UNKNOWN
17416749,2.34483,UNKNOWN
174206540,4.8257226,UNKNOWN
174302697,,UNKNOWN
174328045,5.0569708,UNKNOWN
174426662,0.8855539,UNKNOWN
174546820,17.6868627,UNKNOWN
17457400,1.27615,UNKNOWN
174599051,4.9857808,UNKNOWN
174826170,2.4802272,UNKNOWN
175079720,2.2623261,UNKNOWN
175176327,11.0998745,UNKNOWN
175180796,1.55747,UNKNOWN
175193677,15.6113633,UNKNOWN
175236511,7.8092052,UNKNOWN
175310067,12.6889415,UNKNOWN
175317833,9.7325799,UNKNOWN
17538423,3.1159994,UNKNOWN
175456679,58.9970907,UNKNOWN
175476629,1.14057,UNKNOWN
175477257,4.2695675,UNKNOWN
175482273,5.4640119,UNKNOWN
175532955,5.830149,UNKNOWN
17555760,22.2897649,UNKNOWN
175604949,2.648845,UNKNOWN
175772482,2.8386215,UNKNOWN
176082442,3.9802888,UNKNOWN
176148945,2.0086823,UNKNOWN
176220787,5.2153618,UNKNOWN
176242778,1.9055614,UNKNOWN
176279915,3.4411264,UNKNOWN
176314383,3.3759446,UNKNOWN
176442805,3.6520005,UNKNOWN
17652022,3.3894889,UNKNOWN
176604975,10.4865505,UNKNOWN
176685457,4.4352884,UNKNOWN
176772671,1.3326579,UNKNOWN
176778112,1.33679,UNKNOWN
176780257,30.8812601,UNKNOWN
176789447,3.8857292,UNKNOWN
176796997,1.7957918,UNKNOWN
176797879,718.1809317,UNKNOWN
17683158,5.9730504,UNKNOWN
176831592,2.53405,UNKNOWN
176860064,6.3768174,UNKNOWN
176861415,8.6738593,UNKNOWN
176868951,0.3693057,UNKNOWN
176899385,3.8529998,UNKNOWN
176956893,6.9067868,UNKNOWN
176957796,4.8173797,UNKNOWN
176984236,1.7560902,UNKNOWN
177033137,26.663112,UNKNOWN
177077336,1.4178596,UNKNOWN
177079323,5.7517969,UNKNOWN
177115354,3.9287851,UNKNOWN
177126182,6.3037582,UNKNOWN
177162886,12.8461943,UNKNOWN
177244357,6.54692,UNKNOWN
177254988,5.9214231,UNKNOWN
177257073,6.8328077,UNKNOWN
177258735,0.7757012,UNKNOWN
177308364,82.7899763,UNKNOWN
177391159,3.6748618,UNKNOWN
177414713,2.0944084,UNKNOWN
17746821,3.1220166,UNKNOWN
177494632,1.7636086,UNKNOWN
177612321,3.145502,UNKNOWN
177697418,4.3181867,UNKNOWN
177712122,2.8465714,UNKNOWN
177718896,3.7081082,UNKNOWN
177722855,2.3960724,UNKNOWN
178155732,5.9739124,UNKNOWN
178162579,3.5514016,UNKNOWN
178170828,0.450264,UNKNOWN
178215634,1.0451165,UNKNOWN
178217113,2.9956366,UNKNOWN
178266267,7.1123703,UNKNOWN
178284730,2.2359865,UNKNOWN
178289267,2.3506186,UNKNOWN
178367144,3.4091568,UNKNOWN
178577607,1.532427,UNKNOWN
17865622,3.1198404,UNKNOWN
178657161,4.5766182,UNKNOWN
178709444,3.4716808,UNKNOWN
178739678,17.5945149,UNKNOWN
178819686,5.6057748,UNKNOWN
178879588,3.0566277,UNKNOWN
178959058,5.4468377,UNKNOWN
17896514,2.6375869,UNKNOWN
179033846,1.476869,UNKNOWN
179034327,17.9635083,UNKNOWN
179155220,0.60274,UNKNOWN
179159972,1.37101,UNKNOWN
179230828,5.5422295,UNKNOWN
17925767,2.4364562,UNKNOWN
179308757,0.9657303,UNKNOWN
179317684,4.2311173,UNKNOWN
179319057,6.7018963,UNKNOWN
17932757,716.8426894,UNKNOWN
179442778,2.1874712,UNKNOWN
179580045,62.1624516,UNKNOWN
179582003,104.6162557,UNKNOWN
179687771,5.124162,UNKNOWN
179715231,4.319754,UNKNOWN
179739873,12.9623248,UNKNOWN
17993892,4.1244833,UNKNOWN
179985715,6.6153188,UNKNOWN
179987678,0.4191451,UNKNOWN
180145006,3.541231,UNKNOWN
18016577,,UNKNOWN
18017227,0.6203033,UNKNOWN
18019350,9.6477019,UNKNOWN
18021087,7.1314563,UNKNOWN
18023524,4.3656102,UNKNOWN
180285396,10.3688702,UNKNOWN
180575165,1.4945947,UNKNOWN
180607846,0.6451059,UNKNOWN
180652891,0.7759895,UNKNOWN
18067025,5.3298577,UNKNOWN
180672438,5.3599361,UNKNOWN
180695581,0.54937,UNKNOWN
180931993,12.1228168,UNKNOWN
180987952,1.38917,UNKNOWN
180989820,9.8738839,UNKNOWN
180991313,2.2088214,UNKNOWN
181159386,5.6316663,UNKNOWN
181208298,2.9193825,UNKNOWN
181304295,3.3840629,UNKNOWN
1813844121,1.5822588,UNKNOWN
181422954,2.6006996,UNKNOWN
181748381,5.4920894,UNKNOWN
181804752,4.9899176,UNKNOWN
181949561,4.0552832,UNKNOWN
182078202,38.7619532,UNKNOWN
182405015,3.1122458,UNKNOWN
182470056,0.879268,UNKNOWN
182943944,1.10422,UNKNOWN
182992572,24.303103,UNKNOWN
18310799,17.3070631,UNKNOWN
183120439,2.2554459,UNKNOWN
18318288,1.3888584,UNKNOWN
183532609,8.1587261,UNKNOWN
183537452,3.9227122,UNKNOWN
183593642,1.0372587,UNKNOWN
183675732,5.4820954,UNKNOWN
18373995,3.4878754,UNKNOWN
183979262,3.4307565,UNKNOWN
183985250,0.7920646,UNKNOWN
184240683,1.6284288,UNKNOWN
184295571,1.9804293,UNKNOWN
184468386,2.5402287,UNKNOWN
184521624,3.1162505,UNKNOWN
184527843,8.9197222,UNKNOWN
184531966,10.4453589,UNKNOWN
184670625,0.5241284,UNKNOWN
184679932,2.1721416,UNKNOWN
184733148,2.959842,UNKNOWN
184739529,9.3568116,UNKNOWN
184801054,0.6593681,UNKNOWN
184869170,7.7235903,UNKNOWN
184892124,1.9828041,UNKNOWN
184952758,4.109953,UNKNOWN
1849702,39.8312536,CONFIRMED
185226925,3.1979646,UNKNOWN
185405474,1.56029,UNKNOWN
185482513,1.2368321,UNKNOWN
185598695,4.6285493,UNKNOWN
185620819,13.3173115,UNKNOWN
18574158,4.9131459,UNKNOWN
186000935,8.8735214,UNKNOWN
186292194,3.2403602,UNKNOWN
186459119,6.534605,UNKNOWN
186470510,3.5071842,UNKNOWN
186470968,2.7805098,UNKNOWN
1865042,3.4815917,CONFIRMED
186530554,0.766526,UNKNOWN
186541435,7.0465721,UNKNOWN
186547153,1.1908287,UNKNOWN
1865864,69.089357,UNKNOWN
186599508,5.6318074,UNKNOWN
186614891,4.084447,UNKNOWN
186707229,1.4571902,UNKNOWN
186715217,1.4491171,UNKNOWN
186810676,9.4852479,UNKNOWN
186812530,3.6773543,UNKNOWN
186815660,2.5840753,UNKNOWN
1868404,6.12601169,FALSE_POSITIVE
186936449,2.8456505,UNKNOWN
186989177,3.645356,UNKNOWN
187029841,0.361112,UNKNOWN
1870398,43.142257,FALSE_POSITIVE
1870990135,1.5039495,UNKNOWN
1871056,40.8065333,CONFIRMED
1871483,14.137062,UNKNOWN
187278212,,UNKNOWN
1872821,10.27380957,CONFIRMED
187309502,3.5868547,UNKNOWN
187333348,2.1981511,UNKNOWN
1873513,3.290304098,CONFIRMED
187416256,4.3887257,UNKNOWN
187495621,3.2662137,UNKNOWN
187495749,1.8460559,UNKNOWN
187532854,1.6513066,UNKNOWN
187861378,2.1816809,UNKNOWN
18794442,2.0139493,UNKNOWN
18795429,2.5087868,UNKNOWN
188001223,5.7415661,UNKNOWN
188128470,10.397262,UNKNOWN
1881298619,5.0826878,UNKNOWN
188389305,1.8434549,UNKNOWN
1884091865,10.716524,UNKNOWN
188500604,5.8767209,UNKNOWN
188539008,10.6185545,UNKNOWN
188570092,7.327945,UNKNOWN
188589164,2.6162769,UNKNOWN
188593930,1.46503,UNKNOWN
188646744,14.2423724,UNKNOWN
188668950,270.303816,UNKNOWN
188768068,2.1779407,UNKNOWN
188800346,18.8155978,UNKNOWN
188814758,6.403011,UNKNOWN
18885659,2.8890956,UNKNOWN
188865842,3.1409607,UNKNOWN
188876052,3.076329,UNKNOWN
188989177,1.17409,UNKNOWN
189013222,1.3228701,UNKNOWN
189013224,1.3205037,UNKNOWN
189097100,1.6069363,UNKNOWN
189300053,1483.5175058,UNKNOWN
189322727,5.8340292,UNKNOWN
189380158,1.9617969,UNKNOWN
189620016,1.1792344,UNKNOWN
189625051,4.9088819,UNKNOWN
189852832,3.8960447,UNKNOWN
190081497,3.1630387,UNKNOWN
190223929,17.04198,UNKNOWN
190250689,1.4658218,UNKNOWN
19025965,5.944441,UNKNOWN
190271688,12.6534664,UNKNOWN
19028197,3.3366511,UNKNOWN
190430205,1.06884,UNKNOWN
190442486,5.4561177,UNKNOWN
190479710,8.4843917,UNKNOWN
190496853,4.6616079,UNKNOWN
190643105,9.6742544,UNKNOWN
190721237,12.9281223,UNKNOWN
190743990,1.7380504,UNKNOWN
190822775,1.8021196,UNKNOWN
190981760,3.5463582,UNKNOWN
190986054,5.1442317,UNKNOWN
190990336,5.547255,UNKNOWN
190998418,2.8791023,UNKNOWN
191146556,2.5798051,UNKNOWN
19117967,8.4516737,UNKNOWN
191202679,4.0517972,UNKNOWN
191284318,2.7759678,UNKNOWN
191373021,0.3013943,UNKNOWN
191496430,3.0688259,UNKNOWN
19155785,3.1442556,UNKNOWN
191671884,5.4631023,UNKNOWN
191928543,7.234064,UNKNOWN
191998744,2.8140328,UNKNOWN
192003741,3.168632,UNKNOWN
192014454,735.797917,UNKNOWN
192076548,1.1159326,UNKNOWN
192259856,3.7062792,UNKNOWN
192321638,7.0309061,UNKNOWN
192372961,2.06313,UNKNOWN
192415680,1094.062167,UNKNOWN
192487723,4.9570983,UNKNOWN
192520375,0.9109508,UNKNOWN
192790476,19.1047019,UNKNOWN
192826603,2.6473051,UNKNOWN
192833836,6.2335155,UNKNOWN
192878624,5.7361495,UNKNOWN
192943720,1.8987896,UNKNOWN
192969211,12.8665269,UNKNOWN
192976435,4.2275389,UNKNOWN
192982424,3.7702854,UNKNOWN
192988021,9.4453763,UNKNOWN
193023697,2.7895524,UNKNOWN
193081156,5.4584109,UNKNOWN
193220940,11.4045112,UNKNOWN
193336820,5.006622,UNKNOWN
193413306,1.725841,UNKNOWN
19342878,1.3328252,UNKNOWN
193482096,4.0875563,UNKNOWN
193556520,6.7201811,UNKNOWN
193628179,3.2623468,UNKNOWN
193634953,2.9479689,UNKNOWN
193641523,1.3929721,UNKNOWN
193708920,1.3298469,UNKNOWN
193754373,3.9540617,UNKNOWN
193765661,10.9974977,UNKNOWN
193773468,2.5551882,UNKNOWN
193782529,3.9823479,UNKNOWN
193979250,17.9661374,UNKNOWN
194076601,20.4282929,UNKNOWN
194179013,3.1785277,UNKNOWN
194203348,1.13345,UNKNOWN
194234471,3.563037,UNKNOWN
1942969,2.8078585,UNKNOWN
194461202,3.2523102,UNKNOWN
19447218,8.9727235,UNKNOWN
19451711,0.3969687,UNKNOWN
194679333,9.0165933,UNKNOWN
194736418,5.826731,UNKNOWN
194795551,2.0180196,UNKNOWN
1950736,3.1129681,UNKNOWN
195093356,7.8284207,UNKNOWN
195155818,6.0614403,UNKNOWN
195187769,13.955959,UNKNOWN
195192253,3.4770171,UNKNOWN
19519368,1.7018818,UNKNOWN
195199644,1.19888,UNKNOWN
195256633,5.3430663,UNKNOWN
19547831,10.1238604,UNKNOWN
195483731,1.102219,UNKNOWN
19560484,2.8398671,UNKNOWN
195606729,13.3562254,UNKNOWN
195750008,2.5650361,UNKNOWN
195933415,1.5852089,UNKNOWN
196066560,2.2111104,UNKNOWN
19612445,4.4644761,UNKNOWN
196201652,2.7384363,UNKNOWN
196261799,3.7294859,UNKNOWN
196286578,10.4137997,UNKNOWN
196286587,10.4137962,UNKNOWN
196351790,13.2026423,UNKNOWN
196389062,2.6358758,UNKNOWN
196474344,3.6360128,UNKNOWN
1965256662,4.3170598,UNKNOWN
19684256,1.3666563,UNKNOWN
196973090,10.4612769,UNKNOWN
197039766,3.7120776,UNKNOWN
197598125,16.4547455,UNKNOWN
197604890,5.3590843,UNKNOWN
1976308113,2.7568649,UNKNOWN
197642926,5.407469,UNKNOWN
197643976,3.535713,UNKNOWN
197650870,2.1853174,UNKNOWN
197743152,3.7752321,UNKNOWN
197807043,,UNKNOWN
197807778,3.6989939,UNKNOWN
197808753,10.636983,UNKNOWN
1979500576,2.6342729,UNKNOWN
197959526,0.7196291,UNKNOWN
198008005,3.2797206,UNKNOWN
1980725947,2.9708659,UNKNOWN
198077394,3.990533,UNKNOWN
198108326,3.2130578,UNKNOWN
198153540,8.0214735,UNKNOWN
198161914,45.0854117,UNKNOWN
198162530,0.768125,UNKNOWN
198178505,,UNKNOWN
198178859,7.3050577,UNKNOWN
198185513,3.3795099,UNKNOWN
198186769,7.16199,UNKNOWN
198187049,5.9214229,UNKNOWN
198189972,25.0930011,UNKNOWN
198206613,10.9406641,UNKNOWN
198211976,0.4018586,UNKNOWN
198212955,0.3814849,UNKNOWN
198213332,0.5860366,UNKNOWN
198241702,4.2529641,UNKNOWN
198356533,18.840891,UNKNOWN
198358065,4.3095502,UNKNOWN
198360694,5.6739336,UNKNOWN
198384408,9.1238101,UNKNOWN
198385543,3.9306746,UNKNOWN
198390247,6.5886877,UNKNOWN
198456933,76.8663962,UNKNOWN
198457103,0.4721054,UNKNOWN
198458010,87.2129046,UNKNOWN
198485881,35.1896444,UNKNOWN
198512478,17.5313321,UNKNOWN
198588220,4.8099755,UNKNOWN
198610218,3.0413391,UNKNOWN
198616607,3.6311186,UNKNOWN
198725468,3.0415724,UNKNOWN
1989628303,5.46377,UNKNOWN
1990842033,5.41418,UNKNOWN
199162630,2.7649802,UNKNOWN
199289712,1.0092447,UNKNOWN
199296714,1.3777496,UNKNOWN
199376584,18.712253,UNKNOWN
199417958,3.9258703,UNKNOWN
199444169,1.2168732,UNKNOWN
199488690,3.3505745,UNKNOWN
1995519,19.9401211,CONFIRMED
1995712,462.12069,FALSE_POSITIVE
1995732,77.36241476,FALSE_POSITIVE
199610140,2.9855843,UNKNOWN
1996180,3.02558494,CONFIRMED
1996399,94.10628163,FALSE_POSITIVE
1996679,145.5624926,FALSE_POSITIVE
199671901,4.4571444,UNKNOWN
199676274,8.8691255,UNKNOWN
199688472,1.4412175,UNKNOWN
199712572,3.5941651,UNKNOWN
199721945,4.679209,UNKNOWN
199731190,2.5130547,UNKNOWN
199949052,0.5868508,UNKNOWN
200090347,0.8631737,UNKNOWN
200296137,8.6110844,UNKNOWN
200320748,1.5292851,UNKNOWN
200321577,8.5725884,UNKNOWN
200322593,1.2391534,UNKNOWN
200435203,16.1565078,UNKNOWN
200465781,7.0634276,UNKNOWN
200593988,7.699087,UNKNOWN
200606159,3.9816471,UNKNOWN
200606486,0.747693,UNKNOWN
20069685,1.9663653,UNKNOWN
200723869,18.3877081,UNKNOWN
200743403,7.9980831,UNKNOWN
200775844,3.7307609,UNKNOWN
200803270,2.5981987,UNKNOWN
200805484,2.967599,UNKNOWN
200807066,26.2588239,UNKNOWN
200917197,1.2205315,UNKNOWN
20096620,2.9164004,UNKNOWN
2010152,317.74527,FALSE_POSITIVE
2010186093,3.007925,UNKNOWN
2010191,3.43525124,FALSE_POSITIVE
2010607,18.622214,FALSE_POSITIVE
201154493,1.51233,UNKNOWN
201175570,9.6994666,UNKNOWN
201177276,5.4693888,UNKNOWN
201186294,0.98933,UNKNOWN
201233610,21.05271,UNKNOWN
201248411,0.980972,UNKNOWN
201254754,3.3024845,UNKNOWN
2012722,2.32539968,FALSE_POSITIVE
201292545,,UNKNOWN
2013883,0.764597756,FALSE_POSITIVE
2014991,6.49676881,FALSE_POSITIVE
2015013,27.8923345,FALSE_POSITIVE
201508515,0.985586,UNKNOWN
201604954,4.606184,UNKNOWN
2016376984,2.317939,UNKNOWN
201642601,3.1316735,UNKNOWN
201658484,2.9588636,UNKNOWN
201660996,3.502221,UNKNOWN
20178111,1.734422,UNKNOWN
201793781,5.9910569,UNKNOWN
20182165,9.7815625,UNKNOWN
20182780,4.3533211,UNKNOWN
201899356,3.1084574,UNKNOWN
2019076,3.564614021,FALSE_POSITIVE
2019199,579.81521,UNKNOWN
2019477,27.2497521,UNKNOWN
20203297,7.1566025,UNKNOWN
202059363,4.2470926,UNKNOWN
202087931,9.8538051,UNKNOWN
2021440,7.81153999,FALSE_POSITIVE
202185707,1.6500673,UNKNOWN
202282233,6.6283182,UNKNOWN
202283090,5.1570194,UNKNOWN
202375913,5.0625809,UNKNOWN
202425357,3.6215615,UNKNOWN
202426247,1.0662082,UNKNOWN
202428245,32.1400505,UNKNOWN
202468443,2.0685871,UNKNOWN
202504234,1.6849938,UNKNOWN
202514659,3.6166109,UNKNOWN
202563254,4.4780798,UNKNOWN
202648961,8.0242387,UNKNOWN
202869426,2.4589458,UNKNOWN
202872757,4.4236103,UNKNOWN
202941251,4.1784844,UNKNOWN
20299658,31.9919595,UNKNOWN
20303110,3.8961515,UNKNOWN
203096531,0.6041576,UNKNOWN
203144354,0.3642961,UNKNOWN
20318757,3.2834565,UNKNOWN
203189770,3.612771,UNKNOWN
203214081,5.7459945,UNKNOWN
203214138,5.1699026,UNKNOWN
203287192,4.4455436,UNKNOWN
203289099,3.3557219,UNKNOWN
203377303,8.159487,UNKNOWN
203476998,2.8977031,UNKNOWN
20375215,2.3477336,UNKNOWN
2041563029,12.80758,UNKNOWN
204317710,2.8126485,UNKNOWN
204376737,3.3610013,UNKNOWN
204496071,1.3059494,UNKNOWN
204650483,9.956296,UNKNOWN
204671232,8.71546,UNKNOWN
204698337,16.4452725,UNKNOWN
205044976,5.0660693,UNKNOWN
20579360,16.7224532,UNKNOWN
20607624,3.4940194,UNKNOWN
206284139,3.0026495,UNKNOWN
206352378,3.7463765,UNKNOWN
206361691,718.652003,UNKNOWN
206466531,1.42744,UNKNOWN
206474443,3.2452094,UNKNOWN
206498307,13.4190392,UNKNOWN
206541859,30.083503,UNKNOWN
206609630,0.3352715,UNKNOWN
206669860,10.0550764,UNKNOWN
206686292,1.3287182,UNKNOWN
206717400,4.7743169,UNKNOWN
206763148,8.945272,UNKNOWN
206785987,2.955314,UNKNOWN
206897186,4.2380604,UNKNOWN
206906112,13.5853506,UNKNOWN
206947218,3.9531681,UNKNOWN
207077681,2.278575,UNKNOWN
207081058,14.7741056,UNKNOWN
207084429,4.89577,UNKNOWN
207110080,14.5728985,UNKNOWN
207141131,4.1374379,UNKNOWN
207237016,26.4126517,UNKNOWN
207238953,7.1366507,UNKNOWN
207277638,3.121181,UNKNOWN
207334420,4.1531567,UNKNOWN
207339000,4.6182631,UNKNOWN
207425167,,UNKNOWN
207425203,1.2239134,UNKNOWN
207439380,1.1041295,UNKNOWN
207468071,20.3807824,UNKNOWN
207491214,6.2230846,UNKNOWN
207501148,,UNKNOWN
207937389,3.1791661,UNKNOWN
207981861,3.4569274,UNKNOWN
208030798,1.7167587,UNKNOWN
208091447,4.6606892,UNKNOWN
208151094,4.0668104,UNKNOWN
208297760,5.2574854,UNKNOWN
208719443,2.4038651,UNKNOWN
208772468,2.244541,UNKNOWN
20892672,3.10926,UNKNOWN
20897611,3.1353607,UNKNOWN
209054294,3.5171227,UNKNOWN
209310912,3.6749802,UNKNOWN
209320688,9.7461668,UNKNOWN
2093349,16.2816997,UNKNOWN
209408136,3.1292868,UNKNOWN
209459275,6.9839072,UNKNOWN
209464063,119.3355264,UNKNOWN
209707800,2.0519085,UNKNOWN
209752908,1.752217,UNKNOWN
20988926,5.3194765,UNKNOWN
209923610,3.0001627,UNKNOWN
209935997,1.9081122,UNKNOWN
210083929,2.3927114,UNKNOWN
210169818,3.3879742,UNKNOWN
210337597,0.5257499,UNKNOWN
21035365,4.6017382,UNKNOWN
210441429,2.4053036,UNKNOWN
210445631,3.97195,UNKNOWN
210629725,3.027103,UNKNOWN
210681065,2.074205,UNKNOWN
210873792,4.8495236,UNKNOWN
210904767,8.6000492,UNKNOWN
21101556,17.4372954,UNKNOWN
21113347,4.218076,UNKNOWN
21119973,1.7109175,UNKNOWN
21130820,4.6003967,UNKNOWN
21132157,4.0069668,UNKNOWN
211352962,0.7941828,UNKNOWN
211438925,4.8996461,UNKNOWN
211446495,4.8701613,UNKNOWN
212253390,3.0926858,UNKNOWN
21279791,3.0183134,UNKNOWN
21291176,1.6667559,UNKNOWN
212957629,3.0766835,UNKNOWN
213111428,2.2749988,UNKNOWN
21349099,3.753877,UNKNOWN
213875310,2.6721807,UNKNOWN
2140389,0.967427812,FALSE_POSITIVE
2141783,116.5214317,FALSE_POSITIVE
214218272,3.3645349,UNKNOWN
214243287,5.7525195,UNKNOWN
2142501,113.0707574,FALSE_POSITIVE
2142522,13.32354078,CONFIRMED
214361331,3.2308423,UNKNOWN
214515989,11.3498282,UNKNOWN
215018906,4.3713133,UNKNOWN
21505121,4.5879078,UNKNOWN
21535395,2.8009915,UNKNOWN
21549805,4.2441117,UNKNOWN
215595454,2.0961984,UNKNOWN
2157247,5.68628739,FALSE_POSITIVE
2158460,19.12788374,UNKNOWN
2161536,16.85592593,CONFIRMED
2161623,2.283466438,FALSE_POSITIVE
2161949,4.78113942,UNKNOWN
2162635,1500.1406772,UNKNOWN
2162994,4.101595158,FALSE_POSITIVE
2163226,452.10093,FALSE_POSITIVE
2164169,32.3122867,CONFIRMED
2165002,16.56806842,CONFIRMED
2165352,0.7906069,FALSE_POSITIVE
2166200,8.096939227,FALSE_POSITIVE
2166206,8.09695764,FALSE_POSITIVE
2167444,2.43574046,FALSE_POSITIVE
2167890,2.64830047,FALSE_POSITIVE
216925130,7.6686232,UNKNOWN
216935214,18.2592673,UNKNOWN
21720215,2.2775983,UNKNOWN
21744120,5.5080682,UNKNOWN
21747057,16.3734954,UNKNOWN
21755546,0.660179,UNKNOWN
217838717,2.8846592,UNKNOWN
217933560,3.5980715,UNKNOWN
217980791,2.6607389,UNKNOWN
21832928,16.3413889,UNKNOWN
218354669,1.7617165,UNKNOWN
218483943,3.7590079,UNKNOWN
218795833,1.2652338,UNKNOWN
218988652,6.7519508,UNKNOWN
219015370,3.9152737,UNKNOWN
219016883,4.8721904,UNKNOWN
219041246,10.4419896,UNKNOWN
219089784,6.0387706,UNKNOWN
219108677,5.9815745,UNKNOWN
219113246,2.9859596,UNKNOWN
219151731,1.4853364,UNKNOWN
219164808,1.6773063,UNKNOWN
219175972,12.8900899,UNKNOWN
219181903,12.9175271,UNKNOWN
219187649,2.1503007,UNKNOWN
219189765,1.7318529,UNKNOWN
219195044,4.3239329,UNKNOWN
219205407,6.1253092,UNKNOWN
219208037,0.9776805,UNKNOWN
219225319,13.291966,UNKNOWN
219229644,22.0379547,UNKNOWN
219239945,13.697384,UNKNOWN
219253008,5.066175,UNKNOWN
219306934,1.3477642,UNKNOWN
219332978,,UNKNOWN
219338557,8.1995368,UNKNOWN
219344917,14.362738,UNKNOWN
219345200,719.0381327,UNKNOWN
219366908,0.6293198,UNKNOWN
219379012,1.5464949,UNKNOWN
219380235,3.9773904,UNKNOWN
219388773,1.5716819,UNKNOWN
219401954,0.861484,UNKNOWN
219431828,20.5773388,UNKNOWN
219436394,23.6573994,UNKNOWN
219462190,,UNKNOWN
219466784,,UNKNOWN
219466803,12.5951009,UNKNOWN
219467837,39.9753375,UNKNOWN
219485050,3.5908038,UNKNOWN
219489550,3.8823511,UNKNOWN
219499488,1.6323062,UNKNOWN
219501568,16.5899263,UNKNOWN
219506608,32.6116713,UNKNOWN
219508169,6.8161105,UNKNOWN
219697927,1.8330979,UNKNOWN
219698776,4.6595169,UNKNOWN
219698950,3.4464529,UNKNOWN
219701535,5.4681892,UNKNOWN
219707850,0.7331156,UNKNOWN
219728669,2.3601883,UNKNOWN
219742885,0.9167992,UNKNOWN
219751469,6.98301,UNKNOWN
219762508,3.2351013,UNKNOWN
219766989,0.5109902,UNKNOWN
219769290,7.4105517,UNKNOWN
219776325,2.5287981,UNKNOWN
219778329,177.2188871,UNKNOWN
219803922,66.9954225,UNKNOWN
219809549,65.5580424,UNKNOWN
219821826,9.6799809,UNKNOWN
219824469,5.4809161,UNKNOWN
219824470,5.4809114,UNKNOWN
219847787,11.5914514,UNKNOWN
219850915,6.4002807,UNKNOWN
219852584,3.1968838,UNKNOWN
219852882,5.5025577,UNKNOWN
219854185,3.9443668,UNKNOWN
219854519,31.0343214,UNKNOWN
219857012,21.2690422,UNKNOWN
219860288,4.2660553,UNKNOWN
219866209,6.7473822,UNKNOWN
219875976,11.4974559,UNKNOWN
219879302,6.7822781,UNKNOWN
219924802,2.9478339,UNKNOWN
21997420,2.1917701,UNKNOWN
219978369,16.2501976,UNKNOWN
220016044,0.9399664,UNKNOWN
220029715,3.1853186,UNKNOWN
220068921,3.36376,UNKNOWN
220076110,4.808498,UNKNOWN
220139435,3.6039259,UNKNOWN
220144363,4.4466179,UNKNOWN
22020459,1.3328042,UNKNOWN
22038430,2.8862017,UNKNOWN
220396259,0.91677,UNKNOWN
220414682,6.5812768,UNKNOWN
220435095,3.4231002,UNKNOWN
220459826,2.2395544,UNKNOWN
220459976,32.332528,UNKNOWN
220460087,3.2706204,UNKNOWN
220475245,3.7817383,UNKNOWN
220479565,3.6977167,UNKNOWN
220518305,14.152,UNKNOWN
220524097,3.9613114,UNKNOWN
220547837,8.4562659,UNKNOWN
220599411,4.9843963,UNKNOWN
220621072,14.0287826,UNKNOWN
22069559,2.0348789,UNKNOWN
22121296,2.8123314,UNKNOWN
221566773,3.2529571,UNKNOWN
221656234,2.4533968,UNKNOWN
221785300,3.7833369,UNKNOWN
221861843,2.217782,UNKNOWN
22186226,9.2172172,UNKNOWN
221882319,5.1890769,UNKNOWN
22221375,3.9846589,UNKNOWN
22233480,7.4463034,UNKNOWN
222485202,3.5982966,UNKNOWN
22384839,7.0235956,UNKNOWN
224217761,2.5688104,UNKNOWN
224225541,4.9377227,UNKNOWN
224245334,3.7852328,UNKNOWN
224271611,4.040003,UNKNOWN
224279091,6.0142432,UNKNOWN
224293782,0.5736183,UNKNOWN
224297258,9.6141636,UNKNOWN
224297408,8.2751966,UNKNOWN
224298134,1.4923179,UNKNOWN
224299081,37.9984529,UNKNOWN
224313733,197.0336254,UNKNOWN
224328450,22.0183163,UNKNOWN
224418572,2.8465928,UNKNOWN
22452837,10.8089555,UNKNOWN
224596152,28.8745078,UNKNOWN
224600500,0.6763235,UNKNOWN
224601047,7.2087245,UNKNOWN
224603921,26.345109,UNKNOWN
224635135,2.4667486,UNKNOWN
22529346,1.2749246,UNKNOWN
22560356,5.9337178,UNKNOWN
22659404,2.7472062,UNKNOWN
22683951,2.6797436,UNKNOWN
22705558,4.5470055,UNKNOWN
22712134,1.640758,UNKNOWN
22730066,1.642501,UNKNOWN
22740615,2.253174,UNKNOWN
2283362,0.673141323,UNKNOWN
228381868,3.4654953,UNKNOWN
22843856,1.8497201,UNKNOWN
2284957,419.2615,UNKNOWN
228507250,6.15733,UNKNOWN
228694725,0.8313018,UNKNOWN
22903436,17.7456043,UNKNOWN
229047362,3.764873,UNKNOWN
229091748,0.4568,UNKNOWN
229111835,6.70145,UNKNOWN
229138584,2.9122454,UNKNOWN
229141709,14.20489,UNKNOWN
229167359,2.682814,UNKNOWN
229172128,13.62285,UNKNOWN
229210014,4.0086493,UNKNOWN
229285649,8.493027,UNKNOWN
229384040,1.2980202,UNKNOWN
229400092,4.1419805,UNKNOWN
229408913,4.8038539,UNKNOWN
229455001,22.3417286,UNKNOWN
229465678,4.4282303,UNKNOWN
229490898,2.2349708,UNKNOWN
229508727,23.1315739,UNKNOWN
229510866,2.1031647,UNKNOWN
229536616,3.93034,UNKNOWN
229581160,3.4149091,UNKNOWN
229586455,2.2001583,UNKNOWN
229605578,5.0712059,UNKNOWN
229605891,2.0381761,UNKNOWN
229608594,,UNKNOWN
229618478,19.4480946,UNKNOWN
229639351,2.8668029,UNKNOWN
229650439,5.1396666,UNKNOWN
229671380,3.939371,UNKNOWN
229713401,6.4424263,UNKNOWN
229715760,11.5743561,UNKNOWN
22972676,18.372561,UNKNOWN
229742722,63.4839358,UNKNOWN
229747848,0.8474218,UNKNOWN
229750058,10.1824299,UNKNOWN
229770036,2.14056,UNKNOWN
229781583,4.8204512,UNKNOWN
229786610,22.1575175,UNKNOWN
229787062,1.9011452,UNKNOWN
229791084,1.6453265,UNKNOWN
229811538,11.5294381,UNKNOWN
229888286,5.5986337,UNKNOWN
229938290,1.4198659,UNKNOWN
229940491,37.4590076,UNKNOWN
229944666,11.3125266,UNKNOWN
229951289,13.3118,UNKNOWN
2299738,1.8134378,UNKNOWN
229976631,10.7166249,UNKNOWN
230001847,2.994263,UNKNOWN
230006888,12.2788421,UNKNOWN
230013442,3.1381914,UNKNOWN
230017324,9.6926392,UNKNOWN
230017325,9.6926509,UNKNOWN
230055368,1.4344602,UNKNOWN
230064711,7.0893162,UNKNOWN
230075120,0.7676706,UNKNOWN
230075227,6.1155829,UNKNOWN
230084146,12.320331,UNKNOWN
230086768,34.9270483,UNKNOWN
230087585,8.8263579,UNKNOWN
230087765,1.689442,UNKNOWN
230088370,14.0077666,UNKNOWN
2301068,8.60965352,UNKNOWN
230127302,18.6548829,UNKNOWN
230129753,5.7475343,UNKNOWN
2302548,10.38122447,CONFIRMED
230267547,2.2263798,UNKNOWN
2302758,0.542122617,FALSE_POSITIVE
230290708,11.3182327,UNKNOWN
230292034,6.0671557,UNKNOWN
2302997,16.2982201,UNKNOWN
230375747,2.7633917,UNKNOWN
230377505,4.5156072,UNKNOWN
230386259,11.0023133,UNKNOWN
230386397,19.5078657,UNKNOWN
230387153,41.7540004,UNKNOWN
230388132,2.4076941,UNKNOWN
2303903,3.70858595,UNKNOWN
2304320,16.54081386,CONFIRMED
2305255,24.5714867,FALSE_POSITIVE
2305311,1.404674486,FALSE_POSITIVE
2305372,1.40469182,FALSE_POSITIVE
2305543,0.681137796,FALSE_POSITIVE
2305819,135.57186,FALSE_POSITIVE
2305866,24.1073172,UNKNOWN
23059280,14.1502269,UNKNOWN
2306740,10.306982793,FALSE_POSITIVE
2306756,386.6030528,FALSE_POSITIVE
2307199,13.4471791,UNKNOWN
2307206,204.0329342,FALSE_POSITIVE
2307415,13.12162167,CONFIRMED
230840853,4.118418,UNKNOWN
2308411,0.983304511,FALSE_POSITIVE
230856987,2.3404152,UNKNOWN
2308957,1.109841858,FALSE_POSITIVE
2309585,1.838514968,FALSE_POSITIVE
2309587,1.838514245,FALSE_POSITIVE
2309719,54.35635067,FALSE_POSITIVE
230980206,3.375591,UNKNOWN
230982415,7.5954765,UNKNOWN
230982885,2.0727598,UNKNOWN
2309910,1.8437362,FALSE_POSITIVE
231063955,3.4972769,UNKNOWN
231065398,7.7898378,UNKNOWN
231071138,18.84184,UNKNOWN
231076038,8.2500143,UNKNOWN
231077395,3.3904897,UNKNOWN
231081369,7.6316384,UNKNOWN
2310993,55.180772,UNKNOWN
23111,3.3421583,UNKNOWN
23113034,1.7134571,UNKNOWN
231157209,7.4710819,UNKNOWN
23124038,0.7011578,UNKNOWN
231289421,3.2063107,UNKNOWN
231297123,1.9792573,UNKNOWN
231337271,0.451685,UNKNOWN
231451287,16.8812736,UNKNOWN
231559817,5.1035091,UNKNOWN
231630147,7.0642486,UNKNOWN
231663901,1.4303699,UNKNOWN
231670397,4.0872956,UNKNOWN
231702397,5.0780325,UNKNOWN
231703293,0.907105,UNKNOWN
23170835,1.10071,UNKNOWN
231721005,9.0182016,UNKNOWN
231721006,9.0182382,UNKNOWN
231728511,0.520671,UNKNOWN
231736113,10.5739824,UNKNOWN
23179035,1.4529225,UNKNOWN
231833236,4.773751,UNKNOWN
231850364,3.1581288,UNKNOWN
231912935,26.2851404,UNKNOWN
231937059,11.4874782,UNKNOWN
231937828,4.6942884,UNKNOWN
231949697,0.9072056,UNKNOWN
232025086,5.9049733,UNKNOWN
232038798,4.1536624,UNKNOWN
232052748,3.6337247,UNKNOWN
232079930,0.918902,UNKNOWN
232131043,11.1035428,UNKNOWN
232139628,4.7654865,UNKNOWN
232194097,3.3560085,UNKNOWN
23229805,8.8517354,UNKNOWN
232399986,4.5638391,UNKNOWN
232540264,15.9234883,UNKNOWN
232567319,5.0518907,UNKNOWN
232568235,0.3524597,UNKNOWN
232603560,14.4348737,UNKNOWN
232608943,82.6901439,UNKNOWN
232612416,4.3601536,UNKNOWN
232624234,11.3630224,UNKNOWN
232628532,18.2598774,UNKNOWN
232632239,3.5322939,UNKNOWN
232635922,5.984871,UNKNOWN
232641326,17.8683999,UNKNOWN
232650365,2.5253323,UNKNOWN
232679662,7.8513774,UNKNOWN
232941965,7.1487697,UNKNOWN
232967440,7.0643978,UNKNOWN
232967666,15.196,UNKNOWN
232971294,6.390888,UNKNOWN
232976128,13.0791581,UNKNOWN
232982558,27.6438617,UNKNOWN
232982938,9.0941239,UNKNOWN
233009109,14.4479828,UNKNOWN
233047097,11.3091849,UNKNOWN
233053554,4.567925,UNKNOWN
233059608,1.4415044,UNKNOWN
233066156,12.379649,UNKNOWN
233068569,8.379057,UNKNOWN
233070717,3.2750907,UNKNOWN
233071822,2.7546548,UNKNOWN
233071926,1.8318623,UNKNOWN
233078665,6.4827647,UNKNOWN
233087860,5.7484439,UNKNOWN
233120979,5.9630544,UNKNOWN
233173039,25.0577354,UNKNOWN
233182695,6.3839247,UNKNOWN
233188747,3.4505658,UNKNOWN
233194447,,UNKNOWN
233211762,1.1219715,UNKNOWN
233266582,6.3962557,UNKNOWN
233266797,7.9039906,UNKNOWN
233287217,3.1642475,UNKNOWN
233390838,6.4474918,UNKNOWN
233409941,4.4247361,UNKNOWN
233415701,5.271813,UNKNOWN
233462817,10.1614815,UNKNOWN
233465389,4.2528141,UNKNOWN
233497719,3.801591,UNKNOWN
233500935,22.048775,UNKNOWN
233503636,3.40612,UNKNOWN
233529335,,UNKNOWN
233533589,23.9712428,UNKNOWN
233535738,16.3558787,UNKNOWN
233541860,0.2666485,UNKNOWN
233569098,23.48522,UNKNOWN
233576159,5.7152049,UNKNOWN
233602827,4.4891367,UNKNOWN
233617847,15.5174519,UNKNOWN
233633993,17.969639,UNKNOWN
233654042,2.0615575,UNKNOWN
233680651,5.1354577,UNKNOWN
233681149,8.5874668,UNKNOWN
233684293,48.4808217,UNKNOWN
233684822,4.6756655,UNKNOWN
233688779,26.4579842,UNKNOWN
233719215,17.356719,UNKNOWN
233720539,2.555332,UNKNOWN
233721037,230.92212,UNKNOWN
233735068,7.6869063,UNKNOWN
233735354,170.3363911,UNKNOWN
233747840,60.8344877,UNKNOWN
233788275,4.7264391,UNKNOWN
233795794,3.1493729,UNKNOWN
233823679,2.7586362,UNKNOWN
233831759,2.9708603,UNKNOWN
233855268,49.5355004,UNKNOWN
233867481,4.1976032,UNKNOWN
23389848,15.64643,UNKNOWN
233948455,1.4822451,UNKNOWN
233951353,22.092974,UNKNOWN
233953967,5.5402372,UNKNOWN
233964642,17.9160113,UNKNOWN
233964924,17.9217736,UNKNOWN
234009062,9.5366313,UNKNOWN
234112540,4.0379012,UNKNOWN
234160911,5.3376282,UNKNOWN
234187289,5.1836578,UNKNOWN
234282389,0.7320175,UNKNOWN
234330672,3.8300359,UNKNOWN
234345288,23.5199045,UNKNOWN
23434737,25.5195307,UNKNOWN
23435610,5.20807,UNKNOWN
234388232,10.3883213,UNKNOWN
234489133,3.5985851,UNKNOWN
234489976,3.86866,UNKNOWN
234519192,1.1630372,UNKNOWN
234523599,3.7955178,UNKNOWN
234527228,0.5136096,UNKNOWN
234540647,4.3430254,UNKNOWN
234595543,1.4893903,UNKNOWN
234603808,3.6746814,UNKNOWN
234825296,9.2432303,UNKNOWN
234832821,0.7460577,UNKNOWN
234958949,5.1409029,UNKNOWN
234994474,1.4015183,UNKNOWN
235015217,4.0863647,UNKNOWN
235037761,6.2407826,UNKNOWN
235057120,13.1742812,UNKNOWN
235072851,3.1191196,UNKNOWN
235077268,0.3559702,UNKNOWN
235078021,5.2192426,UNKNOWN
235283051,9.3137821,UNKNOWN
235300016,6.8204309,UNKNOWN
235333495,4.1554362,UNKNOWN
235448190,6.9724832,UNKNOWN
235664497,2.3757662,UNKNOWN
235678745,17.664866,UNKNOWN
235683377,0.4090681,UNKNOWN
235684392,21.7894491,UNKNOWN
235684964,5.468394,UNKNOWN
235711993,11.7672708,UNKNOWN
235717158,2.4141149,UNKNOWN
235901733,170.6465146,UNKNOWN
235902467,12.2740928,UNKNOWN
235905185,6.2895835,UNKNOWN
235937532,3.7321195,UNKNOWN
235943205,121.3342908,UNKNOWN
236158940,2.677573,UNKNOWN
236312126,3.9415041,UNKNOWN
23638678,1.1544795,UNKNOWN
236387002,7.2008611,UNKNOWN
236445129,0.9689927,UNKNOWN
23650642,1.12355,UNKNOWN
236632480,7.4244269,UNKNOWN
236638487,4.4064273,UNKNOWN
236644754,2.9257773,UNKNOWN
236714379,1.0180114,UNKNOWN
236775063,0.7409429,UNKNOWN
236785891,0.9292334,UNKNOWN
236815160,2.534612,UNKNOWN
236817690,16.7788188,UNKNOWN
236887394,1.4200248,UNKNOWN
236934268,7.0767314,UNKNOWN
236934937,9.405877,UNKNOWN
237015185,11.1801504,UNKNOWN
237019002,8.6145655,UNKNOWN
237071229,11.2479927,UNKNOWN
237077180,3.2292942,UNKNOWN
237086564,1.8718991,UNKNOWN
237097499,9.5197732,UNKNOWN
237099296,11.3373614,UNKNOWN
237101326,1.5373948,UNKNOWN
237104103,4.5371361,UNKNOWN
237108272,22.7873,UNKNOWN
237108775,6.2948747,UNKNOWN
237184773,6.5011911,UNKNOWN
237185205,15.7335693,UNKNOWN
237200747,14.3034613,UNKNOWN
237201858,179.4031712,UNKNOWN
237204346,6.5452014,UNKNOWN
237205154,5.8929985,UNKNOWN
237211410,12.5520766,UNKNOWN
237221436,10.6001229,UNKNOWN
237222864,10.288886,UNKNOWN
237232044,23.5407467,UNKNOWN
237235093,2.6834113,UNKNOWN
23725901,6.2185453,UNKNOWN
237320326,1.7771109,UNKNOWN
237332812,11.8918633,UNKNOWN
237358490,5.2916448,UNKNOWN
237362186,7.1185659,UNKNOWN
23740089,9.862756,UNKNOWN
237405551,4.8744903,UNKNOWN
237406657,3.7482756,UNKNOWN
237552878,4.7838171,UNKNOWN
237603062,2.6689906,UNKNOWN
237632488,0.5209929,UNKNOWN
237637903,4.1034672,UNKNOWN
237664324,11.4961458,UNKNOWN
23769326,7.4332642,UNKNOWN
237700098,5.0467874,UNKNOWN
237736186,4.9208778,UNKNOWN
237751146,1.669769,UNKNOWN
237770757,1.7932884,UNKNOWN
237808867,0.56708,UNKNOWN
237885040,5.6601098,UNKNOWN
237909527,9.6804752,UNKNOWN
237913194,15.1689723,UNKNOWN
237914496,3.568141,UNKNOWN
237920046,5.9312003,UNKNOWN
237922465,8.2754608,UNKNOWN
237924601,1.0021853,UNKNOWN
237928815,8.6729683,UNKNOWN
237929468,25.8663869,UNKNOWN
238004786,0.3096062,UNKNOWN
238012337,3.9791023,UNKNOWN
238020894,0.8602467,UNKNOWN
238059180,5.1119781,UNKNOWN
238061845,1.6843068,UNKNOWN
238086647,1.3523942,UNKNOWN
238124845,8.0850515,UNKNOWN
23814735,4.7981694,UNKNOWN
23815847,3.0654283,UNKNOWN
238162973,11.8885643,UNKNOWN
238164799,7.5480709,UNKNOWN
238171173,4.476922,UNKNOWN
238176110,2.7985802,UNKNOWN
238197638,7.2766004,UNKNOWN
238197709,13.7252522,UNKNOWN
238239232,4.3041912,UNKNOWN
238279960,7.4894672,UNKNOWN
238317637,5.1494363,UNKNOWN
238335094,4.3897272,UNKNOWN
238374636,1.3214483,UNKNOWN
238394308,34.3299701,UNKNOWN
238506223,11.2320736,UNKNOWN
238542895,8.3848067,UNKNOWN
238586172,3.4732399,UNKNOWN
238597883,3.5730141,UNKNOWN
238606535,702.469227,UNKNOWN
238624131,3.4945148,UNKNOWN
23863105,3.3079817,UNKNOWN
23863106,3.3078803,UNKNOWN
238751619,0.8236066,UNKNOWN
238854767,16.3764188,UNKNOWN
238898571,0.5251251,UNKNOWN
238914510,1.6763835,UNKNOWN
238920875,6.5346715,UNKNOWN
238932509,3.4934316,UNKNOWN
238959233,4.6612817,UNKNOWN
23912656,2.7705702,UNKNOWN
239134248,3.8850001,UNKNOWN
239136269,1.0590994,UNKNOWN
239154970,3.4744763,UNKNOWN
239159011,15.8034785,UNKNOWN
239198720,,UNKNOWN
239277658,3.2509657,UNKNOWN
239332587,0.9263237,UNKNOWN
239361732,4.009823,UNKNOWN
239372503,0.8560277,UNKNOWN
23937608,2.8091879,UNKNOWN
239529652,4.0387941,UNKNOWN
239541449,1.9261183,UNKNOWN
239542854,3.6948038,UNKNOWN
239585909,1.6127665,UNKNOWN
23961340,10.5137924,UNKNOWN
239628993,1.9410635,UNKNOWN
239638934,6.0027375,UNKNOWN
239722954,1.4958429,UNKNOWN
239816546,2.9887654,UNKNOWN
239823606,8.1309123,UNKNOWN
23982469,4.3745757,UNKNOWN
239977528,30.1584857,UNKNOWN
240148934,2.02365,UNKNOWN
240450679,3.37644,UNKNOWN
240535286,2.9814911,UNKNOWN
240613164,1.99143,UNKNOWN
240681314,2.7324809,UNKNOWN
240714633,18.0370154,UNKNOWN
240823272,9.0881638,UNKNOWN
240849748,17.7256773,UNKNOWN
240864953,3.3210331,UNKNOWN
24094603,4.07611,UNKNOWN
240959810,3.3411398,UNKNOWN
240968774,5.9711357,UNKNOWN
240989628,10.0755592,UNKNOWN
241040309,3.4648951,UNKNOWN
241062925,6.2378654,UNKNOWN
241065596,1.6256942,UNKNOWN
241076290,0.2580006,UNKNOWN
241102583,1.7386091,UNKNOWN
24113219,4.197866,UNKNOWN
241135327,2.4145007,UNKNOWN
241173474,11.44192,UNKNOWN
241174783,4.0802864,UNKNOWN
241196395,2.0937563,UNKNOWN
241225337,1.8308782,UNKNOWN
241297273,8.4325164,UNKNOWN
241326434,6.8380862,UNKNOWN
241442273,17.4756122,UNKNOWN
241514551,3.8600722,UNKNOWN
241525834,1.9647786,UNKNOWN
241569046,2.2310803,UNKNOWN
241592217,3.8647617,UNKNOWN
241638905,5.0414219,UNKNOWN
241752370,3.224746,UNKNOWN
242083025,0.6466988,UNKNOWN
242120884,0.6227257,UNKNOWN
242190195,4.075051,UNKNOWN
2422820,13.8911152,UNKNOWN
242389810,3.0271374,UNKNOWN
242460075,2.9098435,UNKNOWN
242532142,2.5354002,UNKNOWN
242536549,0.6923563,UNKNOWN
242674266,2.9069573,UNKNOWN
243011228,4.1249095,UNKNOWN
243014114,19.5620458,UNKNOWN
243030574,2.1659522,UNKNOWN
243153196,10.1391591,UNKNOWN
243185500,15.5324385,UNKNOWN
243187830,1071.0898448,UNKNOWN
243200602,11.5509742,UNKNOWN
243208884,4.7645838,UNKNOWN
243244680,19.4921473,UNKNOWN
243280335,4.3202706,UNKNOWN
243283955,8.407133,UNKNOWN
243297296,3.585982,UNKNOWN
243313296,1.4663344,UNKNOWN
243333538,2.9985667,UNKNOWN
243335710,13.7045951,UNKNOWN
243464977,3.6491012,UNKNOWN
243476396,0.5979368,UNKNOWN
243550555,11.5379235,UNKNOWN
24358417,22.6539607,UNKNOWN
2436378,8.53161917,FALSE_POSITIVE
24364065,4.05135,UNKNOWN
243641947,2.5926199,UNKNOWN
2437060,3.187087241,FALSE_POSITIVE
2437112,18.79852,FALSE_POSITIVE
2437149,18.79862195,FALSE_POSITIVE
2437209,281.36926,FALSE_POSITIVE
2437452,7.234965722,FALSE_POSITIVE
2437488,14.46993942,FALSE_POSITIVE
2437505,21.47642727,FALSE_POSITIVE
2437653,84.6405853,UNKNOWN
2437783,7.45306683,FALSE_POSITIVE
2437804,7.45301717,FALSE_POSITIVE
2437897,1.65320144,FALSE_POSITIVE
2438061,2.442941283,FALSE_POSITIVE
2438062,2.44295727,FALSE_POSITIVE
2438070,2.442945167,FALSE_POSITIVE
2438264,15.90688891,CONFIRMED
2438406,262.71162,FALSE_POSITIVE
2438490,3.31577795,FALSE_POSITIVE
2438502,8.360616221,FALSE_POSITIVE
2438513,12.18420006,CONFIRMED
2438517,3.31587688,FALSE_POSITIVE
243921117,3.067816,UNKNOWN
2439243,26.0203329,CONFIRMED
2440757,1.433769925,FALSE_POSITIVE
244089109,2.1376682,UNKNOWN
2441151,2.192009479,FALSE_POSITIVE
2441161,2.192004364,FALSE_POSITIVE
2441495,12.49340725,CONFIRMED
244161191,0.299039,UNKNOWN
244170332,0.4774382,UNKNOWN
2441728,0.856895349,FALSE_POSITIVE
2442084,49.788613011,FALSE_POSITIVE
2442359,0.552834211,FALSE_POSITIVE
2442448,76.6139446,CONFIRMED
2443393,73.711039,UNKNOWN
2444412,14.91095177,CONFIRMED
244487927,2.9817237,UNKNOWN
2445129,10.31872301,FALSE_POSITIVE
2445134,8.412008943,FALSE_POSITIVE
2445154,8.4120069,FALSE_POSITIVE
2445975,3.388887193,FALSE_POSITIVE
2446113,6.71725648,FALSE_POSITIVE
2446134,39.1307086,FALSE_POSITIVE
2446623,175.06586091,FALSE_POSITIVE
2449053,0.73975345,FALSE_POSITIVE
2449074,4.94402197,FALSE_POSITIVE
2449090,4.944046127,FALSE_POSITIVE
2449101,0.739761008,FALSE_POSITIVE
244912396,5.1108509,UNKNOWN
2449245,18.1772927,UNKNOWN
2449431,86.7490807,UNKNOWN
24499407,4.167309,UNKNOWN
245027119,2.0084283,UNKNOWN
2450716,1.38607973,FALSE_POSITIVE
245099574,3.4717583,UNKNOWN
2452289,6.0353643,FALSE_POSITIVE
2452440,8.097050622,FALSE_POSITIVE
2452450,8.0970583,FALSE_POSITIVE
245341495,3.9358604,UNKNOWN
245349211,7.4861705,UNKNOWN
245392284,1.7442831,UNKNOWN
245462406,2.27456,UNKNOWN
245509452,3.246208,UNKNOWN
245665919,6.2144045,UNKNOWN
245728942,4.18438,UNKNOWN
245793479,7.7688831,UNKNOWN
245947683,1.14288,UNKNOWN
24615998,1.2732245,UNKNOWN
24695044,4.164514,UNKNOWN
246965431,4.0785273,UNKNOWN
247166992,5.0280368,UNKNOWN
247172524,3.4363074,UNKNOWN
247180220,0.7702101,UNKNOWN
247283054,0.9277787,UNKNOWN
247283596,3.1940809,UNKNOWN
247356332,4.5333993,UNKNOWN
247409676,3.6136326,UNKNOWN
247518629,2.3341583,UNKNOWN
247873937,4.6498719,UNKNOWN
247906954,5.909621,UNKNOWN
247912728,5.0775738,UNKNOWN
248058363,1.1239202,UNKNOWN
248075138,4.9816784,UNKNOWN
248092710,41.4856125,UNKNOWN
248111245,4.6370479,UNKNOWN
248250955,0.3011506,UNKNOWN
24833662,4.2447791,UNKNOWN
24837152,5.5698287,UNKNOWN
248387177,50.6939885,UNKNOWN
248391319,0.7988525,UNKNOWN
248434716,0.7386689,UNKNOWN
248434780,12.8643168,UNKNOWN
248650906,,UNKNOWN
248655096,2.7625084,UNKNOWN
248655556,13.1147744,UNKNOWN
248689510,3.0421828,UNKNOWN
248690688,3.121702,UNKNOWN
248769312,3.7570477,UNKNOWN
248853232,3.8681492,UNKNOWN
249067445,0.8317937,UNKNOWN
249776059,1.1797412,UNKNOWN
249812036,5.7785318,UNKNOWN
249862365,0.98999,UNKNOWN
249884767,16.672227,UNKNOWN
249945230,1098.2258586,UNKNOWN
250111245,2.9304371,UNKNOWN
250189842,5.0274739,UNKNOWN
250306572,1.6089592,UNKNOWN
250330564,4.3852176,UNKNOWN
250386181,1.470258,UNKNOWN
250478345,2.4228387,UNKNOWN
250484865,0.76189,UNKNOWN
250707118,5.7238582,UNKNOWN
250724252,0.5596691,UNKNOWN
2507547,9.7831931,UNKNOWN
250803548,4.4543921,UNKNOWN
250839071,3.4926045,UNKNOWN
250977648,4.6080854,UNKNOWN
250983039,2.3007511,UNKNOWN
251039147,6.6629951,UNKNOWN
251086776,726.1175225,UNKNOWN
251090642,20.0417055,UNKNOWN
251094370,5.1660127,UNKNOWN
251111783,7.9144674,UNKNOWN
251186192,2.9538158,UNKNOWN
251209368,3.0071496,UNKNOWN
251384275,1099.2560385,UNKNOWN
25139786,1.5933772,UNKNOWN
25154148,27.4839254,UNKNOWN
25155310,3.2887898,UNKNOWN
251594291,12.9589981,UNKNOWN
251652214,7.27299,UNKNOWN
251705938,2.9124991,UNKNOWN
251743761,3.930467,UNKNOWN
251803342,8.9093753,UNKNOWN
251848941,6.5578513,UNKNOWN
251852984,2.7723915,UNKNOWN
251855940,4.0463709,UNKNOWN
251878904,1.7025848,UNKNOWN
251894891,5.5133822,UNKNOWN
252045206,34.0796886,UNKNOWN
252049912,3.8522402,UNKNOWN
252071095,2.2171904,UNKNOWN
252118701,4.9777448,UNKNOWN
25212199,7.5520411,UNKNOWN
252430813,4.3701795,UNKNOWN
252469648,5.9133875,UNKNOWN
252474634,4.1124956,UNKNOWN
252479260,3.2122302,UNKNOWN
252481136,7.9454767,UNKNOWN
252490659,1132.0244686,UNKNOWN
252537013,7.0469712,UNKNOWN
252549844,3.0789699,UNKNOWN
252585354,2.4784193,UNKNOWN
252610172,4.3518774,UNKNOWN
252616865,5.7121916,UNKNOWN
252636888,2.590266,UNKNOWN
252851803,4.9826868,UNKNOWN
252876117,3.6346303,UNKNOWN
252912175,17.6229161,UNKNOWN
252913663,4.4284676,UNKNOWN
252928337,19.8628449,UNKNOWN
253030300,2.8300213,UNKNOWN
253044312,11.2005651,UNKNOWN
253054954,17.8961832,UNKNOWN
253126207,17.4368079,UNKNOWN
253132689,3.217824,UNKNOWN
25334160,2.56876,UNKNOWN
253434221,7.4997158,UNKNOWN
253728991,2.98278,UNKNOWN
25375553,2.3109689,UNKNOWN
253788533,2.7142282,UNKNOWN
253857911,3.1539313,UNKNOWN
253864764,3.4268387,UNKNOWN
253917292,4.6086414,UNKNOWN
253917293,4.608,UNKNOWN
253961767,2.2355936,UNKNOWN
253990973,0.540933,UNKNOWN
254113311,8.34998,UNKNOWN
254141733,4.243624,UNKNOWN
254142310,9.3108074,UNKNOWN
254174907,4.1518071,UNKNOWN
254209017,1.7278017,UNKNOWN
254296853,3.334884,UNKNOWN
254301731,0.6541517,UNKNOWN
254629854,0.9714298,UNKNOWN
25472026,4.2422767,UNKNOWN
254909777,2.1301227,UNKNOWN
2554853,309.494217,FALSE_POSITIVE
2555080,15.2024426,UNKNOWN
255560319,49.6178223,UNKNOWN
255588086,0.8970559,UNKNOWN
2556650,2.852348262,CONFIRMED
255685030,5.5451661,UNKNOWN
255704097,6.015802,UNKNOWN
2557350,3.09872834,UNKNOWN
255735567,6.3780197,UNKNOWN
2557430,0.648868342,FALSE_POSITIVE
255756918,4.0646554,UNKNOWN
255760319,7.21048,UNKNOWN
255768108,1.0815202,UNKNOWN
255780160,3.8783341,UNKNOWN
2557816,9.3789167,CONFIRMED
2558163,17.543847,UNKNOWN
2558363,0.54624855,FALSE_POSITIVE
2558370,0.546248198,FALSE_POSITIVE
255851356,2.4018591,UNKNOWN
255865833,4.6546139,UNKNOWN
255907107,7.924204,UNKNOWN
255909950,1.82856,UNKNOWN
255918903,1.7201092,UNKNOWN
255928426,4.2366102,UNKNOWN
255930614,2.8758831,UNKNOWN
255998336,6.7735083,UNKNOWN
256046749,7.1476512,UNKNOWN
256124756,2.231293,UNKNOWN
256154857,0.701239,UNKNOWN
256158543,5.0648278,UNKNOWN
25624952,3.1239462,UNKNOWN
256326844,10.6893108,UNKNOWN
256349966,14.5877856,UNKNOWN
256364928,2.2185748,UNKNOWN
256414077,3.01106,UNKNOWN
256418577,3.3683989,UNKNOWN
256429408,,UNKNOWN
256561562,1.8951273,UNKNOWN
256576519,17.6037996,UNKNOWN
256584532,5.4397285,UNKNOWN
256621916,1.4136455,UNKNOWN
256722647,2.9224661,UNKNOWN
256778317,6.2157513,UNKNOWN
256783400,33.5792968,UNKNOWN
256783784,6.1095756,UNKNOWN
256867493,4.6709424,UNKNOWN
256886630,2.03905,UNKNOWN
2568971,5.088582739,FALSE_POSITIVE
2569488,1.52327807,FALSE_POSITIVE
2569494,1.523298835,FALSE_POSITIVE
2569516,45.5827119,FALSE_POSITIVE
2569995,80.84069,UNKNOWN
2570432,1.89140138,FALSE_POSITIVE
2570505,1.89129338,FALSE_POSITIVE
257052211,2.2175244,UNKNOWN
257056367,19.2445211,UNKNOWN
257060897,3.660032,UNKNOWN
257067559,3.4843271,UNKNOWN
2570767,1.89124453,FALSE_POSITIVE
2570773,1.8912851,FALSE_POSITIVE
2571075,1.89134201,FALSE_POSITIVE
2571238,9.286964466,CONFIRMED
2572029,6.0059966,UNKNOWN
257207557,3.6153701,UNKNOWN
257241363,5.5870396,UNKNOWN
2573056,0.631795416,FALSE_POSITIVE
2573108,5.09506,FALSE_POSITIVE
2574201,37.4783492,FALSE_POSITIVE
2574338,9.22961384,CONFIRMED
2574543,6.70258007,FALSE_POSITIVE
257467784,13.9285074,UNKNOWN
257520272,12.1525595,UNKNOWN
257527578,54.3212423,UNKNOWN
257531677,3.946066,UNKNOWN
257562160,0.3852177,UNKNOWN
257567854,3.532822,UNKNOWN
25758870,10.3473602,UNKNOWN
257605131,16.364873,UNKNOWN
2576107,205.5833309,FALSE_POSITIVE
2576197,2.217038096,FALSE_POSITIVE
2576224,2.21701025,FALSE_POSITIVE
2576692,87.87826191,FALSE_POSITIVE
2576962,309.25581,UNKNOWN
25773352,5.3438948,UNKNOWN
2577353,60.458443,UNKNOWN
257774438,15.3886607,UNKNOWN
2578017,0.592562969,FALSE_POSITIVE
2578811,6.2095391,FALSE_POSITIVE
2579043,6.31219171,UNKNOWN
257922326,3.133469,UNKNOWN
25799609,11.1178464,UNKNOWN
258037656,4.0331416,UNKNOWN
258051471,8.3548746,UNKNOWN
2580872,15.926632768,FALSE_POSITIVE
2581191,1.99042642,FALSE_POSITIVE
2581316,217.83184293,CONFIRMED
2581554,47.1484324,CONFIRMED
258234731,6.4240944,UNKNOWN
258279359,10.5637482,UNKNOWN
2582800,615.16033,FALSE_POSITIVE
2583777,0.958116585,FALSE_POSITIVE
258389327,26.5456672,UNKNOWN
258402425,0.67554,UNKNOWN
258409964,5.4863844,UNKNOWN
2584163,14.5598556,CONFIRMED
258510872,6.5440665,UNKNOWN
258514800,0.4702719,UNKNOWN
258557847,3.965824,UNKNOWN
258634801,7.0548729,UNKNOWN
258738570,4.1877227,UNKNOWN
258738667,6.4389303,UNKNOWN
258741560,1.8859353,UNKNOWN
258776466,7.4108495,UNKNOWN
258777134,5.929405,UNKNOWN
258777137,5.9294088,UNKNOWN
258796169,1.5538188,UNKNOWN
258801269,5.48923,UNKNOWN
258804746,0.224195,UNKNOWN
258822347,30.7331484,UNKNOWN
258829450,1.8347892,UNKNOWN
258871793,9.1469122,UNKNOWN
258917846,32.291901,UNKNOWN
258920431,5.9839451,UNKNOWN
258940847,5.9867942,UNKNOWN
258983679,1.4711386,UNKNOWN
259099556,1.6290926,UNKNOWN
259100469,25.763332,UNKNOWN
25911962,0.745637,UNKNOWN
259126549,7.3845072,UNKNOWN
259129875,0.43889,UNKNOWN
259151170,,UNKNOWN
259165246,2.6926692,UNKNOWN
259168516,4.8026561,UNKNOWN
259172249,4.2914879,UNKNOWN
259172391,9.8130697,UNKNOWN
259188347,25.5249554,UNKNOWN
259230140,14.3171998,UNKNOWN
259233660,0.4489589,UNKNOWN
259238498,26.6796741,UNKNOWN
259274960,31.4001189,UNKNOWN
259330386,15.1389808,UNKNOWN
259353953,1.4635019,UNKNOWN
259377017,5.6605693,UNKNOWN
259381479,3.9461778,UNKNOWN
259389219,2.3250156,UNKNOWN
259415341,3.648769,UNKNOWN
259502942,2.1653281,UNKNOWN
259506033,1.9025032,UNKNOWN
259511357,2.4759733,UNKNOWN
259592689,,UNKNOWN
25959926,15.5106583,UNKNOWN
259606227,10.1298877,UNKNOWN
259701242,2.48548,UNKNOWN
259708416,5.3802465,UNKNOWN
259810421,2.5048108,UNKNOWN
259863352,21.701669,UNKNOWN
259884973,2.8411187,UNKNOWN
259901731,11.4856846,UNKNOWN
259962054,51.94509,UNKNOWN
260004324,3.8143009,UNKNOWN
260040728,6.3111727,UNKNOWN
260043723,3.1385875,UNKNOWN
260120451,11.8790678,UNKNOWN
260128333,95.174,UNKNOWN
260130483,88.9350637,UNKNOWN
26017005,4.0984741,UNKNOWN
26018819,3.9783327,UNKNOWN
260189643,2.054238,UNKNOWN
260271203,5.6492853,UNKNOWN
260298958,0.8891483,UNKNOWN
260304296,0.5125807,UNKNOWN
260304800,3.4405946,UNKNOWN
260367888,46.3810093,UNKNOWN
260417932,19.3106015,UNKNOWN
26046851,6.6802856,UNKNOWN
260476837,2.23294,UNKNOWN
26051436,3.6689529,UNKNOWN
260537454,6.3187442,UNKNOWN
260539542,37.8575614,UNKNOWN
260541432,0.8715953,UNKNOWN
26054627,3.3176675,UNKNOWN
260609205,4.4617755,UNKNOWN
260640693,95.2391755,UNKNOWN
260647166,14.1758947,UNKNOWN
260655847,,UNKNOWN
260708537,1.7447002,UNKNOWN
260761464,3.0827487,UNKNOWN
260767135,5.0769983,UNKNOWN
260776145,10.7012764,UNKNOWN
26078330,8.754708,UNKNOWN
260797169,3.735051,UNKNOWN
260849386,1.0339,UNKNOWN
260962960,3.8901335,UNKNOWN
260985861,3.3399432,UNKNOWN
261020738,2.9204289,UNKNOWN
261108236,16.3469053,UNKNOWN
261135533,0.2381823,UNKNOWN
261136679,6.267832,UNKNOWN
261141602,1.4956727,UNKNOWN
261192051,1.9943104,UNKNOWN
261257684,10.8772748,UNKNOWN
261258875,2.5852,UNKNOWN
261264800,4.7674421,UNKNOWN
261369656,10.95663,UNKNOWN
261646133,42.8614655,UNKNOWN
261679541,2.7492112,UNKNOWN
261680542,3.0449187,UNKNOWN
261867566,3.7395716,UNKNOWN
261944532,5.2456808,UNKNOWN
262016897,15.1458746,UNKNOWN
2621212,,UNKNOWN
262135904,2.0990769,UNKNOWN
262137985,5.6906792,UNKNOWN
262148317,13.9753579,UNKNOWN
262258341,11.994832,UNKNOWN
262330063,7.31523,UNKNOWN
262435954,2.6473916,UNKNOWN
262457587,0.8219599,UNKNOWN
262470965,1.1079142,UNKNOWN
262471759,4.0115394,UNKNOWN
262499797,1.7509117,UNKNOWN
262530407,2.8531016,UNKNOWN
262530780,8.22388,UNKNOWN
262530873,2.24172,UNKNOWN
262531275,2.4843369,UNKNOWN
262584907,0.9494413,UNKNOWN
262662119,4.53347,UNKNOWN
262689575,1.617487,UNKNOWN
262715204,7.1385672,UNKNOWN
262736264,18.2050594,UNKNOWN
262746281,16.1798603,UNKNOWN
262781201,1.3154261,UNKNOWN
262829328,1.0649771,UNKNOWN
262843259,8.1484094,UNKNOWN
262880065,13.9631929,UNKNOWN
262880826,3.9967263,UNKNOWN
262928973,3.2727859,UNKNOWN
263003176,14.3392144,UNKNOWN
26305150,4.21909,UNKNOWN
263075864,4.8103214,UNKNOWN
263179590,3.7382381,UNKNOWN
263203229,5.0061978,UNKNOWN
263207857,12.2981251,UNKNOWN
263218688,1.5076298,UNKNOWN
263486257,4.1245473,UNKNOWN
263723781,6.5433068,UNKNOWN
263723967,15.9669794,UNKNOWN
263748033,4.90826,UNKNOWN
26390980,5.2556421,UNKNOWN
264052454,2.346931,UNKNOWN
26406123,3.7196227,UNKNOWN
264159776,3.9155539,UNKNOWN
264171144,210.668358,UNKNOWN
264173803,4.3954123,UNKNOWN
264193444,21.4930896,UNKNOWN
264223828,1.1789842,UNKNOWN
264295655,2.7741864,UNKNOWN
264301607,0.435435,UNKNOWN
264303333,0.8153098,UNKNOWN
26433869,1.0357235,UNKNOWN
264460005,3.0929206,UNKNOWN
264468702,6.0962241,UNKNOWN
264508014,3.3119026,UNKNOWN
264544388,,UNKNOWN
264678534,16.2016817,UNKNOWN
264691112,4.7554244,UNKNOWN
26469462,11.6986928,UNKNOWN
264912889,1.3697115,UNKNOWN
264979636,17.87897,UNKNOWN
265010875,6.4095555,UNKNOWN
265011923,2.9922495,UNKNOWN
265076459,3.4053234,UNKNOWN
265077027,4.79586,UNKNOWN
265078278,4.0521479,UNKNOWN
265129950,0.7386173,UNKNOWN
265146266,11.9526103,UNKNOWN
265242905,3.7037478,UNKNOWN
265350422,8.4481666,UNKNOWN
265460043,32.8236817,UNKNOWN
26547036,1134.6723963,UNKNOWN
265612438,5.13002,UNKNOWN
265619984,2.8564778,UNKNOWN
265633507,0.9787891,UNKNOWN
26583436,6.1429164,UNKNOWN
26587613,2.0763072,UNKNOWN
265887000,2.503415,UNKNOWN
265979849,4.5661309,UNKNOWN
266023807,0.7394818,UNKNOWN
266213232,4.2605739,UNKNOWN
266401846,3.0423931,UNKNOWN
266425782,2.3467263,UNKNOWN
266441563,6.0049484,UNKNOWN
266486214,9.6355,UNKNOWN
266488971,8.8182594,UNKNOWN
266500992,3.2786617,UNKNOWN
266593143,10.338505,UNKNOWN
266609407,2.4766677,UNKNOWN
266688542,2.9424142,UNKNOWN
266772500,2.9508097,UNKNOWN
266843799,0.8062768,UNKNOWN
26693519,6.1539077,UNKNOWN
266980320,6.0344667,UNKNOWN
267093376,17.14012,UNKNOWN
267197567,22.7273078,UNKNOWN
267215820,2.2623535,UNKNOWN
267263253,4.1269046,UNKNOWN
267373896,4.1584817,UNKNOWN
267414551,4.7631,UNKNOWN
267484403,5.4021326,UNKNOWN
267484653,1.7384809,UNKNOWN
267489265,1.5502952,UNKNOWN
267527924,1.8080364,UNKNOWN
267536225,7.5010022,UNKNOWN
267545252,3.3792358,UNKNOWN
267561446,1.283251,UNKNOWN
267572272,2.7974757,UNKNOWN
267574918,1.4079369,UNKNOWN
267617257,2.4398136,UNKNOWN
267650535,4.0088245,UNKNOWN
267694283,1112.7562924,UNKNOWN
267712001,2.8281656,UNKNOWN
267808774,14.2317652,UNKNOWN
267810289,3.8558229,UNKNOWN
267817947,11.656295,UNKNOWN
267834862,18.0214321,UNKNOWN
267861788,6.3854622,UNKNOWN
267867517,2.6816329,UNKNOWN
268042363,4.6141256,UNKNOWN
268125229,3.5947639,UNKNOWN
268143410,3.1479748,UNKNOWN
268159158,4.7082414,UNKNOWN
268172361,2.1803154,UNKNOWN
268187322,5.479335,UNKNOWN
26826078,2.8753183,UNKNOWN
268301217,0.9466787,UNKNOWN
268334473,16.7368995,UNKNOWN
268371979,2.78102,UNKNOWN
268372005,6.4274159,UNKNOWN
268403451,2.8641388,UNKNOWN
268405086,6.8242909,UNKNOWN
268439377,0.9855374,UNKNOWN
268456052,1.6025971,UNKNOWN
268496304,5.9492615,UNKNOWN
268532343,5.84259,UNKNOWN
2685481,4.136488,UNKNOWN
268604331,5.0141991,UNKNOWN
268643535,8.9612626,UNKNOWN
268644785,3.3294649,UNKNOWN
26865340,5.7380349,UNKNOWN
268689126,5.2376102,UNKNOWN
268727719,0.6257352,UNKNOWN
268766053,3.3098458,UNKNOWN
26880783,1.7753644,UNKNOWN
268823307,3.5484481,UNKNOWN
268914377,2.1538959,UNKNOWN
268924036,2.0523417,UNKNOWN
269043098,4.7253516,UNKNOWN
269077474,1.3164901,UNKNOWN
269102377,3.5899561,UNKNOWN
269130683,49.2145201,UNKNOWN
269190305,4.1583367,UNKNOWN
269217040,4.1661265,UNKNOWN
269231011,2.9650741,UNKNOWN
2692377,1.541676547,CONFIRMED
269238073,6.1461734,UNKNOWN
269243313,9.7348295,UNKNOWN
269249506,4.0185922,UNKNOWN
269269546,4.45417,UNKNOWN
269269740,1.8639309,UNKNOWN
269278156,4.413935,UNKNOWN
2693092,39.841522897,FALSE_POSITIVE
269330087,3.8850223,UNKNOWN
269333648,64.5947,UNKNOWN
269341832,2.7297541,UNKNOWN
269343479,4.1279985,UNKNOWN
269372232,2.1250402,UNKNOWN
2693736,12.12401737,CONFIRMED
269400980,9.8302309,UNKNOWN
269424395,2.41872,UNKNOWN
269439355,3.3898234,UNKNOWN
269450900,2.32439,UNKNOWN
2694632,0.92225589,FALSE_POSITIVE
269488987,2.8474853,UNKNOWN
269509393,1.76589,UNKNOWN
2695110,44.18938922,FALSE_POSITIVE
269514008,5.4149624,UNKNOWN
269558487,1.8301156,UNKNOWN
269568703,6.772626,UNKNOWN
2696205,0.702739679,UNKNOWN
2696703,6.09406648,FALSE_POSITIVE
269701147,8.8803281,UNKNOWN
2697169,14.71266408,FALSE_POSITIVE
269728501,2.0844882,UNKNOWN
2697935,21.5135234,FALSE_POSITIVE
269838674,12.612483,UNKNOWN
269849065,4.2290856,UNKNOWN
269850928,4.724665,UNKNOWN
269859655,2.9919962,UNKNOWN
269892793,1.7729239,UNKNOWN
26999884,2.9944941,UNKNOWN
270048796,1.763034,UNKNOWN
270075071,4.2839945,UNKNOWN
270132709,4.2807899,UNKNOWN
270204383,3.3335134,UNKNOWN
270219048,2.6820061,UNKNOWN
270238522,1.36991,UNKNOWN
270333769,4.1207509,UNKNOWN
270341214,29.7537451,UNKNOWN
270342589,4.4343277,UNKNOWN
270347814,2.8740048,UNKNOWN
270355392,5.0256637,UNKNOWN
270380593,3.8361623,UNKNOWN
27039476,2.2251639,UNKNOWN
270406298,15.057596,UNKNOWN
270435047,1.8011961,UNKNOWN
270456887,2.2685932,UNKNOWN
270457662,3.1510024,UNKNOWN
270468559,4.6418435,UNKNOWN
270471065,2.7765784,UNKNOWN
270471727,10.4562977,UNKNOWN
270472265,2.7492277,UNKNOWN
270494650,60.3541599,UNKNOWN
270507305,1.2282706,UNKNOWN
270515566,10.0509704,UNKNOWN
270604417,7.5427509,UNKNOWN
27064468,5.4589863,UNKNOWN
270649648,3.919695,UNKNOWN
270677031,4.3217658,UNKNOWN
270679144,11.2120396,UNKNOWN
2707097,0.692807507,FALSE_POSITIVE
270711339,1.4790072,UNKNOWN
270716565,6.0879495,UNKNOWN
2707916,1.89124738,FALSE_POSITIVE
2707985,1.89127438,FALSE_POSITIVE
2708156,1.891268461,FALSE_POSITIVE
2708172,1.89114441,FALSE_POSITIVE
2708203,1.89125855,FALSE_POSITIVE
2708221,1.8912501,FALSE_POSITIVE
2708270,1.89125883,FALSE_POSITIVE
2708278,1.89124187,FALSE_POSITIVE
2708286,1.89131005,FALSE_POSITIVE
2708343,1.8913182,FALSE_POSITIVE
270841724,18.90372,UNKNOWN
2708420,1.89129881,FALSE_POSITIVE
2708445,1.89117723,FALSE_POSITIVE
2708614,52.884577,FALSE_POSITIVE
2708885,1.146934644,FALSE_POSITIVE
2710101,28.88008607,FALSE_POSITIVE
271017537,0.5418555,UNKNOWN
271035369,4.7962078,UNKNOWN
271042173,0.476873,UNKNOWN
271042217,1.8555745,UNKNOWN
271052158,5.9605542,UNKNOWN
2710623,1.02087831,FALSE_POSITIVE
2711114,1.429439352,FALSE_POSITIVE
2711123,2.858879267,FALSE_POSITIVE
2711131,2.85889907,FALSE_POSITIVE
2711597,0.98041685,FALSE_POSITIVE
271167979,0.3093954,UNKNOWN
271168962,5.3220505,UNKNOWN
271169413,3.9649053,UNKNOWN
2712825,18.384953,FALSE_POSITIVE
2713018,66.713573,FALSE_POSITIVE
2713049,2.539183147,CONFIRMED
271307949,1.9326573,UNKNOWN
271354351,3.905126,UNKNOWN
271424111,3.2687063,UNKNOWN
271431851,7.8864218,UNKNOWN
271439193,6.2329571,UNKNOWN
271478281,15.3419095,UNKNOWN
271486001,5.3945125,UNKNOWN
271491157,2.91615,UNKNOWN
2715135,5.747711909,CONFIRMED
2715695,4.09578199,CONFIRMED
271581073,2.66903,UNKNOWN
271596225,1.8007935,UNKNOWN
271596418,0.556109,UNKNOWN
2716801,42.5217006,CONFIRMED
2716853,18.82744023,CONFIRMED
2716979,8.8324193,UNKNOWN
2717158,13.2226149,CONFIRMED
271722899,19.2998,UNKNOWN
271747067,2.8976822,UNKNOWN
271749758,11.714447,UNKNOWN
271761420,3.3501179,UNKNOWN
271806353,3.4391152,UNKNOWN
2718778,3.92453009,CONFIRMED
271891552,3.5775562,UNKNOWN
271893367,5.8574075,UNKNOWN
271898990,1.747633,UNKNOWN
271900960,13.45913,UNKNOWN
27194429,0.5553244,UNKNOWN
271971130,19.2879579,UNKNOWN
2719873,17.279290765,FALSE_POSITIVE
2720309,0.413334492,FALSE_POSITIVE
2720354,2.821328194,FALSE_POSITIVE
272049972,1.0960111,UNKNOWN
272050287,8.503614,UNKNOWN
2720514,1.371288853,FALSE_POSITIVE
2720828,1.71659304,FALSE_POSITIVE
272086159,16.155373,UNKNOWN
2721030,6.10027621,CONFIRMED
272125414,,UNKNOWN
272146465,5.8049376,UNKNOWN
272167060,8.4130034,UNKNOWN
272211398,11.6484665,UNKNOWN
272212970,1.6091845,UNKNOWN
272213425,4.3247708,UNKNOWN
272218608,3.1777383,UNKNOWN
272219353,3.5434689,UNKNOWN
272236017,2.4156482,UNKNOWN
272251987,3.3047459,UNKNOWN
27230283,6.13049,UNKNOWN
272366748,3.8555897,UNKNOWN
27244707,1.6882863,UNKNOWN
272519426,2.8900249,UNKNOWN
272625214,5.2469991,UNKNOWN
272635712,12.71672,UNKNOWN
272645619,2.8396238,UNKNOWN
272670038,104.2892798,UNKNOWN
272672133,3.493958,UNKNOWN
272679240,20.1546939,UNKNOWN
272707711,2.6890703,UNKNOWN
272758199,3.6610026,UNKNOWN
272768631,7.3120981,UNKNOWN
272782321,10.1045108,UNKNOWN
272782368,2.4157665,UNKNOWN
272785423,3.2399875,UNKNOWN
272828463,1.577609,UNKNOWN
272829240,21.7276636,UNKNOWN
272840455,6.8733768,UNKNOWN
272885406,4.3653308,UNKNOWN
27294830,0.7135221,UNKNOWN
272983172,4.3205081,UNKNOWN
272994016,3.0496565,UNKNOWN
273069412,3.5399394,UNKNOWN
27318774,3.2432488,UNKNOWN
273231214,22.3428773,UNKNOWN
273234825,125.8659048,UNKNOWN
273270473,2.7086444,UNKNOWN
273418421,97.6087634,UNKNOWN
273690178,14.8589888,UNKNOWN
273695332,6.9309657,UNKNOWN
273774284,17.2182695,UNKNOWN
273780062,15.2501659,UNKNOWN
273850708,1.8531628,UNKNOWN
273861354,14.0016382,UNKNOWN
273874849,1.4857148,UNKNOWN
273985865,3.4239436,UNKNOWN
274002141,1.6197991,UNKNOWN
274017513,26.3333899,UNKNOWN
274057129,1.0495702,UNKNOWN
274075364,4.1632657,UNKNOWN
274122380,2.873138,UNKNOWN
274137295,5.5261155,UNKNOWN
274138511,2.774207,UNKNOWN
27414976,3.9759251,UNKNOWN
274151135,10.8680523,UNKNOWN
274170255,1.41072,UNKNOWN
274193763,7.57017,UNKNOWN
274194927,14.3614789,UNKNOWN
274198407,4.662632,UNKNOWN
274215536,1.3341738,UNKNOWN
274223601,2.2465076,UNKNOWN
274367763,3.8795023,UNKNOWN
274411493,7.1554749,UNKNOWN
274472658,13.2329062,UNKNOWN
274545328,2.3907751,UNKNOWN
27459498,7.3105415,UNKNOWN
274599700,,UNKNOWN
274641986,3.1872086,UNKNOWN
274662200,1.2284388,UNKNOWN
274762761,1.0332441,UNKNOWN
27476314,2.8817237,UNKNOWN
27491137,10.3563596,UNKNOWN
274911400,5.1873583,UNKNOWN
274911536,4.4163989,UNKNOWN
274942910,1.0793011,UNKNOWN
274974693,4.1539244,UNKNOWN
275111900,8.0428575,UNKNOWN
275248683,0.53079,UNKNOWN
27534138,28.5410557,UNKNOWN
275384718,7.72433,UNKNOWN
275421144,3.8426038,UNKNOWN
275501623,1.67346,UNKNOWN
275527293,3.1501356,UNKNOWN
275562670,1.5810556,UNKNOWN
275702126,6.5718534,UNKNOWN
275703182,25.8944827,UNKNOWN
275717567,4.1723,UNKNOWN
275722992,6.5601782,UNKNOWN
275758701,1.18803,UNKNOWN
2758565,3.7815683,UNKNOWN
275887811,6.481666,UNKNOWN
2760219,4.6612025,UNKNOWN
2760710,,UNKNOWN
276128561,3.2877916,UNKNOWN
276250096,3.5653226,UNKNOWN
27635334,4.7335575,UNKNOWN
276360911,0.44482,UNKNOWN
276376289,30.1181254,UNKNOWN
276380902,0.6171788,UNKNOWN
276381737,15.9929608,UNKNOWN
276385231,10.3486661,UNKNOWN
27649847,1.5428486,UNKNOWN
276647494,10.1923252,UNKNOWN
276704866,3.0200448,UNKNOWN
276735500,6.7107895,UNKNOWN
27677846,5.6309047,UNKNOWN
276909255,5.2554768,UNKNOWN
276922692,13.1689848,UNKNOWN
277014266,1.3797091,UNKNOWN
277034534,23.7123919,UNKNOWN
277039287,21.0562422,UNKNOWN
277099925,0.8086308,UNKNOWN
277103955,1.3090665,UNKNOWN
277128619,21.4921464,UNKNOWN
277329402,4.5049415,UNKNOWN
277447970,2.237462,UNKNOWN
277499689,4.1223508,UNKNOWN
277505161,3.5884855,UNKNOWN
277507814,0.6166953,UNKNOWN
277538491,3.2404614,UNKNOWN
277566483,24.2544697,UNKNOWN
277634430,2.3260077,UNKNOWN
277683130,6.1982658,UNKNOWN
27769688,88.495683,UNKNOWN
277697921,5.7519475,UNKNOWN
27774415,4.9427985,UNKNOWN
277833423,6.1786733,UNKNOWN
277833995,2.2979915,UNKNOWN
277853911,0.3075961,UNKNOWN
277871306,3.9602774,UNKNOWN
277890574,6.2643442,UNKNOWN
277987172,6.3989216,UNKNOWN
278105308,5.4463931,UNKNOWN
278138619,10.1688722,UNKNOWN
278196907,1.1771655,UNKNOWN
278198753,7.936533,UNKNOWN
278199349,9.46516,UNKNOWN
278348461,5.4526479,UNKNOWN
278415929,3.7981107,UNKNOWN
27844066,1.8532983,UNKNOWN
27848472,1.8468345,UNKNOWN
278525028,10.9267866,UNKNOWN
278540265,2.9757428,UNKNOWN
278623780,3.7219898,UNKNOWN
27863043,7.4924561,UNKNOWN
278666476,3.4894537,UNKNOWN
278668358,5.0135727,UNKNOWN
278683844,5.5411114,UNKNOWN
278726770,9.5160032,UNKNOWN
278775625,5.1287265,UNKNOWN
278821913,6.0597,UNKNOWN
278862750,13.576858,UNKNOWN
278866211,2.1940616,UNKNOWN
278892590,1.5109447,UNKNOWN
278895705,8.7609906,UNKNOWN
278968371,1.2997811,UNKNOWN
278988097,11.5418525,UNKNOWN
279095914,3.5779775,UNKNOWN
279154795,4.1835297,UNKNOWN
27916356,3.2346944,UNKNOWN
279177746,4.4350025,UNKNOWN
279179610,5.9029732,UNKNOWN
279212407,28.6620782,UNKNOWN
279251651,0.4038426,UNKNOWN
279262080,4.3507956,UNKNOWN
279265701,2.6325313,UNKNOWN
279327604,1.426951,UNKNOWN
279331929,4.9030173,UNKNOWN
279383896,12.0031646,UNKNOWN
279425357,9.0150439,UNKNOWN
279472966,5.0789699,UNKNOWN
279514271,9.7728388,UNKNOWN
279528230,6.6802019,UNKNOWN
279605855,1.972401,UNKNOWN
27966179,4.2794669,UNKNOWN
279725262,1.8597817,UNKNOWN
279740441,0.7418594,UNKNOWN
279741379,35.6134391,UNKNOWN
279769094,4.5029619,UNKNOWN
279851358,18.893475,UNKNOWN
279871772,2.889977,UNKNOWN
27990610,2.8164979,UNKNOWN
279909537,2.6399819,UNKNOWN
279920478,5.38265,UNKNOWN
279922257,949.7905952,UNKNOWN
279947414,4.0664446,UNKNOWN
279982557,1.7890217,UNKNOWN
279989567,0.787177,UNKNOWN
279999655,1.54104,UNKNOWN
280024247,5.4928246,UNKNOWN
280031353,4.8566656,UNKNOWN
280035202,4.9111786,UNKNOWN
280095254,10.090259,UNKNOWN
280096473,12.8770845,UNKNOWN
280097543,9.4546478,UNKNOWN
280206394,11.2365977,UNKNOWN
280210963,2.8280391,UNKNOWN
280212554,1.1472535,UNKNOWN
280254984,3.4177514,UNKNOWN
280292434,3.541053,UNKNOWN
280304556,1.72328,UNKNOWN
280307604,4.3229915,UNKNOWN
280315875,1.82544,UNKNOWN
280437559,1.8237371,UNKNOWN
280645209,5.9056572,UNKNOWN
280647591,4.2380294,UNKNOWN
280655495,5.8769438,UNKNOWN
280726137,3.5008785,UNKNOWN
280803800,26.0179101,UNKNOWN
280803917,5.1293855,UNKNOWN
280830734,1.1619531,UNKNOWN
280857321,2.1738256,UNKNOWN
280865159,739.2389832,UNKNOWN
281100535,2.924439,UNKNOWN
281118572,3.5242025,UNKNOWN
28116365,16.5272651,UNKNOWN
281196902,5.5455798,UNKNOWN
281225729,2.4162514,UNKNOWN
281242007,2.4170503,UNKNOWN
281286325,17.0180939,UNKNOWN
281408474,3.4076,UNKNOWN
281459670,3.1743504,UNKNOWN
281489322,0.2856701,UNKNOWN
281541545,4.1470359,UNKNOWN
281541555,4.7423709,UNKNOWN
281575427,4.2529842,UNKNOWN
281596890,10.0512067,UNKNOWN
281666033,10.1956949,UNKNOWN
281710229,8.3092965,UNKNOWN
281716779,8.1703609,UNKNOWN
281731203,11.6332127,UNKNOWN
281781375,43.8297863,UNKNOWN
281815702,3.1910454,UNKNOWN
281837575,5.20971,UNKNOWN
281885301,7.9177855,UNKNOWN
281909674,4.0350444,UNKNOWN
281924357,15.0405221,UNKNOWN
281979481,0.5417947,UNKNOWN
281987399,3.7576217,UNKNOWN
282091492,3.3794034,UNKNOWN
282091493,3.3789946,UNKNOWN
282102605,1.2541679,UNKNOWN
282113152,3.3221412,UNKNOWN
282221346,5.6316098,UNKNOWN
28230919,4.8878037,UNKNOWN
28242530,19.511064,UNKNOWN
282485660,6.3084728,UNKNOWN
282498590,10.1004307,UNKNOWN
282576340,8.3761316,UNKNOWN
282701278,2.3064574,UNKNOWN
282794970,10.5465818,UNKNOWN
282890159,6.9100016,UNKNOWN
282935857,2.3612205,UNKNOWN
282940781,29.120986,UNKNOWN
28294709,5.5109534,UNKNOWN
283015592,3.7027104,UNKNOWN
2830919,1.54038914,FALSE_POSITIVE
283094471,11.9039356,UNKNOWN
2831055,2.20923119,CONFIRMED
2831251,5.81289843,FALSE_POSITIVE
283165117,5.216581,UNKNOWN
2832589,10.84969477,CONFIRMED
283303192,2.9884191,UNKNOWN
283307274,17.7859152,UNKNOWN
2833632,241.647602,FALSE_POSITIVE
283419843,2.6052674,UNKNOWN
2834463,5.88836941,UNKNOWN
283471501,9.2103194,UNKNOWN
283474780,3.9943,UNKNOWN
2834805,25.0032023,UNKNOWN
283605976,6.8170909,UNKNOWN
2836076,528.07962334,FALSE_POSITIVE
283621618,3.1856488,UNKNOWN
283665218,6.032661,UNKNOWN
283702603,0.6691882,UNKNOWN
2837111,8.7348852,CONFIRMED
283722336,3.0929386,UNKNOWN
283759999,0.5223032,UNKNOWN
283829553,6.0541622,UNKNOWN
283845022,15.2334037,UNKNOWN
283884522,3.8388774,UNKNOWN
284050395,1.35932,UNKNOWN
284122875,3.4559382,UNKNOWN
284173938,2.9157041,UNKNOWN
284174392,1.8751894,UNKNOWN
284206913,10.511362,UNKNOWN
284254253,1.862908,UNKNOWN
284288080,1.83485,UNKNOWN
284288093,7.2748135,UNKNOWN
284300833,3.0513298,UNKNOWN
284305328,2.2963814,UNKNOWN
284326455,3.7998536,UNKNOWN
284361752,340.3877311,UNKNOWN
284418751,3.587158,UNKNOWN
284441182,2.5272822,UNKNOWN
284450803,3.3686634,UNKNOWN
284454822,10.4722034,UNKNOWN
284475976,2.1436364,UNKNOWN
284477310,2.2390502,UNKNOWN
284528889,4.112385,UNKNOWN
284564230,12.9773004,UNKNOWN
284586930,1.6571231,UNKNOWN
284592754,17.1101127,UNKNOWN
284592989,1.7911016,UNKNOWN
284613259,6.3548995,UNKNOWN
284660935,1.1110609,UNKNOWN
284679064,4.2102425,UNKNOWN
284688043,4.0625969,UNKNOWN
284738182,0.9136081,UNKNOWN
284747017,1.8012697,UNKNOWN
284760740,0.7583741,UNKNOWN
284859630,7.5420435,UNKNOWN
284900292,48.7130843,UNKNOWN
2849140,11.8237228,UNKNOWN
2849805,3.749105745,CONFIRMED
2850321,25.2218929,FALSE_POSITIVE
285048486,3.4913952,UNKNOWN
285094173,13.3983724,UNKNOWN
2851100,0.890110752,FALSE_POSITIVE
285212983,1.9622504,UNKNOWN
285233023,2.8577028,UNKNOWN
2852528,11.9615433,FALSE_POSITIVE
2852560,11.961308501,FALSE_POSITIVE
285272237,4.6401269,UNKNOWN
2852810,93.05654364,UNKNOWN
2852941,2.89494709,FALSE_POSITIVE
2853029,72.9332762,UNKNOWN
2853093,161.5278347,CONFIRMED
285328782,2.7182588,UNKNOWN
2853446,7.37290344,UNKNOWN
285354178,5.9664078,UNKNOWN
2853780,6.2141496,FALSE_POSITIVE
2853828,1.077467951,FALSE_POSITIVE
2853889,24.1876477,FALSE_POSITIVE
2854181,101.1323475,CONFIRMED
285466025,7.3723906,UNKNOWN
2854698,8.18739443,CONFIRMED
2854839,1.05569286,FALSE_POSITIVE
2854914,25.93406406,CONFIRMED
2854948,0.97430309,FALSE_POSITIVE
285505979,4.7089027,UNKNOWN
285524410,3.0244222,UNKNOWN
285526706,6.2804387,UNKNOWN
285542903,2.2657506,UNKNOWN
285543785,9.9385448,UNKNOWN
285592400,1.2815706,UNKNOWN
285666479,1.71614,UNKNOWN
285674856,1.74626,UNKNOWN
285677945,1.2427,UNKNOWN
2856960,204.280255,FALSE_POSITIVE
2857607,41.8681996,CONFIRMED
2859299,0.643703667,FALSE_POSITIVE
2859893,333.03842,UNKNOWN
286000547,7.4972297,UNKNOWN
2860114,0.941603153,FALSE_POSITIVE
2860594,5.499941793,FALSE_POSITIVE
2860656,4.11497357,UNKNOWN
2860788,2.629870555,FALSE_POSITIVE
2860793,2.62982665,FALSE_POSITIVE
286080865,11.3201226,UNKNOWN
2860866,90.1240507,UNKNOWN
286094277,27.3714952,UNKNOWN
286099128,3.7788779,UNKNOWN
2861126,105.52127462,FALSE_POSITIVE
2861298,581.729006,UNKNOWN
286132427,0.493379,UNKNOWN
286152207,3.2006677,UNKNOWN
286153328,4.3539599,UNKNOWN
286201103,0.8573727,UNKNOWN
286355915,4.076684,UNKNOWN
286382849,37.8016862,UNKNOWN
28643432,2.2751393,UNKNOWN
286545058,5.0114216,UNKNOWN
286561122,0.6803433,UNKNOWN
286696848,8.9279009,UNKNOWN
286696849,8.9299483,UNKNOWN
286712787,5.8365098,UNKNOWN
286763141,3.4475935,UNKNOWN
286813592,3.3810227,UNKNOWN
286857537,2.0394246,UNKNOWN
286864983,11.0163421,UNKNOWN
286865921,4.971298,UNKNOWN
286916251,8.7655468,UNKNOWN
286923464,6.1349783,UNKNOWN
286923515,7.6253466,UNKNOWN
286951368,4.9613647,UNKNOWN
287080092,37.4685042,UNKNOWN
287139872,0.9351891,UNKNOWN
287145649,3.6015056,UNKNOWN
287152495,9.2347348,UNKNOWN
287156968,25.0571312,UNKNOWN
287190564,1.49861,UNKNOWN
287191183,12.1252851,UNKNOWN
287196418,3.6950015,UNKNOWN
287207371,12.6427441,UNKNOWN
287225295,0.6097554,UNKNOWN
287231664,3.6217624,UNKNOWN
287256467,18.2616878,UNKNOWN
287268770,10.717359,UNKNOWN
287326127,24.9636551,UNKNOWN
287328202,3.8347282,UNKNOWN
287329267,7.64348,UNKNOWN
287444302,2.8411706,UNKNOWN
287474726,3.7442007,UNKNOWN
287494667,8.989491,UNKNOWN
287563610,3.7993182,UNKNOWN
287584141,2.3097953,UNKNOWN
287591638,3.5410781,UNKNOWN
2876,2.6274574,UNKNOWN
287643871,45.7138545,UNKNOWN
287721202,8.990904,UNKNOWN
287768299,3.7002646,UNKNOWN
287776397,2.3922703,UNKNOWN
287863314,4.3172876,UNKNOWN
287934343,5.1357505,UNKNOWN
287948915,2.3593338,UNKNOWN
287959034,3.8480524,UNKNOWN
288132261,10.2613397,UNKNOWN
288144647,3.8553342,UNKNOWN
288162228,3.0594206,UNKNOWN
288185138,0.8352406,UNKNOWN
288224503,2.9489639,UNKNOWN
288242606,7.495973,UNKNOWN
288246496,4.304829,UNKNOWN
288348498,1.67546,UNKNOWN
288391628,10.9278415,UNKNOWN
288421619,12.9228111,UNKNOWN
288428649,5.9184575,UNKNOWN
288434231,14.8496574,UNKNOWN
288471040,2.5139764,UNKNOWN
288471046,2.5139302,UNKNOWN
288516853,,UNKNOWN
288612903,7.0485133,UNKNOWN
288631580,5.8775548,UNKNOWN
288636342,17.7286608,UNKNOWN
288636599,19.9676936,UNKNOWN
288671122,0.2874782,UNKNOWN
28872266,763.9701133,UNKNOWN
288735205,3.4779776,UNKNOWN
28873762,3.105654,UNKNOWN
288953761,3.7352012,UNKNOWN
28900646,0.6691449,UNKNOWN
289047954,1.4207284,UNKNOWN
289076007,3.1651539,UNKNOWN
289100911,2.7567478,UNKNOWN
289114603,8.1761677,UNKNOWN
289125016,6.2043746,UNKNOWN
289164482,2.6796164,UNKNOWN
289218489,4.4563756,UNKNOWN
289264348,4.3359117,UNKNOWN
289307883,12.9177538,UNKNOWN
289313987,10.1522322,UNKNOWN
289316336,3.0038696,UNKNOWN
289345412,3.3390124,UNKNOWN
289373041,3.177514,UNKNOWN
289389326,1.7988855,UNKNOWN
289441015,1.5342604,UNKNOWN
289445553,1.8200065,UNKNOWN
28945511,1.1239749,UNKNOWN
289481977,10.8739662,UNKNOWN
289535142,2.3382709,UNKNOWN
289539327,11.2464616,UNKNOWN
289574465,5.7488688,UNKNOWN
289580577,5.3846239,UNKNOWN
289590465,6.7060238,UNKNOWN
28961316,3.3462671,UNKNOWN
289661991,2.8989758,UNKNOWN
289666986,2.4369467,UNKNOWN
289793076,3.0440495,UNKNOWN
289895191,5.2462501,UNKNOWN
289931756,3.5910692,UNKNOWN
289988797,2.2042212,UNKNOWN
290036495,5.2524809,UNKNOWN
290131778,3.3088922,UNKNOWN
29017001,8.2003748,UNKNOWN
290263093,5.21228,UNKNOWN
290302097,2.9918201,UNKNOWN
290302491,3.8348994,UNKNOWN
290308758,4.4168832,UNKNOWN
290337456,4.6011828,UNKNOWN
290348382,6.4410082,UNKNOWN
290348383,6.441006,UNKNOWN
290388627,0.4459299,UNKNOWN
290403522,22.3751134,UNKNOWN
290407621,4.2337624,UNKNOWN
290415036,6.1879019,UNKNOWN
290504044,3.6515704,UNKNOWN
29054413,15.2521892,UNKNOWN
29069242,3.7349773,UNKNOWN
290777444,6.1079575,UNKNOWN
291013124,6.0368213,UNKNOWN
291016451,3.214031,UNKNOWN
29105766,3.2551315,UNKNOWN
29106627,9.5128916,UNKNOWN
291109653,2.0247088,UNKNOWN
291147951,2.5313956,UNKNOWN
29117085,13.247777,UNKNOWN
29119552,7.6288424,UNKNOWN
291198795,2.4849639,UNKNOWN
291332861,7.7223185,UNKNOWN
291465998,12.8860009,UNKNOWN
291469139,19.0286016,UNKNOWN
291471222,5.6928845,UNKNOWN
291517604,5.0637114,UNKNOWN
291555748,4.95912,UNKNOWN
291580615,3.6014534,UNKNOWN
291668351,12.9414603,UNKNOWN
291685334,2.0319883,UNKNOWN
29169215,18.6300789,UNKNOWN
291732201,6.7415334,UNKNOWN
291751373,2.5079177,UNKNOWN
291857895,7.3142625,UNKNOWN
29191596,8.8164887,UNKNOWN
29191624,14.6503935,UNKNOWN
291976834,2.855993,UNKNOWN
292023054,4.2990991,UNKNOWN
292152376,2.1499907,UNKNOWN
292202337,721.5621758,UNKNOWN
292221593,5.6494351,UNKNOWN
292321872,8.66698,UNKNOWN
292349703,5.8778295,UNKNOWN
292469572,3.7077543,UNKNOWN
292477426,4.1794516,UNKNOWN
292797572,2.8013515,UNKNOWN
292852583,5.8310296,UNKNOWN
292889298,2.2538878,UNKNOWN
293075732,0.5666806,UNKNOWN
293267224,3.7942532,UNKNOWN
29336129,1.6363822,UNKNOWN
293407882,3.7079439,UNKNOWN
293432942,1.1339769,UNKNOWN
293435336,1.8098811,UNKNOWN
29344935,2.76676,UNKNOWN
293457754,4.5195089,UNKNOWN
293514367,5.1155806,UNKNOWN
293527670,0.98656,UNKNOWN
293547742,3.0178746,UNKNOWN
293567206,0.6856225,UNKNOWN
293607057,4.2889696,UNKNOWN
293612446,2.6266983,UNKNOWN
293617835,2.7552586,UNKNOWN
293687315,2.8716983,UNKNOWN
293708935,2.6855915,UNKNOWN
293743169,1.1256838,UNKNOWN
29374525,3.813812,UNKNOWN
293853437,8.7179665,UNKNOWN
29385858,700.9622566,UNKNOWN
293880523,109.0502946,UNKNOWN
293931909,4.8013522,UNKNOWN
293949992,4.1560086,UNKNOWN
293954617,7.4341456,UNKNOWN
293978434,1.5971426,UNKNOWN
294090620,8.044239,UNKNOWN
294097592,1.0268508,UNKNOWN
294173437,5.555905,UNKNOWN
294176967,1.8296155,UNKNOWN
294179385,2.6794168,UNKNOWN
294179389,2.6796,UNKNOWN
29418536,3.2569118,UNKNOWN
294283951,4.3724063,UNKNOWN
294295243,8.7802662,UNKNOWN
294301883,4.4656306,UNKNOWN
29430403,1.8778647,UNKNOWN
294309873,1.2699324,UNKNOWN
294315741,3.5678072,UNKNOWN
294324819,6.8227645,UNKNOWN
294350792,12.3900547,UNKNOWN
294365631,1.8118703,UNKNOWN
294385899,8.9522767,UNKNOWN
294394558,18.2457829,UNKNOWN
294395926,11.3298459,UNKNOWN
294434193,1.3809769,UNKNOWN
294471966,6.3170657,UNKNOWN
294497466,3.2376482,UNKNOWN
294500964,9.0702531,UNKNOWN
294594423,6.0978165,UNKNOWN
294599100,5.6133922,UNKNOWN
294668702,36.9078303,UNKNOWN
294691204,6.5859565,UNKNOWN
294768072,6.2244575,UNKNOWN
294780517,15.6477055,UNKNOWN
294781547,13.7738265,UNKNOWN
294869729,1.1140067,UNKNOWN
294904059,40.7401072,UNKNOWN
294981566,1.9142544,UNKNOWN
29505837,8.6681997,UNKNOWN
295093397,4.6086828,UNKNOWN
295233473,2.3720554,UNKNOWN
295312916,5.6386197,UNKNOWN
295354126,2.2778177,UNKNOWN
295413003,3.0373017,UNKNOWN
295507430,7.3136902,UNKNOWN
295541511,2.2281625,UNKNOWN
295562522,5.438218,UNKNOWN
295593712,7.6247217,UNKNOWN
295599256,7.14386,UNKNOWN
295807723,0.6972223,UNKNOWN
295947393,5.4927168,UNKNOWN
296327387,4.8510805,UNKNOWN
296354161,6.0042191,UNKNOWN
296461391,4.3108587,UNKNOWN
296670796,1.1542402,UNKNOWN
296737508,733.9910938,UNKNOWN
296739893,5.0988038,UNKNOWN
296780789,13.5773431,UNKNOWN
296850254,6.7635161,UNKNOWN
296898634,2.8534013,UNKNOWN
2969638,1.97362159,FALSE_POSITIVE
2970670,0.947554749,UNKNOWN
2970804,0.686994057,FALSE_POSITIVE
297148017,2.5485772,UNKNOWN
297153209,10.7004569,UNKNOWN
2972800,361.43653,FALSE_POSITIVE
2973386,31.0209175,UNKNOWN
2973509,6.62761199,FALSE_POSITIVE
297361900,2.6374449,UNKNOWN
297413553,2.3273503,UNKNOWN
297457992,2.8317721,UNKNOWN
2975770,71.52543938,CONFIRMED
2976017,3.19938075,UNKNOWN
297668572,4.633735,UNKNOWN
29780740,2.4214702,UNKNOWN
29781207,3.3174026,UNKNOWN
29781292,56.0045056,UNKNOWN
297853363,4.416076,UNKNOWN
297924888,9.6713674,UNKNOWN
297950791,3.4792084,UNKNOWN
297967252,9.6837908,UNKNOWN
298049015,3.9131371,UNKNOWN
298070500,6.5811814,UNKNOWN
298073824,1.2273079,UNKNOWN
298074043,3.0193545,UNKNOWN
298074836,6.7662729,UNKNOWN
298164705,,UNKNOWN
298189225,6.2384297,UNKNOWN
298189384,9.0612809,UNKNOWN
298206077,1.317173,UNKNOWN
29821723,2.6855972,UNKNOWN
298264260,7.9927894,UNKNOWN
298291597,11.5588657,UNKNOWN
298297931,4.4331838,UNKNOWN
29830212,7.3164282,UNKNOWN
298308533,9.3966438,UNKNOWN
29831208,1.8428078,UNKNOWN
298372701,1.6647888,UNKNOWN
298428237,0.768988,UNKNOWN
298437387,2.2853731,UNKNOWN
298495970,8.4249043,UNKNOWN
2984990,3.79437277,UNKNOWN
2985587,3.375716723,UNKNOWN
2985767,14.07969236,CONFIRMED
29857954,9.47686,UNKNOWN
298600443,13.6421377,UNKNOWN
298647682,20.0795217,UNKNOWN
298658399,0.8118915,UNKNOWN
298663873,260.1740061,UNKNOWN
298666530,0.5732087,UNKNOWN
2986833,0.912179022,UNKNOWN
2987027,17.276296682,CONFIRMED
298729646,7.4992916,UNKNOWN
2987433,420.92920358,FALSE_POSITIVE
298752252,3.2462849,UNKNOWN
298776943,9.6422713,UNKNOWN
298829544,2.7395591,UNKNOWN
298897095,2.6236518,UNKNOWN
2989404,3.553831111,CONFIRMED
298946836,5.5556615,UNKNOWN
2989706,1.257689465,FALSE_POSITIVE
298981199,7.1853092,UNKNOWN
299023386,3.1056464,UNKNOWN
2990873,16.22378479,CONFIRMED
299087490,38.4787613,UNKNOWN
299089652,,UNKNOWN
299158887,9.4341589,UNKNOWN
299176311,1.0432995,UNKNOWN
29918916,4.943336,UNKNOWN
29919341,18.23603,UNKNOWN
299220166,3.2175184,UNKNOWN
2992634,47.82278681,UNKNOWN
2994092,50.271927,UNKNOWN
29953537,0.7312783,UNKNOWN
2995392,30.4544418,CONFIRMED
299551666,3.0002713,UNKNOWN
29959760,1.6473887,UNKNOWN
29959761,1.6471574,UNKNOWN
29960109,2.49221,UNKNOWN
29960110,2.4919771,UNKNOWN
2997178,5.95077813,FALSE_POSITIVE
2997455,1.129848432,FALSE_POSITIVE
2997459,16.3368863,UNKNOWN
299780329,1.6024387,UNKNOWN
299798795,4.1782656,UNKNOWN
299799658,4.1150576,UNKNOWN
299801675,16.9537015,UNKNOWN
2998124,28.597880332,FALSE_POSITIVE
299876474,2.5950111,UNKNOWN
299897516,7.8369842,UNKNOWN
299945285,52.4072665,UNKNOWN
300011941,1.8141215,UNKNOWN
300013921,54.6616036,UNKNOWN
300038935,29.0497517,UNKNOWN
30016082,1.3225635,UNKNOWN
3001885,2.67596808,FALSE_POSITIVE
3001955,348.96347,UNKNOWN
300204369,11.5054399,UNKNOWN
3002478,6.35705314,UNKNOWN
300293197,6.5638575,UNKNOWN
3003019,0.502622858,FALSE_POSITIVE
3003673,57.1143966,FALSE_POSITIVE
30037565,40.7199388,UNKNOWN
300381700,9.0856617,UNKNOWN
3003991,7.244778994,FALSE_POSITIVE
3003992,7.24476126,FALSE_POSITIVE
300557619,30.57908,UNKNOWN
300579472,12.7503356,UNKNOWN
300599466,13.17741,UNKNOWN
300604770,3.4562767,UNKNOWN
300654938,26.9701399,UNKNOWN
300710077,5.4470648,UNKNOWN
300810086,0.6680065,UNKNOWN
300812741,20.2254946,UNKNOWN
300868410,3.1455293,UNKNOWN
300871545,4.8170684,UNKNOWN
301031110,3.8304162,UNKNOWN
301035553,3.2988824,UNKNOWN
301051430,3.2744665,UNKNOWN
301160638,16.0085751,UNKNOWN
30122649,9.7394089,UNKNOWN
301235044,0.2803246,UNKNOWN
301247383,5.2452852,UNKNOWN
301248781,1.0169814,UNKNOWN
301258470,12.4563692,UNKNOWN
301281965,0.5348968,UNKNOWN
301289516,1.2089755,UNKNOWN
301343785,1.1736318,UNKNOWN
301414902,1.7555108,UNKNOWN
301455423,1.0664194,UNKNOWN
301623068,0.7474746,UNKNOWN
301624989,1.9613369,UNKNOWN
301900477,4.4540914,UNKNOWN
301986302,2.301919,UNKNOWN
301991463,2.9086778,UNKNOWN
302003748,5.939725,UNKNOWN
302054555,3.3677179,UNKNOWN
302173245,2.7547949,UNKNOWN
302201081,3.8311803,UNKNOWN
302202317,2.5351022,UNKNOWN
302212110,8.5473,UNKNOWN
302305400,4.6549271,UNKNOWN
302333151,1.440707,UNKNOWN
302381397,2.7284428,UNKNOWN
302381442,23.1678315,UNKNOWN
302419660,29.3312035,UNKNOWN
302453291,4.4738444,UNKNOWN
302470965,1.9341469,UNKNOWN
302477411,3.3593261,UNKNOWN
302518439,6.7075429,UNKNOWN
302527524,10.7844934,UNKNOWN
30254887,2.501531,UNKNOWN
302659412,14.5187891,UNKNOWN
302759417,3.313358,UNKNOWN
302766000,0.2573207,UNKNOWN
3027681,3.9442027,UNKNOWN
302773669,21.216464,UNKNOWN
302798365,4.9186433,UNKNOWN
302814895,8.6800186,UNKNOWN
302895184,4.788785,UNKNOWN
302895996,0.567995,UNKNOWN
302908969,5.9900508,UNKNOWN
302924206,6.9444047,UNKNOWN
302976834,2.3044132,UNKNOWN
30300445,7.2041454,UNKNOWN
303030789,21.5962209,UNKNOWN
303055194,1.7615631,UNKNOWN
30312676,1.10223,UNKNOWN
303204165,8.8346147,UNKNOWN
30329585,7.5022708,UNKNOWN
303317324,739.1670007,UNKNOWN
303327435,5.506691,UNKNOWN
303364023,10.3469945,UNKNOWN
303385111,3.429078,UNKNOWN
303426966,2.1439841,UNKNOWN
303432813,23.4428912,UNKNOWN
303456821,11.0771916,UNKNOWN
303502327,4.6671176,UNKNOWN
303523128,1.5110224,UNKNOWN
303586471,1826.0790324,UNKNOWN
303617735,4.2732096,UNKNOWN
303686889,5.6320791,UNKNOWN
303814029,4.4573401,UNKNOWN
303867090,1.3168344,UNKNOWN
303883880,0.8970184,UNKNOWN
304021498,5.652623,UNKNOWN
304025075,3.0290563,UNKNOWN
304042899,12.4458741,UNKNOWN
304085024,4.4834145,UNKNOWN
304100538,5.0100708,UNKNOWN
304130406,3.2464257,UNKNOWN
304142124,55.087,UNKNOWN
304339227,714.6970956,UNKNOWN
304363215,19.3111424,UNKNOWN
304426002,5.7672677,UNKNOWN
304430662,5.6858804,UNKNOWN
304514922,1.9115371,UNKNOWN
304690618,6.8672313,UNKNOWN
304695574,2.8090597,UNKNOWN
304774444,3.6245513,UNKNOWN
304950588,7.4316274,UNKNOWN
30499203,2.4330551,UNKNOWN
305026599,1.6877647,UNKNOWN
305048087,5.4361667,UNKNOWN
305048116,14.2337615,UNKNOWN
305243225,1.2129139,UNKNOWN
305375697,,UNKNOWN
305424003,4.5849129,UNKNOWN
305478010,3.121339,UNKNOWN
305492348,3.2969977,UNKNOWN
305506996,2.3682389,UNKNOWN
305512837,3.0223957,UNKNOWN
305550963,1.5891628,UNKNOWN
305612552,6.9349089,UNKNOWN
305739565,3.3704313,UNKNOWN
305767364,1.4974223,UNKNOWN
305790119,2.0353259,UNKNOWN
305830609,4.0616142,UNKNOWN
305943739,5.3073459,UNKNOWN
305948428,4.8398399,UNKNOWN
306039307,6.9929558,UNKNOWN
306204904,11.2036244,UNKNOWN
306248357,5.7180689,UNKNOWN
306249066,26.1622122,UNKNOWN
306255021,2.7499877,UNKNOWN
306263608,20.7724316,UNKNOWN
306337838,6.00327,UNKNOWN
306338882,5.4014,UNKNOWN
306357884,1.0571733,UNKNOWN
306362738,2.7817379,UNKNOWN
306363166,14.3953055,UNKNOWN
306401382,39.0536929,UNKNOWN
306472057,139.3048512,UNKNOWN
306485267,14.3540583,UNKNOWN
306510653,2.2456869,UNKNOWN
306512967,11.1838046,UNKNOWN
306547699,2.6985136,UNKNOWN
306604742,5.3970484,UNKNOWN
306648160,3.6525305,UNKNOWN
306663205,3.4044402,UNKNOWN
306772292,13.8672643,UNKNOWN
306902029,1.0754572,UNKNOWN
306903715,4.8680805,UNKNOWN
306955329,6.3634106,UNKNOWN
306990399,8.7042937,UNKNOWN
306996324,15.6653322,UNKNOWN
307036187,2.8404588,UNKNOWN
307079330,6.5445251,UNKNOWN
307099276,3.1467665,UNKNOWN
307111282,,UNKNOWN
307201632,2.3556749,UNKNOWN
307210830,3.6906759,UNKNOWN
307221757,6.7789159,UNKNOWN
307232923,8.1678648,UNKNOWN
307320565,2.625748,UNKNOWN
307366709,4.0874138,UNKNOWN
307375528,2.2183625,UNKNOWN
307377219,4.1629444,UNKNOWN
307456716,4.2555436,UNKNOWN
307610438,1.5617357,UNKNOWN
307716123,3.7634028,UNKNOWN
307733361,1.6739029,UNKNOWN
307734817,2.1075001,UNKNOWN
307734818,2.1077445,UNKNOWN
307809773,2.7694936,UNKNOWN
307849973,0.8409429,UNKNOWN
307888842,1.2008331,UNKNOWN
30791047,13.3057762,UNKNOWN
307915084,0.8275646,UNKNOWN
307951656,4.5867288,UNKNOWN
307956396,4.1508803,UNKNOWN
307956397,4.1508569,UNKNOWN
307958020,271.938639,UNKNOWN
308010949,3.4732477,UNKNOWN
308034948,0.831542,UNKNOWN
308050066,11.1755425,UNKNOWN
308073360,11.8886495,UNKNOWN
308098254,9.6246665,UNKNOWN
308120029,6.8498533,UNKNOWN
308172249,1.4013784,UNKNOWN
308191940,13.2689495,UNKNOWN
308208458,11.2237372,UNKNOWN
30825828,3.0482015,UNKNOWN
30828562,3.1123343,UNKNOWN
308300731,7.6603722,UNKNOWN
308301091,720.5742399,UNKNOWN
308307606,9.8850244,UNKNOWN
308396509,2.1481182,UNKNOWN
308425348,3.39829,UNKNOWN
308504559,3.7846792,UNKNOWN
308522539,13.7279713,UNKNOWN
30853470,5.2702557,UNKNOWN
30853990,160.6760208,UNKNOWN
308612785,3.6128161,UNKNOWN
308613965,4.4619426,UNKNOWN
308692360,9.9892115,UNKNOWN
308778563,6.8581311,UNKNOWN
308883808,1.1645141,UNKNOWN
308919449,1.6563738,UNKNOWN
308987429,12.0040505,UNKNOWN
308994098,199.5779073,UNKNOWN
309133240,3.3847215,UNKNOWN
309254930,3.3102159,UNKNOWN
309257814,1.238601,UNKNOWN
309292963,9.4185437,UNKNOWN
309402106,216.24584,UNKNOWN
309436531,3.2136333,UNKNOWN
309439436,0.9997277,UNKNOWN
30947715,3.66275,UNKNOWN
309512152,13.026976,UNKNOWN
3097346,4.029810359,FALSE_POSITIVE
3097352,4.029803201,FALSE_POSITIVE
309787037,1.3042553,UNKNOWN
309791156,19.5715862,UNKNOWN
309792357,104.8729635,UNKNOWN
3097926,14.97974335,UNKNOWN
3098184,15.2384539,FALSE_POSITIVE
3098194,30.476518853,FALSE_POSITIVE
3098197,30.47639859,FALSE_POSITIVE
309849817,2.6686464,UNKNOWN
3098605,0.428046051,UNKNOWN
3098810,40.80957343,CONFIRMED
3098843,179.85022331,FALSE_POSITIVE
309913305,6.3272169,UNKNOWN
310002617,3.1774814,UNKNOWN
310003988,4.5421594,UNKNOWN
310009611,2.131225,UNKNOWN
310094771,2.9406027,UNKNOWN
310105752,1.1703152,UNKNOWN
3101178,59.4037839,UNKNOWN
3101923,82.331756,UNKNOWN
3102000,57.0599992,FALSE_POSITIVE
3102024,13.782522208,FALSE_POSITIVE
3102309,4.20253859,FALSE_POSITIVE
310231275,0.8294084,UNKNOWN
3102384,10.573751447,CONFIRMED
310262516,1.9044134,UNKNOWN
310266243,5.3450209,UNKNOWN
310267134,0.5438807,UNKNOWN
310294189,4.8768783,UNKNOWN
3103212,3.25424652,UNKNOWN
3103227,225.585245,CONFIRMED
3103473,1.920062587,UNKNOWN
310380289,0.6489868,UNKNOWN
310483807,2.55555,UNKNOWN
310497279,2.3645949,UNKNOWN
310537530,1.3475728,UNKNOWN
31054498,1.4118418,UNKNOWN
310586478,3.1540886,UNKNOWN
310728245,4.1816344,UNKNOWN
310822679,1.7125104,UNKNOWN
310854881,12.8777188,UNKNOWN
3109550,4.8754765,UNKNOWN
310981412,9.62517,UNKNOWN
3109930,37.8102649,CONFIRMED
3109937,37.809539,FALSE_POSITIVE
310994622,18.565813,UNKNOWN
3110177,3.39904814,UNKNOWN
311035838,2.8997405,UNKNOWN
311086350,3.8068712,UNKNOWN
3110937,1.89121656,FALSE_POSITIVE
311116297,4.8183501,UNKNOWN
311121985,1.3561596,UNKNOWN
311130133,1.1343824,UNKNOWN
311133118,3.5061649,UNKNOWN
31114545,24.4232697,UNKNOWN
311179742,8.3129806,UNKNOWN
311183180,13.24981,UNKNOWN
3112129,0.487656278,UNKNOWN
311239796,4.9640641,UNKNOWN
311252710,5.4913314,UNKNOWN
311271011,,UNKNOWN
311284709,6.583694,UNKNOWN
311292015,2.9519989,UNKNOWN
3113266,0.995861402,FALSE_POSITIVE
311408969,3.5852284,UNKNOWN
3114167,6.770300385,CONFIRMED
31142436,5.2729668,UNKNOWN
311441461,3.4471559,UNKNOWN
3114661,0.444291966,FALSE_POSITIVE
3114667,0.888584158,FALSE_POSITIVE
3114811,11.08956602,CONFIRMED
3115480,3.693702974,FALSE_POSITIVE
311565540,4.0668012,UNKNOWN
3115833,10.181584004,UNKNOWN
3116302,134.96694,FALSE_POSITIVE
3116412,12.99204853,CONFIRMED
311703724,1.7054246,UNKNOWN
3117046,359.1015,FALSE_POSITIVE
3117115,485.91276,FALSE_POSITIVE
311736478,3.6305988,UNKNOWN
311856080,2.2104947,UNKNOWN
3118797,66.4159789,CONFIRMED
311890977,6.63371,UNKNOWN
3119256,4.14244748,FALSE_POSITIVE
3120276,10.26547688,FALSE_POSITIVE
312030014,5.2330803,UNKNOWN
3120308,10.26558924,FALSE_POSITIVE
3120320,10.265613245,FALSE_POSITIVE
3120355,78.0998908,CONFIRMED
3120397,20.5311708,FALSE_POSITIVE
3120431,3.341913228,FALSE_POSITIVE
312083267,3.9392211,UNKNOWN
3120904,42.9136635,CONFIRMED
312122956,2.0492064,UNKNOWN
3121340,0.723947772,FALSE_POSITIVE
312221462,30.4408598,UNKNOWN
312259170,0.8229,UNKNOWN
3122872,96.81647,UNKNOWN
312289279,1.4354814,UNKNOWN
3122913,11.60653061,CONFIRMED
3122985,0.993488979,FALSE_POSITIVE
3123418,563.94854,FALSE_POSITIVE
312345863,1.7266138,UNKNOWN
3124412,0.948950734,FALSE_POSITIVE
3124420,0.948951607,FALSE_POSITIVE
3124598,7.07162308,FALSE_POSITIVE
312469860,0.50261,UNKNOWN
312508092,5.7759952,UNKNOWN
312543349,19.9253903,UNKNOWN
312548415,2.2437501,UNKNOWN
312548829,3.6089193,UNKNOWN
31258738,17.4314043,UNKNOWN
312612366,7.7103227,UNKNOWN
312678993,0.5175204,UNKNOWN
31268146,3.6473383,UNKNOWN
312689217,4.3847594,UNKNOWN
3127817,2.163569702,FALSE_POSITIVE
3127911,0.542498653,FALSE_POSITIVE
312811620,3.0923729,UNKNOWN
3128552,8.67890312,CONFIRMED
312862941,0.9150623,UNKNOWN
3128793,24.68662378,FALSE_POSITIVE
312899686,4.4138638,UNKNOWN
3129238,2.00870696,UNKNOWN
312991501,3.2905683,UNKNOWN
313006381,33.6356252,UNKNOWN
3130300,5.76573396,FALSE_POSITIVE
3130548,0.878855771,FALSE_POSITIVE
313194972,16.9020565,UNKNOWN
313408643,4.3167817,UNKNOWN
313425396,30.0017176,UNKNOWN
313453776,3.7325203,UNKNOWN
313506357,1.532703,UNKNOWN
313554509,4.4742339,UNKNOWN
313609787,3.5023306,UNKNOWN
313671132,733.3796728,UNKNOWN
313675203,2.5025812,UNKNOWN
31374837,12.4610086,UNKNOWN
313761775,1.5309799,UNKNOWN
313835568,2.6831464,UNKNOWN
313889049,749.1605231,UNKNOWN
313891529,12.3750537,UNKNOWN
313922260,1.3821651,UNKNOWN
313975346,6.9191027,UNKNOWN
314013231,2.5395579,UNKNOWN
314088020,7.0346299,UNKNOWN
314193010,4.9354155,UNKNOWN
314338017,10.9554897,UNKNOWN
314375831,3.1274951,UNKNOWN
314649737,5.8878118,UNKNOWN
314724818,4.4518604,UNKNOWN
314835525,5.30329,UNKNOWN
314865962,22.4586196,UNKNOWN
314992600,3.2607791,UNKNOWN
315002523,3.3023907,UNKNOWN
315096343,4.3497551,UNKNOWN
315117300,8.7858955,UNKNOWN
315120585,7.4190257,UNKNOWN
31515092,2.3701119,UNKNOWN
315350812,5.9422824,UNKNOWN
315398848,1.3677581,UNKNOWN
31553893,11.1296441,UNKNOWN
315755496,4.27808,UNKNOWN
315907220,9.312167,UNKNOWN
316038054,3.8099858,UNKNOWN
31605271,2.2314165,UNKNOWN
316138059,0.8618404,UNKNOWN
316236118,4.1943867,UNKNOWN
316254876,2.4611008,UNKNOWN
31634579,8.8759249,UNKNOWN
31637479,27.848697,UNKNOWN
316402246,1.4014167,UNKNOWN
316416562,3.2220038,UNKNOWN
316453500,3.4043154,UNKNOWN
316468545,13.5970194,UNKNOWN
31656385,22.84518,UNKNOWN
316606244,3.310636,UNKNOWN
316652224,2.7020875,UNKNOWN
316769613,10.18108,UNKNOWN
316875094,7.9461192,UNKNOWN
316916655,2.87436,UNKNOWN
316937670,0.62425,UNKNOWN
31697707,3.910946,UNKNOWN
317019074,1.2043785,UNKNOWN
317060587,9.139804,UNKNOWN
317089588,12.7846809,UNKNOWN
317089770,8.8720052,UNKNOWN
317134140,6.3951381,UNKNOWN
317170536,4.2271814,UNKNOWN
317189702,3.2141617,UNKNOWN
317252733,3.3526843,UNKNOWN
317290270,4.9792822,UNKNOWN
317328621,6.2397532,UNKNOWN
317362389,4.7738904,UNKNOWN
317397615,0.7438074,UNKNOWN
317417916,2.7636665,UNKNOWN
317483660,3.3311975,UNKNOWN
317507345,3.9401791,UNKNOWN
317520667,2.4651801,UNKNOWN
317546777,4.9062135,UNKNOWN
317548889,6.8659582,UNKNOWN
317594531,8.350615,UNKNOWN
317597583,12.0557353,UNKNOWN
317801157,7.00637,UNKNOWN
317849098,4.773664,UNKNOWN
31786438,1.4259934,UNKNOWN
317882327,3.5881072,UNKNOWN
317924729,1.9989903,UNKNOWN
317951248,3.4438,UNKNOWN
318022259,6.2262315,UNKNOWN
318054782,0.8335712,UNKNOWN
318071201,5.2434358,UNKNOWN
318180448,5.4695364,UNKNOWN
318209162,711.7642825,UNKNOWN
318413374,2.935886,UNKNOWN
318491006,5.1818499,UNKNOWN
31852980,24.3321088,UNKNOWN
31858843,2.9776446,UNKNOWN
31858844,2.9776152,UNKNOWN
318608749,20.0731588,UNKNOWN
318668441,2.2364485,UNKNOWN
318746829,5.2273176,UNKNOWN
318753380,15.6692322,UNKNOWN
318756174,3.3799879,UNKNOWN
318796593,1.6020002,UNKNOWN
318812447,,UNKNOWN
318828309,5.3418199,UNKNOWN
318836983,5.6539689,UNKNOWN
318937509,1.04855,UNKNOWN
319068154,3.7983639,UNKNOWN
319259194,70.3607265,UNKNOWN
319282294,1.1385671,UNKNOWN
319294834,6.0749198,UNKNOWN
319312479,1.79011,UNKNOWN
31943299,12.4724734,UNKNOWN
319473643,3.1474843,UNKNOWN
319568619,1.5265889,UNKNOWN
319568755,24.092358,UNKNOWN
319610598,,UNKNOWN
319684122,5.4459647,UNKNOWN
319735319,2.9038027,UNKNOWN
31975443,2.0391352,UNKNOWN
319783554,1.819376,UNKNOWN
319806044,1.3509356,UNKNOWN
319855425,2.8766717,UNKNOWN
319932686,3.7064049,UNKNOWN
319949055,2.3577049,UNKNOWN
319968129,6.216994,UNKNOWN
320004517,17.4713078,UNKNOWN
32004914,5.545745,UNKNOWN
320079492,0.4262223,UNKNOWN
320208949,5.7310859,UNKNOWN
320281287,1.81451,UNKNOWN
320324079,34.6141657,UNKNOWN
320327056,7.0327412,UNKNOWN
320341952,5.0648401,UNKNOWN
320411045,14.8442674,UNKNOWN
320417762,1.03604,UNKNOWN
32046665,3.7871416,UNKNOWN
320503729,2.9873441,UNKNOWN
320505267,6.6245939,UNKNOWN
320506985,1.08697,UNKNOWN
320525204,13.7431084,UNKNOWN
320536216,0.5476699,UNKNOWN
320541238,2.9301843,UNKNOWN
320798691,5.0052605,UNKNOWN
320847025,9.1258136,UNKNOWN
32090583,0.4384814,UNKNOWN
320994166,4.0996864,UNKNOWN
321011127,6.4535152,UNKNOWN
321041369,1.5379237,UNKNOWN
321068176,12.9696927,UNKNOWN
321069529,5.2841676,UNKNOWN
321086563,3.9704457,UNKNOWN
321250206,2.1040634,UNKNOWN
321258259,3.6894234,UNKNOWN
321436679,2.1263167,UNKNOWN
321578632,6.3667329,UNKNOWN
321668398,5.6442112,UNKNOWN
321669174,10.5054362,UNKNOWN
321688498,0.3862197,UNKNOWN
3217264,29.19899219,CONFIRMED
321785052,3.4977997,UNKNOWN
321790238,,UNKNOWN
321802774,1.9405161,UNKNOWN
321857016,6.9561134,UNKNOWN
321861405,2.9897732,UNKNOWN
3218844,85.112898,FALSE_POSITIVE
3218908,18.92537246,CONFIRMED
321894059,2.9594651,UNKNOWN
3219037,10.00506974,UNKNOWN
3219643,24.3367026,UNKNOWN
321982642,9.10326,UNKNOWN
3219995,18.87058705,CONFIRMED
322046084,2.7519172,UNKNOWN
322054600,1.3433022,UNKNOWN
322062001,4.6981739,UNKNOWN
322063810,3.5104148,UNKNOWN
322160664,8.1744382,UNKNOWN
322202434,1.4013505,UNKNOWN
322262448,5.1191172,UNKNOWN
3222680,2.31164074,FALSE_POSITIVE
322270620,12.9802953,UNKNOWN
322307342,3.5862962,UNKNOWN
3223433,61.083322,UNKNOWN
322369867,4.0197822,UNKNOWN
3224605,28.6503407,UNKNOWN
322498101,4.2070367,UNKNOWN
322504451,1.6087939,UNKNOWN
322593401,5.5901313,UNKNOWN
32260988,1.1000285,UNKNOWN
322807371,,UNKNOWN
322807675,19.4061437,UNKNOWN
322818151,2.2948595,UNKNOWN
322824542,3.6590997,UNKNOWN
322825139,0.4709937,UNKNOWN
32283946,7.06181,UNKNOWN
322862882,1.2361087,UNKNOWN
3228740,0.730956716,FALSE_POSITIVE
3228804,0.730947169,FALSE_POSITIVE
3228824,0.73093905,FALSE_POSITIVE
3228825,0.73095491,FALSE_POSITIVE
3228945,0.730943372,FALSE_POSITIVE
3228959,0.73094589,FALSE_POSITIVE
3228986,0.730949487,FALSE_POSITIVE
3228988,0.73094701,FALSE_POSITIVE
322901324,6.3096313,UNKNOWN
3229028,0.730964241,FALSE_POSITIVE
3229150,18.5084526,CONFIRMED
32296259,2.7775786,UNKNOWN
323002911,3.5949457,UNKNOWN
3230095,7.04716175,FALSE_POSITIVE
3230206,7.04715073,FALSE_POSITIVE
323022088,1.3583233,UNKNOWN
3230227,7.047106212,FALSE_POSITIVE
3230491,1500.0,UNKNOWN
3230578,6.337614357,FALSE_POSITIVE
3230753,17.7337356,FALSE_POSITIVE
3230787,17.734020239,FALSE_POSITIVE
3230805,3.91679553,UNKNOWN
3231120,3.900109346,FALSE_POSITIVE
3231137,3.900140077,FALSE_POSITIVE
323132914,51.1701501,UNKNOWN
3231341,8.14515981,CONFIRMED
323194443,3.9074188,UNKNOWN
3232249,1.183505016,UNKNOWN
323250919,3.3299795,UNKNOWN
3232859,8.387210055,FALSE_POSITIVE
323295479,742.5142746,UNKNOWN
323295908,3.8539027,UNKNOWN
3233043,0.379463865,FALSE_POSITIVE
3233861,0.7123317,UNKNOWN
323407659,4.2619292,UNKNOWN
3234598,12.90467523,CONFIRMED
3234843,29.72722,CONFIRMED
3235282,494.165759,FALSE_POSITIVE
3235672,6.7210783,FALSE_POSITIVE
323569398,26.3926606,UNKNOWN
323658120,43.8418559,UNKNOWN
3236705,83.2664103,UNKNOWN
323687123,4.0179805,UNKNOWN
3239171,43.581043,UNKNOWN
3239636,0.528755447,FALSE_POSITIVE
323966987,4.1343989,UNKNOWN
3239671,147.97391,CONFIRMED
323980895,4.2814436,UNKNOWN
3239945,4.393157678,CONFIRMED
3240049,2.945414866,FALSE_POSITIVE
3240158,7.42608123,CONFIRMED
3240159,82.137609997,FALSE_POSITIVE
3240406,0.934181579,FALSE_POSITIVE
3240706,5.48990788,FALSE_POSITIVE
32408928,1.0435229,UNKNOWN
324116813,6.3885628,UNKNOWN
3241248,0.978046982,FALSE_POSITIVE
3241344,3.912679136,FALSE_POSITIVE
324150445,2.9879341,UNKNOWN
3241557,1.703359172,FALSE_POSITIVE
3241604,1.70336496,FALSE_POSITIVE
3241619,1.703347524,FALSE_POSITIVE
3241647,0.851678507,FALSE_POSITIVE
3241662,1.70332915,FALSE_POSITIVE
3242039,59.14382117,UNKNOWN
324395151,3.4551479,UNKNOWN
324422520,3.6342494,UNKNOWN
324426685,9.8830331,UNKNOWN
32443914,3.3615701,UNKNOWN
3244792,3.0570982,CONFIRMED
3245000,20.413812,FALSE_POSITIVE
3245638,232.822285,FALSE_POSITIVE
3245661,0.7088055,FALSE_POSITIVE
3245969,11.39102358,CONFIRMED
32460142,10.6895417,UNKNOWN
324609409,,UNKNOWN
324609476,0.733892,UNKNOWN
3246867,5.32737192,UNKNOWN
3246984,1.626630225,FALSE_POSITIVE
3247268,86.67856052,CONFIRMED
3247294,67.41958542,FALSE_POSITIVE
3247396,8.8111022,FALSE_POSITIVE
3247404,8.8109721,FALSE_POSITIVE
3247503,0.447861451,FALSE_POSITIVE
3248019,1.334104585,FALSE_POSITIVE
3248033,1.334101467,FALSE_POSITIVE
3248332,7.363572395,FALSE_POSITIVE
3248501,4.22464216,UNKNOWN
3248696,383.43595,FALSE_POSITIVE
32487566,2.7567395,UNKNOWN
3249334,5.90260586,UNKNOWN
32497972,29.4829022,UNKNOWN
32498058,35.3573239,UNKNOWN
32499655,2.7439029,UNKNOWN
325081244,,UNKNOWN
325086150,5.4934218,UNKNOWN
325172035,2.8970202,UNKNOWN
325275736,20.5020769,UNKNOWN
325410269,4.0673088,UNKNOWN
325468685,1.8905304,UNKNOWN
325527653,11.3929129,UNKNOWN
325647810,3.8030207,UNKNOWN
325653071,19.6518502,UNKNOWN
325670253,3.3777419,UNKNOWN
325680697,1.82488,UNKNOWN
325682877,2.118659,UNKNOWN
325765282,7.4156006,UNKNOWN
325908483,18.9438583,UNKNOWN
326114850,1.2456423,UNKNOWN
326116570,7.8580085,UNKNOWN
326203952,2.5850398,UNKNOWN
326327260,7.9605908,UNKNOWN
326347927,7.2617331,UNKNOWN
326386495,17.7424733,UNKNOWN
326453034,14.445918,UNKNOWN
326470400,736.5528811,UNKNOWN
326475995,5.2266285,UNKNOWN
326522874,3.1821969,UNKNOWN
326662822,4.0446543,UNKNOWN
326732851,1.51567,UNKNOWN
32677675,3.6364993,UNKNOWN
326809267,7.1436336,UNKNOWN
326919774,7.57193,UNKNOWN
327004130,3.4600026,UNKNOWN
327011842,0.783879,UNKNOWN
327017634,,UNKNOWN
327093061,3.5297965,UNKNOWN
327126871,39.810528,UNKNOWN
327210623,2.128423,UNKNOWN
327249454,3.0493323,UNKNOWN
327301957,13.9428705,UNKNOWN
327302178,1.0065503,UNKNOWN
327341626,5.9382163,UNKNOWN
327369524,4.0236805,UNKNOWN
327577308,1.45655,UNKNOWN
327579226,8.905407,UNKNOWN
327663613,1.41144,UNKNOWN
327917279,8.5467163,UNKNOWN
327952677,3.3969441,UNKNOWN
328012209,20.2656358,UNKNOWN
328081248,4.1645448,UNKNOWN
328167090,0.7131492,UNKNOWN
32830028,0.516278,UNKNOWN
328325110,12.7426508,UNKNOWN
328350926,0.8490674,UNKNOWN
328502522,41.4186335,UNKNOWN
328513434,1.7904917,UNKNOWN
328750515,2.3359622,UNKNOWN
328814605,5.6917579,UNKNOWN
328933398,24.9341884,UNKNOWN
328934463,11.2347982,UNKNOWN
328934980,8.4306162,UNKNOWN
329145325,1.077774,UNKNOWN
329148988,27.2672016,UNKNOWN
32925763,1.6804461,UNKNOWN
329277372,2.8879675,UNKNOWN
329346586,1.392516,UNKNOWN
329373799,3.6554335,UNKNOWN
32949762,3.7684981,UNKNOWN
329609449,4.2442882,UNKNOWN
329672278,4.0557174,UNKNOWN
329691586,1.5169786,UNKNOWN
329709756,12.5482879,UNKNOWN
329821992,2.8637988,UNKNOWN
329864959,4.52318,UNKNOWN
329888006,7.6943096,UNKNOWN
329921262,2.3631898,UNKNOWN
329981856,3.3206355,UNKNOWN
330014070,6.3087809,UNKNOWN
330135981,1.0666963,UNKNOWN
330218897,3.4200073,UNKNOWN
330332501,4.0157492,UNKNOWN
330424797,8.6243051,UNKNOWN
330468175,0.70902,UNKNOWN
330637910,2.0074528,UNKNOWN
330665027,6.7080688,UNKNOWN
330687113,5.113835,UNKNOWN
330690135,14.7565015,UNKNOWN
330795142,1.3460633,UNKNOWN
330799746,5.5115114,UNKNOWN
330885564,0.6756067,UNKNOWN
33091590,7.795385,UNKNOWN
33091633,7.52118,UNKNOWN
330944099,3.6119975,UNKNOWN
331034236,3.4272549,UNKNOWN
331146317,2.3874731,UNKNOWN
331160996,2.1972485,UNKNOWN
331297805,4.9816829,UNKNOWN
331456189,3.89989,UNKNOWN
331484419,6.25656,UNKNOWN
33153766,0.68831,UNKNOWN
33159936,2.8457134,UNKNOWN
331619598,7.1467369,UNKNOWN
331644554,,UNKNOWN
331691841,6.9341584,UNKNOWN
331854794,2.1947767,UNKNOWN
332017079,1.6500255,UNKNOWN
332022997,3.2810299,UNKNOWN
332064670,0.7365463,UNKNOWN
332154944,0.99837,UNKNOWN
33227166,5.5846356,UNKNOWN
332314607,5.3890264,UNKNOWN
3323289,33.693201537,FALSE_POSITIVE
332365162,7.4242482,UNKNOWN
332383229,16.1268294,UNKNOWN
3323887,19.270825843,CONFIRMED
332393279,2.3238426,UNKNOWN
3324069,22.80265,UNKNOWN
3324644,2.882424694,FALSE_POSITIVE
332477926,16.2143217,UNKNOWN
332496784,2.5938771,UNKNOWN
3324986,1.540411479,FALSE_POSITIVE
332534326,2.4993895,UNKNOWN
332558858,13.3368173,UNKNOWN
332564140,19.8067259,UNKNOWN
332579116,3.9017499,UNKNOWN
332630868,736.5601487,UNKNOWN
3326377,13.22714056,CONFIRMED
332657786,1462.2115148,UNKNOWN
332660150,8.8073507,UNKNOWN
332660287,1.2434016,UNKNOWN
332705008,7.6778159,UNKNOWN
332710679,2.7194615,UNKNOWN
332715376,10.6306165,UNKNOWN
3327980,2.115510941,FALSE_POSITIVE
3327992,2.115511511,FALSE_POSITIVE
3327993,2.11552348,FALSE_POSITIVE
3328026,2.115498574,FALSE_POSITIVE
3328027,2.11548883,FALSE_POSITIVE
3328052,2.11547854,FALSE_POSITIVE
3328080,4.76559056,CONFIRMED
332860211,4.4445101,UNKNOWN
332880327,0.6676722,UNKNOWN
332887363,4.8332515,UNKNOWN
332911893,6.6132132,UNKNOWN
3329204,51.59809554,UNKNOWN
3329643,1.015044104,FALSE_POSITIVE
3329985,146.355097,FALSE_POSITIVE
33303538,2.5141406,UNKNOWN
3330684,1.26132769,FALSE_POSITIVE
333324340,1.8289577,UNKNOWN
333473672,13.001789,UNKNOWN
33350443,3.562038,UNKNOWN
333511802,3.6179419,UNKNOWN
3335813,3.711012492,FALSE_POSITIVE
3335816,3.711013336,FALSE_POSITIVE
333607525,3.2022978,UNKNOWN
3336283,0.576441813,FALSE_POSITIVE
3336476,1.89132292,FALSE_POSITIVE
333657795,0.9260632,UNKNOWN
333674399,20.9040576,UNKNOWN
3336765,1.844857057,FALSE_POSITIVE
3336845,0.996864568,FALSE_POSITIVE
3337061,6.5588346,FALSE_POSITIVE
333734769,1.5099302,UNKNOWN
3337351,7.047103499,FALSE_POSITIVE
333736132,731.9966539,UNKNOWN
3337425,7.04710032,FALSE_POSITIVE
3337432,2.97600846,FALSE_POSITIVE
3337438,2.97606298,FALSE_POSITIVE
3337548,2.97586085,FALSE_POSITIVE
333810741,4.0492184,UNKNOWN
333814134,2.8636452,UNKNOWN
333821572,2.8259491,UNKNOWN
3338660,1.873380717,FALSE_POSITIVE
3338674,1.87337894,FALSE_POSITIVE
3338885,1.970340203,CONFIRMED
3339538,14.658013949,FALSE_POSITIVE
33397739,2.0231137,UNKNOWN
3340070,10.9110487,FALSE_POSITIVE
3340165,26.092284,UNKNOWN
3340312,30.5528972,FALSE_POSITIVE
3340313,30.5528701,FALSE_POSITIVE
334080358,11.4483792,UNKNOWN
334125713,4.6211026,UNKNOWN
3341760,0.523493764,FALSE_POSITIVE
3341934,18.839487435,FALSE_POSITIVE
3341982,514.14221,FALSE_POSITIVE
3342463,34.10787519,FALSE_POSITIVE
3342467,88.1804682,FALSE_POSITIVE
334252687,2.8395663,UNKNOWN
3342592,17.177328207,FALSE_POSITIVE
3342794,14.17222858,CONFIRMED
3342952,1.039046871,FALSE_POSITIVE
3342970,2.711504086,CONFIRMED
334305570,8.3008562,UNKNOWN
3343281,21.8660922,FALSE_POSITIVE
334380435,13.3040542,UNKNOWN
334385701,2.1861455,UNKNOWN
3343866,0.555973803,FALSE_POSITIVE
334394274,3.4488281,UNKNOWN
334414389,0.9828259,UNKNOWN
3344419,0.651784374,FALSE_POSITIVE
3344427,1.303570451,FALSE_POSITIVE
334482103,3.7257237,UNKNOWN
334493051,2.2297524,UNKNOWN
3345675,120.00336404,UNKNOWN
3345973,15.3466028,FALSE_POSITIVE
334597566,9.1099373,UNKNOWN
3346154,1.952711161,CONFIRMED
334632624,741.4238314,UNKNOWN
3346543,12.4701111,UNKNOWN
3347485,7.544804312,FALSE_POSITIVE
334757798,2.3019268,UNKNOWN
3347807,324.18028,FALSE_POSITIVE
334798754,8.5748036,UNKNOWN
3348082,3.98216698,CONFIRMED
3348090,2.43585046,FALSE_POSITIVE
3348093,7.964400574,FALSE_POSITIVE
334811204,21.07626,UNKNOWN
3348216,32.510844,UNKNOWN
3348285,0.803835923,FALSE_POSITIVE
334911765,0.88958,UNKNOWN
335037151,3.5466109,UNKNOWN
335040423,2.5610662,UNKNOWN
3351888,1.625522174,CONFIRMED
33521996,3.3252703,UNKNOWN
3352751,3.495457889,FALSE_POSITIVE
3353050,5.0800579,CONFIRMED
3353454,1.6911935,FALSE_POSITIVE
335483600,3.354053,UNKNOWN
3354846,18.5525162,CONFIRMED
335489455,2.1176601,UNKNOWN
335499997,0.433569,UNKNOWN
3355104,47.0628978,UNKNOWN
335540507,10.864728,UNKNOWN
335590096,1.5229985,UNKNOWN
3356156,624.90338,UNKNOWN
3356193,5.8229815,UNKNOWN
335624180,4.6351977,UNKNOWN
335630746,4.6336155,UNKNOWN
335655755,11.7647926,UNKNOWN
335661164,0.8406912,UNKNOWN
335681838,15.1016086,UNKNOWN
335813325,2.6953698,UNKNOWN
335813590,7.5575607,UNKNOWN
335860261,8.4893234,UNKNOWN
335952150,60.1702823,UNKNOWN
33595516,0.76566,UNKNOWN
335996558,1.46329,UNKNOWN
336072306,3.415047,UNKNOWN
336075472,63.1448519,UNKNOWN
336092760,6.7716021,UNKNOWN
336125492,4.7271324,UNKNOWN
336126253,18.9972068,UNKNOWN
336128819,7.8519082,UNKNOWN
336255880,5.1855507,UNKNOWN
336264393,36.9870862,UNKNOWN
336267424,1.4821845,UNKNOWN
336399144,5.7033411,UNKNOWN
336456596,0.77871,UNKNOWN
3364732,3.6238662,UNKNOWN
33651215,1.3868302,UNKNOWN
336613507,2.2350331,UNKNOWN
336691874,5.4233428,UNKNOWN
336732544,3.2771118,UNKNOWN
336732616,3.547854,UNKNOWN
336740528,5.2958813,UNKNOWN
336824844,4.4638411,UNKNOWN
336840314,2.8285323,UNKNOWN
33690636,4.99915,UNKNOWN
33692729,13.6308024,UNKNOWN
336961891,3.6022377,UNKNOWN
337025682,4.2417694,UNKNOWN
337129672,49.1077047,UNKNOWN
33716474,8.9356558,UNKNOWN
337216118,2.6857229,UNKNOWN
337217173,40.3833862,UNKNOWN
337274055,4.8435717,UNKNOWN
337385330,15.532806,UNKNOWN
337647366,4.7464485,UNKNOWN
337648770,23.899595,UNKNOWN
338065029,2.3151015,UNKNOWN
33831980,21.9166429,UNKNOWN
33840683,13.8198702,UNKNOWN
33878688,79.3739596,UNKNOWN
33911302,1.81383,UNKNOWN
339207264,5.4823596,UNKNOWN
339207847,13.3988634,UNKNOWN
339250695,4.7262208,UNKNOWN
33945661,3.4828151,UNKNOWN
339503267,4.9386676,UNKNOWN
339522221,1.82069,UNKNOWN
339538183,2.6093167,UNKNOWN
339591840,,UNKNOWN
339636032,6.8787507,UNKNOWN
339672028,10.3311664,UNKNOWN
339733013,5.62162,UNKNOWN
339857675,3.5137609,UNKNOWN
339961200,3.21264,UNKNOWN
340144218,10.3629429,UNKNOWN
340228388,3.1726875,UNKNOWN
340458804,194.2432864,UNKNOWN
340559155,14.9502738,UNKNOWN
340624586,13.3178839,UNKNOWN
34068865,0.3219233,UNKNOWN
340700241,7.7925448,UNKNOWN
34077285,6.3872524,UNKNOWN
341005781,8.6393678,UNKNOWN
341157650,4.1186706,UNKNOWN
341186896,1.5078959,UNKNOWN
341272282,0.8133123,UNKNOWN
341297143,3.8421028,UNKNOWN
341299943,3.0233509,UNKNOWN
341405597,5.322002,UNKNOWN
341419787,21.0689935,UNKNOWN
341420329,5.2341008,UNKNOWN
341444900,9.0330414,UNKNOWN
341544930,7.6416041,UNKNOWN
341630071,26.2049782,UNKNOWN
341729521,8.4134856,UNKNOWN
341805908,1.491916,UNKNOWN
341815197,49.9950015,UNKNOWN
341815767,3.09374,UNKNOWN
342167886,17.3076615,UNKNOWN
342276668,12.0080349,UNKNOWN
342314656,39.6251926,UNKNOWN
342343963,16.7375044,UNKNOWN
342375120,4.4367891,UNKNOWN
342449055,2.8607384,UNKNOWN
3425363,25.5338535,UNKNOWN
3425851,110.3783828,UNKNOWN
3426367,2.10433534,CONFIRMED
342642208,8.6007557,UNKNOWN
34266522,3.7170532,UNKNOWN
3427776,4.01668015,FALSE_POSITIVE
3428127,339.18998,UNKNOWN
3428359,77.66967809,FALSE_POSITIVE
3428468,114.90862419,FALSE_POSITIVE
34297761,5.3928876,UNKNOWN
343019899,25.8386422,UNKNOWN
343330330,5.5613023,UNKNOWN
343336312,51.9120896,UNKNOWN
3433668,15.0219784,CONFIRMED
343442463,0.78381,UNKNOWN
343628284,8.0970819,UNKNOWN
343648136,1.15395,UNKNOWN
343708863,5.9685742,UNKNOWN
343717397,0.7025922,UNKNOWN
343726435,5.016641,UNKNOWN
3437739,1.89134156,FALSE_POSITIVE
343774169,5.3913891,UNKNOWN
3437776,10.29767658,FALSE_POSITIVE
3438507,8.39842977,CONFIRMED
3438975,2.976020742,FALSE_POSITIVE
3438976,2.97599368,FALSE_POSITIVE
3439031,2.976012511,FALSE_POSITIVE
3439096,2.97601892,FALSE_POSITIVE
3439126,2.9761504,FALSE_POSITIVE
34395020,10.1766089,UNKNOWN
343952976,3.0131053,UNKNOWN
3440118,19.57783279,CONFIRMED
3440230,2.881100027,FALSE_POSITIVE
344034178,2.3170053,UNKNOWN
344085117,0.659752,UNKNOWN
3440861,3.50376155,FALSE_POSITIVE
3440978,38.103908,UNKNOWN
344130921,14.7765802,UNKNOWN
3441340,0.806277023,FALSE_POSITIVE
344140617,4.7799716,UNKNOWN
3441784,52.56901867,FALSE_POSITIVE
3441795,349.73652,UNKNOWN
3442054,117.6813778,FALSE_POSITIVE
3442055,29.6193891,CONFIRMED
344224831,8.0179256,UNKNOWN
3443582,1.085965104,FALSE_POSITIVE
3443790,1.665784138,FALSE_POSITIVE
3444098,0.72359699,FALSE_POSITIVE
344416349,7.8365317,UNKNOWN
3444588,0.928310036,CONFIRMED
344552721,1.9519092,UNKNOWN
344568128,2.3304358,UNKNOWN
3445812,0.605556082,FALSE_POSITIVE
344600402,1.3875331,UNKNOWN
3446451,0.64234875,FALSE_POSITIVE
34466256,0.7029205,UNKNOWN
3446746,13.14496741,CONFIRMED
344745774,2.669856,UNKNOWN
3447722,16.08832318,CONFIRMED
3448130,78.5461106,CONFIRMED
3448323,0.513482156,FALSE_POSITIVE
3448456,0.776950288,FALSE_POSITIVE
344855300,3.2966077,UNKNOWN
344926234,0.49359,UNKNOWN
344927749,5.7935723,UNKNOWN
3449540,1.606003121,FALSE_POSITIVE
3449870,61.438007,FALSE_POSITIVE
34499178,2.4249041,UNKNOWN
3450040,1.166960319,UNKNOWN
345009464,3.4844157,UNKNOWN
34505005,5.1627718,UNKNOWN
345056639,0.8674623,UNKNOWN
345143460,3.6458046,UNKNOWN
345193111,6.1606297,UNKNOWN
345205395,2.8492565,UNKNOWN
34524670,5.7627112,UNKNOWN
3453214,19.620346923,UNKNOWN
345329200,3.1082514,UNKNOWN
345333936,1.4252334,UNKNOWN
345450130,2.7521595,UNKNOWN
34551972,4.8542148,UNKNOWN
345596003,2.6414334,UNKNOWN
345645749,7.8808589,UNKNOWN
345697569,2.8817718,UNKNOWN
345724317,2.817627,UNKNOWN
3458028,1.442592305,CONFIRMED
3458687,0.98376204,FALSE_POSITIVE
3458919,0.892061734,FALSE_POSITIVE
3459199,1.570518376,FALSE_POSITIVE
3459529,231.364508,FALSE_POSITIVE
345996087,2.01976,UNKNOWN
346015394,1.0788649,UNKNOWN
346077232,6.3720834,UNKNOWN
346081845,3.4895723,UNKNOWN
346154016,4.449914,UNKNOWN
346338552,4.4652986,UNKNOWN
346418409,2.7556532,UNKNOWN
34646336,5.9577768,UNKNOWN
346626688,4.4085194,UNKNOWN
346667887,3.8922407,UNKNOWN
346673534,15.634183,UNKNOWN
346855283,17.7505864,UNKNOWN
346859243,6.4226101,UNKNOWN
346929661,12.0135752,UNKNOWN
346972413,2.7779767,UNKNOWN
346995484,1.9138779,UNKNOWN
347011522,17.2045725,UNKNOWN
347013211,9.07763,UNKNOWN
347018922,1.1919382,UNKNOWN
347051112,4.7378265,UNKNOWN
347098457,3.1510408,UNKNOWN
347210614,6.4219775,UNKNOWN
34729329,0.9953936,UNKNOWN
347329162,4.6170519,UNKNOWN
347332255,5.6419598,UNKNOWN
347357977,12.6826724,UNKNOWN
34737413,1.5297119,UNKNOWN
347430350,2.2438471,UNKNOWN
347442932,0.6646521,UNKNOWN
347469901,3.2571037,UNKNOWN
347538174,6.8019625,UNKNOWN
347553438,1.82738,UNKNOWN
347715478,9.3096136,UNKNOWN
34781378,4.7949288,UNKNOWN
347944406,8.3873861,UNKNOWN
348054109,0.4378024,UNKNOWN
348099535,10.1182835,UNKNOWN
348135793,1.97741,UNKNOWN
348297468,3.8190051,UNKNOWN
348437470,3.2975093,UNKNOWN
348477542,3.4074188,UNKNOWN
348501452,2.4257176,UNKNOWN
348538431,0.8994677,UNKNOWN
348673213,0.901465,UNKNOWN
348684813,7.7517472,UNKNOWN
348684814,7.7517707,UNKNOWN
348755723,4.503645,UNKNOWN
348755728,4.5063838,UNKNOWN
348756659,3.7260939,UNKNOWN
348770361,2.7684331,UNKNOWN
348835438,6.203496,UNKNOWN
348844154,29.17362,UNKNOWN
348899056,2.1670093,UNKNOWN
348995212,0.3456911,UNKNOWN
349071261,2.7875233,UNKNOWN
349088467,2.5861562,UNKNOWN
349095149,91.6827832,UNKNOWN
349312122,2.8329023,UNKNOWN
349373192,0.76983,UNKNOWN
349408306,0.152076,UNKNOWN
349410350,3.0235362,UNKNOWN
349440621,6.7113743,UNKNOWN
349488688,,UNKNOWN
349503728,1.1235117,UNKNOWN
349518800,2.1654694,UNKNOWN
349576261,225.1037885,UNKNOWN
349582831,3.4532143,UNKNOWN
349677805,11.9096401,UNKNOWN
34977731,13.3673993,UNKNOWN
349786918,2.9663437,UNKNOWN
349789882,10.018102,UNKNOWN
349790953,1.5521101,UNKNOWN
34980970,12.836391,UNKNOWN
349827430,5.5514888,UNKNOWN
349829627,6.4872362,UNKNOWN
34986694,0.4707476,UNKNOWN
349891396,1.3003394,UNKNOWN
349966879,0.3125737,UNKNOWN
349972412,82.9294114,UNKNOWN
349986198,3.577501,UNKNOWN
350020859,11.8141726,UNKNOWN
350023518,8.0387972,UNKNOWN
350024178,2.9238483,UNKNOWN
350033870,2.2085904,UNKNOWN
350043412,9.4813433,UNKNOWN
350044062,5.9522831,UNKNOWN
350064389,2.1570981,UNKNOWN
35009898,1.5275639,UNKNOWN
350132371,1.0318213,UNKNOWN
350153977,3.1837789,UNKNOWN
35022727,3.6528112,UNKNOWN
350230694,8.0105138,UNKNOWN
350268913,3.5191197,UNKNOWN
350293646,8.5234958,UNKNOWN
350299588,602.2450921,UNKNOWN
350332997,1.9160221,UNKNOWN
350348197,6.7535728,UNKNOWN
350432166,35.7890963,UNKNOWN
350445771,3.1901569,UNKNOWN
350575997,2.0134389,UNKNOWN
350584963,2.1263165,UNKNOWN
350618622,52.9781419,UNKNOWN
350733403,27.035894,UNKNOWN
350743714,7.757643,UNKNOWN
350814622,3.2135636,UNKNOWN
350821320,2.014214,UNKNOWN
350861689,12.0101118,UNKNOWN
350882505,4.2025514,UNKNOWN
350931281,4.4620528,UNKNOWN
350934357,226.2820777,UNKNOWN
350995812,2.97164,UNKNOWN
35106764,5.3861006,UNKNOWN
351077390,1.1951761,UNKNOWN
351599985,1.3432587,UNKNOWN
351601843,0.6047392,UNKNOWN
351603103,2.94308,UNKNOWN
351652998,4.015073,UNKNOWN
351864831,8.7311119,UNKNOWN
352011875,6.2468813,UNKNOWN
352107384,3.5043637,UNKNOWN
352147273,8.555965,UNKNOWN
352151292,5.0821798,UNKNOWN
352229268,16.155134,UNKNOWN
352239069,6.8674054,UNKNOWN
352284958,0.8818115,UNKNOWN
352301423,1.7085226,UNKNOWN
352409708,1.463442,UNKNOWN
352413427,5.2544884,UNKNOWN
352438619,6.5516113,UNKNOWN
352442207,4.6107024,UNKNOWN
352469839,3.7026941,UNKNOWN
3526331,2.23755641,FALSE_POSITIVE
352682207,5.4146235,UNKNOWN
352690548,4.9056578,UNKNOWN
352764091,9.6001126,UNKNOWN
35285308,5.7656076,UNKNOWN
352892371,9.7824078,UNKNOWN
352924930,4.0158188,UNKNOWN
3529290,8.9539656,UNKNOWN
353038705,3.062624,UNKNOWN
3530668,1.946198513,FALSE_POSITIVE
3531231,62.060783,FALSE_POSITIVE
353146308,0.4131063,UNKNOWN
35315453,2.0340967,UNKNOWN
3531558,24.99324319,CONFIRMED
353225230,0.5721596,UNKNOWN
3532510,106.779168,FALSE_POSITIVE
3532985,5.288547653,UNKNOWN
353302490,1.5829358,UNKNOWN
3533469,10.21507506,FALSE_POSITIVE
3533483,308.185801,FALSE_POSITIVE
353361266,10.3413829,UNKNOWN
353367071,2.37532,UNKNOWN
3534076,272.0868353,UNKNOWN
3534118,178.4129899,FALSE_POSITIVE
353459965,10.8614911,UNKNOWN
353475866,1.766692,UNKNOWN
353498819,2.5492773,UNKNOWN
353586703,3.0043128,UNKNOWN
35377903,2.9937587,UNKNOWN
353782445,11.835079,UNKNOWN
353807936,34.2825595,UNKNOWN
353893493,3.3528597,UNKNOWN
3539231,91.95723,UNKNOWN
353960022,3.9200919,UNKNOWN
354006740,1.76406,UNKNOWN
354031707,4.1866989,UNKNOWN
354032153,1.9639208,UNKNOWN
3540873,444.04257,UNKNOWN
354151219,3.5639862,UNKNOWN
354173595,1.7266943,UNKNOWN
3541800,4.66229074,FALSE_POSITIVE
3541946,17.79001678,CONFIRMED
3542117,12.5748872,FALSE_POSITIVE
3542222,0.504426087,FALSE_POSITIVE
3542542,3.47148164,FALSE_POSITIVE
3542573,3.471399214,FALSE_POSITIVE
3542574,3.47140045,FALSE_POSITIVE
3542588,3.47143963,FALSE_POSITIVE
354285962,5.6289226,UNKNOWN
3542928,484.172005,FALSE_POSITIVE
354293303,2.4713543,UNKNOWN
3543270,4.176929219,FALSE_POSITIVE
354400186,9.07768,UNKNOWN
354442783,1.5224706,UNKNOWN
3544595,4.72674037,CONFIRMED
3544640,30.8278245,CONFIRMED
3544678,6.3762199,FALSE_POSITIVE
3544689,1.922861499,FALSE_POSITIVE
3544694,1.922862476,FALSE_POSITIVE
354469661,4.7947749,UNKNOWN
354478327,0.3489261,UNKNOWN
354489554,4.7729363,UNKNOWN
3545135,8.48299282,CONFIRMED
354517490,3.4523955,UNKNOWN
354518617,12.7187255,UNKNOWN
354519019,17.3051476,UNKNOWN
3545478,75.1122132,UNKNOWN
3545583,407.59415,FALSE_POSITIVE
3545626,9.78184193,UNKNOWN
3545749,277.77499,FALSE_POSITIVE
3545840,54.2916336,UNKNOWN
354594208,0.86673,UNKNOWN
354600221,1.41853,UNKNOWN
3546060,9.69310837,CONFIRMED
354619337,2.1425095,UNKNOWN
3546821,561.08191,FALSE_POSITIVE
3547091,3.305577989,FALSE_POSITIVE
3547178,8.1770751,UNKNOWN
354727907,8.4498763,UNKNOWN
3547315,0.64234865,FALSE_POSITIVE
354742440,4.4532909,UNKNOWN
3547760,9.8480917,FALSE_POSITIVE
3548044,34.7630543,CONFIRMED
354832924,6.9541458,UNKNOWN
35483319,1.9297769,UNKNOWN
354846183,1083.5575987,UNKNOWN
3548622,569.45051,UNKNOWN
3548639,13.8452726,FALSE_POSITIVE
3548645,211.330867,UNKNOWN
354937825,5.469359,UNKNOWN
354944123,5.538329,UNKNOWN
355008856,3.0108217,UNKNOWN
3550372,0.681180633,UNKNOWN
3550434,1.1910489,FALSE_POSITIVE
355058141,0.7105047,UNKNOWN
355096431,7.2147718,UNKNOWN
355138852,3.272056,UNKNOWN
35516889,0.7888389,UNKNOWN
3553900,12.5747207,UNKNOWN
3554031,8.70798309,CONFIRMED
355418639,18.7541398,UNKNOWN
355446093,15.937546,UNKNOWN
355449539,5.2076995,UNKNOWN
3554600,7.544039,FALSE_POSITIVE
3554819,43.22793081,FALSE_POSITIVE
355509914,1.7386695,UNKNOWN
3555178,528.10984,FALSE_POSITIVE
355600246,3.05631,UNKNOWN
3556220,0.796722833,FALSE_POSITIVE
3556229,0.7967202,FALSE_POSITIVE
355636844,6.30556,UNKNOWN
355637190,0.8054361,UNKNOWN
355640518,0.8497194,UNKNOWN
355655412,3.1958886,UNKNOWN
3556742,0.823014905,FALSE_POSITIVE
355703913,2.1061569,UNKNOWN
355732304,2.5411063,UNKNOWN
3557341,0.393727296,FALSE_POSITIVE
355748785,1.755115,UNKNOWN
3557493,0.393726813,FALSE_POSITIVE
3557560,7.4299322,UNKNOWN
355796887,3.6579148,UNKNOWN
355800238,1.4509175,UNKNOWN
35582553,0.9370901,UNKNOWN
355867695,3.1274634,UNKNOWN
3558803,1.353414369,FALSE_POSITIVE
3558849,160.850075,UNKNOWN
355895977,10.5789534,UNKNOWN
3558981,2.98786272,FALSE_POSITIVE
355953198,3.3952015,UNKNOWN
3559860,33.0257179,CONFIRMED
3559935,29.9111886,CONFIRMED
356016119,18.7931749,UNKNOWN
3560301,4.6484156,FALSE_POSITIVE
3561464,7.31945294,CONFIRMED
356146869,21.1968768,UNKNOWN
356158613,,UNKNOWN
356200601,5.1139634,UNKNOWN
356206412,3.2690486,UNKNOWN
356235833,1.2680452,UNKNOWN
356311210,18.0574016,UNKNOWN
356322454,3.2509846,UNKNOWN
35636165,3.4590552,UNKNOWN
356453768,2.3330349,UNKNOWN
356461227,1.8418712,UNKNOWN
356472238,14.5416243,UNKNOWN
356473034,2.6158597,UNKNOWN
35652085,2.2060441,UNKNOWN
356539624,0.4399856,UNKNOWN
356590734,4.829406,UNKNOWN
356682805,6.1313492,UNKNOWN
356700488,,UNKNOWN
356710041,,UNKNOWN
356736743,24.0819851,UNKNOWN
356747847,14.6483913,UNKNOWN
356786657,7.1357259,UNKNOWN
356822426,1.5569519,UNKNOWN
356835341,19.7112002,UNKNOWN
356867115,6.0964074,UNKNOWN
356868487,27.9102929,UNKNOWN
356871098,1.0271879,UNKNOWN
356916207,2.2538642,UNKNOWN
356919658,1.42611,UNKNOWN
356921678,0.8515408,UNKNOWN
356978132,60.1848926,UNKNOWN
356990855,0.5894678,UNKNOWN
357048995,6.3928694,UNKNOWN
357145112,3.1523405,UNKNOWN
357202877,9.5537684,UNKNOWN
357244603,3.0650073,UNKNOWN
357299852,2.8652288,UNKNOWN
357312511,32.6012979,UNKNOWN
357347296,4.1753448,UNKNOWN
357373216,9.546972,UNKNOWN
357416482,5.49826,UNKNOWN
357457104,1.748054,UNKNOWN
357501308,7.4355709,UNKNOWN
357536526,1.57363,UNKNOWN
357538688,13.2681095,UNKNOWN
35758536,4.1059615,UNKNOWN
357634632,3.365343,UNKNOWN
357661805,17.0298529,UNKNOWN
357801293,4.2745762,UNKNOWN
357858008,16.179367,UNKNOWN
357872559,2.5530138,UNKNOWN
357896777,2.7557652,UNKNOWN
357956179,15.6862385,UNKNOWN
357972447,0.33759,UNKNOWN
358070912,0.8831279,UNKNOWN
358072664,4.1934945,UNKNOWN
358107516,11.9124942,UNKNOWN
358111035,22.0089343,UNKNOWN
358164738,5.6022404,UNKNOWN
358186451,1.3176767,UNKNOWN
358248442,18.8812961,UNKNOWN
358253047,20.1459438,UNKNOWN
358340733,3.958213,UNKNOWN
358460246,15.4043768,UNKNOWN
358516596,3.2440454,UNKNOWN
35855047,2.3627442,UNKNOWN
358557578,7.4547813,UNKNOWN
35857242,3.6344447,UNKNOWN
358579111,14.2197641,UNKNOWN
358613376,8.2713274,UNKNOWN
358631536,3.4040139,UNKNOWN
35883621,3.0519843,UNKNOWN
358838026,3.9535041,UNKNOWN
358938714,0.422425,UNKNOWN
358975793,3.8148598,UNKNOWN
359271092,7.5768334,UNKNOWN
359321688,2.7340756,UNKNOWN
359357695,1.7263781,UNKNOWN
359388309,4.1915095,UNKNOWN
359403471,2.5547255,UNKNOWN
359426909,3.9415006,UNKNOWN
359469754,3.0278609,UNKNOWN
359496368,2.6652007,UNKNOWN
359523751,4.8338813,UNKNOWN
359572563,1.5256634,UNKNOWN
359629653,1.6707289,UNKNOWN
35972578,1.8881146,UNKNOWN
359735804,4.4158835,UNKNOWN
35973654,4.4581792,UNKNOWN
360142739,2.2377411,UNKNOWN
360156606,27.3613778,UNKNOWN
360221713,3.1062522,UNKNOWN
36022284,4.6478092,UNKNOWN
360224870,5.1778752,UNKNOWN
360286627,0.758082,UNKNOWN
360473750,4.3618031,UNKNOWN
360475034,2.8372178,UNKNOWN
360630575,9.188506,UNKNOWN
360706000,2.3725483,UNKNOWN
360714300,15.8118347,UNKNOWN
360742636,2.5495611,UNKNOWN
360816293,3.5506084,UNKNOWN
360816296,3.5505931,UNKNOWN
360822008,2.9075077,UNKNOWN
361034196,2.19296,UNKNOWN
361154154,37.98781,UNKNOWN
361176558,3.7724947,UNKNOWN
361218772,51.6708185,UNKNOWN
361219651,2.7559464,UNKNOWN
361343239,2.3505698,UNKNOWN
361344753,7.5138657,UNKNOWN
361403927,5.9097139,UNKNOWN
361413119,6.0744477,UNKNOWN
361467239,5.2820398,UNKNOWN
361710792,8.7234738,UNKNOWN
361711730,10.2436729,UNKNOWN
361944563,0.8738186,UNKNOWN
361998994,1.84996,UNKNOWN
362026280,3.078479,UNKNOWN
362032529,3.4507193,UNKNOWN
362103298,10.7155521,UNKNOWN
362111691,4.8807474,UNKNOWN
362220495,165.0031583,UNKNOWN
362222177,6.6363577,UNKNOWN
362223355,3.7453991,UNKNOWN
362249359,1.041889,UNKNOWN
36227841,0.4021401,UNKNOWN
362370757,3.5164369,UNKNOWN
362607799,2.6337971,UNKNOWN
362709886,4.7259317,UNKNOWN
3629119,331.55459,UNKNOWN
3629330,85.272459,CONFIRMED
3629967,85.6542476,CONFIRMED
363029616,1.3502386,UNKNOWN
363040636,16.7880823,UNKNOWN
363083571,3.8249546,UNKNOWN
363202582,1.5659063,UNKNOWN
3632089,31.7787564,CONFIRMED
3632330,63.12379762,FALSE_POSITIVE
3632418,2.785821236,CONFIRMED
363259409,5.0953453,UNKNOWN
363260203,1.2025238,UNKNOWN
3634051,453.54212,CONFIRMED
3634169,2.9590637,FALSE_POSITIVE
363417404,1484.1934287,UNKNOWN
36352297,1.5089635,UNKNOWN
363548415,6.7713411,UNKNOWN
363632843,3.6130857,UNKNOWN
363635669,0.7617828,UNKNOWN
363661031,3.5601365,UNKNOWN
363749415,3.6562554,UNKNOWN
363761216,7.4072602,UNKNOWN
36381058,1.6566182,UNKNOWN
363851359,2.5441537,UNKNOWN
363914762,13.8665912,UNKNOWN
364007087,5.6604695,UNKNOWN
364072092,1.3828196,UNKNOWN
364074068,2.7830114,UNKNOWN
364075352,37.83633,UNKNOWN
3640905,30.1599411,CONFIRMED
364107753,3.9043855,UNKNOWN
3641216,358.54455552,FALSE_POSITIVE
3641726,9.02930689,CONFIRMED
364186197,4.4247042,UNKNOWN
364192929,5.2079858,UNKNOWN
3642289,6.002548291,CONFIRMED
3642335,60.8660974,CONFIRMED
364267778,2.3557153,UNKNOWN
3642741,7.258450123,FALSE_POSITIVE
364393429,2.6282553,UNKNOWN
364395234,14.2545623,UNKNOWN
36440357,9.2016496,UNKNOWN
3644071,1295.362215,FALSE_POSITIVE
364408162,3.1256662,UNKNOWN
3644174,1.806631432,FALSE_POSITIVE
364427226,4.1414861,UNKNOWN
364431259,2.9866836,UNKNOWN
3644399,119.669671,FALSE_POSITIVE
3644505,119.72007,FALSE_POSITIVE
3644523,119.67747,FALSE_POSITIVE
3644542,119.67980316,FALSE_POSITIVE
3644601,359.00688,FALSE_POSITIVE
3644602,359.08368,FALSE_POSITIVE
3644631,358.96247,FALSE_POSITIVE
3644649,598.31791,FALSE_POSITIVE
3644653,119.682075,FALSE_POSITIVE
3644738,358.96844,FALSE_POSITIVE
3645282,0.673684895,FALSE_POSITIVE
36452991,1.8237148,UNKNOWN
3645438,7.298142,CONFIRMED
364571121,2.202258,UNKNOWN
3646449,65.752109,UNKNOWN
3646515,249.61377295,FALSE_POSITIVE
3647097,59.9655175,UNKNOWN
3648437,17.50441726,UNKNOWN
364955057,13.5853161,UNKNOWN
3650049,397.73699,FALSE_POSITIVE
365007485,33.5920255,UNKNOWN
365021641,7.4832824,UNKNOWN
365389353,2.6380089,UNKNOWN
3654095,1.303576682,FALSE_POSITIVE
365447203,5.7208592,UNKNOWN
3654719,25.9200092,FALSE_POSITIVE
3654950,4.067371428,FALSE_POSITIVE
365509373,14.2308461,UNKNOWN
3655326,15.066491533,FALSE_POSITIVE
3655332,15.06649901,FALSE_POSITIVE
365554300,0.7614693,UNKNOWN
3656121,31.1588249,CONFIRMED
3656322,1.831829703,FALSE_POSITIVE
365639282,10.8717,UNKNOWN
3656700,0.738527259,FALSE_POSITIVE
365673804,10.3857602,UNKNOWN
365683032,1.4287976,UNKNOWN
365690646,12.983175,UNKNOWN
365712006,3.0436916,UNKNOWN
3657176,17.4166143,FALSE_POSITIVE
365733349,2.6998294,UNKNOWN
36574157,3.7804749,UNKNOWN
3657758,3.609313059,CONFIRMED
365781372,1.13889,UNKNOWN
36592530,2.4841975,UNKNOWN
365938305,20.8774413,UNKNOWN
365952328,4.8741147,UNKNOWN
3659940,0.89627093,FALSE_POSITIVE
3660581,4.72519164,UNKNOWN
366074069,4.1812866,UNKNOWN
366074071,4.18142,UNKNOWN
36607746,1.7257597,UNKNOWN
3660924,4.24153629,CONFIRMED
366115856,2.3466472,UNKNOWN
366119858,48.2590904,UNKNOWN
366120401,4.7308142,UNKNOWN
3661886,27.0142622,CONFIRMED
366248595,3.6071588,UNKNOWN
3662635,0.939375593,FALSE_POSITIVE
3662838,24.85466504,CONFIRMED
366298702,5.2782582,UNKNOWN
366302410,1.2117417,UNKNOWN
366311757,4.9107194,UNKNOWN
3663141,2.31894284,FALSE_POSITIVE
366315051,7.3144752,UNKNOWN
366316586,4.9486116,UNKNOWN
3663173,174.636181,UNKNOWN
3663494,5.11683678,UNKNOWN
3663850,141.400279,UNKNOWN
366409685,1.3852161,UNKNOWN
366410512,10.1367283,UNKNOWN
366411016,8.8652886,UNKNOWN
366443426,15.5718552,UNKNOWN
366443576,4.9898664,UNKNOWN
36646052,0.6183488,UNKNOWN
366484980,13.7748361,UNKNOWN
366499151,13.8240078,UNKNOWN
366527844,3.089007,UNKNOWN
366563452,1.5873866,UNKNOWN
366564164,7.5243992,UNKNOWN
366568760,8.4071591,UNKNOWN
366576758,11.3909685,UNKNOWN
366580825,4.2989288,UNKNOWN
366602797,1.3574339,UNKNOWN
366622912,3.1148931,UNKNOWN
366631954,4.7369669,UNKNOWN
366698929,4.5589188,UNKNOWN
366725641,36.6892187,UNKNOWN
366754985,1.4466879,UNKNOWN
366755319,14.7802661,UNKNOWN
366804698,2.4277208,UNKNOWN
366846982,5.754879,UNKNOWN
366972162,2.190225,UNKNOWN
366989877,15.5077855,UNKNOWN
367099243,1.8286961,UNKNOWN
367102581,2.9798592,UNKNOWN
36718161,4.0257967,UNKNOWN
367193046,10.2780324,UNKNOWN
367193060,2.5842514,UNKNOWN
36724087,0.7683904,UNKNOWN
367267217,1.450491,UNKNOWN
367287018,4.7257129,UNKNOWN
367333043,2.8778095,UNKNOWN
36734222,0.8134733,UNKNOWN
367366318,2.7347651,UNKNOWN
367425982,1.6923573,UNKNOWN
367434266,22.0632969,UNKNOWN
367439938,2.4915545,UNKNOWN
367522211,35.3712924,UNKNOWN
367607434,8.2916,UNKNOWN
367616146,1.3944879,UNKNOWN
367630162,3.2723118,UNKNOWN
367710318,1.718454,UNKNOWN
367739494,63.5809449,UNKNOWN
367753709,2.125687,UNKNOWN
367855829,85.4244796,UNKNOWN
367858035,20.7051499,UNKNOWN
367900542,1.20306,UNKNOWN
367913453,2.7761628,UNKNOWN
3680800,0.5498864,UNKNOWN
36808091,3.7781679,UNKNOWN
368184695,6.4856471,UNKNOWN
368287008,3.3491408,UNKNOWN
368320811,1.261045,UNKNOWN
368435330,3.6451549,UNKNOWN
368536386,1.69433,UNKNOWN
368628986,31.1571613,UNKNOWN
368678195,2.8406462,UNKNOWN
368713985,4.0947485,UNKNOWN
368734712,4.3271416,UNKNOWN
368739874,3.3575477,UNKNOWN
368805700,3.5771891,UNKNOWN
369062542,5.0493049,UNKNOWN
369327947,2.0291067,UNKNOWN
369336146,5.7694373,UNKNOWN
369345064,4.3954444,UNKNOWN
369376388,1.5411764,UNKNOWN
369455629,3.3771114,UNKNOWN
369457671,2.31446,UNKNOWN
369474541,5.4977872,UNKNOWN
369477998,5.2976347,UNKNOWN
369480087,0.3643225,UNKNOWN
369532319,15.343585,UNKNOWN
369581703,8.508462,UNKNOWN
369768787,703.9376608,UNKNOWN
369789627,1.227961,UNKNOWN
369861728,3.8784358,UNKNOWN
369861731,3.8780401,UNKNOWN
369864738,2.78186,UNKNOWN
369907772,4.2771464,UNKNOWN
369960846,1.6062693,UNKNOWN
369965258,2.1192866,UNKNOWN
370009806,12.4751631,UNKNOWN
370010846,3.4852362,UNKNOWN
370123525,2.6480838,UNKNOWN
370133522,0.5182425,UNKNOWN
370138999,11.4520097,UNKNOWN
370385007,4.2174286,UNKNOWN
370745311,0.62627,UNKNOWN
37075377,28.2864647,UNKNOWN
370759867,,UNKNOWN
37084932,6.58454,UNKNOWN
370877263,15.9865412,UNKNOWN
37089434,16.2709828,UNKNOWN
370907864,9.3380252,UNKNOWN
370981403,3.7330471,UNKNOWN
371164829,10.7833596,UNKNOWN
37117064,735.982363,UNKNOWN
371188886,9.1270519,UNKNOWN
371210825,0.40312,UNKNOWN
371234684,3.9228042,UNKNOWN
371443216,2.8240691,UNKNOWN
371470493,11.6270831,UNKNOWN
37150278,1.6929628,UNKNOWN
371573539,8.3753156,UNKNOWN
371579161,2.2215349,UNKNOWN
371596277,22.5095172,UNKNOWN
371673488,0.8165295,UNKNOWN
371676181,1.4858906,UNKNOWN
37168957,1.9000862,UNKNOWN
371711170,9.8482192,UNKNOWN
371864043,2.9599541,UNKNOWN
371909591,5.1879527,UNKNOWN
372048733,3.4375711,UNKNOWN
372068780,183.0019106,UNKNOWN
372077289,23.955645,UNKNOWN
372172128,1.1953968,UNKNOWN
372178596,4.5803096,UNKNOWN
372207084,1.2257683,UNKNOWN
372207328,0.2792211,UNKNOWN
372264750,2.1702725,UNKNOWN
372392226,3.0295916,UNKNOWN
37240067,2.5082498,UNKNOWN
37242226,1.0681394,UNKNOWN
372424377,5.4683192,UNKNOWN
372443687,4.2955192,UNKNOWN
372448111,5.0700956,UNKNOWN
372505528,3.8974136,UNKNOWN
372596795,3.5366051,UNKNOWN
372596796,3.5366743,UNKNOWN
372730331,8.7046669,UNKNOWN
372747949,3.4026932,UNKNOWN
372757221,2.5941968,UNKNOWN
372758077,29.3821476,UNKNOWN
372759746,27.9815639,UNKNOWN
372817671,5.0183771,UNKNOWN
372818426,1.4436706,UNKNOWN
372831381,3.8116176,UNKNOWN
3728432,3.90863457,CONFIRMED
3728481,3.1739329,UNKNOWN
372852036,2.484912,UNKNOWN
3728701,51.1319346,CONFIRMED
37291237,1.1437772,UNKNOWN
372913430,6.7391601,UNKNOWN
372960748,2.0963263,UNKNOWN
373017346,10.6925011,UNKNOWN
3730176,399.49671,FALSE_POSITIVE
373017793,7.9945503,UNKNOWN
373033374,3.412893,UNKNOWN
3730335,0.596087893,FALSE_POSITIVE
373196394,7.0814677,UNKNOWN
3732035,138.944022,CONFIRMED
3732821,13.73474071,CONFIRMED
3732894,1.540379557,FALSE_POSITIVE
3732972,1.540398683,FALSE_POSITIVE
3733628,13.89963233,CONFIRMED
3733638,10.0714369,UNKNOWN
373424049,0.961917,UNKNOWN
3734418,3.97599629,CONFIRMED
3734501,31.1911468,FALSE_POSITIVE
373453507,15.7925628,UNKNOWN
3734868,10.328035714,FALSE_POSITIVE
3735629,4.664186517,FALSE_POSITIVE
3735634,4.664188563,FALSE_POSITIVE
373576942,0.8912218,UNKNOWN
373612558,5.8677921,UNKNOWN
373614579,8.2064867,UNKNOWN
373693175,1.3273482,UNKNOWN
373729723,13.0518467,UNKNOWN
373785851,4.04163,UNKNOWN
373816781,1.343636,UNKNOWN
373844472,0.9195617,UNKNOWN
373894336,4.2234273,UNKNOWN
374095457,0.7839149,UNKNOWN
374122973,3.5044728,UNKNOWN
374155286,3.6850751,UNKNOWN
374158843,10.9506335,UNKNOWN
374173310,15.4474502,UNKNOWN
374177909,0.1638211,UNKNOWN
374180079,14.69808,UNKNOWN
374200604,0.760019,UNKNOWN
3742855,6.397185875,FALSE_POSITIVE
374348168,13.5098037,UNKNOWN
374350678,11.1064221,UNKNOWN
374400599,1.8932775,UNKNOWN
374521355,4.626302,UNKNOWN
374530847,2.152163,UNKNOWN
3745559,30.2541186,CONFIRMED
3745690,13.54057461,CONFIRMED
3746248,0.62240698,FALSE_POSITIVE
3747262,1.312459403,FALSE_POSITIVE
374741750,0.9942215,UNKNOWN
374778982,2.3882776,UNKNOWN
3747817,184.77271,CONFIRMED
374800835,10.548504,UNKNOWN
3748239,112.951287,UNKNOWN
374829238,18.6286102,UNKNOWN
374847873,2.0391741,UNKNOWN
3748855,4.37198905,UNKNOWN
374908020,36.22214,UNKNOWN
374908396,4.2807848,UNKNOWN
3749134,11.30123036,CONFIRMED
374919956,7.7966237,UNKNOWN
3749365,1.97376085,CONFIRMED
3749508,1.065731229,FALSE_POSITIVE
374997123,10.1944993,UNKNOWN
3749978,28.5057217,CONFIRMED
3750350,319.30633,FALSE_POSITIVE
375059587,12.6693786,UNKNOWN
3751118,103.363691,UNKNOWN
375116172,3.0365848,UNKNOWN
3751231,0.570953851,FALSE_POSITIVE
375192273,21.6836634,UNKNOWN
375199523,1.9447712,UNKNOWN
3752110,27.9430245,UNKNOWN
375223080,1.4821386,UNKNOWN
375225453,0.9209526,UNKNOWN
375297961,14.6768874,UNKNOWN
375419034,3.0321361,UNKNOWN
375506058,2.650232,UNKNOWN
375542276,3.0771612,UNKNOWN
3755522,251.958533,FALSE_POSITIVE
3756264,7.36272124,CONFIRMED
375654303,1.8020923,UNKNOWN
3756801,422.917678,UNKNOWN
3757407,9.089151782,FALSE_POSITIVE
3757521,126.51457638,UNKNOWN
37575651,9.5971977,UNKNOWN
3757588,24.09002065,FALSE_POSITIVE
3757590,135.58607679,FALSE_POSITIVE
3757778,36.514374043,FALSE_POSITIVE
3758499,80.881757,UNKNOWN
375850439,1.1633325,UNKNOWN
375855364,19.8088367,UNKNOWN
3758922,17.7412303,UNKNOWN
375942197,3.8993831,UNKNOWN
375981105,11.7512673,UNKNOWN
376036292,2.9677851,UNKNOWN
3761319,16.2480865,FALSE_POSITIVE
376168473,5.41402,UNKNOWN
376209245,2.1357662,UNKNOWN
3762468,3.003879547,CONFIRMED
3762553,289.788624,FALSE_POSITIVE
3762750,2.5093344,UNKNOWN
376353509,7.3315684,UNKNOWN
376354189,1.9299641,UNKNOWN
3763724,225.43420422,FALSE_POSITIVE
376421071,0.8166936,UNKNOWN
3764411,4.4158933,FALSE_POSITIVE
376454594,2.5784481,UNKNOWN
3764714,6.63449721,FALSE_POSITIVE
3764879,1.306984786,UNKNOWN
376524552,3.7130701,UNKNOWN
3765692,3.09383248,UNKNOWN
3765771,2.783883492,FALSE_POSITIVE
3765917,30.5392931,UNKNOWN
376610581,2.3908076,UNKNOWN
376632626,2.1371195,UNKNOWN
3766353,2.666961614,FALSE_POSITIVE
376637093,2.0560153,UNKNOWN
376645976,716.2159783,UNKNOWN
376682699,1.1025238,UNKNOWN
376688393,3.011593,UNKNOWN
376740324,4.5300175,UNKNOWN
376765646,8.2686298,UNKNOWN
376800517,15.8951857,UNKNOWN
376838000,2.1679,UNKNOWN
376847633,373.0381637,UNKNOWN
376866659,3.2527618,UNKNOWN
376867898,61.5555962,UNKNOWN
376939759,5.8176452,UNKNOWN
376981340,4.0249712,UNKNOWN
377024332,15.1771428,UNKNOWN
377064495,10.778833,UNKNOWN
377097547,1.5068165,UNKNOWN
377144784,2.3866952,UNKNOWN
377165123,14.793901,UNKNOWN
37718056,3.65688,UNKNOWN
377191482,2.9551881,UNKNOWN
377240984,11.5843559,UNKNOWN
377253700,75.6979471,UNKNOWN
377290815,0.798,UNKNOWN
377293776,2.0439268,UNKNOWN
377297285,4.0656968,UNKNOWN
377304435,11.35626,UNKNOWN
377420580,1.4147363,UNKNOWN
37749396,13.4758478,UNKNOWN
37754672,14.13519,UNKNOWN
377622130,8.8600515,UNKNOWN
37770169,12.1914558,UNKNOWN
377739433,1.23852,UNKNOWN
377771417,7.447404,UNKNOWN
377780790,0.8374997,UNKNOWN
377873569,3.8493846,UNKNOWN
378159598,6.1406417,UNKNOWN
378227267,4.7076648,UNKNOWN
378291076,1.5982014,UNKNOWN
378355116,3.5684459,UNKNOWN
378390325,20.5676815,UNKNOWN
378613125,2.4763492,UNKNOWN
37862966,3.5838508,UNKNOWN
378708888,2.88753,UNKNOWN
378860702,3.1875721,UNKNOWN
378976682,6.0179742,UNKNOWN
379240073,3.1644075,UNKNOWN
379286801,4.45199,UNKNOWN
379629854,2.8278059,UNKNOWN
379717270,8.4457042,UNKNOWN
379723086,7.4398211,UNKNOWN
379824738,5.6857105,UNKNOWN
379929661,4.786958,UNKNOWN
379931600,2.9258727,UNKNOWN
380255458,6.569208,UNKNOWN
380517859,1.109435,UNKNOWN
380528770,8.1168658,UNKNOWN
380589029,1.3484961,UNKNOWN
380619414,2.6556753,UNKNOWN
380671216,9.6569059,UNKNOWN
380775661,2.025289,UNKNOWN
380783252,9.4496506,UNKNOWN
380836882,8.011385,UNKNOWN
38087018,1.7292681,UNKNOWN
3808740,6.6713748,UNKNOWN
380884709,57.1050077,UNKNOWN
380886534,8.9000334,UNKNOWN
380886535,8.9066251,UNKNOWN
380887434,0.3994445,UNKNOWN
380907135,4.0460644,UNKNOWN
38118291,13.3441946,UNKNOWN
381360750,3.6139919,UNKNOWN
381360757,8.8558739,UNKNOWN
381448973,2.9419791,UNKNOWN
381468938,5.7585993,UNKNOWN
381544766,4.0898871,UNKNOWN
381591826,6.8793455,UNKNOWN
38161230,2.5194039,UNKNOWN
381714186,1.4238067,UNKNOWN
381789320,3.4930546,UNKNOWN
381856447,1.7690121,UNKNOWN
381897917,692.5150646,UNKNOWN
381976956,22.338916,UNKNOWN
381979901,3.2541181,UNKNOWN
381982417,8.6187455,UNKNOWN
381996371,2.9331094,UNKNOWN
382045742,15.6600896,UNKNOWN
382068562,12.1272702,UNKNOWN
382187347,3.581253,UNKNOWN
382188882,4.8000953,UNKNOWN
382200986,92.4918048,UNKNOWN
382258844,,UNKNOWN
382259755,1.2207037,UNKNOWN
382302241,1.59782,UNKNOWN
382331352,11.47606,UNKNOWN
382391899,1.9550932,UNKNOWN
382419744,6.5081212,UNKNOWN
382437043,14.64319,UNKNOWN
382463648,25.2580075,UNKNOWN
382474101,2.6520851,UNKNOWN
382521776,4.3934744,UNKNOWN
382602147,2.1357026,UNKNOWN
382625239,1.3442724,UNKNOWN
382626661,17.6174652,UNKNOWN
382688257,7.6016156,UNKNOWN
382975217,4.1400273,UNKNOWN
382980571,1.742573,UNKNOWN
3830820,15.582794732,FALSE_POSITIVE
3831053,6.14955931,CONFIRMED
3831523,1.529283907,FALSE_POSITIVE
3831911,30.4838006,FALSE_POSITIVE
383214426,2.4013188,UNKNOWN
383216635,6.6314176,UNKNOWN
3832474,143.2063047,CONFIRMED
3832716,1.141877248,FALSE_POSITIVE
383299778,1.5570251,UNKNOWN
3833007,16.21774917,CONFIRMED
383313006,12.6136992,UNKNOWN
383358873,5.4240992,UNKNOWN
383364626,14.3938942,UNKNOWN
383390264,10.1826983,UNKNOWN
383410746,2.114655,UNKNOWN
3834317,2.18079098,FALSE_POSITIVE
3834322,0.498434645,FALSE_POSITIVE
3834360,2.908453928,FALSE_POSITIVE
3834364,2.908454772,FALSE_POSITIVE
3834728,359.98653,UNKNOWN
383531543,10.9543562,UNKNOWN
383531859,17.0614756,UNKNOWN
3835670,14.55730897,CONFIRMED
3836375,1.540397253,FALSE_POSITIVE
3836399,1.540392098,FALSE_POSITIVE
3836413,1.540396094,FALSE_POSITIVE
3836439,1.540395674,FALSE_POSITIVE
3836450,1.540399732,FALSE_POSITIVE
3836453,1.540395781,FALSE_POSITIVE
383645563,22.9367426,UNKNOWN
3836509,1.540389045,FALSE_POSITIVE
3836522,1.540393027,FALSE_POSITIVE
3836558,1.54039744,FALSE_POSITIVE
383666033,3.9678136,UNKNOWN
383721338,20.3129649,UNKNOWN
383723559,2.6667526,UNKNOWN
3838004,2.344138713,FALSE_POSITIVE
383806208,1.7946783,UNKNOWN
383828887,2.5677096,UNKNOWN
383829317,9.9444971,UNKNOWN
3838486,2.99025443,FALSE_POSITIVE
3838496,2.990252395,FALSE_POSITIVE
3839294,137.665706,FALSE_POSITIVE
3839488,11.13127159,CONFIRMED
383949205,5.4722557,UNKNOWN
38399060,3.6506781,UNKNOWN
384016413,5.451593,UNKNOWN
384034837,4.2768515,UNKNOWN
384045439,10.82661,UNKNOWN
3840990,3.525723,UNKNOWN
384159646,748.0739416,UNKNOWN
384244834,2.9902369,UNKNOWN
384299730,6.6926834,UNKNOWN
384386061,5.7626055,UNKNOWN
384386062,5.7626113,UNKNOWN
384513078,11.1149,UNKNOWN
384549882,0.30412,UNKNOWN
38460940,4.1177649,UNKNOWN
3846515,0.888045184,FALSE_POSITIVE
38467100,2.9432073,UNKNOWN
384709136,4.8131406,UNKNOWN
3847138,11.72291212,CONFIRMED
384744828,3.0421334,UNKNOWN
3847708,3.741231778,FALSE_POSITIVE
3847907,3.573202801,CONFIRMED
3848083,8.4795266,UNKNOWN
3848275,5.19492747,CONFIRMED
3848665,359.04147,FALSE_POSITIVE
384888319,5.8795752,UNKNOWN
3848919,0.52363021,FALSE_POSITIVE
3848948,0.523632451,FALSE_POSITIVE
3848966,29.7681831,UNKNOWN
3848972,0.741057213,FALSE_POSITIVE
3849155,1.168310132,FALSE_POSITIVE
3849187,6.60180003,UNKNOWN
384984325,8.5386633,UNKNOWN
38509907,15.3004892,UNKNOWN
38510224,18.3841259,UNKNOWN
385105624,1.7498117,UNKNOWN
3851130,2.69787749,FALSE_POSITIVE
3851134,0.91849333,FALSE_POSITIVE
3851193,1.341078755,FALSE_POSITIVE
3851194,0.918510251,FALSE_POSITIVE
385157401,11.9964056,UNKNOWN
3851949,54.77145968,FALSE_POSITIVE
3852258,5.7584367,FALSE_POSITIVE
3852476,111.741576,FALSE_POSITIVE
3852655,11.62904159,CONFIRMED
3852865,492.25299,FALSE_POSITIVE
3852872,80.769893,UNKNOWN
385312460,19.5862903,UNKNOWN
385332171,9.7439744,UNKNOWN
3853673,0.643794198,FALSE_POSITIVE
385400633,2.2842184,UNKNOWN
3854101,293.5056071,FALSE_POSITIVE
38541473,6.0613441,UNKNOWN
3854496,9.4588054,UNKNOWN
385459345,11.9768241,UNKNOWN
385624852,8.30792,UNKNOWN
385654601,2.2715616,UNKNOWN
385658469,3.4142143,UNKNOWN
38571020,12.2877358,UNKNOWN
3857860,8.2344072,FALSE_POSITIVE
385796857,3.933506,UNKNOWN
38584799,6.5479496,UNKNOWN
385858569,9.7433732,UNKNOWN
3858704,3.00363219,FALSE_POSITIVE
3858757,25.9534494,FALSE_POSITIVE
3858767,3.49550335,FALSE_POSITIVE
3858804,25.9525478,FALSE_POSITIVE
3858824,25.9518536,FALSE_POSITIVE
3858851,25.95198823,FALSE_POSITIVE
3858879,25.951984,FALSE_POSITIVE
3858884,25.95193721,FALSE_POSITIVE
3858917,25.9522401,FALSE_POSITIVE
3858919,25.9522913,FALSE_POSITIVE
3858926,25.95247,FALSE_POSITIVE
3858943,25.9528725,FALSE_POSITIVE
3858949,25.9518461,FALSE_POSITIVE
3858988,25.9518795,FALSE_POSITIVE
3859042,25.94947,FALSE_POSITIVE
3859079,53.5292702,CONFIRMED
3859151,25.95633,FALSE_POSITIVE
3859363,1.56859048,FALSE_POSITIVE
3859628,8.17242644,CONFIRMED
3859890,4.34573349,FALSE_POSITIVE
38603673,4.4291253,UNKNOWN
3860441,2.988085455,FALSE_POSITIVE
386131764,18.1960491,UNKNOWN
3861595,3.849371737,CONFIRMED
3861611,3.84933401,FALSE_POSITIVE
386161311,8.61346,UNKNOWN
386197662,0.3828485,UNKNOWN
3862246,4.702495974,FALSE_POSITIVE
386259537,5.6107737,UNKNOWN
386297468,2.0958074,UNKNOWN
3863877,288.07937,UNKNOWN
386435344,19.3721051,UNKNOWN
386456916,3.5714448,UNKNOWN
3865298,9.53040216,FALSE_POSITIVE
3865567,11.11620211,FALSE_POSITIVE
3865595,5.59187448,FALSE_POSITIVE
3865815,117.26808432,UNKNOWN
386620582,4.469996,UNKNOWN
3866536,7.65270746,FALSE_POSITIVE
3867593,73.3377984,FALSE_POSITIVE
3867615,62.7843981,CONFIRMED
386772576,4.8038446,UNKNOWN
3867794,0.494247662,UNKNOWN
38680052,0.6743453,UNKNOWN
38686737,2.24704,UNKNOWN
3869014,8.63847391,CONFIRMED
3869326,8.58599537,FALSE_POSITIVE
38696105,5.5765364,UNKNOWN
3869825,4.800653901,FALSE_POSITIVE
387079085,1.1923,UNKNOWN
387193925,3.518972,UNKNOWN
387259626,3.6231364,UNKNOWN
387260717,6.453624,UNKNOWN
387275908,4.3905983,UNKNOWN
387294150,16.8267434,UNKNOWN
387295547,0.664786,UNKNOWN
387318409,3.246565,UNKNOWN
387318486,0.6583175,UNKNOWN
387329912,5.4328364,UNKNOWN
387330895,3.6142971,UNKNOWN
387342052,3.5524144,UNKNOWN
387346503,5.3346707,UNKNOWN
387377484,4.8622127,UNKNOWN
387401076,5.3331348,UNKNOWN
387409975,5.0182311,UNKNOWN
387413037,6.72694,UNKNOWN
387414814,3.4220041,UNKNOWN
387416841,1.5525382,UNKNOWN
387423096,0.3181853,UNKNOWN
387515920,3.9544873,UNKNOWN
387527174,1.1253333,UNKNOWN
387527558,3.623909,UNKNOWN
387544178,22.7545332,UNKNOWN
387603144,2.4567112,UNKNOWN
387664866,2.65646,UNKNOWN
387664868,2.65688,UNKNOWN
387690507,6.3875739,UNKNOWN
387791274,1.1536561,UNKNOWN
387834907,12.64001,UNKNOWN
387844266,3.9956793,UNKNOWN
387933822,2.8953095,UNKNOWN
387974148,2.40541,UNKNOWN
388076005,1.7126115,UNKNOWN
388076422,2.5761796,UNKNOWN
388089437,2.1811989,UNKNOWN
388104525,2.4997996,UNKNOWN
388106759,28.3057042,UNKNOWN
388130235,92.1950921,UNKNOWN
388130237,92.1950434,UNKNOWN
388198242,0.5055105,UNKNOWN
388202128,2.4125012,UNKNOWN
388280249,3.146714,UNKNOWN
388371132,3.6366231,UNKNOWN
388393034,1.97549,UNKNOWN
38846515,2.8493825,UNKNOWN
388505345,6.7786403,UNKNOWN
388624270,14.2628757,UNKNOWN
388804061,32.9373717,UNKNOWN
388811663,9.7956535,UNKNOWN
388816604,2.5048178,UNKNOWN
388898854,8.2077264,UNKNOWN
388909695,,UNKNOWN
388934707,4.4430866,UNKNOWN
389040826,4.7174703,UNKNOWN
389070884,8.5841822,UNKNOWN
389182138,2.7260173,UNKNOWN
389238529,0.49642,UNKNOWN
389352124,4.954648,UNKNOWN
389371332,3.9077116,UNKNOWN
38939275,731.4808779,UNKNOWN
389421473,5.3160704,UNKNOWN
389525208,6.74657,UNKNOWN
38965512,2.2687617,UNKNOWN
3896759,4.5808535,UNKNOWN
389753172,0.7135373,UNKNOWN
389777651,5.236124,UNKNOWN
389900760,5.7998189,UNKNOWN
389910188,4.5432349,UNKNOWN
389924075,105.5850893,UNKNOWN
389968080,10.0462596,UNKNOWN
389999924,4.7606207,UNKNOWN
390021939,2.5089892,UNKNOWN
390048041,3.0491667,UNKNOWN
390151888,15.5523703,UNKNOWN
390157607,0.3859142,UNKNOWN
39018923,5.6807412,UNKNOWN
390207998,9.8162989,UNKNOWN
390410937,3.0679061,UNKNOWN
390444761,5.2803048,UNKNOWN
390651552,1.467119,UNKNOWN
390723664,2.9264345,UNKNOWN
39077574,7.1404043,UNKNOWN
39080923,5.0451188,UNKNOWN
390988385,2.9151556,UNKNOWN
391090520,1.8307981,UNKNOWN
39143128,10.4014008,UNKNOWN
391510223,1.6546269,UNKNOWN
391645374,1.4032876,UNKNOWN
39174810,6.5883481,UNKNOWN
391821647,1.996071,UNKNOWN
391900348,9.7130596,UNKNOWN
391903064,4.6658007,UNKNOWN
391904697,47.0196372,UNKNOWN
391949880,4.9404714,UNKNOWN
391958006,1.7430143,UNKNOWN
39200363,3.8266587,UNKNOWN
392022763,14.8547783,UNKNOWN
392027961,1.5840089,UNKNOWN
392064198,4.51125,UNKNOWN
392112968,1.1960086,UNKNOWN
39218269,17.1869882,UNKNOWN
392319808,4.7518771,UNKNOWN
392476080,0.67249,UNKNOWN
392674549,6.7510278,UNKNOWN
392681545,7.4903271,UNKNOWN
392914193,0.8778729,UNKNOWN
392995938,1.0078907,UNKNOWN
393196631,4.2594558,UNKNOWN
393251073,14.9857436,UNKNOWN
393298446,14.9695925,UNKNOWN
393340920,1.8665254,UNKNOWN
393412295,13.2442861,UNKNOWN
393414358,4.3780807,UNKNOWN
3934657,5.3694084,UNKNOWN
393495970,1.7554285,UNKNOWN
393546540,1637.265104,UNKNOWN
3935914,1.594745374,CONFIRMED
3936061,71.008017,UNKNOWN
393626873,2.5139692,UNKNOWN
393633044,5.8850401,UNKNOWN
3936658,71.1577054,FALSE_POSITIVE
3937519,3.413036353,CONFIRMED
3937814,214.881456,CONFIRMED
3938073,31.024310431,FALSE_POSITIVE
393818343,,UNKNOWN
393831507,4.860673,UNKNOWN
393853275,1.7088305,UNKNOWN
393911494,0.6332593,UNKNOWN
3939150,17.32419108,CONFIRMED
393940766,4.8670758,UNKNOWN
393965778,4.3032642,UNKNOWN
394029948,32.76639,UNKNOWN
3940418,4.783002698,CONFIRMED
394050135,8.8720542,UNKNOWN
3941219,282.159571,FALSE_POSITIVE
394126269,3.8568001,UNKNOWN
394137592,11.535076,UNKNOWN
39414571,4.0197555,UNKNOWN
394223845,27.1358856,UNKNOWN
3942446,119.0624882,UNKNOWN
3942670,33.4160553,CONFIRMED
394287035,17.1019622,UNKNOWN
394338713,5.9349921,UNKNOWN
394346647,10.3558635,UNKNOWN
394346745,3.4024655,UNKNOWN
394357918,4.9019938,UNKNOWN
394443982,4.4338805,UNKNOWN
394492339,9.1317488,UNKNOWN
394509844,6.89132,UNKNOWN
394561119,4.0782392,UNKNOWN
394570569,6.9625419,UNKNOWN
3945802,24.2157996,FALSE_POSITIVE
3946023,1.045492348,FALSE_POSITIVE
39464158,2.7998534,UNKNOWN
394657039,3.7628372,UNKNOWN
394672497,11.8413467,UNKNOWN
394691478,2.0876485,UNKNOWN
394698182,3.7115129,UNKNOWN
394721720,1.0690665,UNKNOWN
394722182,3.5315897,UNKNOWN
394900138,3.0932735,UNKNOWN
394918211,4.3780194,UNKNOWN
394924803,3.8413801,UNKNOWN
395142888,1.9173816,UNKNOWN
395143000,2.9665122,UNKNOWN
39516274,5.655018,UNKNOWN
395171208,4.7201912,UNKNOWN
395214388,4.6745746,UNKNOWN
3952651,32.9045733,FALSE_POSITIVE
3953106,6.58729511,FALSE_POSITIVE
3953173,2.41795911,FALSE_POSITIVE
3953212,459.23193,FALSE_POSITIVE
395385033,8.5394045,UNKNOWN
395393265,3.3772835,UNKNOWN
3954211,0.594274521,FALSE_POSITIVE
3954227,0.594276199,FALSE_POSITIVE
395514100,1.8823821,UNKNOWN
3955444,62.312419,UNKNOWN
3955817,4.24263096,CONFIRMED
3955866,16.8282542,FALSE_POSITIVE
3955867,33.65766894,FALSE_POSITIVE
3957082,3.77881664,FALSE_POSITIVE
39573090,3.6593967,UNKNOWN
395773226,3.8471662,UNKNOWN
395790368,27.1970496,UNKNOWN
3958301,387.56519,FALSE_POSITIVE
395926728,1.4466788,UNKNOWN
396133015,5.2667367,UNKNOWN
3962243,31.8841473,CONFIRMED
396234347,1.2757761,UNKNOWN
3962357,14.55387488,CONFIRMED
3962440,700.00298217,UNKNOWN
396246765,3.4414188,UNKNOWN
3962684,25.949641315,FALSE_POSITIVE
3962728,25.9493253,FALSE_POSITIVE
3962751,45.60304785,FALSE_POSITIVE
3962872,25.9554044,FALSE_POSITIVE
396316939,4.9214799,UNKNOWN
396356111,10.2207,UNKNOWN
396368313,3.0898836,UNKNOWN
396378209,0.3781425,UNKNOWN
3964109,21.41624083,CONFIRMED
3964545,3.012476415,FALSE_POSITIVE
3964562,3.012476582,FALSE_POSITIVE
3965201,44.113873,UNKNOWN
3965326,212.76701,FALSE_POSITIVE
396556650,2.277182,UNKNOWN
396562848,1.9495403,UNKNOWN
3965879,55.00402906,FALSE_POSITIVE
3966262,2.46353343,FALSE_POSITIVE
396649769,2.1967461,UNKNOWN
3966801,25.69581456,CONFIRMED
3966912,55.6639167,FALSE_POSITIVE
396720998,32.3766006,UNKNOWN
396723723,7.915274,UNKNOWN
396731435,0.4246068,UNKNOWN
3967326,4.19577385,CONFIRMED
396740648,3.7701296,UNKNOWN
3967501,43.0759115,FALSE_POSITIVE
3967760,5.52418625,CONFIRMED
396794358,3.1405783,UNKNOWN
396813816,10.3918699,UNKNOWN
3968809,411.8969,UNKNOWN
396896334,5.7604868,UNKNOWN
396932137,18.5146638,UNKNOWN
396935099,2.4337374,UNKNOWN
396950329,1.7763987,UNKNOWN
3969687,16.3583482,CONFIRMED
39699648,6.5273884,UNKNOWN
3970117,110.29512684,FALSE_POSITIVE
3970233,8.254912972,FALSE_POSITIVE
3970397,34.33339948,FALSE_POSITIVE
397053253,4.8003341,UNKNOWN
397058826,6.8291029,UNKNOWN
3971315,9.892240848,FALSE_POSITIVE
397231954,17.280857,UNKNOWN
3972391,0.634131057,FALSE_POSITIVE
3972432,2.90805147,UNKNOWN
39724477,4.0350169,UNKNOWN
3973002,1.992098705,FALSE_POSITIVE
3973504,4.318726936,FALSE_POSITIVE
3973549,1.389947459,FALSE_POSITIVE
397362481,6.2031608,UNKNOWN
397423462,5.1057571,UNKNOWN
3974928,127.671711,UNKNOWN
397522142,7.9486299,UNKNOWN
397653875,2.9324083,UNKNOWN
397763985,3.8779743,UNKNOWN
397924314,5.3798996,UNKNOWN
398038296,3.0076713,UNKNOWN
398099429,7.5801393,UNKNOWN
39824732,7.151653,UNKNOWN
398371628,7.1406422,UNKNOWN
398466662,8.7719993,UNKNOWN
398502253,3.0031058,UNKNOWN
398572544,3.408833,UNKNOWN
39858507,4.6288384,UNKNOWN
398725538,3.9982381,UNKNOWN
398733009,0.8185672,UNKNOWN
398736713,6.4967452,UNKNOWN
398895470,2.6940348,UNKNOWN
398912927,19.8875338,UNKNOWN
398943781,3.0524018,UNKNOWN
398945279,9.5098954,UNKNOWN
39903405,5.633477,UNKNOWN
399058051,1.5706704,UNKNOWN
399144800,27.2149622,UNKNOWN
399195246,1.6930171,UNKNOWN
39926974,2.2604346,UNKNOWN
399346877,3.9606593,UNKNOWN
399402994,2.7161298,UNKNOWN
399444057,2.0714803,UNKNOWN
399571743,4.7443604,UNKNOWN
399613138,8.1958135,UNKNOWN
399642071,2.2887763,UNKNOWN
399724238,46.1965072,UNKNOWN
399757537,6.4879123,UNKNOWN
399794420,1.5947535,UNKNOWN
399847887,3.9511085,UNKNOWN
399860444,2.4706114,UNKNOWN
399868187,1.2311781,UNKNOWN
399870368,2.7443216,UNKNOWN
399871011,12.35611,UNKNOWN
399954349,7.8344688,UNKNOWN
399956873,6.949428,UNKNOWN
399967279,94.0997954,UNKNOWN
400073524,0.6534841,UNKNOWN
400093502,10.66839,UNKNOWN
400093775,3.6022715,UNKNOWN
400103802,4.2511214,UNKNOWN
400235555,0.5289141,UNKNOWN
400323948,3.2242808,UNKNOWN
400381085,3.7539574,UNKNOWN
400395395,3.2891219,UNKNOWN
400430915,2.1863095,UNKNOWN
400432230,3.1833919,UNKNOWN
400466395,5.1391542,UNKNOWN
400476523,18.10671,UNKNOWN
400491269,23.136755,UNKNOWN
400503123,1.5016329,UNKNOWN
400515645,1.6757659,UNKNOWN
40055053,4.1793301,UNKNOWN
400595342,3.6404389,UNKNOWN
400683848,1.0886286,UNKNOWN
400712525,1.8923031,UNKNOWN
400762242,1.6224281,UNKNOWN
400786146,22.1536777,UNKNOWN
40083958,0.6296,UNKNOWN
400899926,4.625568,UNKNOWN
40093986,2.5918359,UNKNOWN
400968492,11.1860909,UNKNOWN
400972123,1.8868756,UNKNOWN
401028336,1.7819156,UNKNOWN
401125028,5.1750108,UNKNOWN
401283491,3.4677103,UNKNOWN
401509690,5.8009082,UNKNOWN
401604346,2.1223673,UNKNOWN
401704685,4.2100055,UNKNOWN
401952328,9.1509453,UNKNOWN
401980624,3.2751914,UNKNOWN
402026209,1.3382314,UNKNOWN
402027382,3.1998039,UNKNOWN
402053027,7.7971071,UNKNOWN
402219289,2.1970052,UNKNOWN
402319411,3.3262977,UNKNOWN
402391147,3.3626798,UNKNOWN
402740809,1.5801759,UNKNOWN
402828941,4.1509756,UNKNOWN
402848417,28.4664618,UNKNOWN
402898317,53.8108713,UNKNOWN
40292751,12.7791964,UNKNOWN
402992891,17.3986129,UNKNOWN
403135192,0.9017685,UNKNOWN
403136413,2.51266,UNKNOWN
403136415,2.5128483,UNKNOWN
403224672,1.0082361,UNKNOWN
403256331,3.77188,UNKNOWN
403287048,7.00776,UNKNOWN
403288821,0.5474737,UNKNOWN
403308915,3.7543552,UNKNOWN
403340402,2.2237067,UNKNOWN
403347341,6.397886,UNKNOWN
403368444,6.5568726,UNKNOWN
403405969,12.975062,UNKNOWN
403507814,2.7812908,UNKNOWN
4035640,28.26727385,CONFIRMED
4035667,2.8736467,FALSE_POSITIVE
4035675,2.873657901,FALSE_POSITIVE
403693870,3.5245689,UNKNOWN
403693875,3.5248693,UNKNOWN
4037163,0.635441862,FALSE_POSITIVE
4037164,0.635445336,FALSE_POSITIVE
4037428,4.264729569,FALSE_POSITIVE
403911354,4.4814049,UNKNOWN
4042026,34.82008158,FALSE_POSITIVE
4042088,3.22598684,FALSE_POSITIVE
404227343,3.4975869,UNKNOWN
404243877,3.2047072,UNKNOWN
4043190,6.40087137,CONFIRMED
404340025,2.6755521,UNKNOWN
4043443,119.8401019,FALSE_POSITIVE
4044005,17.512014768,FALSE_POSITIVE
404421005,6.32668,UNKNOWN
404456775,3.0444485,UNKNOWN
404467699,3.9080236,UNKNOWN
404488903,3.9921399,UNKNOWN
404505029,9.5739531,UNKNOWN
404506270,15.5014296,UNKNOWN
404516402,2.3107907,UNKNOWN
404518509,25.1290153,UNKNOWN
404610583,3.5381039,UNKNOWN
40466976,32.535016,UNKNOWN
404713783,15.0758735,UNKNOWN
404715325,17.2367433,UNKNOWN
4047631,4.790912471,UNKNOWN
4048898,13.0914878,UNKNOWN
404898080,1.4716633,UNKNOWN
4049108,4.804469031,FALSE_POSITIVE
4049124,4.804469712,FALSE_POSITIVE
4049131,20.50588921,CONFIRMED
404970821,13.2253756,UNKNOWN
4049901,16.2908527,UNKNOWN
405010127,13.2341261,UNKNOWN
405122173,3.1003012,UNKNOWN
405230669,3.6810755,UNKNOWN
405255920,9.0409947,UNKNOWN
405269313,2.4465664,UNKNOWN
405425498,4.2217717,UNKNOWN
405428714,2.9532145,UNKNOWN
405452527,11.5738497,UNKNOWN
405454160,731.9380939,UNKNOWN
4054784,1.8679943,UNKNOWN
405484221,42.8289152,UNKNOWN
405485201,7.7605254,UNKNOWN
4055092,76.45315813,FALSE_POSITIVE
4055304,0.571038347,CONFIRMED
405532603,3.3045926,UNKNOWN
405542683,1.3473988,UNKNOWN
405559035,11.1516668,UNKNOWN
405571798,2.9590176,UNKNOWN
4055765,9.9664004,UNKNOWN
4055774,6.58738839,FALSE_POSITIVE
405620289,2.1532179,UNKNOWN
4056579,239.179477,FALSE_POSITIVE
4056616,2.41434868,CONFIRMED
405689470,7.9871247,UNKNOWN
405700729,4.7920153,UNKNOWN
405717754,4.4379727,UNKNOWN
405763009,,UNKNOWN
405788729,4.2254748,UNKNOWN
405794804,1.44127,UNKNOWN
4058169,282.5363563,FALSE_POSITIVE
405837291,2.3206673,UNKNOWN
405862830,1.6268695,UNKNOWN
4058881,7.77241144,FALSE_POSITIVE
405897415,4.6387689,UNKNOWN
405904232,11.0765063,UNKNOWN
405932063,5.5047275,UNKNOWN
4059887,1.018347376,FALSE_POSITIVE
4060229,35.0175053,UNKNOWN
4060815,4.2856756,FALSE_POSITIVE
406106335,3.0773658,UNKNOWN
4061149,2.757584622,CONFIRMED
406140233,3.1816478,UNKNOWN
406190563,1.773346,UNKNOWN
406236094,4.1394473,UNKNOWN
406318573,5.179282,UNKNOWN
406361982,5.2819763,UNKNOWN
4063943,115.23145073,UNKNOWN
406443564,1.1167145,UNKNOWN
406495245,7.6014943,UNKNOWN
406548952,13.5647678,UNKNOWN
406634633,3.9589142,UNKNOWN
406672232,1.0214555,UNKNOWN
406684949,12.7091678,UNKNOWN
4067110,0.735146413,FALSE_POSITIVE
406726743,17.7481897,UNKNOWN
4067336,10.12742274,FALSE_POSITIVE
4067549,7.698431197,FALSE_POSITIVE
406783172,24.8366994,UNKNOWN
4067925,24.2204192,CONFIRMED
4068391,289.490952,FALSE_POSITIVE
406855039,2.7180835,UNKNOWN
406861922,4.0358074,UNKNOWN
4069063,0.504296702,FALSE_POSITIVE
4069213,5.194256813,FALSE_POSITIVE
406926040,11.6999152,UNKNOWN
406941612,4.678059,UNKNOWN
406976746,10.0665238,UNKNOWN
4070275,5.4240691,UNKNOWN
4070376,1.634614356,FALSE_POSITIVE
407059875,7.1925327,UNKNOWN
407126408,11.099348,UNKNOWN
407127579,3.5108018,UNKNOWN
407135911,2.5698331,UNKNOWN
407146536,2.0976705,UNKNOWN
407146538,2.0915616,UNKNOWN
407156755,4.7924038,UNKNOWN
4071638,349.58811,UNKNOWN
407166076,8.7520247,UNKNOWN
4072271,219.20579,UNKNOWN
4072333,2.007750531,FALSE_POSITIVE
407243316,3.0755983,UNKNOWN
4072526,33.1996355,CONFIRMED
4072955,5.08288076,UNKNOWN
4073017,6.05552018,UNKNOWN
4073089,58.873429,FALSE_POSITIVE
407313319,7.0423707,UNKNOWN
4073707,6.282033445,FALSE_POSITIVE
4073730,6.2820426,FALSE_POSITIVE
407394748,0.7522775,UNKNOWN
4074294,0.892988877,FALSE_POSITIVE
4074736,80.9669561,UNKNOWN
407495930,3.0269043,UNKNOWN
4075015,1.11431205,FALSE_POSITIVE
4075064,61.42252657,FALSE_POSITIVE
4075067,17.7476059,UNKNOWN
407517154,25.8866192,UNKNOWN
407591297,2.594675,UNKNOWN
4076061,566.28176,UNKNOWN
4076098,3.990105908,CONFIRMED
407653728,3.2520192,UNKNOWN
407658979,8.084554,UNKNOWN
407694390,3.6691817,UNKNOWN
4076952,9.761172507,FALSE_POSITIVE
4076976,4.8807805,FALSE_POSITIVE
4077252,0.534109403,FALSE_POSITIVE
4077526,10.21864532,CONFIRMED
407772585,3.0537856,UNKNOWN
4077767,168.77118,FALSE_POSITIVE
4077901,12.1097626,FALSE_POSITIVE
40779013,1.7113115,UNKNOWN
4078157,16.025018977,FALSE_POSITIVE
407827885,2.365766,UNKNOWN
4078311,9.84262076,CONFIRMED
4078693,2.756536015,FALSE_POSITIVE
407905370,9.8170028,UNKNOWN
407922734,6.4751256,UNKNOWN
4079530,17.72722648,FALSE_POSITIVE
4079535,17.72724392,FALSE_POSITIVE
407958640,2.5505105,UNKNOWN
407966340,7.0491608,UNKNOWN
407997410,2.5792489,UNKNOWN
408094424,2.4892754,UNKNOWN
408114363,17.8832414,UNKNOWN
408137826,8.5145626,UNKNOWN
408159788,2.300698,UNKNOWN
408203470,0.581322,UNKNOWN
408231638,10.7448417,UNKNOWN
408261725,9.7607632,UNKNOWN
408310006,5.4435354,UNKNOWN
408317165,5.6567374,UNKNOWN
408416746,6.2509468,UNKNOWN
408469564,14.7126653,UNKNOWN
408506314,3.4106422,UNKNOWN
408508003,8.2241876,UNKNOWN
408548144,1.1376981,UNKNOWN
408549705,9.5064017,UNKNOWN
408609355,7.3099457,UNKNOWN
408618999,7.0731057,UNKNOWN
408636441,18.8500438,UNKNOWN
408643099,5.0269053,UNKNOWN
408656366,0.3695622,UNKNOWN
408729765,4.6200781,UNKNOWN
408743161,4.4632038,UNKNOWN
408809625,13.8338893,UNKNOWN
408824640,8.662046,UNKNOWN
409009431,4.2971136,UNKNOWN
409183335,3.32125,UNKNOWN
409207712,3.3583921,UNKNOWN
409264172,1.7198076,UNKNOWN
409315469,1.0754208,UNKNOWN
409459226,1.27997,UNKNOWN
409520860,0.71933,UNKNOWN
40954422,1.7578288,UNKNOWN
409594381,3.491383,UNKNOWN
409794137,10.1802014,UNKNOWN
409796937,6.3162561,UNKNOWN
409896170,1.5728416,UNKNOWN
409934330,2.4887726,UNKNOWN
410094645,3.329754,UNKNOWN
410119093,4.1287427,UNKNOWN
410153553,0.4629304,UNKNOWN
410159011,2.623354,UNKNOWN
410214986,8.1382222,UNKNOWN
4102368,3.1118943,UNKNOWN
410245915,0.9889446,UNKNOWN
410303247,1.0992893,UNKNOWN
410314178,4.132031,UNKNOWN
410358456,1.8641295,UNKNOWN
410372968,2.7674682,UNKNOWN
410449566,9.6414086,UNKNOWN
410450228,15.7784931,UNKNOWN
410528770,2.7536237,UNKNOWN
410552165,4.6017262,UNKNOWN
410554986,5.1745185,UNKNOWN
41067039,3.1168715,UNKNOWN
410901394,3.0758364,UNKNOWN
411343008,3.6720231,UNKNOWN
411347315,4.0662367,UNKNOWN
411463659,4.8934688,UNKNOWN
411608801,5.0267996,UNKNOWN
411697517,3.3863171,UNKNOWN
41173048,6.40938,UNKNOWN
411731278,7.5757446,UNKNOWN
411781649,4.2333233,UNKNOWN
411796826,3.0959309,UNKNOWN
411839167,6.1802614,UNKNOWN
411930845,3.2104815,UNKNOWN
411943564,7.5492321,UNKNOWN
411955845,2.7638775,UNKNOWN
412014494,11.4756978,UNKNOWN
412054152,34.7769296,UNKNOWN
412257781,1.1894812,UNKNOWN
412259468,2.6535777,UNKNOWN
41227743,1.4188153,UNKNOWN
412371819,1.87502,UNKNOWN
412386707,39.2959509,UNKNOWN
412485680,4.6622996,UNKNOWN
412521892,2.4732088,UNKNOWN
412635642,17.4219809,UNKNOWN
412666676,4.6068687,UNKNOWN
412828754,3.3808424,UNKNOWN
412887082,28.8005547,UNKNOWN
412961700,2.5183846,UNKNOWN
413248763,3.9306027,UNKNOWN
41330864,2.1358631,UNKNOWN
413343957,3.3784364,UNKNOWN
413372087,3.4859402,UNKNOWN
413376180,1.3541342,UNKNOWN
4135665,4.16811839,CONFIRMED
4135912,29.6094263,UNKNOWN
4136466,4.48758768,CONFIRMED
4136659,0.913244995,FALSE_POSITIVE
4138008,112.303136,CONFIRMED
4138557,0.991552822,FALSE_POSITIVE
41387532,11.4041935,UNKNOWN
4138951,1.291233083,CONFIRMED
4139254,485.92297,UNKNOWN
4139816,20.06036336,CONFIRMED
414019147,2.3179699,UNKNOWN
4140813,13.36019864,CONFIRMED
4141376,11.87290814,CONFIRMED
4141587,10.2239787,FALSE_POSITIVE
4141593,64.740274,UNKNOWN
41422753,2.4710528,UNKNOWN
4142768,13.99585365,FALSE_POSITIVE
4142847,2.888904439,CONFIRMED
4143755,19.55662003,CONFIRMED
4144231,22.91339043,FALSE_POSITIVE
4144236,22.913446297,FALSE_POSITIVE
4144238,22.9138322,FALSE_POSITIVE
4144576,0.813166357,CONFIRMED
4144873,68.538296,FALSE_POSITIVE
4147171,538.36855,FALSE_POSITIVE
4147444,1.803697292,UNKNOWN
414870287,4.95898,UNKNOWN
4149060,65.5327181,FALSE_POSITIVE
414919755,1.8202857,UNKNOWN
414922696,7.6460931,UNKNOWN
4149450,3.215109385,CONFIRMED
4149684,4.320850062,FALSE_POSITIVE
4150390,55.25178622,FALSE_POSITIVE
4150496,8.65312868,FALSE_POSITIVE
4150539,8.65306587,FALSE_POSITIVE
4150611,1.434200327,FALSE_POSITIVE
4150624,8.6531216,FALSE_POSITIVE
4150701,8.65315602,FALSE_POSITIVE
4150703,8.6532378,FALSE_POSITIVE
4150804,160.88451966,CONFIRMED
415084429,3.8751672,UNKNOWN
4150972,161.537665,UNKNOWN
415143674,6.0219203,UNKNOWN
415276070,1.7454828,UNKNOWN
415377888,2.5122863,UNKNOWN
415399713,346.1614828,UNKNOWN
415443327,4.890376,UNKNOWN
415461195,3.8285502,UNKNOWN
4155328,127.8334997,CONFIRMED
4157052,0.791771167,FALSE_POSITIVE
4157325,6.31943553,CONFIRMED
415732733,,UNKNOWN
415739607,2.3368358,UNKNOWN
415741431,2.1575124,UNKNOWN
4157488,5.197420145,FALSE_POSITIVE
415875608,5.4454541,UNKNOWN
4159347,12.28351275,FALSE_POSITIVE
415969574,10.45776,UNKNOWN
415969908,11.6700285,UNKNOWN
415976665,1.5244603,UNKNOWN
4160006,1.018360336,FALSE_POSITIVE
4160669,2.183517999,FALSE_POSITIVE
416195843,2.4596079,UNKNOWN
416195870,2.7441672,UNKNOWN
416368336,1.0848133,UNKNOWN
4164393,49.612757516,FALSE_POSITIVE
4164511,40.9882124,UNKNOWN
416486384,3.8753785,UNKNOWN
4164922,1.210693626,CONFIRMED
4164994,10.50682978,CONFIRMED
416534875,5.3909915,UNKNOWN
416539317,2.2019606,UNKNOWN
416542079,3.0012386,UNKNOWN
4165473,13.02363236,CONFIRMED
4165850,4.2807509,UNKNOWN
4165960,6.77449545,FALSE_POSITIVE
416624606,2.5152549,UNKNOWN
416739490,6.2183322,UNKNOWN
4169315,30.9587224,FALSE_POSITIVE
416987878,2.86876,UNKNOWN
417047499,2.304583,UNKNOWN
417129824,3.500869,UNKNOWN
4171955,383.61248,FALSE_POSITIVE
4172013,16.2707207,UNKNOWN
4172746,17.6997392,UNKNOWN
4172805,147.661729,UNKNOWN
4173026,10.44087398,CONFIRMED
4174507,1.945914237,FALSE_POSITIVE
4175105,0.60818508,FALSE_POSITIVE
417514666,3.3202789,UNKNOWN
4175630,28.227413,CONFIRMED
417564823,17.0548288,UNKNOWN
417646390,3.8016217,UNKNOWN
417676091,4.4184429,UNKNOWN
417676622,5.3987355,UNKNOWN
417705690,2.363311,UNKNOWN
417829948,8.9511797,UNKNOWN
4178389,23.210509958,UNKNOWN
417844678,2.5404529,UNKNOWN
4178606,42.3520039,CONFIRMED
4179201,326.70552,FALSE_POSITIVE
417931300,7.7690887,UNKNOWN
417931607,16.5379864,UNKNOWN
417942201,4.230596,UNKNOWN
417948359,3.3159772,UNKNOWN
418012030,6.6857865,UNKNOWN
4180280,4.176254191,CONFIRMED
4180396,3.684337918,FALSE_POSITIVE
4180401,15.4126766,FALSE_POSITIVE
418133917,2.2774846,UNKNOWN
418184767,6.7274903,UNKNOWN
418255064,743.4843888,UNKNOWN
418262301,12.915329,UNKNOWN
418298773,2.6060495,UNKNOWN
418301643,24.091624,UNKNOWN
418343229,0.2939493,UNKNOWN
418375357,8.1563148,UNKNOWN
41839508,6.8911882,UNKNOWN
418471116,3.7318818,UNKNOWN
418471796,2.6841894,UNKNOWN
418543326,6.1418356,UNKNOWN
418567812,8.0176705,UNKNOWN
418604868,15.6146058,UNKNOWN
418629890,3.4202745,UNKNOWN
41865539,1.26092,UNKNOWN
41875043,0.9602835,UNKNOWN
418761354,2.1747824,UNKNOWN
418866096,6.6308943,UNKNOWN
418959198,4.8962484,UNKNOWN
418971787,1.0638184,UNKNOWN
418981325,0.9082202,UNKNOWN
418987806,0.88654,UNKNOWN
419029830,4.1849602,UNKNOWN
419092044,3.251269,UNKNOWN
419148828,0.6216031,UNKNOWN
419411415,1.6306523,UNKNOWN
419419534,1.680148,UNKNOWN
419503191,8.1618477,UNKNOWN
419523962,5.7998626,UNKNOWN
419524589,5.3295884,UNKNOWN
419738713,13.4570562,UNKNOWN
419840740,8.9539287,UNKNOWN
419858461,2.5433707,UNKNOWN
419877797,5.2169076,UNKNOWN
419878733,5.1794403,UNKNOWN
419878932,7.9058861,UNKNOWN
419946164,1.7765395,UNKNOWN
41995709,4.2300182,UNKNOWN
419957314,7.8407154,UNKNOWN
419957393,5.8903558,UNKNOWN
420016507,3.4082154,UNKNOWN
420018238,3.8282053,UNKNOWN
420049884,4.1074291,UNKNOWN
420051632,7.0846492,UNKNOWN
420108587,3.522843,UNKNOWN
420112217,21.5615248,UNKNOWN
420112587,11.062666,UNKNOWN
420112589,11.0619937,UNKNOWN
420114036,4.3744258,UNKNOWN
42015200,9.77742,UNKNOWN
420174131,3.6636707,UNKNOWN
420177051,4.0483695,UNKNOWN
420191136,23.5367004,UNKNOWN
420202798,7.4793374,UNKNOWN
420268415,1.7590566,UNKNOWN
420288086,6.5344463,UNKNOWN
420369105,2.7967251,UNKNOWN
420383981,2.5933417,UNKNOWN
420446142,5.8423636,UNKNOWN
420529106,9.5327064,UNKNOWN
42054565,10.1843061,UNKNOWN
420645189,48.5340395,UNKNOWN
420680343,3.7630305,UNKNOWN
420779000,4.2342153,UNKNOWN
420803693,0.9135968,UNKNOWN
420814525,3.5247546,UNKNOWN
420829332,1.090295,UNKNOWN
420962989,0.5993364,UNKNOWN
421005422,12.3027503,UNKNOWN
421006834,0.3052608,UNKNOWN
421056636,4.5932835,UNKNOWN
42110638,1.6047466,UNKNOWN
42123111,4.03349,UNKNOWN
421308357,16.6828999,UNKNOWN
421330229,4.776694,UNKNOWN
421336001,7.6644,UNKNOWN
421455387,2.50876,UNKNOWN
421894914,5.3079507,UNKNOWN
421951960,11.7915574,UNKNOWN
421973253,9.2584055,UNKNOWN
421990278,3.9718475,UNKNOWN
422031406,4.5579065,UNKNOWN
422037524,4.1846077,UNKNOWN
422159302,10.5739387,UNKNOWN
422217860,2.3144207,UNKNOWN
422223456,2.8979408,UNKNOWN
422385684,2.7754004,UNKNOWN
422423972,3.3014986,UNKNOWN
422457210,9.9754699,UNKNOWN
422486295,5.6707432,UNKNOWN
422514153,2.9284231,UNKNOWN
422554579,3.4608812,UNKNOWN
422618449,9.100412,UNKNOWN
422653398,8.34034,UNKNOWN
422655579,2.9036816,UNKNOWN
422656370,1.3254567,UNKNOWN
422707559,3.5254649,UNKNOWN
422756130,3.1342946,UNKNOWN
422838133,5.3089937,UNKNOWN
422881018,5.7456862,UNKNOWN
422884521,17.9450925,UNKNOWN
422912527,,UNKNOWN
422914082,358.2825093,UNKNOWN
422923265,1.8646725,UNKNOWN
423128096,3.7244324,UNKNOWN
423275733,2.0528684,UNKNOWN
423360793,22.6957088,UNKNOWN
423393242,0.426988,UNKNOWN
423445163,2.917882,UNKNOWN
423666115,0.58228,UNKNOWN
423670610,10.32103,UNKNOWN
423672208,3.790687,UNKNOWN
423903016,3.0039961,UNKNOWN
423903685,4.0938735,UNKNOWN
424112727,1.0513177,UNKNOWN
4241238,138.333748,UNKNOWN
424196109,2.5432595,UNKNOWN
4242147,28.78270955,UNKNOWN
4242692,1.138548215,CONFIRMED
4242806,343.49816,FALSE_POSITIVE
424388628,832.9236254,UNKNOWN
4243911,1.922799706,CONFIRMED
424391516,11.5922513,UNKNOWN
424435940,5.0172146,UNKNOWN
4245861,11.2582311,FALSE_POSITIVE
4245897,11.2570616,FALSE_POSITIVE
4245933,11.2580745,FALSE_POSITIVE
4246343,139.54219147,FALSE_POSITIVE
424699834,2.4011407,UNKNOWN
4247023,47.189437,FALSE_POSITIVE
4247092,21.05647572,FALSE_POSITIVE
424733642,2.0912089,UNKNOWN
424747720,10.2813284,UNKNOWN
4247791,4.100870416,FALSE_POSITIVE
4247807,2.050435466,FALSE_POSITIVE
4247811,2.05048377,FALSE_POSITIVE
4247991,191.86419296,CONFIRMED
4248120,23.34036251,CONFIRMED
42484503,2.4563456,UNKNOWN
424865156,2.2047452,UNKNOWN
4249611,79.2450351,UNKNOWN
4249725,6.312508525,CONFIRMED
425163745,0.27664,UNKNOWN
425206121,4.6117328,UNKNOWN
425220920,8.76905,UNKNOWN
4252226,21.858963291,FALSE_POSITIVE
4252322,14.591504451,UNKNOWN
4252671,23.266633,UNKNOWN
425316308,3.0749168,UNKNOWN
4253860,155.046089,FALSE_POSITIVE
4254466,42.3006282,CONFIRMED
425508314,7.6650157,UNKNOWN
4255422,165.40574995,FALSE_POSITIVE
425561347,5.7772122,UNKNOWN
4255944,228.65412,UNKNOWN
425706173,2.6343177,UNKNOWN
425721385,13.5499,UNKNOWN
425817867,3.7783401,UNKNOWN
425934411,0.8533534,UNKNOWN
425997655,17.6671687,UNKNOWN
426017070,0.5992533,UNKNOWN
426032475,7.8374554,UNKNOWN
426077080,9.30992,UNKNOWN
426122272,2.9383886,UNKNOWN
426122503,2.4038486,UNKNOWN
426144112,1.7465205,UNKNOWN
4261960,1.461270059,FALSE_POSITIVE
4262040,92.461135,UNKNOWN
4262581,37.6468519,CONFIRMED
426319499,4.1689145,UNKNOWN
4263293,8.45746636,CONFIRMED
4263529,10.10404351,UNKNOWN
426448042,6.7504762,UNKNOWN
426471754,12.4652143,UNKNOWN
426901646,8.6121286,UNKNOWN
426904354,2.5001306,UNKNOWN
4269252,9.4022333,FALSE_POSITIVE
426956677,1.1976555,UNKNOWN
4270253,11.6370303,CONFIRMED
427041513,6.254395,UNKNOWN
4270565,18.0116764,FALSE_POSITIVE
4270799,115.238544,UNKNOWN
4271474,21.8634638,CONFIRMED
427153307,2.2035349,UNKNOWN
427279997,2.89453,UNKNOWN
427320001,14.0120582,UNKNOWN
427332229,2.7186256,UNKNOWN
427348923,4.728681,UNKNOWN
427352241,1.2667147,UNKNOWN
4274071,6.76890076,UNKNOWN
4274548,6.80082032,UNKNOWN
4274816,14.3641542,FALSE_POSITIVE
427508467,0.884182,UNKNOWN
4275117,1.00652785,FALSE_POSITIVE
4275191,3.895936525,CONFIRMED
4275328,6.150529292,FALSE_POSITIVE
42755801,4.3433389,UNKNOWN
4275721,3.77359871,CONFIRMED
4275739,2.171827838,FALSE_POSITIVE
427578289,4.0107869,UNKNOWN
4276114,3.722404453,FALSE_POSITIVE
42763678,1.7246234,UNKNOWN
4276445,405.65377,FALSE_POSITIVE
427654774,5.222621,UNKNOWN
4276716,20.6654374,UNKNOWN
427685831,1.7497746,UNKNOWN
427715152,10.9911631,UNKNOWN
4277304,51.567801,UNKNOWN
427730490,3.8608551,UNKNOWN
427740976,2.3494903,UNKNOWN
427761355,1.902606,UNKNOWN
427765233,31.6527509,UNKNOWN
4278221,1.340596782,CONFIRMED
427855645,2.9712014,UNKNOWN
427866520,3.6074546,UNKNOWN
428003305,1.8048106,UNKNOWN
428065977,1.6534102,UNKNOWN
4281023,230.385488,FALSE_POSITIVE
4281068,1.01530474,FALSE_POSITIVE
4281700,222.84909312,FALSE_POSITIVE
4281895,9.543584955,FALSE_POSITIVE
42821097,3.8971203,UNKNOWN
4282191,41.7084063,CONFIRMED
4282390,1.96134311,UNKNOWN
428251130,10.3380912,UNKNOWN
4282872,10.035381809,CONFIRMED
428317266,29.5406035,UNKNOWN
4284147,1.1611022,FALSE_POSITIVE
4284980,2.2430415,FALSE_POSITIVE
4285087,2.243015737,FALSE_POSITIVE
4285107,2.243016513,FALSE_POSITIVE
428673146,2.1538049,UNKNOWN
428679607,2.6800536,UNKNOWN
428685938,14.4896397,UNKNOWN
428699140,1.9268037,UNKNOWN
428703516,19.5422056,UNKNOWN
428767018,15.3058859,UNKNOWN
428787891,3.8240826,UNKNOWN
428812049,16.2520546,UNKNOWN
42883782,16.2134274,UNKNOWN
428867906,3.3906311,UNKNOWN
428892437,3.7519831,UNKNOWN
428963229,3.1239771,UNKNOWN
428988981,37.3415931,UNKNOWN
429036977,3.0002348,UNKNOWN
429123881,4.0391331,UNKNOWN
429218084,2.5266409,UNKNOWN
429295277,1.10833,UNKNOWN
429302040,5.72226,UNKNOWN
429304876,6.8392388,UNKNOWN
429358906,8.0239811,UNKNOWN
429414530,2.6340964,UNKNOWN
4294779,0.3438892,UNKNOWN
429501231,0.4553752,UNKNOWN
429791387,3.9693722,UNKNOWN
430093142,0.9598377,UNKNOWN
430099722,4.0153167,UNKNOWN
430406538,2.4425105,UNKNOWN
430415564,4.4264918,UNKNOWN
430431091,4.1533998,UNKNOWN
430528566,0.5590256,UNKNOWN
43064903,6.261169,UNKNOWN
430666395,1.1930966,UNKNOWN
430677414,0.46741,UNKNOWN
430751891,2.3921761,UNKNOWN
430845815,3.2396607,UNKNOWN
430930679,2.5604496,UNKNOWN
431016234,12.3832847,UNKNOWN
431033767,3.338577,UNKNOWN
431114892,2.0323202,UNKNOWN
431148743,2.6277641,UNKNOWN
431156009,2.958148,UNKNOWN
431216437,2.5553078,UNKNOWN
431514478,8.4953513,UNKNOWN
431585347,5.13664,UNKNOWN
431660224,3.7069545,UNKNOWN
431693152,7.0308254,UNKNOWN
431701493,3.0927432,UNKNOWN
431810418,753.822332,UNKNOWN
431838716,5.2813531,UNKNOWN
431871952,6.2494565,UNKNOWN
431899136,1.9769396,UNKNOWN
431899140,1.9734615,UNKNOWN
431971818,4.1133928,UNKNOWN
431981595,3.5037708,UNKNOWN
431999925,1.445433,UNKNOWN
432008938,9.653456,UNKNOWN
432078760,3.1479532,UNKNOWN
432114158,2.0042661,UNKNOWN
432132155,4.8984239,UNKNOWN
432224130,2.6800806,UNKNOWN
432280671,16.2117629,UNKNOWN
432422552,9.7712443,UNKNOWN
432467894,3.4365075,UNKNOWN
432549364,1.2174936,UNKNOWN
432758245,1.5361137,UNKNOWN
432761635,3.2131823,UNKNOWN
43276438,15.0764899,UNKNOWN
433144048,2.923461,UNKNOWN
43333094,7.5358996,UNKNOWN
433546897,1.5755252,UNKNOWN
434086605,8.8204144,UNKNOWN
434100688,1825.048364,UNKNOWN
434105094,5.4107024,UNKNOWN
434105231,0.7963207,UNKNOWN
434110695,8.115667,UNKNOWN
434116397,0.5902387,UNKNOWN
434171113,4.4921154,UNKNOWN
434171145,2.7873223,UNKNOWN
434186655,1.3094686,UNKNOWN
434226736,3.4845543,UNKNOWN
434234955,6.0588453,UNKNOWN
434260570,4.720489,UNKNOWN
434270112,1.2433877,UNKNOWN
43429656,5.2132496,UNKNOWN
434373518,19.227477,UNKNOWN
434428836,5.1953991,UNKNOWN
434477274,2.8959153,UNKNOWN
434486077,2.2284671,UNKNOWN
434496663,7.2972359,UNKNOWN
4346178,16.1289679,CONFIRMED
4346339,493.74242,UNKNOWN
4346875,4.694218481,FALSE_POSITIVE
434718964,1.597226,UNKNOWN
43475220,6.1735306,UNKNOWN
434813314,9.288704,UNKNOWN
4349442,4.539297295,FALSE_POSITIVE
4349452,12.720370263,CONFIRMED
4349935,0.792023257,FALSE_POSITIVE
435167167,3.0330919,UNKNOWN
4352168,10.643743766,FALSE_POSITIVE
435259601,1.5090806,UNKNOWN
435336785,5.7740318,UNKNOWN
435339558,21.9903619,UNKNOWN
435339847,8.2000875,UNKNOWN
4355503,0.570828503,FALSE_POSITIVE
4356621,1.7317958,FALSE_POSITIVE
435673126,11.5175506,UNKNOWN
4356766,1.731803197,FALSE_POSITIVE
435680451,24.141229,UNKNOWN
435719275,4.4274169,UNKNOWN
435740442,2.9889845,UNKNOWN
4357985,8.65298599,FALSE_POSITIVE
435851868,2.1350899,UNKNOWN
435861696,5.6902814,UNKNOWN
435871546,4.9583217,UNKNOWN
435878153,0.5570869,UNKNOWN
435934762,2.8504334,UNKNOWN
436007113,2.3205922,UNKNOWN
43604949,1.9422802,UNKNOWN
436099179,0.8999342,UNKNOWN
436102447,5.1858,UNKNOWN
436166416,3.6001959,UNKNOWN
436222251,5.5316291,UNKNOWN
436314778,4.5956692,UNKNOWN
43647325,3.1615697,UNKNOWN
436478932,4.3226229,UNKNOWN
436508469,9.866312,UNKNOWN
4365442,1.714410345,FALSE_POSITIVE
4365461,1.714414962,FALSE_POSITIVE
4365645,4.16787814,CONFIRMED
436575927,5.0957983,UNKNOWN
4366323,40.3511707,UNKNOWN
436637677,11.9140328,UNKNOWN
436652523,4.5461685,UNKNOWN
4366923,646.28789332,FALSE_POSITIVE
4367528,350.81029,FALSE_POSITIVE
4367544,1.19563447,FALSE_POSITIVE
436764867,2.3062125,UNKNOWN
4367854,5.1952021,FALSE_POSITIVE
436843539,4.6303272,UNKNOWN
436873727,22.0933922,UNKNOWN
436875934,2.7535993,UNKNOWN
436875993,4.7117395,UNKNOWN
437011608,4.2403543,UNKNOWN
4370527,61.6174528,CONFIRMED
437054764,20.3550739,UNKNOWN
4371172,73.992267,FALSE_POSITIVE
437144507,7.3039869,UNKNOWN
437156845,3.4906402,UNKNOWN
437215469,3.8036198,UNKNOWN
4372410,0.550537628,FALSE_POSITIVE
437242640,4.3176859,UNKNOWN
437248515,3.4058895,UNKNOWN
437253811,0.689421,UNKNOWN
437259571,2.7519326,UNKNOWN
437261733,5.4161129,UNKNOWN
4372620,19.9310602,UNKNOWN
4372765,15.64064161,FALSE_POSITIVE
4372768,15.6402515,FALSE_POSITIVE
4372961,2.53470797,FALSE_POSITIVE
4373195,0.56256804,FALSE_POSITIVE
437329044,17.1725007,UNKNOWN
437333618,4.2986466,UNKNOWN
4374339,0.993703494,FALSE_POSITIVE
437444661,17.9758603,UNKNOWN
4374610,1.44438449,FALSE_POSITIVE
4375101,61.25964956,FALSE_POSITIVE
437560683,3.0920297,UNKNOWN
4376629,27.6775212,FALSE_POSITIVE
4376644,27.677680103,FALSE_POSITIVE
437704321,2.8492802,UNKNOWN
437736517,4.6071277,UNKNOWN
437740083,5.6020298,UNKNOWN
437756191,25.1745344,UNKNOWN
437774844,5.389491,UNKNOWN
437786834,1.100804,UNKNOWN
437856897,7.2455997,UNKNOWN
437893926,3.8454384,UNKNOWN
437984134,5.77114,UNKNOWN
4380283,0.872359598,FALSE_POSITIVE
4380560,0.705816203,FALSE_POSITIVE
438057373,4.5697688,UNKNOWN
438073782,3.6413702,UNKNOWN
4381282,0.497581917,FALSE_POSITIVE
4381429,16.473474,CONFIRMED
438149332,5.3054422,UNKNOWN
438170612,17.5328625,UNKNOWN
438260486,5.8321337,UNKNOWN
438278301,5.1609259,UNKNOWN
438295981,3.96643,UNKNOWN
438298111,3.3287841,UNKNOWN
438329568,5.4911822,UNKNOWN
438368981,1.4553693,UNKNOWN
438376091,3.5327892,UNKNOWN
438412198,1.5749553,UNKNOWN
4384652,374.51648,FALSE_POSITIVE
4384675,260.20717331,FALSE_POSITIVE
4384793,374.318792,FALSE_POSITIVE
438490744,1.665878,UNKNOWN
4384909,6.41097179,UNKNOWN
4385148,13.84301228,CONFIRMED
438519486,12.8355591,UNKNOWN
4386047,2.900613144,FALSE_POSITIVE
4386059,2.90060781,FALSE_POSITIVE
438629686,19.6500878,UNKNOWN
4386607,5.99321872,FALSE_POSITIVE
43868600,3.8865992,UNKNOWN
438777551,1.4010338,UNKNOWN
4390912,0.687506554,FALSE_POSITIVE
4391348,1.96433113,FALSE_POSITIVE
43921512,3.8405138,UNKNOWN
439366538,4.3135917,UNKNOWN
439381274,4.315664,UNKNOWN
439444938,11.45959,UNKNOWN
439456714,3.9934418,UNKNOWN
439512298,3.8331282,UNKNOWN
439598736,5.7694396,UNKNOWN
439610306,1.79988,UNKNOWN
439618305,4.0236761,UNKNOWN
439842788,3.0717182,UNKNOWN
439867639,0.3711334,UNKNOWN
439873430,17.1470323,UNKNOWN
439926641,4.5744909,UNKNOWN
439939258,4.4640046,UNKNOWN
439942982,1.0222806,UNKNOWN
439943973,3.9963956,UNKNOWN
440001383,3.1551543,UNKNOWN
440100539,12.6017,UNKNOWN
440113053,1.805376,UNKNOWN
440150441,20.86399,UNKNOWN
440186528,0.5318566,UNKNOWN
440324561,10.5634342,UNKNOWN
440562226,0.9902419,UNKNOWN
440624788,5.3664457,UNKNOWN
440636649,3.5595352,UNKNOWN
440775339,5.3393042,UNKNOWN
440777904,3.3552444,UNKNOWN
440801822,2.0483755,UNKNOWN
440849210,3.7863767,UNKNOWN
440872576,3.9712794,UNKNOWN
440887364,8.5954792,UNKNOWN
440937096,3.3362143,UNKNOWN
441012828,2.789278,UNKNOWN
441075486,1.1202752,UNKNOWN
441076258,6.6210878,UNKNOWN
441122551,3.3870505,UNKNOWN
441135051,8.8085782,UNKNOWN
441155146,3.5511203,UNKNOWN
441158994,18.1070683,UNKNOWN
441159680,5.74984,UNKNOWN
441234277,7.3262605,UNKNOWN
441334829,4.4433921,UNKNOWN
441420236,8.4536777,UNKNOWN
441422655,1.5435057,UNKNOWN
441444262,1.9892499,UNKNOWN
441453629,4.2002507,UNKNOWN
441462736,14.278122,UNKNOWN
441546821,,UNKNOWN
441572821,4.2607797,UNKNOWN
441580526,4.4427146,UNKNOWN
441587756,3.7723119,UNKNOWN
441589581,8.0379975,UNKNOWN
441590110,17.8597459,UNKNOWN
441600335,0.8659846,UNKNOWN
441614965,2.0364271,UNKNOWN
44161614,,UNKNOWN
441642457,53.1991439,UNKNOWN
441658213,6.640285,UNKNOWN
441697509,5.2077671,UNKNOWN
441730540,16.2840915,UNKNOWN
441732151,2.09989,UNKNOWN
441736986,0.8037513,UNKNOWN
441738827,6.0784031,UNKNOWN
441739020,40.7501028,UNKNOWN
441739871,3.797872,UNKNOWN
441763252,2.7708596,UNKNOWN
441765914,124.72987,UNKNOWN
441797394,13.4167713,UNKNOWN
441797803,5.6666168,UNKNOWN
441798995,1.4206036,UNKNOWN
441804533,16.303675,UNKNOWN
441936163,1.895234,UNKNOWN
442050698,0.8118585,UNKNOWN
442530946,3.7130279,UNKNOWN
4426490,2.668957,UNKNOWN
44295981,0.520403,UNKNOWN
443042089,0.5496848,UNKNOWN
443115574,2.9103781,UNKNOWN
443127052,2.8972041,UNKNOWN
44313455,9.3004351,UNKNOWN
443199889,10.3031578,UNKNOWN
443213925,4.6410823,UNKNOWN
443341002,6.3599636,UNKNOWN
443534757,3.08858,UNKNOWN
443556801,1.5080197,UNKNOWN
443582629,5.8512587,UNKNOWN
443607377,4.0207557,UNKNOWN
443616612,,UNKNOWN
443658196,4.5006638,UNKNOWN
443666343,7.3436151,UNKNOWN
443823169,425.4506963,UNKNOWN
44388479,5.7351935,UNKNOWN
443961200,1.1282471,UNKNOWN
444013020,2.3114203,UNKNOWN
444159424,8.8922064,UNKNOWN
444209952,1.8471592,UNKNOWN
444290896,4.4299239,UNKNOWN
444394183,4.0211797,UNKNOWN
444413256,4.0104917,UNKNOWN
444415148,1.83641,UNKNOWN
44451202,2.1011992,UNKNOWN
444523623,2.041659,UNKNOWN
444558604,1.9872259,UNKNOWN
4445630,5.627911313,FALSE_POSITIVE
4446411,0.62927655,FALSE_POSITIVE
4446859,425.64971,UNKNOWN
444724127,3.1639309,UNKNOWN
444753130,3.0057526,UNKNOWN
444842193,1.0790928,UNKNOWN
4449034,38.13853099,FALSE_POSITIVE
4449752,290.438547,FALSE_POSITIVE
444977814,11.3689753,UNKNOWN
4450844,56.3479517,UNKNOWN
44510874,1.5720089,UNKNOWN
445137888,2.013653,UNKNOWN
445144327,1.80794,UNKNOWN
445145355,1.5174038,UNKNOWN
44514807,7.5872202,UNKNOWN
445254275,2.57134,UNKNOWN
445276138,0.4925418,UNKNOWN
445370101,3.662222,UNKNOWN
445392860,2.3696548,UNKNOWN
445407434,2.1795448,UNKNOWN
4454219,1.22578134,FALSE_POSITIVE
445456888,5.5436298,UNKNOWN
4454752,1.616883373,CONFIRMED
4454934,33.4698571,CONFIRMED
445496795,1.831733,UNKNOWN
445522339,3.0667073,UNKNOWN
4455231,19.30581662,CONFIRMED
4455763,0.766298172,FALSE_POSITIVE
445582110,3.0579913,UNKNOWN
445586472,1.7393631,UNKNOWN
4456622,0.751408792,FALSE_POSITIVE
445751830,3.4391954,UNKNOWN
445795465,2.7404478,UNKNOWN
445805961,24.2833782,UNKNOWN
445807396,3.2493152,UNKNOWN
4458082,4.89336495,CONFIRMED
4458109,41.477908,FALSE_POSITIVE
445822015,1.66402,UNKNOWN
445837596,4.3773113,UNKNOWN
445859771,4.6313014,UNKNOWN
445903569,4.0337201,UNKNOWN
4459068,24.955998503,FALSE_POSITIVE
445946478,3.3328544,UNKNOWN
4459503,260.31119904,FALSE_POSITIVE
445990611,6.2987919,UNKNOWN
4459924,4.79176993,FALSE_POSITIVE
446135868,1.8119168,UNKNOWN
446157122,3.2149937,UNKNOWN
446158352,4.0434287,UNKNOWN
446166017,1.9271521,UNKNOWN
44621795,3.1923193,UNKNOWN
44631965,3.5686777,UNKNOWN
446370039,4.5992844,UNKNOWN
4464022,5.9167681,UNKNOWN
4464394,168.66934782,UNKNOWN
446463666,4.4967355,UNKNOWN
4464689,574.37064,FALSE_POSITIVE
44647437,3.352907,UNKNOWN
446524637,18.8392786,UNKNOWN
446549905,2.4545635,UNKNOWN
446549906,2.45457,UNKNOWN
446616059,3.1072375,UNKNOWN
4466356,14.12809896,FALSE_POSITIVE
4466677,3.222975318,CONFIRMED
446684383,4.6259138,UNKNOWN
446918603,8.0136668,UNKNOWN
4469825,253.87706,FALSE_POSITIVE
447054140,5.2220526,UNKNOWN
447061717,24.2454967,UNKNOWN
447088034,14.0063765,UNKNOWN
4470888,523.36921,FALSE_POSITIVE
4471313,110.089267,UNKNOWN
4471747,51.3901452,UNKNOWN
447192619,2.6566986,UNKNOWN
447206604,7.2133579,UNKNOWN
4472143,472.071079,FALSE_POSITIVE
4472818,70.9672087,CONFIRMED
447283466,1.01606,UNKNOWN
4473226,14.83340944,CONFIRMED
4473613,4.36125889,CONFIRMED
44737596,2.788654,UNKNOWN
4474462,12.85755895,UNKNOWN
44745077,1.8756,UNKNOWN
44745133,7.8181434,UNKNOWN
4474637,3.886730304,FALSE_POSITIVE
4474645,3.88673217,FALSE_POSITIVE
447585233,3.3405202,UNKNOWN
447593267,7.8595931,UNKNOWN
4476123,22.36646466,CONFIRMED
4476423,33.8542586,FALSE_POSITIVE
44764338,4.8033954,UNKNOWN
4478142,219.931324,UNKNOWN
4478168,14.58649856,CONFIRMED
447891218,1.8030565,UNKNOWN
44791617,2.169466,UNKNOWN
44792534,3.68497,UNKNOWN
4479633,0.475068516,FALSE_POSITIVE
447976172,5.3583725,UNKNOWN
44797824,0.7455787,UNKNOWN
4480676,0.711966971,FALSE_POSITIVE
448098793,3.7065603,UNKNOWN
4482738,0.866344816,FALSE_POSITIVE
4483138,15.3626052,CONFIRMED
4483235,1.7609276,FALSE_POSITIVE
448358913,1.5505494,UNKNOWN
4484179,385.29212,UNKNOWN
4484312,2.24294107,FALSE_POSITIVE
4484336,8.94337724,CONFIRMED
448435566,4.1042587,UNKNOWN
4484356,0.572079631,FALSE_POSITIVE
448536355,2.8371201,UNKNOWN
448589187,3.0652926,UNKNOWN
4486230,14.9166631,UNKNOWN
448688668,2.2308431,UNKNOWN
448744179,3.1420872,UNKNOWN
448775221,4.0902788,UNKNOWN
448820344,2.7792649,UNKNOWN
448923766,2.2664085,UNKNOWN
4489844,0.822314545,FALSE_POSITIVE
44898913,2.7299049,UNKNOWN
449050247,2.96845,UNKNOWN
449050248,2.96844,UNKNOWN
449107129,4.254955,UNKNOWN
449197624,6.7934811,UNKNOWN
449197831,3.7369689,UNKNOWN
449257028,4.278752,UNKNOWN
449491381,4.8206566,UNKNOWN
449549170,1.4753526,UNKNOWN
449951606,5.1681189,UNKNOWN
450012972,1.8179336,UNKNOWN
450308271,1.5057127,UNKNOWN
450308346,5.9419732,UNKNOWN
450327768,5.34326,UNKNOWN
450337675,8.6789911,UNKNOWN
45034406,1.5328484,UNKNOWN
45048546,7.3498345,UNKNOWN
45054849,11.2645152,UNKNOWN
450649506,1.0604139,UNKNOWN
451084885,2.9828061,UNKNOWN
451254008,6.8561604,UNKNOWN
451538240,3.9349141,UNKNOWN
451566438,3.7462806,UNKNOWN
451599528,341.2791676,UNKNOWN
451606970,19.1807264,UNKNOWN
451645081,8.1125147,UNKNOWN
45191604,3.0327366,UNKNOWN
452006073,1.2669382,UNKNOWN
452049244,0.6587178,UNKNOWN
452281203,3.4468018,UNKNOWN
452375478,10.6079445,UNKNOWN
452464529,3.6794732,UNKNOWN
452483795,2.4515393,UNKNOWN
452508760,2.260431,UNKNOWN
452576848,2.5071775,UNKNOWN
452658846,1.9990323,UNKNOWN
452727513,18.9104241,UNKNOWN
452741216,10.7994273,UNKNOWN
452743735,2.7432173,UNKNOWN
452803785,5.0037857,UNKNOWN
452808876,2.70582,UNKNOWN
452810326,2.3540163,UNKNOWN
452810327,2.3540172,UNKNOWN
452837676,1.4866436,UNKNOWN
452864692,2.1125062,UNKNOWN
452866790,1.1979996,UNKNOWN
452867348,8.0924283,UNKNOWN
452903647,1.6102435,UNKNOWN
452920657,,UNKNOWN
452938965,2.8744227,UNKNOWN
45296362,5.9594909,UNKNOWN
452964680,2.2390796,UNKNOWN
452972453,3.2358247,UNKNOWN
452973397,1.9518831,UNKNOWN
45299834,4.3226285,UNKNOWN
453009027,3.8720204,UNKNOWN
453060368,9.6284672,UNKNOWN
453064665,2.6452121,UNKNOWN
453100296,2.229735,UNKNOWN
453105377,6.6329154,UNKNOWN
453209605,2.80944,UNKNOWN
453211454,9.0588209,UNKNOWN
453230066,1.5492212,UNKNOWN
453260209,1.2124493,UNKNOWN
453289469,0.7799194,UNKNOWN
453348525,0.7729066,UNKNOWN
453387619,1.2016105,UNKNOWN
453396346,0.4415174,UNKNOWN
453410966,4.120004,UNKNOWN
453452264,4.8405428,UNKNOWN
453464017,3.9416903,UNKNOWN
453668803,3.9854465,UNKNOWN
453677947,2.3155132,UNKNOWN
45368525,2.8066134,UNKNOWN
45376816,3.8978437,UNKNOWN
453789494,5.4774433,UNKNOWN
453942180,7.9674915,UNKNOWN
454038613,2.6680587,UNKNOWN
4540508,362.1273,FALSE_POSITIVE
4540632,31.005392846,FALSE_POSITIVE
454069765,4.1197036,UNKNOWN
454224694,0.515461,UNKNOWN
454248975,3.9014904,UNKNOWN
454361389,3.9563671,UNKNOWN
4544571,2.189098506,FALSE_POSITIVE
4544572,2.189092892,FALSE_POSITIVE
4544620,2.189090653,FALSE_POSITIVE
4544623,2.189097,FALSE_POSITIVE
4544628,0.729724346,FALSE_POSITIVE
4544670,34.84398644,UNKNOWN
4544684,2.1890751,FALSE_POSITIVE
4544907,46.8776724,CONFIRMED
4545187,3.177414601,CONFIRMED
4545570,5.60473115,CONFIRMED
4545926,2.4826619,FALSE_POSITIVE
45465399,5.3763108,UNKNOWN
4547480,4.426942241,FALSE_POSITIVE
4547603,1.400755743,UNKNOWN
4548011,13.9509565,CONFIRMED
4548098,3.82315697,CONFIRMED
4548162,10.0102876,FALSE_POSITIVE
454828937,6.809144,UNKNOWN
454876465,1.8246123,UNKNOWN
454918388,2.2545904,UNKNOWN
45492609,1.3605223,UNKNOWN
455030519,2.6875966,UNKNOWN
455033897,11.5341529,UNKNOWN
455036659,4.007232,UNKNOWN
455096220,3.6466612,UNKNOWN
4551328,0.52205862,FALSE_POSITIVE
455135327,2.8106013,UNKNOWN
455153906,2.8894603,UNKNOWN
4551663,12.07760884,FALSE_POSITIVE
455272393,1.6660179,UNKNOWN
4552729,97.4463194,UNKNOWN
4556468,114.336052,CONFIRMED
455727012,2.9172231,UNKNOWN
455733237,14.3640841,UNKNOWN
4557341,361.901618,FALSE_POSITIVE
455737331,1076.6094165,UNKNOWN
455784423,3.9365629,UNKNOWN
455791689,1.2918334,UNKNOWN
455947620,1.9281092,UNKNOWN
455962313,2.25505,UNKNOWN
456042145,2.0474832,UNKNOWN
456130294,10.2461099,UNKNOWN
456171328,1106.220834,UNKNOWN
456260074,1092.002299,UNKNOWN
456305193,1.0995742,UNKNOWN
456306892,33.5386891,UNKNOWN
4563268,4.16536757,CONFIRMED
456335739,13.62636,UNKNOWN
456367532,3.0783215,UNKNOWN
456401439,6.3377947,UNKNOWN
456482025,13.723753,UNKNOWN
45655786,3.1660849,UNKNOWN
456560485,5.9493696,UNKNOWN
456574511,3.4379994,UNKNOWN
4565943,353.36705,FALSE_POSITIVE
4565985,17.51191534,FALSE_POSITIVE
4566848,180.4118581,UNKNOWN
4566999,527.68601,FALSE_POSITIVE
4567118,521.10826,UNKNOWN
456783397,3.4742682,UNKNOWN
456787558,5.9441544,UNKNOWN
4568117,0.562563871,FALSE_POSITIVE
4568298,0.562555067,FALSE_POSITIVE
45684223,6.5832019,UNKNOWN
456844391,6.0210332,UNKNOWN
456862677,15.2664658,UNKNOWN
456910600,9.8326403,UNKNOWN
456945304,2.1408063,UNKNOWN
4569590,41.3701638,FALSE_POSITIVE
456962262,2.8823183,UNKNOWN
456971986,1.2452975,UNKNOWN
4569942,267.911652,FALSE_POSITIVE
457018819,2.913692,UNKNOWN
457039843,6.5202038,UNKNOWN
4570555,4.750256809,FALSE_POSITIVE
4570931,1.544927524,FALSE_POSITIVE
4570949,1.544928892,CONFIRMED
4571004,36.616669,FALSE_POSITIVE
457104362,4.8163162,UNKNOWN
457110913,0.7463239,UNKNOWN
457138169,1.0924536,UNKNOWN
4571536,0.676715927,FALSE_POSITIVE
4571844,17.8075656,UNKNOWN
457202957,1.8851834,UNKNOWN
457268255,3.8277062,UNKNOWN
4572728,309.191789,UNKNOWN
457272901,4.6492201,UNKNOWN
457337619,5.8991458,UNKNOWN
4574310,1.306220168,FALSE_POSITIVE
4574319,1.30627214,FALSE_POSITIVE
457446242,3.4714821,UNKNOWN
4575824,631.632,FALSE_POSITIVE
457649900,748.8277169,UNKNOWN
457743020,3.251249,UNKNOWN
4577484,73.26417,FALSE_POSITIVE
457789844,4.9142901,UNKNOWN
4578594,252.1638623,FALSE_POSITIVE
4579313,2.112405306,FALSE_POSITIVE
4579321,2.112395777,FALSE_POSITIVE
457939414,3.7899524,UNKNOWN
4579598,0.866346,FALSE_POSITIVE
458027465,8.7876771,UNKNOWN
458199018,2.4498012,UNKNOWN
458300989,4.1379542,UNKNOWN
458331312,4.4360402,UNKNOWN
458342769,3.9299344,UNKNOWN
458419328,4.6747218,UNKNOWN
458424950,9.0576962,UNKNOWN
458458156,3.2487833,UNKNOWN
458478250,2.2552845,UNKNOWN
458481611,61.3191144,UNKNOWN
4584865,1.75254087,FALSE_POSITIVE
458589703,,UNKNOWN
458615187,3.8831272,UNKNOWN
458641144,4.6965638,UNKNOWN
458647887,9.5835608,UNKNOWN
4586482,623.005238,FALSE_POSITIVE
458686504,4.8740385,UNKNOWN
458686847,1.2916034,UNKNOWN
458686969,3.1393667,UNKNOWN
4587135,54.0812235,UNKNOWN
4587448,2.23416013,FALSE_POSITIVE
45881495,9.0441543,UNKNOWN
458856474,6.0783344,UNKNOWN
458857720,1.30924,UNKNOWN
458876004,3.6923071,UNKNOWN
458890024,5.1404883,UNKNOWN
458914949,12.5343031,UNKNOWN
45896295,3.0044799,UNKNOWN
458987621,1.9765848,UNKNOWN
458995583,1.5959199,UNKNOWN
459021929,21.7262508,UNKNOWN
45905504,3.2232502,UNKNOWN
459102737,7.4562671,UNKNOWN
459157691,7.4365725,UNKNOWN
459189798,6.9171675,UNKNOWN
459215281,2.7694074,UNKNOWN
459323923,2.6520679,UNKNOWN
459604398,3.4542618,UNKNOWN
459728249,8.9653531,UNKNOWN
459730973,3.9156848,UNKNOWN
459735346,7.1701672,UNKNOWN
459755750,6.1080224,UNKNOWN
459762279,8.7960328,UNKNOWN
459836041,6.6867154,UNKNOWN
459837008,3.4950422,UNKNOWN
459850897,1.1882681,UNKNOWN
4598935,24.7104662,UNKNOWN
459903429,8.13664,UNKNOWN
459913687,4.746318,UNKNOWN
459942762,0.58644,UNKNOWN
459947163,7.9923268,UNKNOWN
459952217,73.580982,UNKNOWN
45996325,3.1580472,UNKNOWN
459969957,19.3203478,UNKNOWN
459970307,21.745537,UNKNOWN
459978312,23.28798,UNKNOWN
459982699,1.1669652,UNKNOWN
459997997,5.547485,UNKNOWN
460140752,12.0077462,UNKNOWN
460205581,8.3249172,UNKNOWN
46020827,9.3911326,UNKNOWN
460316238,4.140097,UNKNOWN
460396820,2.3409909,UNKNOWN
4605846,3.7178656,UNKNOWN
460686828,3.9935853,UNKNOWN
460950389,2.8618782,UNKNOWN
46096489,3.118536,UNKNOWN
460984940,2.7970316,UNKNOWN
46104747,20.8359197,UNKNOWN
461080504,6.0988471,UNKNOWN
4610830,8.2616616,UNKNOWN
461136782,4.420983,UNKNOWN
461239485,3.0390851,UNKNOWN
461271719,7.6246239,UNKNOWN
461387302,5.8089284,UNKNOWN
461491274,1.8137851,UNKNOWN
461538935,5.289835,UNKNOWN
461547946,10.3067866,UNKNOWN
461591646,3.7246883,UNKNOWN
4616072,4.1876154,UNKNOWN
461635621,28.6648749,UNKNOWN
461662295,10.2558,UNKNOWN
461867584,4.420125,UNKNOWN
4619242,4.3023572,UNKNOWN
461968320,12.2027867,UNKNOWN
462072242,2.0916623,UNKNOWN
462135459,1.6995805,UNKNOWN
462162948,19.8507621,UNKNOWN
462162963,1.3550447,UNKNOWN
462206806,3.3733921,UNKNOWN
462372373,5.2498931,UNKNOWN
462507821,7.2218817,UNKNOWN
462553953,4.461878,UNKNOWN
462615350,8.9172211,UNKNOWN
462715015,1.7548863,UNKNOWN
462808933,4.2788309,UNKNOWN
463011281,11.1378464,UNKNOWN
463070290,0.6771668,UNKNOWN
46307587,3.6079916,UNKNOWN
463103749,1.9512921,UNKNOWN
463203560,1.9905105,UNKNOWN
463343283,4.865928,UNKNOWN
4633434,22.271198511,FALSE_POSITIVE
4633570,16.70920628,CONFIRMED
463365347,8.9641788,UNKNOWN
463402815,1.0085089,UNKNOWN
4634135,63.9005941,FALSE_POSITIVE
463469906,1.5314941,UNKNOWN
463508231,4.127728,UNKNOWN
463590116,1.3185787,UNKNOWN
4636565,2.81401302,FALSE_POSITIVE
4636578,17.84850835,CONFIRMED
463681005,0.5465391,UNKNOWN
463754499,2.2866856,UNKNOWN
463781038,8.1755735,UNKNOWN
4638237,290.1401717,UNKNOWN
463868678,5.7881587,UNKNOWN
4639868,53.100942624,FALSE_POSITIVE
464067218,1.3934565,UNKNOWN
464280516,2.5658729,UNKNOWN
464296022,12.1246519,UNKNOWN
464300749,18.0953159,UNKNOWN
464326872,0.5542332,UNKNOWN
464328419,4.8401948,UNKNOWN
464388115,2.4118274,UNKNOWN
464445045,2.589659,UNKNOWN
4644604,14.48584765,CONFIRMED
464481762,4.2545208,UNKNOWN
4644952,6.94135824,CONFIRMED
4645174,15.0330623,CONFIRMED
464542805,13.0953097,UNKNOWN
464544047,2.8656356,UNKNOWN
4645492,508.04103,FALSE_POSITIVE
4645833,0.743495989,FALSE_POSITIVE
464593883,9.0653768,UNKNOWN
464646604,7.7121208,UNKNOWN
464658144,4.9594992,UNKNOWN
4646810,10.9245478,UNKNOWN
464711858,2.3483946,UNKNOWN
4647662,1.06484622,FALSE_POSITIVE
4647949,45.41810604,FALSE_POSITIVE
4649305,22.65117451,FALSE_POSITIVE
4649440,19.37070781,FALSE_POSITIVE
4650674,4.51436096,CONFIRMED
4650733,29.5390897,CONFIRMED
4651399,508.807642,FALSE_POSITIVE
465176038,4.0333818,UNKNOWN
465275307,2.1510781,UNKNOWN
465540915,2.0252285,UNKNOWN
4656049,40.6992062,CONFIRMED
4659255,198.01379181,FALSE_POSITIVE
465933345,1.1109316,UNKNOWN
4659405,4.532402495,FALSE_POSITIVE
466113537,4.9064175,UNKNOWN
4661634,73.894163515,FALSE_POSITIVE
466167563,3.3792968,UNKNOWN
466206508,75.1247037,UNKNOWN
466222485,1.7519943,UNKNOWN
4662363,321.24194284,FALSE_POSITIVE
46627476,2.5665666,UNKNOWN
46631742,2.6599132,UNKNOWN
466318137,1.1216021,UNKNOWN
4663185,56.6993107,FALSE_POSITIVE
4663658,0.705891195,FALSE_POSITIVE
466382581,5.3829728,UNKNOWN
466390120,1.5487245,UNKNOWN
4664046,1.12976597,FALSE_POSITIVE
4664743,1.27839331,FALSE_POSITIVE
4664847,7.748094239,CONFIRMED
4665571,4.60300256,CONFIRMED
4665989,1.124033822,FALSE_POSITIVE
4665991,1.12401084,FALSE_POSITIVE
4666008,2.248063246,FALSE_POSITIVE
466682238,3.2738129,UNKNOWN
466840711,2.4855806,UNKNOWN
466890210,5.1869453,UNKNOWN
466928064,2.2609143,UNKNOWN
4669402,143.196381,FALSE_POSITIVE
466966249,5.5698339,UNKNOWN
46698351,5.0872348,UNKNOWN
467006627,15.4159906,UNKNOWN
4670217,18.1209388,UNKNOWN
4670267,1.003049079,FALSE_POSITIVE
4670361,631.56889,UNKNOWN
467153319,4.4626933,UNKNOWN
4671584,2.796661168,FALSE_POSITIVE
467158766,7.7784947,UNKNOWN
467179528,10.8948421,UNKNOWN
467211520,9.7884653,UNKNOWN
467265105,4.1377886,UNKNOWN
467281353,2.8319354,UNKNOWN
467331291,3.3207642,UNKNOWN
4673628,3.951383138,CONFIRMED
467484304,0.7815064,UNKNOWN
467580267,0.7415247,UNKNOWN
467602108,2.2351679,UNKNOWN
467615239,2.6429687,UNKNOWN
467649533,7.4826325,UNKNOWN
467651916,3.9813082,UNKNOWN
467666275,1.3812115,UNKNOWN
467684543,3.1948695,UNKNOWN
467690903,3.9332583,UNKNOWN
4676964,43.1024434,UNKNOWN
46772529,10.6332248,UNKNOWN
4677282,1.572181216,FALSE_POSITIVE
46774573,3.8635521,UNKNOWN
467783290,3.6502527,UNKNOWN
4678171,15.288709179,FALSE_POSITIVE
4678873,1.878877205,FALSE_POSITIVE
4678875,1.87887673,FALSE_POSITIVE
4678919,1.87885327,FALSE_POSITIVE
4679314,3.84835742,FALSE_POSITIVE
467931774,1.3504913,UNKNOWN
467955232,3.0525705,UNKNOWN
4679687,1.027904857,FALSE_POSITIVE
467971286,2.2250514,UNKNOWN
468055102,3.3133491,UNKNOWN
46807139,4.5314275,UNKNOWN
4680745,1.463148937,FALSE_POSITIVE
4680772,26.190289,FALSE_POSITIVE
4681152,1.83592242,FALSE_POSITIVE
468148930,3.7178828,UNKNOWN
468178519,2.9852193,UNKNOWN
468329664,3.5472157,UNKNOWN
468350765,3.8949005,UNKNOWN
468396217,4.1571604,UNKNOWN
468433454,4.7974601,UNKNOWN
468472950,0.98736,UNKNOWN
468501184,4.5944948,UNKNOWN
468574941,1.4971447,UNKNOWN
468692991,3.9779111,UNKNOWN
468765355,10.3299557,UNKNOWN
468777766,12.4844641,UNKNOWN
468828873,3.8954139,UNKNOWN
468832904,1.4005308,UNKNOWN
468845640,3.99307,UNKNOWN
468880077,5.8123508,UNKNOWN
468889418,22.8524131,UNKNOWN
468911753,2.2964514,UNKNOWN
468977648,2.090218,UNKNOWN
468979441,24.4383239,UNKNOWN
468981993,8.0149323,UNKNOWN
468983280,3.1522131,UNKNOWN
468987719,3.3326812,UNKNOWN
468997317,7.5043829,UNKNOWN
469008497,13.0795854,UNKNOWN
469184909,1.2926975,UNKNOWN
469212332,30.7864669,UNKNOWN
469333534,3.5611222,UNKNOWN
469436001,0.9739887,UNKNOWN
469523613,1.1838059,UNKNOWN
469523619,1.1838063,UNKNOWN
469702377,4.7061119,UNKNOWN
469782185,1.20928,UNKNOWN
469791892,12.8910022,UNKNOWN
469810663,5.8497196,UNKNOWN
469811655,11.851162,UNKNOWN
469813927,3.940549,UNKNOWN
469821652,5.6155837,UNKNOWN
469967533,23.842,UNKNOWN
46999289,6.2088405,UNKNOWN
470127886,5.7156075,UNKNOWN
470156846,7.3446285,UNKNOWN
470159478,17.0096703,UNKNOWN
470169396,6.3262148,UNKNOWN
470171739,4.6174254,UNKNOWN
470315428,1.08625,UNKNOWN
470381900,2.5005291,UNKNOWN
470450936,2.7934699,UNKNOWN
470653603,8.9270275,UNKNOWN
470678283,2.7991658,UNKNOWN
470709084,3.66505,UNKNOWN
470724594,16.8498547,UNKNOWN
470749725,5.6897753,UNKNOWN
470783598,9.9441709,UNKNOWN
470822809,2.5400911,UNKNOWN
470852531,1.49446,UNKNOWN
470898625,5.885604,UNKNOWN
470911286,1.6212474,UNKNOWN
47094691,4.9276886,UNKNOWN
470974162,3.2583798,UNKNOWN
470987100,4.1192231,UNKNOWN
470990157,3.7749324,UNKNOWN
4711,2.3348152,UNKNOWN
47132361,4.9017215,UNKNOWN
47132480,6.5552932,UNKNOWN
47143972,731.8319734,UNKNOWN
47220926,9.7716812,UNKNOWN
47244580,3.6092665,UNKNOWN
47248224,5.5378585,UNKNOWN
4725292,1.15495063,FALSE_POSITIVE
4725681,23.96793669,CONFIRMED
4729001,0.7127815,UNKNOWN
4729553,0.961292561,FALSE_POSITIVE
4730442,1.71051215,FALSE_POSITIVE
47316976,711.7473963,UNKNOWN
47319867,5.7188414,UNKNOWN
4732015,0.938857507,FALSE_POSITIVE
4732137,393.946106,FALSE_POSITIVE
4735826,7.545922037,CONFIRMED
4736208,63.68192888,FALSE_POSITIVE
4736439,194.896925,FALSE_POSITIVE
4736569,10.13200555,CONFIRMED
4736644,16.2951259,CONFIRMED
4737267,9.524076544,FALSE_POSITIVE
4737302,9.455586047,FALSE_POSITIVE
4737848,56.001782,UNKNOWN
4738095,309.933134,FALSE_POSITIVE
47384844,3.09574,UNKNOWN
4739194,1.246585716,FALSE_POSITIVE
4739229,571.280892,UNKNOWN
4739565,0.898932836,FALSE_POSITIVE
4740375,471.95076253,FALSE_POSITIVE
4740676,3.454241684,FALSE_POSITIVE
4740688,3.45423296,FALSE_POSITIVE
4741126,20.4222447,CONFIRMED
4741777,101.928291,FALSE_POSITIVE
4742188,413.51856,UNKNOWN
47423120,11.6235,UNKNOWN
4742414,15.458056682,CONFIRMED
4742420,90.097375,UNKNOWN
4742452,5.4398033,UNKNOWN
47425697,0.4941631,UNKNOWN
4743508,2.086076372,FALSE_POSITIVE
4743513,2.086075752,FALSE_POSITIVE
47482754,15.3471548,UNKNOWN
47484268,,UNKNOWN
4750341,1.97515457,FALSE_POSITIVE
4750406,379.63135,FALSE_POSITIVE
4750669,3.38419892,UNKNOWN
4750962,69.932459,UNKNOWN
4751083,4.532416322,FALSE_POSITIVE
4752451,6.41496453,FALSE_POSITIVE
47525799,,UNKNOWN
4753561,4.944927575,FALSE_POSITIVE
4753988,7.304451735,FALSE_POSITIVE
4754831,55.119831,FALSE_POSITIVE
4757331,1.181046137,FALSE_POSITIVE
4757437,13.19322809,CONFIRMED
4758350,1.120997701,FALSE_POSITIVE
4758368,1.874967748,FALSE_POSITIVE
47587394,2.4181961,UNKNOWN
47601197,8.6251769,UNKNOWN
4760478,287.377314,CONFIRMED
4760746,15.068060768,UNKNOWN
4760959,29.9315174,UNKNOWN
4761060,13.37935853,FALSE_POSITIVE
4761427,327.063,UNKNOWN
47617038,3.3513304,UNKNOWN
47617161,3.9194856,UNKNOWN
4762283,42.049523793,UNKNOWN
4763020,384.09781,FALSE_POSITIVE
4764774,1.29019586,FALSE_POSITIVE
4764969,0.602277579,UNKNOWN
47667,17.2051468,UNKNOWN
4768756,2.40440112,FALSE_POSITIVE
4768846,1.25483232,FALSE_POSITIVE
4769799,21.92866538,FALSE_POSITIVE
4769824,21.926779,FALSE_POSITIVE
4769931,1.87886973,FALSE_POSITIVE
4770174,6.09595681,UNKNOWN
4770365,1.609321941,CONFIRMED
4770617,5.18560081,CONFIRMED
4770798,651.07431,UNKNOWN
47720259,6.9551801,UNKNOWN
4772095,99.299502,FALSE_POSITIVE
4773155,25.706001174,FALSE_POSITIVE
4773392,170.995748,UNKNOWN
4774646,0.559517155,FALSE_POSITIVE
47911178,3.5857076,UNKNOWN
47937361,2.3382502,UNKNOWN
48018596,60.06632,UNKNOWN
48031665,13.1187746,UNKNOWN
48103627,4.5696698,UNKNOWN
4813563,36.5157639,CONFIRMED
4813750,49.1782244,UNKNOWN
4813793,6.70242786,UNKNOWN
4814168,545.54618,FALSE_POSITIVE
4814502,4.94330596,CONFIRMED
4815520,31.578651216,CONFIRMED
4815612,1.928420823,FALSE_POSITIVE
48178229,2.6788253,UNKNOWN
48188920,0.73774,UNKNOWN
4819158,328.84846,FALSE_POSITIVE
4820550,202.1168173,UNKNOWN
48210046,3.2003149,UNKNOWN
48217457,3.1208396,UNKNOWN
48220826,3.0215428,UNKNOWN
4824268,152.15144795,FALSE_POSITIVE
48253329,2.8140207,UNKNOWN
4825872,169.894419,FALSE_POSITIVE
4826110,1.333395306,FALSE_POSITIVE
4826439,1.237147407,FALSE_POSITIVE
48274889,5.2410982,UNKNOWN
48276576,0.8334976,UNKNOWN
4827723,7.23858162,CONFIRMED
4828341,36.12895451,FALSE_POSITIVE
4829935,16.9329284,FALSE_POSITIVE
4830605,35.6364022,UNKNOWN
4830859,27.2173855,UNKNOWN
4831728,10.10773789,CONFIRMED
4832175,0.947738312,FALSE_POSITIVE
4832197,0.94773253,FALSE_POSITIVE
4832225,0.947730124,FALSE_POSITIVE
4832273,501.90703,FALSE_POSITIVE
4832837,2.628117322,CONFIRMED
4833135,8.661374,FALSE_POSITIVE
4833409,271.790292,UNKNOWN
4833421,12.466004437,CONFIRMED
48353358,9.8786838,UNKNOWN
4839180,4.426344495,FALSE_POSITIVE
4840156,2.69487041,FALSE_POSITIVE
4840263,0.957823876,FALSE_POSITIVE
4840327,26.737139497,FALSE_POSITIVE
4840513,2.379282197,FALSE_POSITIVE
4840672,9.2294726,UNKNOWN
4840818,5.024768971,FALSE_POSITIVE
4841374,161.4746786,CONFIRMED
4843495,,UNKNOWN
4843592,0.967073359,FALSE_POSITIVE
4843751,310.61299,FALSE_POSITIVE
4844004,0.784031658,FALSE_POSITIVE
4844367,17.1622587,UNKNOWN
4844470,60.532988,UNKNOWN
48448369,,UNKNOWN
48451130,30.3599812,UNKNOWN
4845862,2.44926655,FALSE_POSITIVE
4846856,46.151253,UNKNOWN
4847534,9.66857386,CONFIRMED
48476907,4.7192734,UNKNOWN
48476908,4.7192771,UNKNOWN
4847782,30.9597053,FALSE_POSITIVE
4847801,371.47786,FALSE_POSITIVE
4847832,30.960216668,FALSE_POSITIVE
4847843,30.9604688,FALSE_POSITIVE
4848115,0.969602551,FALSE_POSITIVE
4848321,1.50178705,FALSE_POSITIVE
4848423,1.501760172,FALSE_POSITIVE
4848424,1.50179931,FALSE_POSITIVE
48506505,7.7942155,UNKNOWN
4850961,24.4972683,CONFIRMED
4851145,1.23521458,FALSE_POSITIVE
4851195,374.514471,FALSE_POSITIVE
4851217,2.470283788,FALSE_POSITIVE
4851239,1.23512429,FALSE_POSITIVE
4851283,1.23517588,FALSE_POSITIVE
4851338,1.23516416,FALSE_POSITIVE
4851356,1.23513471,FALSE_POSITIVE
4851464,5.548250634,FALSE_POSITIVE
4851530,23.11707222,UNKNOWN
4852297,3.28931936,FALSE_POSITIVE
4852528,7.053527145,CONFIRMED
4856592,461.1417,FALSE_POSITIVE
4857058,7.32851947,CONFIRMED
4857213,8.77425786,CONFIRMED
4858610,2.72288246,FALSE_POSITIVE
4860678,9.97716876,CONFIRMED
4860932,12.36564669,FALSE_POSITIVE
4861527,25.7054557,FALSE_POSITIVE
4861736,6.277827312,FALSE_POSITIVE
4861784,5.62978034,FALSE_POSITIVE
4861791,5.62950902,FALSE_POSITIVE
4862332,0.8903331,FALSE_POSITIVE
4862625,20.000242814,FALSE_POSITIVE
4862924,482.62011,UNKNOWN
4863260,0.987069622,FALSE_POSITIVE
4863369,4.24748886,FALSE_POSITIVE
4863753,1.000012952,FALSE_POSITIVE
4863956,4.31978105,FALSE_POSITIVE
4864734,1.845610523,FALSE_POSITIVE
48661942,3.9628496,UNKNOWN
48768158,2.3378096,UNKNOWN
48806546,0.934057,UNKNOWN
4897275,16.7100422,UNKNOWN
4902030,0.878803439,FALSE_POSITIVE
4902202,216.456055,UNKNOWN
4902673,329.71491,FALSE_POSITIVE
49043968,6.2462252,UNKNOWN
49045066,3.00782,UNKNOWN
49046332,5.5809252,UNKNOWN
49066806,5.332805,UNKNOWN
49079670,1.8930707,UNKNOWN
4908495,1.560158562,FALSE_POSITIVE
4909707,2.302365255,FALSE_POSITIVE
4912589,34.188302705,FALSE_POSITIVE
4912650,100.345648,UNKNOWN
4912991,4.442517008,FALSE_POSITIVE
4913000,4.442520831,FALSE_POSITIVE
4913852,8.11437482,CONFIRMED
4914221,111.187116,UNKNOWN
4914399,1.23708565,FALSE_POSITIVE
4914423,15.96532718,CONFIRMED
4914566,22.2420032,CONFIRMED
4914709,8.65303996,FALSE_POSITIVE
4914737,8.65311903,FALSE_POSITIVE
4915582,436.18813,UNKNOWN
4915638,8.63050092,CONFIRMED
4917014,0.796815149,FALSE_POSITIVE
4917357,147.863607,FALSE_POSITIVE
4917596,3.290114076,CONFIRMED
4917658,586.91711807,FALSE_POSITIVE
4918303,21.1579573,UNKNOWN
4918309,186.4361811,UNKNOWN
4918918,0.5734766,UNKNOWN
4919550,5.56676609,FALSE_POSITIVE
49254857,10.5988743,UNKNOWN
4927315,11.76921923,FALSE_POSITIVE
4927734,3.0001191,FALSE_POSITIVE
4927738,19.545185,FALSE_POSITIVE
4928119,44.638983058,FALSE_POSITIVE
4929299,0.868723418,FALSE_POSITIVE
4931073,26.951237675,FALSE_POSITIVE
4932348,38.036729482,FALSE_POSITIVE
4932442,6.93365167,CONFIRMED
4932689,18.1118457,FALSE_POSITIVE
4932691,18.11208877,FALSE_POSITIVE
4933476,1.28619671,FALSE_POSITIVE
4935172,2.17291055,UNKNOWN
4935914,3.486318703,FALSE_POSITIVE
4936180,4.64090031,UNKNOWN
4936990,10.31453308,FALSE_POSITIVE
4937140,215.044269,FALSE_POSITIVE
4937143,9.84883968,FALSE_POSITIVE
4939265,4.84505985,UNKNOWN
4939346,71.3116598,CONFIRMED
4939533,5.77207177,UNKNOWN
4940201,4.408295716,FALSE_POSITIVE
4940203,302.779824,UNKNOWN
4940376,169.330666,UNKNOWN
4940438,9.08590495,FALSE_POSITIVE
49411575,2.67581,UNKNOWN
49428710,12.2193392,UNKNOWN
4945035,1.174683069,FALSE_POSITIVE
4945764,19.8751355,UNKNOWN
4945877,1.339670241,FALSE_POSITIVE
4946049,1.8789138,FALSE_POSITIVE
4946581,28.615014,FALSE_POSITIVE
4946584,0.907943645,FALSE_POSITIVE
4946680,8.665259912,FALSE_POSITIVE
4947556,141.608555,CONFIRMED
4947726,4.726086185,FALSE_POSITIVE
4948730,23.0295222,FALSE_POSITIVE
4948863,8.643550046,FALSE_POSITIVE
4949027,1.06100327,FALSE_POSITIVE
4949214,0.922030594,FALSE_POSITIVE
4949524,1.233076007,FALSE_POSITIVE
4949751,31.80514278,FALSE_POSITIVE
4950232,0.979442525,FALSE_POSITIVE
4950341,611.09299,FALSE_POSITIVE
4950557,24.714790706,FALSE_POSITIVE
4951249,4.52342256,FALSE_POSITIVE
4951877,24.7962801,UNKNOWN
4952341,1.79683793,FALSE_POSITIVE
49524528,719.5740937,UNKNOWN
4953173,31.183688,FALSE_POSITIVE
4953262,105.5904748,UNKNOWN
4959676,2.2358979,UNKNOWN
49617263,4.83266,UNKNOWN
49687222,20.186539,UNKNOWN
49705089,9.6578504,UNKNOWN
49710555,12.08837,UNKNOWN
49735922,6.3392677,UNKNOWN
49771092,1.6318282,UNKNOWN
4989057,7.23400381,CONFIRMED
49899799,7.0114,UNKNOWN
4990977,2.649026189,FALSE_POSITIVE
4991208,2.44358543,CONFIRMED
4995716,16.1191449,UNKNOWN
4996057,4.8302364,UNKNOWN
4996558,3.017155419,FALSE_POSITIVE
49967354,1.09333,UNKNOWN
4999813,2.0849517,UNKNOWN
5000179,3.6329347,FALSE_POSITIVE
5003117,37.60936976,FALSE_POSITIVE
5003670,7.99144696,CONFIRMED
5004909,40.6511021,UNKNOWN
5005121,76.421501,CONFIRMED
5005618,681.9363102,FALSE_POSITIVE
5006817,94.818136,FALSE_POSITIVE
5007345,7.01074295,CONFIRMED
5008245,2.60720833,UNKNOWN
5008501,0.968026356,UNKNOWN
5008775,52.6727624,FALSE_POSITIVE
5009189,4.93913074,FALSE_POSITIVE
5009688,1.381257093,FALSE_POSITIVE
5009743,41.6980186,CONFIRMED
50120414,3.581083,UNKNOWN
5014753,3.170626881,FALSE_POSITIVE
5014903,7.72768833,FALSE_POSITIVE
5015027,34.4886903,FALSE_POSITIVE
5015459,158.3226379,FALSE_POSITIVE
5015913,1.179969562,FALSE_POSITIVE
5016163,2.6228301,FALSE_POSITIVE
5017058,1.161947482,FALSE_POSITIVE
50171060,1.257813,UNKNOWN
5018787,0.607191908,FALSE_POSITIVE
5019567,1.17430183,FALSE_POSITIVE
5020034,2.119107262,FALSE_POSITIVE
5020044,2.119100054,FALSE_POSITIVE
5020319,16.71987303,CONFIRMED
50211272,3.6024986,UNKNOWN
5021174,4.04506346,FALSE_POSITIVE
5021176,4.045057186,FALSE_POSITIVE
5021432,14.05652256,UNKNOWN
5021732,15.039464523,FALSE_POSITIVE
5021737,15.03946326,FALSE_POSITIVE
5021899,21.81295996,CONFIRMED
5022440,3.693951168,FALSE_POSITIVE
5022828,23.5541012,CONFIRMED
5022900,1.05680287,FALSE_POSITIVE
5023948,1.824653341,FALSE_POSITIVE
5023956,1.824649,FALSE_POSITIVE
5024126,0.787122102,FALSE_POSITIVE
5024138,0.416995408,FALSE_POSITIVE
5024177,0.787120016,FALSE_POSITIVE
5024252,2.15052332,FALSE_POSITIVE
5024268,2.15045295,FALSE_POSITIVE
5024292,4.301031137,FALSE_POSITIVE
5024372,0.561524348,FALSE_POSITIVE
5024414,1.525924746,FALSE_POSITIVE
5024429,1.52593737,FALSE_POSITIVE
5024450,1.525924389,FALSE_POSITIVE
5024476,222.068928,FALSE_POSITIVE
5024482,1.5259105,FALSE_POSITIVE
5024743,12.4498835,UNKNOWN
5025217,1.78752921,FALSE_POSITIVE
5025234,1.77555333,FALSE_POSITIVE
5025294,5.462689263,FALSE_POSITIVE
5026023,1.99638423,FALSE_POSITIVE
5026187,3.58966681,FALSE_POSITIVE
5026326,1.39772545,FALSE_POSITIVE
5027859,33.3726538,UNKNOWN
50309953,7.04083,UNKNOWN
50312495,18.1663644,UNKNOWN
5031804,1.37347867,FALSE_POSITIVE
5031857,24.81097206,CONFIRMED
5031882,1.00960235,FALSE_POSITIVE
5032842,18.40783671,FALSE_POSITIVE
5033823,0.741768294,UNKNOWN
5034333,6.932281325,FALSE_POSITIVE
5035972,49.26678528,FALSE_POSITIVE
5036052,143.163697,UNKNOWN
5036480,1.061002863,FALSE_POSITIVE
5036516,1.060996585,FALSE_POSITIVE
5036530,2.735152701,FALSE_POSITIVE
50365310,2.1713484,UNKNOWN
5036537,1.06100873,FALSE_POSITIVE
5036538,1.061008464,FALSE_POSITIVE
5036705,4.14789051,CONFIRMED
5036966,62.7356439,FALSE_POSITIVE
5037742,250.4858,FALSE_POSITIVE
50379036,4.8759656,UNKNOWN
5038469,1.36840167,FALSE_POSITIVE
5039053,401.38712,FALSE_POSITIVE
5039129,1.319677953,FALSE_POSITIVE
5039228,7.79668781,UNKNOWN
5039441,2.151384476,FALSE_POSITIVE
5039687,5.8957069,FALSE_POSITIVE
5040077,0.896382269,UNKNOWN
5040223,0.996023763,FALSE_POSITIVE
5041569,2.5355023,FALSE_POSITIVE
5041847,0.914468919,FALSE_POSITIVE
5042210,12.14684625,CONFIRMED
5042785,1.67473779,FALSE_POSITIVE
5045948,5.028696,UNKNOWN
50575306,1.7131374,UNKNOWN
50592053,1.4182984,UNKNOWN
50618703,1.5483542,UNKNOWN
50712784,5.4053583,UNKNOWN
50745119,5.629318,UNKNOWN
50751260,6.4311106,UNKNOWN
5077629,7.91936937,FALSE_POSITIVE
5078025,0.696286519,FALSE_POSITIVE
5078879,1.039370613,FALSE_POSITIVE
5078939,1.958577398,FALSE_POSITIVE
5080346,2.31169425,FALSE_POSITIVE
5080565,49.312677,FALSE_POSITIVE
5080636,4.194496867,CONFIRMED
5080652,2.072177815,FALSE_POSITIVE
5083138,27.122801,UNKNOWN
5083252,2.500560859,FALSE_POSITIVE
5084171,153.979362,CONFIRMED
5084942,3.105507835,CONFIRMED
5087223,5.62241111,UNKNOWN
5088400,8.82715783,CONFIRMED
5088536,8.45744892,CONFIRMED
5088591,14.5324483,CONFIRMED
5090690,12.011661094,FALSE_POSITIVE
5090803,379.65261,FALSE_POSITIVE
5090937,8.79991878,FALSE_POSITIVE
50909831,2.0272642,UNKNOWN
5091016,5.76556718,FALSE_POSITIVE
5091075,1.25625738,FALSE_POSITIVE
5091479,25.8616058,UNKNOWN
5091614,21.142458554,FALSE_POSITIVE
5091808,288.94276,FALSE_POSITIVE
5092266,44.8702042,CONFIRMED
5092655,0.783258387,FALSE_POSITIVE
5092799,11.2901559,UNKNOWN
5094301,0.99519559,FALSE_POSITIVE
50943163,2.4254068,UNKNOWN
5094412,276.879492,UNKNOWN
5094751,6.481633073,CONFIRMED
5095082,20.6579443,CONFIRMED
5095269,18.611957253,FALSE_POSITIVE
5095635,0.754457729,UNKNOWN
5096053,1.717859841,UNKNOWN
5096590,29.6099055,CONFIRMED
5097278,0.73240662,FALSE_POSITIVE
5097454,1.288066288,FALSE_POSITIVE
5097470,1.28805834,FALSE_POSITIVE
5097856,483.36405,UNKNOWN
5097868,6.80243431,FALSE_POSITIVE
5098334,400.11482,UNKNOWN
5098444,26.94927489,FALSE_POSITIVE
5098757,2.954598,FALSE_POSITIVE
50989813,0.9008643,UNKNOWN
51024887,8.2491871,UNKNOWN
5103942,10.10176739,FALSE_POSITIVE
5103998,174.7697122,FALSE_POSITIVE
5105886,389.169027,FALSE_POSITIVE
5106313,3.89524296,CONFIRMED
5108214,2.11913005,FALSE_POSITIVE
5108946,0.591280187,FALSE_POSITIVE
5109298,1.6187107,UNKNOWN
51094586,5.6895053,UNKNOWN
5110423,2.685223546,FALSE_POSITIVE
5110453,418.04355,UNKNOWN
5110683,12.53449909,FALSE_POSITIVE
5111801,0.562006231,FALSE_POSITIVE
5112198,3.21559054,FALSE_POSITIVE
5112567,1.6156052,FALSE_POSITIVE
5113053,3.185090259,FALSE_POSITIVE
5113146,18.78970984,FALSE_POSITIVE
5113809,1.547426532,FALSE_POSITIVE
5113822,23.6421965,CONFIRMED
5114623,337.377514,FALSE_POSITIVE
5115178,12.851722103,FALSE_POSITIVE
5115379,4.2055797,FALSE_POSITIVE
5115688,486.77832,UNKNOWN
5115978,1.028436523,UNKNOWN
5119143,0.530799654,FALSE_POSITIVE
5119619,1.11205787,FALSE_POSITIVE
5120087,17.97979816,CONFIRMED
5120225,1.041619932,FALSE_POSITIVE
5121173,17.4352218,FALSE_POSITIVE
5121511,30.99664113,CONFIRMED
5122112,3.055171082,FALSE_POSITIVE
51234631,4.1250429,UNKNOWN
5124254,14.0498182,FALSE_POSITIVE
5124667,150.8783198,CONFIRMED
5125048,0.56818769,FALSE_POSITIVE
5125196,342.315407,FALSE_POSITIVE
5125347,7.16520428,CONFIRMED
5126182,13.00291716,UNKNOWN
5126627,1.0094779,FALSE_POSITIVE
5126932,208.18711785,FALSE_POSITIVE
5128673,87.9724227,CONFIRMED
5128966,0.505322676,FALSE_POSITIVE
5129453,3.05772668,UNKNOWN
5130369,19.97867,FALSE_POSITIVE
5130380,19.979098,FALSE_POSITIVE
5130563,0.915782856,FALSE_POSITIVE
5130740,210.30644361,FALSE_POSITIVE
5130890,0.91057795,FALSE_POSITIVE
5130983,86.4392931,FALSE_POSITIVE
5131180,14.85185526,UNKNOWN
5131276,0.66882716,FALSE_POSITIVE
51318828,6.8782937,UNKNOWN
51637609,2.709631,UNKNOWN
5164255,15.37562369,CONFIRMED
5164794,1.0429419,FALSE_POSITIVE
5166811,370.05918,UNKNOWN
5168498,219.74735,FALSE_POSITIVE
5171707,0.813998812,UNKNOWN
5172274,6.12650913,FALSE_POSITIVE
5174492,0.720589427,FALSE_POSITIVE
5174677,43.5428781,FALSE_POSITIVE
5174858,7.9709719,CONFIRMED
5174920,0.950487062,FALSE_POSITIVE
5175024,23.4772553,CONFIRMED
5175986,0.868386354,CONFIRMED
51768374,6.8434236,UNKNOWN
5177065,1.25383162,FALSE_POSITIVE
5177104,3.02168007,CONFIRMED
5177859,6.98472143,CONFIRMED
5179609,43.9311596,FALSE_POSITIVE
5181086,494.62409,FALSE_POSITIVE
5181299,573.23826,UNKNOWN
5181455,5.579631021,FALSE_POSITIVE
5181804,4.350460215,FALSE_POSITIVE
5181817,4.350413063,FALSE_POSITIVE
51830822,0.6711626,UNKNOWN
5183357,61.0373591,CONFIRMED
5184144,314.765374,UNKNOWN
5184584,53.44944498,CONFIRMED
5184709,10.57910009,UNKNOWN
5184911,4.11585514,CONFIRMED
5185765,46.9434911,FALSE_POSITIVE
5185897,4.081411554,CONFIRMED
51912829,0.8353899,UNKNOWN
5192660,110.75214125,FALSE_POSITIVE
5193077,22.2941485,FALSE_POSITIVE
5193384,21.3779536,FALSE_POSITIVE
5193386,21.37831102,FALSE_POSITIVE
5193400,21.3781146,FALSE_POSITIVE
5193439,129.847318,UNKNOWN
5193659,14.3196417,UNKNOWN
5193813,121.1825045,FALSE_POSITIVE
5195172,1.480283464,CONFIRMED
5195945,14.53682228,FALSE_POSITIVE
5196851,0.541396363,FALSE_POSITIVE
5196864,2.50343279,UNKNOWN
5197233,7.016016,UNKNOWN
51992761,14.5421415,UNKNOWN
5199426,78.60436061,FALSE_POSITIVE
5199978,0.550509602,FALSE_POSITIVE
5200084,2.9039446,FALSE_POSITIVE
52005579,12.7614706,UNKNOWN
5201115,1.728521892,FALSE_POSITIVE
5201593,0.50727675,FALSE_POSITIVE
5202905,22.8245144,CONFIRMED
52041724,35.4028219,UNKNOWN
52052461,6.4666483,UNKNOWN
52059926,,UNKNOWN
5206233,6.195861785,FALSE_POSITIVE
5208962,0.876850385,UNKNOWN
5209845,11.95401876,CONFIRMED
5210475,1.008917105,FALSE_POSITIVE
5211199,4.5620407,CONFIRMED
5211470,2.404293523,FALSE_POSITIVE
5211631,294.202469,FALSE_POSITIVE
5211922,27.6853358,FALSE_POSITIVE
5212220,1.08749101,FALSE_POSITIVE
5213005,484.58335927,FALSE_POSITIVE
5213230,52.6095103,CONFIRMED
5213404,20.7057153,CONFIRMED
5213811,288.285213,FALSE_POSITIVE
5213902,1.194812329,FALSE_POSITIVE
5215251,2.553924603,FALSE_POSITIVE
5215508,0.8867443,UNKNOWN
5215700,0.656201038,FALSE_POSITIVE
5215980,2.531140101,FALSE_POSITIVE
5216727,0.756511623,FALSE_POSITIVE
5217574,0.89486317,FALSE_POSITIVE
5217586,26.0692512,FALSE_POSITIVE
5217733,161.2529031,FALSE_POSITIVE
5217891,161.239891,FALSE_POSITIVE
5218014,10.845286549,FALSE_POSITIVE
5218441,3.613757526,FALSE_POSITIVE
5219234,5.48711441,CONFIRMED
52204645,4.3794298,UNKNOWN
5224772,4.5991516,UNKNOWN
52260140,6.2808216,UNKNOWN
52280468,0.5682596,UNKNOWN
52307802,3.0749507,UNKNOWN
52315301,15.2010859,UNKNOWN
52368076,,UNKNOWN
52420398,5.2374183,UNKNOWN
52517713,2.9858191,UNKNOWN
5252423,8.10363271,CONFIRMED
5253802,8.7963166,UNKNOWN
5254230,7.035518449,FALSE_POSITIVE
52548453,5.2146757,UNKNOWN
5255259,198.895864,UNKNOWN
52555068,2.6241681,UNKNOWN
5255552,32.45541269,FALSE_POSITIVE
5257082,10.08535311,UNKNOWN
5260419,19.93826636,FALSE_POSITIVE
5262539,491.08027,FALSE_POSITIVE
5263167,3.39401963,UNKNOWN
5263802,3.350209754,FALSE_POSITIVE
52640302,1.5732848,UNKNOWN
5264304,120.58167178,FALSE_POSITIVE
5265982,628.592314,FALSE_POSITIVE
5266937,5.917085496,FALSE_POSITIVE
52689469,3.1413825,UNKNOWN
5268955,12.82252496,FALSE_POSITIVE
5269407,0.958871144,FALSE_POSITIVE
5269467,33.8677783,CONFIRMED
5270698,3.964333304,FALSE_POSITIVE
5271090,10.1551587,UNKNOWN
5271608,2.49047468,FALSE_POSITIVE
5271637,471.37787,FALSE_POSITIVE
5271803,0.5402463,FALSE_POSITIVE
5272233,9.02436414,CONFIRMED
5272571,1.288046428,FALSE_POSITIVE
5272878,6.365839713,CONFIRMED
5273713,1.337561836,FALSE_POSITIVE
52738649,6.9279673,UNKNOWN
52745699,3.1653382,UNKNOWN
5276332,357.82544,FALSE_POSITIVE
5280587,35.6225528,CONFIRMED
5281113,11.17931581,CONFIRMED
5281714,40.301684,FALSE_POSITIVE
5282049,5.910371418,FALSE_POSITIVE
5282051,5.91037674,FALSE_POSITIVE
5282437,0.992799002,FALSE_POSITIVE
5282477,0.992798625,FALSE_POSITIVE
5282656,1.516372183,FALSE_POSITIVE
5283458,30.69395532,UNKNOWN
5283542,5.97581754,FALSE_POSITIVE
5283728,43.681309,UNKNOWN
5284133,8.784575777,FALSE_POSITIVE
5285607,1.949700508,FALSE_POSITIVE
5286786,9.948701373,FALSE_POSITIVE
52869977,0.400777,UNKNOWN
5287983,2.507089906,FALSE_POSITIVE
5288543,3.457078812,FALSE_POSITIVE
5288570,1.728528176,FALSE_POSITIVE
5288577,1.72853003,FALSE_POSITIVE
5288744,333.71634048,FALSE_POSITIVE
5289854,9.69501146,CONFIRMED
5289857,26.524553,FALSE_POSITIVE
52928939,3.1527177,UNKNOWN
52936161,4.4712213,UNKNOWN
5294739,3.735993484,FALSE_POSITIVE
5294945,32.5474295,UNKNOWN
5295206,6.63448023,UNKNOWN
5297298,34.193600311,FALSE_POSITIVE
52976395,1.0191022,UNKNOWN
5298620,12.4239677,FALSE_POSITIVE
5299459,10.41572666,CONFIRMED
5300878,0.639721284,FALSE_POSITIVE
5301093,488.67353,FALSE_POSITIVE
5301750,8.72585478,CONFIRMED
5301955,0.68396452,FALSE_POSITIVE
5302006,6.14631207,FALSE_POSITIVE
5302643,69.2002312,FALSE_POSITIVE
5303185,26.1537851,FALSE_POSITIVE
5303346,37.32483952,FALSE_POSITIVE
5303551,2.399069173,FALSE_POSITIVE
5303557,2.399081606,FALSE_POSITIVE
53047383,2.8183053,UNKNOWN
5305225,322.50741,FALSE_POSITIVE
5305240,1.070982122,FALSE_POSITIVE
5305399,322.48381,FALSE_POSITIVE
5305404,161.252567,FALSE_POSITIVE
5305451,161.253747,FALSE_POSITIVE
5305471,161.252247,FALSE_POSITIVE
5306383,0.842336445,FALSE_POSITIVE
5306720,27.36432337,FALSE_POSITIVE
5306862,2.025580416,FALSE_POSITIVE
5306984,114.27173902,UNKNOWN
5307568,2.62838097,FALSE_POSITIVE
5307574,58.64379,FALSE_POSITIVE
5307858,1.867281146,FALSE_POSITIVE
5307990,0.98762513,FALSE_POSITIVE
5308296,36.721576,UNKNOWN
5308387,0.620739667,FALSE_POSITIVE
5308419,1.241483276,FALSE_POSITIVE
5308537,14.2651545,CONFIRMED
5308663,0.784512952,FALSE_POSITIVE
5308666,0.784513087,FALSE_POSITIVE
5308777,0.944598153,FALSE_POSITIVE
5308778,20.28281916,FALSE_POSITIVE
5309353,1.376384817,FALSE_POSITIVE
5310435,4.931365987,FALSE_POSITIVE
53122063,2.276734,UNKNOWN
53189332,9.2897006,UNKNOWN
53287554,4.7269294,UNKNOWN
53307409,5.6089886,UNKNOWN
53365065,5.9977892,UNKNOWN
53394475,9.2271917,UNKNOWN
5339567,4.86638504,CONFIRMED
5340644,8.22241355,CONFIRMED
5340878,0.539915033,CONFIRMED
5342061,64.034363,UNKNOWN
5342473,4.64495172,CONFIRMED
53427308,5.80322,UNKNOWN
5343976,4.331392455,FALSE_POSITIVE
53458803,3.3489038,UNKNOWN
53461742,4.4136877,UNKNOWN
5347537,345.1846728,FALSE_POSITIVE
5347784,9.58405667,FALSE_POSITIVE
53481079,13.478722,UNKNOWN
53498154,13.7317565,UNKNOWN
5350244,12.5722897,CONFIRMED
5350447,70.7511986,FALSE_POSITIVE
5351250,7.381980206,CONFIRMED
5352640,2.94242323,UNKNOWN
5353137,31.5073649,FALSE_POSITIVE
5353938,6.27651592,UNKNOWN
5356593,45.977861823,FALSE_POSITIVE
5357470,2.17257963,FALSE_POSITIVE
5357545,3.757294695,CONFIRMED
5357901,3.797018259,CONFIRMED
5358241,18.64932728,CONFIRMED
5358624,3.525632539,CONFIRMED
53593457,0.530893,UNKNOWN
53593542,1.027641,UNKNOWN
53596439,5.916282,UNKNOWN
5359678,3.115304946,FALSE_POSITIVE
5360082,11.35501209,FALSE_POSITIVE
5360920,14.62399621,UNKNOWN
5360974,29.8042694,FALSE_POSITIVE
53617134,18.8243063,UNKNOWN
5364071,7.203855862,CONFIRMED
5364090,354.63284,FALSE_POSITIVE
5364106,,UNKNOWN
5369827,3.606940379,CONFIRMED
5370009,5.8119593,UNKNOWN
5370302,3.9043425,FALSE_POSITIVE
53709089,8.51226,UNKNOWN
5370944,35.40103336,FALSE_POSITIVE
5371776,3.295701024,CONFIRMED
5371777,0.991659646,CONFIRMED
53728859,3.2573898,UNKNOWN
5372966,9.286358079,FALSE_POSITIVE
53735810,4.0860495,UNKNOWN
5374403,40.8366307,CONFIRMED
53744258,2.0804611,UNKNOWN
5374838,230.180357,UNKNOWN
5374854,8.50339249,CONFIRMED
53750200,4.1933422,UNKNOWN
5375194,13.52252364,CONFIRMED
5376067,3.951405455,FALSE_POSITIVE
5376836,3.479425638,FALSE_POSITIVE
5380812,16.214474,UNKNOWN
5383248,16.23847733,CONFIRMED
5384079,7.05675145,CONFIRMED
53843023,,UNKNOWN
5384713,12.67143692,UNKNOWN
5384802,3.041547148,FALSE_POSITIVE
5385139,12.4297161,FALSE_POSITIVE
5385150,12.4288476,FALSE_POSITIVE
5385269,12.4258252,FALSE_POSITIVE
5385304,78.7327023,UNKNOWN
5385410,11.49589567,FALSE_POSITIVE
5385439,12.425866431,FALSE_POSITIVE
5385469,12.422524,FALSE_POSITIVE
5385471,12.4261177,FALSE_POSITIVE
5385491,12.425484,FALSE_POSITIVE
5385509,12.4257907,FALSE_POSITIVE
5385548,12.42555055,FALSE_POSITIVE
5385566,12.4253356,FALSE_POSITIVE
5385575,12.425580393,FALSE_POSITIVE
5385647,12.4269264,FALSE_POSITIVE
5385667,12.4261809,FALSE_POSITIVE
5385697,12.4260454,FALSE_POSITIVE
5385773,12.4254201,FALSE_POSITIVE
5385778,12.42592247,FALSE_POSITIVE
5386163,12.424995,FALSE_POSITIVE
5386264,12.435190544,FALSE_POSITIVE
5386904,4.8591441,FALSE_POSITIVE
53874375,3.0922512,UNKNOWN
53875855,4.4902667,UNKNOWN
5387843,0.870693883,FALSE_POSITIVE
5388229,0.61810542,FALSE_POSITIVE
5389184,1.06995136,FALSE_POSITIVE
5389540,10.26231992,FALSE_POSITIVE
5389632,0.474811162,FALSE_POSITIVE
5389956,1.80926734,UNKNOWN
5390913,1.680254289,UNKNOWN
5391407,0.638697833,FALSE_POSITIVE
5391911,0.782068488,FALSE_POSITIVE
5392702,12.2141545,FALSE_POSITIVE
5392871,42.3991752,FALSE_POSITIVE
5392897,42.39930429,FALSE_POSITIVE
5393558,10.217121652,FALSE_POSITIVE
5394585,151.13008,UNKNOWN
5396122,15.44428875,FALSE_POSITIVE
5397106,440.65087204,FALSE_POSITIVE
5397166,1.811966339,FALSE_POSITIVE
5397905,0.618060842,FALSE_POSITIVE
5398002,14.15849823,FALSE_POSITIVE
54002556,35.4557945,UNKNOWN
54044474,3.7039994,UNKNOWN
54085154,1.0014437,UNKNOWN
54141697,3.5423487,UNKNOWN
54145416,5.267165,UNKNOWN
54238138,7.4476397,UNKNOWN
5425643,258.63797782,UNKNOWN
5425908,289.76961138,FALSE_POSITIVE
54272884,15.482117,UNKNOWN
5428199,628.15844,UNKNOWN
5428471,0.75499096,FALSE_POSITIVE
5428657,1.54287434,UNKNOWN
5428668,0.703399912,FALSE_POSITIVE
5431027,8.8233996,UNKNOWN
5435816,181.8521773,FALSE_POSITIVE
5436013,25.8859397,CONFIRMED
5436161,0.644322147,UNKNOWN
5436338,6.30922043,CONFIRMED
5436415,273.223848,FALSE_POSITIVE
54364414,1.37477,UNKNOWN
5436455,209.967521,UNKNOWN
5436502,23.65369415,CONFIRMED
5437348,35.945188,FALSE_POSITIVE
5437762,4.04481159,UNKNOWN
5437945,440.7843755,CONFIRMED
5438099,7.24022418,CONFIRMED
5438757,10.35078415,CONFIRMED
5439000,369.73011,UNKNOWN
54390047,0.941436,UNKNOWN
54391400,6.7722112,UNKNOWN
5440317,2.31941571,CONFIRMED
5440435,78.04064906,FALSE_POSITIVE
5440472,396.349253,FALSE_POSITIVE
5440651,0.502807253,FALSE_POSITIVE
5441980,5.89399142,UNKNOWN
5443320,21.3684341,UNKNOWN
5443604,21.3910125,FALSE_POSITIVE
5443775,3.307669761,FALSE_POSITIVE
5443837,3.65849707,UNKNOWN
5444276,0.708965461,UNKNOWN
5444334,0.759763198,FALSE_POSITIVE
5444384,1.519529227,FALSE_POSITIVE
5444392,0.759764419,FALSE_POSITIVE
5444491,0.759740194,FALSE_POSITIVE
5444548,13.24931848,CONFIRMED
5444549,31.13862664,FALSE_POSITIVE
5445681,20.3504704,CONFIRMED
5446285,10.916108342,CONFIRMED
54464870,3.6944323,UNKNOWN
5446961,149.526152,FALSE_POSITIVE
5449777,7.216951388,FALSE_POSITIVE
5450814,6.487525901,FALSE_POSITIVE
5450893,4.82051088,CONFIRMED
5456023,131.97827736,FALSE_POSITIVE
5456319,0.937923475,FALSE_POSITIVE
5456651,11.76307164,CONFIRMED
5456979,2.6528082,UNKNOWN
5457326,2.49915311,UNKNOWN
5460434,50.563697,UNKNOWN
5460835,21.539269242,FALSE_POSITIVE
5461440,40.606895,CONFIRMED
5462901,5.270733213,FALSE_POSITIVE
5466109,2.43135542,UNKNOWN
5467102,2.845739012,FALSE_POSITIVE
5467113,2.845746618,FALSE_POSITIVE
5467124,2.84573962,FALSE_POSITIVE
5467126,2.845736321,FALSE_POSITIVE
5468555,539.214259,FALSE_POSITIVE
5470739,19.17893976,CONFIRMED
5470851,12.4276185,FALSE_POSITIVE
5470960,12.4227918,FALSE_POSITIVE
5471010,12.4232158,FALSE_POSITIVE
5471059,2.636899795,FALSE_POSITIVE
5471068,12.426469,FALSE_POSITIVE
5471108,12.427076,FALSE_POSITIVE
5471141,12.4253812,FALSE_POSITIVE
5471158,12.42560404,FALSE_POSITIVE
5471192,12.4262889,FALSE_POSITIVE
5471202,12.4258343,FALSE_POSITIVE
5471217,12.424747,FALSE_POSITIVE
5471271,12.422216754,FALSE_POSITIVE
5471289,12.42592675,FALSE_POSITIVE
5471328,12.42555999,FALSE_POSITIVE
5471415,12.4257442,FALSE_POSITIVE
5471480,12.4254241,FALSE_POSITIVE
5471489,12.4252735,FALSE_POSITIVE
5471496,12.42618005,FALSE_POSITIVE
5471566,0.9628348,FALSE_POSITIVE
5471574,0.962827066,FALSE_POSITIVE
5471606,0.962835804,FALSE_POSITIVE
5471617,12.4237327,FALSE_POSITIVE
5471675,0.962828092,FALSE_POSITIVE
5471688,12.4281308,FALSE_POSITIVE
5471690,12.4247333,FALSE_POSITIVE
5471769,12.4255705,FALSE_POSITIVE
5471770,12.426173,FALSE_POSITIVE
5471792,12.4258833,FALSE_POSITIVE
5473535,1.673662758,FALSE_POSITIVE
5473556,11.258825027,FALSE_POSITIVE
5474613,20.4074846,CONFIRMED
5474733,0.883778461,FALSE_POSITIVE
5475042,1.242639742,UNKNOWN
5475431,0.917568975,UNKNOWN
5475494,0.73619448,FALSE_POSITIVE
5475641,1.069842837,FALSE_POSITIVE
5475712,2.991884392,FALSE_POSITIVE
5475735,2.99194823,FALSE_POSITIVE
5475736,2.991885335,FALSE_POSITIVE
5476671,0.824180121,FALSE_POSITIVE
5477805,5.00673576,FALSE_POSITIVE
5478055,15.85238672,FALSE_POSITIVE
5478083,15.85231085,FALSE_POSITIVE
5479717,0.697996932,FALSE_POSITIVE
5479802,13.26255423,FALSE_POSITIVE
5479973,1.795273026,FALSE_POSITIVE
5480640,58.0337426,CONFIRMED
5480736,8.56751264,FALSE_POSITIVE
5480884,0.708726708,FALSE_POSITIVE
5481148,22.023514,FALSE_POSITIVE
5481416,2.384052875,FALSE_POSITIVE
5481426,2.38404983,FALSE_POSITIVE
5482603,3.88258905,FALSE_POSITIVE
5485318,4.8306667,UNKNOWN
54962195,2.5989031,UNKNOWN
55092869,4.7359232,UNKNOWN
5511081,13.72710334,CONFIRMED
5511659,8.5291223,UNKNOWN
5512513,0.77459856,FALSE_POSITIVE
5512580,383.00806,FALSE_POSITIVE
5513012,0.679336747,CONFIRMED
5513648,32.85862571,UNKNOWN
5513822,0.755109271,FALSE_POSITIVE
5513833,0.755101141,FALSE_POSITIVE
5513857,0.755101928,FALSE_POSITIVE
5513861,0.755105584,FALSE_POSITIVE
5513866,0.755111225,FALSE_POSITIVE
5513893,0.755103143,FALSE_POSITIVE
5513897,0.755109106,FALSE_POSITIVE
5514383,6.88341278,CONFIRMED
5520547,11.20058855,CONFIRMED
5521300,18.13559979,FALSE_POSITIVE
5524229,22.4932751,UNKNOWN
5524881,7.19552624,FALSE_POSITIVE
5525484,315.502534,FALSE_POSITIVE
5526527,16.7364755,CONFIRMED
55266835,6.8548465,UNKNOWN
5526717,52.069002,CONFIRMED
5527172,3.183961388,FALSE_POSITIVE
55275863,8.5926333,UNKNOWN
5529385,215.732414,UNKNOWN
5529501,1.51945182,FALSE_POSITIVE
5529552,0.759768478,FALSE_POSITIVE
5529560,0.759755409,FALSE_POSITIVE
5529643,0.759766456,FALSE_POSITIVE
5529738,0.759762021,FALSE_POSITIVE
5530112,9.6887216,CONFIRMED
5530881,5.082523739,FALSE_POSITIVE
5530882,5.0825188,FALSE_POSITIVE
5531576,7.953547,CONFIRMED
55315929,0.7195712,UNKNOWN
5531694,5.16949729,CONFIRMED
5531953,6.93910337,CONFIRMED
5534476,1.02547271,FALSE_POSITIVE
5534702,1.025465924,FALSE_POSITIVE
5534814,4.859386384,FALSE_POSITIVE
5534941,3.70063251,CONFIRMED
5534965,243.82122131,FALSE_POSITIVE
5535280,74.985292949,FALSE_POSITIVE
5535890,3.255189932,FALSE_POSITIVE
55363630,2.7663479,UNKNOWN
5536715,0.935086665,FALSE_POSITIVE
55383975,48.0511988,UNKNOWN
55390413,1.8819016,UNKNOWN
5542466,12.89006728,CONFIRMED
5542983,4.76887671,FALSE_POSITIVE
5544450,6.93650854,FALSE_POSITIVE
5544903,7.57571414,FALSE_POSITIVE
55450156,6.4375108,UNKNOWN
55452495,17.7082945,UNKNOWN
5545815,4.35370136,FALSE_POSITIVE
5546277,7.50023955,FALSE_POSITIVE
5546691,12.9462567,CONFIRMED
5546761,17.6700291,CONFIRMED
5547424,276.54167976,FALSE_POSITIVE
5547480,3.979867514,FALSE_POSITIVE
55488511,3.344904,UNKNOWN
5551228,122.906853,FALSE_POSITIVE
5551240,4.13960513,CONFIRMED
5551504,1.204529346,FALSE_POSITIVE
5551672,2.184437698,UNKNOWN
55525572,83.8962434,UNKNOWN
5552562,5.93218209,UNKNOWN
5552808,10.95210361,UNKNOWN
5553624,25.762056721,FALSE_POSITIVE
5553652,24.3282251,FALSE_POSITIVE
5553959,10.0100312,UNKNOWN
55559618,21.3764237,UNKNOWN
5556726,0.962825082,FALSE_POSITIVE
5556804,12.4244306,FALSE_POSITIVE
5557821,2.92878704,FALSE_POSITIVE
5559651,0.514771509,FALSE_POSITIVE
5560830,0.867719291,FALSE_POSITIVE
5560831,0.867721348,FALSE_POSITIVE
5561278,20.31047472,CONFIRMED
5562090,28.8431751,CONFIRMED
5562784,25.33709016,FALSE_POSITIVE
5563057,1.049468616,FALSE_POSITIVE
5563080,0.785473311,FALSE_POSITIVE
5563300,71.05457555,UNKNOWN
5563937,0.519437968,FALSE_POSITIVE
5564082,2.70581614,UNKNOWN
5564247,1.727177258,FALSE_POSITIVE
55650590,0.7363132,UNKNOWN
5565261,2.362348096,FALSE_POSITIVE
55652896,34.5059318,UNKNOWN
5565486,1.412524016,FALSE_POSITIVE
5565497,1.412526202,FALSE_POSITIVE
5565707,1.2940561,FALSE_POSITIVE
55748194,2.5227786,UNKNOWN
55778666,7.1452343,UNKNOWN
55849732,5.3708293,UNKNOWN
55871761,3.8618241,UNKNOWN
5592720,6.5946181,UNKNOWN
5596440,10.47490332,UNKNOWN
55967712,14.2288072,UNKNOWN
5597361,17.9925973,UNKNOWN
5597970,6.71738328,FALSE_POSITIVE
5598216,373.8716,FALSE_POSITIVE
5598595,0.648774274,FALSE_POSITIVE
5598639,0.648775795,FALSE_POSITIVE
5598645,0.648772102,FALSE_POSITIVE
5599774,8.49640437,CONFIRMED
5601258,8.84784273,CONFIRMED
5602409,136.830243,FALSE_POSITIVE
5602588,11.01819178,CONFIRMED
5603270,103.284757,FALSE_POSITIVE
5607631,20.5696575,FALSE_POSITIVE
5608566,4.396999852,FALSE_POSITIVE
5609593,136.205112,CONFIRMED
56096837,4.6636858,UNKNOWN
5610698,4.132521615,FALSE_POSITIVE
5612111,36.1904638,FALSE_POSITIVE
5612697,15.1516409,UNKNOWN
5613330,23.44970494,CONFIRMED
5613821,5.06092282,UNKNOWN
5616489,410.88527,FALSE_POSITIVE
5616628,419.75224,FALSE_POSITIVE
5617259,1.048130894,UNKNOWN
5617510,74.371666,UNKNOWN
5617854,3.517494725,CONFIRMED
5618071,88.821421,FALSE_POSITIVE
5621125,14.80075082,CONFIRMED
5621294,0.938905082,FALSE_POSITIVE
5621299,0.93891532,FALSE_POSITIVE
5621333,27.0965146,UNKNOWN
5621586,5.25419589,CONFIRMED
5622250,16.294213708,FALSE_POSITIVE
5623137,419.95929,FALSE_POSITIVE
56231866,2.7218347,UNKNOWN
5623839,80.292171,FALSE_POSITIVE
5629353,33.3200908,CONFIRMED
5629538,15.18727049,CONFIRMED
5629985,2.27190723,FALSE_POSITIVE
5631630,25.96190067,CONFIRMED
5632701,3.67515329,FALSE_POSITIVE
5632781,11.02520205,FALSE_POSITIVE
5633259,315.07717192,UNKNOWN
5636642,0.933489066,FALSE_POSITIVE
5636648,0.466743525,FALSE_POSITIVE
5637036,171.046664,FALSE_POSITIVE
5638699,343.56446,FALSE_POSITIVE
56399553,3.2588316,UNKNOWN
5640085,10.13958818,CONFIRMED
5640511,0.63624396,FALSE_POSITIVE
5641294,2.6160943,FALSE_POSITIVE
5642620,75.8580035,FALSE_POSITIVE
5642688,1.4733245,UNKNOWN
5643492,41.86539723,FALSE_POSITIVE
5644412,1.538185321,CONFIRMED
5645170,5.38613715,UNKNOWN
56457123,3.612762,UNKNOWN
5647008,0.799868354,FALSE_POSITIVE
5647638,1.21607873,FALSE_POSITIVE
5648449,4.348866254,FALSE_POSITIVE
5649206,2.446736567,FALSE_POSITIVE
5649215,2.446737317,FALSE_POSITIVE
5649325,195.613824,FALSE_POSITIVE
5649833,0.597933473,FALSE_POSITIVE
5649836,0.597933142,FALSE_POSITIVE
5649837,0.597934463,FALSE_POSITIVE
5649956,1.207852845,FALSE_POSITIVE
5650314,1.070272827,FALSE_POSITIVE
5650420,1.049406508,FALSE_POSITIVE
5650930,455.195496,UNKNOWN
5651104,3.04033046,CONFIRMED
5651829,0.772152075,FALSE_POSITIVE
5651846,31.1920226,UNKNOWN
5652237,4.4645454,FALSE_POSITIVE
5652260,4.464565251,FALSE_POSITIVE
5652893,14.00948631,CONFIRMED
5652983,498.391282,FALSE_POSITIVE
5653072,3.22452656,FALSE_POSITIVE
5653126,2.404483552,FALSE_POSITIVE
5653152,3.58957045,FALSE_POSITIVE
5653163,2.40435325,FALSE_POSITIVE
5653795,118.314913,FALSE_POSITIVE
5653849,111.0396205,FALSE_POSITIVE
56630436,6.4700007,UNKNOWN
56655478,1.3454079,UNKNOWN
56658270,8.8349261,UNKNOWN
56662591,,UNKNOWN
56798909,2.177475,UNKNOWN
56815340,9.5802888,UNKNOWN
5683219,9.4609418,UNKNOWN
5683743,4.147021189,CONFIRMED
5685113,37.078668,FALSE_POSITIVE
5686174,14.28228147,CONFIRMED
5686974,4.18224416,FALSE_POSITIVE
5687700,6.36283414,UNKNOWN
5687986,382.30306,UNKNOWN
56884,3.917482,UNKNOWN
5688683,2.790643481,CONFIRMED
5688790,8.07394097,CONFIRMED
5688910,25.8730914,CONFIRMED
5688997,23.8706941,FALSE_POSITIVE
5689351,13.76710058,CONFIRMED
5695396,16.09196369,CONFIRMED
5695524,59.7711433,CONFIRMED
5695615,5.4169303,UNKNOWN
5695904,0.423854275,FALSE_POSITIVE
5696518,0.96391996,FALSE_POSITIVE
5696909,0.643002821,FALSE_POSITIVE
5696918,0.643007769,FALSE_POSITIVE
5697395,50.55398,UNKNOWN
5697628,1.95119541,FALSE_POSITIVE
5698524,228.196872,FALSE_POSITIVE
56999883,3.5254325,UNKNOWN
5700330,53.220416998,FALSE_POSITIVE
5700900,379.08202,FALSE_POSITIVE
57011946,1.318678,UNKNOWN
5702637,1.0388961,FALSE_POSITIVE
5702770,8.0018897,UNKNOWN
5702939,18.3980827,FALSE_POSITIVE
57047535,18.6883288,UNKNOWN
5705819,8.77997349,CONFIRMED
5706592,8.6040858,UNKNOWN
5706595,19.0231361,CONFIRMED
5706966,12.55111099,CONFIRMED
5709014,287.46579664,FALSE_POSITIVE
5709103,0.664727127,FALSE_POSITIVE
5709226,317.99484,FALSE_POSITIVE
5709314,2.6185048,UNKNOWN
57093805,3.2229781,UNKNOWN
5709725,3.701765401,CONFIRMED
5709889,0.526887517,FALSE_POSITIVE
5709906,3.39155966,FALSE_POSITIVE
5710069,36.2580749,UNKNOWN
57147191,5.9785287,UNKNOWN
57159675,5.5679111,UNKNOWN
5716244,1.330333096,FALSE_POSITIVE
5716508,4.75307877,FALSE_POSITIVE
5716763,1.28132831,UNKNOWN
5716932,56.4931698,CONFIRMED
5717567,1.287622419,FALSE_POSITIVE
57193198,4.3965758,UNKNOWN
5724439,2.7205913,UNKNOWN
5725087,0.366197145,FALSE_POSITIVE
5725851,1.140133012,FALSE_POSITIVE
5726910,2.43142974,FALSE_POSITIVE
5728139,5.334082429,CONFIRMED
5728283,6.198273591,FALSE_POSITIVE
57299130,17.3840061,UNKNOWN
5730380,0.954873008,FALSE_POSITIVE
5730389,2.759573341,FALSE_POSITIVE
5730394,5.519188936,FALSE_POSITIVE
5730445,33.35859852,UNKNOWN
5731312,7.946367138,FALSE_POSITIVE
5731623,3.261759866,UNKNOWN
5732636,32.245486,FALSE_POSITIVE
5734702,392.47291,UNKNOWN
5735762,4.77800306,CONFIRMED
5735878,16.832079803,FALSE_POSITIVE
5736461,7.346159047,FALSE_POSITIVE
5736801,6.6751871,FALSE_POSITIVE
5737869,26.2402438,FALSE_POSITIVE
5738346,30.6113932,FALSE_POSITIVE
5738496,9.50150926,FALSE_POSITIVE
5738506,9.50158045,FALSE_POSITIVE
5738634,2.40435335,FALSE_POSITIVE
5738698,2.404386969,FALSE_POSITIVE
5768816,47.9869119,CONFIRMED
5768927,4.390513938,FALSE_POSITIVE
57694405,14.7478214,UNKNOWN
5769810,6.78788113,UNKNOWN
5769943,1.013774136,UNKNOWN
5770074,63.0380366,CONFIRMED
5771589,10.738427243,FALSE_POSITIVE
5771719,12.264867364,FALSE_POSITIVE
5772442,1.10578,UNKNOWN
5773121,0.524175803,CONFIRMED
5774349,15.65563866,CONFIRMED
5774375,1.549979213,FALSE_POSITIVE
5775090,432.96732,FALSE_POSITIVE
5775129,3.84822189,CONFIRMED
57753734,2.8724894,UNKNOWN
57793060,8.907516,UNKNOWN
5779606,142.20400109,FALSE_POSITIVE
5779852,252.0792347,FALSE_POSITIVE
5780194,149.237142,FALSE_POSITIVE
5780460,35.61760233,CONFIRMED
5780715,1.583160478,FALSE_POSITIVE
5780855,5.67577999,UNKNOWN
5780885,4.885488596,CONFIRMED
5780930,16.7525077,CONFIRMED
5781192,9.459993213,FALSE_POSITIVE
5781991,501.51698,FALSE_POSITIVE
5783732,373.43233,FALSE_POSITIVE
5783938,383.10017,FALSE_POSITIVE
5784777,5.33905606,CONFIRMED
5784803,357.77096,FALSE_POSITIVE
5785279,0.909127736,UNKNOWN
5786676,11.95474513,CONFIRMED
5787131,24.4359956,UNKNOWN
5790807,79.99623328,FALSE_POSITIVE
5791705,614.39054,FALSE_POSITIVE
5791713,531.33282,FALSE_POSITIVE
5791986,15.22895514,CONFIRMED
5792202,15.33528675,CONFIRMED
5793275,535.93723,UNKNOWN
5794240,2.455240626,CONFIRMED
5794379,12.71809866,CONFIRMED
5794570,5.448321078,CONFIRMED
5794687,367.72767,FALSE_POSITIVE
5795648,4.553370029,FALSE_POSITIVE
5796185,42.559265547,FALSE_POSITIVE
5796186,42.55930625,FALSE_POSITIVE
5796675,16.080657264,CONFIRMED
57984377,2.5199146,UNKNOWN
5800958,4.2318085,UNKNOWN
5801571,0.838597429,FALSE_POSITIVE
5802205,578.88761,UNKNOWN
5802246,0.525154153,FALSE_POSITIVE
5802285,1.208524388,FALSE_POSITIVE
5802292,1.208528832,FALSE_POSITIVE
5802470,3.79187443,FALSE_POSITIVE
5802478,3.79188234,FALSE_POSITIVE
5802486,1.073917869,FALSE_POSITIVE
5802637,7.3422467,UNKNOWN
58046864,2.3651663,UNKNOWN
5806800,125.288206,FALSE_POSITIVE
5807579,17.844323157,FALSE_POSITIVE
5807769,7.99022379,CONFIRMED
5809372,34.6506368,FALSE_POSITIVE
5809890,1.269091415,CONFIRMED
5809954,137.8645881,FALSE_POSITIVE
5812648,238.561202,FALSE_POSITIVE
5812701,17.855221681,CONFIRMED
5812960,18.49234792,CONFIRMED
5814013,1.57017249,FALSE_POSITIVE
5814635,3.86963822,FALSE_POSITIVE
5816144,12.4970599,FALSE_POSITIVE
5816165,0.591914504,FALSE_POSITIVE
5816806,4.45543346,FALSE_POSITIVE
5816811,2.227718792,FALSE_POSITIVE
5817533,4.206109,FALSE_POSITIVE
5817553,4.206096814,FALSE_POSITIVE
5817566,4.206070484,FALSE_POSITIVE
5817613,4.2058608,FALSE_POSITIVE
5817685,4.2059745,FALSE_POSITIVE
5817712,4.20601251,FALSE_POSITIVE
5817957,372.76888,FALSE_POSITIVE
5817986,0.584310213,FALSE_POSITIVE
5818068,14.12678065,FALSE_POSITIVE
5819801,11.8299383,UNKNOWN
5820218,3.411758679,FALSE_POSITIVE
5823557,2.4044122,FALSE_POSITIVE
58372253,5.4886518,UNKNOWN
58461209,3.8098324,UNKNOWN
58463434,,UNKNOWN
58472992,2.191342,UNKNOWN
58474992,25.714253,UNKNOWN
58533991,3.2089372,UNKNOWN
58542531,3.057524,UNKNOWN
5856571,9.59068586,CONFIRMED
5857540,13.62801048,CONFIRMED
5857656,313.051405,UNKNOWN
5858519,4.18236124,FALSE_POSITIVE
5858919,218.771117,UNKNOWN
5859725,18.9828305,UNKNOWN
5860347,2.56271232,UNKNOWN
5860968,122.358116,CONFIRMED
5864975,98.7179332,CONFIRMED
5865654,23.9553986,CONFIRMED
5866099,36.97708808,FALSE_POSITIVE
5866104,36.97709537,FALSE_POSITIVE
5866724,5.859935955,CONFIRMED
5868793,4.83809469,CONFIRMED
5868998,0.63554,UNKNOWN
5869272,186.59466,FALSE_POSITIVE
5871116,54.432903,FALSE_POSITIVE
5871918,12.643303542,FALSE_POSITIVE
5871985,213.258526,CONFIRMED
5872139,375.17737,FALSE_POSITIVE
5872150,20.35509657,FALSE_POSITIVE
58723861,24.9163182,UNKNOWN
58726656,6.6968572,UNKNOWN
5876360,1.050852976,FALSE_POSITIVE
5876368,0.525426427,FALSE_POSITIVE
5876805,18.173045009,FALSE_POSITIVE
5877292,11.7201693,UNKNOWN
5878506,11.76872507,UNKNOWN
5879448,533.47707,FALSE_POSITIVE
58798731,9.809558,UNKNOWN
5880320,12.10968709,CONFIRMED
5881120,4.85018974,CONFIRMED
5881307,393.95608,UNKNOWN
5881688,4.190425659,CONFIRMED
5881813,109.6469948,CONFIRMED
5882269,4.7948642,UNKNOWN
58824746,10.2829583,UNKNOWN
58825110,5.8588751,UNKNOWN
58858008,5.3920955,UNKNOWN
5887316,0.603086711,FALSE_POSITIVE
5887393,1.55090374,FALSE_POSITIVE
5888187,133.6348207,UNKNOWN
5893123,1.125963085,FALSE_POSITIVE
5894073,10.5856758,FALSE_POSITIVE
5894182,494.485085,UNKNOWN
5894825,1.36293943,FALSE_POSITIVE
5894972,3.34328534,FALSE_POSITIVE
5895083,2.25161215,FALSE_POSITIVE
5895158,1.093665854,CONFIRMED
5895588,0.849277809,FALSE_POSITIVE
5897826,33.80364366,FALSE_POSITIVE
5898983,40.1454757,UNKNOWN
5899544,1.739428983,FALSE_POSITIVE
58997701,8.3762443,UNKNOWN
5900235,58.7701045,UNKNOWN
59003115,2.294185,UNKNOWN
5900390,0.624677585,FALSE_POSITIVE
5903301,1.160153553,FALSE_POSITIVE
5903312,1.16015259,FALSE_POSITIVE
5903749,18.9763286,UNKNOWN
5905728,7.87173698,FALSE_POSITIVE
5905822,6.99205021,CONFIRMED
5906426,13.9034057,UNKNOWN
5906694,13.06243545,CONFIRMED
5908086,0.93705132,FALSE_POSITIVE
59128183,4.4414275,UNKNOWN
59351345,2.4361097,UNKNOWN
59369068,9.3079811,UNKNOWN
5938970,125.4132302,CONFIRMED
5940165,9.30413878,CONFIRMED
5941160,8.59481851,CONFIRMED
5942093,14.38724729,FALSE_POSITIVE
5942112,125.95781975,FALSE_POSITIVE
5942808,2.935362067,CONFIRMED
5942949,57.2932309,CONFIRMED
5946568,3.5645249,UNKNOWN
59490344,748.7146251,UNKNOWN
5949765,426.34444,FALSE_POSITIVE
5951140,0.52740121,UNKNOWN
5951416,367.73299,FALSE_POSITIVE
5952309,0.905678252,FALSE_POSITIVE
5952366,0.905679492,FALSE_POSITIVE
5952403,0.905677864,FALSE_POSITIVE
5952448,0.905675699,FALSE_POSITIVE
5952457,0.905672916,FALSE_POSITIVE
5953297,5.62006198,CONFIRMED
59536337,7.8373997,UNKNOWN
59537824,1.6498042,UNKNOWN
5954001,11.6933447,UNKNOWN
5954894,48.2455501,UNKNOWN
5955197,359.33831,UNKNOWN
5955321,11.637858887,FALSE_POSITIVE
5955427,213.201978,FALSE_POSITIVE
5955621,14.0801852,FALSE_POSITIVE
5956038,256.846143,FALSE_POSITIVE
5956171,402.27493,UNKNOWN
5956342,17.02902786,CONFIRMED
5956354,8.0386699,FALSE_POSITIVE
5956633,366.24282,FALSE_POSITIVE
5956656,1.224866441,CONFIRMED
5956776,0.569115097,FALSE_POSITIVE
5956787,0.569115976,FALSE_POSITIVE
5956977,77.773042,FALSE_POSITIVE
5957181,393.34331,FALSE_POSITIVE
59575189,2.5193047,UNKNOWN
59582240,1.7726881,UNKNOWN
5959719,6.73808701,CONFIRMED
5959753,8.30865307,CONFIRMED
5961350,5.262652179,FALSE_POSITIVE
5962262,8.61742738,CONFIRMED
5962509,0.790049989,FALSE_POSITIVE
5962514,0.790046373,FALSE_POSITIVE
5962716,1.804591904,FALSE_POSITIVE
5963222,1.217266418,FALSE_POSITIVE
5963582,25.5433704,CONFIRMED
5963591,146.931518,FALSE_POSITIVE
5964985,1.851409163,FALSE_POSITIVE
5965629,377.311149,UNKNOWN
5965819,19.5906103,CONFIRMED
5966154,25.6721559,CONFIRMED
5966322,60.92818866,CONFIRMED
5966660,1.906633332,FALSE_POSITIVE
5966732,1.400903699,UNKNOWN
5966772,,UNKNOWN
5966810,247.891041,UNKNOWN
5967194,498.24938,FALSE_POSITIVE
5972036,1.7346044,UNKNOWN
5972334,15.358767771,CONFIRMED
59744366,9.8479326,UNKNOWN
59770954,4.1018859,UNKNOWN
5977470,140.251943,CONFIRMED
5977541,1.14073528,FALSE_POSITIVE
5977804,3.31976683,FALSE_POSITIVE
5978170,5.68879083,CONFIRMED
5978361,9.17858526,CONFIRMED
5978559,95.6114617,CONFIRMED
5979863,16.621853404,FALSE_POSITIVE
5980061,0.630539713,FALSE_POSITIVE
5980208,0.789160884,CONFIRMED
5980354,1.573020098,FALSE_POSITIVE
5980783,37.3033197,CONFIRMED
5980800,0.828326025,FALSE_POSITIVE
5981058,27.765596,UNKNOWN
5982353,19.563092517,FALSE_POSITIVE
5982368,19.56313723,FALSE_POSITIVE
5983348,25.150788449,FALSE_POSITIVE
5983532,441.877824,FALSE_POSITIVE
59842822,2.5577037,UNKNOWN
59843967,2.5167257,UNKNOWN
59845928,14.606276,UNKNOWN
5985713,8.95294046,UNKNOWN
59859387,1.1203828,UNKNOWN
5986209,23.737952838,FALSE_POSITIVE
5986270,1.534679933,FALSE_POSITIVE
5988031,2.55549176,FALSE_POSITIVE
5989391,71.59889,FALSE_POSITIVE
5990753,7.21636091,FALSE_POSITIVE
5991070,0.94102954,FALSE_POSITIVE
5991765,9.25801294,FALSE_POSITIVE
5991936,6.09740316,FALSE_POSITIVE
5992210,0.641069613,FALSE_POSITIVE
5992270,58.4302648,FALSE_POSITIVE
60074373,3.190373,UNKNOWN
6010784,4.516649,UNKNOWN
60189629,6.1161423,UNKNOWN
6019872,1.485898163,FALSE_POSITIVE
6019971,7.1356633,UNKNOWN
6020753,4.069425638,CONFIRMED
6021193,11.93205399,CONFIRMED
6021275,18.01019956,CONFIRMED
6021655,63.571688,FALSE_POSITIVE
6021840,367.6758,UNKNOWN
6022556,3.709870784,CONFIRMED
6023571,354.21154,UNKNOWN
6023859,27.009807384,FALSE_POSITIVE
6025124,26.83771808,UNKNOWN
6025174,171.028691,UNKNOWN
6026438,5.47665801,CONFIRMED
6026737,10.1747037,UNKNOWN
6026924,56.644452,CONFIRMED
60286662,8.5623289,UNKNOWN
6028860,0.422015793,FALSE_POSITIVE
6029130,12.591656377,FALSE_POSITIVE
6029239,8.512037736,CONFIRMED
6032318,235.20613,FALSE_POSITIVE
6032497,16.3297527,CONFIRMED
6032517,1.791406261,FALSE_POSITIVE
6032730,96.509214,UNKNOWN
6032920,10.828825742,FALSE_POSITIVE
6032981,3.3226948,FALSE_POSITIVE
6033602,33.2948005,FALSE_POSITIVE
6034379,249.35154,UNKNOWN
6034834,371.56492,UNKNOWN
6034945,9.11500269,CONFIRMED
6035124,3.85690686,CONFIRMED
6035335,1.044408447,FALSE_POSITIVE
6036286,546.53309,UNKNOWN
6037187,41.8059544,CONFIRMED
6037581,20.67876365,CONFIRMED
60377863,21.6091483,UNKNOWN
6038152,364.63189,UNKNOWN
6041511,0.97705114,FALSE_POSITIVE
6041734,24.3398202,CONFIRMED
6042031,0.537110149,FALSE_POSITIVE
6042116,5.407157086,FALSE_POSITIVE
6042214,27.04627886,FALSE_POSITIVE
6042663,30.971766472,FALSE_POSITIVE
6043490,330.738115,UNKNOWN
6043538,6.2253374,UNKNOWN
6043562,31.4202111,UNKNOWN
6043574,381.782641,FALSE_POSITIVE
6044064,5.06318803,FALSE_POSITIVE
6044553,0.532086296,FALSE_POSITIVE
60446303,2.1384533,UNKNOWN
6045093,28.2682167,UNKNOWN
6045250,0.909310626,FALSE_POSITIVE
6045404,78.876125,UNKNOWN
6046311,0.957476003,FALSE_POSITIVE
6046540,7.340714946,CONFIRMED
6047072,4.27103727,CONFIRMED
6047498,0.51872711,FALSE_POSITIVE
6047853,476.39752,FALSE_POSITIVE
6048024,62.81584402,FALSE_POSITIVE
6048106,1.559360638,FALSE_POSITIVE
6048255,0.57627248,FALSE_POSITIVE
604863428,3.2358535,UNKNOWN
60491424,4.0252588,UNKNOWN
6049190,70.468171,CONFIRMED
6049470,354.7897,FALSE_POSITIVE
60520371,2.1974264,UNKNOWN
60527976,7.5811936,UNKNOWN
60542708,2.4707357,UNKNOWN
6056992,10.431146765,FALSE_POSITIVE
6057684,0.54028956,FALSE_POSITIVE
6057750,1.6037058,UNKNOWN
6058614,1.731079436,FALSE_POSITIVE
6058816,73.7502765,CONFIRMED
6058875,0.56493412,FALSE_POSITIVE
6058896,0.56493398,FALSE_POSITIVE
6060203,1.022678654,CONFIRMED
6060580,2.313367981,FALSE_POSITIVE
6061119,27.807566216,CONFIRMED
6061773,8.27745764,CONFIRMED
6062088,3.162692075,CONFIRMED
6062298,246.12174,FALSE_POSITIVE
6062929,22.1334224,CONFIRMED
6063220,4.603575293,CONFIRMED
6063448,76.01811375,FALSE_POSITIVE
60646268,2.6672418,UNKNOWN
6065010,159.05846,FALSE_POSITIVE
6065351,14.1166583,FALSE_POSITIVE
6066107,0.82883944,FALSE_POSITIVE
6066379,1.303858554,FALSE_POSITIVE
6066403,1.303861044,FALSE_POSITIVE
6066416,1.303859704,FALSE_POSITIVE
6067545,550.86514,UNKNOWN
6068947,0.573036404,FALSE_POSITIVE
6069674,495.71095,FALSE_POSITIVE
6070337,40.0691482,UNKNOWN
6071903,24.30784323,CONFIRMED
6072593,5.07538255,FALSE_POSITIVE
60768923,1.8703411,UNKNOWN
60859922,6.5329169,UNKNOWN
60984804,2.3898191,UNKNOWN
6103049,0.643171495,FALSE_POSITIVE
6103377,20.0708757,CONFIRMED
6105359,235.544698,FALSE_POSITIVE
6105462,25.0823402,CONFIRMED
6106046,8.5073512,UNKNOWN
6106282,101.1107014,CONFIRMED
6109688,14.086776961,FALSE_POSITIVE
610976842,4.0248735,UNKNOWN
61098812,3.6935997,UNKNOWN
61109252,15.1935123,UNKNOWN
6111011,14.7639145,UNKNOWN
61117473,6.1836211,UNKNOWN
6113752,406.45737,FALSE_POSITIVE
6114140,0.933745798,UNKNOWN
61145589,3.7796053,UNKNOWN
6115356,380.39474,UNKNOWN
6115516,0.865759153,FALSE_POSITIVE
6116035,449.57274,FALSE_POSITIVE
6116172,69.64679311,UNKNOWN
6116605,419.21314,FALSE_POSITIVE
6117415,19.741616041,FALSE_POSITIVE
6118370,14.0328775,CONFIRMED
6118840,350.98474,FALSE_POSITIVE
6119141,29.0726293,UNKNOWN
6119605,260.02265,FALSE_POSITIVE
6119877,250.23760741,FALSE_POSITIVE
6119921,245.01902,FALSE_POSITIVE
6119923,134.4665,FALSE_POSITIVE
61205803,4.2186625,UNKNOWN
6124137,227.83457,UNKNOWN
6124512,8.38395796,CONFIRMED
6124941,5.670155713,FALSE_POSITIVE
6125481,23.20579353,CONFIRMED
6126076,0.909314811,FALSE_POSITIVE
6128027,5.455766383,FALSE_POSITIVE
6128141,1.872620976,FALSE_POSITIVE
6128245,1.118510435,UNKNOWN
6129524,0.88184263,CONFIRMED
6129632,298.4688,FALSE_POSITIVE
6129694,0.936751792,FALSE_POSITIVE
6131130,10.5071781,UNKNOWN
6131236,6.79685353,CONFIRMED
6131659,17.527826808,FALSE_POSITIVE
61344769,3.6307276,UNKNOWN
6137681,356.535835,FALSE_POSITIVE
6137704,178.26802035,FALSE_POSITIVE
6137779,21.5324915,FALSE_POSITIVE
6139220,273.6857427,FALSE_POSITIVE
6140059,44.6226725,UNKNOWN
6142862,5.33459393,FALSE_POSITIVE
6143819,28.1117095,FALSE_POSITIVE
6144039,2.85855049,UNKNOWN
6145201,22.7832776,FALSE_POSITIVE
6145939,17.745456135,FALSE_POSITIVE
6146418,22.44620704,FALSE_POSITIVE
6146838,27.467217305,FALSE_POSITIVE
6147122,15.45158184,FALSE_POSITIVE
6147573,25.836831272,FALSE_POSITIVE
6147851,3.06026014,FALSE_POSITIVE
6148271,1.78526527,FALSE_POSITIVE
6149553,56.86716792,FALSE_POSITIVE
6149910,131.187921,CONFIRMED
6149980,603.3102,FALSE_POSITIVE
6150977,2.765621941,FALSE_POSITIVE
61520064,3.1271505,UNKNOWN
6152521,0.94895231,FALSE_POSITIVE
6152974,20.172024672,CONFIRMED
6153201,0.530300102,FALSE_POSITIVE
6153407,5.99078221,CONFIRMED
6153672,3.364425589,FALSE_POSITIVE
61538902,5.7481323,UNKNOWN
61621800,6.8552506,UNKNOWN
61687533,2.9510628,UNKNOWN
61733521,3.36296,UNKNOWN
6182019,3.664964374,FALSE_POSITIVE
6182093,297.113395,FALSE_POSITIVE
6182508,85.9770426,FALSE_POSITIVE
6182846,6.399101307,FALSE_POSITIVE
6182849,6.399107136,FALSE_POSITIVE
6183511,0.727331746,CONFIRMED
6184894,7.20281185,CONFIRMED
6185331,49.7700907,CONFIRMED
6185476,17.65737838,UNKNOWN
6185496,0.47462889,FALSE_POSITIVE
6185711,11.70219638,FALSE_POSITIVE
6185717,11.702203927,FALSE_POSITIVE
6186182,96.384483,UNKNOWN
6186964,2.164570593,CONFIRMED
6187341,0.492291661,FALSE_POSITIVE
6187508,2.28494301,UNKNOWN
6187888,0.789171236,FALSE_POSITIVE
6190535,3.652810043,FALSE_POSITIVE
6191521,80.8723469,CONFIRMED
6191945,6.8072842,FALSE_POSITIVE
6195669,370.94353,FALSE_POSITIVE
6195792,36.4772788,FALSE_POSITIVE
6196457,13.74883059,CONFIRMED
6197038,9.751720174,FALSE_POSITIVE
6197215,10.61345333,CONFIRMED
6197344,36.7614011,UNKNOWN
6197658,282.0309,UNKNOWN
61980227,3.0958985,UNKNOWN
6198182,3.88148385,CONFIRMED
6198256,3.54828691,FALSE_POSITIVE
6198670,179.25465,UNKNOWN
61988212,0.555255,UNKNOWN
6198999,3.93246069,CONFIRMED
6199056,1.169010526,FALSE_POSITIVE
6199702,0.805259637,FALSE_POSITIVE
6199716,0.805267592,FALSE_POSITIVE
6199864,262.477098,FALSE_POSITIVE
6200235,1.078389713,CONFIRMED
6200529,374.92478,FALSE_POSITIVE
6200612,370.50684,FALSE_POSITIVE
6200709,3.723552982,FALSE_POSITIVE
6200715,3.723560726,FALSE_POSITIVE
6200810,35.8754482,UNKNOWN
6201203,176.17377,FALSE_POSITIVE
6203955,19.4534296,UNKNOWN
6205228,3.770590654,CONFIRMED
6205384,3.72273683,FALSE_POSITIVE
6205405,3.7229369,FALSE_POSITIVE
6205460,3.722775537,FALSE_POSITIVE
6205468,3.7228551,FALSE_POSITIVE
6205481,3.72277264,FALSE_POSITIVE
6205566,3.7228679,FALSE_POSITIVE
6205897,4.417692516,CONFIRMED
6206214,13.53953595,CONFIRMED
6206470,1.80455062,FALSE_POSITIVE
6206559,1.245331397,FALSE_POSITIVE
6206751,1.245342215,FALSE_POSITIVE
6207053,0.604755462,FALSE_POSITIVE
620780629,4.8893985,UNKNOWN
62085710,5.4496736,UNKNOWN
6209225,439.21978,UNKNOWN
6209347,2.136577151,FALSE_POSITIVE
6209637,0.73452496,FALSE_POSITIVE
6209677,7.76845639,CONFIRMED
6209798,1.205412526,FALSE_POSITIVE
6211812,2.524017517,CONFIRMED
6220312,5.2736268,UNKNOWN
6220470,8.144135648,FALSE_POSITIVE
6221385,19.672324,CONFIRMED
6222898,3.89043062,FALSE_POSITIVE
6223324,1.97507424,UNKNOWN
6226290,14.08826442,CONFIRMED
6226908,19.597317,CONFIRMED
6227560,2.401751509,FALSE_POSITIVE
6228703,4.200206781,FALSE_POSITIVE
62301521,18.4043334,UNKNOWN
6230649,443.66,FALSE_POSITIVE
6231401,6.091954982,FALSE_POSITIVE
6231721,2.69339974,UNKNOWN
6233466,15.873380595,FALSE_POSITIVE
6233483,15.8733803,FALSE_POSITIVE
6233573,0.587470828,FALSE_POSITIVE
6233890,2.99540439,FALSE_POSITIVE
6233903,2.995357359,FALSE_POSITIVE
62483237,11.0708575,UNKNOWN
62501513,3.776966,UNKNOWN
62530991,4.0266483,UNKNOWN
6263468,10.1955065,FALSE_POSITIVE
6263593,22.4765952,CONFIRMED
6264750,53.285584,UNKNOWN
6265665,44.2018402,CONFIRMED
6265792,0.935115863,CONFIRMED
6265961,5.52507406,UNKNOWN
6266741,7.930583519,CONFIRMED
6266866,232.916142,UNKNOWN
6267425,3.166465862,FALSE_POSITIVE
6267535,6.07972016,CONFIRMED
62676654,14.7595601,UNKNOWN
62682198,3.8242663,UNKNOWN
6268648,15.86624787,CONFIRMED
6268722,2.638432816,FALSE_POSITIVE
6269070,2.7612237,CONFIRMED
6272413,4.89721006,CONFIRMED
627323667,3.0492435,UNKNOWN
62740096,1.7530712,UNKNOWN
6276477,10.35533116,CONFIRMED
6276559,5.436841,UNKNOWN
6276791,5.30179786,CONFIRMED
6276994,1.10601182,FALSE_POSITIVE
6277410,6.32589574,UNKNOWN
6277594,3.66115536,FALSE_POSITIVE
6278670,89.945828,UNKNOWN
6278762,4.54586982,CONFIRMED
6279823,485.52409,FALSE_POSITIVE
6279974,0.805259257,FALSE_POSITIVE
628103717,3.2175013,UNKNOWN
6281127,588.10504,FALSE_POSITIVE
6283224,0.76647343,FALSE_POSITIVE
6285094,5.2439783,FALSE_POSITIVE
6285396,5.2436639,FALSE_POSITIVE
6285397,5.2438269,FALSE_POSITIVE
6285906,116.170346,FALSE_POSITIVE
6286155,14.5417471,FALSE_POSITIVE
6286161,14.541781166,FALSE_POSITIVE
6286633,366.28999,FALSE_POSITIVE
62867537,2.8371938,UNKNOWN
6287131,452.30053,FALSE_POSITIVE
6287313,10.62788695,CONFIRMED
6289257,19.67409703,CONFIRMED
6289344,160.4122022,FALSE_POSITIVE
6289459,39.5931053,FALSE_POSITIVE
6289650,166.7876551,UNKNOWN
6289897,1.55935718,FALSE_POSITIVE
6290382,6.12810722,FALSE_POSITIVE
6290467,100.629443,FALSE_POSITIVE
6290935,5.53312006,UNKNOWN
6291033,3.705991661,CONFIRMED
6291653,10.526294577,CONFIRMED
6291837,35.5969684,CONFIRMED
6292162,7.814839231,FALSE_POSITIVE
6292732,1.25338826,FALSE_POSITIVE
6294819,0.675650404,CONFIRMED
6300348,5.69590202,UNKNOWN
6301030,11.991000357,FALSE_POSITIVE
6301035,11.99097576,FALSE_POSITIVE
63013648,19.6304978,UNKNOWN
6305192,8.025118521,CONFIRMED
6307000,1.002591901,UNKNOWN
6307062,75.378956896,FALSE_POSITIVE
6307063,75.378004,FALSE_POSITIVE
6307083,75.3787816,FALSE_POSITIVE
6307243,451.86579,FALSE_POSITIVE
6307521,29.7452499,FALSE_POSITIVE
6307537,29.74454668,FALSE_POSITIVE
63082902,10.298566,UNKNOWN
6309264,14.2821417,FALSE_POSITIVE
6309307,438.98396,UNKNOWN
6309763,3.251659087,UNKNOWN
63100069,1.917096,UNKNOWN
6310636,0.921030497,CONFIRMED
6311520,0.941840589,FALSE_POSITIVE
6311637,1.620813697,FALSE_POSITIVE
6311681,0.844786082,FALSE_POSITIVE
6311891,7.51731745,UNKNOWN
6312171,92.57337995,FALSE_POSITIVE
6312314,1.221204888,FALSE_POSITIVE
6312521,3.01551943,FALSE_POSITIVE
6312534,1.507761203,FALSE_POSITIVE
6314173,1.433262401,FALSE_POSITIVE
6314185,1.433262145,FALSE_POSITIVE
63189173,2.2984058,UNKNOWN
63190194,1.7459947,UNKNOWN
63211674,8.6004516,UNKNOWN
63232997,7.1304113,UNKNOWN
63283780,7.9726644,UNKNOWN
63303430,1.7518061,UNKNOWN
63303499,1.9271328,UNKNOWN
63307816,8.9533044,UNKNOWN
6342333,80.2321467,CONFIRMED
6342980,273.169948,FALSE_POSITIVE
6343170,9.95667035,CONFIRMED
6343576,6.39903778,FALSE_POSITIVE
63452790,2.6843081,UNKNOWN
6345732,20.2642023,CONFIRMED
6345758,3.37116682,UNKNOWN
6346809,17.57704569,UNKNOWN
6346894,52.69092296,UNKNOWN
63470437,1.2126653,UNKNOWN
6347299,14.40090414,CONFIRMED
6347434,425.22927,FALSE_POSITIVE
6347890,37.71508287,UNKNOWN
6349881,198.088873,CONFIRMED
6350031,5.1779065,UNKNOWN
6350476,1.110599919,FALSE_POSITIVE
6350522,491.52571,FALSE_POSITIVE
6350882,5.04404366,UNKNOWN
6351097,12.49117388,FALSE_POSITIVE
63550960,2.2473177,UNKNOWN
6356207,3.76417012,CONFIRMED
6356400,541.92452,UNKNOWN
6356506,280.55544,UNKNOWN
6356692,11.39169531,CONFIRMED
6356885,343.42046,FALSE_POSITIVE
6357290,4.8099878,UNKNOWN
63586213,4.071096,UNKNOWN
6358937,24.5041103,UNKNOWN
6359175,349.03703,FALSE_POSITIVE
6359320,5.32667299,CONFIRMED
6359798,14.15402428,FALSE_POSITIVE
6359802,14.15402615,FALSE_POSITIVE
6359820,331.81534,FALSE_POSITIVE
6359881,474.22897,UNKNOWN
6359926,49.4746966,UNKNOWN
6359929,371.50631,UNKNOWN
6362386,4.592401261,FALSE_POSITIVE
6362874,0.974868896,CONFIRMED
6363494,1.815632406,FALSE_POSITIVE
6363560,606.91488768,FALSE_POSITIVE
6364064,5.24331899,FALSE_POSITIVE
6364067,5.2438982,FALSE_POSITIVE
6364126,5.2434664,FALSE_POSITIVE
6364143,5.2433865,FALSE_POSITIVE
6364162,5.24364571,FALSE_POSITIVE
6364195,5.2439542,FALSE_POSITIVE
6364200,5.2441517,FALSE_POSITIVE
6364215,2.10081629,FALSE_POSITIVE
6364247,5.2443332,FALSE_POSITIVE
6364276,5.24368302,FALSE_POSITIVE
6364294,5.2436612,FALSE_POSITIVE
6364307,5.2435703,FALSE_POSITIVE
6364327,5.24372504,FALSE_POSITIVE
6364582,30.8609783,CONFIRMED
6365156,10.21418792,CONFIRMED
6365321,0.848483947,FALSE_POSITIVE
63659057,15.7866044,UNKNOWN
6366559,55.7583803,UNKNOWN
6367439,3.7789374,FALSE_POSITIVE
6367628,1.88984957,FALSE_POSITIVE
6367663,3.781123,UNKNOWN
6368175,21.1876185,CONFIRMED
6368222,82.97062172,UNKNOWN
6368230,26.0841212,CONFIRMED
6368905,220.720142,UNKNOWN
6369131,8.0772455,UNKNOWN
6369548,634.84739,FALSE_POSITIVE
6369845,27.6760342,FALSE_POSITIVE
63698669,1837.8897313,UNKNOWN
6370120,1.35477049,FALSE_POSITIVE
63717709,5.4439776,UNKNOWN
63718617,3.8363055,UNKNOWN
6372194,281.5921577,UNKNOWN
6372268,5.22422449,UNKNOWN
63735024,4.8870585,UNKNOWN
6373680,2.87066026,FALSE_POSITIVE
6381846,4.16696628,CONFIRMED
6382217,8.41100305,CONFIRMED
6383595,24.9097436,FALSE_POSITIVE
6383785,3.62275506,CONFIRMED
6383821,27.07237655,CONFIRMED
63844530,5.5867425,UNKNOWN
6384840,2.49904083,FALSE_POSITIVE
6385302,411.54039644,FALSE_POSITIVE
6386784,1.99567242,FALSE_POSITIVE
6387450,3.661326482,FALSE_POSITIVE
6387542,2.53475568,CONFIRMED
6387557,103.722152,UNKNOWN
6387887,0.650701055,FALSE_POSITIVE
6387969,135.90795753,FALSE_POSITIVE
6388770,21.3419702,FALSE_POSITIVE
63898957,3.3639254,UNKNOWN
6390236,0.89879279,FALSE_POSITIVE
6390824,0.973547911,FALSE_POSITIVE
6392727,4.583520948,CONFIRMED
6404965,4.8692603,UNKNOWN
64071894,17.5288347,UNKNOWN
64198376,3.1739167,UNKNOWN
6421137,118.4039,FALSE_POSITIVE
6421188,16.434352831,FALSE_POSITIVE
64214215,1.3570332,UNKNOWN
6421483,2.158398259,FALSE_POSITIVE
6421503,2.15839583,FALSE_POSITIVE
6421937,359.534371,FALSE_POSITIVE
6422070,3.76181843,CONFIRMED
6422155,2.940304817,CONFIRMED
6422367,4.33144839,FALSE_POSITIVE
6423922,0.9951412,UNKNOWN
6424561,6.6716723,UNKNOWN
64250123,14.0580067,UNKNOWN
6425377,263.90141,UNKNOWN
6425597,29.1206519,UNKNOWN
6425957,2.755637216,CONFIRMED
6426592,394.67816267,FALSE_POSITIVE
64282927,1.8826035,UNKNOWN
6428602,59.742966,FALSE_POSITIVE
6428700,8.20396958,CONFIRMED
6428794,169.135056,CONFIRMED
6428942,534.86668,FALSE_POSITIVE
6429812,94.289223,CONFIRMED
6431670,29.911334059,FALSE_POSITIVE
6432059,0.76973817,FALSE_POSITIVE
6432345,234.635652,CONFIRMED
64334960,3.6822842,UNKNOWN
6435936,56.0560754,CONFIRMED
6436029,59.4969009,CONFIRMED
6436505,24.7222403,FALSE_POSITIVE
6437226,372.62637,FALSE_POSITIVE
6437617,293.60581,FALSE_POSITIVE
6437993,1.39797542,FALSE_POSITIVE
6438099,21.61313362,UNKNOWN
6438379,389.14115,FALSE_POSITIVE
6441738,19.03723442,UNKNOWN
6442246,2.2127498,FALSE_POSITIVE
6442340,13.13747785,CONFIRMED
6442377,30.22910274,CONFIRMED
6442602,0.56678228,FALSE_POSITIVE
6442735,18.7821603,UNKNOWN
6443093,389.316341,UNKNOWN
6443274,608.20572,UNKNOWN
6443392,0.776976021,FALSE_POSITIVE
6444896,19.5352551,CONFIRMED
6445531,1.71024931,FALSE_POSITIVE
6447326,4.3206933,FALSE_POSITIVE
6447372,405.32064,FALSE_POSITIVE
6448768,16.486796364,FALSE_POSITIVE
6448890,21.4054422,CONFIRMED
6449291,5.7768734,FALSE_POSITIVE
6449358,5.776794344,FALSE_POSITIVE
6449552,20.148807707,FALSE_POSITIVE
6451125,72.6549842,FALSE_POSITIVE
6451368,5.3360574,UNKNOWN
6451936,8.00579096,CONFIRMED
6452742,0.687772143,FALSE_POSITIVE
64531556,7.8127906,UNKNOWN
64553698,8.6795072,UNKNOWN
6461675,342.830882,FALSE_POSITIVE
6461850,0.544962596,FALSE_POSITIVE
6462863,22.342964828,CONFIRMED
6462874,22.34293693,FALSE_POSITIVE
6463499,94.446856,FALSE_POSITIVE
6464285,0.843651274,FALSE_POSITIVE
6466939,1.142946648,FALSE_POSITIVE
6467363,3.67936863,UNKNOWN
6468138,134.2520474,CONFIRMED
6468337,0.959853772,FALSE_POSITIVE
6468904,49.5387264,FALSE_POSITIVE
6468938,7.217010987,FALSE_POSITIVE
6469946,0.715802309,FALSE_POSITIVE
6470149,165.739861,FALSE_POSITIVE
6470516,2.080431782,FALSE_POSITIVE
6470521,2.08043378,FALSE_POSITIVE
6470917,1.506019633,FALSE_POSITIVE
6471021,125.6291479,CONFIRMED
6471229,1.75251585,FALSE_POSITIVE
6471230,1.752450163,FALSE_POSITIVE
647636934,1.5503072,UNKNOWN
64836837,10.9115374,UNKNOWN
64837857,20.3292125,UNKNOWN
648958344,2.3079651,UNKNOWN
64938667,3.1988858,UNKNOWN
6497146,35.2330694,CONFIRMED
6499453,7.4323882,UNKNOWN
6500206,13.37499553,FALSE_POSITIVE
6501635,23.67513153,CONFIRMED
6504534,28.162612575,FALSE_POSITIVE
6504954,130.3543929,CONFIRMED
6507334,54.753883835,UNKNOWN
6507427,4.74254518,FALSE_POSITIVE
6507433,4.7425521,UNKNOWN
6508221,18.20795835,CONFIRMED
6508734,480.03759,FALSE_POSITIVE
6509282,3.98916186,UNKNOWN
6511182,29.5632952,UNKNOWN
6515335,185.53285,FALSE_POSITIVE
6515722,1.908525084,FALSE_POSITIVE
6516185,47.3659328,UNKNOWN
6516529,379.42818,FALSE_POSITIVE
6516874,0.916326699,FALSE_POSITIVE
6517064,181.81214,UNKNOWN
6517200,435.50635,UNKNOWN
6517255,525.560452,UNKNOWN
6519865,0.566813677,FALSE_POSITIVE
6520519,1.97650073,UNKNOWN
6520753,4.13029832,UNKNOWN
6521045,6.88707073,CONFIRMED
6521174,8.27923132,FALSE_POSITIVE
65212867,6.9989206,UNKNOWN
6521526,103.039788,FALSE_POSITIVE
6521542,2.212877035,FALSE_POSITIVE
6522124,43.60012467,FALSE_POSITIVE
6522242,41.408316686,CONFIRMED
6522353,0.845097627,FALSE_POSITIVE
6522745,17.4453935,FALSE_POSITIVE
6522750,17.445640466,FALSE_POSITIVE
6522824,17.4453133,FALSE_POSITIVE
6523058,2.0481582,UNKNOWN
6523216,14.313157391,FALSE_POSITIVE
6523351,6.06664931,UNKNOWN
6525106,1.71028117,FALSE_POSITIVE
6525185,1.71030803,FALSE_POSITIVE
6525193,1.710279417,FALSE_POSITIVE
6525196,1.710299164,FALSE_POSITIVE
6525209,75.13194883,FALSE_POSITIVE
6525249,1.710316235,FALSE_POSITIVE
6525280,1.710319812,FALSE_POSITIVE
6525398,252.04444,FALSE_POSITIVE
6525946,6.78341325,UNKNOWN
6526377,1.39508873,FALSE_POSITIVE
6526710,39.74893077,UNKNOWN
6527016,0.542636318,FALSE_POSITIVE
6527050,0.87985197,FALSE_POSITIVE
6527078,7.57600886,UNKNOWN
6527229,200.79976002,FALSE_POSITIVE
6528141,2.022658,FALSE_POSITIVE
6528464,12.58229808,CONFIRMED
6531143,19.4444573,FALSE_POSITIVE
6531485,0.676990194,FALSE_POSITIVE
6531491,14.32407216,FALSE_POSITIVE
6531496,0.512869432,FALSE_POSITIVE
6531617,433.220461,UNKNOWN
6531801,0.515875396,FALSE_POSITIVE
65347776,25.86696,UNKNOWN
65412605,4.4010465,UNKNOWN
65416038,15.6062307,UNKNOWN
6541920,118.3786735,CONFIRMED
6543192,8.0906952,UNKNOWN
6543645,1.19550618,FALSE_POSITIVE
6543674,1.195515364,FALSE_POSITIVE
6543682,1.195516859,FALSE_POSITIVE
6543683,1.195515251,FALSE_POSITIVE
6543893,10.29674097,CONFIRMED
65440953,0.8746494,UNKNOWN
65446983,9.9908116,UNKNOWN
6545018,1.995728294,FALSE_POSITIVE
6545051,1.99566293,FALSE_POSITIVE
6545358,1.171536413,FALSE_POSITIVE
6546508,3.053578643,FALSE_POSITIVE
6546528,3.053563251,FALSE_POSITIVE
6547322,1.49131759,FALSE_POSITIVE
6548429,210.971635,FALSE_POSITIVE
6548447,10.768391927,FALSE_POSITIVE
6551106,3.84615171,UNKNOWN
65737977,4.8292589,UNKNOWN
6579806,9.88047978,FALSE_POSITIVE
65805840,4.0234634,UNKNOWN
6583107,30.6261927,FALSE_POSITIVE
6584167,0.733724504,FALSE_POSITIVE
6584273,51.1104797,CONFIRMED
6584278,1.28940823,UNKNOWN
65845738,1.593603,UNKNOWN
6586746,6.26404774,CONFIRMED
6587002,20.73989406,CONFIRMED
6587105,33.878639,CONFIRMED
6587280,5.715425977,CONFIRMED
6587796,33.4203001,CONFIRMED
6590307,1.33253834,FALSE_POSITIVE
6590362,0.592618966,FALSE_POSITIVE
65905621,3.5775958,UNKNOWN
6590726,498.27269,UNKNOWN
6591789,5.08840787,FALSE_POSITIVE
6592335,0.824000125,CONFIRMED
6592832,0.924821319,FALSE_POSITIVE
6593150,5.4654174,UNKNOWN
6593363,18.527824075,FALSE_POSITIVE
6593734,0.58675746,FALSE_POSITIVE
6593968,23.19923256,FALSE_POSITIVE
6594945,188.954072,UNKNOWN
65949719,3.4658629,UNKNOWN
6594972,10.819169459,FALSE_POSITIVE
6595662,2.680514453,FALSE_POSITIVE
65981892,3.4898546,UNKNOWN
6599305,42.02646,FALSE_POSITIVE
6599919,13.61014819,UNKNOWN
6599949,409.2452,FALSE_POSITIVE
6599975,14.5565618,CONFIRMED
6600492,312.61007,FALSE_POSITIVE
6600515,372.04697,FALSE_POSITIVE
6603043,110.32167272,FALSE_POSITIVE
6603756,5.204286663,FALSE_POSITIVE
6603765,19.164111,UNKNOWN
6604328,31.0033072,CONFIRMED
6605493,9.30991834,CONFIRMED
6606282,1.053573674,FALSE_POSITIVE
6606438,103.4269873,CONFIRMED
6606653,2.698021895,FALSE_POSITIVE
6606669,0.970085646,FALSE_POSITIVE
6606934,37.80694072,FALSE_POSITIVE
6607286,0.783276173,UNKNOWN
6607357,7.69994466,CONFIRMED
6607447,99.6442783,UNKNOWN
6607610,63.52017525,FALSE_POSITIVE
6607644,0.971915957,CONFIRMED
6608090,438.81524,FALSE_POSITIVE
66091052,2.2118281,UNKNOWN
6609270,3.82223397,CONFIRMED
6610064,0.584148495,FALSE_POSITIVE
6610219,11.300987626,FALSE_POSITIVE
6610433,0.92098747,FALSE_POSITIVE
6611330,35.14578122,FALSE_POSITIVE
6611779,206.309658,FALSE_POSITIVE
6612284,1.245353252,FALSE_POSITIVE
6612327,21.993112,FALSE_POSITIVE
6612411,8.46184728,FALSE_POSITIVE
6612973,681.01756,FALSE_POSITIVE
6613006,7.388833611,FALSE_POSITIVE
6614629,0.526615152,FALSE_POSITIVE
6614748,383.85362,UNKNOWN
6614926,3.026764871,FALSE_POSITIVE
66151343,2.6792695,UNKNOWN
6615511,25.1593389,CONFIRMED
6615600,2.19509634,FALSE_POSITIVE
6616218,5.960400011,CONFIRMED
6619815,65.9407869,CONFIRMED
6620003,1.714274727,UNKNOWN
6621116,137.75960504,FALSE_POSITIVE
66242670,6.8688474,UNKNOWN
66266024,2.8120379,UNKNOWN
6627507,7.37453336,FALSE_POSITIVE
6628237,3.840130917,FALSE_POSITIVE
66286602,3.424993,UNKNOWN
6628740,0.532854237,FALSE_POSITIVE
6628926,2.564012541,UNKNOWN
6629156,0.71538172,FALSE_POSITIVE
6629332,2.155278342,FALSE_POSITIVE
6629588,2.264471713,FALSE_POSITIVE
66296167,3.413702,UNKNOWN
6629993,118.609553,FALSE_POSITIVE
6630943,0.690405794,FALSE_POSITIVE
6631721,13.73808249,FALSE_POSITIVE
6634112,9.942228056,UNKNOWN
6634133,9.94221873,FALSE_POSITIVE
66356824,3.55562,UNKNOWN
6635813,141.00582791,FALSE_POSITIVE
6636020,18.3602239,FALSE_POSITIVE
6636320,6.33125228,CONFIRMED
66413476,4.36907,UNKNOWN
66445643,6.5560604,UNKNOWN
66497310,1.7563116,UNKNOWN
6653897,0.8857522,UNKNOWN
66545173,2.7945508,UNKNOWN
66561343,10.6265837,UNKNOWN
66620917,5.2910096,UNKNOWN
6663331,3.180362,UNKNOWN
6664842,5.21395046,UNKNOWN
6665064,24.996068,FALSE_POSITIVE
6665223,119.40817159,FALSE_POSITIVE
6665512,6.92101452,CONFIRMED
666567477,1.6883103,UNKNOWN
6665695,5.378868001,CONFIRMED
6665860,10.4716194,UNKNOWN
6666233,0.512407185,FALSE_POSITIVE
6670075,0.759706632,FALSE_POSITIVE
6670610,8.9429645,UNKNOWN
6670742,72.28198,UNKNOWN
6672229,23.832382513,FALSE_POSITIVE
66726479,1.5554236,UNKNOWN
6674908,0.503199724,FALSE_POSITIVE
6675056,10.44331991,FALSE_POSITIVE
6675060,10.443341795,FALSE_POSITIVE
6675757,22.2903562,UNKNOWN
6676725,1.428766771,FALSE_POSITIVE
6677256,3.125814002,FALSE_POSITIVE
6677267,3.125821128,FALSE_POSITIVE
6677415,73.9239955,FALSE_POSITIVE
6677841,35.7353616,CONFIRMED
66783360,1.3812787,UNKNOWN
6678383,51.75530504,CONFIRMED
66788350,3.3338016,UNKNOWN
6679295,24.5752524,UNKNOWN
6679504,0.798467681,FALSE_POSITIVE
6680177,16.61474421,FALSE_POSITIVE
6680911,207.471349,FALSE_POSITIVE
6681233,32.63286247,FALSE_POSITIVE
6681473,396.048721,FALSE_POSITIVE
6681546,186.72243,FALSE_POSITIVE
6681618,364.42189,FALSE_POSITIVE
6681687,370.47678,FALSE_POSITIVE
66818296,3.7354838,UNKNOWN
6685403,429.60143,FALSE_POSITIVE
6685526,2.237489571,CONFIRMED
6685609,5.868066282,CONFIRMED
6685646,244.86662,FALSE_POSITIVE
6688318,326.370361,FALSE_POSITIVE
6690082,2.1395563,CONFIRMED
6690171,85.0624157,UNKNOWN
6690523,148.666527,FALSE_POSITIVE
6690836,0.568874717,CONFIRMED
6691169,63.095068,UNKNOWN
6692742,163.104677,FALSE_POSITIVE
6692833,10.80487163,FALSE_POSITIVE
6693640,13.71938426,CONFIRMED
6694186,5.554227226,FALSE_POSITIVE
6695622,14.5567427,FALSE_POSITIVE
6695801,1.10656965,FALSE_POSITIVE
6695889,1.106560721,FALSE_POSITIVE
6696462,3.403743926,FALSE_POSITIVE
6696580,57.6896212,CONFIRMED
6697605,3.42064689,CONFIRMED
6697716,0.721624431,FALSE_POSITIVE
6697756,0.916142298,CONFIRMED
6697817,190.800788,UNKNOWN
6697976,371.70965709,UNKNOWN
6698670,10.81589054,FALSE_POSITIVE
6699368,3.690317047,FALSE_POSITIVE
6699562,46.270524872,FALSE_POSITIVE
67031480,2.1142179,UNKNOWN
6705026,9.5084871,CONFIRMED
6705137,5.59727625,FALSE_POSITIVE
6705142,5.59728249,UNKNOWN
6706287,1.267693801,FALSE_POSITIVE
6707260,13.4256161,FALSE_POSITIVE
6707833,15.28467725,CONFIRMED
6707835,22.24814617,CONFIRMED
6707908,2.466070972,FALSE_POSITIVE
6707942,9.014220178,FALSE_POSITIVE
6715997,15.08186,UNKNOWN
6716021,110.7556272,UNKNOWN
6716545,13.9093544,CONFIRMED
6717252,1.19260017,UNKNOWN
67181830,7.63779,UNKNOWN
6718474,590.44065,FALSE_POSITIVE
6719052,357.437578,UNKNOWN
6719086,3.014330766,UNKNOWN
67196266,7.6516944,UNKNOWN
67196573,2.5574812,UNKNOWN
6720773,1.318347743,FALSE_POSITIVE
6721123,7.36178958,FALSE_POSITIVE
6721380,6.44173995,FALSE_POSITIVE
6721603,215.634356,UNKNOWN
67246795,4.2451891,UNKNOWN
67247610,1.9740614,UNKNOWN
67300566,4.4236732,UNKNOWN
67309890,1.1623941,UNKNOWN
67349298,4.3427321,UNKNOWN
67395329,18.8204255,UNKNOWN
67418624,1.1020719,UNKNOWN
67444896,15.1306782,UNKNOWN
67478724,3.7473877,UNKNOWN
6750902,0.469334634,FALSE_POSITIVE
67512645,3.3706303,UNKNOWN
67517533,3.9497635,UNKNOWN
6751874,6.89226333,CONFIRMED
6752002,6.08003714,CONFIRMED
6752502,4.305219002,FALSE_POSITIVE
67535663,6.6019866,UNKNOWN
6755944,0.692978457,CONFIRMED
6756202,290.7778719,FALSE_POSITIVE
6756369,30.928898,UNKNOWN
67566164,3.125924,UNKNOWN
6756669,5.851520671,FALSE_POSITIVE
6758917,2.236100588,FALSE_POSITIVE
67598139,5.4447698,UNKNOWN
6761777,47.3128645,CONFIRMED
6762188,7.155547398,FALSE_POSITIVE
67622702,0.58007,UNKNOWN
6762829,18.795269797,FALSE_POSITIVE
67630845,9.4636148,UNKNOWN
6763884,2.44693823,UNKNOWN
6764171,10.7715898,UNKNOWN
67646988,1.8817191,UNKNOWN
6765135,175.603366,UNKNOWN
6765563,293.392635,UNKNOWN
6766583,63.024229,FALSE_POSITIVE
67666096,2.7033942,UNKNOWN
6766634,321.2124365,CONFIRMED
6766748,7.002865192,FALSE_POSITIVE
6767227,4.08197713,UNKNOWN
6767337,506.771836,FALSE_POSITIVE
6767840,8.679037,CONFIRMED
6768394,7.1329472,CONFIRMED
6768616,8.8249556,FALSE_POSITIVE
67711670,18.0401494,UNKNOWN
6773862,17.76076524,CONFIRMED
67743054,4.0134273,UNKNOWN
6774408,0.85450941,FALSE_POSITIVE
6774537,2.949029106,CONFIRMED
6774826,7.13895376,FALSE_POSITIVE
6774880,34.3511339,CONFIRMED
6775985,27.961084,FALSE_POSITIVE
6776401,26.85323647,CONFIRMED
6776555,5.43361347,UNKNOWN
67772767,7.6107227,UNKNOWN
6778008,0.945829261,FALSE_POSITIVE
6778019,0.945825494,FALSE_POSITIVE
67782629,8.5063687,UNKNOWN
6778289,30.130130001,FALSE_POSITIVE
6779260,3.833087643,CONFIRMED
6779726,47.0563327,CONFIRMED
67798337,1.8092906,UNKNOWN
6780158,2.464160779,FALSE_POSITIVE
6780367,175.358905,FALSE_POSITIVE
6781047,7.0435762,FALSE_POSITIVE
6781535,9.12208711,FALSE_POSITIVE
6781548,9.12209336,FALSE_POSITIVE
6783732,0.721335207,FALSE_POSITIVE
6784235,3.167893418,CONFIRMED
6784887,44.714450094,FALSE_POSITIVE
6785559,4.5117148,UNKNOWN
6786037,21.05349939,CONFIRMED
6786224,3.04185157,UNKNOWN
6786348,26.964501,CONFIRMED
67881560,2.3322524,UNKNOWN
6790592,106.18732,UNKNOWN
6792124,0.52880817,FALSE_POSITIVE
67926921,3.566276,UNKNOWN
6792908,10.778313,UNKNOWN
6795089,96.231257,FALSE_POSITIVE
68007716,5.4566563,UNKNOWN
6802536,2.9788702,FALSE_POSITIVE
68030406,4.7750178,UNKNOWN
6803202,21.06075303,CONFIRMED
68035558,8.3289771,UNKNOWN
68035559,8.3272872,UNKNOWN
6803855,71.4523167,CONFIRMED
6804648,0.700606479,FALSE_POSITIVE
6805146,13.779711352,FALSE_POSITIVE
6805414,200.2350497,UNKNOWN
6806632,9.469191607,FALSE_POSITIVE
6806695,0.855922327,FALSE_POSITIVE
68074302,3.4014954,UNKNOWN
68081952,7.7023687,UNKNOWN
68152139,0.73772,UNKNOWN
68322189,1.2833689,UNKNOWN
68345291,4.006489,UNKNOWN
6837146,20.51360192,UNKNOWN
6837283,21.1181653,UNKNOWN
6838050,6.51003001,CONFIRMED
68388114,1.3312309,UNKNOWN
6839010,4.84350003,UNKNOWN
6841577,15.53753378,FALSE_POSITIVE
6842345,17.3816224,UNKNOWN
6842682,7.56126152,CONFIRMED
6842807,16.6146221,UNKNOWN
68443254,4.8002161,UNKNOWN
68453985,2.503254,UNKNOWN
6846544,499.88159,FALSE_POSITIVE
6846911,14.02634692,CONFIRMED
6847018,16.66216657,FALSE_POSITIVE
6848529,197.37704,FALSE_POSITIVE
6849046,4.225384543,CONFIRMED
6849310,4.311780262,CONFIRMED
684936227,15.29859,UNKNOWN
6850504,6.09855603,CONFIRMED
6850665,214.715417,FALSE_POSITIVE
6851425,11.1199028,CONFIRMED
68523365,3.4470312,UNKNOWN
6852354,101.97435125,FALSE_POSITIVE
6852488,2.172042913,FALSE_POSITIVE
6853172,28.655498,UNKNOWN
6853696,3.42015,UNKNOWN
68573534,4.6663795,UNKNOWN
68577662,11.1684037,UNKNOWN
6859546,13.4450174,UNKNOWN
6859801,10.882416555,FALSE_POSITIVE
6859813,10.88242209,FALSE_POSITIVE
686072378,1.9426003,UNKNOWN
6862328,119.0207044,UNKNOWN
6862332,119.0192648,FALSE_POSITIVE
6862603,2.861159894,FALSE_POSITIVE
6862721,4.88753111,CONFIRMED
6863158,1.99469354,UNKNOWN
6863161,1.98663794,FALSE_POSITIVE
6863187,1.99492332,FALSE_POSITIVE
6863839,1.926353494,FALSE_POSITIVE
6863840,1.926366998,FALSE_POSITIVE
6863998,16.08518937,CONFIRMED
6864569,2.325185422,FALSE_POSITIVE
68646526,5.2289874,UNKNOWN
6864706,14.5909249,UNKNOWN
6864859,40.877841988,FALSE_POSITIVE
6864885,40.8777605,FALSE_POSITIVE
6864891,40.8801539,FALSE_POSITIVE
6864893,40.8792243,FALSE_POSITIVE
6866228,7.702374154,FALSE_POSITIVE
6866251,65.238281,FALSE_POSITIVE
6867155,235.9986399,UNKNOWN
6867219,11.8496351,UNKNOWN
6867555,5.19103699,CONFIRMED
6867588,0.82628442,UNKNOWN
6867766,12.964717746,FALSE_POSITIVE
6869184,43.3167427,CONFIRMED
6869373,31.5034587,UNKNOWN
6871071,3.2828024,CONFIRMED
6875342,22.2381062,UNKNOWN
6876575,91.069934,UNKNOWN
6877673,36.75892725,FALSE_POSITIVE
6877871,0.536869783,FALSE_POSITIVE
6878167,0.833980196,FALSE_POSITIVE
6878240,135.4978256,CONFIRMED
6878408,455.62395,UNKNOWN
6879171,6.96352699,CONFIRMED
6879183,20.5477769,UNKNOWN
6879865,19.193103549,UNKNOWN
6880123,323.972022,FALSE_POSITIVE
6880517,65.6491001,CONFIRMED
6880531,69.62754202,FALSE_POSITIVE
68808155,7.5811005,UNKNOWN
68850908,5.3868381,UNKNOWN
6887030,5.44085762,UNKNOWN
6887321,1.65746034,FALSE_POSITIVE
6889235,5.188671659,FALSE_POSITIVE
68893269,4.2050741,UNKNOWN
6890618,1.574063832,FALSE_POSITIVE
6891124,3.52364689,UNKNOWN
6891366,1.752564549,FALSE_POSITIVE
6891512,1.752562808,FALSE_POSITIVE
6891513,9.9398272,FALSE_POSITIVE
6891543,1.752567456,FALSE_POSITIVE
6891637,1.752553762,FALSE_POSITIVE
6892385,8.2669589,UNKNOWN
6893917,3.0801795,UNKNOWN
68952448,4.6144478,UNKNOWN
6898572,4.3816966,UNKNOWN
69028091,1.6822448,UNKNOWN
69054388,0.7603078,UNKNOWN
69068526,5.5376617,UNKNOWN
6921944,4.421566535,CONFIRMED
6922203,13.33094869,UNKNOWN
6922244,3.522498429,CONFIRMED
6922710,23.1274171,CONFIRMED
6924203,6.8833761,CONFIRMED
6925263,2.51989935,FALSE_POSITIVE
6927629,3.867613816,FALSE_POSITIVE
6928906,1.54945486,FALSE_POSITIVE
6929016,0.733726452,FALSE_POSITIVE
6929285,4.60690612,FALSE_POSITIVE
69295263,3.9315754,UNKNOWN
6929841,3.51575492,CONFIRMED
6932987,19.25404023,CONFIRMED
6933567,9.08233411,CONFIRMED
6933781,130.4194187,FALSE_POSITIVE
6934045,265.741374,UNKNOWN
6934291,0.567856484,CONFIRMED
6934587,1.570919281,FALSE_POSITIVE
6934986,131.485184,UNKNOWN
69356857,4.0966887,UNKNOWN
6936909,3.546531809,CONFIRMED
6936966,36.4721523,FALSE_POSITIVE
6936977,36.473115046,FALSE_POSITIVE
6937402,10.3108232,CONFIRMED
6937529,2.94648935,CONFIRMED
6937692,35.18105723,CONFIRMED
6938264,1.121634781,FALSE_POSITIVE
6939670,4.238855579,FALSE_POSITIVE
6939913,470.65357,UNKNOWN
6941084,85.7357202,CONFIRMED
69436501,3.1243759,UNKNOWN
6945786,2.39161966,CONFIRMED
6946199,37.1011418,CONFIRMED
6946681,48.9528113,UNKNOWN
6946708,431.78556,UNKNOWN
6946985,440.584562,FALSE_POSITIVE
6947062,309.19347,FALSE_POSITIVE
6947164,70.58284717,FALSE_POSITIVE
6947623,3.62657392,UNKNOWN
6947668,14.0545718,UNKNOWN
6947837,1.17033848,FALSE_POSITIVE
6948054,7.49018305,CONFIRMED
6948480,175.329014,FALSE_POSITIVE
6948815,1.541530919,FALSE_POSITIVE
6949061,8.96847034,CONFIRMED
6949550,7.841066931,FALSE_POSITIVE
6949607,5.912273234,CONFIRMED
6949898,7.64809462,UNKNOWN
6950275,40.879068,FALSE_POSITIVE
6952570,122.713036,FALSE_POSITIVE
6952971,309.89103,UNKNOWN
6953219,0.566802325,FALSE_POSITIVE
6953281,0.566799395,FALSE_POSITIVE
6955671,12.6878176,UNKNOWN
6956014,0.925589891,FALSE_POSITIVE
6956136,53.912783631,FALSE_POSITIVE
6956176,2.64185268,UNKNOWN
6956216,4.818863794,FALSE_POSITIVE
6956233,4.81886153,FALSE_POSITIVE
6960445,5.07437786,FALSE_POSITIVE
6960446,10.14873521,FALSE_POSITIVE
6960456,5.07442951,FALSE_POSITIVE
6960487,34.525990182,FALSE_POSITIVE
6960913,59.8780258,CONFIRMED
6962018,0.634946497,FALSE_POSITIVE
6962109,17.13263125,CONFIRMED
6962901,0.977170246,FALSE_POSITIVE
6962977,20.8341497,CONFIRMED
6964043,10.72396374,FALSE_POSITIVE
6964159,25.503628,FALSE_POSITIVE
6964929,0.665025941,CONFIRMED
6965293,5.077746556,FALSE_POSITIVE
69672493,1.4920726,UNKNOWN
6967278,395.07333,FALSE_POSITIVE
6967430,2.00383703,FALSE_POSITIVE
69679391,3.4741012,UNKNOWN
6973796,115.9943364,FALSE_POSITIVE
6974658,0.716531851,UNKNOWN
69747919,9.9783319,UNKNOWN
6974867,0.887691177,FALSE_POSITIVE
6975129,19.74733983,CONFIRMED
6975615,2.065351521,FALSE_POSITIVE
69819610,1.0361758,UNKNOWN
69838258,6.73069,UNKNOWN
69995219,2.0389145,UNKNOWN
69997672,1.80709,UNKNOWN
7008149,0.515552803,FALSE_POSITIVE
7008211,187.746606,CONFIRMED
7009548,15.18575582,UNKNOWN
7009828,5.321224925,FALSE_POSITIVE
7011044,25.50236699,FALSE_POSITIVE
7013635,290.625016,FALSE_POSITIVE
7013923,2.21396079,FALSE_POSITIVE
7017274,6.77067637,UNKNOWN
7017372,5.24088367,UNKNOWN
7017437,43.8496474,FALSE_POSITIVE
7018210,445.351255,UNKNOWN
701926762,2.0449545,UNKNOWN
7019489,24.2598301,FALSE_POSITIVE
7019524,5.30873978,CONFIRMED
7019580,72.0153825,FALSE_POSITIVE
7020168,203.8406,FALSE_POSITIVE
7020254,20.2730282,UNKNOWN
7021177,18.64532882,FALSE_POSITIVE
7021534,9.06557317,FALSE_POSITIVE
7021681,27.52194772,CONFIRMED
7022573,2.118893997,UNKNOWN
7022603,21.12752693,FALSE_POSITIVE
7023960,30.882538697,FALSE_POSITIVE
7024045,23.9341825,FALSE_POSITIVE
7024222,1.633107509,FALSE_POSITIVE
7024511,66.1544958,FALSE_POSITIVE
7024530,66.1539783,FALSE_POSITIVE
7025526,1.074106954,FALSE_POSITIVE
7025540,2.148219541,FALSE_POSITIVE
7025846,2.340523247,FALSE_POSITIVE
7025851,2.340534383,FALSE_POSITIVE
7026477,366.31509,FALSE_POSITIVE
7031066,0.566805514,FALSE_POSITIVE
7031126,0.566802672,FALSE_POSITIVE
7031132,0.566795196,FALSE_POSITIVE
7031208,0.566796331,FALSE_POSITIVE
7031340,0.566769068,FALSE_POSITIVE
7031430,0.566796775,FALSE_POSITIVE
7031517,12.940668656,UNKNOWN
7031638,1.13353095,FALSE_POSITIVE
7031726,0.566793534,FALSE_POSITIVE
7031732,0.566798827,FALSE_POSITIVE
7031742,0.566785459,FALSE_POSITIVE
7031767,0.56678012,FALSE_POSITIVE
7031898,0.566792595,FALSE_POSITIVE
7031942,0.566795467,FALSE_POSITIVE
7031948,0.566800113,FALSE_POSITIVE
7031992,0.56679293,FALSE_POSITIVE
7032001,0.566810643,FALSE_POSITIVE
7032117,0.566809491,FALSE_POSITIVE
7032174,0.566799218,FALSE_POSITIVE
7032383,0.566797404,FALSE_POSITIVE
7032421,20.55848388,FALSE_POSITIVE
7032568,0.566792936,FALSE_POSITIVE
7032687,0.5668004,FALSE_POSITIVE
7032968,0.56678702,FALSE_POSITIVE
7033233,2.032318856,CONFIRMED
7033671,9.48965527,CONFIRMED
7033713,2.19642864,FALSE_POSITIVE
7033748,2.19635512,FALSE_POSITIVE
7035812,87.775799,FALSE_POSITIVE
7037540,14.405857436,FALSE_POSITIVE
7038096,0.566803149,FALSE_POSITIVE
7038988,65.67350728,FALSE_POSITIVE
704012376,1.5970752,UNKNOWN
7040629,4.22865217,CONFIRMED
7041972,222.06409878,FALSE_POSITIVE
70420766,9.4070515,UNKNOWN
70435923,0.8204734,UNKNOWN
70440470,3.0354017,UNKNOWN
7045435,0.93479255,FALSE_POSITIVE
7045496,13.47472742,CONFIRMED
7045605,361.526458,FALSE_POSITIVE
7046035,2.27164952,CONFIRMED
7046804,11.720123999,CONFIRMED
7047207,19.1187425,CONFIRMED
7047299,35.882272887,FALSE_POSITIVE
7047363,31.0572947,CONFIRMED
7047824,24.7543849,CONFIRMED
7047922,19.76169247,CONFIRMED
7049486,26.718417546,FALSE_POSITIVE
7049771,381.85852,FALSE_POSITIVE
7050060,22.0425953,FALSE_POSITIVE
7050754,0.615787196,FALSE_POSITIVE
7050989,11.57890926,CONFIRMED
7051180,1.951082219,UNKNOWN
70513361,11.1452784,UNKNOWN
7051984,0.339069751,UNKNOWN
70524163,4.3474,UNKNOWN
7052511,0.821472455,FALSE_POSITIVE
7053328,455.77076435,FALSE_POSITIVE
7059054,5.185768,UNKNOWN
70678449,4.3776584,UNKNOWN
70780410,3.9230475,UNKNOWN
70785910,0.4947938,UNKNOWN
70797900,705.5844658,UNKNOWN
7088246,2.160344,UNKNOWN
70887357,723.8345008,UNKNOWN
70897115,13.414031,UNKNOWN
70899085,4.0520368,UNKNOWN
7090524,6.73968289,CONFIRMED
7090801,548.08441,FALSE_POSITIVE
7090867,308.255238,FALSE_POSITIVE
70914192,0.6090253,UNKNOWN
7091432,11.55532445,CONFIRMED
7093401,34.08429351,UNKNOWN
7094486,11.35010642,CONFIRMED
7094944,7.5019743,UNKNOWN
7097534,2.21396685,FALSE_POSITIVE
7097571,2.213964145,FALSE_POSITIVE
7097965,7.72085047,CONFIRMED
7098255,11.56722589,UNKNOWN
7098355,29.00789166,CONFIRMED
7100673,3.95116635,CONFIRMED
71013298,1.7556616,UNKNOWN
7101726,270.1430241,UNKNOWN
7101828,47.878243,FALSE_POSITIVE
7102227,36.7704935,CONFIRMED
7102316,57.2488518,CONFIRMED
7103300,3.226232203,UNKNOWN
7103919,10.7769944,CONFIRMED
7105574,20.726069913,FALSE_POSITIVE
7106173,10.18318233,UNKNOWN
7106437,212.760495,FALSE_POSITIVE
7106438,269.331027,FALSE_POSITIVE
7107561,0.812587678,FALSE_POSITIVE
7107567,0.812592362,FALSE_POSITIVE
7107802,10.41728722,CONFIRMED
71083829,3.8080897,UNKNOWN
7108433,1.51918335,FALSE_POSITIVE
71088556,6.5857043,UNKNOWN
7109675,33.60123371,CONFIRMED
7109680,81.871309,FALSE_POSITIVE
7109851,1.086486129,FALSE_POSITIVE
71134735,2.3378945,UNKNOWN
7115200,0.566801447,FALSE_POSITIVE
7115291,52.802767576,FALSE_POSITIVE
7115332,0.566794934,FALSE_POSITIVE
7115384,0.566793614,FALSE_POSITIVE
7115463,0.566800287,FALSE_POSITIVE
7115550,0.566814046,FALSE_POSITIVE
7115597,0.566791946,FALSE_POSITIVE
7115661,0.566800926,FALSE_POSITIVE
7115671,0.566805859,FALSE_POSITIVE
7115785,16.08786246,CONFIRMED
7115878,0.566790294,FALSE_POSITIVE
7115925,0.566801617,FALSE_POSITIVE
7116024,3.40076682,FALSE_POSITIVE
7116043,0.566799725,FALSE_POSITIVE
7116117,0.566801886,FALSE_POSITIVE
7116226,0.566801325,FALSE_POSITIVE
7116236,0.566793818,FALSE_POSITIVE
7116282,0.566798676,FALSE_POSITIVE
7116519,0.56676437,FALSE_POSITIVE
7116859,0.5667638,FALSE_POSITIVE
7117003,428.32173928,FALSE_POSITIVE
7117050,73.836858,FALSE_POSITIVE
7117126,0.566717263,FALSE_POSITIVE
7117147,0.566812588,FALSE_POSITIVE
7117355,0.566798364,FALSE_POSITIVE
7117485,0.566789505,FALSE_POSITIVE
7117513,0.566797474,FALSE_POSITIVE
7117541,1.585673651,FALSE_POSITIVE
7117549,0.566805268,FALSE_POSITIVE
7117710,0.56679641,FALSE_POSITIVE
7118364,4.347288783,CONFIRMED
7118545,14.797219157,FALSE_POSITIVE
7119080,13.59940118,FALSE_POSITIVE
7119481,25.85499978,CONFIRMED
7120108,1.025857984,CONFIRMED
7121885,33.93754213,FALSE_POSITIVE
71221700,3.0978928,UNKNOWN
7122259,20.882125422,FALSE_POSITIVE
7123580,326.36595188,FALSE_POSITIVE
7123614,520.58269,FALSE_POSITIVE
7124026,15.7455586,FALSE_POSITIVE
7124613,4.41746257,CONFIRMED
7125636,6.49066214,FALSE_POSITIVE
7125794,126.586058,UNKNOWN
71268730,1.7215575,UNKNOWN
7128918,7.11879848,FALSE_POSITIVE
7129465,2.745910734,FALSE_POSITIVE
7130418,15.52861675,FALSE_POSITIVE
7130612,2.7200197,UNKNOWN
7131760,92.436978,CONFIRMED
7132015,6.99510404,FALSE_POSITIVE
7132462,54.595746,UNKNOWN
7132542,66.36099916,FALSE_POSITIVE
7132798,2.422084188,CONFIRMED
7133286,38.51077573,FALSE_POSITIVE
7133294,13.6471211,CONFIRMED
71341774,3.4321678,UNKNOWN
71345362,3.8821916,UNKNOWN
7134626,2.52443998,UNKNOWN
71347873,6.0683318,UNKNOWN
7134976,4.601811819,CONFIRMED
7135549,22.50053441,UNKNOWN
7135852,4.220965778,CONFIRMED
7136729,3.17319407,FALSE_POSITIVE
7136958,29.015852933,FALSE_POSITIVE
7137213,28.64338839,FALSE_POSITIVE
7137725,2.253551793,FALSE_POSITIVE
7137798,2.25353739,FALSE_POSITIVE
7138841,22.0495604,FALSE_POSITIVE
71396541,6.269716,UNKNOWN
71401634,0.2476684,UNKNOWN
71431780,13.7270395,UNKNOWN
71459120,3.9964264,UNKNOWN
71512186,14.8608019,UNKNOWN
71581518,13.758531,UNKNOWN
71582156,5.4911302,UNKNOWN
71612483,1.2164402,UNKNOWN
71674064,4.7383479,UNKNOWN
7174349,2.974163938,FALSE_POSITIVE
7174351,1.487084251,FALSE_POSITIVE
7174617,1.608363345,FALSE_POSITIVE
7174911,150.70039392,FALSE_POSITIVE
7175184,5.88527364,CONFIRMED
7176424,44.48477463,FALSE_POSITIVE
7177553,17.99646148,FALSE_POSITIVE
7177555,17.99643716,FALSE_POSITIVE
7177766,0.769358923,FALSE_POSITIVE
7177892,1.386249249,FALSE_POSITIVE
7183745,28.4750006,CONFIRMED
71841620,5.084334,UNKNOWN
7184556,93.6452481,FALSE_POSITIVE
71854732,3.1004285,UNKNOWN
71854745,3.10315,UNKNOWN
7185487,0.53482911,FALSE_POSITIVE
7185710,160.243128,FALSE_POSITIVE
7186259,4.23965309,FALSE_POSITIVE
7186436,585.64118,UNKNOWN
7186665,8.55935323,FALSE_POSITIVE
7189825,574.69029,FALSE_POSITIVE
7190639,98.1020983,FALSE_POSITIVE
7191523,502.98283916,UNKNOWN
7191646,106.957467,UNKNOWN
7192680,114.25041494,FALSE_POSITIVE
7198587,651.358046,UNKNOWN
7198648,0.566799833,FALSE_POSITIVE
7198881,182.467019,FALSE_POSITIVE
7199060,64.1862264,UNKNOWN
7199397,105.8817667,UNKNOWN
7199644,1.13357304,FALSE_POSITIVE
7199724,0.566795586,FALSE_POSITIVE
7199756,0.566781152,FALSE_POSITIVE
7199774,4.70818628,FALSE_POSITIVE
7199883,0.566799125,FALSE_POSITIVE
7199906,220.65651253,UNKNOWN
7199935,0.566795728,FALSE_POSITIVE
7200102,14.665759784,FALSE_POSITIVE
7200225,0.566780836,FALSE_POSITIVE
7200301,0.566791802,FALSE_POSITIVE
7200485,0.566796615,FALSE_POSITIVE
7202957,1.716828304,CONFIRMED
7203179,2.245738777,FALSE_POSITIVE
7203194,2.24572117,FALSE_POSITIVE
7203326,9.087508013,FALSE_POSITIVE
7203858,407.97623,FALSE_POSITIVE
7204073,0.566801906,FALSE_POSITIVE
7204233,33.3037881,UNKNOWN
7204981,5.1233204,CONFIRMED
7205717,212.60398,UNKNOWN
7206422,50.550788,UNKNOWN
7207061,15.94248453,CONFIRMED
7207081,239.25578975,FALSE_POSITIVE
72090501,1.0697877,UNKNOWN
72097808,5.7728793,UNKNOWN
7210749,17.5859472,FALSE_POSITIVE
7211141,51.92920654,CONFIRMED
7211221,5.62154315,CONFIRMED
7211469,11.29689442,CONFIRMED
7211879,0.594310785,FALSE_POSITIVE
7212066,3.840485025,FALSE_POSITIVE
7212184,36.292017,CONFIRMED
72123144,7.0911739,UNKNOWN
7212722,2.316171991,FALSE_POSITIVE
7213311,285.374561,UNKNOWN
7214090,0.577910513,FALSE_POSITIVE
7215603,2.36436762,CONFIRMED
7215678,1.151244686,UNKNOWN
7216284,6.69958851,CONFIRMED
7217088,12.54474243,UNKNOWN
7219761,47.76397728,FALSE_POSITIVE
7219825,17.23232894,CONFIRMED
7219906,35.08976902,FALSE_POSITIVE
7220320,0.752158047,FALSE_POSITIVE
7220322,0.752159702,FALSE_POSITIVE
7220429,8.03753796,CONFIRMED
72212948,2.1610101,UNKNOWN
72214252,8.6001093,UNKNOWN
7222086,2.43902575,FALSE_POSITIVE
72401290,6.5430693,UNKNOWN
72494421,2.9531039,UNKNOWN
72504017,5.6177467,UNKNOWN
72504752,6.9392854,UNKNOWN
72542131,5.4736892,UNKNOWN
72542944,2.5011016,UNKNOWN
7255336,1.20320092,FALSE_POSITIVE
72556406,5.563087,UNKNOWN
7255910,274.553579,FALSE_POSITIVE
7256460,251.02304011,FALSE_POSITIVE
7256914,2.41750021,UNKNOWN
7257363,5.23340265,FALSE_POSITIVE
7257373,5.233450136,FALSE_POSITIVE
7257966,3.035206175,CONFIRMED
7258902,1.80774253,FALSE_POSITIVE
7259249,0.950735805,FALSE_POSITIVE
7259298,3.23941775,CONFIRMED
7265298,25.7626846,CONFIRMED
7266212,7.79534033,UNKNOWN
72668830,19.9706574,UNKNOWN
7269493,1.907810683,CONFIRMED
7269881,0.306937807,FALSE_POSITIVE
7269974,13.69942266,CONFIRMED
7270230,6.998099523,FALSE_POSITIVE
7272132,154.674369,UNKNOWN
7273277,2.714078374,CONFIRMED
7274938,1.0994412,UNKNOWN
7277317,16.33888067,CONFIRMED
72806004,4.4156851,UNKNOWN
7280953,0.56680208,FALSE_POSITIVE
7281217,0.566810701,FALSE_POSITIVE
7281229,0.566813319,FALSE_POSITIVE
7281356,2.83401711,FALSE_POSITIVE
7281399,0.566803996,FALSE_POSITIVE
7281410,0.56681118,FALSE_POSITIVE
7281411,0.566804221,FALSE_POSITIVE
7281454,0.566805887,FALSE_POSITIVE
7281484,0.566800593,FALSE_POSITIVE
7281616,0.566799927,FALSE_POSITIVE
7281668,0.566798545,FALSE_POSITIVE
7281694,0.566807725,FALSE_POSITIVE
7281699,0.566786121,FALSE_POSITIVE
7282008,0.56679797,FALSE_POSITIVE
7282042,0.566803216,FALSE_POSITIVE
7282154,0.56678694,FALSE_POSITIVE
7282168,0.56681727,FALSE_POSITIVE
7282470,520.655224,UNKNOWN
7282872,402.41511,FALSE_POSITIVE
7283710,353.40191,FALSE_POSITIVE
7284688,0.323021692,FALSE_POSITIVE
7285616,0.566802891,FALSE_POSITIVE
7285673,0.566801045,FALSE_POSITIVE
7285757,19.5489666,CONFIRMED
7286173,56.4349933,CONFIRMED
7286911,11.55562042,CONFIRMED
7287028,3.6092231,UNKNOWN
7287391,4.286103033,FALSE_POSITIVE
7287415,3.016182013,CONFIRMED
7287677,18.3721835,UNKNOWN
7287683,69.8347983,UNKNOWN
7287995,5.95489993,CONFIRMED
7288306,96.169569,CONFIRMED
7288444,15.3317719,CONFIRMED
72889156,7.6408565,UNKNOWN
7289139,369.93355,UNKNOWN
7289157,5.26640614,FALSE_POSITIVE
7289162,5.26648126,FALSE_POSITIVE
7289165,5.26641416,FALSE_POSITIVE
7289317,16.83203175,CONFIRMED
7289338,12.5014905,UNKNOWN
7289577,109.4450597,CONFIRMED
7293937,1.366964704,FALSE_POSITIVE
7294743,2.81043228,UNKNOWN
7295235,3.179267286,CONFIRMED
7295570,3.6037011,FALSE_POSITIVE
7296086,0.890737359,FALSE_POSITIVE
7296094,0.890745373,FALSE_POSITIVE
7296438,173.92851338,UNKNOWN
72985822,3.8639681,UNKNOWN
7300182,172.820248,UNKNOWN
7303253,23.58917143,CONFIRMED
7303287,125.86540191,CONFIRMED
73038411,13.1660135,UNKNOWN
7304449,1.538180949,CONFIRMED
73082014,3.2689953,UNKNOWN
73104318,7.45494,UNKNOWN
73228647,2.5404679,UNKNOWN
73244652,8.2100724,UNKNOWN
73250068,14.5814997,UNKNOWN
73310180,10.9799801,UNKNOWN
7335514,0.576732089,UNKNOWN
7335713,0.573709256,FALSE_POSITIVE
7335972,0.579770948,FALSE_POSITIVE
7336093,4.4040248,FALSE_POSITIVE
7336754,12.155241119,FALSE_POSITIVE
7340624,369.28177,FALSE_POSITIVE
73433128,7.4659746,UNKNOWN
73448352,4.7321735,UNKNOWN
7345136,28.7369766,FALSE_POSITIVE
7345248,5.66494448,UNKNOWN
7345335,11.0495766,UNKNOWN
7347246,86.1160885,CONFIRMED
7350067,4.48559215,CONFIRMED
7351237,25.64384513,FALSE_POSITIVE
7352727,2.45649061,FALSE_POSITIVE
7353970,198.443477,FALSE_POSITIVE
73540072,1.2436239,UNKNOWN
73560357,0.9499997,UNKNOWN
7357531,251.0597249,FALSE_POSITIVE
7362450,0.566807422,FALSE_POSITIVE
7362534,0.566789763,FALSE_POSITIVE
7362632,0.566811926,FALSE_POSITIVE
7362696,4.93129874,FALSE_POSITIVE
7362852,3.518356021,FALSE_POSITIVE
7363829,384.02570682,UNKNOWN
7364176,135.1879934,CONFIRMED
73649615,1.2392569,UNKNOWN
7365447,2.525386934,FALSE_POSITIVE
7366036,0.566801506,FALSE_POSITIVE
7366065,0.566803738,FALSE_POSITIVE
7366258,26.44439337,CONFIRMED
7366501,7.3812344,UNKNOWN
7366895,289.86046,FALSE_POSITIVE
7367164,3.76565247,UNKNOWN
7368103,2.182515126,FALSE_POSITIVE
7368137,2.18242002,FALSE_POSITIVE
7368664,12.874712426,CONFIRMED
73692250,2.5726086,UNKNOWN
7369523,2.659418888,FALSE_POSITIVE
7369865,42.2625935,FALSE_POSITIVE
73717937,16.2546802,UNKNOWN
73723286,14.066109,UNKNOWN
73729607,0.7938732,UNKNOWN
7373451,21.02250608,CONFIRMED
7373877,32.669962587,FALSE_POSITIVE
7374746,1.366946478,FALSE_POSITIVE
7375100,98.51783198,FALSE_POSITIVE
7375348,25.30893566,CONFIRMED
7375795,19.30112039,FALSE_POSITIVE
7376490,5.877122413,FALSE_POSITIVE
7376500,5.877122485,FALSE_POSITIVE
7376982,2.31610674,FALSE_POSITIVE
7376983,5.644914154,CONFIRMED
7377033,1.956811408,FALSE_POSITIVE
7377200,471.65421,FALSE_POSITIVE
7377343,7.95445779,UNKNOWN
7379385,67.230028,FALSE_POSITIVE
7380537,2.688899233,UNKNOWN
7380829,3.17463577,FALSE_POSITIVE
7381580,13.5164708,UNKNOWN
7381695,0.948683571,FALSE_POSITIVE
7382313,7.42697378,CONFIRMED
7383840,331.70918,UNKNOWN
7385387,1.65546056,FALSE_POSITIVE
7385478,1.655472351,FALSE_POSITIVE
7385509,1.655467295,FALSE_POSITIVE
7386200,575.42002,FALSE_POSITIVE
7386391,48.507991,FALSE_POSITIVE
7386827,10.4188915,CONFIRMED
7413227,3.4158668,UNKNOWN
7416016,297.78282,UNKNOWN
7416306,137.396194,UNKNOWN
7416646,365.739893,UNKNOWN
7418173,0.780632043,FALSE_POSITIVE
7419318,18.73577127,CONFIRMED
74197917,1.5040804,UNKNOWN
7421876,4.50279037,FALSE_POSITIVE
7422496,46.9621053,UNKNOWN
7422883,11.41437505,FALSE_POSITIVE
742648307,1.6180578,UNKNOWN
74274839,4.6957057,UNKNOWN
7427764,4.56383697,CONFIRMED
7428316,7.12684695,FALSE_POSITIVE
7428736,7.06321927,CONFIRMED
7429240,196.436796,CONFIRMED
7429287,358.66044,FALSE_POSITIVE
7430034,49.6220669,CONFIRMED
7430876,32.6122381,FALSE_POSITIVE
7431665,281.509095,FALSE_POSITIVE
7431709,0.572513875,FALSE_POSITIVE
7433585,0.545544979,FALSE_POSITIVE
7434875,9.439459486,CONFIRMED
7435780,0.933157032,FALSE_POSITIVE
7436177,19.93364711,FALSE_POSITIVE
7436215,25.58546721,FALSE_POSITIVE
74389253,2.9371797,UNKNOWN
7439316,2.617028373,CONFIRMED
7439480,1.2541235,UNKNOWN
7439481,1.2540806,UNKNOWN
7440715,104.198102,UNKNOWN
7440748,4.9213639,CONFIRMED
7445445,10.68758211,CONFIRMED
7446631,29.2254372,UNKNOWN
7447200,7.972510087,CONFIRMED
7447895,2.405625303,UNKNOWN
7448023,0.566816802,FALSE_POSITIVE
74482749,1.2622658,UNKNOWN
74484423,2.835273,UNKNOWN
74484886,3.8505662,UNKNOWN
7449136,4.33643506,CONFIRMED
7449541,3.00725068,CONFIRMED
7449554,2.42088277,UNKNOWN
7449844,1.152216965,FALSE_POSITIVE
7450747,2.20829637,CONFIRMED
7451315,368.5224,FALSE_POSITIVE
74530173,7.2333744,UNKNOWN
74534430,36.2995129,UNKNOWN
7455287,8.01078456,CONFIRMED
7455553,3.258249472,FALSE_POSITIVE
7455981,14.4540329,CONFIRMED
7456001,40.0686713,CONFIRMED
7456380,368.72715,FALSE_POSITIVE
7456521,552.8295063,FALSE_POSITIVE
7457278,12.607591424,FALSE_POSITIVE
7457296,3.97076603,CONFIRMED
7458309,0.660629055,FALSE_POSITIVE
7458433,0.66062715,FALSE_POSITIVE
7458743,248.421771,UNKNOWN
7458762,7.41113177,CONFIRMED
7461307,0.77359329,FALSE_POSITIVE
7461314,0.773595312,FALSE_POSITIVE
7461521,0.7735301,UNKNOWN
7463685,8.98826122,CONFIRMED
7464205,151.31847,FALSE_POSITIVE
7466270,16.1558656,UNKNOWN
7466863,11.9710626,FALSE_POSITIVE
7468295,456.5734,FALSE_POSITIVE
7470491,0.902222843,FALSE_POSITIVE
74712191,7.2307407,UNKNOWN
74881311,9.5680636,UNKNOWN
74967390,5.4588359,UNKNOWN
7499398,23.02028478,UNKNOWN
7499571,533.6593,FALSE_POSITIVE
7501646,6.37705295,UNKNOWN
7503885,91.078624,CONFIRMED
7504328,53.71798494,UNKNOWN
7504778,17.1369408,CONFIRMED
75076261,5.9709305,UNKNOWN
7509886,6.0404622,CONFIRMED
7510820,29.3493852,CONFIRMED
7512982,20.38174802,CONFIRMED
7515212,31.80475991,CONFIRMED
7515336,5.65690281,UNKNOWN
7515670,2.30367952,FALSE_POSITIVE
7515679,5.546083089,CONFIRMED
7515762,40.9905002,CONFIRMED
7516073,601.13797,FALSE_POSITIVE
7516809,0.241842544,FALSE_POSITIVE
75171363,4.267781,UNKNOWN
7517261,23.2385587,CONFIRMED
75208638,4.6512523,UNKNOWN
7522911,20.4998763,CONFIRMED
7523542,365.13981,FALSE_POSITIVE
75262942,2.6634154,UNKNOWN
7529266,8.600153929,CONFIRMED
7531677,2.622134451,FALSE_POSITIVE
7532973,2.144632238,CONFIRMED
7534267,39.4420781,CONFIRMED
7537660,2.42186898,UNKNOWN
7537945,1.071911311,FALSE_POSITIVE
7538434,371.1495,FALSE_POSITIVE
7538450,344.06248,FALSE_POSITIVE
7539174,39.94344731,FALSE_POSITIVE
7539277,551.22396,UNKNOWN
7541502,44.827323809,FALSE_POSITIVE
7541746,4.1747072,FALSE_POSITIVE
75417968,3.3815776,UNKNOWN
7542369,5.46091846,FALSE_POSITIVE
75427473,1.4713984,UNKNOWN
7542813,16.8600805,CONFIRMED
7543649,3.582076914,FALSE_POSITIVE
7548817,4.52074,UNKNOWN
7549209,27.5071114,CONFIRMED
7550875,466.90824,FALSE_POSITIVE
75522633,3.8027513,UNKNOWN
7552344,1.000747038,FALSE_POSITIVE
7552701,1.324247867,FALSE_POSITIVE
75580659,5.0711656,UNKNOWN
75589027,2.1667786,UNKNOWN
7561203,2.4843225,UNKNOWN
7562528,5.2477739,UNKNOWN
75650448,18.184189,UNKNOWN
75656058,1.78166,UNKNOWN
75697959,4.1459886,UNKNOWN
75744886,7.9018734,UNKNOWN
757450,8.884922995,CONFIRMED
75784122,10.5353472,UNKNOWN
7581535,218.56734012,FALSE_POSITIVE
7582689,11.9216035,CONFIRMED
7582691,0.259819659,UNKNOWN
7583650,6.4546845,UNKNOWN
7583660,5.3333965,UNKNOWN
7584650,44.9977604,CONFIRMED
7584778,0.622303871,FALSE_POSITIVE
7585481,8.09888906,CONFIRMED
75878355,9.2292078,UNKNOWN
7588436,23.3924063,FALSE_POSITIVE
75919790,8.6369598,UNKNOWN
7592339,229.948531,FALSE_POSITIVE
7592529,75.906736,UNKNOWN
7592922,2.15888911,UNKNOWN
7593110,3.549386251,FALSE_POSITIVE
7595157,3.383540239,CONFIRMED
7596240,13.3997555,CONFIRMED
7597005,0.704541784,FALSE_POSITIVE
7597703,4.608901433,FALSE_POSITIVE
7598111,132.778041,FALSE_POSITIVE
7598128,44.258173075,FALSE_POSITIVE
7598326,403.5637828,FALSE_POSITIVE
7599004,2.41172358,FALSE_POSITIVE
7601633,15.663886949,FALSE_POSITIVE
7601665,3.11141514,UNKNOWN
7601918,0.621361411,FALSE_POSITIVE
7602070,11.75560012,FALSE_POSITIVE
7602351,17.5806026,UNKNOWN
7603200,13.78109471,CONFIRMED
76032342,3.0604071,UNKNOWN
7604328,4.35407371,CONFIRMED
7605093,0.634003002,CONFIRMED
7605600,3.326193904,FALSE_POSITIVE
7609553,2.279523364,CONFIRMED
7609674,21.2360024,UNKNOWN
7610663,3.03196812,CONFIRMED
7612691,3.46724809,FALSE_POSITIVE
7613246,0.769127296,FALSE_POSITIVE
7613620,0.619023176,UNKNOWN
7618231,92.9314146,FALSE_POSITIVE
7618364,1.302061421,FALSE_POSITIVE
7619236,562.1725914,UNKNOWN
76193403,1.7812778,UNKNOWN
7619667,103.22293786,FALSE_POSITIVE
76197937,1.78252,UNKNOWN
7620413,2.543063763,CONFIRMED
7620660,5.36652724,FALSE_POSITIVE
7620844,58.621578824,FALSE_POSITIVE
7622059,10.4032399,FALSE_POSITIVE
7622072,6.373454978,FALSE_POSITIVE
7622473,40.244826,FALSE_POSITIVE
7622486,40.24649897,FALSE_POSITIVE
76228620,9.7800223,UNKNOWN
7624182,1.1096992,UNKNOWN
7624297,18.019651402,FALSE_POSITIVE
7625138,5.71966537,UNKNOWN
7625143,58.5029431,UNKNOWN
7626370,1.921437488,CONFIRMED
7626506,28.5742692,CONFIRMED
7629518,15.59466045,CONFIRMED
7630229,278.1243979,UNKNOWN
7630658,1.075577069,FALSE_POSITIVE
7631138,415.748785,UNKNOWN
7631194,0.811390968,FALSE_POSITIVE
76419763,2.7884723,UNKNOWN
76420654,4.9133022,UNKNOWN
76505260,2.5336422,UNKNOWN
76545118,3.0343155,UNKNOWN
7658229,36.1826854,FALSE_POSITIVE
7659389,3.8259005,CONFIRMED
7661065,4.150297119,FALSE_POSITIVE
7661409,3.14051153,FALSE_POSITIVE
7661893,2.49385348,UNKNOWN
7662209,14.6494599,FALSE_POSITIVE
7662502,24.1527864,UNKNOWN
7662744,135.428746,FALSE_POSITIVE
7663405,5.1443645,CONFIRMED
7663691,10.00653012,CONFIRMED
7663804,321.00742,FALSE_POSITIVE
7664272,341.01495,FALSE_POSITIVE
76663549,3.9216762,UNKNOWN
7668416,0.858546796,UNKNOWN
7668648,27.81892382,FALSE_POSITIVE
7668663,6.4980147,CONFIRMED
7670485,8.467706136,FALSE_POSITIVE
76706043,2.3207203,UNKNOWN
7670617,24.70361995,FALSE_POSITIVE
7670943,18.01164974,CONFIRMED
7671594,0.705174384,FALSE_POSITIVE
7671950,10.5994606,UNKNOWN
7672097,7.97033985,CONFIRMED
7672215,11.1734401,UNKNOWN
7672940,1064.2680956,FALSE_POSITIVE
76731445,8.2864221,UNKNOWN
7673192,6.12479773,CONFIRMED
7673841,5.34182466,CONFIRMED
7674050,472.2265706,FALSE_POSITIVE
76761591,11.968028,UNKNOWN
7676423,2.46050095,CONFIRMED
7677005,38.058140058,FALSE_POSITIVE
7678434,10.37168928,CONFIRMED
7679812,38.5763483,CONFIRMED
76798849,2.2703829,UNKNOWN
7681230,0.962590772,FALSE_POSITIVE
7681574,16.0104634,UNKNOWN
76835246,0.5127744,UNKNOWN
7684873,2.947376671,FALSE_POSITIVE
7685981,4.40841331,CONFIRMED
7686191,380.03903,FALSE_POSITIVE
7687365,26.1556767,UNKNOWN
76882795,4.1059353,UNKNOWN
76894548,3.9353218,UNKNOWN
76899250,3.3357969,UNKNOWN
7690521,380.294204,FALSE_POSITIVE
7690782,428.379308,UNKNOWN
7690844,22.0459163,CONFIRMED
7690855,0.786260569,FALSE_POSITIVE
7691260,3.989544192,CONFIRMED
7691527,4.800232532,FALSE_POSITIVE
7692093,91.172033,FALSE_POSITIVE
7692248,17.99562529,UNKNOWN
76923707,4.5320502,UNKNOWN
7694615,0.631106722,FALSE_POSITIVE
7695087,4.032760214,FALSE_POSITIVE
7695093,4.032762189,FALSE_POSITIVE
7695445,1.74336627,FALSE_POSITIVE
7697103,13.9248005,UNKNOWN
7697568,22.84156293,FALSE_POSITIVE
7698701,370.90237,FALSE_POSITIVE
76989773,1.7691703,UNKNOWN
7699298,1.1578141,FALSE_POSITIVE
7700500,4.60687717,UNKNOWN
7700561,1.507099289,FALSE_POSITIVE
7700578,1.507100589,FALSE_POSITIVE
7700590,1.507101452,FALSE_POSITIVE
7700622,35.58349688,CONFIRMED
7700871,5.17968868,FALSE_POSITIVE
7701809,30.2111162,FALSE_POSITIVE
77031413,1.38665,UNKNOWN
77031414,1.3866519,UNKNOWN
7703882,5.88350251,CONFIRMED
7703910,1.275511306,FALSE_POSITIVE
7703955,96.109323,CONFIRMED
77044471,2.6865064,UNKNOWN
7707736,0.758355704,FALSE_POSITIVE
7707742,0.758354475,FALSE_POSITIVE
7708193,7.942583252,FALSE_POSITIVE
7708215,7.9426176,FALSE_POSITIVE
77102895,1.0962372,UNKNOWN
77156657,3.8404319,UNKNOWN
77156829,0.8602406,UNKNOWN
77175217,703.79367,UNKNOWN
77202722,3.3566052,UNKNOWN
77228304,0.336826,UNKNOWN
77253676,8.6078603,UNKNOWN
77258176,4.6821297,UNKNOWN
77258279,5.5122277,UNKNOWN
7730747,4.034914368,UNKNOWN
7731281,76.377855,CONFIRMED
7732285,4.39049637,FALSE_POSITIVE
7732791,1.032068851,FALSE_POSITIVE
7733540,0.77258608,FALSE_POSITIVE
7733731,4.85819429,UNKNOWN
7741048,0.843400322,FALSE_POSITIVE
7741837,62.366706,FALSE_POSITIVE
7742408,33.4969115,CONFIRMED
7743464,55.249007325,FALSE_POSITIVE
77437543,,UNKNOWN
7746958,1.204686597,UNKNOWN
7747091,14.2673439,UNKNOWN
7747103,399.37587,UNKNOWN
7747197,22.52907,FALSE_POSITIVE
7747425,42.4729078,CONFIRMED
7747457,1.5184181,CONFIRMED
7747835,373.74691,FALSE_POSITIVE
7748487,15.5764061,UNKNOWN
77490011,2.6881318,UNKNOWN
7749002,0.609926502,UNKNOWN
7749318,2.371589507,FALSE_POSITIVE
7749773,13.7872627,CONFIRMED
7750342,66.247851,FALSE_POSITIVE
7750419,32.7737631,UNKNOWN
7750740,5.874197307,FALSE_POSITIVE
7751133,370.91308,FALSE_POSITIVE
7751294,371.4589776,FALSE_POSITIVE
7751562,17.042155208,FALSE_POSITIVE
7751571,17.0421346,FALSE_POSITIVE
77527511,0.7784962,UNKNOWN
77550515,3.118166,UNKNOWN
7755636,16.00496657,CONFIRMED
7755741,0.874236216,FALSE_POSITIVE
7757620,360.64485255,UNKNOWN
7757698,369.181947,FALSE_POSITIVE
7758018,363.41165,UNKNOWN
7761545,85.3514875,CONFIRMED
7761585,205.30627,FALSE_POSITIVE
7761918,89.1935737,CONFIRMED
7762153,366.55705,UNKNOWN
7762717,462.26052152,FALSE_POSITIVE
7762723,9.88736642,CONFIRMED
7762886,315.81065,FALSE_POSITIVE
7763269,6.40802979,FALSE_POSITIVE
7764367,3.173914037,CONFIRMED
7765528,7.03932913,CONFIRMED
7767162,3.30040818,CONFIRMED
7767559,4.409409243,FALSE_POSITIVE
7767733,25.19830439,FALSE_POSITIVE
7767781,39.42516213,UNKNOWN
77680373,3.5569996,UNKNOWN
7768451,192.667139,UNKNOWN
7768952,22.4685309,FALSE_POSITIVE
7769072,0.60886299,FALSE_POSITIVE
7769815,4.43529675,FALSE_POSITIVE
7769819,2.21571296,CONFIRMED
7770450,1.157808038,FALSE_POSITIVE
7770471,1.157804607,FALSE_POSITIVE
7770901,124.887214,UNKNOWN
7771181,9.97202023,UNKNOWN
7772914,23.1334494,UNKNOWN
7773179,2.15681538,FALSE_POSITIVE
7777365,0.88512187,FALSE_POSITIVE
7777372,0.885123683,FALSE_POSITIVE
7777397,5.09112124,FALSE_POSITIVE
7777416,2.54557259,FALSE_POSITIVE
7777471,0.885131111,FALSE_POSITIVE
7777522,0.885129679,FALSE_POSITIVE
7777818,5.78159956,FALSE_POSITIVE
7778427,5.38299284,UNKNOWN
7778437,5.014234733,CONFIRMED
7778621,7.28171395,CONFIRMED
7778664,5.0263815,UNKNOWN
7778767,13.0313583,CONFIRMED
7779077,16.84183355,CONFIRMED
7779942,19.7959731,FALSE_POSITIVE
77951245,10.7148661,UNKNOWN
77958378,5.8259928,UNKNOWN
7798259,1.734221252,FALSE_POSITIVE
7799701,386.828262,FALSE_POSITIVE
7800285,0.533000886,FALSE_POSITIVE
7801070,75.8781344,UNKNOWN
7802136,10.980246199,FALSE_POSITIVE
7802719,4.45743267,CONFIRMED
7804128,200.35091012,FALSE_POSITIVE
78055054,4.3888516,UNKNOWN
7808587,6.24145791,CONFIRMED
7809049,114.32859485,FALSE_POSITIVE
7810483,29.92208104,CONFIRMED
7811057,99.97889,FALSE_POSITIVE
7811211,0.902403563,UNKNOWN
7811397,169.4976085,UNKNOWN
7811537,16.9341628,FALSE_POSITIVE
7812167,17.7940049,FALSE_POSITIVE
7812175,17.79391159,FALSE_POSITIVE
7812179,17.79421914,FALSE_POSITIVE
7812455,0.903583394,FALSE_POSITIVE
7812893,8.7998722,UNKNOWN
7812990,43.08410127,UNKNOWN
7813039,141.73403059,UNKNOWN
78154865,0.493826,UNKNOWN
7815744,14.20442616,CONFIRMED
7815931,1.868564038,FALSE_POSITIVE
7816665,4.29258258,FALSE_POSITIVE
7816680,4.292599454,FALSE_POSITIVE
7816935,6.87778029,UNKNOWN
7818447,0.618952198,FALSE_POSITIVE
7819520,230.80401566,FALSE_POSITIVE
7820699,364.08733,UNKNOWN
7821010,24.238241803,FALSE_POSITIVE
7825899,16.23947096,CONFIRMED
7826620,0.849906734,CONFIRMED
7826659,211.032819,CONFIRMED
78290597,9.765482,UNKNOWN
7829836,237.819002,UNKNOWN
7830321,2.027383251,FALSE_POSITIVE
7830637,121.5991278,FALSE_POSITIVE
7830953,581.87357,UNKNOWN
7831264,5.968724048,CONFIRMED
7831363,2.81753381,FALSE_POSITIVE
7832356,7.886632468,CONFIRMED
7832787,338.00692,UNKNOWN
7833305,8.31224474,UNKNOWN
7834045,44.6966177,UNKNOWN
7834712,66.119119,UNKNOWN
7835312,29.5126153,FALSE_POSITIVE
7836096,15.9961296,UNKNOWN
7837302,23.836808884,FALSE_POSITIVE
7837526,28.297207229,FALSE_POSITIVE
7837733,3.08723626,FALSE_POSITIVE
7838639,2.113197701,FALSE_POSITIVE
7838655,2.113202658,FALSE_POSITIVE
7838675,1.005205893,CONFIRMED
7838906,5.614892073,FALSE_POSITIVE
7840035,13.54208867,FALSE_POSITIVE
7840044,13.54204116,FALSE_POSITIVE
7841368,25.3710555,FALSE_POSITIVE
7841925,14.16400071,CONFIRMED
7841986,10.73370737,FALSE_POSITIVE
7842610,0.971933156,FALSE_POSITIVE
78441371,3.9980153,UNKNOWN
7846730,11.02822674,FALSE_POSITIVE
7847104,1.284991846,FALSE_POSITIVE
7847927,70.37626987,FALSE_POSITIVE
78489364,1.8911553,UNKNOWN
7849854,2.052349884,CONFIRMED
78601408,10.0532043,UNKNOWN
7866914,365.994154,FALSE_POSITIVE
7866921,91.4999978,FALSE_POSITIVE
78672342,2.97638,UNKNOWN
7868092,180.71809,FALSE_POSITIVE
7868967,12.9489256,UNKNOWN
7869917,7.71467686,CONFIRMED
7870032,16.87725775,CONFIRMED
7870250,0.580724809,FALSE_POSITIVE
7870282,0.580725004,FALSE_POSITIVE
7870390,9.7704486,CONFIRMED
7871395,501.07647447,FALSE_POSITIVE
7871954,1.937029968,CONFIRMED
7874976,185.83013,FALSE_POSITIVE
7877496,1.72086129,CONFIRMED
78775584,5.5553784,UNKNOWN
7877818,9.44942628,FALSE_POSITIVE
7877820,9.449438672,FALSE_POSITIVE
7877824,9.44942685,FALSE_POSITIVE
7877978,56.5732318,CONFIRMED
7879433,1.385787741,CONFIRMED
7879648,1.020713389,FALSE_POSITIVE
7881464,213.63312404,UNKNOWN
7882360,364.14397,FALSE_POSITIVE
7884986,412.227551,FALSE_POSITIVE
7885494,1.72929014,FALSE_POSITIVE
7885518,1.72933255,FALSE_POSITIVE
7885558,0.864651455,FALSE_POSITIVE
7885570,1.729338354,FALSE_POSITIVE
7886329,0.567493852,FALSE_POSITIVE
7887791,2.229326354,UNKNOWN
7887890,370.35639,FALSE_POSITIVE
7888863,74.624063,UNKNOWN
7888957,363.346158,FALSE_POSITIVE
7889486,24.2382519,FALSE_POSITIVE
7891264,25.166806,FALSE_POSITIVE
7891294,3.07714195,UNKNOWN
7897936,363.17077,FALSE_POSITIVE
7898352,127.2824442,CONFIRMED
7898576,8.64636188,FALSE_POSITIVE
7899070,126.4451275,UNKNOWN
7900100,397.73781,FALSE_POSITIVE
7900114,303.91225,FALSE_POSITIVE
7900450,25.4805211,FALSE_POSITIVE
7900695,512.11636,FALSE_POSITIVE
7900727,348.61891,FALSE_POSITIVE
7901016,41.6757509,UNKNOWN
7901948,2.578852119,CONFIRMED
7902003,7.13044117,UNKNOWN
7902204,2.54031121,UNKNOWN
7902719,368.70839,FALSE_POSITIVE
79030066,1.8882882,UNKNOWN
7903086,1.846861455,FALSE_POSITIVE
7904580,15.8346011,UNKNOWN
7905106,4.22426989,UNKNOWN
7906671,45.1178526,FALSE_POSITIVE
7906739,7.01476115,FALSE_POSITIVE
7906882,52.513548727,UNKNOWN
7906892,11.1438086,UNKNOWN
7907423,7.11373257,CONFIRMED
7907808,0.655939788,UNKNOWN
7908367,12.2064304,CONFIRMED
7910148,4.252082243,FALSE_POSITIVE
7914906,8.752913958,FALSE_POSITIVE
7916058,7.1091096,FALSE_POSITIVE
7917068,416.9504,UNKNOWN
7918172,63.934965,FALSE_POSITIVE
7918217,63.9354965,FALSE_POSITIVE
7918478,9.9092109,UNKNOWN
7918652,11.45541896,UNKNOWN
7918992,1.434745129,CONFIRMED
7919516,0.575445783,FALSE_POSITIVE
7919653,2.105238039,FALSE_POSITIVE
7919867,1.60375114,FALSE_POSITIVE
79292541,2.2786049,UNKNOWN
79316101,2.8675385,UNKNOWN
7935997,322.55663046,CONFIRMED
7936194,536.52197,FALSE_POSITIVE
7938468,7.226944171,FALSE_POSITIVE
7938496,13.81020318,CONFIRMED
7938499,7.2269859,FALSE_POSITIVE
7938883,0.489682339,FALSE_POSITIVE
7939330,29.5422566,CONFIRMED
79395355,7.31898,UNKNOWN
7939761,22.2548897,UNKNOWN
7940533,3.905532605,FALSE_POSITIVE
7941200,65.7045275,CONFIRMED
7941635,25.273355,FALSE_POSITIVE
79431527,3.9072351,UNKNOWN
7943535,4.719336335,FALSE_POSITIVE
7947631,1.258274109,FALSE_POSITIVE
7948619,206.76425774,FALSE_POSITIVE
7948784,10.08744556,CONFIRMED
7949593,17.7662938,UNKNOWN
7950158,529.39169,UNKNOWN
7950644,10.290994129,CONFIRMED
7950775,8.966610607,FALSE_POSITIVE
7951018,52.75878505,CONFIRMED
7954278,0.306702491,UNKNOWN
7955301,15.32763411,FALSE_POSITIVE
7955580,55.673582,CONFIRMED
7959310,350.514,FALSE_POSITIVE
7960295,2.10413487,FALSE_POSITIVE
7960547,6.767341062,FALSE_POSITIVE
79605791,9.3305377,UNKNOWN
7960980,9.98970266,CONFIRMED
79660831,4.5833112,UNKNOWN
7967100,1.92730001,FALSE_POSITIVE
7967210,362.49906,FALSE_POSITIVE
7967517,0.579516759,FALSE_POSITIVE
7967861,215.15218,FALSE_POSITIVE
7968683,367.95566,FALSE_POSITIVE
7970194,190.65896,FALSE_POSITIVE
7970629,1.025534511,FALSE_POSITIVE
7970760,7.64941291,FALSE_POSITIVE
7971389,13.174807933,FALSE_POSITIVE
7972785,7.300735516,FALSE_POSITIVE
7974634,131.258668,FALSE_POSITIVE
79748331,6.4438657,UNKNOWN
7975727,22.418319842,FALSE_POSITIVE
7976072,8.9981735,UNKNOWN
7976136,0.655094658,FALSE_POSITIVE
7976435,3.33287187,FALSE_POSITIVE
7976520,4.17838675,UNKNOWN
7977197,19.44639139,CONFIRMED
7978202,509.997402,CONFIRMED
7979297,292.09809,UNKNOWN
7982917,11.8045536,FALSE_POSITIVE
7983117,11.49500229,CONFIRMED
7983756,5.24078259,FALSE_POSITIVE
7984047,77.63424586,UNKNOWN
7984574,11.6191707,UNKNOWN
7985167,0.692239369,FALSE_POSITIVE
7985733,0.544561598,FALSE_POSITIVE
7987086,156.51657398,FALSE_POSITIVE
7987749,17.030857558,FALSE_POSITIVE
7987866,3.13877646,CONFIRMED
7989422,7.47763833,FALSE_POSITIVE
79920467,1.4338615,UNKNOWN
79930628,2.1663502,UNKNOWN
79971247,3.5533716,UNKNOWN
80029842,2.3992876,UNKNOWN
8004903,11.25401871,CONFIRMED
8005002,578.21623,UNKNOWN
8005485,5.1087099,UNKNOWN
8007174,56.648588,UNKNOWN
8007262,1.345078434,FALSE_POSITIVE
8007644,25.2034128,CONFIRMED
8007675,2.352446342,UNKNOWN
8008067,15.77111067,CONFIRMED
8008128,14.854415674,FALSE_POSITIVE
8008206,20.72904234,CONFIRMED
8008913,34.9989085,FALSE_POSITIVE
8009350,13.75207851,CONFIRMED
8009496,38.4769457,FALSE_POSITIVE
8009500,38.47674409,FALSE_POSITIVE
8009811,53.554546,UNKNOWN
8012732,431.51734,FALSE_POSITIVE
8013289,10.643110689,FALSE_POSITIVE
8013419,12.732624065,UNKNOWN
8013439,13.39155154,CONFIRMED
801354155,2.9150294,UNKNOWN
80137654,5.7527363,UNKNOWN
8015907,2.752359689,CONFIRMED
8016211,3.1748772,FALSE_POSITIVE
8016214,1.587485742,FALSE_POSITIVE
80166433,0.7724825,UNKNOWN
8016650,119.079642,UNKNOWN
8016691,18.1373788,CONFIRMED
8016692,6.613671,UNKNOWN
80174172,1.1104301,UNKNOWN
8017703,13.98177862,CONFIRMED
8018547,83.92494032,UNKNOWN
8019043,0.80489537,FALSE_POSITIVE
8022244,11.90352088,CONFIRMED
802227190,2.3365744,UNKNOWN
80224448,5.9693397,UNKNOWN
8022489,197.5111484,CONFIRMED
8022520,432.42787,UNKNOWN
8023317,16.579028045,FALSE_POSITIVE
8025596,4.69505576,CONFIRMED
8025718,371.18648,FALSE_POSITIVE
8026752,4.286866229,CONFIRMED
80275202,3.6649528,UNKNOWN
8027902,1.79621807,FALSE_POSITIVE
8028465,261.684363,FALSE_POSITIVE
8029197,2.15292788,FALSE_POSITIVE
8029848,1.20608769,FALSE_POSITIVE
8030148,5.660669429,CONFIRMED
8030339,0.65244373,CONFIRMED
8035322,613.82905,FALSE_POSITIVE
8036287,1.44445234,CONFIRMED
8036863,476.80454,FALSE_POSITIVE
8037038,4.09513876,CONFIRMED
8037145,25.75274977,CONFIRMED
8037926,183.854867,FALSE_POSITIVE
80384677,3.6477926,UNKNOWN
8039892,5.007316661,CONFIRMED
8039925,20.2594232,FALSE_POSITIVE
8040308,502.8356901,UNKNOWN
8040457,81.704814,UNKNOWN
8041216,8.508333104,CONFIRMED
8042453,11.17392077,CONFIRMED
8042644,1.48062814,UNKNOWN
8042747,469.52303,FALSE_POSITIVE
8042789,4.618309224,FALSE_POSITIVE
8042835,2.38793696,FALSE_POSITIVE
80429950,2.5395614,UNKNOWN
8043052,2.244600029,FALSE_POSITIVE
80432617,16.45209,UNKNOWN
8043638,17.58751692,CONFIRMED
8043714,6.814984472,FALSE_POSITIVE
8043721,0.77957913,FALSE_POSITIVE
8043882,0.779609509,FALSE_POSITIVE
80439101,14.8499717,UNKNOWN
8043968,0.779615874,FALSE_POSITIVE
8044083,578.21805,UNKNOWN
8044600,4.1083812,FALSE_POSITIVE
8044608,106.17593813,FALSE_POSITIVE
8046659,31.56904354,UNKNOWN
8046689,5.78542702,FALSE_POSITIVE
8047283,0.77544539,FALSE_POSITIVE
8047428,92.263742,CONFIRMED
80478272,5.0859432,UNKNOWN
8051946,1.4951513,CONFIRMED
8052474,245.4382021,FALSE_POSITIVE
8053552,29.481061268,UNKNOWN
8054719,7.5861587,UNKNOWN
8056651,5.5834987,FALSE_POSITIVE
8056665,84.6877524,CONFIRMED
80567842,5.92777,UNKNOWN
8058507,15.80529628,FALSE_POSITIVE
80611440,5.3767997,UNKNOWN
80681136,1.5300843,UNKNOWN
80682484,8.4035706,UNKNOWN
80711765,4.8580501,UNKNOWN
80713983,4.218652,UNKNOWN
8073705,10.60052083,CONFIRMED
8073806,11.96407399,CONFIRMED
8074328,4.267961416,UNKNOWN
8074805,170.8658492,FALSE_POSITIVE
8075618,8.780603773,FALSE_POSITIVE
8076215,97.5137491,UNKNOWN
8076630,0.861643331,FALSE_POSITIVE
8077137,15.0896415,CONFIRMED
80778619,1.6484941,UNKNOWN
80783538,1.2125595,UNKNOWN
8078502,37.8862977,CONFIRMED
8081187,37.3228722,CONFIRMED
8081239,10.35857039,CONFIRMED
8081389,1.489442254,FALSE_POSITIVE
8081482,2.819453322,FALSE_POSITIVE
8081899,4.16056658,CONFIRMED
8081905,3.27645723,CONFIRMED
8082001,6.33855946,CONFIRMED
808243,1.5101054,UNKNOWN
8087812,27.2106807,CONFIRMED
8088354,2.897829967,FALSE_POSITIVE
8091197,4.88698386,UNKNOWN
8094120,5.6795377,FALSE_POSITIVE
8094140,0.706428634,FALSE_POSITIVE
8094221,10.8632531,FALSE_POSITIVE
8094942,549.42772,UNKNOWN
8095099,2.103239235,FALSE_POSITIVE
8095110,2.1032389,FALSE_POSITIVE
8095441,11.87457664,CONFIRMED
8096395,366.088938,UNKNOWN
8097825,1.46842648,FALSE_POSITIVE
8098212,3.48754109,UNKNOWN
8098300,4.305917719,FALSE_POSITIVE
8098515,1.28659726,FALSE_POSITIVE
8098728,24.4851178,FALSE_POSITIVE
8098960,8.47484677,UNKNOWN
8099138,66.1843646,CONFIRMED
8099517,284.666844,UNKNOWN
8104030,46.84008579,FALSE_POSITIVE
8104207,177.8135,FALSE_POSITIVE
8104436,2.535389624,FALSE_POSITIVE
8105398,224.150923,CONFIRMED
81055189,0.908232,UNKNOWN
8105719,148.179343,UNKNOWN
8106112,316.57747,FALSE_POSITIVE
8106139,551.49832,FALSE_POSITIVE
8106610,12.39894005,FALSE_POSITIVE
8106973,439.1076969,FALSE_POSITIVE
8107034,332.74984,FALSE_POSITIVE
8107115,199.3113,FALSE_POSITIVE
8107150,5.2449156,UNKNOWN
8107225,5.63252508,CONFIRMED
8107380,14.00640392,CONFIRMED
8107611,3.8183717,UNKNOWN
81077799,9.2224171,UNKNOWN
8108437,351.2878737,FALSE_POSITIVE
8108450,386.78734,FALSE_POSITIVE
81089255,750.2395535,UNKNOWN
8109107,6.67410577,FALSE_POSITIVE
8109692,117.934158,FALSE_POSITIVE
8110733,203.511886,FALSE_POSITIVE
8110757,0.518060209,UNKNOWN
8110758,0.518071538,FALSE_POSITIVE
8110767,20.49041,CONFIRMED
8111381,2.233799622,FALSE_POSITIVE
8111622,15.44605962,FALSE_POSITIVE
8111919,1.664980224,FALSE_POSITIVE
8112013,1.790518325,FALSE_POSITIVE
8112324,0.575925434,FALSE_POSITIVE
8113154,2.586878667,FALSE_POSITIVE
8115647,40.7698541,UNKNOWN
81178747,1.6649585,UNKNOWN
8120608,7.26731094,CONFIRMED
8120820,129.222771,UNKNOWN
8121067,2.064900876,FALSE_POSITIVE
81212286,0.6850808,UNKNOWN
81212289,0.6848358,UNKNOWN
8121310,22.20809549,CONFIRMED
8121328,19.0689513,UNKNOWN
8123170,1.03905082,FALSE_POSITIVE
81231810,5.4521068,UNKNOWN
8123937,0.503201954,FALSE_POSITIVE
81247740,1.3641482,UNKNOWN
81247877,2.2012625,UNKNOWN
8125580,17.31711739,CONFIRMED
8125917,18.347081,UNKNOWN
8126531,513.42784,FALSE_POSITIVE
8126558,12.19140405,CONFIRMED
8127586,16.6094904,FALSE_POSITIVE
8127607,16.60973843,FALSE_POSITIVE
8127639,1.023471798,FALSE_POSITIVE
8127648,1.023470248,FALSE_POSITIVE
8128067,12.4285576,FALSE_POSITIVE
8128247,3.57017774,FALSE_POSITIVE
8128965,7.140373046,FALSE_POSITIVE
8129005,7.1403113,FALSE_POSITIVE
8129042,54.323118,FALSE_POSITIVE
8129189,53.647084859,FALSE_POSITIVE
8129333,57.140035,UNKNOWN
8129641,0.808106001,FALSE_POSITIVE
81419525,1.5498373,UNKNOWN
8142787,178.139072,CONFIRMED
8142942,5.756245244,CONFIRMED
81429971,3.0432421,UNKNOWN
8143170,28.787257509,FALSE_POSITIVE
8145789,0.835315046,FALSE_POSITIVE
8145958,3.07551068,UNKNOWN
8149484,1.489457454,FALSE_POSITIVE
8150320,2.211116989,CONFIRMED
8151055,29.9632816,CONFIRMED
8153568,3.60727417,FALSE_POSITIVE
8155368,0.718643659,FALSE_POSITIVE
8155584,26.0164225,FALSE_POSITIVE
8155654,6.29340543,UNKNOWN
8156120,38.5833679,CONFIRMED
8158127,9.42889884,CONFIRMED
8158324,593.19521,FALSE_POSITIVE
8158429,31.707574649,UNKNOWN
81593515,2.5312823,UNKNOWN
81597356,2.8054221,UNKNOWN
8160953,116.3311739,CONFIRMED
8161561,3.275821982,CONFIRMED
8161830,1.10118564,FALSE_POSITIVE
8162376,0.706430188,FALSE_POSITIVE
8162789,10.161023528,CONFIRMED
8162790,10.16104834,FALSE_POSITIVE
8163784,31.8134892,UNKNOWN
8164012,1.252753881,CONFIRMED
8164257,49.5004725,CONFIRMED
8164262,87.455958,FALSE_POSITIVE
8165617,214.013044,UNKNOWN
8165946,6.42199919,CONFIRMED
8167504,7.7021729,UNKNOWN
8167938,2.565717939,FALSE_POSITIVE
8167959,165.75597,FALSE_POSITIVE
8167978,22.05274533,FALSE_POSITIVE
8167996,2.549562652,CONFIRMED
8168187,18.3027235,CONFIRMED
8168509,414.45008,UNKNOWN
8168581,2.881338104,FALSE_POSITIVE
81693792,4.3066915,UNKNOWN
81744640,3.3138453,UNKNOWN
8174625,17.44486016,CONFIRMED
8175131,4.27121961,FALSE_POSITIVE
8176019,187.51251276,FALSE_POSITIVE
8176564,6.57159435,UNKNOWN
8176650,15.801100028,FALSE_POSITIVE
8176653,2.866680334,FALSE_POSITIVE
8177798,1.450205839,FALSE_POSITIVE
8178616,1.01884975,FALSE_POSITIVE
8179190,0.662457501,FALSE_POSITIVE
8179286,11.4132144,FALSE_POSITIVE
8179325,3.17275711,FALSE_POSITIVE
8179747,17.946328114,FALSE_POSITIVE
8179973,2.49705175,FALSE_POSITIVE
8180020,5.803127153,FALSE_POSITIVE
8180063,5.795063956,FALSE_POSITIVE
8180290,10.9279755,UNKNOWN
81808065,7.5554044,UNKNOWN
8181016,0.70914232,FALSE_POSITIVE
8182107,92.552007,UNKNOWN
81831095,3.133084,UNKNOWN
8183288,66.6504521,CONFIRMED
8183389,32.440339204,FALSE_POSITIVE
8183911,8.30697421,FALSE_POSITIVE
8189801,0.66682654,UNKNOWN
8190354,1.615758517,FALSE_POSITIVE
8191672,3.548465446,CONFIRMED
8192427,204.818268,FALSE_POSITIVE
8192861,0.552141897,FALSE_POSITIVE
8192911,7.53887442,FALSE_POSITIVE
8193178,10.64021008,CONFIRMED
8193315,2.62387291,FALSE_POSITIVE
8195877,0.75509861,FALSE_POSITIVE
8196180,3.671661096,FALSE_POSITIVE
8196226,4.02745396,UNKNOWN
81963214,5.1185703,UNKNOWN
8197176,9.3589254,UNKNOWN
8197343,11.79161234,CONFIRMED
8197406,4.15472242,UNKNOWN
8197560,1.02425556,FALSE_POSITIVE
8197761,9.86869589,FALSE_POSITIVE
8197767,1.247121237,FALSE_POSITIVE
8197793,15.2311195,UNKNOWN
82010657,,UNKNOWN
8210018,132.9955503,CONFIRMED
8210370,153.725848,FALSE_POSITIVE
8210721,22.673145675,FALSE_POSITIVE
8211521,1.69421771,FALSE_POSITIVE
8211605,20.9794338,FALSE_POSITIVE
8211824,0.84112187,FALSE_POSITIVE
8212002,14.7966306,CONFIRMED
82128636,7.4760689,UNKNOWN
8216763,24.0721647,UNKNOWN
8218274,1.187352427,FALSE_POSITIVE
8218379,16.57099265,CONFIRMED
8219268,6.24667547,CONFIRMED
8219673,20.131477716,FALSE_POSITIVE
8222395,1.93188768,UNKNOWN
8222627,1.121733366,UNKNOWN
8222813,8.70420525,CONFIRMED
8223328,35.51619219,FALSE_POSITIVE
8223445,48.8130123,UNKNOWN
8223568,143.09688,UNKNOWN
8223655,280.1604956,FALSE_POSITIVE
8226050,34.2685741,CONFIRMED
8226720,391.33068,FALSE_POSITIVE
8226994,7.15681552,CONFIRMED
8227086,13.8086331,UNKNOWN
8227464,4.25907841,UNKNOWN
8227661,1.85373924,FALSE_POSITIVE
8229048,2.739477089,FALSE_POSITIVE
8229361,370.46262,FALSE_POSITIVE
8229458,1.646801683,CONFIRMED
8229696,10.12805158,CONFIRMED
82302240,2.5057108,UNKNOWN
8230616,2.240486703,CONFIRMED
8230809,4.078355243,FALSE_POSITIVE
82308728,9.4893231,UNKNOWN
8231299,0.562273947,FALSE_POSITIVE
8231667,42.8774169,CONFIRMED
8231877,1.307761491,FALSE_POSITIVE
8233326,3.74099144,UNKNOWN
8233702,41.6977582,CONFIRMED
8233802,69.3788597,FALSE_POSITIVE
8234477,4.028671454,FALSE_POSITIVE
8234889,116.301793,FALSE_POSITIVE
8235924,0.588001053,CONFIRMED
82362447,2.819817,UNKNOWN
8240109,2.30118753,FALSE_POSITIVE
8240123,2.30120705,FALSE_POSITIVE
8240617,176.845697,UNKNOWN
8240746,184.568,FALSE_POSITIVE
8240790,369.13236,UNKNOWN
8240797,13.09390911,CONFIRMED
8240861,0.449249224,FALSE_POSITIVE
8240904,6.61836309,CONFIRMED
8241079,10.9192653,UNKNOWN
8241258,480.19416,FALSE_POSITIVE
8241736,368.49828,FALSE_POSITIVE
8242350,6.993576155,FALSE_POSITIVE
8242434,44.96407458,CONFIRMED
8242681,4.020628573,FALSE_POSITIVE
8242769,21.9711574,UNKNOWN
8243263,1.759276227,FALSE_POSITIVE
8243283,1.7592691,FALSE_POSITIVE
8244173,1.092066399,FALSE_POSITIVE
8244190,1.09206833,FALSE_POSITIVE
8244295,1.09206792,FALSE_POSITIVE
8244947,223.52131732,FALSE_POSITIVE
8245108,0.579108481,FALSE_POSITIVE
82452140,63.39545,UNKNOWN
8246781,185.02288222,FALSE_POSITIVE
8247638,16.51410989,CONFIRMED
8247770,8.28157072,UNKNOWN
8247771,1.118547814,CONFIRMED
8248103,4.83014159,UNKNOWN
8248939,1.63345402,FALSE_POSITIVE
82508808,0.4522013,UNKNOWN
8254882,0.92565941,FALSE_POSITIVE
8255058,6.279888981,FALSE_POSITIVE
8255887,4.708326451,CONFIRMED
8256044,16.371883638,FALSE_POSITIVE
8256049,16.37198661,FALSE_POSITIVE
8256453,1.347512632,FALSE_POSITIVE
8256882,2.41194057,UNKNOWN
8257205,148.4601819,CONFIRMED
8257407,89.698168533,FALSE_POSITIVE
8258103,0.594003994,FALSE_POSITIVE
8258160,23.6270348,FALSE_POSITIVE
8258171,23.6272223,FALSE_POSITIVE
8259713,27.8813154,UNKNOWN
82598822,10.9299688,UNKNOWN
8260198,0.955297055,FALSE_POSITIVE
8260218,5.714817603,UNKNOWN
8260234,5.71483873,FALSE_POSITIVE
8260269,6.70995253,FALSE_POSITIVE
8260536,10.590923,UNKNOWN
8260902,38.6715843,CONFIRMED
8261920,6.69332825,CONFIRMED
8262210,1.613001111,FALSE_POSITIVE
8262223,1.613014741,FALSE_POSITIVE
82622707,2.3753009,UNKNOWN
8263187,36.566324,UNKNOWN
8263545,4.44589508,CONFIRMED
8263746,10.9938268,FALSE_POSITIVE
8263752,10.99381963,FALSE_POSITIVE
8264070,2.897432135,FALSE_POSITIVE
8264097,2.897436854,FALSE_POSITIVE
8264402,215.956008,UNKNOWN
8265156,0.978362973,FALSE_POSITIVE
8265218,12.82993461,UNKNOWN
8265239,37.47695717,FALSE_POSITIVE
8265520,6.2089181,FALSE_POSITIVE
8265990,0.77996263,FALSE_POSITIVE
8266276,2.59488443,FALSE_POSITIVE
82707763,6.6570835,UNKNOWN
82739585,1.5889429,UNKNOWN
8277797,4.33722007,CONFIRMED
8278073,12.0729757,UNKNOWN
8278371,0.677374687,CONFIRMED
8278685,10.8614163,UNKNOWN
8279146,93.359737,UNKNOWN
8279765,2.757794163,FALSE_POSITIVE
8280511,10.43547031,CONFIRMED
8282651,2.361724472,CONFIRMED
8282846,133.303247,CONFIRMED
8283875,0.800263219,UNKNOWN
8285254,7.535894184,FALSE_POSITIVE
8285970,0.562498925,FALSE_POSITIVE
8288404,519.80221867,FALSE_POSITIVE
8288719,0.755049082,FALSE_POSITIVE
8288741,0.659299289,FALSE_POSITIVE
8288947,3.75574267,CONFIRMED
8292840,100.2830675,CONFIRMED
8293631,449.557346,FALSE_POSITIVE
8294484,1.012694226,FALSE_POSITIVE
8294683,122.58481,UNKNOWN
8295087,84.934357,UNKNOWN
8295671,0.981399749,FALSE_POSITIVE
8296467,10.303356001,FALSE_POSITIVE
8297017,128.208643,UNKNOWN
8297319,328.32211,UNKNOWN
8299947,2.682767439,FALSE_POSITIVE
8299955,2.6827683,FALSE_POSITIVE
8300828,48.9200563,FALSE_POSITIVE
8301013,2.214029545,FALSE_POSITIVE
8301878,20.7106368,UNKNOWN
8302302,1.135930136,FALSE_POSITIVE
8302450,2.44199803,FALSE_POSITIVE
8302455,2.441988077,FALSE_POSITIVE
8302473,2.44200193,FALSE_POSITIVE
83053699,3.3378852,UNKNOWN
8307354,320.56794551,FALSE_POSITIVE
8307489,421.98194,UNKNOWN
8308070,401.5907,FALSE_POSITIVE
8308260,0.973160836,FALSE_POSITIVE
8308347,164.950399,UNKNOWN
8308516,623.70774,UNKNOWN
8308639,457.513348,FALSE_POSITIVE
8308682,338.20075,FALSE_POSITIVE
8309169,293.76887,FALSE_POSITIVE
83092282,6.4025295,UNKNOWN
8311864,384.847556,CONFIRMED
8312222,12.823275455,FALSE_POSITIVE
8312852,7.44042933,FALSE_POSITIVE
8313667,30.5872153,UNKNOWN
8313697,224.02589924,FALSE_POSITIVE
8314801,37.183276326,FALSE_POSITIVE
83148519,4.8982659,UNKNOWN
83154030,11.7248927,UNKNOWN
8316503,5.065329723,FALSE_POSITIVE
83180637,3.7279887,UNKNOWN
83181153,,UNKNOWN
8320630,32.526674,UNKNOWN
83210867,1.1967018,UNKNOWN
8321314,15.03366411,CONFIRMED
8323753,6.71425632,FALSE_POSITIVE
8323764,6.714247798,UNKNOWN
8324518,1.62888267,UNKNOWN
8326342,14.4079035,UNKNOWN
83275782,2.6570006,UNKNOWN
8328916,6.07855,UNKNOWN
8329346,389.875816,UNKNOWN
83299322,8.908871,UNKNOWN
8330207,1.63668262,UNKNOWN
8330548,1.914158508,FALSE_POSITIVE
8330575,0.957079167,FALSE_POSITIVE
8331612,13.8353959,CONFIRMED
8332521,14.74426,UNKNOWN
8332986,302.38867822,FALSE_POSITIVE
83395136,2.2458338,UNKNOWN
8344004,5.996533443,CONFIRMED
8345172,50.5715805,FALSE_POSITIVE
8345358,9.380632783,FALSE_POSITIVE
8345384,42.1003351,UNKNOWN
8345473,2.2502073,FALSE_POSITIVE
8346392,5.72812616,CONFIRMED
8348911,2.326343,UNKNOWN
8349399,56.446465,UNKNOWN
8349405,7.1688266,FALSE_POSITIVE
8349582,11.523067458,CONFIRMED
8351704,7.09712124,CONFIRMED
8351919,323.77153,FALSE_POSITIVE
8352009,641.60204,UNKNOWN
8352016,40.0389613,FALSE_POSITIVE
8352537,6.010383339,CONFIRMED
8355131,4.3638313,UNKNOWN
8355178,33.814176,UNKNOWN
8355239,10.39986173,CONFIRMED
8356054,17.081202417,FALSE_POSITIVE
8358008,10.064687893,FALSE_POSITIVE
8358012,10.06478627,FALSE_POSITIVE
8359498,3.578780566,CONFIRMED
8359569,152.823896,UNKNOWN
8360041,2.63527677,UNKNOWN
8360640,4.0223109,CONFIRMED
8361905,15.87360981,CONFIRMED
8362974,2.71772323,UNKNOWN
8364115,7.73590441,FALSE_POSITIVE
8364119,7.73591011,FALSE_POSITIVE
8364232,65.415183,UNKNOWN
8364969,22.571972634,FALSE_POSITIVE
8365739,2.38920105,UNKNOWN
8367113,24.31574009,CONFIRMED
8367298,5.1348689,FALSE_POSITIVE
8367644,22.08551599,CONFIRMED
8374077,16.2957847,UNKNOWN
8374394,185.103836,FALSE_POSITIVE
8374494,5.251916208,FALSE_POSITIVE
8374499,5.251918489,FALSE_POSITIVE
8374580,176.2432946,FALSE_POSITIVE
8374741,358.101884,FALSE_POSITIVE
8376848,11.4927112,UNKNOWN
8377197,1.215181097,FALSE_POSITIVE
8378278,28.406342,UNKNOWN
8378634,3.629442796,FALSE_POSITIVE
8378656,3.62944008,FALSE_POSITIVE
8378922,43.263305017,FALSE_POSITIVE
8379021,11.52482874,FALSE_POSITIVE
8379547,6.042029838,FALSE_POSITIVE
8379705,11.1296971,CONFIRMED
8380709,24.3344939,CONFIRMED
8380743,1.018861199,FALSE_POSITIVE
8381204,8.32651854,CONFIRMED
8381592,2.892087553,FALSE_POSITIVE
8381693,21.5702917,FALSE_POSITIVE
8382339,5.40597608,FALSE_POSITIVE
8386035,1.63484631,FALSE_POSITIVE
8391983,0.70965042,UNKNOWN
8394475,3.64049242,UNKNOWN
8394721,52.09081627,CONFIRMED
8395660,13.57078281,CONFIRMED
8395860,20.8822079,FALSE_POSITIVE
8395870,74.833577,UNKNOWN
8396288,8.5852872,UNKNOWN
8396405,19.18109525,UNKNOWN
8396660,1.33807075,UNKNOWN
8397446,0.986620248,FALSE_POSITIVE
8397675,0.553261874,FALSE_POSITIVE
8397947,39.0930875,CONFIRMED
8398290,0.510804497,FALSE_POSITIVE
8400842,3.1915257,UNKNOWN
8409295,82.292865,CONFIRMED
8409588,1.360834768,FALSE_POSITIVE
8410415,44.2993483,CONFIRMED
8410727,11.47609015,CONFIRMED
8411947,0.898837525,FALSE_POSITIVE
841226526,19.5105608,UNKNOWN
841226527,19.5112506,UNKNOWN
84126162,3.6688102,UNKNOWN
8413968,135.223193,FALSE_POSITIVE
8414159,11.931131598,FALSE_POSITIVE
8414216,11.93137992,FALSE_POSITIVE
8414716,5.392026903,CONFIRMED
8414907,100.3039228,FALSE_POSITIVE
8414914,100.303613,FALSE_POSITIVE
8415200,4.52158614,CONFIRMED
8415353,102.100752,UNKNOWN
8415745,31.82814583,FALSE_POSITIVE
8415863,27.533803402,FALSE_POSITIVE
8416274,23.2471066,UNKNOWN
8416523,0.341842017,CONFIRMED
8417078,23.6223571,CONFIRMED
8418018,372.94844,FALSE_POSITIVE
8418129,164.57506747,FALSE_POSITIVE
8423344,381.97977,UNKNOWN
8423903,12.4964346,FALSE_POSITIVE
8424002,20.35971899,CONFIRMED
8426567,18.93055119,CONFIRMED
8429014,9.72869627,FALSE_POSITIVE
8429314,115.6863392,CONFIRMED
8429415,1.352564873,FALSE_POSITIVE
8429450,1.352576807,FALSE_POSITIVE
8429566,3.732261,FALSE_POSITIVE
8429668,5.00749378,FALSE_POSITIVE
8429817,6.263491873,UNKNOWN
8430053,15.9513866,UNKNOWN
8430105,63.3278636,FALSE_POSITIVE
8430964,2.98618134,CONFIRMED
8432034,0.83620025,FALSE_POSITIVE
8432249,335.43143,UNKNOWN
84339983,2.7908285,UNKNOWN
8435232,49.5740154,FALSE_POSITIVE
8435247,0.696125302,FALSE_POSITIVE
8439323,4.62602867,CONFIRMED
8439618,558.21886,UNKNOWN
8439949,364.98242,UNKNOWN
8440062,366.71923,FALSE_POSITIVE
8442463,361.30991,FALSE_POSITIVE
8442795,502.20642,UNKNOWN
8443265,0.614701901,FALSE_POSITIVE
8443527,22.599501,UNKNOWN
8443812,8.3613732,UNKNOWN
8444552,0.589049151,FALSE_POSITIVE
8444868,67.412998,UNKNOWN
8445775,13.254134073,FALSE_POSITIVE
8453191,5.776764285,FALSE_POSITIVE
8453211,5.77675928,FALSE_POSITIVE
8453214,5.77676732,FALSE_POSITIVE
8453324,1.26227317,FALSE_POSITIVE
8453851,2.78801663,FALSE_POSITIVE
8454250,5.082722475,FALSE_POSITIVE
8456679,1.73513619,CONFIRMED
8458207,3.530164642,FALSE_POSITIVE
8459354,53.556625,FALSE_POSITIVE
8459663,174.510276,CONFIRMED
84599716,5.3193755,UNKNOWN
8460600,6.352090869,FALSE_POSITIVE
8460634,6.35216475,FALSE_POSITIVE
8462258,3.611541977,FALSE_POSITIVE
8463346,16.79716262,CONFIRMED
8474892,199.4424134,FALSE_POSITIVE
8474898,199.443024,FALSE_POSITIVE
84788795,4.4977307,UNKNOWN
8478994,39.79220077,CONFIRMED
8479107,0.76757669,FALSE_POSITIVE
8479386,5.860377067,FALSE_POSITIVE
8480285,29.66631669,CONFIRMED
8480582,18.5010898,CONFIRMED
8480642,31.59115876,FALSE_POSITIVE
8481129,16.3012727,CONFIRMED
8482059,349.41047,UNKNOWN
8482513,356.99135,FALSE_POSITIVE
8483021,361.91436,FALSE_POSITIVE
8483241,373.72257,FALSE_POSITIVE
8483258,372.16478,FALSE_POSITIVE
8483366,392.49728,FALSE_POSITIVE
8487645,0.530967987,FALSE_POSITIVE
8487748,1.061934313,FALSE_POSITIVE
8487777,96.120478,FALSE_POSITIVE
8487805,0.530959357,FALSE_POSITIVE
8487838,1.061937837,FALSE_POSITIVE
8488381,4.7368156,UNKNOWN
8488876,5.801881299,FALSE_POSITIVE
8488878,5.801880653,FALSE_POSITIVE
8489260,130.235324,UNKNOWN
8490993,4.093578461,CONFIRMED
8491277,9.61375316,CONFIRMED
8491745,111.31980522,FALSE_POSITIVE
8492026,4.30656389,CONFIRMED
8492101,4.05943749,FALSE_POSITIVE
8493354,18.0071438,UNKNOWN
8494142,42.88247951,CONFIRMED
8494263,78.9257421,UNKNOWN
8494410,208.86909724,CONFIRMED
8494542,10.86062378,CONFIRMED
8494617,22.9221181,CONFIRMED
8494783,28.201998,UNKNOWN
8495232,9.63647672,FALSE_POSITIVE
8495415,11.08507658,CONFIRMED
8499922,45.680876,FALSE_POSITIVE
8501062,24.40213373,FALSE_POSITIVE
85031598,1.1549925,UNKNOWN
8504570,4.00770453,FALSE_POSITIVE
8505215,2190.7010353,FALSE_POSITIVE
8505670,10.8484518,CONFIRMED
8505674,43.169798,FALSE_POSITIVE
8505920,42.4269647,CONFIRMED
8506766,48.93786896,FALSE_POSITIVE
8507073,209.06299275,FALSE_POSITIVE
8507475,3.58273837,CONFIRMED
8507586,201.621794,UNKNOWN
8508126,0.980505042,FALSE_POSITIVE
8508493,349.85525,FALSE_POSITIVE
8509346,6.099032889,FALSE_POSITIVE
8509361,6.0990118,FALSE_POSITIVE
8509442,82.6595174,UNKNOWN
8509781,70.335879746,FALSE_POSITIVE
8510197,591.37382,FALSE_POSITIVE
85113291,16.3475547,UNKNOWN
8516349,559.28332,FALSE_POSITIVE
8516795,8.2148505,UNKNOWN
8517303,24.0733775,FALSE_POSITIVE
8517433,0.652956712,FALSE_POSITIVE
8519253,5.93821065,FALSE_POSITIVE
8521059,0.535578808,FALSE_POSITIVE
85216969,2.7299474,UNKNOWN
8524110,0.79708975,FALSE_POSITIVE
85242435,9.6052235,UNKNOWN
8524346,4.4697452,FALSE_POSITIVE
8525101,24.6777128,UNKNOWN
8525286,113.05980069,UNKNOWN
8526387,0.772803664,FALSE_POSITIVE
85266608,5.1665549,UNKNOWN
8527297,0.58730021,UNKNOWN
85281192,4.244335,UNKNOWN
85284138,1.9784368,UNKNOWN
85292615,729.4823472,UNKNOWN
85293053,8.0542207,UNKNOWN
8540376,10.692115,CONFIRMED
8542879,136.355967,FALSE_POSITIVE
85429139,4.7427131,UNKNOWN
8543100,7.56052209,CONFIRMED
8543278,7.549299761,FALSE_POSITIVE
8543279,7.549303633,FALSE_POSITIVE
8544992,3.17323012,CONFIRMED
8544996,4.082274889,CONFIRMED
8545603,55.884827,FALSE_POSITIVE
85459171,2.1390271,UNKNOWN
8546464,253.652263,FALSE_POSITIVE
8546542,7.40985182,UNKNOWN
8547140,11.41926141,CONFIRMED
8547213,392.72811,UNKNOWN
8547366,128.66825288,FALSE_POSITIVE
8547429,11.6601667,CONFIRMED
8547525,485.57785,FALSE_POSITIVE
8547537,374.05697,UNKNOWN
8548069,368.52466,FALSE_POSITIVE
8548403,643.4528,FALSE_POSITIVE
8548427,168.84663,FALSE_POSITIVE
8548454,339.633833,UNKNOWN
8552202,3.886655224,UNKNOWN
8552498,0.530967162,FALSE_POSITIVE
8552500,0.530972263,FALSE_POSITIVE
8552540,0.530967171,FALSE_POSITIVE
8552565,1.061932545,FALSE_POSITIVE
8552583,1.061934816,FALSE_POSITIVE
8552587,1.061935973,FALSE_POSITIVE
8552607,1.061934307,FALSE_POSITIVE
8552719,1.546222068,CONFIRMED
8553788,1.606163631,FALSE_POSITIVE
8553907,42.032096076,FALSE_POSITIVE
8554498,4.780327581,FALSE_POSITIVE
8554701,31.1748311,CONFIRMED
8555967,347.97611,UNKNOWN
8556077,3.635723653,FALSE_POSITIVE
8557246,246.87131,FALSE_POSITIVE
8557374,2.462344253,CONFIRMED
8558011,39.6766071,CONFIRMED
8559152,12.4128518,CONFIRMED
85593751,3.7224626,UNKNOWN
8559589,223.1127475,FALSE_POSITIVE
8559644,224.7789355,CONFIRMED
8559796,0.619303759,FALSE_POSITIVE
8559863,22.470494368,FALSE_POSITIVE
8560280,85.338393,FALSE_POSITIVE
8560285,85.34092607,FALSE_POSITIVE
8560475,7.41505161,FALSE_POSITIVE
8560804,31.9729501,FALSE_POSITIVE
8560840,31.9734169,FALSE_POSITIVE
8560861,31.973311701,FALSE_POSITIVE
8560927,31.9714488,FALSE_POSITIVE
8560940,31.9730649,FALSE_POSITIVE
8561063,1.213770423,CONFIRMED
8561192,2.742590902,FALSE_POSITIVE
8561231,28.6853212,CONFIRMED
8564587,5.729317577,CONFIRMED
8564674,5.92972237,CONFIRMED
8564976,152.8255989,FALSE_POSITIVE
8565266,6.412512953,CONFIRMED
8565900,1.64125844,FALSE_POSITIVE
8565912,1.012174295,FALSE_POSITIVE
8566113,1.371587993,UNKNOWN
8569819,20.849919614,FALSE_POSITIVE
8570210,541.04472,UNKNOWN
8570333,84.5733346,CONFIRMED
8571421,514.271499,UNKNOWN
857186,3.8123614,UNKNOWN
8572168,1.662710314,FALSE_POSITIVE
8572936,27.795762425,FALSE_POSITIVE
8573168,0.89628253,FALSE_POSITIVE
8573193,8.18504859,CONFIRMED
8574270,15.120212531,FALSE_POSITIVE
8574794,571.14302,UNKNOWN
8575061,216.453511,FALSE_POSITIVE
8578780,13.59051547,CONFIRMED
85791385,2.8067423,UNKNOWN
8579684,2.08802799,FALSE_POSITIVE
8580438,6.496031958,FALSE_POSITIVE
8581232,4.012537983,FALSE_POSITIVE
8581240,10.76800074,UNKNOWN
8581658,3.481657589,FALSE_POSITIVE
8582291,2.4681015,FALSE_POSITIVE
8583696,50.28635977,CONFIRMED
8587439,8.39140024,FALSE_POSITIVE
8588377,0.99466172,FALSE_POSITIVE
8588982,116.025744,FALSE_POSITIVE
8589731,4.469731089,FALSE_POSITIVE
8589754,8.939461148,FALSE_POSITIVE
8590149,19.2405821,UNKNOWN
8590527,0.739769962,FALSE_POSITIVE
8590776,33.8938177,FALSE_POSITIVE
8590780,4.326946311,FALSE_POSITIVE
8591173,12.2885046,CONFIRMED
8591693,29.4557841,CONFIRMED
8599009,2.88069,UNKNOWN
86005116,0.4916402,UNKNOWN
860207014,14.616858,UNKNOWN
86021841,3.7465541,UNKNOWN
8604993,6.570421193,FALSE_POSITIVE
8605074,37.601661282,FALSE_POSITIVE
86075481,3.9010509,UNKNOWN
8607720,3.99751422,FALSE_POSITIVE
8608490,0.541405029,FALSE_POSITIVE
8608544,348.68162,FALSE_POSITIVE
8609450,24.8056775,CONFIRMED
8610483,48.79936881,FALSE_POSITIVE
8611257,99.2532336,CONFIRMED
8611344,410.99389,FALSE_POSITIVE
8611781,76.957056,CONFIRMED
8611832,22.5968256,CONFIRMED
8612275,3.289726319,CONFIRMED
8612291,37.0488669,FALSE_POSITIVE
8612847,14.13175309,CONFIRMED
8613218,368.11581,FALSE_POSITIVE
8613338,527.29093,FALSE_POSITIVE
8613446,1.01485981,UNKNOWN
8613535,29.9685917,CONFIRMED
8613769,540.39267,UNKNOWN
8616637,2.019997006,CONFIRMED
8616873,0.576078683,UNKNOWN
8617363,19.94752741,CONFIRMED
8618147,345.128277,FALSE_POSITIVE
8618226,5.882036054,FALSE_POSITIVE
8620402,14.1959621,CONFIRMED
8620561,0.782046543,FALSE_POSITIVE
8620565,0.782045734,FALSE_POSITIVE
8621026,4.059428737,FALSE_POSITIVE
8621049,0.9183768,UNKNOWN
8621348,11.34436822,FALSE_POSITIVE
8621353,11.344347453,FALSE_POSITIVE
8622875,374.71687,FALSE_POSITIVE
8624520,10.240611361,UNKNOWN
8624860,15.3902613,UNKNOWN
8625408,279.036565,UNKNOWN
8625732,31.97181,FALSE_POSITIVE
8625813,45.3965379,FALSE_POSITIVE
8625821,45.3968385,FALSE_POSITIVE
8625925,6.521209629,CONFIRMED
8626325,16.4491515,UNKNOWN
86263325,4.5445569,UNKNOWN
86273567,16.5968329,UNKNOWN
86280613,9.573548,UNKNOWN
8628665,10.2856373,UNKNOWN
8628758,14.37457572,CONFIRMED
8628761,6.30432354,UNKNOWN
8628973,3.314947362,CONFIRMED
8630788,36.33750453,CONFIRMED
8630840,370.38642,FALSE_POSITIVE
8631160,162.0479502,UNKNOWN
8631504,14.8200596,CONFIRMED
8631751,1.530515205,UNKNOWN
8635938,43.798566,FALSE_POSITIVE
8636333,82.175197,CONFIRMED
8636434,308.544422,CONFIRMED
8636539,6.77367892,UNKNOWN
8636600,6.38671206,CONFIRMED
8637903,385.858683,UNKNOWN
8639155,0.603351522,FALSE_POSITIVE
86396382,1.0914304,UNKNOWN
8639908,0.910020582,UNKNOWN
86419190,1.4893582,UNKNOWN
8644288,7.641567589,CONFIRMED
8644365,10.54841329,CONFIRMED
8644545,295.958914,UNKNOWN
8644911,120.938669,UNKNOWN
86451883,1.7561019,UNKNOWN
8645191,0.918921494,FALSE_POSITIVE
8646141,168.858303,FALSE_POSITIVE
8647295,1.022028468,FALSE_POSITIVE
8649876,10.4212788,FALSE_POSITIVE
8651389,15.13590453,CONFIRMED
8651551,1.527491117,FALSE_POSITIVE
8652360,0.96807117,FALSE_POSITIVE
8652577,358.818895,FALSE_POSITIVE
8652997,362.22202,UNKNOWN
8652999,15.160166,FALSE_POSITIVE
8653134,5.34264143,CONFIRMED
8655076,42.070868,FALSE_POSITIVE
8655354,6.71969089,FALSE_POSITIVE
8655458,1.594162001,FALSE_POSITIVE
8656535,631.99116,UNKNOWN
8668810,313.09275066,FALSE_POSITIVE
8669092,1.000840564,FALSE_POSITIVE
8671707,401.73243,FALSE_POSITIVE
8672910,39.6431552,CONFIRMED
8673511,0.757261281,UNKNOWN
8676038,186.65435483,FALSE_POSITIVE
8676061,428.1186,FALSE_POSITIVE
8676148,28.6253502,CONFIRMED
8677057,0.694611128,UNKNOWN
8677186,586.63177,FALSE_POSITIVE
8677530,2.91463,UNKNOWN
8678345,364.95068,FALSE_POSITIVE
8678594,133.460999,CONFIRMED
8678664,15.420409367,FALSE_POSITIVE
8678691,369.819993,FALSE_POSITIVE
8680979,15.95541913,CONFIRMED
8681734,7.68478504,CONFIRMED
8681833,1.311558909,CONFIRMED
8682094,359.8249913,UNKNOWN
8682751,44.36123319,FALSE_POSITIVE
8683144,267.970682,FALSE_POSITIVE
8684730,46.15119482,UNKNOWN
8685497,4.4096675,CONFIRMED
8686097,172.7046083,CONFIRMED
8686150,51.42598578,FALSE_POSITIVE
8686373,126.55719,CONFIRMED
8686442,26.8552365,UNKNOWN
8686761,374.93999098,FALSE_POSITIVE
8687088,0.905037231,FALSE_POSITIVE
8689031,21.80451611,CONFIRMED
8689373,10.28194593,CONFIRMED
8689793,3.554856338,CONFIRMED
86898676,2.9525486,UNKNOWN
8690001,19.35954117,FALSE_POSITIVE
8692861,13.7223682,CONFIRMED
8693536,16.2347636,UNKNOWN
8694309,0.827351796,FALSE_POSITIVE
86951294,4.1194175,UNKNOWN
8695311,31.0259489,UNKNOWN
8695779,10.238939876,FALSE_POSITIVE
8700506,43.797829003,FALSE_POSITIVE
8700537,43.796785,FALSE_POSITIVE
8700558,4.79179893,FALSE_POSITIVE
8700771,8.0922105,CONFIRMED
8700895,5.68251605,UNKNOWN
8701327,4.254417651,FALSE_POSITIVE
8702537,7.4751841,UNKNOWN
8702921,19.38444245,FALSE_POSITIVE
8703129,253.374581,UNKNOWN
8703491,0.616343903,FALSE_POSITIVE
8703506,352.710091,FALSE_POSITIVE
8703884,14.17098745,FALSE_POSITIVE
8703887,14.170972781,FALSE_POSITIVE
87044036,1.0711292,UNKNOWN
8708961,370.98253,UNKNOWN
87090944,0.6435807,UNKNOWN
87091417,2.1186344,UNKNOWN
8709688,4.17939037,CONFIRMED
8711548,18.778162159,FALSE_POSITIVE
8711794,8.981014925,CONFIRMED
8712863,0.532493086,FALSE_POSITIVE
8713828,1.25451792,FALSE_POSITIVE
8715564,438.00974,FALSE_POSITIVE
8715589,7.62210397,UNKNOWN
8718273,3.479508244,FALSE_POSITIVE
8719324,10.23335969,FALSE_POSITIVE
8719419,12.62530918,FALSE_POSITIVE
8719897,1.575710265,FALSE_POSITIVE
87216634,12.9256051,UNKNOWN
8733497,76.81985465,FALSE_POSITIVE
8733898,1.565412613,CONFIRMED
8736245,2.534740757,FALSE_POSITIVE
8737343,406.29695,FALSE_POSITIVE
8737796,0.885747456,FALSE_POSITIVE
8738115,37.59406667,FALSE_POSITIVE
8738244,0.683082998,FALSE_POSITIVE
8738735,28.7796446,CONFIRMED
8738775,48.0506878,CONFIRMED
8739209,3.6972959,FALSE_POSITIVE
87405719,13.0086903,UNKNOWN
8740744,417.829033,FALSE_POSITIVE
8741367,0.9886684,UNKNOWN
8741470,6.23968392,UNKNOWN
87422071,11.3648628,UNKNOWN
8742270,397.3958488,FALSE_POSITIVE
8742590,49.4781446,CONFIRMED
8742735,331.92622,FALSE_POSITIVE
8743082,365.25921,FALSE_POSITIVE
8743244,346.31688,FALSE_POSITIVE
8745553,62.134919,CONFIRMED
8746295,6.85567248,FALSE_POSITIVE
8746310,6.855624762,FALSE_POSITIVE
8747009,410.11676,FALSE_POSITIVE
8747222,1.667482003,FALSE_POSITIVE
8747910,574.65297,UNKNOWN
8748435,259.85736,FALSE_POSITIVE
8749844,361.51099,FALSE_POSITIVE
8750043,2.29503515,CONFIRMED
8750094,1.12679793,FALSE_POSITIVE
8750503,11.9283194,FALSE_POSITIVE
8751796,4.45342418,CONFIRMED
8751933,86.64764448,CONFIRMED
8752940,9.07829171,UNKNOWN
8753657,2.426304127,CONFIRMED
8753896,3.24417541,CONFIRMED
8757213,328.0485,FALSE_POSITIVE
8757824,3.65690909,CONFIRMED
8757910,0.655001616,FALSE_POSITIVE
8758136,0.998212785,FALSE_POSITIVE
8758161,0.998217563,FALSE_POSITIVE
8758204,159.388788,CONFIRMED
87597187,2.0449361,UNKNOWN
8760040,18.2206024,CONFIRMED
8760135,184.6467208,FALSE_POSITIVE
8760760,2.68814059,UNKNOWN
8761550,224.591055,FALSE_POSITIVE
8765560,47.1096306,UNKNOWN
8766222,5.2972293,FALSE_POSITIVE
8766268,5.29731736,FALSE_POSITIVE
8766285,5.29730786,FALSE_POSITIVE
8766650,12.43929428,CONFIRMED
8767034,0.58640848,FALSE_POSITIVE
8767448,4.3532339,UNKNOWN
8773015,15.604841,CONFIRMED
8773869,1.576341127,FALSE_POSITIVE
8773948,33.46947449,FALSE_POSITIVE
8780959,2.617280959,CONFIRMED
8780968,2.617284592,FALSE_POSITIVE
8781480,121.0598037,FALSE_POSITIVE
87827371,4.3983492,UNKNOWN
8784288,1.827558898,FALSE_POSITIVE
87873211,5.8879518,UNKNOWN
87932853,6.4093679,UNKNOWN
8800954,704.962626,CONFIRMED
8801316,3.93766786,CONFIRMED
8801343,2.73987398,FALSE_POSITIVE
8802165,17.42115972,CONFIRMED
8802693,26.41044199,CONFIRMED
8803757,3.5944891,UNKNOWN
8803882,89.465468,FALSE_POSITIVE
8804283,22.79020351,CONFIRMED
8804358,62.519211,FALSE_POSITIVE
8804397,60.0853848,CONFIRMED
8804455,7.5966998,FALSE_POSITIVE
8804845,5.42586901,CONFIRMED
8804937,181.3537,FALSE_POSITIVE
8805348,29.90721859,CONFIRMED
8806072,40.05881661,CONFIRMED
8806123,49.41121127,CONFIRMED
8806985,7.53737498,UNKNOWN
8807057,97.991569,UNKNOWN
8807988,21.9578446,UNKNOWN
8808064,447.97028,FALSE_POSITIVE
88101924,5.9404096,UNKNOWN
88114177,4.5352255,UNKNOWN
8811490,21.7434141,UNKNOWN
8812045,32.715906,UNKNOWN
8812360,77.395279,FALSE_POSITIVE
8813404,374.80095,FALSE_POSITIVE
8813698,268.9410974,UNKNOWN
8814872,373.41509,UNKNOWN
8815031,472.6038,FALSE_POSITIVE
8815279,13.56092626,UNKNOWN
8821936,371.51852,FALSE_POSITIVE
8822216,6.996926239,CONFIRMED
8822366,30.8639476,CONFIRMED
8822421,1.645319649,UNKNOWN
8822585,1.627538928,FALSE_POSITIVE
8823397,1.506503686,FALSE_POSITIVE
8823426,1.506507172,FALSE_POSITIVE
8823833,1.50650136,FALSE_POSITIVE
8823868,23.8761144,FALSE_POSITIVE
8823893,1.50650036,FALSE_POSITIVE
8824737,12.90235874,CONFIRMED
8826007,54.5091549,CONFIRMED
8826168,11.55103848,CONFIRMED
88266880,3.7984372,UNKNOWN
8826878,5.15448142,CONFIRMED
8827575,10.12956201,CONFIRMED
8827930,288.3128666,UNKNOWN
8832512,9.97682072,CONFIRMED
8832676,323.66542,FALSE_POSITIVE
8836224,194.48732212,FALSE_POSITIVE
8836888,7.10397925,UNKNOWN
88385463,3.1235179,UNKNOWN
8838950,2.27050106,UNKNOWN
8841297,495.51899,UNKNOWN
8841616,1.679585725,FALSE_POSITIVE
8845026,66.46746217,FALSE_POSITIVE
8845205,18.47762694,CONFIRMED
8845221,5.40346248,FALSE_POSITIVE
8845552,34.0357766,UNKNOWN
8845574,1.878156188,FALSE_POSITIVE
88460991,6.9603975,UNKNOWN
8846163,26.77891391,FALSE_POSITIVE
8846809,0.778705577,FALSE_POSITIVE
8847111,0.575884418,FALSE_POSITIVE
8848104,0.824851807,FALSE_POSITIVE
8848115,0.82484293,FALSE_POSITIVE
8848271,9.991625291,FALSE_POSITIVE
8848288,5.56648691,FALSE_POSITIVE
88485645,2.5972551,UNKNOWN
88529975,2.6085851,UNKNOWN
8853478,15.0619708,UNKNOWN
88565745,731.4778512,UNKNOWN
88641387,17.0303122,UNKNOWN
8866102,17.83367834,CONFIRMED
8866137,33.4178173,CONFIRMED
8868364,421.42848194,FALSE_POSITIVE
88684250,4.587386,UNKNOWN
8868481,388.048463,UNKNOWN
8868649,4.44737112,FALSE_POSITIVE
8868657,4.4473549,FALSE_POSITIVE
8868686,4.44709107,FALSE_POSITIVE
8868907,157.32263943,FALSE_POSITIVE
8869680,7.03380109,FALSE_POSITIVE
8872048,58.35512552,UNKNOWN
8873090,10.16435076,UNKNOWN
8873450,24.2783801,CONFIRMED
8873674,172.280975,FALSE_POSITIVE
8873873,295.06066,UNKNOWN
8874090,13.32389352,CONFIRMED
88760990,2.753152,UNKNOWN
8878187,3.032147946,CONFIRMED
8878681,2.496328637,FALSE_POSITIVE
8879427,16.31328124,FALSE_POSITIVE
8879915,1.721313779,FALSE_POSITIVE
8880003,1.72128752,FALSE_POSITIVE
8880123,46.7162336,CONFIRMED
8880317,382.5891,UNKNOWN
8881169,5.01880305,UNKNOWN
8882847,42.2011587,FALSE_POSITIVE
8883329,9.18244299,CONFIRMED
8883593,5.743469797,CONFIRMED
8883727,2.529073751,FALSE_POSITIVE
88840705,,UNKNOWN
8884274,10.65275054,CONFIRMED
8885643,3.40165617,CONFIRMED
8885673,1.228721184,FALSE_POSITIVE
88863718,1.9316462,UNKNOWN
88865512,12.526776,UNKNOWN
8888745,34.0269868,UNKNOWN
8890150,34.9897847,CONFIRMED
88902249,7.7119842,UNKNOWN
8890417,173.219879,UNKNOWN
8890783,58.36205791,CONFIRMED
8890924,26.6565737,CONFIRMED
8890996,1.50650745,FALSE_POSITIVE
8891278,12.718711489,FALSE_POSITIVE
8891318,363.706662,FALSE_POSITIVE
8891684,374.878133,CONFIRMED
8892157,3.73090026,CONFIRMED
8892303,5.424749327,CONFIRMED
8892720,61.4911479,FALSE_POSITIVE
8892721,61.4913415,FALSE_POSITIVE
8892910,10.810132734,FALSE_POSITIVE
88929544,1.9207699,UNKNOWN
8894646,3.55557922,UNKNOWN
8895758,0.968980781,CONFIRMED
88977253,2.767691,UNKNOWN
88992642,10.2611329,UNKNOWN
88996391,2.3195654,UNKNOWN
88999533,5.0358501,UNKNOWN
89014296,1.4945574,UNKNOWN
89020549,2.1096805,UNKNOWN
89043973,8.330174,UNKNOWN
8904714,5.2362026,FALSE_POSITIVE
8905246,27.63714708,UNKNOWN
8906045,2.347479696,FALSE_POSITIVE
89062142,4.2430633,UNKNOWN
8906676,8.209514329,FALSE_POSITIVE
8908102,5.41460536,FALSE_POSITIVE
8912730,11.3775281,FALSE_POSITIVE
8914779,0.987338654,FALSE_POSITIVE
8915379,20.5858591,UNKNOWN
8916492,4.02378908,FALSE_POSITIVE
89256802,1.1759834,UNKNOWN
892772,5.09246539,FALSE_POSITIVE
8934103,175.13892,CONFIRMED
8934495,4.592393816,CONFIRMED
8935352,10.90962154,FALSE_POSITIVE
8935810,6.230335,CONFIRMED
89362689,11.0658881,UNKNOWN
8937019,5.663604992,FALSE_POSITIVE
8937021,5.663621501,FALSE_POSITIVE
8937555,113.573945,UNKNOWN
8937762,15.07277287,FALSE_POSITIVE
8938628,3.431126546,FALSE_POSITIVE
89389197,1.3206356,UNKNOWN
8938937,37.1083458,FALSE_POSITIVE
8939211,27.0779813,FALSE_POSITIVE
8939650,1.827660875,FALSE_POSITIVE
8940700,190.60563,FALSE_POSITIVE
8940918,1.405887031,FALSE_POSITIVE
8940961,1.583334941,FALSE_POSITIVE
89417257,3.6234424,UNKNOWN
8946267,542.91133,UNKNOWN
8947520,0.968527683,CONFIRMED
8948424,5.888835386,FALSE_POSITIVE
8949247,23.799939273,FALSE_POSITIVE
8949316,0.604358764,FALSE_POSITIVE
8949512,376.554588,FALSE_POSITIVE
8949925,13.2511214,UNKNOWN
8950568,8.30537702,CONFIRMED
8950853,37.8145252,CONFIRMED
89510024,2.3664127,UNKNOWN
8951205,4.95060632,CONFIRMED
8951215,39.4759093,UNKNOWN
8953059,5.499941387,FALSE_POSITIVE
8953257,3.221785738,FALSE_POSITIVE
8953278,23.59919017,UNKNOWN
8953281,0.78430061,FALSE_POSITIVE
8953296,0.784294574,FALSE_POSITIVE
8953414,2.66588544,FALSE_POSITIVE
8953426,2.665875491,FALSE_POSITIVE
8953475,2.6658312,FALSE_POSITIVE
89535068,6.1110945,UNKNOWN
89544985,2.3372423,UNKNOWN
8955709,0.942997994,FALSE_POSITIVE
8955741,538.4263,FALSE_POSITIVE
8956206,6.17998508,CONFIRMED
8956706,8.3806973,FALSE_POSITIVE
8957572,1.5765874,FALSE_POSITIVE
8957954,2.179924994,FALSE_POSITIVE
8958035,7.981187121,FALSE_POSITIVE
8958359,245.059374,FALSE_POSITIVE
8958811,2.52557582,UNKNOWN
8958939,8.2927558,UNKNOWN
8959240,317.009388,UNKNOWN
8959839,22.7082375,CONFIRMED
8960918,1.19087362,FALSE_POSITIVE
89617284,5.1304425,UNKNOWN
8962007,1.41435861,FALSE_POSITIVE
8962094,30.86436512,CONFIRMED
8963721,1.811460943,FALSE_POSITIVE
89643259,2.2219839,UNKNOWN
89659632,3.5193417,UNKNOWN
8967242,7.093853,UNKNOWN
89702406,23.1438551,UNKNOWN
8971044,482.51701,UNKNOWN
8971432,0.6243875,FALSE_POSITIVE
8972058,8.99088621,CONFIRMED
8973000,28.027891356,FALSE_POSITIVE
8973129,24.1738244,CONFIRMED
8973285,7.4213444,UNKNOWN
8975368,2.42649862,FALSE_POSITIVE
8975776,224.469892,FALSE_POSITIVE
89759617,3.3295394,UNKNOWN
8977176,0.50948306,FALSE_POSITIVE
8978528,18.6848377,CONFIRMED
8979500,113.556471,FALSE_POSITIVE
8984706,10.135401047,FALSE_POSITIVE
8984755,0.734573766,FALSE_POSITIVE
89876424,1.5380702,UNKNOWN
8988289,13.32379,UNKNOWN
8995204,5.1392756,UNKNOWN
9001468,17.329965871,FALSE_POSITIVE
9002237,4.350087749,FALSE_POSITIVE
9002278,18.16407304,CONFIRMED
900240532,2.5733766,UNKNOWN
9002538,4.96061094,UNKNOWN
9003126,208.02789,FALSE_POSITIVE
9003401,21.1033014,CONFIRMED
90048949,5.015806,UNKNOWN
9005321,384.6961,UNKNOWN
9005854,1.890227354,FALSE_POSITIVE
9006186,5.45298742,CONFIRMED
9006449,12.64504291,CONFIRMED
9006668,1.2730965,UNKNOWN
9007151,330.906041,UNKNOWN
900715901,3.167981,UNKNOWN
9007609,1.316398648,FALSE_POSITIVE
9007866,1.3866358,FALSE_POSITIVE
9007918,1.387206724,FALSE_POSITIVE
9007953,1.38718209,FALSE_POSITIVE
9008103,87.707513,FALSE_POSITIVE
9008125,308.024953,FALSE_POSITIVE
9008220,9.391039263,UNKNOWN
9008737,11.8288843,CONFIRMED
9009036,6.76289308,CONFIRMED
9009953,234.240739,CONFIRMED
9011825,37.3331165,CONFIRMED
9011874,361.54561249,FALSE_POSITIVE
9011877,7.77710639,UNKNOWN
9011955,367.0896,UNKNOWN
9012244,376.934014,UNKNOWN
90127880,3.0515894,UNKNOWN
90156362,2.3519086,UNKNOWN
9015738,13.93291548,CONFIRMED
9016295,19.974485239,FALSE_POSITIVE
9016592,46.50446209,FALSE_POSITIVE
9017682,11.30507984,UNKNOWN
9018021,17.168095,UNKNOWN
9019191,14.43348326,UNKNOWN
9020114,3.48412874,CONFIRMED
9020160,5.945043548,CONFIRMED
9021047,31.97280045,FALSE_POSITIVE
9021075,7.28116667,CONFIRMED
9022166,26.8475962,CONFIRMED
9024568,124.091252,FALSE_POSITIVE
9024857,379.11996,FALSE_POSITIVE
9025662,293.70696,FALSE_POSITIVE
9025739,7.918267,UNKNOWN
9025914,11.320287875,FALSE_POSITIVE
9025922,11.32029599,FALSE_POSITIVE
9025971,141.2415405,CONFIRMED
9026007,403.163148,UNKNOWN
9026248,341.557931,UNKNOWN
9026749,66.5576728,CONFIRMED
9027841,0.503999678,FALSE_POSITIVE
9027909,64.6589166,CONFIRMED
9028474,124.93576738,FALSE_POSITIVE
9029486,3.138580493,FALSE_POSITIVE
9030119,3.3129214,UNKNOWN
9030447,0.56669006,FALSE_POSITIVE
9030537,62.5613879,CONFIRMED
9031209,47.0568476,CONFIRMED
9031703,9.3335486,UNKNOWN
9032367,1.6322295,UNKNOWN
9032368,1.632,UNKNOWN
9032900,67.5923754,CONFIRMED
9033144,4.7150255,UNKNOWN
9034103,7.13969705,CONFIRMED
9040849,4.118775582,FALSE_POSITIVE
9042357,16.00351679,FALSE_POSITIVE
9043947,1.04347858,UNKNOWN
9044060,476.91977,UNKNOWN
9044228,0.934885365,CONFIRMED
90448944,1.4415577,UNKNOWN
9047416,9.011888,UNKNOWN
9048145,8.667826242,FALSE_POSITIVE
9048161,8.667822346,FALSE_POSITIVE
9049010,0.687004402,FALSE_POSITIVE
9049550,23.81490574,FALSE_POSITIVE
9049673,1.327471395,FALSE_POSITIVE
9049697,1.3274511,FALSE_POSITIVE
90504905,2.2645386,UNKNOWN
9053086,1.274841686,FALSE_POSITIVE
9053112,1.274840187,FALSE_POSITIVE
90544017,3.2235985,UNKNOWN
90669930,20.6875239,UNKNOWN
9070666,2.99792926,CONFIRMED
9071386,4.693305543,FALSE_POSITIVE
9071593,32.5635249,CONFIRMED
9072190,49.1011093,CONFIRMED
9072639,1.182862515,UNKNOWN
9073549,87.565484,UNKNOWN
9075882,367.01607,FALSE_POSITIVE
9076513,2.437029217,CONFIRMED
90767677,1.6817287,UNKNOWN
9076971,9.06687613,CONFIRMED
9077124,3.166353562,CONFIRMED
9079587,364.33929,FALSE_POSITIVE
9079671,535.1515,UNKNOWN
9079767,495.40462,UNKNOWN
9079915,0.812678859,FALSE_POSITIVE
9083470,0.91842238,FALSE_POSITIVE
9083503,0.91839938,FALSE_POSITIVE
9083564,0.918420801,FALSE_POSITIVE
9084569,395.13138,UNKNOWN
9084778,0.592243731,UNKNOWN
9084832,568.08251,FALSE_POSITIVE
9085039,64.1983721,UNKNOWN
90850770,8.000489,UNKNOWN
90853136,2.3626901,UNKNOWN
9085563,54.6493679,CONFIRMED
9086001,256.52387,FALSE_POSITIVE
9086154,225.26213,UNKNOWN
9086251,6.89213244,CONFIRMED
9087071,209.238576,FALSE_POSITIVE
9087580,0.770658979,UNKNOWN
9087853,353.65927,UNKNOWN
9088780,33.18089453,UNKNOWN
9091755,1.106529843,FALSE_POSITIVE
90919952,4.13812,UNKNOWN
9092496,94.180473,FALSE_POSITIVE
9092504,0.962864171,CONFIRMED
9092897,3.9169155,FALSE_POSITIVE
9093086,9.7043379,UNKNOWN
9093566,0.94356284,FALSE_POSITIVE
90935909,4.2221583,UNKNOWN
90935995,1.2245052,UNKNOWN
9093859,3.0447752,FALSE_POSITIVE
9094763,1.08469871,FALSE_POSITIVE
90950296,14.1532848,UNKNOWN
9097120,23.899634407,FALSE_POSITIVE
9097470,346.4174,UNKNOWN
9097892,1.674690886,FALSE_POSITIVE
9098590,2.243569483,FALSE_POSITIVE
9098810,8.258181993,FALSE_POSITIVE
909930,4.1976789,UNKNOWN
9099607,4.6318914,UNKNOWN
9099773,82.78482,UNKNOWN
9099950,1.111362442,FALSE_POSITIVE
9100484,8.75059775,UNKNOWN
9100874,6.1668344,UNKNOWN
9100953,8.70179611,CONFIRMED
9101208,1.81139053,FALSE_POSITIVE
9101271,29.3657204,FALSE_POSITIVE
9101279,1.811461128,FALSE_POSITIVE
9101400,0.829019343,FALSE_POSITIVE
9101496,6.56226483,CONFIRMED
9102327,3.2615,UNKNOWN
91051152,7.9192605,UNKNOWN
9108058,2.17491508,FALSE_POSITIVE
9108085,2.17489806,FALSE_POSITIVE
9109857,1.791877025,UNKNOWN
91101364,4.0833335,UNKNOWN
9110346,0.895276162,FALSE_POSITIVE
9110357,0.895277575,FALSE_POSITIVE
9110610,21.8420304,UNKNOWN
9111849,63.0732241,UNKNOWN
9112931,10.71253475,CONFIRMED
9114508,256.45616,FALSE_POSITIVE
9114614,441.61919,UNKNOWN
9115681,1.86390886,FALSE_POSITIVE
9115800,4.454194254,CONFIRMED
9116075,24.5002702,FALSE_POSITIVE
9116510,318.49078,UNKNOWN
9117123,2.16402661,FALSE_POSITIVE
9117416,20.034708,CONFIRMED
9118340,1.035329922,FALSE_POSITIVE
9118858,392.89275632,FALSE_POSITIVE
9119405,18.646323091,FALSE_POSITIVE
9119458,11.53029332,UNKNOWN
9119568,5.54867998,FALSE_POSITIVE
9119652,1.1080999,FALSE_POSITIVE
91251292,3.990679,UNKNOWN
91287873,26.694279,UNKNOWN
91324328,4.6588405,UNKNOWN
9136777,3.7799201,UNKNOWN
9137257,114.734287,FALSE_POSITIVE
9139084,5.83599485,CONFIRMED
9140402,2.494170338,UNKNOWN
9141355,469.61309,CONFIRMED
9141746,6.491682808,CONFIRMED
9142225,583.73632,FALSE_POSITIVE
9142334,502.658,FALSE_POSITIVE
9142714,1.12625975,UNKNOWN
9142742,372.72688,FALSE_POSITIVE
9143254,1.137525054,FALSE_POSITIVE
9145415,365.78863,FALSE_POSITIVE
9145861,42.294739,FALSE_POSITIVE
9146018,9.9267215,CONFIRMED
9147012,116.454312,UNKNOWN
9147029,397.499229,UNKNOWN
91481801,14.4507561,UNKNOWN
9149789,0.352515897,UNKNOWN
9150827,14.53410833,CONFIRMED
9150870,441.17369,UNKNOWN
915110182,1.4328255,UNKNOWN
9151337,5.8586824,UNKNOWN
9153246,243.954706,FALSE_POSITIVE
9153554,0.373684977,FALSE_POSITIVE
9153570,3.81371423,CONFIRMED
9153823,1.444486083,UNKNOWN
9155187,4.1878375,UNKNOWN
91555165,1.0526157,UNKNOWN
9156585,22.32423657,FALSE_POSITIVE
9156957,3.6673005,FALSE_POSITIVE
9157030,24.9093027,UNKNOWN
9157523,192.138741,UNKNOWN
9157634,2.104721971,CONFIRMED
91576611,4.43651,UNKNOWN
9157908,9.41475056,FALSE_POSITIVE
9159198,3.04463691,FALSE_POSITIVE
9159242,3.04468229,FALSE_POSITIVE
9159265,3.04476607,FALSE_POSITIVE
9159275,3.044770796,FALSE_POSITIVE
9159288,66.67305,UNKNOWN
9159301,3.044771557,FALSE_POSITIVE
9159461,80.519237,FALSE_POSITIVE
9161118,1.306723495,FALSE_POSITIVE
9162741,1.368617188,FALSE_POSITIVE
9163674,0.773144492,FALSE_POSITIVE
9164003,149.356804,FALSE_POSITIVE
9164788,2.66811113,FALSE_POSITIVE
9164836,48.118812545,FALSE_POSITIVE
9166136,6.0803777,UNKNOWN
9166700,264.466625,UNKNOWN
9166862,3.855603916,CONFIRMED
9166870,3.855599139,FALSE_POSITIVE
91697121,2.8633026,UNKNOWN
9171801,3.187067566,FALSE_POSITIVE
9171886,369.7985,FALSE_POSITIVE
9172506,50.440285363,FALSE_POSITIVE
9173014,151.77884,UNKNOWN
9177629,5.60402307,CONFIRMED
91777086,91.9283414,UNKNOWN
9178185,2.992704682,FALSE_POSITIVE
9178502,50.47759052,FALSE_POSITIVE
9178894,113.993156,UNKNOWN
91794828,3.0589547,UNKNOWN
9179531,3.255385289,FALSE_POSITIVE
9180282,2.79123954,FALSE_POSITIVE
9180566,51.31346091,FALSE_POSITIVE
9181340,2.131225773,FALSE_POSITIVE
9181402,223.31769215,FALSE_POSITIVE
9183378,3.38557445,CONFIRMED
91869778,3.4771921,UNKNOWN
91987762,45.5221456,UNKNOWN
92004082,3.0471275,UNKNOWN
92013169,2.3552639,UNKNOWN
9202151,1.694740233,UNKNOWN
9202434,173.2578372,UNKNOWN
9203154,0.839907158,UNKNOWN
9205907,12.02295362,CONFIRMED
9205938,108.593113,CONFIRMED
9205993,1.219736039,FALSE_POSITIVE
9207508,2.015152464,FALSE_POSITIVE
9209183,186.55347,FALSE_POSITIVE
9209624,6.79164656,CONFIRMED
9209808,244.547128,FALSE_POSITIVE
9209981,290.02002,UNKNOWN
9210387,5.90608902,CONFIRMED
9210738,279.21957,UNKNOWN
9210820,377.67241,UNKNOWN
9210823,0.828206212,FALSE_POSITIVE
9210828,0.82820657,FALSE_POSITIVE
9214176,348.665961,UNKNOWN
9214712,265.2996227,FALSE_POSITIVE
9214713,809.0141881,UNKNOWN
9214715,265.2999623,FALSE_POSITIVE
9214942,18.75470238,CONFIRMED
9216075,4.9676784,UNKNOWN
9216231,616.34132,FALSE_POSITIVE
9216775,3.91794676,CONFIRMED
9216810,138.62902498,FALSE_POSITIVE
9217583,222.28056,UNKNOWN
9220612,0.979161676,FALSE_POSITIVE
9220614,570.01886,UNKNOWN
9221398,13.787520532,FALSE_POSITIVE
9221517,0.769854899,CONFIRMED
9221528,16.2953228,UNKNOWN
9221627,1.7613778,UNKNOWN
92217989,4.6079976,UNKNOWN
9222516,0.63938062,FALSE_POSITIVE
92226327,24.7373412,UNKNOWN
9224514,378.93139106,UNKNOWN
9225395,81.3153052,CONFIRMED
9226339,21.4618453,FALSE_POSITIVE
9227215,242.0367,UNKNOWN
9229657,2.66831274,CONFIRMED
9229807,580.85326788,UNKNOWN
9230021,44.433726,CONFIRMED
92352620,3.9502008,UNKNOWN
92359850,4.155,UNKNOWN
92359852,4.1549988,UNKNOWN
92363023,3.4180406,UNKNOWN
9236858,2.537081943,FALSE_POSITIVE
9239670,456.55308,FALSE_POSITIVE
9240664,10.78438513,FALSE_POSITIVE
9243795,14.443127448,FALSE_POSITIVE
92439980,27.0525472,UNKNOWN
92443533,12.6357243,UNKNOWN
9244508,40.5289885,CONFIRMED
9244756,16.34355902,CONFIRMED
92449173,2.1764875,UNKNOWN
9246715,342.55315723,FALSE_POSITIVE
92562123,6.53144,UNKNOWN
92590258,3.2422424,UNKNOWN
9264949,11.41911886,CONFIRMED
9265521,386.62189,FALSE_POSITIVE
9266285,5.61386908,FALSE_POSITIVE
9266431,18.39629744,CONFIRMED
92677094,4.5960377,UNKNOWN
9267996,19.6001405,UNKNOWN
9268159,185.97534,UNKNOWN
9268456,84.644104,FALSE_POSITIVE
9269042,12.00089667,CONFIRMED
9269281,5.82348911,CONFIRMED
9271739,575.95408,FALSE_POSITIVE
9271752,11.36113254,CONFIRMED
9272070,8.10503551,CONFIRMED
9274092,426.942225,UNKNOWN
92744152,1.1462769,UNKNOWN
9274431,117.844963,FALSE_POSITIVE
9277210,4.9432827,FALSE_POSITIVE
9277896,4.59489816,CONFIRMED
9278021,3.359470825,FALSE_POSITIVE
9278216,9.4527721,UNKNOWN
92783821,3.8615978,UNKNOWN
9278553,18.610092584,FALSE_POSITIVE
9278575,502.25648,UNKNOWN
9278725,1.104462494,CONFIRMED
9279354,2.800111267,CONFIRMED
9279669,3.722158895,CONFIRMED
9280239,364.751562,CONFIRMED
9282687,1.680425996,FALSE_POSITIVE
9282762,1.33255441,FALSE_POSITIVE
9282769,1.332567005,FALSE_POSITIVE
9282853,83.499618,UNKNOWN
9283156,5.22402436,UNKNOWN
9284741,20.729255112,FALSE_POSITIVE
9285265,16.5860329,CONFIRMED
9285568,2.55315031,CONFIRMED
9286088,14.8162925,UNKNOWN
9286728,3.04459739,FALSE_POSITIVE
92880568,0.5875044,UNKNOWN
9288237,7.49133777,UNKNOWN
9288786,1.744101106,FALSE_POSITIVE
9289704,34.135676,UNKNOWN
9289960,0.53345831,FALSE_POSITIVE
9291039,8.80854183,FALSE_POSITIVE
9291368,3.796448299,FALSE_POSITIVE
9291378,3.796488133,FALSE_POSITIVE
9291629,20.686460198,FALSE_POSITIVE
9291748,15.926990634,FALSE_POSITIVE
9292100,91.507044,UNKNOWN
9292130,362.747593,FALSE_POSITIVE
92992033,4.90765,UNKNOWN
9300066,188.664098,UNKNOWN
9300285,1.012672041,FALSE_POSITIVE
9301506,0.605223042,FALSE_POSITIVE
9301564,23.9830523,UNKNOWN
9302543,1.21475168,FALSE_POSITIVE
9304101,13.24503482,CONFIRMED
9304561,1.219049953,FALSE_POSITIVE
9304842,131.68018,FALSE_POSITIVE
9304923,200.762693,FALSE_POSITIVE
9304976,54.6957124,UNKNOWN
9305012,56.898749,FALSE_POSITIVE
9305831,3.246732048,CONFIRMED
9306677,532.9307,FALSE_POSITIVE
9307105,13.5437884,FALSE_POSITIVE
9307509,9.76293284,CONFIRMED
9307966,3.37487541,FALSE_POSITIVE
93093765,2.7961137,UNKNOWN
93125144,9.91102,UNKNOWN
9328641,33.3239576,FALSE_POSITIVE
9328852,0.64585177,FALSE_POSITIVE
9328864,0.645850521,FALSE_POSITIVE
9330740,169.84787744,UNKNOWN
9334027,284.699924,UNKNOWN
9334289,5.826657508,CONFIRMED
9334490,18.84497113,FALSE_POSITIVE
9334893,16.6671415,CONFIRMED
9336200,1.755843555,CONFIRMED
9340411,5.1581317,UNKNOWN
9340460,388.519605,FALSE_POSITIVE
9343862,1.123258617,FALSE_POSITIVE
9344623,14.759477667,FALSE_POSITIVE
9344899,8.5821795,UNKNOWN
9345819,1.04588635,FALSE_POSITIVE
9345933,13.0151826,UNKNOWN
9346253,34.064566412,FALSE_POSITIVE
9346507,4.9807125,UNKNOWN
9347009,19.32945602,CONFIRMED
9347066,20.004714,FALSE_POSITIVE
9347899,20.86021229,CONFIRMED
9348006,10.2405483,UNKNOWN
9349482,110.9643706,CONFIRMED
9349757,36.4337867,CONFIRMED
9351316,18.78429232,CONFIRMED
9351920,8.79618433,CONFIRMED
9353182,10.476258265,FALSE_POSITIVE
9353314,5.18498961,CONFIRMED
9353742,0.938750221,CONFIRMED
9357275,1.588298157,FALSE_POSITIVE
9357375,1.58826263,FALSE_POSITIVE
9357578,171.69799,FALSE_POSITIVE
93594834,1.3387555,UNKNOWN
9362842,444.89411,FALSE_POSITIVE
9363944,402.20969,UNKNOWN
9364290,5.26211833,CONFIRMED
9364609,14.97436238,CONFIRMED
9366617,26.5487294,CONFIRMED
9366886,0.633514386,FALSE_POSITIVE
9366988,1.219034103,FALSE_POSITIVE
9366989,1.219034472,FALSE_POSITIVE
9368524,229.86928,FALSE_POSITIVE
9369366,36.0054414,FALSE_POSITIVE
9376973,3.154201,UNKNOWN
9385460,3.3779614,UNKNOWN
9386171,381.18654,FALSE_POSITIVE
93862917,4.4044418,UNKNOWN
9388479,9.467821474,CONFIRMED
9388557,209.941369,FALSE_POSITIVE
9389245,47.25643291,UNKNOWN
9390228,22.6432436,UNKNOWN
9390653,9.549277089,CONFIRMED
9390655,9.5497037,FALSE_POSITIVE
9391208,16.56062577,CONFIRMED
9391506,15.74958583,CONFIRMED
9391817,140.884533,UNKNOWN
9392016,350.65158,FALSE_POSITIVE
9392421,9.6136615,UNKNOWN
9392702,3.909314318,FALSE_POSITIVE
9394601,0.876826336,FALSE_POSITIVE
9394605,0.87683182,FALSE_POSITIVE
9394762,77.138911,FALSE_POSITIVE
9394768,360.15417,FALSE_POSITIVE
9394920,1.38385822,FALSE_POSITIVE
9394953,100.494129,UNKNOWN
9395024,4.37033233,CONFIRMED
9395719,2.607545159,CONFIRMED
93963408,2.396722,UNKNOWN
9396760,2.17811908,FALSE_POSITIVE
9397862,182.453195,UNKNOWN
9397900,10.5113779,UNKNOWN
94011343,4.407111,UNKNOWN
94012094,4.9156665,UNKNOWN
9401997,32.2964275,CONFIRMED
9402583,0.536544193,FALSE_POSITIVE
9402670,0.536551592,FALSE_POSITIVE
9402859,68.54443156,FALSE_POSITIVE
9405541,5.55260695,FALSE_POSITIVE
9405595,23.3593589,CONFIRMED
9406892,2.21316437,FALSE_POSITIVE
9406990,20.83426731,CONFIRMED
9407689,130.110715,FALSE_POSITIVE
9409493,60.049737,FALSE_POSITIVE
9410930,1.855557556,CONFIRMED
9411166,1.954525966,CONFIRMED
9411317,8.2904597,FALSE_POSITIVE
9411412,2.892216772,CONFIRMED
9411943,1.922009494,FALSE_POSITIVE
9412267,542.16158927,FALSE_POSITIVE
9412445,10.18670759,FALSE_POSITIVE
9412462,10.186578749,FALSE_POSITIVE
9412623,6.1082945,CONFIRMED
9412760,9.38740646,CONFIRMED
9413156,66.47762,UNKNOWN
941340744,4.311529,UNKNOWN
9414417,53.5057611,UNKNOWN
9415108,4.51005082,CONFIRMED
9415172,9.94602357,CONFIRMED
9417931,190.905243,UNKNOWN
9418508,11.0153889,FALSE_POSITIVE
9418619,6.150251376,UNKNOWN
9418994,32.003815635,FALSE_POSITIVE
9419020,2.40174996,UNKNOWN
9425139,305.0762469,UNKNOWN
9426071,28.714216138,FALSE_POSITIVE
9427402,6.247030799,UNKNOWN
9429631,4.18587282,FALSE_POSITIVE
94346376,3.1339232,UNKNOWN
94405787,742.682809,UNKNOWN
9441591,4.7185893,UNKNOWN
9443323,4.01357,UNKNOWN
9446824,4.20233673,FALSE_POSITIVE
9447166,62.869463,CONFIRMED
94483093,2.6141047,UNKNOWN
9449320,28.34230575,FALSE_POSITIVE
9450647,9.940666412,CONFIRMED
9451096,1.250390814,FALSE_POSITIVE
9451127,5.117401517,FALSE_POSITIVE
9451521,231.521608,FALSE_POSITIVE
9451706,14.4359459,CONFIRMED
9452897,36.7662364,UNKNOWN
9455322,180.890384,FALSE_POSITIVE
9455325,9.76785911,CONFIRMED
9455526,60.0546149,FALSE_POSITIVE
9455556,6.62643441,CONFIRMED
9455677,124.827797,CONFIRMED
9456281,0.701944362,UNKNOWN
9456887,20.5142642,UNKNOWN
9457533,37.3683802,FALSE_POSITIVE
9457728,4.37992345,UNKNOWN
9457948,19.2527652,UNKNOWN
9458266,1.58487898,UNKNOWN
9458343,11.89520436,CONFIRMED
9458613,21.77568158,CONFIRMED
9459162,3.79892774,UNKNOWN
94609570,3.3325651,UNKNOWN
9463329,615.81928,FALSE_POSITIVE
9466042,9.2742685,FALSE_POSITIVE
9466429,44.616751,CONFIRMED
9466486,557.92882,UNKNOWN
9466668,3.388012244,CONFIRMED
9467404,0.929906166,CONFIRMED
9468296,5.748815953,FALSE_POSITIVE
9468382,11.08260553,FALSE_POSITIVE
9468384,11.082622625,FALSE_POSITIVE
9468551,1.638652525,CONFIRMED
9468717,7.37339245,FALSE_POSITIVE
9468848,5.8877038,UNKNOWN
9469494,275.5603,UNKNOWN
9471268,4.580346161,CONFIRMED
9471539,273.528359,FALSE_POSITIVE
9471755,0.953734449,FALSE_POSITIVE
9471974,49.18394185,CONFIRMED
9472000,31.5888979,CONFIRMED
9472074,0.558841234,CONFIRMED
9472328,77.51257,UNKNOWN
9472341,46.969389,UNKNOWN
94727308,1.2969404,UNKNOWN
9473078,0.693842661,CONFIRMED
9474222,13.691790011,FALSE_POSITIVE
9474232,13.6917833,FALSE_POSITIVE
9474483,0.512583041,FALSE_POSITIVE
9474485,0.512581525,FALSE_POSITIVE
9474493,0.512581697,FALSE_POSITIVE
9474756,17.6062701,UNKNOWN
9474969,21.570508432,FALSE_POSITIVE
9475552,0.843379985,CONFIRMED
9475697,206.801125,UNKNOWN
9478990,21.0871953,CONFIRMED
9479273,6.104849417,CONFIRMED
9479306,4.8608059,UNKNOWN
9479460,2.073873563,FALSE_POSITIVE
9480189,6.581477136,CONFIRMED
9480310,15.43400996,CONFIRMED
9480398,407.14656,UNKNOWN
9480535,160.130899,CONFIRMED
9481235,14.0019064,UNKNOWN
94823134,24.166804,UNKNOWN
9489348,3.34465934,FALSE_POSITIVE
9489524,16.33269981,CONFIRMED
9489947,54.061328105,FALSE_POSITIVE
9489953,58.3437362,FALSE_POSITIVE
9490342,487.83894,UNKNOWN
9490653,1.227986164,FALSE_POSITIVE
9491832,49.564693,UNKNOWN
94986319,16.067522,UNKNOWN
95010343,6.880459,UNKNOWN
950525831,2.5228506,UNKNOWN
95057860,3.5809733,UNKNOWN
95079513,13.2414304,UNKNOWN
9509207,14.199840087,FALSE_POSITIVE
9509223,14.2005007,FALSE_POSITIVE
9509343,6.39269778,UNKNOWN
95122849,8.3026667,UNKNOWN
9512687,11.51517167,CONFIRMED
95129101,3.929983,UNKNOWN
9512981,281.5628889,UNKNOWN
9513168,6.853888,UNKNOWN
9513865,3.601465336,CONFIRMED
9514372,145.786556,UNKNOWN
9516728,368.48518,FALSE_POSITIVE
9517242,513.14417,FALSE_POSITIVE
9517393,56.7769831,CONFIRMED
9518318,6.51112385,CONFIRMED
9518558,2.178142613,FALSE_POSITIVE
9518651,2.17823752,FALSE_POSITIVE
9518710,0.954388314,UNKNOWN
95191643,3.3458255,UNKNOWN
9520443,0.99014722,FALSE_POSITIVE
952046774,2.1632835,UNKNOWN
9520668,1.399326503,FALSE_POSITIVE
9520700,2.136834989,FALSE_POSITIVE
9520838,105.3035093,CONFIRMED
9521317,188.881049,UNKNOWN
95234976,5.4290781,UNKNOWN
9527334,8.31377304,CONFIRMED
9527915,13.22175358,CONFIRMED
9528420,4.70847097,FALSE_POSITIVE
9528430,90.08255562,FALSE_POSITIVE
9529148,25.3428696,FALSE_POSITIVE
9529294,2.51690133,FALSE_POSITIVE
9529733,4.80912667,FALSE_POSITIVE
9529744,17.9346606,CONFIRMED
9529856,37.482223878,FALSE_POSITIVE
9530945,17.40665216,CONFIRMED
9531850,0.66234265,FALSE_POSITIVE
9532052,15.72585941,CONFIRMED
9532117,8.21429932,FALSE_POSITIVE
9532123,8.214204254,FALSE_POSITIVE
9532421,4.309067482,FALSE_POSITIVE
9532424,4.30908594,FALSE_POSITIVE
9532603,14.5555096,UNKNOWN
9532637,0.61496383,FALSE_POSITIVE
9532710,5.24242029,UNKNOWN
9532997,49.763624,FALSE_POSITIVE
9533489,197.1455327,FALSE_POSITIVE
95337971,5.9471027,UNKNOWN
9534832,114.12716,UNKNOWN
9535080,49.6456235,FALSE_POSITIVE
9535876,0.960843605,FALSE_POSITIVE
9535881,0.960842633,FALSE_POSITIVE
9536048,3.71186243,FALSE_POSITIVE
9536108,10.43003118,UNKNOWN
95361530,3.9178573,UNKNOWN
9536692,26.635216,FALSE_POSITIVE
9536727,17.0497376,UNKNOWN
9536836,320.347208,FALSE_POSITIVE
9540450,1.077358008,FALSE_POSITIVE
9540675,3.55643514,FALSE_POSITIVE
9541089,0.536650896,FALSE_POSITIVE
9541094,0.536654028,FALSE_POSITIVE
9541144,0.536650344,FALSE_POSITIVE
9541163,0.5366497,FALSE_POSITIVE
9541295,0.536650319,UNKNOWN
9541322,9.40527028,FALSE_POSITIVE
95415033,5.672796,UNKNOWN
9541567,1.12284501,FALSE_POSITIVE
95423778,0.7036041,UNKNOWN
9543302,13.0366377,FALSE_POSITIVE
9549471,15.71377375,FALSE_POSITIVE
9549472,15.713787218,FALSE_POSITIVE
9549648,5.99185827,CONFIRMED
95512789,2.3277044,UNKNOWN
9551430,7.7553808,FALSE_POSITIVE
9552608,9.250572762,UNKNOWN
95574586,2.5641981,UNKNOWN
95589845,3.5658043,UNKNOWN
95660472,3.244299,UNKNOWN
9569711,6.05919881,CONFIRMED
9569866,1.480324075,FALSE_POSITIVE
9570741,15.77980122,CONFIRMED
95709395,5.069043,UNKNOWN
9571186,34.9524256,UNKNOWN
9573539,10.04556377,CONFIRMED
9573685,5.94565516,CONFIRMED
9574158,15.92108138,UNKNOWN
9574179,3.98864999,UNKNOWN
9574614,0.982090079,UNKNOWN
9575728,2.64181261,UNKNOWN
9576197,7.964440392,FALSE_POSITIVE
9577855,2.21030572,FALSE_POSITIVE
9578686,21.3851584,CONFIRMED
9579072,612.882452,FALSE_POSITIVE
9579192,12.08353781,FALSE_POSITIVE
9579208,4.11754421,UNKNOWN
9579499,7.94671044,FALSE_POSITIVE
9579606,107.904526,UNKNOWN
9579641,5.412203927,CONFIRMED
9579753,1.08908149,FALSE_POSITIVE
9579789,2.17814186,FALSE_POSITIVE
9579860,2.151214629,FALSE_POSITIVE
9580167,0.827151296,UNKNOWN
9580992,37.8034121,UNKNOWN
9581498,10.54884842,FALSE_POSITIVE
9581589,5.19206571,UNKNOWN
9582496,224.447413,FALSE_POSITIVE
9583881,18.00932214,CONFIRMED
9588822,61.858947,FALSE_POSITIVE
9588862,5.89773974,UNKNOWN
9588880,77.97621155,FALSE_POSITIVE
9589323,3.949627144,CONFIRMED
9589524,22.18431824,CONFIRMED
9590976,5.37493289,CONFIRMED
9591070,0.764174368,FALSE_POSITIVE
9591728,11.03571773,FALSE_POSITIVE
9592575,2.63757408,FALSE_POSITIVE
9592579,2.637574744,FALSE_POSITIVE
9592621,191.03728,UNKNOWN
9592705,10.27532513,CONFIRMED
9592831,0.609668222,FALSE_POSITIVE
9592850,1.219324537,FALSE_POSITIVE
9592855,0.609662423,FALSE_POSITIVE
9593528,1.88665445,FALSE_POSITIVE
9593757,2.49432176,FALSE_POSITIVE
9593759,1.247156944,FALSE_POSITIVE
9593773,3.1339356,FALSE_POSITIVE
9594184,42.093314,FALSE_POSITIVE
9594992,274.10859251,FALSE_POSITIVE
9595686,3.108251172,FALSE_POSITIVE
9595827,3.905081685,CONFIRMED
9595956,316.950146,FALSE_POSITIVE
9596064,1.74145041,UNKNOWN
9596089,20.8392148,FALSE_POSITIVE
9596187,0.953299962,FALSE_POSITIVE
9596820,282.029084,UNKNOWN
9596892,20.2944118,UNKNOWN
9597058,12.05705659,CONFIRMED
9597095,2.745640575,FALSE_POSITIVE
9597345,44.6996563,CONFIRMED
9597411,1.575631524,FALSE_POSITIVE
9597729,0.438153876,FALSE_POSITIVE
9597806,5.101375725,CONFIRMED
9597854,1.287097944,FALSE_POSITIVE
9598315,339.18109,FALSE_POSITIVE
9602421,3.55661906,FALSE_POSITIVE
9602431,3.5565617,FALSE_POSITIVE
9602514,3.55650737,FALSE_POSITIVE
9602538,3.55646511,FALSE_POSITIVE
9602562,3.55653637,FALSE_POSITIVE
9602595,3.55650976,FALSE_POSITIVE
9602613,4.61225043,CONFIRMED
9602658,3.55650403,FALSE_POSITIVE
9602775,3.5564279,FALSE_POSITIVE
9604563,1.001916708,UNKNOWN
9605514,25.8474958,CONFIRMED
9605552,9.3210841,UNKNOWN
96055535,5.4033373,UNKNOWN
9607164,14.03490255,CONFIRMED
96074951,5.5609997,UNKNOWN
96097215,1.60245,UNKNOWN
9612825,2.846517614,FALSE_POSITIVE
9613070,2.33211505,FALSE_POSITIVE
96165095,1.1062164,UNKNOWN
96170689,9.6125545,UNKNOWN
96246348,1.4095184,UNKNOWN
96291218,13.7058173,UNKNOWN
9630640,3.661895766,FALSE_POSITIVE
96317115,8.4476983,UNKNOWN
9631762,10.35586478,CONFIRMED
9631995,7.891448838,CONFIRMED
9632895,27.32204488,FALSE_POSITIVE
9634821,73.7578875,CONFIRMED
9635510,2.35197616,FALSE_POSITIVE
9635520,2.3518268,UNKNOWN
9635529,2.35195525,FALSE_POSITIVE
9635606,48.8882668,CONFIRMED
9636135,5.83376197,CONFIRMED
9636559,10.636305846,FALSE_POSITIVE
9636563,10.63609504,FALSE_POSITIVE
9636569,10.63624422,FALSE_POSITIVE
9637299,1.882438182,FALSE_POSITIVE
9639021,2.21568076,FALSE_POSITIVE
9639106,3.57944367,UNKNOWN
9640123,8.2553499,UNKNOWN
9640439,0.873227249,FALSE_POSITIVE
9640649,0.862329309,UNKNOWN
9640907,1.089088292,FALSE_POSITIVE
9640921,80.7060641,FALSE_POSITIVE
9640924,2.17815935,FALSE_POSITIVE
9640931,2.17815196,FALSE_POSITIVE
9640946,1.08906057,FALSE_POSITIVE
9640962,1.089077224,FALSE_POSITIVE
9640976,2.178150857,FALSE_POSITIVE
9640985,2.178150567,FALSE_POSITIVE
9641008,2.178154774,FALSE_POSITIVE
9641018,2.178154348,FALSE_POSITIVE
9641031,1.089077111,FALSE_POSITIVE
9641041,1.089077863,FALSE_POSITIVE
9641076,2.17818699,FALSE_POSITIVE
9641103,1.089057762,FALSE_POSITIVE
9641144,1.089076495,FALSE_POSITIVE
9641481,42.1918331,CONFIRMED
9642018,0.505111993,UNKNOWN
9642292,15.1408916,CONFIRMED
9643043,84.8062818,FALSE_POSITIVE
9643210,3.850304552,FALSE_POSITIVE
9643874,8.027681123,CONFIRMED
9644411,0.379412331,FALSE_POSITIVE
9644683,0.585940879,FALSE_POSITIVE
9645188,48.55059299,FALSE_POSITIVE
96475638,4.0610981,UNKNOWN
9649205,237.26601,FALSE_POSITIVE
9649222,5.918619554,FALSE_POSITIVE
9649706,1.569066598,CONFIRMED
9650579,432.96905,UNKNOWN
9650762,372.15035,UNKNOWN
9650808,21.96401646,CONFIRMED
9650989,3.42390809,CONFIRMED
9651155,1.07383154,FALSE_POSITIVE
9651234,96.9151707,CONFIRMED
9651602,3.90735046,UNKNOWN
9651668,2.684328541,CONFIRMED
9652166,0.646523404,FALSE_POSITIVE
9652632,2.488812012,FALSE_POSITIVE
9652649,2.48883033,FALSE_POSITIVE
9652655,2.48882685,FALSE_POSITIVE
9653622,19.0054098,CONFIRMED
9654468,47.7052566,CONFIRMED
9654875,1.34145255,UNKNOWN
9655005,1.39862757,FALSE_POSITIVE
9655129,2.743978797,FALSE_POSITIVE
9655419,1.92149487,FALSE_POSITIVE
9655424,0.51811818,FALSE_POSITIVE
9655711,12.7143635,UNKNOWN
9655792,589.74851,FALSE_POSITIVE
9655858,31.43284649,FALSE_POSITIVE
9656252,16.92342126,CONFIRMED
9656397,204.74104758,FALSE_POSITIVE
9656543,2.544594443,FALSE_POSITIVE
9656547,1.27228771,FALSE_POSITIVE
9657636,542.52829,FALSE_POSITIVE
9658089,1.057080807,UNKNOWN
9658118,24.0612744,FALSE_POSITIVE
9658192,1.886002102,FALSE_POSITIVE
9659022,511.882,UNKNOWN
9661869,20.427232317,FALSE_POSITIVE
9661877,20.42720701,FALSE_POSITIVE
9661979,69.8956789,CONFIRMED
9662475,247.372131,FALSE_POSITIVE
9662811,43.0343364,CONFIRMED
9663113,20.74028645,CONFIRMED
9664142,13.5631157,CONFIRMED
9664215,3.319523463,FALSE_POSITIVE
9664276,62.596544,UNKNOWN
9665503,11.567974732,FALSE_POSITIVE
9665922,1.545388842,FALSE_POSITIVE
9673173,21.294733865,FALSE_POSITIVE
96736412,6.1214801,UNKNOWN
9674320,317.062416,UNKNOWN
9674564,6.873655305,FALSE_POSITIVE
9674592,6.87366398,FALSE_POSITIVE
9674608,2.972047661,FALSE_POSITIVE
9674789,96.16705,UNKNOWN
96829917,2.4519381,UNKNOWN
96847781,3.5841,UNKNOWN
96885837,0.8760587,UNKNOWN
9692128,1.480323978,FALSE_POSITIVE
9692336,0.687898282,FALSE_POSITIVE
9692345,0.687895191,FALSE_POSITIVE
96925186,6.8979432,UNKNOWN
9692557,0.571940563,FALSE_POSITIVE
9693006,2.88878583,CONFIRMED
9693803,13.4959496,UNKNOWN
96948338,11.4420309,UNKNOWN
9696358,6.98141327,CONFIRMED
9697131,3.09756897,UNKNOWN
96973930,3.3243,UNKNOWN
9700449,110.461746,UNKNOWN
9701368,5.4049747,UNKNOWN
9701962,27.4784659,CONFIRMED
9702006,6.24564633,CONFIRMED
9702072,4.182001885,CONFIRMED
9702945,3.51413723,UNKNOWN
9703198,10.32906563,UNKNOWN
9704384,5.50860699,CONFIRMED
9705459,2.48658617,FALSE_POSITIVE
9705620,95.254421,FALSE_POSITIVE
9707944,19.7357748,UNKNOWN
9710326,28.59914031,CONFIRMED
9710611,386.35444,FALSE_POSITIVE
9710626,371.21454,FALSE_POSITIVE
9710792,365.5435,FALSE_POSITIVE
9711297,373.74856,FALSE_POSITIVE
9711751,0.855763492,FALSE_POSITIVE
9712350,51.5738653,UNKNOWN
9714123,50.35545898,FALSE_POSITIVE
9714358,6.474202359,FALSE_POSITIVE
9714550,4.73292061,CONFIRMED
9714696,1.433339604,FALSE_POSITIVE
9715631,425.483539,CONFIRMED
97158538,2.5950747,UNKNOWN
9715925,6.30828538,FALSE_POSITIVE
9715939,12.893018017,FALSE_POSITIVE
9716028,17.3731821,UNKNOWN
9716302,1.332566763,FALSE_POSITIVE
9716391,13.1829329,CONFIRMED
97165413,1.2710408,UNKNOWN
9717943,6.11010439,CONFIRMED
9717958,67.7125988,FALSE_POSITIVE
9718066,16.09227518,CONFIRMED
9718379,40.0088894,FALSE_POSITIVE
9719634,3.351556891,FALSE_POSITIVE
9719636,3.351573993,FALSE_POSITIVE
9723746,208.800733,UNKNOWN
97248423,13.3079913,UNKNOWN
97249514,4.7783263,UNKNOWN
9724984,7.86335883,FALSE_POSITIVE
9724993,7.863361238,FALSE_POSITIVE
9725627,4.1567834,UNKNOWN
9726452,42.48452259,UNKNOWN
9726659,3.148661555,CONFIRMED
9727392,4.534451,UNKNOWN
9727765,51.85656556,UNKNOWN
97279971,1.5304279,UNKNOWN
9728465,7.35390869,FALSE_POSITIVE
9729691,8.689301216,CONFIRMED
9730163,4.871223664,CONFIRMED
9735426,8.08801663,CONFIRMED
97409519,3.372877,UNKNOWN
97486178,4.08165,UNKNOWN
9752973,0.716709761,FALSE_POSITIVE
9752982,0.716709897,FALSE_POSITIVE
9753154,3.70429015,CONFIRMED
97568467,10.655694,UNKNOWN
9757613,17.25121397,CONFIRMED
9758032,1.332035996,UNKNOWN
9758089,92.7297248,CONFIRMED
9758615,94.20561159,FALSE_POSITIVE
97588014,12.2925281,UNKNOWN
9761199,0.692015479,FALSE_POSITIVE
9761573,7.4413445,FALSE_POSITIVE
9761615,1.79110997,CONFIRMED
9761882,24.58716355,CONFIRMED
9762514,7.51509713,FALSE_POSITIVE
9762519,7.51514595,FALSE_POSITIVE
9763348,15.77382794,CONFIRMED
9763612,16.0505464,CONFIRMED
9763754,17.47702,FALSE_POSITIVE
9765975,18.45848388,CONFIRMED
9766437,12.53248222,CONFIRMED
97669493,8.4332312,UNKNOWN
9767392,1.457256942,FALSE_POSITIVE
97700520,5.4255548,UNKNOWN
9770983,7.02932339,FALSE_POSITIVE
97714451,6.2356356,UNKNOWN
97715482,3.4291124,UNKNOWN
9771576,398.71694,FALSE_POSITIVE
9771920,378.70643955,FALSE_POSITIVE
9772531,31.201692472,UNKNOWN
9773270,122.749053,UNKNOWN
97735297,1.8354365,UNKNOWN
97735908,4.1137862,UNKNOWN
9773869,15.65129028,FALSE_POSITIVE
9773980,3.3879165,UNKNOWN
9774400,10.818248422,FALSE_POSITIVE
9775253,4.39451798,FALSE_POSITIVE
9775385,45.163025,UNKNOWN
9775475,78.4286313,FALSE_POSITIVE
9775938,13.19720694,CONFIRMED
9776186,1.48922187,FALSE_POSITIVE
97766057,3.2535299,UNKNOWN
9776794,18.22211768,UNKNOWN
9776907,287.75613,UNKNOWN
9777062,19.230038188,FALSE_POSITIVE
9777087,5.50811352,FALSE_POSITIVE
9777089,19.229478,FALSE_POSITIVE
9777090,5.50817321,FALSE_POSITIVE
9777200,1.332580225,FALSE_POSITIVE
9777251,1.33255087,FALSE_POSITIVE
9777256,1.33251589,FALSE_POSITIVE
9777290,1.33251948,FALSE_POSITIVE
9777556,1.33254897,FALSE_POSITIVE
9777724,1.33258458,FALSE_POSITIVE
9777757,1.33254212,FALSE_POSITIVE
9777990,14.3400358,FALSE_POSITIVE
9780149,2.53021,FALSE_POSITIVE
97825640,3.1228396,UNKNOWN
9782691,11.38840217,CONFIRMED
9782748,147.388124,UNKNOWN
9783760,89.7398137,FALSE_POSITIVE
9784222,0.798200403,FALSE_POSITIVE
9784230,0.7981968,FALSE_POSITIVE
9785454,184.52015392,FALSE_POSITIVE
9785921,73.506021,CONFIRMED
9786017,2.249000963,FALSE_POSITIVE
97866515,4.0681112,UNKNOWN
9786821,21.120005744,FALSE_POSITIVE
9787239,5.90127815,CONFIRMED
9790806,1.93155546,CONFIRMED
9790965,0.82206761,FALSE_POSITIVE
97921547,2.8279716,UNKNOWN
97925605,8.9913818,UNKNOWN
9804616,0.5168347,UNKNOWN
9811915,1.96682825,UNKNOWN
9813499,5.03257009,CONFIRMED
9813678,0.505079006,FALSE_POSITIVE
9815053,5.83892993,UNKNOWN
98159959,2.0396825,UNKNOWN
9818381,3.024092505,CONFIRMED
9818462,25.9421582,CONFIRMED
9818732,45.035589512,FALSE_POSITIVE
9820483,3.584101048,CONFIRMED
9821078,8.429438192,FALSE_POSITIVE
9821151,8.42943991,FALSE_POSITIVE
9821428,299.70688,UNKNOWN
9821454,17.9776037,CONFIRMED
9822284,0.969824139,FALSE_POSITIVE
9823457,8.11528727,CONFIRMED
9823487,16.00460392,CONFIRMED
9823519,4.49686066,CONFIRMED
9823564,129.68366098,FALSE_POSITIVE
9824805,4.4444826,CONFIRMED
9824928,1.69999106,FALSE_POSITIVE
9825174,0.740926358,CONFIRMED
9825625,7.03902016,CONFIRMED
9826171,434.39148,FALSE_POSITIVE
9826551,7.19680984,FALSE_POSITIVE
9827094,241.8591,FALSE_POSITIVE
9827149,2.131945045,CONFIRMED
9827596,1.45728997,FALSE_POSITIVE
9828127,18.0541469,CONFIRMED
98283926,2.2920348,UNKNOWN
9828416,6.2099619,UNKNOWN
98286422,2.9646096,UNKNOWN
9830791,3.5414573,UNKNOWN
9832208,88.0712769,CONFIRMED
9832379,189.961729,UNKNOWN
9833284,0.6843601,UNKNOWN
9834040,6.77408984,CONFIRMED
9834257,15.65134872,FALSE_POSITIVE
9834719,1.621668852,FALSE_POSITIVE
9834731,3.08942807,UNKNOWN
9836149,17.8159689,CONFIRMED
9836563,4.72693131,UNKNOWN
9836959,105.0145774,CONFIRMED
9837013,14.461834,UNKNOWN
9837083,0.623393802,FALSE_POSITIVE
9837544,71.661915163,FALSE_POSITIVE
9837578,20.733748565,FALSE_POSITIVE
9837586,20.73376301,FALSE_POSITIVE
9837659,121.62387378,FALSE_POSITIVE
9837661,11.12827427,CONFIRMED
9837685,13.71218522,CONFIRMED
9837720,353.04037,FALSE_POSITIVE
9837828,6.80899076,UNKNOWN
9837861,0.6565741,UNKNOWN
9838060,23.81578356,FALSE_POSITIVE
9838414,1.33261458,FALSE_POSITIVE
9838468,54.4099612,CONFIRMED
9838537,1.33257715,FALSE_POSITIVE
9838582,233.64574,UNKNOWN
9838608,1.33259494,FALSE_POSITIVE
9838761,1.33254428,FALSE_POSITIVE
9838804,1.33256952,FALSE_POSITIVE
9838949,4.88084456,CONFIRMED
9838975,18.692860599,FALSE_POSITIVE
9839030,27.285315,UNKNOWN
9839062,424.623345,FALSE_POSITIVE
9839081,2.559236603,FALSE_POSITIVE
9839821,34.8536903,CONFIRMED
9842890,4.9883872,FALSE_POSITIVE
9842906,4.9883873,FALSE_POSITIVE
9842937,4.98845099,FALSE_POSITIVE
9843517,11.9378354,UNKNOWN
9844088,3.750832927,CONFIRMED
9845362,105.895315,FALSE_POSITIVE
9845898,45.126216,CONFIRMED
9845909,11.5706005,UNKNOWN
9845931,61.224558,FALSE_POSITIVE
9846086,37.86511904,FALSE_POSITIVE
9846348,26.89316101,UNKNOWN
9847239,28.507877538,FALSE_POSITIVE
9848420,7.9320191,FALSE_POSITIVE
9848760,444.46522,FALSE_POSITIVE
98494121,3.06555,UNKNOWN
9849884,5.35745121,FALSE_POSITIVE
9850387,1.374249107,FALSE_POSITIVE
9850843,8.48039,FALSE_POSITIVE
9850893,8.48039789,FALSE_POSITIVE
9850912,8.4804737,FALSE_POSITIVE
9850957,8.48031302,FALSE_POSITIVE
9850966,8.480305,FALSE_POSITIVE
9851123,8.4803048,FALSE_POSITIVE
9851126,8.480303653,FALSE_POSITIVE
9851142,8.480304281,FALSE_POSITIVE
9851226,8.48031942,FALSE_POSITIVE
9851271,8.48031229,FALSE_POSITIVE
9851360,8.4805019,FALSE_POSITIVE
9851638,351.25069,UNKNOWN
9851662,15.0539886,CONFIRMED
9851845,1.08195208,FALSE_POSITIVE
9851943,1.081935491,FALSE_POSITIVE
9851970,1.08193721,FALSE_POSITIVE
9851983,1.456383399,FALSE_POSITIVE
9852050,0.94242156,FALSE_POSITIVE
98545929,1.888231,UNKNOWN
9858404,0.39149,UNKNOWN
98613492,1.0617107,UNKNOWN
98620619,2.2091186,UNKNOWN
98662211,4.2842284,UNKNOWN
98669309,4.0035773,UNKNOWN
9872283,3.126861192,CONFIRMED
9872292,10.19154678,UNKNOWN
9872831,5.49548533,CONFIRMED
98728690,2.1415519,UNKNOWN
9873004,1.98514635,UNKNOWN
9873254,14.70749512,CONFIRMED
9873604,522.33888,FALSE_POSITIVE
9873759,4.99473798,FALSE_POSITIVE
9873869,4.994773558,FALSE_POSITIVE
9874581,473.56314,FALSE_POSITIVE
9875101,212.771978,FALSE_POSITIVE
98753307,15.3281169,UNKNOWN
9875711,8.360870704,CONFIRMED
98796344,5.358776,UNKNOWN
9880190,4.5513988,CONFIRMED
9880467,8.97349999,FALSE_POSITIVE
9881077,24.4004378,CONFIRMED
9881258,2.028512246,FALSE_POSITIVE
9881660,65.3558881,UNKNOWN
9881662,3.254277742,CONFIRMED
9883311,30.5231459,UNKNOWN
98833877,0.358558,UNKNOWN
9883606,4.34195312,CONFIRMED
9884104,4.585466941,CONFIRMED
9885417,0.689967868,CONFIRMED
9886221,2.9926465,FALSE_POSITIVE
9886224,2.992662857,FALSE_POSITIVE
9886255,105.9566815,CONFIRMED
9886361,7.03146295,CONFIRMED
9886661,5.082748362,CONFIRMED
9887224,0.874629873,FALSE_POSITIVE
9892471,8.268081087,FALSE_POSITIVE
9892816,15.17026921,CONFIRMED
9892856,2.406574511,FALSE_POSITIVE
9893278,182.281992,FALSE_POSITIVE
9893318,18.0161227,CONFIRMED
9893468,201.325036,UNKNOWN
9895004,2.250826647,FALSE_POSITIVE
9895006,10.56137217,CONFIRMED
9895709,1.818939148,FALSE_POSITIVE
98957720,15.3502505,UNKNOWN
9896018,2.7296036,CONFIRMED
9896435,18.076610347,FALSE_POSITIVE
9896438,18.0766788,FALSE_POSITIVE
9896558,67.6690554,CONFIRMED
9897364,64.2729088,CONFIRMED
9898017,2.29794819,CONFIRMED
9898364,7.132351753,FALSE_POSITIVE
9898447,2.37752442,CONFIRMED
9899065,1.33256418,FALSE_POSITIVE
9899141,1.33256944,FALSE_POSITIVE
9899153,1.33256167,FALSE_POSITIVE
9899181,1.332560553,FALSE_POSITIVE
9899193,1.332567821,FALSE_POSITIVE
9899216,1.33259003,FALSE_POSITIVE
9899217,1.33254971,FALSE_POSITIVE
9899233,1.332547503,FALSE_POSITIVE
9899256,1.33254024,FALSE_POSITIVE
9899280,1.332560589,FALSE_POSITIVE
9899315,1.33256979,FALSE_POSITIVE
9899345,1.33199285,UNKNOWN
9899352,1.332562831,FALSE_POSITIVE
9899355,1.332564478,FALSE_POSITIVE
9899410,1.332545609,FALSE_POSITIVE
9899414,1.332564704,FALSE_POSITIVE
9899421,1.33256256,FALSE_POSITIVE
9899449,1.332565736,FALSE_POSITIVE
9899483,1.332561398,FALSE_POSITIVE
9899505,1.332562787,FALSE_POSITIVE
9899514,1.33255577,FALSE_POSITIVE
9899577,1.33258981,FALSE_POSITIVE
9899583,1.33258375,FALSE_POSITIVE
9899607,1.33259275,FALSE_POSITIVE
9899621,1.33255492,FALSE_POSITIVE
9899623,1.33259095,FALSE_POSITIVE
9899630,1.33258455,FALSE_POSITIVE
99025225,12.5069936,UNKNOWN
9902856,135.9121619,FALSE_POSITIVE
9904006,55.1866213,CONFIRMED
9904059,102.9641952,FALSE_POSITIVE
9906489,8.9648813,FALSE_POSITIVE
9906688,5.82561701,UNKNOWN
9906802,9.26147679,FALSE_POSITIVE
9906841,581.0723,FALSE_POSITIVE
9907129,9.705693,CONFIRMED
9907505,39.206808648,FALSE_POSITIVE
9907513,1.2749899,UNKNOWN
99081059,3.4169475,UNKNOWN
9908486,36.6092739,FALSE_POSITIVE
99097200,3.2371501,UNKNOWN
9909735,4.66271902,CONFIRMED
9909965,10.2170589,UNKNOWN
9910043,39.399926,UNKNOWN
9910828,8.48032079,FALSE_POSITIVE
9910942,8.4803326,FALSE_POSITIVE
9911112,1.166835206,FALSE_POSITIVE
9911882,1.595630597,FALSE_POSITIVE
9912977,0.9439372,FALSE_POSITIVE
9913481,3.50474265,FALSE_POSITIVE
9913798,2.14344093,FALSE_POSITIVE
99224131,2.6915408,UNKNOWN
9932197,86.95432088,UNKNOWN
9932970,52.971584,UNKNOWN
99330090,7.0080817,UNKNOWN
9933600,230.70578883,FALSE_POSITIVE
9934208,9.058487716,FALSE_POSITIVE
9934274,4.99471597,FALSE_POSITIVE
9935642,9.33955596,UNKNOWN
9935983,161.651504,UNKNOWN
9936080,19.5650801,FALSE_POSITIVE
9936698,2.856085147,FALSE_POSITIVE
9938836,7.2681817,UNKNOWN
9940565,2.139325409,FALSE_POSITIVE
9941066,5.87063416,CONFIRMED
9941136,376.24253,UNKNOWN
9941387,27.659607786,FALSE_POSITIVE
9941425,1.075158342,FALSE_POSITIVE
9941550,476.727302,FALSE_POSITIVE
9941662,1.763587535,CONFIRMED
9941859,9.57665962,CONFIRMED
9942658,21.7997515,UNKNOWN
9943009,2.4376438,UNKNOWN
9943435,0.777663575,FALSE_POSITIVE
9944201,0.721522907,UNKNOWN
9944421,7.09520543,FALSE_POSITIVE
9945280,0.651731691,FALSE_POSITIVE
9945370,37.9456138,CONFIRMED
9946525,51.84688984,CONFIRMED
9947389,284.727213,UNKNOWN
9947653,37.9043889,UNKNOWN
9948002,101.26336282,FALSE_POSITIVE
99493790,7.764691,UNKNOWN
9950316,57.104588,FALSE_POSITIVE
9950612,9.034190783,CONFIRMED
9953491,362.0619,UNKNOWN
9953575,362.69427,FALSE_POSITIVE
9953736,0.50818743,FALSE_POSITIVE
9954225,1.340649911,FALSE_POSITIVE
9955262,77.4794704,UNKNOWN
9955598,68.958447,CONFIRMED
9956082,3.74031708,CONFIRMED
99572130,4.8504819,UNKNOWN
9957351,0.991105114,FALSE_POSITIVE
9957627,39.7529915,CONFIRMED
9957659,30.69537638,FALSE_POSITIVE
9957668,30.69533113,FALSE_POSITIVE
9958053,2.73398963,FALSE_POSITIVE
9958387,237.787237,UNKNOWN
9958962,9.99760285,CONFIRMED
9959093,19.1644498,UNKNOWN
9959368,1.33255801,FALSE_POSITIVE
9959492,11.682369,FALSE_POSITIVE
9959494,1.332568744,FALSE_POSITIVE
9959545,1.332567643,FALSE_POSITIVE
9959589,1.332557603,FALSE_POSITIVE
9959765,1.33250451,FALSE_POSITIVE
9962455,23.1985852,CONFIRMED
9962595,11.374442708,UNKNOWN
9962731,385.39743,FALSE_POSITIVE
9963009,40.069674617,FALSE_POSITIVE
9963265,16.48686712,CONFIRMED
9963461,10.581581895,FALSE_POSITIVE
9963524,5.69059163,CONFIRMED
9963639,7.4185369,FALSE_POSITIVE
9964670,1.541350116,FALSE_POSITIVE
9964748,1.183818383,FALSE_POSITIVE
9964801,13.72462702,CONFIRMED
99648579,10.6936683,UNKNOWN
9965184,16.2276756,FALSE_POSITIVE
9965206,16.227548674,FALSE_POSITIVE
99654378,7.3039588,UNKNOWN
9965439,46.40626,CONFIRMED
9965691,15.68434493,FALSE_POSITIVE
9965957,5.75321539,CONFIRMED
9966115,8.947426242,FALSE_POSITIVE
9966219,17.9559673,UNKNOWN
9967009,12.4326997,UNKNOWN
9967398,49.873958,FALSE_POSITIVE
9967771,9.91724268,CONFIRMED
9967884,5.428344915,FALSE_POSITIVE
9968924,411.447056,UNKNOWN
9969287,14.7401061,UNKNOWN
9970396,235.2976173,FALSE_POSITIVE
9970525,30.00908916,FALSE_POSITIVE
9971475,5.357409918,FALSE_POSITIVE
9973109,27.495634,CONFIRMED
9973855,2.95600563,FALSE_POSITIVE
9974142,281.35877,FALSE_POSITIVE
99796664,0.7729056,UNKNOWN
99834321,8.1420107,UNKNOWN
99834717,1.7063264,UNKNOWN
99869022,3.6714717,UNKNOWN
9989136,6.1841688,UNKNOWN
99896567,12.1324506,UNKNOWN
9991621,18.9257333,FALSE_POSITIVE
9992325,24.08632177,CONFIRMED
9993529,0.790539912,FALSE_POSITIVE
9993683,29.9371143,UNKNOWN
9994381,281.95332,UNKNOWN
9995402,3.57551429,CONFIRMED
9995771,15.0617835,CONFIRMED
9996632,8.44326557,FALSE_POSITIVE
99989903,19.7468103,UNKNOWN
