target_id,period
384549882,0.30412
16288184,2.1805333
144065872,2.1846669
66818296,3.7354838
259863352,21.701669
317060587,9.139804
112395568,5.742625
366989877,15.5077855
320004517,17.4713078
421894914,5.3079507
323132914,51.1701501
31553893,11.1296441
380783252,9.4496506
38846515,2.8493825
101230735,2.0685633
253990973,0.540933
299799658,4.1150576
406976746,10.0665238
79748331,6.4438657
79748331,12.2265595
7088246,2.160344
201604954,4.606184
201642601,3.1316735
6663331,3.180362
31858843,2.9776446
92352620,3.9502008
31858844,2.9776152
120247528,3.5544026
140830390,12.8379689
158297421,3.9228016
327301957,13.9428705
351601843,0.6047392
360742636,2.5495611
369960846,1.6062693
50365310,2.1713484
88863718,1.9316462
124709665,1.8675574
106997505,2.74323
238597883,3.5730141
169904935,4.5505945
156115721,2.5047918
65212867,6.9989206
440801822,2.0483755
107782586,1.9600277
231663901,1.4303699
139853601,0.6808702
114018671,2.4705036
427508467,0.884182
97700520,5.4255548
96246348,1.4095184
155044736,1.3730466
175310067,12.6889415
182943944,1.10422
291555748,4.95912
341420329,5.2341008
149603524,4.4119378
140706664,3.28892
143994283,1.90879
47384844,3.09574
238374636,1.3214483
141482386,18.0157
297967252,9.6837908
388624270,14.2628757
20318757,3.2834565
20318757,11.02875
20318757,5.0113292
447283466,1.01606
374908020,36.22214
336732616,3.547854
464296022,12.1246519
304021498,5.652623
146589986,5.6643704
149601557,29.0161646
400595342,3.6404389
361413119,6.0744477
146172354,3.7795212
363260203,1.2025238
90544017,3.2235985
461867584,4.420125
231670397,4.0872956
310483807,2.55555
385624852,8.30792
360286627,0.758082
90448944,1.4415577
463402815,1.0085089
54044474,3.7039994
309787037,1.3042553
370745311,0.62627
382331352,11.47606
136274063,0.5971314
375223080,1.4821386
375225453,0.9209526
360630575,9.188506
360630575,13.9028391
383390264,10.1826983
290348383,6.441006
281459670,3.1743504
318608749,20.0731588
271581073,2.66903
311890977,6.63371
351603103,2.94308
451599528,341.2791676
274151135,10.8680523
384513078,11.1149
394561119,4.0782392
295599256,7.14386
50309953,7.04083
355703913,2.1061569
446549905,2.4545635
412014494,11.4756978
369864738,2.78186
290348382,6.4410082
409934330,2.4887726
379286801,4.45199
304100538,5.0100708
295541511,2.2281625
90919952,4.13812
261369656,10.95663
388104525,2.4997996
143257766,1.66226
24094603,4.07611
304774444,3.6245513
469782185,1.20928
128790976,3.5187707
80166433,0.7724825
405862830,1.6268695
269450900,2.32439
425721385,13.5499
91576611,4.43651
97409519,3.372877
254113311,8.34998
254113311,4.0686405
198213332,0.5860366
267489265,1.5502952
69997672,1.80709
122220263,18.6922101
154872375,8.0277326
142276270,12.5187279
142276270,6.2586065
142276270,26.3208756
142276270,18.795547
89389197,1.3206356
370133522,0.5182425
379240073,3.1644075
289793076,3.0440495
161032923,3.9652485
253728991,2.98278
261108236,16.3469053
322270620,12.9802953
380589029,1.3484961
381979901,3.2541181
468148930,3.7178828
426077080,9.30992
343648136,1.15395
129319156,4.73703
29344935,2.76676
361034196,2.19296
193413306,1.725841
387079085,1.1923
459970307,21.745537
161450762,1.32003
117256577,1.6865822
147576037,13.0727479
379931600,2.9258727
48188920,0.73774
238176110,2.7985802
89510024,2.3664127
158324245,1.7635881
13419950,7.3166682
375542276,3.0771612
16102323,3.2077145
458478250,2.2552845
138361973,1.8824539
232967666,15.196
41330864,2.1358631
302518439,6.7075429
322307342,3.5862962
294176967,1.8296155
101929303,11.1876137
1717732429,7.8513949
232967440,7.0643978
154089169,8.9534775
30329585,7.5022708
230088370,14.0077666
169177766,1.692892
359496368,2.6652007
148914726,1.2615323
266980320,6.0344667
158002130,9.6867516
229510866,2.1031647
341544930,7.6416041
258777137,5.9294088
233087860,5.7484439
83210867,1.1967018
289539327,11.2464616
372757221,2.5941968
15247229,8.5112
112026224,3.9687994
278683844,5.5411114
278683844,10.6917268
287196418,3.6950015
237185205,15.7335693
158276040,45.9403293
89643259,2.2219839
147950620,2.3106428
24364065,4.05135
69068526,5.5376617
92677094,4.5960377
203189770,3.612771
99869022,3.6714717
394137592,11.535076
288185138,0.8352406
29960110,2.4919771
327017634,
23434737,25.5195307
467666275,1.3812115
110428269,0.64971
202563254,4.4780798
25155310,3.2887898
320525204,13.7431084
159510109,16.9487087
284450803,3.3686634
160268701,11.2071839
28230919,4.8878037
350995812,2.97164
21755546,0.660179
288391628,10.9278415
349827430,5.5514888
117789567,2.3202418
281541555,4.7423709
16740101,1.4810903
69679391,3.4741012
237184773,6.5011911
154840461,6.0360758
294781547,13.7738265
294981566,1.9142544
231702397,5.0780325
319259194,70.3607265
349095149,91.6827832
374997123,10.1944993
382437043,14.64319
299798795,4.1782656
299798795,17.9453645
150428703,13.896396
150428703,8.1213102
177115354,3.9287851
360156606,27.3613778
300038935,29.0497517
140760434,31.8132264
290131778,3.3088922
287156968,25.0571312
447061717,24.2454967
364395234,14.2545623
260647166,14.1758947
260647166,19.5901578
260647166,6.2036219
260647166,3.79589
90504905,2.2645386
103633434,3.4447015
120757718,3.0300715
120960812,12.72038
120960812,6.238755
153951307,3.2947689
153951307,0.7645807
154716798,12.6396982
29831208,1.8428078
287776397,2.3922703
308034948,0.831542
364393429,2.6282553
273985865,3.4239436
273985865,10.983042
273985865,17.726449
30037565,40.7199388
207081058,14.7741056
33878688,79.3739596
50312495,18.1663644
389924075,105.5850893
399144800,27.2149622
451606970,19.1807264
453260209,1.2124493
141527965,4.5541831
248092710,41.4856125
52368076,
233059608,1.4415044
233120979,5.9630544
233211762,1.1219715
233684822,4.6756655
236714379,1.0180114
237222864,10.288886
274762761,1.0332441
278348461,5.4526479
288132261,10.2613397
288735205,3.4779776
70440470,3.0354017
355867695,3.1274634
355867695,7.4931613
355867695,49.825166
356311210,18.0574016
365938305,20.8774413
406672232,1.0214555
416195870,2.7441672
424865156,2.2047452
467179528,10.8948421
467179528,18.8016111
158561566,6.7900981
142394656,8.157721
198241702,4.2529641
198241702,9.2378703
234523599,3.7955178
237200747,14.3034613
286923464,6.1349783
417948359,3.3159772
445859771,4.6313014
459969957,19.3203478
13499636,11.3246821
43064903,6.261169
153949511,
153949511,14.8559691
163539739,14.4751062
224297258,9.6141636
391949880,4.9404714
230017324,9.6926392
232971294,6.390888
236445129,0.9689927
266593143,10.338505
267561446,1.283251
274662200,1.2284388
277507814,0.6166953
352764091,9.6001126
365733349,2.6998294
408203470,0.581322
158170594,1.7208555
159107668,4.7802597
198212955,0.3814849
219698776,4.6595169
219850915,6.4002807
229781583,4.8204512
230127302,18.6548829
230127302,4.3074513
230127302,5.9041278
230127302,37.9251983
232540264,15.9234883
232612416,4.3601536
232976128,13.0791581
52368076,4.6517186
52368076,9.1549418
52368076,19.9815709
232679662,7.8513774
233735068,7.6869063
236815160,2.534612
277014266,1.3797091
287190564,1.49861
235037761,6.2407826
294179389,2.6796
378159598,6.1406417
405904232,11.0765063
11111899,0.6193401
136848581,2.6400663
137284119,2.5778717
15565627,3.80509
165523947,2.99041
167092385,4.9865029
167098530,0.890967
89020549,2.1096805
167403519,3.9729429
195199644,1.19888
240450679,3.37644
256886630,2.03905
266688542,2.9424142
274942910,1.0793011
275111900,8.0428575
312083267,3.9392211
330332501,4.0157492
345996087,2.01976
219338557,8.1995368
357457104,1.748054
387664866,2.65646
387664868,2.65688
395171208,4.7201912
42123111,4.03349
89759617,3.3295394
92783821,3.8615978
160708862,3.3448312
260128333,95.174
269701147,8.8803281
269701147,28.580474
269701147,38.3511223
234994474,1.4015183
233681149,8.5874668
233390838,6.4474918
256621916,1.4136455
358631536,3.4040139
1400770435,13.7432169
160487753,8.47134
219852882,5.5025577
219852882,1.7622537
229747848,0.8474218
229747848,4.8420438
229770036,2.14056
272635712,12.71672
267263253,4.1269046
233953967,5.5402372
201248411,0.980972
417676622,5.3987355
198186769,7.16199
199688472,1.4412175
202504234,1.6849938
219015370,3.9152737
219852584,3.1968838
219854185,3.9443668
229536616,3.93034
237104103,4.5371361
258777134,5.929405
263003176,14.3392144
293687315,2.8716983
356867115,6.0964074
356867115,
441797803,5.6666168
185405474,1.56029
186000935,8.8735214
155005217,7.6047417
176957796,4.8173797
155114483,5.2651271
162130054,5.0095595
164150539,6.1600888
176899385,3.8529998
190430205,1.06884
190442486,5.4561177
190743990,1.7380504
240613164,1.99143
249812036,5.7785318
252490659,1132.0244686
277683130,6.1982658
274170255,1.41072
275722992,6.5601782
276360911,0.44482
313506357,1.532703
328167090,0.7131492
329864959,4.52318
343019899,25.8386422
343442463,0.78381
346338552,4.4652986
353038705,3.062624
62483237,11.0708575
365389353,2.6380089
389182138,2.7260173
416987878,2.86876
430528566,0.5590256
431156009,2.958148
468472950,0.98736
468845640,3.99307
64553698,8.6795072
66445643,6.5560604
66783360,1.3812787
140068425,2.2813432
258801269,5.48923
259126549,7.3845072
259129875,0.43889
328750515,2.3359622
352239069,6.8674054
352239069,14.431887
387834907,12.64001
231736113,10.5739824
69747919,9.9783319
364186197,4.4247042
364186197,2.2222094
115771549,4.7182888
403224672,1.0082361
199444169,1.2168732
116483514,1.4520486
116483734,4.731977
119700084,6.1182129
125442121,3.0197807
148782377,14.4204896
158025009,1.0697621
1718201850,5.9294089
336740528,5.2958813
279177746,4.4350025
365683032,1.4287976
372264750,2.1702725
277566483,24.2544697
357972447,0.33759
275501623,1.67346
416624606,2.5152549
410153553,0.4629304
330468175,0.70902
277447970,2.237462
395142888,1.9173816
230017325,9.6926509
26880783,1.7753644
367099243,1.8286961
120602501,14.8626982
129539786,2.0881134
136971594,1.25562
256783784,6.1095756
13684720,12.4379715
138588540,29.871853
153976959,0.6858178
154383539,0.8675883
198356533,18.840891
229650439,5.1396666
229650439,9.4280902
232982558,27.6438617
261136679,6.267832
233617847,15.5174519
233617847,4.6274206
233951353,22.092974
235683377,0.4090681
237232044,23.5407467
258514800,0.4702719
259172391,9.8130697
259172391,4.7842093
294471966,6.3170657
294471966,4.5057387
298073824,1.2273079
343628284,8.0970819
356158613,
356158613,2.3691849
265612438,5.13002
377293776,2.0439268
417931607,16.5379864
420112589,11.0619937
198390247,6.5886877
198390247,4.3135263
294179385,2.6794168
387259626,3.6231364
199376584,18.712253
176860064,6.3768174
164173105,3.0726434
224600500,0.6763235
311035838,2.8997405
425934411,0.8533534
321857016,6.9561134
329277372,2.8879675
333473672,13.001789
346418409,2.7556532
418959198,4.8962484
350132371,1.0318213
128501004,0.78999
2041563029,12.80758
377304435,11.35626
138968089,0.6412558
25375553,2.3109689
293954617,7.4341456
375506058,2.650232
284441182,2.5272822
306263608,20.7724316
306263608,52.5637056
306955329,6.3634106
352413427,5.2544884
427654774,5.222621
431514478,8.4953513
432549364,1.2174936
240681314,2.7324809
409794137,10.1802014
421308357,16.6828999
393940766,4.8670758
335483600,3.354053
197650870,2.1853174
252616865,5.7121916
452803785,5.0037857
67309890,1.1623941
377191482,2.9551881
233541860,0.2666485
459978312,23.28798
198457103,0.4721054
219751469,6.98301
260985861,3.3399432
283474780,3.9943
53875855,4.4902667
354594208,0.86673
15692883,5.147905
411608801,5.0267996
431148743,2.6277641
384045439,10.82661
371673488,0.8165295
316402246,1.4014167
414870287,4.95898
271893367,5.8574075
377420580,1.4147363
329145325,1.077774
410528770,2.7536237
428065977,1.6534102
326114850,1.2456423
331034236,3.4272549
64836837,10.9115374
430677414,0.46741
415741431,2.1575124
272828463,1.577609
382302241,1.59782
377739433,1.23852
376682699,1.1025238
434718964,1.597226
269509393,1.76589
270238522,1.36991
470709084,3.66505
376637093,2.0560153
455962313,2.25505
427761355,1.902606
272049972,1.0960111
191284318,2.7759678
16920150,9.155934
355636844,6.30556
17005768,6.8424983
44631965,3.5686777
188768068,2.1779407
190998418,2.8791023
229944666,11.3125266
236887394,1.4200248
237086564,1.8718991
240968774,5.9711357
243185500,15.5324385
243185500,1.880531
283722336,3.0929386
283722336,6.7650398
220435095,3.4231002
445137888,2.013653
173612049,6.4902646
177244357,6.54692
252636888,2.590266
389525208,6.74657
318746829,5.2273176
319068154,3.7983639
367607434,8.2916
431585347,5.13664
455791689,1.2918334
127425841,1.5166573
194203348,1.13345
409520860,0.71933
440100539,12.6017
191146556,2.5798051
129637892,5.4499753
241065596,1.6256942
288348498,1.67546
326919774,7.57193
327341626,5.9382163
299158887,9.4341589
441732151,2.09989
405794804,1.44127
320506985,1.08697
117322779,0.68601
241040309,3.4648951
220518305,14.152
241076290,0.2580006
245462406,2.27456
249862365,0.98999
249945230,1098.2258586
250724252,0.5596691
251384275,1099.2560385
256414077,3.01106
259151170,
284050395,1.35932
285666479,1.71614
140691463,2.0845434
285674856,1.74626
285677945,1.2427
292321872,8.66698
302773669,21.216464
307111282,
316254876,2.4611008
327011842,0.783879
332154944,0.99837
348135793,1.97741
354400186,9.07768
403136413,2.51266
354469661,4.7947749
370759867,
374400599,1.8932775
403256331,3.77188
418987806,0.88654
444415148,1.83641
445144327,1.80794
458914949,12.5343031
403287048,7.00776
269238073,6.1461734
366074069,4.1812866
367102581,2.9798592
387413037,6.72694
314338017,10.9554897
276380902,0.6171788
313761775,1.5309799
202375913,5.0625809
285543785,9.9385448
312259170,0.8229
231081369,7.6316384
312469860,0.50261
312678993,0.5175204
327579226,8.905407
345143460,3.6458046
345143460,8.0637954
354600221,1.41853
420288086,6.5344463
118301361,3.46608
101037590,8.7094632
125735470,4.7126743
26433869,1.0357235
138017750,2.4727425
229951289,13.3118
348770361,2.7684331
219776325,2.5287981
264678534,16.2016817
268403451,2.8641388
272625214,5.2469991
317397615,0.7438074
317507345,3.9401791
322054600,1.3433022
322202434,1.4013505
376838000,2.1679
377144784,2.3866952
99493790,7.764691
378291076,1.5982014
387260717,6.453624
388076005,1.7126115
407394748,0.7522775
461387302,5.8089284
470852531,1.49446
157586003,3.3326189
424435940,5.0172146
284475976,2.1436364
310003988,4.5421594
179317684,4.2311173
317597583,12.0557353
29054413,15.2521892
51024887,8.2491871
165551882,12.1582804
201186294,0.98933
230086768,34.9270483
269892793,1.7729239
286355915,4.076684
312862941,0.9150623
348673213,0.901465
79395355,7.31898
396562848,1.9495403
422923265,1.8646725
229940491,37.4590076
298647682,20.0795217
22843856,1.8497201
184679932,2.1721416
387527558,3.623909
154927364,6.9744232
376353509,7.3315684
116608612,3.4557863
350743714,7.757643
122485078,9.1505
138168780,3.7649949
50120414,3.581083
52041724,35.4028219
394657039,3.7628372
71854745,3.10315
82010657,
186599508,5.6318074
192372961,2.06313
201154493,1.51233
385105624,1.7498117
431899140,1.9734615
68152139,0.73772
67418624,1.1020719
129979528,1.2198382
253917293,4.608
187029841,0.361112
139375960,5.33155
129991079,6.15952
73448352,4.7321735
428679607,2.6800536
149990841,4.4531846
441739020,40.7501028
441739020,10.9836724
441739020,123.0586028
459903429,8.13664
468828873,3.8954139
470315428,1.08625
73104318,7.45494
81831095,3.133084
8400842,3.1915257
87090944,0.6435807
96291218,13.7058173
9837861,0.6565741
369457671,2.31446
259168516,4.8026561
321041369,1.5379237
367366318,2.7347651
58542531,3.057524
85031598,1.1549925
28900646,0.6691449
102672709,6.7053949
103448870,10.2596322
121966220,6.7171913
198384408,9.1238101
183120439,2.2554459
267574918,1.4079369
268334473,16.7368995
288636342,17.7286608
288636342,32.2079698
353475866,1.766692
396740648,3.7701296
422756130,3.1342946
470381900,2.5005291
154867950,0.6664948
156724719,10.9568722
258829450,1.8347892
266500992,3.2786617
267694283,1112.7562924
27677846,5.6309047
286561122,0.6803433
288631580,5.8775548
288631580,3.3985674
147203645,5.0611315
311121985,1.3561596
312122956,2.0492064
339538183,2.6093167
353367071,2.37532
353782445,11.835079
354006740,1.76406
368536386,1.69433
409183335,3.32125
417705690,2.363311
461662295,10.2558
67926921,3.566276
15863518,0.5572565
239154970,3.4744763
142090065,2.8269356
14336130,8.082354
149833117,4.052389
257241363,5.5870396
293617835,2.7552586
29857954,9.47686
356473034,2.6158597
51234631,4.1250429
85242435,9.6052235
71431780,13.7270395
81212286,0.6850808
86396382,1.0914304
130181866,7.107934
130181866,20.5438153
241225337,1.8308782
285048486,3.4913952
298666530,0.5732087
270341214,29.7537451
270341214,9.1702265
318022259,6.2262315
318022259,2.1555232
318022259,12.5739572
371234684,3.9228042
470987100,4.1192231
53427308,5.80322
224596152,28.8745078
365673804,10.3857602
408618999,7.0731057
233009109,14.4479828
104208182,3.6985817
159418353,8.3033493
425997655,17.6671687
425997655,29.7975205
425997655,12.1623316
425997655,3.9766833
425997655,7.9076222
174041208,19.428419
198206613,10.9406641
219857012,21.2690422
219860288,4.2660553
229455001,22.3417286
232635922,5.984871
232650365,2.5253323
232650365,3.8776815
233071822,2.7546548
233071926,1.8318623
233602827,4.4891367
1884091865,10.716524
190223929,17.04198
22705558,4.5470055
394698182,3.7115129
23650642,1.12355
274215536,1.3341738
371210825,0.40312
453387619,1.2016105
95129101,3.929983
137500798,13.2054538
230377505,4.5156072
230377505,7.4057777
240148934,2.02365
241173474,11.44192
29119552,7.6288424
309257814,1.238601
309257814,1.8135767
445805961,24.2833782
408636441,18.8500438
272086159,16.155373
420112587,11.062666
424391516,11.5922513
435680451,24.141229
441739871,3.797872
1551345500,47.3860753
272672133,3.493958
67666096,2.7033942
8767448,4.3532339
137906197,7.3377236
287225295,0.6097554
262530407,2.8531016
457138169,1.0924536
252479260,3.2122302
85293053,8.0542207
85293053,
332064670,0.7365463
4897275,16.7100422
9348006,10.2405483
21535395,2.8009915
29191624,14.6503935
39699648,6.5273884
67646988,1.8817191
251848941,6.5578513
251848941,20.708504
251848941,9.9616347
251848941,3.2384253
251848941,15.2321843
99834717,1.7063264
137881699,2.9720774
160045097,4.9877056
160045097,1.8290294
160045097,18.7559765
229938290,1.4198659
241196395,2.0937563
230386259,11.0023133
86280613,9.573548
372730331,8.7046669
450327768,5.34326
172518755,3.2087149
207141131,4.1374379
310981412,9.62517
233684293,48.4808217
29191596,8.8164887
304142124,55.087
286916251,8.7655468
135083444,2.7917911
138819293,2.6438856
368435330,3.6451549
233602827,9.0447039
233602827,2.3889051
307210830,3.6906759
307210830,7.4507305
307210830,2.2531062
237099296,11.3373614
287080092,37.4685042
287139872,0.9351891
287139872,32.7135406
289580577,5.3846239
332477926,16.2143217
356978132,60.1848926
364074068,2.7830114
367753709,2.125687
367753709,5.0097113
367858035,20.7051499
307734817,2.1075001
347329162,4.6170519
76923707,4.5320502
373693175,1.3273482
376524552,3.7130701
207425167,
207425167,11.6098182
207425167,48.3320223
377290815,0.798
160440924,6.3684627
233720539,2.555332
237108272,22.7873
285094173,13.3983724
330799746,5.5115114
341815767,3.09374
76989773,1.7691703
393831507,4.860673
82308728,9.4893231
9392421,9.6136615
142381532,38.8135498
142387023,22.8085719
229750058,10.1824299
229400092,4.1419805
390651552,1.467119
232982938,9.0941239
235905185,6.2895835
183979262,3.4307565
20182165,9.7815625
27194429,0.5553244
307956397,4.1508569
61098812,3.6935997
71612483,1.2164402
347332255,5.6419598
347332255,
207468071,20.3807824
207468071,1.7727505
144441148,5.8182239
162689341,2.1747062
381714186,1.4238067
300871545,4.8170684
165987272,7.8456075
168699373,4.3011975
404505029,9.5739531
258871793,9.1469122
198108326,3.2130578
272758199,3.6610026
198385543,3.9306746
54002556,35.4557945
54002556,12.7645811
219824469,5.4809161
23740089,9.862756
368435330,1.0376109
198153540,8.0214735
198153540,0.4378083
8967242,7.093853
51912829,0.8353899
17993892,4.1244833
119584412,10.6439385
138762614,16.7961107
144401492,12.8858629
144401492,6.2932111
148679712,4.9246365
165763244,24.0510453
166648874,15.1512051
166648874,8.1960758
166648874,0.5019031
180695581,0.54937
37718056,3.65688
232038798,4.1536624
183532609,8.1587261
437261733,5.4161129
44745133,7.8181434
50712784,5.4053583
53458803,3.3489038
53750200,4.1933422
98283926,2.2920348
98545929,1.888231
339522221,1.82069
308425348,3.39829
102192004,4.2337078
183537452,3.9227122
363851359,2.5441537
112099249,5.17958
112604564,4.5768651
114299824,4.2042078
58463434,
439610306,1.79988
147660886,17.3057923
41173048,6.40938
219466784,
70887357,723.8345008
243187830,1071.0898448
350618622,52.9781419
350618622,5.8492379
26547036,1134.6723963
136916387,11.5778362
136916387,27.5920718
136916387,
138294130,3.0565259
188589164,2.6162769
198588220,4.8099755
368287008,3.3491408
219462190,
441765914,124.72987
341815197,49.9950015
52204645,4.3794298
233721037,230.92212
219778329,177.2188871
393965778,4.3032642
402898317,53.8108713
356016119,18.7931749
235678745,17.664866
235678745,28.1722501
142748283,3.1190716
142748283,6.3878202
279982557,1.7890217
356700488,
230386397,19.5078657
233680651,5.1354577
160162987,23.0531698
364075352,37.83633
8516795,8.2148505
260043723,3.1385875
154741689,9.2786686
75656058,1.78166
76197937,1.78252
293567206,0.6856225
159815224,2.9601848
405717754,4.4379727
123495874,7.8914271
123233041,3.5224751
164892194,3.024111
237913194,15.1689723
32090583,0.4384814
32090583,8.3522143
371443216,2.8240691
118956453,2.3447752
143143769,1.3372349
14344979,4.1117731
207077681,2.278575
157266693,3.8537616
183985250,0.7920646
160578764,2.8786641
162922904,3.8186276
386259537,5.6107737
172598832,3.2633165
125739286,4.5111234
176685457,4.4352884
178289267,2.3506186
268301217,0.9466787
128449971,12.7060866
325172035,2.8970202
219508169,6.8161105
219508169,2.4590369
219508169,25.3369848
357416482,5.49826
357501308,7.4355709
159781361,15.3468182
355509914,1.7386695
39903405,5.633477
236312126,3.9415041
11996814,0.4487349
16884216,11.1900486
255930614,2.8758831
394050135,8.8720542
407059875,7.1925327
335996558,1.46329
336456596,0.77871
445254275,2.57134
259962054,51.94509
141608198,9.0105414
219436394,23.6573994
165527918,9.0753271
289590465,6.7060238
289590465,
160491359,2.6620728
160491359,20.2926468
367630162,3.2723118
367630162,5.904369
367630162,15.1808746
367630162,1.9803146
367630162,9.56111
156199502,15.9152686
393911494,0.6332593
446549906,2.45457
347538174,6.8019625
298663873,260.1740061
233068569,8.379057
268823307,3.5484481
1715469662,6.5011256
176956893,6.9067868
355096431,7.2147718
238171173,4.476922
270472265,2.7492277
260797169,3.735051
270342589,4.4343277
260609205,4.4617755
389421473,5.3160704
262471759,4.0115394
277890574,6.2643442
401604346,2.1223673
271478281,15.3419095
24695044,4.164514
372172128,1.1953968
389352124,4.954648
100566492,4.9549631
369455629,3.3771114
150098860,10.6953083
142105158,2.9360281
219306934,1.3477642
358107516,11.9124942
355600246,3.05631
467971286,2.2250514
260298958,0.8891483
381856447,1.7690121
90850770,8.000489
38680052,0.6743453
271806353,3.4391152
316937670,0.62425
317089588,12.7846809
212253390,3.0926858
280803917,5.1293855
406318573,5.179282
272236017,2.4156482
425561347,5.7772122
39018923,5.6807412
234330672,3.8300359
348995212,0.3456911
278138619,10.1688722
144440290,
150437346,1.3926549
441420236,8.4536777
306510653,2.2456869
273695332,6.9309657
262880065,13.9631929
388198242,0.5055105
271891552,3.5775562
403135192,0.9017685
405425498,4.2217717
405425498,11.5472009
61733521,3.36296
143410850,4.98668
326453034,14.445918
129432342,1.79217
100504381,5.46278
439444938,11.45959
421455387,2.50876
271491157,2.91615
267093376,17.14012
394722182,3.5315897
389238529,0.49642
231077395,3.3904897
388130235,92.1950921
198178505,
258389327,26.5456672
265460043,32.8236817
142117976,46.5710978
289164482,2.6796164
289164482,1.1188024
272679240,20.1546939
198456933,76.8663962
288516853,
243313296,1.4663344
115623434,3.1434463
77044471,2.6865064
115583726,18.6016754
264171144,210.668358
237211410,12.5520766
198211976,0.4018586
70797900,705.5844658
98494121,3.06555
96973930,3.3243
92562123,6.53144
1990842033,5.41418
1989628303,5.46377
278415929,3.7981107
349786918,2.9663437
376168473,5.41402
179580045,62.1624516
152714791,1.27349
47525799,
264303333,0.8153098
229715760,11.5743561
233066156,12.379649
367855829,85.4244796
233688779,26.4579842
265146266,11.9526103
198485881,35.1896444
219821826,9.6799809
25139786,1.5933772
147425389,3.1856867
325468685,1.8905304
355446093,15.937546
302333151,1.440707
61980227,3.0958985
274599700,
88840705,
349488688,
349488688,11.6207544
402026209,1.3382314
207501148,
138126035,716.3497402
300812741,20.2254946
300812741,11.3071786
219501568,16.5899263
47484268,
232568235,0.3524597
229787062,1.9011452
165530380,1.4937444
159400561,
235943205,121.3342908
310231275,0.8294084
8348911,2.326343
459837008,3.4950422
459837008,2.0344366
459837008,2.2891027
20203297,7.1566025
441798995,1.4206036
441798995,2.8411415
441798995,10.4029111
2760710,
115446313,4.9707023
329148988,27.2672016
237201858,179.4031712
160077104,11.8120707
462615350,8.9172211
82452140,63.39545
120610833,3.1260751
321688498,0.3862197
236934937,9.405877
236934268,7.0767314
71347873,6.0683318
284361752,340.3877311
48018596,60.06632
165554103,139.2632286
233500935,22.048775
229608594,
362220495,165.0031583
160074939,13.340145
280031353,4.8566656
280031353,15.4432661
280031353,
283829553,6.0541622
144000801,1.3103832
197959526,0.7196291
70420766,9.4070515
232079930,0.918902
147284470,2.9905745
270219048,2.6820061
234489976,3.86866
328012209,20.2656358
204376737,3.3610013
38467100,2.9432073
293527670,0.98656
69819610,1.0361758
152800085,4.26991
175456679,58.9970907
177308364,82.7899763
394287035,17.1019622
238920875,6.5346715
415969908,11.6700285
415969908,7.2011383
180991313,2.2088214
168751223,4.7150942
286000547,7.4972297
358579111,14.2197641
200743403,7.9980831
160003961,1.4492052
88902249,7.7119842
230001847,2.994263
24358417,22.6539607
279514271,9.7728388
12423815,2.8392793
29959761,1.6471574
100267480,0.87741
100589632,3.9471567
166834768,3.2553185
311179742,8.3129806
91555165,1.0526157
91555165,42.1289893
317483660,3.3311975
301343785,1.1736318
317019074,1.2043785
405452527,11.5738497
280095254,10.090259
47601197,8.6251769
47601197,4.8714085
290036495,5.2524809
32925763,1.6804461
177079323,5.7517969
219766989,0.5109902
124515764,1.2709769
30947715,3.66275
124206468,7.0924883
124095888,1.1258127
436102447,5.1858
9727392,4.534451
31656385,22.84518
204671232,8.71546
302924206,6.9444047
445456888,5.5436298
39414571,4.0197555
344085117,0.659752
39218269,17.1869882
441159680,5.74984
401125028,5.1750108
220068921,3.36376
98753307,15.3281169
122612091,2.21674
135036669,0.9112206
162802770,4.880964
448589187,3.0652926
152852327,9.1720535
385332171,9.7439744
372818426,1.4436706
349966879,0.3125737
234527228,0.5136096
231833236,4.773751
230980206,3.375591
159951311,5.9242661
453100296,2.229735
29830212,7.3164282
372852036,2.484912
149394317,0.9270535
200805484,2.967599
305048087,5.4361667
347357977,12.6826724
432132155,4.8984239
189620016,1.1792344
332558858,13.3368173
439366538,4.3135917
164150537,6.1600755
326522874,3.1821969
146165619,1.6766686
231063955,3.4972769
201177276,5.4693888
9006668,1.2730965
176220787,5.2153618
39080923,5.0451188
2760219,4.6612025
20897611,3.1353607
184240683,1.6284288
206785987,2.955314
134471108,5.3262922
52689469,3.1413825
124778445,1.6751568
206906112,13.5853506
443127052,2.8972041
393298446,14.9695925
354519019,17.3051476
147430118,1.6951056
143282930,1.5339665
224225541,4.9377227
170103435,1.9785151
124702477,0.7951534
124491883,2.3933087
59842822,2.5577037
317134140,6.3951381
123627908,5.9016526
166851829,4.7277153
231065398,7.7898378
160004025,2.7985528
31634579,8.8759249
147456499,1.2558789
164767175,10.7510107
164767175,6.19132
372817671,5.0183771
144125079,3.6257584
423672208,3.790687
423666115,0.58228
277871306,3.9602774
186936449,2.8456505
170889511,
348684813,7.7517472
192076548,1.1159326
348835438,6.203496
166836920,5.7525797
190721237,12.9281223
382602147,2.1357026
231850364,3.1581288
32487566,2.7567395
237885040,5.6601098
382625239,1.3442724
89544985,2.3372423
9725627,4.1567834
369965258,2.1192866
299897516,7.8369842
149349867,5.9123675
149349867,3.4072141
149349867,9.1696498
231071138,18.84184
144297844,3.4978002
144124187,7.8686762
333734769,1.5099302
306337838,6.00327
295947393,5.4927168
48178229,2.6788253
96925186,6.8979432
47720259,6.9551801
237924601,1.0021853
177414713,2.0944084
72556406,5.563087
148883384,2.0988541
443213925,4.6410823
169249234,7.1858029
149601126,23.3418536
149601126,49.2445599
380836882,8.011385
126572546,2.3018922
83154030,11.7248927
269333648,64.5947
322063810,3.5104148
52059926,
190081497,3.1630387
129372561,10.7189647
1018843,1.9126596
434496663,7.2972359
179033846,1.476869
420016507,3.4082154
398736713,6.4967452
354517490,3.4523955
323295908,3.8539027
219253008,5.066175
219366908,0.6293198
209408136,3.1292868
200803270,2.5981987
200320748,1.5292851
161568891,2.4756487
161479081,3.4711465
159989004,3.5746058
155993822,4.0944492
322807675,19.4061437
219701535,5.4681892
101948569,19.4723016
260849386,1.0339
11521555,5.8681984
1525480,5.5094951
293435336,1.8098811
142087638,20.362741
142087638,74.6068965
142087638,74.6065192
231297123,1.9792573
212957629,3.0766835
153078576,2.7029187
67630845,9.4636148
321068176,12.9696927
77031414,1.3866519
262843259,8.1484094
20579360,16.7224532
418012030,6.6857865
219332978,
204698337,16.4452725
20299658,31.9919595
399967279,94.0997954
443115574,2.9103781
201508515,0.985586
49687222,20.186539
354518617,12.7187255
354518617,22.0819969
31054498,1.4118418
431971818,4.1133928
270604417,7.5427509
341419787,21.0689935
149845414,7.9940367
98728690,2.1415519
92363023,3.4180406
220479565,3.6977167
92359852,4.1549988
71345362,3.8821916
38399060,3.6506781
30016082,1.3225635
146467673,1.6375324
140284353,0.5566811
139445621,6.409365
139445453,4.3169755
100683605,3.270563
77958378,5.8259928
259377017,5.6605693
259377017,11.3795653
259377017,3.3601377
56096837,4.6636858
44791617,2.169466
43604949,1.9422802
248391319,0.7988525
10837041,0.782765
684936227,15.29859
206498307,13.4190392
237320326,1.7771109
161223358,0.5153654
237922465,8.2754608
49617263,4.83266
65347776,25.86696
358248442,18.8812961
120585579,6.340315
268532343,5.84259
70524163,4.3474
29919341,18.23603
197807043,
313891529,12.3750537
248387177,50.6939885
97486178,4.08165
388089437,2.1811989
444013020,2.3114203
350293646,8.5234958
350293646,1.4468993
80711765,4.8580501
204317710,2.8126485
294500964,9.0702531
6276559,5.436841
31515092,2.3701119
238542895,8.3848067
144043410,6.2636501
155491828,16.0475029
468981993,8.0149323
269400980,9.8302309
283307274,17.7859152
441453629,4.2002507
92226327,24.7373412
43475220,6.1735306
32677675,3.6364993
169448771,18.010652
457202957,1.8851834
455036659,4.007232
452810327,2.3540172
452810326,2.3540163
259511357,2.4759733
408231638,10.7448417
396896334,5.7604868
362026280,3.078479
332660287,1.2434016
332534326,2.4993895
311239796,4.9640641
284859630,7.5420435
269077474,1.3164901
248655096,2.7625084
176314383,3.3759446
268766053,3.3098458
142937186,1.30613
274193763,7.57017
420051632,7.0846492
149010208,3.4373093
23170835,1.10071
258804746,0.224195
347553438,1.82738
405763009,
155001079,1.3808138
298164705,
154568734,
251094370,5.1660127
686072378,1.9426003
274194927,14.3614789
118327550,7.397216
129839175,0.6461571
219175972,12.8900899
92226327,3.7779418
441155146,3.5511203
422385684,2.7754004
420177051,4.0483695
387409975,5.0182311
334482103,3.7257237
321086563,3.9704457
284679064,4.2102425
258920431,5.9839451
257067559,3.4843271
248655556,13.1147744
200723869,18.3877081
239816546,2.9887654
239638934,6.0027375
234489133,3.5985851
160037058,4.5815438
159332859,4.4817684
169448297,2.1473577
167714124,4.162733
153725446,0.708548
152477897,3.3843865
119290630,1.4875055
100780304,0.1846924
100589633,3.9471513
51830822,0.6711626
42763678,1.7246234
39724477,4.0350169
279740441,0.7418594
37240067,2.5082498
34729329,0.9953936
34466256,0.7029205
34266522,3.7170532
21505121,4.5879078
20069685,1.9663653
91869778,3.4771921
445946478,3.3328544
219175972,5.5514857
168871868,17.1217196
318753380,15.6692322
29959760,1.6473887
439867639,0.3711334
142868621,18.685862
1167538,
231721005,9.0182016
231721005,19.7580247
170729775,16.6542431
154618248,8.7709021
408114363,17.8832414
4294779,0.3438892
219208037,0.9776805
59128183,4.4414275
67782629,8.5063687
142784687,3.1711207
115453244,3.8229149
112316665,3.7494409
104986789,3.4580018
103751498,3.7146478
350445771,3.1901569
102713734,3.397862
37862966,3.5838508
21279791,3.0183134
7548817,4.52074
458641144,4.6965638
62530991,4.0266483
458647887,9.5835608
68007716,5.4566563
284418751,3.587158
157698565,61.6277
12862099,2.4238226
234832821,0.7460577
147437399,1.5622382
147125706,3.4813976
147034452,4.5302876
134315574,1.5971584
382188882,4.8000953
130611752,0.4405893
96736412,6.1214801
79431527,3.9072351
78441371,3.9980153
53122063,2.276734
52976395,1.0191022
284288093,7.2748135
48806546,0.934057
443556801,1.5080197
443534757,3.08858
439456714,3.9934418
438057373,4.5697688
437893926,3.8454384
435934762,2.8504334
434260570,4.720489
311271011,
117799904,14.1993538
449197831,3.7369689
192790476,19.1047019
158623531,7.8728937
454224694,0.515461
411839167,6.1802614
248434780,12.8643168
452375478,10.6079445
32949762,3.7684981
146523262,3.759205
293612446,2.6266983
71013298,1.7556616
31114545,24.4232697
117843067,2.3767548
229285649,8.493027
284122875,3.4559382
258983679,1.4711386
229167359,2.682814
151284882,3.817421
37089434,16.2709828
220139435,3.6039259
12036590,5.73436
235333495,4.1554362
37749396,13.4758478
234160911,5.3376282
456844391,6.0210332
191928543,7.234064
176772671,1.3326579
189625051,4.9088819
146776480,20.6006151
355800238,1.4509175
149539158,2.2338786
445145355,1.5174038
319473643,3.1474843
281979481,0.5417947
301281965,0.5348968
283303192,2.9884191
282102605,1.2541679
280212554,1.1472535
279989567,0.787177
237770757,1.7932884
237736186,4.9208778
237632488,0.5209929
237552878,4.7838171
235448190,6.9724832
373844472,0.9195617
235300016,6.8204309
231157209,7.4710819
170367033,4.9197461
168191686,1.6281719
148233571,0.9422588
148004811,3.3187528
160148385,3.4252563
298981199,7.1853092
71088556,6.5857043
248650906,
399868187,1.2311781
449257028,4.278752
373453507,15.7925628
43868600,3.8865992
412054152,34.7769296
262435954,2.6473916
167661160,36.8382429
201793781,5.9910569
1449756,11.3543085
262258341,11.994832
117938087,14.9315582
219151731,1.4853364
68035559,8.3272872
328934463,11.2347982
269850928,4.724665
308883808,1.1645141
63898957,3.3639254
63898957,13.0393586
268914377,2.1538959
234282389,0.7320175
149572298,13.3572104
52315301,15.2010859
263075864,4.8103214
38965512,2.2687617
273850708,1.8531628
260537454,6.3187442
231076038,8.2500143
31943299,12.4724734
70513361,11.1452784
394346647,10.3558635
388202128,2.4125012
382259755,1.2207037
420962989,0.5993364
388934707,4.4430866
36574157,3.7804749
35636165,3.4590552
35483319,1.9297769
332860211,4.4445101
319735319,2.9038027
244161191,0.299039
317546777,4.9062135
317417916,2.7636665
306903715,4.8680805
302976834,2.3044132
302766000,0.2573207
300204369,11.5054399
281987399,3.7576217
270677031,4.3217658
255756918,4.0646554
251209368,3.0071496
122613513,11.4707838
369376388,1.5411764
394346745,3.4024655
139251123,10.7668398
279327604,1.426951
179985715,6.6153188
77437543,
80567842,5.92777
282498590,10.1004307
123664207,
282576340,8.3761316
282576340,2.4087648
33091590,7.795385
160328683,1.5746828
97568467,10.655694
263179590,3.7382381
67196573,2.5574812
403288821,0.5474737
349410350,3.0235362
308396509,2.1481182
300604770,3.4562767
262829328,1.0649771
260541432,0.8715953
259901731,11.4856846
120916706,0.5568095
391900348,9.7130596
140067837,6.6314357
231703293,0.907105
386131764,18.1960491
318812447,
358557578,7.4547813
119925436,3.1054901
349408306,0.152076
458342769,3.9299344
100100827,0.9414525
149577217,7.39143
378976682,6.0179742
219728669,2.3601883
73540072,1.2436239
157225097,2.5267353
81247740,1.3641482
224313733,197.0336254
180652891,0.7759895
424733642,2.0912089
229742722,63.4839358
279741379,35.6134391
279741379,7.7897726
202426247,1.0662082
323295479,742.5142746
321668398,5.6442112
356919658,1.42611
229791084,1.6453265
211438925,4.8996461
7413227,3.4158668
167009792,1.13305
308919449,1.6563738
382980571,1.742573
461080504,6.0988471
357536526,1.57363
127315102,10.8458712
460140752,12.0077462
31268146,3.6473383
334125713,4.6211026
230982885,2.0727598
327663613,1.41144
356590734,4.829406
394509844,6.89132
242536549,0.6923563
466113537,4.9064175
166184426,16.3152
422656370,1.3254567
470127886,5.7156075
470159478,17.0096703
53617134,18.8243063
427279997,2.89453
53709089,8.51226
368320811,1.261045
405559035,11.1516668
405559035,5.5470937
235937532,3.7321195
237071229,11.2479927
281781375,43.8297863
427730490,3.8608551
54364414,1.37477
269424395,2.41872
346929661,12.0135752
270333769,4.1207509
347013211,9.07763
392476080,0.67249
300293197,6.5638575
394029948,32.76639
356235833,1.2680452
427320001,14.0120582
427320001,155.8237
1400212743,5.24612
9828416,6.2099619
54464870,3.6944323
422838133,5.3089937
279212407,28.6620782
17416749,2.34483
236387002,7.2008611
206609630,0.3352715
389900760,5.7998189
88996391,2.3195654
311408969,3.5852284
207425203,1.2239134
400430915,2.1863095
400476523,18.10671
230087585,8.8263579
299780329,1.6024387
260304296,0.5125807
230375747,2.7633917
233503636,3.40612
229490898,2.2349708
328933398,24.9341884
328933398,900.1930987
328933398,7.0056805
232641326,17.8683999
233047097,11.3091849
233078665,6.4827647
233497719,3.801591
219762508,3.2351013
334911765,0.88958
302659412,14.5187891
356747847,14.6483913
400323948,3.2242808
234519192,1.1630372
318828309,5.3418199
179319057,6.7018963
141663464,1.76447
190271688,12.6534664
242083025,0.6466988
295354126,2.2778177
242120884,0.6227257
320079492,0.4262223
210445631,3.97195
293708935,2.6855915
441462736,14.278122
162695785,2.5599667
468574941,1.4971447
363761216,7.4072602
159873822,13.7905315
314835525,5.30329
281575427,4.2529842
316468545,13.5970194
375850439,1.1633325
1100766816,1.62263
315755496,4.27808
378355116,3.5684459
322062001,4.6981739
396356111,10.2207
229888286,5.5986337
326732851,1.51567
403308915,3.7543552
55650590,0.7363132
285542903,2.2657506
327577308,1.45655
105840719,10.3088514
159742538,3.5539283
116242971,5.0316347
116264089,1.306188
21744120,5.5080682
21832928,16.3413889
101721385,4.627664
234345288,23.5199045
234345288,7.7565534
320798691,5.0052605
27848472,1.8468345
358516596,3.2440454
39200363,3.8266587
75878355,9.2292078
75878355,95.8531625
76419763,2.7884723
243335710,13.7045951
280830734,1.1619531
359357695,1.7263781
59859387,1.1203828
396368313,3.0898836
348755728,4.5063838
219879302,6.7822781
258510872,6.5440665
403136415,2.5128483
229586455,2.2001583
459997997,5.547485
139771134,0.9134495
278866211,2.1940616
288636599,19.9676936
139198430,15.3617729
63698669,1837.8897313
253132689,3.217824
267414551,4.7631
47617161,3.9194856
295562522,5.438218
467281353,2.8319354
329888006,7.6943096
383531859,17.0614756
458856474,6.0783344
458857720,1.30924
12421862,10.2152025
127793615,9.27898
378613125,2.4763492
437329044,17.1725007
89535068,6.1110945
162246865,0.5646193
469212332,30.7864669
468997317,7.5043829
349088467,2.5861562
373785851,4.04163
334811204,21.07626
115524421,8.8036803
356710041,
141663460,1.76442
147951030,8.8128067
417931300,7.7690887
198187049,5.9214229
260271203,5.6492853
233182695,6.3839247
198360694,5.6739336
900715901,3.167981
441642457,53.1991439
158075010,177.5830512
23814735,4.7981694
27491137,10.3563596
27491137,35.1257472
336128819,7.8519082
23059280,14.1502269
336267424,1.4821845
308172249,1.4013784
167415965,18.5537012
167415965,9.695961
399860444,2.4706114
287256467,18.2616878
44313455,9.3004351
103195323,5.5899401
428988981,37.3415931
88992642,10.2611329
158916431,5.8924856
341630071,26.2049782
233569098,23.48522
1716467085,0.5842495
231912935,26.2851404
264544388,
280865159,739.2389832
384159646,748.0739416
174302697,
420645189,48.5340395
420645189,48.5338626
91987762,45.5221456
172370679,29.0902271
166739520,10.0205981
178879588,3.0566277
19684256,1.3666563
272212970,1.6091845
77156657,3.8404319
272213425,4.3247708
429302040,5.72226
308098254,9.6246665
453789494,5.4774433
161156159,2.2818488
324395151,3.4551479
309792357,104.8729635
457939414,3.7899524
82707763,6.6570835
147340931,4.31224
453464017,3.9416903
445903569,4.0337201
299023386,3.1056464
275384718,7.72433
142378043,1.8359766
429295277,1.10833
447206604,7.2133579
410214986,8.1382222
371188886,9.1270519
371188886,3.098367
118084044,2.7435213
356453768,2.3330349
27491137,21.0153047
230075227,6.1155829
159244568,6.2772478
224298134,1.4923179
224298134,9.3174113
314865962,22.4586196
367739494,63.5809449
321669174,10.5054362
321669174,5.1097197
160039081,30.2004765
233633993,17.969639
441738827,6.0784031
441738827,8.1490285
103633672,
230387153,41.7540004
230387153,20.261655
230267547,2.2263798
23389848,15.64643
395393265,3.3772835
406855039,2.7180835
428787891,3.8240826
461591646,3.7246883
258402425,0.67554
298495970,8.4249043
342642208,8.6007557
270515566,10.0509704
55652896,34.5059318
55652896,17.3890454
284477310,2.2390502
366563452,1.5873866
284564230,12.9773004
43429656,5.2132496
49967354,1.09333
73560357,0.9499997
50989813,0.9008643
437156845,3.4906402
172630205,0.599092
419148828,0.6216031
47587394,2.4181961
157655504,3.9589903
150030205,4.5117221
150030205,39.361947
419029830,4.1849602
157572174,6.6269971
231937059,11.4874782
412257781,1.1894812
157011920,0.4777885
231337271,0.451685
409896170,1.5728416
156949982,5.6392638
147857396,9.3803217
409264172,1.7198076
2758565,3.7815683
463469906,1.5314941
463203560,1.9905105
462162963,1.3550447
382463648,25.2580075
462072242,2.0916623
446684383,4.6259138
444394183,4.0211797
441334829,4.4433921
439512298,3.8331282
146841337,4.2672965
136504576,1.5252473
103245940,3.2517862
103183399,0.7327757
36452991,1.8237148
115242351,5.6748327
461136782,4.420983
453452264,4.8405428
448536355,2.8371201
437259571,2.7519326
463590116,1.3185787
463343283,4.865928
463103749,1.9512921
463070290,0.6771668
462135459,1.6995805
461968320,12.2027867
459157691,7.4365725
458995583,1.5959199
457268255,3.8277062
9100874,6.1668344
452049244,0.6587178
452006073,1.2669382
451084885,2.9828061
448744179,3.1420872
447976172,5.3583725
447891218,1.8030565
447593267,7.8595931
443341002,6.3599636
443042089,0.5496848
412371819,1.87502
411796826,3.0959309
410554986,5.1745185
403911354,4.4814049
402319411,3.3262977
400712525,1.8923031
399058051,1.5706704
398502253,3.0031058
398466662,8.7719993
392112968,1.1960086
391510223,1.6546269
389999924,4.7606207
383410746,2.114655
381996371,2.9331094
378227267,4.7076648
206352378,3.7463765
372960748,2.0963263
372596796,3.5366743
372448111,5.0700956
14709225,5.7655904
155807906,0.4057204
151930063,5.2201338
119448220,1.252025
123106490,3.3004862
385658469,3.4142143
10827386,6.2996307
348477542,3.4074188
4999813,2.0849517
146836153,2.3252878
47316976,711.7473963
344140617,4.7799716
320541238,2.9301843
142405475,2.0083269
319932686,3.7064049
318413374,2.935886
140019355,6.3350651
318796593,1.6020002
134183038,4.9182798
437253811,0.689421
423393242,0.426988
413372087,3.4859402
361343239,2.3505698
315096343,4.3497551
311252710,5.4913314
206686292,1.3287182
289931756,3.5910692
287145649,3.6015056
211446495,4.8701613
168449943,3.4287311
168405330,9.162268
168384845,3.8996784
148497855,3.2783445
141631253,1.6709011
105759569,1.8865581
97825640,3.1228396
156075294,5.7217124
73433128,7.4659746
441444262,1.9892499
281710229,8.3092965
439926641,4.5744909
432467894,3.4365075
428699140,1.9268037
405620289,2.1532179
397423462,5.1057571
376740324,4.5300175
374158843,10.9506335
364427226,4.1414861
362607799,2.6337971
347715478,9.3096136
228507250,6.15733
309913305,6.3272169
306255021,2.7499877
274911536,4.4163989
272885406,4.3653308
272645619,2.8396238
270075071,4.2839945
229465678,4.4282303
370385007,4.2174286
366248595,3.6071588
363661031,3.5601365
363632843,3.6130857
245027119,2.0084283
363202582,1.5659063
361998994,1.84996
389753172,0.7135373
344745774,2.669856
342375120,4.4367891
336613507,2.2350331
334757798,2.3019268
333511802,3.6179419
332880327,0.6676722
331297805,4.9816829
331160996,2.1972485
121625070,2.1271199
330885564,0.6756067
188593930,1.46503
330014070,6.3087809
329921262,2.3631898
329691586,1.5169786
329609449,4.2442882
326662822,4.0446543
322862882,1.2361087
321802774,1.9405161
320994166,4.0996864
319949055,2.3577049
319806044,1.3509356
175476629,1.14057
318668441,2.2364485
323002911,3.5949457
316236118,4.1943867
314013231,2.5395579
312508092,5.7759952
307888842,1.2008331
306547699,2.6985136
309436531,3.2136333
305739565,3.3704313
305492348,3.2969977
198077394,3.990533
304950588,7.4316274
303883880,0.8970184
303686889,5.6320791
297668572,4.633735
297457992,2.8317721
401952328,9.1509453
295233473,2.3720554
294385899,8.9522767
294365631,1.8118703
290263093,5.21228
290302491,3.8348994
254142310,9.3108074
219924802,2.9478339
201660996,3.502221
166220082,0.8102219
114181798,2.7022764
113648563,2.0325685
251852984,2.7723915
289445553,1.8200065
280857321,2.1738256
269439355,3.3898234
265633507,0.9787891
260776145,10.7012764
243641947,2.5926199
242460075,2.9098435
242389810,3.0271374
241752370,3.224746
241569046,2.2310803
156002449,5.2848691
241514551,3.8600722
241326434,6.8380862
209923610,3.0001627
209707800,2.0519085
208091447,4.6606892
203476998,2.8977031
179715231,4.319754
167597352,5.3305676
165667705,3.2782956
159262969,3.2420704
66413476,4.36907
125424836,3.2806578
121194926,2.0694143
112037211,4.3636327
112037203,4.3622356
107506563,1.6832809
83395136,2.2458338
322901324,6.3096313
76505260,2.5336422
369789627,1.227961
68523365,3.4470312
144336525,0.247325
370138999,11.4520097
358070912,0.8831279
280096473,12.8770845
469821652,5.6155837
468055102,3.3133491
466167563,3.3792968
451566438,3.7462806
410372968,2.7674682
410358456,1.8641295
410314178,4.132031
206669860,10.0550764
407922734,6.4751256
406236094,4.1394473
388280249,3.146714
372443687,4.2955192
360822008,2.9075077
325275736,20.5020769
320327056,7.0327412
319568619,1.5265889
304130406,3.2464257
179987678,0.4191451
139357541,4.4781603
86419190,1.4893582
86021841,3.7465541
233964642,17.9160113
76761591,11.968028
75919790,8.6369598
75076261,5.9709305
58046864,2.3651663
57093805,3.2229781
21997420,2.1917701
6404965,4.8692603
131581531,3.0591641
131347421,2.6156239
50909831,2.0272642
41865539,1.26092
4959676,2.2358979
941340744,4.311529
33840683,13.8198702
391903064,4.6658007
391903064,8.8176457
113117112,2.7176413
79920467,1.4338615
31786438,1.4259934
169765334,5.7042858
31697707,3.910946
464593883,9.0653768
464481762,4.2545208
464445045,2.589659
464280516,2.5658729
456574511,3.4379994
456560485,5.9493696
451538240,3.9349141
407772585,3.0537856
390723664,2.9264345
27966179,4.2794669
384299730,6.6926834
384016413,5.451593
383299778,1.5570251
381982417,8.6187455
381789320,3.4930546
380775661,2.025289
369861731,3.8780401
369861728,3.8784358
365554300,0.7614693
365021641,7.4832824
262531275,2.4843369
364072092,1.3828196
337274055,4.8435717
332314607,5.3890264
327210623,2.128423
315398848,1.3677581
312030014,5.2330803
311565540,4.0668012
311292015,2.9519989
310854881,12.8777188
310267134,0.5438807
139285832,0.77685
173860688,0.845657
419419534,1.680148
307320565,2.625748
306648160,3.6525305
306357884,1.0571733
305512837,3.0223957
304695574,2.8090597
303617735,4.2732096
301455423,1.0664194
292477426,4.1794516
276647494,10.1923252
256158543,5.0648278
224245334,3.7852328
255768108,1.0815202
194795551,2.0180196
194179013,3.1785277
193782529,3.9823479
160930264,1.9242952
120033290,2.265394
119950057,10.1822686
119089245,1.2436504
260367888,46.3810093
382045742,15.6600896
229138584,2.9122454
412259468,2.6535777
146244533,8.8088443
360714300,15.8118347
55452495,17.7082945
342343963,16.7375044
440324561,10.5634342
464300749,18.0953159
385858569,9.7433732
280655495,5.8769438
34297761,5.3928876
220547837,8.4562659
131730580,3.7493233
131419624,7.2611991
190981760,3.5463582
155986102,6.87168
131250246,2.3506831
186470510,3.5071842
131036011,11.0701242
186459119,6.534605
131025778,2.6543295
185482513,1.2368321
130797885,4.7260751
184670625,0.5241284
133655284,2.6101478
130191319,1.6117444
116156517,5.36777
176148945,2.0086823
129881395,3.3630421
13737885,4.4575332
175317833,9.7325799
118603213,1.8592079
175079720,2.2623261
174426662,0.8855539
118072143,2.7678404
152005053,1.3847905
7904580,15.8346011
405485201,7.7605254
33911302,1.81383
274641986,3.1872086
13424053,5.2019364
274075364,4.1632657
271167979,0.3093954
269269740,1.8639309
183593642,1.0372587
248058363,1.1239202
247283596,3.1940809
247283054,0.9277787
239628993,1.9410635
239585909,1.6127665
233415701,5.271813
230840853,4.118418
271042173,0.476873
195750008,2.5650361
156016136,3.4813814
174826170,2.4802272
355008856,3.0108217
354442783,1.5224706
171160885,10.4401778
155867025,2.1547472
354293303,2.4713543
155351556,6.0985856
348099535,10.1182835
417942201,4.230596
150074121,1.2222265
441075486,1.1202752
347051112,4.7378265
143687316,3.5411235
346015394,1.0788649
3027681,3.9442027
143642240,
339250695,4.7262208
69838258,6.73069
96055535,5.4033373
173824688,4.7131119
80174172,1.1104301
173260345,5.2059716
59536337,7.8373997
170405772,3.2730247
56630436,6.4700007
154616309,3.6250244
46999289,6.2088405
153197346,2.642447
80439101,14.8499717
437215469,3.8036198
26051436,3.6689529
152685831,3.4714171
133107143,11.2205176
18795429,2.5087868
152326573,6.1458884
410159011,2.623354
184468386,2.5402287
369336146,5.7694373
184295571,1.9804293
172754786,4.1273472
193708920,1.3298469
169461816,17.8552322
193482096,4.0875563
1965256662,4.3170598
169187982,1.764534
452658846,1.9990323
160390955,4.4178042
436314778,4.5956692
220016044,0.9399664
136122328,2.1083693
2010186093,3.007925
1976308113,2.7568649
407905370,9.8170028
407694390,3.6691817
122695048,4.8404431
339207847,13.3988634
116257066,6.5019596
322160664,8.1744382
9032368,1.632
417844678,2.5404529
115457180,5.6619072
321894059,2.9594651
321436679,2.1263167
105135774,2.141186
317252733,3.3526843
98620619,2.2091186
96074951,5.5609997
312689217,4.3847594
311441461,3.4471559
183675732,5.4820954
87597187,2.0449361
701926762,2.0449545
238012337,3.9791023
150424946,7.0628019
396794358,3.1405783
149745822,4.7114264
131348451,9.7355768
386456916,3.5714448
145910571,2.3626917
332710679,2.7194615
437144507,7.3039869
145904365,7.9969538
415969574,10.45776
293978434,1.5971426
145023816,2.8389301
286099128,3.7788779
144970275,2.5313424
283702603,0.6691882
144682439,0.765415
277833423,6.1786733
144467913,2.9526508
271486001,5.3945125
407658979,8.084554
405897415,4.6387689
396133015,5.2667367
358186451,1.3176767
316606244,3.310636
321982642,9.10326
305478010,3.121339
295413003,3.0373017
290308758,4.4168832
289895191,5.2462501
289100911,2.7567478
287591638,3.5410781
286080865,11.3201226
267373896,4.1584817
265242905,3.7037478
260761464,3.0827487
80432617,16.45209
236638487,4.4064273
190479710,8.4843917
286696848,8.9279009
87091417,2.1186344
86075481,3.9010509
666567477,1.6883103
284747017,1.8012697
647636934,1.5503072
82622707,2.3753009
284174392,1.8751894
280097543,9.4546478
468777766,12.4844641
284173938,2.9157041
81597356,2.8054221
467783290,3.6502527
81593515,2.5312823
281196902,5.5455798
67300566,4.4236732
445751830,3.4391954
280254984,3.4177514
134551640,13.9311096
66497310,1.7563116
118329434,5.0949767
270649648,3.919695
133849258,9.148074
270471065,2.7765784
270457662,3.1510024
238162973,11.8885643
132320310,1.3955317
132313173,4.9873145
455272393,1.6660179
394338713,5.9349921
13023378,6.0672187
208030798,1.7167587
393196631,4.2594558
207981861,3.4569274
392995938,1.0078907
161299119,2.7188122
364431259,2.9866836
162387333,5.5280331
162289289,3.8212977
162179096,9.3236885
440113053,1.805376
352690548,4.9056578
267650535,4.0088245
352469839,3.7026941
194461202,3.2523102
13023738,8.0635
343726435,5.016641
191202679,4.0517972
331146317,2.3874731
13961554,1.2678043
330135981,1.0666963
329373799,3.6554335
315907220,9.312167
277505161,3.5884855
267867517,2.6816329
267861788,6.3854622
27244707,1.6882863
144301273,2.7509863
440186528,0.5318566
275703182,25.8944827
9833284,0.6843601
432114158,2.0042661
275702126,6.5718534
432078760,3.1479532
9830791,3.5414573
274545328,2.3907751
268172361,2.1803154
428251130,10.3380912
139285736,1.55028
8621049,0.9183768
3364732,3.6238662
426319499,4.1689145
266772500,2.9508097
704012376,1.5970752
149022647,1.8528946
363749415,3.6562554
143934343,2.1642912
363083571,3.8249546
308208458,11.2237372
126125073,3.6387748
361710792,8.7234738
360475034,2.8372178
360473750,4.3618031
359426909,3.9415006
358938714,0.422425
357661805,17.0298529
357312511,32.6012979
340228388,3.1726875
335860261,8.4893234
118327533,16.56308
39858507,4.6288384
334080358,11.4483792
324116813,6.3885628
144276942,1.5351652
267484653,1.7384809
252549844,3.0789699
233948455,1.4822451
233795794,3.1493729
233831759,2.9708603
173711153,3.1315583
173298412,2.4188647
173176491,3.2337884
65981892,3.4898546
64938667,3.1988858
305048116,14.2337615
620780629,4.8893985
435861696,5.6902814
432761635,3.2131823
422881018,5.7456862
414922696,7.6460931
1980725947,2.9708659
68850908,5.3868381
68388114,1.3312309
802227190,2.3365744
53307409,5.6089886
742648307,1.6180578
20892672,3.10926
468832904,1.4005308
470974162,3.2583798
396813816,10.3918699
459755750,6.1080224
339503267,4.9386676
458419328,4.6747218
321250206,2.1040634
457104362,4.8163162
312811620,3.0923729
453410966,4.120004
220396259,0.91677
29117085,13.247777
292889298,2.2538878
290504044,3.6515704
454361389,3.9563671
284254253,1.862908
453289469,0.7799194
282091493,3.3789946
447192619,2.6566986
224271611,4.040003
277538491,3.2404614
407166076,8.7520247
275562670,1.5810556
406861922,4.0358074
274367763,3.8795023
403507814,2.7812908
272983172,4.3205081
402391147,3.3626798
255909950,1.82856
402219289,2.1970052
70785910,0.4947938
398912927,19.8875338
1979500576,2.6342729
238624131,3.4945148
455784423,3.9365629
262530780,8.22388
189380158,1.9617969
429414530,2.6340964
186292194,3.2403602
429218084,2.5266409
80478272,5.0859432
428003305,1.8048106
61205803,4.2186625
370981403,3.7330471
47094691,4.9276886
365447203,5.7208592
47425697,0.4941631
200917197,1.2205315
192878624,5.7361495
186614891,4.084447
400432230,3.1833919
453348525,0.7729066
29105766,3.2551315
416539317,2.2019606
253030300,2.8300213
393251073,14.9857436
252912175,17.6229161
22683951,2.6797436
373614579,8.2064867
100014359,0.5045539
21291176,1.6667559
373612558,5.8677921
190250689,1.4658218
353498819,2.5492773
312991501,3.2905683
189852832,3.8960447
16076354,2.9859012
289661991,2.8989758
254909777,2.1301227
396316939,4.9214799
254629854,0.9714298
395926728,1.4466788
221882319,5.1890769
394672497,11.8413467
394672497,6.0379203
221861843,2.217782
301160638,16.0085751
394570569,6.9625419
221785300,3.7833369
382474101,2.6520851
394492339,9.1317488
208719443,2.4038651
81077799,9.2224171
203377303,8.159487
165827520,7.748612
272167060,8.4130034
453230066,1.5492212
445496795,1.831733
184733148,2.959842
445407434,2.1795448
149855074,3.1116107
433144048,2.923461
139559780,3.2637419
118586896,12.11028
139507260,1.7556768
415976665,1.5244603
116848450,3.4796904
410552165,4.6017262
396556650,2.277182
94609570,3.3325651
77258279,5.5122277
381544766,4.0898871
71854732,3.1004285
374778982,2.3882776
251878904,1.7025848
67517533,3.9497635
81212289,0.6848358
71134735,2.3378945
39077574,7.1404043
9346507,4.9807125
8677530,2.91463
841226526,19.5105608
801354155,2.9150294
167418898,10.9803025
445807396,3.2493152
393853275,1.7088305
356736743,24.0819851
356539624,0.4399856
355953198,3.3952015
330795142,1.3460633
900240532,2.5733766
308073360,11.8886495
307915084,0.8275646
298074043,3.0193545
155995204,9.30734
287231664,3.6217624
448358913,1.5505494
21113347,4.218076
310294189,4.8768783
446370039,4.5992844
199731190,2.5130547
443666343,7.3436151
443666343,
98957720,15.3502505
452281203,3.4468018
459850897,1.1882681
117689799,2.1570462
390988385,2.9151556
102159710,4.4961387
86451883,1.7561019
278968371,1.2997811
244912396,5.1108509
228381868,3.4654953
370123525,2.6480838
65446983,9.9908116
354151219,3.5639862
348437470,3.2975093
65440953,0.8746494
346626688,4.4085194
63717709,5.4439776
467580267,0.7415247
63470437,1.2126653
9033144,4.7150255
331854794,2.1947767
312345863,1.7266138
50943163,2.4254068
452964680,2.2390796
308613965,4.4619426
34646336,5.9577768
302470965,1.9341469
458876004,3.6923071
138497780,3.6754815
252876117,3.6346303
207084429,4.89577
239136269,1.0590994
138475192,2.9594596
239134248,3.8850001
4605846,3.7178656
155873992,4.9513106
149995163,4.8709815
102848207,1.0358225
99572130,4.8504819
99097200,3.2371501
95660472,3.244299
229091748,0.4568
95234976,5.4290781
88485645,2.5972551
88385463,3.1235179
57753734,2.8724894
416368336,1.0848133
40779013,1.7113115
244487927,2.9817237
1870990135,1.5039495
198725468,3.0415724
30254887,2.501531
123007594,3.3687307
1712954983,2.9661661
417129824,3.500869
47423120,11.6235
120101789,3.0086349
429036977,3.0002348
106224627,3.3412415
417047499,2.304583
106224626,3.3418892
373576942,0.8912218
89876424,1.5380702
355748785,1.755115
34551972,4.8542148
285354178,5.9664078
77031413,1.38665
311703724,1.7054246
285272237,4.6401269
28961316,3.3462671
264912889,1.3697115
28873762,3.105654
252118701,4.9777448
13533330,5.0778064
250803548,4.4543921
245509452,3.246208
241135327,2.4145007
175482273,5.4640119
240989628,10.0755592
240959810,3.3411398
240864953,3.3210331
240823272,9.0881638
252474634,4.1124956
165985431,3.6566206
841226527,19.5112506
165885558,0.896271
156816238,2.1461672
149918151,1.540776
149917086,11.0783748
147994863,15.9544918
147890655,1.2220437
300810086,0.6680065
143008050,14.4832964
142739544,3.383466
142635225,16.1020097
142618165,5.6922342
142562395,3.2693612
126325149,3.4952497
125552076,2.0436029
105379013,3.2956376
86273567,16.5968329
67247610,1.9740614
326203952,2.5850398
100099031,1.2979921
64214215,1.3570332
316038054,3.8099858
42484503,2.4563456
313408643,4.3167817
27916356,3.2346944
304514922,1.9115371
27844066,1.8532983
294599100,5.6133922
27459498,7.3105415
294594423,6.0978165
100097716,3.0002084
17865622,3.1198404
291147951,2.5313956
16187321,4.2021893
275887811,6.481666
15460993,2.2020405
470822809,2.5400911
203096531,0.6041576
202872757,4.4236103
470783598,9.9441709
266425782,2.3467263
266401846,3.0423931
251855940,4.0463709
417676091,4.4184429
266213232,4.2605739
385400633,2.2842184
260962960,3.8901335
367616146,1.3944879
259506033,1.9025032
252430813,4.3701795
366311757,4.9107194
251652214,7.27299
356322454,3.2509846
247518629,2.3341583
237406657,3.7482756
237362186,7.1185659
235077268,0.3559702
232139628,4.7654865
232052748,3.6337247
220076110,4.808498
206897186,4.2380604
160347548,3.994474
156887426,1.4367914
42054565,10.1843061
147804034,7.7538288
140287227,5.4139736
139444326,3.5266608
124379043,1.962292
44764338,4.8033954
5024743,12.4498835
193220940,11.4045112
11936042,3.9919157
80713983,4.218652
355796887,3.6579148
201292545,
355655412,3.1958886
342167886,17.3076615
340559155,14.9502738
340144218,10.3629429
315120585,7.4190257
315117300,8.7858955
310537530,1.3475728
308987429,12.0040505
308612785,3.6128161
307366709,4.0874138
201233610,21.05271
298206077,1.317173
295093397,4.6086828
290302097,2.9918201
268125229,3.5947639
267536225,7.5010022
49046332,5.5809252
49045066,3.00782
48768158,2.3378096
36718161,4.0257967
36381058,1.6566182
35855047,2.3627442
35652085,2.2060441
34737413,1.5297119
34505005,5.1627718
166697854,2.75753
23435610,5.20807
468977648,2.090218
402053027,7.7971071
400762242,1.6224281
400395395,3.2891219
386297468,2.0958074
386161311,8.61346
384034837,4.2768515
383666033,3.9678136
163262555,1.3683875
163260812,4.7323433
163030461,2.5543095
175477257,4.2695675
162620529,3.2907468
157213708,4.0467915
147092818,3.8769776
133129971,4.3437796
132963419,10.3069451
124454726,5.3332571
124453339,1.485163
124174267,4.7343852
124146529,6.900352
120723776,2.8831285
434105231,0.7963207
104022675,0.7428708
103832313,4.640636
98662211,4.2842284
94346376,3.1339232
192988021,9.4453763
45655786,3.1660849
38696105,5.5765364
80682484,8.4035706
78775584,5.5553784
105801221,3.0750728
133427311,4.5654898
268187322,5.479335
306663205,3.4044402
131581522,3.059168
285526706,6.2804387
151483286,4.0397189
387275908,4.3905983
29781292,56.0045056
29781292,31.32312
29781292,84.2607645
29781292,22.8909855
260120451,11.8790678
192259856,3.7062792
192003741,3.168632
191671884,5.4631023
191496430,3.0688259
49710555,12.08837
141574742,3.3080662
141141249,1.7701321
118406995,8.7614828
101588793,7.0317936
90127880,3.0515894
89617284,5.1304425
76663549,3.9216762
75744886,7.9018734
74881311,9.5680636
74274839,4.6957057
180285396,10.3688702
48210046,3.2003149
45896295,3.0044799
357634632,3.365343
144301052,3.7440143
357202877,9.5537684
356461227,1.8418712
437560683,3.0920297
383949205,5.4722557
383806208,1.7946783
357801293,4.2745762
356200601,5.1139634
122418622,3.052529
45684223,6.5832019
45296362,5.9594909
229111835,6.70145
45191604,3.0327366
45054849,11.2645152
287721202,8.990904
454248975,3.9014904
452576848,2.5071775
452464529,3.6794732
94011343,4.407111
93093765,2.7961137
80778619,1.6484941
73082014,3.2689953
58461209,3.8098324
57793060,8.907516
180145006,3.541231
22384839,7.0235956
14715294,5.5167527
61117473,6.1836211
60768923,1.8703411
454918388,2.2545904
160023,6.7565519
454876465,1.8246123
17361,3.606557
453677947,2.3155132
4711,2.3348152
9102327,3.2615
130948731,13.3454771
281489322,0.2856701
130349701,2.8798613
271035369,4.7962078
128135100,2.2087864
268496304,5.9492615
123462119,1.9275568
440775339,5.3393042
268042363,4.6141256
114103134,1.1468708
382626661,17.6174652
307456716,4.2555436
259165246,2.6926692
107340585,2.6889686
238335094,4.3897272
238335094,1.8947564
156172268,4.6391531
98286422,2.9646096
144628120,3.2379325
45492609,1.3605223
45299834,4.3226285
45048546,7.3498345
44510874,1.5720089
34499178,2.4249041
33651215,1.3868302
33159936,2.8457134
31975443,2.0391352
355637190,0.8054361
30300445,7.2041454
29505837,8.6681997
29418536,3.2569118
29336129,1.6363822
28945511,1.1239749
24837152,5.5698287
22020459,1.3328042
18794442,2.0139493
11417087,4.942456
5485318,4.8306667
449491381,4.8206566
282091492,3.3794034
467955232,3.0525705
465540915,2.0252285
145750719,3.5608112
465275307,2.1510781
460686828,3.9935853
401283491,3.4677103
398725538,3.9982381
391645374,1.4032876
390444761,5.2803048
390157607,0.3859142
376209245,2.1357662
376036292,2.9677851
373033374,3.412893
262530873,2.24172
372596795,3.5366051
371864043,2.9599541
361219651,2.7559464
360706000,2.3725483
453396346,0.4415174
2876,2.6274574
448923766,2.2664085
448775221,4.0902788
448688668,2.2308431
448098793,3.7065603
418471796,2.6841894
395514100,1.8823821
270347814,2.8740048
48661942,3.9628496
316769613,10.18108
394900138,3.0932735
394443982,4.4338805
387791274,1.1536561
384244834,2.9902369
361176558,3.7724947
360816296,3.5505931
360816293,3.5506084
359572563,1.5256634
323980895,4.2814436
238020894,0.8602467
81231810,5.4521068
182470056,0.879268
277103955,1.3090665
178577607,1.532427
79930628,2.1663502
178162579,3.5514016
79030066,1.8882882
387342052,3.5524144
177612321,3.145502
66151343,2.6792695
175604949,2.648845
285524410,3.0244222
61687533,2.9510628
220459976,32.332528
453105377,6.6329154
174206540,4.8257226
52869977,0.400777
173818213,3.2923881
188570092,7.327945
5224772,4.5991516
4729001,0.7127815
3840990,3.525723
3233861,0.7123317
340700241,7.7925448
286152207,3.2006677
302798365,4.9186433
374847873,2.0391741
357896777,2.7557652
357299852,2.8652288
327952677,3.3969441
356206412,3.2690486
304025075,3.0290563
302527524,10.7844934
469184909,1.2926975
464328419,4.8401948
464326872,0.5542332
463508231,4.127728
357538688,13.2681095
344568128,2.3304358
323966987,4.1343989
316652224,2.7020875
304426002,5.7672677
303867090,1.3168344
102030574,9.94915
302003748,5.939725
288224503,2.9489639
287584141,2.3097953
269859655,2.9919962
267712001,2.8281656
160522555,1.3071566
67798337,1.8092906
67622702,0.58007
464711858,2.3483946
464067218,1.3934565
114749636,4.6027498
463681005,0.5465391
296670796,1.1542402
66356824,3.55562
195256633,5.3430663
36607746,1.7257597
467484304,0.7815064
466318137,1.1216021
465176038,4.0333818
457272901,4.6492201
457110913,0.7463239
456962262,2.8823183
451254008,6.8561604
449549170,1.4753526
8988289,13.32379
440872576,3.9712794
438777551,1.4010338
433546897,1.5755252
425316308,3.0749168
419946164,1.7765395
419858461,2.5433707
434171113,4.4921154
427153307,2.2035349
422554579,3.4608812
29960109,2.49221
422514153,2.9284231
421336001,7.6644
408094424,2.4892754
388393034,1.97549
375981105,11.7512673
372207084,1.2257683
371676181,1.4858906
367425982,1.6923573
367333043,2.8778095
366115856,2.3466472
9858404,0.39149
346081845,3.4895723
345697569,2.8817718
345329200,3.1082514
343330330,5.5613023
120896927,4.7559737
120896927,17.1807214
10974783,3.2174446
10507330,5.1175439
1271152446,7.2089041
470678283,2.7991658
470169396,6.3262148
441730540,16.2840915
428963229,3.1239771
427866520,3.6074546
406634633,3.9589142
393633044,5.8850401
257567854,3.532822
390021939,2.5089892
389968080,10.0462596
387603144,2.4567112
387330895,3.6142971
375654303,1.8020923
372392226,3.0295916
233576159,5.7152049
233535738,16.3558787
232632239,3.5322939
232603560,14.4348737
230084146,12.320331
100990000,9.5730706
100990000,4.040413
230075120,0.7676706
230006888,12.2788421
229976631,10.7166249
229786610,22.1575175
229408913,4.8038539
199610140,2.9855843
198616607,3.6311186
198189972,25.0930011
193773468,2.5551882
160618074,5.201975
7624182,1.1096992
167905035,742.8561164
41995709,4.2300182
382419744,6.5081212
299176311,1.0432995
67598139,5.4447698
67566164,3.125924
332579116,3.9017499
459913687,4.746318
220144363,4.4466179
408159788,2.300698
53593542,1.027641
95057860,3.5809733
237603062,2.6689906
72494421,2.9531039
158697949,3.9592516
280645209,5.9056572
281242007,2.4170503
37242226,1.0681394
280304556,1.72328
338065029,2.3151015
336824844,4.4638411
336399144,5.7033411
336092760,6.7716021
335489455,2.1176601
334493051,2.2297524
38541473,6.0613441
334394274,3.4488281
334385701,2.1861455
321861405,2.9897732
320503729,2.9873441
108939482,1.1870337
142628514,2.6269521
114103136,1.1471548
117979455,0.6333372
346995484,1.9138779
334252687,2.8395663
318054782,0.8335712
157088184,7.2654708
367913453,2.7761628
367287018,4.7257129
366580825,4.2989288
366120401,4.7308142
4102368,3.1118943
445582110,3.0579913
400683848,1.0886286
393340920,1.8665254
52928939,3.1527177
291465998,12.8860009
286153328,4.3539599
190986054,5.1442317
269568703,6.772626
169532369,3.60364
269249506,4.0185922
192520375,0.9109508
145038729,2.6085023
145249556,3.4192373
159438097,4.8952783
157218656,2.8622679
156215204,2.4307782
153896150,2.787945
150761163,3.4138019
147761049,4.7155974
141616639,3.2428744
141488193,56.4043748
92744152,1.1462769
82302240,2.5057108
77102895,1.0962372
75208638,4.6512523
74484886,3.8505662
268643535,8.9612626
189013224,1.3205037
74967390,5.4588359
74197917,1.5040804
53365065,5.9977892
200090347,0.8631737
94986319,16.067522
94986319,5.1976858
409315469,1.0754208
385654601,2.2715616
126864892,2.3485025
32408928,1.0435229
409594381,3.491383
7274938,1.0994412
187861378,2.1816809
387193925,3.518972
384386061,5.7626055
374348168,13.5098037
343952976,3.0131053
280726137,3.5008785
310105752,1.1703152
294097592,1.0268508
290407621,4.2337624
278821913,6.0597
148667071,1.161347
141405814,1.1355457
127328218,2.9628955
99081059,3.4169475
415143674,6.0219203
319282294,1.1385671
43647325,3.1615697
128127712,1.9401022
127895118,3.2970252
126357909,1.2247985
113295476,1.820443
81055189,0.908232
157528286,1.6562803
36227841,0.4021401
30825828,3.0482015
24615998,1.2732245
22121296,2.8123314
117979694,1.9784257
19547831,10.1238604
44898913,2.7299049
141186075,32.696666
141186075,4.6545798
144193715,9.1512776
56662591,
31374837,12.4610086
31374837,0.4900589
303317324,739.1670007
122617317,15.0700779
122617317,0.9902892
251086776,726.1175225
294324819,6.8227645
459952217,73.580982
139148528,8.2861614
7020254,20.2730282
422914082,358.2825093
48276576,0.8334976
45996325,3.1580472
118308828,3.7353995
442050698,0.8118585
80783538,1.2125595
341272282,0.8133123
178657161,4.5766182
70914192,0.6090253
151920165,3.4671474
146842334,4.5016988
146664561,2.7302636
133331642,2.9346956
290388627,0.4459299
363635669,0.7617828
469811655,11.851162
466682238,3.2738129
466222485,1.7519943
407146536,2.0976705
117979850,0.6333315
278540265,2.9757428
259592689,
278196907,1.1771655
257520272,12.1525595
255918903,1.7201092
101696403,1.6242109
30499203,2.4330551
325527653,11.3929129
72668830,19.9706574
28116365,16.5272651
146282666,722.2619756
67535663,6.6019866
459942762,0.58644
266843799,0.8062768
307079330,6.5445251
182078202,38.7619532
200296137,8.6110844
366443426,15.5718552
366443426,31.7180208
372068780,183.0019106
372068780,374.3644315
273418421,97.6087634
133505138,2.4360845
44745077,1.8756
52307802,3.0749507
334632624,741.4238314
238164799,7.5480709
325682877,2.118659
4070275,5.4240691
413343957,3.3784364
297361900,2.6374449
313675203,2.5025812
314724818,4.4518604
278862750,13.576858
311130133,1.1343824
157115010,
38686737,2.24704
404518509,25.1290153
404518509,46.4093732
325081244,
13883872,13.4190972
143022742,14.6762658
143022742,21.9692578
408416746,6.2509468
202185707,1.6500673
303586471,1826.0790324
140687214,0.8303285
77175217,703.79367
256722647,2.9224661
188989177,1.17409
47617038,3.3513304
148833828,2.9034242
178959058,5.4468377
144645881,8.9021443
128531633,8.2197647
443658196,4.5006638
166184428,16.3363665
399642071,2.2887763
253434221,7.4997158
7439481,1.2540806
78055054,4.3888516
454038613,2.6680587
62301521,18.4043334
354944123,5.538329
354944123,10.6886084
278988097,11.5418525
38939275,731.4808779
469791892,12.8910022
389371332,3.9077116
32498058,35.3573239
350299588,602.2450921
313889049,749.1605231
44647437,3.352907
50379036,4.8759656
358253047,20.1459438
237332812,11.8918633
176797879,718.1809317
332715376,10.6306165
260655847,
149389419,579.6472035
300011941,1.8141215
32499655,2.7439029
335040423,2.5610662
450649506,1.0604139
401980624,3.2751914
315350812,5.9422824
308191940,13.2689495
343708863,5.9685742
250306572,1.6089592
394918211,4.3780194
394721720,1.0690665
97766057,3.2535299
468880077,5.8123508
169958952,1.3290008
305767364,1.4974223
32460142,10.6895417
384744828,3.0421334
259230140,14.3171998
22186226,9.2172172
350575997,2.0134389
33350443,3.562038
313554509,4.4742339
41387532,11.4041935
13021029,3.85589
369345064,4.3954444
33521996,3.3252703
31258738,17.4314043
248689510,3.0421828
449197624,6.7934811
264460005,3.0929206
399757537,6.4879123
431693152,7.0308254
316875094,7.9461192
302759417,3.313358
245793479,7.7688831
396935099,2.4337374
66620917,5.2910096
429791387,3.9693722
107440797,2.2676081
341805908,1.491916
218483943,3.7590079
379723086,7.4398211
107728509,2.6646183
214243287,5.7525195
464646604,7.7121208
143350972,1.0817
231630147,7.0642486
178170828,0.450264
197807778,3.6989939
350931281,4.4620528
342314656,39.6251926
177254988,5.9214231
177254988,1.0929203
141412823,21.7004042
263748033,4.90826
344600402,1.3875331
326386495,17.7424733
106940971,5.412802
271354351,3.905126
207339000,4.6182631
271042217,1.8555745
233188747,3.4505658
117979897,3.3106692
362222177,6.6363577
121660904,4.8854844
198610218,3.0413391
158551257,0.9023951
63452790,2.6843081
122596693,3.5256535
33692729,13.6308024
455033897,11.5341529
200321577,8.5725884
153723304,4.0519584
117843365,1.9113216
50745119,5.629318
139550876,35.7861915
243011228,4.1249095
250189842,5.0274739
411781649,4.2333233
34395020,10.1766089
37770169,12.1914558
468911753,2.2964514
9344899,8.5821795
248690688,3.121702
293514367,5.1155806
455030519,2.6875966
436637677,11.9140328
37117064,735.982363
206541859,30.083503
207238953,7.1366507
260189643,2.054238
382200986,92.4918048
316916655,2.87436
280803800,26.0179101
366484980,13.7748361
35315453,2.0340967
142019343,4.4719937
1405997635,1.8697825
1234810324,1.830108
79605791,9.3305377
208297760,5.2574854
295593712,7.6247217
295593712,25.7086236
352229268,16.155134
70899085,4.0520368
362709886,4.7259317
98796344,5.358776
400972123,1.8868756
204650483,9.956296
248250955,0.3011506
383721338,20.3129649
369768787,703.9376608
141770198,522.6272677
107018378,3.792456
258917846,32.291901
220414682,6.5812768
271169413,3.9649053
77228304,0.336826
307716123,3.7634028
33716474,8.9356558
349576261,225.1037885
418255064,743.4843888
322825139,0.4709937
232194097,3.3560085
317328621,6.2397532
47911178,3.5857076
144486060,1.4798437
177718896,3.7081082
317089770,8.8720052
102542376,2.9532479
251111783,7.9144674
268372005,6.4274159
268689126,5.2376102
269190305,4.1583367
234958949,5.1409029
306363166,14.3953055
52280468,0.5682596
124322274,3.7810832
229210014,4.0086493
142530031,10.8910909
322824542,3.6590997
420268415,1.7590566
237205154,5.8929985
22233480,7.4463034
267545252,3.3792358
179034327,17.9635083
164786087,4.0822894
23982469,4.3745757
446158352,4.0434287
158241252,1.8498567
158241252,10.3088724
158167408,5.2410659
158388163,4.2253498
137899948,2.4552388
153937417,4.1596197
138359318,1.0186989
322046084,2.7519172
14091704,0.7649571
400786146,22.1536777
381897917,692.5150646
269728501,2.0844882
307849973,0.8409429
307849973,23.5422422
447088034,14.0063765
149126400,1.2253159
89256802,1.1759834
137402055,1.9737719
48451130,30.3599812
154940895,13.4755461
362103298,10.7155521
298428237,0.768988
372759746,27.9815639
157667414,10.4834062
138364831,1.6255124
119638424,3.572359
26587613,2.0763072
409009431,4.2971136
39824732,7.151653
270716565,6.0879495
52738649,6.9279673
52640302,1.5732848
97866515,4.0681112
438368981,1.4553693
78489364,1.8911553
438149332,5.3054422
97714451,6.2356356
280292434,3.541053
265619984,2.8564778
142532090,9.3202467
247873937,4.6498719
281716779,8.1703609
59843967,2.5167257
72097808,5.7728793
373017346,10.6925011
23229805,8.8517354
229581160,3.4149091
243333538,2.9985667
48217457,3.1208396
138644215,1.5449334
27774415,4.9427985
299220166,3.2175184
229671380,3.939371
230129753,5.7475343
1449640,3.5018023
461635621,28.6648749
149282072,3.7006742
76420654,4.9133022
8599009,2.88069
441589581,8.0379975
157236902,
154474036,8.6239097
27769688,88.495683
64071894,17.5288347
219742885,0.9167992
273231214,22.3428773
273231214,
219854519,31.0343214
103604037,19.5202386
120255950,31.5786847
233529335,
416534875,5.3909915
137683938,3.2903136
48031665,13.1187746
164458714,17.8335899
38603673,4.4291253
154923406,25.9213509
291198795,2.4849639
237637903,4.1034672
23725901,6.2185453
293931909,4.8013522
269278156,4.413935
160180298,7.5395871
235078021,5.2192426
59770954,4.1018859
153412485,1.3832999
100608026,8.2617663
317189702,3.2141617
291580615,3.6014534
237700098,5.0467874
306604742,5.3970484
61344769,3.6307276
267197567,22.7273078
119556803,8.0823172
53744258,2.0804611
34524670,5.7627112
268604331,5.0141991
48506505,7.7942155
441763252,2.7708596
441763252,7.014001
75262942,2.6634154
14091633,5.5292743
256364928,2.2185748
27318774,3.2432488
63211674,8.6004516
122441491,3.7970076
264508014,3.3119026
159098316,3.578757
399794420,1.5947535
64531556,7.8127906
233823679,2.7586362
126606859,1.1589013
356868487,27.9102929
122785299,8.8849511
399954349,7.8344688
399954349,3.0051929
158555987,5.5460893
159725995,3.7705865
86951294,4.1194175
68573534,4.6663795
29017001,8.2003748
307809773,2.7694936
307809773,5.7060868
9804616,0.5168347
232608943,82.6901439
232608943,482.8191
349071261,2.7875233
467651916,3.9813082
437856897,7.2455997
49705089,9.6578504
156987351,3.0629783
291332861,7.7223185
440849210,3.7863767
119069946,4.3591525
143072696,5.8679992
268456052,1.6025971
21747057,16.3734954
271307949,1.9326573
157127081,2.7319222
108940329,7.2644599
333814134,2.8636452
170102285,2.9444273
112110888,1.9491813
266441563,6.0049484
455153906,2.8894603
415276070,1.7454828
148129139,8.6000244
1528696,0.8820624
377873569,3.8493846
239332587,0.9263237
27990610,2.8164979
209752908,1.752217
272707711,2.6890703
137903329,7.3405675
99224131,2.6915408
193754373,3.9540617
269269546,4.45417
267572272,2.7974757
139528693,2.1751729
268924036,2.0523417
193336820,5.006622
298297931,4.4331838
263218688,1.5076298
40466976,32.535016
27039476,2.2251639
19155785,3.1442556
68577662,11.1684037
28294709,5.5109534
427740976,2.3494903
118820486,2.6921752
4646810,10.9245478
1950736,3.1129681
68646526,5.2289874
97735908,4.1137862
436652523,4.5461685
408809625,13.8338893
84599716,5.3193755
258796169,1.5538188
18373995,3.4878754
284326455,3.7998536
238586172,3.4732399
412521892,2.4732088
196286578,10.4137997
170368805,2.9588764
145163386,3.8074213
170221808,10.7490194
172464366,2.921685
231937828,4.6942884
176242778,1.9055614
423128096,3.7244324
218988652,6.7519508
409207712,3.3583921
50751260,6.4311106
127012328,5.6984189
431981595,3.5037708
156999527,4.3930669
134221850,7.5002702
306362738,2.7817379
452903647,1.6102435
100389539,4.2809767
120826158,5.1830043
120826158,2.5693728
275758701,1.18803
436166416,3.6001959
305943739,5.3073459
120183168,3.4902115
120183168,5.5387718
77951245,10.7148661
406190563,1.773346
22069559,2.0348789
239372503,0.8560277
167719618,710.6982018
349972412,82.9294114
349972412,2.4261538
150299840,19.4723789
434105094,5.4107024
179582003,104.6162557
420049884,4.1074291
171160243,1.3887494
293457754,4.5195089
94727308,1.2969404
56399553,3.2588316
84339983,2.7908285
58472992,2.191342
241442273,17.4756122
89702406,23.1438551
404421005,6.32668
304339227,714.6970956
176831592,2.53405
292202337,721.5621758
313006381,33.6356252
336075472,63.1448519
307958020,271.938639
339672028,10.3311664
281225729,2.4162514
334414389,0.9828259
81744640,3.3138453
333810741,4.0492184
32004914,5.545745
19447218,8.9727235
156990000,11.2473628
60074373,3.190373
181422954,2.6006996
82739585,1.5889429
365639282,10.8717
394223845,27.1358856
354937825,5.469359
52936161,4.4712213
348756659,3.7260939
179687771,5.124162
53047383,2.8183053
170789802,3.4672779
319610598,
257605131,16.364873
257605131,1.8586624
257605131,9.1910792
340458804,194.2432864
333674399,20.9040576
333674399,10.9776867
243014114,19.5620458
408261725,9.7607632
436875934,2.7535993
456862677,15.2664658
85593751,3.7224626
301289516,1.2089755
398572544,3.408833
419957393,5.8903558
139733308,4.7633952
17150865,0.8706763
337129672,49.1077047
405484221,42.8289152
306485267,14.3540583
58824746,10.2829583
91251292,3.990679
91251292,13.0780555
398733009,0.8185672
337216118,2.6857229
436873727,22.0933922
336961891,3.6022377
270355392,5.0256637
270355392,10.7387039
387423096,0.3181853
46698351,5.0872348
286696849,8.9299483
265350422,8.4481666
65949719,3.4658629
95589845,3.5658043
107090327,2.7431176
65905621,3.5775958
265011923,2.9922495
274137295,5.5261155
65805840,4.0234634
317548889,6.8659582
280307604,4.3229915
419092044,3.251269
50575306,1.7131374
19117967,8.4516737
320341952,5.0648401
7976072,8.9981735
96317115,8.4476983
174546820,17.6868627
126772538,1.4700596
143724857,4.4722598
404243877,3.2047072
439842788,3.0717182
369480087,0.3643225
427332229,2.7186256
333657795,0.9260632
36592530,2.4841975
39926974,2.2604346
380887434,0.3994445
376981340,4.0249712
384888319,5.8795752
452808876,2.70582
35022727,3.6528112
262662119,4.53347
376939759,5.8176452
418761354,2.1747824
437704321,2.8492802
26017005,4.0984741
303204165,8.8346147
303204165,11.0696104
257774438,15.3886607
404713783,15.0758735
270380593,3.8361623
60646268,2.6672418
147302550,11.1878978
139877968,18.6224802
238854767,16.3764188
99648579,10.6936683
209310912,3.6749802
120523488,3.439221
434110695,8.115667
224279091,6.0142432
178215634,1.0451165
4616072,4.1876154
435259601,1.5090806
441135051,8.8085782
17683158,5.9730504
332630868,736.5601487
291469139,19.0286016
268439377,0.9855374
393414358,4.3780807
1260235,7.6945481
17896514,2.6375869
186470968,2.7805098
176442805,3.6520005
77550515,3.118166
434428836,5.1953991
231559817,5.1035091
19612445,4.4644761
374200604,0.760019
38118291,13.3441946
427348923,4.728681
80029842,2.3992876
453060368,9.6284672
131034657,5.3374045
380907135,4.0460644
251039147,6.6629951
262715204,7.1385672
262715204,3.4715644
262715204,10.4534748
102264230,4.1591512
153077621,18.0826084
388816604,2.5048178
293432942,1.1339769
4464022,5.9167681
435336785,5.7740318
435339847,8.2000875
610976842,4.0248735
25911962,0.745637
206284139,3.0026495
21130820,4.6003967
9030119,3.3129214
166778944,4.7034187
237358490,5.2916448
299551666,3.0002713
165201455,3.6831574
165202476,2.9093856
422884521,17.9450925
142938659,1.0049552
71401634,0.2476684
20178111,1.734422
404506270,15.5014296
439873430,17.1470323
332911893,6.6132132
118573065,4.8667353
89062142,4.2430633
279095914,3.5779775
219225319,13.291966
100974694,4.0589926
206717400,4.7743169
283605976,6.8170909
1122079,1.8460997
238059180,5.1119781
416542079,3.0012386
396950329,1.7763987
141205978,1.5574603
383531543,10.9543562
1001477809,7.6605425
376688393,3.011593
376632626,2.1371195
320208949,5.7310859
310994622,18.565813
253044312,11.2005651
92359850,4.155
165989915,2.6292572
165468291,4.754432
165431806,4.4100654
154126149,3.8951475
154105890,5.5822739
153978165,6.0835972
316453500,3.4043154
314375831,3.1274951
309849817,2.6686464
305550963,1.5891628
279383896,12.0031646
275421144,3.8426038
178155732,5.9739124
178155732,3.58529
178155732,11.2304605
272785423,3.2399875
272219353,3.5434689
271761420,3.3501179
271439193,6.2329571
270435047,1.8011961
269043098,4.7253516
262880826,3.9967263
256867493,4.6709424
252071095,2.2171904
252049912,3.8522402
166833457,2.9626402
356786657,7.1357259
345645749,7.8808589
332393279,2.3238426
322262448,5.1191172
307956396,4.1508803
298264260,7.9927894
284760740,0.7583741
279769094,4.5029619
279605855,1.972401
259274960,31.4001189
176984236,1.7560902
255865833,4.6546139
237101326,1.5373948
236775063,0.7409429
235684392,21.7894491
233719215,17.356719
233053554,4.567925
232567319,5.0518907
137420801,1.9795413
123357034,3.2724973
170634116,3.6623918
71396541,6.269716
47937361,2.3382502
335655755,11.7647926
468396217,4.1571604
420803693,0.9135968
288471040,2.5139764
420680343,3.7630305
417646390,3.8016217
257060897,3.660032
408729765,4.6200781
325680697,1.82488
400103802,4.2511214
400093775,3.6022715
39573090,3.6593967
371711170,9.8482192
150388393,6.5846694
144310492,4.1225477
141275395,0.8377576
139086171,4.8104679
422655579,2.9036816
138973825,2.1614819
136998882,3.3401814
101643582,2.071333
99330090,7.0080817
86263325,4.5445569
55748194,2.5227786
48220826,3.0215428
21549805,4.2441117
18067025,5.3298577
950525831,2.5228506
271900960,13.45913
18017227,0.6203033
459215281,2.7694074
219379012,1.5464949
237221436,10.6001229
237077180,3.2292942
284206913,10.511362
233654042,2.0615575
156007004,1.7922888
155947004,9.4258906
154293917,6.6080989
116382006,23.2547644
468329664,3.5472157
444523623,2.041659
1129033,1.3600283
312548829,3.6089193
312548415,2.2437501
25773352,5.3438948
20303110,3.8961515
20182780,4.3533211
604863428,3.2358535
470911286,1.6212474
452972453,3.2358247
230388132,2.4076941
229639351,2.8668029
229605891,2.0381761
153065527,13.1757294
153065527,6.614911
229508727,23.1315739
224601047,7.2087245
219866209,6.7473822
219499488,1.6323062
219489550,3.8823511
219485050,3.5908038
193556520,6.7201811
162577466,3.6772391
159334269,1.1578392
143009290,2.7240303
349518800,2.1654694
115270627,3.1504798
115182469,6.5169955
85459171,2.1390271
313194972,16.9020565
279947414,4.0664446
23124038,0.7011578
138329479,2.3745416
137157546,3.6841446
103096524,3.2928068
152476657,3.6112621
102719996,9.7938352
406926040,11.6999152
1813844121,1.5822588
470171739,4.6174254
470156846,7.3446285
467331291,3.3207642
462553953,4.461878
462553953,12.822639
461538935,5.289835
441797394,13.4167713
441600335,0.8659846
3896759,4.5808535
458424950,9.0576962
165464482,4.3345378
3808740,6.6713748
445837596,4.3773113
154181821,7.6607094
450337675,8.6789911
441697509,5.2077671
250386181,1.470258
366755319,14.7802661
357373216,9.546972
310094771,2.9406027
288434231,14.8496574
233462817,10.1614815
180672438,5.3599361
180607846,0.6451059
165723070,1.7213564
165412561,1.4680992
161003569,3.5115357
452938965,2.8744227
444413256,4.0104917
219388773,1.5716819
420446142,5.8423636
418133917,2.2774846
403347341,6.397886
403340402,2.2237067
372505528,3.8974136
347210614,6.4219775
347011522,17.2045725
327004130,3.4600026
320281287,1.81451
284528889,4.112385
35857242,3.6344447
283015592,3.7027104
83148519,4.8982659
83053699,3.3378852
399346877,3.9606593
397924314,5.3798996
648958344,2.3079651
628103717,3.2175013
627323667,3.0492435
57193198,4.3965758
57159675,5.5679111
444724127,3.1639309
444558604,1.9872259
176778112,1.33679
428892437,3.7519831
421973253,9.2584055
400899926,4.625568
399444057,2.0714803
346673534,15.634183
336840314,2.8285323
328814605,5.6917579
310002617,3.1774814
302381397,2.7284428
298752252,3.2462849
49899799,7.0114
441580526,4.4427146
441572821,4.2607797
420114036,4.3744258
420112217,21.5615248
420108587,3.522843
398371628,7.1406422
389777651,5.236124
377165123,14.793901
372758077,29.3821476
372747949,3.4026932
339733013,5.62162
366972162,2.190225
362223355,3.7453991
359388309,4.1915095
358613376,8.2713274
356822426,1.5569519
952046774,2.1632835
382391899,1.9550932
158617175,5.7158895
158497525,9.3517097
156648452,3.4936188
155898758,4.0384773
139118482,6.7136512
81247877,2.2012625
68074302,3.4014954
68035558,8.3289771
23815847,3.0654283
23769326,7.4332642
328350926,0.8490674
2016376984,2.317939
1101909431,23.2556119
1101855081,3.8960617
467265105,4.1377886
456042145,2.0474832
435167167,3.0330919
434171145,2.7873223
395773226,3.8471662
390048041,3.0491667
389910188,4.5432349
379629854,2.8278059
368734712,4.3271416
259701242,2.48548
352682207,5.4146235
352682207,14.7091662
352682207,1.3483075
289264348,4.3359117
280315875,1.82544
279265701,2.6325313
85791385,2.8067423
85429139,4.7427131
461491274,1.8137851
461491274,4.3962009
407313319,7.0423707
407243316,3.0755983
284305328,2.2963814
167754523,6.7992776
289373041,3.177514
289316336,3.0038696
288242606,7.495973
284454822,10.4722034
284454822,17.7046155
280035202,4.9111786
274974693,4.1539244
272782321,10.1045108
264295655,2.7741864
264223828,1.1789842
264173803,4.3954123
206466531,1.42744
243297296,3.585982
243280335,4.3202706
237235093,2.6834113
235902467,12.2740928
235664497,2.3757662
58533991,3.2089372
130981260,3.6928289
289988797,2.2042212
297148017,2.5485772
178284730,2.2359865
126737992,1.5954319
426017070,0.5992533
31637479,27.848697
421951960,11.7915574
394357918,4.9019938
152563846,16.5414219
300579472,12.7503356
176780257,30.8812601
424747720,10.2813284
7422496,46.9621053
279251651,0.4038426
65416038,15.6062307
303814029,4.4573401
219769290,7.4105517
72401290,6.5430693
49254857,10.5988743
440937096,3.3362143
454069765,4.1197036
317362389,4.7738904
60859922,6.5329169
155419920,3.6470909
17746821,3.1220166
132611413,2.5245706
404227343,3.4975869
411943564,7.5492321
219181903,12.9175271
307099276,3.1467665
399847887,3.9511085
454828937,6.809144
376421071,0.8166936
448820344,2.7792649
362032529,3.4507193
221656234,2.4533968
68322189,1.2833689
302054555,3.3677179
294691204,6.5859565
420829332,1.090295
172193428,2.9412694
310266243,5.3450209
403405969,12.975062
208772468,2.244541
213111428,2.2749988
344130921,14.7765802
217838717,2.8846592
161247580,3.2813635
361711730,10.2436729
76894548,3.9353218
154400369,3.8861815
186812530,3.6773543
444290896,4.4299239
239977528,30.1584857
203289099,3.3557219
337385330,15.532806
2685481,4.136488
26693519,6.1539077
366499151,13.8240078
149496868,3.4355113
26469462,11.6986928
438412198,1.5749553
75427473,1.4713984
119292328,7.1887332
119292328,20.2749388
58723861,24.9163182
366568760,8.4071591
116668723,3.3885867
332022997,3.2810299
332022997,8.4388997
306902029,1.0754572
320324079,34.6141657
158323182,15.1255732
65845738,1.593603
419411415,1.6306523
159117779,4.4716261
147892178,24.6951647
110738386,12.2307873
111108561,2.635737
27649847,1.5428486
265979849,4.5661309
215595454,2.0961984
424699834,2.4011407
247356332,4.5333993
7583660,5.3333965
236632480,7.4244269
256561562,1.8951273
215018906,4.3713133
259172249,4.2914879
359403471,2.5547255
19025965,5.944441
307221757,6.7789159
296850254,6.7635161
148772620,3.9417247
35106764,5.3861006
292797572,2.8013515
412635642,17.4219809
68030406,4.7750178
241638905,5.0414219
457018819,2.913692
149109125,9.1717558
19519368,1.7018818
237929468,25.8663869
77680373,3.5569996
166242494,7.9248476
418567812,8.0176705
242190195,4.075051
332017079,1.6500255
46807139,4.5314275
283665218,6.032661
318180448,5.4695364
306990399,8.7042937
401509690,5.8009082
406726743,17.7481897
263486257,4.1245473
127115861,0.9990876
396649769,2.1967461
219164808,1.6773063
412828754,3.3808424
324609476,0.733892
282221346,5.6316098
75522633,3.8027513
298946836,5.5556615
297950791,3.4792084
306512967,11.1838046
291857895,7.3142625
323022088,1.3583233
247906954,5.909621
27064468,5.4589863
27064468,17.9051919
438170612,17.5328625
406495245,7.6014943
101520163,7.4121119
431999925,1.445433
75589027,2.1667786
350043412,9.4813433
114516994,1.5985577
312221462,30.4408598
95010343,6.880459
172110606,2.0197299
175236511,7.8092052
14570132,3.2092033
38087018,1.7292681
95337971,5.9471027
366576758,11.3909685
378708888,2.88753
19451711,0.3969687
394691478,2.0876485
233409941,4.4247361
30791047,13.3057762
377297285,4.0656968
406361982,5.2819763
383645563,22.9367426
195093356,7.8284207
313453776,3.7325203
154014059,8.3221959
288428649,5.9184575
93125144,9.91102
55778666,7.1452343
105387356,1.5163046
69356857,4.0966887
259100469,25.763332
335681838,15.1016086
154814765,26.1442304
193765661,10.9974977
435740442,2.9889845
219016883,4.8721904
230290708,11.3182327
365690646,12.983175
40055053,4.1793301
305948428,4.8398399
426122503,2.4038486
322504451,1.6087939
352151292,5.0821798
123041007,0.4305826
295807723,0.6972223
289307883,12.9177538
256154857,0.701239
185598695,4.6285493
71512186,14.8608019
278105308,5.4463931
436007113,2.3205922
395385033,8.5394045
284660935,1.1110609
126225595,4.4836616
158325942,2.612273
356146869,21.1968768
185226925,3.1979646
147895461,0.5919629
375419034,3.0321361
200593988,7.699087
326347927,7.2617331
402828941,4.1509756
274122380,2.873138
275527293,3.1501356
435719275,4.4274169
219847787,11.5914514
312899686,4.4138638
153971295,13.7036806
202468443,2.0685871
359321688,2.7340756
148228019,18.0892103
424112727,1.0513177
296461391,4.3108587
278668358,5.0135727
172871230,3.4100261
52052461,6.4666483
302895996,0.567995
306204904,11.2036244
306401382,39.0536929
399724238,46.1965072
347469901,3.2571037
302202317,2.5351022
126982221,2.4704071
309439436,0.9997277
408824640,8.662046
435871546,4.9583217
246965431,4.0785273
144700903,2.32664
356682805,6.1313492
219466803,12.5951009
282935857,2.3612205
276381737,15.9929608
264301607,0.435435
7681574,16.0104634
403693875,3.5248693
194679333,9.0165933
405932063,5.5047275
329346586,1.392516
399956873,6.949428
171312653,2.0327015
250330564,4.3852176
301035553,3.2988824
909930,4.1976789
857186,3.8123614
176279915,3.4411264
438490744,1.665878
224217761,2.5688104
96170689,9.6125545
467684543,3.1948695
150006846,9.6995203
46631742,2.6599132
90767677,1.6817287
234825296,9.2432303
427578289,4.0107869
366602797,1.3574339
308522539,13.7279713
426448042,6.7504762
366754985,1.4466879
21132157,4.0069668
45034406,1.5328484
81178747,1.6649585
56457123,3.612762
113804153,4.2460352
234112540,4.0379012
400381085,3.7539574
250983039,2.3007511
33397739,2.0231137
250111245,2.9304371
422486295,5.6707432
4619242,4.3023572
241102583,1.7386091
422423972,3.3014986
313835568,2.6831464
407997410,2.5792489
387690507,6.3875739
267215820,2.2623535
58825110,5.8588751
337025682,4.2417694
58798731,9.809558
293407882,3.7079439
408743161,4.4632038
387401076,5.3331348
369477998,5.2976347
422653398,8.34034
257562160,0.3852177
243153196,10.1391591
336691874,5.4233428
272146465,5.8049376
408643099,5.0269053
270406298,15.057596
257922326,3.133469
303502327,4.6671176
58372253,5.4886518
61145589,3.7796053
309791156,19.5715862
436843539,4.6303272
387544178,22.7545332
387515920,3.9544873
96948338,11.4420309
247409676,3.6136326
381360750,3.6139919
430099722,4.0153167
27294830,0.7135221
467615239,2.6429687
101348333,15.1873222
281909674,4.0350444
14156936,4.9393117
90669930,20.6875239
356990855,0.5894678
34980970,12.836391
16005254,3.7927572
96165095,1.1062164
26018819,3.9783327
21119973,1.7109175
366527844,3.089007
26054627,3.3176675
280210963,2.8280391
68808155,7.5811005
27476314,2.8817237
69995219,2.0389145
113919944,1.2297408
34781378,4.7949288
17457400,1.27615
371470493,11.6270831
9155187,4.1878375
20096620,2.9164004
71268730,1.7215575
219113246,2.9859596
467153319,4.4626933
321069529,5.2841676
328325110,12.7426508
237751146,1.669769
441587756,3.7723119
241174783,4.0802864
356472238,14.5416243
166053959,2.8114961
165297570,2.9895092
85266608,5.1665549
202425357,3.6215615
166086403,2.8037514
407591297,2.594675
39143128,10.4014008
238004786,0.3096062
8853478,15.0619708
298600443,13.6421377
198512478,17.5313321
313425396,30.0017176
61109252,15.1935123
298070500,6.5811814
202428245,32.1400505
18019350,9.6477019
8260536,10.590923
8260536,4.7728997
284688043,4.0625969
200322593,1.2391534
332564140,19.8067259
397058826,6.8291029
29781207,3.3174026
438519486,12.8355591
56798909,2.177475
172353721,9.0711977
127226712,0.8045139
372424377,5.4683192
430093142,0.9598377
115628210,0.594385
143271144,1.3534084
76882795,4.1059353
76032342,3.0604071
386197662,0.3828485
269838674,12.612483
371164829,10.7833596
52517713,2.9858191
87405719,13.0086903
79316101,2.8675385
115564354,1.6421819
68443254,4.8002161
294309873,1.2699324
155369758,11.9285531
6853696,3.42015
367193060,2.5842514
247912728,5.0775738
50618703,1.5483542
29374525,3.813812
91697121,2.8633026
406684949,12.7091678
400515645,1.6757659
367193046,10.2780324
255735567,6.3780197
84788795,4.4977307
239722954,1.4958429
291016451,3.214031
119130170,2.5444539
37168957,1.9000862
6653897,0.8857522
69028091,1.6822448
335813325,2.6953698
286813592,3.3810227
270468559,4.6418435
173002823,28.4064643
441804533,16.303675
388898854,8.2077264
219041246,10.4419896
467158766,7.7784947
147923561,6.2822993
298074836,6.7662729
53481079,13.478722
17932757,716.8426894
4843495,
289535142,2.3382709
230055368,1.4344602
49771092,1.6318282
195155818,6.0614403
47132480,6.5552932
80611440,5.3767997
47319867,5.7188414
47319867,3.3928027
436099179,0.8999342
429501231,0.4553752
127957099,5.8095099
52420398,5.2374183
76545118,3.0343155
5800958,4.2318085
53593457,0.530893
46774573,3.8635521
302895184,4.788785
86898676,2.9525486
75697959,4.1459886
307377219,4.1629444
456335739,13.62636
142785421,16.2601049
267484403,5.4021326
55488511,3.344904
302381442,23.1678315
88565745,731.4778512
9151337,5.8586824
459762279,8.7960328
268405086,6.8242909
160162137,32.0736228
137543637,1.2833113
98833877,0.358558
154563411,13.4659853
252928337,19.8628449
207110080,14.5728985
366298702,5.2782582
456306892,33.5386891
392064198,4.51125
85292615,729.4823472
458481611,61.3191144
235901733,170.6465146
162631539,697.4037698
1042432,746.9545356
71582156,5.4911302
357048995,6.3928694
219875976,11.4974559
103605399,554.4989676
296780789,13.5773431
138820713,1.9271225
188668950,270.303816
335952150,60.1702823
224297408,8.2751966
9989136,6.1841688
101569583,0.9907914
58997701,8.3762443
26406123,3.7196227
75171363,4.267781
87044036,1.0711292
456971986,1.2452975
367434266,22.0632969
1942969,2.8078585
36440357,9.2016496
445990611,6.2987919
118963720,7.4603194
79971247,3.5533716
437786834,1.100804
171646471,1.1606902
87827371,4.3983492
45368525,2.8066134
83275782,2.6570006
172222885,20.9233666
357244603,3.0650073
29169215,18.6300789
188389305,1.8434549
160165689,8.9165771
29069242,3.7349773
141762491,8.9109435
51094586,5.6895053
209459275,6.9839072
9907513,1.2749899
192969211,12.8665269
88529975,2.6085851
468433454,4.7974601
53394475,9.2271917
302908969,5.9900508
203144354,0.3642961
85284138,1.9784368
237108775,6.2948747
159160230,5.4368408
101011575,6.3980642
157769780,2.1208156
310380289,0.6489868
229618478,19.4480946
198162530,0.768125
198162530,28.5462089
328934980,8.4306162
315002523,3.3023907
230087765,1.689442
159851831,24.0004143
258557847,3.965824
308300731,7.6603722
157768969,5.7488832
18016577,
318209162,711.7642825
4918918,0.5734766
407495930,3.0269043
302419660,29.3312035
36352297,1.5089635
367267217,1.450491
47132361,4.9017215
76798849,2.2703829
81808065,7.5554044
97669493,8.4332312
78601408,10.0532043
353361266,10.3413829
127229631,5.8936518
95122849,8.3026667
95122849,10.1197017
67444896,15.1306782
42821097,3.8971203
46307587,3.6079916
69295263,3.9315754
459947163,7.9923268
192982424,3.7702854
443961200,1.1282471
101011575,18.8792871
287268770,10.717359
237097499,9.5197732
101592219,5.4853379
224293782,0.5736183
237015185,11.1801504
252469648,5.9133875
171599496,1.236949
233070717,3.2750907
229713401,6.4424263
17122808,4.019251
377064495,10.778833
377064495,0.4465713
377064495,25.7122157
377064495,
252481136,7.9454767
232624234,11.3630224
232624234,26.7159918
18021087,7.1314563
387329912,5.4328364
386435344,19.3721051
310262516,1.9044134
426144112,1.7465205
349440621,6.7113743
332365162,7.4242482
135267558,3.6479472
256584532,5.4397285
72889156,7.6408565
219506608,32.6116713
82598822,10.9299688
317594531,8.350615
408310006,5.4435354
255907107,7.924204
428703516,19.5422056
257531677,3.946066
354832924,6.9541458
150476057,5.0859973
397763985,3.8779743
186815660,2.5840753
291109653,2.0247088
302305400,4.6549271
281815702,3.1910454
468983280,3.1522131
468983280,4.9212788
32830028,0.516278
59575189,2.5193047
247166992,5.0280368
350024178,2.9238483
468979441,24.4383239
468979441,9.4043652
468979441,14.5643289
14440334,2.0760349
380671216,9.6569059
323658120,43.8418559
270679144,11.2120396
262736264,18.2050594
165413340,12.782983
148960849,4.172202
235711993,11.7672708
154220877,2.0034478
9376973,3.154201
56999883,3.5254325
224299081,37.9984529
413248763,3.9306027
165414210,3.2856588
219467837,39.9753375
288162228,3.0594206
420174131,3.6636707
53498154,13.7317565
53498154,3.3903593
53498154,7.8854383
53498154,21.4904723
137020480,3.4645195
376645976,716.2159783
335813590,7.5575607
353225230,0.5721596
351652998,4.015073
470990157,3.7749324
462715015,1.7548863
410094645,3.329754
23179035,1.4529225
459836041,6.6867154
313609787,3.5023306
445795465,2.7404478
9701368,5.4049747
289666986,2.4369467
310728245,4.1816344
459189798,6.9171675
264468702,6.0962241
102846772,10.2515829
423275733,2.0528684
43333094,7.5358996
279920478,5.38265
158845573,5.0048582
386772576,4.8038446
311183180,13.24981
311183180,10.043245
62740096,1.7530712
94823134,24.166804
126322519,11.6260799
350044062,5.9522831
95079513,13.2414304
374350678,11.1064221
385312460,19.5862903
377097547,1.5068165
406140233,3.1816478
35285308,5.7656076
192826603,2.6473051
26865340,5.7380349
389040826,4.7174703
366698929,4.5589188
184869170,7.7235903
63190194,1.7459947
135100529,4.3415097
298437387,2.2853731
405454160,731.9380939
316416562,3.2220038
347430350,2.2438471
420779000,4.2342153
119131709,17.2837172
119585136,2.2054776
233173039,25.0577354
105616091,4.2744435
136992839,17.7916498
154258295,1.0034686
166054851,3.3957241
1003831,1.6511456
373729723,13.0518467
141202786,2.1808015
160521907,10.2682326
284592754,17.1101127
319684122,5.4459647
302814895,8.6800186
456367532,3.0783215
40292751,12.7791964
446616059,3.1072375
42883782,16.2134274
42883782,6.3346129
87216634,12.9256051
238061845,1.6843068
187333348,2.1981511
110936761,2.2906144
95423778,0.7036041
398895470,2.6940348
273874849,1.4857148
151724385,6.1406207
391958006,1.7430143
374530847,2.152163
55275863,8.5926333
70678449,4.3776584
307951656,4.5867288
386620582,4.469996
443582629,5.8512587
44737596,2.788654
374180079,14.69808
374180079,19.4834833
396932137,18.5146638
366409685,1.3852161
443616612,
443616612,3.4712803
277833995,2.2979915
345450130,2.7521595
335540507,10.864728
415399713,346.1614828
441658213,6.640285
156377968,4.5362433
366804698,2.4277208
67743054,4.0134273
23863106,3.3078803
392319808,4.7518771
1103432,3.7271641
353807936,34.2825595
256326844,10.6893108
232628532,18.2598774
298729646,7.4992916
233465389,4.2528141
282940781,29.120986
458458156,3.2487833
441736986,0.8037513
119178132,1.6064494
207491214,6.2230846
1133072,0.846542
388909695,
92439980,27.0525472
427041513,6.254395
375942197,3.8993831
194076601,20.4282929
418604868,15.6146058
283419843,2.6052674
330218897,3.4200073
287474726,3.7442007
459730973,3.9156848
354619337,2.1425095
466390120,1.5487245
248853232,3.8681492
272366748,3.8555897
269243313,9.7348295
48253329,2.8140207
369062542,5.0493049
458686847,1.2916034
366411016,8.8652886
161477033,14.058151
161477033,11.9234819
161477033,40.8905117
244170332,0.4774382
88114177,4.5352255
318836983,5.6539689
318836983,2.3929801
155093420,1.6098954
176868951,0.3693057
411697517,3.3863171
268143410,3.1479748
17555760,22.2897649
337648770,23.899595
178266267,7.1123703
311116297,4.8183501
349312122,2.8329023
422217860,2.3144207
198161914,45.0854117
158022899,3.8863969
274223601,2.2465076
235684964,5.468394
28242530,19.511064
357347296,4.1753448
162577468,3.676651
13349647,1.5373643
860207014,14.616858
23863105,3.3079817
461239485,3.0390851
175772482,2.8386215
368805700,3.5771891
181949561,4.0552832
311133118,3.5061649
305243225,1.2129139
328081248,4.1645448
81419525,1.5498373
151759246,2.6282606
243921117,3.067816
399402994,2.7161298
466382581,5.3829728
303055194,1.7615631
378390325,20.5676815
283621618,3.1856488
188646744,14.2423724
459735346,7.1701672
283471501,9.2103194
180987952,1.38917
379824738,5.6857105
331484419,6.25656
388909695,10.1466193
407966340,7.0491608
407966340,3.0440441
456305193,1.0995742
231721006,9.0182382
466206508,75.1247037
17385917,3.5424466
68893269,4.2050741
301624989,1.9613369
59744366,9.8479326
63013648,19.6304978
155012162,18.9690014
6499453,7.4323882
170849515,1.9416366
195187769,13.955959
387974148,2.40541
3224605,28.6503407
287959034,3.8480524
209464063,119.3355264
143257768,1.6622263
37575651,9.5971977
368739874,3.3575477
207439380,1.1041295
17538423,3.1159994
155949264,0.7748443
32260988,1.1000285
460396820,2.3409909
255928426,4.2366102
281100535,2.924439
193634953,2.9479689
323250919,3.3299795
123482865,6.5562078
115508409,10.4995545
17652022,3.3894889
37150278,1.6929628
272519426,2.8900249
351077390,1.1951761
363029616,1.3502386
131743355,6.5604227
224418572,2.8465928
308504559,3.7846792
287934343,5.1357505
213875310,2.6721807
281118572,3.5242025
346859243,6.4226101
354727907,8.4498763
395143000,2.9665122
222485202,3.5982966
355732304,2.5411063
74482749,1.2622658
68345291,4.006489
350882505,4.2025514
23937608,2.8091879
24113219,4.197866
230292034,6.0671557
218354669,1.7617165
91287873,26.694279
388804061,32.9373717
55315929,0.7195712
323687123,4.0179805
14570099,26.1944549
456945304,2.1408063
59003115,2.294185
238606535,702.469227
330637910,2.0074528
17307715,13.8532745
239198720,
127505658,760.0530038
127505658,45.4964928
117892246,3.2601896
73250068,14.5814997
23638678,1.1544795
103865797,2.2232698
393546540,1637.265104
393546540,32.429738
393546540,
416739490,6.2183322
264052454,2.346931
224328450,22.0183163
126733133,1.4687098
76193403,1.7812778
43276438,15.0764899
141985686,3.1291319
10792081,10.1694553
148673433,3.7711066
165625229,10.5998647
137843225,0.3576555
441614965,2.0364271
258051471,8.3548746
143994382,4.5425274
26305150,4.21909
418971787,1.0638184
186541435,7.0465721
134596619,3.7235407
132534906,3.0617364
427352241,1.2667147
332705008,7.6778159
60377863,21.6091483
74712191,7.2307407
74530173,7.2333744
70780410,3.9230475
44514807,7.5872202
428685938,14.4896397
35972578,1.8881146
262499797,1.7509117
152467154,7.1878971
319783554,1.819376
382975217,4.1400273
160476088,0.4722347
401028336,1.7819156
22529346,1.2749246
245341495,3.9358604
448435566,4.1042587
400073524,0.6534841
405571798,2.9590176
147723246,6.6819653
188865842,3.1409607
8005485,5.1087099
412485680,4.6622996
457649900,748.8277169
290337456,4.6011828
88977253,2.767691
329672278,4.0557174
420202798,7.4793374
210681065,2.074205
261020738,2.9204289
268644785,3.3294649
282701278,2.3064574
217933560,3.5980715
208151094,4.0668104
324426685,9.8830331
401704685,4.2100055
407146538,2.0915616
216925130,7.6686232
37291237,1.1437772
277034534,23.7123919
458027465,8.7876771
274138511,2.774207
16264917,1.2695326
214218272,3.3645349
294768072,6.2244575
173979859,3.613799
407127579,3.5108018
175193677,15.6113633
350020859,11.8141726
393495970,1.7554285
281837575,5.20971
281837575,2.3843304
380619414,2.6556753
281885301,7.9177855
173103335,10.0546003
95361530,3.9178573
291517604,5.0637114
286094277,27.3714952
366622912,3.1148931
40954422,1.7578288
388130237,92.1950434
257527578,54.3212423
124029677,20.9108406
240849748,17.7256773
260708537,1.7447002
335590096,1.5229985
71341774,3.4321678
322807371,
143032776,12.4856615
48274889,5.2410982
143059017,1.2655205
35758536,4.1059615
74484423,2.835273
362370757,3.5164369
71221700,3.0978928
31852980,24.3321088
31852980,7.4144849
446135868,1.8119168
168158622,1.7687528
310822679,1.7125104
228694725,0.8313018
463754499,2.2866856
133512515,9.7929019
458300989,4.1379542
407827885,2.365766
406443564,1.1167145
129890791,7.0857491
295507430,7.3136902
243476396,0.5979368
253961767,2.2355936
406106335,3.0773658
108645766,2.974175
359523751,4.8338813
453942180,7.9674915
149585119,2.6492703
397522142,7.9486299
148478039,10.6006859
304085024,4.4834145
210629725,3.027103
68081952,7.7023687
145204443,4.7190303
311736478,3.6305988
121338379,0.2750478
243244680,19.4921473
56655478,1.3454079
117275513,4.6886342
366631954,4.7369669
381360757,8.8558739
348538431,0.8994677
319968129,6.216994
307733361,1.6739029
7059054,5.185768
458686969,3.1393667
6893917,3.0801795
23113034,1.7134571
303432813,23.4428912
87873211,5.8879518
303523128,1.5110224
69672493,1.4920726
425206121,4.6117328
17409453,9.72665
388811663,9.7956535
468889418,22.8524131
38161230,2.5194039
337647366,4.7464485
286712787,5.8365098
286712787,3.6469454
318937509,1.04855
4165850,4.2807509
277697921,5.7519475
60286662,8.5623289
115010361,15.4658691
6892385,8.2669589
349986198,3.577501
59582240,1.7726881
458686504,4.8740385
363548415,6.7713411
350023518,8.0387972
308307606,9.8850244
447054140,5.2220526
144155193,4.728422
45465399,5.3763108
452866790,1.1979996
245099574,3.4717583
359735804,4.4158835
458331312,4.4360402
446463666,4.4967355
80681136,1.5300843
72504752,6.9392854
457743020,3.251249
274911400,5.1873583
309292963,9.4185437
441936163,1.895234
455096220,3.6466612
92004082,3.0471275
458199018,2.4498012
6010784,4.516649
441234277,7.3262605
200435203,16.1565078
14029793,0.2097217
46627476,2.5665666
80137654,5.7527363
177391159,3.6748618
294315741,3.5678072
5592720,6.5946181
293607057,4.2889696
445392860,2.3696548
303385111,3.429078
123702439,8.5334865
295312916,5.6386197
247180220,0.7702101
362111691,4.8807474
360221713,3.1062522
277128619,21.4921464
294295243,8.7802662
384709136,4.8131406
340624586,13.3178839
203214138,5.1699026
437011608,4.2403543
5882269,4.7948642
438260486,5.8321337
6785559,4.5117148
178217113,2.9956366
18310799,17.3070631
234388232,10.3883213
234388232,13.4155226
330687113,5.113835
453211454,9.0588209
453211454,21.4003129
184892124,1.9828041
438073782,3.6413702
90853136,2.3626901
63189173,2.2984058
19028197,3.3366511
330690135,14.7565015
110996418,15.7814103
53287554,4.7269294
98669309,4.0035773
49428710,12.2193392
55266835,6.8548465
437054764,20.3550739
350033870,2.2085904
149969625,14.0666014
288671122,0.2874782
264979636,17.87897
346972413,2.7779767
346667887,3.8922407
99654378,7.3039588
298829544,2.7395591
28643432,2.2751393
462808933,4.2788309
469333534,3.5611222
463365347,8.9641788
438278301,5.1609259
81693792,4.3066915
124235800,2.7652293
376610581,2.3908076
455135327,2.8106013
425508314,7.6650157
107017977,16.0462248
358072664,4.1934945
457789844,4.9142901
464388115,2.4118274
463011281,11.1378464
385459345,11.9768241
447585233,3.3405202
356835341,19.7112002
272211398,11.6484665
468987719,3.3326812
303327435,5.506691
76228620,9.7800223
33227166,5.5846356
134200185,0.5481573
179230828,5.5422295
179230828,15.3392841
95709395,5.069043
418471116,3.7318818
301900477,4.4540914
384386062,5.7626113
282485660,6.3084728
449107129,4.254955
424196109,2.5432595
150531994,2.7702532
463781038,8.1755735
134537478,1.7100122
276735500,6.7107895
418298773,2.6060495
245728942,4.18438
287494667,8.989491
434226736,3.4845543
26826078,2.8753183
203214081,5.7459945
14770122,3.5438732
91481801,14.4507561
238086647,1.3523942
349582831,3.4532143
366410512,10.1367283
82508808,0.4522013
366443576,4.9898664
415443327,4.890376
203287192,4.4455436
59351345,2.4361097
97735297,1.8354365
350348197,6.7535728
411930845,3.2104815
440777904,3.3552444
68453985,2.503254
441590110,17.8597459
141677268,22.43341
408549705,9.5064017
218795833,1.2652338
289574465,5.7488688
359469754,3.0278609
336125492,4.7271324
336126253,18.9972068
288612903,7.0485133
357145112,3.1523405
383828887,2.5677096
219431828,20.5773388
193628179,3.2623468
298049015,3.9131371
148479278,0.523613
21101556,17.4372954
267810289,3.8558229
289313987,10.1522322
187416256,4.3887257
329709756,12.5482879
305506996,2.3682389
239529652,4.0387941
305790119,2.0353259
165948070,4.3686174
196286587,10.4137962
467006627,15.4159906
286545058,5.0114216
364192929,5.2079858
60491424,4.0252588
289125016,6.2043746
345193111,6.1606297
372831381,3.8116176
163164300,3.7306955
387318409,3.246565
92217989,4.6079976
128463355,13.9086
123357864,16.1455898
123309556,2.5080815
279922257,949.7905952
286201103,0.8573727
128558444,1.5500607
141363913,3.477756
199949052,0.5868508
414019147,2.3179699
432280671,16.2117629
53728859,3.2573898
57984377,2.5199146
288246496,4.304829
327369524,4.0236805
291751373,2.5079177
67881560,2.3322524
125520907,14.5478626
339591840,
97165413,1.2710408
35883621,3.0519843
157081737,2.1613171
262781201,1.3154261
293743169,1.1256838
269341832,2.7297541
118914286,5.2887576
80275202,3.6649528
170434745,1.2280156
19342878,1.3328252
55849732,5.3708293
92590258,3.2422424
265010875,6.4095555
182405015,3.1122458
258234731,6.4240944
152245179,3.7899018
387933822,2.8953095
176861415,8.6738593
155258153,3.1989808
330944099,3.6119975
196261799,3.7294859
202514659,3.6166109
302201081,3.8311803
296739893,5.0988038
44621795,3.1923193
455727012,2.9172231
422223456,2.8979408
437756191,25.1745344
325410269,4.0673088
154351773,3.9089363
154576989,13.1471808
432422552,9.7712443
326475995,5.2266285
200606486,0.747693
30828562,3.1123343
88266880,3.7984372
24833662,4.2447791
405122173,3.1003012
322593401,5.5901313
407958640,2.5505105
276704866,3.0200448
396378209,0.3781425
158552665,21.0685273
452508760,2.260431
27230283,6.13049
146406806,13.9492617
296898634,2.8534013
303456821,11.0771916
166190643,1.6540803
63659057,15.7866044
88101924,5.9404096
159104028,3.3825012
366846982,5.754879
331691841,6.9341584
175176327,11.0998745
334597566,9.1099373
291685334,2.0319883
455947620,1.9281092
455947620,1.5454492
341444900,9.0330414
56231866,2.7218347
439942982,1.0222806
396234347,1.2757761
368678195,2.8406462
250707118,5.7238582
419523962,5.7998626
262746281,16.1798603
245392284,1.7442831
292152376,2.1499907
285466025,7.3723906
67711670,18.0401494
255780160,3.8783341
384984325,8.5386633
384984325,5.6952223
154459165,3.1471655
7439480,1.2541235
189322727,5.8340292
258741560,1.8859353
116631353,4.9218915
419840740,8.9539287
120115768,3.5529033
364408162,3.1256662
436508469,9.866312
125367522,4.6474314
322498101,4.2070367
284738182,0.9136081
435851868,2.1350899
165682741,4.2916798
352442207,4.6107024
91101364,4.0833335
326116570,7.8580085
25758870,10.3473602
173671381,3.6444426
430751891,2.3921761
314088020,7.0346299
431114892,2.0323202
428317266,29.5406035
375116172,3.0365848
202283090,5.1570194
252585354,2.4784193
83092282,6.4025295
325653071,19.6518502
456910600,9.8326403
150907983,9.4321076
288144647,3.8553342
66726479,1.5554236
352147273,8.555965
176789447,3.8857292
53874375,3.0922512
66788350,3.3338016
437736517,4.6071277
101395259,7.574675
252610172,4.3518774
406783172,24.8366994
202087931,9.8538051
431660224,3.7069545
202282233,6.6283182
150902766,7.8209807
405532603,3.3045926
430431091,4.1533998
125489084,5.7419523
319294834,6.0749198
399870368,2.7443216
249776059,1.1797412
15654898,3.7812464
437740083,5.6020298
276250096,3.5653226
308778563,6.8581311
431216437,2.5553078
446157122,3.2149937
388505345,6.7786403
418301643,24.091624
154304816,3.8528933
456260074,1092.002299
456260074,15.5739143
379929661,4.786958
455737331,1076.6094165
52005579,12.7614706
307734818,2.1077445
287152495,9.2347348
432758245,1.5361137
261135533,0.2381823
373017793,7.9945503
237204346,6.5452014
435878153,0.5570869
294497466,3.2376482
65412605,4.4010465
60984804,2.3898191
181748381,5.4920894
180575165,1.4945947
293547742,3.0178746
291471222,5.6928845
344927749,5.7935723
344927749,4.1793325
193023697,2.7895524
296737508,733.9910938
434477274,2.8959153
168281028,4.3744614
365781372,1.13889
192976435,4.2275389
134528212,1.604607
349790953,1.5521101
33303538,2.5141406
142211778,3.052057
465933345,1.1109316
49043968,6.2462252
397362481,6.2031608
397362481,4.466068
397362481,7.8708661
462206806,3.3733921
157230659,7.5337657
449951606,5.1681189
281408474,3.4076
370877263,15.9865412
152569268,1.0542548
370009806,12.4751631
361218772,51.6708185
286763141,3.4475935
354285962,5.6289226
22712134,1.640758
240714633,18.0370154
292469572,3.7077543
293853437,8.7179665
256576519,17.6037996
26390980,5.2556421
238751619,0.8236066
34977731,13.3673993
34977731,405.0756576
434813314,9.288704
456171328,1106.220834
373894336,4.2234273
369907772,4.2771464
285233023,2.8577028
285505979,4.7089027
123898871,4.9091704
271747067,2.8976822
326809267,7.1436336
177712122,2.8465714
186810676,9.4852479
186989177,3.645356
320505267,6.6245939
445370101,3.662222
202869426,2.4589458
301414902,1.7555108
412887082,28.8005547
97158538,2.5950747
353893493,3.3528597
52260140,6.2808216
470724594,16.8498547
192487723,4.9570983
272218608,3.1777383
354742440,4.4532909
444753130,3.0057526
85281192,4.244335
292852583,5.8310296
12980264,3.2964006
196474344,3.6360128
301991463,2.9086778
270132709,4.2807899
63586213,4.071096
372207328,0.2792211
200775844,3.7307609
307201632,2.3556749
196973090,10.4612769
249884767,16.672227
283845022,15.2334037
348755723,4.503645
367522211,35.3712924
328513434,1.7904917
16550540,2.4810218
16552586,2.8895991
138344895,6.2663565
459982699,1.1669652
16776356,1.3940614
239159011,15.8034785
308120029,6.8498533
415875608,5.4454541
101133275,1.6630135
5724439,2.7205913
63718617,3.8363055
407156755,4.7924038
327126871,39.810528
381591826,6.8793455
186715217,1.4491171
332496784,2.5938771
344926234,0.49359
376765646,8.2686298
285328782,2.7182588
184739529,9.3568116
256349966,14.5877856
327093061,3.5297965
241062925,6.2378654
260040728,6.3111727
467690903,3.9332583
321258259,3.6894234
470450936,2.7934699
286132427,0.493379
266609407,2.4766677
392674549,6.7510278
459102737,7.4562671
259810421,2.5048108
355418639,18.7541398
98613492,1.0617107
9136777,3.7799201
122881136,5.1941869
259708416,5.3802465
267617257,2.4398136
146463781,0.417921
458987621,1.9765848
450308346,5.9419732
148514918,6.0602101
311284709,6.583694
407517154,25.8866192
272994016,3.0496565
279851358,18.893475
259502942,2.1653281
274002141,1.6197991
274472658,13.2329062
133334108,2.8579169
251705938,2.9124991
279725262,1.8597817
115899725,6.5587386
286951368,4.9613647
468501184,4.5944948
390410937,3.0679061
9441591,4.7185893
187532854,1.6513066
251594291,12.9589981
450308271,1.5057127
78154865,0.493826
458890024,5.1404883
470653603,8.9270275
82362447,2.819817
318071201,5.2434358
171922657,5.01345
88460991,6.9603975
147821208,9.5315703
309512152,13.026976
191998744,2.8140328
73244652,8.2100724
359629653,1.6707289
353586703,3.0043128
287207371,12.6427441
147977348,5.0037758
88999533,5.0358501
150470555,3.0199448
265076459,3.4053234
94405787,742.682809
141395223,3.7442969
142908390,6.7392054
31605271,2.2314165
107617930,3.750778
140740440,3.7521603
141458054,1.364829
98159959,2.0396825
107776260,12.1422411
142420436,3.8801586
22972676,18.372561
238914510,1.6763835
348501452,2.4257176
432008938,9.653456
50211272,3.6024986
54141697,3.5423487
141933255,3.356169
266486214,9.6355
32296259,2.7775786
60189629,6.1161423
290415036,6.1879019
139707575,8.31001
332383229,16.1268294
269849065,4.2290856
20375215,2.3477336
151681127,10.1970284
143842198,2.067123
303364023,10.3469945
192943720,1.8987896
428673146,2.1538049
261264800,4.7674421
460950389,2.8618782
112115898,4.718569
34986694,0.4707476
405428714,2.9532145
92449173,2.1764875
151825527,3.6335834
281541545,4.1470359
97925605,8.9913818
452867348,8.0924283
97279971,1.5304279
49079670,1.8930707
142916753,5.1491091
106829921,8.2165446
176082442,3.9802888
170466784,10.8310228
169191182,17.7607727
157050713,20.8380576
106626059,8.2330943
95191643,3.3458255
36022284,4.6478092
144037593,4.160454
79292541,2.2786049
143526233,6.9615164
122981686,2.9896663
63303499,1.9271328
348297468,3.8190051
419503191,8.1618477
464542805,13.0953097
272251987,3.3047459
304363215,19.3111424
144321743,729.9391752
144077896,2.7543175
308010949,3.4732477
48476907,4.7192734
170627138,10.9600975
94012094,4.9156665
438629686,19.6500878
377771417,7.447404
374155286,3.6850751
162729620,13.4364908
363259409,5.0953453
131312528,17.0116833
289389326,1.7988855
91794828,3.0589547
48476908,4.7192771
253917292,4.6086414
220524097,3.9613114
370010846,3.4852362
261646133,42.8614655
150320610,2.1476974
121490076,14.2456603
47482754,15.3471548
287326127,24.9636551
426032475,7.8374554
426032475,3.8638303
151959065,10.5426254
382521776,4.3934744
9032367,1.6322295
349891396,1.3003394
221566773,3.2529571
412666676,4.6068687
76899250,3.3357969
324150445,2.9879341
422031406,4.5579065
97921547,2.8279716
125563127,9.9872075
97588014,12.2925281
323569398,26.3926606
122798633,4.2240015
347442932,0.6646521
320411045,14.8442674
168936945,2.4404127
157568289,1.8361503
47244580,3.6092665
150559728,5.495078
7562528,5.2477739
66242670,6.8688474
146413471,22.5012924
146413471,10.9835772
255588086,0.8970559
270456887,2.2685932
72123144,7.0911739
463868678,5.7881587
398945279,9.5098954
241297273,8.4325164
49411575,2.67581
361344753,7.5138657
306249066,26.1622122
131195882,0.9097915
22452837,10.8089555
166145361,2.2059167
53189332,9.2897006
325647810,3.8030207
167573692,32.5444769
392027961,1.5840089
90048949,5.015806
56884,3.917482
263207857,12.2981251
242532142,2.5354002
171886633,2.8475582
89417257,3.6234424
91324328,4.6588405
158588995,1.9771658
174070181,3.3505941
263203229,5.0061978
307232923,8.1678648
361403927,5.9097139
345056639,0.8674623
301247383,5.2452852
367900542,1.20306
343717397,0.7025922
421056636,4.5932835
426901646,8.6121286
169226822,4.1780637
299876474,2.5950111
381448973,2.9419791
87422071,11.3648628
301248781,1.0169814
328502522,41.4186335
2507547,9.7831931
238317637,5.1494363
238197709,13.7252522
93862917,4.4044418
123133954,4.064628
453009027,3.8720204
180989820,9.8738839
190643105,9.6742544
184801054,0.6593681
186707229,1.4571902
385157401,11.9964056
180931993,12.1228168
4598935,24.7104662
92992033,4.90765
12061971,13.7333847
410901394,3.0758364
140706833,2.6808268
400968492,11.1860909
366315051,7.3144752
291668351,12.9414603
53735810,4.0860495
289076007,3.1651539
403368444,6.5568726
76706043,2.3207203
426904354,2.5001306
149179763,25.0709977
145804834,3.5911377
349503728,1.1235117
439381274,4.315664
350432166,35.7890963
399195246,1.6930171
54085154,1.0014437
241592217,3.8647617
374908396,4.2807848
260539542,37.8575614
207937389,3.1791661
261192051,1.9943104
381468938,5.7585993
314193010,4.9354155
89659632,3.5193417
383313006,12.6136992
57011946,1.318678
219187649,2.1503007
361467239,5.2820398
234540647,4.3430254
360224870,5.1778752
96829917,2.4519381
148523092,2.8562935
420369105,2.7967251
311856080,2.2104947
90156362,2.3519086
365952328,4.8741147
304430662,5.6858804
280206394,11.2365977
375297961,14.6768874
410303247,1.0992893
189097100,1.6069363
132314633,26.5988575
380528770,8.1168658
11927677,3.6860654
332657786,1462.2115148
181208298,2.9193825
78672342,2.97638
81089255,750.2395535
101225566,6.2796518
189300053,1483.5175058
355449539,5.2076995
294394558,18.2457829
281286325,17.0180939
46772529,10.6332248
37754672,14.13519
238124845,8.0850515
423445163,2.917882
35582553,0.9370901
443199889,10.3031578
258409964,5.4863844
148691985,1.2864856
411463659,4.8934688
75650448,18.184189
160442729,4.3664669
54962195,2.5989031
54962195,4.6955986
54962195,7.1024749
312612366,7.7103227
457446242,3.4714821
292349703,5.8778295
38584799,6.5479496
400491269,23.136755
330424797,8.6243051
209054294,3.5171227
256124756,2.231293
460316238,4.140097
61621800,6.8552506
469813927,3.940549
355138852,3.272056
79660831,4.5833112
410450228,15.7784931
214515989,11.3498282
129711632,1.1602698
92443533,12.6357243
364267778,2.3557153
211352962,0.7941828
233964924,17.9217736
278525028,10.9267866
402027382,3.1998039
281666033,10.1956949
327917279,8.5467163
429304876,6.8392388
350821320,2.014214
197643976,3.535713
261679541,2.7492112
118754987,7.842208
25212199,7.5520411
47143972,731.8319734
445522339,3.0667073
438376091,3.5327892
36808091,3.7781679
374741750,0.9942215
303426966,2.1439841
371596277,22.5095172
45881495,9.0441543
349373192,0.76983
72806004,4.4156851
35973654,4.4581792
75580659,5.0711656
358838026,3.9535041
177257073,6.8328077
376800517,15.8951857
469008497,13.0795854
54145416,5.267165
446918603,8.0136668
55092869,4.7359232
167654347,16.9356875
241525834,1.9647786
23111,3.3421583
332887363,4.8332515
149450435,42.7305626
15827263,3.9525732
346855283,17.7505864
439943973,3.9963956
440150441,20.86399
258940847,5.9867942
73723286,14.066109
64837857,20.3292125
64837857,30.5055627
64837857,8.9965133
64837857,
174328045,5.0569708
100263315,0.5940157
344552721,1.9519092
32443914,3.3615701
421990278,3.9718475
467931774,1.3504913
294395926,11.3298459
419738713,13.4570562
411955845,2.7638775
254209017,1.7278017
291013124,6.0368213
253857911,3.1539313
219978369,16.2501976
253788533,2.7142282
201658484,2.9588636
319568755,24.092358
90935909,4.2221583
308050066,11.1755425
129458276,6.1030299
101272159,18.8224069
142277868,18.9926881
358164738,5.6022404
72090501,1.0697877
361154154,37.98781
303030789,21.5962209
72542944,2.5011016
29780740,2.4214702
439618305,4.0236761
101961987,3.8149372
446524637,18.8392786
5709314,2.6185048
139314045,2.1978944
188128470,10.397262
22221375,3.9846589
382688257,7.6016156
382187347,3.581253
71674064,4.7383479
167720788,7.809463
356921678,0.8515408
283884522,3.8388774
150901009,
278726770,9.5160032
304690618,6.8672313
304690618,12.9587054
262457587,0.8219599
96475638,4.0610981
292221593,5.6494351
272768631,7.3120981
82128636,7.4760689
468178519,2.9852193
355895977,10.5789534
418343229,0.2939493
415732733,
147561732,
192014454,735.797917
256429408,
259884973,2.8411187
197642926,5.407469
197598125,16.4547455
55450156,6.4375108
302453291,4.4738444
278666476,3.4894537
469967533,23.842
437248515,3.4058895
29430403,1.8778647
380884709,57.1050077
8995204,5.1392756
4610830,8.2616616
49735922,6.3392677
301235044,0.2803246
422618449,9.100412
262584907,0.9494413
278892590,1.5109447
126982911,2.9944742
147193084,731.3548427
57694405,14.7478214
437774844,5.389491
363417404,1484.1934287
54238138,7.4476397
33153766,0.68831
49066806,5.332805
297853363,4.416076
72542131,5.4736892
464544047,2.8656356
459604398,3.4542618
46104747,20.8359197
280647591,4.2380294
80384677,3.6477926
306248357,5.7180689
310497279,2.3645949
35009898,1.5275639
142171554,4.5127799
457337619,5.8991458
161169240,
206361691,718.652003
333736132,731.9966539
101955023,1.6289322
126797048,
53843023,
331644554,
99989903,19.7468103
452920657,
141522677,
423360793,22.6957088
62085710,5.4496736
253864764,3.4268387
344034178,2.3170053
102195674,4.3787302
6898572,4.3816966
326327260,7.9605908
352438619,6.5516113
408609355,7.3099457
269372232,2.1250402
32046665,3.7871416
164249928,0.9898852
290403522,22.3751134
387295547,0.664786
335499997,0.433569
254174907,4.1518071
90935995,1.2245052
262470965,1.1079142
166495921,3.3522572
100264497,3.7724643
112989868,1.040425
144327080,23.2490769
441076258,6.6210878
261680542,3.0449187
29821723,2.6855972
255851356,2.4018591
390151888,15.5523703
161738745,3.6249482
72504017,5.6177467
9385460,3.3779614
915110182,1.4328255
302212110,8.5473
290777444,6.1079575
35516889,0.7888389
133850380,6.9153868
166527623,6.9593972
220460087,3.2706204
324422520,3.6342494
94483093,2.6141047
259606227,10.1298877
179739873,12.9623248
141074654,12.5383316
425817867,3.7783401
254141733,4.243624
394126269,3.8568001
273270473,2.7086444
6764171,10.7715898
269217040,4.1661265
396246765,3.4414188
464658144,4.9594992
410119093,4.1287427
124573851,3.9451359
149989864,761.7092276
149989864,904.5347981
382258844,
324609409,
35377903,2.9937587
27414976,3.9759251
462162948,19.8507621
380886534,8.9000334
257467784,13.9285074
58858008,5.3920955
369474541,5.4977872
311086350,3.8068712
399571743,4.7443604
254296853,3.334884
150063444,1.3939452
230982415,7.5954765
434100688,1825.048364
281731203,11.6332127
9166136,6.0803777
350861689,12.0101118
166671025,16.7382238
197808753,10.636983
55363630,2.7663479
274017513,26.3333899
420529106,9.5327064
313671132,733.3796728
36734222,0.8134733
47667,17.2051468
3728481,3.1739329
368713985,4.0947485
210441429,2.4053036
453668803,3.9854465
392914193,0.8778729
121560868,7.5837846
366316586,4.9486116
253126207,17.4368079
22560356,5.9337178
48103627,4.5696698
73310180,10.9799801
243550555,11.5379235
124617560,3.6462287
118339710,
104195270,3.6859958
441546821,
441546821,
5966772,
341405597,5.322002
147660201,0.579398
167085203,15.5177539
349789882,10.018102
179442778,2.1874712
255560319,49.6178223
342449055,2.8607384
342449055,6.8275101
379717270,8.4457042
411731278,7.5757446
287328202,3.8347282
209935997,1.9081122
75784122,10.5353472
95574586,2.5641981
808243,1.5101054
71459120,3.9964264
190990336,5.547255
151728428,3.9997367
277329402,4.5049415
387844266,3.9956793
278623780,3.7219898
346154016,4.449914
41422753,2.4710528
3680800,0.5498864
336072306,3.415047
256046749,7.1476512
114947483,3.3787501
131979339,22.6384642
462372373,5.2498931
11034516,14.3033451
419878932,7.9058861
64282927,1.8826035
64282927,3.3751374
287329267,7.64348
258738667,6.4389303
154762431,3.1728284
287643871,45.7138545
27863043,7.4924561
297153209,10.7004569
434116397,0.5902387
236785891,0.9292334
407653728,3.2520192
436764867,2.3062125
199671901,4.4571444
144956678,1.5136003
188876052,3.076329
262689575,1.617487
388076422,2.5761796
323194443,3.9074188
129756316,6.5234669
352924930,4.0158188
194736418,5.826731
272050287,8.503614
145027461,1.07242
250839071,3.4926045
192415680,1094.062167
374919956,7.7966237
453064665,2.6452121
356916207,2.2538642
467649533,7.4826325
66296167,3.413702
115451738,2.0814345
280024247,5.4928246
353459965,10.8614911
269488987,2.8474853
404516402,2.3107907
129004637,7.1603723
313975346,6.9191027
100769500,4.5016419
115739057,5.0310168
77527511,0.7784962
210083929,2.3927114
357872559,2.5530138
188800346,18.8155978
129107501,3.6534344
199721945,4.679209
100909102,3.1106751
468692991,3.9779111
44295981,0.520403
352892371,9.7824078
468765355,10.3299557
118021229,0.88501
456783397,3.4742682
20988926,5.3194765
345205395,2.8492565
184531966,10.4453589
383216635,6.6314176
341297143,3.8421028
380517859,1.109435
236158940,2.677573
210169818,3.3879742
294090620,8.044239
305375697,
373816781,1.343636
138671052,2.2425137
353146308,0.4131063
376454594,2.5784481
283165117,5.216581
106114491,9.7216312
282890159,6.9100016
247172524,3.4363074
239541449,1.9261183
436478932,4.3226229
200606159,3.9816471
405788729,4.2254748
404610583,3.5381039
369532319,15.343585
431810418,753.822332
431810418,9.2152386
91051152,7.9192605
146208651,6.5197781
431701493,3.0927432
160432093,3.9914012
420814525,3.5247546
154353849,3.1643744
354173595,1.7266943
376847633,373.0381637
181304295,3.3840629
339207264,5.4823596
353960022,3.9200919
9443323,4.01357
66091052,2.2118281
392681545,7.4903271
392681545,12.5759948
355640518,0.8497194
102808276,3.1420495
104734832,10.327438
144006874,2.3673691
321578632,6.3667329
122262940,2.0034063
428867906,3.3906311
239823606,8.1309123
122629761,8.2125318
67031480,2.1142179
217980791,2.6607389
129108133,4.9564809
423903685,4.0938735
115683877,6.3765906
404488903,3.9921399
372178596,4.5803096
402740809,1.5801759
371573539,8.3753156
195606729,13.3562254
190496853,4.6616079
434186655,1.3094686
312289279,1.4354814
117068362,4.2005957
411343008,3.6720231
301986302,2.301919
120051913,1.6029811
117072799,12.6885127
86005116,0.4916402
404456775,3.0444485
258037656,4.0331416
130415266,39.4718663
184521624,3.1162505
360142739,2.2377411
232941965,7.1487697
283759999,0.5223032
13574009,5.8311038
233788275,4.7264391
15682927,0.9655766
277987172,6.3989216
273780062,15.2501659
383214426,2.4013188
412961700,2.5183846
279179610,5.9029732
202941251,4.1784844
375199523,1.9447712
321790238,
398038296,3.0076713
243464977,3.6491012
348054109,0.4378024
12938488,0.4317124
266023807,0.7394818
137151335,4.7267257
81429971,3.0432421
164652245,79.5839995
120045750,7.0142458
299087490,38.4787613
356871098,1.0271879
120692092,3.4130781
272782368,2.4157665
158657354,38.5835889
284900292,48.7130843
377780790,0.8374997
154437244,6.8669657
145982812,0.82967
428767018,15.3058859
172033454,8.2065998
219697927,1.8330979
198458010,87.2129046
400093502,10.66839
259099556,1.6290926
153651591,2.1456324
29106627,9.5128916
440624788,5.3664457
147797743,3.691559
271424111,3.2687063
99896567,12.1324506
424388628,832.9236254
308301091,720.5742399
196066560,2.2111104
119973835,9.6703611
422037524,4.1846077
145879095,2.8056739
294904059,40.7401072
188001223,5.7415661
164260243,1.8478843
422457210,9.9754699
239542854,3.6948038
287863314,4.3172876
190822775,1.8021196
330665027,6.7080688
10593553,5.0809743
193979250,17.9661374
141227133,2.42232
51637609,2.709631
67478724,3.7473877
26583436,6.1429164
416486384,3.8753785
164280385,3.5257269
258738570,4.1877227
14956304,0.9965843
305612552,6.9349089
467211520,9.7884653
126171392,0.7835688
270841724,18.90372
224635135,2.4667486
294173437,5.555905
65737977,4.8292589
60542708,2.4707357
408317165,5.6567374
341299943,3.0233509
276376289,30.1181254
387318486,0.6583175
452483795,2.4515393
354489554,4.7729363
146261607,8.4915117
273774284,17.2182695
239361732,4.009823
16538820,6.9038328
29385858,700.9622566
230064711,7.0893162
159054620,8.0276821
27534138,28.5410557
63283780,7.9726644
352011875,6.2468813
293880523,109.0502946
39516274,5.655018
370907864,9.3380252
120317234,6.8834027
134396419,4.3652608
259233660,0.4489589
139104940,3.003901
102734241,10.9048392
121731834,5.8599392
48353358,9.8786838
119973835,25.0882806
272670038,104.2892798
186547153,1.1908287
116048097,8.0555716
271431851,7.8864218
199712572,3.5941651
299089652,
294283951,4.3724063
160223936,
18318288,1.3888584
48448369,
122375047,9.2866733
350814622,3.2135636
134404603,4.9699991
268159158,4.7082414
336255880,5.1855507
298776943,9.6422713
331456189,3.89989
314649737,5.8878118
257056367,19.2445211
173640199,7.7614672
452743735,2.7432173
199162630,2.7649802
97249514,4.7783263
351864831,8.7311119
257207557,3.6153701
346077232,6.3720834
345333936,1.4252334
251894891,5.5133822
469702377,4.7061119
63844530,5.5867425
267527924,1.8080364
440636649,3.5595352
197743152,3.7752321
194234471,3.563037
365509373,14.2308461
69054388,0.7603078
320417762,1.03604
84126162,3.6688102
58474992,25.714253
114422211,5.0989519
418184767,6.7274903
91777086,91.9283414
57147191,5.9785287
76731445,8.2864221
67349298,4.3427321
45376816,3.8978437
49524528,719.5740937
458589703,
462507821,7.2218817
307375528,2.2183625
63307816,8.9533044
78290597,9.765482
19560484,2.8398671
99834321,8.1420107
343336312,51.9120896
289441015,1.5342604
335661164,0.8406912
405837291,2.3206673
219239945,13.697384
233867481,4.1976032
167631701,19.394038
322369867,4.0197822
67246795,4.2451891
158657991,0.7406805
11894726,7.0687489
16740548,1.598803
1881298619,5.0826878
156512187,20.3158735
366119858,48.2590904
237914496,3.568141
233287217,3.1642475
309402106,216.24584
325765282,7.4156006
444209952,1.8471592
469523613,1.1838059
197604890,5.3590843
371579161,2.2215349
417564823,17.0548288
66545173,2.7945508
237019002,8.6145655
430406538,2.4425105
430845815,3.2396607
38510224,18.3841259
38510224,35.9432773
266488971,8.8182594
200465781,7.0634276
66286602,3.424993
335624180,4.6351977
365712006,3.0436916
361944563,0.8738186
325908483,18.9438583
184952758,4.109953
277499689,4.1223508
364007087,5.6604695
123234747,16.3425332
325086150,5.4934218
24499407,4.167309
62682198,3.8242663
39464158,2.7998534
415377888,2.5122863
317170536,4.2271814
310586478,3.1540886
131419878,3.16043
205044976,5.0660693
159893748,7.2229767
116262653,7.7600907
44388479,5.7351935
71083829,3.8080897
345009464,3.4844157
120313529,3.5689392
342276668,12.0080349
270048796,1.763034
63082902,10.298566
294434193,1.3809769
114600571,4.8789974
88929544,1.9207699
55383975,48.0511988
421006834,0.3052608
74389253,2.9371797
238506223,11.2320736
262137985,5.6906792
421005422,12.3027503
392022763,14.8547783
14435301,13.2272686
457039843,6.5202038
438329568,5.4911822
45905504,3.2232502
55559618,21.3764237
165965790,2.0478359
83180637,3.7279887
233855268,49.5355004
125366299,2.8583729
230856987,2.3404152
354032153,1.9639208
219803922,66.9954225
219809549,65.5580424
164783371,4.2885021
416195843,2.4596079
446166017,1.9271521
237928815,8.6729683
237928815,22.5682711
430930679,2.5604496
284592989,1.7911016
22903436,17.7456043
29953537,0.7312783
418981325,0.9082202
366074071,4.18142
284300833,3.0513298
199676274,8.8691255
286382849,37.8016862
420383981,2.5933417
150151262,9.531366
150151262,51.6991421
150151262,53.746482
150151262,84.83869
64198376,3.1739167
469436001,0.9739887
277853911,0.3075961
219089784,6.0387706
410245915,0.9889446
459728249,8.9653531
298291597,11.5588657
289047954,1.4207284
383358873,5.4240992
260767135,5.0769983
166099360,1.6831237
334798754,8.5748036
388371132,3.6366231
425706173,2.6343177
38571020,12.2877358
466928064,2.2609143
374800835,10.548504
377253700,75.6979471
63550960,2.2473177
83299322,8.908871
172376068,6.1211661
267808774,14.2317652
396723723,7.915274
170440216,7.6316525
41067039,3.1168715
96097215,1.60245
396731435,0.4246068
198358065,4.3095502
387346503,5.3346707
298189384,9.0612809
96885837,0.8760587
336264393,36.9870862
251803342,8.9093753
23912656,2.7705702
69436501,3.1243759
151760597,3.9859545
279331929,4.9030173
242674266,2.9069573
38509907,15.3004892
344416349,7.8365317
110828766,1.6233128
466890210,5.1869453
157808355,5.3384038
466966249,5.5698339
209320688,9.7461668
350268913,3.5191197
287948915,2.3593338
397653875,2.9324083
363040636,16.7880823
177077336,1.4178596
238239232,4.3041912
89362689,11.0658881
282113152,3.3221412
394924803,3.8413801
418629890,3.4202745
20607624,3.4940194
374521355,4.626302
439598736,5.7694396
251743761,3.930467
383364626,14.3938942
339961200,3.21264
41839508,6.8911882
456401439,6.3377947
426122272,2.9383886
288953761,3.7352012
435673126,11.5175506
305026599,1.6877647
407135911,2.5698331
51318828,6.8782937
358975793,3.8148598
274057129,1.0495702
298189225,6.2384297
160103855,16.4591808
174143743,0.46132
418866096,6.6308943
297413553,2.3273503
87932853,6.4093679
269130683,49.2145201
258279359,10.5637482
275717567,4.1723
125695940,3.8789319
276385231,10.3486661
406548952,13.5647678
267817947,11.656295
149788158,4.7244442
149788158,0.7499711
184527843,8.9197222
63232997,7.1304113
398099429,7.5801393
60446303,2.1384533
452741216,10.7994273
199417958,3.9258703
405689470,7.9871247
291976834,2.855993
144138509,
62501513,3.776966
233533589,23.9712428
160255140,10.641726
417514666,3.3202789
42110638,1.6047466
99796664,0.7729056
233735354,170.3363911
418375357,8.1563148
276909255,5.2554768
85216969,2.7299474
11561667,3.0876297
125744840,0.6439909
375192273,21.6836634
399613138,8.1958135
411347315,4.0662367
256778317,6.2157513
259415341,3.648769
160652910,3.6814233
402992891,17.3986129
270494650,60.3541599
258634801,7.0548729
18023524,4.3656102
181804752,4.9899176
181804752,0.9479945
258822347,30.7331484
120487017,8.2158997
430666395,1.1930966
306039307,6.9929558
236644754,2.9257773
120737368,3.1924816
21349099,3.753877
240535286,2.9814911
415739607,2.3368358
321785052,3.4977997
262148317,13.9753579
418543326,6.1418356
372077289,23.955645
287768299,3.7002646
161687285,7.7561532
34068865,0.3219233
375855364,19.8088367
387416841,1.5525382
292023054,4.2990991
341157650,4.1186706
265887000,2.503415
297924888,9.6713674
301623068,0.7474746
427855645,2.9712014
387414814,3.4220041
40093986,2.5918359
36724087,0.7683904
36724087,12.2534308
279528230,6.6802019
423903016,3.0039961
436222251,5.5316291
421330229,4.776694
210337597,0.5257499
286857537,2.0394246
193081156,5.4584109
279472966,5.0789699
99025225,12.5069936
387377484,4.8622127
106402532,4.8847937
287444302,2.8411706
160512852,6.0011971
273069412,3.5399394
160585062,6.2644714
352301423,1.7085226
75417968,3.3815776
271017537,0.5418555
323407659,4.2619292
309133240,3.3847215
202059363,4.2470926
146846569,4.7535388
238279960,7.4894672
238279960,3.4438328
445276138,0.4925418
90950296,14.1532848
44451202,2.1011992
17925767,2.4364562
243283955,8.407133
113542042,1.7687035
233747840,60.8344877
289345412,3.3390124
129198098,2.980341
150271680,2.593694
257052211,2.2175244
43921512,3.8405138
256783400,33.5792968
139350191,10.2887023
219189765,1.7318529
97248423,13.3079913
452727513,18.9104241
369581703,8.508462
10552342,7.5414411
88641387,17.0303122
395790368,27.1970496
245349211,7.4861705
255998336,6.7735083
373196394,7.0814677
427715152,10.9911631
260304800,3.4405946
53461742,4.4136877
52745699,3.1653382
124128680,1.0370296
11755687,3.0522686
192833836,6.2335155
235072851,3.1191196
296354161,6.0042191
300381700,9.0856617
124573902,0.3328569
224603921,26.345109
279425357,9.0150439
160075684,81.3716681
140938327,6.5462823
88865512,12.526776
5045948,5.028696
88760990,2.753152
456787558,5.9441544
182992572,24.303103
182992572,9.0270152
258776466,7.4108495
198178859,7.3050577
165598669,3.3370666
161687211,1.2529966
273234825,125.8659048
273690178,14.8589888
259238498,26.6796741
122706449,2.6068332
233194447,
310009611,2.131225
333324340,1.8289577
177697418,4.3181867
455733237,14.3640841
173706852,10.1170644
352409708,1.463442
374173310,15.4474502
173615288,2.8885639
61520064,3.1271505
285592400,1.2815706
186530554,0.766526
422707559,3.5254649
13036318,3.1467998
436875993,4.7117395
434486077,2.2284671
264193444,21.4930896
347018922,1.1919382
192321638,7.0309061
450012972,1.8179336
250478345,2.4228387
77258176,4.6821297
305830609,4.0616142
73692250,2.5726086
387527174,1.1253333
335037151,3.5466109
437242640,4.3176859
252045206,34.0796886
130295375,5.0145963
299801675,16.9537015
2093349,16.2816997
148273668,13.1852332
229047362,3.764873
176604975,10.4865505
140190514,6.4287928
107779737,1.0272009
25154148,27.4839254
458615187,3.8831272
289114603,8.1761677
452973397,1.9518831
349677805,11.9096401
284586930,1.6571231
114011911,5.2484099
229811538,11.5294381
439939258,4.4640046
202648961,8.0242387
432224130,2.6800806
359271092,7.5768334
352107384,3.5043637
440001383,3.1551543
177494632,1.7636086
154480367,3.8037696
127426341,7.899462
374177909,0.1638211
191373021,0.3013943
25624952,3.1239462
291732201,6.7415334
199296714,1.3777496
373424049,0.961917
259188347,25.5249554
354478327,0.3489261
302477411,3.3593261
279871772,2.889977
234187289,5.1836578
72212948,2.1610101
73228647,2.5404679
73228647,6.7418796
220599411,4.9843963
178739678,17.5945149
235057120,13.1742812
10487354,2.4971198
322818151,2.2948595
307036187,2.8404588
232131043,11.1035428
284613259,6.3548995
207334420,4.1531567
234009062,9.5366313
334380435,13.3040542
59537824,1.6498042
159671133,1.3409758
441422655,1.5435057
115942852,3.2129849
33945661,3.4828151
273861354,14.0016382
51992761,14.5421415
80429950,2.5395614
12999193,1.4826121
248075138,4.9816784
248111245,4.6370479
277634430,2.3260077
286864983,11.0163421
286864983,744.2007603
467602108,2.2351679
196389062,2.6358758
22659404,2.7472062
470898625,5.885604
245665919,6.2144045
374122973,3.5044728
400503123,1.5016329
104153474,5.0458476
418262301,12.915329
444842193,1.0790928
73729607,0.7938732
259381479,3.9461778
327249454,3.0493323
347944406,8.3873861
130087198,3.1733972
196351790,13.2026423
158933249,
272840455,6.8733768
169081296,16.2385246
73649615,1.2392569
60520371,2.1974264
317924729,1.9989903
404970821,13.2253756
71581518,13.758531
318756174,3.3799879
52555068,2.6241681
251186192,2.9538158
5370009,5.8119593
234595543,1.4893903
95415033,5.672796
130924120,17.4682298
172463434,11.8106694
261944532,5.2456808
286864983,2.7912365
286865921,4.971298
294301883,4.4656306
304042899,12.4458741
306996324,15.6653322
306996324,8.2466133
334305570,8.3008562
335630746,4.6336155
374095457,0.7839149
398943781,3.0524018
413376180,1.3541342
429358906,8.0239811
451645081,8.1125147
460984940,2.7970316
374829238,18.6286102
375059587,12.6693786
375059587,38.5537648
417829948,8.9511797
167418903,10.9803114
159303995,46.1578388
271052158,5.9605542
298897095,2.6236518
274198407,4.662632
251090642,20.0417055
167804011,6.2061962
229172128,13.62285
319855425,2.8766717
2621212,
187309502,3.5868547
15445551,1.6827917
437444661,17.9758603
46020827,9.3911326
237664324,11.4961458
153696322,0.7014613
159084486,4.4802689
393412295,13.2442861
206947218,3.9531681
12090836,3.1969894
125260728,5.3603536
95512789,2.3277044
131081852,13.2735914
143168991,19.5099226
143168991,5.9284809
143168991,12.2971298
350934357,226.2820777
142914189,7.6324317
350584963,2.1263165
349829627,6.4872362
300710077,5.4470648
300710077,12.9707041
300710077,8.0432343
308994098,199.5779073
308994098,41.0175174
308994098,
306472057,139.3048512
306472057,928.0455814
294780517,15.6477055
300013921,54.6616036
299945285,52.4072665
278895705,8.7609906
277099925,0.8086308
271596225,1.8007935
145368316,1.6096874
187278212,
50171060,1.257813
376866659,3.2527618
442530946,3.7130279
126325985,3.312816
11270200,3.1432403
77202722,3.3566052
104024556,2.0219583
71841620,5.084334
431016234,12.3832847
188500604,5.8767209
76835246,0.5127744
68952448,4.6144478
441122551,3.3870505
110110529,0.7180306
57047535,18.6883288
100474173,8.933107
142711195,10.449811
294668702,36.9078303
279154795,4.1835297
452837676,1.4866436
152147232,4.2135662
148322608,7.3364117
55967712,14.2288072
267834862,18.0214321
238394308,34.3299701
308692360,9.9892115
54272884,15.482117
271596225,4.1400062
271596225,2.7309449
260640693,95.2391755
255685030,5.5451661
179308757,0.9657303
177258735,0.7757012
167303382,3.693916
143526444,15.3050693
41227743,1.4188153
38460940,4.1177649
33831980,21.9166429
30853470,5.2702557
30122649,9.7394089
149301575,183.458919
388106759,28.3057042
388106759,90.8479191
336732544,3.2771118
301258470,12.4563692
128168083,3.9072366
262016897,15.1458746
5868998,0.63554
250977648,4.6080854
119262291,4.1747143
102068384,2.5001361
12611594,1.9155258
111778581,11.4212059
377240984,11.5843559
96847781,3.5841
130633912,5.2913602
441012828,2.789278
301031110,3.8304162
47248224,5.5378585
167337562,50.6660684
185620819,13.3173115
142757891,2.3428516
162362398,12.3396368
350230694,8.0105138
111741396,6.7230209
156716001,10.2977881
26046851,6.6802856
405255920,9.0409947
393626873,2.5139692
63735024,4.8870585
306772292,13.8672643
177033137,26.663112
100757807,25.1760133
363914762,13.8665912
55525572,83.8962434
255760319,7.21048
102840239,11.1972769
102840239,734.4987702
175180796,1.55747
30312676,1.10223
46096489,3.118536
73717937,16.2546802
111991770,3.752062
125405602,13.823303
127530399,7.1335149
127530399,1.0115336
158978373,13.5337579
193641523,1.3929721
220029715,3.1853186
14614418,0.8378453
154796579,7.4647583
271898990,1.747633
169504920,3.1052319
11439959,3.6188769
110795273,9.4715404
110795273,4.4443069
55871761,3.8618241
270204383,3.3335134
397231954,17.280857
327302178,1.0065503
355058141,0.7105047
14661418,4.722816
118798035,11.5317273
118798035,22.5709991
108748840,3.1952201
165317334,10.5557332
165317334,1.8320863
121341000,22.1441161
231451287,16.8812736
289481977,10.8739662
409796937,6.3162561
132766482,21.7456169
348899056,2.1670093
285212983,1.9622504
385796857,3.933506
54391400,6.7722112
412386707,39.2959509
178709444,3.4716808
141768070,2.7863813
437333618,4.2986466
380886535,8.9066251
32283946,7.06181
229141709,14.20489
231289421,3.2063107
42015200,9.77742
33595516,0.76566
423670610,10.32103
40083958,0.6296
29918916,4.943336
138727432,6.8646554
160222069,5.8508237
269558487,1.8301156
306338882,5.4014
404467699,3.9080236
198008005,3.2797206
150430484,5.1543265
118798035,48.8621728
146364192,2.3691651
380255458,6.569208
56815340,9.5802888
56815340,1221.2709773
187495749,1.8460559
317882327,3.5881072
431871952,6.2494565
461547946,10.3067866
368184695,6.4856471
156678143,7.2585779
61538902,5.7481323
456130294,10.2461099
316138059,0.8618404
167165932,145.1966742
130958848,14.2391963
141279435,40.8216519
279262080,4.3507956
236817690,16.7788188
298308533,9.3966438
229605578,5.0712059
431838716,5.2813531
429123881,4.0391331
414919755,1.8202857
178819686,5.6057748
178819686,12.2772444
391090520,1.8307981
357956179,15.6862385
434373518,19.227477
243200602,11.5509742
270507305,1.2282706
271168962,5.3220505
276128561,3.2877916
281924357,15.0405221
307610438,1.5617357
350332997,1.9160221
362249359,1.041889
404340025,2.6755521
405700729,4.7920153
440887364,8.5954792
440887364,3.8167262
460205581,8.3249172
461271719,7.6246239
466840711,2.4855806
287563610,3.7993182
238932509,3.4934316
459021929,21.7262508
238959233,4.6612817
366564164,7.5243992
367710318,1.718454
141524447,33.0179222
187495621,3.2662137
252851803,4.9826868
117174065,16.6036329
61988212,0.555255
318491006,5.1818499
117772549,7.8764851
150271800,11.4031046
63303430,1.7518061
220621072,14.0287826
234603808,3.6746814
124183167,2.2807843
67196266,7.6516944
97715482,3.4291124
53596439,5.916282
120540061,1.522851
270471727,10.4562977
181159386,5.6316663
317801157,7.00637
148106497,10.1083877
64334960,3.6822842
265078278,4.0521479
64250123,14.0580067
264691112,4.7554244
232399986,4.5638391
321011127,6.4535152
372913430,6.7391601
309254930,3.3102159
238898571,0.5251251
231728511,0.520671
44797824,0.7455787
381976956,22.338916
358460246,15.4043768
271596418,0.556109
200807066,26.2588239
219229644,22.0379547
219344917,14.362738
220459826,2.2395544
220459826,4.9727711
237920046,5.9312003
232025086,5.9049733
60527976,7.5811936
438298111,3.3287841
231949697,0.9072056
37075377,28.2864647
72214252,8.6001093
72985822,3.8639681
89014296,1.4945574
59845928,14.606276
206763148,8.945272
235283051,9.3137821
237405551,4.8744903
283094471,11.9039356
410449566,9.6414086
358111035,22.0089343
358340733,3.958213
279909537,2.6399819
300868410,3.1455293
219401954,0.861484
10485639,3.4253517
270711339,1.4790072
10313047,4.5549553
150429313,11.0462788
300654938,26.9701399
117885024,35.0842983
265129950,0.7386173
415084429,3.8751672
22730066,1.642501
142053623,6.5570788
219698950,3.4464529
254301731,0.6541517
281596890,10.0512067
201254754,3.3024845
237909527,9.6804752
339857675,3.5137609
36646052,0.6183488
293267224,3.7942532
408508003,8.2241876
419957314,7.8407154
25959926,15.5106583
405269313,2.4465664
344224831,8.0179256
405230669,3.6810755
408506314,3.4106422
28872266,763.9701133
74534430,36.2995129
58726656,6.6968572
426471754,12.4652143
400466395,5.1391542
70435923,0.8204734
443607377,4.0207557
81963214,5.1185703
294350792,12.3900547
30853990,160.6760208
219108677,5.9815745
230013442,3.1381914
77156829,0.8602406
77156829,3.6942604
77156829,4.9652069
204496071,1.3059494
404715325,17.2367433
435339558,21.9903619
56658270,8.8349261
243208884,4.7645838
269343479,4.1279985
210904767,8.6000492
329981856,3.3206355
260004324,3.8143009
277039287,21.0562422
201175570,9.6994666
345724317,2.817627
57299130,17.3840061
263723967,15.9669794
21720215,2.2775983
201899356,3.1084574
31142436,5.2729668
235015217,4.0863647
337217173,40.3833862
391904697,47.0196372
50592053,1.4182984
18574158,4.9131459
22038430,2.8862017
345596003,2.6414334
272829240,21.7276636
344855300,3.2966077
256418577,3.3683989
269231011,2.9650741
434086605,8.8204144
167600516,35.9993588
167600516,1.8715209
434270112,1.2433877
419524589,5.3295884
404898080,1.4716633
420018238,3.8282053
269102377,3.5899561
188539008,10.6185545
470749725,5.6897753
161687209,1.2529962
269514008,5.4149624
269330087,3.8850223
219195044,4.3239329
150096001,11.0248821
67395329,18.8204255
4426490,2.668957
403693870,3.5245689
377024332,15.1771428
365007485,33.5920255
262135904,2.0990769
364955057,13.5853161
339636032,6.8787507
4486230,14.9166631
431899136,1.9769396
293075732,0.5666806
393818343,
156514476,14.4217699
154067753,11.6515287
397053253,4.8003341
39174810,6.5883481
80224448,5.9693397
80224448,28.0693949
243030574,2.1659522
27635334,4.7335575
121990418,2.3475051
17129975,1.5142292
17129975,4.5565614
77253676,8.6078603
271749758,11.714447
354031707,4.1866989
219824470,5.4809114
427765233,31.6527509
348684814,7.7517707
158381418,2.1449013
5972036,1.7346044
436575927,5.0957983
329821992,2.8637988
62676654,14.7595601
167227214,3.1290476
110178537,2.993282
325670253,3.3777419
317520667,2.4651801
104866616,4.4626647
219345200,719.0381327
469810663,5.8497196
469810663,1064.700399
244089109,2.1376682
23961340,10.5137924
248769312,3.7570477
376867898,61.5555962
383723559,2.6667526
405010127,13.2341261
139158696,15.3573522
219195044,10.1775475
371909591,5.1879527
235717158,2.4141149
263723781,6.5433068
408548144,1.1376981
400235555,0.5289141
8416274,23.2471066
402848417,28.4664618
405542683,1.3473988
351599985,1.3432587
459323923,2.6520679
271971130,19.2879579
352284958,0.8818115
331619598,7.1467369
378860702,3.1875721
154869806,27.6174987
377622130,8.8600515
468350765,3.8949005
376354189,1.9299641
312543349,19.9253903
282794970,10.5465818
445822015,1.66402
5364106,
165312726,8.3106603
253054954,17.8961832
272125414,
67512645,3.3706303
252537013,7.0469712
9707944,19.7357748
89043973,8.330174
441158994,18.1070683
139879080,2.8625937
101497191,3.64376
140893722,13.9223368
262928973,3.2727859
320847025,9.1258136
26078330,8.754708
141527579,15.0867738
422912527,
443823169,425.4506963
113921235,59.8473992
368628986,31.1571613
83181153,
59490344,748.7146251
366302410,1.2117417
21035365,4.6017382
70897115,13.414031
261141602,1.4956727
149302744,14.8011934
149302744,33.6336133
149302744,672.6366236
353302490,1.5829358
137685450,
160428500,8.7201675
167342439,52.7993058
167342439,17.4757465
289218489,4.4563756
14203588,5.5334128
298658399,0.8118915
276922692,13.1689848
138609069,4.6504794
66266024,2.8120379
138225319,3.4747684
188814758,6.403011
233266582,6.3962557
287191183,12.1252851
391821647,1.996071
366725641,36.6892187
142385671,12.7617794
22740615,2.253174
469523619,1.1838063
431033767,3.338577
444159424,8.8922064
119081096,0.83707
154264903,3.0825102
415461195,3.8285502
341005781,8.6393678
343774169,5.3913891
326470400,736.5528811
239277658,3.2509657
288421619,12.9228111
456482025,13.723753
427685831,1.7497746
372048733,3.4375711
275248683,0.53079
63100069,1.917096
420191136,23.5367004
302173245,2.7547949
167656187,36.4358589
9216075,4.9676784
387294150,16.8267434
354846183,1083.5575987
195192253,3.4770171
198185513,3.3795099
197039766,3.7120776
252913663,4.4284676
156991337,6.9055908
288471046,2.5139302
428812049,16.2520546
67181830,7.63779
121070864,0.5843146
59369068,9.3079811
367439938,2.4915545
264159776,3.9155539
47220926,9.7716812
440562226,0.9902419
259330386,15.1389808
408656366,0.3695622
55390413,1.8819016
383829317,9.9444971
41875043,0.9602835
357858008,16.179367
350733403,27.035894
444977814,11.3689753
150428135,16.051106
150428135,37.4236838
150428135,9.977273
150428135,27.8096898
154926644,2.7897577
85113291,16.3475547
317290270,4.9792822
219707850,0.7331156
390207998,9.8162989
286923515,7.6253466
165337974,21.8153374
364571121,2.202258
199289712,1.0092447
233266797,7.9039906
274411493,7.1554749
195933415,1.5852089
396720998,32.3766006
396720998,777.0516742
166178400,60.6825768
296327387,4.8510805
195483731,1.102219
62867537,2.8371938
452864692,2.1125062
395214388,4.6745746
199488690,3.3505745
293949992,4.1560086
313922260,1.3821651
430415564,4.4264918
268727719,0.6257352
25472026,4.2422767
26999884,2.9944941
44161614,
51768374,6.8434236
419877797,5.2169076
196201652,2.7384363
150247134,12.8650769
314992600,3.2607791
419878733,5.1794403
408469564,14.7126653
422159302,10.5739387
426956677,1.1976555
77490011,2.6881318
124895104,1.7024504
350064389,2.1570981
317849098,4.773664
18885659,2.8890956
248434716,0.7386689
408137826,8.5145626
146520535,4.32765
399871011,12.35611
434234955,6.0588453
167714792,0.9298045
219205407,6.1253092
262330063,7.31523
146438872,12.7009
189013222,1.3228701
245947683,1.14288
449050247,2.96845
319312479,1.79011
449050248,2.96844
44792534,3.68497
146467675,1.6375303
146434840,17.95473
249067445,0.8317937
92880568,0.5875044
279999655,1.54104
5109298,1.6187107
265077027,4.79586
141776043,4.06269
25799609,11.1178464
179155220,0.60274
179159972,1.37101
178367144,3.4091568
445586472,1.7393631
453209605,2.80944
280437559,1.8237371
174599051,4.9857808
177722855,2.3960724
125894957,2.67425
409459226,1.27997
333821572,2.8259491
133654092,1.97353
347098457,3.1510408
14165625,11.020153
32497972,29.4829022
255704097,6.015802
219380235,3.9773904
37084932,6.58454
34077285,6.3872524
34077285,2.5735943
34077285,14.3318853
237808867,0.56708
92013169,2.3552639
123846039,10.0577297
167031605,2.7809
25334160,2.56876
120269103,20.4276727
437984134,5.77114
438295981,3.96643
284288080,1.83485
333607525,3.2022978
268371979,2.78102
73038411,13.1660135
5772442,1.10578
93594834,1.3387555
127476180,1.6038093
177126182,6.3037582
148659924,7.3816254
33091633,7.52118
425220920,8.76905
320536216,0.5476699
52548453,5.2146757
113553629,4.30438
207277638,3.121181
88684250,4.587386
7561203,2.4843225
108835813,4.76516
259353953,1.4635019
93963408,2.396722
33690636,4.99915
66561343,10.6265837
123958679,5.6148305
42755801,4.3433389
250484865,0.76189
102283403,3.52985
229384040,1.2980202
124543547,
177162886,12.8461943
210873792,4.8495236
214361331,3.2308423
216935214,18.2592673
238197638,7.2766004
261257684,10.8772748
261257684,83.9993991
261867566,3.7395716
298372701,1.6647888
317951248,3.4438
142918609,14.5378
341729521,8.4134856
54390047,0.941436
341186896,1.5078959
305424003,4.5849129
350153977,3.1837789
364107753,3.9043855
369327947,2.0291067
389070884,8.5841822
406941612,4.678059
407126408,11.099348
407126408,1469.8512039
153027658,2.3374921
259389219,2.3250156
348844154,29.17362
207237016,26.4126517
294869729,1.1140067
150167117,20.0272717
271722899,19.2998
278775625,5.1287265
278199349,9.46516
301051430,3.2744665
382068562,12.1272702
300599466,13.17741
176796997,1.7957918
261258875,2.5852
300557619,30.57908
175532955,5.830149
100921768,4.90038
206474443,3.2452094
260417932,19.3106015
260417932,7.9856481
260130483,88.9350637
220475245,3.7817383
260476837,2.23294
278198753,7.936533
425163745,0.27664
332660150,8.8073507
67772767,7.6107227
