pl_name,hostname,pl_orbper,pl_rade,pl_masse,disc_year,discoverymethod
HD 70642 b,HD 70642,2124.54,,,2003,Radial Velocity
Kepler-61 b,Kepler-61,59.87756,2.15,,2013,Transit
Kepler-79 c,Kepler-79,27.4029,3.72,5.9,2012,Transit
GJ 3634 b,GJ 3634,2.64561,,8.4,2010,Radial Velocity
HD 222582 b,HD 222582,572.38,,,1999,Radial Velocity
Kepler-751 b,Kepler-751,17.44490636,2.46,,2016,Transit
HD 134060 b,HD 134060,3.2696,,,2019,Radial Velocity
Kepler-1745 b,Kepler-1745,3.016190052,1.92872921,,2021,Transit
HD 134606 d,HD 134606,966.5,,,2024,Radial Velocity
HD 43691 b,HD 43691,36.9987,,,2007,Radial Velocity
HD 175167 b,HD 175167,1175.0,,4703.8604236,2009,Radial Velocity
HD 176986 b,HD 176986,6.4898,,,2017,Radial Velocity
K2-85 b,K2-85,0.684559,1.2,,2016,Transit
KOI-2513.01,KOI-2513,19.00547,2.80224517,7310.053361,2023,Transit
Kepler-175 c,Kepler-175,34.035257,3.1,,2014,Transit
HD 11964 b,HD 11964,1945.0,,,2005,Radial Velocity
Qatar-10 b,Qatar-10,1.645321,17.295487,233.92288,2019,Transit
Kepler-196 d,Kepler-196,122.0800018,2.66065673,,2021,Transit
K2-381 c,K2-381,16.034656,2.0,,2022,Transit
OGLE-2019-BLG-0468L b,OGLE-2019-BLG-0468L,,,1090.15143601,2022,Microlensing
Kepler-400 b,Kepler-400,9.024389,1.65,,2014,Transit
HD 285507 b,HD 285507,6.0881,,,2013,Radial Velocity
Kepler-1087 b,Kepler-1087,0.693842855,0.61,,2016,Transit
Kepler-1836 b,Kepler-1836,5.254169941,2.55303229,,2021,Transit
Kepler-549 c,Kepler-549,117.040498,2.93,,2016,Transit
WASP-77 A b,WASP-77 A,1.360029395,,529.31142902,2012,Transit
HD 40307 c,HD 40307,9.6184,,,2009,Radial Velocity
Kepler-302 c,Kepler-302,127.282184,12.45,,2014,Transit
Kepler-1729 b,Kepler-1729,4.220970154,3.89404186,,2021,Transit
Kepler-42 b,Kepler-42,1.2137672,0.78,,2011,Transit
Kepler-1050 b,Kepler-1050,15.3787546,1.6,,2016,Transit
KMT-2022-BLG-1013L b,KMT-2022-BLG-1013L,,,98.52680617,2023,Microlensing
HD 95089 c,HD 95089,1785.0,,,2018,Radial Velocity
Kepler-1166 b,Kepler-1166,33.2406882,1.69,,2016,Transit
Kepler-976 b,Kepler-976,105.9564148,3.96,,2016,Transit
K2-121 b,K2-121,5.1857539,7.52,,2017,Transit
HD 175607 b,HD 175607,29.01,,,2015,Radial Velocity
HD 109749 b,HD 109749,5.239891,,,2005,Radial Velocity
WASP-20 b,WASP-20,4.8996284,16.388,98.841,2015,Transit
HD 39194 d,HD 39194,33.91,,,2021,Radial Velocity
HD 3167 b,HD 3167,0.959641,1.67,4.97,2016,Transit
Kepler-157 c,Kepler-157,13.5405,2.24,,2014,Transit
MOA-2008-BLG-379L b,MOA-2008-BLG-379L,,,1300.0,2013,Microlensing
HATS-52 b,HATS-52,1.36665436,15.490838,711.9392,2017,Transit
HD 204313 b,HD 204313,2041.11539,,1466.7780983,2010,Radial Velocity
Kepler-131 b,Kepler-131,16.092,2.41,16.13,2014,Transit
HIP 55507 b,HIP 55507,5138.43727,,2585.53409095,2022,Radial Velocity
Kepler-271 c,Kepler-271,7.41086267,0.95,,2014,Transit
TOI-1820 b,TOI-1820,4.860674,12.778238,731.0053361,2022,Transit
HR 858 d,HR 858,11.230511,2.001,7.1,2019,Transit
Kepler-728 b,Kepler-728,5.743477265,3.34,,2016,Transit
OGLE-2018-BLG-0799L b,OGLE-2018-BLG-0799L,,,82.63538582,2022,Microlensing
Kepler-210 b,Kepler-210,2.453234,2.94,,2014,Transit
HD 134606 b,HD 134606,12.089,,,2024,Radial Velocity
TIC 139270665 b,TIC 139270665,23.624,7.22979255,147.15455244,2024,Transit
Kepler-1165 c,Kepler-1165,29.96870041,3.36093385,,2021,Transit
WASP-18 c,WASP-18,2.1558,,55.2,2019,Transit Timing Variations
TOI-2202 b,TOI-2202,11.9126075,10.95117414,287.31687993,2021,Transit
TOI-4087 b,TOI-4087,3.1774835,13.04725353,232.01473711,2023,Transit
Kepler-1513 b,Kepler-1513,160.8842,8.594,48.30991786,2016,Transit
HD 85390 b,HD 85390,799.52,,,2009,Radial Velocity
Kepler-323 c,Kepler-323,3.5538229,1.57,6.8,2014,Transit
K2-157 c,K2-157,25.942,,,2025,Radial Velocity
HD 77946 b,HD 77946,6.527363,2.89646124,10.9,2024,Transit
WASP-2 b,WASP-2,2.152175,12.116929,295.89973,2007,Transit
Kepler-1235 b,Kepler-1235,4.16055856,0.79,,2016,Transit
Kepler-519 b,Kepler-519,24.3078946,2.1,,2016,Transit
K2-318 b,K2-318,7.01,1.66,,2020,Transit
OGLE-2012-BLG-0838L b,OGLE-2012-BLG-0838L,,,53.1,2020,Microlensing
HD 13908 b,HD 13908,19.382,,,2013,Radial Velocity
Kepler-237 b,Kepler-237,4.715106,1.41,,2014,Transit
Kepler-200 c,Kepler-200,10.222157,1.59,,2014,Transit
Kepler-177 b,Kepler-177,36.8601,3.5,5.84,2013,Transit
K2-237 b,K2-237,2.18053332,16.06246934,434.15360396,2018,Transit
HD 95089 b,HD 95089,464.4,,,2009,Radial Velocity
Kepler-580 b,Kepler-580,8.222419656,2.57,,2016,Transit
Kepler-1211 b,Kepler-1211,11.01816836,2.55,,2016,Transit
HD 34445 c,HD 34445,214.67,,,2017,Radial Velocity
KELT-20 b,KELT-20,3.4741085,19.514869,1074.90106,2017,Transit
Kepler-337 c,Kepler-337,9.693201,2.05,,2014,Transit
Kepler-132 c,Kepler-132,6.414914,1.28,,2014,Transit
TOI-1443 b,TOI-1443,23.540678,2.30381001,30.0,2024,Transit
Kepler-1714 b,Kepler-1714,10.27530003,3.26437302,,2021,Transit
TOI-2498 b,TOI-2498,3.738252,6.06,34.62,2023,Transit
Kepler-928 b,Kepler-928,3.932461302,1.59,,2016,Transit
KMT-2017-BLG-1038L b,KMT-2017-BLG-1038L,,,640.0,2019,Microlensing
TOI-4329 b,TOI-4329,2.9223,16.81347105,143.02278315,2022,Transit
Kepler-784 c,Kepler-784,17.157236,1.55,,2023,Transit
WASP-197 b,WASP-197,5.167228,14.44837612,403.32424848,2025,Transit
Kepler-1279 b,Kepler-1279,23.4774101,1.75,,2016,Transit
HD 149026 b,HD 149026,2.87589,8.29466,120.7754,2005,Radial Velocity
Kepler-1438 b,Kepler-1438,2.31942009,0.94,,2016,Transit
Kepler-257 c,Kepler-257,6.581484,5.41,,2014,Transit
WASP-187 b,WASP-187,5.147878,18.38276,254.264,2020,Transit
Kepler-1102 b,Kepler-1102,51.3285623,2.66,,2016,Transit
K2-268 c,K2-268,9.327527,2.69,,2018,Transit
KOBE-1 c,KOBE-1,29.671,,,2025,Radial Velocity
Kepler-546 b,Kepler-546,4.147020258,7.0,,2016,Transit
Kepler-722 b,Kepler-722,4.093573252,2.63,,2016,Transit
HD 62364 c,HD 62364,74839.94555,,7923.46218651,2022,Radial Velocity
81 Cet b,81 Cet,1005.57,,,2008,Radial Velocity
GJ 682 b,GJ 682,17.478,,,2014,Radial Velocity
WASP-170 b,WASP-170,2.34478022,12.285064,508.528,2018,Transit
K2-198 c,K2-198,3.3596055,1.423,,2019,Transit
Kepler-1933 b,Kepler-1933,4.943290234,1.17984089,,2021,Transit
Kepler-1913 b,Kepler-1913,14.1960001,1.51852059,,2021,Transit
WASP-37 b,WASP-37,3.577469,13.002,572.07,2010,Transit
Kepler-335 c,Kepler-335,67.844469,3.07,,2014,Transit
WASP-46 b,WASP-46,1.43036763,13.159366,607.0553,2011,Transit
K2-273 b,K2-273,11.7195663,3.05,,2018,Transit
HD 128311 c,HD 128311,921.538,,1204.25787,2005,Radial Velocity
Kepler-44 b,Kepler-44,3.2467293,12.22,317.82,2011,Transit
HD 47536 b,HD 47536,712.13,,,2002,Radial Velocity
BD-17 63 b,BD-17 63,655.57,,1639.99458012,2008,Radial Velocity
HD 191939 b,HD 191939,8.8803256,3.41,10.0,2020,Transit
HD 75302 b,HD 75302,4356.0,,1716.2733978,2023,Radial Velocity
Kepler-915 b,Kepler-915,4.59489604,1.5,,2016,Transit
KOI-984 c,KOI-984,21.512,,209.8,2022,Transit Timing Variations
Kepler-1912 b,Kepler-1912,6.059219837,1.35670508,,2021,Transit
Kepler-267 b,Kepler-267,3.353728,1.98,,2014,Transit
Kepler-303 b,Kepler-303,1.937055,0.89,,2014,Transit
Kepler-186 b,Kepler-186,3.8867907,1.07,,2014,Transit
Kepler-186 e,Kepler-186,22.407704,1.27,,2014,Transit
Kepler-186 c,Kepler-186,7.267302,1.25,,2014,Transit
Kepler-186 d,Kepler-186,13.342996,1.4,,2014,Transit
Kepler-206 d,Kepler-206,23.44281,1.19,,2014,Transit
Kepler-1860 b,Kepler-1860,12.73719978,1.13863767,,2021,Transit
TOI-4914 b,TOI-4914,10.60057,12.87,227.0,2024,Transit
HD 213519 b,HD 213519,11.12214,,,2022,Radial Velocity
Kepler-32 b,Kepler-32,5.90124,2.2,1303.0,2011,Transit
Kepler-32 c,Kepler-32,8.7522,2.0,158.9,2011,Transit
Kepler-32 e,Kepler-32,2.896,1.5,,2012,Transit
Kepler-45 b,Kepler-45,2.455239,10.76,160.497,2011,Transit
Kepler-32 d,Kepler-32,22.7802,2.7,,2012,Transit
Kepler-32 f,Kepler-32,0.74296,0.82,,2012,Transit
Kepler-54 b,Kepler-54,8.0109434,2.1,,2012,Transit
Kepler-52 c,Kepler-52,16.3850021,1.84,45.4,2012,Transit
Kepler-52 b,Kepler-52,7.8773565,2.1,135.0,2012,Transit
Kepler-54 c,Kepler-54,12.0717249,1.23,,2012,Transit
Kepler-235 d,Kepler-235,20.060548,2.05,,2014,Transit
Kepler-249 b,Kepler-249,3.306539,1.09,,2014,Transit
Kepler-235 e,Kepler-235,46.183669,2.22,,2014,Transit
Kepler-249 d,Kepler-249,15.368459,1.57,,2014,Transit
Kepler-327 b,Kepler-327,2.549575,1.11,,2014,Transit
Kepler-395 c,Kepler-395,34.989262,1.32,,2014,Transit
Kepler-52 d,Kepler-52,36.445171,1.95,,2014,Transit
Kepler-231 b,Kepler-231,10.065275,1.73,,2014,Transit
Kepler-235 c,Kepler-235,7.824904,1.28,,2014,Transit
Kepler-236 b,Kepler-236,8.295611,1.57,,2014,Transit
Kepler-395 b,Kepler-395,7.054346,1.03,,2014,Transit
Kepler-353 c,Kepler-353,8.410894,1.38,,2014,Transit
Kepler-303 c,Kepler-303,7.061149,1.14,,2014,Transit
Kepler-125 c,Kepler-125,5.774464,0.74,,2014,Transit
Kepler-267 c,Kepler-267,6.87745,2.13,,2014,Transit
Kepler-267 d,Kepler-267,28.464515,2.27,,2014,Transit
Kepler-353 b,Kepler-353,5.795278,0.89,,2014,Transit
Kepler-125 b,Kepler-125,4.164389,2.37,,2014,Transit
Kepler-54 d,Kepler-54,20.995694,1.53,,2014,Transit
Kepler-327 d,Kepler-327,13.969457,1.73,,2014,Transit
Kepler-327 c,Kepler-327,5.212333,1.03,,2014,Transit
Kepler-235 b,Kepler-235,3.340222,2.23,,2014,Transit
Kepler-236 c,Kepler-236,23.968127,2.0,,2014,Transit
Kepler-205 b,Kepler-205,2.75564,1.51,,2014,Transit
Kepler-249 c,Kepler-249,7.113702,1.51,,2014,Transit
Kepler-231 c,Kepler-231,19.271566,1.93,,2014,Transit
Kepler-205 c,Kepler-205,20.306546,1.64,,2014,Transit
TOI-1898 b,TOI-1898,45.52234,9.39553231,129.0,2024,Transit
KOI-351 f,KOI-351,124.9144,2.88,,2013,Transit
Kepler-828 b,Kepler-828,0.567857136,1.51,,2016,Transit
TOI-561 c,TOI-561,10.778838,2.865,5.93,2020,Transit
PSR B1257+12 b,PSR B1257+12,25.262,,0.02,1994,Pulsar Timing
K2-266 c,K2-266,7.814,0.705,,2018,Transit
TOI-1749 b,TOI-1749,2.38839,1.39,57.0,2021,Transit
Kepler-406 b,Kepler-406,2.42629,1.43,6.35,2014,Transit
Kepler-46 b,Kepler-46,33.60134,9.057,1907.0,2012,Transit
Kepler-195 b,Kepler-195,8.307872,2.03,,2014,Transit
Kepler-1422 b,Kepler-1422,18.6051942,2.02,,2016,Transit
Kepler-1022 b,Kepler-1022,10.99469878,2.36,,2016,Transit
OGLE-2016-BLG-1190L b,OGLE-2016-BLG-1190L,1220.0,,4253.0,2017,Microlensing
Kepler-101 b,Kepler-101,3.4876812,5.77,51.1,2014,Transit
HD 217786 b,HD 217786,1301.36009,,4402.55909376,2011,Radial Velocity
Kepler-1190 b,Kepler-1190,10.45843441,1.33,,2016,Transit
HATS-54 b,HATS-54,2.5441765,11.37711541,239.32479047,2019,Transit
K2-72 c,K2-72,15.189034,1.16,,2016,Transit
Kepler-529 b,Kepler-529,1.980357663,1.86,,2016,Transit
Kepler-1061 b,Kepler-1061,2.757982666,1.98,,2016,Transit
K2-413 b,K2-413,0.8094,0.7599,,2022,Transit
Kepler-1093 b,Kepler-1093,25.0824626,1.95,,2016,Transit
WASP-136 b,WASP-136,5.215357,15.46842,479.9233,2016,Transit
Kepler-1650 b,Kepler-1650,1.53818001,0.96,,2017,Transit
K2-286 b,K2-286,27.359,2.1,,2018,Transit
TYC 0434-04538-1 b,TYC 0434-04538-1,193.2,,,2021,Radial Velocity
TOI-5108 b,TOI-5108,6.753581,6.6,32.0,2025,Transit
Kepler-1307 b,Kepler-1307,18.01621096,2.47,,2016,Transit
Kepler-551 b,Kepler-551,12.3764661,2.73,,2016,Transit
Kepler-568 b,Kepler-568,11.02347475,2.26,,2016,Transit
Kepler-674 b,Kepler-674,2.243381847,1.69,,2016,Transit
Kepler-676 b,Kepler-676,11.59822172,3.04,,2016,Transit
Kepler-440 b,Kepler-440,101.11141,1.86,,2015,Transit
Kepler-801 b,Kepler-801,11.41928253,2.0,,2016,Transit
Kepler-787 b,Kepler-787,0.928310498,1.28,,2016,Transit
Kepler-994 b,Kepler-994,1.151166506,1.6,,2016,Transit
Kepler-1049 b,Kepler-1049,3.273460736,0.95,,2016,Transit
Kepler-1089 b,Kepler-1089,5.132485618,1.83,,2016,Transit
Kepler-1124 b,Kepler-1124,2.852348975,1.28,,2016,Transit
Kepler-898 b,Kepler-898,5.8706191,1.49,,2016,Transit
Kepler-901 b,Kepler-901,3.517494394,1.37,,2016,Transit
Kepler-974 b,Kepler-974,4.194496514,1.57,,2016,Transit
Kepler-777 b,Kepler-777,5.72812599,1.47,,2016,Transit
Kepler-844 b,Kepler-844,2.613020856,1.68,,2016,Transit
Kepler-988 b,Kepler-988,17.76080053,2.07,,2016,Transit
Kepler-1321 c,Kepler-1321,2.226491086,2.4,,2016,Transit
Kepler-1388 b,Kepler-1388,12.2854603,2.59,,2016,Transit
Kepler-1388 c,Kepler-1388,5.53608151,2.26,,2016,Transit
Kepler-1439 b,Kepler-1439,8.07392849,1.46,,2016,Transit
Kepler-1308 b,Kepler-1308,2.104338119,0.52,,2016,Transit
Kepler-1319 b,Kepler-1319,2.886762645,1.34,,2016,Transit
Kepler-1152 b,Kepler-1152,1.646801908,0.87,,2016,Transit
Kepler-1321 b,Kepler-1321,11.12830484,4.92,,2016,Transit
Kepler-1350 b,Kepler-1350,4.4968604,2.52,,2016,Transit
K2-209 b,K2-209,2.080615,0.86850263,,2018,Transit
Kepler-139 c,Kepler-139,157.072878,3.38,,2014,Transit
WASP-91 b,WASP-91,2.798581,11.54527,425.8922,2017,Transit
Kepler-1398 b,Kepler-1398,2.78815679,0.9,,2016,Transit
Kepler-1694 b,Kepler-1694,3.89526,1.17986031,,2020,Transit
Kepler-732 b,Kepler-732,9.467814048,2.18,,2016,Transit
Kepler-691 b,Kepler-691,8.114379,2.09,,2016,Transit
Kepler-737 b,Kepler-737,28.59915399,1.96,,2016,Transit
Kepler-622 b,Kepler-622,14.28226676,2.13,,2016,Transit
Kepler-617 b,Kepler-617,1.682696148,1.32,,2016,Transit
Kepler-705 b,Kepler-705,56.0560538,2.11,,2016,Transit
Kepler-834 b,Kepler-834,13.32388301,2.02,,2016,Transit
Kepler-833 b,Kepler-833,18.7546998,2.02,,2016,Transit
Kepler-1074 b,Kepler-1074,5.94566534,1.25,,2016,Transit
Kepler-732 c,Kepler-732,0.893041236,1.27,,2016,Transit
Kepler-1350 c,Kepler-1350,1.766789062,1.73,,2016,Transit
Kepler-953 c,Kepler-953,9.10967112,1.19,,2016,Transit
Kepler-1388 d,Kepler-1388,20.9568158,2.86,,2016,Transit
Kepler-1388 e,Kepler-1388,37.6327084,2.46,,2016,Transit
Kepler-1646 b,Kepler-1646,4.48558383,1.23,,2016,Transit
WASP-17 b,WASP-17,3.73543,20.96083,247.9074,2009,Transit
WASP-62 b,WASP-62,4.41195,14.79588,165.2716,2012,Transit
WASP-172 b,WASP-172,5.477433,17.59813,149.3801,2018,Transit
WASP-173 A b,WASP-173 A,1.38665318,13.4508,1172.7927,2018,Transit
Kepler-975 b,Kepler-975,1.970342457,1.48,,2016,Transit
Kepler-1142 b,Kepler-1142,18.3027248,1.47,,2016,Transit
EPIC 249893012 b,EPIC 249893012,3.5951,1.95,8.75,2020,Transit
HATS-51 b,HATS-51,3.3488702,15.80469,244.09344,2017,Transit
HD 165131 b,HD 165131,2342.6,,5943.3912109,2023,Radial Velocity
HIP 41378 c,HIP 41378,31.70648,,,2016,Transit
HIP 41378 e,HIP 41378,,,,2016,Transit
HIP 41378 d,HIP 41378,1114.0,,,2016,Transit
HIP 41378 f,HIP 41378,1084.0,,,2016,Transit
Kepler-905 b,Kepler-905,5.082746517,1.41,,2016,Transit
Kepler-1101 b,Kepler-1101,81.3151059,2.47,,2016,Transit
Kepler-514 b,Kepler-514,5.65179605,1.72,,2016,Transit
Kepler-1636 b,Kepler-1636,425.47785,3.23,,2016,Transit
DMPP-1 c,DMPP-1,6.584,,,2019,Radial Velocity
Kepler-1127 b,Kepler-1127,5.12330347,1.96,,2016,Transit
HD 74156 c,HD 74156,2448.48726,,2753.98314665,2003,Radial Velocity
K2-68 b,K2-68,8.05428,1.58,,2016,Transit
Kepler-1921 c,Kepler-1921,3.15722086,1.41,,2023,Transit
Kepler-138 e,Kepler-138,38.23,,0.43,2022,Transit Timing Variations
Kepler-138 b,Kepler-138,10.3134,0.64,0.07,2014,Transit
Kepler-138 c,Kepler-138,13.7815,1.51,2.3,2014,Transit
Kepler-138 d,Kepler-138,23.0923,1.51,2.1,2014,Transit
Kepler-28 b,Kepler-28,5.91,1.959,1.63,2011,Transit
Kepler-28 c,Kepler-28,8.99,1.857,2.06,2011,Transit
TOI-2669 b,TOI-2669,6.2034,19.72780603,193.87532827,2022,Transit
Kepler-1358 b,Kepler-1358,7.06317341,1.12,,2016,Transit
HAT-P-41 b,HAT-P-41,2.69405,22.97845,378.2177,2012,Transit
TOI-2260 b,TOI-2260,0.3524728,1.62,,2022,Transit
Kepler-51 b,Kepler-51,45.154,7.1,2.1,2012,Transit
TRAPPIST-1 b,TRAPPIST-1,1.510826,1.116,1.374,2016,Transit
TRAPPIST-1 c,TRAPPIST-1,2.421937,1.097,1.308,2016,Transit
TRAPPIST-1 d,TRAPPIST-1,4.049219,0.788,0.388,2016,Transit
TRAPPIST-1 e,TRAPPIST-1,6.101013,0.92,0.692,2017,Transit
TRAPPIST-1 f,TRAPPIST-1,9.20754,1.045,1.039,2017,Transit
TRAPPIST-1 g,TRAPPIST-1,12.352446,1.129,1.321,2017,Transit
TRAPPIST-1 h,TRAPPIST-1,18.772866,0.755,0.326,2017,Transit
Kepler-1712 b,Kepler-1712,13.81499958,2.28372556,,2021,Transit
Kepler-1749 b,Kepler-1749,14.53409958,1.61301783,,2021,Transit
Kepler-1321 d,Kepler-1321,5.720920086,2.62843782,,2021,Transit
Kepler-1805 b,Kepler-1805,8.847940445,1.54502915,,2021,Transit
Kepler-1855 b,Kepler-1855,0.727330983,1.216205,,2021,Transit
Kepler-1735 b,Kepler-1735,7.71792984,1.19429134,,2021,Transit
Kepler-1826 b,Kepler-1826,1.615360022,1.47519116,,2021,Transit
Kepler-1761 b,Kepler-1761,4.043540001,1.39109603,,2021,Transit
Kepler-1798 b,Kepler-1798,16.85589981,2.30911251,,2021,Transit
Kepler-1904 b,Kepler-1904,4.577020168,1.3904994,,2021,Transit
WASP-121 b,WASP-121,1.27492504,19.64934317,367.7274669,2016,Transit
WASP-148 b,WASP-148,8.803809,8.47398941,91.21675281,2020,Transit
WASP-148 c,WASP-148,34.524,,124.58873554,2020,Radial Velocity
Kepler-487 c,Kepler-487,38.6519976,2.68,,2016,Transit
GJ 341 b,GJ 341,7.57686,0.88,4.0,2025,Transit
KOI-1843.03,Kepler-974,0.1768913,0.61,8.0,2013,Transit
HD 118203 b,HD 118203,6.1349779,12.778238,680.15279098,2005,Radial Velocity
HD 118203 c,HD 118203,5103.0,,3747.19691853,2024,Radial Velocity
TIC 88785435 b,TIC 88785435,10.508843,5.03,,2025,Transit
KOI-134 b,KOI-134,67.1277,12.03844527,346.43296363,2025,Transit
KOI-134 c,KOI-134,33.95,,69.92224954,2025,Transit Timing Variations
TOI-1846 b,TOI-1846,3.9306737,1.792,,2025,Transit
TOI-5882 b,TOI-5882,7.148972,11.46678726,6995.40323807,2025,Transit
Kepler-911 b,Kepler-911,20.310501,2.6,,2016,Transit
Kepler-1569 b,Kepler-1569,5.79180156,1.68,,2016,Transit
K2-101 b,K2-101,14.6762429,2.0,,2016,Transit
CoRoT-6 b,CoRoT-6,8.886593,13.068,940.74,2009,Transit
K2-335 b,K2-335,12.283211,2.21,,2021,Transit
TOI-4638.01,TOI-4638,10.283918787,2.933,,2024,Transit
Kepler-1998 b,Kepler-1998,3.03267135,0.6,,2023,Transit
HD 66428 c,HD 66428,10478.84437,,560.64930995,2021,Radial Velocity
Kepler-2000 b,Kepler-2000,6.383159135,2.73,,2023,Transit
Kepler-2000 c,Kepler-2000,20.6180348,1.57,,2023,Transit
Kepler-1222 b,Kepler-1222,1.916944254,0.79,,2016,Transit
Kepler-350 c,Kepler-350,17.849,3.1,6.1,2013,Transit
HD 3765 b,HD 3765,1211.0,,,2021,Radial Velocity
Kepler-400 c,Kepler-400,17.340824,1.49,,2014,Transit
Kepler-1624 b,Kepler-1624,3.290304518,5.7,,2016,Transit
LHS 1678 c,LHS 1678,3.694284,0.941,,2021,Transit
Kepler-852 b,Kepler-852,44.9309804,2.54,,2016,Transit
Kepler-444 e,Kepler-444,7.743493,0.546,,2015,Transit
WASP-89 b,WASP-89,3.3564227,11.65736,1875.197,2015,Transit
XO-7 b,XO-7,2.8641424,15.389957,225.34147,2019,Transit
Kepler-1687 b,Kepler-1687,5.77954,1.65623882,,2020,Transit
WASP-186 b,WASP-186,5.026799,12.44199,1341.2426,2020,Transit
Kepler-1455 b,Kepler-1455,49.276764,2.16,,2016,Transit
Kepler-1366 b,Kepler-1366,2.164570968,1.43,,2016,Transit
HIP 41378 b,HIP 41378,15.572098,,,2016,Transit
Kepler-186 f,Kepler-186,129.9441,1.17,,2014,Transit
Kepler-953 b,Kepler-953,88.40655258,4.21,,2016,Transit
K2-415 b,K2-415,4.0179694,1.015,7.5,2023,Transit
HATS-13 b,HATS-13,3.0440499,13.585308,172.58169,2015,Transit
GJ 179 b,GJ 179,2288.0,,,2009,Radial Velocity
Qatar-7 b,Qatar-7,2.032046,19.0553,597.5204,2019,Transit
MOA-2010-BLG-117L b,MOA-2010-BLG-117L,,,170.0,2018,Microlensing
Kepler-354 d,Kepler-354,24.209842,1.24,,2014,Transit
K2-389 b,K2-389,8.584043,2.184,,2022,Transit
Kepler-1302 b,Kepler-1302,8.83922659,1.43,,2016,Transit
Kepler-60 d,Kepler-60,11.8981,1.99,4.16,2012,Transit
Kepler-1129 b,Kepler-1129,24.3397804,2.96,,2016,Transit
GJ 514 b,GJ 514,140.43,,,2022,Radial Velocity
Kepler-1325 b,Kepler-1325,33.8786838,2.86,,2016,Transit
TOI-1248 b,TOI-1248,4.3601561,6.8084859,27.4,2024,Transit
TOI-6002 b,TOI-6002,10.904821,1.65,,2024,Transit
K2-65 b,K2-65,12.6475,1.58,,2016,Transit
HAT-P-60 b,HAT-P-60,4.7947813,18.28184752,182.43350562,2021,Transit
Kepler-270 b,Kepler-270,11.476094,2.01,,2014,Transit
HD 22496 b,HD 22496,5.09071,,,2021,Radial Velocity
DMPP-1 b,DMPP-1,18.57,,,2019,Radial Velocity
Kepler-1827 b,Kepler-1827,3.700619936,1.85644292,,2021,Transit
GJ 720 A b,GJ 720 A,19.466,,,2021,Radial Velocity
K2-411 b,K2-411,3.2141,0.9898,,2022,Transit
Kepler-51 d,Kepler-51,130.194,9.7,7.6,2014,Transit
K2-239 d,K2-239,10.115,1.1,,2018,Transit
K2-151 b,K2-151,3.835476,1.49,,2018,Transit
Kepler-727 b,Kepler-727,5.154484417,2.53,,2016,Transit
Kepler-763 b,Kepler-763,1.19655156,1.22,,2016,Transit
Kepler-545 b,Kepler-545,13.24934059,2.69,,2016,Transit
HATS-3 b,HATS-3,3.547851,15.48,340.382,2013,Transit
HD 135694 b,HD 135694,15.923475568,2.857,,2023,Transit
HR 5183 b,HR 5183,27000.0,,,2019,Radial Velocity
TOI-3568 b,TOI-3568,4.417965,5.3,26.4,2024,Transit
Kepler-374 c,Kepler-374,3.282807,1.1,,2014,Transit
Kepler-85 e,Kepler-85,25.216751,1.27,,2014,Transit
HD 74698 c,HD 74698,3449.0,,,2023,Radial Velocity
Kepler-310 c,Kepler-310,56.47542,3.38,,2014,Transit
Kepler-369 b,Kepler-369,2.732756,1.13,,2014,Transit
Kepler-615 b,Kepler-615,10.35584657,1.74,,2016,Transit
TOI-201 b,TOI-201,52.97818,11.298672,133.4886,2021,Transit
Kepler-1527 b,Kepler-1527,160.129918,4.77,,2016,Transit
HIP 107773 b,HIP 107773,144.3,,,2015,Radial Velocity
WASP-107 b,WASP-107,5.7214742,,30.5,2017,Transit
Kepler-1409 b,Kepler-1409,0.764864926,1.04,,2016,Transit
K2-163 b,K2-163,6.673117,2.46610713,,2018,Transit
GJ 9689 b,GJ 9689,18.27,,,2020,Radial Velocity
51 Peg b,51 Peg,4.230785,,,1995,Radial Velocity
Kepler-284 c,Kepler-284,37.514456,2.61,,2014,Transit
Kepler-397 b,Kepler-397,22.250949,2.46,,2014,Transit
OGLE-2019-BLG-0362L b,OGLE-2019-BLG-0362L,,,1036.12060682,2022,Microlensing
GJ 27.1 b,GJ 27.1,15.819,,,2014,Radial Velocity
K2-21 c,K2-21,15.50192,2.49,,2015,Transit
Kepler-1059 b,Kepler-1059,3.764191048,1.73,,2016,Transit
Kepler-1245 b,Kepler-1245,4.35409304,1.44,,2016,Transit
Kepler-462 c,Kepler-462,207.62,4.0,6.0,2020,Transit
TOI-150.01,TOI-150,5.857487,14.067295,797.7533,2019,Transit
TOI-2295 c,TOI-2295,966.5,,,2024,Radial Velocity
TOI-421 b,TOI-421,5.197576,2.64,6.7,2020,Transit
HIP 57274 b,HIP 57274,8.1352,,,2011,Radial Velocity
K2-57 b,K2-57,9.0073,2.30905002,,2016,Transit
Kepler-1921 b,Kepler-1921,20.03479958,2.89459458,,2021,Transit
Kepler-366 c,Kepler-366,12.51616,1.79,,2014,Transit
HD 67087 c,HD 67087,2374.0,,,2015,Radial Velocity
Kepler-948 b,Kepler-948,7.76846622,1.85,,2016,Transit
TOI-1883 b,TOI-1883,4.50638,5.65,,2024,Transit
HAT-P-13 c,HAT-P-13,446.27,,,2009,Radial Velocity
K2-344 b,K2-344,3.35585,1.59,,2021,Transit
Kepler-183 c,Kepler-183,11.637071,2.27,,2014,Transit
Kepler-24 c,Kepler-24,12.33,2.514,9.99,2011,Transit
KMT-2019-BLG-0371L b,KMT-2019-BLG-0371L,,,2447.2787339,2021,Microlensing
NGTS-4 b,NGTS-4,1.3373508,3.18,20.6,2019,Transit
Kepler-126 b,Kepler-126,10.495711,1.52,,2014,Transit
K2-288 B b,K2-288 B,31.393463,1.9,,2018,Transit
Kepler-550 b,Kepler-550,8.600104109,4.42,,2016,Transit
HD 290327 b,HD 290327,2443.0,,,2009,Radial Velocity
Kepler-1895 b,Kepler-1895,6.070290089,2.11934728,,2021,Transit
HD 154857 c,HD 154857,3452.0,,,2014,Radial Velocity
Kepler-134 c,Kepler-134,10.105785,1.26,,2014,Transit
Kepler-367 b,Kepler-367,37.815724,1.3,,2014,Transit
Kepler-105 c,Kepler-105,7.12592,1.44,5.6,2014,Transit
Kepler-359 b,Kepler-359,25.563222,3.53,,2014,Transit
Kepler-1200 b,Kepler-1200,1.118549717,1.06,,2016,Transit
Kepler-48 c,Kepler-48,9.67395,2.71,14.61,2012,Transit
TOI-169 b,TOI-169,2.2554477,12.172974,251.40353,2020,Transit
TOI-969 c,TOI-969,1700.0,,,2022,Radial Velocity
Kepler-726 b,Kepler-726,21.80451088,3.26,,2016,Transit
Kepler-106 b,Kepler-106,6.16486,0.82,5.3,2014,Transit
Kepler-1471 b,Kepler-1471,3.63899398,1.41,,2016,Transit
Kepler-332 b,Kepler-332,7.626324,1.17,,2014,Transit
Wolf 327 b,Wolf 327,0.5734745,1.24,2.53,2024,Transit
Kepler-1846 b,Kepler-1846,14.82009983,1.76378826,,2021,Transit
HD 113996 b,HD 113996,610.2,,,2017,Radial Velocity
MWC 758 c,MWC 758,,,,2023,Imaging
HD 134060 c,HD 134060,1291.5646,,,2019,Radial Velocity
Kepler-248 b,Kepler-248,6.308205,3.02,,2014,Transit
TOI-3235 b,TOI-3235,2.59261842,11.39953337,211.35589065,2023,Transit
Kepler-1189 b,Kepler-1189,3.78858982,1.77,,2016,Transit
Kepler-1183 b,Kepler-1183,28.5057189,2.82,,2016,Transit
K2-198 b,K2-198,17.0428683,4.189,,2018,Transit
HD 191939 f,HD 191939,2898.0,,,2022,Radial Velocity
Kepler-638 b,Kepler-638,6.07972888,1.83,,2016,Transit
Kepler-176 c,Kepler-176,12.759712,2.6,,2014,Transit
Kepler-479 b,Kepler-479,12.49341307,2.12,,2016,Transit
Kepler-1946 b,Kepler-1946,3.035190105,2.48812698,,2021,Transit
24 Sex c,24 Sex,883.0,,,2010,Radial Velocity
HD 96063 b,HD 96063,362.5,,,2011,Radial Velocity
Kepler-222 b,Kepler-222,3.936981,3.16,,2014,Transit
Kepler-1047 c,Kepler-1047,3.18897601,0.99,,2016,Transit
XO-5 b,XO-5,4.1877558,12.78,378.2,2008,Transit
TOI-4504 b,TOI-4504,2.42614,2.691,,2024,Transit
XO-2 N b,XO-2 N,2.61586178,11.130537,179.89178,2007,Transit
Kepler-610 b,Kepler-610,6.996926554,4.19,,2016,Transit
Kepler-152 b,Kepler-152,18.207973,2.79,,2014,Transit
WASP-181 b,WASP-181,4.5195064,13.271456,95.03117,2019,Transit
Kepler-1033 b,Kepler-1033,7.56052806,2.51,,2016,Transit
OGLE-2018-BLG-1126L b,OGLE-2018-BLG-1126L,,,17.79839079,2022,Microlensing
Kepler-684 b,Kepler-684,6.770302008,3.36,,2016,Transit
Kepler-393 b,Kepler-393,9.182417,1.29,,2014,Transit
KMT-2018-BLG-1976L b,KMT-2018-BLG-1976L,,,705.57906354,2021,Microlensing
WASP-72 b,WASP-72,2.21673,14.45961,731.009,2012,Transit
TOI-654.01,TOI-654,1.5275657,2.37126,,2024,Transit
HATS-65 b,HATS-65,3.105161,16.824709,260.93843,2018,Transit
HD 35759 b,HD 35759,82.467,,,2016,Radial Velocity
K2-131 b,K2-131,0.3693038,1.69,7.9,2017,Transit
Kepler-1272 b,Kepler-1272,51.1309704,2.37,,2016,Transit
Kepler-289 e,Kepler-289,330.0716,,17.4,2025,Transit
HD 39194 c,HD 39194,14.03,,,2021,Radial Velocity
TOI-5720 b,TOI-5720,1.4344555,1.09,4.3,2024,Transit
TOI-1452 b,TOI-1452,11.06201,1.672,4.82,2022,Transit
Kepler-269 b,Kepler-269,5.326718,2.47,,2014,Transit
TOI-1836 b,TOI-1836,20.380799,8.00321222,38.45723725,2024,Transit
NY Vir c,NY Vir,8799.0,,,2019,Eclipse Timing Variations
HATS-58 A b,HATS-58 A,4.2180896,12.273855,327.3649,2019,Transit
Kepler-30 c,Kepler-30,60.323105,12.3,640.0,2012,Transit
HIP 107772 b,HIP 107772,55.199,,,2020,Radial Velocity
K2-3 b,K2-3,10.0546535,2.078,5.11,2015,Transit
Kepler-739 b,Kepler-739,12.53248465,3.32,,2016,Transit
Kepler-33 c,Kepler-33,13.17562,3.2,,2011,Transit
K2-133 b,K2-133,3.07133,1.34,,2017,Transit
OGLE-2018-BLG-1700L b,OGLE-2018-BLG-1700L,,,1400.0,2020,Microlensing
HAT-P-18 b,HAT-P-18,5.508023,11.153,62.61,2010,Transit
K2-341 b,K2-341,36.552551,3.21,,2021,Transit
HD 219134 h,HD 219134,2247.0,,,2015,Radial Velocity
Kepler-1085 c,Kepler-1085,56.7771,3.26817741,,2020,Transit
Kepler-1121 b,Kepler-1121,13.15141081,1.91,,2016,Transit
K2-24 c,K2-24,42.3391,7.5,15.4,2016,Transit
HD 207496 b,HD 207496,6.441008,2.25,6.1,2023,Transit
Kepler-1576 b,Kepler-1576,6.98471973,1.04,,2016,Transit
WASP-45 b,WASP-45,3.126089,10.603714,306.38812,2011,Transit
GJ 581 b,GJ 581,5.3686,,20.5,2005,Radial Velocity
GJ 1061 d,GJ 1061,13.031,,,2020,Radial Velocity
HD 17092 b,HD 17092,359.89999,,,2007,Radial Velocity
TOI-1789 b,TOI-1789,3.208664,16.14093221,222.4798849,2021,Transit
K2-198 d,K2-198,7.4500177,2.438,,2019,Transit
EPIC 249893012 c,EPIC 249893012,15.624,3.67,14.67,2020,Transit
Kepler-33 f,Kepler-33,41.02902,4.46,,2011,Transit
Kepler-778 b,Kepler-778,3.75574426,1.68,,2016,Transit
Kepler-1641 b,Kepler-1641,19.672266,3.11,,2016,Transit
HD 75289 b,HD 75289,3.50927,,,1999,Radial Velocity
Kepler-1266 c,Kepler-1266,4.86631012,1.68023962,,2021,Transit
Kepler-357 c,Kepler-357,16.85837,2.67,,2014,Transit
WASP-94 A b,WASP-94 A,3.95019,17.71022,158.915,2014,Transit
WASP-94 B b,WASP-94 B,2.00839,,,2014,Radial Velocity
Kepler-500 b,Kepler-500,8.508324398,2.58,,2016,Transit
Kepler-910 b,Kepler-910,2.364369015,0.82,,2016,Transit
Kepler-1573 b,Kepler-1573,2.6157554,1.2,,2016,Transit
Kepler-1342 b,Kepler-1342,2.215710358,1.66,,2016,Transit
OGLE-2016-BLG-0613L AB b,OGLE-2016-BLG-0613L AB,,,1330.0,2017,Microlensing
TOI-2525 b,TOI-2525,23.2856,8.67575106,26.69758619,2023,Transit
Kepler-150 d,Kepler-150,12.56093,2.79,,2014,Transit
K2-345 b,K2-345,10.367437,2.11,,2021,Transit
K2-104 b,K2-104,1.9741954,1.79,,2016,Transit
Kepler-14 b,Kepler-14,6.790123,12.733,2669.66,2011,Transit
UZ For c,UZ For,1916.25,,2447.2,2011,Eclipse Timing Variations
HD 184010 d,HD 184010,836.4,,,2022,Radial Velocity
TOI-2193 A b,TOI-2193 A,2.1225735,19.83989584,298.75870258,2022,Transit
HD 154088 b,HD 154088,18.56,,,2021,Radial Velocity
Kepler-1193 b,Kepler-1193,2.832652134,1.32,,2016,Transit
Kepler-6 b,Kepler-6,3.2346996,14.616536,212.31044,2009,Transit
Kepler-1365 c,Kepler-1365,4.77468005,0.8,,2016,Transit
HD 81688 b,HD 81688,183.93,,,2007,Radial Velocity
Kepler-1126 b,Kepler-1126,108.593329,1.73,,2016,Transit
CoRoT-12 b,CoRoT-12,2.828042,16.14,291.438,2010,Transit
GJ 367 b,GJ 367,0.3219225,0.699,0.633,2021,Transit
Kepler-594 b,Kepler-594,13.64618192,2.18,,2016,Transit
Kepler-65 e,Kepler-65,258.8,,260.0,2019,Radial Velocity
HD 104985 b,HD 104985,199.68,,,2003,Radial Velocity
HIP 14810 c,HIP 14810,147.747,,,2006,Radial Velocity
Kepler-371 b,Kepler-371,34.763278,1.89,,2014,Transit
Kepler-438 b,Kepler-438,35.23319,1.12,,2015,Transit
OGLE-2017-BLG-1522L b,OGLE-2017-BLG-1522L,,,240.0,2018,Microlensing
Kepler-214 b,Kepler-214,15.660544,2.61,,2014,Transit
Kepler-340 c,Kepler-340,22.824669,3.37,,2014,Transit
Kepler-41 b,Kepler-41,1.8555582,14.46,177.98,2011,Transit
Kepler-460 c,KIC 5437945,220.1303357,5.52,,2016,Transit
GJ 328 b,GJ 328,3771.0,,,2013,Radial Velocity
PSR B1257+12 d,PSR B1257+12,98.2114,,3.9,1992,Pulsar Timing
TOI-544 c,TOI-544,50.089,,,2023,Radial Velocity
Kepler-1419 b,Kepler-1419,42.5215895,2.86,,2016,Transit
GJ 667 C f,GJ 667 C,39.026,,,2013,Radial Velocity
Kepler-1815 b,Kepler-1815,12.19139957,2.7489262,,2021,Transit
Kepler-351 c,Kepler-351,57.24809,3.19,,2014,Transit
Kepler-656 b,Kepler-656,1.260259094,3.12,,2016,Transit
TOI-216.02,TOI-216,17.16073,8.0,18.75187601,2019,Transit
Kepler-769 c,Kepler-769,15.9870174,1.79,,2016,Transit
DH Tau b,DH Tau,,,3496.0,2004,Imaging
TOI-451 d,TOI-451,16.364988,4.07,,2020,Transit
K2-368 d,K2-368,20.201085,1.948,,2022,Transit
G 192-15 b,G 192-15,2.27476,,,2025,Radial Velocity
WASP-34 b,WASP-34,4.31768,11.209,177.9848,2010,Transit
WASP-93 b,WASP-93,2.7325321,17.900773,467.2101,2016,Transit
Kepler-1874 b,Kepler-1874,56.57320023,2.21110724,,2021,Transit
TOI-2096 b,TOI-2096,3.1190633,1.243,,2023,Transit
CoRoT-28 b,CoRoT-28,5.20851,10.704595,153.82972,2015,Transit
CoRoT-22 b,CoRoT-22,9.75598,4.88,12.2,2014,Transit
Kepler-341 e,Kepler-341,42.473269,1.99,,2014,Transit
Kepler-275 b,Kepler-275,10.300682,2.34,,2014,Transit
Kepler-1693 c,Kepler-1693,5.363709927,0.97698289,,2021,Transit
Kepler-414 c,Kepler-414,7.171,3.01,29.9,2014,Transit Timing Variations
GJ 896 A b,GJ 896 A,284.39,,718.29219982,2022,Astrometry
HD 97658 b,HD 97658,9.4897116,2.12,8.3,2010,Radial Velocity
TOI-1899 b,TOI-1899,29.090312,11.09689089,212.94503269,2020,Transit
Kepler-1379 b,Kepler-1379,0.881841146,1.3,,2016,Transit
Kepler-957 b,Kepler-957,5.907413537,5.5,,2016,Transit
HD 180053 b,HD 180053,213.72,,,2018,Radial Velocity
Kepler-1850 b,Kepler-1850,1.385800004,0.72909663,,2021,Transit
Kepler-939 b,Kepler-939,14.878296,1.75,,2016,Transit
Kepler-223 d,Kepler-223,14.78869,5.24,8.0,2014,Transit
Kepler-1719 b,Kepler-1719,6.149559975,3.95000623,,2021,Transit
TOI-715 b,TOI-715,19.288004,1.55,,2023,Transit
PDS 70 c,PDS 70,,22.86636,635.66,2019,Imaging
Kepler-29 b,Kepler-29,10.33974,2.55,5.0,2011,Transit
Kepler-220 c,Kepler-220,9.034199,1.57,,2014,Transit
TOI-4137 b,TOI-4137,3.8016122,13.57407563,457.67290608,2022,Transit
Kepler-169 f,Kepler-169,87.090195,2.58,,2014,Transit
TOI-1062 c,TOI-1062,7.972,,,2021,Radial Velocity
KOI-1599.01,KOI-1599,20.4415,1.9,4.6,2019,Transit
HD 45364 b,HD 45364,225.79,,,2008,Radial Velocity
HD 95735 c,GJ 411,2946.0,,,2021,Radial Velocity
Kepler-292 d,Kepler-292,7.055679,2.23,,2014,Transit
Kepler-1633 b,Kepler-1633,186.404271,1.58,,2016,Transit
KMT-2018-BLG-1990L b,KMT-2018-BLG-1990L,,,111.0,2019,Microlensing
Kepler-347 c,Kepler-347,27.320871,1.75,,2014,Transit
Kepler-841 b,Kepler-841,124.4198398,5.23,,2016,Transit
OGLE-2017-BLG-1049L b,OGLE-2017-BLG-1049L,,,1760.0,2020,Microlensing
TOI-1288 c,TOI-1288,416.0,,,2022,Radial Velocity
Kepler-251 b,Kepler-251,4.790936,1.33,,2014,Transit
OGLE-2017-BLG-1099L b,OGLE-2017-BLG-1099L,,,959.84178914,2021,Microlensing
Kepler-196 c,Kepler-196,47.427737,2.24,,2014,Transit
Kepler-1228 b,Kepler-1228,0.577369579,1.54,,2016,Transit
Kepler-1859 c,Kepler-1859,3.59645081,1.66,,2023,Transit
GJ 9827 c,GJ 9827,3.648103,1.13,1.86,2017,Transit
Kepler-12 b,Kepler-12,4.4379629,19.660586,137.30256,2011,Transit
Kepler-1268 b,Kepler-1268,40.9903986,2.03,,2016,Transit
Kepler-1542 c,Kepler-1542,2.89223021,0.65,,2016,Transit
Kepler-473 b,Kepler-473,14.55731705,4.08,,2016,Transit
Kepler-273 c,Kepler-273,8.014927,1.98,,2014,Transit
Kepler-130 d,Kepler-130,87.517905,1.64,,2014,Transit
Kepler-130 c,Kepler-130,27.50868,2.9,,2014,Transit
WASP-96 b,WASP-96,3.4252602,13.45,152.55,2014,Transit
CoRoT-4 b,CoRoT-4,9.20205,13.34,228.83,2008,Transit
HD 4203 b,HD 4203,431.88,,,2001,Radial Velocity
TOI-481 b,TOI-481,10.33111,11.09691,486.2799,2020,Transit
Kepler-422 b,Kepler-422,7.8914483,12.89,136.66,2014,Transit
HD 13167 b,HD 13167,2613.0,,,2018,Radial Velocity
HD 20782 b,HD 20782,597.0643,,,2006,Radial Velocity
GJ 3293 d,GJ 3293,48.1345,,,2017,Radial Velocity
HD 94771 b,HD 94771,2164.0,,,2023,Radial Velocity
HAT-P-57 b,HAT-P-57,2.4653,19.50366,448.1403,2015,Transit
Kepler-82 c,Kepler-82,51.54,5.34,13.9,2012,Transit
OGLE-2019-BLG-1492L b,OGLE-2019-BLG-1492L,,,37.1,2022,Microlensing
HD 164922 e,HD 164922,41.763,,,2021,Radial Velocity
K2-219 c,K2-219,6.66767,1.43839723,,2018,Transit
HAT-P-37 b,HAT-P-37,2.797436,13.204,371.528,2011,Transit
Kepler-328 b,Kepler-328,34.921,2.3,28.5,2013,Transit
Kepler-310 b,Kepler-310,13.930698,1.19,,2014,Transit
TOI-1694 c,TOI-1694,393.1,,,2023,Radial Velocity
Kepler-211 c,Kepler-211,6.04045,1.29,,2014,Transit
Kepler-1610 c,Kepler-1610,44.9851885,2.09,,2023,Transit
Kepler-1204 b,Kepler-1204,85.7350285,3.05,,2016,Transit
K2-360 c,EPIC 201595106,9.79692,,,2024,Radial Velocity
EPIC 201238110 b,EPIC 201238110,28.1656,1.87,,2019,Transit
TOI-3976 A b,TOI-3976 A,6.607662,12.27383387,55.61997123,2023,Transit
Kepler-1849 b,Kepler-1849,57.29290009,2.38685349,,2021,Transit
Kepler-92 b,Kepler-92,13.749,3.51,64.3,2013,Transit
TOI-216.01,TOI-216,34.525528,10.1,177.98390792,2019,Transit
HD 191939 e,HD 191939,101.12,,,2022,Radial Velocity
KOI-4777.01,KOI-4777,0.412,0.51,99.2,2022,Transit
HAT-P-20 b,HAT-P-20,2.875317,9.718,2302.899,2010,Transit
GJ 2030 b,GJ 2030,2.38129,,,2022,Radial Velocity
Kepler-65 d,Kepler-65,8.13123,1.52,,2012,Transit
Kepler-214 c,Kepler-214,28.7798,2.13,,2014,Transit
2MASS J21252752-8138278 b,2MASS J21252752-8138278,,,3813.940884,2024,Imaging
TOI-2537 b,TOI-2537,94.1022,11.25381662,415.40172795,2024,Transit
HAT-P-67 b,HAT-P-67,4.8101025,23.370765,108.0622,2017,Transit
Kepler-423 b,Kepler-423,2.6843285,13.361,189.101,2014,Transit
GJ 15 A c,GJ 15 A,7600.0,,,2018,Radial Velocity
HD 110113 b,HD 110113,2.541,2.05,4.55,2021,Transit
Kepler-445 d,Kepler-445,8.15275,1.25,,2015,Transit
Kepler-107 c,Kepler-107,4.901452,1.597,10.0,2014,Transit
Kepler-99 b,Kepler-99,4.60358,1.48,6.15,2014,Transit
K2-155 c,K2-155,13.85,2.6,,2018,Transit
K2-119 b,K2-119,7.727283,2.53,,2017,Transit
TOI-1273 b,TOI-1273,4.631296,11.09689089,70.55790635,2024,Transit
Kepler-258 b,Kepler-258,13.19722,4.06,,2014,Transit
GJ 740 b,GJ 740,2.37756,,,2021,Radial Velocity
Kepler-480 b,Kepler-480,4.919583795,2.78,,2016,Transit
TOI-1518 b,TOI-1518,1.902603,21.01683881,731.0053361,2021,Transit
Kepler-136 b,Kepler-136,11.5789,2.05,,2014,Transit
K2-155 b,K2-155,6.342,1.8,,2018,Transit
K2-187 e,K2-187,13.606629,1.9,,2018,Transit
TOI-849 b,TOI-849,0.765548,3.64,41.8,2020,Transit
Kepler-368 c,Kepler-368,72.379334,3.88,,2014,Transit
Kepler-1290 b,Kepler-1290,4.69500134,1.42,,2016,Transit
WASP-149 b,WASP-149,1.332813,15.24421375,314.96795134,2025,Transit
GJ 9714 b,GJ 9714,19240.75467,,2988.54051102,2022,Radial Velocity
Kepler-826 b,Kepler-826,4.48758907,1.25,,2016,Transit
KIC 8540376 b,KOI-7892,31.8099,4.1,,2015,Transit
Kepler-282 d,Kepler-282,24.806,2.46,61.0,2013,Transit
Kepler-1139 b,Kepler-1139,0.813166719,1.19,,2016,Transit
Kepler-612 b,Kepler-612,3.722156413,2.84,,2016,Transit
Kepler-1090 b,Kepler-1090,198.680179,2.25,,2016,Transit
TIC 393818343 b,TIC 393818343,16.24921,12.18416202,1379.37528638,2024,Transit
TOI-1117 c,TOI-1117,4.579,,,2025,Radial Velocity
TOI-1117 d,TOI-1117,8.665,,,2025,Radial Velocity
TOI-2407 b,TOI-2407,2.702969,4.26,,2025,Transit
Kepler-725 b,Kepler-725,39.64372,10.8,,2016,Transit
Kepler-725 c,Kepler-725,207.541,,9.7,2025,Transit Timing Variations
K2-406 b,K2-406,22.549406,4.602,,2022,Transit
HD 219134 d,HD 219134,46.859,1.61,16.17,2015,Radial Velocity
MOA-2011-BLG-291L b,MOA-2011-BLG-291L,,,18.0,2018,Microlensing
CoRoT-9 b,CoRoT-9,95.272656,11.948794,266.9772,2009,Transit
Kepler-31 c,Kepler-31,42.6318,5.3,1493.7,2011,Transit
TOI-5803 b,TOI-5803,5.38305,3.2732,,2023,Transit
K2-220 b,K2-220,13.683256,2.39,,2018,Transit
Kepler-1952 b,Kepler-1952,27.21080017,1.23923346,,2021,Transit
GJ 1148 c,GJ 1148,532.58,,,2017,Radial Velocity
GJ 504 b,GJ 504,,,1271.3,2013,Imaging
HD 457 b,HD 457,20324.58153,,8445.3364308,2022,Radial Velocity
HD 42813 b,HD 42813,13.6308205,3.41,9.1,2023,Transit
HATS-50 b,HATS-50,3.8297015,12.66617,123.9537,2017,Transit
Kepler-1372 b,Kepler-1372,1.311555568,1.27,,2016,Transit
KMT-2019-BLG-1367L b,KMT-2019-BLG-1367L,,,4.08,2023,Microlensing
HD 55696 b,HD 55696,1827.0,,,2018,Radial Velocity
K2-14 b,K2-14,8.36802,4.81,,2015,Transit
K2-156 b,K2-156,0.813143,1.1,,2018,Transit
K2-271 b,K2-271,8.562421,7.28,,2018,Transit
Kepler-167 c,Kepler-167,7.406106,1.674,,2014,Transit
Kepler-11 f,Kepler-11,46.6888,2.49,2.0,2010,Transit
Kepler-344 b,Kepler-344,21.963945,2.61,,2014,Transit
Kepler-241 b,Kepler-241,12.718092,2.33,,2014,Transit
Kepler-598 c,Kepler-598,86.4945,3.02420941,,2020,Transit
Kepler-731 b,Kepler-731,3.855603551,13.88,,2016,Transit
HD 151450 c,HD 151450,18144.76236,,1636.18063924,2022,Radial Velocity
PH1 b,PH1,138.317,6.18,169.0,2012,Transit
KMT-2017-BLG-1194L b,KMT-2017-BLG-1194L,,,3.54,2023,Microlensing
TOI-837 b,TOI-837,8.3249113,9.16894621,120.45696625,2020,Transit
DP Leo b,DP Leo,10220.0,,,2009,Eclipse Timing Variations
TOI-4860 b,TOI-4860,1.5227591,8.7,86.7,2023,Transit
NGTS-3 A b,NGTS-3 A,1.6753728,16.58932,756.4354,2018,Transit
Kepler-1880 b,Kepler-1880,6.309219837,2.11686218,,2021,Transit
PSR B1257+12 c,PSR B1257+12,66.5419,,4.3,1992,Pulsar Timing
HAT-P-6 b,HAT-P-6,3.85298,16.58932,419.5356,2007,Transit
K2-166 b,K2-166,8.52695,2.19,,2018,Transit
K2-239 c,K2-239,7.775,1.0,,2018,Transit
TOI-5110 b,TOI-5110,30.158577,11.98240037,921.7023803,2024,Transit
Kepler-1303 b,Kepler-1303,7.56127224,1.42,,2016,Transit
EPIC 201615463 c,K2-166,3.80464,1.22,,2019,Transit
Wendelstein-1 b,Wendelstein-1,2.663416,11.5609626,188.15536,2020,Transit
HD 140901 c,HD 140901,14386.0,,572.0911326,2022,Radial Velocity
HD 21693 b,HD 21693,22.6786,,,2019,Radial Velocity
TOI-733 b,TOI-733,4.884765,1.992,5.72,2023,Transit
Kepler-1907 b,Kepler-1907,5.652450085,0.86973029,,2021,Transit
KMT-2017-BLG-0673L b,KMT-2017-BLG-0673L,,,1166.43025369,2022,Microlensing
Kepler-1542 d,Kepler-1542,5.99273738,0.87,,2016,Transit
HIP 90988 b,HIP 90988,455.73816,,,2021,Radial Velocity
Kepler-359 d,Kepler-359,77.095691,4.01,,2014,Transit
LP 714-47 b,LP 714-47,4.052037,4.7,30.8,2020,Transit
Kepler-1305 b,Kepler-1305,13.5630972,1.88,,2016,Transit
HD 145377 b,HD 145377,103.95,,,2008,Radial Velocity
Kepler-148 c,Kepler-148,4.180043,3.6,,2014,Transit
Kepler-770 c,Kepler-770,1.475322314,1.2,,2016,Transit
WASP-26 b,WASP-26,2.7566,13.56289,270.1555,2010,Transit
Kepler-81 c,Kepler-81,12.04,2.37,,2012,Transit
HD 20794 f,HD 20794,647.6,,,2025,Radial Velocity
Kepler-385 b,Kepler-385,10.043686,2.73,,2014,Transit
Kepler-418 c,Kepler-418,12.21829987,5.22108654,,2021,Transit
K2-268 d,K2-268,4.528598,1.49,,2021,Transit
WASP-74 b,WASP-74,2.13775,15.24424,228.8376,2015,Transit
24 Sex b,24 Sex,452.8,,,2010,Radial Velocity
Kepler-1040 b,Kepler-1040,201.1214,2.08,,2016,Transit
HD 25171 b,HD 25171,1802.29,,,2010,Radial Velocity
Kepler-561 b,Kepler-561,58.3620495,6.96,,2016,Transit
V1298 Tau d,V1298 Tau,12.4032,6.41,,2019,Transit
HD 108236 c,HD 108236,6.203449,2.071,,2020,Transit
TOI-1130 c,TOI-1130,8.3501898,13.0,336.0,2020,Transit
Kepler-1408 b,Kepler-1408,2.99793191,0.89,,2016,Transit
OGLE-TR-111 b,OGLE-TR-111,4.0144463,11.421971,,2004,Transit
WASP-184 b,WASP-184,5.1817,14.90797,181.1631,2019,Transit
HD 18143 c,HD 18143,28982.41764,,3177.64841319,2022,Radial Velocity
LHS 1678 d,LHS 1678,4.9652229,0.981,,2024,Transit
HD 42618 b,HD 42618,149.61,,,2016,Radial Velocity
Kepler-265 b,Kepler-265,6.846262,1.86,,2014,Transit
Kepler-203 d,Kepler-203,11.32972,1.44,,2014,Transit
KMT-2018-BLG-0087L b,KMT-2018-BLG-0087L,,,73.10053361,2022,Microlensing
Kepler-781 b,Kepler-781,13.2140732,2.89,,2016,Transit
TOI-700 e,TOI-700,27.80978,0.953,,2023,Transit
HATS-10 b,HATS-10,3.312846,10.861521,167.17858,2015,Transit
Kepler-1195 b,Kepler-1195,8.49642241,2.08,,2016,Transit
AU Mic b,AU Mic,8.46308,3.95677019,,2020,Transit
Kepler-405 b,Kepler-405,10.613839,2.08,,2014,Transit
Kepler-63 b,Kepler-63,9.4341505,6.11,120.0,2013,Transit
OGLE-2014-BLG-0319L b,OGLE-2014-BLG-0319L,,,181.16219199,2022,Microlensing
TOI-2076 e,TOI-2076,3.0223445,1.355,,2025,Transit
Kepler-1441 b,Kepler-1441,39.4419839,1.31,,2016,Transit
EPIC 201833600 c,K2-50,3.96151,1.0,,2019,Transit
XO-3 b,XO-3,3.19154,15.80469,2316.9807,2007,Transit
Kepler-1276 b,Kepler-1276,12.5720095,1.19,,2016,Transit
Kepler-1083 b,Kepler-1083,33.4177993,3.36,,2016,Transit
Kepler-992 b,Kepler-992,20.16034462,1.62,,2016,Transit
MOA-2010-BLG-353L b,MOA-2010-BLG-353L,,,86.0,2015,Microlensing
K2-224 b,K2-224,4.47904,1.56,,2018,Transit
Kepler-364 c,Kepler-364,59.980627,2.15,,2014,Transit
K2-6 b,K2-6,30.94191,2.5,,2015,Transit
HATS-23 b,HATS-23,2.1605156,20.84874,467.2101,2017,Transit
TOI-5238 b,TOI-5238,4.872171,5.22,,2022,Transit
TOI-1410.01,TOI-1410,1.21687,3.10083009,12.5,2024,Transit
HD 110067 g,HD 110067,54.76992,2.607,8.4,2023,Transit
Kepler-1433 b,Kepler-1433,4.13592271,1.56,,2016,Transit
TOI-1759 b,TOI-1759,18.85019,3.14,10.8,2022,Transit
HD 152843 c,HD 152843,24.38,5.83,27.5,2021,Transit
Kepler-62 f,Kepler-62,267.291,1.41,35.0,2013,Transit
Kepler-1247 b,Kepler-1247,13.71220213,2.33,,2016,Transit
HD 97048 b,HD 97048,,,794.575,2019,Disk Kinematics
Kepler-1360 b,Kepler-1360,40.5286413,3.4,,2016,Transit
Kepler-1664 b,Kepler-1664,14.3868,3.03320653,,2020,Transit
Kepler-1487 c,Kepler-1487,35.8007112,7.97,,2023,Transit
HD 208897 b,HD 208897,358.27,,,2017,Radial Velocity
TOI-1279 b,TOI-1279,9.61419,2.66146528,10.6,2024,Transit
TOI-132 b,TOI-132,2.1097019,3.42,22.4,2020,Transit
WASP-127 b,WASP-127,4.17806203,14.694999,52.346601,2016,Transit
Kepler-286 c,Kepler-286,3.468095,1.37,,2014,Transit
Kepler-87 b,Kepler-87,114.73635,13.49,324.2,2013,Transit
DMPP-1 e,DMPP-1,5.516,,,2019,Radial Velocity
TOI-3071 b,TOI-3071,1.266938,7.16,68.2,2024,Transit
Kepler-1316 b,Kepler-1316,87.9732136,3.54,,2016,Transit
K2-171 b,K2-171,5.628466,2.68657205,,2018,Transit
HD 183263 b,HD 183263,624.87404,,,2004,Radial Velocity
Kepler-1964 b,Kepler-1964,2.440829992,1.7810587,,2021,Transit
Kepler-408 b,Kepler-408,2.46502,0.82,5.0,2014,Transit
OGLE-2014-BLG-1722L c,OGLE-2014-BLG-1722L,,,83.7,2018,Microlensing
TOI-431 c,TOI-431,4.8494,,,2021,Radial Velocity
Kepler-314 c,Kepler-314,5.960392,2.9,,2014,Transit
Kepler-318 b,Kepler-318,4.662715,4.71,,2014,Transit
Kepler-314 b,Kepler-314,2.461069,0.83,,2014,Transit
Kepler-40 b,Kepler-40,6.87349,13.11,699.2,2010,Transit
HAT-P-2 b,HAT-P-2,5.6335158,,,2007,Transit
GJ 357 c,GJ 357,9.1247,,,2019,Radial Velocity
KIC 3526061 b,KIC 3526061,3552.0,,,2022,Radial Velocity
Kepler-300 c,Kepler-300,40.714955,2.25,,2014,Transit
Kepler-779 b,Kepler-779,7.09714223,0.92,,2016,Transit
GJ 687 c,GJ 687,727.562,,,2020,Radial Velocity
Kepler-413 b,Kepler-413,66.262,4.347,67.0,2014,Transit
Kepler-213 b,Kepler-213,2.46236,1.62,,2014,Transit
K2-122 b,K2-122,2.2193023,1.16,,2017,Transit
TOI-178 b,TOI-178,1.914558,1.152,1.5,2021,Transit
TOI-178 c,TOI-178,3.23845,1.669,4.77,2021,Transit
TOI-178 e,TOI-178,9.961881,2.207,3.86,2021,Transit
TOI-178 f,TOI-178,15.231915,2.287,7.72,2021,Transit
TOI-178 g,TOI-178,20.7095,2.87,3.94,2021,Transit
TOI-2207 b,TOI-2207,8.001968,11.1529358,203.41018048,2022,Transit
TOI-244 b,TOI-244,7.397225,1.52,2.68,2023,Transit
TOI-913 b,TOI-913,11.098644,2.4528,,2023,Transit
LTT 1445 A b,LTT 1445 A,5.35876,1.18,,2019,Transit
GJ 357 b,GJ 357,3.9306,1.2,,2019,Transit
HATS-36 b,HATS-36,4.175186,12.92,,2018,Transit
Kepler-1128 b,Kepler-1128,61.6178167,3.65,,2016,Transit
EPIC 212624936 c,EPIC 212624936,11.811437,2.3,,2021,Transit
Kepler-969 c,Kepler-969,1.682934604,0.99,,2016,Transit
Kepler-431 b,Kepler-431,6.803,0.764,,2015,Transit
Kepler-1017 b,Kepler-1017,7.23400469,1.99,,2016,Transit
K2-350 c,K2-350,19.991944,2.74,,2016,Transit
HD 60532 b,HD 60532,201.9,,,2008,Radial Velocity
LHS 1140 b,LHS 1140,24.73723,1.73,5.6,2017,Transit
LHS 1140 c,LHS 1140,3.77794,1.272,1.91,2018,Transit
TOI-2969 b,TOI-2969,1.8237146,12.32987877,368.68095212,2025,Transit
TOI-2989 b,TOI-2989,3.122832,12.55405838,953.485221,2025,Transit
TOI-5300 b,TOI-5300,2.262196,9.86390302,190.6970442,2025,Transit
MASCARA-4 b,MASCARA-4,2.8240932,16.98160576,532.36258173,2020,Transit
TOI-1468 b,TOI-1468,1.8805201,1.401,3.04,2022,Transit
TOI-1468 c,TOI-1468,15.532477,2.126,4.1,2022,Transit
Kepler-10 b,Kepler-10,0.8374907,1.47,3.24,2011,Transit
Kepler-10 c,Kepler-10,45.294301,2.355,11.29,2011,Transit
Kepler-10 d,Kepler-10,151.06,,,2023,Radial Velocity
Kepler-701 b,Kepler-701,10.35533177,2.84,,2016,Transit
NGTS-26 b,NGTS-26,4.5199279,14.88552637,92.80589484,2024,Transit
Kepler-511 c,Kepler-511,26.62949944,4.20964327,,2021,Transit
K2-62 c,K2-62,16.1966,2.14,,2016,Transit
TOI-470 b,TOI-470,12.19148,4.34,,2023,Transit
Kepler-1115 b,Kepler-1115,23.5540725,1.7,,2016,Transit
TOI-4600 b,TOI-4600,82.6869,6.8,959.84178914,2023,Transit
LP 791-18 d,LP 791-18,2.753436,1.032,0.9,2023,Transit
TOI-5319 b,TOI-5319,4.07853,2.83,,2024,Transit
Kepler-1386 b,Kepler-1386,6.73972381,1.24,,2016,Transit
K2-250 b,K2-250,4.01392,2.71257333,,2018,Transit
K2-229 b,K2-229,0.584216,1.0,,2018,Transit
SPECULOOS-3 b,SPECULOOS-3,0.71912603,0.977,,2024,Transit
HD 211403 b,HD 211403,223.8,,,2021,Radial Velocity
K2-39 b,K2-39,4.60543,6.27704,28.6047,2016,Transit
HD 156668 c,HD 156668,811.3,,,2021,Radial Velocity
HATS-15 b,HATS-15,1.74748753,12.385945,689.6911,2016,Transit
Kepler-1213 b,Kepler-1213,5.34982412,1.19,,2016,Transit
HD 64121 b,HD 64121,623.0,,,2022,Radial Velocity
Kepler-1016 c,Kepler-1016,105.6551369,3.68,,2016,Transit
CoRoT-5 b,CoRoT-5,4.0378962,15.558,148.42,2009,Transit
Kepler-1941 b,Kepler-1941,31.33510017,2.64976949,,2021,Transit
KMT-2021-BLG-2609L b,KMT-2021-BLG-2609L,,,10.17050902,2024,Microlensing
HAT-P-29 b,HAT-P-29,5.72319,13.11453,279.6904,2011,Transit
HD 1605 b,HD 1605,577.2,,,2015,Radial Velocity
Kepler-962 b,Kepler-962,12.05707239,1.97,,2016,Transit
K2-270 b,K2-270,1.543069,1.38,,2018,Transit
MOA-2009-BLG-319L b,MOA-2009-BLG-319L,,,67.3,2010,Microlensing
K2-260 b,K2-260,2.62669762,18.41635529,546.66486004,2018,Transit
Kepler-1542 e,Kepler-1542,5.10115756,0.76,,2016,Transit
Kepler-792 b,Kepler-792,11.30119217,1.96,,2016,Transit
K2-126 b,K2-126,7.385655,1.97,,2017,Transit
WASP-85 A b,WASP-85 A,2.6556777,13.89916,402.05495,2016,Transit
GJ 3222 b,GJ 3222,10.66669,,,2022,Radial Velocity
Kepler-305 c,Kepler-305,8.291,3.3,6.0,2013,Transit
HD 136418 b,HD 136418,464.29999,,,2009,Radial Velocity
Kepler-1381 b,Kepler-1381,25.3842686,2.25,,2016,Transit
WASP-25 b,WASP-25,3.76483,11.99363,139.8452,2010,Transit
Kepler-1821 b,Kepler-1821,16.45809937,2.59248115,,2021,Transit
Kepler-1107 b,Kepler-1107,0.571038518,1.34,,2016,Transit
Kepler-985 b,Kepler-985,116.331901,2.98,,2016,Transit
Proxima Cen b,Proxima Cen,11.1868,,,2016,Radial Velocity
Kepler-829 b,Kepler-829,6.88337562,2.11,,2016,Transit
TOI-3894 b,TOI-3894,4.33454,15.27784069,260.61929374,2024,Transit
NN Ser d,NN Ser,2883.5,,731.0,2010,Eclipse Timing Variations
Kepler-345 c,Kepler-345,9.387427,1.2,,2014,Transit
KMT-2017-BLG-2509L b,KMT-2017-BLG-2509L,,,664.26137063,2021,Microlensing
Kepler-1038 b,Kepler-1038,148.4603382,3.53,,2016,Transit
TOI-1782.02,TOI-1782,1.829024227,1.839,,2024,Transit
K2-367 b,K2-367,20.645099,2.413,,2022,Transit
Kepler-411 d,Kepler-411,58.02035,3.319,15.2,2018,Transit
HD 28109 c,HD 28109,56.00819,4.23,7.943,2022,Transit
Kepler-329 c,Kepler-329,18.684737,1.93,,2014,Transit
Kepler-724 b,Kepler-724,3.314946338,3.29,,2016,Transit
Kepler-1699 b,Kepler-1699,3.49082,1.56671124,,2020,Transit
Kepler-710 b,Kepler-710,4.347285527,1.88,,2016,Transit
K2-224 c,K2-224,10.09489,2.41,,2018,Transit
Kepler-1371 b,Kepler-1371,3.4462039,0.73,,2016,Transit
Kepler-47 d,Kepler-47,187.366,7.04,19.02,2019,Transit
Kepler-132 e,Kepler-132,110.2869374,1.18,,2016,Transit
Kepler-1693 b,Kepler-1693,12.0999,1.28938413,,2020,Transit
Kepler-655 b,Kepler-655,46.4063358,2.71,,2016,Transit
TOI-2411 b,TOI-2411,0.7826942,1.68,,2022,Transit
Kepler-855 b,Kepler-855,7.886631104,8.35,,2016,Transit
K2-409 b,K2-409,1.908084,2.482,,2022,Transit
Kepler-9 b,Kepler-9,19.23891,8.29,43.4,2010,Transit
WASP-48 b,WASP-48,2.14363,16.8135,254.264,2011,Transit
Kepler-169 b,Kepler-169,3.250619,1.13,,2014,Transit
WASP-12 b,WASP-12,1.091418901,22.02564708,,2008,Transit
Kepler-1488 c,Kepler-1488,6.158269882,1.65156749,,2021,Transit
Kepler-1705 b,Kepler-1705,9.03502,2.03,4.47,2021,Transit
BD-11 4672 b,BD-11 4672,1634.0,,,2014,Radial Velocity
Kepler-132 d,Kepler-132,18.010199,1.55,,2014,Transit
G 196-3 b,G 196-3,,,8263.538582,2024,Imaging
Kepler-1690 b,Kepler-1690,234.636,2.81109223,,2020,Transit
Kepler-1994 b,Kepler-1994,4.61225043,0.51,,2023,Transit
Kepler-264 c,Kepler-264,140.101261,2.83,,2014,Transit
Kepler-1665 b,Kepler-1665,11.9548,2.83910787,,2020,Transit
HATS-69 b,HATS-69,2.2252577,10.592505,183.38791,2018,Transit
K2-84 b,K2-84,6.4215,2.41,,2016,Transit
Kepler-274 c,Kepler-274,33.197861,1.84,,2014,Transit
WASP-21 b,WASP-21,4.322482,11.99,95.345,2010,Transit
Kepler-522 b,Kepler-522,38.58422849,6.91,,2016,Transit
TOI-1295 b,TOI-1295,3.1968838,15.69257298,451.31633794,2024,Transit
Kepler-1929 b,Kepler-1929,59.36249924,3.07250761,,2021,Transit
KMT-2016-BLG-1107L b,KMT-2016-BLG-1107L,,,1043.0,2019,Microlensing
Kepler-207 c,Kepler-207,3.071571,1.5,,2014,Transit
Kepler-120 b,Kepler-120,6.312501,2.15,,2014,Transit
EPIC 212624936 b,EPIC 212624936,0.578657,1.2,,2021,Transit
Kepler-1509 b,Kepler-1509,25.4338197,1.85,,2016,Transit
Teegarden's Star d,Teegarden's Star,26.13,,,2024,Radial Velocity
Kepler-1972 b,Kepler-1972,7.54425,0.802,2.02,2022,Transit
TOI-771 b,TOI-771,2.3260155,1.36,2.47,2024,Transit
K2-95 b,K2-95,10.1346454,3.31,,2016,Transit
Kepler-865 c,Kepler-865,6.20920207,0.89,,2023,Transit
K2-59 b,K2-59,20.6921,2.41,,2016,Transit
Kepler-633 b,Kepler-633,8.50340718,1.63,,2016,Transit
WASP-154 b,WASP-154,3.811678,10.76062147,198.96058278,2025,Transit
gam Lib b,gam Lib,414.88,,,2018,Radial Velocity
HD 114783 c,HD 114783,4352.0,,603.8739733,2018,Radial Velocity
HD 170469 b,HD 170469,1145.0,,,2007,Radial Velocity
K2-173 b,K2-173,5.868699,1.60826194,,2018,Transit
Kepler-950 b,Kepler-950,98.7180406,8.98,,2016,Transit
Kepler-1081 b,Kepler-1081,3.856918547,1.01,,2016,Transit
Kepler-1001 c,Kepler-1001,9.18186,1.57799279,,2020,Transit
Kepler-171 c,Kepler-171,11.463462,2.56,,2014,Transit
HD 126614 b,HD 126614,1257.25303,,107.74382997,2009,Radial Velocity
ome Ser b,ome Ser,278.59,,,2013,Radial Velocity
Kepler-290 d,Kepler-290,0.764017553,0.86,,2023,Transit
Kepler-30 b,Kepler-30,29.33434,3.9,11.3,2012,Transit
TOI-813 b,TOI-813,83.8911,6.71,,2020,Transit
K2-175 b,K2-175,9.525988,2.03803688,,2018,Transit
TOI-1136 e,TOI-1136,18.801,,6.07,2022,Transit
Kepler-1125 b,Kepler-1125,17.6700642,1.84,,2016,Transit
Kepler-1766 b,Kepler-1766,105.0149994,2.27904508,,2021,Transit
Teegarden's Star b,Teegarden's Star,4.90634,,,2019,Radial Velocity
LHS 3844 b,LHS 3844,0.46292913,1.303,,2019,Transit
Kepler-1145 b,Kepler-1145,3.97076766,1.4,,2016,Transit
K2-32 b,K2-32,8.992,5.299,15.0,2016,Transit
Kepler-1315 b,Kepler-1315,0.84338011,1.38,,2016,Transit
HD 8535 b,HD 8535,1313.0,,,2010,Radial Velocity
Kepler-330 c,Kepler-330,15.955387,1.95,,2014,Transit
Kepler-1725 b,Kepler-1725,16.71990013,2.8125177,,2021,Transit
K2-45 b,K2-45,1.7292684,6.71,,2016,Transit
GJ 667 C b,GJ 667 C,7.203,,,2012,Radial Velocity
Kepler-1236 b,Kepler-1236,31.0571618,2.14,,2016,Transit
TOI-1807 b,TOI-1807,0.54937097,1.49681583,2.44,2021,Transit
OGLE-2018-BLG-0532L b,OGLE-2018-BLG-0532L,,,6.228,2020,Microlensing
Kepler-21 b,Kepler-21,2.7858212,1.639,7.5,2012,Transit
HD 179949 b,HD 179949,3.092514,,,2000,Radial Velocity
Kepler-558 b,Kepler-558,29.00790538,2.37,,2016,Transit
TOI-5005 b,TOI-5005,6.3085044,6.25,32.7,2024,Transit
HD 20781 d,HD 20781,29.158,,,2019,Radial Velocity
Kepler-79 e,Kepler-79,81.0659,3.49,4.1,2014,Transit
K2-133 d,K2-133,11.02454,2.003,,2017,Transit
Kepler-51 c,Kepler-51,85.312,9.0,4.0,2012,Transit
Kepler-1963 b,Kepler-1963,1.962260008,0.74437023,,2021,Transit
Kepler-49 e,Kepler-49,18.596108,1.56,,2014,Transit
Kepler-947 b,Kepler-947,26.9644317,2.28,,2016,Transit
Kepler-1417 b,Kepler-1417,20.3505213,1.0,,2016,Transit
HD 129445 b,HD 129445,1840.0,,,2009,Radial Velocity
KMT-2016-BLG-2321L b,KMT-2016-BLG-2321L,,,301.93698665,2024,Microlensing
K2-32 c,K2-32,20.66093,3.134,8.1,2016,Transit
HD 204313 e,HD 204313,7325.64666,,4868.17771002,2022,Radial Velocity
EPIC 201497682 b,EPIC 201497682,2.13174,0.692,,2019,Transit
Kepler-102 f,Kepler-102,27.453592,0.861,4.3,2014,Transit
Kepler-380 b,Kepler-380,3.930821,1.19,,2014,Transit
Kepler-758 b,Kepler-758,12.1097104,2.48,,2016,Transit
K2-219 d,K2-219,11.137278,2.57634456,,2018,Transit
Kepler-286 d,Kepler-286,5.914323,1.33,,2014,Transit
HD 216437 b,HD 216437,1359.0,,1334.8793094,2002,Radial Velocity
Kepler-127 b,Kepler-127,14.435889,1.4,,2014,Transit
OGLE-2017-BLG-1375L b,OGLE-2017-BLG-1375L,,,3585.0,2020,Microlensing
HD 25015 b,HD 25015,6134.427,,2884.92845034,2019,Radial Velocity
HD 180314 b,HD 180314,394.73,,,2010,Radial Velocity
WASP-47 e,WASP-47,0.78961,1.83,9.0,2015,Transit
Kepler-1541 b,Kepler-1541,8.40691199,1.16,,2016,Transit
Kepler-228 d,Kepler-228,11.094286,4.04,,2014,Transit
NGTS-15 b,NGTS-15,3.27623,12.32987877,238.68913366,2021,Transit
Kepler-221 d,Kepler-221,10.04156,2.73,,2014,Transit
Kepler-750 c,Kepler-750,4.08899022,1.62,,2016,Transit
Kepler-1684 b,Kepler-1684,47.7055,2.87084792,,2020,Transit
Kepler-1917 b,Kepler-1917,12.90240002,1.88971288,,2021,Transit
GJ 3998 c,GJ 3998,13.727,,,2016,Radial Velocity
HD 20794 d,HD 20794,89.68,,,2011,Radial Velocity
Kepler-124 d,Kepler-124,30.950851,1.11,,2014,Transit
CoRoT-19 b,CoRoT-19,3.89713,14.46,352.78,2011,Transit
Kepler-1068 b,Kepler-1068,16.92344113,3.63,,2016,Transit
Kepler-1697 b,Kepler-1697,33.4969,1.25954761,,2020,Transit
Kepler-1410 b,Kepler-1410,60.866168,1.78,,2016,Transit
K2-397 b,K2-397,3.572326,2.417,,2022,Transit
Kepler-1354 b,Kepler-1354,76.613377,2.97,,2016,Transit
KELT-17 b,KELT-17,3.0801716,17.093725,416.3573,2016,Transit
Kepler-485 b,Kepler-485,3.243259796,14.41,,2016,Transit
Kepler-681 b,Kepler-681,26.39435646,3.08,,2016,Transit
Kepler-632 b,Kepler-632,30.99660733,2.21,,2016,Transit
Kepler-218 b,Kepler-218,3.619337,1.48,,2014,Transit
Kepler-1777 b,Kepler-1777,12.18420029,2.13189678,,2021,Transit
TOI-1260 b,TOI-1260,3.127463,2.41,8.56,2021,Transit
Kepler-1578 b,Kepler-1578,1.450886907,1.04,,2016,Transit
Kepler-151 c,Kepler-151,24.674612,2.09,,2014,Transit
Kepler-565 b,Kepler-565,4.243747226,3.64,,2016,Transit
Kepler-216 b,Kepler-216,7.693641,2.35,,2014,Transit
Kepler-647 c,Kepler-647,29.6663,4.00135002,,2020,Transit
Kepler-19 d,Kepler-19,62.95,,22.5,2017,Radial Velocity
Kepler-703 b,Kepler-703,4.583521756,8.2,,2016,Transit
HAT-P-7 b,HAT-P-7,2.20474,16.92559,584.8072,2008,Transit
Kepler-66 b,Kepler-66,17.815815,2.8,,2013,Transit
OGLE-2012-BLG-0724L b,OGLE-2012-BLG-0724L,,,150.0,2016,Microlensing
75 Cet b,75 Cet,696.62,,,2012,Radial Velocity
Kepler-542 b,Kepler-542,13.14497566,1.57,,2016,Transit
KMT-2017-BLG-1003L b,KMT-2017-BLG-1003L,,,5.19,2023,Microlensing
KMT-2023-BLG-1431L b,KMT-2023-BLG-1431L,,,13.6,2024,Microlensing
Kepler-900 b,Kepler-900,6.9913086,2.08,,2016,Transit
Kepler-1322 c,Kepler-1322,6.459980011,2.15492527,,2021,Transit
HD 16141 b,HD 16141,75.523,,,2000,Radial Velocity
HD 15906 b,HD 15906,10.924709,2.24,,2023,Transit
K2-107 b,K2-107,3.313959,15.98,,2017,Transit
Kepler-935 b,Kepler-935,4.88083852,1.35,,2016,Transit
Kepler-1413 b,Kepler-1413,13.1829642,1.82,,2016,Transit
Kepler-290 c,Kepler-290,36.77031,2.7,,2014,Transit
Kepler-1779 b,Kepler-1779,16.34359932,3.03295685,,2021,Transit
Kepler-1210 b,Kepler-1210,8.07124073,1.7,,2016,Transit
Kepler-1304 b,Kepler-1304,16.1288853,2.29,,2016,Transit
Kepler-1667 b,Kepler-1667,83.5781,2.98385261,,2020,Transit
Kepler-122 c,Kepler-122,12.465988,5.87,,2014,Transit
GJ 251 b,GJ 251,14.238,,,2020,Radial Velocity
Kepler-157 d,Kepler-157,7.02573474,1.46,,2016,Transit
BD+45 564 b,BD+45 564,307.88,,,2021,Radial Velocity
Qatar-5 b,Qatar-5,2.8792319,12.408363,1373.0256,2017,Transit
EPIC 206317286 c,EPIC 206317286,17.515472,2.094,,2022,Transit
GJ 4276 b,GJ 4276,13.352,,,2019,Radial Velocity
Kepler-925 b,Kepler-925,33.8678531,2.34,,2016,Transit
Kepler-835 b,Kepler-835,11.41909375,2.79,,2016,Transit
K2-180 b,K2-180,8.865663,2.46597575,11.41003981,2018,Transit
YSES 2 b,YSES 2,,,2002.3189641,2021,Imaging
Kepler-894 b,Kepler-894,9.803224,2.78,,2016,Transit
8 UMi b,8 UMi,93.4,,,2015,Radial Velocity
Kepler-417 b,Kepler-417,12.331,2.31,11.0,2014,Transit Timing Variations
K2-35 b,K2-35,2.399964,1.32,,2016,Transit
TOI-5713 b,TOI-5713,10.441989,1.77,,2024,Transit
OGLE-2012-BLG-0563L b,OGLE-2012-BLG-0563L,,,120.0,2015,Microlensing
K2-118 b,K2-118,50.92092,2.54,,2017,Transit
Kepler-881 b,Kepler-881,4.44448017,1.78,,2016,Transit
HD 33283 b,HD 33283,18.1991,,,2006,Radial Velocity
Kepler-454 c,Kepler-454,524.19,,,2015,Radial Velocity
TOI-431 b,TOI-431,0.490047,1.28,3.07,2021,Transit
GJ 849 c,GJ 849,5990.0,,,2014,Radial Velocity
WASP-59 b,WASP-59,7.919585,8.687,274.276,2012,Transit
HD 216435 b,HD 216435,1311.0,,,2002,Radial Velocity
Kepler-136 c,Kepler-136,16.399235,1.99,,2014,Transit
Kepler-505 b,Kepler-505,27.52197994,2.6,,2016,Transit
Kepler-114 c,Kepler-114,8.041,1.6,2.8,2013,Transit
Kepler-286 e,Kepler-286,29.221289,1.77,,2014,Transit
TOI-6383 A b,TOI-6383 A,1.79058695,11.29,331.0,2024,Transit
Kepler-1710 b,Kepler-1710,14.91110039,3.19744103,,2021,Transit
Kepler-415 c,Kepler-415,8.708,,,2014,Transit Timing Variations
HIP 35965 b,HIP 35965,26125.56497,,2589.98368864,2022,Radial Velocity
K2-43 b,K2-43,3.471149,4.51,,2016,Transit
Kepler-466 b,Kepler-466,51.07926307,2.85,,2016,Transit
Kepler-62 b,Kepler-62,5.714932,1.31,9.0,2013,Transit
TOI-4600 c,TOI-4600,482.8191,9.42,2946.26933289,2023,Transit
COCONUTS-2 b,COCONUTS-2 A,,12.44196858,2542.627256,2021,Imaging
K2-382 b,K2-382,21.700156,2.072,,2022,Transit
Kepler-582 b,Kepler-582,18.49235668,3.68,,2016,Transit
Kepler-466 c,Kepler-466,3.709213846,1.25,,2016,Transit
K2-258 b,K2-258,19.0921,3.0,,2018,Transit
HD 93351 b,HD 93351,2.45946,,,2022,Radial Velocity
K2-98 b,K2-98,10.1367349,5.06645928,34.00763955,2016,Transit
HD 224538 b,HD 224538,1202.05199,,2075.73732612,2016,Radial Velocity
K2-290 c,K2-290,48.36685,11.276254,246.00042,2019,Transit
K2-358 b,K2-358,11.2510285,2.68,,2021,Transit
Kepler-405 c,Kepler-405,29.726682,4.66,,2014,Transit
HATS-60 b,HATS-60,3.560829,12.923977,210.40346,2018,Transit
Kepler-295 b,Kepler-295,12.645164,1.22,,2014,Transit
K2-233 c,K2-233,7.06005,1.281,12.81,2018,Transit
Kepler-266 b,Kepler-266,6.61833,2.48,,2014,Transit
Kepler-279 e,Kepler-279,98.3531,,56.0,2025,Transit
Kepler-295 d,Kepler-295,33.884054,1.36,,2014,Transit
HD 106315 b,HD 106315,9.55237,2.44,12.6,2017,Transit
OGLE-2007-BLG-349L AB c,OGLE-2007-BLG-349L A,2557.0,,80.0,2016,Microlensing
Kepler-899 b,Kepler-899,19.17891293,2.68,,2016,Transit
K2-326 b,K2-326,1.256,2.28,,2020,Transit
Kepler-1119 b,Kepler-1119,8.3265153,1.92,,2016,Transit
HATS-76 b,HATS-76,1.9416423,12.09449018,835.570882,2021,Transit
Kepler-1231 b,Kepler-1231,10.41725184,1.42,,2016,Transit
OGLE-2018-BLG-0740L b,OGLE-2018-BLG-0740L,5480.0,,1500.0,2019,Microlensing
Kepler-1600 b,Kepler-1600,386.370548,3.13,,2016,Transit
KMT-2021-BLG-0119L b,KMT-2021-BLG-0119L,,,1754.41280664,2022,Microlensing
Kepler-316 b,Kepler-316,2.240508,1.06,,2014,Transit
HD 7449 b,HD 7449,1270.55195,,2597.92939882,2011,Radial Velocity
Kepler-55 b,Kepler-55,27.9481449,2.43,,2012,Transit
WASP-55 b,WASP-55,4.46563,14.90797,193.8763,2012,Transit
K2-268 f,K2-268,26.27057,2.23,,2021,Transit
K2-114 b,K2-114,11.390931,10.59248676,638.83509807,2017,Transit
Kepler-416 c,Kepler-416,12.209,,,2014,Transit Timing Variations
Kepler-650 b,Kepler-650,3.032145588,2.96,,2016,Transit
HD 192263 b,HD 192263,24.3556,,,1999,Radial Velocity
HD 6434 b,HD 6434,21.998,,,2003,Radial Velocity
WASP-33 b,WASP-33,1.21987,17.855937,665.21819,2010,Transit
Kepler-1792 b,Kepler-1792,4.1957798,2.51990972,,2021,Transit
K2-79 b,K2-79,10.9947,4.09,9.2,2016,Transit
HD 155193 b,HD 155193,352.65,,,2021,Radial Velocity
Kepler-291 c,Kepler-291,5.700786,1.88,,2014,Transit
TOI-2136 b,TOI-2136,7.851928,2.19,6.37,2022,Transit
K2-30 b,K2-30,4.098503,11.646151,184.02357,2016,Transit
K2-316 b,K2-316,1.133,1.33,,2020,Transit
Kepler-354 c,Kepler-354,16.934402,1.31,,2014,Transit
CoRoT-7 d,CoRoT-7,8.966,,17.142,2022,Radial Velocity
Kepler-937 b,Kepler-937,67.668827,3.72,,2016,Transit
TOI-2152 A b,TOI-2152,3.3773512,14.35870428,899.45439181,2023,Transit
HD 29021 b,HD 29021,1362.3,,,2017,Radial Velocity
K2-185 c,K2-185,52.713494,2.39,,2018,Transit
TOI-1235 b,TOI-1235,3.444714,1.69,6.69,2020,Transit
Kepler-1613 b,Kepler-1613,1.5184299,2.08,,2016,Transit
PZ Tel b,PZ Tel,44000.0,,8581.366989,2023,Imaging
Kepler-58 c,Kepler-58,15.5741568,2.86,53.0,2012,Transit
Kepler-225 c,Kepler-225,18.794234,1.84,,2014,Transit
HD 168443 b,HD 168443,58.11187,,,1998,Radial Velocity
Kepler-1868 b,Kepler-1868,211.0339966,3.14950109,,2021,Transit
HIP 81208 C b,HIP 81208 C,104100.0,,4703.8604236,2023,Imaging
K2-157 b,K2-157,0.3652575,0.935,1.14,2018,Transit
Kepler-154 d,Kepler-154,20.54981883,3.84,,2016,Transit
OGLE-2017-BLG-0604L b,OGLE-2017-BLG-0604L,,,160.0,2020,Microlensing
Kepler-843 b,Kepler-843,2.053879821,2.59,,2016,Transit
Kepler-1817 b,Kepler-1817,44.29919815,2.27349126,,2021,Transit
Kepler-159 c,Kepler-159,43.595792,3.41,,2014,Transit
Kepler-1155 b,Kepler-1155,33.469743,2.03,,2016,Transit
HIP 114933 b,HIP 114933,1481.6,,,2021,Radial Velocity
Kepler-296 b,Kepler-296,10.864384,1.61,,2014,Transit
Kepler-1539 b,Kepler-1539,133.3036741,2.7,,2016,Transit
Kepler-222 d,Kepler-222,28.081912,3.69,,2014,Transit
Kepler-102 d,Kepler-102,10.311767,1.154,3.0,2014,Transit
WASP-155 b,WASP-155,3.110413,13.45077684,276.8285425,2025,Transit
TOI-1630.01,TOI-1630,12.055734733,2.417,,2024,Transit
Kepler-1616 b,Kepler-1616,6.76284377,1.02,,2016,Transit
HATS-25 b,HATS-25,4.2986432,14.12334,194.82979,2016,Transit
Kepler-1234 b,Kepler-1234,11.94014029,2.81,,2016,Transit
K2-194 b,K2-194,39.721386,3.64229858,,2018,Transit
EPIC 206042996 b,EPIC 206042996,5.2986,1.7,,2019,Transit
Kepler-1544 b,Kepler-1544,168.811174,1.78,,2016,Transit
Kepler-338 d,Kepler-338,44.431014,3.0,,2014,Transit
Kepler-1820 b,Kepler-1820,31.03249931,3.11883067,,2021,Transit
HD 10697 b,HD 10697,1075.3799,,1825.2885414,1999,Radial Velocity
Kepler-139 b,Kepler-139,15.771044,2.94,,2014,Transit
HAT-P-9 b,HAT-P-9,3.92281072,15.614137,238.05467,2008,Transit
OGLE-2017-BLG-0448L b,OGLE-2017-BLG-0448L,,,15.6,2024,Microlensing
TOI-500 b,TOI-500,0.548177,1.166,1.42,2022,Transit
TOI-2529 b,TOI-2529,64.5949,11.54525012,743.71847238,2024,Transit
Kepler-294 c,Kepler-294,6.6264,2.71,,2014,Transit
Kepler-1935 b,Kepler-1935,3.951400042,2.50271696,,2021,Transit
17 Sco b,17 Sco,578.38,,,2020,Radial Velocity
GJ 160.2 b,GJ 160.2,5.2354,,,2014,Radial Velocity
SWEEPS-11 b,SWEEPS-11,1.796,12.666,3082.82,2006,Transit
Kepler-969 b,Kepler-969,34.1731714,2.07,,2016,Transit
EPIC 249893012 d,EPIC 249893012,35.747,3.94,10.18,2020,Transit
HD 2039 b,HD 2039,1120.0,,,2002,Radial Velocity
TOI-2589 b,TOI-2589,61.6277,12.10569916,1112.3994245,2023,Transit
Kepler-244 d,Kepler-244,20.050401,2.31,,2014,Transit
K2-53 b,K2-53,12.20772,2.6,,2016,Transit
Kepler-1086 b,Kepler-1086,18.78425728,2.44,,2016,Transit
Kepler-1555 b,Kepler-1555,8.10501635,1.61,,2016,Transit
Kepler-1473 b,Kepler-1473,14.4273551,1.19,,2016,Transit
Kepler-1589 b,Kepler-1589,0.991665274,1.09,,2016,Transit
Kepler-272 c,Kepler-272,6.057342,1.79,,2014,Transit
TOI-6130 b,TOI-6130,2.392679,14.3474953,333.71982735,2024,Transit
KMT-2016-BLG-2605L b,KMT-2016-BLG-2605L,,,245.0457018,2021,Microlensing
Kepler-1565 b,Kepler-1565,1.538188437,1.19,,2016,Transit
Kepler-1494 b,Kepler-1494,91.080482,3.07,,2016,Transit
GJ 876 c,GJ 876,30.0881,,226.9846,2000,Radial Velocity
Kepler-1655 b,Kepler-1655,11.8728787,2.213,5.4,2018,Transit
Kepler-221 e,Kepler-221,18.369917,2.63,,2014,Transit
Kepler-555 b,Kepler-555,16.21775407,2.83,,2016,Transit
Kepler-1676 b,Kepler-1676,29.9221,3.3769596,,2020,Transit
Kepler-640 b,Kepler-640,22.24813967,2.56,,2016,Transit
Kepler-1111 b,Kepler-1111,8.79617863,2.0,,2016,Transit
Kepler-147 b,Kepler-147,12.610584,1.53,,2014,Transit
NGTS-12 b,NGTS-12,7.532806,11.747032,66.10864,2020,Transit
K2-295 b,K2-295,4.024867,10.054473,106.47305,2018,Transit
HD 81817 c,HD 81817,622.97802,,,2022,Radial Velocity
TOI-206 b,TOI-206,0.7363104,1.3,,2022,Transit
Kepler-325 d,Kepler-325,38.715185,2.79,,2014,Transit
Kepler-372 d,Kepler-372,30.092568,1.69,,2014,Transit
K2-183 c,K2-183,10.787992,2.3,,2018,Transit
HD 168746 b,HD 168746,6.404,,,2002,Radial Velocity
Kepler-49 c,Kepler-49,10.91,2.444,8.38,2012,Transit
Qatar-2 b,Qatar-2,1.33711647,14.056,792.635,2011,Transit
K2-205 b,K2-205,26.672263,1.99552771,,2018,Transit
Kepler-1861 b,Kepler-1861,40.0306015,2.20677414,,2021,Transit
Kepler-729 b,Kepler-729,3.166353714,3.58,,2016,Transit
Gl 49 b,Gl 49,13.8508,,,2019,Radial Velocity
WASP-61 b,WASP-61,3.8559,15.80469,851.7844,2012,Transit
Kepler-1296 b,Kepler-1296,8.3839865,0.91,,2016,Transit
Kepler-770 d,Kepler-770,4.15244722,1.4,,2016,Transit
TOI-277 b,TOI-277,3.994,2.65,,2022,Transit
HD 143361 b,HD 143361,1039.15,,,2008,Radial Velocity
Kepler-184 c,Kepler-184,20.303005,1.97,,2014,Transit
Kepler-1647 b,Kepler-1647,1107.5923,11.8739,483.0,2016,Transit
tau Cet h,tau Cet,49.41,,,2017,Radial Velocity
K2-165 d,K2-165,14.101361,2.64809498,,2018,Transit
HD 158038 b,HD 158038,521.0,,,2011,Radial Velocity
TOI-6038 A b,TOI-6038 A,5.8267311,6.41,78.5,2025,Transit
Kepler-1348 b,Kepler-1348,27.5722742,1.94,,2016,Transit
Kepler-1768 b,Kepler-1768,15.13589954,2.23346338,,2021,Transit
Kepler-596 b,Kepler-596,21.30022655,3.46,,2016,Transit
Kepler-938 b,Kepler-938,52.6298417,2.22,,2016,Transit
Kepler-1869 c,Kepler-1869,1.716828304,0.74,,2023,Transit
Kepler-1046 b,Kepler-1046,14.37508035,1.71,,2016,Transit
Kepler-122 b,Kepler-122,5.766193,2.34,,2014,Transit
HD 93351 c,HD 93351,14010.2941,,4154.01727949,2022,Radial Velocity
Kepler-1716 b,Kepler-1716,35.58100128,2.4247685,,2021,Transit
TOI-286 c,TOI-286,39.361826,1.88,3.72,2024,Transit
K2-322 b,K2-322,8.205,1.92,,2020,Transit
Kepler-509 b,Kepler-509,41.74600392,2.49,,2016,Transit
HIP 63242 b,HIP 63242,124.6,,,2013,Radial Velocity
TOI-1136 f,TOI-1136,26.321,,9.7,2022,Transit
LHS 1815 b,LHS 1815,3.814334,1.088,1.58,2020,Transit
Kepler-618 b,Kepler-618,3.595769645,2.6,,2016,Transit
Kepler-723 b,Kepler-723,4.082275068,12.19,,2016,Transit
WASP-123 b,WASP-123,2.9776412,14.773462,285.72917,2016,Transit
HD 207832 b,HD 207832,160.07,,,2012,Radial Velocity
KMT-2019-BLG-1715L b,KMT-2019-BLG-1715L,,,813.64072192,2021,Microlensing
TOI-1136 g,TOI-1136,39.545,,5.6,2022,Transit
KELT-7 b,KELT-7,2.73477,17.9344,441.7837,2015,Transit
Kepler-80 b,Kepler-80,7.05246,2.67,6.93,2012,Transit
Kepler-127 c,Kepler-127,29.393195,2.66,,2014,Transit
Kepler-117 c,Kepler-117,50.790391,12.341,584.78,2014,Transit
K2-188 b,K2-188,1.742169,1.35,,2018,Transit
Kepler-354 b,Kepler-354,5.47666,1.84,,2014,Transit
GJ 676 A d,GJ 676 A,3.60076,,,2012,Radial Velocity
OGLE-2013-BLG-0102L b,OGLE-2013-BLG-0102L,,,4100.0,2014,Microlensing
Kepler-444 f,Kepler-444,9.740486,0.741,,2015,Transit
K2-221 b,K2-221,2.399094,1.67890272,,2018,Transit
Kepler-297 b,Kepler-297,38.871826,2.87,,2014,Transit
TOI-3714 b,TOI-3714,2.154849,11.32107051,222.4798849,2022,Transit
KMT-2017-BLG-1146L b,KMT-2017-BLG-1146L,,,230.0,2019,Microlensing
BD+20 2457 c,BD+20 2457,621.99,,,2009,Radial Velocity
TOI-1836 c,TOI-1836,1.7727471,2.59987579,8.0,2024,Transit
Kepler-616 c,Kepler-616,90.4113556,3.41,,2016,Transit
K2-111 b,K2-111,5.3518,1.82,5.58,2017,Transit
Kepler-1991 c,Kepler-1991,22.79020351,2.57,,2023,Transit
HR 810 b,HR 810,302.79999,,,1999,Radial Velocity
K2-280 b,K2-280,19.89526,7.5,37.1,2018,Transit
K2-152 b,K2-152,32.6479,2.29,,2018,Transit
GJ 1289 b,GJ 1289,111.74,,,2024,Radial Velocity
K2-348 c,K2-348,12.550171,2.67,,2021,Transit
Kepler-341 b,Kepler-341,5.195528,1.18,,2014,Transit
Kepler-68 c,Kepler-68,9.605027,0.979,1.3,2013,Transit
Kepler-1696 b,Kepler-1696,65.9409,2.80982017,,2020,Transit
Kepler-682 b,Kepler-682,12.611906672,7.37,,2016,Transit
HD 202772 A b,HD 202772 A,3.308958,17.317905,323.23311,2019,Transit
OGLE-2013-BLG-1721L b,OGLE-2013-BLG-1721L,,,200.0,2017,Microlensing
Kepler-280 c,Kepler-280,4.807091,2.01,,2014,Transit
Kepler-337 b,Kepler-337,3.292781,1.54,,2014,Transit
Kepler-36 c,Kepler-36,16.21865,3.679,7.13,2012,Transit
Kepler-719 b,Kepler-719,5.007317779,8.52,,2016,Transit
Kepler-1031 b,Kepler-1031,1.22621732,0.87,,2016,Transit
Kepler-1666 b,Kepler-1666,25.8476,2.88273782,,2020,Transit
Kepler-1149 b,Kepler-1149,3.73089898,1.44,,2016,Transit
Kepler-745 b,Kepler-745,9.93143556,2.16,,2016,Transit
K2-22 b,K2-22,0.381073,2.3,,2015,Transit
K2-183 d,K2-183,22.620344,2.3,,2018,Transit
Kepler-295 c,Kepler-295,21.526258,1.17,,2014,Transit
HD 125612 c,HD 125612,4.15466,,,2009,Radial Velocity
Kepler-651 b,Kepler-651,21.38521506,2.37,,2016,Transit
NY Vir b,NY Vir,3160.0,,,2011,Eclipse Timing Variations
HD 168863 b,HD 168863,14773.93272,,2154.87659946,2022,Radial Velocity
Kepler-1522 b,Kepler-1522,1.847889171,1.73,,2016,Transit
HATS-17 b,HATS-17,16.254611,8.709393,425.25654,2016,Transit
Kepler-20 g,Kepler-20,34.94,,,2016,Radial Velocity
Kepler-771 b,Kepler-771,8.73485836,1.82,,2016,Transit
CoRoT-20 c,CoRoT-20,1675.0,,,2018,Radial Velocity
HD 215152 d,HD 215152,10.86499,,,2018,Radial Velocity
Kepler-1493 b,Kepler-1493,15.0217983,1.41,,2016,Transit
Kepler-1185 b,Kepler-1185,104.3518976,1.33,,2016,Transit
Kepler-350 b,Kepler-350,11.189562,1.85,,2014,Transit
KMT-2023-BLG-0469L b,KMT-2023-BLG-0469L,,,39.41072247,2024,Microlensing
TOI-1693 b,TOI-1693,1.7666957,1.41,,2022,Transit
HD 20781 b,HD 20781,5.3135,,,2019,Radial Velocity
TOI-1716.01,TOI-1716,8.082376554,3.143,,2024,Transit
Kepler-62 e,Kepler-62,122.3874,1.61,36.0,2013,Transit
TOI-1803 c,TOI-1803,12.885779,4.29,8.0,2025,Transit
K2-312 c,HD 80653,921.2,,,2023,Radial Velocity
Kepler-730 c,Kepler-730,2.85188338,1.56926,,2018,Transit
Kepler-381 c,Kepler-381,13.391635,1.12,,2014,Transit
K2-117 b,K2-117,1.2916,2.03,,2017,Transit
WASP-92 b,WASP-92,2.1746742,16.376349,255.85315,2016,Transit
HD 86081 b,HD 86081,2.1378431,,,2006,Radial Velocity
K2-202 b,K2-202,3.405164,2.30165603,,2018,Transit
HD 82943 c,HD 82943,220.078,,622.603,2003,Radial Velocity
Kepler-368 b,Kepler-368,26.84768,3.26,,2014,Transit
LP 791-18 b,LP 791-18,0.9479981,1.212,,2019,Transit
Kepler-1431 b,Kepler-1431,5.86601526,1.47,,2016,Transit
Kepler-1420 b,Kepler-1420,6.69960006,1.28,,2016,Transit
Kepler-25 c,Kepler-25,12.7207,5.217,15.2,2011,Transit
Kepler-1856 b,Kepler-1856,1.302000046,1.73447868,,2021,Transit
HIP 70849 b,HIP 70849,3649.0,,1430.2278315,2009,Radial Velocity
K2-325 b,K2-325,6.93,2.2,,2020,Transit
WASP-80 b,WASP-80,3.06785234,11.197791,170.99254,2012,Transit
TOI-5126 c,TOI-5126,17.8999,3.86,,2023,Transit
Kepler-1996 b,Kepler-1996,32.376183,2.26,,2023,Transit
Kepler-120 c,Kepler-120,12.794585,1.53,,2014,Transit
Kepler-1919 b,Kepler-1919,37.88660049,2.62390658,,2021,Transit
K2-378 b,K2-378,2.060438,2.88,,2022,Transit
TOI-4010 c,TOI-4010,5.414654,5.93,20.31,2023,Transit
K2-193 b,K2-193,14.786889,3.95,,2018,Transit
Kepler-363 c,Kepler-363,7.542427,1.69,,2014,Transit
Kepler-1301 b,Kepler-1301,9.08237046,1.4,,2016,Transit
HD 23472 d,HD 23472,3.97664,0.75,0.55,2022,Transit
Kepler-204 b,Kepler-204,14.400974,2.53,,2014,Transit
HD 109988 b,HD 109988,17132.15854,,6935.33366915,2022,Radial Velocity
TOI-2583 A b,TOI-2583 A,4.5207265,14.4595851,79.45710175,2023,Transit
Kepler-1986 b,Kepler-1986,19.5489666,1.89,,2023,Transit
Kepler-25 d,Kepler-25,122.4,,71.9,2014,Radial Velocity
Kepler-589 c,Kepler-589,3.52466011,1.11727238,,2021,Transit
HD 23472 c,HD 23472,29.79749,1.87,3.41,2019,Transit
Kepler-789 b,Kepler-789,8.63847725,2.12,,2016,Transit
TOI-2096 c,TOI-2096,6.38784,1.914,,2023,Transit
K2-63 b,K2-63,20.257,3.22,,2016,Transit
HD 86065 b,HD 86065,25775.78859,,2877.30056857,2022,Radial Velocity
HD 3167 e,HD 3167,96.63,,,2022,Radial Velocity
Kepler-535 b,Kepler-535,4.903321551,2.36,,2016,Transit
KMT-2021-BLG-2478L b,KMT-2021-BLG-2478L,,,286.0455663,2023,Microlensing
GJ 433 c,GJ 433,5094.105,,,2014,Radial Velocity
Kepler-534 c,Kepler-534,7.378689766,1.227,,2021,Transit
KMT-2016-BLG-0212L b,KMT-2016-BLG-0212L,,,5700.0,2018,Microlensing
K2-55 b,K2-55,2.849258,3.82,,2016,Transit
CoRoT-20 b,CoRoT-20,9.24285,,1366.669,2011,Transit
Kepler-1073 d,Kepler-1073,2.504760027,1.48770949,,2021,Transit
Kepler-47 b,Kepler-47,49.4643,3.05,2.07,2012,Transit
Kepler-1985 b,Kepler-1985,3.42064689,2.27,,2023,Transit
KIC 8540376 c,KOI-7892,75.2,2.4,,2015,Transit
TOI-2076 d,TOI-2076,35.125686,3.43087751,29.0,2021,Transit
NGC 2682 Sand 1429 b,NGC 2682 Sand 1429,77.48,,,2024,Radial Velocity
HATS-48 A b,HATS-48 A,3.1316666,8.9672,77.23269,2020,Transit
K2-170 b,K2-170,7.576544,1.41817537,,2018,Transit
Kepler-972 b,Kepler-972,7.03932553,4.65,,2016,Transit
TOI-332 b,TOI-332,0.777038,3.2,57.2,2023,Transit
TOI-1224 c,TOI-1224,17.945466,2.884,,2024,Transit
Kepler-307 b,Kepler-307,10.4208,2.43,7.44,2013,Transit
HIP 113103 b,HIP 113103,7.610303,1.829,,2023,Transit
HIP 38594 b,HIP 38594,60.722,,,2020,Radial Velocity
Kepler-1361 b,Kepler-1361,3.57554956,0.86,,2016,Transit
HD 88072 b,HD 88072,18538.79293,,2511.79790052,2022,Radial Velocity
Kepler-80 c,Kepler-80,9.52355,2.74,6.74,2012,Transit
WASP-50 b,WASP-50,1.9551,13.069694,466.828704,2011,Transit
2MASS J01033563-5515561 AB b,2MASS J01033563-5515561 A,,,4131.79,2013,Imaging
Kepler-977 b,Kepler-977,26.85328322,2.62,,2016,Transit
GJ 3138 b,GJ 3138,1.22003,,,2017,Radial Velocity
Kepler-305 e,Kepler-305,3.20538,1.7938153,,2020,Transit
HD 24064 b,HD 24064,535.59998,,,2015,Radial Velocity
TOI-2202 c,TOI-2202,24.6744,,117.27868218,2021,Transit Timing Variations
Kepler-1743 b,Kepler-1743,7.649710178,1.59887007,,2021,Transit
HD 1502 b,HD 1502,428.5,,,2011,Radial Velocity
TOI-4443.01,TOI-4443,1.8498567,1.7193265,,2024,Transit
WASP-83 b,WASP-83,4.971252,11.65736,95.349,2015,Transit
HD 11112 b,HD 11112,17244.90764,,2598.56505563,2022,Radial Velocity
Kepler-238 f,Kepler-238,50.447,2.0,13.5,2013,Transit
HIP 71135 b,HIP 71135,87.19,,,2019,Radial Velocity
TOI-1798.02,TOI-1798,0.437811822,1.464,,2024,Transit
Kepler-547 b,Kepler-547,6.010384289,4.0,,2016,Transit
Kepler-1336 c,Kepler-1336,5.77721211,1.71,,2016,Transit
HD 222076 b,HD 222076,871.0,,,2016,Radial Velocity
Kepler-882 b,Kepler-882,3.989539666,1.23,,2016,Transit
Kepler-172 d,Kepler-172,14.627119,2.25,,2014,Transit
Kepler-1828 b,Kepler-1828,10.2737999,2.11598626,,2021,Transit
11 UMi b,11 UMi,516.21997,,,2009,Radial Velocity
Kepler-1746 b,Kepler-1746,321.2120056,8.93504475,,2021,Transit
Kepler-1261 b,Kepler-1261,48.4308991,2.26,,2016,Transit
K2-26 b,K2-26,14.5665,2.67,,2016,Transit
Kepler-862 b,Kepler-862,3.148664534,2.21,,2016,Transit
HD 25912 c,HD 25912,26308.65619,,5252.75008249,2022,Radial Velocity
K2-246 b,K2-246,5.76918,3.49,,2018,Transit
KELT-21 b,KELT-21,3.6127647,17.777474,1242.7153,2018,Transit
Kepler-193 c,Kepler-193,50.697494,2.75,,2014,Transit
Kepler-1502 b,Kepler-1502,41.7083629,3.18,,2016,Transit
XO-4 b,XO-4,4.12508,14.01125,451.3186,2010,Transit
TOI-559 b,TOI-559,6.9839095,12.22899794,1910.14872607,2021,Transit
Kepler-39 b,Kepler-39,21.08721,13.9,6388.1,2011,Transit
HD 90156 b,HD 90156,49.77,,,2009,Radial Velocity
K2-19 d,K2-19,2.5081,1.11,10.0,2016,Transit
WASP-169 b,WASP-169,5.6114118,14.616536,178.30263,2019,Transit
Kepler-534 b,Kepler-534,15.95994513,2.24,,2016,Transit
TOI-2095 b,TOI-2095,17.66484,1.25,4.1,2023,Transit
K2-196 b,K2-196,48.324222,3.59970536,,2018,Transit
HD 215497 c,HD 215497,566.0,,111.23994245,2009,Radial Velocity
NGC 2682 Sand 978 b,NGC 2682 Sand 978,511.21,,,2017,Radial Velocity
Kepler-48 e,Kepler-48,982.0,,657.0,2014,Radial Velocity
HAT-P-39 b,HAT-P-39,3.54387,17.609,190.372,2012,Transit
Kepler-603 b,Kepler-603,21.05358596,2.65,,2016,Transit
MOA-2008-BLG-310L b,MOA-2008-BLG-310L,,,23.4,2009,Microlensing
Kepler-1713 b,Kepler-1713,18.01160049,1.71673535,,2021,Transit
Kepler-1845 b,Kepler-1845,11.60649967,2.43836702,,2021,Transit
Kepler-524 b,Kepler-524,7.97419807,1.91,,2016,Transit
Kepler-386 b,Kepler-386,12.31043,1.39,,2014,Transit
Kepler-430 c,Kepler-430,110.979,1.75,,2015,Transit
Kepler-104 b,Kepler-104,11.427548,3.1,,2014,Transit
Kepler-191 b,Kepler-191,9.939632,1.34,,2014,Transit
HD 93385 c,HD 93385,13.18,,,2021,Radial Velocity
K2-27 b,K2-27,6.771315,4.48,30.9,2016,Transit
Kepler-1500 b,Kepler-1500,15.0330105,1.2,,2016,Transit
TOI-892 b,TOI-892,10.62656,11.99363,301.9385,2020,Transit
Kepler-324 e,Kepler-324,13.97939968,2.03862444,,2021,Transit
K2-64 b,K2-64,6.53044,2.07,,2016,Transit
HD 22532 b,HD 22532,872.6,,,2022,Radial Velocity
Kepler-748 b,Kepler-748,7.40742793,2.52,,2016,Transit
Kepler-1780 b,Kepler-1780,109.4449997,3.60600667,,2021,Transit
Kepler-616 d,Kepler-616,51.06740189,2.653,,2021,Transit
Kepler-277 c,Kepler-277,33.006,3.36,64.2,2013,Transit
K2-284 b,K2-284,4.795069,2.78,,2018,Transit
OGLE-2019-BLG-0249L b,OGLE-2019-BLG-0249L,,,2262.93825784,2023,Microlensing
Kepler-1893 b,Kepler-1893,4.179369926,1.70557445,,2021,Transit
Kepler-1265 b,Kepler-1265,6.49441289,1.35,,2016,Transit
Kepler-1311 d,Kepler-1311,197.5110016,9.65837605,,2021,Transit
Kepler-527 b,Kepler-527,13.28535633,2.84,,2016,Transit
Kepler-1363 b,Kepler-1363,2.94194094,1.25,,2016,Transit
TOI-1472 b,TOI-1472,6.36381,4.15964583,16.5,2024,Transit
HD 108202 b,HD 108202,2990.0,,953.485221,2023,Radial Velocity
Kepler-1548 b,Kepler-1548,124.828679,2.64,,2016,Transit
Kepler-197 b,Kepler-197,5.599308,1.02,,2014,Transit
Kepler-1801 b,Kepler-1801,10.44089985,2.70926154,,2021,Transit
GJ 3293 e,GJ 3293,13.2543,,,2017,Radial Velocity
GJ 411 b,GJ 411,12.9394,,,2019,Radial Velocity
NGTS-20 b,NGTS-20,54.18915,11.99360935,947.12865286,2022,Transit
CoRoT-24 c,CoRoT-24,11.759,5.0,28.0,2014,Transit
RR Cae b,RR Cae,4343.5,,,2012,Eclipse Timing Variations
K2-90 b,K2-90,13.733314,2.6,,2016,Transit
Qatar-6 b,Qatar-6,3.506195,11.903958,212.31044,2017,Transit
WASP-57 b,WASP-57,2.83891856,11.76945,204.68252,2012,Transit
TOI-1260 c,TOI-1260,7.493134,2.76,13.2,2021,Transit
CoRoT-13 b,CoRoT-13,4.03519,9.92,415.704,2010,Transit
HIP 5763 b,HIP 5763,30.014,,,2021,Radial Velocity
HD 56957 b,HD 56957,5859.08992,,1880.90851263,2022,Radial Velocity
HD 152581 b,HD 152581,686.5,,,2011,Radial Velocity
K2-188 c,K2-188,7.810253,2.83,,2018,Transit
K2-159 b,K2-159,12.42205,2.26,,2018,Transit
Kepler-1825 b,Kepler-1825,1.025869966,1.42200732,,2021,Transit
Kepler-493 b,Kepler-493,3.003876581,15.13,,2016,Transit
HD 21693 c,HD 21693,53.7357,,,2019,Radial Velocity
Kepler-649 b,Kepler-649,29.90722674,2.26,,2016,Transit
OGLE-2019-BLG-0954L b,OGLE-2019-BLG-0954L,,,4513.1633794,2021,Microlensing
Kepler-1264 b,Kepler-1264,0.968526023,1.18,,2016,Transit
KELT-8 b,KELT-8,3.24406,18.15858,209.7678,2015,Transit
HD 191939 g,HD 191939,284.0,,,2022,Radial Velocity
OGLE-2018-BLG-1212L b,OGLE-2018-BLG-1212L,,,63.5656814,2022,Microlensing
K2-58 b,K2-58,7.05254,2.68,,2016,Transit
HD 73344 d,HD 73344,5823.0,,810.46243785,2025,Radial Velocity
TOI-1685 b,TOI-1685,0.66913924,1.468,3.03,2021,Transit
Kepler-180 b,Kepler-180,13.817124,1.5,,2014,Transit
Kepler-266 c,Kepler-266,107.723601,3.89,,2014,Transit
HD 158259 e,HD 158259,7.951,,,2020,Radial Velocity
Kepler-1112 b,Kepler-1112,14.36267939,3.02,,2016,Transit
TOI-615 b,TOI-615,4.6615983,18.97680433,138.25535705,2023,Transit
Kepler-849 b,Kepler-849,394.62508,8.08167508,298.75870258,2016,Transit
Kepler-299 b,Kepler-299,2.927128,1.32,,2014,Transit
HAT-P-21 b,HAT-P-21,4.12448,12.44199,1547.8321,2010,Transit
Kepler-908 b,Kepler-908,1.340597468,1.22,,2016,Transit
Kepler-478 b,Kepler-478,13.2217576,2.71,,2016,Transit
M62H b,M62H,0.132935028,,785.03616529,2024,Pulsar Timing
Kepler-804 c,Kepler-804,9.65185017,1.14,,2016,Transit
MXB 1658-298 b,MXB 1658-298,760.0,,7532.571,2017,Eclipse Timing Variations
Kepler-256 d,Kepler-256,5.839172,2.48,,2014,Transit
Kepler-190 b,Kepler-190,2.019999,1.56,,2014,Transit
WASP-31 b,WASP-31,3.4059096,17.363,151.916,2010,Transit
HD 25463 c,HD 25463,3.04405,1.36354953,4.3,2023,Transit
K2-343 b,K2-343,2.787174,1.65,,2021,Transit
WASP-22 b,WASP-22,3.53269,13.78707,212.9461,2010,Transit
Kepler-344 c,Kepler-344,125.596809,2.95,,2014,Transit
HD 105779 b,HD 105779,2412.0,,,2022,Radial Velocity
Kepler-1143 c,Kepler-1143,210.630591,3.6,,2016,Transit
HAT-P-11 b,HAT-P-11,4.888,,,2008,Transit
K2-168 b,K2-168,15.8523,1.86,,2018,Transit
TOI-1776 b,TOI-1776,2.799868,1.21612741,1.4,2024,Transit
Kepler-666 b,Kepler-666,4.49876092,2.4,,2016,Transit
HD 35843 b,HD 35843,9.8991,,,2025,Radial Velocity
HD 64114 b,HD 64114,45.791,,,2019,Radial Velocity
K2-208 b,K2-208,4.19097,1.67462172,,2018,Transit
K2-352 c,K2-352,8.234885,1.92,,2021,Transit
HAT-P-4 b,HAT-P-4,3.056536,14.28,213.255,2007,Transit
Kepler-995 b,Kepler-995,28.26731672,2.7,,2016,Transit
Kepler-149 b,Kepler-149,29.198943,4.21,,2014,Transit
WASP-130 b,WASP-130,11.55098,9.97601,390.9309,2016,Transit
KMT-2019-BLG-1552L b,KMT-2019-BLG-1552L,,,1287.20504835,2022,Microlensing
HD 80883 b,HD 80883,6383.78352,,1748.0562385,2022,Radial Velocity
K2-136 c,K2-136,17.30713,3.0,18.1,2017,Transit
HD 222237 b,HD 222237,14892.0,,1649.52943233,2024,Radial Velocity
BD+55 362 b,BD+55 362,265.59,,,2021,Radial Velocity
Kepler-1802 c,Kepler-1802,33.13610077,2.322,,2021,Transit
Kepler-259 c,Kepler-259,36.924931,2.7,,2014,Transit
Kepler-1767 b,Kepler-1767,59.65829849,3.01299077,,2021,Transit
Kepler-605 b,Kepler-605,3.383538066,1.44,,2016,Transit
TOI-2427 b,TOI-2427,1.3060011,1.8,,2022,Transit
K2-243 b,K2-243,11.54182,2.17,,2018,Transit
HATS-32 b,HATS-32,2.8126548,14.000041,292.4036,2016,Transit
BD-08 2823 c,BD-08 2823,237.6,,,2009,Radial Velocity
L 168-9 b,L 168-9,1.40152604,1.63,4.07,2020,Transit
Kepler-194 c,Kepler-194,17.308032,2.59,,2014,Transit
Kepler-1592 b,Kepler-1592,3.05710069,1.54,,2016,Transit
HD 14067 b,HD 14067,2744.0,,4862.7746271,2014,Radial Velocity
HD 93385 d,HD 93385,45.85,,,2021,Radial Velocity
Kepler-1395 b,Kepler-1395,3.78470649,0.8,,2016,Transit
TrES-2 b,TrES-2,2.47063,15.24424,473.5667,2006,Transit
Kepler-508 b,Kepler-508,25.30889748,1.64,,2016,Transit
Kepler-931 b,Kepler-931,8.03755877,1.33,,2016,Transit
TOI-500 d,TOI-500,26.233,,,2022,Radial Velocity
Kepler-1280 b,Kepler-1280,66.5579057,1.87,,2016,Transit
Kepler-876 b,Kepler-876,5.14438011,1.43,,2016,Transit
OGLE-TR-211 b,OGLE-TR-211,3.67724,15.244,327.351,2007,Transit
Kepler-1762 b,Kepler-1762,29.53910065,2.76022913,,2021,Transit
TOI-1806.01,TOI-1806,15.1454693,3.4095367,,2024,Transit
Kepler-1673 b,Kepler-1673,33.7888,2.9355194,,2020,Transit
Kepler-1343 b,Kepler-1343,3.35183158,1.93,,2016,Transit
Kepler-389 b,Kepler-389,3.244107,1.51,,2014,Transit
MOA-2022-BLG-249L b,MOA-2022-BLG-249L,,,4.83,2023,Microlensing
Kepler-865 b,Kepler-865,14.16399294,2.49,,2016,Transit
TOI-1386 b,TOI-1386,25.8401,6.2163865,45.8,2024,Transit
Kepler-20 f,Kepler-20,19.578328,0.952,1.4,2011,Transit
Kepler-764 b,Kepler-764,7.33683936,1.64,,2016,Transit
TOI-5293 A b,TOI-5293 A,2.930289,11.9,170.4,2023,Transit
HD 216520 c,HD 216520,154.43,,,2020,Radial Velocity
WTS-1 b,WTS-1,3.352057,16.7,1274.44,2012,Transit
Kepler-1051 b,Kepler-1051,25.96200249,3.4,,2016,Transit
Kepler-1165 b,Kepler-1165,9.478522,1.55,,2016,Transit
Kepler-788 b,Kepler-788,8.39846269,2.55,,2016,Transit
Kepler-1312 b,Kepler-1312,5.448325286,2.1,,2016,Transit
Kepler-53 b,Kepler-53,18.6489525,2.89,111.0,2012,Transit
HD 190647 b,HD 190647,1176.45,,,2007,Radial Velocity
HATS-30 b,HATS-30,3.1743516,13.170575,224.38798,2016,Transit
Kepler-625 c,Kepler-625,4.1653651,1.05,,2016,Transit
Gaia-5 b,Gaia-5,358.62,,6633.07885409,2025,Astrometry
HD 50499 c,HD 50499,8619.9,,,2019,Radial Velocity
SWEEPS-4 b,SWEEPS-4,4.2,9.079,1207.7,2006,Transit
Kepler-1057 b,Kepler-1057,14.08827448,3.36,,2016,Transit
K2-219 b,K2-219,3.901287,1.34762583,,2018,Transit
K2-37 c,K2-37,6.42904,2.75,,2016,Transit
Kepler-569 b,Kepler-569,34.18890521,3.16,,2016,Transit
TOI-4153 b,TOI-4153,4.6174141,16.11851425,365.50266805,2024,Transit
Kepler-1048 b,Kepler-1048,6.92101021,1.61,,2016,Transit
Kepler-1434 b,Kepler-1434,8.05333618,1.11,,2016,Transit
Kepler-104 d,Kepler-104,51.755394,3.58,,2014,Transit
HD 99492 b,HD 99492,17.0503,,,2004,Radial Velocity
Kepler-1556 b,Kepler-1556,8.82713457,1.96,,2016,Transit
Kepler-1552 b,Kepler-1552,184.771853,2.47,,2016,Transit
HD 48948 c,HD 48948,38.06,,,2024,Radial Velocity
KMT-2019-BLG-0253L b,KMT-2019-BLG-0253L,,,9.2,2022,Microlensing
Kepler-940 b,Kepler-940,59.6225257,3.34,,2016,Transit
Kepler-1120 b,Kepler-1120,2.949029052,1.38,,2016,Transit
Kepler-1924 b,Kepler-1924,15.33170033,2.65446572,,2021,Transit
HD 88986 b,HD 88986,146.05,2.49,17.2,2023,Radial Velocity
TOI-262 b,TOI-262,11.14529,2.07,,2023,Transit
Kepler-1052 b,Kepler-1052,34.8538276,2.93,,2016,Transit
Kepler-1223 b,Kepler-1223,16.301259,1.22,,2016,Transit
TOI-2570 b,TOI-2570,2.9887615,13.64132951,260.61929374,2022,Transit
HATS-4 b,HATS-4,2.516729,11.433,420.471,2014,Transit
Kepler-1274 b,Kepler-1274,6.98152703,1.42,,2016,Transit
HD 177830 b,HD 177830,410.10001,,,1999,Radial Velocity
Kepler-390 c,Kepler-390,13.060022,0.79,,2014,Transit
Kepler-1399 b,Kepler-1399,1.638653058,1.25,,2016,Transit
Kepler-754 b,Kepler-754,14.5596237,2.01,,2016,Transit
Kepler-880 c,Kepler-880,11.8061737,2.87,,2023,Transit
HAT-P-62 b,HAT-P-62,2.6453235,12.02723629,241.86741773,2021,Transit
HD 23472 f,HD 23472,12.1621839,1.137,0.77,2022,Transit
NGTS-5 b,NGTS-5,3.3569866,12.733424,72.78307,2019,Transit
HD 20794 b,HD 20794,18.314,,,2011,Radial Velocity
Kepler-1711 b,Kepler-1711,21.06080055,1.923,,2021,Transit
HD 113337 b,HD 113337,317.58639,,,2013,Radial Velocity
Kepler-956 b,Kepler-956,5.248672631,3.0,,2016,Transit
HD 28254 b,HD 28254,1333.0,,1207.7479466,2010,Radial Velocity
TOI-257 b,TOI-257,18.38818,7.16253867,43.86032017,2021,Transit
kap CrB b,kap CrB,1253.68,,,2007,Radial Velocity
HD 233604 b,HD 233604,192.0,,,2013,Radial Velocity
Kepler-276 c,Kepler-276,31.884,2.9,16.6,2013,Transit
WASP-175 b,WASP-175,3.0652907,13.540472,314.6517,2019,Transit
Kepler-282 e,Kepler-282,44.347,3.1,56.2,2013,Transit
KMT-2021-BLG-1898L b,KMT-2021-BLG-1898L,,,232.01473711,2022,Microlensing
7 CMa c,7 CMa,996.0,,,2019,Radial Velocity
TOI-4342 b,TOI-4342,5.5382498,2.266,,2023,Transit
Kepler-1774 b,Kepler-1774,59.77080154,3.18179549,,2021,Transit
Kepler-362 c,Kepler-362,37.866281,1.45,,2014,Transit
GJ 3998 d,GJ 3998,41.78,,,2025,Radial Velocity
Kepler-100 e,Kepler-100,60.888588,,,2023,Radial Velocity
TOI-2134 c,TOI-2134,95.5,7.27,41.89,2023,Transit
SR 12 AB c,SR 12 AB,,,4131.62,2010,Imaging
Kepler-82 e,Kepler-82,5.902206,2.47,,2014,Transit
HAT-P-40 b,HAT-P-40,4.45724,17.03768,152.5584,2012,Transit
Kepler-1755 b,Kepler-1755,24.81209946,5.91688317,,2021,Transit
Kepler-346 c,Kepler-346,23.851549,3.07,,2014,Transit
Kepler-208 c,Kepler-208,7.466623,1.39,,2014,Transit
WASP-158 b,WASP-158,3.656333,11.99363,886.7457,2018,Transit
UKIRT-2017-BLG-001L b,UKIRT-2017-BLG-001L,,,407.0,2018,Microlensing
K2-206 b,K2-206,18.294549,2.79522879,,2018,Transit
GJ 2030 c,GJ 2030,25533.11353,,4069.15709482,2022,Radial Velocity
K2-74 b,K2-74,19.5666,2.31,,2016,Transit
Kepler-1674 b,Kepler-1674,62.5611,3.2057749,,2020,Transit
Kepler-932 b,Kepler-932,1.921437396,1.37,,2016,Transit
WASP-73 b,WASP-73,4.08722,15.91678,908.9938,2014,Transit
GJ 3138 d,GJ 3138,257.8,,,2017,Radial Velocity
HD 158259 c,HD 158259,3.432,,,2020,Radial Velocity
Kepler-917 b,Kepler-917,2.970414375,1.91,,2016,Transit
WASP-71 b,WASP-71,2.90367,13.22662,441.7837,2012,Transit
TOI-1347 c,TOI-1347,4.841962,1.6,6.4,2024,Transit
TOI-4994 b,TOI-4994,21.491984,8.54124329,88.99195396,2024,Transit
Kepler-552 b,Kepler-552,5.263415765,3.95,,2016,Transit
K2-110 b,K2-110,13.86375,2.592,15.9,2017,Transit
OGLE-2015-BLG-1670L b,OGLE-2015-BLG-1670L,,,17.9,2019,Microlensing
HD 46375 b,HD 46375,3.023573,,,2000,Radial Velocity
Kepler-11 e,Kepler-11,31.9996,4.19,8.0,2010,Transit
Kepler-873 b,Kepler-873,20.5533844,3.75,,2016,Transit
HD 213885 b,HD 213885,1.008035,1.745,8.83,2019,Transit
gam Cep b,gam Cep,913.0,,2097.6674862,2003,Radial Velocity
TOI-1683.01,TOI-1683,3.0575356,2.6382,,2024,Transit
Kepler-1227 b,Kepler-1227,94.2887577,2.29,,2016,Transit
K2-238 b,K2-238,3.20466,14.5717,273.3338,2018,Transit
Kepler-1080 b,Kepler-1080,77.2548396,3.28,,2016,Transit
Kepler-355 b,Kepler-355,11.03189,1.46,,2014,Transit
K2-213 b,K2-213,8.13087,1.51398464,,2018,Transit
HD 72490 b,HD 72490,858.0,,,2018,Radial Velocity
K2-136 d,K2-136,25.575,1.565,3.0,2017,Transit
K2-46 b,K2-46,19.1541,2.05,,2016,Transit
KOI-1833 d,Kepler-968,7.685,2.58,11.02,2021,Transit
K2-43 c,K2-43,2.198884,2.42,,2019,Transit
Kepler-1617 b,Kepler-1617,27.4785572,1.2,,2016,Transit
Kepler-893 b,Kepler-893,6.33855761,3.03,,2016,Transit
Kepler-142 d,Kepler-142,41.809118,2.16,,2014,Transit
Kepler-1840 b,Kepler-1840,131.1900024,2.77771129,,2021,Transit
K2-347 b,K2-347,7.187257,2.41,,2021,Transit
Kepler-321 b,Kepler-321,4.915379,1.77,,2014,Transit
WASP-4 b,WASP-4,1.338231466,14.807089,376.94638,2007,Transit
Kepler-104 c,Kepler-104,23.668205,3.13,,2014,Transit
Kepler-68 e,Kepler-68,3455.0,,,2023,Radial Velocity
Kepler-1833 b,Kepler-1833,6.892129898,1.30027362,,2021,Transit
2MASS J02192210-3925225 b,2MASS J02192210-3925225,,16.14096,4417.837,2015,Imaging
Kepler-872 b,Kepler-872,2.578855068,1.99,,2016,Transit
Kepler-1649 b,Kepler-1649,8.689099,1.017,,2017,Transit
K2-374 b,K2-374,4.521953,1.593,,2022,Transit
Kepler-160 b,Kepler-160,4.309397,1.715,,2014,Transit
Kepler-1154 b,Kepler-1154,5.1856142,2.34,,2016,Transit
HD 37124 b,HD 37124,154.378,,,2002,Radial Velocity
WASP-162 b,WASP-162,9.62468,11.209,1652.716,2018,Transit
Kepler-487 b,Kepler-487,15.358768403,11.42,,2016,Transit
HD 33142 c,HD 33142,810.2,,,2018,Radial Velocity
Kepler-293 b,Kepler-293,19.254196,3.07,,2014,Transit
TOI-669 b,TOI-669,3.945152,2.58606487,10.0,2023,Transit
HD 37124 c,HD 37124,885.5,,,2002,Radial Velocity
Kepler-1196 b,Kepler-1196,66.1849031,2.23,,2016,Transit
Kepler-121 b,Kepler-121,3.177422,2.34,,2014,Transit
Kepler-1073 b,Kepler-1073,8.67888593,2.3,,2016,Transit
Kepler-1003 b,Kepler-1003,3.554856915,1.78,,2016,Transit
Kepler-167 e,Kepler-167,1071.23205,10.16,321.00669107,2016,Transit
LP 791-18 c,LP 791-18,4.9899093,2.438,7.1,2019,Transit
Kepler-169 d,Kepler-169,8.348125,1.25,,2014,Transit
TIC 46432937 b,TIC 46432937,1.44044527,13.31626907,1017.0509024,2024,Transit
Kepler-1066 b,Kepler-1066,1.931559839,2.36,,2016,Transit
Kepler-316 c,Kepler-316,6.827766,1.16,,2014,Transit
Kepler-1686 b,Kepler-1686,9.30987,1.42553017,,2020,Transit
Kepler-1704 b,Kepler-1704,988.88112,11.94877343,1322.16617312,2013,Transit
Kepler-1224 b,Kepler-1224,13.32351601,1.33,,2016,Transit
K2-331 b,K2-331,9.398977,1.79,,2021,Transit
TOI-3819 b,TOI-3819,3.2443141,13.13692538,352.78953177,2023,Transit
Kepler-364 b,Kepler-364,25.745718,1.55,,2014,Transit
TOI-4010 e,TOI-4010,762.0,,,2023,Radial Velocity
TOI-776 b,TOI-776,8.24662,1.798,5.0,2020,Transit
Kepler-1457 b,Kepler-1457,51.1110243,1.99,,2016,Transit
TOI-181 b,TOI-181,4.532,6.9559,46.1687,2023,Transit
K2-393 b,K2-393,10.413181,2.352,,2022,Transit
HD 101930 b,HD 101930,70.46,,,2005,Radial Velocity
Kepler-181 b,Kepler-181,3.137873,1.27,,2014,Transit
Kepler-916 b,Kepler-916,32.2968798,1.76,,2016,Transit
TOI-2803 A b,TOI-2803 A,1.96229325,18.11371281,309.88269682,2023,Transit
WASP-53 b,WASP-53,3.3098443,12.038466,677.61356,2017,Transit
HD 112300 b,HD 112300,466.63,,,2023,Radial Velocity
Kepler-129 b,Kepler-129,15.79,2.4,,2014,Transit
K2-247 b,K2-247,2.25021,2.12,,2018,Transit
Kepler-1966 b,Kepler-1966,8.617429733,1.10479327,,2021,Transit
Kepler-62 d,Kepler-62,18.16406,1.95,14.0,2013,Transit
HD 47366 c,HD 47366,677.53,,,2016,Radial Velocity
Kepler-1834 b,Kepler-1834,4.603010178,1.4593834,,2021,Transit
Kepler-755 c,Kepler-755,2.853133644,1.26,,2016,Transit
TOI-199 b,TOI-199,104.854,9.07927437,54.03082919,2023,Transit
Kepler-1814 b,Kepler-1814,2.935359955,2.36961357,,2021,Transit
TOI-1758 b,TOI-1758,20.705074685,3.62,,2024,Transit
WD 0806-661 b,WD 0806-661,,,2542.627256,2011,Imaging
Kepler-333 b,Kepler-333,12.551158,1.32,,2014,Transit
Kepler-765 b,Kepler-765,27.6655226,2.43,,2016,Transit
Kepler-637 b,Kepler-637,23.20584623,4.75,,2016,Transit
HD 141399 c,HD 141399,201.99,,,2014,Radial Velocity
Kepler-784 b,Kepler-784,31.5922646,1.58,,2016,Transit
Kepler-1338 b,Kepler-1338,0.935118057,0.92,,2016,Transit
K2-272 b,K2-272,14.4536756,3.13,,2018,Transit
HATS-41 b,HATS-41,4.193649,14.90797,3082.951,2018,Transit
GJ 687 b,GJ 687,38.142,,,2014,Radial Velocity
HAT-P-25 b,HAT-P-25,3.65281514,12.722215,180.84527,2010,Transit
Kepler-288 c,Kepler-288,19.305772,2.85,,2014,Transit
EPIC 212587672 b,EPIC 212587672,15.28078,1.26,,2019,Transit
Kepler-247 c,Kepler-247,9.439452,4.09,,2014,Transit
kap And b,kap And,,,4327.36,2012,Imaging
Kepler-1751 b,Kepler-1751,7.017310143,1.82417378,,2021,Transit
Kepler-292 b,Kepler-292,2.580827,1.32,,2014,Transit
PSR J2322-2650 b,PSR J2322-2650,0.322963997,,,2017,Pulsar Timing
HD 189733 b,HD 189733,2.21857567,12.66617,359.1479,2005,Radial Velocity
Kepler-1194 b,Kepler-1194,16.22371307,1.51,,2016,Transit
Kepler-1887 b,Kepler-1887,19.94750023,2.92454357,,2021,Transit
Kepler-1158 b,Kepler-1158,13.5396293,2.34,,2016,Transit
GJ 667 C g,GJ 667 C,256.2,,,2013,Radial Velocity
TOI-3331 A b,TOI-3331 A,2.0180231,12.97999965,721.47048389,2022,Transit
HD 30669 b,HD 30669,1684.0,,,2014,Radial Velocity
Kepler-170 b,Kepler-170,7.930592,3.2,,2014,Transit
Kepler-610 c,Kepler-610,151.86392,3.3,,2016,Transit
HD 37605 b,HD 37605,55.01292,,,2004,Radial Velocity
Kepler-56 d,Kepler-56,1002.0,,,2016,Radial Velocity
HD 233832 b,HD 233832,2058.0,,,2018,Radial Velocity
HR 8799 c,HR 8799,69000.0,13.0,3000.0,2008,Imaging
K2-158 b,K2-158,10.06049,2.64,,2018,Transit
2MASS J19383260+4603591 b,2MASS J19383260+4603591,406.0,,,2015,Eclipse Timing Variations
Kepler-110 c,Kepler-110,31.719775,2.21,,2014,Transit
GJ 849 b,GJ 849,1925.31,,,2006,Radial Velocity
HD 116029 c,HD 116029,907.0,,,2018,Radial Velocity
Kepler-1449 b,Kepler-1449,13.2274528,1.68,,2016,Transit
HD 205739 b,HD 205739,279.8,,,2008,Radial Velocity
Kepler-1008 b,Kepler-1008,12.43931193,1.28,,2016,Transit
HD 194490 b,HD 194490,13092.18348,,3561.90295725,2022,Radial Velocity
Kepler-1053 b,Kepler-1053,2.414351654,0.98,,2016,Transit
WASP-161 b,WASP-161,5.4060425,12.811887,791.3967,2018,Transit
Kepler-197 c,Kepler-197,10.349695,1.23,,2014,Transit
K2-375 b,K2-375,14.453895,2.243,,2022,Transit
HD 103774 b,HD 103774,5.8881,,,2013,Radial Velocity
Kepler-122 f,Kepler-122,56.268,1.75,36.0,2014,Transit Timing Variations
TOI-1249 b,TOI-1249,13.079151,3.2710301,11.9,2024,Transit
K2-387 b,K2-387,28.735327,7.322,,2022,Transit
Kepler-1256 b,Kepler-1256,12.4127754,1.49,,2016,Transit
KMT-2023-BLG-1743L b,KMT-2023-BLG-1743L,,,6356.56814,2024,Microlensing
TrES-1 b,TrES-1,3.03007,12.66617,266.9772,2004,Transit
K2-351 b,K2-351,7.806164,2.54,,2021,Transit
HD 210702 b,HD 210702,355.5,,,2007,Radial Velocity
Kepler-118 b,Kepler-118,7.518496,1.96,,2014,Transit
Kepler-1444 b,Kepler-1444,33.42035034,2.18,,2016,Transit
Kepler-1323 b,Kepler-1323,0.929906678,1.52,,2016,Transit
Kepler-1532 b,Kepler-1532,1.093663559,1.35,,2016,Transit
K2-138 e,K2-138,8.26146,3.39,12.97,2017,Transit
HAT-P-50 b,HAT-P-50,3.1220109,14.437192,429.0705,2015,Transit
K2-368 c,K2-368,9.660186,1.361,,2022,Transit
NGTS-30 b,NGTS-30,98.29838,10.40193409,305.11527072,2024,Transit
Kepler-1423 b,Kepler-1423,23.955378,1.06,,2016,Transit
OGLE-2018-BLG-1367L b,OGLE-2018-BLG-1367L,,,301.93698665,2022,Microlensing
Kepler-245 b,Kepler-245,7.49019,2.57,,2014,Transit
Kepler-1615 b,Kepler-1615,47.3126192,2.06,,2016,Transit
Kepler-312 b,Kepler-312,1.772419,1.29,,2014,Transit
Kepler-60 b,Kepler-60,7.1334,1.71,4.19,2012,Transit
Kepler-856 b,Kepler-856,8.027680595,9.3,,2016,Transit
Kepler-1202 b,Kepler-1202,28.6851324,2.94,,2016,Transit
GJ 3293 c,GJ 3293,122.6196,,,2015,Radial Velocity
HD 136352 d,HD 136352,107.245,2.562,8.82,2019,Radial Velocity
GJ 876 b,GJ 876,61.1166,,723.2235,1998,Radial Velocity
Kepler-1651 b,Kepler-1651,9.87863917,1.84,,2017,Transit
K2-275 b,K2-275,3.2809626,2.34,,2018,Transit
TOI-4465 b,TOI-4465,101.94054,14.01122587,1872.00931723,2025,Transit
TOI-5800 b,TOI-5800,2.627882,2.68,10.8,2025,Transit
Kepler-1162 b,Kepler-1162,32.5637069,2.21,,2016,Transit
Kepler-292 c,Kepler-292,3.715335,1.47,,2014,Transit
WASP-39 b,WASP-39,4.0552842,,,2011,Transit
Kepler-435 b,Kepler-435,8.6001536,22.31,266.97,2015,Transit
Kepler-352 c,Kepler-352,16.332995,1.24,,2014,Transit
CoRoT-14 b,CoRoT-14,1.51214,12.22,2415.4,2010,Transit
HATS-35 b,HATS-35,1.8209993,16.409976,388.38826,2016,Transit
TOI-4504 c,TOI-4504,82.97213,11.09689089,1197.32317485,2024,Transit
K2-388 b,K2-388,6.339069,3.66,,2022,Transit
HD 19615 b,HD 19615,402.0,,,2022,Radial Velocity
Kepler-1141 b,Kepler-1141,2.344511944,0.82,,2016,Transit
HD 183579 b,HD 183579,17.471291,3.49,20.4,2021,Transit
Kepler-671 b,Kepler-671,4.280958588,2.69,,2016,Transit
Kepler-1542 b,Kepler-1542,3.95116882,0.76,,2016,Transit
Kepler-182 c,Kepler-182,20.684342,3.43,,2014,Transit
WASP-193 b,WASP-193,6.2463345,16.40994774,44.17814857,2023,Transit
K2-99 b,K2-99,18.24783,11.88151954,276.51071409,2016,Transit
Kepler-783 c,Kepler-783,7.05395,2.33153725,,2020,Transit
GJ 414 A c,GJ 414 A,749.83,8.4,,2021,Radial Velocity
HAT-P-17 b,HAT-P-17,10.33852,11.76945,184.3414,2010,Transit
TYC 2187-512-1 b,TYC 2187-512-1,691.9,,,2022,Radial Velocity
YZ Cet b,YZ Cet,2.02087,,,2017,Radial Velocity
HR 858 b,HR 858,3.585287,2.004,3.55,2019,Transit
Kepler-447 b,Kepler-447,7.79430132,18.49,435.41,2015,Transit
TIC 434398831 c,TIC 434398831,6.210291,5.63,,2025,Transit
Kepler-1485 b,Kepler-1485,19.9157725,1.47,,2016,Transit
TOI-2010 b,TOI-2010,141.834025,11.81426566,408.7273314,2023,Transit
HD 153557 c,HD 153557,15.27018,,,2022,Radial Velocity
Kepler-1394 b,Kepler-1394,3.93766373,1.39,,2016,Transit
Kepler-56 b,Kepler-56,10.5016,6.51,22.1,2012,Transit
Kepler-1220 b,Kepler-1220,7.42693741,1.52,,2016,Transit
K2-36 c,K2-36,5.340888,3.2,7.9,2016,Transit
Kepler-573 b,Kepler-573,22.18329658,2.79,,2016,Transit
TOI-1278 b,TOI-1278,14.47567,12.21778896,5879.8255295,2021,Transit
Kepler-1787 b,Kepler-1787,39.31370163,2.31898181,,2021,Transit
Kepler-1988 b,Kepler-1988,11.49500229,1.53,,2023,Transit
Kepler-280 b,Kepler-280,2.139542,1.45,,2014,Transit
HD 104067 c,HD 104067,13.8992,,,2024,Radial Velocity
K2-88 b,K2-88,4.6122,1.23,,2016,Transit
HIP 74890 b,HIP 74890,822.3,,,2016,Radial Velocity
K2-190 c,K2-190,21.574023,1.09308317,,2018,Transit
Kepler-1214 b,Kepler-1214,18.82634264,2.36,,2016,Transit
Kepler-1978 b,Kepler-1978,10.84969477,2.67,,2023,Transit
Kepler-20 d,Kepler-20,77.611455,2.606,13.4,2011,Transit
NGTS-8 b,NGTS-8,2.4997,12.21781,295.5819,2019,Transit
HD 22946 d,HD 22946,47.42489,2.607,26.57,2023,Transit
WISE J033605.05-014350.4 b,WISE J033605.05-014350.4,2560.0,,2622.08435775,2023,Imaging
HD 65216 b,HD 65216,577.6,,,2003,Radial Velocity
Kepler-248 c,Kepler-248,16.239494,4.07,,2014,Transit
K2-282 b,K2-282,4.169783,2.5,,2018,Transit
TOI-2274 b,TOI-2274,2.67963,2.45,,2024,Transit
BD+15 2940 b,BD+15 2940,137.48,,,2013,Radial Velocity
Kepler-1642 b,Kepler-1642,12.2057513,3.2,,2016,Transit
Kepler-711 b,Kepler-711,23.58914398,3.41,,2016,Transit
TOI-907.01,TOI-907,4.5849129,9.6158851,,2024,Transit
HIP 91258 b,HIP 91258,5.0505,,,2013,Radial Velocity
TOI-2459 b,TOI-2459,19.104718,2.9531,,2023,Transit
TOI-1670 c,TOI-1670,40.74976,11.06326395,200.23189641,2022,Transit
Kepler-685 b,Kepler-685,1.6255222,10.58,,2016,Transit
HD 153950 b,HD 153950,499.39999,,,2008,Radial Velocity
HD 95872 b,HD 95872,4375.0,,,2015,Radial Velocity
K2-233 d,K2-233,24.3645,2.358,21.14,2018,Transit
Kepler-1117 b,Kepler-1117,4.79028459,1.11,,2016,Transit
Kepler-1990 c,Kepler-1990,4.06844957,0.98,,2023,Transit
K2-133 c,K2-133,4.86784,1.603,,2017,Transit
K2-369 b,K2-369,5.761612,1.313,,2022,Transit
K2-414 b,K2-414,4.3696,1.219,,2022,Transit
HD 60532 c,HD 60532,600.1,,,2008,Radial Velocity
WASP-35 b,WASP-35,3.16158,14.5717,225.6593,2011,Transit
HD 204941 b,HD 204941,1733.0,,,2011,Radial Velocity
Kepler-468 b,Kepler-468,38.478757067,13.34,,2016,Transit
Kepler-256 b,Kepler-256,1.620493,1.59,,2014,Transit
TOI-3757 b,TOI-3757,3.438753,12.0,85.3,2022,Transit
Kepler-482 b,Kepler-482,56.35418576,2.36,,2016,Transit
Kepler-709 b,Kepler-709,16.08524954,2.92,,2016,Transit
HD 38529 c,HD 38529,2127.60566,,3299.05886466,2000,Radial Velocity
Kepler-851 b,Kepler-851,8.50699658,1.68,,2016,Transit
DMPP-4 b,DMPP-4,3.4982,,,2023,Radial Velocity
K2-148 c,K2-148,6.9226,1.73,,2018,Transit
EPIC 201754305 d,K2-16,2.71578,1.03,,2019,Transit
GJ 581 c,GJ 581,12.9211,,6.81,2007,Radial Velocity
Kepler-234 c,Kepler-234,7.21205,3.51,,2014,Transit
DMPP-2 b,DMPP-2,5.2072,,,2019,Radial Velocity
OGLE-2016-BLG-1800L b,OGLE-2016-BLG-1800L,,,823.17557413,2024,Microlensing
HD 45184 c,HD 45184,13.1354,,,2019,Radial Velocity
Kepler-744 b,Kepler-744,12.06222443,1.62,,2016,Transit
Kepler-11 d,Kepler-11,22.6845,3.12,7.3,2010,Transit
Kepler-1332 b,Kepler-1332,11.87456832,1.37,,2016,Transit
MOA-2009-BLG-266L b,MOA-2009-BLG-266L,2800.0,,10.4,2011,Microlensing
K2-8 c,K2-8,5.06416,2.41,,2016,Transit
Kepler-254 b,Kepler-254,5.826662,3.87,,2014,Transit
K2-285 e,K2-285,14.76289,1.95,10.7,2018,Transit
Kepler-1515 b,Kepler-1515,214.3114164,9.55,,2016,Transit
Kepler-1588 b,Kepler-1588,7.84931739,0.76,,2016,Transit
Kepler-945 b,Kepler-945,31.0033814,2.63,,2016,Transit
Kepler-1103 b,Kepler-1103,19.79191978,2.27,,2016,Transit
Kepler-339 d,Kepler-339,10.558345,1.17,,2014,Transit
K2-317 b,K2-317,6.22,2.93,,2020,Transit
Kepler-116 c,Kepler-116,13.07163,2.3,,2014,Transit
OGLE-2016-BLG-1067L b,OGLE-2016-BLG-1067L,,,140.0,2019,Microlensing
Kepler-1920 b,Kepler-1920,30.2541008,2.95415848,,2021,Transit
K2-148 d,K2-148,9.7579,1.64,,2018,Transit
Ross 508 b,Ross 508,10.77,,,2022,Radial Velocity
K2-266 e,K2-266,19.482,2.73,14.3,2018,Transit
HD 238914 b,HD 238914,4100.0,,,2018,Radial Velocity
WASP-132 c,WASP-132,1.01153624,1.841,6.26,2022,Transit
Kepler-192 c,Kepler-192,21.2234,2.79,,2014,Transit
Kepler-1995 b,Kepler-1995,73.7578875,4.28,,2023,Transit
K2-89 b,K2-89,1.096026,0.615,,2016,Transit
Kepler-409 b,Kepler-409,68.9583216,1.199,6.0,2014,Transit
Kepler-299 d,Kepler-299,15.054786,1.86,,2014,Transit
51 Eri b,51 Eri,,,635.66,2015,Imaging
OGLE-2008-BLG-355L b,OGLE-2008-BLG-355L,,,1500.0,2014,Microlensing
Kepler-376 b,Kepler-376,4.920199,1.07,,2014,Transit
Kepler-1603 b,Kepler-1603,2.27163926,1.29,,2016,Transit
OGLE-2013-BLG-0911L b,OGLE-2013-BLG-0911L,,,3020.0,2019,Microlensing
Kepler-570 b,Kepler-570,4.301662003,2.45,,2016,Transit
Kepler-203 c,Kepler-203,5.370647,2.47,,2014,Transit
HD 80869 b,HD 80869,1752.92067,,1609.80088146,2021,Radial Velocity
pi Men c,HD 39091,6.267852,2.11,4.3,2018,Transit
K2-5 c,K2-5,10.93241,2.26,,2015,Transit
Kepler-124 b,Kepler-124,3.410493,0.73,,2014,Transit
HD 106515 A b,HD 106515 A,3586.86089,,3025.09077783,2012,Radial Velocity
HATS-62 b,HATS-62,3.2768837,11.825495,56.89157,2018,Transit
Kepler-393 c,Kepler-393,14.613612,1.33,,2014,Transit
HD 39194 b,HD 39194,5.6368,,,2021,Radial Velocity
HAT-P-19 b,HAT-P-19,4.00878322,11.29865255,88.03846874,2010,Transit
K2-239 b,K2-239,5.24,1.1,,2018,Transit
Kepler-224 e,Kepler-224,18.643577,1.97,,2014,Transit
TOI-2567 b,TOI-2567,5.983944,10.92875618,63.88350981,2022,Transit
OGLE-2019-BLG-0468L c,OGLE-2019-BLG-0468L,,,3248.20631954,2022,Microlensing
Kepler-975 c,Kepler-975,5.05821338,10.69,,2023,Transit
HD 109833 c,HD 109833,13.900148,2.59,,2022,Transit
Kepler-949 c,Kepler-949,20.99757968,2.97,,2023,Transit
HD 24040 b,HD 24040,3668.0,,,2006,Radial Velocity
Kepler-82 d,Kepler-82,2.382961,1.77,,2014,Transit
Kepler-141 b,Kepler-141,3.107675,0.69,,2014,Transit
Kepler-4 b,Kepler-4,3.21346,4.002,24.472,2009,Transit
K2-44 b,K2-44,5.657,2.433,,2016,Transit
Kepler-810 b,Kepler-810,4.59725385,1.93,,2016,Transit
HD 10180 d,HD 10180,16.357,,,2010,Radial Velocity
75 Cet c,75 Cet,2051.62,,,2023,Radial Velocity
Kepler-142 c,Kepler-142,4.761702,2.86,,2014,Transit
TOI-2285 b,TOI-2285,13.635109,1.77,,2021,Transit
Kepler-793 b,Kepler-793,4.24153639,1.37,,2016,Transit
TOI-7041 b,TOI-7041,9.691,11.43316031,114.41822652,2025,Transit
Kepler-1198 b,Kepler-1198,7.6847716,1.47,,2016,Transit
Kepler-1084 b,Kepler-1084,2.05333679,1.11,,2016,Transit
Kepler-23 c,Kepler-23,10.74,3.005,7.81,2011,Transit
Kepler-9 c,Kepler-9,38.9853,8.08,29.9,2010,Transit
K2-13 b,K2-13,39.91488,1.89,,2015,Transit
WASP-66 b,WASP-66,4.08605,15.6926,746.9005,2012,Transit
TOI-3629 b,TOI-3629,3.936551,8.29464572,82.63538582,2022,Transit
MOA-2012-BLG-006L b,MOA-2012-BLG-006L,,,2700.0,2017,Microlensing
EPIC 212499991 b,EPIC 212499991,34.885,1.6,,2019,Transit
HD 82943 b,HD 82943,441.47,,534.25,2003,Radial Velocity
7 CMa b,7 CMa,735.1,,,2011,Radial Velocity
PSR J1719-1438 b,PSR J1719-1438,0.090706293,,382.8,2011,Pulsar Timing
Kepler-913 c,Kepler-913,5.939119816,3.8580709,,2021,Transit
HD 38283 b,HD 38283,363.20001,,,2010,Radial Velocity
K2-407 b,K2-407,4.941907,1.283,,2022,Transit
KMT-2019-BLG-1042L b,KMT-2019-BLG-1042L,,,60.38739733,2022,Microlensing
Kepler-1004 b,Kepler-1004,5.28789787,6.28,,2016,Transit
Kepler-26 b,Kepler-26,12.28,2.78,5.12,2011,Transit
Kepler-103 b,Kepler-103,15.9653287,3.486,9.8,2014,Transit
HD 11755 b,HD 11755,433.70001,,,2015,Radial Velocity
GJ 676 A e,GJ 676 A,35.47358,,,2012,Radial Velocity
KOI-351 e,KOI-351,91.93913,2.66,,2013,Transit
TOI-1347 b,TOI-1347,0.84742346,1.8,11.1,2024,Transit
K2-63 c,K2-63,25.4556,3.9,,2016,Transit
Kepler-391 c,Kepler-391,20.485435,3.54,,2014,Transit
Kepler-37 d,Kepler-37,39.7922622,2.03,2.0,2013,Transit
LSPM J2116+0234 b,LSPM J2116+0234,14.4399,,,2019,Radial Velocity
HD 102117 b,HD 102117,20.8133,,,2005,Radial Velocity
Kepler-18 c,Kepler-18,7.64159,5.49,17.3,2011,Transit
Kepler-1609 b,Kepler-1609,114.34219,2.22,,2016,Transit
HD 171238 b,HD 171238,1532.0,,,2009,Radial Velocity
YZ Cet c,YZ Cet,3.05989,,,2017,Radial Velocity
K2-281 b,K2-281,8.687721,8.18,,2018,Transit
Kepler-230 c,Kepler-230,91.773242,2.04,,2014,Transit
TOI-451 b,TOI-451,1.858703,1.91,,2020,Transit
Kepler-1890 b,Kepler-1890,4.820590019,0.86867375,,2021,Transit
HD 60292 b,HD 60292,495.4,,,2020,Radial Velocity
Kepler-1240 b,Kepler-1240,4.8663815,1.15,,2016,Transit
HATS-59 c,HATS-59,1422.0,,,2018,Radial Velocity
K2-353 b,K2-353,15.466805,5.55,,2021,Transit
TOI-2068 b,TOI-2068,7.768915,1.821,,2024,Transit
KMT-2021-BLG-1554L b,KMT-2021-BLG-1554L,,,38.13940884,2022,Microlensing
Kepler-798 b,Kepler-798,13.71933369,2.39,,2016,Transit
WASP-6 b,WASP-6,3.36101,11.54527,117.5971,2009,Transit
Kepler-164 e,Kepler-164,94.886902,4.24,,2023,Transit
Kepler-1669 b,Kepler-1669,9.51216,2.78043818,,2020,Transit
HD 28109 b,HD 28109,22.89104,2.199,18.496,2022,Transit
Kepler-58 b,Kepler-58,10.2184954,2.78,35.5,2012,Transit
TOI-2374 b,TOI-2374,4.31361,6.81,56.64,2024,Transit
WASP-189 b,WASP-189,2.724033,18.14733975,632.47852993,2020,Transit
HD 43197 b,HD 43197,308.92072,,,2010,Radial Velocity
Kepler-351 b,Kepler-351,37.054919,3.06,,2014,Transit
MOA-2010-BLG-073L b,MOA-2010-BLG-073L,,,3500.0,2012,Microlensing
HAT-P-17 c,HAT-P-17,5584.0,,,2010,Radial Velocity
K2-58 c,K2-58,2.53726,1.62,,2016,Transit
KOI-1783.02,KOI-1783,284.215,5.44,15.0,2020,Transit
Kepler-489 b,Kepler-489,17.276296119,7.72,,2016,Transit
HD 73583 c,HD 73583,18.87974,2.39,9.7,2022,Transit
TYC 1422-614-1 c,TYC 1422-614-1,559.3,,,2014,Radial Velocity
TOI-198 b,TOI-198,10.2152,1.44,,2023,Transit
Kepler-1679 b,Kepler-1679,9.75376,2.0692036,,2020,Transit
HAT-P-38 b,HAT-P-38,4.640382,9.247,84.857,2012,Transit
HD 96992 b,HD 96992,514.0,,,2021,Radial Velocity
Kepler-1772 b,Kepler-1772,3.215090036,2.68609988,,2021,Transit
Kepler-167 b,Kepler-167,4.3931539,1.718,,2014,Transit
Kepler-1537 b,Kepler-1537,1.444453798,1.18,,2016,Transit
Kepler-1643 b,Kepler-1643,5.342657,2.32,,2016,Transit
HAT-P-34 b,HAT-P-34,5.452654,13.417173,1058.3739,2011,Transit
Kepler-502 b,Kepler-502,4.28686431,4.77,,2016,Transit
Kepler-1191 b,Kepler-1191,5.60014851,1.51,,2016,Transit
Kepler-246 c,Kepler-246,11.187161,1.5,,2014,Transit
FU Tau b,FU Tau,,,5085.28,2008,Imaging
K2-138 f,K2-138,12.75758,2.904,1.63,2017,Transit
HD 74156 b,HD 74156,51.63564,,,2003,Radial Velocity
Kepler-361 b,Kepler-361,8.486616,1.45,,2014,Transit
Kepler-416 d,Kepler-416,3.07644709,1.61,,2023,Transit
Kepler-1475 b,Kepler-1475,82.177374,2.92,,2016,Transit
Kepler-1607 b,Kepler-1607,13.6473676,0.92,,2016,Transit
HD 22781 b,HD 22781,528.07,,,2011,Radial Velocity
HD 65216 c,HD 65216,5370.0,,,2013,Radial Velocity
HATS-16 b,HATS-16,2.686502,14.5717,1039.3041,2016,Transit
HD 137496 b,HD 137496,1.62116,1.31,4.04,2021,Transit
Kepler-224 b,Kepler-224,3.132924,1.39,,2014,Transit
HD 15337 b,HD 15337,4.7559804,1.77,6.519,2019,Transit
K2-352 d,K2-352,14.871387,2.23,,2021,Transit
Kepler-331 c,Kepler-331,17.28111,1.84,,2014,Transit
Kepler-1989 b,Kepler-1989,10.161023528,4.62,,2023,Transit
Kepler-178 b,Kepler-178,9.576694,2.9,,2014,Transit
Kepler-680 b,Kepler-680,3.689926291,2.42,,2016,Transit
Kepler-934 b,Kepler-934,55.6738309,2.09,,2016,Transit
TOI-1269 b,TOI-1269,4.2529913,2.40144286,6.4,2024,Transit
Kepler-1525 b,Kepler-1525,2.416601183,0.91,,2016,Transit
TOI-778 b,TOI-778,4.633611,15.4,878.0,2023,Transit
K2-18 b,K2-18,32.939623,2.37,8.92,2015,Transit
