2026-02-15 07:54:21,727 - __main__ - INFO - Starting Long-Period Gap Fill Survey for Kepler targets.
2026-02-15 07:54:21,737 - __main__ - INFO - Loaded combined metadata from: /Users/emmanuel/proj/phd/data_files/full_metadata_v2.csv
2026-02-15 07:54:21,738 - __main__ - INFO - Found 1554 Long-Period Kepler Targets to process.
2026-02-15 07:54:21,822 - __main__ - INFO - Model loaded from /Users/emmanuel/proj/phd/results/run_20260125-144401/exo_multimodal_model_best.h5
2026-02-15 07:54:23,765 - __main__ - WARNING - File not found for Kepler ID: 2306756 (Expected: kplr002306756_llc.fits). Skipping.
2026-02-15 07:54:25,244 - __main__ - WARNING - File not found for Kepler ID: 11465813 (Expected: kplr011465813_llc.fits). Skipping.
2026-02-15 07:54:26,626 - __main__ - WARNING - File not found for Kepler ID: 3832474 (Expected: kplr003832474_llc.fits). Skipping.
2026-02-15 07:54:27,940 - __main__ - WARNING - File not found for Kepler ID: 6867155 (Expected: kplr006867155_llc.fits). Skipping.
2026-02-15 07:54:29,276 - __main__ - WARNING - File not found for Kepler ID: 6862328 (Expected: kplr006862328_llc.fits). Skipping.
2026-02-15 07:54:30,561 - __main__ - WARNING - File not found for Kepler ID: 9471974 (Expected: kplr009471974_llc.fits). Skipping.
2026-02-15 07:54:31,843 - __main__ - WARNING - File not found for Kepler ID: 7373451 (Expected: kplr007373451_llc.fits). Skipping.
2026-02-15 07:54:33,208 - __main__ - WARNING - File not found for Kepler ID: 8490993 (Expected: kplr008490993_llc.fits). Skipping.
2026-02-15 07:54:34,522 - __main__ - WARNING - File not found for Kepler ID: 9904059 (Expected: kplr009904059_llc.fits). Skipping.
2026-02-15 07:54:35,816 - __main__ - WARNING - File not found for Kepler ID: 10460629 (Expected: kplr010460629_llc.fits). Skipping.
2026-02-15 07:54:37,097 - __main__ - WARNING - File not found for Kepler ID: 8559644 (Expected: kplr008559644_llc.fits). Skipping.
2026-02-15 07:54:38,377 - __main__ - WARNING - File not found for Kepler ID: 10287723 (Expected: kplr010287723_llc.fits). Skipping.
2026-02-15 07:54:39,787 - __main__ - WARNING - File not found for Kepler ID: 1996679 (Expected: kplr001996679_llc.fits). Skipping.
2026-02-15 07:54:41,116 - __main__ - WARNING - File not found for Kepler ID: 3942446 (Expected: kplr003942446_llc.fits). Skipping.
2026-02-15 07:54:42,403 - __main__ - WARNING - File not found for Kepler ID: 3644071 (Expected: kplr003644071_llc.fits). Skipping.
2026-02-15 07:54:43,685 - __main__ - WARNING - File not found for Kepler ID: 8246781 (Expected: kplr008246781_llc.fits). Skipping.
2026-02-15 07:54:44,964 - __main__ - WARNING - File not found for Kepler ID: 1432214 (Expected: kplr001432214_llc.fits). Skipping.
2026-02-15 07:54:46,263 - __main__ - WARNING - File not found for Kepler ID: 8240904 (Expected: kplr008240904_llc.fits). Skipping.
2026-02-15 07:54:47,652 - __main__ - WARNING - File not found for Kepler ID: 8414907 (Expected: kplr008414907_llc.fits). Skipping.
2026-02-15 07:54:48,933 - __main__ - WARNING - File not found for Kepler ID: 8414907 (Expected: kplr008414907_llc.fits). Skipping.
2026-02-15 07:54:50,312 - __main__ - WARNING - File not found for Kepler ID: 3756801 (Expected: kplr003756801_llc.fits). Skipping.
2026-02-15 07:54:51,615 - __main__ - WARNING - File not found for Kepler ID: 1871056 (Expected: kplr001871056_llc.fits). Skipping.
2026-02-15 07:54:52,937 - __main__ - WARNING - File not found for Kepler ID: 1722276 (Expected: kplr001722276_llc.fits). Skipping.
2026-02-15 07:54:54,303 - __main__ - WARNING - File not found for Kepler ID: 1027438 (Expected: kplr001027438_llc.fits). Skipping.
2026-02-15 07:54:55,701 - __main__ - WARNING - File not found for Kepler ID: 3230491 (Expected: kplr003230491_llc.fits). Skipping.
2026-02-15 07:54:57,128 - __main__ - WARNING - File not found for Kepler ID: 10528068 (Expected: kplr010528068_llc.fits). Skipping.
2026-02-15 07:54:58,625 - __main__ - WARNING - File not found for Kepler ID: 2162635 (Expected: kplr002162635_llc.fits). Skipping.
2026-02-15 07:54:59,967 - __main__ - WARNING - File not found for Kepler ID: 2853093 (Expected: kplr002853093_llc.fits). Skipping.
2026-02-15 07:55:01,246 - __main__ - WARNING - File not found for Kepler ID: 11122894 (Expected: kplr011122894_llc.fits). Skipping.
2026-02-15 07:55:02,614 - __main__ - WARNING - File not found for Kepler ID: 11030711 (Expected: kplr011030711_llc.fits). Skipping.
2026-02-15 07:55:03,958 - __main__ - WARNING - File not found for Kepler ID: 11075279 (Expected: kplr011075279_llc.fits). Skipping.
2026-02-15 07:55:05,282 - __main__ - WARNING - File not found for Kepler ID: 6541920 (Expected: kplr006541920_llc.fits). Skipping.
2026-02-15 07:55:06,565 - __main__ - WARNING - File not found for Kepler ID: 7357531 (Expected: kplr007357531_llc.fits). Skipping.
2026-02-15 07:55:07,845 - __main__ - WARNING - File not found for Kepler ID: 11027624 (Expected: kplr011027624_llc.fits). Skipping.
2026-02-15 07:55:09,203 - __main__ - WARNING - File not found for Kepler ID: 8630788 (Expected: kplr008630788_llc.fits). Skipping.
2026-02-15 07:55:10,522 - __main__ - WARNING - File not found for Kepler ID: 6766634 (Expected: kplr006766634_llc.fits). Skipping.
2026-02-15 07:55:11,846 - __main__ - WARNING - File not found for Kepler ID: 8678594 (Expected: kplr008678594_llc.fits). Skipping.
2026-02-15 07:55:13,175 - __main__ - WARNING - File not found for Kepler ID: 8813698 (Expected: kplr008813698_llc.fits). Skipping.
2026-02-15 07:55:14,469 - __main__ - WARNING - File not found for Kepler ID: 8631160 (Expected: kplr008631160_llc.fits). Skipping.
2026-02-15 07:55:15,761 - __main__ - WARNING - File not found for Kepler ID: 7830637 (Expected: kplr007830637_llc.fits). Skipping.
2026-02-15 07:55:17,158 - __main__ - WARNING - File not found for Kepler ID: 8800954 (Expected: kplr008800954_llc.fits). Skipping.
2026-02-15 07:55:18,438 - __main__ - WARNING - File not found for Kepler ID: 4155328 (Expected: kplr004155328_llc.fits). Skipping.
2026-02-15 07:55:19,732 - __main__ - WARNING - File not found for Kepler ID: 3962440 (Expected: kplr003962440_llc.fits). Skipping.
2026-02-15 07:55:21,085 - __main__ - WARNING - File not found for Kepler ID: 3534076 (Expected: kplr003534076_llc.fits). Skipping.
2026-02-15 07:55:22,481 - __main__ - WARNING - File not found for Kepler ID: 10790387 (Expected: kplr010790387_llc.fits). Skipping.
2026-02-15 07:55:23,881 - __main__ - WARNING - File not found for Kepler ID: 7303287 (Expected: kplr007303287_llc.fits). Skipping.
2026-02-15 07:55:25,176 - __main__ - WARNING - File not found for Kepler ID: 6621116 (Expected: kplr006621116_llc.fits). Skipping.
2026-02-15 07:55:26,550 - __main__ - WARNING - File not found for Kepler ID: 6470149 (Expected: kplr006470149_llc.fits). Skipping.
2026-02-15 07:55:27,848 - __main__ - WARNING - File not found for Kepler ID: 7363829 (Expected: kplr007363829_llc.fits). Skipping.
2026-02-15 07:55:29,158 - __main__ - WARNING - File not found for Kepler ID: 11342550 (Expected: kplr011342550_llc.fits). Skipping.
2026-02-15 07:55:30,440 - __main__ - WARNING - File not found for Kepler ID: 6665223 (Expected: kplr006665223_llc.fits). Skipping.
2026-02-15 07:55:31,797 - __main__ - WARNING - File not found for Kepler ID: 6946199 (Expected: kplr006946199_llc.fits). Skipping.
2026-02-15 07:55:33,079 - __main__ - WARNING - File not found for Kepler ID: 11177707 (Expected: kplr011177707_llc.fits). Skipping.
2026-02-15 07:55:34,458 - __main__ - WARNING - File not found for Kepler ID: 9836959 (Expected: kplr009836959_llc.fits). Skipping.
2026-02-15 07:55:35,787 - __main__ - WARNING - File not found for Kepler ID: 12400538 (Expected: kplr012400538_llc.fits). Skipping.
2026-02-15 07:55:37,068 - __main__ - WARNING - File not found for Kepler ID: 7199906 (Expected: kplr007199906_llc.fits). Skipping.
2026-02-15 07:55:38,430 - __main__ - WARNING - File not found for Kepler ID: 10028792 (Expected: kplr010028792_llc.fits). Skipping.
2026-02-15 07:55:39,731 - __main__ - WARNING - File not found for Kepler ID: 10028792 (Expected: kplr010028792_llc.fits). Skipping.
2026-02-15 07:55:41,047 - __main__ - WARNING - File not found for Kepler ID: 7939330 (Expected: kplr007939330_llc.fits). Skipping.
2026-02-15 07:55:42,339 - __main__ - WARNING - File not found for Kepler ID: 4918309 (Expected: kplr004918309_llc.fits). Skipping.
2026-02-15 07:55:43,655 - __main__ - WARNING - File not found for Kepler ID: 7768451 (Expected: kplr007768451_llc.fits). Skipping.
2026-02-15 07:55:44,940 - __main__ - WARNING - File not found for Kepler ID: 7672940 (Expected: kplr007672940_llc.fits). Skipping.
2026-02-15 07:55:46,326 - __main__ - WARNING - File not found for Kepler ID: 9512981 (Expected: kplr009512981_llc.fits). Skipping.
2026-02-15 07:55:47,647 - __main__ - WARNING - File not found for Kepler ID: 8692861 (Expected: kplr008692861_llc.fits). Skipping.
2026-02-15 07:55:48,930 - __main__ - WARNING - File not found for Kepler ID: 7811397 (Expected: kplr007811397_llc.fits). Skipping.
2026-02-15 07:55:50,213 - __main__ - WARNING - File not found for Kepler ID: 10027323 (Expected: kplr010027323_llc.fits). Skipping.
2026-02-15 07:55:51,497 - __main__ - WARNING - File not found for Kepler ID: 9663113 (Expected: kplr009663113_llc.fits). Skipping.
2026-02-15 07:55:52,824 - __main__ - WARNING - File not found for Kepler ID: 7898352 (Expected: kplr007898352_llc.fits). Skipping.
2026-02-15 07:55:54,188 - __main__ - WARNING - File not found for Kepler ID: 9902856 (Expected: kplr009902856_llc.fits). Skipping.
2026-02-15 07:55:55,464 - __main__ - WARNING - File not found for Kepler ID: 6468138 (Expected: kplr006468138_llc.fits). Skipping.
2026-02-15 07:55:56,754 - __main__ - WARNING - File not found for Kepler ID: 9650808 (Expected: kplr009650808_llc.fits). Skipping.
2026-02-15 07:55:58,058 - __main__ - WARNING - File not found for Kepler ID: 5809954 (Expected: kplr005809954_llc.fits). Skipping.
2026-02-15 07:55:59,387 - __main__ - WARNING - File not found for Kepler ID: 7289577 (Expected: kplr007289577_llc.fits). Skipping.
2026-02-15 07:56:00,755 - __main__ - WARNING - File not found for Kepler ID: 11769890 (Expected: kplr011769890_llc.fits). Skipping.
2026-02-15 07:56:02,039 - __main__ - WARNING - File not found for Kepler ID: 8257205 (Expected: kplr008257205_llc.fits). Skipping.
2026-02-15 07:56:03,327 - __main__ - WARNING - File not found for Kepler ID: 10779233 (Expected: kplr010779233_llc.fits). Skipping.
2026-02-15 07:56:04,655 - __main__ - WARNING - File not found for Kepler ID: 3239671 (Expected: kplr003239671_llc.fits). Skipping.
2026-02-15 07:56:05,953 - __main__ - WARNING - File not found for Kepler ID: 8160953 (Expected: kplr008160953_llc.fits). Skipping.
2026-02-15 07:56:07,233 - __main__ - WARNING - File not found for Kepler ID: 10005758 (Expected: kplr010005758_llc.fits). Skipping.
2026-02-15 07:56:08,592 - __main__ - WARNING - File not found for Kepler ID: 6504954 (Expected: kplr006504954_llc.fits). Skipping.
2026-02-15 07:56:09,900 - __main__ - WARNING - File not found for Kepler ID: 9520838 (Expected: kplr009520838_llc.fits). Skipping.
2026-02-15 07:56:11,227 - __main__ - WARNING - File not found for Kepler ID: 9349482 (Expected: kplr009349482_llc.fits). Skipping.
2026-02-15 07:56:12,513 - __main__ - WARNING - File not found for Kepler ID: 10656508 (Expected: kplr010656508_llc.fits). Skipping.
2026-02-15 07:56:13,800 - __main__ - WARNING - File not found for Kepler ID: 5124667 (Expected: kplr005124667_llc.fits). Skipping.
2026-02-15 07:56:15,162 - __main__ - WARNING - File not found for Kepler ID: 10063802 (Expected: kplr010063802_llc.fits). Skipping.
2026-02-15 07:56:16,472 - __main__ - WARNING - File not found for Kepler ID: 7008211 (Expected: kplr007008211_llc.fits). Skipping.
2026-02-15 07:56:17,771 - __main__ - WARNING - File not found for Kepler ID: 4043443 (Expected: kplr004043443_llc.fits). Skipping.
2026-02-15 07:56:19,057 - __main__ - WARNING - File not found for Kepler ID: 2141783 (Expected: kplr002141783_llc.fits). Skipping.
2026-02-15 07:56:20,341 - __main__ - WARNING - File not found for Kepler ID: 6934986 (Expected: kplr006934986_llc.fits). Skipping.
2026-02-15 07:56:21,633 - __main__ - WARNING - File not found for Kepler ID: 11498128 (Expected: kplr011498128_llc.fits). Skipping.
2026-02-15 07:56:23,092 - __main__ - WARNING - File not found for Kepler ID: 10798331 (Expected: kplr010798331_llc.fits). Skipping.
2026-02-15 07:56:24,413 - __main__ - WARNING - File not found for Kepler ID: 4247991 (Expected: kplr004247991_llc.fits). Skipping.
2026-02-15 07:56:25,710 - __main__ - WARNING - File not found for Kepler ID: 10026544 (Expected: kplr010026544_llc.fits). Skipping.
2026-02-15 07:56:27,076 - __main__ - WARNING - File not found for Kepler ID: 10801100 (Expected: kplr010801100_llc.fits). Skipping.
2026-02-15 07:56:28,405 - __main__ - WARNING - File not found for Kepler ID: 2854181 (Expected: kplr002854181_llc.fits). Skipping.
2026-02-15 07:56:29,785 - __main__ - WARNING - File not found for Kepler ID: 9205938 (Expected: kplr009205938_llc.fits). Skipping.
2026-02-15 07:56:31,069 - __main__ - WARNING - File not found for Kepler ID: 8676038 (Expected: kplr008676038_llc.fits). Skipping.
2026-02-15 07:56:32,354 - __main__ - WARNING - File not found for Kepler ID: 11761199 (Expected: kplr011761199_llc.fits). Skipping.
2026-02-15 07:56:33,658 - __main__ - WARNING - File not found for Kepler ID: 8074805 (Expected: kplr008074805_llc.fits). Skipping.
2026-02-15 07:56:35,062 - __main__ - WARNING - File not found for Kepler ID: 6765135 (Expected: kplr006765135_llc.fits). Skipping.
2026-02-15 07:56:36,346 - __main__ - WARNING - File not found for Kepler ID: 3644653 (Expected: kplr003644653_llc.fits). Skipping.
2026-02-15 07:56:37,708 - __main__ - WARNING - File not found for Kepler ID: 8022489 (Expected: kplr008022489_llc.fits). Skipping.
2026-02-15 07:56:38,990 - __main__ - WARNING - File not found for Kepler ID: 3116302 (Expected: kplr003116302_llc.fits). Skipping.
2026-02-15 07:56:40,298 - __main__ - WARNING - File not found for Kepler ID: 10861715 (Expected: kplr010861715_llc.fits). Skipping.
2026-02-15 07:56:41,740 - __main__ - WARNING - File not found for Kepler ID: 6149910 (Expected: kplr006149910_llc.fits). Skipping.
2026-02-15 07:56:43,023 - __main__ - WARNING - File not found for Kepler ID: 8429314 (Expected: kplr008429314_llc.fits). Skipping.
2026-02-15 07:56:44,473 - __main__ - WARNING - File not found for Kepler ID: 8240617 (Expected: kplr008240617_llc.fits). Skipping.
2026-02-15 07:56:45,880 - __main__ - WARNING - File not found for Kepler ID: 8758204 (Expected: kplr008758204_llc.fits). Skipping.
2026-02-15 07:56:47,291 - __main__ - WARNING - File not found for Kepler ID: 5871985 (Expected: kplr005871985_llc.fits). Skipping.
2026-02-15 07:56:48,578 - __main__ - WARNING - File not found for Kepler ID: 8292840 (Expected: kplr008292840_llc.fits). Skipping.
2026-02-15 07:56:49,856 - __main__ - WARNING - File not found for Kepler ID: 10917043 (Expected: kplr010917043_llc.fits). Skipping.
2026-02-15 07:56:51,157 - __main__ - WARNING - File not found for Kepler ID: 8167959 (Expected: kplr008167959_llc.fits). Skipping.
2026-02-15 07:56:52,552 - __main__ - WARNING - File not found for Kepler ID: 12416987 (Expected: kplr012416987_llc.fits). Skipping.
2026-02-15 07:56:54,127 - __main__ - WARNING - File not found for Kepler ID: 3425851 (Expected: kplr003425851_llc.fits). Skipping.
2026-02-15 07:56:55,410 - __main__ - WARNING - File not found for Kepler ID: 10275766 (Expected: kplr010275766_llc.fits). Skipping.
2026-02-15 07:56:56,695 - __main__ - WARNING - File not found for Kepler ID: 5649325 (Expected: kplr005649325_llc.fits). Skipping.
2026-02-15 07:56:58,002 - __main__ - WARNING - File not found for Kepler ID: 9958387 (Expected: kplr009958387_llc.fits). Skipping.
2026-02-15 07:56:59,405 - __main__ - WARNING - File not found for Kepler ID: 6716021 (Expected: kplr006716021_llc.fits). Skipping.
2026-02-15 07:57:00,693 - __main__ - WARNING - File not found for Kepler ID: 6878240 (Expected: kplr006878240_llc.fits). Skipping.
2026-02-15 07:57:01,977 - __main__ - WARNING - File not found for Kepler ID: 7899070 (Expected: kplr007899070_llc.fits). Skipping.
2026-02-15 07:57:03,312 - __main__ - WARNING - File not found for Kepler ID: 7826659 (Expected: kplr007826659_llc.fits). Skipping.
2026-02-15 07:57:04,622 - __main__ - WARNING - File not found for Kepler ID: 5881813 (Expected: kplr005881813_llc.fits). Skipping.
2026-02-15 07:57:05,920 - __main__ - WARNING - File not found for Kepler ID: 10265602 (Expected: kplr010265602_llc.fits). Skipping.
2026-02-15 07:57:07,279 - __main__ - WARNING - File not found for Kepler ID: 3663173 (Expected: kplr003663173_llc.fits). Skipping.
2026-02-15 07:57:08,564 - __main__ - WARNING - File not found for Kepler ID: 5609593 (Expected: kplr005609593_llc.fits). Skipping.
2026-02-15 07:57:09,867 - __main__ - WARNING - File not found for Kepler ID: 6716545 (Expected: kplr006716545_llc.fits). Skipping.
2026-02-15 07:57:11,201 - __main__ - WARNING - File not found for Kepler ID: 6432345 (Expected: kplr006432345_llc.fits). Skipping.
2026-02-15 07:57:12,485 - __main__ - WARNING - File not found for Kepler ID: 8703129 (Expected: kplr008703129_llc.fits). Skipping.
2026-02-15 07:57:13,777 - __main__ - WARNING - File not found for Kepler ID: 8210018 (Expected: kplr008210018_llc.fits). Skipping.
2026-02-15 07:57:15,143 - __main__ - WARNING - File not found for Kepler ID: 10749059 (Expected: kplr010749059_llc.fits). Skipping.
2026-02-15 07:57:16,497 - __main__ - WARNING - File not found for Kepler ID: 6603043 (Expected: kplr006603043_llc.fits). Skipping.
2026-02-15 07:57:17,802 - __main__ - WARNING - File not found for Kepler ID: 5652983 (Expected: kplr005652983_llc.fits). Skipping.
2026-02-15 07:57:19,080 - __main__ - WARNING - File not found for Kepler ID: 6471021 (Expected: kplr006471021_llc.fits). Skipping.
2026-02-15 07:57:20,365 - __main__ - WARNING - File not found for Kepler ID: 7364176 (Expected: kplr007364176_llc.fits). Skipping.
2026-02-15 07:57:21,764 - __main__ - WARNING - File not found for Kepler ID: 8686097 (Expected: kplr008686097_llc.fits). Skipping.
2026-02-15 07:57:23,087 - __main__ - WARNING - File not found for Kepler ID: 12356617 (Expected: kplr012356617_llc.fits). Skipping.
2026-02-15 07:57:24,376 - __main__ - WARNING - File not found for Kepler ID: 8008067 (Expected: kplr008008067_llc.fits). Skipping.
2026-02-15 07:57:25,660 - __main__ - WARNING - File not found for Kepler ID: 5217891 (Expected: kplr005217891_llc.fits). Skipping.
2026-02-15 07:57:26,948 - __main__ - WARNING - File not found for Kepler ID: 9880467 (Expected: kplr009880467_llc.fits). Skipping.
2026-02-15 07:57:28,249 - __main__ - WARNING - File not found for Kepler ID: 6948480 (Expected: kplr006948480_llc.fits). Skipping.
2026-02-15 07:57:29,640 - __main__ - WARNING - File not found for Kepler ID: 10386922 (Expected: kplr010386922_llc.fits). Skipping.
2026-02-15 07:57:30,931 - __main__ - WARNING - File not found for Kepler ID: 11442793 (Expected: kplr011442793_llc.fits). Skipping.
2026-02-15 07:57:32,211 - __main__ - WARNING - File not found for Kepler ID: 11442793 (Expected: kplr011442793_llc.fits). Skipping.
2026-02-15 07:57:33,492 - __main__ - WARNING - File not found for Kepler ID: 11566064 (Expected: kplr011566064_llc.fits). Skipping.
2026-02-15 07:57:34,823 - __main__ - WARNING - File not found for Kepler ID: 6665223 (Expected: kplr006665223_llc.fits). Skipping.
2026-02-15 07:57:36,191 - __main__ - WARNING - File not found for Kepler ID: 8474898 (Expected: kplr008474898_llc.fits). Skipping.
2026-02-15 07:57:37,504 - __main__ - WARNING - File not found for Kepler ID: 7429287 (Expected: kplr007429287_llc.fits). Skipping.
2026-02-15 07:57:38,781 - __main__ - WARNING - File not found for Kepler ID: 9214713 (Expected: kplr009214713_llc.fits). Skipping.
2026-02-15 07:57:40,165 - __main__ - WARNING - File not found for Kepler ID: 8609450 (Expected: kplr008609450_llc.fits). Skipping.
2026-02-15 07:57:41,603 - __main__ - WARNING - File not found for Kepler ID: 10189546 (Expected: kplr010189546_llc.fits). Skipping.
2026-02-15 07:57:42,881 - __main__ - WARNING - File not found for Kepler ID: 10748393 (Expected: kplr010748393_llc.fits). Skipping.
2026-02-15 07:57:44,244 - __main__ - WARNING - File not found for Kepler ID: 8822216 (Expected: kplr008822216_llc.fits). Skipping.
2026-02-15 07:57:45,548 - __main__ - WARNING - File not found for Kepler ID: 7303287 (Expected: kplr007303287_llc.fits). Skipping.
2026-02-15 07:57:46,880 - __main__ - WARNING - File not found for Kepler ID: 10212441 (Expected: kplr010212441_llc.fits). Skipping.
2026-02-15 07:57:48,164 - __main__ - WARNING - File not found for Kepler ID: 10937029 (Expected: kplr010937029_llc.fits). Skipping.
2026-02-15 07:57:49,462 - __main__ - WARNING - File not found for Kepler ID: 10387742 (Expected: kplr010387742_llc.fits). Skipping.
2026-02-15 07:57:50,961 - __main__ - WARNING - File not found for Kepler ID: 3239945 (Expected: kplr003239945_llc.fits). Skipping.
2026-02-15 07:57:52,277 - __main__ - WARNING - File not found for Kepler ID: 10467815 (Expected: kplr010467815_llc.fits). Skipping.
2026-02-15 07:57:53,723 - __main__ - WARNING - File not found for Kepler ID: 11246364 (Expected: kplr011246364_llc.fits). Skipping.
2026-02-15 07:57:55,056 - __main__ - WARNING - File not found for Kepler ID: 11709124 (Expected: kplr011709124_llc.fits). Skipping.
2026-02-15 07:57:56,397 - __main__ - WARNING - File not found for Kepler ID: 11805075 (Expected: kplr011805075_llc.fits). Skipping.
2026-02-15 07:57:57,810 - __main__ - WARNING - File not found for Kepler ID: 10593626 (Expected: kplr010593626_llc.fits). Skipping.
2026-02-15 07:57:59,223 - __main__ - WARNING - File not found for Kepler ID: 10294465 (Expected: kplr010294465_llc.fits). Skipping.
2026-02-15 07:58:00,504 - __main__ - WARNING - File not found for Kepler ID: 4384675 (Expected: kplr004384675_llc.fits). Skipping.
2026-02-15 07:58:01,847 - __main__ - WARNING - File not found for Kepler ID: 5779852 (Expected: kplr005779852_llc.fits). Skipping.
2026-02-15 07:58:03,137 - __main__ - WARNING - File not found for Kepler ID: 3217264 (Expected: kplr003217264_llc.fits). Skipping.
2026-02-15 07:58:04,468 - __main__ - WARNING - File not found for Kepler ID: 7199397 (Expected: kplr007199397_llc.fits). Skipping.
2026-02-15 07:58:05,931 - __main__ - WARNING - File not found for Kepler ID: 6786037 (Expected: kplr006786037_llc.fits). Skipping.
2026-02-15 07:58:07,244 - __main__ - WARNING - File not found for Kepler ID: 1723078 (Expected: kplr001723078_llc.fits). Skipping.
2026-02-15 07:58:08,532 - __main__ - WARNING - File not found for Kepler ID: 8891318 (Expected: kplr008891318_llc.fits). Skipping.
2026-02-15 07:58:09,859 - __main__ - WARNING - File not found for Kepler ID: 11775507 (Expected: kplr011775507_llc.fits). Skipping.
2026-02-15 07:58:11,185 - __main__ - WARNING - File not found for Kepler ID: 8017703 (Expected: kplr008017703_llc.fits). Skipping.
2026-02-15 07:58:12,472 - __main__ - WARNING - File not found for Kepler ID: 1995712 (Expected: kplr001995712_llc.fits). Skipping.
2026-02-15 07:58:13,838 - __main__ - WARNING - File not found for Kepler ID: 8056665 (Expected: kplr008056665_llc.fits). Skipping.
2026-02-15 07:58:15,162 - __main__ - WARNING - File not found for Kepler ID: 6289650 (Expected: kplr006289650_llc.fits). Skipping.
2026-02-15 07:58:16,487 - __main__ - WARNING - File not found for Kepler ID: 7619236 (Expected: kplr007619236_llc.fits). Skipping.
2026-02-15 07:58:17,817 - __main__ - WARNING - File not found for Kepler ID: 7630229 (Expected: kplr007630229_llc.fits). Skipping.
2026-02-15 07:58:19,144 - __main__ - WARNING - File not found for Kepler ID: 9024857 (Expected: kplr009024857_llc.fits). Skipping.
2026-02-15 07:58:20,503 - __main__ - WARNING - File not found for Kepler ID: 8505215 (Expected: kplr008505215_llc.fits). Skipping.
2026-02-15 07:58:21,808 - __main__ - WARNING - File not found for Kepler ID: 4841374 (Expected: kplr004841374_llc.fits). Skipping.
2026-02-15 07:58:23,186 - __main__ - WARNING - File not found for Kepler ID: 9002278 (Expected: kplr009002278_llc.fits). Skipping.
2026-02-15 07:58:24,572 - __main__ - WARNING - File not found for Kepler ID: 4914423 (Expected: kplr004914423_llc.fits). Skipping.
2026-02-15 07:58:25,862 - __main__ - WARNING - File not found for Kepler ID: 5966154 (Expected: kplr005966154_llc.fits). Skipping.
2026-02-15 07:58:27,148 - __main__ - WARNING - File not found for Kepler ID: 1025986 (Expected: kplr001025986_llc.fits). Skipping.
2026-02-15 07:58:28,562 - __main__ - WARNING - File not found for Kepler ID: 9597345 (Expected: kplr009597345_llc.fits). Skipping.
2026-02-15 07:58:29,884 - __main__ - WARNING - File not found for Kepler ID: 8374580 (Expected: kplr008374580_llc.fits). Skipping.
2026-02-15 07:58:31,164 - __main__ - WARNING - File not found for Kepler ID: 11773022 (Expected: kplr011773022_llc.fits). Skipping.
2026-02-15 07:58:32,446 - __main__ - WARNING - File not found for Kepler ID: 12417486 (Expected: kplr012417486_llc.fits). Skipping.
2026-02-15 07:58:33,843 - __main__ - WARNING - File not found for Kepler ID: 10139620 (Expected: kplr010139620_llc.fits). Skipping.
2026-02-15 07:58:35,199 - __main__ - WARNING - File not found for Kepler ID: 8686373 (Expected: kplr008686373_llc.fits). Skipping.
2026-02-15 07:58:36,714 - __main__ - WARNING - File not found for Kepler ID: 7761585 (Expected: kplr007761585_llc.fits). Skipping.
2026-02-15 07:58:38,041 - __main__ - WARNING - File not found for Kepler ID: 6515335 (Expected: kplr006515335_llc.fits). Skipping.
2026-02-15 07:58:39,341 - __main__ - WARNING - File not found for Kepler ID: 9455677 (Expected: kplr009455677_llc.fits). Skipping.
2026-02-15 07:58:40,735 - __main__ - WARNING - File not found for Kepler ID: 10141938 (Expected: kplr010141938_llc.fits). Skipping.
2026-02-15 07:58:42,027 - __main__ - WARNING - File not found for Kepler ID: 10275077 (Expected: kplr010275077_llc.fits). Skipping.
2026-02-15 07:58:43,393 - __main__ - WARNING - File not found for Kepler ID: 3937814 (Expected: kplr003937814_llc.fits). Skipping.
2026-02-15 07:58:44,856 - __main__ - WARNING - File not found for Kepler ID: 5551228 (Expected: kplr005551228_llc.fits). Skipping.
2026-02-15 07:58:46,275 - __main__ - WARNING - File not found for Kepler ID: 3248696 (Expected: kplr003248696_llc.fits). Skipping.
2026-02-15 07:58:47,678 - __main__ - WARNING - File not found for Kepler ID: 5446285 (Expected: kplr005446285_llc.fits). Skipping.
2026-02-15 07:58:49,076 - __main__ - WARNING - File not found for Kepler ID: 6106282 (Expected: kplr006106282_llc.fits). Skipping.
2026-02-15 07:58:50,349 - __main__ - WARNING - File not found for Kepler ID: 10075409 (Expected: kplr010075409_llc.fits). Skipping.
2026-02-15 07:58:51,771 - __main__ - WARNING - File not found for Kepler ID: 3103227 (Expected: kplr003103227_llc.fits). Skipping.
2026-02-15 07:58:53,228 - __main__ - WARNING - File not found for Kepler ID: 5551228 (Expected: kplr005551228_llc.fits). Skipping.
2026-02-15 07:58:54,658 - __main__ - WARNING - File not found for Kepler ID: 6862332 (Expected: kplr006862332_llc.fits). Skipping.
2026-02-15 07:58:56,031 - __main__ - WARNING - File not found for Kepler ID: 5700900 (Expected: kplr005700900_llc.fits). Skipping.
2026-02-15 07:58:57,419 - __main__ - WARNING - File not found for Kepler ID: 7026477 (Expected: kplr007026477_llc.fits). Skipping.
2026-02-15 07:58:58,916 - __main__ - WARNING - File not found for Kepler ID: 3747817 (Expected: kplr003747817_llc.fits). Skipping.
2026-02-15 07:59:00,367 - __main__ - WARNING - File not found for Kepler ID: 8483366 (Expected: kplr008483366_llc.fits). Skipping.
2026-02-15 07:59:01,750 - __main__ - WARNING - File not found for Kepler ID: 7758018 (Expected: kplr007758018_llc.fits). Skipping.
2026-02-15 07:59:03,034 - __main__ - WARNING - File not found for Kepler ID: 11415243 (Expected: kplr011415243_llc.fits). Skipping.
2026-02-15 07:59:04,344 - __main__ - WARNING - File not found for Kepler ID: 8264402 (Expected: kplr008264402_llc.fits). Skipping.
2026-02-15 07:59:05,738 - __main__ - WARNING - File not found for Kepler ID: 5956633 (Expected: kplr005956633_llc.fits). Skipping.
2026-02-15 07:59:07,116 - __main__ - WARNING - File not found for Kepler ID: 3235282 (Expected: kplr003235282_llc.fits). Skipping.
2026-02-15 07:59:08,401 - __main__ - WARNING - File not found for Kepler ID: 3117046 (Expected: kplr003117046_llc.fits). Skipping.
2026-02-15 07:59:09,679 - __main__ - WARNING - File not found for Kepler ID: 7968683 (Expected: kplr007968683_llc.fits). Skipping.
2026-02-15 07:59:10,993 - __main__ - WARNING - File not found for Kepler ID: 10360722 (Expected: kplr010360722_llc.fits). Skipping.
2026-02-15 07:59:12,305 - __main__ - WARNING - File not found for Kepler ID: 3852476 (Expected: kplr003852476_llc.fits). Skipping.
2026-02-15 07:59:13,726 - __main__ - WARNING - File not found for Kepler ID: 9700449 (Expected: kplr009700449_llc.fits). Skipping.
2026-02-15 07:59:15,054 - __main__ - WARNING - File not found for Kepler ID: 6349881 (Expected: kplr006349881_llc.fits). Skipping.
2026-02-15 07:59:16,362 - __main__ - WARNING - File not found for Kepler ID: 6428794 (Expected: kplr006428794_llc.fits). Skipping.
2026-02-15 07:59:17,830 - __main__ - WARNING - File not found for Kepler ID: 4669402 (Expected: kplr004669402_llc.fits). Skipping.
2026-02-15 07:59:19,126 - __main__ - WARNING - File not found for Kepler ID: 9086154 (Expected: kplr009086154_llc.fits). Skipping.
2026-02-15 07:59:20,406 - __main__ - WARNING - File not found for Kepler ID: 5957181 (Expected: kplr005957181_llc.fits). Skipping.
2026-02-15 07:59:21,768 - __main__ - WARNING - File not found for Kepler ID: 6119877 (Expected: kplr006119877_llc.fits). Skipping.
2026-02-15 07:59:23,070 - __main__ - WARNING - File not found for Kepler ID: 3347807 (Expected: kplr003347807_llc.fits). Skipping.
2026-02-15 07:59:24,380 - __main__ - WARNING - File not found for Kepler ID: 8743082 (Expected: kplr008743082_llc.fits). Skipping.
2026-02-15 07:59:25,664 - __main__ - WARNING - File not found for Kepler ID: 9142742 (Expected: kplr009142742_llc.fits). Skipping.
2026-02-15 07:59:26,943 - __main__ - WARNING - File not found for Kepler ID: 11390109 (Expected: kplr011390109_llc.fits). Skipping.
2026-02-15 07:59:28,365 - __main__ - WARNING - File not found for Kepler ID: 8120608 (Expected: kplr008120608_llc.fits). Skipping.
2026-02-15 07:59:29,751 - __main__ - WARNING - File not found for Kepler ID: 5512580 (Expected: kplr005512580_llc.fits). Skipping.
2026-02-15 07:59:31,061 - __main__ - WARNING - File not found for Kepler ID: 6359820 (Expected: kplr006359820_llc.fits). Skipping.
2026-02-15 07:59:32,342 - __main__ - WARNING - File not found for Kepler ID: 2859893 (Expected: kplr002859893_llc.fits). Skipping.
2026-02-15 07:59:33,620 - __main__ - WARNING - File not found for Kepler ID: 8418018 (Expected: kplr008418018_llc.fits). Skipping.
2026-02-15 07:59:34,988 - __main__ - WARNING - File not found for Kepler ID: 8459663 (Expected: kplr008459663_llc.fits). Skipping.
2026-02-15 07:59:36,427 - __main__ - WARNING - File not found for Kepler ID: 8240790 (Expected: kplr008240790_llc.fits). Skipping.
2026-02-15 07:59:37,721 - __main__ - WARNING - File not found for Kepler ID: 8309169 (Expected: kplr008309169_llc.fits). Skipping.
2026-02-15 07:59:39,004 - __main__ - WARNING - File not found for Kepler ID: 5983532 (Expected: kplr005983532_llc.fits). Skipping.
2026-02-15 07:59:40,298 - __main__ - WARNING - File not found for Kepler ID: 8483021 (Expected: kplr008483021_llc.fits). Skipping.
2026-02-15 07:59:41,637 - __main__ - WARNING - File not found for Kepler ID: 7191646 (Expected: kplr007191646_llc.fits). Skipping.
2026-02-15 07:59:43,024 - __main__ - WARNING - File not found for Kepler ID: 11449918 (Expected: kplr011449918_llc.fits). Skipping.
2026-02-15 07:59:44,330 - __main__ - WARNING - File not found for Kepler ID: 4172805 (Expected: kplr004172805_llc.fits). Skipping.
2026-02-15 07:59:45,623 - __main__ - WARNING - File not found for Kepler ID: 3750350 (Expected: kplr003750350_llc.fits). Skipping.
2026-02-15 07:59:46,938 - __main__ - WARNING - File not found for Kepler ID: 4367528 (Expected: kplr004367528_llc.fits). Skipping.
2026-02-15 07:59:48,303 - __main__ - WARNING - File not found for Kepler ID: 4773392 (Expected: kplr004773392_llc.fits). Skipping.
2026-02-15 07:59:49,587 - __main__ - WARNING - File not found for Kepler ID: 9011874 (Expected: kplr009011874_llc.fits). Skipping.
2026-02-15 07:59:50,962 - __main__ - WARNING - File not found for Kepler ID: 9936080 (Expected: kplr009936080_llc.fits). Skipping.
2026-02-15 07:59:52,251 - __main__ - WARNING - File not found for Kepler ID: 8611344 (Expected: kplr008611344_llc.fits). Skipping.
2026-02-15 07:59:53,682 - __main__ - WARNING - File not found for Kepler ID: 6599949 (Expected: kplr006599949_llc.fits). Skipping.
2026-02-15 07:59:55,110 - __main__ - WARNING - File not found for Kepler ID: 12734396 (Expected: kplr012734396_llc.fits). Skipping.
2026-02-15 07:59:56,576 - __main__ - WARNING - File not found for Kepler ID: 8678691 (Expected: kplr008678691_llc.fits). Skipping.
2026-02-15 07:59:57,862 - __main__ - WARNING - File not found for Kepler ID: 3558849 (Expected: kplr003558849_llc.fits). Skipping.
2026-02-15 07:59:59,259 - __main__ - WARNING - File not found for Kepler ID: 6587002 (Expected: kplr006587002_llc.fits). Skipping.
2026-02-15 08:00:00,584 - __main__ - WARNING - File not found for Kepler ID: 6356885 (Expected: kplr006356885_llc.fits). Skipping.
2026-02-15 08:00:01,881 - __main__ - WARNING - File not found for Kepler ID: 11124703 (Expected: kplr011124703_llc.fits). Skipping.
2026-02-15 08:00:03,168 - __main__ - WARNING - File not found for Kepler ID: 9514372 (Expected: kplr009514372_llc.fits). Skipping.
2026-02-15 08:00:04,617 - __main__ - WARNING - File not found for Kepler ID: 3644631 (Expected: kplr003644631_llc.fits). Skipping.
2026-02-15 08:00:06,124 - __main__ - WARNING - File not found for Kepler ID: 5125196 (Expected: kplr005125196_llc.fits). Skipping.
2026-02-15 08:00:07,406 - __main__ - WARNING - File not found for Kepler ID: 8482059 (Expected: kplr008482059_llc.fits). Skipping.
2026-02-15 08:00:08,689 - __main__ - WARNING - File not found for Kepler ID: 8548427 (Expected: kplr008548427_llc.fits). Skipping.
2026-02-15 08:00:09,968 - __main__ - WARNING - File not found for Kepler ID: 6289344 (Expected: kplr006289344_llc.fits). Skipping.
2026-02-15 08:00:11,282 - __main__ - WARNING - File not found for Kepler ID: 5860968 (Expected: kplr005860968_llc.fits). Skipping.
2026-02-15 08:00:12,607 - __main__ - WARNING - File not found for Kepler ID: 3650049 (Expected: kplr003650049_llc.fits). Skipping.
2026-02-15 08:00:14,023 - __main__ - WARNING - File not found for Kepler ID: 3839294 (Expected: kplr003839294_llc.fits). Skipping.
2026-02-15 08:00:15,309 - __main__ - WARNING - File not found for Kepler ID: 7698701 (Expected: kplr007698701_llc.fits). Skipping.
2026-02-15 08:00:16,747 - __main__ - WARNING - File not found for Kepler ID: 7698701 (Expected: kplr007698701_llc.fits). Skipping.
2026-02-15 08:00:18,151 - __main__ - WARNING - File not found for Kepler ID: 11560897 (Expected: kplr011560897_llc.fits). Skipping.
2026-02-15 08:00:19,437 - __main__ - WARNING - File not found for Kepler ID: 3644738 (Expected: kplr003644738_llc.fits). Skipping.
2026-02-15 08:00:20,821 - __main__ - WARNING - File not found for Kepler ID: 9202434 (Expected: kplr009202434_llc.fits). Skipping.
2026-02-15 08:00:22,189 - __main__ - WARNING - File not found for Kepler ID: 6629993 (Expected: kplr006629993_llc.fits). Skipping.
2026-02-15 08:00:23,539 - __main__ - WARNING - File not found for Kepler ID: 7429287 (Expected: kplr007429287_llc.fits). Skipping.
2026-02-15 08:00:24,928 - __main__ - WARNING - File not found for Kepler ID: 3545583 (Expected: kplr003545583_llc.fits). Skipping.
2026-02-15 08:00:26,335 - __main__ - WARNING - File not found for Kepler ID: 8374741 (Expected: kplr008374741_llc.fits). Skipping.
2026-02-15 08:00:27,665 - __main__ - WARNING - File not found for Kepler ID: 4472143 (Expected: kplr004472143_llc.fits). Skipping.
2026-02-15 08:00:29,063 - __main__ - WARNING - File not found for Kepler ID: 2576962 (Expected: kplr002576962_llc.fits). Skipping.
2026-02-15 08:00:30,388 - __main__ - WARNING - File not found for Kepler ID: 11044826 (Expected: kplr011044826_llc.fits). Skipping.
2026-02-15 08:00:31,706 - __main__ - WARNING - File not found for Kepler ID: 6681687 (Expected: kplr006681687_llc.fits). Skipping.
2026-02-15 08:00:33,104 - __main__ - WARNING - File not found for Kepler ID: 10273903 (Expected: kplr010273903_llc.fits). Skipping.
2026-02-15 08:00:34,484 - __main__ - WARNING - File not found for Kepler ID: 8483241 (Expected: kplr008483241_llc.fits). Skipping.
2026-02-15 08:00:35,904 - __main__ - WARNING - File not found for Kepler ID: 8106112 (Expected: kplr008106112_llc.fits). Skipping.
2026-02-15 08:00:37,199 - __main__ - WARNING - File not found for Kepler ID: 6119921 (Expected: kplr006119921_llc.fits). Skipping.
2026-02-15 08:00:38,488 - __main__ - WARNING - File not found for Kepler ID: 5084171 (Expected: kplr005084171_llc.fits). Skipping.
2026-02-15 08:00:39,778 - __main__ - WARNING - File not found for Kepler ID: 6685646 (Expected: kplr006685646_llc.fits). Skipping.
2026-02-15 08:00:41,090 - __main__ - WARNING - File not found for Kepler ID: 9394768 (Expected: kplr009394768_llc.fits). Skipping.
2026-02-15 08:00:42,481 - __main__ - WARNING - File not found for Kepler ID: 3832474 (Expected: kplr003832474_llc.fits). Skipping.
2026-02-15 08:00:43,845 - __main__ - WARNING - File not found for Kepler ID: 3644602 (Expected: kplr003644602_llc.fits). Skipping.
2026-02-15 08:00:45,129 - __main__ - WARNING - File not found for Kepler ID: 5977470 (Expected: kplr005977470_llc.fits). Skipping.
2026-02-15 08:00:46,412 - __main__ - WARNING - File not found for Kepler ID: 6119923 (Expected: kplr006119923_llc.fits). Skipping.
2026-02-15 08:00:47,795 - __main__ - WARNING - File not found for Kepler ID: 11284772 (Expected: kplr011284772_llc.fits). Skipping.
2026-02-15 08:00:49,092 - __main__ - WARNING - File not found for Kepler ID: 9209183 (Expected: kplr009209183_llc.fits). Skipping.
2026-02-15 08:00:50,455 - __main__ - WARNING - File not found for Kepler ID: 4072271 (Expected: kplr004072271_llc.fits). Skipping.
2026-02-15 08:00:51,739 - __main__ - WARNING - File not found for Kepler ID: 8613218 (Expected: kplr008613218_llc.fits). Skipping.
2026-02-15 08:00:53,047 - __main__ - WARNING - File not found for Kepler ID: 8548069 (Expected: kplr008548069_llc.fits). Skipping.
2026-02-15 08:00:54,380 - __main__ - WARNING - File not found for Kepler ID: 7820699 (Expected: kplr007820699_llc.fits). Skipping.
2026-02-15 08:00:55,669 - __main__ - WARNING - File not found for Kepler ID: 6201203 (Expected: kplr006201203_llc.fits). Skipping.
2026-02-15 08:00:56,983 - __main__ - WARNING - File not found for Kepler ID: 4556468 (Expected: kplr004556468_llc.fits). Skipping.
2026-02-15 08:00:58,346 - __main__ - WARNING - File not found for Kepler ID: 6359175 (Expected: kplr006359175_llc.fits). Skipping.
2026-02-15 08:00:59,674 - __main__ - WARNING - File not found for Kepler ID: 8104207 (Expected: kplr008104207_llc.fits). Skipping.
2026-02-15 08:01:01,149 - __main__ - WARNING - File not found for Kepler ID: 10026502 (Expected: kplr010026502_llc.fits). Skipping.
2026-02-15 08:01:02,664 - __main__ - WARNING - File not found for Kepler ID: 8037926 (Expected: kplr008037926_llc.fits). Skipping.
2026-02-15 08:01:04,065 - __main__ - WARNING - File not found for Kepler ID: 6437617 (Expected: kplr006437617_llc.fits). Skipping.
2026-02-15 08:01:05,560 - __main__ - WARNING - File not found for Kepler ID: 9773270 (Expected: kplr009773270_llc.fits). Skipping.
2026-02-15 08:01:07,064 - __main__ - WARNING - File not found for Kepler ID: 9516728 (Expected: kplr009516728_llc.fits). Skipping.
2026-02-15 08:01:08,492 - __main__ - WARNING - File not found for Kepler ID: 4825872 (Expected: kplr004825872_llc.fits). Skipping.
2026-02-15 08:01:09,876 - __main__ - WARNING - File not found for Kepler ID: 8110733 (Expected: kplr008110733_llc.fits). Skipping.
2026-02-15 08:01:11,508 - __main__ - WARNING - File not found for Kepler ID: 3644505 (Expected: kplr003644505_llc.fits). Skipping.
2026-02-15 08:01:12,971 - __main__ - WARNING - File not found for Kepler ID: 9711297 (Expected: kplr009711297_llc.fits). Skipping.
2026-02-15 08:01:14,463 - __main__ - WARNING - File not found for Kepler ID: 6200529 (Expected: kplr006200529_llc.fits). Skipping.
2026-02-15 08:01:15,867 - __main__ - WARNING - File not found for Kepler ID: 9893468 (Expected: kplr009893468_llc.fits). Skipping.
2026-02-15 08:01:17,387 - __main__ - WARNING - File not found for Kepler ID: 7598111 (Expected: kplr007598111_llc.fits). Skipping.
2026-02-15 08:01:18,812 - __main__ - WARNING - File not found for Kepler ID: 8240746 (Expected: kplr008240746_llc.fits). Skipping.
2026-02-15 08:01:20,211 - __main__ - WARNING - File not found for Kepler ID: 10610039 (Expected: kplr010610039_llc.fits). Skipping.
2026-02-15 08:01:21,610 - __main__ - WARNING - File not found for Kepler ID: 10140843 (Expected: kplr010140843_llc.fits). Skipping.
2026-02-15 08:01:23,123 - __main__ - WARNING - File not found for Kepler ID: 4902202 (Expected: kplr004902202_llc.fits). Skipping.
2026-02-15 08:01:24,640 - __main__ - WARNING - File not found for Kepler ID: 7523542 (Expected: kplr007523542_llc.fits). Skipping.
2026-02-15 08:01:26,056 - __main__ - WARNING - File not found for Kepler ID: 9386171 (Expected: kplr009386171_llc.fits). Skipping.
2026-02-15 08:01:27,474 - __main__ - WARNING - File not found for Kepler ID: 11553598 (Expected: kplr011553598_llc.fits). Skipping.
2026-02-15 08:01:28,917 - __main__ - WARNING - File not found for Kepler ID: 9007151 (Expected: kplr009007151_llc.fits). Skipping.
2026-02-15 08:01:30,433 - __main__ - WARNING - File not found for Kepler ID: 5090803 (Expected: kplr005090803_llc.fits). Skipping.
2026-02-15 08:01:31,836 - __main__ - WARNING - File not found for Kepler ID: 5783732 (Expected: kplr005783732_llc.fits). Skipping.
2026-02-15 08:01:33,240 - __main__ - WARNING - File not found for Kepler ID: 7900100 (Expected: kplr007900100_llc.fits). Skipping.
2026-02-15 08:01:34,655 - __main__ - WARNING - File not found for Kepler ID: 7429240 (Expected: kplr007429240_llc.fits). Skipping.
2026-02-15 08:01:36,084 - __main__ - WARNING - File not found for Kepler ID: 10003058 (Expected: kplr010003058_llc.fits). Skipping.
2026-02-15 08:01:37,503 - __main__ - WARNING - File not found for Kepler ID: 6199864 (Expected: kplr006199864_llc.fits). Skipping.
2026-02-15 08:01:39,115 - __main__ - WARNING - File not found for Kepler ID: 7366895 (Expected: kplr007366895_llc.fits). Skipping.
2026-02-15 08:01:40,519 - __main__ - WARNING - File not found for Kepler ID: 10729472 (Expected: kplr010729472_llc.fits). Skipping.
2026-02-15 08:01:41,975 - __main__ - WARNING - File not found for Kepler ID: 6200612 (Expected: kplr006200612_llc.fits). Skipping.
2026-02-15 08:01:43,420 - __main__ - WARNING - File not found for Kepler ID: 9171886 (Expected: kplr009171886_llc.fits). Skipping.
2026-02-15 08:01:44,912 - __main__ - WARNING - File not found for Kepler ID: 8359569 (Expected: kplr008359569_llc.fits). Skipping.
2026-02-15 08:01:46,403 - __main__ - WARNING - File not found for Kepler ID: 8652577 (Expected: kplr008652577_llc.fits). Skipping.
2026-02-15 08:01:47,845 - __main__ - WARNING - File not found for Kepler ID: 8804937 (Expected: kplr008804937_llc.fits). Skipping.
2026-02-15 08:01:49,247 - __main__ - WARNING - File not found for Kepler ID: 9947389 (Expected: kplr009947389_llc.fits). Skipping.
2026-02-15 08:01:50,656 - __main__ - WARNING - File not found for Kepler ID: 7283710 (Expected: kplr007283710_llc.fits). Skipping.
2026-02-15 08:01:52,060 - __main__ - WARNING - File not found for Kepler ID: 7272132 (Expected: kplr007272132_llc.fits). Skipping.
2026-02-15 08:01:53,499 - __main__ - WARNING - File not found for Kepler ID: 6437226 (Expected: kplr006437226_llc.fits). Skipping.
2026-02-15 08:01:54,996 - __main__ - WARNING - File not found for Kepler ID: 2972800 (Expected: kplr002972800_llc.fits). Skipping.
2026-02-15 08:01:56,396 - __main__ - WARNING - File not found for Kepler ID: 5301093 (Expected: kplr005301093_llc.fits). Skipping.
2026-02-15 08:01:57,796 - __main__ - WARNING - File not found for Kepler ID: 11092040 (Expected: kplr011092040_llc.fits). Skipping.
2026-02-15 08:01:59,205 - __main__ - WARNING - File not found for Kepler ID: 10220950 (Expected: kplr010220950_llc.fits). Skipping.
2026-02-15 08:02:00,632 - __main__ - WARNING - File not found for Kepler ID: 5305399 (Expected: kplr005305399_llc.fits). Skipping.
2026-02-15 08:02:02,116 - __main__ - WARNING - File not found for Kepler ID: 5126932 (Expected: kplr005126932_llc.fits). Skipping.
2026-02-15 08:02:03,520 - __main__ - WARNING - File not found for Kepler ID: 2554853 (Expected: kplr002554853_llc.fits). Skipping.
2026-02-15 08:02:04,939 - __main__ - WARNING - File not found for Kepler ID: 4742188 (Expected: kplr004742188_llc.fits). Skipping.
2026-02-15 08:02:06,361 - __main__ - WARNING - File not found for Kepler ID: 6116035 (Expected: kplr006116035_llc.fits). Skipping.
2026-02-15 08:02:07,766 - __main__ - WARNING - File not found for Kepler ID: 8958359 (Expected: kplr008958359_llc.fits). Skipping.
2026-02-15 08:02:09,165 - __main__ - WARNING - File not found for Kepler ID: 11658036 (Expected: kplr011658036_llc.fits). Skipping.
2026-02-15 08:02:10,652 - __main__ - WARNING - File not found for Kepler ID: 12506417 (Expected: kplr012506417_llc.fits). Skipping.
2026-02-15 08:02:12,081 - __main__ - WARNING - File not found for Kepler ID: 10187563 (Expected: kplr010187563_llc.fits). Skipping.
2026-02-15 08:02:13,499 - __main__ - WARNING - File not found for Kepler ID: 9005321 (Expected: kplr009005321_llc.fits). Skipping.
2026-02-15 08:02:14,914 - __main__ - WARNING - File not found for Kepler ID: 5168498 (Expected: kplr005168498_llc.fits). Skipping.
2026-02-15 08:02:16,395 - __main__ - WARNING - File not found for Kepler ID: 5951416 (Expected: kplr005951416_llc.fits). Skipping.
2026-02-15 08:02:17,948 - __main__ - WARNING - File not found for Kepler ID: 9782748 (Expected: kplr009782748_llc.fits). Skipping.
2026-02-15 08:02:19,349 - __main__ - WARNING - File not found for Kepler ID: 6438379 (Expected: kplr006438379_llc.fits). Skipping.
2026-02-15 08:02:20,752 - __main__ - WARNING - File not found for Kepler ID: 9145415 (Expected: kplr009145415_llc.fits). Skipping.
2026-02-15 08:02:22,156 - __main__ - WARNING - File not found for Kepler ID: 9582496 (Expected: kplr009582496_llc.fits). Skipping.
2026-02-15 08:02:23,566 - __main__ - WARNING - File not found for Kepler ID: 11294883 (Expected: kplr011294883_llc.fits). Skipping.
2026-02-15 08:02:24,978 - __main__ - WARNING - File not found for Kepler ID: 3832474 (Expected: kplr003832474_llc.fits). Skipping.
2026-02-15 08:02:26,488 - __main__ - WARNING - File not found for Kepler ID: 11038580 (Expected: kplr011038580_llc.fits). Skipping.
2026-02-15 08:02:27,894 - __main__ - WARNING - File not found for Kepler ID: 5097856 (Expected: kplr005097856_llc.fits). Skipping.
2026-02-15 08:02:29,321 - __main__ - WARNING - File not found for Kepler ID: 10139390 (Expected: kplr010139390_llc.fits). Skipping.
2026-02-15 08:02:30,738 - __main__ - WARNING - File not found for Kepler ID: 1430305 (Expected: kplr001430305_llc.fits). Skipping.
2026-02-15 08:02:32,131 - __main__ - WARNING - File not found for Kepler ID: 5783938 (Expected: kplr005783938_llc.fits). Skipping.
2026-02-15 08:02:33,621 - __main__ - WARNING - File not found for Kepler ID: 8940700 (Expected: kplr008940700_llc.fits). Skipping.
2026-02-15 08:02:35,046 - __main__ - WARNING - File not found for Kepler ID: 11804437 (Expected: kplr011804437_llc.fits). Skipping.
2026-02-15 08:02:36,483 - __main__ - WARNING - File not found for Kepler ID: 8747009 (Expected: kplr008747009_llc.fits). Skipping.
2026-02-15 08:02:37,901 - __main__ - WARNING - File not found for Kepler ID: 6681546 (Expected: kplr006681546_llc.fits). Skipping.
2026-02-15 08:02:39,319 - __main__ - WARNING - File not found for Kepler ID: 6421137 (Expected: kplr006421137_llc.fits). Skipping.
2026-02-15 08:02:40,753 - __main__ - WARNING - File not found for Kepler ID: 9893278 (Expected: kplr009893278_llc.fits). Skipping.
2026-02-15 08:02:42,261 - __main__ - WARNING - File not found for Kepler ID: 4270799 (Expected: kplr004270799_llc.fits). Skipping.
2026-02-15 08:02:43,677 - __main__ - WARNING - File not found for Kepler ID: 4138008 (Expected: kplr004138008_llc.fits). Skipping.
2026-02-15 08:02:45,071 - __main__ - WARNING - File not found for Kepler ID: 6852354 (Expected: kplr006852354_llc.fits). Skipping.
2026-02-15 08:02:46,456 - __main__ - WARNING - File not found for Kepler ID: 11757451 (Expected: kplr011757451_llc.fits). Skipping.
2026-02-15 08:02:47,906 - __main__ - WARNING - File not found for Kepler ID: 9086001 (Expected: kplr009086001_llc.fits). Skipping.
2026-02-15 08:02:49,310 - __main__ - WARNING - File not found for Kepler ID: 5276332 (Expected: kplr005276332_llc.fits). Skipping.
2026-02-15 08:02:50,794 - __main__ - WARNING - File not found for Kepler ID: 4651399 (Expected: kplr004651399_llc.fits). Skipping.
2026-02-15 08:02:52,192 - __main__ - WARNING - File not found for Kepler ID: 9953575 (Expected: kplr009953575_llc.fits). Skipping.
2026-02-15 08:02:53,618 - __main__ - WARNING - File not found for Kepler ID: 7887890 (Expected: kplr007887890_llc.fits). Skipping.
2026-02-15 08:02:55,027 - __main__ - WARNING - File not found for Kepler ID: 10065053 (Expected: kplr010065053_llc.fits). Skipping.
2026-02-15 08:02:56,457 - __main__ - WARNING - File not found for Kepler ID: 11867608 (Expected: kplr011867608_llc.fits). Skipping.
2026-02-15 08:02:57,947 - __main__ - WARNING - File not found for Kepler ID: 3644071 (Expected: kplr003644071_llc.fits). Skipping.
2026-02-15 08:02:59,364 - __main__ - WARNING - File not found for Kepler ID: 8308070 (Expected: kplr008308070_llc.fits). Skipping.
2026-02-15 08:03:00,784 - __main__ - WARNING - File not found for Kepler ID: 10000162 (Expected: kplr010000162_llc.fits). Skipping.
2026-02-15 08:03:02,187 - __main__ - WARNING - File not found for Kepler ID: 7799701 (Expected: kplr007799701_llc.fits). Skipping.
2026-02-15 08:03:03,596 - __main__ - WARNING - File not found for Kepler ID: 4670361 (Expected: kplr004670361_llc.fits). Skipping.
2026-02-15 08:03:05,015 - __main__ - WARNING - File not found for Kepler ID: 6680911 (Expected: kplr006680911_llc.fits). Skipping.
2026-02-15 08:03:06,544 - __main__ - WARNING - File not found for Kepler ID: 4940203 (Expected: kplr004940203_llc.fits). Skipping.
2026-02-15 08:03:07,950 - __main__ - WARNING - File not found for Kepler ID: 5881307 (Expected: kplr005881307_llc.fits). Skipping.
2026-02-15 08:03:09,356 - __main__ - WARNING - File not found for Kepler ID: 9028474 (Expected: kplr009028474_llc.fits). Skipping.
2026-02-15 08:03:10,765 - __main__ - WARNING - File not found for Kepler ID: 6124137 (Expected: kplr006124137_llc.fits). Skipping.
2026-02-15 08:03:12,202 - __main__ - WARNING - File not found for Kepler ID: 3644542 (Expected: kplr003644542_llc.fits). Skipping.
2026-02-15 08:03:13,695 - __main__ - WARNING - File not found for Kepler ID: 3442054 (Expected: kplr003442054_llc.fits). Skipping.
2026-02-15 08:03:15,098 - __main__ - WARNING - File not found for Kepler ID: 10677186 (Expected: kplr010677186_llc.fits). Skipping.
2026-02-15 08:03:16,493 - __main__ - WARNING - File not found for Kepler ID: 5687986 (Expected: kplr005687986_llc.fits). Skipping.
2026-02-15 08:03:17,951 - __main__ - WARNING - File not found for Kepler ID: 7117003 (Expected: kplr007117003_llc.fits). Skipping.
2026-02-15 08:03:19,352 - __main__ - WARNING - File not found for Kepler ID: 3757590 (Expected: kplr003757590_llc.fits). Skipping.
2026-02-15 08:03:20,751 - __main__ - WARNING - File not found for Kepler ID: 10845188 (Expected: kplr010845188_llc.fits). Skipping.
2026-02-15 08:03:22,229 - __main__ - WARNING - File not found for Kepler ID: 3098843 (Expected: kplr003098843_llc.fits). Skipping.
2026-02-15 08:03:23,660 - __main__ - WARNING - File not found for Kepler ID: 5456023 (Expected: kplr005456023_llc.fits). Skipping.
2026-02-15 08:03:25,079 - __main__ - WARNING - File not found for Kepler ID: 12021387 (Expected: kplr012021387_llc.fits). Skipping.
2026-02-15 08:03:26,490 - __main__ - WARNING - File not found for Kepler ID: 8044608 (Expected: kplr008044608_llc.fits). Skipping.
2026-02-15 08:03:27,901 - __main__ - WARNING - File not found for Kepler ID: 8760135 (Expected: kplr008760135_llc.fits). Skipping.
2026-02-15 08:03:29,429 - __main__ - WARNING - File not found for Kepler ID: 6137704 (Expected: kplr006137704_llc.fits). Skipping.
2026-02-15 08:03:30,852 - __main__ - WARNING - File not found for Kepler ID: 10259301 (Expected: kplr010259301_llc.fits). Skipping.
2026-02-15 08:03:32,358 - __main__ - WARNING - File not found for Kepler ID: 5888187 (Expected: kplr005888187_llc.fits). Skipping.
2026-02-15 08:03:33,859 - __main__ - WARNING - File not found for Kepler ID: 10292238 (Expected: kplr010292238_llc.fits). Skipping.
2026-02-15 08:03:35,267 - __main__ - WARNING - File not found for Kepler ID: 4255422 (Expected: kplr004255422_llc.fits). Skipping.
2026-02-15 08:03:36,695 - __main__ - WARNING - File not found for Kepler ID: 5894182 (Expected: kplr005894182_llc.fits). Skipping.
2026-02-15 08:03:38,242 - __main__ - WARNING - File not found for Kepler ID: 10748621 (Expected: kplr010748621_llc.fits). Skipping.
2026-02-15 08:03:39,716 - __main__ - WARNING - File not found for Kepler ID: 4824268 (Expected: kplr004824268_llc.fits). Skipping.
2026-02-15 08:03:41,175 - __main__ - WARNING - File not found for Kepler ID: 7987086 (Expected: kplr007987086_llc.fits). Skipping.
2026-02-15 08:03:42,634 - __main__ - WARNING - File not found for Kepler ID: 8668810 (Expected: kplr008668810_llc.fits). Skipping.
2026-02-15 08:03:44,146 - __main__ - WARNING - File not found for Kepler ID: 8868907 (Expected: kplr008868907_llc.fits). Skipping.
2026-02-15 08:03:45,732 - __main__ - WARNING - File not found for Kepler ID: 11337372 (Expected: kplr011337372_llc.fits). Skipping.
2026-02-15 08:03:47,163 - __main__ - WARNING - File not found for Kepler ID: 8868364 (Expected: kplr008868364_llc.fits). Skipping.
2026-02-15 08:03:48,628 - __main__ - WARNING - File not found for Kepler ID: 9656397 (Expected: kplr009656397_llc.fits). Skipping.
2026-02-15 08:03:50,031 - __main__ - WARNING - File not found for Kepler ID: 6756202 (Expected: kplr006756202_llc.fits). Skipping.
2026-02-15 08:03:51,440 - __main__ - WARNING - File not found for Kepler ID: 2307206 (Expected: kplr002307206_llc.fits). Skipping.
2026-02-15 08:03:52,896 - __main__ - WARNING - File not found for Kepler ID: 3326377 (Expected: kplr003326377_llc.fits). Skipping.
2026-02-15 08:03:54,547 - __main__ - WARNING - File not found for Kepler ID: 6426592 (Expected: kplr006426592_llc.fits). Skipping.
2026-02-15 08:03:56,019 - __main__ - WARNING - File not found for Kepler ID: 8491745 (Expected: kplr008491745_llc.fits). Skipping.
2026-02-15 08:03:57,434 - __main__ - WARNING - File not found for Kepler ID: 3970117 (Expected: kplr003970117_llc.fits). Skipping.
2026-02-15 08:03:58,850 - __main__ - WARNING - File not found for Kepler ID: 6021275 (Expected: kplr006021275_llc.fits). Skipping.
2026-02-15 08:04:00,278 - __main__ - WARNING - File not found for Kepler ID: 2975770 (Expected: kplr002975770_llc.fits). Skipping.
2026-02-15 08:04:01,773 - __main__ - WARNING - File not found for Kepler ID: 5534965 (Expected: kplr005534965_llc.fits). Skipping.
2026-02-15 08:04:03,256 - __main__ - WARNING - File not found for Kepler ID: 9948002 (Expected: kplr009948002_llc.fits). Skipping.
2026-02-15 08:04:04,694 - __main__ - WARNING - File not found for Kepler ID: 5264304 (Expected: kplr005264304_llc.fits). Skipping.
2026-02-15 08:04:06,137 - __main__ - WARNING - File not found for Kepler ID: 5806800 (Expected: kplr005806800_llc.fits). Skipping.
2026-02-15 08:04:07,566 - __main__ - WARNING - File not found for Kepler ID: 11671429 (Expected: kplr011671429_llc.fits). Skipping.
2026-02-15 08:04:09,035 - __main__ - WARNING - File not found for Kepler ID: 5817957 (Expected: kplr005817957_llc.fits). Skipping.
2026-02-15 08:04:10,545 - __main__ - WARNING - File not found for Kepler ID: 7703955 (Expected: kplr007703955_llc.fits). Skipping.
2026-02-15 08:04:12,011 - __main__ - WARNING - File not found for Kepler ID: 7353970 (Expected: kplr007353970_llc.fits). Skipping.
2026-02-15 08:04:13,417 - __main__ - WARNING - File not found for Kepler ID: 9785454 (Expected: kplr009785454_llc.fits). Skipping.
2026-02-15 08:04:14,907 - __main__ - WARNING - File not found for Kepler ID: 6069674 (Expected: kplr006069674_llc.fits). Skipping.
2026-02-15 08:04:16,315 - __main__ - WARNING - File not found for Kepler ID: 6356400 (Expected: kplr006356400_llc.fits). Skipping.
2026-02-15 08:04:17,898 - __main__ - WARNING - File not found for Kepler ID: 5653795 (Expected: kplr005653795_llc.fits). Skipping.
2026-02-15 08:04:19,397 - __main__ - WARNING - File not found for Kepler ID: 10464666 (Expected: kplr010464666_llc.fits). Skipping.
2026-02-15 08:04:20,812 - __main__ - WARNING - File not found for Kepler ID: 4659255 (Expected: kplr004659255_llc.fits). Skipping.
2026-02-15 08:04:22,216 - __main__ - WARNING - File not found for Kepler ID: 3428468 (Expected: kplr003428468_llc.fits). Skipping.
2026-02-15 08:04:23,634 - __main__ - WARNING - File not found for Kepler ID: 5130740 (Expected: kplr005130740_llc.fits). Skipping.
2026-02-15 08:04:25,090 - __main__ - WARNING - File not found for Kepler ID: 5879448 (Expected: kplr005879448_llc.fits). Skipping.
2026-02-15 08:04:26,475 - __main__ - WARNING - File not found for Kepler ID: 6113752 (Expected: kplr006113752_llc.fits). Skipping.
2026-02-15 08:04:27,754 - __main__ - WARNING - File not found for Kepler ID: 9896558 (Expected: kplr009896558_llc.fits). Skipping.
2026-02-15 08:04:29,100 - __main__ - WARNING - File not found for Kepler ID: 7045605 (Expected: kplr007045605_llc.fits). Skipping.
2026-02-15 08:04:30,524 - __main__ - WARNING - File not found for Kepler ID: 5305404 (Expected: kplr005305404_llc.fits). Skipping.
2026-02-15 08:04:31,831 - __main__ - WARNING - File not found for Kepler ID: 4820550 (Expected: kplr004820550_llc.fits). Skipping.
2026-02-15 08:04:33,118 - __main__ - WARNING - File not found for Kepler ID: 11911580 (Expected: kplr011911580_llc.fits). Skipping.
2026-02-15 08:04:34,481 - __main__ - WARNING - File not found for Kepler ID: 9480535 (Expected: kplr009480535_llc.fits). Skipping.
2026-02-15 08:04:35,824 - __main__ - WARNING - File not found for Kepler ID: 2446623 (Expected: kplr002446623_llc.fits). Skipping.
2026-02-15 08:04:37,244 - __main__ - WARNING - File not found for Kepler ID: 5114623 (Expected: kplr005114623_llc.fits). Skipping.
2026-02-15 08:04:38,546 - __main__ - WARNING - File not found for Kepler ID: 5114623 (Expected: kplr005114623_llc.fits). Skipping.
2026-02-15 08:04:39,829 - __main__ - WARNING - File not found for Kepler ID: 4150804 (Expected: kplr004150804_llc.fits). Skipping.
2026-02-15 08:04:41,225 - __main__ - WARNING - File not found for Kepler ID: 9025971 (Expected: kplr009025971_llc.fits). Skipping.
2026-02-15 08:04:42,692 - __main__ - WARNING - File not found for Kepler ID: 2581316 (Expected: kplr002581316_llc.fits). Skipping.
2026-02-15 08:04:43,992 - __main__ - WARNING - File not found for Kepler ID: 5966810 (Expected: kplr005966810_llc.fits). Skipping.
2026-02-15 08:04:45,274 - __main__ - WARNING - File not found for Kepler ID: 10795103 (Expected: kplr010795103_llc.fits). Skipping.
2026-02-15 08:04:46,638 - __main__ - WARNING - File not found for Kepler ID: 8494410 (Expected: kplr008494410_llc.fits). Skipping.
2026-02-15 08:04:47,964 - __main__ - WARNING - File not found for Kepler ID: 8308347 (Expected: kplr008308347_llc.fits). Skipping.
2026-02-15 08:04:49,395 - __main__ - WARNING - File not found for Kepler ID: 7090867 (Expected: kplr007090867_llc.fits). Skipping.
2026-02-15 08:04:50,939 - __main__ - WARNING - File not found for Kepler ID: 6780367 (Expected: kplr006780367_llc.fits). Skipping.
2026-02-15 08:04:52,356 - __main__ - WARNING - File not found for Kepler ID: 7102316 (Expected: kplr007102316_llc.fits). Skipping.
2026-02-15 08:04:53,816 - __main__ - WARNING - File not found for Kepler ID: 11518142 (Expected: kplr011518142_llc.fits). Skipping.
2026-02-15 08:04:55,245 - __main__ - WARNING - File not found for Kepler ID: 5305451 (Expected: kplr005305451_llc.fits). Skipping.
2026-02-15 08:04:56,849 - __main__ - WARNING - File not found for Kepler ID: 5435816 (Expected: kplr005435816_llc.fits). Skipping.
2026-02-15 08:04:58,252 - __main__ - WARNING - File not found for Kepler ID: 8559589 (Expected: kplr008559589_llc.fits). Skipping.
2026-02-15 08:04:59,681 - __main__ - WARNING - File not found for Kepler ID: 5015459 (Expected: kplr005015459_llc.fits). Skipping.
2026-02-15 08:05:01,108 - __main__ - WARNING - File not found for Kepler ID: 8505920 (Expected: kplr008505920_llc.fits). Skipping.
2026-02-15 08:05:02,511 - __main__ - WARNING - File not found for Kepler ID: 11357192 (Expected: kplr011357192_llc.fits). Skipping.
2026-02-15 08:05:03,906 - __main__ - WARNING - File not found for Kepler ID: 9533489 (Expected: kplr009533489_llc.fits). Skipping.
2026-02-15 08:05:05,388 - __main__ - WARNING - File not found for Kepler ID: 3644601 (Expected: kplr003644601_llc.fits). Skipping.
2026-02-15 08:05:06,836 - __main__ - WARNING - File not found for Kepler ID: 8781480 (Expected: kplr008781480_llc.fits). Skipping.
2026-02-15 08:05:08,256 - __main__ - WARNING - File not found for Kepler ID: 7813039 (Expected: kplr007813039_llc.fits). Skipping.
2026-02-15 08:05:09,659 - __main__ - WARNING - File not found for Kepler ID: 3644601 (Expected: kplr003644601_llc.fits). Skipping.
2026-02-15 08:05:11,057 - __main__ - WARNING - File not found for Kepler ID: 6531617 (Expected: kplr006531617_llc.fits). Skipping.
2026-02-15 08:05:12,547 - __main__ - WARNING - File not found for Kepler ID: 2576107 (Expected: kplr002576107_llc.fits). Skipping.
2026-02-15 08:05:13,979 - __main__ - WARNING - File not found for Kepler ID: 5653849 (Expected: kplr005653849_llc.fits). Skipping.
2026-02-15 08:05:15,379 - __main__ - WARNING - File not found for Kepler ID: 5437945 (Expected: kplr005437945_llc.fits). Skipping.
2026-02-15 08:05:16,773 - __main__ - WARNING - File not found for Kepler ID: 11241814 (Expected: kplr011241814_llc.fits). Skipping.
2026-02-15 08:05:18,210 - __main__ - WARNING - File not found for Kepler ID: 9517393 (Expected: kplr009517393_llc.fits). Skipping.
2026-02-15 08:05:19,636 - __main__ - WARNING - File not found for Kepler ID: 8052474 (Expected: kplr008052474_llc.fits). Skipping.
2026-02-15 08:05:21,114 - __main__ - WARNING - File not found for Kepler ID: 3534118 (Expected: kplr003534118_llc.fits). Skipping.
2026-02-15 08:05:22,517 - __main__ - WARNING - File not found for Kepler ID: 3534118 (Expected: kplr003534118_llc.fits). Skipping.
2026-02-15 08:05:23,939 - __main__ - WARNING - File not found for Kepler ID: 10735331 (Expected: kplr010735331_llc.fits). Skipping.
2026-02-15 08:05:25,417 - __main__ - WARNING - File not found for Kepler ID: 8827930 (Expected: kplr008827930_llc.fits). Skipping.
2026-02-15 08:05:26,820 - __main__ - WARNING - File not found for Kepler ID: 6790592 (Expected: kplr006790592_llc.fits). Skipping.
2026-02-15 08:05:28,313 - __main__ - WARNING - File not found for Kepler ID: 9411166 (Expected: kplr009411166_llc.fits). Skipping.
2026-02-15 08:05:29,740 - __main__ - WARNING - File not found for Kepler ID: 6952971 (Expected: kplr006952971_llc.fits). Skipping.
2026-02-15 08:05:31,164 - __main__ - WARNING - File not found for Kepler ID: 6973796 (Expected: kplr006973796_llc.fits). Skipping.
2026-02-15 08:05:32,575 - __main__ - WARNING - File not found for Kepler ID: 5305471 (Expected: kplr005305471_llc.fits). Skipping.
2026-02-15 08:05:33,982 - __main__ - WARNING - File not found for Kepler ID: 4638237 (Expected: kplr004638237_llc.fits). Skipping.
2026-02-15 08:05:35,384 - __main__ - WARNING - File not found for Kepler ID: 9351316 (Expected: kplr009351316_llc.fits). Skipping.
2026-02-15 08:05:36,955 - __main__ - WARNING - File not found for Kepler ID: 5103998 (Expected: kplr005103998_llc.fits). Skipping.
2026-02-15 08:05:38,476 - __main__ - WARNING - File not found for Kepler ID: 6933781 (Expected: kplr006933781_llc.fits). Skipping.
2026-02-15 08:05:39,884 - __main__ - WARNING - File not found for Kepler ID: 10733174 (Expected: kplr010733174_llc.fits). Skipping.
2026-02-15 08:05:41,288 - __main__ - WARNING - File not found for Kepler ID: 8564976 (Expected: kplr008564976_llc.fits). Skipping.
2026-02-15 08:05:42,713 - __main__ - WARNING - File not found for Kepler ID: 12735740 (Expected: kplr012735740_llc.fits). Skipping.
2026-02-15 08:05:44,130 - __main__ - WARNING - File not found for Kepler ID: 7757698 (Expected: kplr007757698_llc.fits). Skipping.
2026-02-15 08:05:45,639 - __main__ - WARNING - File not found for Kepler ID: 3732035 (Expected: kplr003732035_llc.fits). Skipping.
2026-02-15 08:05:47,043 - __main__ - WARNING - File not found for Kepler ID: 8107034 (Expected: kplr008107034_llc.fits). Skipping.
2026-02-15 08:05:48,472 - __main__ - WARNING - File not found for Kepler ID: 7967861 (Expected: kplr007967861_llc.fits). Skipping.
2026-02-15 08:05:49,886 - __main__ - WARNING - File not found for Kepler ID: 7866914 (Expected: kplr007866914_llc.fits). Skipping.
2026-02-15 08:05:51,291 - __main__ - WARNING - File not found for Kepler ID: 10336927 (Expected: kplr010336927_llc.fits). Skipping.
2026-02-15 08:05:52,776 - __main__ - WARNING - File not found for Kepler ID: 9280239 (Expected: kplr009280239_llc.fits). Skipping.
2026-02-15 08:05:54,206 - __main__ - WARNING - File not found for Kepler ID: 9886255 (Expected: kplr009886255_llc.fits). Skipping.
2026-02-15 08:05:55,637 - __main__ - WARNING - File not found for Kepler ID: 8418129 (Expected: kplr008418129_llc.fits). Skipping.
2026-02-15 08:05:57,035 - __main__ - WARNING - File not found for Kepler ID: 8107115 (Expected: kplr008107115_llc.fits). Skipping.
2026-02-15 08:05:58,438 - __main__ - WARNING - File not found for Kepler ID: 10663411 (Expected: kplr010663411_llc.fits). Skipping.
2026-02-15 08:05:59,856 - __main__ - WARNING - File not found for Kepler ID: 9205938 (Expected: kplr009205938_llc.fits). Skipping.
2026-02-15 08:06:01,376 - __main__ - WARNING - File not found for Kepler ID: 10230571 (Expected: kplr010230571_llc.fits). Skipping.
2026-02-15 08:06:02,776 - __main__ - WARNING - File not found for Kepler ID: 10614012 (Expected: kplr010614012_llc.fits). Skipping.
2026-02-15 08:06:04,190 - __main__ - WARNING - File not found for Kepler ID: 7882360 (Expected: kplr007882360_llc.fits). Skipping.
2026-02-15 08:06:05,614 - __main__ - WARNING - File not found for Kepler ID: 8176019 (Expected: kplr008176019_llc.fits). Skipping.
2026-02-15 08:06:07,087 - __main__ - WARNING - File not found for Kepler ID: 7538434 (Expected: kplr007538434_llc.fits). Skipping.
2026-02-15 08:06:08,588 - __main__ - WARNING - File not found for Kepler ID: 10749128 (Expected: kplr010749128_llc.fits). Skipping.
2026-02-15 08:06:09,995 - __main__ - WARNING - File not found for Kepler ID: 10275805 (Expected: kplr010275805_llc.fits). Skipping.
2026-02-15 08:06:11,399 - __main__ - WARNING - File not found for Kepler ID: 6606438 (Expected: kplr006606438_llc.fits). Skipping.
2026-02-15 08:06:12,826 - __main__ - WARNING - File not found for Kepler ID: 8142787 (Expected: kplr008142787_llc.fits). Skipping.
2026-02-15 08:06:14,232 - __main__ - WARNING - File not found for Kepler ID: 3345675 (Expected: kplr003345675_llc.fits). Skipping.
2026-02-15 08:06:15,638 - __main__ - WARNING - File not found for Kepler ID: 6137681 (Expected: kplr006137681_llc.fits). Skipping.
2026-02-15 08:06:17,124 - __main__ - WARNING - File not found for Kepler ID: 4947556 (Expected: kplr004947556_llc.fits). Skipping.
2026-02-15 08:06:18,546 - __main__ - WARNING - File not found for Kepler ID: 4173026 (Expected: kplr004173026_llc.fits). Skipping.
2026-02-15 08:06:19,977 - __main__ - WARNING - File not found for Kepler ID: 8934103 (Expected: kplr008934103_llc.fits). Skipping.
2026-02-15 08:06:21,380 - __main__ - WARNING - File not found for Kepler ID: 7300182 (Expected: kplr007300182_llc.fits). Skipping.
2026-02-15 08:06:22,790 - __main__ - WARNING - File not found for Kepler ID: 8483258 (Expected: kplr008483258_llc.fits). Skipping.
2026-02-15 08:06:24,293 - __main__ - WARNING - File not found for Kepler ID: 9009953 (Expected: kplr009009953_llc.fits). Skipping.
2026-02-15 08:06:25,730 - __main__ - WARNING - File not found for Kepler ID: 7664272 (Expected: kplr007664272_llc.fits). Skipping.
2026-02-15 08:06:27,170 - __main__ - WARNING - File not found for Kepler ID: 8282846 (Expected: kplr008282846_llc.fits). Skipping.
2026-02-15 08:06:28,588 - __main__ - WARNING - File not found for Kepler ID: 5938970 (Expected: kplr005938970_llc.fits). Skipping.
2026-02-15 08:06:30,017 - __main__ - WARNING - File not found for Kepler ID: 8636434 (Expected: kplr008636434_llc.fits). Skipping.
2026-02-15 08:06:31,452 - __main__ - WARNING - File not found for Kepler ID: 7296438 (Expected: kplr007296438_llc.fits). Skipping.
2026-02-15 08:06:32,935 - __main__ - WARNING - File not found for Kepler ID: 8332986 (Expected: kplr008332986_llc.fits). Skipping.
2026-02-15 08:06:34,337 - __main__ - WARNING - File not found for Kepler ID: 9425139 (Expected: kplr009425139_llc.fits). Skipping.
2026-02-15 08:06:35,760 - __main__ - WARNING - File not found for Kepler ID: 10152836 (Expected: kplr010152836_llc.fits). Skipping.
2026-02-15 08:06:37,193 - __main__ - WARNING - File not found for Kepler ID: 3644523 (Expected: kplr003644523_llc.fits). Skipping.
2026-02-15 08:06:38,608 - __main__ - WARNING - File not found for Kepler ID: 11909686 (Expected: kplr011909686_llc.fits). Skipping.
2026-02-15 08:06:40,095 - __main__ - WARNING - File not found for Kepler ID: 6678383 (Expected: kplr006678383_llc.fits). Skipping.
2026-02-15 08:06:41,503 - __main__ - WARNING - File not found for Kepler ID: 7377200 (Expected: kplr007377200_llc.fits). Skipping.
2026-02-15 08:06:42,929 - __main__ - WARNING - File not found for Kepler ID: 6387969 (Expected: kplr006387969_llc.fits). Skipping.
2026-02-15 08:06:44,337 - __main__ - WARNING - File not found for Kepler ID: 7747103 (Expected: kplr007747103_llc.fits). Skipping.
2026-02-15 08:06:45,736 - __main__ - WARNING - File not found for Kepler ID: 11392618 (Expected: kplr011392618_llc.fits). Skipping.
2026-02-15 08:06:47,144 - __main__ - WARNING - File not found for Kepler ID: 10861608 (Expected: kplr010861608_llc.fits). Skipping.
2026-02-15 08:06:48,655 - __main__ - WARNING - File not found for Kepler ID: 10601465 (Expected: kplr010601465_llc.fits). Skipping.
2026-02-15 08:06:50,076 - __main__ - WARNING - File not found for Kepler ID: 10005758 (Expected: kplr010005758_llc.fits). Skipping.
2026-02-15 08:06:51,482 - __main__ - WARNING - File not found for Kepler ID: 9823564 (Expected: kplr009823564_llc.fits). Skipping.
2026-02-15 08:06:52,882 - __main__ - WARNING - File not found for Kepler ID: 11551715 (Expected: kplr011551715_llc.fits). Skipping.
2026-02-15 08:06:54,561 - __main__ - WARNING - File not found for Kepler ID: 10665043 (Expected: kplr010665043_llc.fits). Skipping.
2026-02-15 08:06:56,073 - __main__ - WARNING - File not found for Kepler ID: 5364090 (Expected: kplr005364090_llc.fits). Skipping.
2026-02-15 08:06:57,482 - __main__ - WARNING - File not found for Kepler ID: 5374838 (Expected: kplr005374838_llc.fits). Skipping.
2026-02-15 08:06:58,901 - __main__ - WARNING - File not found for Kepler ID: 6368905 (Expected: kplr006368905_llc.fits). Skipping.
2026-02-15 08:07:00,336 - __main__ - WARNING - File not found for Kepler ID: 6369548 (Expected: kplr006369548_llc.fits). Skipping.
2026-02-15 08:07:01,758 - __main__ - WARNING - File not found for Kepler ID: 6372194 (Expected: kplr006372194_llc.fits). Skipping.
2026-02-15 08:07:03,161 - __main__ - WARNING - File not found for Kepler ID: 6387557 (Expected: kplr006387557_llc.fits). Skipping.
2026-02-15 08:07:04,642 - __main__ - WARNING - File not found for Kepler ID: 3958301 (Expected: kplr003958301_llc.fits). Skipping.
2026-02-15 08:07:06,061 - __main__ - WARNING - File not found for Kepler ID: 3968809 (Expected: kplr003968809_llc.fits). Skipping.
2026-02-15 08:07:07,499 - __main__ - WARNING - File not found for Kepler ID: 3974928 (Expected: kplr003974928_llc.fits). Skipping.
2026-02-15 08:07:08,906 - __main__ - WARNING - File not found for Kepler ID: 4058169 (Expected: kplr004058169_llc.fits). Skipping.
2026-02-15 08:07:10,329 - __main__ - WARNING - File not found for Kepler ID: 4063943 (Expected: kplr004063943_llc.fits). Skipping.
2026-02-15 08:07:11,749 - __main__ - WARNING - File not found for Kepler ID: 4068391 (Expected: kplr004068391_llc.fits). Skipping.
2026-02-15 08:07:13,256 - __main__ - WARNING - File not found for Kepler ID: 4071638 (Expected: kplr004071638_llc.fits). Skipping.
2026-02-15 08:07:14,658 - __main__ - WARNING - File not found for Kepler ID: 5394585 (Expected: kplr005394585_llc.fits). Skipping.
2026-02-15 08:07:16,110 - __main__ - WARNING - File not found for Kepler ID: 5397106 (Expected: kplr005397106_llc.fits). Skipping.
2026-02-15 08:07:17,515 - __main__ - WARNING - File not found for Kepler ID: 5425643 (Expected: kplr005425643_llc.fits). Skipping.
2026-02-15 08:07:18,944 - __main__ - WARNING - File not found for Kepler ID: 5425908 (Expected: kplr005425908_llc.fits). Skipping.
2026-02-15 08:07:20,428 - __main__ - WARNING - File not found for Kepler ID: 5428199 (Expected: kplr005428199_llc.fits). Skipping.
2026-02-15 08:07:21,833 - __main__ - WARNING - File not found for Kepler ID: 5436415 (Expected: kplr005436415_llc.fits). Skipping.
2026-02-15 08:07:23,239 - __main__ - WARNING - File not found for Kepler ID: 6425377 (Expected: kplr006425377_llc.fits). Skipping.
2026-02-15 08:07:24,680 - __main__ - WARNING - File not found for Kepler ID: 6443093 (Expected: kplr006443093_llc.fits). Skipping.
2026-02-15 08:07:26,104 - __main__ - WARNING - File not found for Kepler ID: 6447372 (Expected: kplr006447372_llc.fits). Skipping.
2026-02-15 08:07:27,517 - __main__ - WARNING - File not found for Kepler ID: 6461675 (Expected: kplr006461675_llc.fits). Skipping.
2026-02-15 08:07:29,004 - __main__ - WARNING - File not found for Kepler ID: 6697817 (Expected: kplr006697817_llc.fits). Skipping.
2026-02-15 08:07:30,417 - __main__ - WARNING - File not found for Kepler ID: 5437945 (Expected: kplr005437945_llc.fits). Skipping.
2026-02-15 08:07:31,837 - __main__ - WARNING - File not found for Kepler ID: 1161949 (Expected: kplr001161949_llc.fits). Skipping.
2026-02-15 08:07:33,237 - __main__ - WARNING - File not found for Kepler ID: 4077767 (Expected: kplr004077767_llc.fits). Skipping.
2026-02-15 08:07:34,647 - __main__ - WARNING - File not found for Kepler ID: 4147171 (Expected: kplr004147171_llc.fits). Skipping.
2026-02-15 08:07:36,146 - __main__ - WARNING - File not found for Kepler ID: 4150972 (Expected: kplr004150972_llc.fits). Skipping.
2026-02-15 08:07:37,574 - __main__ - WARNING - File not found for Kepler ID: 5436455 (Expected: kplr005436455_llc.fits). Skipping.
2026-02-15 08:07:38,972 - __main__ - WARNING - File not found for Kepler ID: 5439000 (Expected: kplr005439000_llc.fits). Skipping.
2026-02-15 08:07:40,381 - __main__ - WARNING - File not found for Kepler ID: 5440472 (Expected: kplr005440472_llc.fits). Skipping.
2026-02-15 08:07:41,795 - __main__ - WARNING - File not found for Kepler ID: 5446961 (Expected: kplr005446961_llc.fits). Skipping.
2026-02-15 08:07:43,230 - __main__ - WARNING - File not found for Kepler ID: 6517064 (Expected: kplr006517064_llc.fits). Skipping.
2026-02-15 08:07:44,723 - __main__ - WARNING - File not found for Kepler ID: 6517200 (Expected: kplr006517200_llc.fits). Skipping.
2026-02-15 08:07:46,121 - __main__ - WARNING - File not found for Kepler ID: 6517255 (Expected: kplr006517255_llc.fits). Skipping.
2026-02-15 08:07:47,516 - __main__ - WARNING - File not found for Kepler ID: 6525398 (Expected: kplr006525398_llc.fits). Skipping.
2026-02-15 08:07:48,938 - __main__ - WARNING - File not found for Kepler ID: 1297263 (Expected: kplr001297263_llc.fits). Skipping.
2026-02-15 08:07:50,354 - __main__ - WARNING - File not found for Kepler ID: 4179201 (Expected: kplr004179201_llc.fits). Skipping.
2026-02-15 08:07:51,838 - __main__ - WARNING - File not found for Kepler ID: 4241238 (Expected: kplr004241238_llc.fits). Skipping.
2026-02-15 08:07:53,242 - __main__ - WARNING - File not found for Kepler ID: 4242806 (Expected: kplr004242806_llc.fits). Skipping.
2026-02-15 08:07:54,656 - __main__ - WARNING - File not found for Kepler ID: 4246343 (Expected: kplr004246343_llc.fits). Skipping.
2026-02-15 08:07:56,079 - __main__ - WARNING - File not found for Kepler ID: 4253860 (Expected: kplr004253860_llc.fits). Skipping.
2026-02-15 08:07:57,483 - __main__ - WARNING - File not found for Kepler ID: 5525484 (Expected: kplr005525484_llc.fits). Skipping.
2026-02-15 08:07:58,884 - __main__ - WARNING - File not found for Kepler ID: 5529385 (Expected: kplr005529385_llc.fits). Skipping.
2026-02-15 08:08:00,391 - __main__ - WARNING - File not found for Kepler ID: 5547424 (Expected: kplr005547424_llc.fits). Skipping.
2026-02-15 08:08:01,810 - __main__ - WARNING - File not found for Kepler ID: 6527229 (Expected: kplr006527229_llc.fits). Skipping.
2026-02-15 08:08:03,209 - __main__ - WARNING - File not found for Kepler ID: 6548429 (Expected: kplr006548429_llc.fits). Skipping.
2026-02-15 08:08:04,619 - __main__ - WARNING - File not found for Kepler ID: 6594945 (Expected: kplr006594945_llc.fits). Skipping.
2026-02-15 08:08:06,037 - __main__ - WARNING - File not found for Kepler ID: 6600515 (Expected: kplr006600515_llc.fits). Skipping.
2026-02-15 08:08:07,550 - __main__ - WARNING - File not found for Kepler ID: 6608090 (Expected: kplr006608090_llc.fits). Skipping.
2026-02-15 08:08:08,953 - __main__ - WARNING - File not found for Kepler ID: 2019199 (Expected: kplr002019199_llc.fits). Skipping.
2026-02-15 08:08:10,367 - __main__ - WARNING - File not found for Kepler ID: 2163226 (Expected: kplr002163226_llc.fits). Skipping.
2026-02-15 08:08:11,784 - __main__ - WARNING - File not found for Kepler ID: 4281023 (Expected: kplr004281023_llc.fits). Skipping.
2026-02-15 08:08:13,225 - __main__ - WARNING - File not found for Kepler ID: 4281700 (Expected: kplr004281700_llc.fits). Skipping.
2026-02-15 08:08:14,624 - __main__ - WARNING - File not found for Kepler ID: 4346339 (Expected: kplr004346339_llc.fits). Skipping.
2026-02-15 08:08:16,112 - __main__ - WARNING - File not found for Kepler ID: 4366923 (Expected: kplr004366923_llc.fits). Skipping.
2026-02-15 08:08:17,535 - __main__ - WARNING - File not found for Kepler ID: 4449752 (Expected: kplr004449752_llc.fits). Skipping.
2026-02-15 08:08:18,964 - __main__ - WARNING - File not found for Kepler ID: 5602409 (Expected: kplr005602409_llc.fits). Skipping.
2026-02-15 08:08:20,374 - __main__ - WARNING - File not found for Kepler ID: 5603270 (Expected: kplr005603270_llc.fits). Skipping.
2026-02-15 08:08:21,777 - __main__ - WARNING - File not found for Kepler ID: 5616628 (Expected: kplr005616628_llc.fits). Skipping.
2026-02-15 08:08:23,265 - __main__ - WARNING - File not found for Kepler ID: 5623137 (Expected: kplr005623137_llc.fits). Skipping.
2026-02-15 08:08:24,688 - __main__ - WARNING - File not found for Kepler ID: 6611779 (Expected: kplr006611779_llc.fits). Skipping.
2026-02-15 08:08:26,098 - __main__ - WARNING - File not found for Kepler ID: 6612973 (Expected: kplr006612973_llc.fits). Skipping.
2026-02-15 08:08:27,508 - __main__ - WARNING - File not found for Kepler ID: 6635813 (Expected: kplr006635813_llc.fits). Skipping.
2026-02-15 08:08:28,922 - __main__ - WARNING - File not found for Kepler ID: 2437209 (Expected: kplr002437209_llc.fits). Skipping.
2026-02-15 08:08:30,332 - __main__ - WARNING - File not found for Kepler ID: 2438406 (Expected: kplr002438406_llc.fits). Skipping.
2026-02-15 08:08:31,837 - __main__ - WARNING - File not found for Kepler ID: 4459503 (Expected: kplr004459503_llc.fits). Skipping.
2026-02-15 08:08:33,244 - __main__ - WARNING - File not found for Kepler ID: 4464689 (Expected: kplr004464689_llc.fits). Skipping.
2026-02-15 08:08:34,654 - __main__ - WARNING - File not found for Kepler ID: 4469825 (Expected: kplr004469825_llc.fits). Skipping.
2026-02-15 08:08:36,087 - __main__ - WARNING - File not found for Kepler ID: 4470888 (Expected: kplr004470888_llc.fits). Skipping.
2026-02-15 08:08:37,514 - __main__ - WARNING - File not found for Kepler ID: 4471313 (Expected: kplr004471313_llc.fits). Skipping.
2026-02-15 08:08:38,928 - __main__ - WARNING - File not found for Kepler ID: 4478142 (Expected: kplr004478142_llc.fits). Skipping.
2026-02-15 08:08:40,418 - __main__ - WARNING - File not found for Kepler ID: 4484179 (Expected: kplr004484179_llc.fits). Skipping.
2026-02-15 08:08:41,828 - __main__ - WARNING - File not found for Kepler ID: 5650930 (Expected: kplr005650930_llc.fits). Skipping.
2026-02-15 08:08:43,253 - __main__ - WARNING - File not found for Kepler ID: 5698524 (Expected: kplr005698524_llc.fits). Skipping.
2026-02-15 08:08:44,649 - __main__ - WARNING - File not found for Kepler ID: 6805414 (Expected: kplr006805414_llc.fits). Skipping.
2026-02-15 08:08:46,063 - __main__ - WARNING - File not found for Kepler ID: 6880123 (Expected: kplr006880123_llc.fits). Skipping.
2026-02-15 08:08:47,565 - __main__ - WARNING - File not found for Kepler ID: 7897936 (Expected: kplr007897936_llc.fits). Skipping.
2026-02-15 08:08:49,004 - __main__ - WARNING - File not found for Kepler ID: 2582800 (Expected: kplr002582800_llc.fits). Skipping.
2026-02-15 08:08:50,414 - __main__ - WARNING - File not found for Kepler ID: 4540508 (Expected: kplr004540508_llc.fits). Skipping.
2026-02-15 08:08:51,822 - __main__ - WARNING - File not found for Kepler ID: 4565943 (Expected: kplr004565943_llc.fits). Skipping.
2026-02-15 08:08:53,223 - __main__ - WARNING - File not found for Kepler ID: 4566848 (Expected: kplr004566848_llc.fits). Skipping.
2026-02-15 08:08:54,660 - __main__ - WARNING - File not found for Kepler ID: 4586482 (Expected: kplr004586482_llc.fits). Skipping.
2026-02-15 08:08:56,156 - __main__ - WARNING - File not found for Kepler ID: 5709014 (Expected: kplr005709014_llc.fits). Skipping.
2026-02-15 08:08:57,513 - __main__ - WARNING - File not found for Kepler ID: 5734702 (Expected: kplr005734702_llc.fits). Skipping.
2026-02-15 08:08:58,907 - __main__ - WARNING - File not found for Kepler ID: 5779606 (Expected: kplr005779606_llc.fits). Skipping.
2026-02-15 08:09:00,329 - __main__ - WARNING - File not found for Kepler ID: 5780194 (Expected: kplr005780194_llc.fits). Skipping.
2026-02-15 08:09:01,760 - __main__ - WARNING - File not found for Kepler ID: 5781991 (Expected: kplr005781991_llc.fits). Skipping.
2026-02-15 08:09:03,242 - __main__ - WARNING - File not found for Kepler ID: 5784803 (Expected: kplr005784803_llc.fits). Skipping.
2026-02-15 08:09:04,642 - __main__ - WARNING - File not found for Kepler ID: 5791713 (Expected: kplr005791713_llc.fits). Skipping.
2026-02-15 08:09:06,063 - __main__ - WARNING - File not found for Kepler ID: 6681473 (Expected: kplr006681473_llc.fits). Skipping.
2026-02-15 08:09:07,495 - __main__ - WARNING - File not found for Kepler ID: 6688318 (Expected: kplr006688318_llc.fits). Skipping.
2026-02-15 08:09:08,900 - __main__ - WARNING - File not found for Kepler ID: 6690523 (Expected: kplr006690523_llc.fits). Skipping.
2026-02-15 08:09:10,308 - __main__ - WARNING - File not found for Kepler ID: 6692742 (Expected: kplr006692742_llc.fits). Skipping.
2026-02-15 08:09:11,815 - __main__ - WARNING - File not found for Kepler ID: 6718474 (Expected: kplr006718474_llc.fits). Skipping.
2026-02-15 08:09:13,261 - __main__ - WARNING - File not found for Kepler ID: 2833632 (Expected: kplr002833632_llc.fits). Skipping.
2026-02-15 08:09:14,665 - __main__ - WARNING - File not found for Kepler ID: 2836076 (Expected: kplr002836076_llc.fits). Skipping.
2026-02-15 08:09:16,073 - __main__ - WARNING - File not found for Kepler ID: 2861126 (Expected: kplr002861126_llc.fits). Skipping.
2026-02-15 08:09:17,477 - __main__ - WARNING - File not found for Kepler ID: 2861298 (Expected: kplr002861298_llc.fits). Skipping.
2026-02-15 08:09:18,981 - __main__ - WARNING - File not found for Kepler ID: 2987433 (Expected: kplr002987433_llc.fits). Skipping.
2026-02-15 08:09:20,392 - __main__ - WARNING - File not found for Kepler ID: 4732137 (Expected: kplr004732137_llc.fits). Skipping.
2026-02-15 08:09:21,795 - __main__ - WARNING - File not found for Kepler ID: 4736439 (Expected: kplr004736439_llc.fits). Skipping.
2026-02-15 08:09:23,201 - __main__ - WARNING - File not found for Kepler ID: 4740375 (Expected: kplr004740375_llc.fits). Skipping.
2026-02-15 08:09:24,631 - __main__ - WARNING - File not found for Kepler ID: 4741777 (Expected: kplr004741777_llc.fits). Skipping.
2026-02-15 08:09:26,139 - __main__ - WARNING - File not found for Kepler ID: 4750406 (Expected: kplr004750406_llc.fits). Skipping.
2026-02-15 08:09:27,663 - __main__ - WARNING - File not found for Kepler ID: 4760478 (Expected: kplr004760478_llc.fits). Skipping.
2026-02-15 08:09:29,072 - __main__ - WARNING - File not found for Kepler ID: 5793275 (Expected: kplr005793275_llc.fits). Skipping.
2026-02-15 08:09:30,500 - __main__ - WARNING - File not found for Kepler ID: 5794687 (Expected: kplr005794687_llc.fits). Skipping.
2026-02-15 08:09:31,925 - __main__ - WARNING - File not found for Kepler ID: 5857656 (Expected: kplr005857656_llc.fits). Skipping.
2026-02-15 08:09:33,335 - __main__ - WARNING - File not found for Kepler ID: 5869272 (Expected: kplr005869272_llc.fits). Skipping.
2026-02-15 08:09:34,822 - __main__ - WARNING - File not found for Kepler ID: 6719052 (Expected: kplr006719052_llc.fits). Skipping.
2026-02-15 08:09:36,229 - __main__ - WARNING - File not found for Kepler ID: 6721603 (Expected: kplr006721603_llc.fits). Skipping.
2026-02-15 08:09:37,657 - __main__ - WARNING - File not found for Kepler ID: 6765563 (Expected: kplr006765563_llc.fits). Skipping.
2026-02-15 08:09:39,064 - __main__ - WARNING - File not found for Kepler ID: 6767337 (Expected: kplr006767337_llc.fits). Skipping.
2026-02-15 08:09:40,469 - __main__ - WARNING - File not found for Kepler ID: 3001955 (Expected: kplr003001955_llc.fits). Skipping.
2026-02-15 08:09:41,891 - __main__ - WARNING - File not found for Kepler ID: 3117115 (Expected: kplr003117115_llc.fits). Skipping.
2026-02-15 08:09:43,402 - __main__ - WARNING - File not found for Kepler ID: 4761427 (Expected: kplr004761427_llc.fits). Skipping.
2026-02-15 08:09:44,804 - __main__ - WARNING - File not found for Kepler ID: 4770798 (Expected: kplr004770798_llc.fits). Skipping.
2026-02-15 08:09:46,200 - __main__ - WARNING - File not found for Kepler ID: 4814168 (Expected: kplr004814168_llc.fits). Skipping.
2026-02-15 08:09:47,609 - __main__ - WARNING - File not found for Kepler ID: 4819158 (Expected: kplr004819158_llc.fits). Skipping.
2026-02-15 08:09:49,040 - __main__ - WARNING - File not found for Kepler ID: 4833409 (Expected: kplr004833409_llc.fits). Skipping.
2026-02-15 08:09:50,534 - __main__ - WARNING - File not found for Kepler ID: 5942112 (Expected: kplr005942112_llc.fits). Skipping.
2026-02-15 08:09:51,935 - __main__ - WARNING - File not found for Kepler ID: 5949765 (Expected: kplr005949765_llc.fits). Skipping.
2026-02-15 08:09:53,338 - __main__ - WARNING - File not found for Kepler ID: 5956038 (Expected: kplr005956038_llc.fits). Skipping.
2026-02-15 08:09:54,804 - __main__ - WARNING - File not found for Kepler ID: 5963591 (Expected: kplr005963591_llc.fits). Skipping.
2026-02-15 08:09:56,379 - __main__ - WARNING - File not found for Kepler ID: 5965629 (Expected: kplr005965629_llc.fits). Skipping.
2026-02-15 08:09:57,870 - __main__ - WARNING - File not found for Kepler ID: 6934045 (Expected: kplr006934045_llc.fits). Skipping.
2026-02-15 08:09:59,374 - __main__ - WARNING - File not found for Kepler ID: 6939913 (Expected: kplr006939913_llc.fits). Skipping.
2026-02-15 08:10:00,837 - __main__ - WARNING - File not found for Kepler ID: 6947062 (Expected: kplr006947062_llc.fits). Skipping.
2026-02-15 08:10:02,247 - __main__ - WARNING - File not found for Kepler ID: 6952570 (Expected: kplr006952570_llc.fits). Skipping.
2026-02-15 08:10:03,663 - __main__ - WARNING - File not found for Kepler ID: 7013635 (Expected: kplr007013635_llc.fits). Skipping.
2026-02-15 08:10:05,061 - __main__ - WARNING - File not found for Kepler ID: 3245638 (Expected: kplr003245638_llc.fits). Skipping.
2026-02-15 08:10:06,480 - __main__ - WARNING - File not found for Kepler ID: 3329985 (Expected: kplr003329985_llc.fits). Skipping.
2026-02-15 08:10:07,986 - __main__ - WARNING - File not found for Kepler ID: 3341982 (Expected: kplr003341982_llc.fits). Skipping.
2026-02-15 08:10:09,394 - __main__ - WARNING - File not found for Kepler ID: 4843751 (Expected: kplr004843751_llc.fits). Skipping.
2026-02-15 08:10:10,794 - __main__ - WARNING - File not found for Kepler ID: 4856592 (Expected: kplr004856592_llc.fits). Skipping.
2026-02-15 08:10:12,242 - __main__ - WARNING - File not found for Kepler ID: 4902673 (Expected: kplr004902673_llc.fits). Skipping.
2026-02-15 08:10:13,668 - __main__ - WARNING - File not found for Kepler ID: 4912650 (Expected: kplr004912650_llc.fits). Skipping.
2026-02-15 08:10:15,256 - __main__ - WARNING - File not found for Kepler ID: 4914221 (Expected: kplr004914221_llc.fits). Skipping.
2026-02-15 08:10:16,686 - __main__ - WARNING - File not found for Kepler ID: 5967194 (Expected: kplr005967194_llc.fits). Skipping.
2026-02-15 08:10:18,109 - __main__ - WARNING - File not found for Kepler ID: 6021840 (Expected: kplr006021840_llc.fits). Skipping.
2026-02-15 08:10:19,531 - __main__ - WARNING - File not found for Kepler ID: 6023571 (Expected: kplr006023571_llc.fits). Skipping.
2026-02-15 08:10:20,968 - __main__ - WARNING - File not found for Kepler ID: 6025174 (Expected: kplr006025174_llc.fits). Skipping.
2026-02-15 08:10:22,382 - __main__ - WARNING - File not found for Kepler ID: 3356156 (Expected: kplr003356156_llc.fits). Skipping.
2026-02-15 08:10:23,872 - __main__ - WARNING - File not found for Kepler ID: 3428127 (Expected: kplr003428127_llc.fits). Skipping.
2026-02-15 08:10:25,286 - __main__ - WARNING - File not found for Kepler ID: 3441795 (Expected: kplr003441795_llc.fits). Skipping.
2026-02-15 08:10:26,703 - __main__ - WARNING - File not found for Kepler ID: 4915582 (Expected: kplr004915582_llc.fits). Skipping.
2026-02-15 08:10:28,111 - __main__ - WARNING - File not found for Kepler ID: 4917357 (Expected: kplr004917357_llc.fits). Skipping.
2026-02-15 08:10:29,515 - __main__ - WARNING - File not found for Kepler ID: 4917658 (Expected: kplr004917658_llc.fits). Skipping.
2026-02-15 08:10:31,020 - __main__ - WARNING - File not found for Kepler ID: 4937140 (Expected: kplr004937140_llc.fits). Skipping.
2026-02-15 08:10:32,454 - __main__ - WARNING - File not found for Kepler ID: 4940376 (Expected: kplr004940376_llc.fits). Skipping.
2026-02-15 08:10:33,851 - __main__ - WARNING - File not found for Kepler ID: 6034379 (Expected: kplr006034379_llc.fits). Skipping.
2026-02-15 08:10:35,256 - __main__ - WARNING - File not found for Kepler ID: 6034834 (Expected: kplr006034834_llc.fits). Skipping.
2026-02-15 08:10:36,657 - __main__ - WARNING - File not found for Kepler ID: 6036286 (Expected: kplr006036286_llc.fits). Skipping.
2026-02-15 08:10:38,085 - __main__ - WARNING - File not found for Kepler ID: 6038152 (Expected: kplr006038152_llc.fits). Skipping.
2026-02-15 08:10:39,564 - __main__ - WARNING - File not found for Kepler ID: 6043490 (Expected: kplr006043490_llc.fits). Skipping.
2026-02-15 08:10:40,965 - __main__ - WARNING - File not found for Kepler ID: 6047853 (Expected: kplr006047853_llc.fits). Skipping.
2026-02-15 08:10:42,376 - __main__ - WARNING - File not found for Kepler ID: 3459529 (Expected: kplr003459529_llc.fits). Skipping.
2026-02-15 08:10:43,826 - __main__ - WARNING - File not found for Kepler ID: 3532510 (Expected: kplr003532510_llc.fits). Skipping.
2026-02-15 08:10:45,234 - __main__ - WARNING - File not found for Kepler ID: 3540873 (Expected: kplr003540873_llc.fits). Skipping.
2026-02-15 08:10:46,733 - __main__ - WARNING - File not found for Kepler ID: 3542928 (Expected: kplr003542928_llc.fits). Skipping.
2026-02-15 08:10:48,156 - __main__ - WARNING - File not found for Kepler ID: 3545749 (Expected: kplr003545749_llc.fits). Skipping.
2026-02-15 08:10:49,592 - __main__ - WARNING - File not found for Kepler ID: 3546821 (Expected: kplr003546821_llc.fits). Skipping.
2026-02-15 08:10:51,022 - __main__ - WARNING - File not found for Kepler ID: 3548645 (Expected: kplr003548645_llc.fits). Skipping.
2026-02-15 08:10:52,425 - __main__ - WARNING - File not found for Kepler ID: 4953262 (Expected: kplr004953262_llc.fits). Skipping.
2026-02-15 08:10:53,841 - __main__ - WARNING - File not found for Kepler ID: 5024476 (Expected: kplr005024476_llc.fits). Skipping.
2026-02-15 08:10:55,355 - __main__ - WARNING - File not found for Kepler ID: 6062298 (Expected: kplr006062298_llc.fits). Skipping.
2026-02-15 08:10:56,793 - __main__ - WARNING - File not found for Kepler ID: 6065010 (Expected: kplr006065010_llc.fits). Skipping.
2026-02-15 08:10:58,337 - __main__ - WARNING - File not found for Kepler ID: 6067545 (Expected: kplr006067545_llc.fits). Skipping.
2026-02-15 08:10:59,756 - __main__ - WARNING - File not found for Kepler ID: 6115356 (Expected: kplr006115356_llc.fits). Skipping.
2026-02-15 08:11:01,171 - __main__ - WARNING - File not found for Kepler ID: 6116605 (Expected: kplr006116605_llc.fits). Skipping.
2026-02-15 08:11:02,684 - __main__ - WARNING - File not found for Kepler ID: 6118840 (Expected: kplr006118840_llc.fits). Skipping.
2026-02-15 08:11:04,083 - __main__ - WARNING - File not found for Kepler ID: 6129632 (Expected: kplr006129632_llc.fits). Skipping.
2026-02-15 08:11:05,482 - __main__ - WARNING - File not found for Kepler ID: 3555178 (Expected: kplr003555178_llc.fits). Skipping.
2026-02-15 08:11:06,910 - __main__ - WARNING - File not found for Kepler ID: 3641216 (Expected: kplr003641216_llc.fits). Skipping.
2026-02-15 08:11:08,338 - __main__ - WARNING - File not found for Kepler ID: 3644399 (Expected: kplr003644399_llc.fits). Skipping.
2026-02-15 08:11:09,735 - __main__ - WARNING - File not found for Kepler ID: 3644649 (Expected: kplr003644649_llc.fits). Skipping.
2026-02-15 08:11:11,225 - __main__ - WARNING - File not found for Kepler ID: 5036052 (Expected: kplr005036052_llc.fits). Skipping.
2026-02-15 08:11:12,635 - __main__ - WARNING - File not found for Kepler ID: 5037742 (Expected: kplr005037742_llc.fits). Skipping.
2026-02-15 08:11:14,057 - __main__ - WARNING - File not found for Kepler ID: 5039053 (Expected: kplr005039053_llc.fits). Skipping.
2026-02-15 08:11:15,469 - __main__ - WARNING - File not found for Kepler ID: 5091808 (Expected: kplr005091808_llc.fits). Skipping.
2026-02-15 08:11:16,869 - __main__ - WARNING - File not found for Kepler ID: 6139220 (Expected: kplr006139220_llc.fits). Skipping.
2026-02-15 08:11:18,350 - __main__ - WARNING - File not found for Kepler ID: 6149980 (Expected: kplr006149980_llc.fits). Skipping.
2026-02-15 08:11:19,759 - __main__ - WARNING - File not found for Kepler ID: 6197658 (Expected: kplr006197658_llc.fits). Skipping.
2026-02-15 08:11:21,190 - __main__ - WARNING - File not found for Kepler ID: 6198670 (Expected: kplr006198670_llc.fits). Skipping.
2026-02-15 08:11:22,592 - __main__ - WARNING - File not found for Kepler ID: 3646515 (Expected: kplr003646515_llc.fits). Skipping.
2026-02-15 08:11:24,005 - __main__ - WARNING - File not found for Kepler ID: 3730176 (Expected: kplr003730176_llc.fits). Skipping.
2026-02-15 08:11:25,423 - __main__ - WARNING - File not found for Kepler ID: 3748239 (Expected: kplr003748239_llc.fits). Skipping.
2026-02-15 08:11:26,990 - __main__ - WARNING - File not found for Kepler ID: 3751118 (Expected: kplr003751118_llc.fits). Skipping.
2026-02-15 08:11:28,390 - __main__ - WARNING - File not found for Kepler ID: 3755522 (Expected: kplr003755522_llc.fits). Skipping.
2026-02-15 08:11:29,804 - __main__ - WARNING - File not found for Kepler ID: 5094412 (Expected: kplr005094412_llc.fits). Skipping.
2026-02-15 08:11:31,210 - __main__ - WARNING - File not found for Kepler ID: 5105886 (Expected: kplr005105886_llc.fits). Skipping.
2026-02-15 08:11:32,620 - __main__ - WARNING - File not found for Kepler ID: 5110453 (Expected: kplr005110453_llc.fits). Skipping.
2026-02-15 08:11:34,037 - __main__ - WARNING - File not found for Kepler ID: 5166811 (Expected: kplr005166811_llc.fits). Skipping.
2026-02-15 08:11:35,523 - __main__ - WARNING - File not found for Kepler ID: 6266866 (Expected: kplr006266866_llc.fits). Skipping.
2026-02-15 08:11:36,909 - __main__ - WARNING - File not found for Kepler ID: 9002278 (Expected: kplr009002278_llc.fits). Skipping.
2026-02-15 08:11:38,340 - __main__ - WARNING - File not found for Kepler ID: 3757521 (Expected: kplr003757521_llc.fits). Skipping.
2026-02-15 08:11:39,756 - __main__ - WARNING - File not found for Kepler ID: 3763724 (Expected: kplr003763724_llc.fits). Skipping.
2026-02-15 08:11:41,170 - __main__ - WARNING - File not found for Kepler ID: 3834728 (Expected: kplr003834728_llc.fits). Skipping.
2026-02-15 08:11:42,661 - __main__ - WARNING - File not found for Kepler ID: 5181086 (Expected: kplr005181086_llc.fits). Skipping.
2026-02-15 08:11:44,078 - __main__ - WARNING - File not found for Kepler ID: 5181299 (Expected: kplr005181299_llc.fits). Skipping.
2026-02-15 08:11:45,489 - __main__ - WARNING - File not found for Kepler ID: 5184144 (Expected: kplr005184144_llc.fits). Skipping.
2026-02-15 08:11:46,900 - __main__ - WARNING - File not found for Kepler ID: 5192660 (Expected: kplr005192660_llc.fits). Skipping.
2026-02-15 08:11:48,293 - __main__ - WARNING - File not found for Kepler ID: 5193813 (Expected: kplr005193813_llc.fits). Skipping.
2026-02-15 08:11:49,693 - __main__ - WARNING - File not found for Kepler ID: 5211631 (Expected: kplr005211631_llc.fits). Skipping.
2026-02-15 08:11:51,189 - __main__ - WARNING - File not found for Kepler ID: 6281127 (Expected: kplr006281127_llc.fits). Skipping.
2026-02-15 08:11:52,616 - __main__ - WARNING - File not found for Kepler ID: 6285906 (Expected: kplr006285906_llc.fits). Skipping.
2026-02-15 08:11:54,016 - __main__ - WARNING - File not found for Kepler ID: 6287131 (Expected: kplr006287131_llc.fits). Skipping.
2026-02-15 08:11:55,417 - __main__ - WARNING - File not found for Kepler ID: 6290467 (Expected: kplr006290467_llc.fits). Skipping.
2026-02-15 08:11:56,828 - __main__ - WARNING - File not found for Kepler ID: 6309307 (Expected: kplr006309307_llc.fits). Skipping.
2026-02-15 08:11:58,339 - __main__ - WARNING - File not found for Kepler ID: 6342980 (Expected: kplr006342980_llc.fits). Skipping.
2026-02-15 08:11:59,768 - __main__ - WARNING - File not found for Kepler ID: 6850665 (Expected: kplr006850665_llc.fits). Skipping.
2026-02-15 08:12:01,251 - __main__ - WARNING - File not found for Kepler ID: 3848665 (Expected: kplr003848665_llc.fits). Skipping.
2026-02-15 08:12:02,647 - __main__ - WARNING - File not found for Kepler ID: 3852865 (Expected: kplr003852865_llc.fits). Skipping.
2026-02-15 08:12:04,090 - __main__ - WARNING - File not found for Kepler ID: 3854101 (Expected: kplr003854101_llc.fits). Skipping.
2026-02-15 08:12:05,487 - __main__ - WARNING - File not found for Kepler ID: 3863877 (Expected: kplr003863877_llc.fits). Skipping.
2026-02-15 08:12:06,970 - __main__ - WARNING - File not found for Kepler ID: 5213005 (Expected: kplr005213005_llc.fits). Skipping.
2026-02-15 08:12:08,380 - __main__ - WARNING - File not found for Kepler ID: 5213811 (Expected: kplr005213811_llc.fits). Skipping.
2026-02-15 08:12:09,824 - __main__ - WARNING - File not found for Kepler ID: 5255259 (Expected: kplr005255259_llc.fits). Skipping.
2026-02-15 08:12:11,233 - __main__ - WARNING - File not found for Kepler ID: 5262539 (Expected: kplr005262539_llc.fits). Skipping.
2026-02-15 08:12:12,629 - __main__ - WARNING - File not found for Kepler ID: 5265982 (Expected: kplr005265982_llc.fits). Skipping.
2026-02-15 08:12:14,116 - __main__ - WARNING - File not found for Kepler ID: 5271637 (Expected: kplr005271637_llc.fits). Skipping.
2026-02-15 08:12:15,565 - __main__ - WARNING - File not found for Kepler ID: 6347434 (Expected: kplr006347434_llc.fits). Skipping.
2026-02-15 08:12:17,010 - __main__ - WARNING - File not found for Kepler ID: 6359881 (Expected: kplr006359881_llc.fits). Skipping.
2026-02-15 08:12:18,412 - __main__ - WARNING - File not found for Kepler ID: 6359929 (Expected: kplr006359929_llc.fits). Skipping.
2026-02-15 08:12:19,824 - __main__ - WARNING - File not found for Kepler ID: 6363560 (Expected: kplr006363560_llc.fits). Skipping.
2026-02-15 08:12:21,248 - __main__ - WARNING - File not found for Kepler ID: 3865815 (Expected: kplr003865815_llc.fits). Skipping.
2026-02-15 08:12:22,765 - __main__ - WARNING - File not found for Kepler ID: 3941219 (Expected: kplr003941219_llc.fits). Skipping.
2026-02-15 08:12:24,169 - __main__ - WARNING - File not found for Kepler ID: 3953212 (Expected: kplr003953212_llc.fits). Skipping.
2026-02-15 08:12:25,566 - __main__ - WARNING - File not found for Kepler ID: 3965326 (Expected: kplr003965326_llc.fits). Skipping.
2026-02-15 08:12:26,989 - __main__ - WARNING - File not found for Kepler ID: 9265521 (Expected: kplr009265521_llc.fits). Skipping.
2026-02-15 08:12:28,438 - __main__ - WARNING - File not found for Kepler ID: 9271739 (Expected: kplr009271739_llc.fits). Skipping.
2026-02-15 08:12:29,969 - __main__ - WARNING - File not found for Kepler ID: 9274092 (Expected: kplr009274092_llc.fits). Skipping.
2026-02-15 08:12:31,393 - __main__ - WARNING - File not found for Kepler ID: 9274431 (Expected: kplr009274431_llc.fits). Skipping.
2026-02-15 08:12:32,846 - __main__ - WARNING - File not found for Kepler ID: 9300066 (Expected: kplr009300066_llc.fits). Skipping.
2026-02-15 08:12:34,293 - __main__ - WARNING - File not found for Kepler ID: 10191449 (Expected: kplr010191449_llc.fits). Skipping.
2026-02-15 08:12:35,732 - __main__ - WARNING - File not found for Kepler ID: 10199984 (Expected: kplr010199984_llc.fits). Skipping.
2026-02-15 08:12:37,131 - __main__ - WARNING - File not found for Kepler ID: 10201891 (Expected: kplr010201891_llc.fits). Skipping.
2026-02-15 08:12:38,663 - __main__ - WARNING - File not found for Kepler ID: 10208477 (Expected: kplr010208477_llc.fits). Skipping.
2026-02-15 08:12:40,123 - __main__ - WARNING - File not found for Kepler ID: 10222603 (Expected: kplr010222603_llc.fits). Skipping.
2026-02-15 08:12:41,552 - __main__ - WARNING - File not found for Kepler ID: 7581535 (Expected: kplr007581535_llc.fits). Skipping.
2026-02-15 08:12:42,989 - __main__ - WARNING - File not found for Kepler ID: 7592339 (Expected: kplr007592339_llc.fits). Skipping.
2026-02-15 08:12:44,415 - __main__ - WARNING - File not found for Kepler ID: 7598326 (Expected: kplr007598326_llc.fits). Skipping.
2026-02-15 08:12:45,971 - __main__ - WARNING - File not found for Kepler ID: 7619667 (Expected: kplr007619667_llc.fits). Skipping.
2026-02-15 08:12:47,396 - __main__ - WARNING - File not found for Kepler ID: 8507073 (Expected: kplr008507073_llc.fits). Skipping.
2026-02-15 08:12:48,832 - __main__ - WARNING - File not found for Kepler ID: 8507586 (Expected: kplr008507586_llc.fits). Skipping.
2026-02-15 08:12:50,255 - __main__ - WARNING - File not found for Kepler ID: 8510197 (Expected: kplr008510197_llc.fits). Skipping.
2026-02-15 08:12:51,718 - __main__ - WARNING - File not found for Kepler ID: 8516349 (Expected: kplr008516349_llc.fits). Skipping.
2026-02-15 08:12:53,157 - __main__ - WARNING - File not found for Kepler ID: 8525286 (Expected: kplr008525286_llc.fits). Skipping.
2026-02-15 08:12:54,754 - __main__ - WARNING - File not found for Kepler ID: 8542879 (Expected: kplr008542879_llc.fits). Skipping.
2026-02-15 08:12:56,193 - __main__ - WARNING - File not found for Kepler ID: 9306677 (Expected: kplr009306677_llc.fits). Skipping.
2026-02-15 08:12:57,631 - __main__ - WARNING - File not found for Kepler ID: 9330740 (Expected: kplr009330740_llc.fits). Skipping.
2026-02-15 08:12:59,052 - __main__ - WARNING - File not found for Kepler ID: 9334027 (Expected: kplr009334027_llc.fits). Skipping.
2026-02-15 08:13:00,448 - __main__ - WARNING - File not found for Kepler ID: 9357578 (Expected: kplr009357578_llc.fits). Skipping.
2026-02-15 08:13:01,840 - __main__ - WARNING - File not found for Kepler ID: 9362842 (Expected: kplr009362842_llc.fits). Skipping.
2026-02-15 08:13:03,353 - __main__ - WARNING - File not found for Kepler ID: 9363944 (Expected: kplr009363944_llc.fits). Skipping.
2026-02-15 08:13:04,787 - __main__ - WARNING - File not found for Kepler ID: 9368524 (Expected: kplr009368524_llc.fits). Skipping.
2026-02-15 08:13:06,228 - __main__ - WARNING - File not found for Kepler ID: 10266852 (Expected: kplr010266852_llc.fits). Skipping.
2026-02-15 08:13:07,630 - __main__ - WARNING - File not found for Kepler ID: 10272858 (Expected: kplr010272858_llc.fits). Skipping.
2026-02-15 08:13:09,053 - __main__ - WARNING - File not found for Kepler ID: 10292000 (Expected: kplr010292000_llc.fits). Skipping.
2026-02-15 08:13:10,576 - __main__ - WARNING - File not found for Kepler ID: 7631138 (Expected: kplr007631138_llc.fits). Skipping.
2026-02-15 08:13:11,985 - __main__ - WARNING - File not found for Kepler ID: 7674050 (Expected: kplr007674050_llc.fits). Skipping.
2026-02-15 08:13:13,377 - __main__ - WARNING - File not found for Kepler ID: 7690782 (Expected: kplr007690782_llc.fits). Skipping.
2026-02-15 08:13:14,788 - __main__ - WARNING - File not found for Kepler ID: 8546464 (Expected: kplr008546464_llc.fits). Skipping.
2026-02-15 08:13:16,205 - __main__ - WARNING - File not found for Kepler ID: 8547213 (Expected: kplr008547213_llc.fits). Skipping.
2026-02-15 08:13:17,606 - __main__ - WARNING - File not found for Kepler ID: 8547366 (Expected: kplr008547366_llc.fits). Skipping.
2026-02-15 08:13:19,091 - __main__ - WARNING - File not found for Kepler ID: 8547525 (Expected: kplr008547525_llc.fits). Skipping.
2026-02-15 08:13:20,499 - __main__ - WARNING - File not found for Kepler ID: 8547537 (Expected: kplr008547537_llc.fits). Skipping.
2026-02-15 08:13:21,950 - __main__ - WARNING - File not found for Kepler ID: 8548403 (Expected: kplr008548403_llc.fits). Skipping.
2026-02-15 08:13:23,379 - __main__ - WARNING - File not found for Kepler ID: 8548454 (Expected: kplr008548454_llc.fits). Skipping.
2026-02-15 08:13:24,806 - __main__ - WARNING - File not found for Kepler ID: 9391817 (Expected: kplr009391817_llc.fits). Skipping.
2026-02-15 08:13:26,326 - __main__ - WARNING - File not found for Kepler ID: 9394953 (Expected: kplr009394953_llc.fits). Skipping.
2026-02-15 08:13:27,776 - __main__ - WARNING - File not found for Kepler ID: 9397862 (Expected: kplr009397862_llc.fits). Skipping.
2026-02-15 08:13:29,225 - __main__ - WARNING - File not found for Kepler ID: 9407689 (Expected: kplr009407689_llc.fits). Skipping.
2026-02-15 08:13:30,647 - __main__ - WARNING - File not found for Kepler ID: 10356840 (Expected: kplr010356840_llc.fits). Skipping.
2026-02-15 08:13:32,081 - __main__ - WARNING - File not found for Kepler ID: 10387792 (Expected: kplr010387792_llc.fits). Skipping.
2026-02-15 08:13:33,514 - __main__ - WARNING - File not found for Kepler ID: 10394802 (Expected: kplr010394802_llc.fits). Skipping.
2026-02-15 08:13:35,042 - __main__ - WARNING - File not found for Kepler ID: 10399137 (Expected: kplr010399137_llc.fits). Skipping.
2026-02-15 08:13:36,439 - __main__ - WARNING - File not found for Kepler ID: 10416390 (Expected: kplr010416390_llc.fits). Skipping.
2026-02-15 08:13:37,905 - __main__ - WARNING - File not found for Kepler ID: 10419108 (Expected: kplr010419108_llc.fits). Skipping.
2026-02-15 08:13:39,359 - __main__ - WARNING - File not found for Kepler ID: 7751133 (Expected: kplr007751133_llc.fits). Skipping.
2026-02-15 08:13:40,826 - __main__ - WARNING - File not found for Kepler ID: 7757620 (Expected: kplr007757620_llc.fits). Skipping.
2026-02-15 08:13:42,337 - __main__ - WARNING - File not found for Kepler ID: 8570210 (Expected: kplr008570210_llc.fits). Skipping.
2026-02-15 08:13:43,757 - __main__ - WARNING - File not found for Kepler ID: 8571421 (Expected: kplr008571421_llc.fits). Skipping.
2026-02-15 08:13:45,193 - __main__ - WARNING - File not found for Kepler ID: 8574794 (Expected: kplr008574794_llc.fits). Skipping.
2026-02-15 08:13:46,657 - __main__ - WARNING - File not found for Kepler ID: 8575061 (Expected: kplr008575061_llc.fits). Skipping.
2026-02-15 08:13:48,074 - __main__ - WARNING - File not found for Kepler ID: 8613769 (Expected: kplr008613769_llc.fits). Skipping.
2026-02-15 08:13:49,513 - __main__ - WARNING - File not found for Kepler ID: 9412267 (Expected: kplr009412267_llc.fits). Skipping.
2026-02-15 08:13:51,022 - __main__ - WARNING - File not found for Kepler ID: 9417931 (Expected: kplr009417931_llc.fits). Skipping.
2026-02-15 08:13:52,473 - __main__ - WARNING - File not found for Kepler ID: 9451521 (Expected: kplr009451521_llc.fits). Skipping.
2026-02-15 08:13:53,911 - __main__ - WARNING - File not found for Kepler ID: 9455322 (Expected: kplr009455322_llc.fits). Skipping.
2026-02-15 08:13:55,333 - __main__ - WARNING - File not found for Kepler ID: 10470779 (Expected: kplr010470779_llc.fits). Skipping.
2026-02-15 08:13:56,791 - __main__ - WARNING - File not found for Kepler ID: 10487228 (Expected: kplr010487228_llc.fits). Skipping.
2026-02-15 08:13:58,291 - __main__ - WARNING - File not found for Kepler ID: 10519727 (Expected: kplr010519727_llc.fits). Skipping.
2026-02-15 08:13:59,691 - __main__ - WARNING - File not found for Kepler ID: 10535708 (Expected: kplr010535708_llc.fits). Skipping.
2026-02-15 08:14:01,087 - __main__ - WARNING - File not found for Kepler ID: 10548411 (Expected: kplr010548411_llc.fits). Skipping.
2026-02-15 08:14:02,502 - __main__ - WARNING - File not found for Kepler ID: 7762153 (Expected: kplr007762153_llc.fits). Skipping.
2026-02-15 08:14:03,947 - __main__ - WARNING - File not found for Kepler ID: 7762717 (Expected: kplr007762717_llc.fits). Skipping.
2026-02-15 08:14:05,358 - __main__ - WARNING - File not found for Kepler ID: 7770901 (Expected: kplr007770901_llc.fits). Skipping.
2026-02-15 08:14:06,847 - __main__ - WARNING - File not found for Kepler ID: 7804128 (Expected: kplr007804128_llc.fits). Skipping.
2026-02-15 08:14:08,253 - __main__ - WARNING - File not found for Kepler ID: 7809049 (Expected: kplr007809049_llc.fits). Skipping.
2026-02-15 08:14:09,673 - __main__ - WARNING - File not found for Kepler ID: 8622875 (Expected: kplr008622875_llc.fits). Skipping.
2026-02-15 08:14:11,091 - __main__ - WARNING - File not found for Kepler ID: 8644545 (Expected: kplr008644545_llc.fits). Skipping.
2026-02-15 08:14:12,496 - __main__ - WARNING - File not found for Kepler ID: 8644911 (Expected: kplr008644911_llc.fits). Skipping.
2026-02-15 08:14:13,979 - __main__ - WARNING - File not found for Kepler ID: 8652997 (Expected: kplr008652997_llc.fits). Skipping.
2026-02-15 08:14:15,406 - __main__ - WARNING - File not found for Kepler ID: 8656535 (Expected: kplr008656535_llc.fits). Skipping.
2026-02-15 08:14:16,824 - __main__ - WARNING - File not found for Kepler ID: 8671707 (Expected: kplr008671707_llc.fits). Skipping.
2026-02-15 08:14:18,221 - __main__ - WARNING - File not found for Kepler ID: 8676061 (Expected: kplr008676061_llc.fits). Skipping.
2026-02-15 08:14:19,626 - __main__ - WARNING - File not found for Kepler ID: 9463329 (Expected: kplr009463329_llc.fits). Skipping.
2026-02-15 08:14:21,056 - __main__ - WARNING - File not found for Kepler ID: 9466486 (Expected: kplr009466486_llc.fits). Skipping.
2026-02-15 08:14:22,575 - __main__ - WARNING - File not found for Kepler ID: 9475697 (Expected: kplr009475697_llc.fits). Skipping.
2026-02-15 08:14:23,981 - __main__ - WARNING - File not found for Kepler ID: 10552151 (Expected: kplr010552151_llc.fits). Skipping.
2026-02-15 08:14:25,507 - __main__ - WARNING - File not found for Kepler ID: 10552263 (Expected: kplr010552263_llc.fits). Skipping.
2026-02-15 08:14:26,934 - __main__ - WARNING - File not found for Kepler ID: 10554421 (Expected: kplr010554421_llc.fits). Skipping.
2026-02-15 08:14:28,377 - __main__ - WARNING - File not found for Kepler ID: 10579570 (Expected: kplr010579570_llc.fits). Skipping.
2026-02-15 08:14:29,781 - __main__ - WARNING - File not found for Kepler ID: 10581308 (Expected: kplr010581308_llc.fits). Skipping.
2026-02-15 08:14:31,265 - __main__ - WARNING - File not found for Kepler ID: 7819520 (Expected: kplr007819520_llc.fits). Skipping.
2026-02-15 08:14:32,673 - __main__ - WARNING - File not found for Kepler ID: 7829836 (Expected: kplr007829836_llc.fits). Skipping.
2026-02-15 08:14:34,093 - __main__ - WARNING - File not found for Kepler ID: 7830953 (Expected: kplr007830953_llc.fits). Skipping.
2026-02-15 08:14:35,498 - __main__ - WARNING - File not found for Kepler ID: 7881464 (Expected: kplr007881464_llc.fits). Skipping.
2026-02-15 08:14:36,905 - __main__ - WARNING - File not found for Kepler ID: 7884986 (Expected: kplr007884986_llc.fits). Skipping.
2026-02-15 08:14:38,477 - __main__ - WARNING - File not found for Kepler ID: 8677186 (Expected: kplr008677186_llc.fits). Skipping.
2026-02-15 08:14:40,026 - __main__ - WARNING - File not found for Kepler ID: 8678345 (Expected: kplr008678345_llc.fits). Skipping.
2026-02-15 08:14:41,431 - __main__ - WARNING - File not found for Kepler ID: 8715564 (Expected: kplr008715564_llc.fits). Skipping.
2026-02-15 08:14:42,843 - __main__ - WARNING - File not found for Kepler ID: 8737343 (Expected: kplr008737343_llc.fits). Skipping.
2026-02-15 08:14:44,295 - __main__ - WARNING - File not found for Kepler ID: 9517242 (Expected: kplr009517242_llc.fits). Skipping.
2026-02-15 08:14:45,987 - __main__ - WARNING - File not found for Kepler ID: 9534832 (Expected: kplr009534832_llc.fits). Skipping.
2026-02-15 08:14:47,660 - __main__ - WARNING - File not found for Kepler ID: 10799291 (Expected: kplr010799291_llc.fits). Skipping.
2026-02-15 08:14:49,050 - __main__ - WARNING - File not found for Kepler ID: 10802364 (Expected: kplr010802364_llc.fits). Skipping.
2026-02-15 08:14:50,675 - __main__ - WARNING - File not found for Kepler ID: 10850327 (Expected: kplr010850327_llc.fits). Skipping.
2026-02-15 08:14:52,293 - __main__ - WARNING - File not found for Kepler ID: 10858504 (Expected: kplr010858504_llc.fits). Skipping.
2026-02-15 08:14:53,960 - __main__ - WARNING - File not found for Kepler ID: 7900695 (Expected: kplr007900695_llc.fits). Skipping.
2026-02-15 08:14:55,989 - __main__ - WARNING - File not found for Kepler ID: 7900727 (Expected: kplr007900727_llc.fits). Skipping.
2026-02-15 08:14:58,044 - __main__ - WARNING - File not found for Kepler ID: 7902719 (Expected: kplr007902719_llc.fits). Skipping.
2026-02-15 08:14:59,993 - __main__ - WARNING - File not found for Kepler ID: 7917068 (Expected: kplr007917068_llc.fits). Skipping.
2026-02-15 08:15:01,710 - __main__ - WARNING - File not found for Kepler ID: 8742270 (Expected: kplr008742270_llc.fits). Skipping.
2026-02-15 08:15:03,667 - __main__ - WARNING - File not found for Kepler ID: 8747910 (Expected: kplr008747910_llc.fits). Skipping.
2026-02-15 08:15:06,445 - __main__ - WARNING - File not found for Kepler ID: 8814872 (Expected: kplr008814872_llc.fits). Skipping.
2026-02-15 08:15:08,195 - __main__ - WARNING - File not found for Kepler ID: 9579072 (Expected: kplr009579072_llc.fits). Skipping.
2026-02-15 08:15:09,738 - __main__ - WARNING - File not found for Kepler ID: 9579606 (Expected: kplr009579606_llc.fits). Skipping.
2026-02-15 08:15:11,227 - __main__ - WARNING - File not found for Kepler ID: 9594992 (Expected: kplr009594992_llc.fits). Skipping.
2026-02-15 08:15:12,671 - __main__ - WARNING - File not found for Kepler ID: 9596820 (Expected: kplr009596820_llc.fits). Skipping.
2026-02-15 08:15:14,137 - __main__ - WARNING - File not found for Kepler ID: 9598315 (Expected: kplr009598315_llc.fits). Skipping.
2026-02-15 08:15:15,721 - __main__ - WARNING - File not found for Kepler ID: 10618044 (Expected: kplr010618044_llc.fits). Skipping.
2026-02-15 08:15:17,182 - __main__ - WARNING - File not found for Kepler ID: 10658177 (Expected: kplr010658177_llc.fits). Skipping.
2026-02-15 08:15:18,600 - __main__ - WARNING - File not found for Kepler ID: 10663976 (Expected: kplr010663976_llc.fits). Skipping.
2026-02-15 08:15:20,012 - __main__ - WARNING - File not found for Kepler ID: 7935997 (Expected: kplr007935997_llc.fits). Skipping.
2026-02-15 08:15:21,470 - __main__ - WARNING - File not found for Kepler ID: 7948619 (Expected: kplr007948619_llc.fits). Skipping.
2026-02-15 08:15:22,909 - __main__ - WARNING - File not found for Kepler ID: 7950158 (Expected: kplr007950158_llc.fits). Skipping.
2026-02-15 08:15:24,397 - __main__ - WARNING - File not found for Kepler ID: 7967210 (Expected: kplr007967210_llc.fits). Skipping.
2026-02-15 08:15:25,786 - __main__ - WARNING - File not found for Kepler ID: 7970194 (Expected: kplr007970194_llc.fits). Skipping.
2026-02-15 08:15:27,456 - __main__ - WARNING - File not found for Kepler ID: 7978202 (Expected: kplr007978202_llc.fits). Skipping.
2026-02-15 08:15:29,228 - __main__ - WARNING - File not found for Kepler ID: 8836224 (Expected: kplr008836224_llc.fits). Skipping.
2026-02-15 08:15:30,889 - __main__ - WARNING - File not found for Kepler ID: 8841297 (Expected: kplr008841297_llc.fits). Skipping.
2026-02-15 08:15:32,458 - __main__ - WARNING - File not found for Kepler ID: 8868481 (Expected: kplr008868481_llc.fits). Skipping.
2026-02-15 08:15:33,989 - __main__ - WARNING - File not found for Kepler ID: 8890417 (Expected: kplr008890417_llc.fits). Skipping.
2026-02-15 08:15:35,702 - __main__ - WARNING - File not found for Kepler ID: 8891684 (Expected: kplr008891684_llc.fits). Skipping.
2026-02-15 08:15:37,295 - __main__ - WARNING - File not found for Kepler ID: 9659022 (Expected: kplr009659022_llc.fits). Skipping.
2026-02-15 08:15:39,968 - __main__ - WARNING - File not found for Kepler ID: 9662475 (Expected: kplr009662475_llc.fits). Skipping.
2026-02-15 08:15:42,099 - __main__ - WARNING - File not found for Kepler ID: 9715631 (Expected: kplr009715631_llc.fits). Skipping.
2026-02-15 08:15:43,511 - __main__ - WARNING - File not found for Kepler ID: 9723746 (Expected: kplr009723746_llc.fits). Skipping.
2026-02-15 08:15:44,915 - __main__ - WARNING - File not found for Kepler ID: 10677763 (Expected: kplr010677763_llc.fits). Skipping.
2026-02-15 08:15:46,314 - __main__ - WARNING - File not found for Kepler ID: 10678912 (Expected: kplr010678912_llc.fits). Skipping.
2026-02-15 08:15:47,659 - __main__ - WARNING - File not found for Kepler ID: 10734441 (Expected: kplr010734441_llc.fits). Skipping.
2026-02-15 08:15:48,954 - __main__ - WARNING - File not found for Kepler ID: 10737437 (Expected: kplr010737437_llc.fits). Skipping.
2026-02-15 08:15:50,429 - __main__ - WARNING - File not found for Kepler ID: 7979297 (Expected: kplr007979297_llc.fits). Skipping.
2026-02-15 08:15:52,018 - __main__ - WARNING - File not found for Kepler ID: 8005002 (Expected: kplr008005002_llc.fits). Skipping.
2026-02-15 08:15:53,543 - __main__ - WARNING - File not found for Kepler ID: 8016650 (Expected: kplr008016650_llc.fits). Skipping.
2026-02-15 08:15:54,942 - __main__ - WARNING - File not found for Kepler ID: 8025718 (Expected: kplr008025718_llc.fits). Skipping.
2026-02-15 08:15:56,451 - __main__ - WARNING - File not found for Kepler ID: 8937555 (Expected: kplr008937555_llc.fits). Skipping.
2026-02-15 08:15:57,945 - __main__ - WARNING - File not found for Kepler ID: 8946267 (Expected: kplr008946267_llc.fits). Skipping.
2026-02-15 08:15:59,466 - __main__ - WARNING - File not found for Kepler ID: 8949512 (Expected: kplr008949512_llc.fits). Skipping.
2026-02-15 08:16:00,868 - __main__ - WARNING - File not found for Kepler ID: 8955741 (Expected: kplr008955741_llc.fits). Skipping.
2026-02-15 08:16:02,343 - __main__ - WARNING - File not found for Kepler ID: 9771920 (Expected: kplr009771920_llc.fits). Skipping.
2026-02-15 08:16:03,867 - __main__ - WARNING - File not found for Kepler ID: 9776907 (Expected: kplr009776907_llc.fits). Skipping.
2026-02-15 08:16:05,297 - __main__ - WARNING - File not found for Kepler ID: 9832379 (Expected: kplr009832379_llc.fits). Skipping.
2026-02-15 08:16:06,699 - __main__ - WARNING - File not found for Kepler ID: 9837659 (Expected: kplr009837659_llc.fits). Skipping.
2026-02-15 08:16:08,175 - __main__ - WARNING - File not found for Kepler ID: 10865043 (Expected: kplr010865043_llc.fits). Skipping.
2026-02-15 08:16:09,643 - __main__ - WARNING - File not found for Kepler ID: 10878117 (Expected: kplr010878117_llc.fits). Skipping.
2026-02-15 08:16:11,133 - __main__ - WARNING - File not found for Kepler ID: 10879247 (Expected: kplr010879247_llc.fits). Skipping.
2026-02-15 08:16:12,696 - __main__ - WARNING - File not found for Kepler ID: 10879899 (Expected: kplr010879899_llc.fits). Skipping.
2026-02-15 08:16:14,094 - __main__ - WARNING - File not found for Kepler ID: 10905641 (Expected: kplr010905641_llc.fits). Skipping.
2026-02-15 08:16:15,616 - __main__ - WARNING - File not found for Kepler ID: 10958972 (Expected: kplr010958972_llc.fits). Skipping.
2026-02-15 08:16:17,134 - __main__ - WARNING - File not found for Kepler ID: 8035322 (Expected: kplr008035322_llc.fits). Skipping.
2026-02-15 08:16:18,693 - __main__ - WARNING - File not found for Kepler ID: 8036863 (Expected: kplr008036863_llc.fits). Skipping.
2026-02-15 08:16:20,114 - __main__ - WARNING - File not found for Kepler ID: 8040308 (Expected: kplr008040308_llc.fits). Skipping.
2026-02-15 08:16:21,581 - __main__ - WARNING - File not found for Kepler ID: 8044083 (Expected: kplr008044083_llc.fits). Skipping.
2026-02-15 08:16:23,034 - __main__ - WARNING - File not found for Kepler ID: 8959240 (Expected: kplr008959240_llc.fits). Skipping.
2026-02-15 08:16:24,729 - __main__ - WARNING - File not found for Kepler ID: 8971044 (Expected: kplr008971044_llc.fits). Skipping.
2026-02-15 08:16:26,190 - __main__ - WARNING - File not found for Kepler ID: 8975776 (Expected: kplr008975776_llc.fits). Skipping.
2026-02-15 08:16:27,771 - __main__ - WARNING - File not found for Kepler ID: 8979500 (Expected: kplr008979500_llc.fits). Skipping.
2026-02-15 08:16:29,249 - __main__ - WARNING - File not found for Kepler ID: 9003126 (Expected: kplr009003126_llc.fits). Skipping.
2026-02-15 08:16:30,877 - __main__ - WARNING - File not found for Kepler ID: 9008125 (Expected: kplr009008125_llc.fits). Skipping.
2026-02-15 08:16:32,478 - __main__ - WARNING - File not found for Kepler ID: 9838582 (Expected: kplr009838582_llc.fits). Skipping.
2026-02-15 08:16:33,937 - __main__ - WARNING - File not found for Kepler ID: 9845362 (Expected: kplr009845362_llc.fits). Skipping.
2026-02-15 08:16:35,337 - __main__ - WARNING - File not found for Kepler ID: 9848760 (Expected: kplr009848760_llc.fits). Skipping.
2026-02-15 08:16:36,768 - __main__ - WARNING - File not found for Kepler ID: 7018210 (Expected: kplr007018210_llc.fits). Skipping.
2026-02-15 08:16:38,185 - __main__ - WARNING - File not found for Kepler ID: 7041972 (Expected: kplr007041972_llc.fits). Skipping.
2026-02-15 08:16:39,713 - __main__ - WARNING - File not found for Kepler ID: 8094942 (Expected: kplr008094942_llc.fits). Skipping.
2026-02-15 08:16:41,316 - __main__ - WARNING - File not found for Kepler ID: 8099517 (Expected: kplr008099517_llc.fits). Skipping.
2026-02-15 08:16:42,786 - __main__ - WARNING - File not found for Kepler ID: 8105398 (Expected: kplr008105398_llc.fits). Skipping.
2026-02-15 08:16:44,487 - __main__ - WARNING - File not found for Kepler ID: 8105719 (Expected: kplr008105719_llc.fits). Skipping.
2026-02-15 08:16:46,040 - __main__ - WARNING - File not found for Kepler ID: 8106139 (Expected: kplr008106139_llc.fits). Skipping.
2026-02-15 08:16:47,447 - __main__ - WARNING - File not found for Kepler ID: 8108437 (Expected: kplr008108437_llc.fits). Skipping.
2026-02-15 08:16:48,935 - __main__ - WARNING - File not found for Kepler ID: 9012244 (Expected: kplr009012244_llc.fits). Skipping.
2026-02-15 08:16:50,374 - __main__ - WARNING - File not found for Kepler ID: 9024568 (Expected: kplr009024568_llc.fits). Skipping.
2026-02-15 08:16:51,813 - __main__ - WARNING - File not found for Kepler ID: 9026007 (Expected: kplr009026007_llc.fits). Skipping.
2026-02-15 08:16:53,237 - __main__ - WARNING - File not found for Kepler ID: 9026248 (Expected: kplr009026248_llc.fits). Skipping.
2026-02-15 08:16:54,920 - __main__ - WARNING - File not found for Kepler ID: 9044060 (Expected: kplr009044060_llc.fits). Skipping.
2026-02-15 08:16:56,334 - __main__ - WARNING - File not found for Kepler ID: 9851638 (Expected: kplr009851638_llc.fits). Skipping.
2026-02-15 08:16:57,868 - __main__ - WARNING - File not found for Kepler ID: 9875101 (Expected: kplr009875101_llc.fits). Skipping.
2026-02-15 08:16:59,262 - __main__ - WARNING - File not found for Kepler ID: 7101726 (Expected: kplr007101726_llc.fits). Skipping.
2026-02-15 08:17:00,659 - __main__ - WARNING - File not found for Kepler ID: 7123580 (Expected: kplr007123580_llc.fits). Skipping.
2026-02-15 08:17:02,129 - __main__ - WARNING - File not found for Kepler ID: 7123614 (Expected: kplr007123614_llc.fits). Skipping.
2026-02-15 08:17:03,568 - __main__ - WARNING - File not found for Kepler ID: 7125794 (Expected: kplr007125794_llc.fits). Skipping.
2026-02-15 08:17:05,086 - __main__ - WARNING - File not found for Kepler ID: 8192427 (Expected: kplr008192427_llc.fits). Skipping.
2026-02-15 08:17:06,586 - __main__ - WARNING - File not found for Kepler ID: 9079671 (Expected: kplr009079671_llc.fits). Skipping.
2026-02-15 08:17:08,114 - __main__ - WARNING - File not found for Kepler ID: 9079767 (Expected: kplr009079767_llc.fits). Skipping.
2026-02-15 08:17:09,803 - __main__ - WARNING - File not found for Kepler ID: 9087071 (Expected: kplr009087071_llc.fits). Skipping.
2026-02-15 08:17:11,464 - __main__ - WARNING - File not found for Kepler ID: 9087853 (Expected: kplr009087853_llc.fits). Skipping.
2026-02-15 08:17:12,928 - __main__ - WARNING - File not found for Kepler ID: 9097470 (Expected: kplr009097470_llc.fits). Skipping.
2026-02-15 08:17:14,552 - __main__ - WARNING - File not found for Kepler ID: 9933600 (Expected: kplr009933600_llc.fits). Skipping.
2026-02-15 08:17:16,123 - __main__ - WARNING - File not found for Kepler ID: 9935983 (Expected: kplr009935983_llc.fits). Skipping.
2026-02-15 08:17:17,690 - __main__ - WARNING - File not found for Kepler ID: 9941136 (Expected: kplr009941136_llc.fits). Skipping.
2026-02-15 08:17:19,232 - __main__ - WARNING - File not found for Kepler ID: 9941550 (Expected: kplr009941550_llc.fits). Skipping.
2026-02-15 08:17:20,771 - __main__ - WARNING - File not found for Kepler ID: 7174911 (Expected: kplr007174911_llc.fits). Skipping.
2026-02-15 08:17:22,300 - __main__ - WARNING - File not found for Kepler ID: 7186436 (Expected: kplr007186436_llc.fits). Skipping.
2026-02-15 08:17:23,732 - __main__ - WARNING - File not found for Kepler ID: 7189825 (Expected: kplr007189825_llc.fits). Skipping.
2026-02-15 08:17:25,140 - __main__ - WARNING - File not found for Kepler ID: 7191523 (Expected: kplr007191523_llc.fits). Skipping.
2026-02-15 08:17:26,592 - __main__ - WARNING - File not found for Kepler ID: 8223655 (Expected: kplr008223655_llc.fits). Skipping.
2026-02-15 08:17:28,105 - __main__ - WARNING - File not found for Kepler ID: 8229361 (Expected: kplr008229361_llc.fits). Skipping.
2026-02-15 08:17:29,572 - __main__ - WARNING - File not found for Kepler ID: 8234889 (Expected: kplr008234889_llc.fits). Skipping.
2026-02-15 08:17:31,286 - __main__ - WARNING - File not found for Kepler ID: 8241258 (Expected: kplr008241258_llc.fits). Skipping.
2026-02-15 08:17:32,763 - __main__ - WARNING - File not found for Kepler ID: 8241736 (Expected: kplr008241736_llc.fits). Skipping.
2026-02-15 08:17:34,264 - __main__ - WARNING - File not found for Kepler ID: 8244947 (Expected: kplr008244947_llc.fits). Skipping.
2026-02-15 08:17:35,667 - __main__ - WARNING - File not found for Kepler ID: 9114614 (Expected: kplr009114614_llc.fits). Skipping.
2026-02-15 08:17:37,126 - __main__ - WARNING - File not found for Kepler ID: 9116510 (Expected: kplr009116510_llc.fits). Skipping.
2026-02-15 08:17:38,589 - __main__ - WARNING - File not found for Kepler ID: 9118858 (Expected: kplr009118858_llc.fits). Skipping.
2026-02-15 08:17:40,142 - __main__ - WARNING - File not found for Kepler ID: 9137257 (Expected: kplr009137257_llc.fits). Skipping.
2026-02-15 08:17:41,621 - __main__ - WARNING - File not found for Kepler ID: 9953491 (Expected: kplr009953491_llc.fits). Skipping.
2026-02-15 08:17:43,047 - __main__ - WARNING - File not found for Kepler ID: 9968924 (Expected: kplr009968924_llc.fits). Skipping.
2026-02-15 08:17:44,505 - __main__ - WARNING - File not found for Kepler ID: 7192680 (Expected: kplr007192680_llc.fits). Skipping.
2026-02-15 08:17:45,984 - __main__ - WARNING - File not found for Kepler ID: 7198587 (Expected: kplr007198587_llc.fits). Skipping.
2026-02-15 08:17:47,554 - __main__ - WARNING - File not found for Kepler ID: 7203858 (Expected: kplr007203858_llc.fits). Skipping.
2026-02-15 08:17:48,992 - __main__ - WARNING - File not found for Kepler ID: 7205717 (Expected: kplr007205717_llc.fits). Skipping.
2026-02-15 08:17:50,440 - __main__ - WARNING - File not found for Kepler ID: 7207081 (Expected: kplr007207081_llc.fits). Skipping.
2026-02-15 08:17:51,884 - __main__ - WARNING - File not found for Kepler ID: 7213311 (Expected: kplr007213311_llc.fits). Skipping.
2026-02-15 08:17:53,294 - __main__ - WARNING - File not found for Kepler ID: 8288404 (Expected: kplr008288404_llc.fits). Skipping.
2026-02-15 08:17:54,695 - __main__ - WARNING - File not found for Kepler ID: 8294683 (Expected: kplr008294683_llc.fits). Skipping.
2026-02-15 08:17:56,194 - __main__ - WARNING - File not found for Kepler ID: 8307489 (Expected: kplr008307489_llc.fits). Skipping.
2026-02-15 08:17:57,667 - __main__ - WARNING - File not found for Kepler ID: 9141355 (Expected: kplr009141355_llc.fits). Skipping.
2026-02-15 08:17:59,074 - __main__ - WARNING - File not found for Kepler ID: 9142225 (Expected: kplr009142225_llc.fits). Skipping.
2026-02-15 08:18:00,749 - __main__ - WARNING - File not found for Kepler ID: 9142334 (Expected: kplr009142334_llc.fits). Skipping.
2026-02-15 08:18:02,264 - __main__ - WARNING - File not found for Kepler ID: 9147012 (Expected: kplr009147012_llc.fits). Skipping.
2026-02-15 08:18:03,885 - __main__ - WARNING - File not found for Kepler ID: 9147029 (Expected: kplr009147029_llc.fits). Skipping.
2026-02-15 08:18:05,397 - __main__ - WARNING - File not found for Kepler ID: 9153246 (Expected: kplr009153246_llc.fits). Skipping.
2026-02-15 08:18:07,086 - __main__ - WARNING - File not found for Kepler ID: 9157523 (Expected: kplr009157523_llc.fits). Skipping.
2026-02-15 08:18:09,096 - __main__ - WARNING - File not found for Kepler ID: 9994381 (Expected: kplr009994381_llc.fits). Skipping.
2026-02-15 08:18:11,029 - __main__ - WARNING - File not found for Kepler ID: 10007916 (Expected: kplr010007916_llc.fits). Skipping.
2026-02-15 08:18:12,807 - __main__ - WARNING - File not found for Kepler ID: 10018364 (Expected: kplr010018364_llc.fits). Skipping.
2026-02-15 08:18:14,384 - __main__ - WARNING - File not found for Kepler ID: 7255910 (Expected: kplr007255910_llc.fits). Skipping.
2026-02-15 08:18:16,011 - __main__ - WARNING - File not found for Kepler ID: 7256460 (Expected: kplr007256460_llc.fits). Skipping.
2026-02-15 08:18:17,569 - __main__ - WARNING - File not found for Kepler ID: 7282470 (Expected: kplr007282470_llc.fits). Skipping.
2026-02-15 08:18:18,966 - __main__ - WARNING - File not found for Kepler ID: 7289139 (Expected: kplr007289139_llc.fits). Skipping.
2026-02-15 08:18:20,848 - __main__ - WARNING - File not found for Kepler ID: 8308639 (Expected: kplr008308639_llc.fits). Skipping.
2026-02-15 08:18:23,080 - __main__ - WARNING - File not found for Kepler ID: 8313697 (Expected: kplr008313697_llc.fits). Skipping.
2026-02-15 08:18:24,687 - __main__ - WARNING - File not found for Kepler ID: 8351919 (Expected: kplr008351919_llc.fits). Skipping.
2026-02-15 08:18:26,284 - __main__ - WARNING - File not found for Kepler ID: 8352009 (Expected: kplr008352009_llc.fits). Skipping.
2026-02-15 08:18:28,259 - __main__ - WARNING - File not found for Kepler ID: 9164003 (Expected: kplr009164003_llc.fits). Skipping.
2026-02-15 08:18:29,952 - __main__ - WARNING - File not found for Kepler ID: 9166700 (Expected: kplr009166700_llc.fits). Skipping.
2026-02-15 08:18:31,454 - __main__ - WARNING - File not found for Kepler ID: 9173014 (Expected: kplr009173014_llc.fits). Skipping.
2026-02-15 08:18:32,983 - __main__ - WARNING - File not found for Kepler ID: 9178894 (Expected: kplr009178894_llc.fits). Skipping.
2026-02-15 08:18:34,380 - __main__ - WARNING - File not found for Kepler ID: 9181402 (Expected: kplr009181402_llc.fits). Skipping.
2026-02-15 08:18:35,795 - __main__ - WARNING - File not found for Kepler ID: 10027861 (Expected: kplr010027861_llc.fits). Skipping.
2026-02-15 08:18:37,197 - __main__ - WARNING - File not found for Kepler ID: 10064591 (Expected: kplr010064591_llc.fits). Skipping.
2026-02-15 08:18:38,639 - __main__ - WARNING - File not found for Kepler ID: 10074700 (Expected: kplr010074700_llc.fits). Skipping.
2026-02-15 08:18:40,311 - __main__ - WARNING - File not found for Kepler ID: 10096697 (Expected: kplr010096697_llc.fits). Skipping.
2026-02-15 08:18:41,711 - __main__ - WARNING - File not found for Kepler ID: 10098540 (Expected: kplr010098540_llc.fits). Skipping.
2026-02-15 08:18:43,189 - __main__ - WARNING - File not found for Kepler ID: 7383840 (Expected: kplr007383840_llc.fits). Skipping.
2026-02-15 08:18:44,781 - __main__ - WARNING - File not found for Kepler ID: 7386200 (Expected: kplr007386200_llc.fits). Skipping.
2026-02-15 08:18:46,319 - __main__ - WARNING - File not found for Kepler ID: 7416016 (Expected: kplr007416016_llc.fits). Skipping.
2026-02-15 08:18:47,851 - __main__ - WARNING - File not found for Kepler ID: 7416306 (Expected: kplr007416306_llc.fits). Skipping.
2026-02-15 08:18:49,710 - __main__ - WARNING - File not found for Kepler ID: 7416646 (Expected: kplr007416646_llc.fits). Skipping.
2026-02-15 08:18:51,200 - __main__ - WARNING - File not found for Kepler ID: 7440715 (Expected: kplr007440715_llc.fits). Skipping.
2026-02-15 08:18:52,635 - __main__ - WARNING - File not found for Kepler ID: 7456380 (Expected: kplr007456380_llc.fits). Skipping.
2026-02-15 08:18:54,166 - __main__ - WARNING - File not found for Kepler ID: 8414914 (Expected: kplr008414914_llc.fits). Skipping.
2026-02-15 08:18:55,647 - __main__ - WARNING - File not found for Kepler ID: 8415353 (Expected: kplr008415353_llc.fits). Skipping.
2026-02-15 08:18:57,186 - __main__ - WARNING - File not found for Kepler ID: 8432249 (Expected: kplr008432249_llc.fits). Skipping.
2026-02-15 08:18:58,605 - __main__ - WARNING - File not found for Kepler ID: 8439618 (Expected: kplr008439618_llc.fits). Skipping.
2026-02-15 08:19:00,074 - __main__ - WARNING - File not found for Kepler ID: 9209981 (Expected: kplr009209981_llc.fits). Skipping.
2026-02-15 08:19:01,495 - __main__ - WARNING - File not found for Kepler ID: 9210738 (Expected: kplr009210738_llc.fits). Skipping.
2026-02-15 08:19:02,934 - __main__ - WARNING - File not found for Kepler ID: 9214176 (Expected: kplr009214176_llc.fits). Skipping.
2026-02-15 08:19:04,320 - __main__ - WARNING - File not found for Kepler ID: 9216231 (Expected: kplr009216231_llc.fits). Skipping.
2026-02-15 08:19:05,802 - __main__ - WARNING - File not found for Kepler ID: 9217583 (Expected: kplr009217583_llc.fits). Skipping.
2026-02-15 08:19:07,199 - __main__ - WARNING - File not found for Kepler ID: 9220614 (Expected: kplr009220614_llc.fits). Skipping.
2026-02-15 08:19:08,719 - __main__ - WARNING - File not found for Kepler ID: 9224514 (Expected: kplr009224514_llc.fits). Skipping.
2026-02-15 08:19:10,145 - __main__ - WARNING - File not found for Kepler ID: 9229807 (Expected: kplr009229807_llc.fits). Skipping.
2026-02-15 08:19:11,558 - __main__ - WARNING - File not found for Kepler ID: 10130646 (Expected: kplr010130646_llc.fits). Skipping.
2026-02-15 08:19:12,953 - __main__ - WARNING - File not found for Kepler ID: 10132552 (Expected: kplr010132552_llc.fits). Skipping.
2026-02-15 08:19:14,472 - __main__ - WARNING - File not found for Kepler ID: 10132908 (Expected: kplr010132908_llc.fits). Skipping.
2026-02-15 08:19:15,895 - __main__ - WARNING - File not found for Kepler ID: 10161534 (Expected: kplr010161534_llc.fits). Skipping.
2026-02-15 08:19:17,291 - __main__ - WARNING - File not found for Kepler ID: 7458743 (Expected: kplr007458743_llc.fits). Skipping.
2026-02-15 08:19:18,700 - __main__ - WARNING - File not found for Kepler ID: 7468295 (Expected: kplr007468295_llc.fits). Skipping.
2026-02-15 08:19:20,121 - __main__ - WARNING - File not found for Kepler ID: 7516073 (Expected: kplr007516073_llc.fits). Skipping.
2026-02-15 08:19:21,633 - __main__ - WARNING - File not found for Kepler ID: 7538450 (Expected: kplr007538450_llc.fits). Skipping.
2026-02-15 08:19:23,042 - __main__ - WARNING - File not found for Kepler ID: 7539277 (Expected: kplr007539277_llc.fits). Skipping.
2026-02-15 08:19:24,443 - __main__ - WARNING - File not found for Kepler ID: 7550875 (Expected: kplr007550875_llc.fits). Skipping.
2026-02-15 08:19:25,983 - __main__ - WARNING - File not found for Kepler ID: 8442463 (Expected: kplr008442463_llc.fits). Skipping.
2026-02-15 08:19:27,417 - __main__ - WARNING - File not found for Kepler ID: 8474892 (Expected: kplr008474892_llc.fits). Skipping.
2026-02-15 08:19:28,853 - __main__ - WARNING - File not found for Kepler ID: 8482513 (Expected: kplr008482513_llc.fits). Skipping.
2026-02-15 08:19:30,313 - __main__ - WARNING - File not found for Kepler ID: 11444772 (Expected: kplr011444772_llc.fits). Skipping.
2026-02-15 08:19:31,617 - __main__ - WARNING - File not found for Kepler ID: 11453930 (Expected: kplr011453930_llc.fits). Skipping.
2026-02-15 08:19:32,998 - __main__ - WARNING - File not found for Kepler ID: 11457664 (Expected: kplr011457664_llc.fits). Skipping.
2026-02-15 08:19:34,354 - __main__ - WARNING - File not found for Kepler ID: 11465658 (Expected: kplr011465658_llc.fits). Skipping.
2026-02-15 08:19:35,634 - __main__ - WARNING - File not found for Kepler ID: 11465869 (Expected: kplr011465869_llc.fits). Skipping.
2026-02-15 08:19:37,027 - __main__ - WARNING - File not found for Kepler ID: 11513366 (Expected: kplr011513366_llc.fits). Skipping.
2026-02-15 08:19:38,344 - __main__ - WARNING - File not found for Kepler ID: 11559493 (Expected: kplr011559493_llc.fits). Skipping.
2026-02-15 08:19:39,676 - __main__ - WARNING - File not found for Kepler ID: 11598638 (Expected: kplr011598638_llc.fits). Skipping.
2026-02-15 08:19:40,971 - __main__ - WARNING - File not found for Kepler ID: 11599800 (Expected: kplr011599800_llc.fits). Skipping.
2026-02-15 08:19:42,345 - __main__ - WARNING - File not found for Kepler ID: 11600299 (Expected: kplr011600299_llc.fits). Skipping.
2026-02-15 08:19:43,646 - __main__ - WARNING - File not found for Kepler ID: 11601972 (Expected: kplr011601972_llc.fits). Skipping.
2026-02-15 08:19:45,050 - __main__ - WARNING - File not found for Kepler ID: 11603298 (Expected: kplr011603298_llc.fits). Skipping.
2026-02-15 08:19:46,549 - __main__ - WARNING - File not found for Kepler ID: 11614808 (Expected: kplr011614808_llc.fits). Skipping.
2026-02-15 08:19:47,934 - __main__ - WARNING - File not found for Kepler ID: 11615258 (Expected: kplr011615258_llc.fits). Skipping.
2026-02-15 08:19:49,240 - __main__ - WARNING - File not found for Kepler ID: 11615521 (Expected: kplr011615521_llc.fits). Skipping.
2026-02-15 08:19:50,632 - __main__ - WARNING - File not found for Kepler ID: 11616434 (Expected: kplr011616434_llc.fits). Skipping.
2026-02-15 08:19:52,019 - __main__ - WARNING - File not found for Kepler ID: 11654039 (Expected: kplr011654039_llc.fits). Skipping.
2026-02-15 08:19:53,306 - __main__ - WARNING - File not found for Kepler ID: 11716643 (Expected: kplr011716643_llc.fits). Skipping.
2026-02-15 08:19:54,635 - __main__ - WARNING - File not found for Kepler ID: 11722217 (Expected: kplr011722217_llc.fits). Skipping.
2026-02-15 08:19:56,021 - __main__ - WARNING - File not found for Kepler ID: 11773174 (Expected: kplr011773174_llc.fits). Skipping.
2026-02-15 08:19:57,337 - __main__ - WARNING - File not found for Kepler ID: 11803074 (Expected: kplr011803074_llc.fits). Skipping.
2026-02-15 08:19:58,671 - __main__ - WARNING - File not found for Kepler ID: 11807906 (Expected: kplr011807906_llc.fits). Skipping.
2026-02-15 08:20:00,073 - __main__ - WARNING - File not found for Kepler ID: 11818566 (Expected: kplr011818566_llc.fits). Skipping.
2026-02-15 08:20:01,357 - __main__ - WARNING - File not found for Kepler ID: 11824578 (Expected: kplr011824578_llc.fits). Skipping.
2026-02-15 08:20:02,680 - __main__ - WARNING - File not found for Kepler ID: 11860294 (Expected: kplr011860294_llc.fits). Skipping.
2026-02-15 08:20:04,037 - __main__ - WARNING - File not found for Kepler ID: 11868941 (Expected: kplr011868941_llc.fits). Skipping.
2026-02-15 08:20:05,419 - __main__ - WARNING - File not found for Kepler ID: 11911929 (Expected: kplr011911929_llc.fits). Skipping.
2026-02-15 08:20:06,782 - __main__ - WARNING - File not found for Kepler ID: 11966643 (Expected: kplr011966643_llc.fits). Skipping.
2026-02-15 08:20:08,137 - __main__ - WARNING - File not found for Kepler ID: 12007270 (Expected: kplr012007270_llc.fits). Skipping.
2026-02-15 08:20:09,657 - __main__ - WARNING - File not found for Kepler ID: 12009917 (Expected: kplr012009917_llc.fits). Skipping.
2026-02-15 08:20:11,063 - __main__ - WARNING - File not found for Kepler ID: 12020376 (Expected: kplr012020376_llc.fits). Skipping.
2026-02-15 08:20:12,594 - __main__ - WARNING - File not found for Kepler ID: 12066767 (Expected: kplr012066767_llc.fits). Skipping.
2026-02-15 08:20:14,168 - __main__ - WARNING - File not found for Kepler ID: 12071775 (Expected: kplr012071775_llc.fits). Skipping.
2026-02-15 08:20:15,820 - __main__ - WARNING - File not found for Kepler ID: 12102775 (Expected: kplr012102775_llc.fits). Skipping.
2026-02-15 08:20:17,227 - __main__ - WARNING - File not found for Kepler ID: 12121701 (Expected: kplr012121701_llc.fits). Skipping.
2026-02-15 08:20:18,725 - __main__ - WARNING - File not found for Kepler ID: 12156805 (Expected: kplr012156805_llc.fits). Skipping.
2026-02-15 08:20:20,174 - __main__ - WARNING - File not found for Kepler ID: 12165063 (Expected: kplr012165063_llc.fits). Skipping.
2026-02-15 08:20:21,684 - __main__ - WARNING - File not found for Kepler ID: 12168895 (Expected: kplr012168895_llc.fits). Skipping.
2026-02-15 08:20:23,163 - __main__ - WARNING - File not found for Kepler ID: 12350136 (Expected: kplr012350136_llc.fits). Skipping.
2026-02-15 08:20:24,558 - __main__ - WARNING - File not found for Kepler ID: 10964747 (Expected: kplr010964747_llc.fits). Skipping.
2026-02-15 08:20:25,983 - __main__ - WARNING - File not found for Kepler ID: 10977671 (Expected: kplr010977671_llc.fits). Skipping.
2026-02-15 08:20:27,409 - __main__ - WARNING - File not found for Kepler ID: 10978581 (Expected: kplr010978581_llc.fits). Skipping.
2026-02-15 08:20:28,797 - __main__ - WARNING - File not found for Kepler ID: 10979952 (Expected: kplr010979952_llc.fits). Skipping.
2026-02-15 08:20:30,200 - __main__ - WARNING - File not found for Kepler ID: 10991389 (Expected: kplr010991389_llc.fits). Skipping.
2026-02-15 08:20:31,698 - __main__ - WARNING - File not found for Kepler ID: 12405436 (Expected: kplr012405436_llc.fits). Skipping.
2026-02-15 08:20:33,132 - __main__ - WARNING - File not found for Kepler ID: 12417572 (Expected: kplr012417572_llc.fits). Skipping.
2026-02-15 08:20:34,541 - __main__ - WARNING - File not found for Kepler ID: 12418418 (Expected: kplr012418418_llc.fits). Skipping.
2026-02-15 08:20:35,972 - __main__ - WARNING - File not found for Kepler ID: 12505590 (Expected: kplr012505590_llc.fits). Skipping.
2026-02-15 08:20:37,370 - __main__ - WARNING - File not found for Kepler ID: 12506986 (Expected: kplr012506986_llc.fits). Skipping.
2026-02-15 08:20:38,791 - __main__ - WARNING - File not found for Kepler ID: 10991431 (Expected: kplr010991431_llc.fits). Skipping.
2026-02-15 08:20:40,300 - __main__ - WARNING - File not found for Kepler ID: 11021266 (Expected: kplr011021266_llc.fits). Skipping.
2026-02-15 08:20:41,708 - __main__ - WARNING - File not found for Kepler ID: 11021676 (Expected: kplr011021676_llc.fits). Skipping.
2026-02-15 08:20:43,152 - __main__ - WARNING - File not found for Kepler ID: 11026582 (Expected: kplr011026582_llc.fits). Skipping.
2026-02-15 08:20:44,649 - __main__ - WARNING - File not found for Kepler ID: 11036168 (Expected: kplr011036168_llc.fits). Skipping.
2026-02-15 08:20:46,092 - __main__ - WARNING - File not found for Kepler ID: 11037818 (Expected: kplr011037818_llc.fits). Skipping.
2026-02-15 08:20:47,728 - __main__ - WARNING - File not found for Kepler ID: 11046723 (Expected: kplr011046723_llc.fits). Skipping.
2026-02-15 08:20:49,239 - __main__ - WARNING - File not found for Kepler ID: 12645262 (Expected: kplr012645262_llc.fits). Skipping.
2026-02-15 08:20:50,681 - __main__ - WARNING - File not found for Kepler ID: 12734110 (Expected: kplr012734110_llc.fits). Skipping.
2026-02-15 08:20:52,155 - __main__ - WARNING - File not found for Kepler ID: 12835139 (Expected: kplr012835139_llc.fits). Skipping.
2026-02-15 08:20:53,668 - __main__ - WARNING - File not found for Kepler ID: 11069681 (Expected: kplr011069681_llc.fits). Skipping.
2026-02-15 08:20:55,270 - __main__ - WARNING - File not found for Kepler ID: 11072982 (Expected: kplr011072982_llc.fits). Skipping.
2026-02-15 08:20:56,929 - __main__ - WARNING - File not found for Kepler ID: 11073238 (Expected: kplr011073238_llc.fits). Skipping.
2026-02-15 08:20:58,415 - __main__ - WARNING - File not found for Kepler ID: 11090926 (Expected: kplr011090926_llc.fits). Skipping.
2026-02-15 08:20:59,871 - __main__ - WARNING - File not found for Kepler ID: 11097752 (Expected: kplr011097752_llc.fits). Skipping.
2026-02-15 08:21:01,306 - __main__ - WARNING - File not found for Kepler ID: 11100170 (Expected: kplr011100170_llc.fits). Skipping.
2026-02-15 08:21:02,736 - __main__ - WARNING - File not found for Kepler ID: 11129145 (Expected: kplr011129145_llc.fits). Skipping.
2026-02-15 08:21:04,288 - __main__ - WARNING - File not found for Kepler ID: 11145391 (Expected: kplr011145391_llc.fits). Skipping.
2026-02-15 08:21:05,719 - __main__ - WARNING - File not found for Kepler ID: 11147785 (Expected: kplr011147785_llc.fits). Skipping.
2026-02-15 08:21:07,152 - __main__ - WARNING - File not found for Kepler ID: 11152511 (Expected: kplr011152511_llc.fits). Skipping.
2026-02-15 08:21:08,544 - __main__ - WARNING - File not found for Kepler ID: 11182213 (Expected: kplr011182213_llc.fits). Skipping.
2026-02-15 08:21:09,973 - __main__ - WARNING - File not found for Kepler ID: 11183752 (Expected: kplr011183752_llc.fits). Skipping.
2026-02-15 08:21:11,381 - __main__ - WARNING - File not found for Kepler ID: 11191364 (Expected: kplr011191364_llc.fits). Skipping.
2026-02-15 08:21:12,856 - __main__ - WARNING - File not found for Kepler ID: 11199233 (Expected: kplr011199233_llc.fits). Skipping.
2026-02-15 08:21:14,278 - __main__ - WARNING - File not found for Kepler ID: 11251991 (Expected: kplr011251991_llc.fits). Skipping.
2026-02-15 08:21:15,862 - __main__ - WARNING - File not found for Kepler ID: 11305417 (Expected: kplr011305417_llc.fits). Skipping.
2026-02-15 08:21:17,260 - __main__ - WARNING - File not found for Kepler ID: 11338918 (Expected: kplr011338918_llc.fits). Skipping.
2026-02-15 08:21:18,654 - __main__ - WARNING - File not found for Kepler ID: 11340218 (Expected: kplr011340218_llc.fits). Skipping.
2026-02-15 08:21:20,146 - __main__ - WARNING - File not found for Kepler ID: 11341266 (Expected: kplr011341266_llc.fits). Skipping.
2026-02-15 08:21:21,574 - __main__ - WARNING - File not found for Kepler ID: 11348610 (Expected: kplr011348610_llc.fits). Skipping.
2026-02-15 08:21:22,994 - __main__ - WARNING - File not found for Kepler ID: 11351454 (Expected: kplr011351454_llc.fits). Skipping.
2026-02-15 08:21:24,422 - __main__ - WARNING - File not found for Kepler ID: 11355925 (Expected: kplr011355925_llc.fits). Skipping.
2026-02-15 08:21:25,807 - __main__ - WARNING - File not found for Kepler ID: 11391512 (Expected: kplr011391512_llc.fits). Skipping.
2026-02-15 08:21:27,149 - __main__ - WARNING - File not found for Kepler ID: 11393633 (Expected: kplr011393633_llc.fits). Skipping.
2026-02-15 08:21:28,575 - __main__ - WARNING - File not found for Kepler ID: 11414368 (Expected: kplr011414368_llc.fits). Skipping.
2026-02-15 08:21:29,859 - __main__ - WARNING - File not found for Kepler ID: 10055126 (Expected: kplr010055126_llc.fits). Skipping.
2026-02-15 08:21:31,143 - __main__ - WARNING - File not found for Kepler ID: 3559935 (Expected: kplr003559935_llc.fits). Skipping.
2026-02-15 08:21:32,439 - __main__ - WARNING - File not found for Kepler ID: 6364582 (Expected: kplr006364582_llc.fits). Skipping.
2026-02-15 08:21:33,834 - __main__ - WARNING - File not found for Kepler ID: 5471158 (Expected: kplr005471158_llc.fits). Skipping.
2026-02-15 08:21:35,527 - __main__ - WARNING - File not found for Kepler ID: 2852810 (Expected: kplr002852810_llc.fits). Skipping.
2026-02-15 08:21:36,929 - __main__ - WARNING - File not found for Kepler ID: 8613338 (Expected: kplr008613338_llc.fits). Skipping.
2026-02-15 08:21:38,453 - __main__ - WARNING - File not found for Kepler ID: 8646141 (Expected: kplr008646141_llc.fits). Skipping.
2026-02-15 08:21:40,024 - __main__ - WARNING - File not found for Kepler ID: 9551430 (Expected: kplr009551430_llc.fits). Skipping.
2026-02-15 08:21:41,547 - __main__ - WARNING - File not found for Kepler ID: 10718726 (Expected: kplr010718726_llc.fits). Skipping.
2026-02-15 08:21:42,950 - __main__ - WARNING - File not found for Kepler ID: 2852810 (Expected: kplr002852810_llc.fits). Skipping.
2026-02-15 08:21:44,434 - __main__ - WARNING - File not found for Kepler ID: 3003991 (Expected: kplr003003991_llc.fits). Skipping.
2026-02-15 08:21:45,855 - __main__ - WARNING - File not found for Kepler ID: 3229028 (Expected: kplr003229028_llc.fits). Skipping.
2026-02-15 08:21:47,290 - __main__ - WARNING - File not found for Kepler ID: 9145861 (Expected: kplr009145861_llc.fits). Skipping.
2026-02-15 08:21:48,690 - __main__ - WARNING - File not found for Kepler ID: 6129694 (Expected: kplr006129694_llc.fits). Skipping.
2026-02-15 08:21:50,102 - __main__ - WARNING - File not found for Kepler ID: 9899315 (Expected: kplr009899315_llc.fits). Skipping.
2026-02-15 08:21:51,613 - __main__ - WARNING - File not found for Kepler ID: 3634051 (Expected: kplr003634051_llc.fits). Skipping.
2026-02-15 08:21:53,041 - __main__ - WARNING - File not found for Kepler ID: 3634051 (Expected: kplr003634051_llc.fits). Skipping.
2026-02-15 08:21:54,438 - __main__ - WARNING - File not found for Kepler ID: 3761319 (Expected: kplr003761319_llc.fits). Skipping.
2026-02-15 08:21:55,842 - __main__ - WARNING - File not found for Kepler ID: 3762553 (Expected: kplr003762553_llc.fits). Skipping.
2026-02-15 08:21:57,245 - __main__ - WARNING - File not found for Kepler ID: 9304842 (Expected: kplr009304842_llc.fits). Skipping.
2026-02-15 08:21:58,679 - __main__ - WARNING - File not found for Kepler ID: 9304923 (Expected: kplr009304923_llc.fits). Skipping.
2026-02-15 08:22:00,167 - __main__ - WARNING - File not found for Kepler ID: 3645438 (Expected: kplr003645438_llc.fits). Skipping.
2026-02-15 08:22:01,564 - __main__ - WARNING - File not found for Kepler ID: 8210370 (Expected: kplr008210370_llc.fits). Skipping.
2026-02-15 08:22:02,977 - __main__ - WARNING - File not found for Kepler ID: 4139254 (Expected: kplr004139254_llc.fits). Skipping.
2026-02-15 08:22:04,418 - __main__ - WARNING - File not found for Kepler ID: 4255944 (Expected: kplr004255944_llc.fits). Skipping.
2026-02-15 08:22:05,815 - __main__ - WARNING - File not found for Kepler ID: 5796186 (Expected: kplr005796186_llc.fits). Skipping.
2026-02-15 08:22:07,207 - __main__ - WARNING - File not found for Kepler ID: 4464394 (Expected: kplr004464394_llc.fits). Skipping.
2026-02-15 08:22:08,705 - __main__ - WARNING - File not found for Kepler ID: 4739229 (Expected: kplr004739229_llc.fits). Skipping.
2026-02-15 08:22:10,140 - __main__ - WARNING - File not found for Kepler ID: 9974142 (Expected: kplr009974142_llc.fits). Skipping.
2026-02-15 08:22:11,536 - __main__ - WARNING - File not found for Kepler ID: 9974142 (Expected: kplr009974142_llc.fits). Skipping.
2026-02-15 08:22:12,938 - __main__ - WARNING - File not found for Kepler ID: 10163066 (Expected: kplr010163066_llc.fits). Skipping.
2026-02-15 08:22:14,467 - __main__ - WARNING - File not found for Kepler ID: 7429287 (Expected: kplr007429287_llc.fits). Skipping.
2026-02-15 08:22:16,102 - __main__ - WARNING - File not found for Kepler ID: 11296045 (Expected: kplr011296045_llc.fits). Skipping.
2026-02-15 08:22:17,517 - __main__ - WARNING - File not found for Kepler ID: 5951416 (Expected: kplr005951416_llc.fits). Skipping.
2026-02-15 08:22:19,043 - __main__ - WARNING - File not found for Kepler ID: 10340423 (Expected: kplr010340423_llc.fits). Skipping.
2026-02-15 08:22:20,656 - __main__ - WARNING - File not found for Kepler ID: 4742420 (Expected: kplr004742420_llc.fits). Skipping.
2026-02-15 08:22:22,511 - __main__ - WARNING - File not found for Kepler ID: 5306984 (Expected: kplr005306984_llc.fits). Skipping.
2026-02-15 08:22:24,153 - __main__ - WARNING - File not found for Kepler ID: 10219361 (Expected: kplr010219361_llc.fits). Skipping.
2026-02-15 08:22:25,655 - __main__ - WARNING - File not found for Kepler ID: 10964440 (Expected: kplr010964440_llc.fits). Skipping.
2026-02-15 08:22:27,128 - __main__ - WARNING - File not found for Kepler ID: 10363233 (Expected: kplr010363233_llc.fits). Skipping.
2026-02-15 08:22:28,605 - __main__ - WARNING - File not found for Kepler ID: 10414727 (Expected: kplr010414727_llc.fits). Skipping.
2026-02-15 08:22:30,003 - __main__ - WARNING - File not found for Kepler ID: 4078157 (Expected: kplr004078157_llc.fits). Skipping.
2026-02-15 08:22:31,436 - __main__ - WARNING - File not found for Kepler ID: 10971944 (Expected: kplr010971944_llc.fits). Skipping.
2026-02-15 08:22:32,969 - __main__ - WARNING - File not found for Kepler ID: 4247991 (Expected: kplr004247991_llc.fits). Skipping.
2026-02-15 08:22:34,450 - __main__ - WARNING - File not found for Kepler ID: 8042747 (Expected: kplr008042747_llc.fits). Skipping.
2026-02-15 08:22:35,883 - __main__ - WARNING - File not found for Kepler ID: 5792202 (Expected: kplr005792202_llc.fits). Skipping.
2026-02-15 08:22:37,312 - __main__ - WARNING - File not found for Kepler ID: 8109692 (Expected: kplr008109692_llc.fits). Skipping.
2026-02-15 08:22:38,832 - __main__ - WARNING - File not found for Kepler ID: 6116172 (Expected: kplr006116172_llc.fits). Skipping.
2026-02-15 08:22:40,277 - __main__ - WARNING - File not found for Kepler ID: 6182093 (Expected: kplr006182093_llc.fits). Skipping.
2026-02-15 08:22:41,828 - __main__ - WARNING - File not found for Kepler ID: 9839821 (Expected: kplr009839821_llc.fits). Skipping.
2026-02-15 08:22:43,322 - __main__ - WARNING - File not found for Kepler ID: 11296437 (Expected: kplr011296437_llc.fits). Skipping.
2026-02-15 08:22:45,279 - __main__ - WARNING - File not found for Kepler ID: 11341164 (Expected: kplr011341164_llc.fits). Skipping.
2026-02-15 08:22:46,878 - __main__ - WARNING - File not found for Kepler ID: 11462969 (Expected: kplr011462969_llc.fits). Skipping.
2026-02-15 08:22:48,499 - __main__ - WARNING - File not found for Kepler ID: 11462969 (Expected: kplr011462969_llc.fits). Skipping.
2026-02-15 08:22:50,102 - __main__ - WARNING - File not found for Kepler ID: 5792202 (Expected: kplr005792202_llc.fits). Skipping.
2026-02-15 08:22:51,641 - __main__ - WARNING - File not found for Kepler ID: 8126531 (Expected: kplr008126531_llc.fits). Skipping.
2026-02-15 08:22:53,063 - __main__ - WARNING - File not found for Kepler ID: 11656928 (Expected: kplr011656928_llc.fits). Skipping.
2026-02-15 08:22:54,478 - __main__ - WARNING - File not found for Kepler ID: 2853780 (Expected: kplr002853780_llc.fits). Skipping.
2026-02-15 08:22:55,856 - __main__ - WARNING - File not found for Kepler ID: 6946708 (Expected: kplr006946708_llc.fits). Skipping.
2026-02-15 08:22:57,182 - __main__ - WARNING - File not found for Kepler ID: 6967278 (Expected: kplr006967278_llc.fits). Skipping.
2026-02-15 08:22:58,684 - __main__ - WARNING - File not found for Kepler ID: 11775507 (Expected: kplr011775507_llc.fits). Skipping.
2026-02-15 08:23:00,022 - __main__ - WARNING - File not found for Kepler ID: 11775507 (Expected: kplr011775507_llc.fits). Skipping.
2026-02-15 08:23:01,372 - __main__ - WARNING - File not found for Kepler ID: 6768394 (Expected: kplr006768394_llc.fits). Skipping.
2026-02-15 08:23:02,819 - __main__ - WARNING - File not found for Kepler ID: 9214712 (Expected: kplr009214712_llc.fits). Skipping.
2026-02-15 08:23:04,169 - __main__ - WARNING - File not found for Kepler ID: 9214715 (Expected: kplr009214715_llc.fits). Skipping.
2026-02-15 08:23:05,538 - __main__ - WARNING - File not found for Kepler ID: 7198881 (Expected: kplr007198881_llc.fits). Skipping.
2026-02-15 08:23:06,830 - __main__ - WARNING - File not found for Kepler ID: 7198881 (Expected: kplr007198881_llc.fits). Skipping.
2026-02-15 08:23:08,329 - __main__ - WARNING - File not found for Kepler ID: 10545066 (Expected: kplr010545066_llc.fits). Skipping.
2026-02-15 08:23:09,855 - __main__ - WARNING - File not found for Kepler ID: 7464205 (Expected: kplr007464205_llc.fits). Skipping.
2026-02-15 08:23:11,396 - __main__ - WARNING - File not found for Kepler ID: 5706595 (Expected: kplr005706595_llc.fits). Skipping.
2026-02-15 08:23:12,757 - __main__ - WARNING - File not found for Kepler ID: 3548044 (Expected: kplr003548044_llc.fits). Skipping.
2026-02-15 08:23:14,200 - __main__ - WARNING - File not found for Kepler ID: 2581191 (Expected: kplr002581191_llc.fits). Skipping.
2026-02-15 08:23:15,597 - __main__ - WARNING - File not found for Kepler ID: 7835312 (Expected: kplr007835312_llc.fits). Skipping.
2026-02-15 08:23:17,059 - __main__ - WARNING - File not found for Kepler ID: 4142847 (Expected: kplr004142847_llc.fits). Skipping.
2026-02-15 08:23:18,474 - __main__ - WARNING - File not found for Kepler ID: 9221517 (Expected: kplr009221517_llc.fits). Skipping.
2026-02-15 08:23:19,793 - __main__ - WARNING - File not found for Kepler ID: 11623629 (Expected: kplr011623629_llc.fits). Skipping.
2026-02-15 08:23:21,290 - __main__ - WARNING - File not found for Kepler ID: 7974634 (Expected: kplr007974634_llc.fits). Skipping.
2026-02-15 08:23:22,659 - __main__ - WARNING - File not found for Kepler ID: 7974634 (Expected: kplr007974634_llc.fits). Skipping.
2026-02-15 08:23:24,068 - __main__ - WARNING - File not found for Kepler ID: 2305866 (Expected: kplr002305866_llc.fits). Skipping.
2026-02-15 08:23:25,537 - __main__ - WARNING - File not found for Kepler ID: 12206313 (Expected: kplr012206313_llc.fits). Skipping.
2026-02-15 08:23:27,106 - __main__ - WARNING - File not found for Kepler ID: 5184911 (Expected: kplr005184911_llc.fits). Skipping.
2026-02-15 08:23:28,495 - __main__ - WARNING - File not found for Kepler ID: 6436029 (Expected: kplr006436029_llc.fits). Skipping.
2026-02-15 08:23:29,906 - __main__ - WARNING - File not found for Kepler ID: 7767162 (Expected: kplr007767162_llc.fits). Skipping.
2026-02-15 08:23:31,234 - __main__ - WARNING - File not found for Kepler ID: 9478990 (Expected: kplr009478990_llc.fits). Skipping.
2026-02-15 08:23:32,839 - __main__ - WARNING - File not found for Kepler ID: 8165617 (Expected: kplr008165617_llc.fits). Skipping.
2026-02-15 08:23:34,298 - __main__ - WARNING - File not found for Kepler ID: 8223568 (Expected: kplr008223568_llc.fits). Skipping.
2026-02-15 08:23:35,623 - __main__ - WARNING - File not found for Kepler ID: 9838804 (Expected: kplr009838804_llc.fits). Skipping.
2026-02-15 08:23:36,933 - __main__ - WARNING - File not found for Kepler ID: 9966219 (Expected: kplr009966219_llc.fits). Skipping.
2026-02-15 08:23:38,556 - __main__ - WARNING - File not found for Kepler ID: 11974540 (Expected: kplr011974540_llc.fits). Skipping.
2026-02-15 08:23:40,015 - __main__ - WARNING - File not found for Kepler ID: 7219825 (Expected: kplr007219825_llc.fits). Skipping.
2026-02-15 08:23:41,439 - __main__ - WARNING - File not found for Kepler ID: 9958962 (Expected: kplr009958962_llc.fits). Skipping.
2026-02-15 08:23:42,964 - __main__ - WARNING - File not found for Kepler ID: 11769146 (Expected: kplr011769146_llc.fits). Skipping.
2026-02-15 08:23:44,416 - __main__ - WARNING - File not found for Kepler ID: 7868092 (Expected: kplr007868092_llc.fits). Skipping.
2026-02-15 08:23:45,932 - __main__ - WARNING - File not found for Kepler ID: 9826171 (Expected: kplr009826171_llc.fits). Skipping.
2026-02-15 08:23:47,259 - __main__ - WARNING - File not found for Kepler ID: 5005618 (Expected: kplr005005618_llc.fits). Skipping.
2026-02-15 08:23:48,624 - __main__ - WARNING - File not found for Kepler ID: 10467815 (Expected: kplr010467815_llc.fits). Skipping.
2026-02-15 08:23:50,089 - __main__ - WARNING - File not found for Kepler ID: 10847721 (Expected: kplr010847721_llc.fits). Skipping.
2026-02-15 08:23:51,868 - __main__ - WARNING - File not found for Kepler ID: 10118942 (Expected: kplr010118942_llc.fits). Skipping.
2026-02-15 08:23:53,254 - __main__ - WARNING - File not found for Kepler ID: 9471539 (Expected: kplr009471539_llc.fits). Skipping.
2026-02-15 08:23:54,682 - __main__ - WARNING - File not found for Kepler ID: 2305819 (Expected: kplr002305819_llc.fits). Skipping.
2026-02-15 08:23:56,376 - __main__ - WARNING - File not found for Kepler ID: 10284575 (Expected: kplr010284575_llc.fits). Skipping.
2026-02-15 08:23:57,869 - __main__ - WARNING - File not found for Kepler ID: 2142501 (Expected: kplr002142501_llc.fits). Skipping.
2026-02-15 08:23:59,203 - __main__ - WARNING - File not found for Kepler ID: 8413968 (Expected: kplr008413968_llc.fits). Skipping.
2026-02-15 08:24:00,500 - __main__ - WARNING - File not found for Kepler ID: 9008103 (Expected: kplr009008103_llc.fits). Skipping.
2026-02-15 08:24:01,967 - __main__ - WARNING - File not found for Kepler ID: 8308682 (Expected: kplr008308682_llc.fits). Skipping.
2026-02-15 08:24:03,442 - __main__ - WARNING - File not found for Kepler ID: 11442793 (Expected: kplr011442793_llc.fits). Skipping.
2026-02-15 08:24:04,911 - __main__ - WARNING - File not found for Kepler ID: 5217733 (Expected: kplr005217733_llc.fits). Skipping.
2026-02-15 08:24:06,307 - __main__ - WARNING - File not found for Kepler ID: 6697976 (Expected: kplr006697976_llc.fits). Skipping.
2026-02-15 08:24:07,630 - __main__ - WARNING - File not found for Kepler ID: 10089123 (Expected: kplr010089123_llc.fits). Skipping.
2026-02-15 08:24:09,004 - __main__ - WARNING - File not found for Kepler ID: 8555967 (Expected: kplr008555967_llc.fits). Skipping.
2026-02-15 08:24:10,514 - __main__ - WARNING - File not found for Kepler ID: 8374394 (Expected: kplr008374394_llc.fits). Skipping.
2026-02-15 08:24:11,901 - __main__ - WARNING - File not found for Kepler ID: 8440062 (Expected: kplr008440062_llc.fits). Skipping.
2026-02-15 08:24:13,237 - __main__ - WARNING - File not found for Kepler ID: 7663804 (Expected: kplr007663804_llc.fits). Skipping.
2026-02-15 08:24:14,594 - __main__ - WARNING - File not found for Kepler ID: 10214328 (Expected: kplr010214328_llc.fits). Skipping.
2026-02-15 08:24:16,019 - __main__ - WARNING - File not found for Kepler ID: 9214712 (Expected: kplr009214712_llc.fits). Skipping.
2026-02-15 08:24:17,506 - __main__ - WARNING - File not found for Kepler ID: 9214715 (Expected: kplr009214715_llc.fits). Skipping.
2026-02-15 08:24:18,814 - __main__ - WARNING - File not found for Kepler ID: 4076061 (Expected: kplr004076061_llc.fits). Skipping.
2026-02-15 08:24:20,302 - __main__ - WARNING - File not found for Kepler ID: 8442795 (Expected: kplr008442795_llc.fits). Skipping.
2026-02-15 08:24:21,766 - __main__ - WARNING - File not found for Kepler ID: 11356602 (Expected: kplr011356602_llc.fits). Skipping.
2026-02-15 08:24:23,143 - __main__ - WARNING - File not found for Kepler ID: 1433531 (Expected: kplr001433531_llc.fits). Skipping.
2026-02-15 08:24:24,497 - __main__ - WARNING - File not found for Kepler ID: 4171955 (Expected: kplr004171955_llc.fits). Skipping.
2026-02-15 08:24:26,162 - __main__ - WARNING - File not found for Kepler ID: 6878408 (Expected: kplr006878408_llc.fits). Skipping.
2026-02-15 08:24:27,623 - __main__ - WARNING - File not found for Kepler ID: 9480398 (Expected: kplr009480398_llc.fits). Skipping.
2026-02-15 08:24:29,018 - __main__ - WARNING - File not found for Kepler ID: 9490342 (Expected: kplr009490342_llc.fits). Skipping.
2026-02-15 08:24:30,309 - __main__ - WARNING - File not found for Kepler ID: 5115688 (Expected: kplr005115688_llc.fits). Skipping.
2026-02-15 08:24:31,593 - __main__ - WARNING - File not found for Kepler ID: 8489260 (Expected: kplr008489260_llc.fits). Skipping.
2026-02-15 08:24:33,024 - __main__ - WARNING - File not found for Kepler ID: 7871395 (Expected: kplr007871395_llc.fits). Skipping.
2026-02-15 08:24:34,350 - __main__ - WARNING - File not found for Kepler ID: 10464199 (Expected: kplr010464199_llc.fits). Skipping.
2026-02-15 08:24:35,712 - __main__ - WARNING - File not found for Kepler ID: 4384793 (Expected: kplr004384793_llc.fits). Skipping.
2026-02-15 08:24:37,067 - __main__ - WARNING - File not found for Kepler ID: 5193439 (Expected: kplr005193439_llc.fits). Skipping.
2026-02-15 08:24:38,404 - __main__ - WARNING - File not found for Kepler ID: 6209225 (Expected: kplr006209225_llc.fits). Skipping.
2026-02-15 08:24:39,739 - __main__ - WARNING - File not found for Kepler ID: 8625408 (Expected: kplr008625408_llc.fits). Skipping.
2026-02-15 08:24:41,195 - __main__ - WARNING - File not found for Kepler ID: 11671646 (Expected: kplr011671646_llc.fits). Skipping.
2026-02-15 08:24:42,516 - __main__ - WARNING - File not found for Kepler ID: 2856960 (Expected: kplr002856960_llc.fits). Skipping.
2026-02-15 08:24:43,954 - __main__ - WARNING - File not found for Kepler ID: 4567118 (Expected: kplr004567118_llc.fits). Skipping.
2026-02-15 08:24:45,251 - __main__ - WARNING - File not found for Kepler ID: 4575824 (Expected: kplr004575824_llc.fits). Skipping.
2026-02-15 08:24:46,629 - __main__ - WARNING - File not found for Kepler ID: 6279823 (Expected: kplr006279823_llc.fits). Skipping.
2026-02-15 08:24:48,184 - __main__ - WARNING - File not found for Kepler ID: 7090801 (Expected: kplr007090801_llc.fits). Skipping.
2026-02-15 08:24:49,699 - __main__ - WARNING - File not found for Kepler ID: 10586619 (Expected: kplr010586619_llc.fits). Skipping.
2026-02-15 08:24:51,389 - __main__ - WARNING - File not found for Kepler ID: 8557246 (Expected: kplr008557246_llc.fits). Skipping.
2026-02-15 08:24:53,486 - __main__ - WARNING - File not found for Kepler ID: 4578594 (Expected: kplr004578594_llc.fits). Skipping.
2026-02-15 08:24:57,010 - __main__ - WARNING - File not found for Kepler ID: 8297017 (Expected: kplr008297017_llc.fits). Skipping.
2026-02-15 08:24:58,626 - __main__ - WARNING - File not found for Kepler ID: 8508493 (Expected: kplr008508493_llc.fits). Skipping.
2026-02-15 08:25:00,098 - __main__ - WARNING - File not found for Kepler ID: 9657636 (Expected: kplr009657636_llc.fits). Skipping.
2026-02-15 08:25:01,441 - __main__ - WARNING - File not found for Kepler ID: 9674320 (Expected: kplr009674320_llc.fits). Skipping.
2026-02-15 08:25:02,734 - __main__ - WARNING - File not found for Kepler ID: 5347537 (Expected: kplr005347537_llc.fits). Skipping.
2026-02-15 08:25:04,162 - __main__ - WARNING - File not found for Kepler ID: 4832273 (Expected: kplr004832273_llc.fits). Skipping.
2026-02-15 08:25:05,594 - __main__ - WARNING - File not found for Kepler ID: 6421937 (Expected: kplr006421937_llc.fits). Skipping.
2026-02-15 08:25:06,885 - __main__ - WARNING - File not found for Kepler ID: 6428942 (Expected: kplr006428942_llc.fits). Skipping.
2026-02-15 08:25:08,256 - __main__ - WARNING - File not found for Kepler ID: 8120820 (Expected: kplr008120820_llc.fits). Skipping.
2026-02-15 08:25:09,679 - __main__ - WARNING - File not found for Kepler ID: 9821428 (Expected: kplr009821428_llc.fits). Skipping.
2026-02-15 08:25:11,138 - __main__ - WARNING - File not found for Kepler ID: 6307521 (Expected: kplr006307521_llc.fits). Skipping.
2026-02-15 08:25:12,561 - __main__ - WARNING - File not found for Kepler ID: 8158324 (Expected: kplr008158324_llc.fits). Skipping.
2026-02-15 08:25:13,962 - __main__ - WARNING - File not found for Kepler ID: 4862625 (Expected: kplr004862625_llc.fits). Skipping.
2026-02-15 08:25:15,526 - __main__ - WARNING - File not found for Kepler ID: 9906841 (Expected: kplr009906841_llc.fits). Skipping.
2026-02-15 08:25:17,085 - __main__ - WARNING - File not found for Kepler ID: 2853828 (Expected: kplr002853828_llc.fits). Skipping.
2026-02-15 08:25:18,615 - __main__ - WARNING - File not found for Kepler ID: 3548622 (Expected: kplr003548622_llc.fits). Skipping.
2026-02-15 08:25:20,005 - __main__ - WARNING - File not found for Kepler ID: 8308516 (Expected: kplr008308516_llc.fits). Skipping.
2026-02-15 08:25:21,453 - __main__ - WARNING - File not found for Kepler ID: 6590726 (Expected: kplr006590726_llc.fits). Skipping.
2026-02-15 08:25:23,020 - __main__ - WARNING - File not found for Kepler ID: 11810124 (Expected: kplr011810124_llc.fits). Skipping.
2026-02-15 08:25:24,630 - __main__ - WARNING - File not found for Kepler ID: 4950341 (Expected: kplr004950341_llc.fits). Skipping.
2026-02-15 08:25:26,217 - __main__ - WARNING - File not found for Kepler ID: 5616489 (Expected: kplr005616489_llc.fits). Skipping.
2026-02-15 08:25:27,787 - __main__ - WARNING - File not found for Kepler ID: 9150870 (Expected: kplr009150870_llc.fits). Skipping.
2026-02-15 08:25:29,208 - __main__ - WARNING - File not found for Kepler ID: 12504353 (Expected: kplr012504353_llc.fits). Skipping.
2026-02-15 08:25:30,659 - __main__ - WARNING - File not found for Kepler ID: 5633259 (Expected: kplr005633259_llc.fits). Skipping.
2026-02-15 08:25:32,231 - __main__ - WARNING - File not found for Kepler ID: 6614748 (Expected: kplr006614748_llc.fits). Skipping.
2026-02-15 08:25:33,776 - __main__ - WARNING - File not found for Kepler ID: 7431665 (Expected: kplr007431665_llc.fits). Skipping.
2026-02-15 08:25:35,187 - __main__ - WARNING - File not found for Kepler ID: 7456521 (Expected: kplr007456521_llc.fits). Skipping.
2026-02-15 08:25:36,649 - __main__ - WARNING - File not found for Kepler ID: 7499571 (Expected: kplr007499571_llc.fits). Skipping.
2026-02-15 08:25:38,371 - __main__ - WARNING - File not found for Kepler ID: 8311864 (Expected: kplr008311864_llc.fits). Skipping.
2026-02-15 08:25:39,973 - __main__ - WARNING - File not found for Kepler ID: 9595956 (Expected: kplr009595956_llc.fits). Skipping.
2026-02-15 08:25:41,714 - __main__ - WARNING - File not found for Kepler ID: 9655792 (Expected: kplr009655792_llc.fits). Skipping.
2026-02-15 08:25:43,215 - __main__ - WARNING - File not found for Kepler ID: 9970396 (Expected: kplr009970396_llc.fits). Skipping.
2026-02-15 08:25:44,629 - __main__ - WARNING - File not found for Kepler ID: 11296798 (Expected: kplr011296798_llc.fits). Skipping.
2026-02-15 08:25:46,097 - __main__ - WARNING - File not found for Kepler ID: 12253534 (Expected: kplr012253534_llc.fits). Skipping.
2026-02-15 08:25:47,628 - __main__ - WARNING - File not found for Kepler ID: 7539174 (Expected: kplr007539174_llc.fits). Skipping.
2026-02-15 08:25:49,225 - __main__ - WARNING - File not found for Kepler ID: 4862625 (Expected: kplr004862625_llc.fits). Skipping.
2026-02-15 08:25:50,677 - __main__ - WARNING - File not found for Kepler ID: 3123418 (Expected: kplr003123418_llc.fits). Skipping.
2026-02-15 08:25:52,072 - __main__ - WARNING - File not found for Kepler ID: 4384652 (Expected: kplr004384652_llc.fits). Skipping.
2026-02-15 08:25:53,542 - __main__ - WARNING - File not found for Kepler ID: 4662363 (Expected: kplr004662363_llc.fits). Skipping.
2026-02-15 08:25:54,996 - __main__ - WARNING - File not found for Kepler ID: 4851195 (Expected: kplr004851195_llc.fits). Skipping.
2026-02-15 08:25:56,442 - __main__ - WARNING - File not found for Kepler ID: 4862924 (Expected: kplr004862924_llc.fits). Skipping.
2026-02-15 08:25:57,986 - __main__ - WARNING - File not found for Kepler ID: 6307243 (Expected: kplr006307243_llc.fits). Skipping.
2026-02-15 08:25:59,457 - __main__ - WARNING - File not found for Kepler ID: 6350522 (Expected: kplr006350522_llc.fits). Skipping.
2026-02-15 08:26:01,029 - __main__ - WARNING - File not found for Kepler ID: 6385302 (Expected: kplr006385302_llc.fits). Skipping.
2026-02-15 08:26:02,409 - __main__ - WARNING - File not found for Kepler ID: 6443274 (Expected: kplr006443274_llc.fits). Skipping.
2026-02-15 08:26:03,867 - __main__ - WARNING - File not found for Kepler ID: 6508734 (Expected: kplr006508734_llc.fits). Skipping.
2026-02-15 08:26:05,441 - __main__ - WARNING - File not found for Kepler ID: 8096395 (Expected: kplr008096395_llc.fits). Skipping.
2026-02-15 08:26:07,057 - __main__ - WARNING - File not found for Kepler ID: 8106973 (Expected: kplr008106973_llc.fits). Skipping.
2026-02-15 08:26:08,465 - __main__ - WARNING - File not found for Kepler ID: 8168509 (Expected: kplr008168509_llc.fits). Skipping.
2026-02-15 08:26:09,863 - __main__ - WARNING - File not found for Kepler ID: 8297319 (Expected: kplr008297319_llc.fits). Skipping.
2026-02-15 08:26:11,315 - __main__ - WARNING - File not found for Kepler ID: 8423344 (Expected: kplr008423344_llc.fits). Skipping.
2026-02-15 08:26:12,752 - __main__ - WARNING - File not found for Kepler ID: 8682094 (Expected: kplr008682094_llc.fits). Skipping.
2026-02-15 08:26:14,311 - __main__ - WARNING - File not found for Kepler ID: 9025662 (Expected: kplr009025662_llc.fits). Skipping.
2026-02-15 08:26:15,854 - __main__ - WARNING - File not found for Kepler ID: 9246715 (Expected: kplr009246715_llc.fits). Skipping.
2026-02-15 08:26:17,477 - __main__ - WARNING - File not found for Kepler ID: 9292130 (Expected: kplr009292130_llc.fits). Skipping.
2026-02-15 08:26:19,076 - __main__ - WARNING - File not found for Kepler ID: 8757213 (Expected: kplr008757213_llc.fits). Skipping.
2026-02-15 08:26:20,677 - __main__ - WARNING - File not found for Kepler ID: 8749844 (Expected: kplr008749844_llc.fits). Skipping.
2026-02-15 08:26:22,335 - __main__ - WARNING - File not found for Kepler ID: 9079587 (Expected: kplr009079587_llc.fits). Skipping.
2026-02-15 08:26:24,104 - __main__ - WARNING - File not found for Kepler ID: 8703506 (Expected: kplr008703506_llc.fits). Skipping.
2026-02-15 08:26:25,744 - __main__ - WARNING - File not found for Kepler ID: 8761550 (Expected: kplr008761550_llc.fits). Skipping.
2026-02-15 08:26:27,226 - __main__ - WARNING - File not found for Kepler ID: 8686761 (Expected: kplr008686761_llc.fits). Skipping.
2026-02-15 08:26:28,639 - __main__ - WARNING - File not found for Kepler ID: 8880317 (Expected: kplr008880317_llc.fits). Skipping.
2026-02-15 08:26:30,225 - __main__ - WARNING - File not found for Kepler ID: 10208894 (Expected: kplr010208894_llc.fits). Skipping.
2026-02-15 08:26:31,792 - __main__ - WARNING - File not found for Kepler ID: 10253977 (Expected: kplr010253977_llc.fits). Skipping.
2026-02-15 08:26:33,232 - __main__ - WARNING - File not found for Kepler ID: 10268714 (Expected: kplr010268714_llc.fits). Skipping.
2026-02-15 08:26:34,714 - __main__ - WARNING - File not found for Kepler ID: 10281311 (Expected: kplr010281311_llc.fits). Skipping.
2026-02-15 08:26:36,530 - __main__ - WARNING - File not found for Kepler ID: 10341876 (Expected: kplr010341876_llc.fits). Skipping.
2026-02-15 08:26:38,012 - __main__ - WARNING - File not found for Kepler ID: 10351947 (Expected: kplr010351947_llc.fits). Skipping.
2026-02-15 08:26:39,513 - __main__ - WARNING - File not found for Kepler ID: 10214341 (Expected: kplr010214341_llc.fits). Skipping.
2026-02-15 08:26:41,180 - __main__ - WARNING - File not found for Kepler ID: 10263598 (Expected: kplr010263598_llc.fits). Skipping.
2026-02-15 08:26:43,235 - __main__ - WARNING - File not found for Kepler ID: 4763020 (Expected: kplr004763020_llc.fits). Skipping.
2026-02-15 08:26:45,093 - __main__ - WARNING - File not found for Kepler ID: 5288744 (Expected: kplr005288744_llc.fits). Skipping.
2026-02-15 08:26:47,013 - __main__ - WARNING - File not found for Kepler ID: 5305225 (Expected: kplr005305225_llc.fits). Skipping.
2026-02-15 08:26:49,208 - __main__ - WARNING - File not found for Kepler ID: 5598216 (Expected: kplr005598216_llc.fits). Skipping.
2026-02-15 08:26:51,268 - __main__ - WARNING - File not found for Kepler ID: 5637036 (Expected: kplr005637036_llc.fits). Skipping.
2026-02-15 08:26:53,434 - __main__ - WARNING - File not found for Kepler ID: 10385708 (Expected: kplr010385708_llc.fits). Skipping.
2026-02-15 08:26:56,306 - __main__ - WARNING - File not found for Kepler ID: 10404545 (Expected: kplr010404545_llc.fits). Skipping.
2026-02-15 08:26:59,007 - __main__ - WARNING - File not found for Kepler ID: 10425070 (Expected: kplr010425070_llc.fits). Skipping.
2026-02-15 08:27:02,294 - __main__ - WARNING - File not found for Kepler ID: 10425070 (Expected: kplr010425070_llc.fits). Skipping.
2026-02-15 08:27:04,743 - __main__ - WARNING - File not found for Kepler ID: 10461045 (Expected: kplr010461045_llc.fits). Skipping.
2026-02-15 08:27:07,461 - __main__ - WARNING - File not found for Kepler ID: 10321927 (Expected: kplr010321927_llc.fits). Skipping.
2026-02-15 08:27:10,050 - __main__ - WARNING - File not found for Kepler ID: 10321972 (Expected: kplr010321972_llc.fits). Skipping.
2026-02-15 08:27:12,907 - __main__ - WARNING - File not found for Kepler ID: 10331279 (Expected: kplr010331279_llc.fits). Skipping.
2026-02-15 08:27:15,858 - __main__ - WARNING - File not found for Kepler ID: 10338529 (Expected: kplr010338529_llc.fits). Skipping.
2026-02-15 08:27:18,707 - __main__ - WARNING - File not found for Kepler ID: 5709226 (Expected: kplr005709226_llc.fits). Skipping.
2026-02-15 08:27:21,978 - __main__ - WARNING - File not found for Kepler ID: 5775090 (Expected: kplr005775090_llc.fits). Skipping.
2026-02-15 08:27:25,047 - __main__ - WARNING - File not found for Kepler ID: 5791705 (Expected: kplr005791705_llc.fits). Skipping.
2026-02-15 08:27:28,779 - __main__ - WARNING - File not found for Kepler ID: 5802205 (Expected: kplr005802205_llc.fits). Skipping.
2026-02-15 08:27:38,027 - __main__ - WARNING - File not found for Kepler ID: 5812648 (Expected: kplr005812648_llc.fits). Skipping.
2026-02-15 08:27:41,824 - __main__ - WARNING - File not found for Kepler ID: 5858919 (Expected: kplr005858919_llc.fits). Skipping.
2026-02-15 08:27:45,591 - __main__ - WARNING - File not found for Kepler ID: 5872139 (Expected: kplr005872139_llc.fits). Skipping.
2026-02-15 08:27:48,885 - __main__ - WARNING - File not found for Kepler ID: 10519701 (Expected: kplr010519701_llc.fits). Skipping.
2026-02-15 08:27:52,024 - __main__ - WARNING - File not found for Kepler ID: 10664150 (Expected: kplr010664150_llc.fits). Skipping.
2026-02-15 08:27:54,533 - __main__ - WARNING - File not found for Kepler ID: 10753394 (Expected: kplr010753394_llc.fits). Skipping.
2026-02-15 08:27:57,334 - __main__ - WARNING - File not found for Kepler ID: 10875937 (Expected: kplr010875937_llc.fits). Skipping.
2026-02-15 08:27:59,200 - __main__ - WARNING - File not found for Kepler ID: 10907307 (Expected: kplr010907307_llc.fits). Skipping.
2026-02-15 08:28:01,098 - __main__ - WARNING - File not found for Kepler ID: 11087662 (Expected: kplr011087662_llc.fits). Skipping.
2026-02-15 08:28:03,099 - __main__ - WARNING - File not found for Kepler ID: 10389280 (Expected: kplr010389280_llc.fits). Skipping.
2026-02-15 08:28:04,947 - __main__ - WARNING - File not found for Kepler ID: 5955197 (Expected: kplr005955197_llc.fits). Skipping.
2026-02-15 08:28:06,773 - __main__ - WARNING - File not found for Kepler ID: 5955427 (Expected: kplr005955427_llc.fits). Skipping.
2026-02-15 08:28:08,695 - __main__ - WARNING - File not found for Kepler ID: 6043574 (Expected: kplr006043574_llc.fits). Skipping.
2026-02-15 08:28:10,865 - __main__ - WARNING - File not found for Kepler ID: 6049470 (Expected: kplr006049470_llc.fits). Skipping.
2026-02-15 08:28:13,105 - __main__ - WARNING - File not found for Kepler ID: 6105359 (Expected: kplr006105359_llc.fits). Skipping.
2026-02-15 08:28:15,049 - __main__ - WARNING - File not found for Kepler ID: 11099109 (Expected: kplr011099109_llc.fits). Skipping.
2026-02-15 08:28:16,841 - __main__ - WARNING - File not found for Kepler ID: 11124353 (Expected: kplr011124353_llc.fits). Skipping.
2026-02-15 08:28:18,675 - __main__ - WARNING - File not found for Kepler ID: 11338091 (Expected: kplr011338091_llc.fits). Skipping.
2026-02-15 08:28:20,668 - __main__ - WARNING - File not found for Kepler ID: 11400356 (Expected: kplr011400356_llc.fits). Skipping.
2026-02-15 08:28:22,543 - __main__ - WARNING - File not found for Kepler ID: 11449696 (Expected: kplr011449696_llc.fits). Skipping.
2026-02-15 08:28:24,269 - __main__ - WARNING - File not found for Kepler ID: 11456839 (Expected: kplr011456839_llc.fits). Skipping.
2026-02-15 08:28:26,143 - __main__ - WARNING - File not found for Kepler ID: 6119605 (Expected: kplr006119605_llc.fits). Skipping.
2026-02-15 08:28:28,284 - __main__ - WARNING - File not found for Kepler ID: 6230649 (Expected: kplr006230649_llc.fits). Skipping.
2026-02-15 08:28:30,044 - __main__ - WARNING - File not found for Kepler ID: 6286633 (Expected: kplr006286633_llc.fits). Skipping.
2026-02-15 08:28:31,936 - __main__ - WARNING - File not found for Kepler ID: 6516529 (Expected: kplr006516529_llc.fits). Skipping.
2026-02-15 08:28:33,811 - __main__ - WARNING - File not found for Kepler ID: 6521526 (Expected: kplr006521526_llc.fits). Skipping.
2026-02-15 08:28:35,713 - __main__ - WARNING - File not found for Kepler ID: 11501492 (Expected: kplr011501492_llc.fits). Skipping.
2026-02-15 08:28:37,557 - __main__ - WARNING - File not found for Kepler ID: 11558217 (Expected: kplr011558217_llc.fits). Skipping.
2026-02-15 08:28:39,440 - __main__ - WARNING - File not found for Kepler ID: 11649292 (Expected: kplr011649292_llc.fits). Skipping.
2026-02-15 08:28:41,239 - __main__ - WARNING - File not found for Kepler ID: 11760931 (Expected: kplr011760931_llc.fits). Skipping.
2026-02-15 08:28:43,096 - __main__ - WARNING - File not found for Kepler ID: 11854061 (Expected: kplr011854061_llc.fits). Skipping.
2026-02-15 08:28:44,854 - __main__ - WARNING - File not found for Kepler ID: 11868122 (Expected: kplr011868122_llc.fits). Skipping.
2026-02-15 08:28:46,604 - __main__ - WARNING - File not found for Kepler ID: 11872364 (Expected: kplr011872364_llc.fits). Skipping.
2026-02-15 08:28:48,613 - __main__ - WARNING - File not found for Kepler ID: 6600492 (Expected: kplr006600492_llc.fits). Skipping.
2026-02-15 08:28:50,491 - __main__ - WARNING - File not found for Kepler ID: 6685403 (Expected: kplr006685403_llc.fits). Skipping.
2026-02-15 08:28:52,054 - __main__ - WARNING - File not found for Kepler ID: 6846544 (Expected: kplr006846544_llc.fits). Skipping.
2026-02-15 08:28:53,689 - __main__ - WARNING - File not found for Kepler ID: 6848529 (Expected: kplr006848529_llc.fits). Skipping.
2026-02-15 08:28:55,128 - __main__ - WARNING - File not found for Kepler ID: 7020168 (Expected: kplr007020168_llc.fits). Skipping.
2026-02-15 08:28:56,555 - __main__ - WARNING - File not found for Kepler ID: 12069319 (Expected: kplr012069319_llc.fits). Skipping.
2026-02-15 08:28:57,908 - __main__ - WARNING - File not found for Kepler ID: 12121118 (Expected: kplr012121118_llc.fits). Skipping.
2026-02-15 08:28:59,246 - __main__ - WARNING - File not found for Kepler ID: 12252732 (Expected: kplr012252732_llc.fits). Skipping.
2026-02-15 08:29:00,769 - __main__ - WARNING - File not found for Kepler ID: 12554051 (Expected: kplr012554051_llc.fits). Skipping.
2026-02-15 08:29:02,403 - __main__ - WARNING - File not found for Kepler ID: 12554485 (Expected: kplr012554485_llc.fits). Skipping.
2026-02-15 08:29:03,719 - __main__ - WARNING - File not found for Kepler ID: 12555140 (Expected: kplr012555140_llc.fits). Skipping.
2026-02-15 08:29:05,020 - __main__ - WARNING - File not found for Kepler ID: 10790401 (Expected: kplr010790401_llc.fits). Skipping.
2026-02-15 08:29:06,302 - __main__ - WARNING - File not found for Kepler ID: 7049771 (Expected: kplr007049771_llc.fits). Skipping.
2026-02-15 08:29:07,643 - __main__ - WARNING - File not found for Kepler ID: 7053328 (Expected: kplr007053328_llc.fits). Skipping.
2026-02-15 08:29:09,223 - __main__ - WARNING - File not found for Kepler ID: 7106437 (Expected: kplr007106437_llc.fits). Skipping.
2026-02-15 08:29:10,539 - __main__ - WARNING - File not found for Kepler ID: 7185710 (Expected: kplr007185710_llc.fits). Skipping.
2026-02-15 08:29:11,830 - __main__ - WARNING - File not found for Kepler ID: 7282872 (Expected: kplr007282872_llc.fits). Skipping.
2026-02-15 08:29:13,151 - __main__ - WARNING - File not found for Kepler ID: 7340624 (Expected: kplr007340624_llc.fits). Skipping.
2026-02-15 08:29:14,477 - __main__ - WARNING - File not found for Kepler ID: 12647110 (Expected: kplr012647110_llc.fits). Skipping.
2026-02-15 08:29:15,784 - __main__ - WARNING - File not found for Kepler ID: 12647757 (Expected: kplr012647757_llc.fits). Skipping.
2026-02-15 08:29:17,161 - __main__ - WARNING - File not found for Kepler ID: 3629119 (Expected: kplr003629119_llc.fits). Skipping.
2026-02-15 08:29:18,558 - __main__ - WARNING - File not found for Kepler ID: 4446859 (Expected: kplr004446859_llc.fits). Skipping.
2026-02-15 08:29:19,911 - __main__ - WARNING - File not found for Kepler ID: 9084569 (Expected: kplr009084569_llc.fits). Skipping.
2026-02-15 08:29:21,295 - __main__ - WARNING - File not found for Kepler ID: 10844823 (Expected: kplr010844823_llc.fits). Skipping.
2026-02-15 08:29:22,617 - __main__ - WARNING - File not found for Kepler ID: 7662744 (Expected: kplr007662744_llc.fits). Skipping.
2026-02-15 08:29:24,075 - __main__ - WARNING - File not found for Kepler ID: 7686191 (Expected: kplr007686191_llc.fits). Skipping.
2026-02-15 08:29:25,463 - __main__ - WARNING - File not found for Kepler ID: 7690521 (Expected: kplr007690521_llc.fits). Skipping.
2026-02-15 08:29:27,106 - __main__ - WARNING - File not found for Kepler ID: 7747835 (Expected: kplr007747835_llc.fits). Skipping.
2026-02-15 08:29:28,499 - __main__ - WARNING - File not found for Kepler ID: 7762886 (Expected: kplr007762886_llc.fits). Skipping.
2026-02-15 08:29:30,035 - __main__ - WARNING - File not found for Kepler ID: 4566999 (Expected: kplr004566999_llc.fits). Skipping.
2026-02-15 08:29:31,525 - __main__ - WARNING - File not found for Kepler ID: 4569942 (Expected: kplr004569942_llc.fits). Skipping.
2026-02-15 08:29:33,224 - __main__ - WARNING - File not found for Kepler ID: 4572728 (Expected: kplr004572728_llc.fits). Skipping.
2026-02-15 08:29:34,806 - __main__ - WARNING - File not found for Kepler ID: 4847801 (Expected: kplr004847801_llc.fits). Skipping.
2026-02-15 08:29:36,564 - __main__ - WARNING - File not found for Kepler ID: 5098334 (Expected: kplr005098334_llc.fits). Skipping.
2026-02-15 08:29:38,549 - __main__ - WARNING - File not found for Kepler ID: 9210820 (Expected: kplr009210820_llc.fits). Skipping.
2026-02-15 08:29:40,407 - __main__ - WARNING - File not found for Kepler ID: 9227215 (Expected: kplr009227215_llc.fits). Skipping.
2026-02-15 08:29:42,517 - __main__ - WARNING - File not found for Kepler ID: 9278575 (Expected: kplr009278575_llc.fits). Skipping.
2026-02-15 08:29:44,542 - __main__ - WARNING - File not found for Kepler ID: 11135119 (Expected: kplr011135119_llc.fits). Skipping.
2026-02-15 08:29:46,442 - __main__ - WARNING - File not found for Kepler ID: 11182706 (Expected: kplr011182706_llc.fits). Skipping.
2026-02-15 08:29:48,461 - __main__ - WARNING - File not found for Kepler ID: 11294822 (Expected: kplr011294822_llc.fits). Skipping.
2026-02-15 08:29:50,799 - __main__ - WARNING - File not found for Kepler ID: 7811537 (Expected: kplr007811537_llc.fits). Skipping.
2026-02-15 08:29:52,960 - __main__ - WARNING - File not found for Kepler ID: 7874976 (Expected: kplr007874976_llc.fits). Skipping.
2026-02-15 08:29:55,410 - __main__ - WARNING - File not found for Kepler ID: 7888957 (Expected: kplr007888957_llc.fits). Skipping.
2026-02-15 08:29:57,792 - __main__ - WARNING - File not found for Kepler ID: 7900114 (Expected: kplr007900114_llc.fits). Skipping.
2026-02-15 08:30:00,050 - __main__ - WARNING - File not found for Kepler ID: 7936194 (Expected: kplr007936194_llc.fits). Skipping.
2026-02-15 08:30:02,238 - __main__ - WARNING - File not found for Kepler ID: 7959310 (Expected: kplr007959310_llc.fits). Skipping.
2026-02-15 08:30:04,218 - __main__ - WARNING - File not found for Kepler ID: 8012732 (Expected: kplr008012732_llc.fits). Skipping.
2026-02-15 08:30:06,384 - __main__ - WARNING - File not found for Kepler ID: 5468555 (Expected: kplr005468555_llc.fits). Skipping.
2026-02-15 08:30:09,421 - __main__ - WARNING - File not found for Kepler ID: 5638699 (Expected: kplr005638699_llc.fits). Skipping.
2026-02-15 08:30:12,755 - __main__ - WARNING - File not found for Kepler ID: 5956171 (Expected: kplr005956171_llc.fits). Skipping.
2026-02-15 08:30:16,217 - __main__ - WARNING - File not found for Kepler ID: 6032318 (Expected: kplr006032318_llc.fits). Skipping.
2026-02-15 08:30:19,021 - __main__ - WARNING - File not found for Kepler ID: 9392016 (Expected: kplr009392016_llc.fits). Skipping.
2026-02-15 08:30:23,019 - __main__ - WARNING - File not found for Kepler ID: 9469494 (Expected: kplr009469494_llc.fits). Skipping.
2026-02-15 08:30:27,421 - __main__ - WARNING - File not found for Kepler ID: 9521317 (Expected: kplr009521317_llc.fits). Skipping.
2026-02-15 08:30:31,365 - __main__ - WARNING - File not found for Kepler ID: 11296205 (Expected: kplr011296205_llc.fits). Skipping.
2026-02-15 08:30:35,300 - __main__ - WARNING - File not found for Kepler ID: 11348086 (Expected: kplr011348086_llc.fits). Skipping.
2026-02-15 08:30:38,121 - __main__ - WARNING - File not found for Kepler ID: 11350634 (Expected: kplr011350634_llc.fits). Skipping.
2026-02-15 08:30:40,901 - __main__ - WARNING - File not found for Kepler ID: 11357185 (Expected: kplr011357185_llc.fits). Skipping.
2026-02-15 08:30:43,489 - __main__ - WARNING - File not found for Kepler ID: 8028465 (Expected: kplr008028465_llc.fits). Skipping.
2026-02-15 08:30:46,304 - __main__ - WARNING - File not found for Kepler ID: 8226720 (Expected: kplr008226720_llc.fits). Skipping.
2026-02-15 08:30:48,806 - __main__ - WARNING - File not found for Kepler ID: 8307354 (Expected: kplr008307354_llc.fits). Skipping.
2026-02-15 08:30:51,898 - __main__ - WARNING - File not found for Kepler ID: 8439949 (Expected: kplr008439949_llc.fits). Skipping.
2026-02-15 08:30:53,797 - __main__ - WARNING - File not found for Kepler ID: 8588982 (Expected: kplr008588982_llc.fits). Skipping.
2026-02-15 08:30:55,493 - __main__ - WARNING - File not found for Kepler ID: 6195669 (Expected: kplr006195669_llc.fits). Skipping.
2026-02-15 08:30:57,528 - __main__ - WARNING - File not found for Kepler ID: 6356506 (Expected: kplr006356506_llc.fits). Skipping.
2026-02-15 08:30:59,141 - __main__ - WARNING - File not found for Kepler ID: 6681618 (Expected: kplr006681618_llc.fits). Skipping.
2026-02-15 08:31:00,694 - __main__ - WARNING - File not found for Kepler ID: 6946985 (Expected: kplr006946985_llc.fits). Skipping.
2026-02-15 08:31:02,420 - __main__ - WARNING - File not found for Kepler ID: 7106438 (Expected: kplr007106438_llc.fits). Skipping.
2026-02-15 08:31:04,073 - __main__ - WARNING - File not found for Kepler ID: 11565903 (Expected: kplr011565903_llc.fits). Skipping.
2026-02-15 08:31:05,588 - __main__ - WARNING - File not found for Kepler ID: 11661803 (Expected: kplr011661803_llc.fits). Skipping.
2026-02-15 08:31:07,200 - __main__ - WARNING - File not found for Kepler ID: 11661803 (Expected: kplr011661803_llc.fits). Skipping.
2026-02-15 08:31:08,776 - __main__ - WARNING - File not found for Kepler ID: 8608544 (Expected: kplr008608544_llc.fits). Skipping.
2026-02-15 08:31:10,253 - __main__ - WARNING - File not found for Kepler ID: 8608544 (Expected: kplr008608544_llc.fits). Skipping.
2026-02-15 08:31:11,674 - __main__ - WARNING - File not found for Kepler ID: 8618147 (Expected: kplr008618147_llc.fits). Skipping.
2026-02-15 08:31:13,064 - __main__ - WARNING - File not found for Kepler ID: 8630840 (Expected: kplr008630840_llc.fits). Skipping.
2026-02-15 08:31:14,598 - __main__ - WARNING - File not found for Kepler ID: 8683144 (Expected: kplr008683144_llc.fits). Skipping.
2026-02-15 08:31:16,043 - __main__ - WARNING - File not found for Kepler ID: 8708961 (Expected: kplr008708961_llc.fits). Skipping.
2026-02-15 08:31:17,471 - __main__ - WARNING - File not found for Kepler ID: 8740744 (Expected: kplr008740744_llc.fits). Skipping.
2026-02-15 08:31:18,884 - __main__ - WARNING - File not found for Kepler ID: 7451315 (Expected: kplr007451315_llc.fits). Skipping.
2026-02-15 08:31:20,366 - __main__ - WARNING - File not found for Kepler ID: 7751294 (Expected: kplr007751294_llc.fits). Skipping.
2026-02-15 08:31:22,084 - __main__ - WARNING - File not found for Kepler ID: 7832787 (Expected: kplr007832787_llc.fits). Skipping.
2026-02-15 08:31:23,576 - __main__ - WARNING - File not found for Kepler ID: 8022520 (Expected: kplr008022520_llc.fits). Skipping.
2026-02-15 08:31:25,047 - __main__ - WARNING - File not found for Kepler ID: 8108450 (Expected: kplr008108450_llc.fits). Skipping.
2026-02-15 08:31:26,653 - __main__ - WARNING - File not found for Kepler ID: 8293631 (Expected: kplr008293631_llc.fits). Skipping.
2026-02-15 08:31:28,121 - __main__ - WARNING - File not found for Kepler ID: 9650579 (Expected: kplr009650579_llc.fits). Skipping.
2026-02-15 08:31:29,629 - __main__ - WARNING - File not found for Kepler ID: 9650762 (Expected: kplr009650762_llc.fits). Skipping.
2026-02-15 08:31:31,190 - __main__ - WARNING - File not found for Kepler ID: 11714107 (Expected: kplr011714107_llc.fits). Skipping.
2026-02-15 08:31:32,648 - __main__ - WARNING - File not found for Kepler ID: 8742735 (Expected: kplr008742735_llc.fits). Skipping.
2026-02-15 08:31:34,075 - __main__ - WARNING - File not found for Kepler ID: 8743244 (Expected: kplr008743244_llc.fits). Skipping.
2026-02-15 08:31:35,459 - __main__ - WARNING - File not found for Kepler ID: 8743244 (Expected: kplr008743244_llc.fits). Skipping.
2026-02-15 08:31:36,856 - __main__ - WARNING - File not found for Kepler ID: 8748435 (Expected: kplr008748435_llc.fits). Skipping.
2026-02-15 08:31:38,267 - __main__ - WARNING - File not found for Kepler ID: 8808064 (Expected: kplr008808064_llc.fits). Skipping.
2026-02-15 08:31:39,788 - __main__ - WARNING - File not found for Kepler ID: 8813404 (Expected: kplr008813404_llc.fits). Skipping.
2026-02-15 08:31:41,250 - __main__ - WARNING - File not found for Kepler ID: 8329346 (Expected: kplr008329346_llc.fits). Skipping.
2026-02-15 08:31:42,716 - __main__ - WARNING - File not found for Kepler ID: 8637903 (Expected: kplr008637903_llc.fits). Skipping.
2026-02-15 08:31:44,135 - __main__ - WARNING - File not found for Kepler ID: 8873674 (Expected: kplr008873674_llc.fits). Skipping.
2026-02-15 08:31:45,586 - __main__ - WARNING - File not found for Kepler ID: 9011955 (Expected: kplr009011955_llc.fits). Skipping.
2026-02-15 08:31:47,103 - __main__ - WARNING - File not found for Kepler ID: 9209808 (Expected: kplr009209808_llc.fits). Skipping.
2026-02-15 08:31:48,497 - __main__ - WARNING - File not found for Kepler ID: 9710611 (Expected: kplr009710611_llc.fits). Skipping.
2026-02-15 08:31:49,912 - __main__ - WARNING - File not found for Kepler ID: 9710626 (Expected: kplr009710626_llc.fits). Skipping.
2026-02-15 08:31:51,325 - __main__ - WARNING - File not found for Kepler ID: 9710792 (Expected: kplr009710792_llc.fits). Skipping.
2026-02-15 08:31:52,726 - __main__ - WARNING - File not found for Kepler ID: 11922290 (Expected: kplr011922290_llc.fits). Skipping.
2026-02-15 08:31:54,252 - __main__ - WARNING - File not found for Kepler ID: 11966668 (Expected: kplr011966668_llc.fits). Skipping.
2026-02-15 08:31:55,733 - __main__ - WARNING - File not found for Kepler ID: 11967872 (Expected: kplr011967872_llc.fits). Skipping.
2026-02-15 08:31:57,249 - __main__ - WARNING - File not found for Kepler ID: 8815031 (Expected: kplr008815031_llc.fits). Skipping.
2026-02-15 08:31:58,703 - __main__ - WARNING - File not found for Kepler ID: 8821936 (Expected: kplr008821936_llc.fits). Skipping.
2026-02-15 08:32:00,320 - __main__ - WARNING - File not found for Kepler ID: 8832676 (Expected: kplr008832676_llc.fits). Skipping.
2026-02-15 08:32:01,807 - __main__ - WARNING - File not found for Kepler ID: 8873873 (Expected: kplr008873873_llc.fits). Skipping.
2026-02-15 08:32:03,442 - __main__ - WARNING - File not found for Kepler ID: 9075882 (Expected: kplr009075882_llc.fits). Skipping.
2026-02-15 08:32:04,841 - __main__ - WARNING - File not found for Kepler ID: 9084832 (Expected: kplr009084832_llc.fits). Skipping.
2026-02-15 08:32:06,281 - __main__ - WARNING - File not found for Kepler ID: 9239670 (Expected: kplr009239670_llc.fits). Skipping.
2026-02-15 08:32:07,716 - __main__ - WARNING - File not found for Kepler ID: 9388557 (Expected: kplr009388557_llc.fits). Skipping.
2026-02-15 08:32:09,437 - __main__ - WARNING - File not found for Kepler ID: 9536836 (Expected: kplr009536836_llc.fits). Skipping.
2026-02-15 08:32:11,250 - __main__ - WARNING - File not found for Kepler ID: 9592621 (Expected: kplr009592621_llc.fits). Skipping.
2026-02-15 08:32:12,746 - __main__ - WARNING - File not found for Kepler ID: 10010452 (Expected: kplr010010452_llc.fits). Skipping.
2026-02-15 08:32:14,184 - __main__ - WARNING - File not found for Kepler ID: 9839062 (Expected: kplr009839062_llc.fits). Skipping.
2026-02-15 08:32:15,679 - __main__ - WARNING - File not found for Kepler ID: 9114508 (Expected: kplr009114508_llc.fits). Skipping.
2026-02-15 08:32:17,172 - __main__ - WARNING - File not found for Kepler ID: 9216810 (Expected: kplr009216810_llc.fits). Skipping.
2026-02-15 08:32:18,646 - __main__ - WARNING - File not found for Kepler ID: 9268159 (Expected: kplr009268159_llc.fits). Skipping.
2026-02-15 08:32:20,582 - __main__ - WARNING - File not found for Kepler ID: 9340460 (Expected: kplr009340460_llc.fits). Skipping.
2026-02-15 08:32:22,046 - __main__ - WARNING - File not found for Kepler ID: 9649205 (Expected: kplr009649205_llc.fits). Skipping.
2026-02-15 08:32:23,489 - __main__ - WARNING - File not found for Kepler ID: 10459805 (Expected: kplr010459805_llc.fits). Skipping.
2026-02-15 08:32:24,877 - __main__ - WARNING - File not found for Kepler ID: 10532751 (Expected: kplr010532751_llc.fits). Skipping.
2026-02-15 08:32:26,336 - __main__ - WARNING - File not found for Kepler ID: 10585887 (Expected: kplr010585887_llc.fits). Skipping.
2026-02-15 08:32:27,790 - __main__ - WARNING - File not found for Kepler ID: 11867733 (Expected: kplr011867733_llc.fits). Skipping.
2026-02-15 08:32:29,271 - __main__ - WARNING - File not found for Kepler ID: 12644020 (Expected: kplr012644020_llc.fits). Skipping.
2026-02-15 08:32:30,701 - __main__ - WARNING - File not found for Kepler ID: 2010152 (Expected: kplr002010152_llc.fits). Skipping.
2026-02-15 08:32:32,200 - __main__ - WARNING - File not found for Kepler ID: 2284957 (Expected: kplr002284957_llc.fits). Skipping.
2026-02-15 08:32:33,723 - __main__ - WARNING - File not found for Kepler ID: 3533483 (Expected: kplr003533483_llc.fits). Skipping.
2026-02-15 08:32:35,127 - __main__ - WARNING - File not found for Kepler ID: 3663850 (Expected: kplr003663850_llc.fits). Skipping.
2026-02-15 08:32:36,539 - __main__ - WARNING - File not found for Kepler ID: 9771576 (Expected: kplr009771576_llc.fits). Skipping.
2026-02-15 08:32:38,084 - __main__ - WARNING - File not found for Kepler ID: 9827094 (Expected: kplr009827094_llc.fits). Skipping.
2026-02-15 08:32:39,647 - __main__ - WARNING - File not found for Kepler ID: 9837720 (Expected: kplr009837720_llc.fits). Skipping.
2026-02-15 08:32:41,109 - __main__ - WARNING - File not found for Kepler ID: 9873604 (Expected: kplr009873604_llc.fits). Skipping.
2026-02-15 08:32:42,567 - __main__ - WARNING - File not found for Kepler ID: 9874581 (Expected: kplr009874581_llc.fits). Skipping.
2026-02-15 08:32:44,046 - __main__ - WARNING - File not found for Kepler ID: 9962731 (Expected: kplr009962731_llc.fits). Skipping.
2026-02-15 08:32:45,842 - __main__ - WARNING - File not found for Kepler ID: 12117215 (Expected: kplr012117215_llc.fits). Skipping.
2026-02-15 08:32:47,427 - __main__ - WARNING - File not found for Kepler ID: 12168280 (Expected: kplr012168280_llc.fits). Skipping.
2026-02-15 08:32:48,998 - __main__ - WARNING - File not found for Kepler ID: 10011213 (Expected: kplr010011213_llc.fits). Skipping.
2026-02-15 08:32:50,975 - __main__ - WARNING - File not found for Kepler ID: 10014875 (Expected: kplr010014875_llc.fits). Skipping.
2026-02-15 08:32:53,003 - __main__ - WARNING - File not found for Kepler ID: 4056579 (Expected: kplr004056579_llc.fits). Skipping.
2026-02-15 08:32:55,317 - __main__ - WARNING - File not found for Kepler ID: 4276445 (Expected: kplr004276445_llc.fits). Skipping.
2026-02-15 08:32:58,167 - __main__ - WARNING - File not found for Kepler ID: 4557341 (Expected: kplr004557341_llc.fits). Skipping.
2026-02-15 08:33:00,482 - __main__ - WARNING - File not found for Kepler ID: 4645492 (Expected: kplr004645492_llc.fits). Skipping.
2026-02-15 08:33:03,030 - __main__ - WARNING - File not found for Kepler ID: 4738095 (Expected: kplr004738095_llc.fits). Skipping.
2026-02-15 08:33:05,478 - __main__ - WARNING - File not found for Kepler ID: 10023069 (Expected: kplr010023069_llc.fits). Skipping.
2026-02-15 08:33:07,652 - __main__ - WARNING - File not found for Kepler ID: 10028127 (Expected: kplr010028127_llc.fits). Skipping.
2026-02-15 08:33:10,014 - __main__ - WARNING - File not found for Kepler ID: 10079317 (Expected: kplr010079317_llc.fits). Skipping.
2026-02-15 08:33:12,193 - __main__ - WARNING - File not found for Kepler ID: 10079481 (Expected: kplr010079481_llc.fits). Skipping.
2026-02-15 08:33:14,418 - __main__ - WARNING - File not found for Kepler ID: 10081899 (Expected: kplr010081899_llc.fits). Skipping.
2026-02-15 08:33:17,198 - __main__ - WARNING - File not found for Kepler ID: 10199817 (Expected: kplr010199817_llc.fits). Skipping.
2026-02-15 08:33:20,197 - __main__ - WARNING - File not found for Kepler ID: 10205598 (Expected: kplr010205598_llc.fits). Skipping.
2026-02-15 08:33:23,288 - __main__ - WARNING - File not found for Kepler ID: 10155286 (Expected: kplr010155286_llc.fits). Skipping.
2026-02-15 08:33:23,289 - __main__ - WARNING - No survey results to save.
2026-02-15 08:33:23,289 - __main__ - INFO - Long-Period Gap Fill Survey complete: Processed 1554 targets (actual results: 0).
2026-02-15 08:34:16,843 - __main__ - INFO - Starting Long-Period Gap Fill Survey for Kepler targets.
2026-02-15 08:34:16,864 - __main__ - INFO - Loaded combined metadata from: /Users/emmanuel/proj/phd/data_files/full_metadata_v2.csv
2026-02-15 08:34:16,866 - __main__ - INFO - Found 1554 Long-Period Kepler Targets to process.
2026-02-15 08:34:17,044 - __main__ - INFO - Model loaded from /Users/emmanuel/proj/phd/results/run_20260125-144401/exo_multimodal_model_best.h5
2026-02-15 08:34:20,278 - __main__ - WARNING - File not found for Kepler ID: 2306756 (Expected: kplr002306756*_lc.fits). Skipping.
2026-02-15 08:34:23,852 - __main__ - WARNING - File not found for Kepler ID: 11465813 (Expected: kplr011465813*_lc.fits). Skipping.
2026-02-15 08:34:26,872 - __main__ - WARNING - File not found for Kepler ID: 3832474 (Expected: kplr003832474*_lc.fits). Skipping.
2026-02-15 08:34:29,042 - __main__ - WARNING - File not found for Kepler ID: 6867155 (Expected: kplr006867155*_lc.fits). Skipping.
2026-02-15 08:34:30,746 - __main__ - WARNING - File not found for Kepler ID: 6862328 (Expected: kplr006862328*_lc.fits). Skipping.
2026-02-15 08:34:32,474 - __main__ - WARNING - File not found for Kepler ID: 9471974 (Expected: kplr009471974*_lc.fits). Skipping.
2026-02-15 08:34:34,135 - __main__ - WARNING - File not found for Kepler ID: 7373451 (Expected: kplr007373451*_lc.fits). Skipping.
2026-02-15 08:34:35,797 - __main__ - WARNING - File not found for Kepler ID: 8490993 (Expected: kplr008490993*_lc.fits). Skipping.
2026-02-15 08:34:37,520 - __main__ - WARNING - File not found for Kepler ID: 9904059 (Expected: kplr009904059*_lc.fits). Skipping.
2026-02-15 08:34:39,173 - __main__ - WARNING - File not found for Kepler ID: 10460629 (Expected: kplr010460629*_lc.fits). Skipping.
2026-02-15 08:34:40,715 - __main__ - WARNING - File not found for Kepler ID: 8559644 (Expected: kplr008559644*_lc.fits). Skipping.
2026-02-15 08:34:42,259 - __main__ - WARNING - File not found for Kepler ID: 10287723 (Expected: kplr010287723*_lc.fits). Skipping.
2026-02-15 08:34:43,871 - __main__ - WARNING - File not found for Kepler ID: 1996679 (Expected: kplr001996679*_lc.fits). Skipping.
2026-02-15 08:34:45,476 - __main__ - WARNING - File not found for Kepler ID: 3942446 (Expected: kplr003942446*_lc.fits). Skipping.
2026-02-15 08:34:47,155 - __main__ - WARNING - File not found for Kepler ID: 3644071 (Expected: kplr003644071*_lc.fits). Skipping.
2026-02-15 08:34:48,825 - __main__ - WARNING - File not found for Kepler ID: 8246781 (Expected: kplr008246781*_lc.fits). Skipping.
2026-02-15 08:34:50,688 - __main__ - WARNING - File not found for Kepler ID: 1432214 (Expected: kplr001432214*_lc.fits). Skipping.
2026-02-15 08:34:52,293 - __main__ - WARNING - File not found for Kepler ID: 8240904 (Expected: kplr008240904*_lc.fits). Skipping.
2026-02-15 08:34:54,016 - __main__ - WARNING - File not found for Kepler ID: 8414907 (Expected: kplr008414907*_lc.fits). Skipping.
2026-02-15 08:34:55,678 - __main__ - WARNING - File not found for Kepler ID: 8414907 (Expected: kplr008414907*_lc.fits). Skipping.
2026-02-15 08:34:57,461 - __main__ - WARNING - File not found for Kepler ID: 3756801 (Expected: kplr003756801*_lc.fits). Skipping.
2026-02-15 08:34:59,048 - __main__ - WARNING - File not found for Kepler ID: 1871056 (Expected: kplr001871056*_lc.fits). Skipping.
2026-02-15 08:35:00,833 - __main__ - WARNING - File not found for Kepler ID: 1722276 (Expected: kplr001722276*_lc.fits). Skipping.
2026-02-15 08:35:03,180 - __main__ - WARNING - File not found for Kepler ID: 1027438 (Expected: kplr001027438*_lc.fits). Skipping.
2026-02-15 08:35:05,935 - __main__ - WARNING - File not found for Kepler ID: 3230491 (Expected: kplr003230491*_lc.fits). Skipping.
2026-02-15 08:35:08,767 - __main__ - WARNING - File not found for Kepler ID: 10528068 (Expected: kplr010528068*_lc.fits). Skipping.
2026-02-15 08:35:11,628 - __main__ - WARNING - File not found for Kepler ID: 2162635 (Expected: kplr002162635*_lc.fits). Skipping.
2026-02-15 08:35:14,408 - __main__ - WARNING - File not found for Kepler ID: 2853093 (Expected: kplr002853093*_lc.fits). Skipping.
2026-02-15 08:35:17,310 - __main__ - WARNING - File not found for Kepler ID: 11122894 (Expected: kplr011122894*_lc.fits). Skipping.
2026-02-15 08:35:20,093 - __main__ - WARNING - File not found for Kepler ID: 11030711 (Expected: kplr011030711*_lc.fits). Skipping.
2026-02-15 08:35:22,644 - __main__ - WARNING - File not found for Kepler ID: 11075279 (Expected: kplr011075279*_lc.fits). Skipping.
2026-02-15 08:35:24,897 - __main__ - WARNING - File not found for Kepler ID: 6541920 (Expected: kplr006541920*_lc.fits). Skipping.
2026-02-15 08:35:27,660 - __main__ - WARNING - File not found for Kepler ID: 7357531 (Expected: kplr007357531*_lc.fits). Skipping.
2026-02-15 08:35:29,870 - __main__ - WARNING - File not found for Kepler ID: 11027624 (Expected: kplr011027624*_lc.fits). Skipping.
2026-02-15 08:35:32,325 - __main__ - WARNING - File not found for Kepler ID: 8630788 (Expected: kplr008630788*_lc.fits). Skipping.
2026-02-15 08:35:34,786 - __main__ - WARNING - File not found for Kepler ID: 6766634 (Expected: kplr006766634*_lc.fits). Skipping.
2026-02-15 08:35:37,002 - __main__ - WARNING - File not found for Kepler ID: 8678594 (Expected: kplr008678594*_lc.fits). Skipping.
2026-02-15 08:35:39,488 - __main__ - WARNING - File not found for Kepler ID: 8813698 (Expected: kplr008813698*_lc.fits). Skipping.
2026-02-15 08:35:42,073 - __main__ - WARNING - File not found for Kepler ID: 8631160 (Expected: kplr008631160*_lc.fits). Skipping.
2026-02-15 08:35:45,139 - __main__ - WARNING - File not found for Kepler ID: 7830637 (Expected: kplr007830637*_lc.fits). Skipping.
2026-02-15 08:35:48,935 - __main__ - WARNING - File not found for Kepler ID: 8800954 (Expected: kplr008800954*_lc.fits). Skipping.
2026-02-15 08:35:52,924 - __main__ - WARNING - File not found for Kepler ID: 4155328 (Expected: kplr004155328*_lc.fits). Skipping.
2026-02-15 08:35:55,742 - __main__ - WARNING - File not found for Kepler ID: 3962440 (Expected: kplr003962440*_lc.fits). Skipping.
2026-02-15 08:35:58,939 - __main__ - WARNING - File not found for Kepler ID: 3534076 (Expected: kplr003534076*_lc.fits). Skipping.
2026-02-15 08:36:01,855 - __main__ - WARNING - File not found for Kepler ID: 10790387 (Expected: kplr010790387*_lc.fits). Skipping.
2026-02-15 08:36:05,382 - __main__ - WARNING - File not found for Kepler ID: 7303287 (Expected: kplr007303287*_lc.fits). Skipping.
2026-02-15 08:36:08,828 - __main__ - WARNING - File not found for Kepler ID: 6621116 (Expected: kplr006621116*_lc.fits). Skipping.
2026-02-15 08:36:11,586 - __main__ - WARNING - File not found for Kepler ID: 6470149 (Expected: kplr006470149*_lc.fits). Skipping.
2026-02-15 08:36:14,147 - __main__ - WARNING - File not found for Kepler ID: 7363829 (Expected: kplr007363829*_lc.fits). Skipping.
2026-02-15 08:36:16,839 - __main__ - WARNING - File not found for Kepler ID: 11342550 (Expected: kplr011342550*_lc.fits). Skipping.
2026-02-15 08:36:19,502 - __main__ - WARNING - File not found for Kepler ID: 6665223 (Expected: kplr006665223*_lc.fits). Skipping.
2026-02-15 08:36:22,982 - __main__ - WARNING - File not found for Kepler ID: 6946199 (Expected: kplr006946199*_lc.fits). Skipping.
2026-02-15 08:36:26,031 - __main__ - WARNING - File not found for Kepler ID: 11177707 (Expected: kplr011177707*_lc.fits). Skipping.
2026-02-15 08:36:29,578 - __main__ - WARNING - File not found for Kepler ID: 9836959 (Expected: kplr009836959*_lc.fits). Skipping.
2026-02-15 08:36:32,557 - __main__ - WARNING - File not found for Kepler ID: 12400538 (Expected: kplr012400538*_lc.fits). Skipping.
2026-02-15 08:36:36,533 - __main__ - WARNING - File not found for Kepler ID: 7199906 (Expected: kplr007199906*_lc.fits). Skipping.
2026-02-15 08:36:40,542 - __main__ - WARNING - File not found for Kepler ID: 10028792 (Expected: kplr010028792*_lc.fits). Skipping.
2026-02-15 08:36:43,563 - __main__ - WARNING - File not found for Kepler ID: 10028792 (Expected: kplr010028792*_lc.fits). Skipping.
2026-02-15 08:36:46,148 - __main__ - WARNING - File not found for Kepler ID: 7939330 (Expected: kplr007939330*_lc.fits). Skipping.
2026-02-15 08:36:48,302 - __main__ - WARNING - File not found for Kepler ID: 4918309 (Expected: kplr004918309*_lc.fits). Skipping.
2026-02-15 08:36:50,370 - __main__ - WARNING - File not found for Kepler ID: 7768451 (Expected: kplr007768451*_lc.fits). Skipping.
2026-02-15 08:36:52,580 - __main__ - WARNING - File not found for Kepler ID: 7672940 (Expected: kplr007672940*_lc.fits). Skipping.
2026-02-15 08:36:55,227 - __main__ - WARNING - File not found for Kepler ID: 9512981 (Expected: kplr009512981*_lc.fits). Skipping.
2026-02-15 08:36:57,279 - __main__ - WARNING - File not found for Kepler ID: 8692861 (Expected: kplr008692861*_lc.fits). Skipping.
2026-02-15 08:36:59,393 - __main__ - WARNING - File not found for Kepler ID: 7811397 (Expected: kplr007811397*_lc.fits). Skipping.
2026-02-15 08:37:02,225 - __main__ - WARNING - File not found for Kepler ID: 10027323 (Expected: kplr010027323*_lc.fits). Skipping.
2026-02-15 08:37:05,197 - __main__ - WARNING - File not found for Kepler ID: 9663113 (Expected: kplr009663113*_lc.fits). Skipping.
2026-02-15 08:37:07,837 - __main__ - WARNING - File not found for Kepler ID: 7898352 (Expected: kplr007898352*_lc.fits). Skipping.
2026-02-15 08:37:10,648 - __main__ - WARNING - File not found for Kepler ID: 9902856 (Expected: kplr009902856*_lc.fits). Skipping.
2026-02-15 08:37:12,565 - __main__ - WARNING - File not found for Kepler ID: 6468138 (Expected: kplr006468138*_lc.fits). Skipping.
2026-02-15 08:37:14,634 - __main__ - WARNING - File not found for Kepler ID: 9650808 (Expected: kplr009650808*_lc.fits). Skipping.
2026-02-15 08:37:17,039 - __main__ - WARNING - File not found for Kepler ID: 5809954 (Expected: kplr005809954*_lc.fits). Skipping.
2026-02-15 08:37:19,301 - __main__ - WARNING - File not found for Kepler ID: 7289577 (Expected: kplr007289577*_lc.fits). Skipping.
2026-02-15 08:37:21,805 - __main__ - WARNING - File not found for Kepler ID: 11769890 (Expected: kplr011769890*_lc.fits). Skipping.
2026-02-15 08:37:24,156 - __main__ - WARNING - File not found for Kepler ID: 8257205 (Expected: kplr008257205*_lc.fits). Skipping.
2026-02-15 08:37:26,409 - __main__ - WARNING - File not found for Kepler ID: 10779233 (Expected: kplr010779233*_lc.fits). Skipping.
2026-02-15 08:37:28,845 - __main__ - WARNING - File not found for Kepler ID: 3239671 (Expected: kplr003239671*_lc.fits). Skipping.
2026-02-15 08:37:31,052 - __main__ - WARNING - File not found for Kepler ID: 8160953 (Expected: kplr008160953*_lc.fits). Skipping.
2026-02-15 08:37:33,349 - __main__ - WARNING - File not found for Kepler ID: 10005758 (Expected: kplr010005758*_lc.fits). Skipping.
2026-02-15 08:37:35,550 - __main__ - WARNING - File not found for Kepler ID: 6504954 (Expected: kplr006504954*_lc.fits). Skipping.
2026-02-15 08:37:37,664 - __main__ - WARNING - File not found for Kepler ID: 9520838 (Expected: kplr009520838*_lc.fits). Skipping.
2026-02-15 08:37:40,140 - __main__ - WARNING - File not found for Kepler ID: 9349482 (Expected: kplr009349482*_lc.fits). Skipping.
2026-02-15 08:37:42,470 - __main__ - WARNING - File not found for Kepler ID: 10656508 (Expected: kplr010656508*_lc.fits). Skipping.
2026-02-15 08:37:44,788 - __main__ - WARNING - File not found for Kepler ID: 5124667 (Expected: kplr005124667*_lc.fits). Skipping.
2026-02-15 08:37:47,316 - __main__ - WARNING - File not found for Kepler ID: 10063802 (Expected: kplr010063802*_lc.fits). Skipping.
2026-02-15 08:37:49,737 - __main__ - WARNING - File not found for Kepler ID: 7008211 (Expected: kplr007008211*_lc.fits). Skipping.
2026-02-15 08:37:52,064 - __main__ - WARNING - File not found for Kepler ID: 4043443 (Expected: kplr004043443*_lc.fits). Skipping.
2026-02-15 08:37:54,634 - __main__ - WARNING - File not found for Kepler ID: 2141783 (Expected: kplr002141783*_lc.fits). Skipping.
2026-02-15 08:37:56,997 - __main__ - WARNING - File not found for Kepler ID: 6934986 (Expected: kplr006934986*_lc.fits). Skipping.
2026-02-15 08:37:59,471 - __main__ - WARNING - File not found for Kepler ID: 11498128 (Expected: kplr011498128*_lc.fits). Skipping.
2026-02-15 08:38:02,042 - __main__ - WARNING - File not found for Kepler ID: 10798331 (Expected: kplr010798331*_lc.fits). Skipping.
2026-02-15 08:38:04,429 - __main__ - WARNING - File not found for Kepler ID: 4247991 (Expected: kplr004247991*_lc.fits). Skipping.
2026-02-15 08:38:06,934 - __main__ - WARNING - File not found for Kepler ID: 10026544 (Expected: kplr010026544*_lc.fits). Skipping.
2026-02-15 08:38:09,237 - __main__ - WARNING - File not found for Kepler ID: 10801100 (Expected: kplr010801100*_lc.fits). Skipping.
2026-02-15 08:38:11,465 - __main__ - WARNING - File not found for Kepler ID: 2854181 (Expected: kplr002854181*_lc.fits). Skipping.
2026-02-15 08:38:13,640 - __main__ - WARNING - File not found for Kepler ID: 9205938 (Expected: kplr009205938*_lc.fits). Skipping.
2026-02-15 08:38:15,693 - __main__ - WARNING - File not found for Kepler ID: 8676038 (Expected: kplr008676038*_lc.fits). Skipping.
2026-02-15 08:38:17,907 - __main__ - WARNING - File not found for Kepler ID: 11761199 (Expected: kplr011761199*_lc.fits). Skipping.
2026-02-15 08:38:20,088 - __main__ - WARNING - File not found for Kepler ID: 8074805 (Expected: kplr008074805*_lc.fits). Skipping.
2026-02-15 08:38:22,611 - __main__ - WARNING - File not found for Kepler ID: 6765135 (Expected: kplr006765135*_lc.fits). Skipping.
2026-02-15 08:38:25,117 - __main__ - WARNING - File not found for Kepler ID: 3644653 (Expected: kplr003644653*_lc.fits). Skipping.
2026-02-15 08:38:27,822 - __main__ - WARNING - File not found for Kepler ID: 8022489 (Expected: kplr008022489*_lc.fits). Skipping.
2026-02-15 08:38:30,656 - __main__ - WARNING - File not found for Kepler ID: 3116302 (Expected: kplr003116302*_lc.fits). Skipping.
2026-02-15 08:38:33,090 - __main__ - WARNING - File not found for Kepler ID: 10861715 (Expected: kplr010861715*_lc.fits). Skipping.
2026-02-15 08:38:35,850 - __main__ - WARNING - File not found for Kepler ID: 6149910 (Expected: kplr006149910*_lc.fits). Skipping.
2026-02-15 08:38:38,289 - __main__ - WARNING - File not found for Kepler ID: 8429314 (Expected: kplr008429314*_lc.fits). Skipping.
2026-02-15 08:38:40,927 - __main__ - WARNING - File not found for Kepler ID: 8240617 (Expected: kplr008240617*_lc.fits). Skipping.
2026-02-15 08:38:43,440 - __main__ - WARNING - File not found for Kepler ID: 8758204 (Expected: kplr008758204*_lc.fits). Skipping.
2026-02-15 08:38:46,072 - __main__ - WARNING - File not found for Kepler ID: 5871985 (Expected: kplr005871985*_lc.fits). Skipping.
2026-02-15 08:38:48,577 - __main__ - WARNING - File not found for Kepler ID: 8292840 (Expected: kplr008292840*_lc.fits). Skipping.
2026-02-15 08:38:50,777 - __main__ - WARNING - File not found for Kepler ID: 10917043 (Expected: kplr010917043*_lc.fits). Skipping.
2026-02-15 08:38:52,980 - __main__ - WARNING - File not found for Kepler ID: 8167959 (Expected: kplr008167959*_lc.fits). Skipping.
2026-02-15 08:38:55,336 - __main__ - WARNING - File not found for Kepler ID: 12416987 (Expected: kplr012416987*_lc.fits). Skipping.
2026-02-15 08:38:57,740 - __main__ - WARNING - File not found for Kepler ID: 3425851 (Expected: kplr003425851*_lc.fits). Skipping.
2026-02-15 08:39:00,373 - __main__ - WARNING - File not found for Kepler ID: 10275766 (Expected: kplr010275766*_lc.fits). Skipping.
2026-02-15 08:39:03,011 - __main__ - WARNING - File not found for Kepler ID: 5649325 (Expected: kplr005649325*_lc.fits). Skipping.
2026-02-15 08:39:05,835 - __main__ - WARNING - File not found for Kepler ID: 9958387 (Expected: kplr009958387*_lc.fits). Skipping.
2026-02-15 08:39:08,518 - __main__ - WARNING - File not found for Kepler ID: 6716021 (Expected: kplr006716021*_lc.fits). Skipping.
2026-02-15 08:39:11,366 - __main__ - WARNING - File not found for Kepler ID: 6878240 (Expected: kplr006878240*_lc.fits). Skipping.
2026-02-15 08:39:13,954 - __main__ - WARNING - File not found for Kepler ID: 7899070 (Expected: kplr007899070*_lc.fits). Skipping.
2026-02-15 08:39:16,651 - __main__ - WARNING - File not found for Kepler ID: 7826659 (Expected: kplr007826659*_lc.fits). Skipping.
2026-02-15 08:39:19,376 - __main__ - WARNING - File not found for Kepler ID: 5881813 (Expected: kplr005881813*_lc.fits). Skipping.
2026-02-15 08:39:22,061 - __main__ - WARNING - File not found for Kepler ID: 10265602 (Expected: kplr010265602*_lc.fits). Skipping.
2026-02-15 08:39:24,921 - __main__ - WARNING - File not found for Kepler ID: 3663173 (Expected: kplr003663173*_lc.fits). Skipping.
2026-02-15 08:39:28,571 - __main__ - WARNING - File not found for Kepler ID: 5609593 (Expected: kplr005609593*_lc.fits). Skipping.
2026-02-15 08:39:31,056 - __main__ - WARNING - File not found for Kepler ID: 6716545 (Expected: kplr006716545*_lc.fits). Skipping.
2026-02-15 08:39:33,506 - __main__ - WARNING - File not found for Kepler ID: 6432345 (Expected: kplr006432345*_lc.fits). Skipping.
2026-02-15 08:39:36,063 - __main__ - WARNING - File not found for Kepler ID: 8703129 (Expected: kplr008703129*_lc.fits). Skipping.
2026-02-15 08:39:38,209 - __main__ - WARNING - File not found for Kepler ID: 8210018 (Expected: kplr008210018*_lc.fits). Skipping.
2026-02-15 08:39:40,609 - __main__ - WARNING - File not found for Kepler ID: 10749059 (Expected: kplr010749059*_lc.fits). Skipping.
2026-02-15 08:39:43,079 - __main__ - WARNING - File not found for Kepler ID: 6603043 (Expected: kplr006603043*_lc.fits). Skipping.
2026-02-15 08:39:45,516 - __main__ - WARNING - File not found for Kepler ID: 5652983 (Expected: kplr005652983*_lc.fits). Skipping.
2026-02-15 08:39:48,528 - __main__ - WARNING - File not found for Kepler ID: 6471021 (Expected: kplr006471021*_lc.fits). Skipping.
2026-02-15 08:39:51,119 - __main__ - WARNING - File not found for Kepler ID: 7364176 (Expected: kplr007364176*_lc.fits). Skipping.
2026-02-15 08:39:54,323 - __main__ - WARNING - File not found for Kepler ID: 8686097 (Expected: kplr008686097*_lc.fits). Skipping.
2026-02-15 08:39:56,923 - __main__ - WARNING - File not found for Kepler ID: 12356617 (Expected: kplr012356617*_lc.fits). Skipping.
2026-02-15 08:39:59,355 - __main__ - WARNING - File not found for Kepler ID: 8008067 (Expected: kplr008008067*_lc.fits). Skipping.
2026-02-15 08:40:01,569 - __main__ - WARNING - File not found for Kepler ID: 5217891 (Expected: kplr005217891*_lc.fits). Skipping.
2026-02-15 08:40:03,781 - __main__ - WARNING - File not found for Kepler ID: 9880467 (Expected: kplr009880467*_lc.fits). Skipping.
2026-02-15 08:40:06,164 - __main__ - WARNING - File not found for Kepler ID: 6948480 (Expected: kplr006948480*_lc.fits). Skipping.
2026-02-15 08:40:08,709 - __main__ - WARNING - File not found for Kepler ID: 10386922 (Expected: kplr010386922*_lc.fits). Skipping.
2026-02-15 08:40:11,540 - __main__ - WARNING - File not found for Kepler ID: 11442793 (Expected: kplr011442793*_lc.fits). Skipping.
2026-02-15 08:40:14,581 - __main__ - WARNING - File not found for Kepler ID: 11442793 (Expected: kplr011442793*_lc.fits). Skipping.
2026-02-15 08:40:17,478 - __main__ - WARNING - File not found for Kepler ID: 11566064 (Expected: kplr011566064*_lc.fits). Skipping.
2026-02-15 08:40:20,117 - __main__ - WARNING - File not found for Kepler ID: 6665223 (Expected: kplr006665223*_lc.fits). Skipping.
2026-02-15 08:40:23,003 - __main__ - WARNING - File not found for Kepler ID: 8474898 (Expected: kplr008474898*_lc.fits). Skipping.
2026-02-15 08:40:25,880 - __main__ - WARNING - File not found for Kepler ID: 7429287 (Expected: kplr007429287*_lc.fits). Skipping.
2026-02-15 08:40:28,334 - __main__ - WARNING - File not found for Kepler ID: 9214713 (Expected: kplr009214713*_lc.fits). Skipping.
2026-02-15 08:40:30,905 - __main__ - WARNING - File not found for Kepler ID: 8609450 (Expected: kplr008609450*_lc.fits). Skipping.
2026-02-15 08:40:33,327 - __main__ - WARNING - File not found for Kepler ID: 10189546 (Expected: kplr010189546*_lc.fits). Skipping.
2026-02-15 08:40:35,938 - __main__ - WARNING - File not found for Kepler ID: 10748393 (Expected: kplr010748393*_lc.fits). Skipping.
2026-02-15 08:40:38,517 - __main__ - WARNING - File not found for Kepler ID: 8822216 (Expected: kplr008822216*_lc.fits). Skipping.
2026-02-15 08:40:41,648 - __main__ - WARNING - File not found for Kepler ID: 7303287 (Expected: kplr007303287*_lc.fits). Skipping.
2026-02-15 08:40:44,493 - __main__ - WARNING - File not found for Kepler ID: 10212441 (Expected: kplr010212441*_lc.fits). Skipping.
2026-02-15 08:40:48,216 - __main__ - WARNING - File not found for Kepler ID: 10937029 (Expected: kplr010937029*_lc.fits). Skipping.
2026-02-15 08:40:53,600 - __main__ - WARNING - File not found for Kepler ID: 10387742 (Expected: kplr010387742*_lc.fits). Skipping.
2026-02-15 08:40:56,836 - __main__ - WARNING - File not found for Kepler ID: 3239945 (Expected: kplr003239945*_lc.fits). Skipping.
2026-02-15 08:41:00,879 - __main__ - WARNING - File not found for Kepler ID: 10467815 (Expected: kplr010467815*_lc.fits). Skipping.
2026-02-15 08:41:04,565 - __main__ - WARNING - File not found for Kepler ID: 11246364 (Expected: kplr011246364*_lc.fits). Skipping.
2026-02-15 08:41:07,812 - __main__ - WARNING - File not found for Kepler ID: 11709124 (Expected: kplr011709124*_lc.fits). Skipping.
2026-02-15 08:41:11,223 - __main__ - WARNING - File not found for Kepler ID: 11805075 (Expected: kplr011805075*_lc.fits). Skipping.
2026-02-15 08:41:14,146 - __main__ - WARNING - File not found for Kepler ID: 10593626 (Expected: kplr010593626*_lc.fits). Skipping.
2026-02-15 08:41:17,203 - __main__ - WARNING - File not found for Kepler ID: 10294465 (Expected: kplr010294465*_lc.fits). Skipping.
2026-02-15 08:41:19,727 - __main__ - WARNING - File not found for Kepler ID: 4384675 (Expected: kplr004384675*_lc.fits). Skipping.
2026-02-15 08:41:22,671 - __main__ - WARNING - File not found for Kepler ID: 5779852 (Expected: kplr005779852*_lc.fits). Skipping.
2026-02-15 08:41:25,556 - __main__ - WARNING - File not found for Kepler ID: 3217264 (Expected: kplr003217264*_lc.fits). Skipping.
2026-02-15 08:41:27,815 - __main__ - WARNING - File not found for Kepler ID: 7199397 (Expected: kplr007199397*_lc.fits). Skipping.
2026-02-15 08:41:29,916 - __main__ - WARNING - File not found for Kepler ID: 6786037 (Expected: kplr006786037*_lc.fits). Skipping.
2026-02-15 08:41:31,921 - __main__ - WARNING - File not found for Kepler ID: 1723078 (Expected: kplr001723078*_lc.fits). Skipping.
2026-02-15 08:41:33,892 - __main__ - WARNING - File not found for Kepler ID: 8891318 (Expected: kplr008891318*_lc.fits). Skipping.
2026-02-15 08:41:35,891 - __main__ - WARNING - File not found for Kepler ID: 11775507 (Expected: kplr011775507*_lc.fits). Skipping.
2026-02-15 08:41:37,810 - __main__ - WARNING - File not found for Kepler ID: 8017703 (Expected: kplr008017703*_lc.fits). Skipping.
2026-02-15 08:41:39,714 - __main__ - WARNING - File not found for Kepler ID: 1995712 (Expected: kplr001995712*_lc.fits). Skipping.
2026-02-15 08:41:41,895 - __main__ - WARNING - File not found for Kepler ID: 8056665 (Expected: kplr008056665*_lc.fits). Skipping.
2026-02-15 08:41:43,752 - __main__ - WARNING - File not found for Kepler ID: 6289650 (Expected: kplr006289650*_lc.fits). Skipping.
2026-02-15 08:41:45,640 - __main__ - WARNING - File not found for Kepler ID: 7619236 (Expected: kplr007619236*_lc.fits). Skipping.
2026-02-15 08:41:47,957 - __main__ - WARNING - File not found for Kepler ID: 7630229 (Expected: kplr007630229*_lc.fits). Skipping.
2026-02-15 08:41:50,641 - __main__ - WARNING - File not found for Kepler ID: 9024857 (Expected: kplr009024857*_lc.fits). Skipping.
2026-02-15 08:41:53,690 - __main__ - WARNING - File not found for Kepler ID: 8505215 (Expected: kplr008505215*_lc.fits). Skipping.
2026-02-15 08:41:56,892 - __main__ - WARNING - File not found for Kepler ID: 4841374 (Expected: kplr004841374*_lc.fits). Skipping.
2026-02-15 08:42:00,193 - __main__ - WARNING - File not found for Kepler ID: 9002278 (Expected: kplr009002278*_lc.fits). Skipping.
2026-02-15 08:42:03,369 - __main__ - WARNING - File not found for Kepler ID: 4914423 (Expected: kplr004914423*_lc.fits). Skipping.
2026-02-15 08:42:06,545 - __main__ - WARNING - File not found for Kepler ID: 5966154 (Expected: kplr005966154*_lc.fits). Skipping.
2026-02-15 08:42:09,095 - __main__ - WARNING - File not found for Kepler ID: 1025986 (Expected: kplr001025986*_lc.fits). Skipping.
2026-02-15 08:42:12,138 - __main__ - WARNING - File not found for Kepler ID: 9597345 (Expected: kplr009597345*_lc.fits). Skipping.
2026-02-15 08:42:14,788 - __main__ - WARNING - File not found for Kepler ID: 8374580 (Expected: kplr008374580*_lc.fits). Skipping.
2026-02-15 08:42:17,833 - __main__ - WARNING - File not found for Kepler ID: 11773022 (Expected: kplr011773022*_lc.fits). Skipping.
2026-02-15 08:42:20,601 - __main__ - WARNING - File not found for Kepler ID: 12417486 (Expected: kplr012417486*_lc.fits). Skipping.
2026-02-15 08:42:23,510 - __main__ - WARNING - File not found for Kepler ID: 10139620 (Expected: kplr010139620*_lc.fits). Skipping.
2026-02-15 08:42:26,403 - __main__ - WARNING - File not found for Kepler ID: 8686373 (Expected: kplr008686373*_lc.fits). Skipping.
2026-02-15 08:42:29,497 - __main__ - WARNING - File not found for Kepler ID: 7761585 (Expected: kplr007761585*_lc.fits). Skipping.
2026-02-15 08:42:32,804 - __main__ - WARNING - File not found for Kepler ID: 6515335 (Expected: kplr006515335*_lc.fits). Skipping.
2026-02-15 08:42:35,941 - __main__ - WARNING - File not found for Kepler ID: 9455677 (Expected: kplr009455677*_lc.fits). Skipping.
2026-02-15 08:42:38,940 - __main__ - WARNING - File not found for Kepler ID: 10141938 (Expected: kplr010141938*_lc.fits). Skipping.
2026-02-15 08:42:41,546 - __main__ - WARNING - File not found for Kepler ID: 10275077 (Expected: kplr010275077*_lc.fits). Skipping.
2026-02-15 08:42:44,158 - __main__ - WARNING - File not found for Kepler ID: 3937814 (Expected: kplr003937814*_lc.fits). Skipping.
2026-02-15 08:42:46,607 - __main__ - WARNING - File not found for Kepler ID: 5551228 (Expected: kplr005551228*_lc.fits). Skipping.
2026-02-15 08:42:49,173 - __main__ - WARNING - File not found for Kepler ID: 3248696 (Expected: kplr003248696*_lc.fits). Skipping.
2026-02-15 08:42:51,711 - __main__ - WARNING - File not found for Kepler ID: 5446285 (Expected: kplr005446285*_lc.fits). Skipping.
2026-02-15 08:42:54,352 - __main__ - WARNING - File not found for Kepler ID: 6106282 (Expected: kplr006106282*_lc.fits). Skipping.
2026-02-15 08:42:56,896 - __main__ - WARNING - File not found for Kepler ID: 10075409 (Expected: kplr010075409*_lc.fits). Skipping.
2026-02-15 08:42:59,732 - __main__ - WARNING - File not found for Kepler ID: 3103227 (Expected: kplr003103227*_lc.fits). Skipping.
2026-02-15 08:43:02,757 - __main__ - WARNING - File not found for Kepler ID: 5551228 (Expected: kplr005551228*_lc.fits). Skipping.
2026-02-15 08:43:05,369 - __main__ - WARNING - File not found for Kepler ID: 6862332 (Expected: kplr006862332*_lc.fits). Skipping.
2026-02-15 08:43:08,051 - __main__ - WARNING - File not found for Kepler ID: 5700900 (Expected: kplr005700900*_lc.fits). Skipping.
2026-02-15 08:43:10,921 - __main__ - WARNING - File not found for Kepler ID: 7026477 (Expected: kplr007026477*_lc.fits). Skipping.
2026-02-15 08:43:14,310 - __main__ - WARNING - File not found for Kepler ID: 3747817 (Expected: kplr003747817*_lc.fits). Skipping.
2026-02-15 08:43:16,980 - __main__ - WARNING - File not found for Kepler ID: 8483366 (Expected: kplr008483366*_lc.fits). Skipping.
2026-02-15 08:43:19,937 - __main__ - WARNING - File not found for Kepler ID: 7758018 (Expected: kplr007758018*_lc.fits). Skipping.
2026-02-15 08:43:22,932 - __main__ - WARNING - File not found for Kepler ID: 11415243 (Expected: kplr011415243*_lc.fits). Skipping.
2026-02-15 08:43:26,539 - __main__ - WARNING - File not found for Kepler ID: 8264402 (Expected: kplr008264402*_lc.fits). Skipping.
2026-02-15 08:43:29,547 - __main__ - WARNING - File not found for Kepler ID: 5956633 (Expected: kplr005956633*_lc.fits). Skipping.
2026-02-15 08:43:32,371 - __main__ - WARNING - File not found for Kepler ID: 3235282 (Expected: kplr003235282*_lc.fits). Skipping.
2026-02-15 08:43:34,800 - __main__ - WARNING - File not found for Kepler ID: 3117046 (Expected: kplr003117046*_lc.fits). Skipping.
2026-02-15 08:43:37,223 - __main__ - WARNING - File not found for Kepler ID: 7968683 (Expected: kplr007968683*_lc.fits). Skipping.
2026-02-15 08:43:39,462 - __main__ - WARNING - File not found for Kepler ID: 10360722 (Expected: kplr010360722*_lc.fits). Skipping.
2026-02-15 08:43:41,891 - __main__ - WARNING - File not found for Kepler ID: 3852476 (Expected: kplr003852476*_lc.fits). Skipping.
2026-02-15 08:43:44,427 - __main__ - WARNING - File not found for Kepler ID: 9700449 (Expected: kplr009700449*_lc.fits). Skipping.
2026-02-15 08:43:46,611 - __main__ - WARNING - File not found for Kepler ID: 6349881 (Expected: kplr006349881*_lc.fits). Skipping.
2026-02-15 08:43:49,072 - __main__ - WARNING - File not found for Kepler ID: 6428794 (Expected: kplr006428794*_lc.fits). Skipping.
2026-02-15 08:43:51,250 - __main__ - WARNING - File not found for Kepler ID: 4669402 (Expected: kplr004669402*_lc.fits). Skipping.
2026-02-15 08:43:53,734 - __main__ - WARNING - File not found for Kepler ID: 9086154 (Expected: kplr009086154*_lc.fits). Skipping.
2026-02-15 08:43:56,247 - __main__ - WARNING - File not found for Kepler ID: 5957181 (Expected: kplr005957181*_lc.fits). Skipping.
2026-02-15 08:43:58,602 - __main__ - WARNING - File not found for Kepler ID: 6119877 (Expected: kplr006119877*_lc.fits). Skipping.
2026-02-15 08:44:00,742 - __main__ - WARNING - File not found for Kepler ID: 3347807 (Expected: kplr003347807*_lc.fits). Skipping.
2026-02-15 08:44:02,846 - __main__ - WARNING - File not found for Kepler ID: 8743082 (Expected: kplr008743082*_lc.fits). Skipping.
2026-02-15 08:44:04,983 - __main__ - WARNING - File not found for Kepler ID: 9142742 (Expected: kplr009142742*_lc.fits). Skipping.
2026-02-15 08:44:07,504 - __main__ - WARNING - File not found for Kepler ID: 11390109 (Expected: kplr011390109*_lc.fits). Skipping.
2026-02-15 08:44:09,873 - __main__ - WARNING - File not found for Kepler ID: 8120608 (Expected: kplr008120608*_lc.fits). Skipping.
2026-02-15 08:44:11,629 - __main__ - WARNING - File not found for Kepler ID: 5512580 (Expected: kplr005512580*_lc.fits). Skipping.
2026-02-15 08:44:13,548 - __main__ - WARNING - File not found for Kepler ID: 6359820 (Expected: kplr006359820*_lc.fits). Skipping.
2026-02-15 08:44:15,328 - __main__ - WARNING - File not found for Kepler ID: 2859893 (Expected: kplr002859893*_lc.fits). Skipping.
2026-02-15 08:44:17,040 - __main__ - WARNING - File not found for Kepler ID: 8418018 (Expected: kplr008418018*_lc.fits). Skipping.
2026-02-15 08:44:18,834 - __main__ - WARNING - File not found for Kepler ID: 8459663 (Expected: kplr008459663*_lc.fits). Skipping.
2026-02-15 08:44:20,724 - __main__ - WARNING - File not found for Kepler ID: 8240790 (Expected: kplr008240790*_lc.fits). Skipping.
2026-02-15 08:44:22,392 - __main__ - WARNING - File not found for Kepler ID: 8309169 (Expected: kplr008309169*_lc.fits). Skipping.
2026-02-15 08:44:24,156 - __main__ - WARNING - File not found for Kepler ID: 5983532 (Expected: kplr005983532*_lc.fits). Skipping.
2026-02-15 08:44:26,193 - __main__ - WARNING - File not found for Kepler ID: 8483021 (Expected: kplr008483021*_lc.fits). Skipping.
2026-02-15 08:44:27,910 - __main__ - WARNING - File not found for Kepler ID: 7191646 (Expected: kplr007191646*_lc.fits). Skipping.
2026-02-15 08:44:29,677 - __main__ - WARNING - File not found for Kepler ID: 11449918 (Expected: kplr011449918*_lc.fits). Skipping.
2026-02-15 08:44:31,511 - __main__ - WARNING - File not found for Kepler ID: 4172805 (Expected: kplr004172805*_lc.fits). Skipping.
2026-02-15 08:44:33,324 - __main__ - WARNING - File not found for Kepler ID: 3750350 (Expected: kplr003750350*_lc.fits). Skipping.
2026-02-15 08:44:35,113 - __main__ - WARNING - File not found for Kepler ID: 4367528 (Expected: kplr004367528*_lc.fits). Skipping.
2026-02-15 08:44:36,974 - __main__ - WARNING - File not found for Kepler ID: 4773392 (Expected: kplr004773392*_lc.fits). Skipping.
2026-02-15 08:44:38,941 - __main__ - WARNING - File not found for Kepler ID: 9011874 (Expected: kplr009011874*_lc.fits). Skipping.
2026-02-15 08:44:40,999 - __main__ - WARNING - File not found for Kepler ID: 9936080 (Expected: kplr009936080*_lc.fits). Skipping.
2026-02-15 08:44:43,675 - __main__ - WARNING - File not found for Kepler ID: 8611344 (Expected: kplr008611344*_lc.fits). Skipping.
2026-02-15 08:44:46,557 - __main__ - WARNING - File not found for Kepler ID: 6599949 (Expected: kplr006599949*_lc.fits). Skipping.
2026-02-15 08:44:49,500 - __main__ - WARNING - File not found for Kepler ID: 12734396 (Expected: kplr012734396*_lc.fits). Skipping.
2026-02-15 08:44:53,540 - __main__ - WARNING - File not found for Kepler ID: 8678691 (Expected: kplr008678691*_lc.fits). Skipping.
2026-02-15 08:44:56,108 - __main__ - WARNING - File not found for Kepler ID: 3558849 (Expected: kplr003558849*_lc.fits). Skipping.
2026-02-15 08:44:58,546 - __main__ - WARNING - File not found for Kepler ID: 6587002 (Expected: kplr006587002*_lc.fits). Skipping.
2026-02-15 08:45:01,051 - __main__ - WARNING - File not found for Kepler ID: 6356885 (Expected: kplr006356885*_lc.fits). Skipping.
2026-02-15 08:45:03,476 - __main__ - WARNING - File not found for Kepler ID: 11124703 (Expected: kplr011124703*_lc.fits). Skipping.
2026-02-15 08:45:05,734 - __main__ - WARNING - File not found for Kepler ID: 9514372 (Expected: kplr009514372*_lc.fits). Skipping.
2026-02-15 08:45:08,817 - __main__ - WARNING - File not found for Kepler ID: 3644631 (Expected: kplr003644631*_lc.fits). Skipping.
2026-02-15 08:45:12,097 - __main__ - WARNING - File not found for Kepler ID: 5125196 (Expected: kplr005125196*_lc.fits). Skipping.
2026-02-15 08:45:14,644 - __main__ - WARNING - File not found for Kepler ID: 8482059 (Expected: kplr008482059*_lc.fits). Skipping.
2026-02-15 08:45:16,552 - __main__ - WARNING - File not found for Kepler ID: 8548427 (Expected: kplr008548427*_lc.fits). Skipping.
2026-02-15 08:45:18,444 - __main__ - WARNING - File not found for Kepler ID: 6289344 (Expected: kplr006289344*_lc.fits). Skipping.
2026-02-15 08:45:20,571 - __main__ - WARNING - File not found for Kepler ID: 5860968 (Expected: kplr005860968*_lc.fits). Skipping.
2026-02-15 08:45:23,195 - __main__ - WARNING - File not found for Kepler ID: 3650049 (Expected: kplr003650049*_lc.fits). Skipping.
2026-02-15 08:45:25,923 - __main__ - WARNING - File not found for Kepler ID: 3839294 (Expected: kplr003839294*_lc.fits). Skipping.
2026-02-15 08:45:27,823 - __main__ - WARNING - File not found for Kepler ID: 7698701 (Expected: kplr007698701*_lc.fits). Skipping.
2026-02-15 08:45:29,587 - __main__ - WARNING - File not found for Kepler ID: 7698701 (Expected: kplr007698701*_lc.fits). Skipping.
2026-02-15 08:45:31,530 - __main__ - WARNING - File not found for Kepler ID: 11560897 (Expected: kplr011560897*_lc.fits). Skipping.
2026-02-15 08:45:33,457 - __main__ - WARNING - File not found for Kepler ID: 3644738 (Expected: kplr003644738*_lc.fits). Skipping.
2026-02-15 08:45:35,433 - __main__ - WARNING - File not found for Kepler ID: 9202434 (Expected: kplr009202434*_lc.fits). Skipping.
2026-02-15 08:45:37,566 - __main__ - WARNING - File not found for Kepler ID: 6629993 (Expected: kplr006629993*_lc.fits). Skipping.
2026-02-15 08:45:39,619 - __main__ - WARNING - File not found for Kepler ID: 7429287 (Expected: kplr007429287*_lc.fits). Skipping.
2026-02-15 08:45:41,589 - __main__ - WARNING - File not found for Kepler ID: 3545583 (Expected: kplr003545583*_lc.fits). Skipping.
2026-02-15 08:45:43,731 - __main__ - WARNING - File not found for Kepler ID: 8374741 (Expected: kplr008374741*_lc.fits). Skipping.
2026-02-15 08:45:45,698 - __main__ - WARNING - File not found for Kepler ID: 4472143 (Expected: kplr004472143*_lc.fits). Skipping.
2026-02-15 08:45:47,792 - __main__ - WARNING - File not found for Kepler ID: 2576962 (Expected: kplr002576962*_lc.fits). Skipping.
2026-02-15 08:45:49,881 - __main__ - WARNING - File not found for Kepler ID: 11044826 (Expected: kplr011044826*_lc.fits). Skipping.
2026-02-15 08:45:51,918 - __main__ - WARNING - File not found for Kepler ID: 6681687 (Expected: kplr006681687*_lc.fits). Skipping.
2026-02-15 08:45:53,911 - __main__ - WARNING - File not found for Kepler ID: 10273903 (Expected: kplr010273903*_lc.fits). Skipping.
2026-02-15 08:45:56,007 - __main__ - WARNING - File not found for Kepler ID: 8483241 (Expected: kplr008483241*_lc.fits). Skipping.
2026-02-15 08:45:58,059 - __main__ - WARNING - File not found for Kepler ID: 8106112 (Expected: kplr008106112*_lc.fits). Skipping.
2026-02-15 08:46:00,048 - __main__ - WARNING - File not found for Kepler ID: 6119921 (Expected: kplr006119921*_lc.fits). Skipping.
2026-02-15 08:46:02,348 - __main__ - WARNING - File not found for Kepler ID: 5084171 (Expected: kplr005084171*_lc.fits). Skipping.
2026-02-15 08:46:04,106 - __main__ - WARNING - File not found for Kepler ID: 6685646 (Expected: kplr006685646*_lc.fits). Skipping.
2026-02-15 08:46:05,671 - __main__ - WARNING - File not found for Kepler ID: 9394768 (Expected: kplr009394768*_lc.fits). Skipping.
2026-02-15 08:46:07,101 - __main__ - WARNING - File not found for Kepler ID: 3832474 (Expected: kplr003832474*_lc.fits). Skipping.
2026-02-15 08:46:08,628 - __main__ - WARNING - File not found for Kepler ID: 3644602 (Expected: kplr003644602*_lc.fits). Skipping.
2026-02-15 08:46:09,990 - __main__ - WARNING - File not found for Kepler ID: 5977470 (Expected: kplr005977470*_lc.fits). Skipping.
2026-02-15 08:46:11,459 - __main__ - WARNING - File not found for Kepler ID: 6119923 (Expected: kplr006119923*_lc.fits). Skipping.
2026-02-15 08:46:12,948 - __main__ - WARNING - File not found for Kepler ID: 11284772 (Expected: kplr011284772*_lc.fits). Skipping.
2026-02-15 08:46:14,830 - __main__ - WARNING - File not found for Kepler ID: 9209183 (Expected: kplr009209183*_lc.fits). Skipping.
2026-02-15 08:46:16,519 - __main__ - WARNING - File not found for Kepler ID: 4072271 (Expected: kplr004072271*_lc.fits). Skipping.
2026-02-15 08:46:18,156 - __main__ - WARNING - File not found for Kepler ID: 8613218 (Expected: kplr008613218*_lc.fits). Skipping.
2026-02-15 08:46:20,011 - __main__ - WARNING - File not found for Kepler ID: 8548069 (Expected: kplr008548069*_lc.fits). Skipping.
2026-02-15 08:46:21,680 - __main__ - WARNING - File not found for Kepler ID: 7820699 (Expected: kplr007820699*_lc.fits). Skipping.
2026-02-15 08:46:23,211 - __main__ - WARNING - File not found for Kepler ID: 6201203 (Expected: kplr006201203*_lc.fits). Skipping.
2026-02-15 08:46:24,864 - __main__ - WARNING - File not found for Kepler ID: 4556468 (Expected: kplr004556468*_lc.fits). Skipping.
2026-02-15 08:46:26,792 - __main__ - WARNING - File not found for Kepler ID: 6359175 (Expected: kplr006359175*_lc.fits). Skipping.
2026-02-15 08:46:28,349 - __main__ - WARNING - File not found for Kepler ID: 8104207 (Expected: kplr008104207*_lc.fits). Skipping.
2026-02-15 08:46:29,869 - __main__ - WARNING - File not found for Kepler ID: 10026502 (Expected: kplr010026502*_lc.fits). Skipping.
2026-02-15 08:46:31,442 - __main__ - WARNING - File not found for Kepler ID: 8037926 (Expected: kplr008037926*_lc.fits). Skipping.
2026-02-15 08:46:33,118 - __main__ - WARNING - File not found for Kepler ID: 6437617 (Expected: kplr006437617*_lc.fits). Skipping.
2026-02-15 08:46:34,735 - __main__ - WARNING - File not found for Kepler ID: 9773270 (Expected: kplr009773270*_lc.fits). Skipping.
2026-02-15 08:46:36,229 - __main__ - WARNING - File not found for Kepler ID: 9516728 (Expected: kplr009516728*_lc.fits). Skipping.
2026-02-15 08:46:37,828 - __main__ - WARNING - File not found for Kepler ID: 4825872 (Expected: kplr004825872*_lc.fits). Skipping.
2026-02-15 08:46:39,405 - __main__ - WARNING - File not found for Kepler ID: 8110733 (Expected: kplr008110733*_lc.fits). Skipping.
2026-02-15 08:46:40,902 - __main__ - WARNING - File not found for Kepler ID: 3644505 (Expected: kplr003644505*_lc.fits). Skipping.
2026-02-15 08:46:42,382 - __main__ - WARNING - File not found for Kepler ID: 9711297 (Expected: kplr009711297*_lc.fits). Skipping.
2026-02-15 08:46:44,020 - __main__ - WARNING - File not found for Kepler ID: 6200529 (Expected: kplr006200529*_lc.fits). Skipping.
2026-02-15 08:46:45,655 - __main__ - WARNING - File not found for Kepler ID: 9893468 (Expected: kplr009893468*_lc.fits). Skipping.
2026-02-15 08:46:47,151 - __main__ - WARNING - File not found for Kepler ID: 7598111 (Expected: kplr007598111*_lc.fits). Skipping.
2026-02-15 08:46:48,729 - __main__ - WARNING - File not found for Kepler ID: 8240746 (Expected: kplr008240746*_lc.fits). Skipping.
2026-02-15 08:46:50,490 - __main__ - WARNING - File not found for Kepler ID: 10610039 (Expected: kplr010610039*_lc.fits). Skipping.
2026-02-15 08:46:52,370 - __main__ - WARNING - File not found for Kepler ID: 10140843 (Expected: kplr010140843*_lc.fits). Skipping.
2026-02-15 08:46:54,978 - __main__ - WARNING - File not found for Kepler ID: 4902202 (Expected: kplr004902202*_lc.fits). Skipping.
2026-02-15 08:46:57,087 - __main__ - WARNING - File not found for Kepler ID: 7523542 (Expected: kplr007523542*_lc.fits). Skipping.
2026-02-15 08:46:59,055 - __main__ - WARNING - File not found for Kepler ID: 9386171 (Expected: kplr009386171*_lc.fits). Skipping.
2026-02-15 08:47:01,211 - __main__ - WARNING - File not found for Kepler ID: 11553598 (Expected: kplr011553598*_lc.fits). Skipping.
2026-02-15 08:47:03,609 - __main__ - WARNING - File not found for Kepler ID: 9007151 (Expected: kplr009007151*_lc.fits). Skipping.
2026-02-15 08:47:05,739 - __main__ - WARNING - File not found for Kepler ID: 5090803 (Expected: kplr005090803*_lc.fits). Skipping.
2026-02-15 08:47:07,865 - __main__ - WARNING - File not found for Kepler ID: 5783732 (Expected: kplr005783732*_lc.fits). Skipping.
2026-02-15 08:47:09,966 - __main__ - WARNING - File not found for Kepler ID: 7900100 (Expected: kplr007900100*_lc.fits). Skipping.
2026-02-15 08:47:12,032 - __main__ - WARNING - File not found for Kepler ID: 7429240 (Expected: kplr007429240*_lc.fits). Skipping.
2026-02-15 08:47:14,269 - __main__ - WARNING - File not found for Kepler ID: 10003058 (Expected: kplr010003058*_lc.fits). Skipping.
2026-02-15 08:47:16,822 - __main__ - WARNING - File not found for Kepler ID: 6199864 (Expected: kplr006199864*_lc.fits). Skipping.
2026-02-15 08:47:19,371 - __main__ - WARNING - File not found for Kepler ID: 7366895 (Expected: kplr007366895*_lc.fits). Skipping.
2026-02-15 08:47:22,057 - __main__ - WARNING - File not found for Kepler ID: 10729472 (Expected: kplr010729472*_lc.fits). Skipping.
2026-02-15 08:47:24,717 - __main__ - WARNING - File not found for Kepler ID: 6200612 (Expected: kplr006200612*_lc.fits). Skipping.
2026-02-15 08:47:27,611 - __main__ - WARNING - File not found for Kepler ID: 9171886 (Expected: kplr009171886*_lc.fits). Skipping.
2026-02-15 08:47:30,192 - __main__ - WARNING - File not found for Kepler ID: 8359569 (Expected: kplr008359569*_lc.fits). Skipping.
2026-02-15 08:47:33,071 - __main__ - WARNING - File not found for Kepler ID: 8652577 (Expected: kplr008652577*_lc.fits). Skipping.
2026-02-15 08:47:35,749 - __main__ - WARNING - File not found for Kepler ID: 8804937 (Expected: kplr008804937*_lc.fits). Skipping.
2026-02-15 08:47:38,444 - __main__ - WARNING - File not found for Kepler ID: 9947389 (Expected: kplr009947389*_lc.fits). Skipping.
2026-02-15 08:47:41,719 - __main__ - WARNING - File not found for Kepler ID: 7283710 (Expected: kplr007283710*_lc.fits). Skipping.
2026-02-15 08:47:44,742 - __main__ - WARNING - File not found for Kepler ID: 7272132 (Expected: kplr007272132*_lc.fits). Skipping.
2026-02-15 08:47:47,784 - __main__ - WARNING - File not found for Kepler ID: 6437226 (Expected: kplr006437226*_lc.fits). Skipping.
2026-02-15 08:47:50,445 - __main__ - WARNING - File not found for Kepler ID: 2972800 (Expected: kplr002972800*_lc.fits). Skipping.
2026-02-15 08:47:52,835 - __main__ - WARNING - File not found for Kepler ID: 5301093 (Expected: kplr005301093*_lc.fits). Skipping.
2026-02-15 08:47:54,990 - __main__ - WARNING - File not found for Kepler ID: 11092040 (Expected: kplr011092040*_lc.fits). Skipping.
2026-02-15 08:47:57,404 - __main__ - WARNING - File not found for Kepler ID: 10220950 (Expected: kplr010220950*_lc.fits). Skipping.
2026-02-15 08:47:59,600 - __main__ - WARNING - File not found for Kepler ID: 5305399 (Expected: kplr005305399*_lc.fits). Skipping.
2026-02-15 08:48:01,933 - __main__ - WARNING - File not found for Kepler ID: 5126932 (Expected: kplr005126932*_lc.fits). Skipping.
2026-02-15 08:48:04,356 - __main__ - WARNING - File not found for Kepler ID: 2554853 (Expected: kplr002554853*_lc.fits). Skipping.
2026-02-15 08:48:06,522 - __main__ - WARNING - File not found for Kepler ID: 4742188 (Expected: kplr004742188*_lc.fits). Skipping.
2026-02-15 08:48:08,839 - __main__ - WARNING - File not found for Kepler ID: 6116035 (Expected: kplr006116035*_lc.fits). Skipping.
2026-02-15 08:48:11,241 - __main__ - WARNING - File not found for Kepler ID: 8958359 (Expected: kplr008958359*_lc.fits). Skipping.
2026-02-15 08:48:13,733 - __main__ - WARNING - File not found for Kepler ID: 11658036 (Expected: kplr011658036*_lc.fits). Skipping.
2026-02-15 08:48:16,827 - __main__ - WARNING - File not found for Kepler ID: 12506417 (Expected: kplr012506417*_lc.fits). Skipping.
2026-02-15 08:48:19,529 - __main__ - WARNING - File not found for Kepler ID: 10187563 (Expected: kplr010187563*_lc.fits). Skipping.
2026-02-15 08:48:23,077 - __main__ - WARNING - File not found for Kepler ID: 9005321 (Expected: kplr009005321*_lc.fits). Skipping.
2026-02-15 08:48:25,732 - __main__ - WARNING - File not found for Kepler ID: 5168498 (Expected: kplr005168498*_lc.fits). Skipping.
2026-02-15 08:48:28,707 - __main__ - WARNING - File not found for Kepler ID: 5951416 (Expected: kplr005951416*_lc.fits). Skipping.
2026-02-15 08:48:31,812 - __main__ - WARNING - File not found for Kepler ID: 9782748 (Expected: kplr009782748*_lc.fits). Skipping.
2026-02-15 08:48:34,595 - __main__ - WARNING - File not found for Kepler ID: 6438379 (Expected: kplr006438379*_lc.fits). Skipping.
2026-02-15 08:48:37,035 - __main__ - WARNING - File not found for Kepler ID: 9145415 (Expected: kplr009145415*_lc.fits). Skipping.
2026-02-15 08:48:39,571 - __main__ - WARNING - File not found for Kepler ID: 9582496 (Expected: kplr009582496*_lc.fits). Skipping.
2026-02-15 08:48:42,007 - __main__ - WARNING - File not found for Kepler ID: 11294883 (Expected: kplr011294883*_lc.fits). Skipping.
2026-02-15 08:48:44,536 - __main__ - WARNING - File not found for Kepler ID: 3832474 (Expected: kplr003832474*_lc.fits). Skipping.
2026-02-15 08:48:47,152 - __main__ - WARNING - File not found for Kepler ID: 11038580 (Expected: kplr011038580*_lc.fits). Skipping.
2026-02-15 08:48:49,398 - __main__ - WARNING - File not found for Kepler ID: 5097856 (Expected: kplr005097856*_lc.fits). Skipping.
2026-02-15 08:48:51,961 - __main__ - WARNING - File not found for Kepler ID: 10139390 (Expected: kplr010139390*_lc.fits). Skipping.
2026-02-15 08:48:54,386 - __main__ - WARNING - File not found for Kepler ID: 1430305 (Expected: kplr001430305*_lc.fits). Skipping.
2026-02-15 08:48:56,855 - __main__ - WARNING - File not found for Kepler ID: 5783938 (Expected: kplr005783938*_lc.fits). Skipping.
2026-02-15 08:48:59,444 - __main__ - WARNING - File not found for Kepler ID: 8940700 (Expected: kplr008940700*_lc.fits). Skipping.
2026-02-15 08:49:01,914 - __main__ - WARNING - File not found for Kepler ID: 11804437 (Expected: kplr011804437*_lc.fits). Skipping.
2026-02-15 08:49:04,929 - __main__ - WARNING - File not found for Kepler ID: 8747009 (Expected: kplr008747009*_lc.fits). Skipping.
2026-02-15 08:49:07,999 - __main__ - WARNING - File not found for Kepler ID: 6681546 (Expected: kplr006681546*_lc.fits). Skipping.
2026-02-15 08:49:11,157 - __main__ - WARNING - File not found for Kepler ID: 6421137 (Expected: kplr006421137*_lc.fits). Skipping.
2026-02-15 08:49:14,065 - __main__ - WARNING - File not found for Kepler ID: 9893278 (Expected: kplr009893278*_lc.fits). Skipping.
2026-02-15 08:49:17,463 - __main__ - WARNING - File not found for Kepler ID: 4270799 (Expected: kplr004270799*_lc.fits). Skipping.
2026-02-15 08:49:20,026 - __main__ - WARNING - File not found for Kepler ID: 4138008 (Expected: kplr004138008*_lc.fits). Skipping.
2026-02-15 08:49:22,697 - __main__ - WARNING - File not found for Kepler ID: 6852354 (Expected: kplr006852354*_lc.fits). Skipping.
2026-02-15 08:49:25,112 - __main__ - WARNING - File not found for Kepler ID: 11757451 (Expected: kplr011757451*_lc.fits). Skipping.
2026-02-15 08:49:27,658 - __main__ - WARNING - File not found for Kepler ID: 9086001 (Expected: kplr009086001*_lc.fits). Skipping.
2026-02-15 08:49:30,149 - __main__ - WARNING - File not found for Kepler ID: 5276332 (Expected: kplr005276332*_lc.fits). Skipping.
2026-02-15 08:49:33,299 - __main__ - WARNING - File not found for Kepler ID: 4651399 (Expected: kplr004651399*_lc.fits). Skipping.
2026-02-15 08:49:36,495 - __main__ - WARNING - File not found for Kepler ID: 9953575 (Expected: kplr009953575*_lc.fits). Skipping.
2026-02-15 08:49:39,925 - __main__ - WARNING - File not found for Kepler ID: 7887890 (Expected: kplr007887890*_lc.fits). Skipping.
2026-02-15 08:49:43,095 - __main__ - WARNING - File not found for Kepler ID: 10065053 (Expected: kplr010065053*_lc.fits). Skipping.
2026-02-15 08:49:46,722 - __main__ - WARNING - File not found for Kepler ID: 11867608 (Expected: kplr011867608*_lc.fits). Skipping.
2026-02-15 08:49:50,058 - __main__ - WARNING - File not found for Kepler ID: 3644071 (Expected: kplr003644071*_lc.fits). Skipping.
2026-02-15 08:49:53,704 - __main__ - WARNING - File not found for Kepler ID: 8308070 (Expected: kplr008308070*_lc.fits). Skipping.
2026-02-15 08:49:56,450 - __main__ - WARNING - File not found for Kepler ID: 10000162 (Expected: kplr010000162*_lc.fits). Skipping.
2026-02-15 08:49:59,449 - __main__ - WARNING - File not found for Kepler ID: 7799701 (Expected: kplr007799701*_lc.fits). Skipping.
2026-02-15 08:50:02,196 - __main__ - WARNING - File not found for Kepler ID: 4670361 (Expected: kplr004670361*_lc.fits). Skipping.
2026-02-15 08:50:05,354 - __main__ - WARNING - File not found for Kepler ID: 6680911 (Expected: kplr006680911*_lc.fits). Skipping.
2026-02-15 08:50:08,217 - __main__ - WARNING - File not found for Kepler ID: 4940203 (Expected: kplr004940203*_lc.fits). Skipping.
2026-02-15 08:50:11,257 - __main__ - WARNING - File not found for Kepler ID: 5881307 (Expected: kplr005881307*_lc.fits). Skipping.
2026-02-15 08:50:14,038 - __main__ - WARNING - File not found for Kepler ID: 9028474 (Expected: kplr009028474*_lc.fits). Skipping.
2026-02-15 08:50:17,041 - __main__ - WARNING - File not found for Kepler ID: 6124137 (Expected: kplr006124137*_lc.fits). Skipping.
2026-02-15 08:50:19,739 - __main__ - WARNING - File not found for Kepler ID: 3644542 (Expected: kplr003644542*_lc.fits). Skipping.
2026-02-15 08:50:22,878 - __main__ - WARNING - File not found for Kepler ID: 3442054 (Expected: kplr003442054*_lc.fits). Skipping.
2026-02-15 08:50:25,639 - __main__ - WARNING - File not found for Kepler ID: 10677186 (Expected: kplr010677186*_lc.fits). Skipping.
2026-02-15 08:50:28,805 - __main__ - WARNING - File not found for Kepler ID: 5687986 (Expected: kplr005687986*_lc.fits). Skipping.
2026-02-15 08:50:31,498 - __main__ - WARNING - File not found for Kepler ID: 7117003 (Expected: kplr007117003*_lc.fits). Skipping.
2026-02-15 08:50:34,647 - __main__ - WARNING - File not found for Kepler ID: 3757590 (Expected: kplr003757590*_lc.fits). Skipping.
2026-02-15 08:50:37,403 - __main__ - WARNING - File not found for Kepler ID: 10845188 (Expected: kplr010845188*_lc.fits). Skipping.
2026-02-15 08:50:40,697 - __main__ - WARNING - File not found for Kepler ID: 3098843 (Expected: kplr003098843*_lc.fits). Skipping.
2026-02-15 08:50:43,487 - __main__ - WARNING - File not found for Kepler ID: 5456023 (Expected: kplr005456023*_lc.fits). Skipping.
2026-02-15 08:50:46,672 - __main__ - WARNING - File not found for Kepler ID: 12021387 (Expected: kplr012021387*_lc.fits). Skipping.
2026-02-15 08:50:49,440 - __main__ - WARNING - File not found for Kepler ID: 8044608 (Expected: kplr008044608*_lc.fits). Skipping.
2026-02-15 08:50:52,651 - __main__ - WARNING - File not found for Kepler ID: 8760135 (Expected: kplr008760135*_lc.fits). Skipping.
2026-02-15 08:50:55,532 - __main__ - WARNING - File not found for Kepler ID: 6137704 (Expected: kplr006137704*_lc.fits). Skipping.
2026-02-15 08:50:58,729 - __main__ - WARNING - File not found for Kepler ID: 10259301 (Expected: kplr010259301*_lc.fits). Skipping.
2026-02-15 08:51:01,512 - __main__ - WARNING - File not found for Kepler ID: 5888187 (Expected: kplr005888187*_lc.fits). Skipping.
2026-02-15 08:51:04,674 - __main__ - WARNING - File not found for Kepler ID: 10292238 (Expected: kplr010292238*_lc.fits). Skipping.
2026-02-15 08:51:07,405 - __main__ - WARNING - File not found for Kepler ID: 4255422 (Expected: kplr004255422*_lc.fits). Skipping.
2026-02-15 08:51:10,476 - __main__ - WARNING - File not found for Kepler ID: 5894182 (Expected: kplr005894182*_lc.fits). Skipping.
2026-02-15 08:51:13,350 - __main__ - WARNING - File not found for Kepler ID: 10748621 (Expected: kplr010748621*_lc.fits). Skipping.
2026-02-15 08:51:16,427 - __main__ - WARNING - File not found for Kepler ID: 4824268 (Expected: kplr004824268*_lc.fits). Skipping.
2026-02-15 08:51:18,923 - __main__ - WARNING - File not found for Kepler ID: 7987086 (Expected: kplr007987086*_lc.fits). Skipping.
2026-02-15 08:51:21,886 - __main__ - WARNING - File not found for Kepler ID: 8668810 (Expected: kplr008668810*_lc.fits). Skipping.
2026-02-15 08:51:24,895 - __main__ - WARNING - File not found for Kepler ID: 8868907 (Expected: kplr008868907*_lc.fits). Skipping.
2026-02-15 08:51:28,835 - __main__ - WARNING - File not found for Kepler ID: 11337372 (Expected: kplr011337372*_lc.fits). Skipping.
2026-02-15 08:51:31,489 - __main__ - WARNING - File not found for Kepler ID: 8868364 (Expected: kplr008868364*_lc.fits). Skipping.
2026-02-15 08:51:33,981 - __main__ - WARNING - File not found for Kepler ID: 9656397 (Expected: kplr009656397*_lc.fits). Skipping.
2026-02-15 08:51:36,403 - __main__ - WARNING - File not found for Kepler ID: 6756202 (Expected: kplr006756202*_lc.fits). Skipping.
2026-02-15 08:51:38,759 - __main__ - WARNING - File not found for Kepler ID: 2307206 (Expected: kplr002307206*_lc.fits). Skipping.
2026-02-15 08:51:41,083 - __main__ - WARNING - File not found for Kepler ID: 3326377 (Expected: kplr003326377*_lc.fits). Skipping.
2026-02-15 08:51:43,398 - __main__ - WARNING - File not found for Kepler ID: 6426592 (Expected: kplr006426592*_lc.fits). Skipping.
2026-02-15 08:51:45,854 - __main__ - WARNING - File not found for Kepler ID: 8491745 (Expected: kplr008491745*_lc.fits). Skipping.
2026-02-15 08:51:48,200 - __main__ - WARNING - File not found for Kepler ID: 3970117 (Expected: kplr003970117*_lc.fits). Skipping.
2026-02-15 08:51:50,710 - __main__ - WARNING - File not found for Kepler ID: 6021275 (Expected: kplr006021275*_lc.fits). Skipping.
2026-02-15 08:51:53,488 - __main__ - WARNING - File not found for Kepler ID: 2975770 (Expected: kplr002975770*_lc.fits). Skipping.
2026-02-15 08:51:56,306 - __main__ - WARNING - File not found for Kepler ID: 5534965 (Expected: kplr005534965*_lc.fits). Skipping.
2026-02-15 08:51:59,128 - __main__ - WARNING - File not found for Kepler ID: 9948002 (Expected: kplr009948002*_lc.fits). Skipping.
2026-02-15 08:52:02,087 - __main__ - WARNING - File not found for Kepler ID: 5264304 (Expected: kplr005264304*_lc.fits). Skipping.
2026-02-15 08:52:05,054 - __main__ - WARNING - File not found for Kepler ID: 5806800 (Expected: kplr005806800*_lc.fits). Skipping.
2026-02-15 08:52:07,656 - __main__ - WARNING - File not found for Kepler ID: 11671429 (Expected: kplr011671429*_lc.fits). Skipping.
2026-02-15 08:52:10,565 - __main__ - WARNING - File not found for Kepler ID: 5817957 (Expected: kplr005817957*_lc.fits). Skipping.
2026-02-15 08:52:13,356 - __main__ - WARNING - File not found for Kepler ID: 7703955 (Expected: kplr007703955*_lc.fits). Skipping.
2026-02-15 08:52:17,132 - __main__ - WARNING - File not found for Kepler ID: 7353970 (Expected: kplr007353970*_lc.fits). Skipping.
2026-02-15 08:52:20,017 - __main__ - WARNING - File not found for Kepler ID: 9785454 (Expected: kplr009785454*_lc.fits). Skipping.
2026-02-15 08:52:23,533 - __main__ - WARNING - File not found for Kepler ID: 6069674 (Expected: kplr006069674*_lc.fits). Skipping.
2026-02-15 08:52:26,821 - __main__ - WARNING - File not found for Kepler ID: 6356400 (Expected: kplr006356400*_lc.fits). Skipping.
2026-02-15 08:52:30,634 - __main__ - WARNING - File not found for Kepler ID: 5653795 (Expected: kplr005653795*_lc.fits). Skipping.
2026-02-15 08:52:34,017 - __main__ - WARNING - File not found for Kepler ID: 10464666 (Expected: kplr010464666*_lc.fits). Skipping.
2026-02-15 08:52:36,581 - __main__ - WARNING - File not found for Kepler ID: 4659255 (Expected: kplr004659255*_lc.fits). Skipping.
2026-02-15 08:52:39,133 - __main__ - WARNING - File not found for Kepler ID: 3428468 (Expected: kplr003428468*_lc.fits). Skipping.
2026-02-15 08:52:41,648 - __main__ - WARNING - File not found for Kepler ID: 5130740 (Expected: kplr005130740*_lc.fits). Skipping.
2026-02-15 08:52:43,998 - __main__ - WARNING - File not found for Kepler ID: 5879448 (Expected: kplr005879448*_lc.fits). Skipping.
2026-02-15 08:52:46,440 - __main__ - WARNING - File not found for Kepler ID: 6113752 (Expected: kplr006113752*_lc.fits). Skipping.
2026-02-15 08:52:49,040 - __main__ - WARNING - File not found for Kepler ID: 9896558 (Expected: kplr009896558*_lc.fits). Skipping.
2026-02-15 08:52:51,798 - __main__ - WARNING - File not found for Kepler ID: 7045605 (Expected: kplr007045605*_lc.fits). Skipping.
2026-02-15 08:52:54,654 - __main__ - WARNING - File not found for Kepler ID: 5305404 (Expected: kplr005305404*_lc.fits). Skipping.
2026-02-15 08:52:57,408 - __main__ - WARNING - File not found for Kepler ID: 4820550 (Expected: kplr004820550*_lc.fits). Skipping.
2026-02-15 08:53:00,249 - __main__ - WARNING - File not found for Kepler ID: 11911580 (Expected: kplr011911580*_lc.fits). Skipping.
2026-02-15 08:53:02,900 - __main__ - WARNING - File not found for Kepler ID: 9480535 (Expected: kplr009480535*_lc.fits). Skipping.
2026-02-15 08:53:05,641 - __main__ - WARNING - File not found for Kepler ID: 2446623 (Expected: kplr002446623*_lc.fits). Skipping.
2026-02-15 08:53:08,181 - __main__ - WARNING - File not found for Kepler ID: 5114623 (Expected: kplr005114623*_lc.fits). Skipping.
2026-02-15 08:53:10,844 - __main__ - WARNING - File not found for Kepler ID: 5114623 (Expected: kplr005114623*_lc.fits). Skipping.
2026-02-15 08:53:13,473 - __main__ - WARNING - File not found for Kepler ID: 4150804 (Expected: kplr004150804*_lc.fits). Skipping.
2026-02-15 08:53:15,699 - __main__ - WARNING - File not found for Kepler ID: 9025971 (Expected: kplr009025971*_lc.fits). Skipping.
2026-02-15 08:53:17,842 - __main__ - WARNING - File not found for Kepler ID: 2581316 (Expected: kplr002581316*_lc.fits). Skipping.
2026-02-15 08:53:19,875 - __main__ - WARNING - File not found for Kepler ID: 5966810 (Expected: kplr005966810*_lc.fits). Skipping.
2026-02-15 08:53:21,873 - __main__ - WARNING - File not found for Kepler ID: 10795103 (Expected: kplr010795103*_lc.fits). Skipping.
2026-02-15 08:53:23,972 - __main__ - WARNING - File not found for Kepler ID: 8494410 (Expected: kplr008494410*_lc.fits). Skipping.
2026-02-15 08:53:26,041 - __main__ - WARNING - File not found for Kepler ID: 8308347 (Expected: kplr008308347*_lc.fits). Skipping.
2026-02-15 08:53:28,378 - __main__ - WARNING - File not found for Kepler ID: 7090867 (Expected: kplr007090867*_lc.fits). Skipping.
2026-02-15 08:53:30,695 - __main__ - WARNING - File not found for Kepler ID: 6780367 (Expected: kplr006780367*_lc.fits). Skipping.
2026-02-15 08:53:32,837 - __main__ - WARNING - File not found for Kepler ID: 7102316 (Expected: kplr007102316*_lc.fits). Skipping.
2026-02-15 08:53:35,047 - __main__ - WARNING - File not found for Kepler ID: 11518142 (Expected: kplr011518142*_lc.fits). Skipping.
2026-02-15 08:53:37,151 - __main__ - WARNING - File not found for Kepler ID: 5305451 (Expected: kplr005305451*_lc.fits). Skipping.
2026-02-15 08:53:39,366 - __main__ - WARNING - File not found for Kepler ID: 5435816 (Expected: kplr005435816*_lc.fits). Skipping.
2026-02-15 08:53:41,996 - __main__ - WARNING - File not found for Kepler ID: 8559589 (Expected: kplr008559589*_lc.fits). Skipping.
2026-02-15 08:53:44,243 - __main__ - WARNING - File not found for Kepler ID: 5015459 (Expected: kplr005015459*_lc.fits). Skipping.
2026-02-15 08:53:46,274 - __main__ - WARNING - File not found for Kepler ID: 8505920 (Expected: kplr008505920*_lc.fits). Skipping.
2026-02-15 08:53:48,378 - __main__ - WARNING - File not found for Kepler ID: 11357192 (Expected: kplr011357192*_lc.fits). Skipping.
2026-02-15 08:53:50,319 - __main__ - WARNING - File not found for Kepler ID: 9533489 (Expected: kplr009533489*_lc.fits). Skipping.
2026-02-15 08:53:52,434 - __main__ - WARNING - File not found for Kepler ID: 3644601 (Expected: kplr003644601*_lc.fits). Skipping.
2026-02-15 08:53:54,442 - __main__ - WARNING - File not found for Kepler ID: 8781480 (Expected: kplr008781480*_lc.fits). Skipping.
2026-02-15 08:53:56,353 - __main__ - WARNING - File not found for Kepler ID: 7813039 (Expected: kplr007813039*_lc.fits). Skipping.
2026-02-15 08:53:58,319 - __main__ - WARNING - File not found for Kepler ID: 3644601 (Expected: kplr003644601*_lc.fits). Skipping.
2026-02-15 08:54:00,205 - __main__ - WARNING - File not found for Kepler ID: 6531617 (Expected: kplr006531617*_lc.fits). Skipping.
2026-02-15 08:54:02,019 - __main__ - WARNING - File not found for Kepler ID: 2576107 (Expected: kplr002576107*_lc.fits). Skipping.
2026-02-15 08:54:03,744 - __main__ - WARNING - File not found for Kepler ID: 5653849 (Expected: kplr005653849*_lc.fits). Skipping.
2026-02-15 08:54:05,505 - __main__ - WARNING - File not found for Kepler ID: 5437945 (Expected: kplr005437945*_lc.fits). Skipping.
2026-02-15 08:54:07,190 - __main__ - WARNING - File not found for Kepler ID: 11241814 (Expected: kplr011241814*_lc.fits). Skipping.
2026-02-15 08:54:08,847 - __main__ - WARNING - File not found for Kepler ID: 9517393 (Expected: kplr009517393*_lc.fits). Skipping.
2026-02-15 08:54:10,593 - __main__ - WARNING - File not found for Kepler ID: 8052474 (Expected: kplr008052474*_lc.fits). Skipping.
2026-02-15 08:54:12,416 - __main__ - WARNING - File not found for Kepler ID: 3534118 (Expected: kplr003534118*_lc.fits). Skipping.
2026-02-15 08:54:14,078 - __main__ - WARNING - File not found for Kepler ID: 3534118 (Expected: kplr003534118*_lc.fits). Skipping.
2026-02-15 08:54:15,743 - __main__ - WARNING - File not found for Kepler ID: 10735331 (Expected: kplr010735331*_lc.fits). Skipping.
2026-02-15 08:54:17,453 - __main__ - WARNING - File not found for Kepler ID: 8827930 (Expected: kplr008827930*_lc.fits). Skipping.
2026-02-15 08:54:19,123 - __main__ - WARNING - File not found for Kepler ID: 6790592 (Expected: kplr006790592*_lc.fits). Skipping.
2026-02-15 08:54:20,949 - __main__ - WARNING - File not found for Kepler ID: 9411166 (Expected: kplr009411166*_lc.fits). Skipping.
2026-02-15 08:54:22,807 - __main__ - WARNING - File not found for Kepler ID: 6952971 (Expected: kplr006952971*_lc.fits). Skipping.
2026-02-15 08:54:24,666 - __main__ - WARNING - File not found for Kepler ID: 6973796 (Expected: kplr006973796*_lc.fits). Skipping.
2026-02-15 08:54:26,594 - __main__ - WARNING - File not found for Kepler ID: 5305471 (Expected: kplr005305471*_lc.fits). Skipping.
2026-02-15 08:54:28,400 - __main__ - WARNING - File not found for Kepler ID: 4638237 (Expected: kplr004638237*_lc.fits). Skipping.
2026-02-15 08:54:30,198 - __main__ - WARNING - File not found for Kepler ID: 9351316 (Expected: kplr009351316*_lc.fits). Skipping.
2026-02-15 08:54:32,078 - __main__ - WARNING - File not found for Kepler ID: 5103998 (Expected: kplr005103998*_lc.fits). Skipping.
2026-02-15 08:54:33,833 - __main__ - WARNING - File not found for Kepler ID: 6933781 (Expected: kplr006933781*_lc.fits). Skipping.
2026-02-15 08:54:35,669 - __main__ - WARNING - File not found for Kepler ID: 10733174 (Expected: kplr010733174*_lc.fits). Skipping.
2026-02-15 08:54:37,404 - __main__ - WARNING - File not found for Kepler ID: 8564976 (Expected: kplr008564976*_lc.fits). Skipping.
2026-02-15 08:54:39,115 - __main__ - WARNING - File not found for Kepler ID: 12735740 (Expected: kplr012735740*_lc.fits). Skipping.
2026-02-15 08:54:40,923 - __main__ - WARNING - File not found for Kepler ID: 7757698 (Expected: kplr007757698*_lc.fits). Skipping.
2026-02-15 08:54:42,765 - __main__ - WARNING - File not found for Kepler ID: 3732035 (Expected: kplr003732035*_lc.fits). Skipping.
2026-02-15 08:54:44,467 - __main__ - WARNING - File not found for Kepler ID: 8107034 (Expected: kplr008107034*_lc.fits). Skipping.
2026-02-15 08:54:46,205 - __main__ - WARNING - File not found for Kepler ID: 7967861 (Expected: kplr007967861*_lc.fits). Skipping.
2026-02-15 08:54:48,008 - __main__ - WARNING - File not found for Kepler ID: 7866914 (Expected: kplr007866914*_lc.fits). Skipping.
2026-02-15 08:54:49,720 - __main__ - WARNING - File not found for Kepler ID: 10336927 (Expected: kplr010336927*_lc.fits). Skipping.
2026-02-15 08:54:51,547 - __main__ - WARNING - File not found for Kepler ID: 9280239 (Expected: kplr009280239*_lc.fits). Skipping.
2026-02-15 08:54:53,219 - __main__ - WARNING - File not found for Kepler ID: 9886255 (Expected: kplr009886255*_lc.fits). Skipping.
2026-02-15 08:54:54,825 - __main__ - WARNING - File not found for Kepler ID: 8418129 (Expected: kplr008418129*_lc.fits). Skipping.
2026-02-15 08:54:56,453 - __main__ - WARNING - File not found for Kepler ID: 8107115 (Expected: kplr008107115*_lc.fits). Skipping.
2026-02-15 08:54:58,021 - __main__ - WARNING - File not found for Kepler ID: 10663411 (Expected: kplr010663411*_lc.fits). Skipping.
2026-02-15 08:54:59,614 - __main__ - WARNING - File not found for Kepler ID: 9205938 (Expected: kplr009205938*_lc.fits). Skipping.
2026-02-15 08:55:01,302 - __main__ - WARNING - File not found for Kepler ID: 10230571 (Expected: kplr010230571*_lc.fits). Skipping.
2026-02-15 08:55:02,858 - __main__ - WARNING - File not found for Kepler ID: 10614012 (Expected: kplr010614012*_lc.fits). Skipping.
2026-02-15 08:55:04,396 - __main__ - WARNING - File not found for Kepler ID: 7882360 (Expected: kplr007882360*_lc.fits). Skipping.
2026-02-15 08:55:06,036 - __main__ - WARNING - File not found for Kepler ID: 8176019 (Expected: kplr008176019*_lc.fits). Skipping.
2026-02-15 08:55:07,628 - __main__ - WARNING - File not found for Kepler ID: 7538434 (Expected: kplr007538434*_lc.fits). Skipping.
2026-02-15 08:55:09,345 - __main__ - WARNING - File not found for Kepler ID: 10749128 (Expected: kplr010749128*_lc.fits). Skipping.
2026-02-15 08:55:11,031 - __main__ - WARNING - File not found for Kepler ID: 10275805 (Expected: kplr010275805*_lc.fits). Skipping.
2026-02-15 08:55:12,783 - __main__ - WARNING - File not found for Kepler ID: 6606438 (Expected: kplr006606438*_lc.fits). Skipping.
2026-02-15 08:55:14,467 - __main__ - WARNING - File not found for Kepler ID: 8142787 (Expected: kplr008142787*_lc.fits). Skipping.
2026-02-15 08:55:16,137 - __main__ - WARNING - File not found for Kepler ID: 3345675 (Expected: kplr003345675*_lc.fits). Skipping.
2026-02-15 08:55:17,900 - __main__ - WARNING - File not found for Kepler ID: 6137681 (Expected: kplr006137681*_lc.fits). Skipping.
2026-02-15 08:55:19,708 - __main__ - WARNING - File not found for Kepler ID: 4947556 (Expected: kplr004947556*_lc.fits). Skipping.
2026-02-15 08:55:21,369 - __main__ - WARNING - File not found for Kepler ID: 4173026 (Expected: kplr004173026*_lc.fits). Skipping.
2026-02-15 08:55:23,045 - __main__ - WARNING - File not found for Kepler ID: 8934103 (Expected: kplr008934103*_lc.fits). Skipping.
2026-02-15 08:55:24,788 - __main__ - WARNING - File not found for Kepler ID: 7300182 (Expected: kplr007300182*_lc.fits). Skipping.
2026-02-15 08:55:26,453 - __main__ - WARNING - File not found for Kepler ID: 8483258 (Expected: kplr008483258*_lc.fits). Skipping.
2026-02-15 08:55:28,221 - __main__ - WARNING - File not found for Kepler ID: 9009953 (Expected: kplr009009953*_lc.fits). Skipping.
2026-02-15 08:55:29,902 - __main__ - WARNING - File not found for Kepler ID: 7664272 (Expected: kplr007664272*_lc.fits). Skipping.
2026-02-15 08:55:31,502 - __main__ - WARNING - File not found for Kepler ID: 8282846 (Expected: kplr008282846*_lc.fits). Skipping.
2026-02-15 08:55:33,034 - __main__ - WARNING - File not found for Kepler ID: 5938970 (Expected: kplr005938970*_lc.fits). Skipping.
2026-02-15 08:55:34,569 - __main__ - WARNING - File not found for Kepler ID: 8636434 (Expected: kplr008636434*_lc.fits). Skipping.
2026-02-15 08:55:36,171 - __main__ - WARNING - File not found for Kepler ID: 7296438 (Expected: kplr007296438*_lc.fits). Skipping.
2026-02-15 08:55:37,824 - __main__ - WARNING - File not found for Kepler ID: 8332986 (Expected: kplr008332986*_lc.fits). Skipping.
2026-02-15 08:55:39,346 - __main__ - WARNING - File not found for Kepler ID: 9425139 (Expected: kplr009425139*_lc.fits). Skipping.
2026-02-15 08:55:40,916 - __main__ - WARNING - File not found for Kepler ID: 10152836 (Expected: kplr010152836*_lc.fits). Skipping.
2026-02-15 08:55:42,526 - __main__ - WARNING - File not found for Kepler ID: 3644523 (Expected: kplr003644523*_lc.fits). Skipping.
2026-02-15 08:55:44,068 - __main__ - WARNING - File not found for Kepler ID: 11909686 (Expected: kplr011909686*_lc.fits). Skipping.
2026-02-15 08:55:45,664 - __main__ - WARNING - File not found for Kepler ID: 6678383 (Expected: kplr006678383*_lc.fits). Skipping.
2026-02-15 08:55:47,271 - __main__ - WARNING - File not found for Kepler ID: 7377200 (Expected: kplr007377200*_lc.fits). Skipping.
2026-02-15 08:55:48,990 - __main__ - WARNING - File not found for Kepler ID: 6387969 (Expected: kplr006387969*_lc.fits). Skipping.
2026-02-15 08:55:50,655 - __main__ - WARNING - File not found for Kepler ID: 7747103 (Expected: kplr007747103*_lc.fits). Skipping.
2026-02-15 08:55:52,313 - __main__ - WARNING - File not found for Kepler ID: 11392618 (Expected: kplr011392618*_lc.fits). Skipping.
2026-02-15 08:55:54,059 - __main__ - WARNING - File not found for Kepler ID: 10861608 (Expected: kplr010861608*_lc.fits). Skipping.
2026-02-15 08:55:55,854 - __main__ - WARNING - File not found for Kepler ID: 10601465 (Expected: kplr010601465*_lc.fits). Skipping.
2026-02-15 08:55:57,508 - __main__ - WARNING - File not found for Kepler ID: 10005758 (Expected: kplr010005758*_lc.fits). Skipping.
2026-02-15 08:55:59,207 - __main__ - WARNING - File not found for Kepler ID: 9823564 (Expected: kplr009823564*_lc.fits). Skipping.
2026-02-15 08:56:00,957 - __main__ - WARNING - File not found for Kepler ID: 11551715 (Expected: kplr011551715*_lc.fits). Skipping.
2026-02-15 08:56:02,644 - __main__ - WARNING - File not found for Kepler ID: 10665043 (Expected: kplr010665043*_lc.fits). Skipping.
2026-02-15 08:56:04,419 - __main__ - WARNING - File not found for Kepler ID: 5364090 (Expected: kplr005364090*_lc.fits). Skipping.
2026-02-15 08:56:06,187 - __main__ - WARNING - File not found for Kepler ID: 5374838 (Expected: kplr005374838*_lc.fits). Skipping.
2026-02-15 08:56:07,864 - __main__ - WARNING - File not found for Kepler ID: 6368905 (Expected: kplr006368905*_lc.fits). Skipping.
2026-02-15 08:56:09,510 - __main__ - WARNING - File not found for Kepler ID: 6369548 (Expected: kplr006369548*_lc.fits). Skipping.
2026-02-15 08:56:11,237 - __main__ - WARNING - File not found for Kepler ID: 6372194 (Expected: kplr006372194*_lc.fits). Skipping.
2026-02-15 08:56:12,901 - __main__ - WARNING - File not found for Kepler ID: 6387557 (Expected: kplr006387557*_lc.fits). Skipping.
2026-02-15 08:56:14,553 - __main__ - WARNING - File not found for Kepler ID: 3958301 (Expected: kplr003958301*_lc.fits). Skipping.
2026-02-15 08:56:16,081 - __main__ - WARNING - File not found for Kepler ID: 3968809 (Expected: kplr003968809*_lc.fits). Skipping.
2026-02-15 08:56:17,685 - __main__ - WARNING - File not found for Kepler ID: 3974928 (Expected: kplr003974928*_lc.fits). Skipping.
2026-02-15 08:56:19,299 - __main__ - WARNING - File not found for Kepler ID: 4058169 (Expected: kplr004058169*_lc.fits). Skipping.
2026-02-15 08:56:20,857 - __main__ - WARNING - File not found for Kepler ID: 4063943 (Expected: kplr004063943*_lc.fits). Skipping.
2026-02-15 08:56:22,384 - __main__ - WARNING - File not found for Kepler ID: 4068391 (Expected: kplr004068391*_lc.fits). Skipping.
2026-02-15 08:56:24,146 - __main__ - WARNING - File not found for Kepler ID: 4071638 (Expected: kplr004071638*_lc.fits). Skipping.
2026-02-15 08:56:25,715 - __main__ - WARNING - File not found for Kepler ID: 5394585 (Expected: kplr005394585*_lc.fits). Skipping.
2026-02-15 08:56:27,346 - __main__ - WARNING - File not found for Kepler ID: 5397106 (Expected: kplr005397106*_lc.fits). Skipping.
2026-02-15 08:56:28,979 - __main__ - WARNING - File not found for Kepler ID: 5425643 (Expected: kplr005425643*_lc.fits). Skipping.
2026-02-15 08:56:30,686 - __main__ - WARNING - File not found for Kepler ID: 5425908 (Expected: kplr005425908*_lc.fits). Skipping.
2026-02-15 08:56:32,468 - __main__ - WARNING - File not found for Kepler ID: 5428199 (Expected: kplr005428199*_lc.fits). Skipping.
2026-02-15 08:56:34,137 - __main__ - WARNING - File not found for Kepler ID: 5436415 (Expected: kplr005436415*_lc.fits). Skipping.
2026-02-15 08:56:35,962 - __main__ - WARNING - File not found for Kepler ID: 6425377 (Expected: kplr006425377*_lc.fits). Skipping.
2026-02-15 08:56:37,568 - __main__ - WARNING - File not found for Kepler ID: 6443093 (Expected: kplr006443093*_lc.fits). Skipping.
2026-02-15 08:56:39,140 - __main__ - WARNING - File not found for Kepler ID: 6447372 (Expected: kplr006447372*_lc.fits). Skipping.
2026-02-15 08:56:40,700 - __main__ - WARNING - File not found for Kepler ID: 6461675 (Expected: kplr006461675*_lc.fits). Skipping.
2026-02-15 08:56:42,399 - __main__ - WARNING - File not found for Kepler ID: 6697817 (Expected: kplr006697817*_lc.fits). Skipping.
2026-02-15 08:56:43,958 - __main__ - WARNING - File not found for Kepler ID: 5437945 (Expected: kplr005437945*_lc.fits). Skipping.
2026-02-15 08:56:45,501 - __main__ - WARNING - File not found for Kepler ID: 1161949 (Expected: kplr001161949*_lc.fits). Skipping.
2026-02-15 08:56:47,046 - __main__ - WARNING - File not found for Kepler ID: 4077767 (Expected: kplr004077767*_lc.fits). Skipping.
2026-02-15 08:56:48,653 - __main__ - WARNING - File not found for Kepler ID: 4147171 (Expected: kplr004147171*_lc.fits). Skipping.
2026-02-15 08:56:50,268 - __main__ - WARNING - File not found for Kepler ID: 4150972 (Expected: kplr004150972*_lc.fits). Skipping.
2026-02-15 08:56:51,816 - __main__ - WARNING - File not found for Kepler ID: 5436455 (Expected: kplr005436455*_lc.fits). Skipping.
2026-02-15 08:56:53,421 - __main__ - WARNING - File not found for Kepler ID: 5439000 (Expected: kplr005439000*_lc.fits). Skipping.
2026-02-15 08:56:55,478 - __main__ - WARNING - File not found for Kepler ID: 5440472 (Expected: kplr005440472*_lc.fits). Skipping.
2026-02-15 08:56:57,126 - __main__ - WARNING - File not found for Kepler ID: 5446961 (Expected: kplr005446961*_lc.fits). Skipping.
2026-02-15 08:56:58,818 - __main__ - WARNING - File not found for Kepler ID: 6517064 (Expected: kplr006517064*_lc.fits). Skipping.
2026-02-15 08:57:00,667 - __main__ - WARNING - File not found for Kepler ID: 6517200 (Expected: kplr006517200*_lc.fits). Skipping.
2026-02-15 08:57:02,304 - __main__ - WARNING - File not found for Kepler ID: 6517255 (Expected: kplr006517255*_lc.fits). Skipping.
2026-02-15 08:57:03,960 - __main__ - WARNING - File not found for Kepler ID: 6525398 (Expected: kplr006525398*_lc.fits). Skipping.
2026-02-15 08:57:05,702 - __main__ - WARNING - File not found for Kepler ID: 1297263 (Expected: kplr001297263*_lc.fits). Skipping.
2026-02-15 08:57:07,388 - __main__ - WARNING - File not found for Kepler ID: 4179201 (Expected: kplr004179201*_lc.fits). Skipping.
2026-02-15 08:57:09,009 - __main__ - WARNING - File not found for Kepler ID: 4241238 (Expected: kplr004241238*_lc.fits). Skipping.
2026-02-15 08:57:10,555 - __main__ - WARNING - File not found for Kepler ID: 4242806 (Expected: kplr004242806*_lc.fits). Skipping.
2026-02-15 08:57:12,162 - __main__ - WARNING - File not found for Kepler ID: 4246343 (Expected: kplr004246343*_lc.fits). Skipping.
2026-02-15 08:57:13,690 - __main__ - WARNING - File not found for Kepler ID: 4253860 (Expected: kplr004253860*_lc.fits). Skipping.
2026-02-15 08:57:15,203 - __main__ - WARNING - File not found for Kepler ID: 5525484 (Expected: kplr005525484*_lc.fits). Skipping.
2026-02-15 08:57:16,807 - __main__ - WARNING - File not found for Kepler ID: 5529385 (Expected: kplr005529385*_lc.fits). Skipping.
2026-02-15 08:57:18,477 - __main__ - WARNING - File not found for Kepler ID: 5547424 (Expected: kplr005547424*_lc.fits). Skipping.
2026-02-15 08:57:19,994 - __main__ - WARNING - File not found for Kepler ID: 6527229 (Expected: kplr006527229*_lc.fits). Skipping.
2026-02-15 08:57:21,551 - __main__ - WARNING - File not found for Kepler ID: 6548429 (Expected: kplr006548429*_lc.fits). Skipping.
2026-02-15 08:57:23,191 - __main__ - WARNING - File not found for Kepler ID: 6594945 (Expected: kplr006594945*_lc.fits). Skipping.
2026-02-15 08:57:24,940 - __main__ - WARNING - File not found for Kepler ID: 6600515 (Expected: kplr006600515*_lc.fits). Skipping.
2026-02-15 08:57:26,701 - __main__ - WARNING - File not found for Kepler ID: 6608090 (Expected: kplr006608090*_lc.fits). Skipping.
2026-02-15 08:57:28,341 - __main__ - WARNING - File not found for Kepler ID: 2019199 (Expected: kplr002019199*_lc.fits). Skipping.
2026-02-15 08:57:30,057 - __main__ - WARNING - File not found for Kepler ID: 2163226 (Expected: kplr002163226*_lc.fits). Skipping.
2026-02-15 08:57:31,717 - __main__ - WARNING - File not found for Kepler ID: 4281023 (Expected: kplr004281023*_lc.fits). Skipping.
2026-02-15 08:57:33,327 - __main__ - WARNING - File not found for Kepler ID: 4281700 (Expected: kplr004281700*_lc.fits). Skipping.
2026-02-15 08:57:34,988 - __main__ - WARNING - File not found for Kepler ID: 4346339 (Expected: kplr004346339*_lc.fits). Skipping.
2026-02-15 08:57:36,807 - __main__ - WARNING - File not found for Kepler ID: 4366923 (Expected: kplr004366923*_lc.fits). Skipping.
2026-02-15 08:57:38,452 - __main__ - WARNING - File not found for Kepler ID: 4449752 (Expected: kplr004449752*_lc.fits). Skipping.
2026-02-15 08:57:40,071 - __main__ - WARNING - File not found for Kepler ID: 5602409 (Expected: kplr005602409*_lc.fits). Skipping.
2026-02-15 08:57:41,915 - __main__ - WARNING - File not found for Kepler ID: 5603270 (Expected: kplr005603270*_lc.fits). Skipping.
2026-02-15 08:57:43,435 - __main__ - WARNING - File not found for Kepler ID: 5616628 (Expected: kplr005616628*_lc.fits). Skipping.
2026-02-15 08:57:45,022 - __main__ - WARNING - File not found for Kepler ID: 5623137 (Expected: kplr005623137*_lc.fits). Skipping.
2026-02-15 08:57:46,416 - __main__ - WARNING - File not found for Kepler ID: 6611779 (Expected: kplr006611779*_lc.fits). Skipping.
2026-02-15 08:57:47,861 - __main__ - WARNING - File not found for Kepler ID: 6612973 (Expected: kplr006612973*_lc.fits). Skipping.
2026-02-15 08:57:49,313 - __main__ - WARNING - File not found for Kepler ID: 6635813 (Expected: kplr006635813*_lc.fits). Skipping.
2026-02-15 08:57:50,795 - __main__ - WARNING - File not found for Kepler ID: 2437209 (Expected: kplr002437209*_lc.fits). Skipping.
2026-02-15 08:57:52,194 - __main__ - WARNING - File not found for Kepler ID: 2438406 (Expected: kplr002438406*_lc.fits). Skipping.
2026-02-15 08:57:53,859 - __main__ - WARNING - File not found for Kepler ID: 4459503 (Expected: kplr004459503*_lc.fits). Skipping.
2026-02-15 08:57:55,282 - __main__ - WARNING - File not found for Kepler ID: 4464689 (Expected: kplr004464689*_lc.fits). Skipping.
2026-02-15 08:57:56,682 - __main__ - WARNING - File not found for Kepler ID: 4469825 (Expected: kplr004469825*_lc.fits). Skipping.
2026-02-15 08:57:58,087 - __main__ - WARNING - File not found for Kepler ID: 4470888 (Expected: kplr004470888*_lc.fits). Skipping.
2026-02-15 08:57:59,531 - __main__ - WARNING - File not found for Kepler ID: 4471313 (Expected: kplr004471313*_lc.fits). Skipping.
2026-02-15 08:58:00,947 - __main__ - WARNING - File not found for Kepler ID: 4478142 (Expected: kplr004478142*_lc.fits). Skipping.
2026-02-15 08:58:02,426 - __main__ - WARNING - File not found for Kepler ID: 4484179 (Expected: kplr004484179*_lc.fits). Skipping.
2026-02-15 08:58:03,817 - __main__ - WARNING - File not found for Kepler ID: 5650930 (Expected: kplr005650930*_lc.fits). Skipping.
2026-02-15 08:58:05,219 - __main__ - WARNING - File not found for Kepler ID: 5698524 (Expected: kplr005698524*_lc.fits). Skipping.
2026-02-15 08:58:06,633 - __main__ - WARNING - File not found for Kepler ID: 6805414 (Expected: kplr006805414*_lc.fits). Skipping.
2026-02-15 08:58:08,041 - __main__ - WARNING - File not found for Kepler ID: 6880123 (Expected: kplr006880123*_lc.fits). Skipping.
2026-02-15 08:58:09,519 - __main__ - WARNING - File not found for Kepler ID: 7897936 (Expected: kplr007897936*_lc.fits). Skipping.
2026-02-15 08:58:10,948 - __main__ - WARNING - File not found for Kepler ID: 2582800 (Expected: kplr002582800*_lc.fits). Skipping.
2026-02-15 08:58:12,385 - __main__ - WARNING - File not found for Kepler ID: 4540508 (Expected: kplr004540508*_lc.fits). Skipping.
2026-02-15 08:58:13,782 - __main__ - WARNING - File not found for Kepler ID: 4565943 (Expected: kplr004565943*_lc.fits). Skipping.
2026-02-15 08:58:15,191 - __main__ - WARNING - File not found for Kepler ID: 4566848 (Expected: kplr004566848*_lc.fits). Skipping.
2026-02-15 08:58:16,603 - __main__ - WARNING - File not found for Kepler ID: 4586482 (Expected: kplr004586482*_lc.fits). Skipping.
2026-02-15 08:58:18,114 - __main__ - WARNING - File not found for Kepler ID: 5709014 (Expected: kplr005709014*_lc.fits). Skipping.
2026-02-15 08:58:19,510 - __main__ - WARNING - File not found for Kepler ID: 5734702 (Expected: kplr005734702*_lc.fits). Skipping.
2026-02-15 08:58:20,902 - __main__ - WARNING - File not found for Kepler ID: 5779606 (Expected: kplr005779606*_lc.fits). Skipping.
2026-02-15 08:58:22,308 - __main__ - WARNING - File not found for Kepler ID: 5780194 (Expected: kplr005780194*_lc.fits). Skipping.
2026-02-15 08:58:23,743 - __main__ - WARNING - File not found for Kepler ID: 5781991 (Expected: kplr005781991*_lc.fits). Skipping.
2026-02-15 08:58:25,228 - __main__ - WARNING - File not found for Kepler ID: 5784803 (Expected: kplr005784803*_lc.fits). Skipping.
2026-02-15 08:58:26,622 - __main__ - WARNING - File not found for Kepler ID: 5791713 (Expected: kplr005791713*_lc.fits). Skipping.
2026-02-15 08:58:28,021 - __main__ - WARNING - File not found for Kepler ID: 6681473 (Expected: kplr006681473*_lc.fits). Skipping.
2026-02-15 08:58:29,462 - __main__ - WARNING - File not found for Kepler ID: 6688318 (Expected: kplr006688318*_lc.fits). Skipping.
2026-02-15 08:58:30,885 - __main__ - WARNING - File not found for Kepler ID: 6690523 (Expected: kplr006690523*_lc.fits). Skipping.
2026-02-15 08:58:32,283 - __main__ - WARNING - File not found for Kepler ID: 6692742 (Expected: kplr006692742*_lc.fits). Skipping.
2026-02-15 08:58:33,821 - __main__ - WARNING - File not found for Kepler ID: 6718474 (Expected: kplr006718474*_lc.fits). Skipping.
2026-02-15 08:58:35,379 - __main__ - WARNING - File not found for Kepler ID: 2833632 (Expected: kplr002833632*_lc.fits). Skipping.
2026-02-15 08:58:37,024 - __main__ - WARNING - File not found for Kepler ID: 2836076 (Expected: kplr002836076*_lc.fits). Skipping.
2026-02-15 08:58:38,651 - __main__ - WARNING - File not found for Kepler ID: 2861126 (Expected: kplr002861126*_lc.fits). Skipping.
2026-02-15 08:58:40,321 - __main__ - WARNING - File not found for Kepler ID: 2861298 (Expected: kplr002861298*_lc.fits). Skipping.
2026-02-15 08:58:42,334 - __main__ - WARNING - File not found for Kepler ID: 2987433 (Expected: kplr002987433*_lc.fits). Skipping.
2026-02-15 08:58:44,137 - __main__ - WARNING - File not found for Kepler ID: 4732137 (Expected: kplr004732137*_lc.fits). Skipping.
2026-02-15 08:58:45,962 - __main__ - WARNING - File not found for Kepler ID: 4736439 (Expected: kplr004736439*_lc.fits). Skipping.
2026-02-15 08:58:47,738 - __main__ - WARNING - File not found for Kepler ID: 4740375 (Expected: kplr004740375*_lc.fits). Skipping.
2026-02-15 08:58:49,565 - __main__ - WARNING - File not found for Kepler ID: 4741777 (Expected: kplr004741777*_lc.fits). Skipping.
2026-02-15 08:58:51,318 - __main__ - WARNING - File not found for Kepler ID: 4750406 (Expected: kplr004750406*_lc.fits). Skipping.
2026-02-15 08:58:53,235 - __main__ - WARNING - File not found for Kepler ID: 4760478 (Expected: kplr004760478*_lc.fits). Skipping.
2026-02-15 08:58:55,069 - __main__ - WARNING - File not found for Kepler ID: 5793275 (Expected: kplr005793275*_lc.fits). Skipping.
2026-02-15 08:58:56,817 - __main__ - WARNING - File not found for Kepler ID: 5794687 (Expected: kplr005794687*_lc.fits). Skipping.
2026-02-15 08:58:58,664 - __main__ - WARNING - File not found for Kepler ID: 5857656 (Expected: kplr005857656*_lc.fits). Skipping.
2026-02-15 08:59:00,441 - __main__ - WARNING - File not found for Kepler ID: 5869272 (Expected: kplr005869272*_lc.fits). Skipping.
2026-02-15 08:59:02,581 - __main__ - WARNING - File not found for Kepler ID: 6719052 (Expected: kplr006719052*_lc.fits). Skipping.
2026-02-15 08:59:04,375 - __main__ - WARNING - File not found for Kepler ID: 6721603 (Expected: kplr006721603*_lc.fits). Skipping.
2026-02-15 08:59:06,273 - __main__ - WARNING - File not found for Kepler ID: 6765563 (Expected: kplr006765563*_lc.fits). Skipping.
2026-02-15 08:59:08,097 - __main__ - WARNING - File not found for Kepler ID: 6767337 (Expected: kplr006767337*_lc.fits). Skipping.
2026-02-15 08:59:09,847 - __main__ - WARNING - File not found for Kepler ID: 3001955 (Expected: kplr003001955*_lc.fits). Skipping.
2026-02-15 08:59:11,712 - __main__ - WARNING - File not found for Kepler ID: 3117115 (Expected: kplr003117115*_lc.fits). Skipping.
2026-02-15 08:59:13,620 - __main__ - WARNING - File not found for Kepler ID: 4761427 (Expected: kplr004761427*_lc.fits). Skipping.
2026-02-15 08:59:15,367 - __main__ - WARNING - File not found for Kepler ID: 4770798 (Expected: kplr004770798*_lc.fits). Skipping.
2026-02-15 08:59:17,081 - __main__ - WARNING - File not found for Kepler ID: 4814168 (Expected: kplr004814168*_lc.fits). Skipping.
2026-02-15 08:59:18,803 - __main__ - WARNING - File not found for Kepler ID: 4819158 (Expected: kplr004819158*_lc.fits). Skipping.
2026-02-15 08:59:20,404 - __main__ - WARNING - File not found for Kepler ID: 4833409 (Expected: kplr004833409*_lc.fits). Skipping.
2026-02-15 08:59:22,068 - __main__ - WARNING - File not found for Kepler ID: 5942112 (Expected: kplr005942112*_lc.fits). Skipping.
2026-02-15 08:59:23,718 - __main__ - WARNING - File not found for Kepler ID: 5949765 (Expected: kplr005949765*_lc.fits). Skipping.
2026-02-15 08:59:25,368 - __main__ - WARNING - File not found for Kepler ID: 5956038 (Expected: kplr005956038*_lc.fits). Skipping.
2026-02-15 08:59:27,041 - __main__ - WARNING - File not found for Kepler ID: 5963591 (Expected: kplr005963591*_lc.fits). Skipping.
2026-02-15 08:59:28,760 - __main__ - WARNING - File not found for Kepler ID: 5965629 (Expected: kplr005965629*_lc.fits). Skipping.
2026-02-15 08:59:30,547 - __main__ - WARNING - File not found for Kepler ID: 6934045 (Expected: kplr006934045*_lc.fits). Skipping.
2026-02-15 08:59:32,321 - __main__ - WARNING - File not found for Kepler ID: 6939913 (Expected: kplr006939913*_lc.fits). Skipping.
2026-02-15 08:59:33,946 - __main__ - WARNING - File not found for Kepler ID: 6947062 (Expected: kplr006947062*_lc.fits). Skipping.
2026-02-15 08:59:35,621 - __main__ - WARNING - File not found for Kepler ID: 6952570 (Expected: kplr006952570*_lc.fits). Skipping.
2026-02-15 08:59:37,275 - __main__ - WARNING - File not found for Kepler ID: 7013635 (Expected: kplr007013635*_lc.fits). Skipping.
2026-02-15 08:59:38,858 - __main__ - WARNING - File not found for Kepler ID: 3245638 (Expected: kplr003245638*_lc.fits). Skipping.
2026-02-15 08:59:40,422 - __main__ - WARNING - File not found for Kepler ID: 3329985 (Expected: kplr003329985*_lc.fits). Skipping.
2026-02-15 08:59:42,204 - __main__ - WARNING - File not found for Kepler ID: 3341982 (Expected: kplr003341982*_lc.fits). Skipping.
2026-02-15 08:59:43,772 - __main__ - WARNING - File not found for Kepler ID: 4843751 (Expected: kplr004843751*_lc.fits). Skipping.
2026-02-15 08:59:45,332 - __main__ - WARNING - File not found for Kepler ID: 4856592 (Expected: kplr004856592*_lc.fits). Skipping.
2026-02-15 08:59:46,929 - __main__ - WARNING - File not found for Kepler ID: 4902673 (Expected: kplr004902673*_lc.fits). Skipping.
2026-02-15 08:59:48,505 - __main__ - WARNING - File not found for Kepler ID: 4912650 (Expected: kplr004912650*_lc.fits). Skipping.
2026-02-15 08:59:50,120 - __main__ - WARNING - File not found for Kepler ID: 4914221 (Expected: kplr004914221*_lc.fits). Skipping.
2026-02-15 08:59:51,675 - __main__ - WARNING - File not found for Kepler ID: 5967194 (Expected: kplr005967194*_lc.fits). Skipping.
2026-02-15 08:59:53,262 - __main__ - WARNING - File not found for Kepler ID: 6021840 (Expected: kplr006021840*_lc.fits). Skipping.
2026-02-15 08:59:54,986 - __main__ - WARNING - File not found for Kepler ID: 6023571 (Expected: kplr006023571*_lc.fits). Skipping.
2026-02-15 08:59:56,682 - __main__ - WARNING - File not found for Kepler ID: 6025174 (Expected: kplr006025174*_lc.fits). Skipping.
2026-02-15 08:59:58,308 - __main__ - WARNING - File not found for Kepler ID: 3356156 (Expected: kplr003356156*_lc.fits). Skipping.
2026-02-15 09:00:00,151 - __main__ - WARNING - File not found for Kepler ID: 3428127 (Expected: kplr003428127*_lc.fits). Skipping.
2026-02-15 09:00:01,793 - __main__ - WARNING - File not found for Kepler ID: 3441795 (Expected: kplr003441795*_lc.fits). Skipping.
2026-02-15 09:00:03,398 - __main__ - WARNING - File not found for Kepler ID: 4915582 (Expected: kplr004915582*_lc.fits). Skipping.
2026-02-15 09:00:05,022 - __main__ - WARNING - File not found for Kepler ID: 4917357 (Expected: kplr004917357*_lc.fits). Skipping.
2026-02-15 09:00:06,702 - __main__ - WARNING - File not found for Kepler ID: 4917658 (Expected: kplr004917658*_lc.fits). Skipping.
2026-02-15 09:00:08,403 - __main__ - WARNING - File not found for Kepler ID: 4937140 (Expected: kplr004937140*_lc.fits). Skipping.
2026-02-15 09:00:10,042 - __main__ - WARNING - File not found for Kepler ID: 4940376 (Expected: kplr004940376*_lc.fits). Skipping.
2026-02-15 09:00:11,776 - __main__ - WARNING - File not found for Kepler ID: 6034379 (Expected: kplr006034379*_lc.fits). Skipping.
2026-02-15 09:00:13,478 - __main__ - WARNING - File not found for Kepler ID: 6034834 (Expected: kplr006034834*_lc.fits). Skipping.
2026-02-15 09:00:15,065 - __main__ - WARNING - File not found for Kepler ID: 6036286 (Expected: kplr006036286*_lc.fits). Skipping.
2026-02-15 09:00:16,673 - __main__ - WARNING - File not found for Kepler ID: 6038152 (Expected: kplr006038152*_lc.fits). Skipping.
2026-02-15 09:00:18,441 - __main__ - WARNING - File not found for Kepler ID: 6043490 (Expected: kplr006043490*_lc.fits). Skipping.
2026-02-15 09:00:20,038 - __main__ - WARNING - File not found for Kepler ID: 6047853 (Expected: kplr006047853*_lc.fits). Skipping.
2026-02-15 09:00:21,613 - __main__ - WARNING - File not found for Kepler ID: 3459529 (Expected: kplr003459529*_lc.fits). Skipping.
2026-02-15 09:00:23,218 - __main__ - WARNING - File not found for Kepler ID: 3532510 (Expected: kplr003532510*_lc.fits). Skipping.
2026-02-15 09:00:24,868 - __main__ - WARNING - File not found for Kepler ID: 3540873 (Expected: kplr003540873*_lc.fits). Skipping.
2026-02-15 09:00:26,552 - __main__ - WARNING - File not found for Kepler ID: 3542928 (Expected: kplr003542928*_lc.fits). Skipping.
2026-02-15 09:00:28,123 - __main__ - WARNING - File not found for Kepler ID: 3545749 (Expected: kplr003545749*_lc.fits). Skipping.
2026-02-15 09:00:29,761 - __main__ - WARNING - File not found for Kepler ID: 3546821 (Expected: kplr003546821*_lc.fits). Skipping.
2026-02-15 09:00:31,360 - __main__ - WARNING - File not found for Kepler ID: 3548645 (Expected: kplr003548645*_lc.fits). Skipping.
2026-02-15 09:00:32,919 - __main__ - WARNING - File not found for Kepler ID: 4953262 (Expected: kplr004953262*_lc.fits). Skipping.
2026-02-15 09:00:34,483 - __main__ - WARNING - File not found for Kepler ID: 5024476 (Expected: kplr005024476*_lc.fits). Skipping.
2026-02-15 09:00:36,253 - __main__ - WARNING - File not found for Kepler ID: 6062298 (Expected: kplr006062298*_lc.fits). Skipping.
2026-02-15 09:00:37,835 - __main__ - WARNING - File not found for Kepler ID: 6065010 (Expected: kplr006065010*_lc.fits). Skipping.
2026-02-15 09:00:39,398 - __main__ - WARNING - File not found for Kepler ID: 6067545 (Expected: kplr006067545*_lc.fits). Skipping.
2026-02-15 09:00:41,006 - __main__ - WARNING - File not found for Kepler ID: 6115356 (Expected: kplr006115356*_lc.fits). Skipping.
2026-02-15 09:00:42,643 - __main__ - WARNING - File not found for Kepler ID: 6116605 (Expected: kplr006116605*_lc.fits). Skipping.
2026-02-15 09:00:44,327 - __main__ - WARNING - File not found for Kepler ID: 6118840 (Expected: kplr006118840*_lc.fits). Skipping.
2026-02-15 09:00:45,889 - __main__ - WARNING - File not found for Kepler ID: 6129632 (Expected: kplr006129632*_lc.fits). Skipping.
2026-02-15 09:00:47,517 - __main__ - WARNING - File not found for Kepler ID: 3555178 (Expected: kplr003555178*_lc.fits). Skipping.
2026-02-15 09:00:49,168 - __main__ - WARNING - File not found for Kepler ID: 3641216 (Expected: kplr003641216*_lc.fits). Skipping.
2026-02-15 09:00:50,735 - __main__ - WARNING - File not found for Kepler ID: 3644399 (Expected: kplr003644399*_lc.fits). Skipping.
2026-02-15 09:00:52,295 - __main__ - WARNING - File not found for Kepler ID: 3644649 (Expected: kplr003644649*_lc.fits). Skipping.
2026-02-15 09:00:54,084 - __main__ - WARNING - File not found for Kepler ID: 5036052 (Expected: kplr005036052*_lc.fits). Skipping.
2026-02-15 09:00:55,669 - __main__ - WARNING - File not found for Kepler ID: 5037742 (Expected: kplr005037742*_lc.fits). Skipping.
2026-02-15 09:00:57,236 - __main__ - WARNING - File not found for Kepler ID: 5039053 (Expected: kplr005039053*_lc.fits). Skipping.
2026-02-15 09:00:58,835 - __main__ - WARNING - File not found for Kepler ID: 5091808 (Expected: kplr005091808*_lc.fits). Skipping.
2026-02-15 09:01:00,504 - __main__ - WARNING - File not found for Kepler ID: 6139220 (Expected: kplr006139220*_lc.fits). Skipping.
2026-02-15 09:01:02,200 - __main__ - WARNING - File not found for Kepler ID: 6149980 (Expected: kplr006149980*_lc.fits). Skipping.
2026-02-15 09:01:03,783 - __main__ - WARNING - File not found for Kepler ID: 6197658 (Expected: kplr006197658*_lc.fits). Skipping.
2026-02-15 09:01:05,407 - __main__ - WARNING - File not found for Kepler ID: 6198670 (Expected: kplr006198670*_lc.fits). Skipping.
2026-02-15 09:01:07,048 - __main__ - WARNING - File not found for Kepler ID: 3646515 (Expected: kplr003646515*_lc.fits). Skipping.
2026-02-15 09:01:08,630 - __main__ - WARNING - File not found for Kepler ID: 3730176 (Expected: kplr003730176*_lc.fits). Skipping.
2026-02-15 09:01:10,209 - __main__ - WARNING - File not found for Kepler ID: 3748239 (Expected: kplr003748239*_lc.fits). Skipping.
2026-02-15 09:01:12,010 - __main__ - WARNING - File not found for Kepler ID: 3751118 (Expected: kplr003751118*_lc.fits). Skipping.
2026-02-15 09:01:13,602 - __main__ - WARNING - File not found for Kepler ID: 3755522 (Expected: kplr003755522*_lc.fits). Skipping.
2026-02-15 09:01:15,185 - __main__ - WARNING - File not found for Kepler ID: 5094412 (Expected: kplr005094412*_lc.fits). Skipping.
2026-02-15 09:01:16,775 - __main__ - WARNING - File not found for Kepler ID: 5105886 (Expected: kplr005105886*_lc.fits). Skipping.
2026-02-15 09:01:18,443 - __main__ - WARNING - File not found for Kepler ID: 5110453 (Expected: kplr005110453*_lc.fits). Skipping.
2026-02-15 09:01:20,021 - __main__ - WARNING - File not found for Kepler ID: 5166811 (Expected: kplr005166811*_lc.fits). Skipping.
2026-02-15 09:01:21,786 - __main__ - WARNING - File not found for Kepler ID: 6266866 (Expected: kplr006266866*_lc.fits). Skipping.
2026-02-15 09:01:23,360 - __main__ - WARNING - File not found for Kepler ID: 9002278 (Expected: kplr009002278*_lc.fits). Skipping.
2026-02-15 09:01:25,053 - __main__ - WARNING - File not found for Kepler ID: 3757521 (Expected: kplr003757521*_lc.fits). Skipping.
2026-02-15 09:01:26,695 - __main__ - WARNING - File not found for Kepler ID: 3763724 (Expected: kplr003763724*_lc.fits). Skipping.
2026-02-15 09:01:28,313 - __main__ - WARNING - File not found for Kepler ID: 3834728 (Expected: kplr003834728*_lc.fits). Skipping.
2026-02-15 09:01:30,099 - __main__ - WARNING - File not found for Kepler ID: 5181086 (Expected: kplr005181086*_lc.fits). Skipping.
2026-02-15 09:01:31,723 - __main__ - WARNING - File not found for Kepler ID: 5181299 (Expected: kplr005181299*_lc.fits). Skipping.
2026-02-15 09:01:33,336 - __main__ - WARNING - File not found for Kepler ID: 5184144 (Expected: kplr005184144*_lc.fits). Skipping.
2026-02-15 09:01:34,963 - __main__ - WARNING - File not found for Kepler ID: 5192660 (Expected: kplr005192660*_lc.fits). Skipping.
2026-02-15 09:01:36,652 - __main__ - WARNING - File not found for Kepler ID: 5193813 (Expected: kplr005193813*_lc.fits). Skipping.
2026-02-15 09:01:38,284 - __main__ - WARNING - File not found for Kepler ID: 5211631 (Expected: kplr005211631*_lc.fits). Skipping.
2026-02-15 09:01:40,009 - __main__ - WARNING - File not found for Kepler ID: 6281127 (Expected: kplr006281127*_lc.fits). Skipping.
2026-02-15 09:01:41,662 - __main__ - WARNING - File not found for Kepler ID: 6285906 (Expected: kplr006285906*_lc.fits). Skipping.
2026-02-15 09:01:43,368 - __main__ - WARNING - File not found for Kepler ID: 6287131 (Expected: kplr006287131*_lc.fits). Skipping.
2026-02-15 09:01:45,014 - __main__ - WARNING - File not found for Kepler ID: 6290467 (Expected: kplr006290467*_lc.fits). Skipping.
2026-02-15 09:01:46,710 - __main__ - WARNING - File not found for Kepler ID: 6309307 (Expected: kplr006309307*_lc.fits). Skipping.
2026-02-15 09:01:48,546 - __main__ - WARNING - File not found for Kepler ID: 6342980 (Expected: kplr006342980*_lc.fits). Skipping.
2026-02-15 09:01:50,239 - __main__ - WARNING - File not found for Kepler ID: 6850665 (Expected: kplr006850665*_lc.fits). Skipping.
2026-02-15 09:01:51,804 - __main__ - WARNING - File not found for Kepler ID: 3848665 (Expected: kplr003848665*_lc.fits). Skipping.
2026-02-15 09:01:53,392 - __main__ - WARNING - File not found for Kepler ID: 3852865 (Expected: kplr003852865*_lc.fits). Skipping.
2026-02-15 09:01:54,967 - __main__ - WARNING - File not found for Kepler ID: 3854101 (Expected: kplr003854101*_lc.fits). Skipping.
2026-02-15 09:01:56,487 - __main__ - WARNING - File not found for Kepler ID: 3863877 (Expected: kplr003863877*_lc.fits). Skipping.
2026-02-15 09:01:58,157 - __main__ - WARNING - File not found for Kepler ID: 5213005 (Expected: kplr005213005*_lc.fits). Skipping.
2026-02-15 09:01:59,759 - __main__ - WARNING - File not found for Kepler ID: 5213811 (Expected: kplr005213811*_lc.fits). Skipping.
2026-02-15 09:02:01,316 - __main__ - WARNING - File not found for Kepler ID: 5255259 (Expected: kplr005255259*_lc.fits). Skipping.
2026-02-15 09:02:02,843 - __main__ - WARNING - File not found for Kepler ID: 5262539 (Expected: kplr005262539*_lc.fits). Skipping.
2026-02-15 09:02:04,369 - __main__ - WARNING - File not found for Kepler ID: 5265982 (Expected: kplr005265982*_lc.fits). Skipping.
2026-02-15 09:02:06,038 - __main__ - WARNING - File not found for Kepler ID: 5271637 (Expected: kplr005271637*_lc.fits). Skipping.
2026-02-15 09:02:07,596 - __main__ - WARNING - File not found for Kepler ID: 6347434 (Expected: kplr006347434*_lc.fits). Skipping.
2026-02-15 09:02:09,170 - __main__ - WARNING - File not found for Kepler ID: 6359881 (Expected: kplr006359881*_lc.fits). Skipping.
2026-02-15 09:02:10,847 - __main__ - WARNING - File not found for Kepler ID: 6359929 (Expected: kplr006359929*_lc.fits). Skipping.
2026-02-15 09:02:12,611 - __main__ - WARNING - File not found for Kepler ID: 6363560 (Expected: kplr006363560*_lc.fits). Skipping.
2026-02-15 09:02:14,283 - __main__ - WARNING - File not found for Kepler ID: 3865815 (Expected: kplr003865815*_lc.fits). Skipping.
2026-02-15 09:02:16,098 - __main__ - WARNING - File not found for Kepler ID: 3941219 (Expected: kplr003941219*_lc.fits). Skipping.
2026-02-15 09:02:17,831 - __main__ - WARNING - File not found for Kepler ID: 3953212 (Expected: kplr003953212*_lc.fits). Skipping.
2026-02-15 09:02:19,534 - __main__ - WARNING - File not found for Kepler ID: 3965326 (Expected: kplr003965326*_lc.fits). Skipping.
2026-02-15 09:02:21,205 - __main__ - WARNING - File not found for Kepler ID: 9265521 (Expected: kplr009265521*_lc.fits). Skipping.
2026-02-15 09:02:22,881 - __main__ - WARNING - File not found for Kepler ID: 9271739 (Expected: kplr009271739*_lc.fits). Skipping.
2026-02-15 09:02:24,753 - __main__ - WARNING - File not found for Kepler ID: 9274092 (Expected: kplr009274092*_lc.fits). Skipping.
2026-02-15 09:02:26,431 - __main__ - WARNING - File not found for Kepler ID: 9274431 (Expected: kplr009274431*_lc.fits). Skipping.
2026-02-15 09:02:28,095 - __main__ - WARNING - File not found for Kepler ID: 9300066 (Expected: kplr009300066*_lc.fits). Skipping.
2026-02-15 09:02:29,796 - __main__ - WARNING - File not found for Kepler ID: 10191449 (Expected: kplr010191449*_lc.fits). Skipping.
2026-02-15 09:02:31,533 - __main__ - WARNING - File not found for Kepler ID: 10199984 (Expected: kplr010199984*_lc.fits). Skipping.
2026-02-15 09:02:33,097 - __main__ - WARNING - File not found for Kepler ID: 10201891 (Expected: kplr010201891*_lc.fits). Skipping.
2026-02-15 09:02:34,756 - __main__ - WARNING - File not found for Kepler ID: 10208477 (Expected: kplr010208477*_lc.fits). Skipping.
2026-02-15 09:02:36,368 - __main__ - WARNING - File not found for Kepler ID: 10222603 (Expected: kplr010222603*_lc.fits). Skipping.
2026-02-15 09:02:37,919 - __main__ - WARNING - File not found for Kepler ID: 7581535 (Expected: kplr007581535*_lc.fits). Skipping.
2026-02-15 09:02:39,464 - __main__ - WARNING - File not found for Kepler ID: 7592339 (Expected: kplr007592339*_lc.fits). Skipping.
2026-02-15 09:02:41,050 - __main__ - WARNING - File not found for Kepler ID: 7598326 (Expected: kplr007598326*_lc.fits). Skipping.
2026-02-15 09:02:42,891 - __main__ - WARNING - File not found for Kepler ID: 7619667 (Expected: kplr007619667*_lc.fits). Skipping.
2026-02-15 09:02:44,454 - __main__ - WARNING - File not found for Kepler ID: 8507073 (Expected: kplr008507073*_lc.fits). Skipping.
2026-02-15 09:02:46,045 - __main__ - WARNING - File not found for Kepler ID: 8507586 (Expected: kplr008507586*_lc.fits). Skipping.
2026-02-15 09:02:47,951 - __main__ - WARNING - File not found for Kepler ID: 8510197 (Expected: kplr008510197*_lc.fits). Skipping.
2026-02-15 09:02:49,605 - __main__ - WARNING - File not found for Kepler ID: 8516349 (Expected: kplr008516349*_lc.fits). Skipping.
2026-02-15 09:02:51,222 - __main__ - WARNING - File not found for Kepler ID: 8525286 (Expected: kplr008525286*_lc.fits). Skipping.
2026-02-15 09:02:52,999 - __main__ - WARNING - File not found for Kepler ID: 8542879 (Expected: kplr008542879*_lc.fits). Skipping.
2026-02-15 09:02:54,792 - __main__ - WARNING - File not found for Kepler ID: 9306677 (Expected: kplr009306677*_lc.fits). Skipping.
2026-02-15 09:02:56,458 - __main__ - WARNING - File not found for Kepler ID: 9330740 (Expected: kplr009330740*_lc.fits). Skipping.
2026-02-15 09:02:58,113 - __main__ - WARNING - File not found for Kepler ID: 9334027 (Expected: kplr009334027*_lc.fits). Skipping.
2026-02-15 09:02:59,841 - __main__ - WARNING - File not found for Kepler ID: 9357578 (Expected: kplr009357578*_lc.fits). Skipping.
2026-02-15 09:03:01,547 - __main__ - WARNING - File not found for Kepler ID: 9362842 (Expected: kplr009362842*_lc.fits). Skipping.
2026-02-15 09:03:03,337 - __main__ - WARNING - File not found for Kepler ID: 9363944 (Expected: kplr009363944*_lc.fits). Skipping.
2026-02-15 09:03:04,988 - __main__ - WARNING - File not found for Kepler ID: 9368524 (Expected: kplr009368524*_lc.fits). Skipping.
2026-02-15 09:03:06,629 - __main__ - WARNING - File not found for Kepler ID: 10266852 (Expected: kplr010266852*_lc.fits). Skipping.
2026-02-15 09:03:08,182 - __main__ - WARNING - File not found for Kepler ID: 10272858 (Expected: kplr010272858*_lc.fits). Skipping.
2026-02-15 09:03:09,723 - __main__ - WARNING - File not found for Kepler ID: 10292000 (Expected: kplr010292000*_lc.fits). Skipping.
2026-02-15 09:03:11,399 - __main__ - WARNING - File not found for Kepler ID: 7631138 (Expected: kplr007631138*_lc.fits). Skipping.
2026-02-15 09:03:12,979 - __main__ - WARNING - File not found for Kepler ID: 7674050 (Expected: kplr007674050*_lc.fits). Skipping.
2026-02-15 09:03:14,539 - __main__ - WARNING - File not found for Kepler ID: 7690782 (Expected: kplr007690782*_lc.fits). Skipping.
2026-02-15 09:03:16,076 - __main__ - WARNING - File not found for Kepler ID: 8546464 (Expected: kplr008546464*_lc.fits). Skipping.
2026-02-15 09:03:17,641 - __main__ - WARNING - File not found for Kepler ID: 8547213 (Expected: kplr008547213*_lc.fits). Skipping.
2026-02-15 09:03:19,245 - __main__ - WARNING - File not found for Kepler ID: 8547366 (Expected: kplr008547366*_lc.fits). Skipping.
2026-02-15 09:03:20,866 - __main__ - WARNING - File not found for Kepler ID: 8547525 (Expected: kplr008547525*_lc.fits). Skipping.
2026-02-15 09:03:22,435 - __main__ - WARNING - File not found for Kepler ID: 8547537 (Expected: kplr008547537*_lc.fits). Skipping.
2026-02-15 09:03:24,087 - __main__ - WARNING - File not found for Kepler ID: 8548403 (Expected: kplr008548403*_lc.fits). Skipping.
2026-02-15 09:03:25,831 - __main__ - WARNING - File not found for Kepler ID: 8548454 (Expected: kplr008548454*_lc.fits). Skipping.
2026-02-15 09:03:27,490 - __main__ - WARNING - File not found for Kepler ID: 9391817 (Expected: kplr009391817*_lc.fits). Skipping.
2026-02-15 09:03:29,249 - __main__ - WARNING - File not found for Kepler ID: 9394953 (Expected: kplr009394953*_lc.fits). Skipping.
2026-02-15 09:03:30,989 - __main__ - WARNING - File not found for Kepler ID: 9397862 (Expected: kplr009397862*_lc.fits). Skipping.
2026-02-15 09:03:32,662 - __main__ - WARNING - File not found for Kepler ID: 9407689 (Expected: kplr009407689*_lc.fits). Skipping.
2026-02-15 09:03:34,292 - __main__ - WARNING - File not found for Kepler ID: 10356840 (Expected: kplr010356840*_lc.fits). Skipping.
2026-02-15 09:03:35,965 - __main__ - WARNING - File not found for Kepler ID: 10387792 (Expected: kplr010387792*_lc.fits). Skipping.
2026-02-15 09:03:37,705 - __main__ - WARNING - File not found for Kepler ID: 10394802 (Expected: kplr010394802*_lc.fits). Skipping.
2026-02-15 09:03:39,474 - __main__ - WARNING - File not found for Kepler ID: 10399137 (Expected: kplr010399137*_lc.fits). Skipping.
2026-02-15 09:03:41,108 - __main__ - WARNING - File not found for Kepler ID: 10416390 (Expected: kplr010416390*_lc.fits). Skipping.
2026-02-15 09:03:42,875 - __main__ - WARNING - File not found for Kepler ID: 10419108 (Expected: kplr010419108*_lc.fits). Skipping.
2026-02-15 09:03:44,570 - __main__ - WARNING - File not found for Kepler ID: 7751133 (Expected: kplr007751133*_lc.fits). Skipping.
2026-02-15 09:03:46,210 - __main__ - WARNING - File not found for Kepler ID: 7757620 (Expected: kplr007757620*_lc.fits). Skipping.
2026-02-15 09:03:47,981 - __main__ - WARNING - File not found for Kepler ID: 8570210 (Expected: kplr008570210*_lc.fits). Skipping.
2026-02-15 09:03:49,676 - __main__ - WARNING - File not found for Kepler ID: 8571421 (Expected: kplr008571421*_lc.fits). Skipping.
2026-02-15 09:03:51,095 - __main__ - WARNING - File not found for Kepler ID: 8574794 (Expected: kplr008574794*_lc.fits). Skipping.
2026-02-15 09:03:52,460 - __main__ - WARNING - File not found for Kepler ID: 8575061 (Expected: kplr008575061*_lc.fits). Skipping.
2026-02-15 09:03:53,876 - __main__ - WARNING - File not found for Kepler ID: 8613769 (Expected: kplr008613769*_lc.fits). Skipping.
2026-02-15 09:03:55,304 - __main__ - WARNING - File not found for Kepler ID: 9412267 (Expected: kplr009412267*_lc.fits). Skipping.
2026-02-15 09:03:56,784 - __main__ - WARNING - File not found for Kepler ID: 9417931 (Expected: kplr009417931*_lc.fits). Skipping.
2026-02-15 09:03:58,201 - __main__ - WARNING - File not found for Kepler ID: 9451521 (Expected: kplr009451521*_lc.fits). Skipping.
2026-02-15 09:03:59,603 - __main__ - WARNING - File not found for Kepler ID: 9455322 (Expected: kplr009455322*_lc.fits). Skipping.
2026-02-15 09:04:01,035 - __main__ - WARNING - File not found for Kepler ID: 10470779 (Expected: kplr010470779*_lc.fits). Skipping.
2026-02-15 09:04:02,442 - __main__ - WARNING - File not found for Kepler ID: 10487228 (Expected: kplr010487228*_lc.fits). Skipping.
2026-02-15 09:04:03,934 - __main__ - WARNING - File not found for Kepler ID: 10519727 (Expected: kplr010519727*_lc.fits). Skipping.
2026-02-15 09:04:05,335 - __main__ - WARNING - File not found for Kepler ID: 10535708 (Expected: kplr010535708*_lc.fits). Skipping.
2026-02-15 09:04:06,761 - __main__ - WARNING - File not found for Kepler ID: 10548411 (Expected: kplr010548411*_lc.fits). Skipping.
2026-02-15 09:04:08,179 - __main__ - WARNING - File not found for Kepler ID: 7762153 (Expected: kplr007762153*_lc.fits). Skipping.
2026-02-15 09:04:09,577 - __main__ - WARNING - File not found for Kepler ID: 7762717 (Expected: kplr007762717*_lc.fits). Skipping.
2026-02-15 09:04:10,977 - __main__ - WARNING - File not found for Kepler ID: 7770901 (Expected: kplr007770901*_lc.fits). Skipping.
2026-02-15 09:04:12,488 - __main__ - WARNING - File not found for Kepler ID: 7804128 (Expected: kplr007804128*_lc.fits). Skipping.
2026-02-15 09:04:13,914 - __main__ - WARNING - File not found for Kepler ID: 7809049 (Expected: kplr007809049*_lc.fits). Skipping.
2026-02-15 09:04:15,309 - __main__ - WARNING - File not found for Kepler ID: 8622875 (Expected: kplr008622875*_lc.fits). Skipping.
2026-02-15 09:04:16,711 - __main__ - WARNING - File not found for Kepler ID: 8644545 (Expected: kplr008644545*_lc.fits). Skipping.
2026-02-15 09:04:18,120 - __main__ - WARNING - File not found for Kepler ID: 8644911 (Expected: kplr008644911*_lc.fits). Skipping.
2026-02-15 09:04:19,643 - __main__ - WARNING - File not found for Kepler ID: 8652997 (Expected: kplr008652997*_lc.fits). Skipping.
2026-02-15 09:04:21,077 - __main__ - WARNING - File not found for Kepler ID: 8656535 (Expected: kplr008656535*_lc.fits). Skipping.
2026-02-15 09:04:22,612 - __main__ - WARNING - File not found for Kepler ID: 8671707 (Expected: kplr008671707*_lc.fits). Skipping.
2026-02-15 09:04:24,044 - __main__ - WARNING - File not found for Kepler ID: 8676061 (Expected: kplr008676061*_lc.fits). Skipping.
2026-02-15 09:04:25,580 - __main__ - WARNING - File not found for Kepler ID: 9463329 (Expected: kplr009463329*_lc.fits). Skipping.
2026-02-15 09:04:26,985 - __main__ - WARNING - File not found for Kepler ID: 9466486 (Expected: kplr009466486*_lc.fits). Skipping.
2026-02-15 09:04:28,490 - __main__ - WARNING - File not found for Kepler ID: 9475697 (Expected: kplr009475697*_lc.fits). Skipping.
2026-02-15 09:04:29,892 - __main__ - WARNING - File not found for Kepler ID: 10552151 (Expected: kplr010552151*_lc.fits). Skipping.
2026-02-15 09:04:31,316 - __main__ - WARNING - File not found for Kepler ID: 10552263 (Expected: kplr010552263*_lc.fits). Skipping.
2026-02-15 09:04:32,742 - __main__ - WARNING - File not found for Kepler ID: 10554421 (Expected: kplr010554421*_lc.fits). Skipping.
2026-02-15 09:04:34,147 - __main__ - WARNING - File not found for Kepler ID: 10579570 (Expected: kplr010579570*_lc.fits). Skipping.
2026-02-15 09:04:35,543 - __main__ - WARNING - File not found for Kepler ID: 10581308 (Expected: kplr010581308*_lc.fits). Skipping.
2026-02-15 09:04:37,035 - __main__ - WARNING - File not found for Kepler ID: 7819520 (Expected: kplr007819520*_lc.fits). Skipping.
2026-02-15 09:04:38,466 - __main__ - WARNING - File not found for Kepler ID: 7829836 (Expected: kplr007829836*_lc.fits). Skipping.
2026-02-15 09:04:39,884 - __main__ - WARNING - File not found for Kepler ID: 7830953 (Expected: kplr007830953*_lc.fits). Skipping.
2026-02-15 09:04:41,290 - __main__ - WARNING - File not found for Kepler ID: 7881464 (Expected: kplr007881464*_lc.fits). Skipping.
2026-02-15 09:04:42,725 - __main__ - WARNING - File not found for Kepler ID: 7884986 (Expected: kplr007884986*_lc.fits). Skipping.
2026-02-15 09:04:44,250 - __main__ - WARNING - File not found for Kepler ID: 8677186 (Expected: kplr008677186*_lc.fits). Skipping.
2026-02-15 09:04:45,683 - __main__ - WARNING - File not found for Kepler ID: 8678345 (Expected: kplr008678345*_lc.fits). Skipping.
2026-02-15 09:04:47,164 - __main__ - WARNING - File not found for Kepler ID: 8715564 (Expected: kplr008715564*_lc.fits). Skipping.
2026-02-15 09:04:48,556 - __main__ - WARNING - File not found for Kepler ID: 8737343 (Expected: kplr008737343*_lc.fits). Skipping.
2026-02-15 09:04:50,091 - __main__ - WARNING - File not found for Kepler ID: 9517242 (Expected: kplr009517242*_lc.fits). Skipping.
2026-02-15 09:04:51,499 - __main__ - WARNING - File not found for Kepler ID: 9534832 (Expected: kplr009534832*_lc.fits). Skipping.
2026-02-15 09:04:52,980 - __main__ - WARNING - File not found for Kepler ID: 10799291 (Expected: kplr010799291*_lc.fits). Skipping.
2026-02-15 09:04:54,386 - __main__ - WARNING - File not found for Kepler ID: 10802364 (Expected: kplr010802364*_lc.fits). Skipping.
2026-02-15 09:04:55,936 - __main__ - WARNING - File not found for Kepler ID: 10850327 (Expected: kplr010850327*_lc.fits). Skipping.
2026-02-15 09:04:57,337 - __main__ - WARNING - File not found for Kepler ID: 10858504 (Expected: kplr010858504*_lc.fits). Skipping.
2026-02-15 09:04:58,737 - __main__ - WARNING - File not found for Kepler ID: 7900695 (Expected: kplr007900695*_lc.fits). Skipping.
2026-02-15 09:05:00,225 - __main__ - WARNING - File not found for Kepler ID: 7900727 (Expected: kplr007900727*_lc.fits). Skipping.
2026-02-15 09:05:01,650 - __main__ - WARNING - File not found for Kepler ID: 7902719 (Expected: kplr007902719*_lc.fits). Skipping.
2026-02-15 09:05:03,063 - __main__ - WARNING - File not found for Kepler ID: 7917068 (Expected: kplr007917068*_lc.fits). Skipping.
2026-02-15 09:05:04,454 - __main__ - WARNING - File not found for Kepler ID: 8742270 (Expected: kplr008742270*_lc.fits). Skipping.
2026-02-15 09:05:05,847 - __main__ - WARNING - File not found for Kepler ID: 8747910 (Expected: kplr008747910*_lc.fits). Skipping.
2026-02-15 09:05:07,254 - __main__ - WARNING - File not found for Kepler ID: 8814872 (Expected: kplr008814872*_lc.fits). Skipping.
2026-02-15 09:05:08,772 - __main__ - WARNING - File not found for Kepler ID: 9579072 (Expected: kplr009579072*_lc.fits). Skipping.
2026-02-15 09:05:10,174 - __main__ - WARNING - File not found for Kepler ID: 9579606 (Expected: kplr009579606*_lc.fits). Skipping.
2026-02-15 09:05:11,573 - __main__ - WARNING - File not found for Kepler ID: 9594992 (Expected: kplr009594992*_lc.fits). Skipping.
2026-02-15 09:05:12,977 - __main__ - WARNING - File not found for Kepler ID: 9596820 (Expected: kplr009596820*_lc.fits). Skipping.
2026-02-15 09:05:14,413 - __main__ - WARNING - File not found for Kepler ID: 9598315 (Expected: kplr009598315*_lc.fits). Skipping.
2026-02-15 09:05:15,899 - __main__ - WARNING - File not found for Kepler ID: 10618044 (Expected: kplr010618044*_lc.fits). Skipping.
2026-02-15 09:05:17,305 - __main__ - WARNING - File not found for Kepler ID: 10658177 (Expected: kplr010658177*_lc.fits). Skipping.
2026-02-15 09:05:18,724 - __main__ - WARNING - File not found for Kepler ID: 10663976 (Expected: kplr010663976*_lc.fits). Skipping.
2026-02-15 09:05:20,148 - __main__ - WARNING - File not found for Kepler ID: 7935997 (Expected: kplr007935997*_lc.fits). Skipping.
2026-02-15 09:05:21,555 - __main__ - WARNING - File not found for Kepler ID: 7948619 (Expected: kplr007948619*_lc.fits). Skipping.
2026-02-15 09:05:22,994 - __main__ - WARNING - File not found for Kepler ID: 7950158 (Expected: kplr007950158*_lc.fits). Skipping.
2026-02-15 09:05:24,573 - __main__ - WARNING - File not found for Kepler ID: 7967210 (Expected: kplr007967210*_lc.fits). Skipping.
2026-02-15 09:05:25,992 - __main__ - WARNING - File not found for Kepler ID: 7970194 (Expected: kplr007970194*_lc.fits). Skipping.
2026-02-15 09:05:27,405 - __main__ - WARNING - File not found for Kepler ID: 7978202 (Expected: kplr007978202*_lc.fits). Skipping.
2026-02-15 09:05:28,796 - __main__ - WARNING - File not found for Kepler ID: 8836224 (Expected: kplr008836224*_lc.fits). Skipping.
2026-02-15 09:05:30,194 - __main__ - WARNING - File not found for Kepler ID: 8841297 (Expected: kplr008841297*_lc.fits). Skipping.
2026-02-15 09:05:31,710 - __main__ - WARNING - File not found for Kepler ID: 8868481 (Expected: kplr008868481*_lc.fits). Skipping.
2026-02-15 09:05:33,123 - __main__ - WARNING - File not found for Kepler ID: 8890417 (Expected: kplr008890417*_lc.fits). Skipping.
2026-02-15 09:05:34,551 - __main__ - WARNING - File not found for Kepler ID: 8891684 (Expected: kplr008891684*_lc.fits). Skipping.
2026-02-15 09:05:35,938 - __main__ - WARNING - File not found for Kepler ID: 9659022 (Expected: kplr009659022*_lc.fits). Skipping.
2026-02-15 09:05:37,352 - __main__ - WARNING - File not found for Kepler ID: 9662475 (Expected: kplr009662475*_lc.fits). Skipping.
2026-02-15 09:05:38,762 - __main__ - WARNING - File not found for Kepler ID: 9715631 (Expected: kplr009715631*_lc.fits). Skipping.
2026-02-15 09:05:40,248 - __main__ - WARNING - File not found for Kepler ID: 9723746 (Expected: kplr009723746*_lc.fits). Skipping.
2026-02-15 09:05:41,648 - __main__ - WARNING - File not found for Kepler ID: 10677763 (Expected: kplr010677763*_lc.fits). Skipping.
2026-02-15 09:05:43,060 - __main__ - WARNING - File not found for Kepler ID: 10678912 (Expected: kplr010678912*_lc.fits). Skipping.
2026-02-15 09:05:44,494 - __main__ - WARNING - File not found for Kepler ID: 10734441 (Expected: kplr010734441*_lc.fits). Skipping.
2026-02-15 09:05:45,902 - __main__ - WARNING - File not found for Kepler ID: 10737437 (Expected: kplr010737437*_lc.fits). Skipping.
2026-02-15 09:05:47,379 - __main__ - WARNING - File not found for Kepler ID: 7979297 (Expected: kplr007979297*_lc.fits). Skipping.
2026-02-15 09:05:48,781 - __main__ - WARNING - File not found for Kepler ID: 8005002 (Expected: kplr008005002*_lc.fits). Skipping.
2026-02-15 09:05:50,201 - __main__ - WARNING - File not found for Kepler ID: 8016650 (Expected: kplr008016650*_lc.fits). Skipping.
2026-02-15 09:05:51,599 - __main__ - WARNING - File not found for Kepler ID: 8025718 (Expected: kplr008025718*_lc.fits). Skipping.
2026-02-15 09:05:53,010 - __main__ - WARNING - File not found for Kepler ID: 8937555 (Expected: kplr008937555*_lc.fits). Skipping.
2026-02-15 09:05:54,404 - __main__ - WARNING - File not found for Kepler ID: 8946267 (Expected: kplr008946267*_lc.fits). Skipping.
2026-02-15 09:05:55,919 - __main__ - WARNING - File not found for Kepler ID: 8949512 (Expected: kplr008949512*_lc.fits). Skipping.
2026-02-15 09:05:57,314 - __main__ - WARNING - File not found for Kepler ID: 8955741 (Expected: kplr008955741*_lc.fits). Skipping.
2026-02-15 09:05:58,709 - __main__ - WARNING - File not found for Kepler ID: 9771920 (Expected: kplr009771920*_lc.fits). Skipping.
2026-02-15 09:06:00,104 - __main__ - WARNING - File not found for Kepler ID: 9776907 (Expected: kplr009776907*_lc.fits). Skipping.
2026-02-15 09:06:01,529 - __main__ - WARNING - File not found for Kepler ID: 9832379 (Expected: kplr009832379*_lc.fits). Skipping.
2026-02-15 09:06:02,962 - __main__ - WARNING - File not found for Kepler ID: 9837659 (Expected: kplr009837659*_lc.fits). Skipping.
2026-02-15 09:06:04,436 - __main__ - WARNING - File not found for Kepler ID: 10865043 (Expected: kplr010865043*_lc.fits). Skipping.
2026-02-15 09:06:05,836 - __main__ - WARNING - File not found for Kepler ID: 10878117 (Expected: kplr010878117*_lc.fits). Skipping.
2026-02-15 09:06:07,255 - __main__ - WARNING - File not found for Kepler ID: 10879247 (Expected: kplr010879247*_lc.fits). Skipping.
2026-02-15 09:06:08,675 - __main__ - WARNING - File not found for Kepler ID: 10879899 (Expected: kplr010879899*_lc.fits). Skipping.
2026-02-15 09:06:10,076 - __main__ - WARNING - File not found for Kepler ID: 10905641 (Expected: kplr010905641*_lc.fits). Skipping.
2026-02-15 09:06:11,561 - __main__ - WARNING - File not found for Kepler ID: 10958972 (Expected: kplr010958972*_lc.fits). Skipping.
2026-02-15 09:06:12,983 - __main__ - WARNING - File not found for Kepler ID: 8035322 (Expected: kplr008035322*_lc.fits). Skipping.
2026-02-15 09:06:14,415 - __main__ - WARNING - File not found for Kepler ID: 8036863 (Expected: kplr008036863*_lc.fits). Skipping.
2026-02-15 09:06:15,819 - __main__ - WARNING - File not found for Kepler ID: 8040308 (Expected: kplr008040308*_lc.fits). Skipping.
2026-02-15 09:06:17,215 - __main__ - WARNING - File not found for Kepler ID: 8044083 (Expected: kplr008044083*_lc.fits). Skipping.
2026-02-15 09:06:18,622 - __main__ - WARNING - File not found for Kepler ID: 8959240 (Expected: kplr008959240*_lc.fits). Skipping.
2026-02-15 09:06:20,134 - __main__ - WARNING - File not found for Kepler ID: 8971044 (Expected: kplr008971044*_lc.fits). Skipping.
2026-02-15 09:06:21,538 - __main__ - WARNING - File not found for Kepler ID: 8975776 (Expected: kplr008975776*_lc.fits). Skipping.
2026-02-15 09:06:22,938 - __main__ - WARNING - File not found for Kepler ID: 8979500 (Expected: kplr008979500*_lc.fits). Skipping.
2026-02-15 09:06:24,357 - __main__ - WARNING - File not found for Kepler ID: 9003126 (Expected: kplr009003126*_lc.fits). Skipping.
2026-02-15 09:06:25,777 - __main__ - WARNING - File not found for Kepler ID: 9008125 (Expected: kplr009008125*_lc.fits). Skipping.
2026-02-15 09:06:27,334 - __main__ - WARNING - File not found for Kepler ID: 9838582 (Expected: kplr009838582*_lc.fits). Skipping.
2026-02-15 09:06:28,736 - __main__ - WARNING - File not found for Kepler ID: 9845362 (Expected: kplr009845362*_lc.fits). Skipping.
2026-02-15 09:06:30,130 - __main__ - WARNING - File not found for Kepler ID: 9848760 (Expected: kplr009848760*_lc.fits). Skipping.
2026-02-15 09:06:31,564 - __main__ - WARNING - File not found for Kepler ID: 7018210 (Expected: kplr007018210*_lc.fits). Skipping.
2026-02-15 09:06:32,974 - __main__ - WARNING - File not found for Kepler ID: 7041972 (Expected: kplr007041972*_lc.fits). Skipping.
2026-02-15 09:06:34,375 - __main__ - WARNING - File not found for Kepler ID: 8094942 (Expected: kplr008094942*_lc.fits). Skipping.
2026-02-15 09:06:35,862 - __main__ - WARNING - File not found for Kepler ID: 8099517 (Expected: kplr008099517*_lc.fits). Skipping.
2026-02-15 09:06:37,283 - __main__ - WARNING - File not found for Kepler ID: 8105398 (Expected: kplr008105398*_lc.fits). Skipping.
2026-02-15 09:06:38,721 - __main__ - WARNING - File not found for Kepler ID: 8105719 (Expected: kplr008105719*_lc.fits). Skipping.
2026-02-15 09:06:40,112 - __main__ - WARNING - File not found for Kepler ID: 8106139 (Expected: kplr008106139*_lc.fits). Skipping.
2026-02-15 09:06:41,520 - __main__ - WARNING - File not found for Kepler ID: 8108437 (Expected: kplr008108437*_lc.fits). Skipping.
2026-02-15 09:06:43,007 - __main__ - WARNING - File not found for Kepler ID: 9012244 (Expected: kplr009012244*_lc.fits). Skipping.
2026-02-15 09:06:44,432 - __main__ - WARNING - File not found for Kepler ID: 9024568 (Expected: kplr009024568*_lc.fits). Skipping.
2026-02-15 09:06:45,826 - __main__ - WARNING - File not found for Kepler ID: 9026007 (Expected: kplr009026007*_lc.fits). Skipping.
2026-02-15 09:06:47,215 - __main__ - WARNING - File not found for Kepler ID: 9026248 (Expected: kplr009026248*_lc.fits). Skipping.
2026-02-15 09:06:48,633 - __main__ - WARNING - File not found for Kepler ID: 9044060 (Expected: kplr009044060*_lc.fits). Skipping.
2026-02-15 09:06:50,062 - __main__ - WARNING - File not found for Kepler ID: 9851638 (Expected: kplr009851638*_lc.fits). Skipping.
2026-02-15 09:06:51,547 - __main__ - WARNING - File not found for Kepler ID: 9875101 (Expected: kplr009875101*_lc.fits). Skipping.
2026-02-15 09:06:52,938 - __main__ - WARNING - File not found for Kepler ID: 7101726 (Expected: kplr007101726*_lc.fits). Skipping.
2026-02-15 09:06:54,594 - __main__ - WARNING - File not found for Kepler ID: 7123580 (Expected: kplr007123580*_lc.fits). Skipping.
2026-02-15 09:06:56,017 - __main__ - WARNING - File not found for Kepler ID: 7123614 (Expected: kplr007123614*_lc.fits). Skipping.
2026-02-15 09:06:57,440 - __main__ - WARNING - File not found for Kepler ID: 7125794 (Expected: kplr007125794*_lc.fits). Skipping.
2026-02-15 09:06:58,949 - __main__ - WARNING - File not found for Kepler ID: 8192427 (Expected: kplr008192427*_lc.fits). Skipping.
2026-02-15 09:07:00,346 - __main__ - WARNING - File not found for Kepler ID: 9079671 (Expected: kplr009079671*_lc.fits). Skipping.
2026-02-15 09:07:01,754 - __main__ - WARNING - File not found for Kepler ID: 9079767 (Expected: kplr009079767*_lc.fits). Skipping.
2026-02-15 09:07:03,154 - __main__ - WARNING - File not found for Kepler ID: 9087071 (Expected: kplr009087071*_lc.fits). Skipping.
2026-02-15 09:07:04,548 - __main__ - WARNING - File not found for Kepler ID: 9087853 (Expected: kplr009087853*_lc.fits). Skipping.
2026-02-15 09:07:05,948 - __main__ - WARNING - File not found for Kepler ID: 9097470 (Expected: kplr009097470*_lc.fits). Skipping.
2026-02-15 09:07:07,456 - __main__ - WARNING - File not found for Kepler ID: 9933600 (Expected: kplr009933600*_lc.fits). Skipping.
2026-02-15 09:07:08,864 - __main__ - WARNING - File not found for Kepler ID: 9935983 (Expected: kplr009935983*_lc.fits). Skipping.
2026-02-15 09:07:10,253 - __main__ - WARNING - File not found for Kepler ID: 9941136 (Expected: kplr009941136*_lc.fits). Skipping.
2026-02-15 09:07:11,656 - __main__ - WARNING - File not found for Kepler ID: 9941550 (Expected: kplr009941550*_lc.fits). Skipping.
2026-02-15 09:07:13,071 - __main__ - WARNING - File not found for Kepler ID: 7174911 (Expected: kplr007174911*_lc.fits). Skipping.
2026-02-15 09:07:14,593 - __main__ - WARNING - File not found for Kepler ID: 7186436 (Expected: kplr007186436*_lc.fits). Skipping.
2026-02-15 09:07:16,031 - __main__ - WARNING - File not found for Kepler ID: 7189825 (Expected: kplr007189825*_lc.fits). Skipping.
2026-02-15 09:07:17,421 - __main__ - WARNING - File not found for Kepler ID: 7191523 (Expected: kplr007191523*_lc.fits). Skipping.
2026-02-15 09:07:18,835 - __main__ - WARNING - File not found for Kepler ID: 8223655 (Expected: kplr008223655*_lc.fits). Skipping.
2026-02-15 09:07:20,327 - __main__ - WARNING - File not found for Kepler ID: 8229361 (Expected: kplr008229361*_lc.fits). Skipping.
2026-02-15 09:07:21,765 - __main__ - WARNING - File not found for Kepler ID: 8234889 (Expected: kplr008234889*_lc.fits). Skipping.
2026-02-15 09:07:23,248 - __main__ - WARNING - File not found for Kepler ID: 8241258 (Expected: kplr008241258*_lc.fits). Skipping.
2026-02-15 09:07:24,667 - __main__ - WARNING - File not found for Kepler ID: 8241736 (Expected: kplr008241736*_lc.fits). Skipping.
2026-02-15 09:07:26,096 - __main__ - WARNING - File not found for Kepler ID: 8244947 (Expected: kplr008244947*_lc.fits). Skipping.
2026-02-15 09:07:27,523 - __main__ - WARNING - File not found for Kepler ID: 9114614 (Expected: kplr009114614*_lc.fits). Skipping.
2026-02-15 09:07:28,979 - __main__ - WARNING - File not found for Kepler ID: 9116510 (Expected: kplr009116510*_lc.fits). Skipping.
2026-02-15 09:07:30,464 - __main__ - WARNING - File not found for Kepler ID: 9118858 (Expected: kplr009118858*_lc.fits). Skipping.
2026-02-15 09:07:32,172 - __main__ - WARNING - File not found for Kepler ID: 9137257 (Expected: kplr009137257*_lc.fits). Skipping.
2026-02-15 09:07:33,734 - __main__ - WARNING - File not found for Kepler ID: 9953491 (Expected: kplr009953491*_lc.fits). Skipping.
2026-02-15 09:07:35,368 - __main__ - WARNING - File not found for Kepler ID: 9968924 (Expected: kplr009968924*_lc.fits). Skipping.
2026-02-15 09:07:37,038 - __main__ - WARNING - File not found for Kepler ID: 7192680 (Expected: kplr007192680*_lc.fits). Skipping.
2026-02-15 09:07:38,805 - __main__ - WARNING - File not found for Kepler ID: 7198587 (Expected: kplr007198587*_lc.fits). Skipping.
2026-02-15 09:07:40,629 - __main__ - WARNING - File not found for Kepler ID: 7203858 (Expected: kplr007203858*_lc.fits). Skipping.
2026-02-15 09:07:42,334 - __main__ - WARNING - File not found for Kepler ID: 7205717 (Expected: kplr007205717*_lc.fits). Skipping.
2026-02-15 09:07:44,136 - __main__ - WARNING - File not found for Kepler ID: 7207081 (Expected: kplr007207081*_lc.fits). Skipping.
2026-02-15 09:07:45,862 - __main__ - WARNING - File not found for Kepler ID: 7213311 (Expected: kplr007213311*_lc.fits). Skipping.
2026-02-15 09:07:47,632 - __main__ - WARNING - File not found for Kepler ID: 8288404 (Expected: kplr008288404*_lc.fits). Skipping.
2026-02-15 09:07:49,383 - __main__ - WARNING - File not found for Kepler ID: 8294683 (Expected: kplr008294683*_lc.fits). Skipping.
2026-02-15 09:07:51,311 - __main__ - WARNING - File not found for Kepler ID: 8307489 (Expected: kplr008307489*_lc.fits). Skipping.
2026-02-15 09:07:53,105 - __main__ - WARNING - File not found for Kepler ID: 9141355 (Expected: kplr009141355*_lc.fits). Skipping.
2026-02-15 09:07:54,928 - __main__ - WARNING - File not found for Kepler ID: 9142225 (Expected: kplr009142225*_lc.fits). Skipping.
2026-02-15 09:07:56,727 - __main__ - WARNING - File not found for Kepler ID: 9142334 (Expected: kplr009142334*_lc.fits). Skipping.
2026-02-15 09:07:59,622 - __main__ - WARNING - File not found for Kepler ID: 9147012 (Expected: kplr009147012*_lc.fits). Skipping.
2026-02-15 09:08:01,636 - __main__ - WARNING - File not found for Kepler ID: 9147029 (Expected: kplr009147029*_lc.fits). Skipping.
2026-02-15 09:08:03,433 - __main__ - WARNING - File not found for Kepler ID: 9153246 (Expected: kplr009153246*_lc.fits). Skipping.
2026-02-15 09:08:14,139 - __main__ - WARNING - File not found for Kepler ID: 9157523 (Expected: kplr009157523*_lc.fits). Skipping.
2026-02-15 09:08:15,672 - __main__ - WARNING - File not found for Kepler ID: 9994381 (Expected: kplr009994381*_lc.fits). Skipping.
2026-02-15 09:08:17,176 - __main__ - WARNING - File not found for Kepler ID: 10007916 (Expected: kplr010007916*_lc.fits). Skipping.
2026-02-15 09:08:18,603 - __main__ - WARNING - File not found for Kepler ID: 10018364 (Expected: kplr010018364*_lc.fits). Skipping.
2026-02-15 09:08:20,367 - __main__ - WARNING - File not found for Kepler ID: 7255910 (Expected: kplr007255910*_lc.fits). Skipping.
2026-02-15 09:08:24,422 - __main__ - WARNING - File not found for Kepler ID: 7256460 (Expected: kplr007256460*_lc.fits). Skipping.
2026-02-15 09:08:26,057 - __main__ - WARNING - File not found for Kepler ID: 7282470 (Expected: kplr007282470*_lc.fits). Skipping.
2026-02-15 09:08:27,777 - __main__ - WARNING - File not found for Kepler ID: 7289139 (Expected: kplr007289139*_lc.fits). Skipping.
2026-02-15 09:10:05,605 - __main__ - WARNING - File not found for Kepler ID: 8308639 (Expected: kplr008308639*_lc.fits). Skipping.
2026-02-15 09:10:07,527 - __main__ - WARNING - File not found for Kepler ID: 8313697 (Expected: kplr008313697*_lc.fits). Skipping.
2026-02-15 09:10:09,104 - __main__ - WARNING - File not found for Kepler ID: 8351919 (Expected: kplr008351919*_lc.fits). Skipping.
2026-02-15 09:10:10,558 - __main__ - WARNING - File not found for Kepler ID: 8352009 (Expected: kplr008352009*_lc.fits). Skipping.
2026-02-15 09:10:12,098 - __main__ - WARNING - File not found for Kepler ID: 9164003 (Expected: kplr009164003*_lc.fits). Skipping.
2026-02-15 09:10:13,617 - __main__ - WARNING - File not found for Kepler ID: 9166700 (Expected: kplr009166700*_lc.fits). Skipping.
2026-02-15 09:10:15,016 - __main__ - WARNING - File not found for Kepler ID: 9173014 (Expected: kplr009173014*_lc.fits). Skipping.
2026-02-15 09:10:16,513 - __main__ - WARNING - File not found for Kepler ID: 9178894 (Expected: kplr009178894*_lc.fits). Skipping.
2026-02-15 09:10:17,943 - __main__ - WARNING - File not found for Kepler ID: 9181402 (Expected: kplr009181402*_lc.fits). Skipping.
2026-02-15 09:10:19,355 - __main__ - WARNING - File not found for Kepler ID: 10027861 (Expected: kplr010027861*_lc.fits). Skipping.
2026-02-15 09:10:20,766 - __main__ - WARNING - File not found for Kepler ID: 10064591 (Expected: kplr010064591*_lc.fits). Skipping.
2026-02-15 09:10:22,220 - __main__ - WARNING - File not found for Kepler ID: 10074700 (Expected: kplr010074700*_lc.fits). Skipping.
2026-02-15 09:10:23,877 - __main__ - WARNING - File not found for Kepler ID: 10096697 (Expected: kplr010096697*_lc.fits). Skipping.
2026-02-15 09:10:25,330 - __main__ - WARNING - File not found for Kepler ID: 10098540 (Expected: kplr010098540*_lc.fits). Skipping.
2026-02-15 09:10:26,837 - __main__ - WARNING - File not found for Kepler ID: 7383840 (Expected: kplr007383840*_lc.fits). Skipping.
2026-02-15 09:10:28,366 - __main__ - WARNING - File not found for Kepler ID: 7386200 (Expected: kplr007386200*_lc.fits). Skipping.
2026-02-15 09:10:29,957 - __main__ - WARNING - File not found for Kepler ID: 7416016 (Expected: kplr007416016*_lc.fits). Skipping.
2026-02-15 09:10:31,497 - __main__ - WARNING - File not found for Kepler ID: 7416306 (Expected: kplr007416306*_lc.fits). Skipping.
2026-02-15 09:10:33,154 - __main__ - WARNING - File not found for Kepler ID: 7416646 (Expected: kplr007416646*_lc.fits). Skipping.
2026-02-15 09:10:34,803 - __main__ - WARNING - File not found for Kepler ID: 7440715 (Expected: kplr007440715*_lc.fits). Skipping.
2026-02-15 09:10:36,471 - __main__ - WARNING - File not found for Kepler ID: 7456380 (Expected: kplr007456380*_lc.fits). Skipping.
2026-02-15 09:10:38,273 - __main__ - WARNING - File not found for Kepler ID: 8414914 (Expected: kplr008414914*_lc.fits). Skipping.
2026-02-15 09:10:39,901 - __main__ - WARNING - File not found for Kepler ID: 8415353 (Expected: kplr008415353*_lc.fits). Skipping.
2026-02-15 09:10:41,697 - __main__ - WARNING - File not found for Kepler ID: 8432249 (Expected: kplr008432249*_lc.fits). Skipping.
2026-02-15 09:10:43,400 - __main__ - WARNING - File not found for Kepler ID: 8439618 (Expected: kplr008439618*_lc.fits). Skipping.
2026-02-15 09:10:45,018 - __main__ - WARNING - File not found for Kepler ID: 9209981 (Expected: kplr009209981*_lc.fits). Skipping.
2026-02-15 09:10:46,645 - __main__ - WARNING - File not found for Kepler ID: 9210738 (Expected: kplr009210738*_lc.fits). Skipping.
2026-02-15 09:10:48,340 - __main__ - WARNING - File not found for Kepler ID: 9214176 (Expected: kplr009214176*_lc.fits). Skipping.
2026-02-15 09:10:50,034 - __main__ - WARNING - File not found for Kepler ID: 9216231 (Expected: kplr009216231*_lc.fits). Skipping.
2026-02-15 09:10:51,820 - __main__ - WARNING - File not found for Kepler ID: 9217583 (Expected: kplr009217583*_lc.fits). Skipping.
2026-02-15 09:10:53,587 - __main__ - WARNING - File not found for Kepler ID: 9220614 (Expected: kplr009220614*_lc.fits). Skipping.
2026-02-15 09:10:55,298 - __main__ - WARNING - File not found for Kepler ID: 9224514 (Expected: kplr009224514*_lc.fits). Skipping.
2026-02-15 09:10:57,009 - __main__ - WARNING - File not found for Kepler ID: 9229807 (Expected: kplr009229807*_lc.fits). Skipping.
2026-02-15 09:10:58,757 - __main__ - WARNING - File not found for Kepler ID: 10130646 (Expected: kplr010130646*_lc.fits). Skipping.
2026-02-15 09:11:00,528 - __main__ - WARNING - File not found for Kepler ID: 10132552 (Expected: kplr010132552*_lc.fits). Skipping.
2026-02-15 09:11:02,391 - __main__ - WARNING - File not found for Kepler ID: 10132908 (Expected: kplr010132908*_lc.fits). Skipping.
2026-02-15 09:11:04,123 - __main__ - WARNING - File not found for Kepler ID: 10161534 (Expected: kplr010161534*_lc.fits). Skipping.
2026-02-15 09:11:05,978 - __main__ - WARNING - File not found for Kepler ID: 7458743 (Expected: kplr007458743*_lc.fits). Skipping.
2026-02-15 09:11:07,754 - __main__ - WARNING - File not found for Kepler ID: 7468295 (Expected: kplr007468295*_lc.fits). Skipping.
2026-02-15 09:11:09,475 - __main__ - WARNING - File not found for Kepler ID: 7516073 (Expected: kplr007516073*_lc.fits). Skipping.
2026-02-15 09:11:11,262 - __main__ - WARNING - File not found for Kepler ID: 7538450 (Expected: kplr007538450*_lc.fits). Skipping.
2026-02-15 09:11:12,997 - __main__ - WARNING - File not found for Kepler ID: 7539277 (Expected: kplr007539277*_lc.fits). Skipping.
2026-02-15 09:11:14,642 - __main__ - WARNING - File not found for Kepler ID: 7550875 (Expected: kplr007550875*_lc.fits). Skipping.
2026-02-15 09:11:16,227 - __main__ - WARNING - File not found for Kepler ID: 8442463 (Expected: kplr008442463*_lc.fits). Skipping.
2026-02-15 09:11:17,899 - __main__ - WARNING - File not found for Kepler ID: 8474892 (Expected: kplr008474892*_lc.fits). Skipping.
2026-02-15 09:11:19,500 - __main__ - WARNING - File not found for Kepler ID: 8482513 (Expected: kplr008482513*_lc.fits). Skipping.
2026-02-15 09:11:21,156 - __main__ - WARNING - File not found for Kepler ID: 11444772 (Expected: kplr011444772*_lc.fits). Skipping.
2026-02-15 09:11:22,733 - __main__ - WARNING - File not found for Kepler ID: 11453930 (Expected: kplr011453930*_lc.fits). Skipping.
2026-02-15 09:11:24,475 - __main__ - WARNING - File not found for Kepler ID: 11457664 (Expected: kplr011457664*_lc.fits). Skipping.
2026-02-15 09:11:26,041 - __main__ - WARNING - File not found for Kepler ID: 11465658 (Expected: kplr011465658*_lc.fits). Skipping.
2026-02-15 09:11:27,764 - __main__ - WARNING - File not found for Kepler ID: 11465869 (Expected: kplr011465869*_lc.fits). Skipping.
2026-02-15 09:11:29,419 - __main__ - WARNING - File not found for Kepler ID: 11513366 (Expected: kplr011513366*_lc.fits). Skipping.
2026-02-15 09:11:30,984 - __main__ - WARNING - File not found for Kepler ID: 11559493 (Expected: kplr011559493*_lc.fits). Skipping.
2026-02-15 09:11:32,508 - __main__ - WARNING - File not found for Kepler ID: 11598638 (Expected: kplr011598638*_lc.fits). Skipping.
2026-02-15 09:11:34,047 - __main__ - WARNING - File not found for Kepler ID: 11599800 (Expected: kplr011599800*_lc.fits). Skipping.
2026-02-15 09:11:35,586 - __main__ - WARNING - File not found for Kepler ID: 11600299 (Expected: kplr011600299*_lc.fits). Skipping.
2026-02-15 09:11:37,187 - __main__ - WARNING - File not found for Kepler ID: 11601972 (Expected: kplr011601972*_lc.fits). Skipping.
2026-02-15 09:11:38,799 - __main__ - WARNING - File not found for Kepler ID: 11603298 (Expected: kplr011603298*_lc.fits). Skipping.
2026-02-15 09:11:40,342 - __main__ - WARNING - File not found for Kepler ID: 11614808 (Expected: kplr011614808*_lc.fits). Skipping.
2026-02-15 09:11:41,954 - __main__ - WARNING - File not found for Kepler ID: 11615258 (Expected: kplr011615258*_lc.fits). Skipping.
2026-02-15 09:11:43,568 - __main__ - WARNING - File not found for Kepler ID: 11615521 (Expected: kplr011615521*_lc.fits). Skipping.
2026-02-15 09:11:45,134 - __main__ - WARNING - File not found for Kepler ID: 11616434 (Expected: kplr011616434*_lc.fits). Skipping.
2026-02-15 09:11:46,822 - __main__ - WARNING - File not found for Kepler ID: 11654039 (Expected: kplr011654039*_lc.fits). Skipping.
2026-02-15 09:11:48,476 - __main__ - WARNING - File not found for Kepler ID: 11716643 (Expected: kplr011716643*_lc.fits). Skipping.
2026-02-15 09:11:50,118 - __main__ - WARNING - File not found for Kepler ID: 11722217 (Expected: kplr011722217*_lc.fits). Skipping.
2026-02-15 09:11:51,678 - __main__ - WARNING - File not found for Kepler ID: 11773174 (Expected: kplr011773174*_lc.fits). Skipping.
2026-02-15 09:11:53,244 - __main__ - WARNING - File not found for Kepler ID: 11803074 (Expected: kplr011803074*_lc.fits). Skipping.
2026-02-15 09:11:54,925 - __main__ - WARNING - File not found for Kepler ID: 11807906 (Expected: kplr011807906*_lc.fits). Skipping.
2026-02-15 09:11:56,606 - __main__ - WARNING - File not found for Kepler ID: 11818566 (Expected: kplr011818566*_lc.fits). Skipping.
2026-02-15 09:11:58,151 - __main__ - WARNING - File not found for Kepler ID: 11824578 (Expected: kplr011824578*_lc.fits). Skipping.
2026-02-15 09:11:59,745 - __main__ - WARNING - File not found for Kepler ID: 11860294 (Expected: kplr011860294*_lc.fits). Skipping.
2026-02-15 09:12:01,350 - __main__ - WARNING - File not found for Kepler ID: 11868941 (Expected: kplr011868941*_lc.fits). Skipping.
2026-02-15 09:12:02,921 - __main__ - WARNING - File not found for Kepler ID: 11911929 (Expected: kplr011911929*_lc.fits). Skipping.
2026-02-15 09:12:04,515 - __main__ - WARNING - File not found for Kepler ID: 11966643 (Expected: kplr011966643*_lc.fits). Skipping.
2026-02-15 09:12:06,098 - __main__ - WARNING - File not found for Kepler ID: 12007270 (Expected: kplr012007270*_lc.fits). Skipping.
2026-02-15 09:12:07,678 - __main__ - WARNING - File not found for Kepler ID: 12009917 (Expected: kplr012009917*_lc.fits). Skipping.
2026-02-15 09:12:09,229 - __main__ - WARNING - File not found for Kepler ID: 12020376 (Expected: kplr012020376*_lc.fits). Skipping.
2026-02-15 09:12:10,799 - __main__ - WARNING - File not found for Kepler ID: 12066767 (Expected: kplr012066767*_lc.fits). Skipping.
2026-02-15 09:12:12,456 - __main__ - WARNING - File not found for Kepler ID: 12071775 (Expected: kplr012071775*_lc.fits). Skipping.
2026-02-15 09:12:14,241 - __main__ - WARNING - File not found for Kepler ID: 12102775 (Expected: kplr012102775*_lc.fits). Skipping.
2026-02-15 09:12:15,889 - __main__ - WARNING - File not found for Kepler ID: 12121701 (Expected: kplr012121701*_lc.fits). Skipping.
2026-02-15 09:12:17,577 - __main__ - WARNING - File not found for Kepler ID: 12156805 (Expected: kplr012156805*_lc.fits). Skipping.
2026-02-15 09:12:19,305 - __main__ - WARNING - File not found for Kepler ID: 12165063 (Expected: kplr012165063*_lc.fits). Skipping.
2026-02-15 09:12:20,985 - __main__ - WARNING - File not found for Kepler ID: 12168895 (Expected: kplr012168895*_lc.fits). Skipping.
2026-02-15 09:12:22,760 - __main__ - WARNING - File not found for Kepler ID: 12350136 (Expected: kplr012350136*_lc.fits). Skipping.
2026-02-15 09:12:24,470 - __main__ - WARNING - File not found for Kepler ID: 10964747 (Expected: kplr010964747*_lc.fits). Skipping.
2026-02-15 09:12:26,119 - __main__ - WARNING - File not found for Kepler ID: 10977671 (Expected: kplr010977671*_lc.fits). Skipping.
2026-02-15 09:12:27,709 - __main__ - WARNING - File not found for Kepler ID: 10978581 (Expected: kplr010978581*_lc.fits). Skipping.
2026-02-15 09:12:29,345 - __main__ - WARNING - File not found for Kepler ID: 10979952 (Expected: kplr010979952*_lc.fits). Skipping.
2026-02-15 09:12:31,063 - __main__ - WARNING - File not found for Kepler ID: 10991389 (Expected: kplr010991389*_lc.fits). Skipping.
2026-02-15 09:12:32,882 - __main__ - WARNING - File not found for Kepler ID: 12405436 (Expected: kplr012405436*_lc.fits). Skipping.
2026-02-15 09:12:34,467 - __main__ - WARNING - File not found for Kepler ID: 12417572 (Expected: kplr012417572*_lc.fits). Skipping.
2026-02-15 09:12:36,125 - __main__ - WARNING - File not found for Kepler ID: 12418418 (Expected: kplr012418418*_lc.fits). Skipping.
2026-02-15 09:12:37,776 - __main__ - WARNING - File not found for Kepler ID: 12505590 (Expected: kplr012505590*_lc.fits). Skipping.
2026-02-15 09:12:39,360 - __main__ - WARNING - File not found for Kepler ID: 12506986 (Expected: kplr012506986*_lc.fits). Skipping.
2026-02-15 09:12:40,931 - __main__ - WARNING - File not found for Kepler ID: 10991431 (Expected: kplr010991431*_lc.fits). Skipping.
2026-02-15 09:12:42,730 - __main__ - WARNING - File not found for Kepler ID: 11021266 (Expected: kplr011021266*_lc.fits). Skipping.
2026-02-15 09:12:44,310 - __main__ - WARNING - File not found for Kepler ID: 11021676 (Expected: kplr011021676*_lc.fits). Skipping.
2026-02-15 09:12:45,868 - __main__ - WARNING - File not found for Kepler ID: 11026582 (Expected: kplr011026582*_lc.fits). Skipping.
2026-02-15 09:12:47,448 - __main__ - WARNING - File not found for Kepler ID: 11036168 (Expected: kplr011036168*_lc.fits). Skipping.
2026-02-15 09:12:49,104 - __main__ - WARNING - File not found for Kepler ID: 11037818 (Expected: kplr011037818*_lc.fits). Skipping.
2026-02-15 09:12:50,652 - __main__ - WARNING - File not found for Kepler ID: 11046723 (Expected: kplr011046723*_lc.fits). Skipping.
2026-02-15 09:12:52,042 - __main__ - WARNING - File not found for Kepler ID: 12645262 (Expected: kplr012645262*_lc.fits). Skipping.
2026-02-15 09:12:53,431 - __main__ - WARNING - File not found for Kepler ID: 12734110 (Expected: kplr012734110*_lc.fits). Skipping.
2026-02-15 09:12:54,858 - __main__ - WARNING - File not found for Kepler ID: 12835139 (Expected: kplr012835139*_lc.fits). Skipping.
2026-02-15 09:12:56,257 - __main__ - WARNING - File not found for Kepler ID: 11069681 (Expected: kplr011069681*_lc.fits). Skipping.
2026-02-15 09:12:57,658 - __main__ - WARNING - File not found for Kepler ID: 11072982 (Expected: kplr011072982*_lc.fits). Skipping.
2026-02-15 09:12:59,144 - __main__ - WARNING - File not found for Kepler ID: 11073238 (Expected: kplr011073238*_lc.fits). Skipping.
2026-02-15 09:13:00,576 - __main__ - WARNING - File not found for Kepler ID: 11090926 (Expected: kplr011090926*_lc.fits). Skipping.
2026-02-15 09:13:01,998 - __main__ - WARNING - File not found for Kepler ID: 11097752 (Expected: kplr011097752*_lc.fits). Skipping.
2026-02-15 09:13:03,394 - __main__ - WARNING - File not found for Kepler ID: 11100170 (Expected: kplr011100170*_lc.fits). Skipping.
2026-02-15 09:13:04,796 - __main__ - WARNING - File not found for Kepler ID: 11129145 (Expected: kplr011129145*_lc.fits). Skipping.
2026-02-15 09:13:06,292 - __main__ - WARNING - File not found for Kepler ID: 11145391 (Expected: kplr011145391*_lc.fits). Skipping.
2026-02-15 09:13:07,710 - __main__ - WARNING - File not found for Kepler ID: 11147785 (Expected: kplr011147785*_lc.fits). Skipping.
2026-02-15 09:13:09,103 - __main__ - WARNING - File not found for Kepler ID: 11152511 (Expected: kplr011152511*_lc.fits). Skipping.
2026-02-15 09:13:10,498 - __main__ - WARNING - File not found for Kepler ID: 11182213 (Expected: kplr011182213*_lc.fits). Skipping.
2026-02-15 09:13:11,913 - __main__ - WARNING - File not found for Kepler ID: 11183752 (Expected: kplr011183752*_lc.fits). Skipping.
2026-02-15 09:13:13,364 - __main__ - WARNING - File not found for Kepler ID: 11191364 (Expected: kplr011191364*_lc.fits). Skipping.
2026-02-15 09:13:14,841 - __main__ - WARNING - File not found for Kepler ID: 11199233 (Expected: kplr011199233*_lc.fits). Skipping.
2026-02-15 09:13:16,239 - __main__ - WARNING - File not found for Kepler ID: 11251991 (Expected: kplr011251991*_lc.fits). Skipping.
2026-02-15 09:13:17,643 - __main__ - WARNING - File not found for Kepler ID: 11305417 (Expected: kplr011305417*_lc.fits). Skipping.
2026-02-15 09:13:19,067 - __main__ - WARNING - File not found for Kepler ID: 11338918 (Expected: kplr011338918*_lc.fits). Skipping.
2026-02-15 09:13:20,482 - __main__ - WARNING - File not found for Kepler ID: 11340218 (Expected: kplr011340218*_lc.fits). Skipping.
2026-02-15 09:13:21,967 - __main__ - WARNING - File not found for Kepler ID: 11341266 (Expected: kplr011341266*_lc.fits). Skipping.
2026-02-15 09:13:23,362 - __main__ - WARNING - File not found for Kepler ID: 11348610 (Expected: kplr011348610*_lc.fits). Skipping.
2026-02-15 09:13:24,819 - __main__ - WARNING - File not found for Kepler ID: 11351454 (Expected: kplr011351454*_lc.fits). Skipping.
2026-02-15 09:13:26,216 - __main__ - WARNING - File not found for Kepler ID: 11355925 (Expected: kplr011355925*_lc.fits). Skipping.
2026-02-15 09:13:27,603 - __main__ - WARNING - File not found for Kepler ID: 11391512 (Expected: kplr011391512*_lc.fits). Skipping.
2026-02-15 09:13:29,028 - __main__ - WARNING - File not found for Kepler ID: 11393633 (Expected: kplr011393633*_lc.fits). Skipping.
2026-02-15 09:13:30,566 - __main__ - WARNING - File not found for Kepler ID: 11414368 (Expected: kplr011414368*_lc.fits). Skipping.
2026-02-15 09:13:31,969 - __main__ - WARNING - File not found for Kepler ID: 10055126 (Expected: kplr010055126*_lc.fits). Skipping.
2026-02-15 09:13:33,356 - __main__ - WARNING - File not found for Kepler ID: 3559935 (Expected: kplr003559935*_lc.fits). Skipping.
2026-02-15 09:13:34,761 - __main__ - WARNING - File not found for Kepler ID: 6364582 (Expected: kplr006364582*_lc.fits). Skipping.
2026-02-15 09:13:36,192 - __main__ - WARNING - File not found for Kepler ID: 5471158 (Expected: kplr005471158*_lc.fits). Skipping.
2026-02-15 09:13:37,680 - __main__ - WARNING - File not found for Kepler ID: 2852810 (Expected: kplr002852810*_lc.fits). Skipping.
2026-02-15 09:13:39,102 - __main__ - WARNING - File not found for Kepler ID: 8613338 (Expected: kplr008613338*_lc.fits). Skipping.
2026-02-15 09:13:40,488 - __main__ - WARNING - File not found for Kepler ID: 8646141 (Expected: kplr008646141*_lc.fits). Skipping.
2026-02-15 09:13:41,897 - __main__ - WARNING - File not found for Kepler ID: 9551430 (Expected: kplr009551430*_lc.fits). Skipping.
2026-02-15 09:13:43,325 - __main__ - WARNING - File not found for Kepler ID: 10718726 (Expected: kplr010718726*_lc.fits). Skipping.
2026-02-15 09:13:44,726 - __main__ - WARNING - File not found for Kepler ID: 2852810 (Expected: kplr002852810*_lc.fits). Skipping.
2026-02-15 09:13:46,206 - __main__ - WARNING - File not found for Kepler ID: 3003991 (Expected: kplr003003991*_lc.fits). Skipping.
2026-02-15 09:13:47,616 - __main__ - WARNING - File not found for Kepler ID: 3229028 (Expected: kplr003229028*_lc.fits). Skipping.
2026-02-15 09:13:49,040 - __main__ - WARNING - File not found for Kepler ID: 9145861 (Expected: kplr009145861*_lc.fits). Skipping.
2026-02-15 09:13:50,433 - __main__ - WARNING - File not found for Kepler ID: 6129694 (Expected: kplr006129694*_lc.fits). Skipping.
2026-02-15 09:13:51,834 - __main__ - WARNING - File not found for Kepler ID: 9899315 (Expected: kplr009899315*_lc.fits). Skipping.
2026-02-15 09:13:53,337 - __main__ - WARNING - File not found for Kepler ID: 3634051 (Expected: kplr003634051*_lc.fits). Skipping.
2026-02-15 09:13:54,771 - __main__ - WARNING - File not found for Kepler ID: 3634051 (Expected: kplr003634051*_lc.fits). Skipping.
2026-02-15 09:13:56,183 - __main__ - WARNING - File not found for Kepler ID: 3761319 (Expected: kplr003761319*_lc.fits). Skipping.
2026-02-15 09:13:57,580 - __main__ - WARNING - File not found for Kepler ID: 3762553 (Expected: kplr003762553*_lc.fits). Skipping.
2026-02-15 09:13:58,971 - __main__ - WARNING - File not found for Kepler ID: 9304842 (Expected: kplr009304842*_lc.fits). Skipping.
2026-02-15 09:14:00,401 - __main__ - WARNING - File not found for Kepler ID: 9304923 (Expected: kplr009304923*_lc.fits). Skipping.
2026-02-15 09:14:01,933 - __main__ - WARNING - File not found for Kepler ID: 3645438 (Expected: kplr003645438*_lc.fits). Skipping.
2026-02-15 09:14:03,327 - __main__ - WARNING - File not found for Kepler ID: 8210370 (Expected: kplr008210370*_lc.fits). Skipping.
2026-02-15 09:14:04,714 - __main__ - WARNING - File not found for Kepler ID: 4139254 (Expected: kplr004139254*_lc.fits). Skipping.
2026-02-15 09:14:06,148 - __main__ - WARNING - File not found for Kepler ID: 4255944 (Expected: kplr004255944*_lc.fits). Skipping.
2026-02-15 09:14:07,577 - __main__ - WARNING - File not found for Kepler ID: 5796186 (Expected: kplr005796186*_lc.fits). Skipping.
2026-02-15 09:14:08,986 - __main__ - WARNING - File not found for Kepler ID: 4464394 (Expected: kplr004464394*_lc.fits). Skipping.
2026-02-15 09:14:10,464 - __main__ - WARNING - File not found for Kepler ID: 4739229 (Expected: kplr004739229*_lc.fits). Skipping.
2026-02-15 09:14:11,860 - __main__ - WARNING - File not found for Kepler ID: 9974142 (Expected: kplr009974142*_lc.fits). Skipping.
2026-02-15 09:14:13,281 - __main__ - WARNING - File not found for Kepler ID: 9974142 (Expected: kplr009974142*_lc.fits). Skipping.
2026-02-15 09:14:14,673 - __main__ - WARNING - File not found for Kepler ID: 10163066 (Expected: kplr010163066*_lc.fits). Skipping.
2026-02-15 09:14:16,070 - __main__ - WARNING - File not found for Kepler ID: 7429287 (Expected: kplr007429287*_lc.fits). Skipping.
2026-02-15 09:14:17,569 - __main__ - WARNING - File not found for Kepler ID: 11296045 (Expected: kplr011296045*_lc.fits). Skipping.
2026-02-15 09:14:19,006 - __main__ - WARNING - File not found for Kepler ID: 5951416 (Expected: kplr005951416*_lc.fits). Skipping.
2026-02-15 09:14:20,405 - __main__ - WARNING - File not found for Kepler ID: 10340423 (Expected: kplr010340423*_lc.fits). Skipping.
2026-02-15 09:14:21,802 - __main__ - WARNING - File not found for Kepler ID: 4742420 (Expected: kplr004742420*_lc.fits). Skipping.
2026-02-15 09:14:23,195 - __main__ - WARNING - File not found for Kepler ID: 5306984 (Expected: kplr005306984*_lc.fits). Skipping.
2026-02-15 09:14:24,682 - __main__ - WARNING - File not found for Kepler ID: 10219361 (Expected: kplr010219361*_lc.fits). Skipping.
2026-02-15 09:14:26,252 - __main__ - WARNING - File not found for Kepler ID: 10964440 (Expected: kplr010964440*_lc.fits). Skipping.
2026-02-15 09:14:27,656 - __main__ - WARNING - File not found for Kepler ID: 10363233 (Expected: kplr010363233*_lc.fits). Skipping.
2026-02-15 09:14:29,058 - __main__ - WARNING - File not found for Kepler ID: 10414727 (Expected: kplr010414727*_lc.fits). Skipping.
2026-02-15 09:14:30,463 - __main__ - WARNING - File not found for Kepler ID: 4078157 (Expected: kplr004078157*_lc.fits). Skipping.
2026-02-15 09:14:31,869 - __main__ - WARNING - File not found for Kepler ID: 10971944 (Expected: kplr010971944*_lc.fits). Skipping.
2026-02-15 09:14:33,351 - __main__ - WARNING - File not found for Kepler ID: 4247991 (Expected: kplr004247991*_lc.fits). Skipping.
2026-02-15 09:14:34,757 - __main__ - WARNING - File not found for Kepler ID: 8042747 (Expected: kplr008042747*_lc.fits). Skipping.
2026-02-15 09:14:36,181 - __main__ - WARNING - File not found for Kepler ID: 5792202 (Expected: kplr005792202*_lc.fits). Skipping.
2026-02-15 09:14:37,604 - __main__ - WARNING - File not found for Kepler ID: 8109692 (Expected: kplr008109692*_lc.fits). Skipping.
2026-02-15 09:14:39,027 - __main__ - WARNING - File not found for Kepler ID: 6116172 (Expected: kplr006116172*_lc.fits). Skipping.
2026-02-15 09:14:40,432 - __main__ - WARNING - File not found for Kepler ID: 6182093 (Expected: kplr006182093*_lc.fits). Skipping.
2026-02-15 09:14:41,917 - __main__ - WARNING - File not found for Kepler ID: 9839821 (Expected: kplr009839821*_lc.fits). Skipping.
2026-02-15 09:14:43,349 - __main__ - WARNING - File not found for Kepler ID: 11296437 (Expected: kplr011296437*_lc.fits). Skipping.
2026-02-15 09:14:44,743 - __main__ - WARNING - File not found for Kepler ID: 11341164 (Expected: kplr011341164*_lc.fits). Skipping.
2026-02-15 09:14:46,145 - __main__ - WARNING - File not found for Kepler ID: 11462969 (Expected: kplr011462969*_lc.fits). Skipping.
2026-02-15 09:14:47,561 - __main__ - WARNING - File not found for Kepler ID: 11462969 (Expected: kplr011462969*_lc.fits). Skipping.
2026-02-15 09:14:49,075 - __main__ - WARNING - File not found for Kepler ID: 5792202 (Expected: kplr005792202*_lc.fits). Skipping.
2026-02-15 09:14:50,487 - __main__ - WARNING - File not found for Kepler ID: 8126531 (Expected: kplr008126531*_lc.fits). Skipping.
2026-02-15 09:14:51,896 - __main__ - WARNING - File not found for Kepler ID: 11656928 (Expected: kplr011656928*_lc.fits). Skipping.
2026-02-15 09:14:53,310 - __main__ - WARNING - File not found for Kepler ID: 2853780 (Expected: kplr002853780*_lc.fits). Skipping.
2026-02-15 09:14:54,721 - __main__ - WARNING - File not found for Kepler ID: 6946708 (Expected: kplr006946708*_lc.fits). Skipping.
2026-02-15 09:14:56,134 - __main__ - WARNING - File not found for Kepler ID: 6967278 (Expected: kplr006967278*_lc.fits). Skipping.
2026-02-15 09:14:57,609 - __main__ - WARNING - File not found for Kepler ID: 11775507 (Expected: kplr011775507*_lc.fits). Skipping.
2026-02-15 09:14:59,003 - __main__ - WARNING - File not found for Kepler ID: 11775507 (Expected: kplr011775507*_lc.fits). Skipping.
2026-02-15 09:15:00,478 - __main__ - WARNING - File not found for Kepler ID: 6768394 (Expected: kplr006768394*_lc.fits). Skipping.
2026-02-15 09:15:01,882 - __main__ - WARNING - File not found for Kepler ID: 9214712 (Expected: kplr009214712*_lc.fits). Skipping.
2026-02-15 09:15:03,294 - __main__ - WARNING - File not found for Kepler ID: 9214715 (Expected: kplr009214715*_lc.fits). Skipping.
2026-02-15 09:15:04,768 - __main__ - WARNING - File not found for Kepler ID: 7198881 (Expected: kplr007198881*_lc.fits). Skipping.
2026-02-15 09:15:06,182 - __main__ - WARNING - File not found for Kepler ID: 7198881 (Expected: kplr007198881*_lc.fits). Skipping.
2026-02-15 09:15:07,619 - __main__ - WARNING - File not found for Kepler ID: 10545066 (Expected: kplr010545066*_lc.fits). Skipping.
2026-02-15 09:15:09,010 - __main__ - WARNING - File not found for Kepler ID: 7464205 (Expected: kplr007464205*_lc.fits). Skipping.
2026-02-15 09:15:10,399 - __main__ - WARNING - File not found for Kepler ID: 5706595 (Expected: kplr005706595*_lc.fits). Skipping.
2026-02-15 09:15:11,807 - __main__ - WARNING - File not found for Kepler ID: 3548044 (Expected: kplr003548044*_lc.fits). Skipping.
2026-02-15 09:15:13,404 - __main__ - WARNING - File not found for Kepler ID: 2581191 (Expected: kplr002581191*_lc.fits). Skipping.
2026-02-15 09:15:15,027 - __main__ - WARNING - File not found for Kepler ID: 7835312 (Expected: kplr007835312*_lc.fits). Skipping.
2026-02-15 09:15:16,569 - __main__ - WARNING - File not found for Kepler ID: 4142847 (Expected: kplr004142847*_lc.fits). Skipping.
2026-02-15 09:15:18,176 - __main__ - WARNING - File not found for Kepler ID: 9221517 (Expected: kplr009221517*_lc.fits). Skipping.
2026-02-15 09:15:19,879 - __main__ - WARNING - File not found for Kepler ID: 11623629 (Expected: kplr011623629*_lc.fits). Skipping.
2026-02-15 09:15:21,649 - __main__ - WARNING - File not found for Kepler ID: 7974634 (Expected: kplr007974634*_lc.fits). Skipping.
2026-02-15 09:15:23,358 - __main__ - WARNING - File not found for Kepler ID: 7974634 (Expected: kplr007974634*_lc.fits). Skipping.
2026-02-15 09:15:25,180 - __main__ - WARNING - File not found for Kepler ID: 2305866 (Expected: kplr002305866*_lc.fits). Skipping.
2026-02-15 09:15:26,941 - __main__ - WARNING - File not found for Kepler ID: 12206313 (Expected: kplr012206313*_lc.fits). Skipping.
2026-02-15 09:15:28,612 - __main__ - WARNING - File not found for Kepler ID: 5184911 (Expected: kplr005184911*_lc.fits). Skipping.
2026-02-15 09:15:30,374 - __main__ - WARNING - File not found for Kepler ID: 6436029 (Expected: kplr006436029*_lc.fits). Skipping.
2026-02-15 09:15:32,262 - __main__ - WARNING - File not found for Kepler ID: 7767162 (Expected: kplr007767162*_lc.fits). Skipping.
2026-02-15 09:15:33,922 - __main__ - WARNING - File not found for Kepler ID: 9478990 (Expected: kplr009478990*_lc.fits). Skipping.
2026-02-15 09:15:35,745 - __main__ - WARNING - File not found for Kepler ID: 8165617 (Expected: kplr008165617*_lc.fits). Skipping.
2026-02-15 09:15:37,564 - __main__ - WARNING - File not found for Kepler ID: 8223568 (Expected: kplr008223568*_lc.fits). Skipping.
2026-02-15 09:15:39,346 - __main__ - WARNING - File not found for Kepler ID: 9838804 (Expected: kplr009838804*_lc.fits). Skipping.
2026-02-15 09:15:41,081 - __main__ - WARNING - File not found for Kepler ID: 9966219 (Expected: kplr009966219*_lc.fits). Skipping.
2026-02-15 09:15:43,147 - __main__ - WARNING - File not found for Kepler ID: 11974540 (Expected: kplr011974540*_lc.fits). Skipping.
2026-02-15 09:15:44,975 - __main__ - WARNING - File not found for Kepler ID: 7219825 (Expected: kplr007219825*_lc.fits). Skipping.
2026-02-15 09:15:46,883 - __main__ - WARNING - File not found for Kepler ID: 9958962 (Expected: kplr009958962*_lc.fits). Skipping.
2026-02-15 09:15:48,815 - __main__ - WARNING - File not found for Kepler ID: 11769146 (Expected: kplr011769146*_lc.fits). Skipping.
2026-02-15 09:15:50,763 - __main__ - WARNING - File not found for Kepler ID: 7868092 (Expected: kplr007868092*_lc.fits). Skipping.
2026-02-15 09:15:52,622 - __main__ - WARNING - File not found for Kepler ID: 9826171 (Expected: kplr009826171*_lc.fits). Skipping.
2026-02-15 09:15:54,427 - __main__ - WARNING - File not found for Kepler ID: 5005618 (Expected: kplr005005618*_lc.fits). Skipping.
2026-02-15 09:15:56,146 - __main__ - WARNING - File not found for Kepler ID: 10467815 (Expected: kplr010467815*_lc.fits). Skipping.
2026-02-15 09:15:57,830 - __main__ - WARNING - File not found for Kepler ID: 10847721 (Expected: kplr010847721*_lc.fits). Skipping.
2026-02-15 09:15:59,467 - __main__ - WARNING - File not found for Kepler ID: 10118942 (Expected: kplr010118942*_lc.fits). Skipping.
2026-02-15 09:16:01,113 - __main__ - WARNING - File not found for Kepler ID: 9471539 (Expected: kplr009471539*_lc.fits). Skipping.
2026-02-15 09:16:02,915 - __main__ - WARNING - File not found for Kepler ID: 2305819 (Expected: kplr002305819*_lc.fits). Skipping.
2026-02-15 09:16:04,476 - __main__ - WARNING - File not found for Kepler ID: 10284575 (Expected: kplr010284575*_lc.fits). Skipping.
2026-02-15 09:16:06,068 - __main__ - WARNING - File not found for Kepler ID: 2142501 (Expected: kplr002142501*_lc.fits). Skipping.
2026-02-15 09:16:07,772 - __main__ - WARNING - File not found for Kepler ID: 8413968 (Expected: kplr008413968*_lc.fits). Skipping.
2026-02-15 09:16:09,459 - __main__ - WARNING - File not found for Kepler ID: 9008103 (Expected: kplr009008103*_lc.fits). Skipping.
2026-02-15 09:16:11,089 - __main__ - WARNING - File not found for Kepler ID: 8308682 (Expected: kplr008308682*_lc.fits). Skipping.
2026-02-15 09:16:12,622 - __main__ - WARNING - File not found for Kepler ID: 11442793 (Expected: kplr011442793*_lc.fits). Skipping.
2026-02-15 09:16:14,181 - __main__ - WARNING - File not found for Kepler ID: 5217733 (Expected: kplr005217733*_lc.fits). Skipping.
2026-02-15 09:16:15,709 - __main__ - WARNING - File not found for Kepler ID: 6697976 (Expected: kplr006697976*_lc.fits). Skipping.
2026-02-15 09:16:17,259 - __main__ - WARNING - File not found for Kepler ID: 10089123 (Expected: kplr010089123*_lc.fits). Skipping.
2026-02-15 09:16:18,822 - __main__ - WARNING - File not found for Kepler ID: 8555967 (Expected: kplr008555967*_lc.fits). Skipping.
2026-02-15 09:16:20,529 - __main__ - WARNING - File not found for Kepler ID: 8374394 (Expected: kplr008374394*_lc.fits). Skipping.
2026-02-15 09:16:22,093 - __main__ - WARNING - File not found for Kepler ID: 8440062 (Expected: kplr008440062*_lc.fits). Skipping.
2026-02-15 09:16:23,666 - __main__ - WARNING - File not found for Kepler ID: 7663804 (Expected: kplr007663804*_lc.fits). Skipping.
2026-02-15 09:16:25,323 - __main__ - WARNING - File not found for Kepler ID: 10214328 (Expected: kplr010214328*_lc.fits). Skipping.
2026-02-15 09:16:27,027 - __main__ - WARNING - File not found for Kepler ID: 9214712 (Expected: kplr009214712*_lc.fits). Skipping.
2026-02-15 09:16:28,752 - __main__ - WARNING - File not found for Kepler ID: 9214715 (Expected: kplr009214715*_lc.fits). Skipping.
2026-02-15 09:16:30,412 - __main__ - WARNING - File not found for Kepler ID: 4076061 (Expected: kplr004076061*_lc.fits). Skipping.
2026-02-15 09:16:32,157 - __main__ - WARNING - File not found for Kepler ID: 8442795 (Expected: kplr008442795*_lc.fits). Skipping.
2026-02-15 09:16:33,897 - __main__ - WARNING - File not found for Kepler ID: 11356602 (Expected: kplr011356602*_lc.fits). Skipping.
2026-02-15 09:16:35,686 - __main__ - WARNING - File not found for Kepler ID: 1433531 (Expected: kplr001433531*_lc.fits). Skipping.
2026-02-15 09:16:37,396 - __main__ - WARNING - File not found for Kepler ID: 4171955 (Expected: kplr004171955*_lc.fits). Skipping.
2026-02-15 09:16:39,154 - __main__ - WARNING - File not found for Kepler ID: 6878408 (Expected: kplr006878408*_lc.fits). Skipping.
2026-02-15 09:16:40,740 - __main__ - WARNING - File not found for Kepler ID: 9480398 (Expected: kplr009480398*_lc.fits). Skipping.
2026-02-15 09:16:42,237 - __main__ - WARNING - File not found for Kepler ID: 9490342 (Expected: kplr009490342*_lc.fits). Skipping.
2026-02-15 09:16:43,833 - __main__ - WARNING - File not found for Kepler ID: 5115688 (Expected: kplr005115688*_lc.fits). Skipping.
2026-02-15 09:16:45,382 - __main__ - WARNING - File not found for Kepler ID: 8489260 (Expected: kplr008489260*_lc.fits). Skipping.
2026-02-15 09:16:47,205 - __main__ - WARNING - File not found for Kepler ID: 7871395 (Expected: kplr007871395*_lc.fits). Skipping.
2026-02-15 09:16:48,866 - __main__ - WARNING - File not found for Kepler ID: 10464199 (Expected: kplr010464199*_lc.fits). Skipping.
2026-02-15 09:16:50,494 - __main__ - WARNING - File not found for Kepler ID: 4384793 (Expected: kplr004384793*_lc.fits). Skipping.
2026-02-15 09:16:52,060 - __main__ - WARNING - File not found for Kepler ID: 5193439 (Expected: kplr005193439*_lc.fits). Skipping.
2026-02-15 09:16:53,675 - __main__ - WARNING - File not found for Kepler ID: 6209225 (Expected: kplr006209225*_lc.fits). Skipping.
2026-02-15 09:16:55,348 - __main__ - WARNING - File not found for Kepler ID: 8625408 (Expected: kplr008625408*_lc.fits). Skipping.
2026-02-15 09:16:57,185 - __main__ - WARNING - File not found for Kepler ID: 11671646 (Expected: kplr011671646*_lc.fits). Skipping.
2026-02-15 09:16:58,839 - __main__ - WARNING - File not found for Kepler ID: 2856960 (Expected: kplr002856960*_lc.fits). Skipping.
2026-02-15 09:17:00,478 - __main__ - WARNING - File not found for Kepler ID: 4567118 (Expected: kplr004567118*_lc.fits). Skipping.
2026-02-15 09:17:02,141 - __main__ - WARNING - File not found for Kepler ID: 4575824 (Expected: kplr004575824*_lc.fits). Skipping.
2026-02-15 09:17:03,755 - __main__ - WARNING - File not found for Kepler ID: 6279823 (Expected: kplr006279823*_lc.fits). Skipping.
2026-02-15 09:17:05,585 - __main__ - WARNING - File not found for Kepler ID: 7090801 (Expected: kplr007090801*_lc.fits). Skipping.
2026-02-15 09:17:07,269 - __main__ - WARNING - File not found for Kepler ID: 10586619 (Expected: kplr010586619*_lc.fits). Skipping.
2026-02-15 09:17:08,935 - __main__ - WARNING - File not found for Kepler ID: 8557246 (Expected: kplr008557246*_lc.fits). Skipping.
2026-02-15 09:17:10,523 - __main__ - WARNING - File not found for Kepler ID: 4578594 (Expected: kplr004578594*_lc.fits). Skipping.
2026-02-15 09:17:12,110 - __main__ - WARNING - File not found for Kepler ID: 8297017 (Expected: kplr008297017*_lc.fits). Skipping.
2026-02-15 09:17:13,807 - __main__ - WARNING - File not found for Kepler ID: 8508493 (Expected: kplr008508493*_lc.fits). Skipping.
2026-02-15 09:17:15,431 - __main__ - WARNING - File not found for Kepler ID: 9657636 (Expected: kplr009657636*_lc.fits). Skipping.
2026-02-15 09:17:16,972 - __main__ - WARNING - File not found for Kepler ID: 9674320 (Expected: kplr009674320*_lc.fits). Skipping.
2026-02-15 09:17:18,562 - __main__ - WARNING - File not found for Kepler ID: 5347537 (Expected: kplr005347537*_lc.fits). Skipping.
2026-02-15 09:17:20,191 - __main__ - WARNING - File not found for Kepler ID: 4832273 (Expected: kplr004832273*_lc.fits). Skipping.
2026-02-15 09:17:21,756 - __main__ - WARNING - File not found for Kepler ID: 6421937 (Expected: kplr006421937*_lc.fits). Skipping.
2026-02-15 09:17:23,331 - __main__ - WARNING - File not found for Kepler ID: 6428942 (Expected: kplr006428942*_lc.fits). Skipping.
2026-02-15 09:17:24,994 - __main__ - WARNING - File not found for Kepler ID: 8120820 (Expected: kplr008120820*_lc.fits). Skipping.
2026-02-15 09:17:26,753 - __main__ - WARNING - File not found for Kepler ID: 9821428 (Expected: kplr009821428*_lc.fits). Skipping.
2026-02-15 09:17:28,397 - __main__ - WARNING - File not found for Kepler ID: 6307521 (Expected: kplr006307521*_lc.fits). Skipping.
2026-02-15 09:17:29,956 - __main__ - WARNING - File not found for Kepler ID: 8158324 (Expected: kplr008158324*_lc.fits). Skipping.
2026-02-15 09:17:31,545 - __main__ - WARNING - File not found for Kepler ID: 4862625 (Expected: kplr004862625*_lc.fits). Skipping.
2026-02-15 09:17:33,531 - __main__ - WARNING - File not found for Kepler ID: 9906841 (Expected: kplr009906841*_lc.fits). Skipping.
2026-02-15 09:17:35,429 - __main__ - WARNING - File not found for Kepler ID: 2853828 (Expected: kplr002853828*_lc.fits). Skipping.
2026-02-15 09:17:37,110 - __main__ - WARNING - File not found for Kepler ID: 3548622 (Expected: kplr003548622*_lc.fits). Skipping.
2026-02-15 09:17:38,846 - __main__ - WARNING - File not found for Kepler ID: 8308516 (Expected: kplr008308516*_lc.fits). Skipping.
2026-02-15 09:17:40,658 - __main__ - WARNING - File not found for Kepler ID: 6590726 (Expected: kplr006590726*_lc.fits). Skipping.
2026-02-15 09:17:42,454 - __main__ - WARNING - File not found for Kepler ID: 11810124 (Expected: kplr011810124*_lc.fits). Skipping.
2026-02-15 09:17:44,322 - __main__ - WARNING - File not found for Kepler ID: 4950341 (Expected: kplr004950341*_lc.fits). Skipping.
2026-02-15 09:17:45,968 - __main__ - WARNING - File not found for Kepler ID: 5616489 (Expected: kplr005616489*_lc.fits). Skipping.
2026-02-15 09:17:47,527 - __main__ - WARNING - File not found for Kepler ID: 9150870 (Expected: kplr009150870*_lc.fits). Skipping.
2026-02-15 09:17:49,080 - __main__ - WARNING - File not found for Kepler ID: 12504353 (Expected: kplr012504353*_lc.fits). Skipping.
2026-02-15 09:17:50,743 - __main__ - WARNING - File not found for Kepler ID: 5633259 (Expected: kplr005633259*_lc.fits). Skipping.
2026-02-15 09:17:52,455 - __main__ - WARNING - File not found for Kepler ID: 6614748 (Expected: kplr006614748*_lc.fits). Skipping.
2026-02-15 09:17:54,071 - __main__ - WARNING - File not found for Kepler ID: 7431665 (Expected: kplr007431665*_lc.fits). Skipping.
2026-02-15 09:17:55,699 - __main__ - WARNING - File not found for Kepler ID: 7456521 (Expected: kplr007456521*_lc.fits). Skipping.
2026-02-15 09:17:57,366 - __main__ - WARNING - File not found for Kepler ID: 7499571 (Expected: kplr007499571*_lc.fits). Skipping.
2026-02-15 09:17:58,964 - __main__ - WARNING - File not found for Kepler ID: 8311864 (Expected: kplr008311864*_lc.fits). Skipping.
2026-02-15 09:18:00,594 - __main__ - WARNING - File not found for Kepler ID: 9595956 (Expected: kplr009595956*_lc.fits). Skipping.
2026-02-15 09:18:02,294 - __main__ - WARNING - File not found for Kepler ID: 9655792 (Expected: kplr009655792*_lc.fits). Skipping.
2026-02-15 09:18:03,847 - __main__ - WARNING - File not found for Kepler ID: 9970396 (Expected: kplr009970396*_lc.fits). Skipping.
2026-02-15 09:18:05,433 - __main__ - WARNING - File not found for Kepler ID: 11296798 (Expected: kplr011296798*_lc.fits). Skipping.
2026-02-15 09:18:07,000 - __main__ - WARNING - File not found for Kepler ID: 12253534 (Expected: kplr012253534*_lc.fits). Skipping.
2026-02-15 09:18:08,628 - __main__ - WARNING - File not found for Kepler ID: 7539174 (Expected: kplr007539174*_lc.fits). Skipping.
2026-02-15 09:18:10,308 - __main__ - WARNING - File not found for Kepler ID: 4862625 (Expected: kplr004862625*_lc.fits). Skipping.
2026-02-15 09:18:11,759 - __main__ - WARNING - File not found for Kepler ID: 3123418 (Expected: kplr003123418*_lc.fits). Skipping.
2026-02-15 09:18:13,199 - __main__ - WARNING - File not found for Kepler ID: 4384652 (Expected: kplr004384652*_lc.fits). Skipping.
2026-02-15 09:18:14,681 - __main__ - WARNING - File not found for Kepler ID: 4662363 (Expected: kplr004662363*_lc.fits). Skipping.
2026-02-15 09:18:16,159 - __main__ - WARNING - File not found for Kepler ID: 4851195 (Expected: kplr004851195*_lc.fits). Skipping.
2026-02-15 09:18:17,682 - __main__ - WARNING - File not found for Kepler ID: 4862924 (Expected: kplr004862924*_lc.fits). Skipping.
2026-02-15 09:18:19,256 - __main__ - WARNING - File not found for Kepler ID: 6307243 (Expected: kplr006307243*_lc.fits). Skipping.
2026-02-15 09:18:20,786 - __main__ - WARNING - File not found for Kepler ID: 6350522 (Expected: kplr006350522*_lc.fits). Skipping.
2026-02-15 09:18:22,306 - __main__ - WARNING - File not found for Kepler ID: 6385302 (Expected: kplr006385302*_lc.fits). Skipping.
2026-02-15 09:18:23,784 - __main__ - WARNING - File not found for Kepler ID: 6443274 (Expected: kplr006443274*_lc.fits). Skipping.
2026-02-15 09:18:25,252 - __main__ - WARNING - File not found for Kepler ID: 6508734 (Expected: kplr006508734*_lc.fits). Skipping.
2026-02-15 09:18:26,880 - __main__ - WARNING - File not found for Kepler ID: 8096395 (Expected: kplr008096395*_lc.fits). Skipping.
2026-02-15 09:18:28,334 - __main__ - WARNING - File not found for Kepler ID: 8106973 (Expected: kplr008106973*_lc.fits). Skipping.
2026-02-15 09:18:29,784 - __main__ - WARNING - File not found for Kepler ID: 8168509 (Expected: kplr008168509*_lc.fits). Skipping.
2026-02-15 09:18:31,228 - __main__ - WARNING - File not found for Kepler ID: 8297319 (Expected: kplr008297319*_lc.fits). Skipping.
2026-02-15 09:18:32,717 - __main__ - WARNING - File not found for Kepler ID: 8423344 (Expected: kplr008423344*_lc.fits). Skipping.
2026-02-15 09:18:34,175 - __main__ - WARNING - File not found for Kepler ID: 8682094 (Expected: kplr008682094*_lc.fits). Skipping.
2026-02-15 09:18:35,687 - __main__ - WARNING - File not found for Kepler ID: 9025662 (Expected: kplr009025662*_lc.fits). Skipping.
2026-02-15 09:18:37,107 - __main__ - WARNING - File not found for Kepler ID: 9246715 (Expected: kplr009246715*_lc.fits). Skipping.
2026-02-15 09:18:38,905 - __main__ - WARNING - File not found for Kepler ID: 9292130 (Expected: kplr009292130*_lc.fits). Skipping.
2026-02-15 09:18:40,338 - __main__ - WARNING - File not found for Kepler ID: 8757213 (Expected: kplr008757213*_lc.fits). Skipping.
2026-02-15 09:18:41,802 - __main__ - WARNING - File not found for Kepler ID: 8749844 (Expected: kplr008749844*_lc.fits). Skipping.
2026-02-15 09:18:43,425 - __main__ - WARNING - File not found for Kepler ID: 9079587 (Expected: kplr009079587*_lc.fits). Skipping.
2026-02-15 09:18:44,926 - __main__ - WARNING - File not found for Kepler ID: 8703506 (Expected: kplr008703506*_lc.fits). Skipping.
2026-02-15 09:18:46,363 - __main__ - WARNING - File not found for Kepler ID: 8761550 (Expected: kplr008761550*_lc.fits). Skipping.
2026-02-15 09:18:47,796 - __main__ - WARNING - File not found for Kepler ID: 8686761 (Expected: kplr008686761*_lc.fits). Skipping.
2026-02-15 09:18:49,215 - __main__ - WARNING - File not found for Kepler ID: 8880317 (Expected: kplr008880317*_lc.fits). Skipping.
2026-02-15 09:18:50,642 - __main__ - WARNING - File not found for Kepler ID: 10208894 (Expected: kplr010208894*_lc.fits). Skipping.
2026-02-15 09:18:52,169 - __main__ - WARNING - File not found for Kepler ID: 10253977 (Expected: kplr010253977*_lc.fits). Skipping.
2026-02-15 09:18:53,583 - __main__ - WARNING - File not found for Kepler ID: 10268714 (Expected: kplr010268714*_lc.fits). Skipping.
2026-02-15 09:18:55,058 - __main__ - WARNING - File not found for Kepler ID: 10281311 (Expected: kplr010281311*_lc.fits). Skipping.
2026-02-15 09:18:56,621 - __main__ - WARNING - File not found for Kepler ID: 10341876 (Expected: kplr010341876*_lc.fits). Skipping.
2026-02-15 09:18:58,152 - __main__ - WARNING - File not found for Kepler ID: 10351947 (Expected: kplr010351947*_lc.fits). Skipping.
2026-02-15 09:18:59,626 - __main__ - WARNING - File not found for Kepler ID: 10214341 (Expected: kplr010214341*_lc.fits). Skipping.
2026-02-15 09:19:01,302 - __main__ - WARNING - File not found for Kepler ID: 10263598 (Expected: kplr010263598*_lc.fits). Skipping.
2026-02-15 09:19:02,897 - __main__ - WARNING - File not found for Kepler ID: 4763020 (Expected: kplr004763020*_lc.fits). Skipping.
2026-02-15 09:19:04,446 - __main__ - WARNING - File not found for Kepler ID: 5288744 (Expected: kplr005288744*_lc.fits). Skipping.
2026-02-15 09:19:06,106 - __main__ - WARNING - File not found for Kepler ID: 5305225 (Expected: kplr005305225*_lc.fits). Skipping.
2026-02-15 09:19:07,774 - __main__ - WARNING - File not found for Kepler ID: 5598216 (Expected: kplr005598216*_lc.fits). Skipping.
2026-02-15 09:19:09,444 - __main__ - WARNING - File not found for Kepler ID: 5637036 (Expected: kplr005637036*_lc.fits). Skipping.
2026-02-15 09:19:10,919 - __main__ - WARNING - File not found for Kepler ID: 10385708 (Expected: kplr010385708*_lc.fits). Skipping.
2026-02-15 09:19:12,343 - __main__ - WARNING - File not found for Kepler ID: 10404545 (Expected: kplr010404545*_lc.fits). Skipping.
2026-02-15 09:19:13,830 - __main__ - WARNING - File not found for Kepler ID: 10425070 (Expected: kplr010425070*_lc.fits). Skipping.
2026-02-15 09:19:15,359 - __main__ - WARNING - File not found for Kepler ID: 10425070 (Expected: kplr010425070*_lc.fits). Skipping.
2026-02-15 09:19:16,900 - __main__ - WARNING - File not found for Kepler ID: 10461045 (Expected: kplr010461045*_lc.fits). Skipping.
2026-02-15 09:19:18,881 - __main__ - WARNING - File not found for Kepler ID: 10321927 (Expected: kplr010321927*_lc.fits). Skipping.
2026-02-15 09:19:20,824 - __main__ - WARNING - File not found for Kepler ID: 10321972 (Expected: kplr010321972*_lc.fits). Skipping.
2026-02-15 09:19:22,355 - __main__ - WARNING - File not found for Kepler ID: 10331279 (Expected: kplr010331279*_lc.fits). Skipping.
2026-02-15 09:19:23,814 - __main__ - WARNING - File not found for Kepler ID: 10338529 (Expected: kplr010338529*_lc.fits). Skipping.
2026-02-15 09:19:25,304 - __main__ - WARNING - File not found for Kepler ID: 5709226 (Expected: kplr005709226*_lc.fits). Skipping.
2026-02-15 09:19:27,004 - __main__ - WARNING - File not found for Kepler ID: 5775090 (Expected: kplr005775090*_lc.fits). Skipping.
2026-02-15 09:19:28,580 - __main__ - WARNING - File not found for Kepler ID: 5791705 (Expected: kplr005791705*_lc.fits). Skipping.
2026-02-15 09:19:30,558 - __main__ - WARNING - File not found for Kepler ID: 5802205 (Expected: kplr005802205*_lc.fits). Skipping.
2026-02-15 09:19:32,441 - __main__ - WARNING - File not found for Kepler ID: 5812648 (Expected: kplr005812648*_lc.fits). Skipping.
2026-02-15 09:19:34,193 - __main__ - WARNING - File not found for Kepler ID: 5858919 (Expected: kplr005858919*_lc.fits). Skipping.
2026-02-15 09:19:35,957 - __main__ - WARNING - File not found for Kepler ID: 5872139 (Expected: kplr005872139*_lc.fits). Skipping.
2026-02-15 09:19:37,553 - __main__ - WARNING - File not found for Kepler ID: 10519701 (Expected: kplr010519701*_lc.fits). Skipping.
2026-02-15 09:19:39,091 - __main__ - WARNING - File not found for Kepler ID: 10664150 (Expected: kplr010664150*_lc.fits). Skipping.
2026-02-15 09:19:40,548 - __main__ - WARNING - File not found for Kepler ID: 10753394 (Expected: kplr010753394*_lc.fits). Skipping.
2026-02-15 09:19:42,012 - __main__ - WARNING - File not found for Kepler ID: 10875937 (Expected: kplr010875937*_lc.fits). Skipping.
2026-02-15 09:19:43,496 - __main__ - WARNING - File not found for Kepler ID: 10907307 (Expected: kplr010907307*_lc.fits). Skipping.
2026-02-15 09:19:45,118 - __main__ - WARNING - File not found for Kepler ID: 11087662 (Expected: kplr011087662*_lc.fits). Skipping.
2026-02-15 09:19:46,587 - __main__ - WARNING - File not found for Kepler ID: 10389280 (Expected: kplr010389280*_lc.fits). Skipping.
2026-02-15 09:19:48,090 - __main__ - WARNING - File not found for Kepler ID: 5955197 (Expected: kplr005955197*_lc.fits). Skipping.
2026-02-15 09:19:49,603 - __main__ - WARNING - File not found for Kepler ID: 5955427 (Expected: kplr005955427*_lc.fits). Skipping.
2026-02-15 09:19:51,124 - __main__ - WARNING - File not found for Kepler ID: 6043574 (Expected: kplr006043574*_lc.fits). Skipping.
2026-02-15 09:19:52,579 - __main__ - WARNING - File not found for Kepler ID: 6049470 (Expected: kplr006049470*_lc.fits). Skipping.
2026-02-15 09:19:54,186 - __main__ - WARNING - File not found for Kepler ID: 6105359 (Expected: kplr006105359*_lc.fits). Skipping.
2026-02-15 09:19:55,788 - __main__ - WARNING - File not found for Kepler ID: 11099109 (Expected: kplr011099109*_lc.fits). Skipping.
2026-02-15 09:19:57,494 - __main__ - WARNING - File not found for Kepler ID: 11124353 (Expected: kplr011124353*_lc.fits). Skipping.
2026-02-15 09:19:59,126 - __main__ - WARNING - File not found for Kepler ID: 11338091 (Expected: kplr011338091*_lc.fits). Skipping.
2026-02-15 09:20:00,717 - __main__ - WARNING - File not found for Kepler ID: 11400356 (Expected: kplr011400356*_lc.fits). Skipping.
2026-02-15 09:20:02,415 - __main__ - WARNING - File not found for Kepler ID: 11449696 (Expected: kplr011449696*_lc.fits). Skipping.
2026-02-15 09:20:04,116 - __main__ - WARNING - File not found for Kepler ID: 11456839 (Expected: kplr011456839*_lc.fits). Skipping.
2026-02-15 09:20:05,750 - __main__ - WARNING - File not found for Kepler ID: 6119605 (Expected: kplr006119605*_lc.fits). Skipping.
2026-02-15 09:20:07,311 - __main__ - WARNING - File not found for Kepler ID: 6230649 (Expected: kplr006230649*_lc.fits). Skipping.
2026-02-15 09:20:08,928 - __main__ - WARNING - File not found for Kepler ID: 6286633 (Expected: kplr006286633*_lc.fits). Skipping.
2026-02-15 09:20:10,621 - __main__ - WARNING - File not found for Kepler ID: 6516529 (Expected: kplr006516529*_lc.fits). Skipping.
2026-02-15 09:20:12,313 - __main__ - WARNING - File not found for Kepler ID: 6521526 (Expected: kplr006521526*_lc.fits). Skipping.
2026-02-15 09:20:13,859 - __main__ - WARNING - File not found for Kepler ID: 11501492 (Expected: kplr011501492*_lc.fits). Skipping.
2026-02-15 09:20:15,565 - __main__ - WARNING - File not found for Kepler ID: 11558217 (Expected: kplr011558217*_lc.fits). Skipping.
2026-02-15 09:20:17,357 - __main__ - WARNING - File not found for Kepler ID: 11649292 (Expected: kplr011649292*_lc.fits). Skipping.
2026-02-15 09:20:19,393 - __main__ - WARNING - File not found for Kepler ID: 11760931 (Expected: kplr011760931*_lc.fits). Skipping.
2026-02-15 09:20:21,301 - __main__ - WARNING - File not found for Kepler ID: 11854061 (Expected: kplr011854061*_lc.fits). Skipping.
2026-02-15 09:20:22,982 - __main__ - WARNING - File not found for Kepler ID: 11868122 (Expected: kplr011868122*_lc.fits). Skipping.
2026-02-15 09:20:24,532 - __main__ - WARNING - File not found for Kepler ID: 11872364 (Expected: kplr011872364*_lc.fits). Skipping.
2026-02-15 09:20:26,033 - __main__ - WARNING - File not found for Kepler ID: 6600492 (Expected: kplr006600492*_lc.fits). Skipping.
2026-02-15 09:20:27,678 - __main__ - WARNING - File not found for Kepler ID: 6685403 (Expected: kplr006685403*_lc.fits). Skipping.
2026-02-15 09:20:29,335 - __main__ - WARNING - File not found for Kepler ID: 6846544 (Expected: kplr006846544*_lc.fits). Skipping.
2026-02-15 09:20:30,942 - __main__ - WARNING - File not found for Kepler ID: 6848529 (Expected: kplr006848529*_lc.fits). Skipping.
2026-02-15 09:20:33,018 - __main__ - WARNING - File not found for Kepler ID: 7020168 (Expected: kplr007020168*_lc.fits). Skipping.
2026-02-15 09:20:34,849 - __main__ - WARNING - File not found for Kepler ID: 12069319 (Expected: kplr012069319*_lc.fits). Skipping.
2026-02-15 09:20:36,506 - __main__ - WARNING - File not found for Kepler ID: 12121118 (Expected: kplr012121118*_lc.fits). Skipping.
2026-02-15 09:20:38,188 - __main__ - WARNING - File not found for Kepler ID: 12252732 (Expected: kplr012252732*_lc.fits). Skipping.
2026-02-15 09:20:39,973 - __main__ - WARNING - File not found for Kepler ID: 12554051 (Expected: kplr012554051*_lc.fits). Skipping.
2026-02-15 09:20:41,699 - __main__ - WARNING - File not found for Kepler ID: 12554485 (Expected: kplr012554485*_lc.fits). Skipping.
2026-02-15 09:20:43,310 - __main__ - WARNING - File not found for Kepler ID: 12555140 (Expected: kplr012555140*_lc.fits). Skipping.
2026-02-15 09:20:45,129 - __main__ - WARNING - File not found for Kepler ID: 10790401 (Expected: kplr010790401*_lc.fits). Skipping.
2026-02-15 09:20:46,857 - __main__ - WARNING - File not found for Kepler ID: 7049771 (Expected: kplr007049771*_lc.fits). Skipping.
2026-02-15 09:20:48,374 - __main__ - WARNING - File not found for Kepler ID: 7053328 (Expected: kplr007053328*_lc.fits). Skipping.
2026-02-15 09:20:49,934 - __main__ - WARNING - File not found for Kepler ID: 7106437 (Expected: kplr007106437*_lc.fits). Skipping.
2026-02-15 09:20:51,460 - __main__ - WARNING - File not found for Kepler ID: 7185710 (Expected: kplr007185710*_lc.fits). Skipping.
2026-02-15 09:20:52,952 - __main__ - WARNING - File not found for Kepler ID: 7282872 (Expected: kplr007282872*_lc.fits). Skipping.
2026-02-15 09:20:54,415 - __main__ - WARNING - File not found for Kepler ID: 7340624 (Expected: kplr007340624*_lc.fits). Skipping.
2026-02-15 09:20:55,953 - __main__ - WARNING - File not found for Kepler ID: 12647110 (Expected: kplr012647110*_lc.fits). Skipping.
2026-02-15 09:20:57,613 - __main__ - WARNING - File not found for Kepler ID: 12647757 (Expected: kplr012647757*_lc.fits). Skipping.
2026-02-15 09:20:59,457 - __main__ - WARNING - File not found for Kepler ID: 3629119 (Expected: kplr003629119*_lc.fits). Skipping.
2026-02-15 09:21:01,743 - __main__ - WARNING - File not found for Kepler ID: 4446859 (Expected: kplr004446859*_lc.fits). Skipping.
2026-02-15 09:21:03,454 - __main__ - WARNING - File not found for Kepler ID: 9084569 (Expected: kplr009084569*_lc.fits). Skipping.
2026-02-15 09:21:05,217 - __main__ - WARNING - File not found for Kepler ID: 10844823 (Expected: kplr010844823*_lc.fits). Skipping.
2026-02-15 09:21:06,838 - __main__ - WARNING - File not found for Kepler ID: 7662744 (Expected: kplr007662744*_lc.fits). Skipping.
2026-02-15 09:21:09,018 - __main__ - WARNING - File not found for Kepler ID: 7686191 (Expected: kplr007686191*_lc.fits). Skipping.
2026-02-15 09:21:10,678 - __main__ - WARNING - File not found for Kepler ID: 7690521 (Expected: kplr007690521*_lc.fits). Skipping.
2026-02-15 09:21:12,157 - __main__ - WARNING - File not found for Kepler ID: 7747835 (Expected: kplr007747835*_lc.fits). Skipping.
2026-02-15 09:21:13,616 - __main__ - WARNING - File not found for Kepler ID: 7762886 (Expected: kplr007762886*_lc.fits). Skipping.
2026-02-15 09:21:15,142 - __main__ - WARNING - File not found for Kepler ID: 4566999 (Expected: kplr004566999*_lc.fits). Skipping.
2026-02-15 09:21:16,657 - __main__ - WARNING - File not found for Kepler ID: 4569942 (Expected: kplr004569942*_lc.fits). Skipping.
2026-02-15 09:21:18,214 - __main__ - WARNING - File not found for Kepler ID: 4572728 (Expected: kplr004572728*_lc.fits). Skipping.
2026-02-15 09:21:19,823 - __main__ - WARNING - File not found for Kepler ID: 4847801 (Expected: kplr004847801*_lc.fits). Skipping.
2026-02-15 09:21:21,503 - __main__ - WARNING - File not found for Kepler ID: 5098334 (Expected: kplr005098334*_lc.fits). Skipping.
2026-02-15 09:21:23,150 - __main__ - WARNING - File not found for Kepler ID: 9210820 (Expected: kplr009210820*_lc.fits). Skipping.
2026-02-15 09:21:25,159 - __main__ - WARNING - File not found for Kepler ID: 9227215 (Expected: kplr009227215*_lc.fits). Skipping.
2026-02-15 09:21:27,887 - __main__ - WARNING - File not found for Kepler ID: 9278575 (Expected: kplr009278575*_lc.fits). Skipping.
2026-02-15 09:21:29,845 - __main__ - WARNING - File not found for Kepler ID: 11135119 (Expected: kplr011135119*_lc.fits). Skipping.
2026-02-15 09:21:31,532 - __main__ - WARNING - File not found for Kepler ID: 11182706 (Expected: kplr011182706*_lc.fits). Skipping.
2026-02-15 09:21:33,480 - __main__ - WARNING - File not found for Kepler ID: 11294822 (Expected: kplr011294822*_lc.fits). Skipping.
2026-02-15 09:21:35,285 - __main__ - WARNING - File not found for Kepler ID: 7811537 (Expected: kplr007811537*_lc.fits). Skipping.
2026-02-15 09:21:36,818 - __main__ - WARNING - File not found for Kepler ID: 7874976 (Expected: kplr007874976*_lc.fits). Skipping.
2026-02-15 09:21:38,384 - __main__ - WARNING - File not found for Kepler ID: 7888957 (Expected: kplr007888957*_lc.fits). Skipping.
2026-02-15 09:21:39,982 - __main__ - WARNING - File not found for Kepler ID: 7900114 (Expected: kplr007900114*_lc.fits). Skipping.
2026-02-15 09:21:41,606 - __main__ - WARNING - File not found for Kepler ID: 7936194 (Expected: kplr007936194*_lc.fits). Skipping.
2026-02-15 09:21:43,512 - __main__ - WARNING - File not found for Kepler ID: 7959310 (Expected: kplr007959310*_lc.fits). Skipping.
2026-02-15 09:21:45,211 - __main__ - WARNING - File not found for Kepler ID: 8012732 (Expected: kplr008012732*_lc.fits). Skipping.
2026-02-15 09:21:47,328 - __main__ - WARNING - File not found for Kepler ID: 5468555 (Expected: kplr005468555*_lc.fits). Skipping.
2026-02-15 09:21:50,196 - __main__ - WARNING - File not found for Kepler ID: 5638699 (Expected: kplr005638699*_lc.fits). Skipping.
2026-02-15 09:21:53,623 - __main__ - WARNING - File not found for Kepler ID: 5956171 (Expected: kplr005956171*_lc.fits). Skipping.
2026-02-15 09:21:55,572 - __main__ - WARNING - File not found for Kepler ID: 6032318 (Expected: kplr006032318*_lc.fits). Skipping.
2026-02-15 09:21:57,450 - __main__ - WARNING - File not found for Kepler ID: 9392016 (Expected: kplr009392016*_lc.fits). Skipping.
2026-02-15 09:21:59,331 - __main__ - WARNING - File not found for Kepler ID: 9469494 (Expected: kplr009469494*_lc.fits). Skipping.
2026-02-15 09:22:01,166 - __main__ - WARNING - File not found for Kepler ID: 9521317 (Expected: kplr009521317*_lc.fits). Skipping.
2026-02-15 09:22:02,866 - __main__ - WARNING - File not found for Kepler ID: 11296205 (Expected: kplr011296205*_lc.fits). Skipping.
2026-02-15 09:22:05,736 - __main__ - WARNING - File not found for Kepler ID: 11348086 (Expected: kplr011348086*_lc.fits). Skipping.
2026-02-15 09:22:08,604 - __main__ - WARNING - File not found for Kepler ID: 11350634 (Expected: kplr011350634*_lc.fits). Skipping.
2026-02-15 09:22:10,631 - __main__ - WARNING - File not found for Kepler ID: 11357185 (Expected: kplr011357185*_lc.fits). Skipping.
2026-02-15 09:22:12,364 - __main__ - WARNING - File not found for Kepler ID: 8028465 (Expected: kplr008028465*_lc.fits). Skipping.
2026-02-15 09:22:14,925 - __main__ - WARNING - File not found for Kepler ID: 8226720 (Expected: kplr008226720*_lc.fits). Skipping.
2026-02-15 09:22:17,181 - __main__ - WARNING - File not found for Kepler ID: 8307354 (Expected: kplr008307354*_lc.fits). Skipping.
2026-02-15 09:22:19,358 - __main__ - WARNING - File not found for Kepler ID: 8439949 (Expected: kplr008439949*_lc.fits). Skipping.
2026-02-15 09:22:21,705 - __main__ - WARNING - File not found for Kepler ID: 8588982 (Expected: kplr008588982*_lc.fits). Skipping.
2026-02-15 09:22:23,858 - __main__ - WARNING - File not found for Kepler ID: 6195669 (Expected: kplr006195669*_lc.fits). Skipping.
2026-02-15 09:22:25,991 - __main__ - WARNING - File not found for Kepler ID: 6356506 (Expected: kplr006356506*_lc.fits). Skipping.
2026-02-15 09:22:28,151 - __main__ - WARNING - File not found for Kepler ID: 6681618 (Expected: kplr006681618*_lc.fits). Skipping.
2026-02-15 09:22:30,270 - __main__ - WARNING - File not found for Kepler ID: 6946985 (Expected: kplr006946985*_lc.fits). Skipping.
2026-02-15 09:22:32,221 - __main__ - WARNING - File not found for Kepler ID: 7106438 (Expected: kplr007106438*_lc.fits). Skipping.
2026-02-15 09:22:34,339 - __main__ - WARNING - File not found for Kepler ID: 11565903 (Expected: kplr011565903*_lc.fits). Skipping.
2026-02-15 09:22:36,267 - __main__ - WARNING - File not found for Kepler ID: 11661803 (Expected: kplr011661803*_lc.fits). Skipping.
2026-02-15 09:22:38,441 - __main__ - WARNING - File not found for Kepler ID: 11661803 (Expected: kplr011661803*_lc.fits). Skipping.
2026-02-15 09:22:40,475 - __main__ - WARNING - File not found for Kepler ID: 8608544 (Expected: kplr008608544*_lc.fits). Skipping.
2026-02-15 09:22:42,375 - __main__ - WARNING - File not found for Kepler ID: 8608544 (Expected: kplr008608544*_lc.fits). Skipping.
2026-02-15 09:22:44,254 - __main__ - WARNING - File not found for Kepler ID: 8618147 (Expected: kplr008618147*_lc.fits). Skipping.
2026-02-15 09:22:46,095 - __main__ - WARNING - File not found for Kepler ID: 8630840 (Expected: kplr008630840*_lc.fits). Skipping.
2026-02-15 09:22:47,876 - __main__ - WARNING - File not found for Kepler ID: 8683144 (Expected: kplr008683144*_lc.fits). Skipping.
2026-02-15 09:22:49,629 - __main__ - WARNING - File not found for Kepler ID: 8708961 (Expected: kplr008708961*_lc.fits). Skipping.
2026-02-15 09:22:51,347 - __main__ - WARNING - File not found for Kepler ID: 8740744 (Expected: kplr008740744*_lc.fits). Skipping.
2026-02-15 09:22:53,071 - __main__ - WARNING - File not found for Kepler ID: 7451315 (Expected: kplr007451315*_lc.fits). Skipping.
2026-02-15 09:22:54,709 - __main__ - WARNING - File not found for Kepler ID: 7751294 (Expected: kplr007751294*_lc.fits). Skipping.
2026-02-15 09:22:56,347 - __main__ - WARNING - File not found for Kepler ID: 7832787 (Expected: kplr007832787*_lc.fits). Skipping.
2026-02-15 09:22:58,120 - __main__ - WARNING - File not found for Kepler ID: 8022520 (Expected: kplr008022520*_lc.fits). Skipping.
2026-02-15 09:22:59,752 - __main__ - WARNING - File not found for Kepler ID: 8108450 (Expected: kplr008108450*_lc.fits). Skipping.
2026-02-15 09:23:01,392 - __main__ - WARNING - File not found for Kepler ID: 8293631 (Expected: kplr008293631*_lc.fits). Skipping.
2026-02-15 09:23:03,143 - __main__ - WARNING - File not found for Kepler ID: 9650579 (Expected: kplr009650579*_lc.fits). Skipping.
2026-02-15 09:23:04,934 - __main__ - WARNING - File not found for Kepler ID: 9650762 (Expected: kplr009650762*_lc.fits). Skipping.
2026-02-15 09:23:06,867 - __main__ - WARNING - File not found for Kepler ID: 11714107 (Expected: kplr011714107*_lc.fits). Skipping.
2026-02-15 09:23:08,618 - __main__ - WARNING - File not found for Kepler ID: 8742735 (Expected: kplr008742735*_lc.fits). Skipping.
2026-02-15 09:23:10,388 - __main__ - WARNING - File not found for Kepler ID: 8743244 (Expected: kplr008743244*_lc.fits). Skipping.
2026-02-15 09:23:12,076 - __main__ - WARNING - File not found for Kepler ID: 8743244 (Expected: kplr008743244*_lc.fits). Skipping.
2026-02-15 09:23:13,744 - __main__ - WARNING - File not found for Kepler ID: 8748435 (Expected: kplr008748435*_lc.fits). Skipping.
2026-02-15 09:23:15,511 - __main__ - WARNING - File not found for Kepler ID: 8808064 (Expected: kplr008808064*_lc.fits). Skipping.
2026-02-15 09:23:17,326 - __main__ - WARNING - File not found for Kepler ID: 8813404 (Expected: kplr008813404*_lc.fits). Skipping.
2026-02-15 09:23:18,983 - __main__ - WARNING - File not found for Kepler ID: 8329346 (Expected: kplr008329346*_lc.fits). Skipping.
2026-02-15 09:23:20,625 - __main__ - WARNING - File not found for Kepler ID: 8637903 (Expected: kplr008637903*_lc.fits). Skipping.
2026-02-15 09:23:22,349 - __main__ - WARNING - File not found for Kepler ID: 8873674 (Expected: kplr008873674*_lc.fits). Skipping.
2026-02-15 09:23:23,903 - __main__ - WARNING - File not found for Kepler ID: 9011955 (Expected: kplr009011955*_lc.fits). Skipping.
2026-02-15 09:23:25,536 - __main__ - WARNING - File not found for Kepler ID: 9209808 (Expected: kplr009209808*_lc.fits). Skipping.
2026-02-15 09:23:27,133 - __main__ - WARNING - File not found for Kepler ID: 9710611 (Expected: kplr009710611*_lc.fits). Skipping.
2026-02-15 09:23:28,783 - __main__ - WARNING - File not found for Kepler ID: 9710626 (Expected: kplr009710626*_lc.fits). Skipping.
2026-02-15 09:23:30,445 - __main__ - WARNING - File not found for Kepler ID: 9710792 (Expected: kplr009710792*_lc.fits). Skipping.
2026-02-15 09:23:31,962 - __main__ - WARNING - File not found for Kepler ID: 11922290 (Expected: kplr011922290*_lc.fits). Skipping.
2026-02-15 09:23:33,557 - __main__ - WARNING - File not found for Kepler ID: 11966668 (Expected: kplr011966668*_lc.fits). Skipping.
2026-02-15 09:23:35,202 - __main__ - WARNING - File not found for Kepler ID: 11967872 (Expected: kplr011967872*_lc.fits). Skipping.
2026-02-15 09:23:36,766 - __main__ - WARNING - File not found for Kepler ID: 8815031 (Expected: kplr008815031*_lc.fits). Skipping.
2026-02-15 09:23:38,405 - __main__ - WARNING - File not found for Kepler ID: 8821936 (Expected: kplr008821936*_lc.fits). Skipping.
2026-02-15 09:23:40,193 - __main__ - WARNING - File not found for Kepler ID: 8832676 (Expected: kplr008832676*_lc.fits). Skipping.
2026-02-15 09:23:41,821 - __main__ - WARNING - File not found for Kepler ID: 8873873 (Expected: kplr008873873*_lc.fits). Skipping.
2026-02-15 09:23:43,472 - __main__ - WARNING - File not found for Kepler ID: 9075882 (Expected: kplr009075882*_lc.fits). Skipping.
2026-02-15 09:23:45,097 - __main__ - WARNING - File not found for Kepler ID: 9084832 (Expected: kplr009084832*_lc.fits). Skipping.
2026-02-15 09:23:46,699 - __main__ - WARNING - File not found for Kepler ID: 9239670 (Expected: kplr009239670*_lc.fits). Skipping.
2026-02-15 09:23:48,223 - __main__ - WARNING - File not found for Kepler ID: 9388557 (Expected: kplr009388557*_lc.fits). Skipping.
2026-02-15 09:23:49,752 - __main__ - WARNING - File not found for Kepler ID: 9536836 (Expected: kplr009536836*_lc.fits). Skipping.
2026-02-15 09:23:51,373 - __main__ - WARNING - File not found for Kepler ID: 9592621 (Expected: kplr009592621*_lc.fits). Skipping.
2026-02-15 09:23:53,090 - __main__ - WARNING - File not found for Kepler ID: 10010452 (Expected: kplr010010452*_lc.fits). Skipping.
2026-02-15 09:23:54,631 - __main__ - WARNING - File not found for Kepler ID: 9839062 (Expected: kplr009839062*_lc.fits). Skipping.
2026-02-15 09:23:56,164 - __main__ - WARNING - File not found for Kepler ID: 9114508 (Expected: kplr009114508*_lc.fits). Skipping.
2026-02-15 09:23:57,766 - __main__ - WARNING - File not found for Kepler ID: 9216810 (Expected: kplr009216810*_lc.fits). Skipping.
2026-02-15 09:23:59,349 - __main__ - WARNING - File not found for Kepler ID: 9268159 (Expected: kplr009268159*_lc.fits). Skipping.
2026-02-15 09:24:01,139 - __main__ - WARNING - File not found for Kepler ID: 9340460 (Expected: kplr009340460*_lc.fits). Skipping.
2026-02-15 09:24:02,833 - __main__ - WARNING - File not found for Kepler ID: 9649205 (Expected: kplr009649205*_lc.fits). Skipping.
2026-02-15 09:24:04,627 - __main__ - WARNING - File not found for Kepler ID: 10459805 (Expected: kplr010459805*_lc.fits). Skipping.
2026-02-15 09:24:06,289 - __main__ - WARNING - File not found for Kepler ID: 10532751 (Expected: kplr010532751*_lc.fits). Skipping.
2026-02-15 09:24:07,950 - __main__ - WARNING - File not found for Kepler ID: 10585887 (Expected: kplr010585887*_lc.fits). Skipping.
2026-02-15 09:24:09,708 - __main__ - WARNING - File not found for Kepler ID: 11867733 (Expected: kplr011867733*_lc.fits). Skipping.
2026-02-15 09:24:11,543 - __main__ - WARNING - File not found for Kepler ID: 12644020 (Expected: kplr012644020*_lc.fits). Skipping.
2026-02-15 09:24:13,222 - __main__ - WARNING - File not found for Kepler ID: 2010152 (Expected: kplr002010152*_lc.fits). Skipping.
2026-02-15 09:24:14,932 - __main__ - WARNING - File not found for Kepler ID: 2284957 (Expected: kplr002284957*_lc.fits). Skipping.
2026-02-15 09:24:16,721 - __main__ - WARNING - File not found for Kepler ID: 3533483 (Expected: kplr003533483*_lc.fits). Skipping.
2026-02-15 09:24:18,388 - __main__ - WARNING - File not found for Kepler ID: 3663850 (Expected: kplr003663850*_lc.fits). Skipping.
2026-02-15 09:24:20,093 - __main__ - WARNING - File not found for Kepler ID: 9771576 (Expected: kplr009771576*_lc.fits). Skipping.
2026-02-15 09:24:21,959 - __main__ - WARNING - File not found for Kepler ID: 9827094 (Expected: kplr009827094*_lc.fits). Skipping.
2026-02-15 09:24:23,576 - __main__ - WARNING - File not found for Kepler ID: 9837720 (Expected: kplr009837720*_lc.fits). Skipping.
2026-02-15 09:24:25,230 - __main__ - WARNING - File not found for Kepler ID: 9873604 (Expected: kplr009873604*_lc.fits). Skipping.
2026-02-15 09:24:26,864 - __main__ - WARNING - File not found for Kepler ID: 9874581 (Expected: kplr009874581*_lc.fits). Skipping.
2026-02-15 09:24:28,520 - __main__ - WARNING - File not found for Kepler ID: 9962731 (Expected: kplr009962731*_lc.fits). Skipping.
2026-02-15 09:24:30,182 - __main__ - WARNING - File not found for Kepler ID: 12117215 (Expected: kplr012117215*_lc.fits). Skipping.
2026-02-15 09:24:31,811 - __main__ - WARNING - File not found for Kepler ID: 12168280 (Expected: kplr012168280*_lc.fits). Skipping.
2026-02-15 09:24:33,545 - __main__ - WARNING - File not found for Kepler ID: 10011213 (Expected: kplr010011213*_lc.fits). Skipping.
2026-02-15 09:24:35,334 - __main__ - WARNING - File not found for Kepler ID: 10014875 (Expected: kplr010014875*_lc.fits). Skipping.
2026-02-15 09:24:37,076 - __main__ - WARNING - File not found for Kepler ID: 4056579 (Expected: kplr004056579*_lc.fits). Skipping.
2026-02-15 09:24:39,101 - __main__ - WARNING - File not found for Kepler ID: 4276445 (Expected: kplr004276445*_lc.fits). Skipping.
2026-02-15 09:24:41,341 - __main__ - WARNING - File not found for Kepler ID: 4557341 (Expected: kplr004557341*_lc.fits). Skipping.
2026-02-15 09:24:43,435 - __main__ - WARNING - File not found for Kepler ID: 4645492 (Expected: kplr004645492*_lc.fits). Skipping.
2026-02-15 09:24:45,552 - __main__ - WARNING - File not found for Kepler ID: 4738095 (Expected: kplr004738095*_lc.fits). Skipping.
2026-02-15 09:24:47,232 - __main__ - WARNING - File not found for Kepler ID: 10023069 (Expected: kplr010023069*_lc.fits). Skipping.
2026-02-15 09:24:48,819 - __main__ - WARNING - File not found for Kepler ID: 10028127 (Expected: kplr010028127*_lc.fits). Skipping.
2026-02-15 09:24:50,498 - __main__ - WARNING - File not found for Kepler ID: 10079317 (Expected: kplr010079317*_lc.fits). Skipping.
2026-02-15 09:24:52,185 - __main__ - WARNING - File not found for Kepler ID: 10079481 (Expected: kplr010079481*_lc.fits). Skipping.
2026-02-15 09:24:53,783 - __main__ - WARNING - File not found for Kepler ID: 10081899 (Expected: kplr010081899*_lc.fits). Skipping.
2026-02-15 09:24:55,362 - __main__ - WARNING - File not found for Kepler ID: 10199817 (Expected: kplr010199817*_lc.fits). Skipping.
2026-02-15 09:24:57,023 - __main__ - WARNING - File not found for Kepler ID: 10205598 (Expected: kplr010205598*_lc.fits). Skipping.
2026-02-15 09:24:58,778 - __main__ - WARNING - File not found for Kepler ID: 10155286 (Expected: kplr010155286*_lc.fits). Skipping.
2026-02-15 09:24:58,778 - __main__ - WARNING - No survey results to save.
2026-02-15 09:24:58,779 - __main__ - INFO - Long-Period Gap Fill Survey complete: Processed 1554 targets (actual results: 0).
2026-02-15 09:34:11,839 - __main__ - INFO - Starting Long-Period Gap Fill Survey for Kepler targets.
2026-02-15 09:34:11,852 - __main__ - INFO - Loaded combined metadata from: /Users/emmanuel/proj/phd/data_files/full_metadata_v2.csv
2026-02-15 09:34:11,853 - __main__ - INFO - Found 1554 Long-Period Kepler Targets to process.
2026-02-15 09:34:11,958 - __main__ - INFO - Model loaded from /Users/emmanuel/proj/phd/results/run_20260125-144401/exo_multimodal_model_best.h5
2026-02-15 09:34:13,898 - __main__ - WARNING - File not found for Kepler ID: 2306756 (Expected: kplr002306756*_lc.fits in [PosixPath('/Users/emmanuel/proj/exo/kepler_local_data'), PosixPath('/Users/emmanuel/proj/phd/data_files/light_curves')]). Skipping.
2026-02-15 09:34:15,826 - __main__ - WARNING - File not found for Kepler ID: 11465813 (Expected: kplr011465813*_lc.fits in [PosixPath('/Users/emmanuel/proj/exo/kepler_local_data'), PosixPath('/Users/emmanuel/proj/phd/data_files/light_curves')]). Skipping.
2026-02-15 09:34:17,743 - __main__ - WARNING - File not found for Kepler ID: 3832474 (Expected: kplr003832474*_lc.fits in [PosixPath('/Users/emmanuel/proj/exo/kepler_local_data'), PosixPath('/Users/emmanuel/proj/phd/data_files/light_curves')]). Skipping.
2026-02-15 09:34:19,523 - __main__ - WARNING - File not found for Kepler ID: 6867155 (Expected: kplr006867155*_lc.fits in [PosixPath('/Users/emmanuel/proj/exo/kepler_local_data'), PosixPath('/Users/emmanuel/proj/phd/data_files/light_curves')]). Skipping.
2026-02-15 09:34:21,301 - __main__ - WARNING - File not found for Kepler ID: 6862328 (Expected: kplr006862328*_lc.fits in [PosixPath('/Users/emmanuel/proj/exo/kepler_local_data'), PosixPath('/Users/emmanuel/proj/phd/data_files/light_curves')]). Skipping.
2026-02-15 09:34:23,197 - __main__ - WARNING - File not found for Kepler ID: 9471974 (Expected: kplr009471974*_lc.fits in [PosixPath('/Users/emmanuel/proj/exo/kepler_local_data'), PosixPath('/Users/emmanuel/proj/phd/data_files/light_curves')]). Skipping.
2026-02-15 09:34:25,053 - __main__ - WARNING - File not found for Kepler ID: 7373451 (Expected: kplr007373451*_lc.fits in [PosixPath('/Users/emmanuel/proj/exo/kepler_local_data'), PosixPath('/Users/emmanuel/proj/phd/data_files/light_curves')]). Skipping.
2026-02-15 09:34:27,090 - __main__ - WARNING - File not found for Kepler ID: 8490993 (Expected: kplr008490993*_lc.fits in [PosixPath('/Users/emmanuel/proj/exo/kepler_local_data'), PosixPath('/Users/emmanuel/proj/phd/data_files/light_curves')]). Skipping.
2026-02-15 09:34:28,995 - __main__ - WARNING - File not found for Kepler ID: 9904059 (Expected: kplr009904059*_lc.fits in [PosixPath('/Users/emmanuel/proj/exo/kepler_local_data'), PosixPath('/Users/emmanuel/proj/phd/data_files/light_curves')]). Skipping.
2026-02-15 09:34:31,032 - __main__ - WARNING - File not found for Kepler ID: 10460629 (Expected: kplr010460629*_lc.fits in [PosixPath('/Users/emmanuel/proj/exo/kepler_local_data'), PosixPath('/Users/emmanuel/proj/phd/data_files/light_curves')]). Skipping.
2026-02-15 09:34:33,354 - __main__ - WARNING - File not found for Kepler ID: 8559644 (Expected: kplr008559644*_lc.fits in [PosixPath('/Users/emmanuel/proj/exo/kepler_local_data'), PosixPath('/Users/emmanuel/proj/phd/data_files/light_curves')]). Skipping.
2026-02-15 09:34:35,468 - __main__ - WARNING - File not found for Kepler ID: 10287723 (Expected: kplr010287723*_lc.fits in [PosixPath('/Users/emmanuel/proj/exo/kepler_local_data'), PosixPath('/Users/emmanuel/proj/phd/data_files/light_curves')]). Skipping.
2026-02-15 09:34:37,506 - __main__ - WARNING - File not found for Kepler ID: 1996679 (Expected: kplr001996679*_lc.fits in [PosixPath('/Users/emmanuel/proj/exo/kepler_local_data'), PosixPath('/Users/emmanuel/proj/phd/data_files/light_curves')]). Skipping.
2026-02-15 09:34:39,521 - __main__ - WARNING - File not found for Kepler ID: 3942446 (Expected: kplr003942446*_lc.fits in [PosixPath('/Users/emmanuel/proj/exo/kepler_local_data'), PosixPath('/Users/emmanuel/proj/phd/data_files/light_curves')]). Skipping.
2026-02-15 09:34:41,597 - __main__ - WARNING - File not found for Kepler ID: 3644071 (Expected: kplr003644071*_lc.fits in [PosixPath('/Users/emmanuel/proj/exo/kepler_local_data'), PosixPath('/Users/emmanuel/proj/phd/data_files/light_curves')]). Skipping.
2026-02-15 09:34:43,532 - __main__ - WARNING - File not found for Kepler ID: 8246781 (Expected: kplr008246781*_lc.fits in [PosixPath('/Users/emmanuel/proj/exo/kepler_local_data'), PosixPath('/Users/emmanuel/proj/phd/data_files/light_curves')]). Skipping.
2026-02-15 09:34:45,529 - __main__ - WARNING - File not found for Kepler ID: 1432214 (Expected: kplr001432214*_lc.fits in [PosixPath('/Users/emmanuel/proj/exo/kepler_local_data'), PosixPath('/Users/emmanuel/proj/phd/data_files/light_curves')]). Skipping.
2026-02-15 09:34:47,612 - __main__ - WARNING - File not found for Kepler ID: 8240904 (Expected: kplr008240904*_lc.fits in [PosixPath('/Users/emmanuel/proj/exo/kepler_local_data'), PosixPath('/Users/emmanuel/proj/phd/data_files/light_curves')]). Skipping.
2026-02-15 09:34:49,660 - __main__ - WARNING - File not found for Kepler ID: 8414907 (Expected: kplr008414907*_lc.fits in [PosixPath('/Users/emmanuel/proj/exo/kepler_local_data'), PosixPath('/Users/emmanuel/proj/phd/data_files/light_curves')]). Skipping.
2026-02-15 09:34:51,650 - __main__ - WARNING - File not found for Kepler ID: 8414907 (Expected: kplr008414907*_lc.fits in [PosixPath('/Users/emmanuel/proj/exo/kepler_local_data'), PosixPath('/Users/emmanuel/proj/phd/data_files/light_curves')]). Skipping.
2026-02-15 09:34:53,700 - __main__ - WARNING - File not found for Kepler ID: 3756801 (Expected: kplr003756801*_lc.fits in [PosixPath('/Users/emmanuel/proj/exo/kepler_local_data'), PosixPath('/Users/emmanuel/proj/phd/data_files/light_curves')]). Skipping.
2026-02-15 09:34:55,656 - __main__ - WARNING - File not found for Kepler ID: 1871056 (Expected: kplr001871056*_lc.fits in [PosixPath('/Users/emmanuel/proj/exo/kepler_local_data'), PosixPath('/Users/emmanuel/proj/phd/data_files/light_curves')]). Skipping.
2026-02-15 09:34:57,666 - __main__ - WARNING - File not found for Kepler ID: 1722276 (Expected: kplr001722276*_lc.fits in [PosixPath('/Users/emmanuel/proj/exo/kepler_local_data'), PosixPath('/Users/emmanuel/proj/phd/data_files/light_curves')]). Skipping.
2026-02-15 09:34:59,866 - __main__ - WARNING - File not found for Kepler ID: 1027438 (Expected: kplr001027438*_lc.fits in [PosixPath('/Users/emmanuel/proj/exo/kepler_local_data'), PosixPath('/Users/emmanuel/proj/phd/data_files/light_curves')]). Skipping.
2026-02-15 09:35:01,888 - __main__ - WARNING - File not found for Kepler ID: 3230491 (Expected: kplr003230491*_lc.fits in [PosixPath('/Users/emmanuel/proj/exo/kepler_local_data'), PosixPath('/Users/emmanuel/proj/phd/data_files/light_curves')]). Skipping.
2026-02-15 09:35:03,780 - __main__ - WARNING - File not found for Kepler ID: 10528068 (Expected: kplr010528068*_lc.fits in [PosixPath('/Users/emmanuel/proj/exo/kepler_local_data'), PosixPath('/Users/emmanuel/proj/phd/data_files/light_curves')]). Skipping.
2026-02-15 09:35:05,643 - __main__ - WARNING - File not found for Kepler ID: 2162635 (Expected: kplr002162635*_lc.fits in [PosixPath('/Users/emmanuel/proj/exo/kepler_local_data'), PosixPath('/Users/emmanuel/proj/phd/data_files/light_curves')]). Skipping.
2026-02-15 09:35:07,410 - __main__ - WARNING - File not found for Kepler ID: 2853093 (Expected: kplr002853093*_lc.fits in [PosixPath('/Users/emmanuel/proj/exo/kepler_local_data'), PosixPath('/Users/emmanuel/proj/phd/data_files/light_curves')]). Skipping.
2026-02-15 09:35:09,154 - __main__ - WARNING - File not found for Kepler ID: 11122894 (Expected: kplr011122894*_lc.fits in [PosixPath('/Users/emmanuel/proj/exo/kepler_local_data'), PosixPath('/Users/emmanuel/proj/phd/data_files/light_curves')]). Skipping.
2026-02-15 09:35:11,123 - __main__ - WARNING - File not found for Kepler ID: 11030711 (Expected: kplr011030711*_lc.fits in [PosixPath('/Users/emmanuel/proj/exo/kepler_local_data'), PosixPath('/Users/emmanuel/proj/phd/data_files/light_curves')]). Skipping.
2026-02-15 09:35:12,894 - __main__ - WARNING - File not found for Kepler ID: 11075279 (Expected: kplr011075279*_lc.fits in [PosixPath('/Users/emmanuel/proj/exo/kepler_local_data'), PosixPath('/Users/emmanuel/proj/phd/data_files/light_curves')]). Skipping.
2026-02-15 09:35:14,631 - __main__ - WARNING - File not found for Kepler ID: 6541920 (Expected: kplr006541920*_lc.fits in [PosixPath('/Users/emmanuel/proj/exo/kepler_local_data'), PosixPath('/Users/emmanuel/proj/phd/data_files/light_curves')]). Skipping.
2026-02-15 09:35:16,442 - __main__ - WARNING - File not found for Kepler ID: 7357531 (Expected: kplr007357531*_lc.fits in [PosixPath('/Users/emmanuel/proj/exo/kepler_local_data'), PosixPath('/Users/emmanuel/proj/phd/data_files/light_curves')]). Skipping.
2026-02-15 09:35:18,240 - __main__ - WARNING - File not found for Kepler ID: 11027624 (Expected: kplr011027624*_lc.fits in [PosixPath('/Users/emmanuel/proj/exo/kepler_local_data'), PosixPath('/Users/emmanuel/proj/phd/data_files/light_curves')]). Skipping.
2026-02-15 09:35:20,065 - __main__ - WARNING - File not found for Kepler ID: 8630788 (Expected: kplr008630788*_lc.fits in [PosixPath('/Users/emmanuel/proj/exo/kepler_local_data'), PosixPath('/Users/emmanuel/proj/phd/data_files/light_curves')]). Skipping.
2026-02-15 09:35:21,832 - __main__ - WARNING - File not found for Kepler ID: 6766634 (Expected: kplr006766634*_lc.fits in [PosixPath('/Users/emmanuel/proj/exo/kepler_local_data'), PosixPath('/Users/emmanuel/proj/phd/data_files/light_curves')]). Skipping.
2026-02-15 09:35:23,678 - __main__ - WARNING - File not found for Kepler ID: 8678594 (Expected: kplr008678594*_lc.fits in [PosixPath('/Users/emmanuel/proj/exo/kepler_local_data'), PosixPath('/Users/emmanuel/proj/phd/data_files/light_curves')]). Skipping.
2026-02-15 09:35:25,572 - __main__ - WARNING - File not found for Kepler ID: 8813698 (Expected: kplr008813698*_lc.fits in [PosixPath('/Users/emmanuel/proj/exo/kepler_local_data'), PosixPath('/Users/emmanuel/proj/phd/data_files/light_curves')]). Skipping.
2026-02-15 09:35:27,530 - __main__ - WARNING - File not found for Kepler ID: 8631160 (Expected: kplr008631160*_lc.fits in [PosixPath('/Users/emmanuel/proj/exo/kepler_local_data'), PosixPath('/Users/emmanuel/proj/phd/data_files/light_curves')]). Skipping.
2026-02-15 09:35:29,609 - __main__ - WARNING - File not found for Kepler ID: 7830637 (Expected: kplr007830637*_lc.fits in [PosixPath('/Users/emmanuel/proj/exo/kepler_local_data'), PosixPath('/Users/emmanuel/proj/phd/data_files/light_curves')]). Skipping.
2026-02-15 09:35:31,654 - __main__ - WARNING - File not found for Kepler ID: 8800954 (Expected: kplr008800954*_lc.fits in [PosixPath('/Users/emmanuel/proj/exo/kepler_local_data'), PosixPath('/Users/emmanuel/proj/phd/data_files/light_curves')]). Skipping.
2026-02-15 09:35:33,631 - __main__ - WARNING - File not found for Kepler ID: 4155328 (Expected: kplr004155328*_lc.fits in [PosixPath('/Users/emmanuel/proj/exo/kepler_local_data'), PosixPath('/Users/emmanuel/proj/phd/data_files/light_curves')]). Skipping.
2026-02-15 09:35:35,695 - __main__ - WARNING - File not found for Kepler ID: 3962440 (Expected: kplr003962440*_lc.fits in [PosixPath('/Users/emmanuel/proj/exo/kepler_local_data'), PosixPath('/Users/emmanuel/proj/phd/data_files/light_curves')]). Skipping.
2026-02-15 09:35:37,645 - __main__ - WARNING - File not found for Kepler ID: 3534076 (Expected: kplr003534076*_lc.fits in [PosixPath('/Users/emmanuel/proj/exo/kepler_local_data'), PosixPath('/Users/emmanuel/proj/phd/data_files/light_curves')]). Skipping.
2026-02-15 09:35:39,604 - __main__ - WARNING - File not found for Kepler ID: 10790387 (Expected: kplr010790387*_lc.fits in [PosixPath('/Users/emmanuel/proj/exo/kepler_local_data'), PosixPath('/Users/emmanuel/proj/phd/data_files/light_curves')]). Skipping.
2026-02-15 09:35:41,738 - __main__ - WARNING - File not found for Kepler ID: 7303287 (Expected: kplr007303287*_lc.fits in [PosixPath('/Users/emmanuel/proj/exo/kepler_local_data'), PosixPath('/Users/emmanuel/proj/phd/data_files/light_curves')]). Skipping.
2026-02-15 09:35:43,685 - __main__ - WARNING - File not found for Kepler ID: 6621116 (Expected: kplr006621116*_lc.fits in [PosixPath('/Users/emmanuel/proj/exo/kepler_local_data'), PosixPath('/Users/emmanuel/proj/phd/data_files/light_curves')]). Skipping.
2026-02-15 09:35:45,643 - __main__ - WARNING - File not found for Kepler ID: 6470149 (Expected: kplr006470149*_lc.fits in [PosixPath('/Users/emmanuel/proj/exo/kepler_local_data'), PosixPath('/Users/emmanuel/proj/phd/data_files/light_curves')]). Skipping.
2026-02-15 09:35:47,707 - __main__ - WARNING - File not found for Kepler ID: 7363829 (Expected: kplr007363829*_lc.fits in [PosixPath('/Users/emmanuel/proj/exo/kepler_local_data'), PosixPath('/Users/emmanuel/proj/phd/data_files/light_curves')]). Skipping.
2026-02-15 09:35:49,634 - __main__ - WARNING - File not found for Kepler ID: 11342550 (Expected: kplr011342550*_lc.fits in [PosixPath('/Users/emmanuel/proj/exo/kepler_local_data'), PosixPath('/Users/emmanuel/proj/phd/data_files/light_curves')]). Skipping.
2026-02-15 09:35:51,649 - __main__ - WARNING - File not found for Kepler ID: 6665223 (Expected: kplr006665223*_lc.fits in [PosixPath('/Users/emmanuel/proj/exo/kepler_local_data'), PosixPath('/Users/emmanuel/proj/phd/data_files/light_curves')]). Skipping.
2026-02-15 09:35:53,848 - __main__ - WARNING - File not found for Kepler ID: 6946199 (Expected: kplr006946199*_lc.fits in [PosixPath('/Users/emmanuel/proj/exo/kepler_local_data'), PosixPath('/Users/emmanuel/proj/phd/data_files/light_curves')]). Skipping.
2026-02-15 09:35:55,799 - __main__ - WARNING - File not found for Kepler ID: 11177707 (Expected: kplr011177707*_lc.fits in [PosixPath('/Users/emmanuel/proj/exo/kepler_local_data'), PosixPath('/Users/emmanuel/proj/phd/data_files/light_curves')]). Skipping.
2026-02-15 09:35:57,830 - __main__ - WARNING - File not found for Kepler ID: 9836959 (Expected: kplr009836959*_lc.fits in [PosixPath('/Users/emmanuel/proj/exo/kepler_local_data'), PosixPath('/Users/emmanuel/proj/phd/data_files/light_curves')]). Skipping.
2026-02-15 09:35:59,893 - __main__ - WARNING - File not found for Kepler ID: 12400538 (Expected: kplr012400538*_lc.fits in [PosixPath('/Users/emmanuel/proj/exo/kepler_local_data'), PosixPath('/Users/emmanuel/proj/phd/data_files/light_curves')]). Skipping.
2026-02-15 09:36:01,842 - __main__ - WARNING - File not found for Kepler ID: 7199906 (Expected: kplr007199906*_lc.fits in [PosixPath('/Users/emmanuel/proj/exo/kepler_local_data'), PosixPath('/Users/emmanuel/proj/phd/data_files/light_curves')]). Skipping.
2026-02-15 09:36:03,924 - __main__ - WARNING - File not found for Kepler ID: 10028792 (Expected: kplr010028792*_lc.fits in [PosixPath('/Users/emmanuel/proj/exo/kepler_local_data'), PosixPath('/Users/emmanuel/proj/phd/data_files/light_curves')]). Skipping.
2026-02-15 09:36:05,981 - __main__ - WARNING - File not found for Kepler ID: 10028792 (Expected: kplr010028792*_lc.fits in [PosixPath('/Users/emmanuel/proj/exo/kepler_local_data'), PosixPath('/Users/emmanuel/proj/phd/data_files/light_curves')]). Skipping.
2026-02-15 09:36:07,918 - __main__ - WARNING - File not found for Kepler ID: 7939330 (Expected: kplr007939330*_lc.fits in [PosixPath('/Users/emmanuel/proj/exo/kepler_local_data'), PosixPath('/Users/emmanuel/proj/phd/data_files/light_curves')]). Skipping.
2026-02-15 09:36:09,891 - __main__ - WARNING - File not found for Kepler ID: 4918309 (Expected: kplr004918309*_lc.fits in [PosixPath('/Users/emmanuel/proj/exo/kepler_local_data'), PosixPath('/Users/emmanuel/proj/phd/data_files/light_curves')]). Skipping.
2026-02-15 09:36:12,046 - __main__ - WARNING - File not found for Kepler ID: 7768451 (Expected: kplr007768451*_lc.fits in [PosixPath('/Users/emmanuel/proj/exo/kepler_local_data'), PosixPath('/Users/emmanuel/proj/phd/data_files/light_curves')]). Skipping.
2026-02-15 09:36:13,863 - __main__ - WARNING - File not found for Kepler ID: 7672940 (Expected: kplr007672940*_lc.fits in [PosixPath('/Users/emmanuel/proj/exo/kepler_local_data'), PosixPath('/Users/emmanuel/proj/phd/data_files/light_curves')]). Skipping.
2026-02-15 09:36:15,760 - __main__ - WARNING - File not found for Kepler ID: 9512981 (Expected: kplr009512981*_lc.fits in [PosixPath('/Users/emmanuel/proj/exo/kepler_local_data'), PosixPath('/Users/emmanuel/proj/phd/data_files/light_curves')]). Skipping.
2026-02-15 09:36:17,621 - __main__ - WARNING - File not found for Kepler ID: 8692861 (Expected: kplr008692861*_lc.fits in [PosixPath('/Users/emmanuel/proj/exo/kepler_local_data'), PosixPath('/Users/emmanuel/proj/phd/data_files/light_curves')]). Skipping.
2026-02-15 09:36:19,394 - __main__ - WARNING - File not found for Kepler ID: 7811397 (Expected: kplr007811397*_lc.fits in [PosixPath('/Users/emmanuel/proj/exo/kepler_local_data'), PosixPath('/Users/emmanuel/proj/phd/data_files/light_curves')]). Skipping.
2026-02-15 09:36:21,145 - __main__ - WARNING - File not found for Kepler ID: 10027323 (Expected: kplr010027323*_lc.fits in [PosixPath('/Users/emmanuel/proj/exo/kepler_local_data'), PosixPath('/Users/emmanuel/proj/phd/data_files/light_curves')]). Skipping.
2026-02-15 09:36:23,028 - __main__ - WARNING - File not found for Kepler ID: 9663113 (Expected: kplr009663113*_lc.fits in [PosixPath('/Users/emmanuel/proj/exo/kepler_local_data'), PosixPath('/Users/emmanuel/proj/phd/data_files/light_curves')]). Skipping.
2026-02-15 09:36:24,862 - __main__ - WARNING - File not found for Kepler ID: 7898352 (Expected: kplr007898352*_lc.fits in [PosixPath('/Users/emmanuel/proj/exo/kepler_local_data'), PosixPath('/Users/emmanuel/proj/phd/data_files/light_curves')]). Skipping.
2026-02-15 09:36:26,851 - __main__ - WARNING - File not found for Kepler ID: 9902856 (Expected: kplr009902856*_lc.fits in [PosixPath('/Users/emmanuel/proj/exo/kepler_local_data'), PosixPath('/Users/emmanuel/proj/phd/data_files/light_curves')]). Skipping.
2026-02-15 09:36:28,752 - __main__ - WARNING - File not found for Kepler ID: 6468138 (Expected: kplr006468138*_lc.fits in [PosixPath('/Users/emmanuel/proj/exo/kepler_local_data'), PosixPath('/Users/emmanuel/proj/phd/data_files/light_curves')]). Skipping.
2026-02-15 09:36:30,548 - __main__ - WARNING - File not found for Kepler ID: 9650808 (Expected: kplr009650808*_lc.fits in [PosixPath('/Users/emmanuel/proj/exo/kepler_local_data'), PosixPath('/Users/emmanuel/proj/phd/data_files/light_curves')]). Skipping.
2026-02-15 09:36:32,276 - __main__ - WARNING - File not found for Kepler ID: 5809954 (Expected: kplr005809954*_lc.fits in [PosixPath('/Users/emmanuel/proj/exo/kepler_local_data'), PosixPath('/Users/emmanuel/proj/phd/data_files/light_curves')]). Skipping.
2026-02-15 09:36:34,129 - __main__ - WARNING - File not found for Kepler ID: 7289577 (Expected: kplr007289577*_lc.fits in [PosixPath('/Users/emmanuel/proj/exo/kepler_local_data'), PosixPath('/Users/emmanuel/proj/phd/data_files/light_curves')]). Skipping.
2026-02-15 09:36:36,410 - __main__ - WARNING - File not found for Kepler ID: 11769890 (Expected: kplr011769890*_lc.fits in [PosixPath('/Users/emmanuel/proj/exo/kepler_local_data'), PosixPath('/Users/emmanuel/proj/phd/data_files/light_curves')]). Skipping.
2026-02-15 09:36:38,338 - __main__ - WARNING - File not found for Kepler ID: 8257205 (Expected: kplr008257205*_lc.fits in [PosixPath('/Users/emmanuel/proj/exo/kepler_local_data'), PosixPath('/Users/emmanuel/proj/phd/data_files/light_curves')]). Skipping.
2026-02-15 09:36:40,437 - __main__ - WARNING - File not found for Kepler ID: 10779233 (Expected: kplr010779233*_lc.fits in [PosixPath('/Users/emmanuel/proj/exo/kepler_local_data'), PosixPath('/Users/emmanuel/proj/phd/data_files/light_curves')]). Skipping.
2026-02-15 09:36:42,448 - __main__ - WARNING - File not found for Kepler ID: 3239671 (Expected: kplr003239671*_lc.fits in [PosixPath('/Users/emmanuel/proj/exo/kepler_local_data'), PosixPath('/Users/emmanuel/proj/phd/data_files/light_curves')]). Skipping.
2026-02-15 09:36:44,438 - __main__ - WARNING - File not found for Kepler ID: 8160953 (Expected: kplr008160953*_lc.fits in [PosixPath('/Users/emmanuel/proj/exo/kepler_local_data'), PosixPath('/Users/emmanuel/proj/phd/data_files/light_curves')]). Skipping.
2026-02-15 09:36:46,579 - __main__ - WARNING - File not found for Kepler ID: 10005758 (Expected: kplr010005758*_lc.fits in [PosixPath('/Users/emmanuel/proj/exo/kepler_local_data'), PosixPath('/Users/emmanuel/proj/phd/data_files/light_curves')]). Skipping.
2026-02-15 09:36:48,646 - __main__ - WARNING - File not found for Kepler ID: 6504954 (Expected: kplr006504954*_lc.fits in [PosixPath('/Users/emmanuel/proj/exo/kepler_local_data'), PosixPath('/Users/emmanuel/proj/phd/data_files/light_curves')]). Skipping.
2026-02-15 09:36:50,578 - __main__ - WARNING - File not found for Kepler ID: 9520838 (Expected: kplr009520838*_lc.fits in [PosixPath('/Users/emmanuel/proj/exo/kepler_local_data'), PosixPath('/Users/emmanuel/proj/phd/data_files/light_curves')]). Skipping.
2026-02-15 09:36:52,717 - __main__ - WARNING - File not found for Kepler ID: 9349482 (Expected: kplr009349482*_lc.fits in [PosixPath('/Users/emmanuel/proj/exo/kepler_local_data'), PosixPath('/Users/emmanuel/proj/phd/data_files/light_curves')]). Skipping.
2026-02-15 09:36:54,674 - __main__ - WARNING - File not found for Kepler ID: 10656508 (Expected: kplr010656508*_lc.fits in [PosixPath('/Users/emmanuel/proj/exo/kepler_local_data'), PosixPath('/Users/emmanuel/proj/phd/data_files/light_curves')]). Skipping.
2026-02-15 09:36:56,655 - __main__ - WARNING - File not found for Kepler ID: 5124667 (Expected: kplr005124667*_lc.fits in [PosixPath('/Users/emmanuel/proj/exo/kepler_local_data'), PosixPath('/Users/emmanuel/proj/phd/data_files/light_curves')]). Skipping.
2026-02-15 09:36:58,857 - __main__ - WARNING - File not found for Kepler ID: 10063802 (Expected: kplr010063802*_lc.fits in [PosixPath('/Users/emmanuel/proj/exo/kepler_local_data'), PosixPath('/Users/emmanuel/proj/phd/data_files/light_curves')]). Skipping.
2026-02-15 09:37:00,822 - __main__ - WARNING - File not found for Kepler ID: 7008211 (Expected: kplr007008211*_lc.fits in [PosixPath('/Users/emmanuel/proj/exo/kepler_local_data'), PosixPath('/Users/emmanuel/proj/phd/data_files/light_curves')]). Skipping.
2026-02-15 09:37:02,782 - __main__ - WARNING - File not found for Kepler ID: 4043443 (Expected: kplr004043443*_lc.fits in [PosixPath('/Users/emmanuel/proj/exo/kepler_local_data'), PosixPath('/Users/emmanuel/proj/phd/data_files/light_curves')]). Skipping.
2026-02-15 09:37:04,865 - __main__ - WARNING - File not found for Kepler ID: 2141783 (Expected: kplr002141783*_lc.fits in [PosixPath('/Users/emmanuel/proj/exo/kepler_local_data'), PosixPath('/Users/emmanuel/proj/phd/data_files/light_curves')]). Skipping.
2026-02-15 09:37:06,823 - __main__ - WARNING - File not found for Kepler ID: 6934986 (Expected: kplr006934986*_lc.fits in [PosixPath('/Users/emmanuel/proj/exo/kepler_local_data'), PosixPath('/Users/emmanuel/proj/phd/data_files/light_curves')]). Skipping.
2026-02-15 09:37:08,763 - __main__ - WARNING - File not found for Kepler ID: 11498128 (Expected: kplr011498128*_lc.fits in [PosixPath('/Users/emmanuel/proj/exo/kepler_local_data'), PosixPath('/Users/emmanuel/proj/phd/data_files/light_curves')]). Skipping.
2026-02-15 09:37:10,960 - __main__ - WARNING - File not found for Kepler ID: 10798331 (Expected: kplr010798331*_lc.fits in [PosixPath('/Users/emmanuel/proj/exo/kepler_local_data'), PosixPath('/Users/emmanuel/proj/phd/data_files/light_curves')]). Skipping.
2026-02-15 09:37:12,971 - __main__ - WARNING - File not found for Kepler ID: 4247991 (Expected: kplr004247991*_lc.fits in [PosixPath('/Users/emmanuel/proj/exo/kepler_local_data'), PosixPath('/Users/emmanuel/proj/phd/data_files/light_curves')]). Skipping.
2026-02-15 09:37:14,933 - __main__ - WARNING - File not found for Kepler ID: 10026544 (Expected: kplr010026544*_lc.fits in [PosixPath('/Users/emmanuel/proj/exo/kepler_local_data'), PosixPath('/Users/emmanuel/proj/phd/data_files/light_curves')]). Skipping.
2026-02-15 09:37:17,064 - __main__ - WARNING - File not found for Kepler ID: 10801100 (Expected: kplr010801100*_lc.fits in [PosixPath('/Users/emmanuel/proj/exo/kepler_local_data'), PosixPath('/Users/emmanuel/proj/phd/data_files/light_curves')]). Skipping.
2026-02-15 09:37:19,017 - __main__ - WARNING - File not found for Kepler ID: 2854181 (Expected: kplr002854181*_lc.fits in [PosixPath('/Users/emmanuel/proj/exo/kepler_local_data'), PosixPath('/Users/emmanuel/proj/phd/data_files/light_curves')]). Skipping.
2026-02-15 09:37:21,065 - __main__ - WARNING - File not found for Kepler ID: 9205938 (Expected: kplr009205938*_lc.fits in [PosixPath('/Users/emmanuel/proj/exo/kepler_local_data'), PosixPath('/Users/emmanuel/proj/phd/data_files/light_curves')]). Skipping.
2026-02-15 09:37:23,195 - __main__ - WARNING - File not found for Kepler ID: 8676038 (Expected: kplr008676038*_lc.fits in [PosixPath('/Users/emmanuel/proj/exo/kepler_local_data'), PosixPath('/Users/emmanuel/proj/phd/data_files/light_curves')]). Skipping.
2026-02-15 09:37:25,226 - __main__ - WARNING - File not found for Kepler ID: 11761199 (Expected: kplr011761199*_lc.fits in [PosixPath('/Users/emmanuel/proj/exo/kepler_local_data'), PosixPath('/Users/emmanuel/proj/phd/data_files/light_curves')]). Skipping.
2026-02-15 09:37:27,265 - __main__ - WARNING - File not found for Kepler ID: 8074805 (Expected: kplr008074805*_lc.fits in [PosixPath('/Users/emmanuel/proj/exo/kepler_local_data'), PosixPath('/Users/emmanuel/proj/phd/data_files/light_curves')]). Skipping.
2026-02-15 09:37:29,402 - __main__ - WARNING - File not found for Kepler ID: 6765135 (Expected: kplr006765135*_lc.fits in [PosixPath('/Users/emmanuel/proj/exo/kepler_local_data'), PosixPath('/Users/emmanuel/proj/phd/data_files/light_curves')]). Skipping.
2026-02-15 09:37:31,368 - __main__ - WARNING - File not found for Kepler ID: 3644653 (Expected: kplr003644653*_lc.fits in [PosixPath('/Users/emmanuel/proj/exo/kepler_local_data'), PosixPath('/Users/emmanuel/proj/phd/data_files/light_curves')]). Skipping.
2026-02-15 09:37:33,486 - __main__ - WARNING - File not found for Kepler ID: 8022489 (Expected: kplr008022489*_lc.fits in [PosixPath('/Users/emmanuel/proj/exo/kepler_local_data'), PosixPath('/Users/emmanuel/proj/phd/data_files/light_curves')]). Skipping.
2026-02-15 09:37:35,418 - __main__ - WARNING - File not found for Kepler ID: 3116302 (Expected: kplr003116302*_lc.fits in [PosixPath('/Users/emmanuel/proj/exo/kepler_local_data'), PosixPath('/Users/emmanuel/proj/phd/data_files/light_curves')]). Skipping.
2026-02-15 09:37:37,287 - __main__ - WARNING - File not found for Kepler ID: 10861715 (Expected: kplr010861715*_lc.fits in [PosixPath('/Users/emmanuel/proj/exo/kepler_local_data'), PosixPath('/Users/emmanuel/proj/phd/data_files/light_curves')]). Skipping.
2026-02-15 09:37:39,156 - __main__ - WARNING - File not found for Kepler ID: 6149910 (Expected: kplr006149910*_lc.fits in [PosixPath('/Users/emmanuel/proj/exo/kepler_local_data'), PosixPath('/Users/emmanuel/proj/phd/data_files/light_curves')]). Skipping.
2026-02-15 09:37:41,072 - __main__ - WARNING - File not found for Kepler ID: 8429314 (Expected: kplr008429314*_lc.fits in [PosixPath('/Users/emmanuel/proj/exo/kepler_local_data'), PosixPath('/Users/emmanuel/proj/phd/data_files/light_curves')]). Skipping.
2026-02-15 09:37:42,941 - __main__ - WARNING - File not found for Kepler ID: 8240617 (Expected: kplr008240617*_lc.fits in [PosixPath('/Users/emmanuel/proj/exo/kepler_local_data'), PosixPath('/Users/emmanuel/proj/phd/data_files/light_curves')]). Skipping.
2026-02-15 09:37:44,693 - __main__ - WARNING - File not found for Kepler ID: 8758204 (Expected: kplr008758204*_lc.fits in [PosixPath('/Users/emmanuel/proj/exo/kepler_local_data'), PosixPath('/Users/emmanuel/proj/phd/data_files/light_curves')]). Skipping.
2026-02-15 09:37:46,520 - __main__ - WARNING - File not found for Kepler ID: 5871985 (Expected: kplr005871985*_lc.fits in [PosixPath('/Users/emmanuel/proj/exo/kepler_local_data'), PosixPath('/Users/emmanuel/proj/phd/data_files/light_curves')]). Skipping.
2026-02-15 09:37:48,351 - __main__ - WARNING - File not found for Kepler ID: 8292840 (Expected: kplr008292840*_lc.fits in [PosixPath('/Users/emmanuel/proj/exo/kepler_local_data'), PosixPath('/Users/emmanuel/proj/phd/data_files/light_curves')]). Skipping.
2026-02-15 09:37:50,095 - __main__ - WARNING - File not found for Kepler ID: 10917043 (Expected: kplr010917043*_lc.fits in [PosixPath('/Users/emmanuel/proj/exo/kepler_local_data'), PosixPath('/Users/emmanuel/proj/phd/data_files/light_curves')]). Skipping.
2026-02-15 09:37:51,885 - __main__ - WARNING - File not found for Kepler ID: 8167959 (Expected: kplr008167959*_lc.fits in [PosixPath('/Users/emmanuel/proj/exo/kepler_local_data'), PosixPath('/Users/emmanuel/proj/phd/data_files/light_curves')]). Skipping.
2026-02-15 09:37:53,861 - __main__ - WARNING - File not found for Kepler ID: 12416987 (Expected: kplr012416987*_lc.fits in [PosixPath('/Users/emmanuel/proj/exo/kepler_local_data'), PosixPath('/Users/emmanuel/proj/phd/data_files/light_curves')]). Skipping.
2026-02-15 09:37:55,708 - __main__ - WARNING - File not found for Kepler ID: 3425851 (Expected: kplr003425851*_lc.fits in [PosixPath('/Users/emmanuel/proj/exo/kepler_local_data'), PosixPath('/Users/emmanuel/proj/phd/data_files/light_curves')]). Skipping.
2026-02-15 09:37:57,735 - __main__ - WARNING - File not found for Kepler ID: 10275766 (Expected: kplr010275766*_lc.fits in [PosixPath('/Users/emmanuel/proj/exo/kepler_local_data'), PosixPath('/Users/emmanuel/proj/phd/data_files/light_curves')]). Skipping.
2026-02-15 09:37:59,782 - __main__ - WARNING - File not found for Kepler ID: 5649325 (Expected: kplr005649325*_lc.fits in [PosixPath('/Users/emmanuel/proj/exo/kepler_local_data'), PosixPath('/Users/emmanuel/proj/phd/data_files/light_curves')]). Skipping.
2026-02-15 09:38:02,143 - __main__ - WARNING - File not found for Kepler ID: 9958387 (Expected: kplr009958387*_lc.fits in [PosixPath('/Users/emmanuel/proj/exo/kepler_local_data'), PosixPath('/Users/emmanuel/proj/phd/data_files/light_curves')]). Skipping.
2026-02-15 09:38:04,835 - __main__ - WARNING - File not found for Kepler ID: 6716021 (Expected: kplr006716021*_lc.fits in [PosixPath('/Users/emmanuel/proj/exo/kepler_local_data'), PosixPath('/Users/emmanuel/proj/phd/data_files/light_curves')]). Skipping.
2026-02-15 09:38:07,658 - __main__ - WARNING - File not found for Kepler ID: 6878240 (Expected: kplr006878240*_lc.fits in [PosixPath('/Users/emmanuel/proj/exo/kepler_local_data'), PosixPath('/Users/emmanuel/proj/phd/data_files/light_curves')]). Skipping.
2026-02-15 09:38:10,463 - __main__ - WARNING - File not found for Kepler ID: 7899070 (Expected: kplr007899070*_lc.fits in [PosixPath('/Users/emmanuel/proj/exo/kepler_local_data'), PosixPath('/Users/emmanuel/proj/phd/data_files/light_curves')]). Skipping.
2026-02-15 09:38:12,700 - __main__ - WARNING - File not found for Kepler ID: 7826659 (Expected: kplr007826659*_lc.fits in [PosixPath('/Users/emmanuel/proj/exo/kepler_local_data'), PosixPath('/Users/emmanuel/proj/phd/data_files/light_curves')]). Skipping.
2026-02-15 09:38:14,647 - __main__ - WARNING - File not found for Kepler ID: 5881813 (Expected: kplr005881813*_lc.fits in [PosixPath('/Users/emmanuel/proj/exo/kepler_local_data'), PosixPath('/Users/emmanuel/proj/phd/data_files/light_curves')]). Skipping.
2026-02-15 09:38:16,661 - __main__ - WARNING - File not found for Kepler ID: 10265602 (Expected: kplr010265602*_lc.fits in [PosixPath('/Users/emmanuel/proj/exo/kepler_local_data'), PosixPath('/Users/emmanuel/proj/phd/data_files/light_curves')]). Skipping.
2026-02-15 09:38:18,887 - __main__ - WARNING - File not found for Kepler ID: 3663173 (Expected: kplr003663173*_lc.fits in [PosixPath('/Users/emmanuel/proj/exo/kepler_local_data'), PosixPath('/Users/emmanuel/proj/phd/data_files/light_curves')]). Skipping.
2026-02-15 09:38:21,357 - __main__ - WARNING - File not found for Kepler ID: 5609593 (Expected: kplr005609593*_lc.fits in [PosixPath('/Users/emmanuel/proj/exo/kepler_local_data'), PosixPath('/Users/emmanuel/proj/phd/data_files/light_curves')]). Skipping.
2026-02-15 09:38:24,052 - __main__ - WARNING - File not found for Kepler ID: 6716545 (Expected: kplr006716545*_lc.fits in [PosixPath('/Users/emmanuel/proj/exo/kepler_local_data'), PosixPath('/Users/emmanuel/proj/phd/data_files/light_curves')]). Skipping.
2026-02-15 09:38:26,725 - __main__ - WARNING - File not found for Kepler ID: 6432345 (Expected: kplr006432345*_lc.fits in [PosixPath('/Users/emmanuel/proj/exo/kepler_local_data'), PosixPath('/Users/emmanuel/proj/phd/data_files/light_curves')]). Skipping.
2026-02-15 09:38:28,816 - __main__ - WARNING - File not found for Kepler ID: 8703129 (Expected: kplr008703129*_lc.fits in [PosixPath('/Users/emmanuel/proj/exo/kepler_local_data'), PosixPath('/Users/emmanuel/proj/phd/data_files/light_curves')]). Skipping.
2026-02-15 09:38:30,849 - __main__ - WARNING - File not found for Kepler ID: 8210018 (Expected: kplr008210018*_lc.fits in [PosixPath('/Users/emmanuel/proj/exo/kepler_local_data'), PosixPath('/Users/emmanuel/proj/phd/data_files/light_curves')]). Skipping.
2026-02-15 09:38:32,457 - __main__ - WARNING - File not found for Kepler ID: 10749059 (Expected: kplr010749059*_lc.fits in [PosixPath('/Users/emmanuel/proj/exo/kepler_local_data'), PosixPath('/Users/emmanuel/proj/phd/data_files/light_curves')]). Skipping.
2026-02-15 09:38:33,865 - __main__ - WARNING - File not found for Kepler ID: 6603043 (Expected: kplr006603043*_lc.fits in [PosixPath('/Users/emmanuel/proj/exo/kepler_local_data'), PosixPath('/Users/emmanuel/proj/phd/data_files/light_curves')]). Skipping.
2026-02-15 09:38:35,319 - __main__ - WARNING - File not found for Kepler ID: 5652983 (Expected: kplr005652983*_lc.fits in [PosixPath('/Users/emmanuel/proj/exo/kepler_local_data'), PosixPath('/Users/emmanuel/proj/phd/data_files/light_curves')]). Skipping.
2026-02-15 09:38:36,894 - __main__ - WARNING - File not found for Kepler ID: 6471021 (Expected: kplr006471021*_lc.fits in [PosixPath('/Users/emmanuel/proj/exo/kepler_local_data'), PosixPath('/Users/emmanuel/proj/phd/data_files/light_curves')]). Skipping.
2026-02-15 09:38:38,678 - __main__ - WARNING - File not found for Kepler ID: 7364176 (Expected: kplr007364176*_lc.fits in [PosixPath('/Users/emmanuel/proj/exo/kepler_local_data'), PosixPath('/Users/emmanuel/proj/phd/data_files/light_curves')]). Skipping.
2026-02-15 09:38:40,285 - __main__ - WARNING - File not found for Kepler ID: 8686097 (Expected: kplr008686097*_lc.fits in [PosixPath('/Users/emmanuel/proj/exo/kepler_local_data'), PosixPath('/Users/emmanuel/proj/phd/data_files/light_curves')]). Skipping.
2026-02-15 09:38:41,738 - __main__ - WARNING - File not found for Kepler ID: 12356617 (Expected: kplr012356617*_lc.fits in [PosixPath('/Users/emmanuel/proj/exo/kepler_local_data'), PosixPath('/Users/emmanuel/proj/phd/data_files/light_curves')]). Skipping.
2026-02-15 09:38:43,136 - __main__ - WARNING - File not found for Kepler ID: 8008067 (Expected: kplr008008067*_lc.fits in [PosixPath('/Users/emmanuel/proj/exo/kepler_local_data'), PosixPath('/Users/emmanuel/proj/phd/data_files/light_curves')]). Skipping.
2026-02-15 09:38:44,627 - __main__ - WARNING - File not found for Kepler ID: 5217891 (Expected: kplr005217891*_lc.fits in [PosixPath('/Users/emmanuel/proj/exo/kepler_local_data'), PosixPath('/Users/emmanuel/proj/phd/data_files/light_curves')]). Skipping.
2026-02-15 09:38:46,149 - __main__ - WARNING - File not found for Kepler ID: 9880467 (Expected: kplr009880467*_lc.fits in [PosixPath('/Users/emmanuel/proj/exo/kepler_local_data'), PosixPath('/Users/emmanuel/proj/phd/data_files/light_curves')]). Skipping.
2026-02-15 09:38:47,665 - __main__ - WARNING - File not found for Kepler ID: 6948480 (Expected: kplr006948480*_lc.fits in [PosixPath('/Users/emmanuel/proj/exo/kepler_local_data'), PosixPath('/Users/emmanuel/proj/phd/data_files/light_curves')]). Skipping.
2026-02-15 09:38:49,283 - __main__ - WARNING - File not found for Kepler ID: 10386922 (Expected: kplr010386922*_lc.fits in [PosixPath('/Users/emmanuel/proj/exo/kepler_local_data'), PosixPath('/Users/emmanuel/proj/phd/data_files/light_curves')]). Skipping.
2026-02-15 09:38:50,773 - __main__ - WARNING - File not found for Kepler ID: 11442793 (Expected: kplr011442793*_lc.fits in [PosixPath('/Users/emmanuel/proj/exo/kepler_local_data'), PosixPath('/Users/emmanuel/proj/phd/data_files/light_curves')]). Skipping.
2026-02-15 09:38:52,234 - __main__ - WARNING - File not found for Kepler ID: 11442793 (Expected: kplr011442793*_lc.fits in [PosixPath('/Users/emmanuel/proj/exo/kepler_local_data'), PosixPath('/Users/emmanuel/proj/phd/data_files/light_curves')]). Skipping.
2026-02-15 09:38:53,706 - __main__ - WARNING - File not found for Kepler ID: 11566064 (Expected: kplr011566064*_lc.fits in [PosixPath('/Users/emmanuel/proj/exo/kepler_local_data'), PosixPath('/Users/emmanuel/proj/phd/data_files/light_curves')]). Skipping.
2026-02-15 09:38:55,090 - __main__ - WARNING - File not found for Kepler ID: 6665223 (Expected: kplr006665223*_lc.fits in [PosixPath('/Users/emmanuel/proj/exo/kepler_local_data'), PosixPath('/Users/emmanuel/proj/phd/data_files/light_curves')]). Skipping.
2026-02-15 09:38:56,584 - __main__ - WARNING - File not found for Kepler ID: 8474898 (Expected: kplr008474898*_lc.fits in [PosixPath('/Users/emmanuel/proj/exo/kepler_local_data'), PosixPath('/Users/emmanuel/proj/phd/data_files/light_curves')]). Skipping.
2026-02-15 09:38:57,989 - __main__ - WARNING - File not found for Kepler ID: 7429287 (Expected: kplr007429287*_lc.fits in [PosixPath('/Users/emmanuel/proj/exo/kepler_local_data'), PosixPath('/Users/emmanuel/proj/phd/data_files/light_curves')]). Skipping.
2026-02-15 09:38:59,411 - __main__ - WARNING - File not found for Kepler ID: 9214713 (Expected: kplr009214713*_lc.fits in [PosixPath('/Users/emmanuel/proj/exo/kepler_local_data'), PosixPath('/Users/emmanuel/proj/phd/data_files/light_curves')]). Skipping.
2026-02-15 09:39:00,874 - __main__ - WARNING - File not found for Kepler ID: 8609450 (Expected: kplr008609450*_lc.fits in [PosixPath('/Users/emmanuel/proj/exo/kepler_local_data'), PosixPath('/Users/emmanuel/proj/phd/data_files/light_curves')]). Skipping.
2026-02-15 09:39:02,279 - __main__ - WARNING - File not found for Kepler ID: 10189546 (Expected: kplr010189546*_lc.fits in [PosixPath('/Users/emmanuel/proj/exo/kepler_local_data'), PosixPath('/Users/emmanuel/proj/phd/data_files/light_curves')]). Skipping.
2026-02-15 09:39:03,691 - __main__ - WARNING - File not found for Kepler ID: 10748393 (Expected: kplr010748393*_lc.fits in [PosixPath('/Users/emmanuel/proj/exo/kepler_local_data'), PosixPath('/Users/emmanuel/proj/phd/data_files/light_curves')]). Skipping.
2026-02-15 09:39:05,198 - __main__ - WARNING - File not found for Kepler ID: 8822216 (Expected: kplr008822216*_lc.fits in [PosixPath('/Users/emmanuel/proj/exo/kepler_local_data'), PosixPath('/Users/emmanuel/proj/phd/data_files/light_curves')]). Skipping.
2026-02-15 09:39:06,655 - __main__ - WARNING - File not found for Kepler ID: 7303287 (Expected: kplr007303287*_lc.fits in [PosixPath('/Users/emmanuel/proj/exo/kepler_local_data'), PosixPath('/Users/emmanuel/proj/phd/data_files/light_curves')]). Skipping.
2026-02-15 09:39:08,056 - __main__ - WARNING - File not found for Kepler ID: 10212441 (Expected: kplr010212441*_lc.fits in [PosixPath('/Users/emmanuel/proj/exo/kepler_local_data'), PosixPath('/Users/emmanuel/proj/phd/data_files/light_curves')]). Skipping.
2026-02-15 09:39:09,470 - __main__ - WARNING - File not found for Kepler ID: 10937029 (Expected: kplr010937029*_lc.fits in [PosixPath('/Users/emmanuel/proj/exo/kepler_local_data'), PosixPath('/Users/emmanuel/proj/phd/data_files/light_curves')]). Skipping.
2026-02-15 09:39:10,876 - __main__ - WARNING - File not found for Kepler ID: 10387742 (Expected: kplr010387742*_lc.fits in [PosixPath('/Users/emmanuel/proj/exo/kepler_local_data'), PosixPath('/Users/emmanuel/proj/phd/data_files/light_curves')]). Skipping.
2026-02-15 09:39:12,389 - __main__ - WARNING - File not found for Kepler ID: 3239945 (Expected: kplr003239945*_lc.fits in [PosixPath('/Users/emmanuel/proj/exo/kepler_local_data'), PosixPath('/Users/emmanuel/proj/phd/data_files/light_curves')]). Skipping.
2026-02-15 09:39:13,792 - __main__ - WARNING - File not found for Kepler ID: 10467815 (Expected: kplr010467815*_lc.fits in [PosixPath('/Users/emmanuel/proj/exo/kepler_local_data'), PosixPath('/Users/emmanuel/proj/phd/data_files/light_curves')]). Skipping.
2026-02-15 09:39:15,206 - __main__ - WARNING - File not found for Kepler ID: 11246364 (Expected: kplr011246364*_lc.fits in [PosixPath('/Users/emmanuel/proj/exo/kepler_local_data'), PosixPath('/Users/emmanuel/proj/phd/data_files/light_curves')]). Skipping.
2026-02-15 09:39:16,649 - __main__ - WARNING - File not found for Kepler ID: 11709124 (Expected: kplr011709124*_lc.fits in [PosixPath('/Users/emmanuel/proj/exo/kepler_local_data'), PosixPath('/Users/emmanuel/proj/phd/data_files/light_curves')]). Skipping.
2026-02-15 09:39:18,076 - __main__ - WARNING - File not found for Kepler ID: 11805075 (Expected: kplr011805075*_lc.fits in [PosixPath('/Users/emmanuel/proj/exo/kepler_local_data'), PosixPath('/Users/emmanuel/proj/phd/data_files/light_curves')]). Skipping.
2026-02-15 09:39:19,493 - __main__ - WARNING - File not found for Kepler ID: 10593626 (Expected: kplr010593626*_lc.fits in [PosixPath('/Users/emmanuel/proj/exo/kepler_local_data'), PosixPath('/Users/emmanuel/proj/phd/data_files/light_curves')]). Skipping.
2026-02-15 09:39:21,012 - __main__ - WARNING - File not found for Kepler ID: 10294465 (Expected: kplr010294465*_lc.fits in [PosixPath('/Users/emmanuel/proj/exo/kepler_local_data'), PosixPath('/Users/emmanuel/proj/phd/data_files/light_curves')]). Skipping.
2026-02-15 09:39:22,431 - __main__ - WARNING - File not found for Kepler ID: 4384675 (Expected: kplr004384675*_lc.fits in [PosixPath('/Users/emmanuel/proj/exo/kepler_local_data'), PosixPath('/Users/emmanuel/proj/phd/data_files/light_curves')]). Skipping.
2026-02-15 09:39:23,853 - __main__ - WARNING - File not found for Kepler ID: 5779852 (Expected: kplr005779852*_lc.fits in [PosixPath('/Users/emmanuel/proj/exo/kepler_local_data'), PosixPath('/Users/emmanuel/proj/phd/data_files/light_curves')]). Skipping.
2026-02-15 09:39:25,268 - __main__ - WARNING - File not found for Kepler ID: 3217264 (Expected: kplr003217264*_lc.fits in [PosixPath('/Users/emmanuel/proj/exo/kepler_local_data'), PosixPath('/Users/emmanuel/proj/phd/data_files/light_curves')]). Skipping.
2026-02-15 09:39:26,686 - __main__ - WARNING - File not found for Kepler ID: 7199397 (Expected: kplr007199397*_lc.fits in [PosixPath('/Users/emmanuel/proj/exo/kepler_local_data'), PosixPath('/Users/emmanuel/proj/phd/data_files/light_curves')]). Skipping.
2026-02-15 09:39:28,182 - __main__ - WARNING - File not found for Kepler ID: 6786037 (Expected: kplr006786037*_lc.fits in [PosixPath('/Users/emmanuel/proj/exo/kepler_local_data'), PosixPath('/Users/emmanuel/proj/phd/data_files/light_curves')]). Skipping.
2026-02-15 09:39:29,613 - __main__ - WARNING - File not found for Kepler ID: 1723078 (Expected: kplr001723078*_lc.fits in [PosixPath('/Users/emmanuel/proj/exo/kepler_local_data'), PosixPath('/Users/emmanuel/proj/phd/data_files/light_curves')]). Skipping.
2026-02-15 09:39:31,027 - __main__ - WARNING - File not found for Kepler ID: 8891318 (Expected: kplr008891318*_lc.fits in [PosixPath('/Users/emmanuel/proj/exo/kepler_local_data'), PosixPath('/Users/emmanuel/proj/phd/data_files/light_curves')]). Skipping.
2026-02-15 09:39:32,436 - __main__ - WARNING - File not found for Kepler ID: 11775507 (Expected: kplr011775507*_lc.fits in [PosixPath('/Users/emmanuel/proj/exo/kepler_local_data'), PosixPath('/Users/emmanuel/proj/phd/data_files/light_curves')]). Skipping.
2026-02-15 09:39:33,837 - __main__ - WARNING - File not found for Kepler ID: 8017703 (Expected: kplr008017703*_lc.fits in [PosixPath('/Users/emmanuel/proj/exo/kepler_local_data'), PosixPath('/Users/emmanuel/proj/phd/data_files/light_curves')]). Skipping.
2026-02-15 09:39:35,264 - __main__ - WARNING - File not found for Kepler ID: 1995712 (Expected: kplr001995712*_lc.fits in [PosixPath('/Users/emmanuel/proj/exo/kepler_local_data'), PosixPath('/Users/emmanuel/proj/phd/data_files/light_curves')]). Skipping.
2026-02-15 09:39:36,897 - __main__ - WARNING - File not found for Kepler ID: 8056665 (Expected: kplr008056665*_lc.fits in [PosixPath('/Users/emmanuel/proj/exo/kepler_local_data'), PosixPath('/Users/emmanuel/proj/phd/data_files/light_curves')]). Skipping.
2026-02-15 09:39:38,457 - __main__ - WARNING - File not found for Kepler ID: 6289650 (Expected: kplr006289650*_lc.fits in [PosixPath('/Users/emmanuel/proj/exo/kepler_local_data'), PosixPath('/Users/emmanuel/proj/phd/data_files/light_curves')]). Skipping.
2026-02-15 09:39:40,053 - __main__ - WARNING - File not found for Kepler ID: 7619236 (Expected: kplr007619236*_lc.fits in [PosixPath('/Users/emmanuel/proj/exo/kepler_local_data'), PosixPath('/Users/emmanuel/proj/phd/data_files/light_curves')]). Skipping.
2026-02-15 09:39:41,693 - __main__ - WARNING - File not found for Kepler ID: 7630229 (Expected: kplr007630229*_lc.fits in [PosixPath('/Users/emmanuel/proj/exo/kepler_local_data'), PosixPath('/Users/emmanuel/proj/phd/data_files/light_curves')]). Skipping.
2026-02-15 09:39:43,274 - __main__ - WARNING - File not found for Kepler ID: 9024857 (Expected: kplr009024857*_lc.fits in [PosixPath('/Users/emmanuel/proj/exo/kepler_local_data'), PosixPath('/Users/emmanuel/proj/phd/data_files/light_curves')]). Skipping.
2026-02-15 09:39:45,008 - __main__ - WARNING - File not found for Kepler ID: 8505215 (Expected: kplr008505215*_lc.fits in [PosixPath('/Users/emmanuel/proj/exo/kepler_local_data'), PosixPath('/Users/emmanuel/proj/phd/data_files/light_curves')]). Skipping.
2026-02-15 09:39:46,886 - __main__ - WARNING - File not found for Kepler ID: 4841374 (Expected: kplr004841374*_lc.fits in [PosixPath('/Users/emmanuel/proj/exo/kepler_local_data'), PosixPath('/Users/emmanuel/proj/phd/data_files/light_curves')]). Skipping.
2026-02-15 09:39:48,807 - __main__ - WARNING - File not found for Kepler ID: 9002278 (Expected: kplr009002278*_lc.fits in [PosixPath('/Users/emmanuel/proj/exo/kepler_local_data'), PosixPath('/Users/emmanuel/proj/phd/data_files/light_curves')]). Skipping.
2026-02-15 09:39:50,603 - __main__ - WARNING - File not found for Kepler ID: 4914423 (Expected: kplr004914423*_lc.fits in [PosixPath('/Users/emmanuel/proj/exo/kepler_local_data'), PosixPath('/Users/emmanuel/proj/phd/data_files/light_curves')]). Skipping.
2026-02-15 09:39:52,467 - __main__ - WARNING - File not found for Kepler ID: 5966154 (Expected: kplr005966154*_lc.fits in [PosixPath('/Users/emmanuel/proj/exo/kepler_local_data'), PosixPath('/Users/emmanuel/proj/phd/data_files/light_curves')]). Skipping.
2026-02-15 09:39:54,358 - __main__ - WARNING - File not found for Kepler ID: 1025986 (Expected: kplr001025986*_lc.fits in [PosixPath('/Users/emmanuel/proj/exo/kepler_local_data'), PosixPath('/Users/emmanuel/proj/phd/data_files/light_curves')]). Skipping.
2026-02-15 09:39:56,200 - __main__ - WARNING - File not found for Kepler ID: 9597345 (Expected: kplr009597345*_lc.fits in [PosixPath('/Users/emmanuel/proj/exo/kepler_local_data'), PosixPath('/Users/emmanuel/proj/phd/data_files/light_curves')]). Skipping.
2026-02-15 09:39:57,931 - __main__ - WARNING - File not found for Kepler ID: 8374580 (Expected: kplr008374580*_lc.fits in [PosixPath('/Users/emmanuel/proj/exo/kepler_local_data'), PosixPath('/Users/emmanuel/proj/phd/data_files/light_curves')]). Skipping.
2026-02-15 09:39:59,795 - __main__ - WARNING - File not found for Kepler ID: 11773022 (Expected: kplr011773022*_lc.fits in [PosixPath('/Users/emmanuel/proj/exo/kepler_local_data'), PosixPath('/Users/emmanuel/proj/phd/data_files/light_curves')]). Skipping.
2026-02-15 09:40:01,607 - __main__ - WARNING - File not found for Kepler ID: 12417486 (Expected: kplr012417486*_lc.fits in [PosixPath('/Users/emmanuel/proj/exo/kepler_local_data'), PosixPath('/Users/emmanuel/proj/phd/data_files/light_curves')]). Skipping.
2026-02-15 09:40:03,375 - __main__ - WARNING - File not found for Kepler ID: 10139620 (Expected: kplr010139620*_lc.fits in [PosixPath('/Users/emmanuel/proj/exo/kepler_local_data'), PosixPath('/Users/emmanuel/proj/phd/data_files/light_curves')]). Skipping.
2026-02-15 09:40:05,205 - __main__ - WARNING - File not found for Kepler ID: 8686373 (Expected: kplr008686373*_lc.fits in [PosixPath('/Users/emmanuel/proj/exo/kepler_local_data'), PosixPath('/Users/emmanuel/proj/phd/data_files/light_curves')]). Skipping.
2026-02-15 09:40:07,148 - __main__ - WARNING - File not found for Kepler ID: 7761585 (Expected: kplr007761585*_lc.fits in [PosixPath('/Users/emmanuel/proj/exo/kepler_local_data'), PosixPath('/Users/emmanuel/proj/phd/data_files/light_curves')]). Skipping.
2026-02-15 09:40:08,938 - __main__ - WARNING - File not found for Kepler ID: 6515335 (Expected: kplr006515335*_lc.fits in [PosixPath('/Users/emmanuel/proj/exo/kepler_local_data'), PosixPath('/Users/emmanuel/proj/phd/data_files/light_curves')]). Skipping.
2026-02-15 09:40:10,790 - __main__ - WARNING - File not found for Kepler ID: 9455677 (Expected: kplr009455677*_lc.fits in [PosixPath('/Users/emmanuel/proj/exo/kepler_local_data'), PosixPath('/Users/emmanuel/proj/phd/data_files/light_curves')]). Skipping.
2026-02-15 09:40:12,703 - __main__ - WARNING - File not found for Kepler ID: 10141938 (Expected: kplr010141938*_lc.fits in [PosixPath('/Users/emmanuel/proj/exo/kepler_local_data'), PosixPath('/Users/emmanuel/proj/phd/data_files/light_curves')]). Skipping.
2026-02-15 09:40:14,543 - __main__ - WARNING - File not found for Kepler ID: 10275077 (Expected: kplr010275077*_lc.fits in [PosixPath('/Users/emmanuel/proj/exo/kepler_local_data'), PosixPath('/Users/emmanuel/proj/phd/data_files/light_curves')]). Skipping.
2026-02-15 09:40:16,591 - __main__ - WARNING - File not found for Kepler ID: 3937814 (Expected: kplr003937814*_lc.fits in [PosixPath('/Users/emmanuel/proj/exo/kepler_local_data'), PosixPath('/Users/emmanuel/proj/phd/data_files/light_curves')]). Skipping.
2026-02-15 09:40:18,589 - __main__ - WARNING - File not found for Kepler ID: 5551228 (Expected: kplr005551228*_lc.fits in [PosixPath('/Users/emmanuel/proj/exo/kepler_local_data'), PosixPath('/Users/emmanuel/proj/phd/data_files/light_curves')]). Skipping.
2026-02-15 09:40:20,493 - __main__ - WARNING - File not found for Kepler ID: 3248696 (Expected: kplr003248696*_lc.fits in [PosixPath('/Users/emmanuel/proj/exo/kepler_local_data'), PosixPath('/Users/emmanuel/proj/phd/data_files/light_curves')]). Skipping.
2026-02-15 09:40:22,555 - __main__ - WARNING - File not found for Kepler ID: 5446285 (Expected: kplr005446285*_lc.fits in [PosixPath('/Users/emmanuel/proj/exo/kepler_local_data'), PosixPath('/Users/emmanuel/proj/phd/data_files/light_curves')]). Skipping.
2026-02-15 09:40:24,562 - __main__ - WARNING - File not found for Kepler ID: 6106282 (Expected: kplr006106282*_lc.fits in [PosixPath('/Users/emmanuel/proj/exo/kepler_local_data'), PosixPath('/Users/emmanuel/proj/phd/data_files/light_curves')]). Skipping.
2026-02-15 09:40:26,493 - __main__ - WARNING - File not found for Kepler ID: 10075409 (Expected: kplr010075409*_lc.fits in [PosixPath('/Users/emmanuel/proj/exo/kepler_local_data'), PosixPath('/Users/emmanuel/proj/phd/data_files/light_curves')]). Skipping.
2026-02-15 09:40:28,684 - __main__ - WARNING - File not found for Kepler ID: 3103227 (Expected: kplr003103227*_lc.fits in [PosixPath('/Users/emmanuel/proj/exo/kepler_local_data'), PosixPath('/Users/emmanuel/proj/phd/data_files/light_curves')]). Skipping.
2026-02-15 09:40:30,869 - __main__ - WARNING - File not found for Kepler ID: 5551228 (Expected: kplr005551228*_lc.fits in [PosixPath('/Users/emmanuel/proj/exo/kepler_local_data'), PosixPath('/Users/emmanuel/proj/phd/data_files/light_curves')]). Skipping.
2026-02-15 09:40:32,992 - __main__ - WARNING - File not found for Kepler ID: 6862332 (Expected: kplr006862332*_lc.fits in [PosixPath('/Users/emmanuel/proj/exo/kepler_local_data'), PosixPath('/Users/emmanuel/proj/phd/data_files/light_curves')]). Skipping.
2026-02-15 09:40:35,093 - __main__ - WARNING - File not found for Kepler ID: 5700900 (Expected: kplr005700900*_lc.fits in [PosixPath('/Users/emmanuel/proj/exo/kepler_local_data'), PosixPath('/Users/emmanuel/proj/phd/data_files/light_curves')]). Skipping.
2026-02-15 09:40:37,244 - __main__ - WARNING - File not found for Kepler ID: 7026477 (Expected: kplr007026477*_lc.fits in [PosixPath('/Users/emmanuel/proj/exo/kepler_local_data'), PosixPath('/Users/emmanuel/proj/phd/data_files/light_curves')]). Skipping.
2026-02-15 09:40:39,422 - __main__ - WARNING - File not found for Kepler ID: 3747817 (Expected: kplr003747817*_lc.fits in [PosixPath('/Users/emmanuel/proj/exo/kepler_local_data'), PosixPath('/Users/emmanuel/proj/phd/data_files/light_curves')]). Skipping.
2026-02-15 09:40:41,549 - __main__ - WARNING - File not found for Kepler ID: 8483366 (Expected: kplr008483366*_lc.fits in [PosixPath('/Users/emmanuel/proj/exo/kepler_local_data'), PosixPath('/Users/emmanuel/proj/phd/data_files/light_curves')]). Skipping.
2026-02-15 09:40:43,820 - __main__ - WARNING - File not found for Kepler ID: 7758018 (Expected: kplr007758018*_lc.fits in [PosixPath('/Users/emmanuel/proj/exo/kepler_local_data'), PosixPath('/Users/emmanuel/proj/phd/data_files/light_curves')]). Skipping.
2026-02-15 09:40:46,491 - __main__ - WARNING - File not found for Kepler ID: 11415243 (Expected: kplr011415243*_lc.fits in [PosixPath('/Users/emmanuel/proj/exo/kepler_local_data'), PosixPath('/Users/emmanuel/proj/phd/data_files/light_curves')]). Skipping.
2026-02-15 09:40:49,292 - __main__ - WARNING - File not found for Kepler ID: 8264402 (Expected: kplr008264402*_lc.fits in [PosixPath('/Users/emmanuel/proj/exo/kepler_local_data'), PosixPath('/Users/emmanuel/proj/phd/data_files/light_curves')]). Skipping.
2026-02-15 09:40:51,585 - __main__ - WARNING - File not found for Kepler ID: 5956633 (Expected: kplr005956633*_lc.fits in [PosixPath('/Users/emmanuel/proj/exo/kepler_local_data'), PosixPath('/Users/emmanuel/proj/phd/data_files/light_curves')]). Skipping.
2026-02-15 09:40:53,936 - __main__ - WARNING - File not found for Kepler ID: 3235282 (Expected: kplr003235282*_lc.fits in [PosixPath('/Users/emmanuel/proj/exo/kepler_local_data'), PosixPath('/Users/emmanuel/proj/phd/data_files/light_curves')]). Skipping.
2026-02-15 09:40:56,161 - __main__ - WARNING - File not found for Kepler ID: 3117046 (Expected: kplr003117046*_lc.fits in [PosixPath('/Users/emmanuel/proj/exo/kepler_local_data'), PosixPath('/Users/emmanuel/proj/phd/data_files/light_curves')]). Skipping.
2026-02-15 09:40:58,061 - __main__ - WARNING - File not found for Kepler ID: 7968683 (Expected: kplr007968683*_lc.fits in [PosixPath('/Users/emmanuel/proj/exo/kepler_local_data'), PosixPath('/Users/emmanuel/proj/phd/data_files/light_curves')]). Skipping.
2026-02-15 09:41:00,016 - __main__ - WARNING - File not found for Kepler ID: 10360722 (Expected: kplr010360722*_lc.fits in [PosixPath('/Users/emmanuel/proj/exo/kepler_local_data'), PosixPath('/Users/emmanuel/proj/phd/data_files/light_curves')]). Skipping.
2026-02-15 09:41:01,875 - __main__ - WARNING - File not found for Kepler ID: 3852476 (Expected: kplr003852476*_lc.fits in [PosixPath('/Users/emmanuel/proj/exo/kepler_local_data'), PosixPath('/Users/emmanuel/proj/phd/data_files/light_curves')]). Skipping.
2026-02-15 09:41:03,798 - __main__ - WARNING - File not found for Kepler ID: 9700449 (Expected: kplr009700449*_lc.fits in [PosixPath('/Users/emmanuel/proj/exo/kepler_local_data'), PosixPath('/Users/emmanuel/proj/phd/data_files/light_curves')]). Skipping.
2026-02-15 09:41:05,696 - __main__ - WARNING - File not found for Kepler ID: 6349881 (Expected: kplr006349881*_lc.fits in [PosixPath('/Users/emmanuel/proj/exo/kepler_local_data'), PosixPath('/Users/emmanuel/proj/phd/data_files/light_curves')]). Skipping.
2026-02-15 09:41:07,639 - __main__ - WARNING - File not found for Kepler ID: 6428794 (Expected: kplr006428794*_lc.fits in [PosixPath('/Users/emmanuel/proj/exo/kepler_local_data'), PosixPath('/Users/emmanuel/proj/phd/data_files/light_curves')]). Skipping.
2026-02-15 09:41:09,454 - __main__ - WARNING - File not found for Kepler ID: 4669402 (Expected: kplr004669402*_lc.fits in [PosixPath('/Users/emmanuel/proj/exo/kepler_local_data'), PosixPath('/Users/emmanuel/proj/phd/data_files/light_curves')]). Skipping.
2026-02-15 09:41:11,327 - __main__ - WARNING - File not found for Kepler ID: 9086154 (Expected: kplr009086154*_lc.fits in [PosixPath('/Users/emmanuel/proj/exo/kepler_local_data'), PosixPath('/Users/emmanuel/proj/phd/data_files/light_curves')]). Skipping.
2026-02-15 09:41:13,220 - __main__ - WARNING - File not found for Kepler ID: 5957181 (Expected: kplr005957181*_lc.fits in [PosixPath('/Users/emmanuel/proj/exo/kepler_local_data'), PosixPath('/Users/emmanuel/proj/phd/data_files/light_curves')]). Skipping.
2026-02-15 09:41:15,091 - __main__ - WARNING - File not found for Kepler ID: 6119877 (Expected: kplr006119877*_lc.fits in [PosixPath('/Users/emmanuel/proj/exo/kepler_local_data'), PosixPath('/Users/emmanuel/proj/phd/data_files/light_curves')]). Skipping.
2026-02-15 09:41:16,945 - __main__ - WARNING - File not found for Kepler ID: 3347807 (Expected: kplr003347807*_lc.fits in [PosixPath('/Users/emmanuel/proj/exo/kepler_local_data'), PosixPath('/Users/emmanuel/proj/phd/data_files/light_curves')]). Skipping.
2026-02-15 09:41:18,984 - __main__ - WARNING - File not found for Kepler ID: 8743082 (Expected: kplr008743082*_lc.fits in [PosixPath('/Users/emmanuel/proj/exo/kepler_local_data'), PosixPath('/Users/emmanuel/proj/phd/data_files/light_curves')]). Skipping.
2026-02-15 09:41:20,970 - __main__ - WARNING - File not found for Kepler ID: 9142742 (Expected: kplr009142742*_lc.fits in [PosixPath('/Users/emmanuel/proj/exo/kepler_local_data'), PosixPath('/Users/emmanuel/proj/phd/data_files/light_curves')]). Skipping.
2026-02-15 09:41:22,867 - __main__ - WARNING - File not found for Kepler ID: 11390109 (Expected: kplr011390109*_lc.fits in [PosixPath('/Users/emmanuel/proj/exo/kepler_local_data'), PosixPath('/Users/emmanuel/proj/phd/data_files/light_curves')]). Skipping.
2026-02-15 09:41:24,976 - __main__ - WARNING - File not found for Kepler ID: 8120608 (Expected: kplr008120608*_lc.fits in [PosixPath('/Users/emmanuel/proj/exo/kepler_local_data'), PosixPath('/Users/emmanuel/proj/phd/data_files/light_curves')]). Skipping.
2026-02-15 09:41:26,924 - __main__ - WARNING - File not found for Kepler ID: 5512580 (Expected: kplr005512580*_lc.fits in [PosixPath('/Users/emmanuel/proj/exo/kepler_local_data'), PosixPath('/Users/emmanuel/proj/phd/data_files/light_curves')]). Skipping.
2026-02-15 09:41:28,864 - __main__ - WARNING - File not found for Kepler ID: 6359820 (Expected: kplr006359820*_lc.fits in [PosixPath('/Users/emmanuel/proj/exo/kepler_local_data'), PosixPath('/Users/emmanuel/proj/phd/data_files/light_curves')]). Skipping.
2026-02-15 09:41:30,799 - __main__ - WARNING - File not found for Kepler ID: 2859893 (Expected: kplr002859893*_lc.fits in [PosixPath('/Users/emmanuel/proj/exo/kepler_local_data'), PosixPath('/Users/emmanuel/proj/phd/data_files/light_curves')]). Skipping.
2026-02-15 09:41:32,607 - __main__ - WARNING - File not found for Kepler ID: 8418018 (Expected: kplr008418018*_lc.fits in [PosixPath('/Users/emmanuel/proj/exo/kepler_local_data'), PosixPath('/Users/emmanuel/proj/phd/data_files/light_curves')]). Skipping.
2026-02-15 09:41:34,433 - __main__ - WARNING - File not found for Kepler ID: 8459663 (Expected: kplr008459663*_lc.fits in [PosixPath('/Users/emmanuel/proj/exo/kepler_local_data'), PosixPath('/Users/emmanuel/proj/phd/data_files/light_curves')]). Skipping.
2026-02-15 09:41:36,446 - __main__ - WARNING - File not found for Kepler ID: 8240790 (Expected: kplr008240790*_lc.fits in [PosixPath('/Users/emmanuel/proj/exo/kepler_local_data'), PosixPath('/Users/emmanuel/proj/phd/data_files/light_curves')]). Skipping.
2026-02-15 09:41:38,268 - __main__ - WARNING - File not found for Kepler ID: 8309169 (Expected: kplr008309169*_lc.fits in [PosixPath('/Users/emmanuel/proj/exo/kepler_local_data'), PosixPath('/Users/emmanuel/proj/phd/data_files/light_curves')]). Skipping.
2026-02-15 09:41:40,065 - __main__ - WARNING - File not found for Kepler ID: 5983532 (Expected: kplr005983532*_lc.fits in [PosixPath('/Users/emmanuel/proj/exo/kepler_local_data'), PosixPath('/Users/emmanuel/proj/phd/data_files/light_curves')]). Skipping.
2026-02-15 09:41:42,084 - __main__ - WARNING - File not found for Kepler ID: 8483021 (Expected: kplr008483021*_lc.fits in [PosixPath('/Users/emmanuel/proj/exo/kepler_local_data'), PosixPath('/Users/emmanuel/proj/phd/data_files/light_curves')]). Skipping.
2026-02-15 09:41:44,057 - __main__ - WARNING - File not found for Kepler ID: 7191646 (Expected: kplr007191646*_lc.fits in [PosixPath('/Users/emmanuel/proj/exo/kepler_local_data'), PosixPath('/Users/emmanuel/proj/phd/data_files/light_curves')]). Skipping.
2026-02-15 09:41:46,132 - __main__ - WARNING - File not found for Kepler ID: 11449918 (Expected: kplr011449918*_lc.fits in [PosixPath('/Users/emmanuel/proj/exo/kepler_local_data'), PosixPath('/Users/emmanuel/proj/phd/data_files/light_curves')]). Skipping.
2026-02-15 09:41:48,408 - __main__ - WARNING - File not found for Kepler ID: 4172805 (Expected: kplr004172805*_lc.fits in [PosixPath('/Users/emmanuel/proj/exo/kepler_local_data'), PosixPath('/Users/emmanuel/proj/phd/data_files/light_curves')]). Skipping.
2026-02-15 09:41:50,337 - __main__ - WARNING - File not found for Kepler ID: 3750350 (Expected: kplr003750350*_lc.fits in [PosixPath('/Users/emmanuel/proj/exo/kepler_local_data'), PosixPath('/Users/emmanuel/proj/phd/data_files/light_curves')]). Skipping.
2026-02-15 09:41:52,133 - __main__ - WARNING - File not found for Kepler ID: 4367528 (Expected: kplr004367528*_lc.fits in [PosixPath('/Users/emmanuel/proj/exo/kepler_local_data'), PosixPath('/Users/emmanuel/proj/phd/data_files/light_curves')]). Skipping.
2026-02-15 09:41:54,111 - __main__ - WARNING - File not found for Kepler ID: 4773392 (Expected: kplr004773392*_lc.fits in [PosixPath('/Users/emmanuel/proj/exo/kepler_local_data'), PosixPath('/Users/emmanuel/proj/phd/data_files/light_curves')]). Skipping.
2026-02-15 09:41:55,919 - __main__ - WARNING - File not found for Kepler ID: 9011874 (Expected: kplr009011874*_lc.fits in [PosixPath('/Users/emmanuel/proj/exo/kepler_local_data'), PosixPath('/Users/emmanuel/proj/phd/data_files/light_curves')]). Skipping.
2026-02-15 09:41:57,816 - __main__ - WARNING - File not found for Kepler ID: 9936080 (Expected: kplr009936080*_lc.fits in [PosixPath('/Users/emmanuel/proj/exo/kepler_local_data'), PosixPath('/Users/emmanuel/proj/phd/data_files/light_curves')]). Skipping.
2026-02-15 09:41:59,735 - __main__ - WARNING - File not found for Kepler ID: 8611344 (Expected: kplr008611344*_lc.fits in [PosixPath('/Users/emmanuel/proj/exo/kepler_local_data'), PosixPath('/Users/emmanuel/proj/phd/data_files/light_curves')]). Skipping.
2026-02-15 09:42:01,562 - __main__ - WARNING - File not found for Kepler ID: 6599949 (Expected: kplr006599949*_lc.fits in [PosixPath('/Users/emmanuel/proj/exo/kepler_local_data'), PosixPath('/Users/emmanuel/proj/phd/data_files/light_curves')]). Skipping.
2026-02-15 09:42:03,370 - __main__ - WARNING - File not found for Kepler ID: 12734396 (Expected: kplr012734396*_lc.fits in [PosixPath('/Users/emmanuel/proj/exo/kepler_local_data'), PosixPath('/Users/emmanuel/proj/phd/data_files/light_curves')]). Skipping.
2026-02-15 09:42:05,265 - __main__ - WARNING - File not found for Kepler ID: 8678691 (Expected: kplr008678691*_lc.fits in [PosixPath('/Users/emmanuel/proj/exo/kepler_local_data'), PosixPath('/Users/emmanuel/proj/phd/data_files/light_curves')]). Skipping.
2026-02-15 09:42:07,140 - __main__ - WARNING - File not found for Kepler ID: 3558849 (Expected: kplr003558849*_lc.fits in [PosixPath('/Users/emmanuel/proj/exo/kepler_local_data'), PosixPath('/Users/emmanuel/proj/phd/data_files/light_curves')]). Skipping.
2026-02-15 09:42:09,020 - __main__ - WARNING - File not found for Kepler ID: 6587002 (Expected: kplr006587002*_lc.fits in [PosixPath('/Users/emmanuel/proj/exo/kepler_local_data'), PosixPath('/Users/emmanuel/proj/phd/data_files/light_curves')]). Skipping.
2026-02-15 09:42:10,867 - __main__ - WARNING - File not found for Kepler ID: 6356885 (Expected: kplr006356885*_lc.fits in [PosixPath('/Users/emmanuel/proj/exo/kepler_local_data'), PosixPath('/Users/emmanuel/proj/phd/data_files/light_curves')]). Skipping.
2026-02-15 09:42:12,870 - __main__ - WARNING - File not found for Kepler ID: 11124703 (Expected: kplr011124703*_lc.fits in [PosixPath('/Users/emmanuel/proj/exo/kepler_local_data'), PosixPath('/Users/emmanuel/proj/phd/data_files/light_curves')]). Skipping.
2026-02-15 09:42:14,844 - __main__ - WARNING - File not found for Kepler ID: 9514372 (Expected: kplr009514372*_lc.fits in [PosixPath('/Users/emmanuel/proj/exo/kepler_local_data'), PosixPath('/Users/emmanuel/proj/phd/data_files/light_curves')]). Skipping.
2026-02-15 09:42:16,883 - __main__ - WARNING - File not found for Kepler ID: 3644631 (Expected: kplr003644631*_lc.fits in [PosixPath('/Users/emmanuel/proj/exo/kepler_local_data'), PosixPath('/Users/emmanuel/proj/phd/data_files/light_curves')]). Skipping.
2026-02-15 09:42:19,118 - __main__ - WARNING - File not found for Kepler ID: 5125196 (Expected: kplr005125196*_lc.fits in [PosixPath('/Users/emmanuel/proj/exo/kepler_local_data'), PosixPath('/Users/emmanuel/proj/phd/data_files/light_curves')]). Skipping.
2026-02-15 09:42:20,961 - __main__ - WARNING - File not found for Kepler ID: 8482059 (Expected: kplr008482059*_lc.fits in [PosixPath('/Users/emmanuel/proj/exo/kepler_local_data'), PosixPath('/Users/emmanuel/proj/phd/data_files/light_curves')]). Skipping.
2026-02-15 09:42:22,795 - __main__ - WARNING - File not found for Kepler ID: 8548427 (Expected: kplr008548427*_lc.fits in [PosixPath('/Users/emmanuel/proj/exo/kepler_local_data'), PosixPath('/Users/emmanuel/proj/phd/data_files/light_curves')]). Skipping.
2026-02-15 09:42:24,691 - __main__ - WARNING - File not found for Kepler ID: 6289344 (Expected: kplr006289344*_lc.fits in [PosixPath('/Users/emmanuel/proj/exo/kepler_local_data'), PosixPath('/Users/emmanuel/proj/phd/data_files/light_curves')]). Skipping.
2026-02-15 09:42:26,489 - __main__ - WARNING - File not found for Kepler ID: 5860968 (Expected: kplr005860968*_lc.fits in [PosixPath('/Users/emmanuel/proj/exo/kepler_local_data'), PosixPath('/Users/emmanuel/proj/phd/data_files/light_curves')]). Skipping.
2026-02-15 09:42:28,343 - __main__ - WARNING - File not found for Kepler ID: 3650049 (Expected: kplr003650049*_lc.fits in [PosixPath('/Users/emmanuel/proj/exo/kepler_local_data'), PosixPath('/Users/emmanuel/proj/phd/data_files/light_curves')]). Skipping.
2026-02-15 09:42:30,354 - __main__ - WARNING - File not found for Kepler ID: 3839294 (Expected: kplr003839294*_lc.fits in [PosixPath('/Users/emmanuel/proj/exo/kepler_local_data'), PosixPath('/Users/emmanuel/proj/phd/data_files/light_curves')]). Skipping.
2026-02-15 09:42:32,132 - __main__ - WARNING - File not found for Kepler ID: 7698701 (Expected: kplr007698701*_lc.fits in [PosixPath('/Users/emmanuel/proj/exo/kepler_local_data'), PosixPath('/Users/emmanuel/proj/phd/data_files/light_curves')]). Skipping.
2026-02-15 09:42:33,925 - __main__ - WARNING - File not found for Kepler ID: 7698701 (Expected: kplr007698701*_lc.fits in [PosixPath('/Users/emmanuel/proj/exo/kepler_local_data'), PosixPath('/Users/emmanuel/proj/phd/data_files/light_curves')]). Skipping.
2026-02-15 09:42:35,843 - __main__ - WARNING - File not found for Kepler ID: 11560897 (Expected: kplr011560897*_lc.fits in [PosixPath('/Users/emmanuel/proj/exo/kepler_local_data'), PosixPath('/Users/emmanuel/proj/phd/data_files/light_curves')]). Skipping.
2026-02-15 09:42:37,657 - __main__ - WARNING - File not found for Kepler ID: 3644738 (Expected: kplr003644738*_lc.fits in [PosixPath('/Users/emmanuel/proj/exo/kepler_local_data'), PosixPath('/Users/emmanuel/proj/phd/data_files/light_curves')]). Skipping.
2026-02-15 09:42:39,546 - __main__ - WARNING - File not found for Kepler ID: 9202434 (Expected: kplr009202434*_lc.fits in [PosixPath('/Users/emmanuel/proj/exo/kepler_local_data'), PosixPath('/Users/emmanuel/proj/phd/data_files/light_curves')]). Skipping.
2026-02-15 09:42:41,495 - __main__ - WARNING - File not found for Kepler ID: 6629993 (Expected: kplr006629993*_lc.fits in [PosixPath('/Users/emmanuel/proj/exo/kepler_local_data'), PosixPath('/Users/emmanuel/proj/phd/data_files/light_curves')]). Skipping.
2026-02-15 09:42:43,519 - __main__ - WARNING - File not found for Kepler ID: 7429287 (Expected: kplr007429287*_lc.fits in [PosixPath('/Users/emmanuel/proj/exo/kepler_local_data'), PosixPath('/Users/emmanuel/proj/phd/data_files/light_curves')]). Skipping.
2026-02-15 09:42:45,413 - __main__ - WARNING - File not found for Kepler ID: 3545583 (Expected: kplr003545583*_lc.fits in [PosixPath('/Users/emmanuel/proj/exo/kepler_local_data'), PosixPath('/Users/emmanuel/proj/phd/data_files/light_curves')]). Skipping.
2026-02-15 09:42:47,308 - __main__ - WARNING - File not found for Kepler ID: 8374741 (Expected: kplr008374741*_lc.fits in [PosixPath('/Users/emmanuel/proj/exo/kepler_local_data'), PosixPath('/Users/emmanuel/proj/phd/data_files/light_curves')]). Skipping.
2026-02-15 09:42:49,177 - __main__ - WARNING - File not found for Kepler ID: 4472143 (Expected: kplr004472143*_lc.fits in [PosixPath('/Users/emmanuel/proj/exo/kepler_local_data'), PosixPath('/Users/emmanuel/proj/phd/data_files/light_curves')]). Skipping.
2026-02-15 09:42:51,075 - __main__ - WARNING - File not found for Kepler ID: 2576962 (Expected: kplr002576962*_lc.fits in [PosixPath('/Users/emmanuel/proj/exo/kepler_local_data'), PosixPath('/Users/emmanuel/proj/phd/data_files/light_curves')]). Skipping.
2026-02-15 09:42:52,902 - __main__ - WARNING - File not found for Kepler ID: 11044826 (Expected: kplr011044826*_lc.fits in [PosixPath('/Users/emmanuel/proj/exo/kepler_local_data'), PosixPath('/Users/emmanuel/proj/phd/data_files/light_curves')]). Skipping.
2026-02-15 09:42:54,892 - __main__ - WARNING - File not found for Kepler ID: 6681687 (Expected: kplr006681687*_lc.fits in [PosixPath('/Users/emmanuel/proj/exo/kepler_local_data'), PosixPath('/Users/emmanuel/proj/phd/data_files/light_curves')]). Skipping.
2026-02-15 09:42:56,902 - __main__ - WARNING - File not found for Kepler ID: 10273903 (Expected: kplr010273903*_lc.fits in [PosixPath('/Users/emmanuel/proj/exo/kepler_local_data'), PosixPath('/Users/emmanuel/proj/phd/data_files/light_curves')]). Skipping.
2026-02-15 09:42:58,962 - __main__ - WARNING - File not found for Kepler ID: 8483241 (Expected: kplr008483241*_lc.fits in [PosixPath('/Users/emmanuel/proj/exo/kepler_local_data'), PosixPath('/Users/emmanuel/proj/phd/data_files/light_curves')]). Skipping.
2026-02-15 09:43:01,142 - __main__ - WARNING - File not found for Kepler ID: 8106112 (Expected: kplr008106112*_lc.fits in [PosixPath('/Users/emmanuel/proj/exo/kepler_local_data'), PosixPath('/Users/emmanuel/proj/phd/data_files/light_curves')]). Skipping.
2026-02-15 09:43:03,168 - __main__ - WARNING - File not found for Kepler ID: 6119921 (Expected: kplr006119921*_lc.fits in [PosixPath('/Users/emmanuel/proj/exo/kepler_local_data'), PosixPath('/Users/emmanuel/proj/phd/data_files/light_curves')]). Skipping.
2026-02-15 09:43:05,218 - __main__ - WARNING - File not found for Kepler ID: 5084171 (Expected: kplr005084171*_lc.fits in [PosixPath('/Users/emmanuel/proj/exo/kepler_local_data'), PosixPath('/Users/emmanuel/proj/phd/data_files/light_curves')]). Skipping.
2026-02-15 09:43:07,323 - __main__ - WARNING - File not found for Kepler ID: 6685646 (Expected: kplr006685646*_lc.fits in [PosixPath('/Users/emmanuel/proj/exo/kepler_local_data'), PosixPath('/Users/emmanuel/proj/phd/data_files/light_curves')]). Skipping.
2026-02-15 09:43:09,202 - __main__ - WARNING - File not found for Kepler ID: 9394768 (Expected: kplr009394768*_lc.fits in [PosixPath('/Users/emmanuel/proj/exo/kepler_local_data'), PosixPath('/Users/emmanuel/proj/phd/data_files/light_curves')]). Skipping.
2026-02-15 09:43:11,097 - __main__ - WARNING - File not found for Kepler ID: 3832474 (Expected: kplr003832474*_lc.fits in [PosixPath('/Users/emmanuel/proj/exo/kepler_local_data'), PosixPath('/Users/emmanuel/proj/phd/data_files/light_curves')]). Skipping.
2026-02-15 09:43:13,093 - __main__ - WARNING - File not found for Kepler ID: 3644602 (Expected: kplr003644602*_lc.fits in [PosixPath('/Users/emmanuel/proj/exo/kepler_local_data'), PosixPath('/Users/emmanuel/proj/phd/data_files/light_curves')]). Skipping.
2026-02-15 09:43:14,897 - __main__ - WARNING - File not found for Kepler ID: 5977470 (Expected: kplr005977470*_lc.fits in [PosixPath('/Users/emmanuel/proj/exo/kepler_local_data'), PosixPath('/Users/emmanuel/proj/phd/data_files/light_curves')]). Skipping.
2026-02-15 09:43:16,754 - __main__ - WARNING - File not found for Kepler ID: 6119923 (Expected: kplr006119923*_lc.fits in [PosixPath('/Users/emmanuel/proj/exo/kepler_local_data'), PosixPath('/Users/emmanuel/proj/phd/data_files/light_curves')]). Skipping.
2026-02-15 09:43:18,652 - __main__ - WARNING - File not found for Kepler ID: 11284772 (Expected: kplr011284772*_lc.fits in [PosixPath('/Users/emmanuel/proj/exo/kepler_local_data'), PosixPath('/Users/emmanuel/proj/phd/data_files/light_curves')]). Skipping.
2026-02-15 09:43:20,467 - __main__ - WARNING - File not found for Kepler ID: 9209183 (Expected: kplr009209183*_lc.fits in [PosixPath('/Users/emmanuel/proj/exo/kepler_local_data'), PosixPath('/Users/emmanuel/proj/phd/data_files/light_curves')]). Skipping.
2026-02-15 09:43:22,347 - __main__ - WARNING - File not found for Kepler ID: 4072271 (Expected: kplr004072271*_lc.fits in [PosixPath('/Users/emmanuel/proj/exo/kepler_local_data'), PosixPath('/Users/emmanuel/proj/phd/data_files/light_curves')]). Skipping.
2026-02-15 09:43:24,259 - __main__ - WARNING - File not found for Kepler ID: 8613218 (Expected: kplr008613218*_lc.fits in [PosixPath('/Users/emmanuel/proj/exo/kepler_local_data'), PosixPath('/Users/emmanuel/proj/phd/data_files/light_curves')]). Skipping.
2026-02-15 09:43:26,084 - __main__ - WARNING - File not found for Kepler ID: 8548069 (Expected: kplr008548069*_lc.fits in [PosixPath('/Users/emmanuel/proj/exo/kepler_local_data'), PosixPath('/Users/emmanuel/proj/phd/data_files/light_curves')]). Skipping.
2026-02-15 09:43:27,926 - __main__ - WARNING - File not found for Kepler ID: 7820699 (Expected: kplr007820699*_lc.fits in [PosixPath('/Users/emmanuel/proj/exo/kepler_local_data'), PosixPath('/Users/emmanuel/proj/phd/data_files/light_curves')]). Skipping.
2026-02-15 09:43:30,794 - __main__ - WARNING - File not found for Kepler ID: 6201203 (Expected: kplr006201203*_lc.fits in [PosixPath('/Users/emmanuel/proj/exo/kepler_local_data'), PosixPath('/Users/emmanuel/proj/phd/data_files/light_curves')]). Skipping.
2026-02-15 09:43:33,318 - __main__ - WARNING - File not found for Kepler ID: 4556468 (Expected: kplr004556468*_lc.fits in [PosixPath('/Users/emmanuel/proj/exo/kepler_local_data'), PosixPath('/Users/emmanuel/proj/phd/data_files/light_curves')]). Skipping.
2026-02-15 09:43:35,465 - __main__ - WARNING - File not found for Kepler ID: 6359175 (Expected: kplr006359175*_lc.fits in [PosixPath('/Users/emmanuel/proj/exo/kepler_local_data'), PosixPath('/Users/emmanuel/proj/phd/data_files/light_curves')]). Skipping.
2026-02-15 09:43:37,505 - __main__ - WARNING - File not found for Kepler ID: 8104207 (Expected: kplr008104207*_lc.fits in [PosixPath('/Users/emmanuel/proj/exo/kepler_local_data'), PosixPath('/Users/emmanuel/proj/phd/data_files/light_curves')]). Skipping.
2026-02-15 09:43:39,339 - __main__ - WARNING - File not found for Kepler ID: 10026502 (Expected: kplr010026502*_lc.fits in [PosixPath('/Users/emmanuel/proj/exo/kepler_local_data'), PosixPath('/Users/emmanuel/proj/phd/data_files/light_curves')]). Skipping.
2026-02-15 09:43:41,366 - __main__ - WARNING - File not found for Kepler ID: 8037926 (Expected: kplr008037926*_lc.fits in [PosixPath('/Users/emmanuel/proj/exo/kepler_local_data'), PosixPath('/Users/emmanuel/proj/phd/data_files/light_curves')]). Skipping.
2026-02-15 09:43:43,518 - __main__ - WARNING - File not found for Kepler ID: 6437617 (Expected: kplr006437617*_lc.fits in [PosixPath('/Users/emmanuel/proj/exo/kepler_local_data'), PosixPath('/Users/emmanuel/proj/phd/data_files/light_curves')]). Skipping.
2026-02-15 09:43:45,630 - __main__ - WARNING - File not found for Kepler ID: 9773270 (Expected: kplr009773270*_lc.fits in [PosixPath('/Users/emmanuel/proj/exo/kepler_local_data'), PosixPath('/Users/emmanuel/proj/phd/data_files/light_curves')]). Skipping.
2026-02-15 09:43:47,864 - __main__ - WARNING - File not found for Kepler ID: 9516728 (Expected: kplr009516728*_lc.fits in [PosixPath('/Users/emmanuel/proj/exo/kepler_local_data'), PosixPath('/Users/emmanuel/proj/phd/data_files/light_curves')]). Skipping.
2026-02-15 09:43:49,871 - __main__ - WARNING - File not found for Kepler ID: 4825872 (Expected: kplr004825872*_lc.fits in [PosixPath('/Users/emmanuel/proj/exo/kepler_local_data'), PosixPath('/Users/emmanuel/proj/phd/data_files/light_curves')]). Skipping.
2026-02-15 09:43:51,689 - __main__ - WARNING - File not found for Kepler ID: 8110733 (Expected: kplr008110733*_lc.fits in [PosixPath('/Users/emmanuel/proj/exo/kepler_local_data'), PosixPath('/Users/emmanuel/proj/phd/data_files/light_curves')]). Skipping.
2026-02-15 09:43:53,623 - __main__ - WARNING - File not found for Kepler ID: 3644505 (Expected: kplr003644505*_lc.fits in [PosixPath('/Users/emmanuel/proj/exo/kepler_local_data'), PosixPath('/Users/emmanuel/proj/phd/data_files/light_curves')]). Skipping.
2026-02-15 09:43:55,626 - __main__ - WARNING - File not found for Kepler ID: 9711297 (Expected: kplr009711297*_lc.fits in [PosixPath('/Users/emmanuel/proj/exo/kepler_local_data'), PosixPath('/Users/emmanuel/proj/phd/data_files/light_curves')]). Skipping.
2026-02-15 09:43:57,779 - __main__ - WARNING - File not found for Kepler ID: 6200529 (Expected: kplr006200529*_lc.fits in [PosixPath('/Users/emmanuel/proj/exo/kepler_local_data'), PosixPath('/Users/emmanuel/proj/phd/data_files/light_curves')]). Skipping.
2026-02-15 09:43:59,958 - __main__ - WARNING - File not found for Kepler ID: 9893468 (Expected: kplr009893468*_lc.fits in [PosixPath('/Users/emmanuel/proj/exo/kepler_local_data'), PosixPath('/Users/emmanuel/proj/phd/data_files/light_curves')]). Skipping.
2026-02-15 09:44:02,051 - __main__ - WARNING - File not found for Kepler ID: 7598111 (Expected: kplr007598111*_lc.fits in [PosixPath('/Users/emmanuel/proj/exo/kepler_local_data'), PosixPath('/Users/emmanuel/proj/phd/data_files/light_curves')]). Skipping.
2026-02-15 09:44:04,121 - __main__ - WARNING - File not found for Kepler ID: 8240746 (Expected: kplr008240746*_lc.fits in [PosixPath('/Users/emmanuel/proj/exo/kepler_local_data'), PosixPath('/Users/emmanuel/proj/phd/data_files/light_curves')]). Skipping.
2026-02-15 09:44:06,296 - __main__ - WARNING - File not found for Kepler ID: 10610039 (Expected: kplr010610039*_lc.fits in [PosixPath('/Users/emmanuel/proj/exo/kepler_local_data'), PosixPath('/Users/emmanuel/proj/phd/data_files/light_curves')]). Skipping.
2026-02-15 09:44:08,295 - __main__ - WARNING - File not found for Kepler ID: 10140843 (Expected: kplr010140843*_lc.fits in [PosixPath('/Users/emmanuel/proj/exo/kepler_local_data'), PosixPath('/Users/emmanuel/proj/phd/data_files/light_curves')]). Skipping.
2026-02-15 09:44:10,433 - __main__ - WARNING - File not found for Kepler ID: 4902202 (Expected: kplr004902202*_lc.fits in [PosixPath('/Users/emmanuel/proj/exo/kepler_local_data'), PosixPath('/Users/emmanuel/proj/phd/data_files/light_curves')]). Skipping.
2026-02-15 09:44:12,620 - __main__ - WARNING - File not found for Kepler ID: 7523542 (Expected: kplr007523542*_lc.fits in [PosixPath('/Users/emmanuel/proj/exo/kepler_local_data'), PosixPath('/Users/emmanuel/proj/phd/data_files/light_curves')]). Skipping.
2026-02-15 09:44:14,582 - __main__ - WARNING - File not found for Kepler ID: 9386171 (Expected: kplr009386171*_lc.fits in [PosixPath('/Users/emmanuel/proj/exo/kepler_local_data'), PosixPath('/Users/emmanuel/proj/phd/data_files/light_curves')]). Skipping.
2026-02-15 09:44:16,590 - __main__ - WARNING - File not found for Kepler ID: 11553598 (Expected: kplr011553598*_lc.fits in [PosixPath('/Users/emmanuel/proj/exo/kepler_local_data'), PosixPath('/Users/emmanuel/proj/phd/data_files/light_curves')]). Skipping.
2026-02-15 09:44:18,670 - __main__ - WARNING - File not found for Kepler ID: 9007151 (Expected: kplr009007151*_lc.fits in [PosixPath('/Users/emmanuel/proj/exo/kepler_local_data'), PosixPath('/Users/emmanuel/proj/phd/data_files/light_curves')]). Skipping.
2026-02-15 09:44:21,170 - __main__ - WARNING - File not found for Kepler ID: 5090803 (Expected: kplr005090803*_lc.fits in [PosixPath('/Users/emmanuel/proj/exo/kepler_local_data'), PosixPath('/Users/emmanuel/proj/phd/data_files/light_curves')]). Skipping.
2026-02-15 09:44:24,006 - __main__ - WARNING - File not found for Kepler ID: 5783732 (Expected: kplr005783732*_lc.fits in [PosixPath('/Users/emmanuel/proj/exo/kepler_local_data'), PosixPath('/Users/emmanuel/proj/phd/data_files/light_curves')]). Skipping.
2026-02-15 09:44:26,239 - __main__ - WARNING - File not found for Kepler ID: 7900100 (Expected: kplr007900100*_lc.fits in [PosixPath('/Users/emmanuel/proj/exo/kepler_local_data'), PosixPath('/Users/emmanuel/proj/phd/data_files/light_curves')]). Skipping.
2026-02-15 09:44:28,501 - __main__ - WARNING - File not found for Kepler ID: 7429240 (Expected: kplr007429240*_lc.fits in [PosixPath('/Users/emmanuel/proj/exo/kepler_local_data'), PosixPath('/Users/emmanuel/proj/phd/data_files/light_curves')]). Skipping.
2026-02-15 09:44:30,732 - __main__ - WARNING - File not found for Kepler ID: 10003058 (Expected: kplr010003058*_lc.fits in [PosixPath('/Users/emmanuel/proj/exo/kepler_local_data'), PosixPath('/Users/emmanuel/proj/phd/data_files/light_curves')]). Skipping.
2026-02-15 09:44:33,128 - __main__ - WARNING - File not found for Kepler ID: 6199864 (Expected: kplr006199864*_lc.fits in [PosixPath('/Users/emmanuel/proj/exo/kepler_local_data'), PosixPath('/Users/emmanuel/proj/phd/data_files/light_curves')]). Skipping.
2026-02-15 09:44:35,734 - __main__ - WARNING - File not found for Kepler ID: 7366895 (Expected: kplr007366895*_lc.fits in [PosixPath('/Users/emmanuel/proj/exo/kepler_local_data'), PosixPath('/Users/emmanuel/proj/phd/data_files/light_curves')]). Skipping.
2026-02-15 09:44:37,924 - __main__ - WARNING - File not found for Kepler ID: 10729472 (Expected: kplr010729472*_lc.fits in [PosixPath('/Users/emmanuel/proj/exo/kepler_local_data'), PosixPath('/Users/emmanuel/proj/phd/data_files/light_curves')]). Skipping.
2026-02-15 09:44:39,816 - __main__ - WARNING - File not found for Kepler ID: 6200612 (Expected: kplr006200612*_lc.fits in [PosixPath('/Users/emmanuel/proj/exo/kepler_local_data'), PosixPath('/Users/emmanuel/proj/phd/data_files/light_curves')]). Skipping.
2026-02-15 09:44:41,811 - __main__ - WARNING - File not found for Kepler ID: 9171886 (Expected: kplr009171886*_lc.fits in [PosixPath('/Users/emmanuel/proj/exo/kepler_local_data'), PosixPath('/Users/emmanuel/proj/phd/data_files/light_curves')]). Skipping.
2026-02-15 09:44:43,765 - __main__ - WARNING - File not found for Kepler ID: 8359569 (Expected: kplr008359569*_lc.fits in [PosixPath('/Users/emmanuel/proj/exo/kepler_local_data'), PosixPath('/Users/emmanuel/proj/phd/data_files/light_curves')]). Skipping.
2026-02-15 09:44:45,906 - __main__ - WARNING - File not found for Kepler ID: 8652577 (Expected: kplr008652577*_lc.fits in [PosixPath('/Users/emmanuel/proj/exo/kepler_local_data'), PosixPath('/Users/emmanuel/proj/phd/data_files/light_curves')]). Skipping.
2026-02-15 09:44:48,201 - __main__ - WARNING - File not found for Kepler ID: 8804937 (Expected: kplr008804937*_lc.fits in [PosixPath('/Users/emmanuel/proj/exo/kepler_local_data'), PosixPath('/Users/emmanuel/proj/phd/data_files/light_curves')]). Skipping.
2026-02-15 09:44:50,256 - __main__ - WARNING - File not found for Kepler ID: 9947389 (Expected: kplr009947389*_lc.fits in [PosixPath('/Users/emmanuel/proj/exo/kepler_local_data'), PosixPath('/Users/emmanuel/proj/phd/data_files/light_curves')]). Skipping.
2026-02-15 09:44:52,193 - __main__ - WARNING - File not found for Kepler ID: 7283710 (Expected: kplr007283710*_lc.fits in [PosixPath('/Users/emmanuel/proj/exo/kepler_local_data'), PosixPath('/Users/emmanuel/proj/phd/data_files/light_curves')]). Skipping.
2026-02-15 09:44:54,350 - __main__ - WARNING - File not found for Kepler ID: 7272132 (Expected: kplr007272132*_lc.fits in [PosixPath('/Users/emmanuel/proj/exo/kepler_local_data'), PosixPath('/Users/emmanuel/proj/phd/data_files/light_curves')]). Skipping.
2026-02-15 09:44:56,408 - __main__ - WARNING - File not found for Kepler ID: 6437226 (Expected: kplr006437226*_lc.fits in [PosixPath('/Users/emmanuel/proj/exo/kepler_local_data'), PosixPath('/Users/emmanuel/proj/phd/data_files/light_curves')]). Skipping.
2026-02-15 09:44:58,492 - __main__ - WARNING - File not found for Kepler ID: 2972800 (Expected: kplr002972800*_lc.fits in [PosixPath('/Users/emmanuel/proj/exo/kepler_local_data'), PosixPath('/Users/emmanuel/proj/phd/data_files/light_curves')]). Skipping.
2026-02-15 09:45:00,540 - __main__ - WARNING - File not found for Kepler ID: 5301093 (Expected: kplr005301093*_lc.fits in [PosixPath('/Users/emmanuel/proj/exo/kepler_local_data'), PosixPath('/Users/emmanuel/proj/phd/data_files/light_curves')]). Skipping.
2026-02-15 09:45:02,464 - __main__ - WARNING - File not found for Kepler ID: 11092040 (Expected: kplr011092040*_lc.fits in [PosixPath('/Users/emmanuel/proj/exo/kepler_local_data'), PosixPath('/Users/emmanuel/proj/phd/data_files/light_curves')]). Skipping.
2026-02-15 09:45:04,530 - __main__ - WARNING - File not found for Kepler ID: 10220950 (Expected: kplr010220950*_lc.fits in [PosixPath('/Users/emmanuel/proj/exo/kepler_local_data'), PosixPath('/Users/emmanuel/proj/phd/data_files/light_curves')]). Skipping.
2026-02-15 09:45:06,733 - __main__ - WARNING - File not found for Kepler ID: 5305399 (Expected: kplr005305399*_lc.fits in [PosixPath('/Users/emmanuel/proj/exo/kepler_local_data'), PosixPath('/Users/emmanuel/proj/phd/data_files/light_curves')]). Skipping.
2026-02-15 09:45:08,758 - __main__ - WARNING - File not found for Kepler ID: 5126932 (Expected: kplr005126932*_lc.fits in [PosixPath('/Users/emmanuel/proj/exo/kepler_local_data'), PosixPath('/Users/emmanuel/proj/phd/data_files/light_curves')]). Skipping.
2026-02-15 09:45:10,569 - __main__ - WARNING - File not found for Kepler ID: 2554853 (Expected: kplr002554853*_lc.fits in [PosixPath('/Users/emmanuel/proj/exo/kepler_local_data'), PosixPath('/Users/emmanuel/proj/phd/data_files/light_curves')]). Skipping.
2026-02-15 09:45:12,421 - __main__ - WARNING - File not found for Kepler ID: 4742188 (Expected: kplr004742188*_lc.fits in [PosixPath('/Users/emmanuel/proj/exo/kepler_local_data'), PosixPath('/Users/emmanuel/proj/phd/data_files/light_curves')]). Skipping.
2026-02-15 09:45:14,170 - __main__ - WARNING - File not found for Kepler ID: 6116035 (Expected: kplr006116035*_lc.fits in [PosixPath('/Users/emmanuel/proj/exo/kepler_local_data'), PosixPath('/Users/emmanuel/proj/phd/data_files/light_curves')]). Skipping.
2026-02-15 09:45:15,894 - __main__ - WARNING - File not found for Kepler ID: 8958359 (Expected: kplr008958359*_lc.fits in [PosixPath('/Users/emmanuel/proj/exo/kepler_local_data'), PosixPath('/Users/emmanuel/proj/phd/data_files/light_curves')]). Skipping.
2026-02-15 09:45:17,711 - __main__ - WARNING - File not found for Kepler ID: 11658036 (Expected: kplr011658036*_lc.fits in [PosixPath('/Users/emmanuel/proj/exo/kepler_local_data'), PosixPath('/Users/emmanuel/proj/phd/data_files/light_curves')]). Skipping.
2026-02-15 09:45:19,550 - __main__ - WARNING - File not found for Kepler ID: 12506417 (Expected: kplr012506417*_lc.fits in [PosixPath('/Users/emmanuel/proj/exo/kepler_local_data'), PosixPath('/Users/emmanuel/proj/phd/data_files/light_curves')]). Skipping.
2026-02-15 09:45:21,354 - __main__ - WARNING - File not found for Kepler ID: 10187563 (Expected: kplr010187563*_lc.fits in [PosixPath('/Users/emmanuel/proj/exo/kepler_local_data'), PosixPath('/Users/emmanuel/proj/phd/data_files/light_curves')]). Skipping.
2026-02-15 09:45:23,255 - __main__ - WARNING - File not found for Kepler ID: 9005321 (Expected: kplr009005321*_lc.fits in [PosixPath('/Users/emmanuel/proj/exo/kepler_local_data'), PosixPath('/Users/emmanuel/proj/phd/data_files/light_curves')]). Skipping.
2026-02-15 09:45:25,132 - __main__ - WARNING - File not found for Kepler ID: 5168498 (Expected: kplr005168498*_lc.fits in [PosixPath('/Users/emmanuel/proj/exo/kepler_local_data'), PosixPath('/Users/emmanuel/proj/phd/data_files/light_curves')]). Skipping.
2026-02-15 09:45:26,867 - __main__ - WARNING - File not found for Kepler ID: 5951416 (Expected: kplr005951416*_lc.fits in [PosixPath('/Users/emmanuel/proj/exo/kepler_local_data'), PosixPath('/Users/emmanuel/proj/phd/data_files/light_curves')]). Skipping.
2026-02-15 09:45:28,730 - __main__ - WARNING - File not found for Kepler ID: 9782748 (Expected: kplr009782748*_lc.fits in [PosixPath('/Users/emmanuel/proj/exo/kepler_local_data'), PosixPath('/Users/emmanuel/proj/phd/data_files/light_curves')]). Skipping.
2026-02-15 09:45:30,657 - __main__ - WARNING - File not found for Kepler ID: 6438379 (Expected: kplr006438379*_lc.fits in [PosixPath('/Users/emmanuel/proj/exo/kepler_local_data'), PosixPath('/Users/emmanuel/proj/phd/data_files/light_curves')]). Skipping.
2026-02-15 09:45:32,686 - __main__ - WARNING - File not found for Kepler ID: 9145415 (Expected: kplr009145415*_lc.fits in [PosixPath('/Users/emmanuel/proj/exo/kepler_local_data'), PosixPath('/Users/emmanuel/proj/phd/data_files/light_curves')]). Skipping.
2026-02-15 09:45:34,659 - __main__ - WARNING - File not found for Kepler ID: 9582496 (Expected: kplr009582496*_lc.fits in [PosixPath('/Users/emmanuel/proj/exo/kepler_local_data'), PosixPath('/Users/emmanuel/proj/phd/data_files/light_curves')]). Skipping.
2026-02-15 09:45:36,897 - __main__ - WARNING - File not found for Kepler ID: 11294883 (Expected: kplr011294883*_lc.fits in [PosixPath('/Users/emmanuel/proj/exo/kepler_local_data'), PosixPath('/Users/emmanuel/proj/phd/data_files/light_curves')]). Skipping.
2026-02-15 09:45:38,919 - __main__ - WARNING - File not found for Kepler ID: 3832474 (Expected: kplr003832474*_lc.fits in [PosixPath('/Users/emmanuel/proj/exo/kepler_local_data'), PosixPath('/Users/emmanuel/proj/phd/data_files/light_curves')]). Skipping.
2026-02-15 09:45:41,272 - __main__ - WARNING - File not found for Kepler ID: 11038580 (Expected: kplr011038580*_lc.fits in [PosixPath('/Users/emmanuel/proj/exo/kepler_local_data'), PosixPath('/Users/emmanuel/proj/phd/data_files/light_curves')]). Skipping.
2026-02-15 09:45:43,613 - __main__ - WARNING - File not found for Kepler ID: 5097856 (Expected: kplr005097856*_lc.fits in [PosixPath('/Users/emmanuel/proj/exo/kepler_local_data'), PosixPath('/Users/emmanuel/proj/phd/data_files/light_curves')]). Skipping.
2026-02-15 09:45:45,902 - __main__ - WARNING - File not found for Kepler ID: 10139390 (Expected: kplr010139390*_lc.fits in [PosixPath('/Users/emmanuel/proj/exo/kepler_local_data'), PosixPath('/Users/emmanuel/proj/phd/data_files/light_curves')]). Skipping.
2026-02-15 09:45:48,360 - __main__ - WARNING - File not found for Kepler ID: 1430305 (Expected: kplr001430305*_lc.fits in [PosixPath('/Users/emmanuel/proj/exo/kepler_local_data'), PosixPath('/Users/emmanuel/proj/phd/data_files/light_curves')]). Skipping.
2026-02-15 09:45:50,577 - __main__ - WARNING - File not found for Kepler ID: 5783938 (Expected: kplr005783938*_lc.fits in [PosixPath('/Users/emmanuel/proj/exo/kepler_local_data'), PosixPath('/Users/emmanuel/proj/phd/data_files/light_curves')]). Skipping.
2026-02-15 09:45:53,060 - __main__ - WARNING - File not found for Kepler ID: 8940700 (Expected: kplr008940700*_lc.fits in [PosixPath('/Users/emmanuel/proj/exo/kepler_local_data'), PosixPath('/Users/emmanuel/proj/phd/data_files/light_curves')]). Skipping.
2026-02-15 09:45:54,992 - __main__ - WARNING - File not found for Kepler ID: 11804437 (Expected: kplr011804437*_lc.fits in [PosixPath('/Users/emmanuel/proj/exo/kepler_local_data'), PosixPath('/Users/emmanuel/proj/phd/data_files/light_curves')]). Skipping.
2026-02-15 09:45:56,723 - __main__ - WARNING - File not found for Kepler ID: 8747009 (Expected: kplr008747009*_lc.fits in [PosixPath('/Users/emmanuel/proj/exo/kepler_local_data'), PosixPath('/Users/emmanuel/proj/phd/data_files/light_curves')]). Skipping.
2026-02-15 09:45:58,236 - __main__ - WARNING - File not found for Kepler ID: 6681546 (Expected: kplr006681546*_lc.fits in [PosixPath('/Users/emmanuel/proj/exo/kepler_local_data'), PosixPath('/Users/emmanuel/proj/phd/data_files/light_curves')]). Skipping.
2026-02-15 09:45:59,708 - __main__ - WARNING - File not found for Kepler ID: 6421137 (Expected: kplr006421137*_lc.fits in [PosixPath('/Users/emmanuel/proj/exo/kepler_local_data'), PosixPath('/Users/emmanuel/proj/phd/data_files/light_curves')]). Skipping.
2026-02-15 09:46:01,224 - __main__ - WARNING - File not found for Kepler ID: 9893278 (Expected: kplr009893278*_lc.fits in [PosixPath('/Users/emmanuel/proj/exo/kepler_local_data'), PosixPath('/Users/emmanuel/proj/phd/data_files/light_curves')]). Skipping.
2026-02-15 09:46:02,790 - __main__ - WARNING - File not found for Kepler ID: 4270799 (Expected: kplr004270799*_lc.fits in [PosixPath('/Users/emmanuel/proj/exo/kepler_local_data'), PosixPath('/Users/emmanuel/proj/phd/data_files/light_curves')]). Skipping.
2026-02-15 09:46:04,168 - __main__ - WARNING - File not found for Kepler ID: 4138008 (Expected: kplr004138008*_lc.fits in [PosixPath('/Users/emmanuel/proj/exo/kepler_local_data'), PosixPath('/Users/emmanuel/proj/phd/data_files/light_curves')]). Skipping.
2026-02-15 09:46:05,562 - __main__ - WARNING - File not found for Kepler ID: 6852354 (Expected: kplr006852354*_lc.fits in [PosixPath('/Users/emmanuel/proj/exo/kepler_local_data'), PosixPath('/Users/emmanuel/proj/phd/data_files/light_curves')]). Skipping.
2026-02-15 09:46:07,052 - __main__ - WARNING - File not found for Kepler ID: 11757451 (Expected: kplr011757451*_lc.fits in [PosixPath('/Users/emmanuel/proj/exo/kepler_local_data'), PosixPath('/Users/emmanuel/proj/phd/data_files/light_curves')]). Skipping.
2026-02-15 09:46:08,465 - __main__ - WARNING - File not found for Kepler ID: 9086001 (Expected: kplr009086001*_lc.fits in [PosixPath('/Users/emmanuel/proj/exo/kepler_local_data'), PosixPath('/Users/emmanuel/proj/phd/data_files/light_curves')]). Skipping.
2026-02-15 09:46:09,880 - __main__ - WARNING - File not found for Kepler ID: 5276332 (Expected: kplr005276332*_lc.fits in [PosixPath('/Users/emmanuel/proj/exo/kepler_local_data'), PosixPath('/Users/emmanuel/proj/phd/data_files/light_curves')]). Skipping.
2026-02-15 09:46:11,371 - __main__ - WARNING - File not found for Kepler ID: 4651399 (Expected: kplr004651399*_lc.fits in [PosixPath('/Users/emmanuel/proj/exo/kepler_local_data'), PosixPath('/Users/emmanuel/proj/phd/data_files/light_curves')]). Skipping.
2026-02-15 09:46:12,809 - __main__ - WARNING - File not found for Kepler ID: 9953575 (Expected: kplr009953575*_lc.fits in [PosixPath('/Users/emmanuel/proj/exo/kepler_local_data'), PosixPath('/Users/emmanuel/proj/phd/data_files/light_curves')]). Skipping.
2026-02-15 09:46:14,264 - __main__ - WARNING - File not found for Kepler ID: 7887890 (Expected: kplr007887890*_lc.fits in [PosixPath('/Users/emmanuel/proj/exo/kepler_local_data'), PosixPath('/Users/emmanuel/proj/phd/data_files/light_curves')]). Skipping.
2026-02-15 09:46:15,677 - __main__ - WARNING - File not found for Kepler ID: 10065053 (Expected: kplr010065053*_lc.fits in [PosixPath('/Users/emmanuel/proj/exo/kepler_local_data'), PosixPath('/Users/emmanuel/proj/phd/data_files/light_curves')]). Skipping.
2026-02-15 09:46:17,101 - __main__ - WARNING - File not found for Kepler ID: 11867608 (Expected: kplr011867608*_lc.fits in [PosixPath('/Users/emmanuel/proj/exo/kepler_local_data'), PosixPath('/Users/emmanuel/proj/phd/data_files/light_curves')]). Skipping.
2026-02-15 09:46:18,611 - __main__ - WARNING - File not found for Kepler ID: 3644071 (Expected: kplr003644071*_lc.fits in [PosixPath('/Users/emmanuel/proj/exo/kepler_local_data'), PosixPath('/Users/emmanuel/proj/phd/data_files/light_curves')]). Skipping.
2026-02-15 09:46:20,054 - __main__ - WARNING - File not found for Kepler ID: 8308070 (Expected: kplr008308070*_lc.fits in [PosixPath('/Users/emmanuel/proj/exo/kepler_local_data'), PosixPath('/Users/emmanuel/proj/phd/data_files/light_curves')]). Skipping.
2026-02-15 09:46:21,459 - __main__ - WARNING - File not found for Kepler ID: 10000162 (Expected: kplr010000162*_lc.fits in [PosixPath('/Users/emmanuel/proj/exo/kepler_local_data'), PosixPath('/Users/emmanuel/proj/phd/data_files/light_curves')]). Skipping.
2026-02-15 09:46:22,873 - __main__ - WARNING - File not found for Kepler ID: 7799701 (Expected: kplr007799701*_lc.fits in [PosixPath('/Users/emmanuel/proj/exo/kepler_local_data'), PosixPath('/Users/emmanuel/proj/phd/data_files/light_curves')]). Skipping.
2026-02-15 09:46:24,399 - __main__ - WARNING - File not found for Kepler ID: 4670361 (Expected: kplr004670361*_lc.fits in [PosixPath('/Users/emmanuel/proj/exo/kepler_local_data'), PosixPath('/Users/emmanuel/proj/phd/data_files/light_curves')]). Skipping.
2026-02-15 09:46:25,872 - __main__ - WARNING - File not found for Kepler ID: 6680911 (Expected: kplr006680911*_lc.fits in [PosixPath('/Users/emmanuel/proj/exo/kepler_local_data'), PosixPath('/Users/emmanuel/proj/phd/data_files/light_curves')]). Skipping.
2026-02-15 09:46:27,485 - __main__ - WARNING - File not found for Kepler ID: 4940203 (Expected: kplr004940203*_lc.fits in [PosixPath('/Users/emmanuel/proj/exo/kepler_local_data'), PosixPath('/Users/emmanuel/proj/phd/data_files/light_curves')]). Skipping.
2026-02-15 09:46:28,906 - __main__ - WARNING - File not found for Kepler ID: 5881307 (Expected: kplr005881307*_lc.fits in [PosixPath('/Users/emmanuel/proj/exo/kepler_local_data'), PosixPath('/Users/emmanuel/proj/phd/data_files/light_curves')]). Skipping.
2026-02-15 09:46:30,448 - __main__ - WARNING - File not found for Kepler ID: 9028474 (Expected: kplr009028474*_lc.fits in [PosixPath('/Users/emmanuel/proj/exo/kepler_local_data'), PosixPath('/Users/emmanuel/proj/phd/data_files/light_curves')]). Skipping.
2026-02-15 09:46:31,875 - __main__ - WARNING - File not found for Kepler ID: 6124137 (Expected: kplr006124137*_lc.fits in [PosixPath('/Users/emmanuel/proj/exo/kepler_local_data'), PosixPath('/Users/emmanuel/proj/phd/data_files/light_curves')]). Skipping.
2026-02-15 09:46:33,384 - __main__ - WARNING - File not found for Kepler ID: 3644542 (Expected: kplr003644542*_lc.fits in [PosixPath('/Users/emmanuel/proj/exo/kepler_local_data'), PosixPath('/Users/emmanuel/proj/phd/data_files/light_curves')]). Skipping.
2026-02-15 09:46:35,034 - __main__ - WARNING - File not found for Kepler ID: 3442054 (Expected: kplr003442054*_lc.fits in [PosixPath('/Users/emmanuel/proj/exo/kepler_local_data'), PosixPath('/Users/emmanuel/proj/phd/data_files/light_curves')]). Skipping.
2026-02-15 09:46:36,443 - __main__ - WARNING - File not found for Kepler ID: 10677186 (Expected: kplr010677186*_lc.fits in [PosixPath('/Users/emmanuel/proj/exo/kepler_local_data'), PosixPath('/Users/emmanuel/proj/phd/data_files/light_curves')]). Skipping.
2026-02-15 09:46:37,928 - __main__ - WARNING - File not found for Kepler ID: 5687986 (Expected: kplr005687986*_lc.fits in [PosixPath('/Users/emmanuel/proj/exo/kepler_local_data'), PosixPath('/Users/emmanuel/proj/phd/data_files/light_curves')]). Skipping.
2026-02-15 09:46:39,440 - __main__ - WARNING - File not found for Kepler ID: 7117003 (Expected: kplr007117003*_lc.fits in [PosixPath('/Users/emmanuel/proj/exo/kepler_local_data'), PosixPath('/Users/emmanuel/proj/phd/data_files/light_curves')]). Skipping.
2026-02-15 09:46:40,852 - __main__ - WARNING - File not found for Kepler ID: 3757590 (Expected: kplr003757590*_lc.fits in [PosixPath('/Users/emmanuel/proj/exo/kepler_local_data'), PosixPath('/Users/emmanuel/proj/phd/data_files/light_curves')]). Skipping.
2026-02-15 09:46:42,333 - __main__ - WARNING - File not found for Kepler ID: 10845188 (Expected: kplr010845188*_lc.fits in [PosixPath('/Users/emmanuel/proj/exo/kepler_local_data'), PosixPath('/Users/emmanuel/proj/phd/data_files/light_curves')]). Skipping.
2026-02-15 09:46:43,872 - __main__ - WARNING - File not found for Kepler ID: 3098843 (Expected: kplr003098843*_lc.fits in [PosixPath('/Users/emmanuel/proj/exo/kepler_local_data'), PosixPath('/Users/emmanuel/proj/phd/data_files/light_curves')]). Skipping.
2026-02-15 09:46:45,293 - __main__ - WARNING - File not found for Kepler ID: 5456023 (Expected: kplr005456023*_lc.fits in [PosixPath('/Users/emmanuel/proj/exo/kepler_local_data'), PosixPath('/Users/emmanuel/proj/phd/data_files/light_curves')]). Skipping.
2026-02-15 09:46:46,717 - __main__ - WARNING - File not found for Kepler ID: 12021387 (Expected: kplr012021387*_lc.fits in [PosixPath('/Users/emmanuel/proj/exo/kepler_local_data'), PosixPath('/Users/emmanuel/proj/phd/data_files/light_curves')]). Skipping.
2026-02-15 09:46:48,252 - __main__ - WARNING - File not found for Kepler ID: 8044608 (Expected: kplr008044608*_lc.fits in [PosixPath('/Users/emmanuel/proj/exo/kepler_local_data'), PosixPath('/Users/emmanuel/proj/phd/data_files/light_curves')]). Skipping.
2026-02-15 09:46:49,719 - __main__ - WARNING - File not found for Kepler ID: 8760135 (Expected: kplr008760135*_lc.fits in [PosixPath('/Users/emmanuel/proj/exo/kepler_local_data'), PosixPath('/Users/emmanuel/proj/phd/data_files/light_curves')]). Skipping.
2026-02-15 09:46:51,319 - __main__ - WARNING - File not found for Kepler ID: 6137704 (Expected: kplr006137704*_lc.fits in [PosixPath('/Users/emmanuel/proj/exo/kepler_local_data'), PosixPath('/Users/emmanuel/proj/phd/data_files/light_curves')]). Skipping.
2026-02-15 09:46:52,720 - __main__ - WARNING - File not found for Kepler ID: 10259301 (Expected: kplr010259301*_lc.fits in [PosixPath('/Users/emmanuel/proj/exo/kepler_local_data'), PosixPath('/Users/emmanuel/proj/phd/data_files/light_curves')]). Skipping.
2026-02-15 09:46:54,136 - __main__ - WARNING - File not found for Kepler ID: 5888187 (Expected: kplr005888187*_lc.fits in [PosixPath('/Users/emmanuel/proj/exo/kepler_local_data'), PosixPath('/Users/emmanuel/proj/phd/data_files/light_curves')]). Skipping.
2026-02-15 09:46:55,598 - __main__ - WARNING - File not found for Kepler ID: 10292238 (Expected: kplr010292238*_lc.fits in [PosixPath('/Users/emmanuel/proj/exo/kepler_local_data'), PosixPath('/Users/emmanuel/proj/phd/data_files/light_curves')]). Skipping.
2026-02-15 09:46:57,017 - __main__ - WARNING - File not found for Kepler ID: 4255422 (Expected: kplr004255422*_lc.fits in [PosixPath('/Users/emmanuel/proj/exo/kepler_local_data'), PosixPath('/Users/emmanuel/proj/phd/data_files/light_curves')]). Skipping.
2026-02-15 09:46:58,429 - __main__ - WARNING - File not found for Kepler ID: 5894182 (Expected: kplr005894182*_lc.fits in [PosixPath('/Users/emmanuel/proj/exo/kepler_local_data'), PosixPath('/Users/emmanuel/proj/phd/data_files/light_curves')]). Skipping.
2026-02-15 09:46:59,914 - __main__ - WARNING - File not found for Kepler ID: 10748621 (Expected: kplr010748621*_lc.fits in [PosixPath('/Users/emmanuel/proj/exo/kepler_local_data'), PosixPath('/Users/emmanuel/proj/phd/data_files/light_curves')]). Skipping.
2026-02-15 09:47:01,349 - __main__ - WARNING - File not found for Kepler ID: 4824268 (Expected: kplr004824268*_lc.fits in [PosixPath('/Users/emmanuel/proj/exo/kepler_local_data'), PosixPath('/Users/emmanuel/proj/phd/data_files/light_curves')]). Skipping.
2026-02-15 09:47:02,784 - __main__ - WARNING - File not found for Kepler ID: 7987086 (Expected: kplr007987086*_lc.fits in [PosixPath('/Users/emmanuel/proj/exo/kepler_local_data'), PosixPath('/Users/emmanuel/proj/phd/data_files/light_curves')]). Skipping.
2026-02-15 09:47:04,195 - __main__ - WARNING - File not found for Kepler ID: 8668810 (Expected: kplr008668810*_lc.fits in [PosixPath('/Users/emmanuel/proj/exo/kepler_local_data'), PosixPath('/Users/emmanuel/proj/phd/data_files/light_curves')]). Skipping.
2026-02-15 09:47:05,605 - __main__ - WARNING - File not found for Kepler ID: 8868907 (Expected: kplr008868907*_lc.fits in [PosixPath('/Users/emmanuel/proj/exo/kepler_local_data'), PosixPath('/Users/emmanuel/proj/phd/data_files/light_curves')]). Skipping.
2026-02-15 09:47:07,213 - __main__ - WARNING - File not found for Kepler ID: 11337372 (Expected: kplr011337372*_lc.fits in [PosixPath('/Users/emmanuel/proj/exo/kepler_local_data'), PosixPath('/Users/emmanuel/proj/phd/data_files/light_curves')]). Skipping.
2026-02-15 09:47:08,676 - __main__ - WARNING - File not found for Kepler ID: 8868364 (Expected: kplr008868364*_lc.fits in [PosixPath('/Users/emmanuel/proj/exo/kepler_local_data'), PosixPath('/Users/emmanuel/proj/phd/data_files/light_curves')]). Skipping.
2026-02-15 09:47:10,091 - __main__ - WARNING - File not found for Kepler ID: 9656397 (Expected: kplr009656397*_lc.fits in [PosixPath('/Users/emmanuel/proj/exo/kepler_local_data'), PosixPath('/Users/emmanuel/proj/phd/data_files/light_curves')]). Skipping.
2026-02-15 09:47:11,502 - __main__ - WARNING - File not found for Kepler ID: 6756202 (Expected: kplr006756202*_lc.fits in [PosixPath('/Users/emmanuel/proj/exo/kepler_local_data'), PosixPath('/Users/emmanuel/proj/phd/data_files/light_curves')]). Skipping.
2026-02-15 09:47:12,928 - __main__ - WARNING - File not found for Kepler ID: 2307206 (Expected: kplr002307206*_lc.fits in [PosixPath('/Users/emmanuel/proj/exo/kepler_local_data'), PosixPath('/Users/emmanuel/proj/phd/data_files/light_curves')]). Skipping.
2026-02-15 09:47:14,367 - __main__ - WARNING - File not found for Kepler ID: 3326377 (Expected: kplr003326377*_lc.fits in [PosixPath('/Users/emmanuel/proj/exo/kepler_local_data'), PosixPath('/Users/emmanuel/proj/phd/data_files/light_curves')]). Skipping.
2026-02-15 09:47:15,865 - __main__ - WARNING - File not found for Kepler ID: 6426592 (Expected: kplr006426592*_lc.fits in [PosixPath('/Users/emmanuel/proj/exo/kepler_local_data'), PosixPath('/Users/emmanuel/proj/phd/data_files/light_curves')]). Skipping.
2026-02-15 09:47:17,380 - __main__ - WARNING - File not found for Kepler ID: 8491745 (Expected: kplr008491745*_lc.fits in [PosixPath('/Users/emmanuel/proj/exo/kepler_local_data'), PosixPath('/Users/emmanuel/proj/phd/data_files/light_curves')]). Skipping.
2026-02-15 09:47:18,813 - __main__ - WARNING - File not found for Kepler ID: 3970117 (Expected: kplr003970117*_lc.fits in [PosixPath('/Users/emmanuel/proj/exo/kepler_local_data'), PosixPath('/Users/emmanuel/proj/phd/data_files/light_curves')]). Skipping.
2026-02-15 09:47:20,266 - __main__ - WARNING - File not found for Kepler ID: 6021275 (Expected: kplr006021275*_lc.fits in [PosixPath('/Users/emmanuel/proj/exo/kepler_local_data'), PosixPath('/Users/emmanuel/proj/phd/data_files/light_curves')]). Skipping.
2026-02-15 09:47:21,674 - __main__ - WARNING - File not found for Kepler ID: 2975770 (Expected: kplr002975770*_lc.fits in [PosixPath('/Users/emmanuel/proj/exo/kepler_local_data'), PosixPath('/Users/emmanuel/proj/phd/data_files/light_curves')]). Skipping.
2026-02-15 09:47:23,291 - __main__ - WARNING - File not found for Kepler ID: 5534965 (Expected: kplr005534965*_lc.fits in [PosixPath('/Users/emmanuel/proj/exo/kepler_local_data'), PosixPath('/Users/emmanuel/proj/phd/data_files/light_curves')]). Skipping.
2026-02-15 09:47:24,742 - __main__ - WARNING - File not found for Kepler ID: 9948002 (Expected: kplr009948002*_lc.fits in [PosixPath('/Users/emmanuel/proj/exo/kepler_local_data'), PosixPath('/Users/emmanuel/proj/phd/data_files/light_curves')]). Skipping.
2026-02-15 09:47:26,195 - __main__ - WARNING - File not found for Kepler ID: 5264304 (Expected: kplr005264304*_lc.fits in [PosixPath('/Users/emmanuel/proj/exo/kepler_local_data'), PosixPath('/Users/emmanuel/proj/phd/data_files/light_curves')]). Skipping.
2026-02-15 09:47:27,608 - __main__ - WARNING - File not found for Kepler ID: 5806800 (Expected: kplr005806800*_lc.fits in [PosixPath('/Users/emmanuel/proj/exo/kepler_local_data'), PosixPath('/Users/emmanuel/proj/phd/data_files/light_curves')]). Skipping.
2026-02-15 09:47:29,017 - __main__ - WARNING - File not found for Kepler ID: 11671429 (Expected: kplr011671429*_lc.fits in [PosixPath('/Users/emmanuel/proj/exo/kepler_local_data'), PosixPath('/Users/emmanuel/proj/phd/data_files/light_curves')]). Skipping.
2026-02-15 09:47:30,436 - __main__ - WARNING - File not found for Kepler ID: 5817957 (Expected: kplr005817957*_lc.fits in [PosixPath('/Users/emmanuel/proj/exo/kepler_local_data'), PosixPath('/Users/emmanuel/proj/phd/data_files/light_curves')]). Skipping.
2026-02-15 09:47:31,967 - __main__ - WARNING - File not found for Kepler ID: 7703955 (Expected: kplr007703955*_lc.fits in [PosixPath('/Users/emmanuel/proj/exo/kepler_local_data'), PosixPath('/Users/emmanuel/proj/phd/data_files/light_curves')]). Skipping.
2026-02-15 09:47:33,391 - __main__ - WARNING - File not found for Kepler ID: 7353970 (Expected: kplr007353970*_lc.fits in [PosixPath('/Users/emmanuel/proj/exo/kepler_local_data'), PosixPath('/Users/emmanuel/proj/phd/data_files/light_curves')]). Skipping.
2026-02-15 09:47:34,800 - __main__ - WARNING - File not found for Kepler ID: 9785454 (Expected: kplr009785454*_lc.fits in [PosixPath('/Users/emmanuel/proj/exo/kepler_local_data'), PosixPath('/Users/emmanuel/proj/phd/data_files/light_curves')]). Skipping.
2026-02-15 09:47:36,208 - __main__ - WARNING - File not found for Kepler ID: 6069674 (Expected: kplr006069674*_lc.fits in [PosixPath('/Users/emmanuel/proj/exo/kepler_local_data'), PosixPath('/Users/emmanuel/proj/phd/data_files/light_curves')]). Skipping.
2026-02-15 09:47:37,661 - __main__ - WARNING - File not found for Kepler ID: 6356400 (Expected: kplr006356400*_lc.fits in [PosixPath('/Users/emmanuel/proj/exo/kepler_local_data'), PosixPath('/Users/emmanuel/proj/phd/data_files/light_curves')]). Skipping.
2026-02-15 09:47:39,182 - __main__ - WARNING - File not found for Kepler ID: 5653795 (Expected: kplr005653795*_lc.fits in [PosixPath('/Users/emmanuel/proj/exo/kepler_local_data'), PosixPath('/Users/emmanuel/proj/phd/data_files/light_curves')]). Skipping.
2026-02-15 09:47:40,741 - __main__ - WARNING - File not found for Kepler ID: 10464666 (Expected: kplr010464666*_lc.fits in [PosixPath('/Users/emmanuel/proj/exo/kepler_local_data'), PosixPath('/Users/emmanuel/proj/phd/data_files/light_curves')]). Skipping.
2026-02-15 09:47:42,208 - __main__ - WARNING - File not found for Kepler ID: 4659255 (Expected: kplr004659255*_lc.fits in [PosixPath('/Users/emmanuel/proj/exo/kepler_local_data'), PosixPath('/Users/emmanuel/proj/phd/data_files/light_curves')]). Skipping.
2026-02-15 09:47:43,644 - __main__ - WARNING - File not found for Kepler ID: 3428468 (Expected: kplr003428468*_lc.fits in [PosixPath('/Users/emmanuel/proj/exo/kepler_local_data'), PosixPath('/Users/emmanuel/proj/phd/data_files/light_curves')]). Skipping.
2026-02-15 09:47:45,054 - __main__ - WARNING - File not found for Kepler ID: 5130740 (Expected: kplr005130740*_lc.fits in [PosixPath('/Users/emmanuel/proj/exo/kepler_local_data'), PosixPath('/Users/emmanuel/proj/phd/data_files/light_curves')]). Skipping.
2026-02-15 09:47:46,464 - __main__ - WARNING - File not found for Kepler ID: 5879448 (Expected: kplr005879448*_lc.fits in [PosixPath('/Users/emmanuel/proj/exo/kepler_local_data'), PosixPath('/Users/emmanuel/proj/phd/data_files/light_curves')]). Skipping.
2026-02-15 09:47:47,969 - __main__ - WARNING - File not found for Kepler ID: 6113752 (Expected: kplr006113752*_lc.fits in [PosixPath('/Users/emmanuel/proj/exo/kepler_local_data'), PosixPath('/Users/emmanuel/proj/phd/data_files/light_curves')]). Skipping.
2026-02-15 09:47:49,397 - __main__ - WARNING - File not found for Kepler ID: 9896558 (Expected: kplr009896558*_lc.fits in [PosixPath('/Users/emmanuel/proj/exo/kepler_local_data'), PosixPath('/Users/emmanuel/proj/phd/data_files/light_curves')]). Skipping.
2026-02-15 09:47:50,826 - __main__ - WARNING - File not found for Kepler ID: 7045605 (Expected: kplr007045605*_lc.fits in [PosixPath('/Users/emmanuel/proj/exo/kepler_local_data'), PosixPath('/Users/emmanuel/proj/phd/data_files/light_curves')]). Skipping.
2026-02-15 09:47:52,230 - __main__ - WARNING - File not found for Kepler ID: 5305404 (Expected: kplr005305404*_lc.fits in [PosixPath('/Users/emmanuel/proj/exo/kepler_local_data'), PosixPath('/Users/emmanuel/proj/phd/data_files/light_curves')]). Skipping.
2026-02-15 09:47:53,640 - __main__ - WARNING - File not found for Kepler ID: 4820550 (Expected: kplr004820550*_lc.fits in [PosixPath('/Users/emmanuel/proj/exo/kepler_local_data'), PosixPath('/Users/emmanuel/proj/phd/data_files/light_curves')]). Skipping.
2026-02-15 09:47:55,031 - __main__ - WARNING - File not found for Kepler ID: 11911580 (Expected: kplr011911580*_lc.fits in [PosixPath('/Users/emmanuel/proj/exo/kepler_local_data'), PosixPath('/Users/emmanuel/proj/phd/data_files/light_curves')]). Skipping.
2026-02-15 09:47:56,682 - __main__ - WARNING - File not found for Kepler ID: 9480535 (Expected: kplr009480535*_lc.fits in [PosixPath('/Users/emmanuel/proj/exo/kepler_local_data'), PosixPath('/Users/emmanuel/proj/phd/data_files/light_curves')]). Skipping.
2026-02-15 09:47:58,112 - __main__ - WARNING - File not found for Kepler ID: 2446623 (Expected: kplr002446623*_lc.fits in [PosixPath('/Users/emmanuel/proj/exo/kepler_local_data'), PosixPath('/Users/emmanuel/proj/phd/data_files/light_curves')]). Skipping.
2026-02-15 09:47:59,519 - __main__ - WARNING - File not found for Kepler ID: 5114623 (Expected: kplr005114623*_lc.fits in [PosixPath('/Users/emmanuel/proj/exo/kepler_local_data'), PosixPath('/Users/emmanuel/proj/phd/data_files/light_curves')]). Skipping.
2026-02-15 09:48:00,943 - __main__ - WARNING - File not found for Kepler ID: 5114623 (Expected: kplr005114623*_lc.fits in [PosixPath('/Users/emmanuel/proj/exo/kepler_local_data'), PosixPath('/Users/emmanuel/proj/phd/data_files/light_curves')]). Skipping.
2026-02-15 09:48:02,382 - __main__ - WARNING - File not found for Kepler ID: 4150804 (Expected: kplr004150804*_lc.fits in [PosixPath('/Users/emmanuel/proj/exo/kepler_local_data'), PosixPath('/Users/emmanuel/proj/phd/data_files/light_curves')]). Skipping.
2026-02-15 09:48:03,889 - __main__ - WARNING - File not found for Kepler ID: 9025971 (Expected: kplr009025971*_lc.fits in [PosixPath('/Users/emmanuel/proj/exo/kepler_local_data'), PosixPath('/Users/emmanuel/proj/phd/data_files/light_curves')]). Skipping.
2026-02-15 09:48:05,313 - __main__ - WARNING - File not found for Kepler ID: 2581316 (Expected: kplr002581316*_lc.fits in [PosixPath('/Users/emmanuel/proj/exo/kepler_local_data'), PosixPath('/Users/emmanuel/proj/phd/data_files/light_curves')]). Skipping.
2026-02-15 09:48:06,725 - __main__ - WARNING - File not found for Kepler ID: 5966810 (Expected: kplr005966810*_lc.fits in [PosixPath('/Users/emmanuel/proj/exo/kepler_local_data'), PosixPath('/Users/emmanuel/proj/phd/data_files/light_curves')]). Skipping.
2026-02-15 09:48:08,152 - __main__ - WARNING - File not found for Kepler ID: 10795103 (Expected: kplr010795103*_lc.fits in [PosixPath('/Users/emmanuel/proj/exo/kepler_local_data'), PosixPath('/Users/emmanuel/proj/phd/data_files/light_curves')]). Skipping.
2026-02-15 09:48:09,586 - __main__ - WARNING - File not found for Kepler ID: 8494410 (Expected: kplr008494410*_lc.fits in [PosixPath('/Users/emmanuel/proj/exo/kepler_local_data'), PosixPath('/Users/emmanuel/proj/phd/data_files/light_curves')]). Skipping.
2026-02-15 09:48:10,999 - __main__ - WARNING - File not found for Kepler ID: 8308347 (Expected: kplr008308347*_lc.fits in [PosixPath('/Users/emmanuel/proj/exo/kepler_local_data'), PosixPath('/Users/emmanuel/proj/phd/data_files/light_curves')]). Skipping.
2026-02-15 09:48:12,502 - __main__ - WARNING - File not found for Kepler ID: 7090867 (Expected: kplr007090867*_lc.fits in [PosixPath('/Users/emmanuel/proj/exo/kepler_local_data'), PosixPath('/Users/emmanuel/proj/phd/data_files/light_curves')]). Skipping.
2026-02-15 09:48:13,992 - __main__ - WARNING - File not found for Kepler ID: 6780367 (Expected: kplr006780367*_lc.fits in [PosixPath('/Users/emmanuel/proj/exo/kepler_local_data'), PosixPath('/Users/emmanuel/proj/phd/data_files/light_curves')]). Skipping.
2026-02-15 09:48:15,460 - __main__ - WARNING - File not found for Kepler ID: 7102316 (Expected: kplr007102316*_lc.fits in [PosixPath('/Users/emmanuel/proj/exo/kepler_local_data'), PosixPath('/Users/emmanuel/proj/phd/data_files/light_curves')]). Skipping.
2026-02-15 09:48:16,895 - __main__ - WARNING - File not found for Kepler ID: 11518142 (Expected: kplr011518142*_lc.fits in [PosixPath('/Users/emmanuel/proj/exo/kepler_local_data'), PosixPath('/Users/emmanuel/proj/phd/data_files/light_curves')]). Skipping.
2026-02-15 09:48:18,312 - __main__ - WARNING - File not found for Kepler ID: 5305451 (Expected: kplr005305451*_lc.fits in [PosixPath('/Users/emmanuel/proj/exo/kepler_local_data'), PosixPath('/Users/emmanuel/proj/phd/data_files/light_curves')]). Skipping.
2026-02-15 09:48:19,812 - __main__ - WARNING - File not found for Kepler ID: 5435816 (Expected: kplr005435816*_lc.fits in [PosixPath('/Users/emmanuel/proj/exo/kepler_local_data'), PosixPath('/Users/emmanuel/proj/phd/data_files/light_curves')]). Skipping.
2026-02-15 09:48:21,258 - __main__ - WARNING - File not found for Kepler ID: 8559589 (Expected: kplr008559589*_lc.fits in [PosixPath('/Users/emmanuel/proj/exo/kepler_local_data'), PosixPath('/Users/emmanuel/proj/phd/data_files/light_curves')]). Skipping.
2026-02-15 09:48:22,680 - __main__ - WARNING - File not found for Kepler ID: 5015459 (Expected: kplr005015459*_lc.fits in [PosixPath('/Users/emmanuel/proj/exo/kepler_local_data'), PosixPath('/Users/emmanuel/proj/phd/data_files/light_curves')]). Skipping.
2026-02-15 09:48:24,088 - __main__ - WARNING - File not found for Kepler ID: 8505920 (Expected: kplr008505920*_lc.fits in [PosixPath('/Users/emmanuel/proj/exo/kepler_local_data'), PosixPath('/Users/emmanuel/proj/phd/data_files/light_curves')]). Skipping.
2026-02-15 09:48:25,505 - __main__ - WARNING - File not found for Kepler ID: 11357192 (Expected: kplr011357192*_lc.fits in [PosixPath('/Users/emmanuel/proj/exo/kepler_local_data'), PosixPath('/Users/emmanuel/proj/phd/data_files/light_curves')]). Skipping.
2026-02-15 09:48:26,924 - __main__ - WARNING - File not found for Kepler ID: 9533489 (Expected: kplr009533489*_lc.fits in [PosixPath('/Users/emmanuel/proj/exo/kepler_local_data'), PosixPath('/Users/emmanuel/proj/phd/data_files/light_curves')]). Skipping.
2026-02-15 09:48:28,437 - __main__ - WARNING - File not found for Kepler ID: 3644601 (Expected: kplr003644601*_lc.fits in [PosixPath('/Users/emmanuel/proj/exo/kepler_local_data'), PosixPath('/Users/emmanuel/proj/phd/data_files/light_curves')]). Skipping.
2026-02-15 09:48:29,850 - __main__ - WARNING - File not found for Kepler ID: 8781480 (Expected: kplr008781480*_lc.fits in [PosixPath('/Users/emmanuel/proj/exo/kepler_local_data'), PosixPath('/Users/emmanuel/proj/phd/data_files/light_curves')]). Skipping.
2026-02-15 09:48:31,266 - __main__ - WARNING - File not found for Kepler ID: 7813039 (Expected: kplr007813039*_lc.fits in [PosixPath('/Users/emmanuel/proj/exo/kepler_local_data'), PosixPath('/Users/emmanuel/proj/phd/data_files/light_curves')]). Skipping.
2026-02-15 09:48:32,696 - __main__ - WARNING - File not found for Kepler ID: 3644601 (Expected: kplr003644601*_lc.fits in [PosixPath('/Users/emmanuel/proj/exo/kepler_local_data'), PosixPath('/Users/emmanuel/proj/phd/data_files/light_curves')]). Skipping.
2026-02-15 09:48:34,134 - __main__ - WARNING - File not found for Kepler ID: 6531617 (Expected: kplr006531617*_lc.fits in [PosixPath('/Users/emmanuel/proj/exo/kepler_local_data'), PosixPath('/Users/emmanuel/proj/phd/data_files/light_curves')]). Skipping.
2026-02-15 09:48:35,627 - __main__ - WARNING - File not found for Kepler ID: 2576107 (Expected: kplr002576107*_lc.fits in [PosixPath('/Users/emmanuel/proj/exo/kepler_local_data'), PosixPath('/Users/emmanuel/proj/phd/data_files/light_curves')]). Skipping.
2026-02-15 09:48:37,047 - __main__ - WARNING - File not found for Kepler ID: 5653849 (Expected: kplr005653849*_lc.fits in [PosixPath('/Users/emmanuel/proj/exo/kepler_local_data'), PosixPath('/Users/emmanuel/proj/phd/data_files/light_curves')]). Skipping.
2026-02-15 09:48:38,796 - __main__ - WARNING - File not found for Kepler ID: 5437945 (Expected: kplr005437945*_lc.fits in [PosixPath('/Users/emmanuel/proj/exo/kepler_local_data'), PosixPath('/Users/emmanuel/proj/phd/data_files/light_curves')]). Skipping.
2026-02-15 09:48:40,258 - __main__ - WARNING - File not found for Kepler ID: 11241814 (Expected: kplr011241814*_lc.fits in [PosixPath('/Users/emmanuel/proj/exo/kepler_local_data'), PosixPath('/Users/emmanuel/proj/phd/data_files/light_curves')]). Skipping.
2026-02-15 09:48:41,675 - __main__ - WARNING - File not found for Kepler ID: 9517393 (Expected: kplr009517393*_lc.fits in [PosixPath('/Users/emmanuel/proj/exo/kepler_local_data'), PosixPath('/Users/emmanuel/proj/phd/data_files/light_curves')]). Skipping.
2026-02-15 09:48:43,088 - __main__ - WARNING - File not found for Kepler ID: 8052474 (Expected: kplr008052474*_lc.fits in [PosixPath('/Users/emmanuel/proj/exo/kepler_local_data'), PosixPath('/Users/emmanuel/proj/phd/data_files/light_curves')]). Skipping.
2026-02-15 09:48:44,587 - __main__ - WARNING - File not found for Kepler ID: 3534118 (Expected: kplr003534118*_lc.fits in [PosixPath('/Users/emmanuel/proj/exo/kepler_local_data'), PosixPath('/Users/emmanuel/proj/phd/data_files/light_curves')]). Skipping.
2026-02-15 09:48:46,020 - __main__ - WARNING - File not found for Kepler ID: 3534118 (Expected: kplr003534118*_lc.fits in [PosixPath('/Users/emmanuel/proj/exo/kepler_local_data'), PosixPath('/Users/emmanuel/proj/phd/data_files/light_curves')]). Skipping.
2026-02-15 09:48:47,456 - __main__ - WARNING - File not found for Kepler ID: 10735331 (Expected: kplr010735331*_lc.fits in [PosixPath('/Users/emmanuel/proj/exo/kepler_local_data'), PosixPath('/Users/emmanuel/proj/phd/data_files/light_curves')]). Skipping.
2026-02-15 09:48:48,881 - __main__ - WARNING - File not found for Kepler ID: 8827930 (Expected: kplr008827930*_lc.fits in [PosixPath('/Users/emmanuel/proj/exo/kepler_local_data'), PosixPath('/Users/emmanuel/proj/phd/data_files/light_curves')]). Skipping.
2026-02-15 09:48:50,385 - __main__ - WARNING - File not found for Kepler ID: 6790592 (Expected: kplr006790592*_lc.fits in [PosixPath('/Users/emmanuel/proj/exo/kepler_local_data'), PosixPath('/Users/emmanuel/proj/phd/data_files/light_curves')]). Skipping.
2026-02-15 09:48:51,946 - __main__ - WARNING - File not found for Kepler ID: 9411166 (Expected: kplr009411166*_lc.fits in [PosixPath('/Users/emmanuel/proj/exo/kepler_local_data'), PosixPath('/Users/emmanuel/proj/phd/data_files/light_curves')]). Skipping.
2026-02-15 09:48:53,382 - __main__ - WARNING - File not found for Kepler ID: 6952971 (Expected: kplr006952971*_lc.fits in [PosixPath('/Users/emmanuel/proj/exo/kepler_local_data'), PosixPath('/Users/emmanuel/proj/phd/data_files/light_curves')]). Skipping.
2026-02-15 09:48:54,803 - __main__ - WARNING - File not found for Kepler ID: 6973796 (Expected: kplr006973796*_lc.fits in [PosixPath('/Users/emmanuel/proj/exo/kepler_local_data'), PosixPath('/Users/emmanuel/proj/phd/data_files/light_curves')]). Skipping.
2026-02-15 09:48:56,246 - __main__ - WARNING - File not found for Kepler ID: 5305471 (Expected: kplr005305471*_lc.fits in [PosixPath('/Users/emmanuel/proj/exo/kepler_local_data'), PosixPath('/Users/emmanuel/proj/phd/data_files/light_curves')]). Skipping.
2026-02-15 09:48:57,682 - __main__ - WARNING - File not found for Kepler ID: 4638237 (Expected: kplr004638237*_lc.fits in [PosixPath('/Users/emmanuel/proj/exo/kepler_local_data'), PosixPath('/Users/emmanuel/proj/phd/data_files/light_curves')]). Skipping.
2026-02-15 09:48:59,114 - __main__ - WARNING - File not found for Kepler ID: 9351316 (Expected: kplr009351316*_lc.fits in [PosixPath('/Users/emmanuel/proj/exo/kepler_local_data'), PosixPath('/Users/emmanuel/proj/phd/data_files/light_curves')]). Skipping.
2026-02-15 09:49:00,679 - __main__ - WARNING - File not found for Kepler ID: 5103998 (Expected: kplr005103998*_lc.fits in [PosixPath('/Users/emmanuel/proj/exo/kepler_local_data'), PosixPath('/Users/emmanuel/proj/phd/data_files/light_curves')]). Skipping.
2026-02-15 09:49:02,095 - __main__ - WARNING - File not found for Kepler ID: 6933781 (Expected: kplr006933781*_lc.fits in [PosixPath('/Users/emmanuel/proj/exo/kepler_local_data'), PosixPath('/Users/emmanuel/proj/phd/data_files/light_curves')]). Skipping.
2026-02-15 09:49:03,504 - __main__ - WARNING - File not found for Kepler ID: 10733174 (Expected: kplr010733174*_lc.fits in [PosixPath('/Users/emmanuel/proj/exo/kepler_local_data'), PosixPath('/Users/emmanuel/proj/phd/data_files/light_curves')]). Skipping.
2026-02-15 09:49:04,921 - __main__ - WARNING - File not found for Kepler ID: 8564976 (Expected: kplr008564976*_lc.fits in [PosixPath('/Users/emmanuel/proj/exo/kepler_local_data'), PosixPath('/Users/emmanuel/proj/phd/data_files/light_curves')]). Skipping.
2026-02-15 09:49:06,358 - __main__ - WARNING - File not found for Kepler ID: 12735740 (Expected: kplr012735740*_lc.fits in [PosixPath('/Users/emmanuel/proj/exo/kepler_local_data'), PosixPath('/Users/emmanuel/proj/phd/data_files/light_curves')]). Skipping.
2026-02-15 09:49:07,770 - __main__ - WARNING - File not found for Kepler ID: 7757698 (Expected: kplr007757698*_lc.fits in [PosixPath('/Users/emmanuel/proj/exo/kepler_local_data'), PosixPath('/Users/emmanuel/proj/phd/data_files/light_curves')]). Skipping.
2026-02-15 09:49:09,271 - __main__ - WARNING - File not found for Kepler ID: 3732035 (Expected: kplr003732035*_lc.fits in [PosixPath('/Users/emmanuel/proj/exo/kepler_local_data'), PosixPath('/Users/emmanuel/proj/phd/data_files/light_curves')]). Skipping.
2026-02-15 09:49:10,707 - __main__ - WARNING - File not found for Kepler ID: 8107034 (Expected: kplr008107034*_lc.fits in [PosixPath('/Users/emmanuel/proj/exo/kepler_local_data'), PosixPath('/Users/emmanuel/proj/phd/data_files/light_curves')]). Skipping.
2026-02-15 09:49:12,281 - __main__ - WARNING - File not found for Kepler ID: 7967861 (Expected: kplr007967861*_lc.fits in [PosixPath('/Users/emmanuel/proj/exo/kepler_local_data'), PosixPath('/Users/emmanuel/proj/phd/data_files/light_curves')]). Skipping.
2026-02-15 09:49:13,815 - __main__ - WARNING - File not found for Kepler ID: 7866914 (Expected: kplr007866914*_lc.fits in [PosixPath('/Users/emmanuel/proj/exo/kepler_local_data'), PosixPath('/Users/emmanuel/proj/phd/data_files/light_curves')]). Skipping.
2026-02-15 09:49:15,271 - __main__ - WARNING - File not found for Kepler ID: 10336927 (Expected: kplr010336927*_lc.fits in [PosixPath('/Users/emmanuel/proj/exo/kepler_local_data'), PosixPath('/Users/emmanuel/proj/phd/data_files/light_curves')]). Skipping.
2026-02-15 09:49:16,769 - __main__ - WARNING - File not found for Kepler ID: 9280239 (Expected: kplr009280239*_lc.fits in [PosixPath('/Users/emmanuel/proj/exo/kepler_local_data'), PosixPath('/Users/emmanuel/proj/phd/data_files/light_curves')]). Skipping.
2026-02-15 09:49:18,197 - __main__ - WARNING - File not found for Kepler ID: 9886255 (Expected: kplr009886255*_lc.fits in [PosixPath('/Users/emmanuel/proj/exo/kepler_local_data'), PosixPath('/Users/emmanuel/proj/phd/data_files/light_curves')]). Skipping.
2026-02-15 09:49:19,630 - __main__ - WARNING - File not found for Kepler ID: 8418129 (Expected: kplr008418129*_lc.fits in [PosixPath('/Users/emmanuel/proj/exo/kepler_local_data'), PosixPath('/Users/emmanuel/proj/phd/data_files/light_curves')]). Skipping.
2026-02-15 09:49:21,053 - __main__ - WARNING - File not found for Kepler ID: 8107115 (Expected: kplr008107115*_lc.fits in [PosixPath('/Users/emmanuel/proj/exo/kepler_local_data'), PosixPath('/Users/emmanuel/proj/phd/data_files/light_curves')]). Skipping.
2026-02-15 09:49:22,472 - __main__ - WARNING - File not found for Kepler ID: 10663411 (Expected: kplr010663411*_lc.fits in [PosixPath('/Users/emmanuel/proj/exo/kepler_local_data'), PosixPath('/Users/emmanuel/proj/phd/data_files/light_curves')]). Skipping.
2026-02-15 09:49:23,888 - __main__ - WARNING - File not found for Kepler ID: 9205938 (Expected: kplr009205938*_lc.fits in [PosixPath('/Users/emmanuel/proj/exo/kepler_local_data'), PosixPath('/Users/emmanuel/proj/phd/data_files/light_curves')]). Skipping.
2026-02-15 09:49:25,430 - __main__ - WARNING - File not found for Kepler ID: 10230571 (Expected: kplr010230571*_lc.fits in [PosixPath('/Users/emmanuel/proj/exo/kepler_local_data'), PosixPath('/Users/emmanuel/proj/phd/data_files/light_curves')]). Skipping.
2026-02-15 09:49:26,852 - __main__ - WARNING - File not found for Kepler ID: 10614012 (Expected: kplr010614012*_lc.fits in [PosixPath('/Users/emmanuel/proj/exo/kepler_local_data'), PosixPath('/Users/emmanuel/proj/phd/data_files/light_curves')]). Skipping.
2026-02-15 09:49:28,531 - __main__ - WARNING - File not found for Kepler ID: 7882360 (Expected: kplr007882360*_lc.fits in [PosixPath('/Users/emmanuel/proj/exo/kepler_local_data'), PosixPath('/Users/emmanuel/proj/phd/data_files/light_curves')]). Skipping.
2026-02-15 09:49:30,145 - __main__ - WARNING - File not found for Kepler ID: 8176019 (Expected: kplr008176019*_lc.fits in [PosixPath('/Users/emmanuel/proj/exo/kepler_local_data'), PosixPath('/Users/emmanuel/proj/phd/data_files/light_curves')]). Skipping.
2026-02-15 09:49:31,640 - __main__ - WARNING - File not found for Kepler ID: 7538434 (Expected: kplr007538434*_lc.fits in [PosixPath('/Users/emmanuel/proj/exo/kepler_local_data'), PosixPath('/Users/emmanuel/proj/phd/data_files/light_curves')]). Skipping.
2026-02-15 09:49:33,214 - __main__ - WARNING - File not found for Kepler ID: 10749128 (Expected: kplr010749128*_lc.fits in [PosixPath('/Users/emmanuel/proj/exo/kepler_local_data'), PosixPath('/Users/emmanuel/proj/phd/data_files/light_curves')]). Skipping.
2026-02-15 09:49:34,712 - __main__ - WARNING - File not found for Kepler ID: 10275805 (Expected: kplr010275805*_lc.fits in [PosixPath('/Users/emmanuel/proj/exo/kepler_local_data'), PosixPath('/Users/emmanuel/proj/phd/data_files/light_curves')]). Skipping.
2026-02-15 09:49:36,295 - __main__ - WARNING - File not found for Kepler ID: 6606438 (Expected: kplr006606438*_lc.fits in [PosixPath('/Users/emmanuel/proj/exo/kepler_local_data'), PosixPath('/Users/emmanuel/proj/phd/data_files/light_curves')]). Skipping.
2026-02-15 09:49:37,808 - __main__ - WARNING - File not found for Kepler ID: 8142787 (Expected: kplr008142787*_lc.fits in [PosixPath('/Users/emmanuel/proj/exo/kepler_local_data'), PosixPath('/Users/emmanuel/proj/phd/data_files/light_curves')]). Skipping.
2026-02-15 09:49:39,199 - __main__ - WARNING - File not found for Kepler ID: 3345675 (Expected: kplr003345675*_lc.fits in [PosixPath('/Users/emmanuel/proj/exo/kepler_local_data'), PosixPath('/Users/emmanuel/proj/phd/data_files/light_curves')]). Skipping.
2026-02-15 09:49:40,720 - __main__ - WARNING - File not found for Kepler ID: 6137681 (Expected: kplr006137681*_lc.fits in [PosixPath('/Users/emmanuel/proj/exo/kepler_local_data'), PosixPath('/Users/emmanuel/proj/phd/data_files/light_curves')]). Skipping.
2026-02-15 09:49:42,372 - __main__ - WARNING - File not found for Kepler ID: 4947556 (Expected: kplr004947556*_lc.fits in [PosixPath('/Users/emmanuel/proj/exo/kepler_local_data'), PosixPath('/Users/emmanuel/proj/phd/data_files/light_curves')]). Skipping.
2026-02-15 09:49:43,897 - __main__ - WARNING - File not found for Kepler ID: 4173026 (Expected: kplr004173026*_lc.fits in [PosixPath('/Users/emmanuel/proj/exo/kepler_local_data'), PosixPath('/Users/emmanuel/proj/phd/data_files/light_curves')]). Skipping.
2026-02-15 09:49:45,496 - __main__ - WARNING - File not found for Kepler ID: 8934103 (Expected: kplr008934103*_lc.fits in [PosixPath('/Users/emmanuel/proj/exo/kepler_local_data'), PosixPath('/Users/emmanuel/proj/phd/data_files/light_curves')]). Skipping.
2026-02-15 09:49:46,938 - __main__ - WARNING - File not found for Kepler ID: 7300182 (Expected: kplr007300182*_lc.fits in [PosixPath('/Users/emmanuel/proj/exo/kepler_local_data'), PosixPath('/Users/emmanuel/proj/phd/data_files/light_curves')]). Skipping.
2026-02-15 09:49:48,618 - __main__ - WARNING - File not found for Kepler ID: 8483258 (Expected: kplr008483258*_lc.fits in [PosixPath('/Users/emmanuel/proj/exo/kepler_local_data'), PosixPath('/Users/emmanuel/proj/phd/data_files/light_curves')]). Skipping.
2026-02-15 09:49:50,332 - __main__ - WARNING - File not found for Kepler ID: 9009953 (Expected: kplr009009953*_lc.fits in [PosixPath('/Users/emmanuel/proj/exo/kepler_local_data'), PosixPath('/Users/emmanuel/proj/phd/data_files/light_curves')]). Skipping.
2026-02-15 09:49:51,876 - __main__ - WARNING - File not found for Kepler ID: 7664272 (Expected: kplr007664272*_lc.fits in [PosixPath('/Users/emmanuel/proj/exo/kepler_local_data'), PosixPath('/Users/emmanuel/proj/phd/data_files/light_curves')]). Skipping.
2026-02-15 09:49:53,510 - __main__ - WARNING - File not found for Kepler ID: 8282846 (Expected: kplr008282846*_lc.fits in [PosixPath('/Users/emmanuel/proj/exo/kepler_local_data'), PosixPath('/Users/emmanuel/proj/phd/data_files/light_curves')]). Skipping.
2026-02-15 09:49:55,073 - __main__ - WARNING - File not found for Kepler ID: 5938970 (Expected: kplr005938970*_lc.fits in [PosixPath('/Users/emmanuel/proj/exo/kepler_local_data'), PosixPath('/Users/emmanuel/proj/phd/data_files/light_curves')]). Skipping.
2026-02-15 09:49:56,540 - __main__ - WARNING - File not found for Kepler ID: 8636434 (Expected: kplr008636434*_lc.fits in [PosixPath('/Users/emmanuel/proj/exo/kepler_local_data'), PosixPath('/Users/emmanuel/proj/phd/data_files/light_curves')]). Skipping.
2026-02-15 09:49:57,959 - __main__ - WARNING - File not found for Kepler ID: 7296438 (Expected: kplr007296438*_lc.fits in [PosixPath('/Users/emmanuel/proj/exo/kepler_local_data'), PosixPath('/Users/emmanuel/proj/phd/data_files/light_curves')]). Skipping.
2026-02-15 09:49:59,453 - __main__ - WARNING - File not found for Kepler ID: 8332986 (Expected: kplr008332986*_lc.fits in [PosixPath('/Users/emmanuel/proj/exo/kepler_local_data'), PosixPath('/Users/emmanuel/proj/phd/data_files/light_curves')]). Skipping.
2026-02-15 09:50:00,887 - __main__ - WARNING - File not found for Kepler ID: 9425139 (Expected: kplr009425139*_lc.fits in [PosixPath('/Users/emmanuel/proj/exo/kepler_local_data'), PosixPath('/Users/emmanuel/proj/phd/data_files/light_curves')]). Skipping.
2026-02-15 09:50:02,313 - __main__ - WARNING - File not found for Kepler ID: 10152836 (Expected: kplr010152836*_lc.fits in [PosixPath('/Users/emmanuel/proj/exo/kepler_local_data'), PosixPath('/Users/emmanuel/proj/phd/data_files/light_curves')]). Skipping.
2026-02-15 09:50:03,735 - __main__ - WARNING - File not found for Kepler ID: 3644523 (Expected: kplr003644523*_lc.fits in [PosixPath('/Users/emmanuel/proj/exo/kepler_local_data'), PosixPath('/Users/emmanuel/proj/phd/data_files/light_curves')]). Skipping.
2026-02-15 09:50:05,182 - __main__ - WARNING - File not found for Kepler ID: 11909686 (Expected: kplr011909686*_lc.fits in [PosixPath('/Users/emmanuel/proj/exo/kepler_local_data'), PosixPath('/Users/emmanuel/proj/phd/data_files/light_curves')]). Skipping.
2026-02-15 09:50:06,794 - __main__ - WARNING - File not found for Kepler ID: 6678383 (Expected: kplr006678383*_lc.fits in [PosixPath('/Users/emmanuel/proj/exo/kepler_local_data'), PosixPath('/Users/emmanuel/proj/phd/data_files/light_curves')]). Skipping.
2026-02-15 09:50:08,219 - __main__ - WARNING - File not found for Kepler ID: 7377200 (Expected: kplr007377200*_lc.fits in [PosixPath('/Users/emmanuel/proj/exo/kepler_local_data'), PosixPath('/Users/emmanuel/proj/phd/data_files/light_curves')]). Skipping.
2026-02-15 09:50:09,635 - __main__ - WARNING - File not found for Kepler ID: 6387969 (Expected: kplr006387969*_lc.fits in [PosixPath('/Users/emmanuel/proj/exo/kepler_local_data'), PosixPath('/Users/emmanuel/proj/phd/data_files/light_curves')]). Skipping.
2026-02-15 09:50:11,047 - __main__ - WARNING - File not found for Kepler ID: 7747103 (Expected: kplr007747103*_lc.fits in [PosixPath('/Users/emmanuel/proj/exo/kepler_local_data'), PosixPath('/Users/emmanuel/proj/phd/data_files/light_curves')]). Skipping.
2026-02-15 09:50:12,503 - __main__ - WARNING - File not found for Kepler ID: 11392618 (Expected: kplr011392618*_lc.fits in [PosixPath('/Users/emmanuel/proj/exo/kepler_local_data'), PosixPath('/Users/emmanuel/proj/phd/data_files/light_curves')]). Skipping.
2026-02-15 09:50:13,925 - __main__ - WARNING - File not found for Kepler ID: 10861608 (Expected: kplr010861608*_lc.fits in [PosixPath('/Users/emmanuel/proj/exo/kepler_local_data'), PosixPath('/Users/emmanuel/proj/phd/data_files/light_curves')]). Skipping.
2026-02-15 09:50:15,424 - __main__ - WARNING - File not found for Kepler ID: 10601465 (Expected: kplr010601465*_lc.fits in [PosixPath('/Users/emmanuel/proj/exo/kepler_local_data'), PosixPath('/Users/emmanuel/proj/phd/data_files/light_curves')]). Skipping.
2026-02-15 09:50:16,851 - __main__ - WARNING - File not found for Kepler ID: 10005758 (Expected: kplr010005758*_lc.fits in [PosixPath('/Users/emmanuel/proj/exo/kepler_local_data'), PosixPath('/Users/emmanuel/proj/phd/data_files/light_curves')]). Skipping.
2026-02-15 09:50:18,287 - __main__ - WARNING - File not found for Kepler ID: 9823564 (Expected: kplr009823564*_lc.fits in [PosixPath('/Users/emmanuel/proj/exo/kepler_local_data'), PosixPath('/Users/emmanuel/proj/phd/data_files/light_curves')]). Skipping.
2026-02-15 09:50:19,727 - __main__ - WARNING - File not found for Kepler ID: 11551715 (Expected: kplr011551715*_lc.fits in [PosixPath('/Users/emmanuel/proj/exo/kepler_local_data'), PosixPath('/Users/emmanuel/proj/phd/data_files/light_curves')]). Skipping.
2026-02-15 09:50:21,143 - __main__ - WARNING - File not found for Kepler ID: 10665043 (Expected: kplr010665043*_lc.fits in [PosixPath('/Users/emmanuel/proj/exo/kepler_local_data'), PosixPath('/Users/emmanuel/proj/phd/data_files/light_curves')]). Skipping.
2026-02-15 09:50:22,608 - __main__ - WARNING - File not found for Kepler ID: 5364090 (Expected: kplr005364090*_lc.fits in [PosixPath('/Users/emmanuel/proj/exo/kepler_local_data'), PosixPath('/Users/emmanuel/proj/phd/data_files/light_curves')]). Skipping.
2026-02-15 09:50:23,918 - __main__ - WARNING - File not found for Kepler ID: 5374838 (Expected: kplr005374838*_lc.fits in [PosixPath('/Users/emmanuel/proj/exo/kepler_local_data'), PosixPath('/Users/emmanuel/proj/phd/data_files/light_curves')]). Skipping.
2026-02-15 09:50:25,256 - __main__ - WARNING - File not found for Kepler ID: 6368905 (Expected: kplr006368905*_lc.fits in [PosixPath('/Users/emmanuel/proj/exo/kepler_local_data'), PosixPath('/Users/emmanuel/proj/phd/data_files/light_curves')]). Skipping.
2026-02-15 09:50:26,557 - __main__ - WARNING - File not found for Kepler ID: 6369548 (Expected: kplr006369548*_lc.fits in [PosixPath('/Users/emmanuel/proj/exo/kepler_local_data'), PosixPath('/Users/emmanuel/proj/phd/data_files/light_curves')]). Skipping.
2026-02-15 09:50:27,857 - __main__ - WARNING - File not found for Kepler ID: 6372194 (Expected: kplr006372194*_lc.fits in [PosixPath('/Users/emmanuel/proj/exo/kepler_local_data'), PosixPath('/Users/emmanuel/proj/phd/data_files/light_curves')]). Skipping.
2026-02-15 09:50:29,156 - __main__ - WARNING - File not found for Kepler ID: 6387557 (Expected: kplr006387557*_lc.fits in [PosixPath('/Users/emmanuel/proj/exo/kepler_local_data'), PosixPath('/Users/emmanuel/proj/phd/data_files/light_curves')]). Skipping.
2026-02-15 09:50:30,564 - __main__ - WARNING - File not found for Kepler ID: 3958301 (Expected: kplr003958301*_lc.fits in [PosixPath('/Users/emmanuel/proj/exo/kepler_local_data'), PosixPath('/Users/emmanuel/proj/phd/data_files/light_curves')]). Skipping.
2026-02-15 09:50:31,874 - __main__ - WARNING - File not found for Kepler ID: 3968809 (Expected: kplr003968809*_lc.fits in [PosixPath('/Users/emmanuel/proj/exo/kepler_local_data'), PosixPath('/Users/emmanuel/proj/phd/data_files/light_curves')]). Skipping.
2026-02-15 09:50:33,173 - __main__ - WARNING - File not found for Kepler ID: 3974928 (Expected: kplr003974928*_lc.fits in [PosixPath('/Users/emmanuel/proj/exo/kepler_local_data'), PosixPath('/Users/emmanuel/proj/phd/data_files/light_curves')]). Skipping.
2026-02-15 09:50:34,469 - __main__ - WARNING - File not found for Kepler ID: 4058169 (Expected: kplr004058169*_lc.fits in [PosixPath('/Users/emmanuel/proj/exo/kepler_local_data'), PosixPath('/Users/emmanuel/proj/phd/data_files/light_curves')]). Skipping.
2026-02-15 09:50:35,773 - __main__ - WARNING - File not found for Kepler ID: 4063943 (Expected: kplr004063943*_lc.fits in [PosixPath('/Users/emmanuel/proj/exo/kepler_local_data'), PosixPath('/Users/emmanuel/proj/phd/data_files/light_curves')]). Skipping.
2026-02-15 09:50:37,097 - __main__ - WARNING - File not found for Kepler ID: 4068391 (Expected: kplr004068391*_lc.fits in [PosixPath('/Users/emmanuel/proj/exo/kepler_local_data'), PosixPath('/Users/emmanuel/proj/phd/data_files/light_curves')]). Skipping.
2026-02-15 09:50:38,472 - __main__ - WARNING - File not found for Kepler ID: 4071638 (Expected: kplr004071638*_lc.fits in [PosixPath('/Users/emmanuel/proj/exo/kepler_local_data'), PosixPath('/Users/emmanuel/proj/phd/data_files/light_curves')]). Skipping.
2026-02-15 09:50:39,768 - __main__ - WARNING - File not found for Kepler ID: 5394585 (Expected: kplr005394585*_lc.fits in [PosixPath('/Users/emmanuel/proj/exo/kepler_local_data'), PosixPath('/Users/emmanuel/proj/phd/data_files/light_curves')]). Skipping.
2026-02-15 09:50:41,064 - __main__ - WARNING - File not found for Kepler ID: 5397106 (Expected: kplr005397106*_lc.fits in [PosixPath('/Users/emmanuel/proj/exo/kepler_local_data'), PosixPath('/Users/emmanuel/proj/phd/data_files/light_curves')]). Skipping.
2026-02-15 09:50:42,385 - __main__ - WARNING - File not found for Kepler ID: 5425643 (Expected: kplr005425643*_lc.fits in [PosixPath('/Users/emmanuel/proj/exo/kepler_local_data'), PosixPath('/Users/emmanuel/proj/phd/data_files/light_curves')]). Skipping.
2026-02-15 09:50:43,708 - __main__ - WARNING - File not found for Kepler ID: 5425908 (Expected: kplr005425908*_lc.fits in [PosixPath('/Users/emmanuel/proj/exo/kepler_local_data'), PosixPath('/Users/emmanuel/proj/phd/data_files/light_curves')]). Skipping.
2026-02-15 09:50:45,082 - __main__ - WARNING - File not found for Kepler ID: 5428199 (Expected: kplr005428199*_lc.fits in [PosixPath('/Users/emmanuel/proj/exo/kepler_local_data'), PosixPath('/Users/emmanuel/proj/phd/data_files/light_curves')]). Skipping.
2026-02-15 09:50:46,369 - __main__ - WARNING - File not found for Kepler ID: 5436415 (Expected: kplr005436415*_lc.fits in [PosixPath('/Users/emmanuel/proj/exo/kepler_local_data'), PosixPath('/Users/emmanuel/proj/phd/data_files/light_curves')]). Skipping.
2026-02-15 09:50:47,673 - __main__ - WARNING - File not found for Kepler ID: 6425377 (Expected: kplr006425377*_lc.fits in [PosixPath('/Users/emmanuel/proj/exo/kepler_local_data'), PosixPath('/Users/emmanuel/proj/phd/data_files/light_curves')]). Skipping.
2026-02-15 09:50:48,995 - __main__ - WARNING - File not found for Kepler ID: 6443093 (Expected: kplr006443093*_lc.fits in [PosixPath('/Users/emmanuel/proj/exo/kepler_local_data'), PosixPath('/Users/emmanuel/proj/phd/data_files/light_curves')]). Skipping.
2026-02-15 09:50:50,293 - __main__ - WARNING - File not found for Kepler ID: 6447372 (Expected: kplr006447372*_lc.fits in [PosixPath('/Users/emmanuel/proj/exo/kepler_local_data'), PosixPath('/Users/emmanuel/proj/phd/data_files/light_curves')]). Skipping.
2026-02-15 09:50:51,590 - __main__ - WARNING - File not found for Kepler ID: 6461675 (Expected: kplr006461675*_lc.fits in [PosixPath('/Users/emmanuel/proj/exo/kepler_local_data'), PosixPath('/Users/emmanuel/proj/phd/data_files/light_curves')]). Skipping.
2026-02-15 09:50:52,963 - __main__ - WARNING - File not found for Kepler ID: 6697817 (Expected: kplr006697817*_lc.fits in [PosixPath('/Users/emmanuel/proj/exo/kepler_local_data'), PosixPath('/Users/emmanuel/proj/phd/data_files/light_curves')]). Skipping.
2026-02-15 09:50:54,286 - __main__ - WARNING - File not found for Kepler ID: 5437945 (Expected: kplr005437945*_lc.fits in [PosixPath('/Users/emmanuel/proj/exo/kepler_local_data'), PosixPath('/Users/emmanuel/proj/phd/data_files/light_curves')]). Skipping.
2026-02-15 09:50:55,603 - __main__ - WARNING - File not found for Kepler ID: 1161949 (Expected: kplr001161949*_lc.fits in [PosixPath('/Users/emmanuel/proj/exo/kepler_local_data'), PosixPath('/Users/emmanuel/proj/phd/data_files/light_curves')]). Skipping.
2026-02-15 09:50:56,901 - __main__ - WARNING - File not found for Kepler ID: 4077767 (Expected: kplr004077767*_lc.fits in [PosixPath('/Users/emmanuel/proj/exo/kepler_local_data'), PosixPath('/Users/emmanuel/proj/phd/data_files/light_curves')]). Skipping.
2026-02-15 09:50:58,195 - __main__ - WARNING - File not found for Kepler ID: 4147171 (Expected: kplr004147171*_lc.fits in [PosixPath('/Users/emmanuel/proj/exo/kepler_local_data'), PosixPath('/Users/emmanuel/proj/phd/data_files/light_curves')]). Skipping.
2026-02-15 09:50:59,647 - __main__ - WARNING - File not found for Kepler ID: 4150972 (Expected: kplr004150972*_lc.fits in [PosixPath('/Users/emmanuel/proj/exo/kepler_local_data'), PosixPath('/Users/emmanuel/proj/phd/data_files/light_curves')]). Skipping.
2026-02-15 09:51:01,038 - __main__ - WARNING - File not found for Kepler ID: 5436455 (Expected: kplr005436455*_lc.fits in [PosixPath('/Users/emmanuel/proj/exo/kepler_local_data'), PosixPath('/Users/emmanuel/proj/phd/data_files/light_curves')]). Skipping.
2026-02-15 09:51:02,333 - __main__ - WARNING - File not found for Kepler ID: 5439000 (Expected: kplr005439000*_lc.fits in [PosixPath('/Users/emmanuel/proj/exo/kepler_local_data'), PosixPath('/Users/emmanuel/proj/phd/data_files/light_curves')]). Skipping.
2026-02-15 09:51:03,891 - __main__ - WARNING - File not found for Kepler ID: 5440472 (Expected: kplr005440472*_lc.fits in [PosixPath('/Users/emmanuel/proj/exo/kepler_local_data'), PosixPath('/Users/emmanuel/proj/phd/data_files/light_curves')]). Skipping.
2026-02-15 09:51:05,175 - __main__ - WARNING - File not found for Kepler ID: 5446961 (Expected: kplr005446961*_lc.fits in [PosixPath('/Users/emmanuel/proj/exo/kepler_local_data'), PosixPath('/Users/emmanuel/proj/phd/data_files/light_curves')]). Skipping.
2026-02-15 09:51:06,816 - __main__ - WARNING - File not found for Kepler ID: 6517064 (Expected: kplr006517064*_lc.fits in [PosixPath('/Users/emmanuel/proj/exo/kepler_local_data'), PosixPath('/Users/emmanuel/proj/phd/data_files/light_curves')]). Skipping.
2026-02-15 09:51:08,443 - __main__ - WARNING - File not found for Kepler ID: 6517200 (Expected: kplr006517200*_lc.fits in [PosixPath('/Users/emmanuel/proj/exo/kepler_local_data'), PosixPath('/Users/emmanuel/proj/phd/data_files/light_curves')]). Skipping.
2026-02-15 09:51:09,862 - __main__ - WARNING - File not found for Kepler ID: 6517255 (Expected: kplr006517255*_lc.fits in [PosixPath('/Users/emmanuel/proj/exo/kepler_local_data'), PosixPath('/Users/emmanuel/proj/phd/data_files/light_curves')]). Skipping.
2026-02-15 09:51:11,295 - __main__ - WARNING - File not found for Kepler ID: 6525398 (Expected: kplr006525398*_lc.fits in [PosixPath('/Users/emmanuel/proj/exo/kepler_local_data'), PosixPath('/Users/emmanuel/proj/phd/data_files/light_curves')]). Skipping.
2026-02-15 09:51:12,841 - __main__ - WARNING - File not found for Kepler ID: 1297263 (Expected: kplr001297263*_lc.fits in [PosixPath('/Users/emmanuel/proj/exo/kepler_local_data'), PosixPath('/Users/emmanuel/proj/phd/data_files/light_curves')]). Skipping.
2026-02-15 09:51:14,264 - __main__ - WARNING - File not found for Kepler ID: 4179201 (Expected: kplr004179201*_lc.fits in [PosixPath('/Users/emmanuel/proj/exo/kepler_local_data'), PosixPath('/Users/emmanuel/proj/phd/data_files/light_curves')]). Skipping.
2026-02-15 09:51:15,758 - __main__ - WARNING - File not found for Kepler ID: 4241238 (Expected: kplr004241238*_lc.fits in [PosixPath('/Users/emmanuel/proj/exo/kepler_local_data'), PosixPath('/Users/emmanuel/proj/phd/data_files/light_curves')]). Skipping.
2026-02-15 09:51:17,176 - __main__ - WARNING - File not found for Kepler ID: 4242806 (Expected: kplr004242806*_lc.fits in [PosixPath('/Users/emmanuel/proj/exo/kepler_local_data'), PosixPath('/Users/emmanuel/proj/phd/data_files/light_curves')]). Skipping.
2026-02-15 09:51:18,620 - __main__ - WARNING - File not found for Kepler ID: 4246343 (Expected: kplr004246343*_lc.fits in [PosixPath('/Users/emmanuel/proj/exo/kepler_local_data'), PosixPath('/Users/emmanuel/proj/phd/data_files/light_curves')]). Skipping.
2026-02-15 09:51:20,167 - __main__ - WARNING - File not found for Kepler ID: 4253860 (Expected: kplr004253860*_lc.fits in [PosixPath('/Users/emmanuel/proj/exo/kepler_local_data'), PosixPath('/Users/emmanuel/proj/phd/data_files/light_curves')]). Skipping.
2026-02-15 09:51:21,649 - __main__ - WARNING - File not found for Kepler ID: 5525484 (Expected: kplr005525484*_lc.fits in [PosixPath('/Users/emmanuel/proj/exo/kepler_local_data'), PosixPath('/Users/emmanuel/proj/phd/data_files/light_curves')]). Skipping.
2026-02-15 09:51:23,117 - __main__ - WARNING - File not found for Kepler ID: 5529385 (Expected: kplr005529385*_lc.fits in [PosixPath('/Users/emmanuel/proj/exo/kepler_local_data'), PosixPath('/Users/emmanuel/proj/phd/data_files/light_curves')]). Skipping.
2026-02-15 09:51:24,661 - __main__ - WARNING - File not found for Kepler ID: 5547424 (Expected: kplr005547424*_lc.fits in [PosixPath('/Users/emmanuel/proj/exo/kepler_local_data'), PosixPath('/Users/emmanuel/proj/phd/data_files/light_curves')]). Skipping.
2026-02-15 09:51:26,123 - __main__ - WARNING - File not found for Kepler ID: 6527229 (Expected: kplr006527229*_lc.fits in [PosixPath('/Users/emmanuel/proj/exo/kepler_local_data'), PosixPath('/Users/emmanuel/proj/phd/data_files/light_curves')]). Skipping.
2026-02-15 09:51:27,553 - __main__ - WARNING - File not found for Kepler ID: 6548429 (Expected: kplr006548429*_lc.fits in [PosixPath('/Users/emmanuel/proj/exo/kepler_local_data'), PosixPath('/Users/emmanuel/proj/phd/data_files/light_curves')]). Skipping.
2026-02-15 09:51:28,973 - __main__ - WARNING - File not found for Kepler ID: 6594945 (Expected: kplr006594945*_lc.fits in [PosixPath('/Users/emmanuel/proj/exo/kepler_local_data'), PosixPath('/Users/emmanuel/proj/phd/data_files/light_curves')]). Skipping.
2026-02-15 09:51:30,442 - __main__ - WARNING - File not found for Kepler ID: 6600515 (Expected: kplr006600515*_lc.fits in [PosixPath('/Users/emmanuel/proj/exo/kepler_local_data'), PosixPath('/Users/emmanuel/proj/phd/data_files/light_curves')]). Skipping.
2026-02-15 09:51:31,956 - __main__ - WARNING - File not found for Kepler ID: 6608090 (Expected: kplr006608090*_lc.fits in [PosixPath('/Users/emmanuel/proj/exo/kepler_local_data'), PosixPath('/Users/emmanuel/proj/phd/data_files/light_curves')]). Skipping.
2026-02-15 09:51:33,373 - __main__ - WARNING - File not found for Kepler ID: 2019199 (Expected: kplr002019199*_lc.fits in [PosixPath('/Users/emmanuel/proj/exo/kepler_local_data'), PosixPath('/Users/emmanuel/proj/phd/data_files/light_curves')]). Skipping.
2026-02-15 09:51:34,783 - __main__ - WARNING - File not found for Kepler ID: 2163226 (Expected: kplr002163226*_lc.fits in [PosixPath('/Users/emmanuel/proj/exo/kepler_local_data'), PosixPath('/Users/emmanuel/proj/phd/data_files/light_curves')]). Skipping.
2026-02-15 09:51:36,262 - __main__ - WARNING - File not found for Kepler ID: 4281023 (Expected: kplr004281023*_lc.fits in [PosixPath('/Users/emmanuel/proj/exo/kepler_local_data'), PosixPath('/Users/emmanuel/proj/phd/data_files/light_curves')]). Skipping.
2026-02-15 09:51:37,685 - __main__ - WARNING - File not found for Kepler ID: 4281700 (Expected: kplr004281700*_lc.fits in [PosixPath('/Users/emmanuel/proj/exo/kepler_local_data'), PosixPath('/Users/emmanuel/proj/phd/data_files/light_curves')]). Skipping.
2026-02-15 09:51:39,095 - __main__ - WARNING - File not found for Kepler ID: 4346339 (Expected: kplr004346339*_lc.fits in [PosixPath('/Users/emmanuel/proj/exo/kepler_local_data'), PosixPath('/Users/emmanuel/proj/phd/data_files/light_curves')]). Skipping.
2026-02-15 09:51:40,603 - __main__ - WARNING - File not found for Kepler ID: 4366923 (Expected: kplr004366923*_lc.fits in [PosixPath('/Users/emmanuel/proj/exo/kepler_local_data'), PosixPath('/Users/emmanuel/proj/phd/data_files/light_curves')]). Skipping.
2026-02-15 09:51:42,016 - __main__ - WARNING - File not found for Kepler ID: 4449752 (Expected: kplr004449752*_lc.fits in [PosixPath('/Users/emmanuel/proj/exo/kepler_local_data'), PosixPath('/Users/emmanuel/proj/phd/data_files/light_curves')]). Skipping.
2026-02-15 09:51:43,454 - __main__ - WARNING - File not found for Kepler ID: 5602409 (Expected: kplr005602409*_lc.fits in [PosixPath('/Users/emmanuel/proj/exo/kepler_local_data'), PosixPath('/Users/emmanuel/proj/phd/data_files/light_curves')]). Skipping.
2026-02-15 09:51:44,864 - __main__ - WARNING - File not found for Kepler ID: 5603270 (Expected: kplr005603270*_lc.fits in [PosixPath('/Users/emmanuel/proj/exo/kepler_local_data'), PosixPath('/Users/emmanuel/proj/phd/data_files/light_curves')]). Skipping.
2026-02-15 09:51:46,280 - __main__ - WARNING - File not found for Kepler ID: 5616628 (Expected: kplr005616628*_lc.fits in [PosixPath('/Users/emmanuel/proj/exo/kepler_local_data'), PosixPath('/Users/emmanuel/proj/phd/data_files/light_curves')]). Skipping.
2026-02-15 09:51:47,797 - __main__ - WARNING - File not found for Kepler ID: 5623137 (Expected: kplr005623137*_lc.fits in [PosixPath('/Users/emmanuel/proj/exo/kepler_local_data'), PosixPath('/Users/emmanuel/proj/phd/data_files/light_curves')]). Skipping.
2026-02-15 09:51:49,358 - __main__ - WARNING - File not found for Kepler ID: 6611779 (Expected: kplr006611779*_lc.fits in [PosixPath('/Users/emmanuel/proj/exo/kepler_local_data'), PosixPath('/Users/emmanuel/proj/phd/data_files/light_curves')]). Skipping.
2026-02-15 09:51:50,799 - __main__ - WARNING - File not found for Kepler ID: 6612973 (Expected: kplr006612973*_lc.fits in [PosixPath('/Users/emmanuel/proj/exo/kepler_local_data'), PosixPath('/Users/emmanuel/proj/phd/data_files/light_curves')]). Skipping.
2026-02-15 09:51:52,216 - __main__ - WARNING - File not found for Kepler ID: 6635813 (Expected: kplr006635813*_lc.fits in [PosixPath('/Users/emmanuel/proj/exo/kepler_local_data'), PosixPath('/Users/emmanuel/proj/phd/data_files/light_curves')]). Skipping.
2026-02-15 09:51:53,628 - __main__ - WARNING - File not found for Kepler ID: 2437209 (Expected: kplr002437209*_lc.fits in [PosixPath('/Users/emmanuel/proj/exo/kepler_local_data'), PosixPath('/Users/emmanuel/proj/phd/data_files/light_curves')]). Skipping.
2026-02-15 09:51:55,084 - __main__ - WARNING - File not found for Kepler ID: 2438406 (Expected: kplr002438406*_lc.fits in [PosixPath('/Users/emmanuel/proj/exo/kepler_local_data'), PosixPath('/Users/emmanuel/proj/phd/data_files/light_curves')]). Skipping.
2026-02-15 09:51:56,582 - __main__ - WARNING - File not found for Kepler ID: 4459503 (Expected: kplr004459503*_lc.fits in [PosixPath('/Users/emmanuel/proj/exo/kepler_local_data'), PosixPath('/Users/emmanuel/proj/phd/data_files/light_curves')]). Skipping.
2026-02-15 09:51:57,984 - __main__ - WARNING - File not found for Kepler ID: 4464689 (Expected: kplr004464689*_lc.fits in [PosixPath('/Users/emmanuel/proj/exo/kepler_local_data'), PosixPath('/Users/emmanuel/proj/phd/data_files/light_curves')]). Skipping.
2026-02-15 09:51:59,432 - __main__ - WARNING - File not found for Kepler ID: 4469825 (Expected: kplr004469825*_lc.fits in [PosixPath('/Users/emmanuel/proj/exo/kepler_local_data'), PosixPath('/Users/emmanuel/proj/phd/data_files/light_curves')]). Skipping.
2026-02-15 09:52:00,900 - __main__ - WARNING - File not found for Kepler ID: 4470888 (Expected: kplr004470888*_lc.fits in [PosixPath('/Users/emmanuel/proj/exo/kepler_local_data'), PosixPath('/Users/emmanuel/proj/phd/data_files/light_curves')]). Skipping.
2026-02-15 09:52:02,313 - __main__ - WARNING - File not found for Kepler ID: 4471313 (Expected: kplr004471313*_lc.fits in [PosixPath('/Users/emmanuel/proj/exo/kepler_local_data'), PosixPath('/Users/emmanuel/proj/phd/data_files/light_curves')]). Skipping.
2026-02-15 09:52:03,718 - __main__ - WARNING - File not found for Kepler ID: 4478142 (Expected: kplr004478142*_lc.fits in [PosixPath('/Users/emmanuel/proj/exo/kepler_local_data'), PosixPath('/Users/emmanuel/proj/phd/data_files/light_curves')]). Skipping.
2026-02-15 09:52:05,215 - __main__ - WARNING - File not found for Kepler ID: 4484179 (Expected: kplr004484179*_lc.fits in [PosixPath('/Users/emmanuel/proj/exo/kepler_local_data'), PosixPath('/Users/emmanuel/proj/phd/data_files/light_curves')]). Skipping.
2026-02-15 09:52:06,679 - __main__ - WARNING - File not found for Kepler ID: 5650930 (Expected: kplr005650930*_lc.fits in [PosixPath('/Users/emmanuel/proj/exo/kepler_local_data'), PosixPath('/Users/emmanuel/proj/phd/data_files/light_curves')]). Skipping.
2026-02-15 09:52:08,086 - __main__ - WARNING - File not found for Kepler ID: 5698524 (Expected: kplr005698524*_lc.fits in [PosixPath('/Users/emmanuel/proj/exo/kepler_local_data'), PosixPath('/Users/emmanuel/proj/phd/data_files/light_curves')]). Skipping.
2026-02-15 09:52:09,499 - __main__ - WARNING - File not found for Kepler ID: 6805414 (Expected: kplr006805414*_lc.fits in [PosixPath('/Users/emmanuel/proj/exo/kepler_local_data'), PosixPath('/Users/emmanuel/proj/phd/data_files/light_curves')]). Skipping.
2026-02-15 09:52:10,920 - __main__ - WARNING - File not found for Kepler ID: 6880123 (Expected: kplr006880123*_lc.fits in [PosixPath('/Users/emmanuel/proj/exo/kepler_local_data'), PosixPath('/Users/emmanuel/proj/phd/data_files/light_curves')]). Skipping.
2026-02-15 09:52:12,462 - __main__ - WARNING - File not found for Kepler ID: 7897936 (Expected: kplr007897936*_lc.fits in [PosixPath('/Users/emmanuel/proj/exo/kepler_local_data'), PosixPath('/Users/emmanuel/proj/phd/data_files/light_curves')]). Skipping.
2026-02-15 09:52:13,882 - __main__ - WARNING - File not found for Kepler ID: 2582800 (Expected: kplr002582800*_lc.fits in [PosixPath('/Users/emmanuel/proj/exo/kepler_local_data'), PosixPath('/Users/emmanuel/proj/phd/data_files/light_curves')]). Skipping.
2026-02-15 09:52:15,297 - __main__ - WARNING - File not found for Kepler ID: 4540508 (Expected: kplr004540508*_lc.fits in [PosixPath('/Users/emmanuel/proj/exo/kepler_local_data'), PosixPath('/Users/emmanuel/proj/phd/data_files/light_curves')]). Skipping.
2026-02-15 09:52:16,702 - __main__ - WARNING - File not found for Kepler ID: 4565943 (Expected: kplr004565943*_lc.fits in [PosixPath('/Users/emmanuel/proj/exo/kepler_local_data'), PosixPath('/Users/emmanuel/proj/phd/data_files/light_curves')]). Skipping.
2026-02-15 09:52:18,187 - __main__ - WARNING - File not found for Kepler ID: 4566848 (Expected: kplr004566848*_lc.fits in [PosixPath('/Users/emmanuel/proj/exo/kepler_local_data'), PosixPath('/Users/emmanuel/proj/phd/data_files/light_curves')]). Skipping.
2026-02-15 09:52:19,654 - __main__ - WARNING - File not found for Kepler ID: 4586482 (Expected: kplr004586482*_lc.fits in [PosixPath('/Users/emmanuel/proj/exo/kepler_local_data'), PosixPath('/Users/emmanuel/proj/phd/data_files/light_curves')]). Skipping.
2026-02-15 09:52:21,160 - __main__ - WARNING - File not found for Kepler ID: 5709014 (Expected: kplr005709014*_lc.fits in [PosixPath('/Users/emmanuel/proj/exo/kepler_local_data'), PosixPath('/Users/emmanuel/proj/phd/data_files/light_curves')]). Skipping.
2026-02-15 09:52:22,587 - __main__ - WARNING - File not found for Kepler ID: 5734702 (Expected: kplr005734702*_lc.fits in [PosixPath('/Users/emmanuel/proj/exo/kepler_local_data'), PosixPath('/Users/emmanuel/proj/phd/data_files/light_curves')]). Skipping.
2026-02-15 09:52:24,020 - __main__ - WARNING - File not found for Kepler ID: 5779606 (Expected: kplr005779606*_lc.fits in [PosixPath('/Users/emmanuel/proj/exo/kepler_local_data'), PosixPath('/Users/emmanuel/proj/phd/data_files/light_curves')]). Skipping.
2026-02-15 09:52:25,481 - __main__ - WARNING - File not found for Kepler ID: 5780194 (Expected: kplr005780194*_lc.fits in [PosixPath('/Users/emmanuel/proj/exo/kepler_local_data'), PosixPath('/Users/emmanuel/proj/phd/data_files/light_curves')]). Skipping.
2026-02-15 09:52:26,909 - __main__ - WARNING - File not found for Kepler ID: 5781991 (Expected: kplr005781991*_lc.fits in [PosixPath('/Users/emmanuel/proj/exo/kepler_local_data'), PosixPath('/Users/emmanuel/proj/phd/data_files/light_curves')]). Skipping.
2026-02-15 09:52:28,408 - __main__ - WARNING - File not found for Kepler ID: 5784803 (Expected: kplr005784803*_lc.fits in [PosixPath('/Users/emmanuel/proj/exo/kepler_local_data'), PosixPath('/Users/emmanuel/proj/phd/data_files/light_curves')]). Skipping.
2026-02-15 09:52:29,836 - __main__ - WARNING - File not found for Kepler ID: 5791713 (Expected: kplr005791713*_lc.fits in [PosixPath('/Users/emmanuel/proj/exo/kepler_local_data'), PosixPath('/Users/emmanuel/proj/phd/data_files/light_curves')]). Skipping.
2026-02-15 09:52:31,290 - __main__ - WARNING - File not found for Kepler ID: 6681473 (Expected: kplr006681473*_lc.fits in [PosixPath('/Users/emmanuel/proj/exo/kepler_local_data'), PosixPath('/Users/emmanuel/proj/phd/data_files/light_curves')]). Skipping.
2026-02-15 09:52:32,722 - __main__ - WARNING - File not found for Kepler ID: 6688318 (Expected: kplr006688318*_lc.fits in [PosixPath('/Users/emmanuel/proj/exo/kepler_local_data'), PosixPath('/Users/emmanuel/proj/phd/data_files/light_curves')]). Skipping.
2026-02-15 09:52:34,146 - __main__ - WARNING - File not found for Kepler ID: 6690523 (Expected: kplr006690523*_lc.fits in [PosixPath('/Users/emmanuel/proj/exo/kepler_local_data'), PosixPath('/Users/emmanuel/proj/phd/data_files/light_curves')]). Skipping.
2026-02-15 09:52:35,584 - __main__ - WARNING - File not found for Kepler ID: 6692742 (Expected: kplr006692742*_lc.fits in [PosixPath('/Users/emmanuel/proj/exo/kepler_local_data'), PosixPath('/Users/emmanuel/proj/phd/data_files/light_curves')]). Skipping.
2026-02-15 09:52:37,103 - __main__ - WARNING - File not found for Kepler ID: 6718474 (Expected: kplr006718474*_lc.fits in [PosixPath('/Users/emmanuel/proj/exo/kepler_local_data'), PosixPath('/Users/emmanuel/proj/phd/data_files/light_curves')]). Skipping.
2026-02-15 09:52:38,511 - __main__ - WARNING - File not found for Kepler ID: 2833632 (Expected: kplr002833632*_lc.fits in [PosixPath('/Users/emmanuel/proj/exo/kepler_local_data'), PosixPath('/Users/emmanuel/proj/phd/data_files/light_curves')]). Skipping.
2026-02-15 09:52:39,930 - __main__ - WARNING - File not found for Kepler ID: 2836076 (Expected: kplr002836076*_lc.fits in [PosixPath('/Users/emmanuel/proj/exo/kepler_local_data'), PosixPath('/Users/emmanuel/proj/phd/data_files/light_curves')]). Skipping.
2026-02-15 09:52:41,356 - __main__ - WARNING - File not found for Kepler ID: 2861126 (Expected: kplr002861126*_lc.fits in [PosixPath('/Users/emmanuel/proj/exo/kepler_local_data'), PosixPath('/Users/emmanuel/proj/phd/data_files/light_curves')]). Skipping.
2026-02-15 09:52:42,802 - __main__ - WARNING - File not found for Kepler ID: 2861298 (Expected: kplr002861298*_lc.fits in [PosixPath('/Users/emmanuel/proj/exo/kepler_local_data'), PosixPath('/Users/emmanuel/proj/phd/data_files/light_curves')]). Skipping.
2026-02-15 09:52:44,300 - __main__ - WARNING - File not found for Kepler ID: 2987433 (Expected: kplr002987433*_lc.fits in [PosixPath('/Users/emmanuel/proj/exo/kepler_local_data'), PosixPath('/Users/emmanuel/proj/phd/data_files/light_curves')]). Skipping.
2026-02-15 09:52:45,715 - __main__ - WARNING - File not found for Kepler ID: 4732137 (Expected: kplr004732137*_lc.fits in [PosixPath('/Users/emmanuel/proj/exo/kepler_local_data'), PosixPath('/Users/emmanuel/proj/phd/data_files/light_curves')]). Skipping.
2026-02-15 09:52:47,129 - __main__ - WARNING - File not found for Kepler ID: 4736439 (Expected: kplr004736439*_lc.fits in [PosixPath('/Users/emmanuel/proj/exo/kepler_local_data'), PosixPath('/Users/emmanuel/proj/phd/data_files/light_curves')]). Skipping.
2026-02-15 09:52:48,581 - __main__ - WARNING - File not found for Kepler ID: 4740375 (Expected: kplr004740375*_lc.fits in [PosixPath('/Users/emmanuel/proj/exo/kepler_local_data'), PosixPath('/Users/emmanuel/proj/phd/data_files/light_curves')]). Skipping.
2026-02-15 09:52:50,000 - __main__ - WARNING - File not found for Kepler ID: 4741777 (Expected: kplr004741777*_lc.fits in [PosixPath('/Users/emmanuel/proj/exo/kepler_local_data'), PosixPath('/Users/emmanuel/proj/phd/data_files/light_curves')]). Skipping.
2026-02-15 09:52:51,401 - __main__ - WARNING - File not found for Kepler ID: 4750406 (Expected: kplr004750406*_lc.fits in [PosixPath('/Users/emmanuel/proj/exo/kepler_local_data'), PosixPath('/Users/emmanuel/proj/phd/data_files/light_curves')]). Skipping.
2026-02-15 09:52:52,906 - __main__ - WARNING - File not found for Kepler ID: 4760478 (Expected: kplr004760478*_lc.fits in [PosixPath('/Users/emmanuel/proj/exo/kepler_local_data'), PosixPath('/Users/emmanuel/proj/phd/data_files/light_curves')]). Skipping.
2026-02-15 09:52:54,336 - __main__ - WARNING - File not found for Kepler ID: 5793275 (Expected: kplr005793275*_lc.fits in [PosixPath('/Users/emmanuel/proj/exo/kepler_local_data'), PosixPath('/Users/emmanuel/proj/phd/data_files/light_curves')]). Skipping.
2026-02-15 09:52:55,783 - __main__ - WARNING - File not found for Kepler ID: 5794687 (Expected: kplr005794687*_lc.fits in [PosixPath('/Users/emmanuel/proj/exo/kepler_local_data'), PosixPath('/Users/emmanuel/proj/phd/data_files/light_curves')]). Skipping.
2026-02-15 09:52:57,195 - __main__ - WARNING - File not found for Kepler ID: 5857656 (Expected: kplr005857656*_lc.fits in [PosixPath('/Users/emmanuel/proj/exo/kepler_local_data'), PosixPath('/Users/emmanuel/proj/phd/data_files/light_curves')]). Skipping.
2026-02-15 09:52:58,609 - __main__ - WARNING - File not found for Kepler ID: 5869272 (Expected: kplr005869272*_lc.fits in [PosixPath('/Users/emmanuel/proj/exo/kepler_local_data'), PosixPath('/Users/emmanuel/proj/phd/data_files/light_curves')]). Skipping.
2026-02-15 09:53:00,116 - __main__ - WARNING - File not found for Kepler ID: 6719052 (Expected: kplr006719052*_lc.fits in [PosixPath('/Users/emmanuel/proj/exo/kepler_local_data'), PosixPath('/Users/emmanuel/proj/phd/data_files/light_curves')]). Skipping.
2026-02-15 09:53:01,547 - __main__ - WARNING - File not found for Kepler ID: 6721603 (Expected: kplr006721603*_lc.fits in [PosixPath('/Users/emmanuel/proj/exo/kepler_local_data'), PosixPath('/Users/emmanuel/proj/phd/data_files/light_curves')]). Skipping.
2026-02-15 09:53:02,959 - __main__ - WARNING - File not found for Kepler ID: 6765563 (Expected: kplr006765563*_lc.fits in [PosixPath('/Users/emmanuel/proj/exo/kepler_local_data'), PosixPath('/Users/emmanuel/proj/phd/data_files/light_curves')]). Skipping.
2026-02-15 09:53:04,380 - __main__ - WARNING - File not found for Kepler ID: 6767337 (Expected: kplr006767337*_lc.fits in [PosixPath('/Users/emmanuel/proj/exo/kepler_local_data'), PosixPath('/Users/emmanuel/proj/phd/data_files/light_curves')]). Skipping.
2026-02-15 09:53:05,816 - __main__ - WARNING - File not found for Kepler ID: 3001955 (Expected: kplr003001955*_lc.fits in [PosixPath('/Users/emmanuel/proj/exo/kepler_local_data'), PosixPath('/Users/emmanuel/proj/phd/data_files/light_curves')]). Skipping.
2026-02-15 09:53:07,266 - __main__ - WARNING - File not found for Kepler ID: 3117115 (Expected: kplr003117115*_lc.fits in [PosixPath('/Users/emmanuel/proj/exo/kepler_local_data'), PosixPath('/Users/emmanuel/proj/phd/data_files/light_curves')]). Skipping.
2026-02-15 09:53:08,763 - __main__ - WARNING - File not found for Kepler ID: 4761427 (Expected: kplr004761427*_lc.fits in [PosixPath('/Users/emmanuel/proj/exo/kepler_local_data'), PosixPath('/Users/emmanuel/proj/phd/data_files/light_curves')]). Skipping.
2026-02-15 09:53:10,183 - __main__ - WARNING - File not found for Kepler ID: 4770798 (Expected: kplr004770798*_lc.fits in [PosixPath('/Users/emmanuel/proj/exo/kepler_local_data'), PosixPath('/Users/emmanuel/proj/phd/data_files/light_curves')]). Skipping.
2026-02-15 09:53:11,603 - __main__ - WARNING - File not found for Kepler ID: 4814168 (Expected: kplr004814168*_lc.fits in [PosixPath('/Users/emmanuel/proj/exo/kepler_local_data'), PosixPath('/Users/emmanuel/proj/phd/data_files/light_curves')]). Skipping.
2026-02-15 09:53:13,041 - __main__ - WARNING - File not found for Kepler ID: 4819158 (Expected: kplr004819158*_lc.fits in [PosixPath('/Users/emmanuel/proj/exo/kepler_local_data'), PosixPath('/Users/emmanuel/proj/phd/data_files/light_curves')]). Skipping.
2026-02-15 09:53:14,465 - __main__ - WARNING - File not found for Kepler ID: 4833409 (Expected: kplr004833409*_lc.fits in [PosixPath('/Users/emmanuel/proj/exo/kepler_local_data'), PosixPath('/Users/emmanuel/proj/phd/data_files/light_curves')]). Skipping.
2026-02-15 09:53:15,959 - __main__ - WARNING - File not found for Kepler ID: 5942112 (Expected: kplr005942112*_lc.fits in [PosixPath('/Users/emmanuel/proj/exo/kepler_local_data'), PosixPath('/Users/emmanuel/proj/phd/data_files/light_curves')]). Skipping.
2026-02-15 09:53:17,390 - __main__ - WARNING - File not found for Kepler ID: 5949765 (Expected: kplr005949765*_lc.fits in [PosixPath('/Users/emmanuel/proj/exo/kepler_local_data'), PosixPath('/Users/emmanuel/proj/phd/data_files/light_curves')]). Skipping.
2026-02-15 09:53:18,846 - __main__ - WARNING - File not found for Kepler ID: 5956038 (Expected: kplr005956038*_lc.fits in [PosixPath('/Users/emmanuel/proj/exo/kepler_local_data'), PosixPath('/Users/emmanuel/proj/phd/data_files/light_curves')]). Skipping.
2026-02-15 09:53:20,259 - __main__ - WARNING - File not found for Kepler ID: 5963591 (Expected: kplr005963591*_lc.fits in [PosixPath('/Users/emmanuel/proj/exo/kepler_local_data'), PosixPath('/Users/emmanuel/proj/phd/data_files/light_curves')]). Skipping.
2026-02-15 09:53:21,675 - __main__ - WARNING - File not found for Kepler ID: 5965629 (Expected: kplr005965629*_lc.fits in [PosixPath('/Users/emmanuel/proj/exo/kepler_local_data'), PosixPath('/Users/emmanuel/proj/phd/data_files/light_curves')]). Skipping.
2026-02-15 09:53:23,137 - __main__ - WARNING - File not found for Kepler ID: 6934045 (Expected: kplr006934045*_lc.fits in [PosixPath('/Users/emmanuel/proj/exo/kepler_local_data'), PosixPath('/Users/emmanuel/proj/phd/data_files/light_curves')]). Skipping.
2026-02-15 09:53:24,671 - __main__ - WARNING - File not found for Kepler ID: 6939913 (Expected: kplr006939913*_lc.fits in [PosixPath('/Users/emmanuel/proj/exo/kepler_local_data'), PosixPath('/Users/emmanuel/proj/phd/data_files/light_curves')]). Skipping.
2026-02-15 09:53:26,116 - __main__ - WARNING - File not found for Kepler ID: 6947062 (Expected: kplr006947062*_lc.fits in [PosixPath('/Users/emmanuel/proj/exo/kepler_local_data'), PosixPath('/Users/emmanuel/proj/phd/data_files/light_curves')]). Skipping.
2026-02-15 09:53:27,543 - __main__ - WARNING - File not found for Kepler ID: 6952570 (Expected: kplr006952570*_lc.fits in [PosixPath('/Users/emmanuel/proj/exo/kepler_local_data'), PosixPath('/Users/emmanuel/proj/phd/data_files/light_curves')]). Skipping.
2026-02-15 09:53:28,958 - __main__ - WARNING - File not found for Kepler ID: 7013635 (Expected: kplr007013635*_lc.fits in [PosixPath('/Users/emmanuel/proj/exo/kepler_local_data'), PosixPath('/Users/emmanuel/proj/phd/data_files/light_curves')]). Skipping.
2026-02-15 09:53:30,512 - __main__ - WARNING - File not found for Kepler ID: 3245638 (Expected: kplr003245638*_lc.fits in [PosixPath('/Users/emmanuel/proj/exo/kepler_local_data'), PosixPath('/Users/emmanuel/proj/phd/data_files/light_curves')]). Skipping.
2026-02-15 09:53:31,963 - __main__ - WARNING - File not found for Kepler ID: 3329985 (Expected: kplr003329985*_lc.fits in [PosixPath('/Users/emmanuel/proj/exo/kepler_local_data'), PosixPath('/Users/emmanuel/proj/phd/data_files/light_curves')]). Skipping.
2026-02-15 09:53:33,471 - __main__ - WARNING - File not found for Kepler ID: 3341982 (Expected: kplr003341982*_lc.fits in [PosixPath('/Users/emmanuel/proj/exo/kepler_local_data'), PosixPath('/Users/emmanuel/proj/phd/data_files/light_curves')]). Skipping.
2026-02-15 09:53:34,880 - __main__ - WARNING - File not found for Kepler ID: 4843751 (Expected: kplr004843751*_lc.fits in [PosixPath('/Users/emmanuel/proj/exo/kepler_local_data'), PosixPath('/Users/emmanuel/proj/phd/data_files/light_curves')]). Skipping.
2026-02-15 09:53:36,304 - __main__ - WARNING - File not found for Kepler ID: 4856592 (Expected: kplr004856592*_lc.fits in [PosixPath('/Users/emmanuel/proj/exo/kepler_local_data'), PosixPath('/Users/emmanuel/proj/phd/data_files/light_curves')]). Skipping.
2026-02-15 09:53:37,735 - __main__ - WARNING - File not found for Kepler ID: 4902673 (Expected: kplr004902673*_lc.fits in [PosixPath('/Users/emmanuel/proj/exo/kepler_local_data'), PosixPath('/Users/emmanuel/proj/phd/data_files/light_curves')]). Skipping.
2026-02-15 09:53:39,143 - __main__ - WARNING - File not found for Kepler ID: 4912650 (Expected: kplr004912650*_lc.fits in [PosixPath('/Users/emmanuel/proj/exo/kepler_local_data'), PosixPath('/Users/emmanuel/proj/phd/data_files/light_curves')]). Skipping.
2026-02-15 09:53:40,638 - __main__ - WARNING - File not found for Kepler ID: 4914221 (Expected: kplr004914221*_lc.fits in [PosixPath('/Users/emmanuel/proj/exo/kepler_local_data'), PosixPath('/Users/emmanuel/proj/phd/data_files/light_curves')]). Skipping.
2026-02-15 09:53:42,056 - __main__ - WARNING - File not found for Kepler ID: 5967194 (Expected: kplr005967194*_lc.fits in [PosixPath('/Users/emmanuel/proj/exo/kepler_local_data'), PosixPath('/Users/emmanuel/proj/phd/data_files/light_curves')]). Skipping.
2026-02-15 09:53:43,514 - __main__ - WARNING - File not found for Kepler ID: 6021840 (Expected: kplr006021840*_lc.fits in [PosixPath('/Users/emmanuel/proj/exo/kepler_local_data'), PosixPath('/Users/emmanuel/proj/phd/data_files/light_curves')]). Skipping.
2026-02-15 09:53:44,932 - __main__ - WARNING - File not found for Kepler ID: 6023571 (Expected: kplr006023571*_lc.fits in [PosixPath('/Users/emmanuel/proj/exo/kepler_local_data'), PosixPath('/Users/emmanuel/proj/phd/data_files/light_curves')]). Skipping.
2026-02-15 09:53:46,345 - __main__ - WARNING - File not found for Kepler ID: 6025174 (Expected: kplr006025174*_lc.fits in [PosixPath('/Users/emmanuel/proj/exo/kepler_local_data'), PosixPath('/Users/emmanuel/proj/phd/data_files/light_curves')]). Skipping.
2026-02-15 09:53:47,764 - __main__ - WARNING - File not found for Kepler ID: 3356156 (Expected: kplr003356156*_lc.fits in [PosixPath('/Users/emmanuel/proj/exo/kepler_local_data'), PosixPath('/Users/emmanuel/proj/phd/data_files/light_curves')]). Skipping.
2026-02-15 09:53:49,281 - __main__ - WARNING - File not found for Kepler ID: 3428127 (Expected: kplr003428127*_lc.fits in [PosixPath('/Users/emmanuel/proj/exo/kepler_local_data'), PosixPath('/Users/emmanuel/proj/phd/data_files/light_curves')]). Skipping.
2026-02-15 09:53:50,703 - __main__ - WARNING - File not found for Kepler ID: 3441795 (Expected: kplr003441795*_lc.fits in [PosixPath('/Users/emmanuel/proj/exo/kepler_local_data'), PosixPath('/Users/emmanuel/proj/phd/data_files/light_curves')]). Skipping.
2026-02-15 09:53:52,141 - __main__ - WARNING - File not found for Kepler ID: 4915582 (Expected: kplr004915582*_lc.fits in [PosixPath('/Users/emmanuel/proj/exo/kepler_local_data'), PosixPath('/Users/emmanuel/proj/phd/data_files/light_curves')]). Skipping.
2026-02-15 09:53:53,562 - __main__ - WARNING - File not found for Kepler ID: 4917357 (Expected: kplr004917357*_lc.fits in [PosixPath('/Users/emmanuel/proj/exo/kepler_local_data'), PosixPath('/Users/emmanuel/proj/phd/data_files/light_curves')]). Skipping.
2026-02-15 09:53:54,994 - __main__ - WARNING - File not found for Kepler ID: 4917658 (Expected: kplr004917658*_lc.fits in [PosixPath('/Users/emmanuel/proj/exo/kepler_local_data'), PosixPath('/Users/emmanuel/proj/phd/data_files/light_curves')]). Skipping.
2026-02-15 09:53:56,523 - __main__ - WARNING - File not found for Kepler ID: 4937140 (Expected: kplr004937140*_lc.fits in [PosixPath('/Users/emmanuel/proj/exo/kepler_local_data'), PosixPath('/Users/emmanuel/proj/phd/data_files/light_curves')]). Skipping.
2026-02-15 09:53:57,946 - __main__ - WARNING - File not found for Kepler ID: 4940376 (Expected: kplr004940376*_lc.fits in [PosixPath('/Users/emmanuel/proj/exo/kepler_local_data'), PosixPath('/Users/emmanuel/proj/phd/data_files/light_curves')]). Skipping.
2026-02-15 09:53:59,374 - __main__ - WARNING - File not found for Kepler ID: 6034379 (Expected: kplr006034379*_lc.fits in [PosixPath('/Users/emmanuel/proj/exo/kepler_local_data'), PosixPath('/Users/emmanuel/proj/phd/data_files/light_curves')]). Skipping.
2026-02-15 09:54:00,884 - __main__ - WARNING - File not found for Kepler ID: 6034834 (Expected: kplr006034834*_lc.fits in [PosixPath('/Users/emmanuel/proj/exo/kepler_local_data'), PosixPath('/Users/emmanuel/proj/phd/data_files/light_curves')]). Skipping.
2026-02-15 09:54:02,342 - __main__ - WARNING - File not found for Kepler ID: 6036286 (Expected: kplr006036286*_lc.fits in [PosixPath('/Users/emmanuel/proj/exo/kepler_local_data'), PosixPath('/Users/emmanuel/proj/phd/data_files/light_curves')]). Skipping.
2026-02-15 09:54:03,790 - __main__ - WARNING - File not found for Kepler ID: 6038152 (Expected: kplr006038152*_lc.fits in [PosixPath('/Users/emmanuel/proj/exo/kepler_local_data'), PosixPath('/Users/emmanuel/proj/phd/data_files/light_curves')]). Skipping.
2026-02-15 09:54:05,315 - __main__ - WARNING - File not found for Kepler ID: 6043490 (Expected: kplr006043490*_lc.fits in [PosixPath('/Users/emmanuel/proj/exo/kepler_local_data'), PosixPath('/Users/emmanuel/proj/phd/data_files/light_curves')]). Skipping.
2026-02-15 09:54:06,739 - __main__ - WARNING - File not found for Kepler ID: 6047853 (Expected: kplr006047853*_lc.fits in [PosixPath('/Users/emmanuel/proj/exo/kepler_local_data'), PosixPath('/Users/emmanuel/proj/phd/data_files/light_curves')]). Skipping.
2026-02-15 09:54:08,168 - __main__ - WARNING - File not found for Kepler ID: 3459529 (Expected: kplr003459529*_lc.fits in [PosixPath('/Users/emmanuel/proj/exo/kepler_local_data'), PosixPath('/Users/emmanuel/proj/phd/data_files/light_curves')]). Skipping.
2026-02-15 09:54:09,618 - __main__ - WARNING - File not found for Kepler ID: 3532510 (Expected: kplr003532510*_lc.fits in [PosixPath('/Users/emmanuel/proj/exo/kepler_local_data'), PosixPath('/Users/emmanuel/proj/phd/data_files/light_curves')]). Skipping.
2026-02-15 09:54:11,152 - __main__ - WARNING - File not found for Kepler ID: 3540873 (Expected: kplr003540873*_lc.fits in [PosixPath('/Users/emmanuel/proj/exo/kepler_local_data'), PosixPath('/Users/emmanuel/proj/phd/data_files/light_curves')]). Skipping.
2026-02-15 09:54:12,689 - __main__ - WARNING - File not found for Kepler ID: 3542928 (Expected: kplr003542928*_lc.fits in [PosixPath('/Users/emmanuel/proj/exo/kepler_local_data'), PosixPath('/Users/emmanuel/proj/phd/data_files/light_curves')]). Skipping.
2026-02-15 09:54:14,152 - __main__ - WARNING - File not found for Kepler ID: 3545749 (Expected: kplr003545749*_lc.fits in [PosixPath('/Users/emmanuel/proj/exo/kepler_local_data'), PosixPath('/Users/emmanuel/proj/phd/data_files/light_curves')]). Skipping.
2026-02-15 09:54:15,582 - __main__ - WARNING - File not found for Kepler ID: 3546821 (Expected: kplr003546821*_lc.fits in [PosixPath('/Users/emmanuel/proj/exo/kepler_local_data'), PosixPath('/Users/emmanuel/proj/phd/data_files/light_curves')]). Skipping.
2026-02-15 09:54:16,990 - __main__ - WARNING - File not found for Kepler ID: 3548645 (Expected: kplr003548645*_lc.fits in [PosixPath('/Users/emmanuel/proj/exo/kepler_local_data'), PosixPath('/Users/emmanuel/proj/phd/data_files/light_curves')]). Skipping.
2026-02-15 09:54:18,402 - __main__ - WARNING - File not found for Kepler ID: 4953262 (Expected: kplr004953262*_lc.fits in [PosixPath('/Users/emmanuel/proj/exo/kepler_local_data'), PosixPath('/Users/emmanuel/proj/phd/data_files/light_curves')]). Skipping.
2026-02-15 09:54:19,830 - __main__ - WARNING - File not found for Kepler ID: 5024476 (Expected: kplr005024476*_lc.fits in [PosixPath('/Users/emmanuel/proj/exo/kepler_local_data'), PosixPath('/Users/emmanuel/proj/phd/data_files/light_curves')]). Skipping.
2026-02-15 09:54:21,324 - __main__ - WARNING - File not found for Kepler ID: 6062298 (Expected: kplr006062298*_lc.fits in [PosixPath('/Users/emmanuel/proj/exo/kepler_local_data'), PosixPath('/Users/emmanuel/proj/phd/data_files/light_curves')]). Skipping.
2026-02-15 09:54:22,747 - __main__ - WARNING - File not found for Kepler ID: 6065010 (Expected: kplr006065010*_lc.fits in [PosixPath('/Users/emmanuel/proj/exo/kepler_local_data'), PosixPath('/Users/emmanuel/proj/phd/data_files/light_curves')]). Skipping.
2026-02-15 09:54:24,157 - __main__ - WARNING - File not found for Kepler ID: 6067545 (Expected: kplr006067545*_lc.fits in [PosixPath('/Users/emmanuel/proj/exo/kepler_local_data'), PosixPath('/Users/emmanuel/proj/phd/data_files/light_curves')]). Skipping.
2026-02-15 09:54:25,737 - __main__ - WARNING - File not found for Kepler ID: 6115356 (Expected: kplr006115356*_lc.fits in [PosixPath('/Users/emmanuel/proj/exo/kepler_local_data'), PosixPath('/Users/emmanuel/proj/phd/data_files/light_curves')]). Skipping.
2026-02-15 09:54:27,138 - __main__ - WARNING - File not found for Kepler ID: 6116605 (Expected: kplr006116605*_lc.fits in [PosixPath('/Users/emmanuel/proj/exo/kepler_local_data'), PosixPath('/Users/emmanuel/proj/phd/data_files/light_curves')]). Skipping.
2026-02-15 09:54:28,642 - __main__ - WARNING - File not found for Kepler ID: 6118840 (Expected: kplr006118840*_lc.fits in [PosixPath('/Users/emmanuel/proj/exo/kepler_local_data'), PosixPath('/Users/emmanuel/proj/phd/data_files/light_curves')]). Skipping.
2026-02-15 09:54:30,051 - __main__ - WARNING - File not found for Kepler ID: 6129632 (Expected: kplr006129632*_lc.fits in [PosixPath('/Users/emmanuel/proj/exo/kepler_local_data'), PosixPath('/Users/emmanuel/proj/phd/data_files/light_curves')]). Skipping.
2026-02-15 09:54:31,500 - __main__ - WARNING - File not found for Kepler ID: 3555178 (Expected: kplr003555178*_lc.fits in [PosixPath('/Users/emmanuel/proj/exo/kepler_local_data'), PosixPath('/Users/emmanuel/proj/phd/data_files/light_curves')]). Skipping.
2026-02-15 09:54:32,923 - __main__ - WARNING - File not found for Kepler ID: 3641216 (Expected: kplr003641216*_lc.fits in [PosixPath('/Users/emmanuel/proj/exo/kepler_local_data'), PosixPath('/Users/emmanuel/proj/phd/data_files/light_curves')]). Skipping.
2026-02-15 09:54:34,354 - __main__ - WARNING - File not found for Kepler ID: 3644399 (Expected: kplr003644399*_lc.fits in [PosixPath('/Users/emmanuel/proj/exo/kepler_local_data'), PosixPath('/Users/emmanuel/proj/phd/data_files/light_curves')]). Skipping.
2026-02-15 09:54:35,749 - __main__ - WARNING - File not found for Kepler ID: 3644649 (Expected: kplr003644649*_lc.fits in [PosixPath('/Users/emmanuel/proj/exo/kepler_local_data'), PosixPath('/Users/emmanuel/proj/phd/data_files/light_curves')]). Skipping.
2026-02-15 09:54:37,271 - __main__ - WARNING - File not found for Kepler ID: 5036052 (Expected: kplr005036052*_lc.fits in [PosixPath('/Users/emmanuel/proj/exo/kepler_local_data'), PosixPath('/Users/emmanuel/proj/phd/data_files/light_curves')]). Skipping.
2026-02-15 09:54:38,700 - __main__ - WARNING - File not found for Kepler ID: 5037742 (Expected: kplr005037742*_lc.fits in [PosixPath('/Users/emmanuel/proj/exo/kepler_local_data'), PosixPath('/Users/emmanuel/proj/phd/data_files/light_curves')]). Skipping.
2026-02-15 09:54:40,108 - __main__ - WARNING - File not found for Kepler ID: 5039053 (Expected: kplr005039053*_lc.fits in [PosixPath('/Users/emmanuel/proj/exo/kepler_local_data'), PosixPath('/Users/emmanuel/proj/phd/data_files/light_curves')]). Skipping.
2026-02-15 09:54:41,525 - __main__ - WARNING - File not found for Kepler ID: 5091808 (Expected: kplr005091808*_lc.fits in [PosixPath('/Users/emmanuel/proj/exo/kepler_local_data'), PosixPath('/Users/emmanuel/proj/phd/data_files/light_curves')]). Skipping.
2026-02-15 09:54:42,943 - __main__ - WARNING - File not found for Kepler ID: 6139220 (Expected: kplr006139220*_lc.fits in [PosixPath('/Users/emmanuel/proj/exo/kepler_local_data'), PosixPath('/Users/emmanuel/proj/phd/data_files/light_curves')]). Skipping.
2026-02-15 09:54:44,448 - __main__ - WARNING - File not found for Kepler ID: 6149980 (Expected: kplr006149980*_lc.fits in [PosixPath('/Users/emmanuel/proj/exo/kepler_local_data'), PosixPath('/Users/emmanuel/proj/phd/data_files/light_curves')]). Skipping.
2026-02-15 09:54:45,866 - __main__ - WARNING - File not found for Kepler ID: 6197658 (Expected: kplr006197658*_lc.fits in [PosixPath('/Users/emmanuel/proj/exo/kepler_local_data'), PosixPath('/Users/emmanuel/proj/phd/data_files/light_curves')]). Skipping.
2026-02-15 09:54:47,313 - __main__ - WARNING - File not found for Kepler ID: 6198670 (Expected: kplr006198670*_lc.fits in [PosixPath('/Users/emmanuel/proj/exo/kepler_local_data'), PosixPath('/Users/emmanuel/proj/phd/data_files/light_curves')]). Skipping.
2026-02-15 09:54:48,796 - __main__ - WARNING - File not found for Kepler ID: 3646515 (Expected: kplr003646515*_lc.fits in [PosixPath('/Users/emmanuel/proj/exo/kepler_local_data'), PosixPath('/Users/emmanuel/proj/phd/data_files/light_curves')]). Skipping.
2026-02-15 09:54:50,341 - __main__ - WARNING - File not found for Kepler ID: 3730176 (Expected: kplr003730176*_lc.fits in [PosixPath('/Users/emmanuel/proj/exo/kepler_local_data'), PosixPath('/Users/emmanuel/proj/phd/data_files/light_curves')]). Skipping.
2026-02-15 09:54:51,867 - __main__ - WARNING - File not found for Kepler ID: 3748239 (Expected: kplr003748239*_lc.fits in [PosixPath('/Users/emmanuel/proj/exo/kepler_local_data'), PosixPath('/Users/emmanuel/proj/phd/data_files/light_curves')]). Skipping.
2026-02-15 09:54:53,580 - __main__ - WARNING - File not found for Kepler ID: 3751118 (Expected: kplr003751118*_lc.fits in [PosixPath('/Users/emmanuel/proj/exo/kepler_local_data'), PosixPath('/Users/emmanuel/proj/phd/data_files/light_curves')]). Skipping.
2026-02-15 09:54:55,217 - __main__ - WARNING - File not found for Kepler ID: 3755522 (Expected: kplr003755522*_lc.fits in [PosixPath('/Users/emmanuel/proj/exo/kepler_local_data'), PosixPath('/Users/emmanuel/proj/phd/data_files/light_curves')]). Skipping.
2026-02-15 09:54:56,970 - __main__ - WARNING - File not found for Kepler ID: 5094412 (Expected: kplr005094412*_lc.fits in [PosixPath('/Users/emmanuel/proj/exo/kepler_local_data'), PosixPath('/Users/emmanuel/proj/phd/data_files/light_curves')]). Skipping.
2026-02-15 09:54:58,662 - __main__ - WARNING - File not found for Kepler ID: 5105886 (Expected: kplr005105886*_lc.fits in [PosixPath('/Users/emmanuel/proj/exo/kepler_local_data'), PosixPath('/Users/emmanuel/proj/phd/data_files/light_curves')]). Skipping.
2026-02-15 09:55:00,410 - __main__ - WARNING - File not found for Kepler ID: 5110453 (Expected: kplr005110453*_lc.fits in [PosixPath('/Users/emmanuel/proj/exo/kepler_local_data'), PosixPath('/Users/emmanuel/proj/phd/data_files/light_curves')]). Skipping.
2026-02-15 09:55:01,967 - __main__ - WARNING - File not found for Kepler ID: 5166811 (Expected: kplr005166811*_lc.fits in [PosixPath('/Users/emmanuel/proj/exo/kepler_local_data'), PosixPath('/Users/emmanuel/proj/phd/data_files/light_curves')]). Skipping.
2026-02-15 09:55:03,453 - __main__ - WARNING - File not found for Kepler ID: 6266866 (Expected: kplr006266866*_lc.fits in [PosixPath('/Users/emmanuel/proj/exo/kepler_local_data'), PosixPath('/Users/emmanuel/proj/phd/data_files/light_curves')]). Skipping.
2026-02-15 09:55:04,853 - __main__ - WARNING - File not found for Kepler ID: 9002278 (Expected: kplr009002278*_lc.fits in [PosixPath('/Users/emmanuel/proj/exo/kepler_local_data'), PosixPath('/Users/emmanuel/proj/phd/data_files/light_curves')]). Skipping.
2026-02-15 09:55:06,261 - __main__ - WARNING - File not found for Kepler ID: 3757521 (Expected: kplr003757521*_lc.fits in [PosixPath('/Users/emmanuel/proj/exo/kepler_local_data'), PosixPath('/Users/emmanuel/proj/phd/data_files/light_curves')]). Skipping.
2026-02-15 09:55:07,728 - __main__ - WARNING - File not found for Kepler ID: 3763724 (Expected: kplr003763724*_lc.fits in [PosixPath('/Users/emmanuel/proj/exo/kepler_local_data'), PosixPath('/Users/emmanuel/proj/phd/data_files/light_curves')]). Skipping.
2026-02-15 09:55:09,167 - __main__ - WARNING - File not found for Kepler ID: 3834728 (Expected: kplr003834728*_lc.fits in [PosixPath('/Users/emmanuel/proj/exo/kepler_local_data'), PosixPath('/Users/emmanuel/proj/phd/data_files/light_curves')]). Skipping.
2026-02-15 09:55:10,768 - __main__ - WARNING - File not found for Kepler ID: 5181086 (Expected: kplr005181086*_lc.fits in [PosixPath('/Users/emmanuel/proj/exo/kepler_local_data'), PosixPath('/Users/emmanuel/proj/phd/data_files/light_curves')]). Skipping.
2026-02-15 09:55:12,180 - __main__ - WARNING - File not found for Kepler ID: 5181299 (Expected: kplr005181299*_lc.fits in [PosixPath('/Users/emmanuel/proj/exo/kepler_local_data'), PosixPath('/Users/emmanuel/proj/phd/data_files/light_curves')]). Skipping.
2026-02-15 09:55:13,666 - __main__ - WARNING - File not found for Kepler ID: 5184144 (Expected: kplr005184144*_lc.fits in [PosixPath('/Users/emmanuel/proj/exo/kepler_local_data'), PosixPath('/Users/emmanuel/proj/phd/data_files/light_curves')]). Skipping.
2026-02-15 09:55:15,073 - __main__ - WARNING - File not found for Kepler ID: 5192660 (Expected: kplr005192660*_lc.fits in [PosixPath('/Users/emmanuel/proj/exo/kepler_local_data'), PosixPath('/Users/emmanuel/proj/phd/data_files/light_curves')]). Skipping.
2026-02-15 09:55:16,483 - __main__ - WARNING - File not found for Kepler ID: 5193813 (Expected: kplr005193813*_lc.fits in [PosixPath('/Users/emmanuel/proj/exo/kepler_local_data'), PosixPath('/Users/emmanuel/proj/phd/data_files/light_curves')]). Skipping.
2026-02-15 09:55:17,902 - __main__ - WARNING - File not found for Kepler ID: 5211631 (Expected: kplr005211631*_lc.fits in [PosixPath('/Users/emmanuel/proj/exo/kepler_local_data'), PosixPath('/Users/emmanuel/proj/phd/data_files/light_curves')]). Skipping.
2026-02-15 09:55:19,462 - __main__ - WARNING - File not found for Kepler ID: 6281127 (Expected: kplr006281127*_lc.fits in [PosixPath('/Users/emmanuel/proj/exo/kepler_local_data'), PosixPath('/Users/emmanuel/proj/phd/data_files/light_curves')]). Skipping.
2026-02-15 09:55:20,873 - __main__ - WARNING - File not found for Kepler ID: 6285906 (Expected: kplr006285906*_lc.fits in [PosixPath('/Users/emmanuel/proj/exo/kepler_local_data'), PosixPath('/Users/emmanuel/proj/phd/data_files/light_curves')]). Skipping.
2026-02-15 09:55:22,285 - __main__ - WARNING - File not found for Kepler ID: 6287131 (Expected: kplr006287131*_lc.fits in [PosixPath('/Users/emmanuel/proj/exo/kepler_local_data'), PosixPath('/Users/emmanuel/proj/phd/data_files/light_curves')]). Skipping.
2026-02-15 09:55:23,680 - __main__ - WARNING - File not found for Kepler ID: 6290467 (Expected: kplr006290467*_lc.fits in [PosixPath('/Users/emmanuel/proj/exo/kepler_local_data'), PosixPath('/Users/emmanuel/proj/phd/data_files/light_curves')]). Skipping.
2026-02-15 09:55:25,180 - __main__ - WARNING - File not found for Kepler ID: 6309307 (Expected: kplr006309307*_lc.fits in [PosixPath('/Users/emmanuel/proj/exo/kepler_local_data'), PosixPath('/Users/emmanuel/proj/phd/data_files/light_curves')]). Skipping.
2026-02-15 09:55:26,855 - __main__ - WARNING - File not found for Kepler ID: 6342980 (Expected: kplr006342980*_lc.fits in [PosixPath('/Users/emmanuel/proj/exo/kepler_local_data'), PosixPath('/Users/emmanuel/proj/phd/data_files/light_curves')]). Skipping.
2026-02-15 09:55:28,470 - __main__ - WARNING - File not found for Kepler ID: 6850665 (Expected: kplr006850665*_lc.fits in [PosixPath('/Users/emmanuel/proj/exo/kepler_local_data'), PosixPath('/Users/emmanuel/proj/phd/data_files/light_curves')]). Skipping.
2026-02-15 09:55:30,105 - __main__ - WARNING - File not found for Kepler ID: 3848665 (Expected: kplr003848665*_lc.fits in [PosixPath('/Users/emmanuel/proj/exo/kepler_local_data'), PosixPath('/Users/emmanuel/proj/phd/data_files/light_curves')]). Skipping.
2026-02-15 09:55:31,842 - __main__ - WARNING - File not found for Kepler ID: 3852865 (Expected: kplr003852865*_lc.fits in [PosixPath('/Users/emmanuel/proj/exo/kepler_local_data'), PosixPath('/Users/emmanuel/proj/phd/data_files/light_curves')]). Skipping.
2026-02-15 09:55:33,729 - __main__ - WARNING - File not found for Kepler ID: 3854101 (Expected: kplr003854101*_lc.fits in [PosixPath('/Users/emmanuel/proj/exo/kepler_local_data'), PosixPath('/Users/emmanuel/proj/phd/data_files/light_curves')]). Skipping.
2026-02-15 09:55:35,557 - __main__ - WARNING - File not found for Kepler ID: 3863877 (Expected: kplr003863877*_lc.fits in [PosixPath('/Users/emmanuel/proj/exo/kepler_local_data'), PosixPath('/Users/emmanuel/proj/phd/data_files/light_curves')]). Skipping.
2026-02-15 09:55:37,543 - __main__ - WARNING - File not found for Kepler ID: 5213005 (Expected: kplr005213005*_lc.fits in [PosixPath('/Users/emmanuel/proj/exo/kepler_local_data'), PosixPath('/Users/emmanuel/proj/phd/data_files/light_curves')]). Skipping.
2026-02-15 09:55:39,338 - __main__ - WARNING - File not found for Kepler ID: 5213811 (Expected: kplr005213811*_lc.fits in [PosixPath('/Users/emmanuel/proj/exo/kepler_local_data'), PosixPath('/Users/emmanuel/proj/phd/data_files/light_curves')]). Skipping.
2026-02-15 09:55:41,105 - __main__ - WARNING - File not found for Kepler ID: 5255259 (Expected: kplr005255259*_lc.fits in [PosixPath('/Users/emmanuel/proj/exo/kepler_local_data'), PosixPath('/Users/emmanuel/proj/phd/data_files/light_curves')]). Skipping.
2026-02-15 09:55:42,885 - __main__ - WARNING - File not found for Kepler ID: 5262539 (Expected: kplr005262539*_lc.fits in [PosixPath('/Users/emmanuel/proj/exo/kepler_local_data'), PosixPath('/Users/emmanuel/proj/phd/data_files/light_curves')]). Skipping.
2026-02-15 09:55:44,732 - __main__ - WARNING - File not found for Kepler ID: 5265982 (Expected: kplr005265982*_lc.fits in [PosixPath('/Users/emmanuel/proj/exo/kepler_local_data'), PosixPath('/Users/emmanuel/proj/phd/data_files/light_curves')]). Skipping.
2026-02-15 09:55:46,668 - __main__ - WARNING - File not found for Kepler ID: 5271637 (Expected: kplr005271637*_lc.fits in [PosixPath('/Users/emmanuel/proj/exo/kepler_local_data'), PosixPath('/Users/emmanuel/proj/phd/data_files/light_curves')]). Skipping.
2026-02-15 09:55:48,438 - __main__ - WARNING - File not found for Kepler ID: 6347434 (Expected: kplr006347434*_lc.fits in [PosixPath('/Users/emmanuel/proj/exo/kepler_local_data'), PosixPath('/Users/emmanuel/proj/phd/data_files/light_curves')]). Skipping.
2026-02-15 09:55:50,324 - __main__ - WARNING - File not found for Kepler ID: 6359881 (Expected: kplr006359881*_lc.fits in [PosixPath('/Users/emmanuel/proj/exo/kepler_local_data'), PosixPath('/Users/emmanuel/proj/phd/data_files/light_curves')]). Skipping.
2026-02-15 09:55:52,220 - __main__ - WARNING - File not found for Kepler ID: 6359929 (Expected: kplr006359929*_lc.fits in [PosixPath('/Users/emmanuel/proj/exo/kepler_local_data'), PosixPath('/Users/emmanuel/proj/phd/data_files/light_curves')]). Skipping.
2026-02-15 09:55:54,018 - __main__ - WARNING - File not found for Kepler ID: 6363560 (Expected: kplr006363560*_lc.fits in [PosixPath('/Users/emmanuel/proj/exo/kepler_local_data'), PosixPath('/Users/emmanuel/proj/phd/data_files/light_curves')]). Skipping.
2026-02-15 09:55:55,847 - __main__ - WARNING - File not found for Kepler ID: 3865815 (Expected: kplr003865815*_lc.fits in [PosixPath('/Users/emmanuel/proj/exo/kepler_local_data'), PosixPath('/Users/emmanuel/proj/phd/data_files/light_curves')]). Skipping.
2026-02-15 09:55:57,751 - __main__ - WARNING - File not found for Kepler ID: 3941219 (Expected: kplr003941219*_lc.fits in [PosixPath('/Users/emmanuel/proj/exo/kepler_local_data'), PosixPath('/Users/emmanuel/proj/phd/data_files/light_curves')]). Skipping.
2026-02-15 09:55:59,413 - __main__ - WARNING - File not found for Kepler ID: 3953212 (Expected: kplr003953212*_lc.fits in [PosixPath('/Users/emmanuel/proj/exo/kepler_local_data'), PosixPath('/Users/emmanuel/proj/phd/data_files/light_curves')]). Skipping.
2026-02-15 09:56:01,017 - __main__ - WARNING - File not found for Kepler ID: 3965326 (Expected: kplr003965326*_lc.fits in [PosixPath('/Users/emmanuel/proj/exo/kepler_local_data'), PosixPath('/Users/emmanuel/proj/phd/data_files/light_curves')]). Skipping.
2026-02-15 09:56:02,786 - __main__ - WARNING - File not found for Kepler ID: 9265521 (Expected: kplr009265521*_lc.fits in [PosixPath('/Users/emmanuel/proj/exo/kepler_local_data'), PosixPath('/Users/emmanuel/proj/phd/data_files/light_curves')]). Skipping.
2026-02-15 09:56:04,506 - __main__ - WARNING - File not found for Kepler ID: 9271739 (Expected: kplr009271739*_lc.fits in [PosixPath('/Users/emmanuel/proj/exo/kepler_local_data'), PosixPath('/Users/emmanuel/proj/phd/data_files/light_curves')]). Skipping.
2026-02-15 09:56:06,300 - __main__ - WARNING - File not found for Kepler ID: 9274092 (Expected: kplr009274092*_lc.fits in [PosixPath('/Users/emmanuel/proj/exo/kepler_local_data'), PosixPath('/Users/emmanuel/proj/phd/data_files/light_curves')]). Skipping.
2026-02-15 09:56:08,077 - __main__ - WARNING - File not found for Kepler ID: 9274431 (Expected: kplr009274431*_lc.fits in [PosixPath('/Users/emmanuel/proj/exo/kepler_local_data'), PosixPath('/Users/emmanuel/proj/phd/data_files/light_curves')]). Skipping.
2026-02-15 09:56:09,891 - __main__ - WARNING - File not found for Kepler ID: 9300066 (Expected: kplr009300066*_lc.fits in [PosixPath('/Users/emmanuel/proj/exo/kepler_local_data'), PosixPath('/Users/emmanuel/proj/phd/data_files/light_curves')]). Skipping.
2026-02-15 09:56:11,659 - __main__ - WARNING - File not found for Kepler ID: 10191449 (Expected: kplr010191449*_lc.fits in [PosixPath('/Users/emmanuel/proj/exo/kepler_local_data'), PosixPath('/Users/emmanuel/proj/phd/data_files/light_curves')]). Skipping.
2026-02-15 09:56:13,454 - __main__ - WARNING - File not found for Kepler ID: 10199984 (Expected: kplr010199984*_lc.fits in [PosixPath('/Users/emmanuel/proj/exo/kepler_local_data'), PosixPath('/Users/emmanuel/proj/phd/data_files/light_curves')]). Skipping.
2026-02-15 09:56:15,395 - __main__ - WARNING - File not found for Kepler ID: 10201891 (Expected: kplr010201891*_lc.fits in [PosixPath('/Users/emmanuel/proj/exo/kepler_local_data'), PosixPath('/Users/emmanuel/proj/phd/data_files/light_curves')]). Skipping.
2026-02-15 09:56:17,319 - __main__ - WARNING - File not found for Kepler ID: 10208477 (Expected: kplr010208477*_lc.fits in [PosixPath('/Users/emmanuel/proj/exo/kepler_local_data'), PosixPath('/Users/emmanuel/proj/phd/data_files/light_curves')]). Skipping.
2026-02-15 09:56:19,127 - __main__ - WARNING - File not found for Kepler ID: 10222603 (Expected: kplr010222603*_lc.fits in [PosixPath('/Users/emmanuel/proj/exo/kepler_local_data'), PosixPath('/Users/emmanuel/proj/phd/data_files/light_curves')]). Skipping.
2026-02-15 09:56:21,113 - __main__ - WARNING - File not found for Kepler ID: 7581535 (Expected: kplr007581535*_lc.fits in [PosixPath('/Users/emmanuel/proj/exo/kepler_local_data'), PosixPath('/Users/emmanuel/proj/phd/data_files/light_curves')]). Skipping.
2026-02-15 09:56:23,008 - __main__ - WARNING - File not found for Kepler ID: 7592339 (Expected: kplr007592339*_lc.fits in [PosixPath('/Users/emmanuel/proj/exo/kepler_local_data'), PosixPath('/Users/emmanuel/proj/phd/data_files/light_curves')]). Skipping.
2026-02-15 09:56:24,969 - __main__ - WARNING - File not found for Kepler ID: 7598326 (Expected: kplr007598326*_lc.fits in [PosixPath('/Users/emmanuel/proj/exo/kepler_local_data'), PosixPath('/Users/emmanuel/proj/phd/data_files/light_curves')]). Skipping.
2026-02-15 09:56:27,464 - __main__ - WARNING - File not found for Kepler ID: 7619667 (Expected: kplr007619667*_lc.fits in [PosixPath('/Users/emmanuel/proj/exo/kepler_local_data'), PosixPath('/Users/emmanuel/proj/phd/data_files/light_curves')]). Skipping.
2026-02-15 09:56:29,433 - __main__ - WARNING - File not found for Kepler ID: 8507073 (Expected: kplr008507073*_lc.fits in [PosixPath('/Users/emmanuel/proj/exo/kepler_local_data'), PosixPath('/Users/emmanuel/proj/phd/data_files/light_curves')]). Skipping.
2026-02-15 09:56:31,385 - __main__ - WARNING - File not found for Kepler ID: 8507586 (Expected: kplr008507586*_lc.fits in [PosixPath('/Users/emmanuel/proj/exo/kepler_local_data'), PosixPath('/Users/emmanuel/proj/phd/data_files/light_curves')]). Skipping.
2026-02-15 09:56:33,433 - __main__ - WARNING - File not found for Kepler ID: 8510197 (Expected: kplr008510197*_lc.fits in [PosixPath('/Users/emmanuel/proj/exo/kepler_local_data'), PosixPath('/Users/emmanuel/proj/phd/data_files/light_curves')]). Skipping.
2026-02-15 09:56:35,653 - __main__ - WARNING - File not found for Kepler ID: 8516349 (Expected: kplr008516349*_lc.fits in [PosixPath('/Users/emmanuel/proj/exo/kepler_local_data'), PosixPath('/Users/emmanuel/proj/phd/data_files/light_curves')]). Skipping.
2026-02-15 09:56:37,564 - __main__ - WARNING - File not found for Kepler ID: 8525286 (Expected: kplr008525286*_lc.fits in [PosixPath('/Users/emmanuel/proj/exo/kepler_local_data'), PosixPath('/Users/emmanuel/proj/phd/data_files/light_curves')]). Skipping.
2026-02-15 09:56:39,646 - __main__ - WARNING - File not found for Kepler ID: 8542879 (Expected: kplr008542879*_lc.fits in [PosixPath('/Users/emmanuel/proj/exo/kepler_local_data'), PosixPath('/Users/emmanuel/proj/phd/data_files/light_curves')]). Skipping.
2026-02-15 09:56:41,543 - __main__ - WARNING - File not found for Kepler ID: 9306677 (Expected: kplr009306677*_lc.fits in [PosixPath('/Users/emmanuel/proj/exo/kepler_local_data'), PosixPath('/Users/emmanuel/proj/phd/data_files/light_curves')]). Skipping.
2026-02-15 09:56:43,386 - __main__ - WARNING - File not found for Kepler ID: 9330740 (Expected: kplr009330740*_lc.fits in [PosixPath('/Users/emmanuel/proj/exo/kepler_local_data'), PosixPath('/Users/emmanuel/proj/phd/data_files/light_curves')]). Skipping.
2026-02-15 09:56:45,313 - __main__ - WARNING - File not found for Kepler ID: 9334027 (Expected: kplr009334027*_lc.fits in [PosixPath('/Users/emmanuel/proj/exo/kepler_local_data'), PosixPath('/Users/emmanuel/proj/phd/data_files/light_curves')]). Skipping.
2026-02-15 09:56:47,176 - __main__ - WARNING - File not found for Kepler ID: 9357578 (Expected: kplr009357578*_lc.fits in [PosixPath('/Users/emmanuel/proj/exo/kepler_local_data'), PosixPath('/Users/emmanuel/proj/phd/data_files/light_curves')]). Skipping.
2026-02-15 09:56:49,084 - __main__ - WARNING - File not found for Kepler ID: 9362842 (Expected: kplr009362842*_lc.fits in [PosixPath('/Users/emmanuel/proj/exo/kepler_local_data'), PosixPath('/Users/emmanuel/proj/phd/data_files/light_curves')]). Skipping.
2026-02-15 09:56:51,023 - __main__ - WARNING - File not found for Kepler ID: 9363944 (Expected: kplr009363944*_lc.fits in [PosixPath('/Users/emmanuel/proj/exo/kepler_local_data'), PosixPath('/Users/emmanuel/proj/phd/data_files/light_curves')]). Skipping.
2026-02-15 09:56:53,025 - __main__ - WARNING - File not found for Kepler ID: 9368524 (Expected: kplr009368524*_lc.fits in [PosixPath('/Users/emmanuel/proj/exo/kepler_local_data'), PosixPath('/Users/emmanuel/proj/phd/data_files/light_curves')]). Skipping.
2026-02-15 09:56:54,921 - __main__ - WARNING - File not found for Kepler ID: 10266852 (Expected: kplr010266852*_lc.fits in [PosixPath('/Users/emmanuel/proj/exo/kepler_local_data'), PosixPath('/Users/emmanuel/proj/phd/data_files/light_curves')]). Skipping.
2026-02-15 09:56:56,791 - __main__ - WARNING - File not found for Kepler ID: 10272858 (Expected: kplr010272858*_lc.fits in [PosixPath('/Users/emmanuel/proj/exo/kepler_local_data'), PosixPath('/Users/emmanuel/proj/phd/data_files/light_curves')]). Skipping.
2026-02-15 09:56:58,790 - __main__ - WARNING - File not found for Kepler ID: 10292000 (Expected: kplr010292000*_lc.fits in [PosixPath('/Users/emmanuel/proj/exo/kepler_local_data'), PosixPath('/Users/emmanuel/proj/phd/data_files/light_curves')]). Skipping.
2026-02-15 09:57:00,954 - __main__ - WARNING - File not found for Kepler ID: 7631138 (Expected: kplr007631138*_lc.fits in [PosixPath('/Users/emmanuel/proj/exo/kepler_local_data'), PosixPath('/Users/emmanuel/proj/phd/data_files/light_curves')]). Skipping.
2026-02-15 09:57:02,999 - __main__ - WARNING - File not found for Kepler ID: 7674050 (Expected: kplr007674050*_lc.fits in [PosixPath('/Users/emmanuel/proj/exo/kepler_local_data'), PosixPath('/Users/emmanuel/proj/phd/data_files/light_curves')]). Skipping.
2026-02-15 09:57:05,216 - __main__ - WARNING - File not found for Kepler ID: 7690782 (Expected: kplr007690782*_lc.fits in [PosixPath('/Users/emmanuel/proj/exo/kepler_local_data'), PosixPath('/Users/emmanuel/proj/phd/data_files/light_curves')]). Skipping.
2026-02-15 09:57:07,312 - __main__ - WARNING - File not found for Kepler ID: 8546464 (Expected: kplr008546464*_lc.fits in [PosixPath('/Users/emmanuel/proj/exo/kepler_local_data'), PosixPath('/Users/emmanuel/proj/phd/data_files/light_curves')]). Skipping.
2026-02-15 09:57:09,369 - __main__ - WARNING - File not found for Kepler ID: 8547213 (Expected: kplr008547213*_lc.fits in [PosixPath('/Users/emmanuel/proj/exo/kepler_local_data'), PosixPath('/Users/emmanuel/proj/phd/data_files/light_curves')]). Skipping.
2026-02-15 09:57:11,610 - __main__ - WARNING - File not found for Kepler ID: 8547366 (Expected: kplr008547366*_lc.fits in [PosixPath('/Users/emmanuel/proj/exo/kepler_local_data'), PosixPath('/Users/emmanuel/proj/phd/data_files/light_curves')]). Skipping.
2026-02-15 09:57:13,780 - __main__ - WARNING - File not found for Kepler ID: 8547525 (Expected: kplr008547525*_lc.fits in [PosixPath('/Users/emmanuel/proj/exo/kepler_local_data'), PosixPath('/Users/emmanuel/proj/phd/data_files/light_curves')]). Skipping.
2026-02-15 09:57:15,863 - __main__ - WARNING - File not found for Kepler ID: 8547537 (Expected: kplr008547537*_lc.fits in [PosixPath('/Users/emmanuel/proj/exo/kepler_local_data'), PosixPath('/Users/emmanuel/proj/phd/data_files/light_curves')]). Skipping.
2026-02-15 09:57:18,061 - __main__ - WARNING - File not found for Kepler ID: 8548403 (Expected: kplr008548403*_lc.fits in [PosixPath('/Users/emmanuel/proj/exo/kepler_local_data'), PosixPath('/Users/emmanuel/proj/phd/data_files/light_curves')]). Skipping.
2026-02-15 09:57:20,133 - __main__ - WARNING - File not found for Kepler ID: 8548454 (Expected: kplr008548454*_lc.fits in [PosixPath('/Users/emmanuel/proj/exo/kepler_local_data'), PosixPath('/Users/emmanuel/proj/phd/data_files/light_curves')]). Skipping.
2026-02-15 09:57:22,268 - __main__ - WARNING - File not found for Kepler ID: 9391817 (Expected: kplr009391817*_lc.fits in [PosixPath('/Users/emmanuel/proj/exo/kepler_local_data'), PosixPath('/Users/emmanuel/proj/phd/data_files/light_curves')]). Skipping.
2026-02-15 09:57:24,580 - __main__ - WARNING - File not found for Kepler ID: 9394953 (Expected: kplr009394953*_lc.fits in [PosixPath('/Users/emmanuel/proj/exo/kepler_local_data'), PosixPath('/Users/emmanuel/proj/phd/data_files/light_curves')]). Skipping.
2026-02-15 09:57:26,693 - __main__ - WARNING - File not found for Kepler ID: 9397862 (Expected: kplr009397862*_lc.fits in [PosixPath('/Users/emmanuel/proj/exo/kepler_local_data'), PosixPath('/Users/emmanuel/proj/phd/data_files/light_curves')]). Skipping.
2026-02-15 09:57:28,866 - __main__ - WARNING - File not found for Kepler ID: 9407689 (Expected: kplr009407689*_lc.fits in [PosixPath('/Users/emmanuel/proj/exo/kepler_local_data'), PosixPath('/Users/emmanuel/proj/phd/data_files/light_curves')]). Skipping.
2026-02-15 09:57:30,948 - __main__ - WARNING - File not found for Kepler ID: 10356840 (Expected: kplr010356840*_lc.fits in [PosixPath('/Users/emmanuel/proj/exo/kepler_local_data'), PosixPath('/Users/emmanuel/proj/phd/data_files/light_curves')]). Skipping.
2026-02-15 09:57:32,998 - __main__ - WARNING - File not found for Kepler ID: 10387792 (Expected: kplr010387792*_lc.fits in [PosixPath('/Users/emmanuel/proj/exo/kepler_local_data'), PosixPath('/Users/emmanuel/proj/phd/data_files/light_curves')]). Skipping.
2026-02-15 09:57:35,081 - __main__ - WARNING - File not found for Kepler ID: 10394802 (Expected: kplr010394802*_lc.fits in [PosixPath('/Users/emmanuel/proj/exo/kepler_local_data'), PosixPath('/Users/emmanuel/proj/phd/data_files/light_curves')]). Skipping.
2026-02-15 09:57:37,088 - __main__ - WARNING - File not found for Kepler ID: 10399137 (Expected: kplr010399137*_lc.fits in [PosixPath('/Users/emmanuel/proj/exo/kepler_local_data'), PosixPath('/Users/emmanuel/proj/phd/data_files/light_curves')]). Skipping.
2026-02-15 09:57:38,952 - __main__ - WARNING - File not found for Kepler ID: 10416390 (Expected: kplr010416390*_lc.fits in [PosixPath('/Users/emmanuel/proj/exo/kepler_local_data'), PosixPath('/Users/emmanuel/proj/phd/data_files/light_curves')]). Skipping.
2026-02-15 09:57:40,917 - __main__ - WARNING - File not found for Kepler ID: 10419108 (Expected: kplr010419108*_lc.fits in [PosixPath('/Users/emmanuel/proj/exo/kepler_local_data'), PosixPath('/Users/emmanuel/proj/phd/data_files/light_curves')]). Skipping.
2026-02-15 09:57:42,777 - __main__ - WARNING - File not found for Kepler ID: 7751133 (Expected: kplr007751133*_lc.fits in [PosixPath('/Users/emmanuel/proj/exo/kepler_local_data'), PosixPath('/Users/emmanuel/proj/phd/data_files/light_curves')]). Skipping.
2026-02-15 09:57:44,623 - __main__ - WARNING - File not found for Kepler ID: 7757620 (Expected: kplr007757620*_lc.fits in [PosixPath('/Users/emmanuel/proj/exo/kepler_local_data'), PosixPath('/Users/emmanuel/proj/phd/data_files/light_curves')]). Skipping.
2026-02-15 09:57:46,709 - __main__ - WARNING - File not found for Kepler ID: 8570210 (Expected: kplr008570210*_lc.fits in [PosixPath('/Users/emmanuel/proj/exo/kepler_local_data'), PosixPath('/Users/emmanuel/proj/phd/data_files/light_curves')]). Skipping.
2026-02-15 09:57:48,596 - __main__ - WARNING - File not found for Kepler ID: 8571421 (Expected: kplr008571421*_lc.fits in [PosixPath('/Users/emmanuel/proj/exo/kepler_local_data'), PosixPath('/Users/emmanuel/proj/phd/data_files/light_curves')]). Skipping.
2026-02-15 09:57:50,443 - __main__ - WARNING - File not found for Kepler ID: 8574794 (Expected: kplr008574794*_lc.fits in [PosixPath('/Users/emmanuel/proj/exo/kepler_local_data'), PosixPath('/Users/emmanuel/proj/phd/data_files/light_curves')]). Skipping.
2026-02-15 09:57:52,350 - __main__ - WARNING - File not found for Kepler ID: 8575061 (Expected: kplr008575061*_lc.fits in [PosixPath('/Users/emmanuel/proj/exo/kepler_local_data'), PosixPath('/Users/emmanuel/proj/phd/data_files/light_curves')]). Skipping.
2026-02-15 09:57:54,243 - __main__ - WARNING - File not found for Kepler ID: 8613769 (Expected: kplr008613769*_lc.fits in [PosixPath('/Users/emmanuel/proj/exo/kepler_local_data'), PosixPath('/Users/emmanuel/proj/phd/data_files/light_curves')]). Skipping.
2026-02-15 09:57:56,144 - __main__ - WARNING - File not found for Kepler ID: 9412267 (Expected: kplr009412267*_lc.fits in [PosixPath('/Users/emmanuel/proj/exo/kepler_local_data'), PosixPath('/Users/emmanuel/proj/phd/data_files/light_curves')]). Skipping.
2026-02-15 09:57:58,316 - __main__ - WARNING - File not found for Kepler ID: 9417931 (Expected: kplr009417931*_lc.fits in [PosixPath('/Users/emmanuel/proj/exo/kepler_local_data'), PosixPath('/Users/emmanuel/proj/phd/data_files/light_curves')]). Skipping.
2026-02-15 09:58:00,450 - __main__ - WARNING - File not found for Kepler ID: 9451521 (Expected: kplr009451521*_lc.fits in [PosixPath('/Users/emmanuel/proj/exo/kepler_local_data'), PosixPath('/Users/emmanuel/proj/phd/data_files/light_curves')]). Skipping.
2026-02-15 09:58:02,469 - __main__ - WARNING - File not found for Kepler ID: 9455322 (Expected: kplr009455322*_lc.fits in [PosixPath('/Users/emmanuel/proj/exo/kepler_local_data'), PosixPath('/Users/emmanuel/proj/phd/data_files/light_curves')]). Skipping.
2026-02-15 09:58:04,566 - __main__ - WARNING - File not found for Kepler ID: 10470779 (Expected: kplr010470779*_lc.fits in [PosixPath('/Users/emmanuel/proj/exo/kepler_local_data'), PosixPath('/Users/emmanuel/proj/phd/data_files/light_curves')]). Skipping.
2026-02-15 09:58:06,753 - __main__ - WARNING - File not found for Kepler ID: 10487228 (Expected: kplr010487228*_lc.fits in [PosixPath('/Users/emmanuel/proj/exo/kepler_local_data'), PosixPath('/Users/emmanuel/proj/phd/data_files/light_curves')]). Skipping.
2026-02-15 09:58:08,893 - __main__ - WARNING - File not found for Kepler ID: 10519727 (Expected: kplr010519727*_lc.fits in [PosixPath('/Users/emmanuel/proj/exo/kepler_local_data'), PosixPath('/Users/emmanuel/proj/phd/data_files/light_curves')]). Skipping.
2026-02-15 09:58:11,052 - __main__ - WARNING - File not found for Kepler ID: 10535708 (Expected: kplr010535708*_lc.fits in [PosixPath('/Users/emmanuel/proj/exo/kepler_local_data'), PosixPath('/Users/emmanuel/proj/phd/data_files/light_curves')]). Skipping.
2026-02-15 09:58:13,062 - __main__ - WARNING - File not found for Kepler ID: 10548411 (Expected: kplr010548411*_lc.fits in [PosixPath('/Users/emmanuel/proj/exo/kepler_local_data'), PosixPath('/Users/emmanuel/proj/phd/data_files/light_curves')]). Skipping.
2026-02-15 09:58:15,079 - __main__ - WARNING - File not found for Kepler ID: 7762153 (Expected: kplr007762153*_lc.fits in [PosixPath('/Users/emmanuel/proj/exo/kepler_local_data'), PosixPath('/Users/emmanuel/proj/phd/data_files/light_curves')]). Skipping.
2026-02-15 09:58:17,229 - __main__ - WARNING - File not found for Kepler ID: 7762717 (Expected: kplr007762717*_lc.fits in [PosixPath('/Users/emmanuel/proj/exo/kepler_local_data'), PosixPath('/Users/emmanuel/proj/phd/data_files/light_curves')]). Skipping.
2026-02-15 09:58:19,312 - __main__ - WARNING - File not found for Kepler ID: 7770901 (Expected: kplr007770901*_lc.fits in [PosixPath('/Users/emmanuel/proj/exo/kepler_local_data'), PosixPath('/Users/emmanuel/proj/phd/data_files/light_curves')]). Skipping.
2026-02-15 09:58:21,201 - __main__ - WARNING - File not found for Kepler ID: 7804128 (Expected: kplr007804128*_lc.fits in [PosixPath('/Users/emmanuel/proj/exo/kepler_local_data'), PosixPath('/Users/emmanuel/proj/phd/data_files/light_curves')]). Skipping.
2026-02-15 09:58:22,871 - __main__ - WARNING - File not found for Kepler ID: 7809049 (Expected: kplr007809049*_lc.fits in [PosixPath('/Users/emmanuel/proj/exo/kepler_local_data'), PosixPath('/Users/emmanuel/proj/phd/data_files/light_curves')]). Skipping.
2026-02-15 09:58:24,380 - __main__ - WARNING - File not found for Kepler ID: 8622875 (Expected: kplr008622875*_lc.fits in [PosixPath('/Users/emmanuel/proj/exo/kepler_local_data'), PosixPath('/Users/emmanuel/proj/phd/data_files/light_curves')]). Skipping.
2026-02-15 09:58:25,817 - __main__ - WARNING - File not found for Kepler ID: 8644545 (Expected: kplr008644545*_lc.fits in [PosixPath('/Users/emmanuel/proj/exo/kepler_local_data'), PosixPath('/Users/emmanuel/proj/phd/data_files/light_curves')]). Skipping.
2026-02-15 09:58:27,297 - __main__ - WARNING - File not found for Kepler ID: 8644911 (Expected: kplr008644911*_lc.fits in [PosixPath('/Users/emmanuel/proj/exo/kepler_local_data'), PosixPath('/Users/emmanuel/proj/phd/data_files/light_curves')]). Skipping.
2026-02-15 09:58:28,869 - __main__ - WARNING - File not found for Kepler ID: 8652997 (Expected: kplr008652997*_lc.fits in [PosixPath('/Users/emmanuel/proj/exo/kepler_local_data'), PosixPath('/Users/emmanuel/proj/phd/data_files/light_curves')]). Skipping.
2026-02-15 09:58:30,308 - __main__ - WARNING - File not found for Kepler ID: 8656535 (Expected: kplr008656535*_lc.fits in [PosixPath('/Users/emmanuel/proj/exo/kepler_local_data'), PosixPath('/Users/emmanuel/proj/phd/data_files/light_curves')]). Skipping.
2026-02-15 09:58:31,689 - __main__ - WARNING - File not found for Kepler ID: 8671707 (Expected: kplr008671707*_lc.fits in [PosixPath('/Users/emmanuel/proj/exo/kepler_local_data'), PosixPath('/Users/emmanuel/proj/phd/data_files/light_curves')]). Skipping.
2026-02-15 09:58:33,060 - __main__ - WARNING - File not found for Kepler ID: 8676061 (Expected: kplr008676061*_lc.fits in [PosixPath('/Users/emmanuel/proj/exo/kepler_local_data'), PosixPath('/Users/emmanuel/proj/phd/data_files/light_curves')]). Skipping.
2026-02-15 09:58:34,448 - __main__ - WARNING - File not found for Kepler ID: 9463329 (Expected: kplr009463329*_lc.fits in [PosixPath('/Users/emmanuel/proj/exo/kepler_local_data'), PosixPath('/Users/emmanuel/proj/phd/data_files/light_curves')]). Skipping.
2026-02-15 09:58:35,867 - __main__ - WARNING - File not found for Kepler ID: 9466486 (Expected: kplr009466486*_lc.fits in [PosixPath('/Users/emmanuel/proj/exo/kepler_local_data'), PosixPath('/Users/emmanuel/proj/phd/data_files/light_curves')]). Skipping.
2026-02-15 09:58:37,313 - __main__ - WARNING - File not found for Kepler ID: 9475697 (Expected: kplr009475697*_lc.fits in [PosixPath('/Users/emmanuel/proj/exo/kepler_local_data'), PosixPath('/Users/emmanuel/proj/phd/data_files/light_curves')]). Skipping.
2026-02-15 09:58:38,952 - __main__ - WARNING - File not found for Kepler ID: 10552151 (Expected: kplr010552151*_lc.fits in [PosixPath('/Users/emmanuel/proj/exo/kepler_local_data'), PosixPath('/Users/emmanuel/proj/phd/data_files/light_curves')]). Skipping.
2026-02-15 09:58:40,358 - __main__ - WARNING - File not found for Kepler ID: 10552263 (Expected: kplr010552263*_lc.fits in [PosixPath('/Users/emmanuel/proj/exo/kepler_local_data'), PosixPath('/Users/emmanuel/proj/phd/data_files/light_curves')]). Skipping.
2026-02-15 09:58:41,750 - __main__ - WARNING - File not found for Kepler ID: 10554421 (Expected: kplr010554421*_lc.fits in [PosixPath('/Users/emmanuel/proj/exo/kepler_local_data'), PosixPath('/Users/emmanuel/proj/phd/data_files/light_curves')]). Skipping.
2026-02-15 09:58:43,127 - __main__ - WARNING - File not found for Kepler ID: 10579570 (Expected: kplr010579570*_lc.fits in [PosixPath('/Users/emmanuel/proj/exo/kepler_local_data'), PosixPath('/Users/emmanuel/proj/phd/data_files/light_curves')]). Skipping.
2026-02-15 09:58:44,594 - __main__ - WARNING - File not found for Kepler ID: 10581308 (Expected: kplr010581308*_lc.fits in [PosixPath('/Users/emmanuel/proj/exo/kepler_local_data'), PosixPath('/Users/emmanuel/proj/phd/data_files/light_curves')]). Skipping.
2026-02-15 09:58:46,084 - __main__ - WARNING - File not found for Kepler ID: 7819520 (Expected: kplr007819520*_lc.fits in [PosixPath('/Users/emmanuel/proj/exo/kepler_local_data'), PosixPath('/Users/emmanuel/proj/phd/data_files/light_curves')]). Skipping.
2026-02-15 09:58:47,530 - __main__ - WARNING - File not found for Kepler ID: 7829836 (Expected: kplr007829836*_lc.fits in [PosixPath('/Users/emmanuel/proj/exo/kepler_local_data'), PosixPath('/Users/emmanuel/proj/phd/data_files/light_curves')]). Skipping.
2026-02-15 09:58:48,947 - __main__ - WARNING - File not found for Kepler ID: 7830953 (Expected: kplr007830953*_lc.fits in [PosixPath('/Users/emmanuel/proj/exo/kepler_local_data'), PosixPath('/Users/emmanuel/proj/phd/data_files/light_curves')]). Skipping.
2026-02-15 09:58:50,343 - __main__ - WARNING - File not found for Kepler ID: 7881464 (Expected: kplr007881464*_lc.fits in [PosixPath('/Users/emmanuel/proj/exo/kepler_local_data'), PosixPath('/Users/emmanuel/proj/phd/data_files/light_curves')]). Skipping.
2026-02-15 09:58:51,759 - __main__ - WARNING - File not found for Kepler ID: 7884986 (Expected: kplr007884986*_lc.fits in [PosixPath('/Users/emmanuel/proj/exo/kepler_local_data'), PosixPath('/Users/emmanuel/proj/phd/data_files/light_curves')]). Skipping.
2026-02-15 09:58:53,283 - __main__ - WARNING - File not found for Kepler ID: 8677186 (Expected: kplr008677186*_lc.fits in [PosixPath('/Users/emmanuel/proj/exo/kepler_local_data'), PosixPath('/Users/emmanuel/proj/phd/data_files/light_curves')]). Skipping.
2026-02-15 09:58:54,710 - __main__ - WARNING - File not found for Kepler ID: 8678345 (Expected: kplr008678345*_lc.fits in [PosixPath('/Users/emmanuel/proj/exo/kepler_local_data'), PosixPath('/Users/emmanuel/proj/phd/data_files/light_curves')]). Skipping.
2026-02-15 09:58:56,122 - __main__ - WARNING - File not found for Kepler ID: 8715564 (Expected: kplr008715564*_lc.fits in [PosixPath('/Users/emmanuel/proj/exo/kepler_local_data'), PosixPath('/Users/emmanuel/proj/phd/data_files/light_curves')]). Skipping.
2026-02-15 09:58:57,530 - __main__ - WARNING - File not found for Kepler ID: 8737343 (Expected: kplr008737343*_lc.fits in [PosixPath('/Users/emmanuel/proj/exo/kepler_local_data'), PosixPath('/Users/emmanuel/proj/phd/data_files/light_curves')]). Skipping.
2026-02-15 09:58:58,942 - __main__ - WARNING - File not found for Kepler ID: 9517242 (Expected: kplr009517242*_lc.fits in [PosixPath('/Users/emmanuel/proj/exo/kepler_local_data'), PosixPath('/Users/emmanuel/proj/phd/data_files/light_curves')]). Skipping.
2026-02-15 09:59:00,411 - __main__ - WARNING - File not found for Kepler ID: 9534832 (Expected: kplr009534832*_lc.fits in [PosixPath('/Users/emmanuel/proj/exo/kepler_local_data'), PosixPath('/Users/emmanuel/proj/phd/data_files/light_curves')]). Skipping.
2026-02-15 09:59:01,933 - __main__ - WARNING - File not found for Kepler ID: 10799291 (Expected: kplr010799291*_lc.fits in [PosixPath('/Users/emmanuel/proj/exo/kepler_local_data'), PosixPath('/Users/emmanuel/proj/phd/data_files/light_curves')]). Skipping.
2026-02-15 09:59:03,348 - __main__ - WARNING - File not found for Kepler ID: 10802364 (Expected: kplr010802364*_lc.fits in [PosixPath('/Users/emmanuel/proj/exo/kepler_local_data'), PosixPath('/Users/emmanuel/proj/phd/data_files/light_curves')]). Skipping.
2026-02-15 09:59:04,770 - __main__ - WARNING - File not found for Kepler ID: 10850327 (Expected: kplr010850327*_lc.fits in [PosixPath('/Users/emmanuel/proj/exo/kepler_local_data'), PosixPath('/Users/emmanuel/proj/phd/data_files/light_curves')]). Skipping.
2026-02-15 09:59:06,200 - __main__ - WARNING - File not found for Kepler ID: 10858504 (Expected: kplr010858504*_lc.fits in [PosixPath('/Users/emmanuel/proj/exo/kepler_local_data'), PosixPath('/Users/emmanuel/proj/phd/data_files/light_curves')]). Skipping.
2026-02-15 09:59:07,678 - __main__ - WARNING - File not found for Kepler ID: 7900695 (Expected: kplr007900695*_lc.fits in [PosixPath('/Users/emmanuel/proj/exo/kepler_local_data'), PosixPath('/Users/emmanuel/proj/phd/data_files/light_curves')]). Skipping.
2026-02-15 09:59:09,240 - __main__ - WARNING - File not found for Kepler ID: 7900727 (Expected: kplr007900727*_lc.fits in [PosixPath('/Users/emmanuel/proj/exo/kepler_local_data'), PosixPath('/Users/emmanuel/proj/phd/data_files/light_curves')]). Skipping.
2026-02-15 09:59:10,667 - __main__ - WARNING - File not found for Kepler ID: 7902719 (Expected: kplr007902719*_lc.fits in [PosixPath('/Users/emmanuel/proj/exo/kepler_local_data'), PosixPath('/Users/emmanuel/proj/phd/data_files/light_curves')]). Skipping.
2026-02-15 09:59:12,100 - __main__ - WARNING - File not found for Kepler ID: 7917068 (Expected: kplr007917068*_lc.fits in [PosixPath('/Users/emmanuel/proj/exo/kepler_local_data'), PosixPath('/Users/emmanuel/proj/phd/data_files/light_curves')]). Skipping.
2026-02-15 09:59:13,519 - __main__ - WARNING - File not found for Kepler ID: 8742270 (Expected: kplr008742270*_lc.fits in [PosixPath('/Users/emmanuel/proj/exo/kepler_local_data'), PosixPath('/Users/emmanuel/proj/phd/data_files/light_curves')]). Skipping.
2026-02-15 09:59:14,949 - __main__ - WARNING - File not found for Kepler ID: 8747910 (Expected: kplr008747910*_lc.fits in [PosixPath('/Users/emmanuel/proj/exo/kepler_local_data'), PosixPath('/Users/emmanuel/proj/phd/data_files/light_curves')]). Skipping.
2026-02-15 09:59:16,380 - __main__ - WARNING - File not found for Kepler ID: 8814872 (Expected: kplr008814872*_lc.fits in [PosixPath('/Users/emmanuel/proj/exo/kepler_local_data'), PosixPath('/Users/emmanuel/proj/phd/data_files/light_curves')]). Skipping.
2026-02-15 09:59:17,899 - __main__ - WARNING - File not found for Kepler ID: 9579072 (Expected: kplr009579072*_lc.fits in [PosixPath('/Users/emmanuel/proj/exo/kepler_local_data'), PosixPath('/Users/emmanuel/proj/phd/data_files/light_curves')]). Skipping.
2026-02-15 09:59:19,300 - __main__ - WARNING - File not found for Kepler ID: 9579606 (Expected: kplr009579606*_lc.fits in [PosixPath('/Users/emmanuel/proj/exo/kepler_local_data'), PosixPath('/Users/emmanuel/proj/phd/data_files/light_curves')]). Skipping.
2026-02-15 09:59:20,800 - __main__ - WARNING - File not found for Kepler ID: 9594992 (Expected: kplr009594992*_lc.fits in [PosixPath('/Users/emmanuel/proj/exo/kepler_local_data'), PosixPath('/Users/emmanuel/proj/phd/data_files/light_curves')]). Skipping.
2026-02-15 09:59:22,370 - __main__ - WARNING - File not found for Kepler ID: 9596820 (Expected: kplr009596820*_lc.fits in [PosixPath('/Users/emmanuel/proj/exo/kepler_local_data'), PosixPath('/Users/emmanuel/proj/phd/data_files/light_curves')]). Skipping.
2026-02-15 09:59:23,826 - __main__ - WARNING - File not found for Kepler ID: 9598315 (Expected: kplr009598315*_lc.fits in [PosixPath('/Users/emmanuel/proj/exo/kepler_local_data'), PosixPath('/Users/emmanuel/proj/phd/data_files/light_curves')]). Skipping.
2026-02-15 09:59:25,325 - __main__ - WARNING - File not found for Kepler ID: 10618044 (Expected: kplr010618044*_lc.fits in [PosixPath('/Users/emmanuel/proj/exo/kepler_local_data'), PosixPath('/Users/emmanuel/proj/phd/data_files/light_curves')]). Skipping.
2026-02-15 09:59:26,728 - __main__ - WARNING - File not found for Kepler ID: 10658177 (Expected: kplr010658177*_lc.fits in [PosixPath('/Users/emmanuel/proj/exo/kepler_local_data'), PosixPath('/Users/emmanuel/proj/phd/data_files/light_curves')]). Skipping.
2026-02-15 09:59:28,133 - __main__ - WARNING - File not found for Kepler ID: 10663976 (Expected: kplr010663976*_lc.fits in [PosixPath('/Users/emmanuel/proj/exo/kepler_local_data'), PosixPath('/Users/emmanuel/proj/phd/data_files/light_curves')]). Skipping.
2026-02-15 09:59:29,585 - __main__ - WARNING - File not found for Kepler ID: 7935997 (Expected: kplr007935997*_lc.fits in [PosixPath('/Users/emmanuel/proj/exo/kepler_local_data'), PosixPath('/Users/emmanuel/proj/phd/data_files/light_curves')]). Skipping.
2026-02-15 09:59:31,100 - __main__ - WARNING - File not found for Kepler ID: 7948619 (Expected: kplr007948619*_lc.fits in [PosixPath('/Users/emmanuel/proj/exo/kepler_local_data'), PosixPath('/Users/emmanuel/proj/phd/data_files/light_curves')]). Skipping.
2026-02-15 09:59:32,560 - __main__ - WARNING - File not found for Kepler ID: 7950158 (Expected: kplr007950158*_lc.fits in [PosixPath('/Users/emmanuel/proj/exo/kepler_local_data'), PosixPath('/Users/emmanuel/proj/phd/data_files/light_curves')]). Skipping.
2026-02-15 09:59:34,060 - __main__ - WARNING - File not found for Kepler ID: 7967210 (Expected: kplr007967210*_lc.fits in [PosixPath('/Users/emmanuel/proj/exo/kepler_local_data'), PosixPath('/Users/emmanuel/proj/phd/data_files/light_curves')]). Skipping.
2026-02-15 09:59:35,501 - __main__ - WARNING - File not found for Kepler ID: 7970194 (Expected: kplr007970194*_lc.fits in [PosixPath('/Users/emmanuel/proj/exo/kepler_local_data'), PosixPath('/Users/emmanuel/proj/phd/data_files/light_curves')]). Skipping.
2026-02-15 09:59:36,940 - __main__ - WARNING - File not found for Kepler ID: 7978202 (Expected: kplr007978202*_lc.fits in [PosixPath('/Users/emmanuel/proj/exo/kepler_local_data'), PosixPath('/Users/emmanuel/proj/phd/data_files/light_curves')]). Skipping.
2026-02-15 09:59:38,463 - __main__ - WARNING - File not found for Kepler ID: 8836224 (Expected: kplr008836224*_lc.fits in [PosixPath('/Users/emmanuel/proj/exo/kepler_local_data'), PosixPath('/Users/emmanuel/proj/phd/data_files/light_curves')]). Skipping.
2026-02-15 09:59:39,864 - __main__ - WARNING - File not found for Kepler ID: 8841297 (Expected: kplr008841297*_lc.fits in [PosixPath('/Users/emmanuel/proj/exo/kepler_local_data'), PosixPath('/Users/emmanuel/proj/phd/data_files/light_curves')]). Skipping.
2026-02-15 09:59:41,361 - __main__ - WARNING - File not found for Kepler ID: 8868481 (Expected: kplr008868481*_lc.fits in [PosixPath('/Users/emmanuel/proj/exo/kepler_local_data'), PosixPath('/Users/emmanuel/proj/phd/data_files/light_curves')]). Skipping.
2026-02-15 09:59:42,774 - __main__ - WARNING - File not found for Kepler ID: 8890417 (Expected: kplr008890417*_lc.fits in [PosixPath('/Users/emmanuel/proj/exo/kepler_local_data'), PosixPath('/Users/emmanuel/proj/phd/data_files/light_curves')]). Skipping.
2026-02-15 09:59:44,184 - __main__ - WARNING - File not found for Kepler ID: 8891684 (Expected: kplr008891684*_lc.fits in [PosixPath('/Users/emmanuel/proj/exo/kepler_local_data'), PosixPath('/Users/emmanuel/proj/phd/data_files/light_curves')]). Skipping.
2026-02-15 09:59:45,595 - __main__ - WARNING - File not found for Kepler ID: 9659022 (Expected: kplr009659022*_lc.fits in [PosixPath('/Users/emmanuel/proj/exo/kepler_local_data'), PosixPath('/Users/emmanuel/proj/phd/data_files/light_curves')]). Skipping.
2026-02-15 09:59:47,012 - __main__ - WARNING - File not found for Kepler ID: 9662475 (Expected: kplr009662475*_lc.fits in [PosixPath('/Users/emmanuel/proj/exo/kepler_local_data'), PosixPath('/Users/emmanuel/proj/phd/data_files/light_curves')]). Skipping.
2026-02-15 09:59:48,451 - __main__ - WARNING - File not found for Kepler ID: 9715631 (Expected: kplr009715631*_lc.fits in [PosixPath('/Users/emmanuel/proj/exo/kepler_local_data'), PosixPath('/Users/emmanuel/proj/phd/data_files/light_curves')]). Skipping.
2026-02-15 09:59:49,933 - __main__ - WARNING - File not found for Kepler ID: 9723746 (Expected: kplr009723746*_lc.fits in [PosixPath('/Users/emmanuel/proj/exo/kepler_local_data'), PosixPath('/Users/emmanuel/proj/phd/data_files/light_curves')]). Skipping.
2026-02-15 09:59:51,342 - __main__ - WARNING - File not found for Kepler ID: 10677763 (Expected: kplr010677763*_lc.fits in [PosixPath('/Users/emmanuel/proj/exo/kepler_local_data'), PosixPath('/Users/emmanuel/proj/phd/data_files/light_curves')]). Skipping.
2026-02-15 09:59:52,769 - __main__ - WARNING - File not found for Kepler ID: 10678912 (Expected: kplr010678912*_lc.fits in [PosixPath('/Users/emmanuel/proj/exo/kepler_local_data'), PosixPath('/Users/emmanuel/proj/phd/data_files/light_curves')]). Skipping.
2026-02-15 09:59:54,198 - __main__ - WARNING - File not found for Kepler ID: 10734441 (Expected: kplr010734441*_lc.fits in [PosixPath('/Users/emmanuel/proj/exo/kepler_local_data'), PosixPath('/Users/emmanuel/proj/phd/data_files/light_curves')]). Skipping.
2026-02-15 09:59:55,608 - __main__ - WARNING - File not found for Kepler ID: 10737437 (Expected: kplr010737437*_lc.fits in [PosixPath('/Users/emmanuel/proj/exo/kepler_local_data'), PosixPath('/Users/emmanuel/proj/phd/data_files/light_curves')]). Skipping.
2026-02-15 09:59:57,099 - __main__ - WARNING - File not found for Kepler ID: 7979297 (Expected: kplr007979297*_lc.fits in [PosixPath('/Users/emmanuel/proj/exo/kepler_local_data'), PosixPath('/Users/emmanuel/proj/phd/data_files/light_curves')]). Skipping.
2026-02-15 09:59:58,513 - __main__ - WARNING - File not found for Kepler ID: 8005002 (Expected: kplr008005002*_lc.fits in [PosixPath('/Users/emmanuel/proj/exo/kepler_local_data'), PosixPath('/Users/emmanuel/proj/phd/data_files/light_curves')]). Skipping.
2026-02-15 09:59:59,935 - __main__ - WARNING - File not found for Kepler ID: 8016650 (Expected: kplr008016650*_lc.fits in [PosixPath('/Users/emmanuel/proj/exo/kepler_local_data'), PosixPath('/Users/emmanuel/proj/phd/data_files/light_curves')]). Skipping.
2026-02-15 10:00:01,344 - __main__ - WARNING - File not found for Kepler ID: 8025718 (Expected: kplr008025718*_lc.fits in [PosixPath('/Users/emmanuel/proj/exo/kepler_local_data'), PosixPath('/Users/emmanuel/proj/phd/data_files/light_curves')]). Skipping.
2026-02-15 10:00:02,746 - __main__ - WARNING - File not found for Kepler ID: 8937555 (Expected: kplr008937555*_lc.fits in [PosixPath('/Users/emmanuel/proj/exo/kepler_local_data'), PosixPath('/Users/emmanuel/proj/phd/data_files/light_curves')]). Skipping.
2026-02-15 10:00:04,151 - __main__ - WARNING - File not found for Kepler ID: 8946267 (Expected: kplr008946267*_lc.fits in [PosixPath('/Users/emmanuel/proj/exo/kepler_local_data'), PosixPath('/Users/emmanuel/proj/phd/data_files/light_curves')]). Skipping.
2026-02-15 10:00:05,711 - __main__ - WARNING - File not found for Kepler ID: 8949512 (Expected: kplr008949512*_lc.fits in [PosixPath('/Users/emmanuel/proj/exo/kepler_local_data'), PosixPath('/Users/emmanuel/proj/phd/data_files/light_curves')]). Skipping.
2026-02-15 10:00:07,113 - __main__ - WARNING - File not found for Kepler ID: 8955741 (Expected: kplr008955741*_lc.fits in [PosixPath('/Users/emmanuel/proj/exo/kepler_local_data'), PosixPath('/Users/emmanuel/proj/phd/data_files/light_curves')]). Skipping.
2026-02-15 10:00:08,524 - __main__ - WARNING - File not found for Kepler ID: 9771920 (Expected: kplr009771920*_lc.fits in [PosixPath('/Users/emmanuel/proj/exo/kepler_local_data'), PosixPath('/Users/emmanuel/proj/phd/data_files/light_curves')]). Skipping.
2026-02-15 10:00:09,918 - __main__ - WARNING - File not found for Kepler ID: 9776907 (Expected: kplr009776907*_lc.fits in [PosixPath('/Users/emmanuel/proj/exo/kepler_local_data'), PosixPath('/Users/emmanuel/proj/phd/data_files/light_curves')]). Skipping.
2026-02-15 10:00:11,332 - __main__ - WARNING - File not found for Kepler ID: 9832379 (Expected: kplr009832379*_lc.fits in [PosixPath('/Users/emmanuel/proj/exo/kepler_local_data'), PosixPath('/Users/emmanuel/proj/phd/data_files/light_curves')]). Skipping.
2026-02-15 10:00:12,753 - __main__ - WARNING - File not found for Kepler ID: 9837659 (Expected: kplr009837659*_lc.fits in [PosixPath('/Users/emmanuel/proj/exo/kepler_local_data'), PosixPath('/Users/emmanuel/proj/phd/data_files/light_curves')]). Skipping.
2026-02-15 10:00:14,246 - __main__ - WARNING - File not found for Kepler ID: 10865043 (Expected: kplr010865043*_lc.fits in [PosixPath('/Users/emmanuel/proj/exo/kepler_local_data'), PosixPath('/Users/emmanuel/proj/phd/data_files/light_curves')]). Skipping.
2026-02-15 10:00:15,645 - __main__ - WARNING - File not found for Kepler ID: 10878117 (Expected: kplr010878117*_lc.fits in [PosixPath('/Users/emmanuel/proj/exo/kepler_local_data'), PosixPath('/Users/emmanuel/proj/phd/data_files/light_curves')]). Skipping.
2026-02-15 10:00:17,064 - __main__ - WARNING - File not found for Kepler ID: 10879247 (Expected: kplr010879247*_lc.fits in [PosixPath('/Users/emmanuel/proj/exo/kepler_local_data'), PosixPath('/Users/emmanuel/proj/phd/data_files/light_curves')]). Skipping.
2026-02-15 10:00:18,497 - __main__ - WARNING - File not found for Kepler ID: 10879899 (Expected: kplr010879899*_lc.fits in [PosixPath('/Users/emmanuel/proj/exo/kepler_local_data'), PosixPath('/Users/emmanuel/proj/phd/data_files/light_curves')]). Skipping.
2026-02-15 10:00:19,900 - __main__ - WARNING - File not found for Kepler ID: 10905641 (Expected: kplr010905641*_lc.fits in [PosixPath('/Users/emmanuel/proj/exo/kepler_local_data'), PosixPath('/Users/emmanuel/proj/phd/data_files/light_curves')]). Skipping.
2026-02-15 10:00:21,402 - __main__ - WARNING - File not found for Kepler ID: 10958972 (Expected: kplr010958972*_lc.fits in [PosixPath('/Users/emmanuel/proj/exo/kepler_local_data'), PosixPath('/Users/emmanuel/proj/phd/data_files/light_curves')]). Skipping.
2026-02-15 10:00:22,806 - __main__ - WARNING - File not found for Kepler ID: 8035322 (Expected: kplr008035322*_lc.fits in [PosixPath('/Users/emmanuel/proj/exo/kepler_local_data'), PosixPath('/Users/emmanuel/proj/phd/data_files/light_curves')]). Skipping.
2026-02-15 10:00:24,237 - __main__ - WARNING - File not found for Kepler ID: 8036863 (Expected: kplr008036863*_lc.fits in [PosixPath('/Users/emmanuel/proj/exo/kepler_local_data'), PosixPath('/Users/emmanuel/proj/phd/data_files/light_curves')]). Skipping.
2026-02-15 10:00:25,637 - __main__ - WARNING - File not found for Kepler ID: 8040308 (Expected: kplr008040308*_lc.fits in [PosixPath('/Users/emmanuel/proj/exo/kepler_local_data'), PosixPath('/Users/emmanuel/proj/phd/data_files/light_curves')]). Skipping.
2026-02-15 10:00:27,035 - __main__ - WARNING - File not found for Kepler ID: 8044083 (Expected: kplr008044083*_lc.fits in [PosixPath('/Users/emmanuel/proj/exo/kepler_local_data'), PosixPath('/Users/emmanuel/proj/phd/data_files/light_curves')]). Skipping.
2026-02-15 10:00:28,450 - __main__ - WARNING - File not found for Kepler ID: 8959240 (Expected: kplr008959240*_lc.fits in [PosixPath('/Users/emmanuel/proj/exo/kepler_local_data'), PosixPath('/Users/emmanuel/proj/phd/data_files/light_curves')]). Skipping.
2026-02-15 10:00:30,013 - __main__ - WARNING - File not found for Kepler ID: 8971044 (Expected: kplr008971044*_lc.fits in [PosixPath('/Users/emmanuel/proj/exo/kepler_local_data'), PosixPath('/Users/emmanuel/proj/phd/data_files/light_curves')]). Skipping.
2026-02-15 10:00:31,409 - __main__ - WARNING - File not found for Kepler ID: 8975776 (Expected: kplr008975776*_lc.fits in [PosixPath('/Users/emmanuel/proj/exo/kepler_local_data'), PosixPath('/Users/emmanuel/proj/phd/data_files/light_curves')]). Skipping.
2026-02-15 10:00:32,815 - __main__ - WARNING - File not found for Kepler ID: 8979500 (Expected: kplr008979500*_lc.fits in [PosixPath('/Users/emmanuel/proj/exo/kepler_local_data'), PosixPath('/Users/emmanuel/proj/phd/data_files/light_curves')]). Skipping.
2026-02-15 10:00:34,227 - __main__ - WARNING - File not found for Kepler ID: 9003126 (Expected: kplr009003126*_lc.fits in [PosixPath('/Users/emmanuel/proj/exo/kepler_local_data'), PosixPath('/Users/emmanuel/proj/phd/data_files/light_curves')]). Skipping.
2026-02-15 10:00:35,657 - __main__ - WARNING - File not found for Kepler ID: 9008125 (Expected: kplr009008125*_lc.fits in [PosixPath('/Users/emmanuel/proj/exo/kepler_local_data'), PosixPath('/Users/emmanuel/proj/phd/data_files/light_curves')]). Skipping.
2026-02-15 10:00:37,150 - __main__ - WARNING - File not found for Kepler ID: 9838582 (Expected: kplr009838582*_lc.fits in [PosixPath('/Users/emmanuel/proj/exo/kepler_local_data'), PosixPath('/Users/emmanuel/proj/phd/data_files/light_curves')]). Skipping.
2026-02-15 10:00:38,549 - __main__ - WARNING - File not found for Kepler ID: 9845362 (Expected: kplr009845362*_lc.fits in [PosixPath('/Users/emmanuel/proj/exo/kepler_local_data'), PosixPath('/Users/emmanuel/proj/phd/data_files/light_curves')]). Skipping.
2026-02-15 10:00:39,944 - __main__ - WARNING - File not found for Kepler ID: 9848760 (Expected: kplr009848760*_lc.fits in [PosixPath('/Users/emmanuel/proj/exo/kepler_local_data'), PosixPath('/Users/emmanuel/proj/phd/data_files/light_curves')]). Skipping.
2026-02-15 10:00:41,423 - __main__ - WARNING - File not found for Kepler ID: 7018210 (Expected: kplr007018210*_lc.fits in [PosixPath('/Users/emmanuel/proj/exo/kepler_local_data'), PosixPath('/Users/emmanuel/proj/phd/data_files/light_curves')]). Skipping.
2026-02-15 10:00:42,844 - __main__ - WARNING - File not found for Kepler ID: 7041972 (Expected: kplr007041972*_lc.fits in [PosixPath('/Users/emmanuel/proj/exo/kepler_local_data'), PosixPath('/Users/emmanuel/proj/phd/data_files/light_curves')]). Skipping.
2026-02-15 10:00:44,248 - __main__ - WARNING - File not found for Kepler ID: 8094942 (Expected: kplr008094942*_lc.fits in [PosixPath('/Users/emmanuel/proj/exo/kepler_local_data'), PosixPath('/Users/emmanuel/proj/phd/data_files/light_curves')]). Skipping.
2026-02-15 10:00:45,737 - __main__ - WARNING - File not found for Kepler ID: 8099517 (Expected: kplr008099517*_lc.fits in [PosixPath('/Users/emmanuel/proj/exo/kepler_local_data'), PosixPath('/Users/emmanuel/proj/phd/data_files/light_curves')]). Skipping.
2026-02-15 10:00:47,156 - __main__ - WARNING - File not found for Kepler ID: 8105398 (Expected: kplr008105398*_lc.fits in [PosixPath('/Users/emmanuel/proj/exo/kepler_local_data'), PosixPath('/Users/emmanuel/proj/phd/data_files/light_curves')]). Skipping.
2026-02-15 10:00:48,588 - __main__ - WARNING - File not found for Kepler ID: 8105719 (Expected: kplr008105719*_lc.fits in [PosixPath('/Users/emmanuel/proj/exo/kepler_local_data'), PosixPath('/Users/emmanuel/proj/phd/data_files/light_curves')]). Skipping.
2026-02-15 10:00:49,988 - __main__ - WARNING - File not found for Kepler ID: 8106139 (Expected: kplr008106139*_lc.fits in [PosixPath('/Users/emmanuel/proj/exo/kepler_local_data'), PosixPath('/Users/emmanuel/proj/phd/data_files/light_curves')]). Skipping.
2026-02-15 10:00:51,392 - __main__ - WARNING - File not found for Kepler ID: 8108437 (Expected: kplr008108437*_lc.fits in [PosixPath('/Users/emmanuel/proj/exo/kepler_local_data'), PosixPath('/Users/emmanuel/proj/phd/data_files/light_curves')]). Skipping.
2026-02-15 10:00:52,892 - __main__ - WARNING - File not found for Kepler ID: 9012244 (Expected: kplr009012244*_lc.fits in [PosixPath('/Users/emmanuel/proj/exo/kepler_local_data'), PosixPath('/Users/emmanuel/proj/phd/data_files/light_curves')]). Skipping.
2026-02-15 10:00:54,336 - __main__ - WARNING - File not found for Kepler ID: 9024568 (Expected: kplr009024568*_lc.fits in [PosixPath('/Users/emmanuel/proj/exo/kepler_local_data'), PosixPath('/Users/emmanuel/proj/phd/data_files/light_curves')]). Skipping.
2026-02-15 10:00:55,749 - __main__ - WARNING - File not found for Kepler ID: 9026007 (Expected: kplr009026007*_lc.fits in [PosixPath('/Users/emmanuel/proj/exo/kepler_local_data'), PosixPath('/Users/emmanuel/proj/phd/data_files/light_curves')]). Skipping.
2026-02-15 10:00:57,150 - __main__ - WARNING - File not found for Kepler ID: 9026248 (Expected: kplr009026248*_lc.fits in [PosixPath('/Users/emmanuel/proj/exo/kepler_local_data'), PosixPath('/Users/emmanuel/proj/phd/data_files/light_curves')]). Skipping.
2026-02-15 10:00:58,560 - __main__ - WARNING - File not found for Kepler ID: 9044060 (Expected: kplr009044060*_lc.fits in [PosixPath('/Users/emmanuel/proj/exo/kepler_local_data'), PosixPath('/Users/emmanuel/proj/phd/data_files/light_curves')]). Skipping.
2026-02-15 10:00:59,991 - __main__ - WARNING - File not found for Kepler ID: 9851638 (Expected: kplr009851638*_lc.fits in [PosixPath('/Users/emmanuel/proj/exo/kepler_local_data'), PosixPath('/Users/emmanuel/proj/phd/data_files/light_curves')]). Skipping.
2026-02-15 10:01:01,494 - __main__ - WARNING - File not found for Kepler ID: 9875101 (Expected: kplr009875101*_lc.fits in [PosixPath('/Users/emmanuel/proj/exo/kepler_local_data'), PosixPath('/Users/emmanuel/proj/phd/data_files/light_curves')]). Skipping.
2026-02-15 10:01:02,895 - __main__ - WARNING - File not found for Kepler ID: 7101726 (Expected: kplr007101726*_lc.fits in [PosixPath('/Users/emmanuel/proj/exo/kepler_local_data'), PosixPath('/Users/emmanuel/proj/phd/data_files/light_curves')]). Skipping.
2026-02-15 10:01:04,314 - __main__ - WARNING - File not found for Kepler ID: 7123580 (Expected: kplr007123580*_lc.fits in [PosixPath('/Users/emmanuel/proj/exo/kepler_local_data'), PosixPath('/Users/emmanuel/proj/phd/data_files/light_curves')]). Skipping.
2026-02-15 10:01:05,747 - __main__ - WARNING - File not found for Kepler ID: 7123614 (Expected: kplr007123614*_lc.fits in [PosixPath('/Users/emmanuel/proj/exo/kepler_local_data'), PosixPath('/Users/emmanuel/proj/phd/data_files/light_curves')]). Skipping.
2026-02-15 10:01:07,147 - __main__ - WARNING - File not found for Kepler ID: 7125794 (Expected: kplr007125794*_lc.fits in [PosixPath('/Users/emmanuel/proj/exo/kepler_local_data'), PosixPath('/Users/emmanuel/proj/phd/data_files/light_curves')]). Skipping.
2026-02-15 10:01:08,676 - __main__ - WARNING - File not found for Kepler ID: 8192427 (Expected: kplr008192427*_lc.fits in [PosixPath('/Users/emmanuel/proj/exo/kepler_local_data'), PosixPath('/Users/emmanuel/proj/phd/data_files/light_curves')]). Skipping.
2026-02-15 10:01:10,078 - __main__ - WARNING - File not found for Kepler ID: 9079671 (Expected: kplr009079671*_lc.fits in [PosixPath('/Users/emmanuel/proj/exo/kepler_local_data'), PosixPath('/Users/emmanuel/proj/phd/data_files/light_curves')]). Skipping.
2026-02-15 10:01:11,497 - __main__ - WARNING - File not found for Kepler ID: 9079767 (Expected: kplr009079767*_lc.fits in [PosixPath('/Users/emmanuel/proj/exo/kepler_local_data'), PosixPath('/Users/emmanuel/proj/phd/data_files/light_curves')]). Skipping.
2026-02-15 10:01:12,931 - __main__ - WARNING - File not found for Kepler ID: 9087071 (Expected: kplr009087071*_lc.fits in [PosixPath('/Users/emmanuel/proj/exo/kepler_local_data'), PosixPath('/Users/emmanuel/proj/phd/data_files/light_curves')]). Skipping.
2026-02-15 10:01:14,339 - __main__ - WARNING - File not found for Kepler ID: 9087853 (Expected: kplr009087853*_lc.fits in [PosixPath('/Users/emmanuel/proj/exo/kepler_local_data'), PosixPath('/Users/emmanuel/proj/phd/data_files/light_curves')]). Skipping.
2026-02-15 10:01:15,741 - __main__ - WARNING - File not found for Kepler ID: 9097470 (Expected: kplr009097470*_lc.fits in [PosixPath('/Users/emmanuel/proj/exo/kepler_local_data'), PosixPath('/Users/emmanuel/proj/phd/data_files/light_curves')]). Skipping.
2026-02-15 10:01:17,258 - __main__ - WARNING - File not found for Kepler ID: 9933600 (Expected: kplr009933600*_lc.fits in [PosixPath('/Users/emmanuel/proj/exo/kepler_local_data'), PosixPath('/Users/emmanuel/proj/phd/data_files/light_curves')]). Skipping.
2026-02-15 10:01:18,693 - __main__ - WARNING - File not found for Kepler ID: 9935983 (Expected: kplr009935983*_lc.fits in [PosixPath('/Users/emmanuel/proj/exo/kepler_local_data'), PosixPath('/Users/emmanuel/proj/phd/data_files/light_curves')]). Skipping.
2026-02-15 10:01:20,092 - __main__ - WARNING - File not found for Kepler ID: 9941136 (Expected: kplr009941136*_lc.fits in [PosixPath('/Users/emmanuel/proj/exo/kepler_local_data'), PosixPath('/Users/emmanuel/proj/phd/data_files/light_curves')]). Skipping.
2026-02-15 10:01:21,498 - __main__ - WARNING - File not found for Kepler ID: 9941550 (Expected: kplr009941550*_lc.fits in [PosixPath('/Users/emmanuel/proj/exo/kepler_local_data'), PosixPath('/Users/emmanuel/proj/phd/data_files/light_curves')]). Skipping.
2026-02-15 10:01:22,930 - __main__ - WARNING - File not found for Kepler ID: 7174911 (Expected: kplr007174911*_lc.fits in [PosixPath('/Users/emmanuel/proj/exo/kepler_local_data'), PosixPath('/Users/emmanuel/proj/phd/data_files/light_curves')]). Skipping.
2026-02-15 10:01:24,486 - __main__ - WARNING - File not found for Kepler ID: 7186436 (Expected: kplr007186436*_lc.fits in [PosixPath('/Users/emmanuel/proj/exo/kepler_local_data'), PosixPath('/Users/emmanuel/proj/phd/data_files/light_curves')]). Skipping.
2026-02-15 10:01:25,893 - __main__ - WARNING - File not found for Kepler ID: 7189825 (Expected: kplr007189825*_lc.fits in [PosixPath('/Users/emmanuel/proj/exo/kepler_local_data'), PosixPath('/Users/emmanuel/proj/phd/data_files/light_curves')]). Skipping.
2026-02-15 10:01:27,326 - __main__ - WARNING - File not found for Kepler ID: 7191523 (Expected: kplr007191523*_lc.fits in [PosixPath('/Users/emmanuel/proj/exo/kepler_local_data'), PosixPath('/Users/emmanuel/proj/phd/data_files/light_curves')]). Skipping.
2026-02-15 10:01:28,748 - __main__ - WARNING - File not found for Kepler ID: 8223655 (Expected: kplr008223655*_lc.fits in [PosixPath('/Users/emmanuel/proj/exo/kepler_local_data'), PosixPath('/Users/emmanuel/proj/phd/data_files/light_curves')]). Skipping.
2026-02-15 10:01:30,181 - __main__ - WARNING - File not found for Kepler ID: 8229361 (Expected: kplr008229361*_lc.fits in [PosixPath('/Users/emmanuel/proj/exo/kepler_local_data'), PosixPath('/Users/emmanuel/proj/phd/data_files/light_curves')]). Skipping.
2026-02-15 10:01:31,586 - __main__ - WARNING - File not found for Kepler ID: 8234889 (Expected: kplr008234889*_lc.fits in [PosixPath('/Users/emmanuel/proj/exo/kepler_local_data'), PosixPath('/Users/emmanuel/proj/phd/data_files/light_curves')]). Skipping.
2026-02-15 10:01:33,078 - __main__ - WARNING - File not found for Kepler ID: 8241258 (Expected: kplr008241258*_lc.fits in [PosixPath('/Users/emmanuel/proj/exo/kepler_local_data'), PosixPath('/Users/emmanuel/proj/phd/data_files/light_curves')]). Skipping.
2026-02-15 10:01:34,488 - __main__ - WARNING - File not found for Kepler ID: 8241736 (Expected: kplr008241736*_lc.fits in [PosixPath('/Users/emmanuel/proj/exo/kepler_local_data'), PosixPath('/Users/emmanuel/proj/phd/data_files/light_curves')]). Skipping.
2026-02-15 10:01:35,908 - __main__ - WARNING - File not found for Kepler ID: 8244947 (Expected: kplr008244947*_lc.fits in [PosixPath('/Users/emmanuel/proj/exo/kepler_local_data'), PosixPath('/Users/emmanuel/proj/phd/data_files/light_curves')]). Skipping.
2026-02-15 10:01:37,310 - __main__ - WARNING - File not found for Kepler ID: 9114614 (Expected: kplr009114614*_lc.fits in [PosixPath('/Users/emmanuel/proj/exo/kepler_local_data'), PosixPath('/Users/emmanuel/proj/phd/data_files/light_curves')]). Skipping.
2026-02-15 10:01:38,709 - __main__ - WARNING - File not found for Kepler ID: 9116510 (Expected: kplr009116510*_lc.fits in [PosixPath('/Users/emmanuel/proj/exo/kepler_local_data'), PosixPath('/Users/emmanuel/proj/phd/data_files/light_curves')]). Skipping.
2026-02-15 10:01:40,120 - __main__ - WARNING - File not found for Kepler ID: 9118858 (Expected: kplr009118858*_lc.fits in [PosixPath('/Users/emmanuel/proj/exo/kepler_local_data'), PosixPath('/Users/emmanuel/proj/phd/data_files/light_curves')]). Skipping.
2026-02-15 10:01:41,657 - __main__ - WARNING - File not found for Kepler ID: 9137257 (Expected: kplr009137257*_lc.fits in [PosixPath('/Users/emmanuel/proj/exo/kepler_local_data'), PosixPath('/Users/emmanuel/proj/phd/data_files/light_curves')]). Skipping.
2026-02-15 10:01:43,069 - __main__ - WARNING - File not found for Kepler ID: 9953491 (Expected: kplr009953491*_lc.fits in [PosixPath('/Users/emmanuel/proj/exo/kepler_local_data'), PosixPath('/Users/emmanuel/proj/phd/data_files/light_curves')]). Skipping.
2026-02-15 10:01:44,475 - __main__ - WARNING - File not found for Kepler ID: 9968924 (Expected: kplr009968924*_lc.fits in [PosixPath('/Users/emmanuel/proj/exo/kepler_local_data'), PosixPath('/Users/emmanuel/proj/phd/data_files/light_curves')]). Skipping.
2026-02-15 10:01:45,874 - __main__ - WARNING - File not found for Kepler ID: 7192680 (Expected: kplr007192680*_lc.fits in [PosixPath('/Users/emmanuel/proj/exo/kepler_local_data'), PosixPath('/Users/emmanuel/proj/phd/data_files/light_curves')]). Skipping.
2026-02-15 10:01:47,306 - __main__ - WARNING - File not found for Kepler ID: 7198587 (Expected: kplr007198587*_lc.fits in [PosixPath('/Users/emmanuel/proj/exo/kepler_local_data'), PosixPath('/Users/emmanuel/proj/phd/data_files/light_curves')]). Skipping.
2026-02-15 10:01:48,904 - __main__ - WARNING - File not found for Kepler ID: 7203858 (Expected: kplr007203858*_lc.fits in [PosixPath('/Users/emmanuel/proj/exo/kepler_local_data'), PosixPath('/Users/emmanuel/proj/phd/data_files/light_curves')]). Skipping.
2026-02-15 10:01:50,342 - __main__ - WARNING - File not found for Kepler ID: 7205717 (Expected: kplr007205717*_lc.fits in [PosixPath('/Users/emmanuel/proj/exo/kepler_local_data'), PosixPath('/Users/emmanuel/proj/phd/data_files/light_curves')]). Skipping.
2026-02-15 10:01:51,750 - __main__ - WARNING - File not found for Kepler ID: 7207081 (Expected: kplr007207081*_lc.fits in [PosixPath('/Users/emmanuel/proj/exo/kepler_local_data'), PosixPath('/Users/emmanuel/proj/phd/data_files/light_curves')]). Skipping.
2026-02-15 10:01:53,210 - __main__ - WARNING - File not found for Kepler ID: 7213311 (Expected: kplr007213311*_lc.fits in [PosixPath('/Users/emmanuel/proj/exo/kepler_local_data'), PosixPath('/Users/emmanuel/proj/phd/data_files/light_curves')]). Skipping.
2026-02-15 10:01:54,637 - __main__ - WARNING - File not found for Kepler ID: 8288404 (Expected: kplr008288404*_lc.fits in [PosixPath('/Users/emmanuel/proj/exo/kepler_local_data'), PosixPath('/Users/emmanuel/proj/phd/data_files/light_curves')]). Skipping.
2026-02-15 10:01:56,041 - __main__ - WARNING - File not found for Kepler ID: 8294683 (Expected: kplr008294683*_lc.fits in [PosixPath('/Users/emmanuel/proj/exo/kepler_local_data'), PosixPath('/Users/emmanuel/proj/phd/data_files/light_curves')]). Skipping.
2026-02-15 10:01:57,549 - __main__ - WARNING - File not found for Kepler ID: 8307489 (Expected: kplr008307489*_lc.fits in [PosixPath('/Users/emmanuel/proj/exo/kepler_local_data'), PosixPath('/Users/emmanuel/proj/phd/data_files/light_curves')]). Skipping.
2026-02-15 10:01:58,962 - __main__ - WARNING - File not found for Kepler ID: 9141355 (Expected: kplr009141355*_lc.fits in [PosixPath('/Users/emmanuel/proj/exo/kepler_local_data'), PosixPath('/Users/emmanuel/proj/phd/data_files/light_curves')]). Skipping.
2026-02-15 10:02:00,402 - __main__ - WARNING - File not found for Kepler ID: 9142225 (Expected: kplr009142225*_lc.fits in [PosixPath('/Users/emmanuel/proj/exo/kepler_local_data'), PosixPath('/Users/emmanuel/proj/phd/data_files/light_curves')]). Skipping.
2026-02-15 10:02:01,801 - __main__ - WARNING - File not found for Kepler ID: 9142334 (Expected: kplr009142334*_lc.fits in [PosixPath('/Users/emmanuel/proj/exo/kepler_local_data'), PosixPath('/Users/emmanuel/proj/phd/data_files/light_curves')]). Skipping.
2026-02-15 10:02:03,211 - __main__ - WARNING - File not found for Kepler ID: 9147012 (Expected: kplr009147012*_lc.fits in [PosixPath('/Users/emmanuel/proj/exo/kepler_local_data'), PosixPath('/Users/emmanuel/proj/phd/data_files/light_curves')]). Skipping.
2026-02-15 10:02:04,721 - __main__ - WARNING - File not found for Kepler ID: 9147029 (Expected: kplr009147029*_lc.fits in [PosixPath('/Users/emmanuel/proj/exo/kepler_local_data'), PosixPath('/Users/emmanuel/proj/phd/data_files/light_curves')]). Skipping.
2026-02-15 10:02:06,162 - __main__ - WARNING - File not found for Kepler ID: 9153246 (Expected: kplr009153246*_lc.fits in [PosixPath('/Users/emmanuel/proj/exo/kepler_local_data'), PosixPath('/Users/emmanuel/proj/phd/data_files/light_curves')]). Skipping.
2026-02-15 10:02:07,579 - __main__ - WARNING - File not found for Kepler ID: 9157523 (Expected: kplr009157523*_lc.fits in [PosixPath('/Users/emmanuel/proj/exo/kepler_local_data'), PosixPath('/Users/emmanuel/proj/phd/data_files/light_curves')]). Skipping.
2026-02-15 10:02:08,980 - __main__ - WARNING - File not found for Kepler ID: 9994381 (Expected: kplr009994381*_lc.fits in [PosixPath('/Users/emmanuel/proj/exo/kepler_local_data'), PosixPath('/Users/emmanuel/proj/phd/data_files/light_curves')]). Skipping.
2026-02-15 10:02:10,390 - __main__ - WARNING - File not found for Kepler ID: 10007916 (Expected: kplr010007916*_lc.fits in [PosixPath('/Users/emmanuel/proj/exo/kepler_local_data'), PosixPath('/Users/emmanuel/proj/phd/data_files/light_curves')]). Skipping.
2026-02-15 10:02:11,819 - __main__ - WARNING - File not found for Kepler ID: 10018364 (Expected: kplr010018364*_lc.fits in [PosixPath('/Users/emmanuel/proj/exo/kepler_local_data'), PosixPath('/Users/emmanuel/proj/phd/data_files/light_curves')]). Skipping.
2026-02-15 10:02:13,310 - __main__ - WARNING - File not found for Kepler ID: 7255910 (Expected: kplr007255910*_lc.fits in [PosixPath('/Users/emmanuel/proj/exo/kepler_local_data'), PosixPath('/Users/emmanuel/proj/phd/data_files/light_curves')]). Skipping.
2026-02-15 10:02:14,715 - __main__ - WARNING - File not found for Kepler ID: 7256460 (Expected: kplr007256460*_lc.fits in [PosixPath('/Users/emmanuel/proj/exo/kepler_local_data'), PosixPath('/Users/emmanuel/proj/phd/data_files/light_curves')]). Skipping.
2026-02-15 10:02:16,139 - __main__ - WARNING - File not found for Kepler ID: 7282470 (Expected: kplr007282470*_lc.fits in [PosixPath('/Users/emmanuel/proj/exo/kepler_local_data'), PosixPath('/Users/emmanuel/proj/phd/data_files/light_curves')]). Skipping.
2026-02-15 10:02:17,608 - __main__ - WARNING - File not found for Kepler ID: 7289139 (Expected: kplr007289139*_lc.fits in [PosixPath('/Users/emmanuel/proj/exo/kepler_local_data'), PosixPath('/Users/emmanuel/proj/phd/data_files/light_curves')]). Skipping.
2026-02-15 10:02:19,027 - __main__ - WARNING - File not found for Kepler ID: 8308639 (Expected: kplr008308639*_lc.fits in [PosixPath('/Users/emmanuel/proj/exo/kepler_local_data'), PosixPath('/Users/emmanuel/proj/phd/data_files/light_curves')]). Skipping.
2026-02-15 10:02:20,513 - __main__ - WARNING - File not found for Kepler ID: 8313697 (Expected: kplr008313697*_lc.fits in [PosixPath('/Users/emmanuel/proj/exo/kepler_local_data'), PosixPath('/Users/emmanuel/proj/phd/data_files/light_curves')]). Skipping.
2026-02-15 10:02:21,919 - __main__ - WARNING - File not found for Kepler ID: 8351919 (Expected: kplr008351919*_lc.fits in [PosixPath('/Users/emmanuel/proj/exo/kepler_local_data'), PosixPath('/Users/emmanuel/proj/phd/data_files/light_curves')]). Skipping.
2026-02-15 10:02:23,327 - __main__ - WARNING - File not found for Kepler ID: 8352009 (Expected: kplr008352009*_lc.fits in [PosixPath('/Users/emmanuel/proj/exo/kepler_local_data'), PosixPath('/Users/emmanuel/proj/phd/data_files/light_curves')]). Skipping.
2026-02-15 10:02:24,753 - __main__ - WARNING - File not found for Kepler ID: 9164003 (Expected: kplr009164003*_lc.fits in [PosixPath('/Users/emmanuel/proj/exo/kepler_local_data'), PosixPath('/Users/emmanuel/proj/phd/data_files/light_curves')]). Skipping.
2026-02-15 10:02:26,155 - __main__ - WARNING - File not found for Kepler ID: 9166700 (Expected: kplr009166700*_lc.fits in [PosixPath('/Users/emmanuel/proj/exo/kepler_local_data'), PosixPath('/Users/emmanuel/proj/phd/data_files/light_curves')]). Skipping.
2026-02-15 10:02:27,562 - __main__ - WARNING - File not found for Kepler ID: 9173014 (Expected: kplr009173014*_lc.fits in [PosixPath('/Users/emmanuel/proj/exo/kepler_local_data'), PosixPath('/Users/emmanuel/proj/phd/data_files/light_curves')]). Skipping.
2026-02-15 10:02:29,071 - __main__ - WARNING - File not found for Kepler ID: 9178894 (Expected: kplr009178894*_lc.fits in [PosixPath('/Users/emmanuel/proj/exo/kepler_local_data'), PosixPath('/Users/emmanuel/proj/phd/data_files/light_curves')]). Skipping.
2026-02-15 10:02:30,507 - __main__ - WARNING - File not found for Kepler ID: 9181402 (Expected: kplr009181402*_lc.fits in [PosixPath('/Users/emmanuel/proj/exo/kepler_local_data'), PosixPath('/Users/emmanuel/proj/phd/data_files/light_curves')]). Skipping.
2026-02-15 10:02:31,902 - __main__ - WARNING - File not found for Kepler ID: 10027861 (Expected: kplr010027861*_lc.fits in [PosixPath('/Users/emmanuel/proj/exo/kepler_local_data'), PosixPath('/Users/emmanuel/proj/phd/data_files/light_curves')]). Skipping.
2026-02-15 10:02:33,305 - __main__ - WARNING - File not found for Kepler ID: 10064591 (Expected: kplr010064591*_lc.fits in [PosixPath('/Users/emmanuel/proj/exo/kepler_local_data'), PosixPath('/Users/emmanuel/proj/phd/data_files/light_curves')]). Skipping.
2026-02-15 10:02:34,714 - __main__ - WARNING - File not found for Kepler ID: 10074700 (Expected: kplr010074700*_lc.fits in [PosixPath('/Users/emmanuel/proj/exo/kepler_local_data'), PosixPath('/Users/emmanuel/proj/phd/data_files/light_curves')]). Skipping.
2026-02-15 10:02:36,251 - __main__ - WARNING - File not found for Kepler ID: 10096697 (Expected: kplr010096697*_lc.fits in [PosixPath('/Users/emmanuel/proj/exo/kepler_local_data'), PosixPath('/Users/emmanuel/proj/phd/data_files/light_curves')]). Skipping.
2026-02-15 10:02:37,731 - __main__ - WARNING - File not found for Kepler ID: 10098540 (Expected: kplr010098540*_lc.fits in [PosixPath('/Users/emmanuel/proj/exo/kepler_local_data'), PosixPath('/Users/emmanuel/proj/phd/data_files/light_curves')]). Skipping.
2026-02-15 10:02:39,132 - __main__ - WARNING - File not found for Kepler ID: 7383840 (Expected: kplr007383840*_lc.fits in [PosixPath('/Users/emmanuel/proj/exo/kepler_local_data'), PosixPath('/Users/emmanuel/proj/phd/data_files/light_curves')]). Skipping.
2026-02-15 10:02:40,563 - __main__ - WARNING - File not found for Kepler ID: 7386200 (Expected: kplr007386200*_lc.fits in [PosixPath('/Users/emmanuel/proj/exo/kepler_local_data'), PosixPath('/Users/emmanuel/proj/phd/data_files/light_curves')]). Skipping.
2026-02-15 10:02:41,998 - __main__ - WARNING - File not found for Kepler ID: 7416016 (Expected: kplr007416016*_lc.fits in [PosixPath('/Users/emmanuel/proj/exo/kepler_local_data'), PosixPath('/Users/emmanuel/proj/phd/data_files/light_curves')]). Skipping.
2026-02-15 10:02:43,405 - __main__ - WARNING - File not found for Kepler ID: 7416306 (Expected: kplr007416306*_lc.fits in [PosixPath('/Users/emmanuel/proj/exo/kepler_local_data'), PosixPath('/Users/emmanuel/proj/phd/data_files/light_curves')]). Skipping.
2026-02-15 10:02:44,889 - __main__ - WARNING - File not found for Kepler ID: 7416646 (Expected: kplr007416646*_lc.fits in [PosixPath('/Users/emmanuel/proj/exo/kepler_local_data'), PosixPath('/Users/emmanuel/proj/phd/data_files/light_curves')]). Skipping.
2026-02-15 10:02:46,313 - __main__ - WARNING - File not found for Kepler ID: 7440715 (Expected: kplr007440715*_lc.fits in [PosixPath('/Users/emmanuel/proj/exo/kepler_local_data'), PosixPath('/Users/emmanuel/proj/phd/data_files/light_curves')]). Skipping.
2026-02-15 10:02:47,758 - __main__ - WARNING - File not found for Kepler ID: 7456380 (Expected: kplr007456380*_lc.fits in [PosixPath('/Users/emmanuel/proj/exo/kepler_local_data'), PosixPath('/Users/emmanuel/proj/phd/data_files/light_curves')]). Skipping.
2026-02-15 10:02:49,168 - __main__ - WARNING - File not found for Kepler ID: 8414914 (Expected: kplr008414914*_lc.fits in [PosixPath('/Users/emmanuel/proj/exo/kepler_local_data'), PosixPath('/Users/emmanuel/proj/phd/data_files/light_curves')]). Skipping.
2026-02-15 10:02:50,569 - __main__ - WARNING - File not found for Kepler ID: 8415353 (Expected: kplr008415353*_lc.fits in [PosixPath('/Users/emmanuel/proj/exo/kepler_local_data'), PosixPath('/Users/emmanuel/proj/phd/data_files/light_curves')]). Skipping.
2026-02-15 10:02:52,059 - __main__ - WARNING - File not found for Kepler ID: 8432249 (Expected: kplr008432249*_lc.fits in [PosixPath('/Users/emmanuel/proj/exo/kepler_local_data'), PosixPath('/Users/emmanuel/proj/phd/data_files/light_curves')]). Skipping.
2026-02-15 10:02:53,475 - __main__ - WARNING - File not found for Kepler ID: 8439618 (Expected: kplr008439618*_lc.fits in [PosixPath('/Users/emmanuel/proj/exo/kepler_local_data'), PosixPath('/Users/emmanuel/proj/phd/data_files/light_curves')]). Skipping.
2026-02-15 10:02:54,904 - __main__ - WARNING - File not found for Kepler ID: 9209981 (Expected: kplr009209981*_lc.fits in [PosixPath('/Users/emmanuel/proj/exo/kepler_local_data'), PosixPath('/Users/emmanuel/proj/phd/data_files/light_curves')]). Skipping.
2026-02-15 10:02:56,315 - __main__ - WARNING - File not found for Kepler ID: 9210738 (Expected: kplr009210738*_lc.fits in [PosixPath('/Users/emmanuel/proj/exo/kepler_local_data'), PosixPath('/Users/emmanuel/proj/phd/data_files/light_curves')]). Skipping.
2026-02-15 10:02:57,735 - __main__ - WARNING - File not found for Kepler ID: 9214176 (Expected: kplr009214176*_lc.fits in [PosixPath('/Users/emmanuel/proj/exo/kepler_local_data'), PosixPath('/Users/emmanuel/proj/phd/data_files/light_curves')]). Skipping.
2026-02-15 10:02:59,165 - __main__ - WARNING - File not found for Kepler ID: 9216231 (Expected: kplr009216231*_lc.fits in [PosixPath('/Users/emmanuel/proj/exo/kepler_local_data'), PosixPath('/Users/emmanuel/proj/phd/data_files/light_curves')]). Skipping.
2026-02-15 10:03:00,683 - __main__ - WARNING - File not found for Kepler ID: 9217583 (Expected: kplr009217583*_lc.fits in [PosixPath('/Users/emmanuel/proj/exo/kepler_local_data'), PosixPath('/Users/emmanuel/proj/phd/data_files/light_curves')]). Skipping.
2026-02-15 10:03:02,092 - __main__ - WARNING - File not found for Kepler ID: 9220614 (Expected: kplr009220614*_lc.fits in [PosixPath('/Users/emmanuel/proj/exo/kepler_local_data'), PosixPath('/Users/emmanuel/proj/phd/data_files/light_curves')]). Skipping.
2026-02-15 10:03:03,497 - __main__ - WARNING - File not found for Kepler ID: 9224514 (Expected: kplr009224514*_lc.fits in [PosixPath('/Users/emmanuel/proj/exo/kepler_local_data'), PosixPath('/Users/emmanuel/proj/phd/data_files/light_curves')]). Skipping.
2026-02-15 10:03:04,902 - __main__ - WARNING - File not found for Kepler ID: 9229807 (Expected: kplr009229807*_lc.fits in [PosixPath('/Users/emmanuel/proj/exo/kepler_local_data'), PosixPath('/Users/emmanuel/proj/phd/data_files/light_curves')]). Skipping.
2026-02-15 10:03:06,445 - __main__ - WARNING - File not found for Kepler ID: 10130646 (Expected: kplr010130646*_lc.fits in [PosixPath('/Users/emmanuel/proj/exo/kepler_local_data'), PosixPath('/Users/emmanuel/proj/phd/data_files/light_curves')]). Skipping.
2026-02-15 10:03:07,856 - __main__ - WARNING - File not found for Kepler ID: 10132552 (Expected: kplr010132552*_lc.fits in [PosixPath('/Users/emmanuel/proj/exo/kepler_local_data'), PosixPath('/Users/emmanuel/proj/phd/data_files/light_curves')]). Skipping.
2026-02-15 10:03:09,340 - __main__ - WARNING - File not found for Kepler ID: 10132908 (Expected: kplr010132908*_lc.fits in [PosixPath('/Users/emmanuel/proj/exo/kepler_local_data'), PosixPath('/Users/emmanuel/proj/phd/data_files/light_curves')]). Skipping.
2026-02-15 10:03:10,768 - __main__ - WARNING - File not found for Kepler ID: 10161534 (Expected: kplr010161534*_lc.fits in [PosixPath('/Users/emmanuel/proj/exo/kepler_local_data'), PosixPath('/Users/emmanuel/proj/phd/data_files/light_curves')]). Skipping.
2026-02-15 10:03:12,202 - __main__ - WARNING - File not found for Kepler ID: 7458743 (Expected: kplr007458743*_lc.fits in [PosixPath('/Users/emmanuel/proj/exo/kepler_local_data'), PosixPath('/Users/emmanuel/proj/phd/data_files/light_curves')]). Skipping.
2026-02-15 10:03:13,613 - __main__ - WARNING - File not found for Kepler ID: 7468295 (Expected: kplr007468295*_lc.fits in [PosixPath('/Users/emmanuel/proj/exo/kepler_local_data'), PosixPath('/Users/emmanuel/proj/phd/data_files/light_curves')]). Skipping.
2026-02-15 10:03:15,025 - __main__ - WARNING - File not found for Kepler ID: 7516073 (Expected: kplr007516073*_lc.fits in [PosixPath('/Users/emmanuel/proj/exo/kepler_local_data'), PosixPath('/Users/emmanuel/proj/phd/data_files/light_curves')]). Skipping.
2026-02-15 10:03:16,522 - __main__ - WARNING - File not found for Kepler ID: 7538450 (Expected: kplr007538450*_lc.fits in [PosixPath('/Users/emmanuel/proj/exo/kepler_local_data'), PosixPath('/Users/emmanuel/proj/phd/data_files/light_curves')]). Skipping.
2026-02-15 10:03:17,952 - __main__ - WARNING - File not found for Kepler ID: 7539277 (Expected: kplr007539277*_lc.fits in [PosixPath('/Users/emmanuel/proj/exo/kepler_local_data'), PosixPath('/Users/emmanuel/proj/phd/data_files/light_curves')]). Skipping.
2026-02-15 10:03:19,362 - __main__ - WARNING - File not found for Kepler ID: 7550875 (Expected: kplr007550875*_lc.fits in [PosixPath('/Users/emmanuel/proj/exo/kepler_local_data'), PosixPath('/Users/emmanuel/proj/phd/data_files/light_curves')]). Skipping.
2026-02-15 10:03:20,761 - __main__ - WARNING - File not found for Kepler ID: 8442463 (Expected: kplr008442463*_lc.fits in [PosixPath('/Users/emmanuel/proj/exo/kepler_local_data'), PosixPath('/Users/emmanuel/proj/phd/data_files/light_curves')]). Skipping.
2026-02-15 10:03:22,168 - __main__ - WARNING - File not found for Kepler ID: 8474892 (Expected: kplr008474892*_lc.fits in [PosixPath('/Users/emmanuel/proj/exo/kepler_local_data'), PosixPath('/Users/emmanuel/proj/phd/data_files/light_curves')]). Skipping.
2026-02-15 10:03:23,625 - __main__ - WARNING - File not found for Kepler ID: 8482513 (Expected: kplr008482513*_lc.fits in [PosixPath('/Users/emmanuel/proj/exo/kepler_local_data'), PosixPath('/Users/emmanuel/proj/phd/data_files/light_curves')]). Skipping.
2026-02-15 10:03:25,125 - __main__ - WARNING - File not found for Kepler ID: 11444772 (Expected: kplr011444772*_lc.fits in [PosixPath('/Users/emmanuel/proj/exo/kepler_local_data'), PosixPath('/Users/emmanuel/proj/phd/data_files/light_curves')]). Skipping.
2026-02-15 10:03:26,528 - __main__ - WARNING - File not found for Kepler ID: 11453930 (Expected: kplr011453930*_lc.fits in [PosixPath('/Users/emmanuel/proj/exo/kepler_local_data'), PosixPath('/Users/emmanuel/proj/phd/data_files/light_curves')]). Skipping.
2026-02-15 10:03:27,919 - __main__ - WARNING - File not found for Kepler ID: 11457664 (Expected: kplr011457664*_lc.fits in [PosixPath('/Users/emmanuel/proj/exo/kepler_local_data'), PosixPath('/Users/emmanuel/proj/phd/data_files/light_curves')]). Skipping.
2026-02-15 10:03:29,352 - __main__ - WARNING - File not found for Kepler ID: 11465658 (Expected: kplr011465658*_lc.fits in [PosixPath('/Users/emmanuel/proj/exo/kepler_local_data'), PosixPath('/Users/emmanuel/proj/phd/data_files/light_curves')]). Skipping.
2026-02-15 10:03:30,776 - __main__ - WARNING - File not found for Kepler ID: 11465869 (Expected: kplr011465869*_lc.fits in [PosixPath('/Users/emmanuel/proj/exo/kepler_local_data'), PosixPath('/Users/emmanuel/proj/phd/data_files/light_curves')]). Skipping.
2026-02-15 10:03:32,267 - __main__ - WARNING - File not found for Kepler ID: 11513366 (Expected: kplr011513366*_lc.fits in [PosixPath('/Users/emmanuel/proj/exo/kepler_local_data'), PosixPath('/Users/emmanuel/proj/phd/data_files/light_curves')]). Skipping.
2026-02-15 10:03:33,663 - __main__ - WARNING - File not found for Kepler ID: 11559493 (Expected: kplr011559493*_lc.fits in [PosixPath('/Users/emmanuel/proj/exo/kepler_local_data'), PosixPath('/Users/emmanuel/proj/phd/data_files/light_curves')]). Skipping.
2026-02-15 10:03:35,069 - __main__ - WARNING - File not found for Kepler ID: 11598638 (Expected: kplr011598638*_lc.fits in [PosixPath('/Users/emmanuel/proj/exo/kepler_local_data'), PosixPath('/Users/emmanuel/proj/phd/data_files/light_curves')]). Skipping.
2026-02-15 10:03:36,513 - __main__ - WARNING - File not found for Kepler ID: 11599800 (Expected: kplr011599800*_lc.fits in [PosixPath('/Users/emmanuel/proj/exo/kepler_local_data'), PosixPath('/Users/emmanuel/proj/phd/data_files/light_curves')]). Skipping.
2026-02-15 10:03:37,928 - __main__ - WARNING - File not found for Kepler ID: 11600299 (Expected: kplr011600299*_lc.fits in [PosixPath('/Users/emmanuel/proj/exo/kepler_local_data'), PosixPath('/Users/emmanuel/proj/phd/data_files/light_curves')]). Skipping.
2026-02-15 10:03:39,333 - __main__ - WARNING - File not found for Kepler ID: 11601972 (Expected: kplr011601972*_lc.fits in [PosixPath('/Users/emmanuel/proj/exo/kepler_local_data'), PosixPath('/Users/emmanuel/proj/phd/data_files/light_curves')]). Skipping.
2026-02-15 10:03:40,815 - __main__ - WARNING - File not found for Kepler ID: 11603298 (Expected: kplr011603298*_lc.fits in [PosixPath('/Users/emmanuel/proj/exo/kepler_local_data'), PosixPath('/Users/emmanuel/proj/phd/data_files/light_curves')]). Skipping.
2026-02-15 10:03:42,240 - __main__ - WARNING - File not found for Kepler ID: 11614808 (Expected: kplr011614808*_lc.fits in [PosixPath('/Users/emmanuel/proj/exo/kepler_local_data'), PosixPath('/Users/emmanuel/proj/phd/data_files/light_curves')]). Skipping.
2026-02-15 10:03:43,655 - __main__ - WARNING - File not found for Kepler ID: 11615258 (Expected: kplr011615258*_lc.fits in [PosixPath('/Users/emmanuel/proj/exo/kepler_local_data'), PosixPath('/Users/emmanuel/proj/phd/data_files/light_curves')]). Skipping.
2026-02-15 10:03:45,045 - __main__ - WARNING - File not found for Kepler ID: 11615521 (Expected: kplr011615521*_lc.fits in [PosixPath('/Users/emmanuel/proj/exo/kepler_local_data'), PosixPath('/Users/emmanuel/proj/phd/data_files/light_curves')]). Skipping.
2026-02-15 10:03:46,470 - __main__ - WARNING - File not found for Kepler ID: 11616434 (Expected: kplr011616434*_lc.fits in [PosixPath('/Users/emmanuel/proj/exo/kepler_local_data'), PosixPath('/Users/emmanuel/proj/phd/data_files/light_curves')]). Skipping.
2026-02-15 10:03:47,978 - __main__ - WARNING - File not found for Kepler ID: 11654039 (Expected: kplr011654039*_lc.fits in [PosixPath('/Users/emmanuel/proj/exo/kepler_local_data'), PosixPath('/Users/emmanuel/proj/phd/data_files/light_curves')]). Skipping.
2026-02-15 10:03:49,419 - __main__ - WARNING - File not found for Kepler ID: 11716643 (Expected: kplr011716643*_lc.fits in [PosixPath('/Users/emmanuel/proj/exo/kepler_local_data'), PosixPath('/Users/emmanuel/proj/phd/data_files/light_curves')]). Skipping.
2026-02-15 10:03:51,108 - __main__ - WARNING - File not found for Kepler ID: 11722217 (Expected: kplr011722217*_lc.fits in [PosixPath('/Users/emmanuel/proj/exo/kepler_local_data'), PosixPath('/Users/emmanuel/proj/phd/data_files/light_curves')]). Skipping.
2026-02-15 10:03:52,792 - __main__ - WARNING - File not found for Kepler ID: 11773174 (Expected: kplr011773174*_lc.fits in [PosixPath('/Users/emmanuel/proj/exo/kepler_local_data'), PosixPath('/Users/emmanuel/proj/phd/data_files/light_curves')]). Skipping.
2026-02-15 10:03:54,519 - __main__ - WARNING - File not found for Kepler ID: 11803074 (Expected: kplr011803074*_lc.fits in [PosixPath('/Users/emmanuel/proj/exo/kepler_local_data'), PosixPath('/Users/emmanuel/proj/phd/data_files/light_curves')]). Skipping.
2026-02-15 10:03:56,201 - __main__ - WARNING - File not found for Kepler ID: 11807906 (Expected: kplr011807906*_lc.fits in [PosixPath('/Users/emmanuel/proj/exo/kepler_local_data'), PosixPath('/Users/emmanuel/proj/phd/data_files/light_curves')]). Skipping.
2026-02-15 10:03:57,990 - __main__ - WARNING - File not found for Kepler ID: 11818566 (Expected: kplr011818566*_lc.fits in [PosixPath('/Users/emmanuel/proj/exo/kepler_local_data'), PosixPath('/Users/emmanuel/proj/phd/data_files/light_curves')]). Skipping.
2026-02-15 10:03:59,707 - __main__ - WARNING - File not found for Kepler ID: 11824578 (Expected: kplr011824578*_lc.fits in [PosixPath('/Users/emmanuel/proj/exo/kepler_local_data'), PosixPath('/Users/emmanuel/proj/phd/data_files/light_curves')]). Skipping.
2026-02-15 10:04:01,442 - __main__ - WARNING - File not found for Kepler ID: 11860294 (Expected: kplr011860294*_lc.fits in [PosixPath('/Users/emmanuel/proj/exo/kepler_local_data'), PosixPath('/Users/emmanuel/proj/phd/data_files/light_curves')]). Skipping.
2026-02-15 10:04:03,125 - __main__ - WARNING - File not found for Kepler ID: 11868941 (Expected: kplr011868941*_lc.fits in [PosixPath('/Users/emmanuel/proj/exo/kepler_local_data'), PosixPath('/Users/emmanuel/proj/phd/data_files/light_curves')]). Skipping.
2026-02-15 10:04:04,816 - __main__ - WARNING - File not found for Kepler ID: 11911929 (Expected: kplr011911929*_lc.fits in [PosixPath('/Users/emmanuel/proj/exo/kepler_local_data'), PosixPath('/Users/emmanuel/proj/phd/data_files/light_curves')]). Skipping.
2026-02-15 10:04:06,612 - __main__ - WARNING - File not found for Kepler ID: 11966643 (Expected: kplr011966643*_lc.fits in [PosixPath('/Users/emmanuel/proj/exo/kepler_local_data'), PosixPath('/Users/emmanuel/proj/phd/data_files/light_curves')]). Skipping.
2026-02-15 10:04:08,291 - __main__ - WARNING - File not found for Kepler ID: 12007270 (Expected: kplr012007270*_lc.fits in [PosixPath('/Users/emmanuel/proj/exo/kepler_local_data'), PosixPath('/Users/emmanuel/proj/phd/data_files/light_curves')]). Skipping.
2026-02-15 10:04:09,995 - __main__ - WARNING - File not found for Kepler ID: 12009917 (Expected: kplr012009917*_lc.fits in [PosixPath('/Users/emmanuel/proj/exo/kepler_local_data'), PosixPath('/Users/emmanuel/proj/phd/data_files/light_curves')]). Skipping.
2026-02-15 10:04:11,736 - __main__ - WARNING - File not found for Kepler ID: 12020376 (Expected: kplr012020376*_lc.fits in [PosixPath('/Users/emmanuel/proj/exo/kepler_local_data'), PosixPath('/Users/emmanuel/proj/phd/data_files/light_curves')]). Skipping.
2026-02-15 10:04:13,400 - __main__ - WARNING - File not found for Kepler ID: 12066767 (Expected: kplr012066767*_lc.fits in [PosixPath('/Users/emmanuel/proj/exo/kepler_local_data'), PosixPath('/Users/emmanuel/proj/phd/data_files/light_curves')]). Skipping.
2026-02-15 10:04:15,022 - __main__ - WARNING - File not found for Kepler ID: 12071775 (Expected: kplr012071775*_lc.fits in [PosixPath('/Users/emmanuel/proj/exo/kepler_local_data'), PosixPath('/Users/emmanuel/proj/phd/data_files/light_curves')]). Skipping.
2026-02-15 10:04:16,691 - __main__ - WARNING - File not found for Kepler ID: 12102775 (Expected: kplr012102775*_lc.fits in [PosixPath('/Users/emmanuel/proj/exo/kepler_local_data'), PosixPath('/Users/emmanuel/proj/phd/data_files/light_curves')]). Skipping.
2026-02-15 10:04:18,311 - __main__ - WARNING - File not found for Kepler ID: 12121701 (Expected: kplr012121701*_lc.fits in [PosixPath('/Users/emmanuel/proj/exo/kepler_local_data'), PosixPath('/Users/emmanuel/proj/phd/data_files/light_curves')]). Skipping.
2026-02-15 10:04:19,894 - __main__ - WARNING - File not found for Kepler ID: 12156805 (Expected: kplr012156805*_lc.fits in [PosixPath('/Users/emmanuel/proj/exo/kepler_local_data'), PosixPath('/Users/emmanuel/proj/phd/data_files/light_curves')]). Skipping.
2026-02-15 10:04:21,393 - __main__ - WARNING - File not found for Kepler ID: 12165063 (Expected: kplr012165063*_lc.fits in [PosixPath('/Users/emmanuel/proj/exo/kepler_local_data'), PosixPath('/Users/emmanuel/proj/phd/data_files/light_curves')]). Skipping.
2026-02-15 10:04:22,813 - __main__ - WARNING - File not found for Kepler ID: 12168895 (Expected: kplr012168895*_lc.fits in [PosixPath('/Users/emmanuel/proj/exo/kepler_local_data'), PosixPath('/Users/emmanuel/proj/phd/data_files/light_curves')]). Skipping.
2026-02-15 10:04:24,346 - __main__ - WARNING - File not found for Kepler ID: 12350136 (Expected: kplr012350136*_lc.fits in [PosixPath('/Users/emmanuel/proj/exo/kepler_local_data'), PosixPath('/Users/emmanuel/proj/phd/data_files/light_curves')]). Skipping.
2026-02-15 10:04:25,955 - __main__ - WARNING - File not found for Kepler ID: 10964747 (Expected: kplr010964747*_lc.fits in [PosixPath('/Users/emmanuel/proj/exo/kepler_local_data'), PosixPath('/Users/emmanuel/proj/phd/data_files/light_curves')]). Skipping.
2026-02-15 10:04:27,667 - __main__ - WARNING - File not found for Kepler ID: 10977671 (Expected: kplr010977671*_lc.fits in [PosixPath('/Users/emmanuel/proj/exo/kepler_local_data'), PosixPath('/Users/emmanuel/proj/phd/data_files/light_curves')]). Skipping.
2026-02-15 10:04:29,430 - __main__ - WARNING - File not found for Kepler ID: 10978581 (Expected: kplr010978581*_lc.fits in [PosixPath('/Users/emmanuel/proj/exo/kepler_local_data'), PosixPath('/Users/emmanuel/proj/phd/data_files/light_curves')]). Skipping.
2026-02-15 10:04:31,131 - __main__ - WARNING - File not found for Kepler ID: 10979952 (Expected: kplr010979952*_lc.fits in [PosixPath('/Users/emmanuel/proj/exo/kepler_local_data'), PosixPath('/Users/emmanuel/proj/phd/data_files/light_curves')]). Skipping.
2026-02-15 10:04:32,716 - __main__ - WARNING - File not found for Kepler ID: 10991389 (Expected: kplr010991389*_lc.fits in [PosixPath('/Users/emmanuel/proj/exo/kepler_local_data'), PosixPath('/Users/emmanuel/proj/phd/data_files/light_curves')]). Skipping.
2026-02-15 10:04:34,536 - __main__ - WARNING - File not found for Kepler ID: 12405436 (Expected: kplr012405436*_lc.fits in [PosixPath('/Users/emmanuel/proj/exo/kepler_local_data'), PosixPath('/Users/emmanuel/proj/phd/data_files/light_curves')]). Skipping.
2026-02-15 10:04:36,199 - __main__ - WARNING - File not found for Kepler ID: 12417572 (Expected: kplr012417572*_lc.fits in [PosixPath('/Users/emmanuel/proj/exo/kepler_local_data'), PosixPath('/Users/emmanuel/proj/phd/data_files/light_curves')]). Skipping.
2026-02-15 10:04:37,819 - __main__ - WARNING - File not found for Kepler ID: 12418418 (Expected: kplr012418418*_lc.fits in [PosixPath('/Users/emmanuel/proj/exo/kepler_local_data'), PosixPath('/Users/emmanuel/proj/phd/data_files/light_curves')]). Skipping.
2026-02-15 10:04:39,464 - __main__ - WARNING - File not found for Kepler ID: 12505590 (Expected: kplr012505590*_lc.fits in [PosixPath('/Users/emmanuel/proj/exo/kepler_local_data'), PosixPath('/Users/emmanuel/proj/phd/data_files/light_curves')]). Skipping.
2026-02-15 10:04:41,253 - __main__ - WARNING - File not found for Kepler ID: 12506986 (Expected: kplr012506986*_lc.fits in [PosixPath('/Users/emmanuel/proj/exo/kepler_local_data'), PosixPath('/Users/emmanuel/proj/phd/data_files/light_curves')]). Skipping.
2026-02-15 10:04:42,837 - __main__ - WARNING - File not found for Kepler ID: 10991431 (Expected: kplr010991431*_lc.fits in [PosixPath('/Users/emmanuel/proj/exo/kepler_local_data'), PosixPath('/Users/emmanuel/proj/phd/data_files/light_curves')]). Skipping.
2026-02-15 10:04:44,473 - __main__ - WARNING - File not found for Kepler ID: 11021266 (Expected: kplr011021266*_lc.fits in [PosixPath('/Users/emmanuel/proj/exo/kepler_local_data'), PosixPath('/Users/emmanuel/proj/phd/data_files/light_curves')]). Skipping.
2026-02-15 10:04:45,967 - __main__ - WARNING - File not found for Kepler ID: 11021676 (Expected: kplr011021676*_lc.fits in [PosixPath('/Users/emmanuel/proj/exo/kepler_local_data'), PosixPath('/Users/emmanuel/proj/phd/data_files/light_curves')]). Skipping.
2026-02-15 10:04:47,394 - __main__ - WARNING - File not found for Kepler ID: 11026582 (Expected: kplr011026582*_lc.fits in [PosixPath('/Users/emmanuel/proj/exo/kepler_local_data'), PosixPath('/Users/emmanuel/proj/phd/data_files/light_curves')]). Skipping.
2026-02-15 10:04:48,821 - __main__ - WARNING - File not found for Kepler ID: 11036168 (Expected: kplr011036168*_lc.fits in [PosixPath('/Users/emmanuel/proj/exo/kepler_local_data'), PosixPath('/Users/emmanuel/proj/phd/data_files/light_curves')]). Skipping.
2026-02-15 10:04:50,349 - __main__ - WARNING - File not found for Kepler ID: 11037818 (Expected: kplr011037818*_lc.fits in [PosixPath('/Users/emmanuel/proj/exo/kepler_local_data'), PosixPath('/Users/emmanuel/proj/phd/data_files/light_curves')]). Skipping.
2026-02-15 10:04:51,991 - __main__ - WARNING - File not found for Kepler ID: 11046723 (Expected: kplr011046723*_lc.fits in [PosixPath('/Users/emmanuel/proj/exo/kepler_local_data'), PosixPath('/Users/emmanuel/proj/phd/data_files/light_curves')]). Skipping.
2026-02-15 10:04:53,460 - __main__ - WARNING - File not found for Kepler ID: 12645262 (Expected: kplr012645262*_lc.fits in [PosixPath('/Users/emmanuel/proj/exo/kepler_local_data'), PosixPath('/Users/emmanuel/proj/phd/data_files/light_curves')]). Skipping.
2026-02-15 10:04:54,915 - __main__ - WARNING - File not found for Kepler ID: 12734110 (Expected: kplr012734110*_lc.fits in [PosixPath('/Users/emmanuel/proj/exo/kepler_local_data'), PosixPath('/Users/emmanuel/proj/phd/data_files/light_curves')]). Skipping.
2026-02-15 10:04:56,325 - __main__ - WARNING - File not found for Kepler ID: 12835139 (Expected: kplr012835139*_lc.fits in [PosixPath('/Users/emmanuel/proj/exo/kepler_local_data'), PosixPath('/Users/emmanuel/proj/phd/data_files/light_curves')]). Skipping.
2026-02-15 10:04:57,734 - __main__ - WARNING - File not found for Kepler ID: 11069681 (Expected: kplr011069681*_lc.fits in [PosixPath('/Users/emmanuel/proj/exo/kepler_local_data'), PosixPath('/Users/emmanuel/proj/phd/data_files/light_curves')]). Skipping.
2026-02-15 10:04:59,336 - __main__ - WARNING - File not found for Kepler ID: 11072982 (Expected: kplr011072982*_lc.fits in [PosixPath('/Users/emmanuel/proj/exo/kepler_local_data'), PosixPath('/Users/emmanuel/proj/phd/data_files/light_curves')]). Skipping.
2026-02-15 10:05:00,939 - __main__ - WARNING - File not found for Kepler ID: 11073238 (Expected: kplr011073238*_lc.fits in [PosixPath('/Users/emmanuel/proj/exo/kepler_local_data'), PosixPath('/Users/emmanuel/proj/phd/data_files/light_curves')]). Skipping.
2026-02-15 10:05:02,359 - __main__ - WARNING - File not found for Kepler ID: 11090926 (Expected: kplr011090926*_lc.fits in [PosixPath('/Users/emmanuel/proj/exo/kepler_local_data'), PosixPath('/Users/emmanuel/proj/phd/data_files/light_curves')]). Skipping.
2026-02-15 10:05:03,757 - __main__ - WARNING - File not found for Kepler ID: 11097752 (Expected: kplr011097752*_lc.fits in [PosixPath('/Users/emmanuel/proj/exo/kepler_local_data'), PosixPath('/Users/emmanuel/proj/phd/data_files/light_curves')]). Skipping.
2026-02-15 10:05:05,166 - __main__ - WARNING - File not found for Kepler ID: 11100170 (Expected: kplr011100170*_lc.fits in [PosixPath('/Users/emmanuel/proj/exo/kepler_local_data'), PosixPath('/Users/emmanuel/proj/phd/data_files/light_curves')]). Skipping.
2026-02-15 10:05:06,620 - __main__ - WARNING - File not found for Kepler ID: 11129145 (Expected: kplr011129145*_lc.fits in [PosixPath('/Users/emmanuel/proj/exo/kepler_local_data'), PosixPath('/Users/emmanuel/proj/phd/data_files/light_curves')]). Skipping.
2026-02-15 10:05:08,114 - __main__ - WARNING - File not found for Kepler ID: 11145391 (Expected: kplr011145391*_lc.fits in [PosixPath('/Users/emmanuel/proj/exo/kepler_local_data'), PosixPath('/Users/emmanuel/proj/phd/data_files/light_curves')]). Skipping.
2026-02-15 10:05:09,520 - __main__ - WARNING - File not found for Kepler ID: 11147785 (Expected: kplr011147785*_lc.fits in [PosixPath('/Users/emmanuel/proj/exo/kepler_local_data'), PosixPath('/Users/emmanuel/proj/phd/data_files/light_curves')]). Skipping.
2026-02-15 10:05:10,917 - __main__ - WARNING - File not found for Kepler ID: 11152511 (Expected: kplr011152511*_lc.fits in [PosixPath('/Users/emmanuel/proj/exo/kepler_local_data'), PosixPath('/Users/emmanuel/proj/phd/data_files/light_curves')]). Skipping.
2026-02-15 10:05:12,345 - __main__ - WARNING - File not found for Kepler ID: 11182213 (Expected: kplr011182213*_lc.fits in [PosixPath('/Users/emmanuel/proj/exo/kepler_local_data'), PosixPath('/Users/emmanuel/proj/phd/data_files/light_curves')]). Skipping.
2026-02-15 10:05:13,769 - __main__ - WARNING - File not found for Kepler ID: 11183752 (Expected: kplr011183752*_lc.fits in [PosixPath('/Users/emmanuel/proj/exo/kepler_local_data'), PosixPath('/Users/emmanuel/proj/phd/data_files/light_curves')]). Skipping.
2026-02-15 10:05:15,176 - __main__ - WARNING - File not found for Kepler ID: 11191364 (Expected: kplr011191364*_lc.fits in [PosixPath('/Users/emmanuel/proj/exo/kepler_local_data'), PosixPath('/Users/emmanuel/proj/phd/data_files/light_curves')]). Skipping.
2026-02-15 10:05:16,656 - __main__ - WARNING - File not found for Kepler ID: 11199233 (Expected: kplr011199233*_lc.fits in [PosixPath('/Users/emmanuel/proj/exo/kepler_local_data'), PosixPath('/Users/emmanuel/proj/phd/data_files/light_curves')]). Skipping.
2026-02-15 10:05:18,082 - __main__ - WARNING - File not found for Kepler ID: 11251991 (Expected: kplr011251991*_lc.fits in [PosixPath('/Users/emmanuel/proj/exo/kepler_local_data'), PosixPath('/Users/emmanuel/proj/phd/data_files/light_curves')]). Skipping.
2026-02-15 10:05:19,527 - __main__ - WARNING - File not found for Kepler ID: 11305417 (Expected: kplr011305417*_lc.fits in [PosixPath('/Users/emmanuel/proj/exo/kepler_local_data'), PosixPath('/Users/emmanuel/proj/phd/data_files/light_curves')]). Skipping.
2026-02-15 10:05:20,942 - __main__ - WARNING - File not found for Kepler ID: 11338918 (Expected: kplr011338918*_lc.fits in [PosixPath('/Users/emmanuel/proj/exo/kepler_local_data'), PosixPath('/Users/emmanuel/proj/phd/data_files/light_curves')]). Skipping.
2026-02-15 10:05:22,356 - __main__ - WARNING - File not found for Kepler ID: 11340218 (Expected: kplr011340218*_lc.fits in [PosixPath('/Users/emmanuel/proj/exo/kepler_local_data'), PosixPath('/Users/emmanuel/proj/phd/data_files/light_curves')]). Skipping.
2026-02-15 10:05:23,862 - __main__ - WARNING - File not found for Kepler ID: 11341266 (Expected: kplr011341266*_lc.fits in [PosixPath('/Users/emmanuel/proj/exo/kepler_local_data'), PosixPath('/Users/emmanuel/proj/phd/data_files/light_curves')]). Skipping.
2026-02-15 10:05:25,287 - __main__ - WARNING - File not found for Kepler ID: 11348610 (Expected: kplr011348610*_lc.fits in [PosixPath('/Users/emmanuel/proj/exo/kepler_local_data'), PosixPath('/Users/emmanuel/proj/phd/data_files/light_curves')]). Skipping.
2026-02-15 10:05:26,717 - __main__ - WARNING - File not found for Kepler ID: 11351454 (Expected: kplr011351454*_lc.fits in [PosixPath('/Users/emmanuel/proj/exo/kepler_local_data'), PosixPath('/Users/emmanuel/proj/phd/data_files/light_curves')]). Skipping.
2026-02-15 10:05:28,128 - __main__ - WARNING - File not found for Kepler ID: 11355925 (Expected: kplr011355925*_lc.fits in [PosixPath('/Users/emmanuel/proj/exo/kepler_local_data'), PosixPath('/Users/emmanuel/proj/phd/data_files/light_curves')]). Skipping.
2026-02-15 10:05:29,551 - __main__ - WARNING - File not found for Kepler ID: 11391512 (Expected: kplr011391512*_lc.fits in [PosixPath('/Users/emmanuel/proj/exo/kepler_local_data'), PosixPath('/Users/emmanuel/proj/phd/data_files/light_curves')]). Skipping.
2026-02-15 10:05:30,981 - __main__ - WARNING - File not found for Kepler ID: 11393633 (Expected: kplr011393633*_lc.fits in [PosixPath('/Users/emmanuel/proj/exo/kepler_local_data'), PosixPath('/Users/emmanuel/proj/phd/data_files/light_curves')]). Skipping.
2026-02-15 10:05:32,506 - __main__ - WARNING - File not found for Kepler ID: 11414368 (Expected: kplr011414368*_lc.fits in [PosixPath('/Users/emmanuel/proj/exo/kepler_local_data'), PosixPath('/Users/emmanuel/proj/phd/data_files/light_curves')]). Skipping.
2026-02-15 10:05:33,915 - __main__ - WARNING - File not found for Kepler ID: 10055126 (Expected: kplr010055126*_lc.fits in [PosixPath('/Users/emmanuel/proj/exo/kepler_local_data'), PosixPath('/Users/emmanuel/proj/phd/data_files/light_curves')]). Skipping.
2026-02-15 10:05:35,332 - __main__ - WARNING - File not found for Kepler ID: 3559935 (Expected: kplr003559935*_lc.fits in [PosixPath('/Users/emmanuel/proj/exo/kepler_local_data'), PosixPath('/Users/emmanuel/proj/phd/data_files/light_curves')]). Skipping.
2026-02-15 10:05:36,753 - __main__ - WARNING - File not found for Kepler ID: 6364582 (Expected: kplr006364582*_lc.fits in [PosixPath('/Users/emmanuel/proj/exo/kepler_local_data'), PosixPath('/Users/emmanuel/proj/phd/data_files/light_curves')]). Skipping.
2026-02-15 10:05:38,182 - __main__ - WARNING - File not found for Kepler ID: 5471158 (Expected: kplr005471158*_lc.fits in [PosixPath('/Users/emmanuel/proj/exo/kepler_local_data'), PosixPath('/Users/emmanuel/proj/phd/data_files/light_curves')]). Skipping.
2026-02-15 10:05:39,676 - __main__ - WARNING - File not found for Kepler ID: 2852810 (Expected: kplr002852810*_lc.fits in [PosixPath('/Users/emmanuel/proj/exo/kepler_local_data'), PosixPath('/Users/emmanuel/proj/phd/data_files/light_curves')]). Skipping.
2026-02-15 10:05:41,085 - __main__ - WARNING - File not found for Kepler ID: 8613338 (Expected: kplr008613338*_lc.fits in [PosixPath('/Users/emmanuel/proj/exo/kepler_local_data'), PosixPath('/Users/emmanuel/proj/phd/data_files/light_curves')]). Skipping.
2026-02-15 10:05:42,520 - __main__ - WARNING - File not found for Kepler ID: 8646141 (Expected: kplr008646141*_lc.fits in [PosixPath('/Users/emmanuel/proj/exo/kepler_local_data'), PosixPath('/Users/emmanuel/proj/phd/data_files/light_curves')]). Skipping.
2026-02-15 10:05:43,958 - __main__ - WARNING - File not found for Kepler ID: 9551430 (Expected: kplr009551430*_lc.fits in [PosixPath('/Users/emmanuel/proj/exo/kepler_local_data'), PosixPath('/Users/emmanuel/proj/phd/data_files/light_curves')]). Skipping.
2026-02-15 10:05:45,375 - __main__ - WARNING - File not found for Kepler ID: 10718726 (Expected: kplr010718726*_lc.fits in [PosixPath('/Users/emmanuel/proj/exo/kepler_local_data'), PosixPath('/Users/emmanuel/proj/phd/data_files/light_curves')]). Skipping.
2026-02-15 10:05:46,786 - __main__ - WARNING - File not found for Kepler ID: 2852810 (Expected: kplr002852810*_lc.fits in [PosixPath('/Users/emmanuel/proj/exo/kepler_local_data'), PosixPath('/Users/emmanuel/proj/phd/data_files/light_curves')]). Skipping.
2026-02-15 10:05:48,386 - __main__ - WARNING - File not found for Kepler ID: 3003991 (Expected: kplr003003991*_lc.fits in [PosixPath('/Users/emmanuel/proj/exo/kepler_local_data'), PosixPath('/Users/emmanuel/proj/phd/data_files/light_curves')]). Skipping.
2026-02-15 10:05:49,842 - __main__ - WARNING - File not found for Kepler ID: 3229028 (Expected: kplr003229028*_lc.fits in [PosixPath('/Users/emmanuel/proj/exo/kepler_local_data'), PosixPath('/Users/emmanuel/proj/phd/data_files/light_curves')]). Skipping.
2026-02-15 10:05:51,261 - __main__ - WARNING - File not found for Kepler ID: 9145861 (Expected: kplr009145861*_lc.fits in [PosixPath('/Users/emmanuel/proj/exo/kepler_local_data'), PosixPath('/Users/emmanuel/proj/phd/data_files/light_curves')]). Skipping.
2026-02-15 10:05:52,667 - __main__ - WARNING - File not found for Kepler ID: 6129694 (Expected: kplr006129694*_lc.fits in [PosixPath('/Users/emmanuel/proj/exo/kepler_local_data'), PosixPath('/Users/emmanuel/proj/phd/data_files/light_curves')]). Skipping.
2026-02-15 10:05:54,077 - __main__ - WARNING - File not found for Kepler ID: 9899315 (Expected: kplr009899315*_lc.fits in [PosixPath('/Users/emmanuel/proj/exo/kepler_local_data'), PosixPath('/Users/emmanuel/proj/phd/data_files/light_curves')]). Skipping.
2026-02-15 10:05:55,615 - __main__ - WARNING - File not found for Kepler ID: 3634051 (Expected: kplr003634051*_lc.fits in [PosixPath('/Users/emmanuel/proj/exo/kepler_local_data'), PosixPath('/Users/emmanuel/proj/phd/data_files/light_curves')]). Skipping.
2026-02-15 10:05:57,024 - __main__ - WARNING - File not found for Kepler ID: 3634051 (Expected: kplr003634051*_lc.fits in [PosixPath('/Users/emmanuel/proj/exo/kepler_local_data'), PosixPath('/Users/emmanuel/proj/phd/data_files/light_curves')]). Skipping.
2026-02-15 10:05:58,437 - __main__ - WARNING - File not found for Kepler ID: 3761319 (Expected: kplr003761319*_lc.fits in [PosixPath('/Users/emmanuel/proj/exo/kepler_local_data'), PosixPath('/Users/emmanuel/proj/phd/data_files/light_curves')]). Skipping.
2026-02-15 10:05:59,904 - __main__ - WARNING - File not found for Kepler ID: 3762553 (Expected: kplr003762553*_lc.fits in [PosixPath('/Users/emmanuel/proj/exo/kepler_local_data'), PosixPath('/Users/emmanuel/proj/phd/data_files/light_curves')]). Skipping.
2026-02-15 10:06:01,443 - __main__ - WARNING - File not found for Kepler ID: 9304842 (Expected: kplr009304842*_lc.fits in [PosixPath('/Users/emmanuel/proj/exo/kepler_local_data'), PosixPath('/Users/emmanuel/proj/phd/data_files/light_curves')]). Skipping.
2026-02-15 10:06:02,860 - __main__ - WARNING - File not found for Kepler ID: 9304923 (Expected: kplr009304923*_lc.fits in [PosixPath('/Users/emmanuel/proj/exo/kepler_local_data'), PosixPath('/Users/emmanuel/proj/phd/data_files/light_curves')]). Skipping.
2026-02-15 10:06:04,365 - __main__ - WARNING - File not found for Kepler ID: 3645438 (Expected: kplr003645438*_lc.fits in [PosixPath('/Users/emmanuel/proj/exo/kepler_local_data'), PosixPath('/Users/emmanuel/proj/phd/data_files/light_curves')]). Skipping.
2026-02-15 10:06:05,784 - __main__ - WARNING - File not found for Kepler ID: 8210370 (Expected: kplr008210370*_lc.fits in [PosixPath('/Users/emmanuel/proj/exo/kepler_local_data'), PosixPath('/Users/emmanuel/proj/phd/data_files/light_curves')]). Skipping.
2026-02-15 10:06:07,240 - __main__ - WARNING - File not found for Kepler ID: 4139254 (Expected: kplr004139254*_lc.fits in [PosixPath('/Users/emmanuel/proj/exo/kepler_local_data'), PosixPath('/Users/emmanuel/proj/phd/data_files/light_curves')]). Skipping.
2026-02-15 10:06:08,670 - __main__ - WARNING - File not found for Kepler ID: 4255944 (Expected: kplr004255944*_lc.fits in [PosixPath('/Users/emmanuel/proj/exo/kepler_local_data'), PosixPath('/Users/emmanuel/proj/phd/data_files/light_curves')]). Skipping.
2026-02-15 10:06:10,080 - __main__ - WARNING - File not found for Kepler ID: 5796186 (Expected: kplr005796186*_lc.fits in [PosixPath('/Users/emmanuel/proj/exo/kepler_local_data'), PosixPath('/Users/emmanuel/proj/phd/data_files/light_curves')]). Skipping.
2026-02-15 10:06:11,489 - __main__ - WARNING - File not found for Kepler ID: 4464394 (Expected: kplr004464394*_lc.fits in [PosixPath('/Users/emmanuel/proj/exo/kepler_local_data'), PosixPath('/Users/emmanuel/proj/phd/data_files/light_curves')]). Skipping.
2026-02-15 10:06:12,989 - __main__ - WARNING - File not found for Kepler ID: 4739229 (Expected: kplr004739229*_lc.fits in [PosixPath('/Users/emmanuel/proj/exo/kepler_local_data'), PosixPath('/Users/emmanuel/proj/phd/data_files/light_curves')]). Skipping.
2026-02-15 10:06:14,422 - __main__ - WARNING - File not found for Kepler ID: 9974142 (Expected: kplr009974142*_lc.fits in [PosixPath('/Users/emmanuel/proj/exo/kepler_local_data'), PosixPath('/Users/emmanuel/proj/phd/data_files/light_curves')]). Skipping.
2026-02-15 10:06:15,832 - __main__ - WARNING - File not found for Kepler ID: 9974142 (Expected: kplr009974142*_lc.fits in [PosixPath('/Users/emmanuel/proj/exo/kepler_local_data'), PosixPath('/Users/emmanuel/proj/phd/data_files/light_curves')]). Skipping.
2026-02-15 10:06:17,251 - __main__ - WARNING - File not found for Kepler ID: 10163066 (Expected: kplr010163066*_lc.fits in [PosixPath('/Users/emmanuel/proj/exo/kepler_local_data'), PosixPath('/Users/emmanuel/proj/phd/data_files/light_curves')]). Skipping.
2026-02-15 10:06:18,684 - __main__ - WARNING - File not found for Kepler ID: 7429287 (Expected: kplr007429287*_lc.fits in [PosixPath('/Users/emmanuel/proj/exo/kepler_local_data'), PosixPath('/Users/emmanuel/proj/phd/data_files/light_curves')]). Skipping.
2026-02-15 10:06:20,280 - __main__ - WARNING - File not found for Kepler ID: 11296045 (Expected: kplr011296045*_lc.fits in [PosixPath('/Users/emmanuel/proj/exo/kepler_local_data'), PosixPath('/Users/emmanuel/proj/phd/data_files/light_curves')]). Skipping.
2026-02-15 10:06:21,739 - __main__ - WARNING - File not found for Kepler ID: 5951416 (Expected: kplr005951416*_lc.fits in [PosixPath('/Users/emmanuel/proj/exo/kepler_local_data'), PosixPath('/Users/emmanuel/proj/phd/data_files/light_curves')]). Skipping.
2026-02-15 10:06:23,146 - __main__ - WARNING - File not found for Kepler ID: 10340423 (Expected: kplr010340423*_lc.fits in [PosixPath('/Users/emmanuel/proj/exo/kepler_local_data'), PosixPath('/Users/emmanuel/proj/phd/data_files/light_curves')]). Skipping.
2026-02-15 10:06:24,610 - __main__ - WARNING - File not found for Kepler ID: 4742420 (Expected: kplr004742420*_lc.fits in [PosixPath('/Users/emmanuel/proj/exo/kepler_local_data'), PosixPath('/Users/emmanuel/proj/phd/data_files/light_curves')]). Skipping.
2026-02-15 10:06:26,125 - __main__ - WARNING - File not found for Kepler ID: 5306984 (Expected: kplr005306984*_lc.fits in [PosixPath('/Users/emmanuel/proj/exo/kepler_local_data'), PosixPath('/Users/emmanuel/proj/phd/data_files/light_curves')]). Skipping.
2026-02-15 10:06:27,598 - __main__ - WARNING - File not found for Kepler ID: 10219361 (Expected: kplr010219361*_lc.fits in [PosixPath('/Users/emmanuel/proj/exo/kepler_local_data'), PosixPath('/Users/emmanuel/proj/phd/data_files/light_curves')]). Skipping.
2026-02-15 10:06:29,124 - __main__ - WARNING - File not found for Kepler ID: 10964440 (Expected: kplr010964440*_lc.fits in [PosixPath('/Users/emmanuel/proj/exo/kepler_local_data'), PosixPath('/Users/emmanuel/proj/phd/data_files/light_curves')]). Skipping.
2026-02-15 10:06:30,563 - __main__ - WARNING - File not found for Kepler ID: 10363233 (Expected: kplr010363233*_lc.fits in [PosixPath('/Users/emmanuel/proj/exo/kepler_local_data'), PosixPath('/Users/emmanuel/proj/phd/data_files/light_curves')]). Skipping.
2026-02-15 10:06:32,014 - __main__ - WARNING - File not found for Kepler ID: 10414727 (Expected: kplr010414727*_lc.fits in [PosixPath('/Users/emmanuel/proj/exo/kepler_local_data'), PosixPath('/Users/emmanuel/proj/phd/data_files/light_curves')]). Skipping.
2026-02-15 10:06:33,430 - __main__ - WARNING - File not found for Kepler ID: 4078157 (Expected: kplr004078157*_lc.fits in [PosixPath('/Users/emmanuel/proj/exo/kepler_local_data'), PosixPath('/Users/emmanuel/proj/phd/data_files/light_curves')]). Skipping.
2026-02-15 10:06:34,934 - __main__ - WARNING - File not found for Kepler ID: 10971944 (Expected: kplr010971944*_lc.fits in [PosixPath('/Users/emmanuel/proj/exo/kepler_local_data'), PosixPath('/Users/emmanuel/proj/phd/data_files/light_curves')]). Skipping.
2026-02-15 10:06:36,431 - __main__ - WARNING - File not found for Kepler ID: 4247991 (Expected: kplr004247991*_lc.fits in [PosixPath('/Users/emmanuel/proj/exo/kepler_local_data'), PosixPath('/Users/emmanuel/proj/phd/data_files/light_curves')]). Skipping.
2026-02-15 10:06:37,873 - __main__ - WARNING - File not found for Kepler ID: 8042747 (Expected: kplr008042747*_lc.fits in [PosixPath('/Users/emmanuel/proj/exo/kepler_local_data'), PosixPath('/Users/emmanuel/proj/phd/data_files/light_curves')]). Skipping.
2026-02-15 10:06:39,302 - __main__ - WARNING - File not found for Kepler ID: 5792202 (Expected: kplr005792202*_lc.fits in [PosixPath('/Users/emmanuel/proj/exo/kepler_local_data'), PosixPath('/Users/emmanuel/proj/phd/data_files/light_curves')]). Skipping.
2026-02-15 10:06:40,716 - __main__ - WARNING - File not found for Kepler ID: 8109692 (Expected: kplr008109692*_lc.fits in [PosixPath('/Users/emmanuel/proj/exo/kepler_local_data'), PosixPath('/Users/emmanuel/proj/phd/data_files/light_curves')]). Skipping.
2026-02-15 10:06:42,134 - __main__ - WARNING - File not found for Kepler ID: 6116172 (Expected: kplr006116172*_lc.fits in [PosixPath('/Users/emmanuel/proj/exo/kepler_local_data'), PosixPath('/Users/emmanuel/proj/phd/data_files/light_curves')]). Skipping.
2026-02-15 10:06:43,562 - __main__ - WARNING - File not found for Kepler ID: 6182093 (Expected: kplr006182093*_lc.fits in [PosixPath('/Users/emmanuel/proj/exo/kepler_local_data'), PosixPath('/Users/emmanuel/proj/phd/data_files/light_curves')]). Skipping.
2026-02-15 10:06:45,087 - __main__ - WARNING - File not found for Kepler ID: 9839821 (Expected: kplr009839821*_lc.fits in [PosixPath('/Users/emmanuel/proj/exo/kepler_local_data'), PosixPath('/Users/emmanuel/proj/phd/data_files/light_curves')]). Skipping.
2026-02-15 10:06:46,499 - __main__ - WARNING - File not found for Kepler ID: 11296437 (Expected: kplr011296437*_lc.fits in [PosixPath('/Users/emmanuel/proj/exo/kepler_local_data'), PosixPath('/Users/emmanuel/proj/phd/data_files/light_curves')]). Skipping.
2026-02-15 10:06:47,908 - __main__ - WARNING - File not found for Kepler ID: 11341164 (Expected: kplr011341164*_lc.fits in [PosixPath('/Users/emmanuel/proj/exo/kepler_local_data'), PosixPath('/Users/emmanuel/proj/phd/data_files/light_curves')]). Skipping.
2026-02-15 10:06:49,336 - __main__ - WARNING - File not found for Kepler ID: 11462969 (Expected: kplr011462969*_lc.fits in [PosixPath('/Users/emmanuel/proj/exo/kepler_local_data'), PosixPath('/Users/emmanuel/proj/phd/data_files/light_curves')]). Skipping.
2026-02-15 10:06:50,768 - __main__ - WARNING - File not found for Kepler ID: 11462969 (Expected: kplr011462969*_lc.fits in [PosixPath('/Users/emmanuel/proj/exo/kepler_local_data'), PosixPath('/Users/emmanuel/proj/phd/data_files/light_curves')]). Skipping.
2026-02-15 10:06:52,261 - __main__ - WARNING - File not found for Kepler ID: 5792202 (Expected: kplr005792202*_lc.fits in [PosixPath('/Users/emmanuel/proj/exo/kepler_local_data'), PosixPath('/Users/emmanuel/proj/phd/data_files/light_curves')]). Skipping.
2026-02-15 10:06:53,677 - __main__ - WARNING - File not found for Kepler ID: 8126531 (Expected: kplr008126531*_lc.fits in [PosixPath('/Users/emmanuel/proj/exo/kepler_local_data'), PosixPath('/Users/emmanuel/proj/phd/data_files/light_curves')]). Skipping.
2026-02-15 10:06:55,119 - __main__ - WARNING - File not found for Kepler ID: 11656928 (Expected: kplr011656928*_lc.fits in [PosixPath('/Users/emmanuel/proj/exo/kepler_local_data'), PosixPath('/Users/emmanuel/proj/phd/data_files/light_curves')]). Skipping.
2026-02-15 10:06:56,564 - __main__ - WARNING - File not found for Kepler ID: 2853780 (Expected: kplr002853780*_lc.fits in [PosixPath('/Users/emmanuel/proj/exo/kepler_local_data'), PosixPath('/Users/emmanuel/proj/phd/data_files/light_curves')]). Skipping.
2026-02-15 10:06:57,974 - __main__ - WARNING - File not found for Kepler ID: 6946708 (Expected: kplr006946708*_lc.fits in [PosixPath('/Users/emmanuel/proj/exo/kepler_local_data'), PosixPath('/Users/emmanuel/proj/phd/data_files/light_curves')]). Skipping.
2026-02-15 10:06:59,375 - __main__ - WARNING - File not found for Kepler ID: 6967278 (Expected: kplr006967278*_lc.fits in [PosixPath('/Users/emmanuel/proj/exo/kepler_local_data'), PosixPath('/Users/emmanuel/proj/phd/data_files/light_curves')]). Skipping.
2026-02-15 10:07:00,884 - __main__ - WARNING - File not found for Kepler ID: 11775507 (Expected: kplr011775507*_lc.fits in [PosixPath('/Users/emmanuel/proj/exo/kepler_local_data'), PosixPath('/Users/emmanuel/proj/phd/data_files/light_curves')]). Skipping.
2026-02-15 10:07:02,340 - __main__ - WARNING - File not found for Kepler ID: 11775507 (Expected: kplr011775507*_lc.fits in [PosixPath('/Users/emmanuel/proj/exo/kepler_local_data'), PosixPath('/Users/emmanuel/proj/phd/data_files/light_curves')]). Skipping.
2026-02-15 10:07:03,759 - __main__ - WARNING - File not found for Kepler ID: 6768394 (Expected: kplr006768394*_lc.fits in [PosixPath('/Users/emmanuel/proj/exo/kepler_local_data'), PosixPath('/Users/emmanuel/proj/phd/data_files/light_curves')]). Skipping.
2026-02-15 10:07:05,167 - __main__ - WARNING - File not found for Kepler ID: 9214712 (Expected: kplr009214712*_lc.fits in [PosixPath('/Users/emmanuel/proj/exo/kepler_local_data'), PosixPath('/Users/emmanuel/proj/phd/data_files/light_curves')]). Skipping.
2026-02-15 10:07:06,599 - __main__ - WARNING - File not found for Kepler ID: 9214715 (Expected: kplr009214715*_lc.fits in [PosixPath('/Users/emmanuel/proj/exo/kepler_local_data'), PosixPath('/Users/emmanuel/proj/phd/data_files/light_curves')]). Skipping.
2026-02-15 10:07:08,119 - __main__ - WARNING - File not found for Kepler ID: 7198881 (Expected: kplr007198881*_lc.fits in [PosixPath('/Users/emmanuel/proj/exo/kepler_local_data'), PosixPath('/Users/emmanuel/proj/phd/data_files/light_curves')]). Skipping.
2026-02-15 10:07:09,530 - __main__ - WARNING - File not found for Kepler ID: 7198881 (Expected: kplr007198881*_lc.fits in [PosixPath('/Users/emmanuel/proj/exo/kepler_local_data'), PosixPath('/Users/emmanuel/proj/phd/data_files/light_curves')]). Skipping.
2026-02-15 10:07:10,937 - __main__ - WARNING - File not found for Kepler ID: 10545066 (Expected: kplr010545066*_lc.fits in [PosixPath('/Users/emmanuel/proj/exo/kepler_local_data'), PosixPath('/Users/emmanuel/proj/phd/data_files/light_curves')]). Skipping.
2026-02-15 10:07:12,356 - __main__ - WARNING - File not found for Kepler ID: 7464205 (Expected: kplr007464205*_lc.fits in [PosixPath('/Users/emmanuel/proj/exo/kepler_local_data'), PosixPath('/Users/emmanuel/proj/phd/data_files/light_curves')]). Skipping.
2026-02-15 10:07:13,806 - __main__ - WARNING - File not found for Kepler ID: 5706595 (Expected: kplr005706595*_lc.fits in [PosixPath('/Users/emmanuel/proj/exo/kepler_local_data'), PosixPath('/Users/emmanuel/proj/phd/data_files/light_curves')]). Skipping.
2026-02-15 10:07:15,215 - __main__ - WARNING - File not found for Kepler ID: 3548044 (Expected: kplr003548044*_lc.fits in [PosixPath('/Users/emmanuel/proj/exo/kepler_local_data'), PosixPath('/Users/emmanuel/proj/phd/data_files/light_curves')]). Skipping.
2026-02-15 10:07:16,706 - __main__ - WARNING - File not found for Kepler ID: 2581191 (Expected: kplr002581191*_lc.fits in [PosixPath('/Users/emmanuel/proj/exo/kepler_local_data'), PosixPath('/Users/emmanuel/proj/phd/data_files/light_curves')]). Skipping.
2026-02-15 10:07:18,120 - __main__ - WARNING - File not found for Kepler ID: 7835312 (Expected: kplr007835312*_lc.fits in [PosixPath('/Users/emmanuel/proj/exo/kepler_local_data'), PosixPath('/Users/emmanuel/proj/phd/data_files/light_curves')]). Skipping.
2026-02-15 10:07:19,571 - __main__ - WARNING - File not found for Kepler ID: 4142847 (Expected: kplr004142847*_lc.fits in [PosixPath('/Users/emmanuel/proj/exo/kepler_local_data'), PosixPath('/Users/emmanuel/proj/phd/data_files/light_curves')]). Skipping.
2026-02-15 10:07:20,994 - __main__ - WARNING - File not found for Kepler ID: 9221517 (Expected: kplr009221517*_lc.fits in [PosixPath('/Users/emmanuel/proj/exo/kepler_local_data'), PosixPath('/Users/emmanuel/proj/phd/data_files/light_curves')]). Skipping.
2026-02-15 10:07:22,408 - __main__ - WARNING - File not found for Kepler ID: 11623629 (Expected: kplr011623629*_lc.fits in [PosixPath('/Users/emmanuel/proj/exo/kepler_local_data'), PosixPath('/Users/emmanuel/proj/phd/data_files/light_curves')]). Skipping.
2026-02-15 10:07:23,898 - __main__ - WARNING - File not found for Kepler ID: 7974634 (Expected: kplr007974634*_lc.fits in [PosixPath('/Users/emmanuel/proj/exo/kepler_local_data'), PosixPath('/Users/emmanuel/proj/phd/data_files/light_curves')]). Skipping.
2026-02-15 10:07:25,348 - __main__ - WARNING - File not found for Kepler ID: 7974634 (Expected: kplr007974634*_lc.fits in [PosixPath('/Users/emmanuel/proj/exo/kepler_local_data'), PosixPath('/Users/emmanuel/proj/phd/data_files/light_curves')]). Skipping.
2026-02-15 10:07:26,868 - __main__ - WARNING - File not found for Kepler ID: 2305866 (Expected: kplr002305866*_lc.fits in [PosixPath('/Users/emmanuel/proj/exo/kepler_local_data'), PosixPath('/Users/emmanuel/proj/phd/data_files/light_curves')]). Skipping.
2026-02-15 10:07:28,319 - __main__ - WARNING - File not found for Kepler ID: 12206313 (Expected: kplr012206313*_lc.fits in [PosixPath('/Users/emmanuel/proj/exo/kepler_local_data'), PosixPath('/Users/emmanuel/proj/phd/data_files/light_curves')]). Skipping.
2026-02-15 10:07:29,723 - __main__ - WARNING - File not found for Kepler ID: 5184911 (Expected: kplr005184911*_lc.fits in [PosixPath('/Users/emmanuel/proj/exo/kepler_local_data'), PosixPath('/Users/emmanuel/proj/phd/data_files/light_curves')]). Skipping.
2026-02-15 10:07:31,149 - __main__ - WARNING - File not found for Kepler ID: 6436029 (Expected: kplr006436029*_lc.fits in [PosixPath('/Users/emmanuel/proj/exo/kepler_local_data'), PosixPath('/Users/emmanuel/proj/phd/data_files/light_curves')]). Skipping.
2026-02-15 10:07:32,653 - __main__ - WARNING - File not found for Kepler ID: 7767162 (Expected: kplr007767162*_lc.fits in [PosixPath('/Users/emmanuel/proj/exo/kepler_local_data'), PosixPath('/Users/emmanuel/proj/phd/data_files/light_curves')]). Skipping.
2026-02-15 10:07:34,091 - __main__ - WARNING - File not found for Kepler ID: 9478990 (Expected: kplr009478990*_lc.fits in [PosixPath('/Users/emmanuel/proj/exo/kepler_local_data'), PosixPath('/Users/emmanuel/proj/phd/data_files/light_curves')]). Skipping.
2026-02-15 10:07:35,497 - __main__ - WARNING - File not found for Kepler ID: 8165617 (Expected: kplr008165617*_lc.fits in [PosixPath('/Users/emmanuel/proj/exo/kepler_local_data'), PosixPath('/Users/emmanuel/proj/phd/data_files/light_curves')]). Skipping.
2026-02-15 10:07:36,911 - __main__ - WARNING - File not found for Kepler ID: 8223568 (Expected: kplr008223568*_lc.fits in [PosixPath('/Users/emmanuel/proj/exo/kepler_local_data'), PosixPath('/Users/emmanuel/proj/phd/data_files/light_curves')]). Skipping.
2026-02-15 10:07:38,352 - __main__ - WARNING - File not found for Kepler ID: 9838804 (Expected: kplr009838804*_lc.fits in [PosixPath('/Users/emmanuel/proj/exo/kepler_local_data'), PosixPath('/Users/emmanuel/proj/phd/data_files/light_curves')]). Skipping.
2026-02-15 10:07:39,786 - __main__ - WARNING - File not found for Kepler ID: 9966219 (Expected: kplr009966219*_lc.fits in [PosixPath('/Users/emmanuel/proj/exo/kepler_local_data'), PosixPath('/Users/emmanuel/proj/phd/data_files/light_curves')]). Skipping.
2026-02-15 10:07:41,281 - __main__ - WARNING - File not found for Kepler ID: 11974540 (Expected: kplr011974540*_lc.fits in [PosixPath('/Users/emmanuel/proj/exo/kepler_local_data'), PosixPath('/Users/emmanuel/proj/phd/data_files/light_curves')]). Skipping.
2026-02-15 10:07:42,700 - __main__ - WARNING - File not found for Kepler ID: 7219825 (Expected: kplr007219825*_lc.fits in [PosixPath('/Users/emmanuel/proj/exo/kepler_local_data'), PosixPath('/Users/emmanuel/proj/phd/data_files/light_curves')]). Skipping.
2026-02-15 10:07:44,121 - __main__ - WARNING - File not found for Kepler ID: 9958962 (Expected: kplr009958962*_lc.fits in [PosixPath('/Users/emmanuel/proj/exo/kepler_local_data'), PosixPath('/Users/emmanuel/proj/phd/data_files/light_curves')]). Skipping.
2026-02-15 10:07:45,549 - __main__ - WARNING - File not found for Kepler ID: 11769146 (Expected: kplr011769146*_lc.fits in [PosixPath('/Users/emmanuel/proj/exo/kepler_local_data'), PosixPath('/Users/emmanuel/proj/phd/data_files/light_curves')]). Skipping.
2026-02-15 10:07:46,965 - __main__ - WARNING - File not found for Kepler ID: 7868092 (Expected: kplr007868092*_lc.fits in [PosixPath('/Users/emmanuel/proj/exo/kepler_local_data'), PosixPath('/Users/emmanuel/proj/phd/data_files/light_curves')]). Skipping.
2026-02-15 10:07:48,456 - __main__ - WARNING - File not found for Kepler ID: 9826171 (Expected: kplr009826171*_lc.fits in [PosixPath('/Users/emmanuel/proj/exo/kepler_local_data'), PosixPath('/Users/emmanuel/proj/phd/data_files/light_curves')]). Skipping.
2026-02-15 10:07:49,887 - __main__ - WARNING - File not found for Kepler ID: 5005618 (Expected: kplr005005618*_lc.fits in [PosixPath('/Users/emmanuel/proj/exo/kepler_local_data'), PosixPath('/Users/emmanuel/proj/phd/data_files/light_curves')]). Skipping.
2026-02-15 10:07:51,324 - __main__ - WARNING - File not found for Kepler ID: 10467815 (Expected: kplr010467815*_lc.fits in [PosixPath('/Users/emmanuel/proj/exo/kepler_local_data'), PosixPath('/Users/emmanuel/proj/phd/data_files/light_curves')]). Skipping.
2026-02-15 10:07:52,737 - __main__ - WARNING - File not found for Kepler ID: 10847721 (Expected: kplr010847721*_lc.fits in [PosixPath('/Users/emmanuel/proj/exo/kepler_local_data'), PosixPath('/Users/emmanuel/proj/phd/data_files/light_curves')]). Skipping.
2026-02-15 10:07:54,153 - __main__ - WARNING - File not found for Kepler ID: 10118942 (Expected: kplr010118942*_lc.fits in [PosixPath('/Users/emmanuel/proj/exo/kepler_local_data'), PosixPath('/Users/emmanuel/proj/phd/data_files/light_curves')]). Skipping.
2026-02-15 10:07:55,598 - __main__ - WARNING - File not found for Kepler ID: 9471539 (Expected: kplr009471539*_lc.fits in [PosixPath('/Users/emmanuel/proj/exo/kepler_local_data'), PosixPath('/Users/emmanuel/proj/phd/data_files/light_curves')]). Skipping.
2026-02-15 10:07:57,116 - __main__ - WARNING - File not found for Kepler ID: 2305819 (Expected: kplr002305819*_lc.fits in [PosixPath('/Users/emmanuel/proj/exo/kepler_local_data'), PosixPath('/Users/emmanuel/proj/phd/data_files/light_curves')]). Skipping.
2026-02-15 10:07:58,524 - __main__ - WARNING - File not found for Kepler ID: 10284575 (Expected: kplr010284575*_lc.fits in [PosixPath('/Users/emmanuel/proj/exo/kepler_local_data'), PosixPath('/Users/emmanuel/proj/phd/data_files/light_curves')]). Skipping.
2026-02-15 10:08:00,068 - __main__ - WARNING - File not found for Kepler ID: 2142501 (Expected: kplr002142501*_lc.fits in [PosixPath('/Users/emmanuel/proj/exo/kepler_local_data'), PosixPath('/Users/emmanuel/proj/phd/data_files/light_curves')]). Skipping.
2026-02-15 10:08:01,659 - __main__ - WARNING - File not found for Kepler ID: 8413968 (Expected: kplr008413968*_lc.fits in [PosixPath('/Users/emmanuel/proj/exo/kepler_local_data'), PosixPath('/Users/emmanuel/proj/phd/data_files/light_curves')]). Skipping.
2026-02-15 10:08:03,151 - __main__ - WARNING - File not found for Kepler ID: 9008103 (Expected: kplr009008103*_lc.fits in [PosixPath('/Users/emmanuel/proj/exo/kepler_local_data'), PosixPath('/Users/emmanuel/proj/phd/data_files/light_curves')]). Skipping.
2026-02-15 10:08:04,651 - __main__ - WARNING - File not found for Kepler ID: 8308682 (Expected: kplr008308682*_lc.fits in [PosixPath('/Users/emmanuel/proj/exo/kepler_local_data'), PosixPath('/Users/emmanuel/proj/phd/data_files/light_curves')]). Skipping.
2026-02-15 10:08:06,115 - __main__ - WARNING - File not found for Kepler ID: 11442793 (Expected: kplr011442793*_lc.fits in [PosixPath('/Users/emmanuel/proj/exo/kepler_local_data'), PosixPath('/Users/emmanuel/proj/phd/data_files/light_curves')]). Skipping.
2026-02-15 10:08:07,606 - __main__ - WARNING - File not found for Kepler ID: 5217733 (Expected: kplr005217733*_lc.fits in [PosixPath('/Users/emmanuel/proj/exo/kepler_local_data'), PosixPath('/Users/emmanuel/proj/phd/data_files/light_curves')]). Skipping.
2026-02-15 10:08:09,034 - __main__ - WARNING - File not found for Kepler ID: 6697976 (Expected: kplr006697976*_lc.fits in [PosixPath('/Users/emmanuel/proj/exo/kepler_local_data'), PosixPath('/Users/emmanuel/proj/phd/data_files/light_curves')]). Skipping.
2026-02-15 10:08:10,447 - __main__ - WARNING - File not found for Kepler ID: 10089123 (Expected: kplr010089123*_lc.fits in [PosixPath('/Users/emmanuel/proj/exo/kepler_local_data'), PosixPath('/Users/emmanuel/proj/phd/data_files/light_curves')]). Skipping.
2026-02-15 10:08:11,862 - __main__ - WARNING - File not found for Kepler ID: 8555967 (Expected: kplr008555967*_lc.fits in [PosixPath('/Users/emmanuel/proj/exo/kepler_local_data'), PosixPath('/Users/emmanuel/proj/phd/data_files/light_curves')]). Skipping.
2026-02-15 10:08:13,366 - __main__ - WARNING - File not found for Kepler ID: 8374394 (Expected: kplr008374394*_lc.fits in [PosixPath('/Users/emmanuel/proj/exo/kepler_local_data'), PosixPath('/Users/emmanuel/proj/phd/data_files/light_curves')]). Skipping.
2026-02-15 10:08:14,806 - __main__ - WARNING - File not found for Kepler ID: 8440062 (Expected: kplr008440062*_lc.fits in [PosixPath('/Users/emmanuel/proj/exo/kepler_local_data'), PosixPath('/Users/emmanuel/proj/phd/data_files/light_curves')]). Skipping.
2026-02-15 10:08:16,219 - __main__ - WARNING - File not found for Kepler ID: 7663804 (Expected: kplr007663804*_lc.fits in [PosixPath('/Users/emmanuel/proj/exo/kepler_local_data'), PosixPath('/Users/emmanuel/proj/phd/data_files/light_curves')]). Skipping.
2026-02-15 10:08:17,627 - __main__ - WARNING - File not found for Kepler ID: 10214328 (Expected: kplr010214328*_lc.fits in [PosixPath('/Users/emmanuel/proj/exo/kepler_local_data'), PosixPath('/Users/emmanuel/proj/phd/data_files/light_curves')]). Skipping.
2026-02-15 10:08:19,053 - __main__ - WARNING - File not found for Kepler ID: 9214712 (Expected: kplr009214712*_lc.fits in [PosixPath('/Users/emmanuel/proj/exo/kepler_local_data'), PosixPath('/Users/emmanuel/proj/phd/data_files/light_curves')]). Skipping.
2026-02-15 10:08:20,601 - __main__ - WARNING - File not found for Kepler ID: 9214715 (Expected: kplr009214715*_lc.fits in [PosixPath('/Users/emmanuel/proj/exo/kepler_local_data'), PosixPath('/Users/emmanuel/proj/phd/data_files/light_curves')]). Skipping.
2026-02-15 10:08:22,019 - __main__ - WARNING - File not found for Kepler ID: 4076061 (Expected: kplr004076061*_lc.fits in [PosixPath('/Users/emmanuel/proj/exo/kepler_local_data'), PosixPath('/Users/emmanuel/proj/phd/data_files/light_curves')]). Skipping.
2026-02-15 10:08:23,426 - __main__ - WARNING - File not found for Kepler ID: 8442795 (Expected: kplr008442795*_lc.fits in [PosixPath('/Users/emmanuel/proj/exo/kepler_local_data'), PosixPath('/Users/emmanuel/proj/phd/data_files/light_curves')]). Skipping.
2026-02-15 10:08:24,836 - __main__ - WARNING - File not found for Kepler ID: 11356602 (Expected: kplr011356602*_lc.fits in [PosixPath('/Users/emmanuel/proj/exo/kepler_local_data'), PosixPath('/Users/emmanuel/proj/phd/data_files/light_curves')]). Skipping.
2026-02-15 10:08:26,290 - __main__ - WARNING - File not found for Kepler ID: 1433531 (Expected: kplr001433531*_lc.fits in [PosixPath('/Users/emmanuel/proj/exo/kepler_local_data'), PosixPath('/Users/emmanuel/proj/phd/data_files/light_curves')]). Skipping.
2026-02-15 10:08:27,993 - __main__ - WARNING - File not found for Kepler ID: 4171955 (Expected: kplr004171955*_lc.fits in [PosixPath('/Users/emmanuel/proj/exo/kepler_local_data'), PosixPath('/Users/emmanuel/proj/phd/data_files/light_curves')]). Skipping.
2026-02-15 10:08:29,724 - __main__ - WARNING - File not found for Kepler ID: 6878408 (Expected: kplr006878408*_lc.fits in [PosixPath('/Users/emmanuel/proj/exo/kepler_local_data'), PosixPath('/Users/emmanuel/proj/phd/data_files/light_curves')]). Skipping.
2026-02-15 10:08:31,215 - __main__ - WARNING - File not found for Kepler ID: 9480398 (Expected: kplr009480398*_lc.fits in [PosixPath('/Users/emmanuel/proj/exo/kepler_local_data'), PosixPath('/Users/emmanuel/proj/phd/data_files/light_curves')]). Skipping.
2026-02-15 10:08:32,679 - __main__ - WARNING - File not found for Kepler ID: 9490342 (Expected: kplr009490342*_lc.fits in [PosixPath('/Users/emmanuel/proj/exo/kepler_local_data'), PosixPath('/Users/emmanuel/proj/phd/data_files/light_curves')]). Skipping.
2026-02-15 10:08:34,093 - __main__ - WARNING - File not found for Kepler ID: 5115688 (Expected: kplr005115688*_lc.fits in [PosixPath('/Users/emmanuel/proj/exo/kepler_local_data'), PosixPath('/Users/emmanuel/proj/phd/data_files/light_curves')]). Skipping.
2026-02-15 10:08:35,635 - __main__ - WARNING - File not found for Kepler ID: 8489260 (Expected: kplr008489260*_lc.fits in [PosixPath('/Users/emmanuel/proj/exo/kepler_local_data'), PosixPath('/Users/emmanuel/proj/phd/data_files/light_curves')]). Skipping.
2026-02-15 10:08:37,209 - __main__ - WARNING - File not found for Kepler ID: 7871395 (Expected: kplr007871395*_lc.fits in [PosixPath('/Users/emmanuel/proj/exo/kepler_local_data'), PosixPath('/Users/emmanuel/proj/phd/data_files/light_curves')]). Skipping.
2026-02-15 10:08:38,910 - __main__ - WARNING - File not found for Kepler ID: 10464199 (Expected: kplr010464199*_lc.fits in [PosixPath('/Users/emmanuel/proj/exo/kepler_local_data'), PosixPath('/Users/emmanuel/proj/phd/data_files/light_curves')]). Skipping.
2026-02-15 10:08:40,315 - __main__ - WARNING - File not found for Kepler ID: 4384793 (Expected: kplr004384793*_lc.fits in [PosixPath('/Users/emmanuel/proj/exo/kepler_local_data'), PosixPath('/Users/emmanuel/proj/phd/data_files/light_curves')]). Skipping.
2026-02-15 10:08:41,725 - __main__ - WARNING - File not found for Kepler ID: 5193439 (Expected: kplr005193439*_lc.fits in [PosixPath('/Users/emmanuel/proj/exo/kepler_local_data'), PosixPath('/Users/emmanuel/proj/phd/data_files/light_curves')]). Skipping.
2026-02-15 10:08:43,134 - __main__ - WARNING - File not found for Kepler ID: 6209225 (Expected: kplr006209225*_lc.fits in [PosixPath('/Users/emmanuel/proj/exo/kepler_local_data'), PosixPath('/Users/emmanuel/proj/phd/data_files/light_curves')]). Skipping.
2026-02-15 10:08:44,578 - __main__ - WARNING - File not found for Kepler ID: 8625408 (Expected: kplr008625408*_lc.fits in [PosixPath('/Users/emmanuel/proj/exo/kepler_local_data'), PosixPath('/Users/emmanuel/proj/phd/data_files/light_curves')]). Skipping.
2026-02-15 10:08:46,125 - __main__ - WARNING - File not found for Kepler ID: 11671646 (Expected: kplr011671646*_lc.fits in [PosixPath('/Users/emmanuel/proj/exo/kepler_local_data'), PosixPath('/Users/emmanuel/proj/phd/data_files/light_curves')]). Skipping.
2026-02-15 10:08:47,615 - __main__ - WARNING - File not found for Kepler ID: 2856960 (Expected: kplr002856960*_lc.fits in [PosixPath('/Users/emmanuel/proj/exo/kepler_local_data'), PosixPath('/Users/emmanuel/proj/phd/data_files/light_curves')]). Skipping.
2026-02-15 10:08:49,030 - __main__ - WARNING - File not found for Kepler ID: 4567118 (Expected: kplr004567118*_lc.fits in [PosixPath('/Users/emmanuel/proj/exo/kepler_local_data'), PosixPath('/Users/emmanuel/proj/phd/data_files/light_curves')]). Skipping.
2026-02-15 10:08:50,452 - __main__ - WARNING - File not found for Kepler ID: 4575824 (Expected: kplr004575824*_lc.fits in [PosixPath('/Users/emmanuel/proj/exo/kepler_local_data'), PosixPath('/Users/emmanuel/proj/phd/data_files/light_curves')]). Skipping.
2026-02-15 10:08:51,882 - __main__ - WARNING - File not found for Kepler ID: 6279823 (Expected: kplr006279823*_lc.fits in [PosixPath('/Users/emmanuel/proj/exo/kepler_local_data'), PosixPath('/Users/emmanuel/proj/phd/data_files/light_curves')]). Skipping.
2026-02-15 10:08:53,375 - __main__ - WARNING - File not found for Kepler ID: 7090801 (Expected: kplr007090801*_lc.fits in [PosixPath('/Users/emmanuel/proj/exo/kepler_local_data'), PosixPath('/Users/emmanuel/proj/phd/data_files/light_curves')]). Skipping.
2026-02-15 10:08:54,777 - __main__ - WARNING - File not found for Kepler ID: 10586619 (Expected: kplr010586619*_lc.fits in [PosixPath('/Users/emmanuel/proj/exo/kepler_local_data'), PosixPath('/Users/emmanuel/proj/phd/data_files/light_curves')]). Skipping.
2026-02-15 10:08:56,198 - __main__ - WARNING - File not found for Kepler ID: 8557246 (Expected: kplr008557246*_lc.fits in [PosixPath('/Users/emmanuel/proj/exo/kepler_local_data'), PosixPath('/Users/emmanuel/proj/phd/data_files/light_curves')]). Skipping.
2026-02-15 10:08:57,677 - __main__ - WARNING - File not found for Kepler ID: 4578594 (Expected: kplr004578594*_lc.fits in [PosixPath('/Users/emmanuel/proj/exo/kepler_local_data'), PosixPath('/Users/emmanuel/proj/phd/data_files/light_curves')]). Skipping.
2026-02-15 10:08:59,085 - __main__ - WARNING - File not found for Kepler ID: 8297017 (Expected: kplr008297017*_lc.fits in [PosixPath('/Users/emmanuel/proj/exo/kepler_local_data'), PosixPath('/Users/emmanuel/proj/phd/data_files/light_curves')]). Skipping.
2026-02-15 10:09:00,517 - __main__ - WARNING - File not found for Kepler ID: 8508493 (Expected: kplr008508493*_lc.fits in [PosixPath('/Users/emmanuel/proj/exo/kepler_local_data'), PosixPath('/Users/emmanuel/proj/phd/data_files/light_curves')]). Skipping.
2026-02-15 10:09:02,047 - __main__ - WARNING - File not found for Kepler ID: 9657636 (Expected: kplr009657636*_lc.fits in [PosixPath('/Users/emmanuel/proj/exo/kepler_local_data'), PosixPath('/Users/emmanuel/proj/phd/data_files/light_curves')]). Skipping.
2026-02-15 10:09:03,576 - __main__ - WARNING - File not found for Kepler ID: 9674320 (Expected: kplr009674320*_lc.fits in [PosixPath('/Users/emmanuel/proj/exo/kepler_local_data'), PosixPath('/Users/emmanuel/proj/phd/data_files/light_curves')]). Skipping.
2026-02-15 10:09:05,081 - __main__ - WARNING - File not found for Kepler ID: 5347537 (Expected: kplr005347537*_lc.fits in [PosixPath('/Users/emmanuel/proj/exo/kepler_local_data'), PosixPath('/Users/emmanuel/proj/phd/data_files/light_curves')]). Skipping.
2026-02-15 10:09:06,495 - __main__ - WARNING - File not found for Kepler ID: 4832273 (Expected: kplr004832273*_lc.fits in [PosixPath('/Users/emmanuel/proj/exo/kepler_local_data'), PosixPath('/Users/emmanuel/proj/phd/data_files/light_curves')]). Skipping.
2026-02-15 10:09:07,939 - __main__ - WARNING - File not found for Kepler ID: 6421937 (Expected: kplr006421937*_lc.fits in [PosixPath('/Users/emmanuel/proj/exo/kepler_local_data'), PosixPath('/Users/emmanuel/proj/phd/data_files/light_curves')]). Skipping.
2026-02-15 10:09:09,511 - __main__ - WARNING - File not found for Kepler ID: 6428942 (Expected: kplr006428942*_lc.fits in [PosixPath('/Users/emmanuel/proj/exo/kepler_local_data'), PosixPath('/Users/emmanuel/proj/phd/data_files/light_curves')]). Skipping.
2026-02-15 10:09:11,009 - __main__ - WARNING - File not found for Kepler ID: 8120820 (Expected: kplr008120820*_lc.fits in [PosixPath('/Users/emmanuel/proj/exo/kepler_local_data'), PosixPath('/Users/emmanuel/proj/phd/data_files/light_curves')]). Skipping.
2026-02-15 10:09:12,429 - __main__ - WARNING - File not found for Kepler ID: 9821428 (Expected: kplr009821428*_lc.fits in [PosixPath('/Users/emmanuel/proj/exo/kepler_local_data'), PosixPath('/Users/emmanuel/proj/phd/data_files/light_curves')]). Skipping.
2026-02-15 10:09:13,841 - __main__ - WARNING - File not found for Kepler ID: 6307521 (Expected: kplr006307521*_lc.fits in [PosixPath('/Users/emmanuel/proj/exo/kepler_local_data'), PosixPath('/Users/emmanuel/proj/phd/data_files/light_curves')]). Skipping.
2026-02-15 10:09:15,260 - __main__ - WARNING - File not found for Kepler ID: 8158324 (Expected: kplr008158324*_lc.fits in [PosixPath('/Users/emmanuel/proj/exo/kepler_local_data'), PosixPath('/Users/emmanuel/proj/phd/data_files/light_curves')]). Skipping.
2026-02-15 10:09:16,690 - __main__ - WARNING - File not found for Kepler ID: 4862625 (Expected: kplr004862625*_lc.fits in [PosixPath('/Users/emmanuel/proj/exo/kepler_local_data'), PosixPath('/Users/emmanuel/proj/phd/data_files/light_curves')]). Skipping.
2026-02-15 10:09:18,177 - __main__ - WARNING - File not found for Kepler ID: 9906841 (Expected: kplr009906841*_lc.fits in [PosixPath('/Users/emmanuel/proj/exo/kepler_local_data'), PosixPath('/Users/emmanuel/proj/phd/data_files/light_curves')]). Skipping.
2026-02-15 10:09:19,629 - __main__ - WARNING - File not found for Kepler ID: 2853828 (Expected: kplr002853828*_lc.fits in [PosixPath('/Users/emmanuel/proj/exo/kepler_local_data'), PosixPath('/Users/emmanuel/proj/phd/data_files/light_curves')]). Skipping.
2026-02-15 10:09:21,193 - __main__ - WARNING - File not found for Kepler ID: 3548622 (Expected: kplr003548622*_lc.fits in [PosixPath('/Users/emmanuel/proj/exo/kepler_local_data'), PosixPath('/Users/emmanuel/proj/phd/data_files/light_curves')]). Skipping.
2026-02-15 10:09:22,640 - __main__ - WARNING - File not found for Kepler ID: 8308516 (Expected: kplr008308516*_lc.fits in [PosixPath('/Users/emmanuel/proj/exo/kepler_local_data'), PosixPath('/Users/emmanuel/proj/phd/data_files/light_curves')]). Skipping.
2026-02-15 10:09:24,105 - __main__ - WARNING - File not found for Kepler ID: 6590726 (Expected: kplr006590726*_lc.fits in [PosixPath('/Users/emmanuel/proj/exo/kepler_local_data'), PosixPath('/Users/emmanuel/proj/phd/data_files/light_curves')]). Skipping.
2026-02-15 10:09:25,558 - __main__ - WARNING - File not found for Kepler ID: 11810124 (Expected: kplr011810124*_lc.fits in [PosixPath('/Users/emmanuel/proj/exo/kepler_local_data'), PosixPath('/Users/emmanuel/proj/phd/data_files/light_curves')]). Skipping.
2026-02-15 10:09:27,184 - __main__ - WARNING - File not found for Kepler ID: 4950341 (Expected: kplr004950341*_lc.fits in [PosixPath('/Users/emmanuel/proj/exo/kepler_local_data'), PosixPath('/Users/emmanuel/proj/phd/data_files/light_curves')]). Skipping.
2026-02-15 10:09:28,626 - __main__ - WARNING - File not found for Kepler ID: 5616489 (Expected: kplr005616489*_lc.fits in [PosixPath('/Users/emmanuel/proj/exo/kepler_local_data'), PosixPath('/Users/emmanuel/proj/phd/data_files/light_curves')]). Skipping.
2026-02-15 10:09:30,034 - __main__ - WARNING - File not found for Kepler ID: 9150870 (Expected: kplr009150870*_lc.fits in [PosixPath('/Users/emmanuel/proj/exo/kepler_local_data'), PosixPath('/Users/emmanuel/proj/phd/data_files/light_curves')]). Skipping.
2026-02-15 10:09:31,442 - __main__ - WARNING - File not found for Kepler ID: 12504353 (Expected: kplr012504353*_lc.fits in [PosixPath('/Users/emmanuel/proj/exo/kepler_local_data'), PosixPath('/Users/emmanuel/proj/phd/data_files/light_curves')]). Skipping.
2026-02-15 10:09:32,855 - __main__ - WARNING - File not found for Kepler ID: 5633259 (Expected: kplr005633259*_lc.fits in [PosixPath('/Users/emmanuel/proj/exo/kepler_local_data'), PosixPath('/Users/emmanuel/proj/phd/data_files/light_curves')]). Skipping.
2026-02-15 10:09:34,370 - __main__ - WARNING - File not found for Kepler ID: 6614748 (Expected: kplr006614748*_lc.fits in [PosixPath('/Users/emmanuel/proj/exo/kepler_local_data'), PosixPath('/Users/emmanuel/proj/phd/data_files/light_curves')]). Skipping.
2026-02-15 10:09:35,808 - __main__ - WARNING - File not found for Kepler ID: 7431665 (Expected: kplr007431665*_lc.fits in [PosixPath('/Users/emmanuel/proj/exo/kepler_local_data'), PosixPath('/Users/emmanuel/proj/phd/data_files/light_curves')]). Skipping.
2026-02-15 10:09:37,379 - __main__ - WARNING - File not found for Kepler ID: 7456521 (Expected: kplr007456521*_lc.fits in [PosixPath('/Users/emmanuel/proj/exo/kepler_local_data'), PosixPath('/Users/emmanuel/proj/phd/data_files/light_curves')]). Skipping.
2026-02-15 10:09:38,810 - __main__ - WARNING - File not found for Kepler ID: 7499571 (Expected: kplr007499571*_lc.fits in [PosixPath('/Users/emmanuel/proj/exo/kepler_local_data'), PosixPath('/Users/emmanuel/proj/phd/data_files/light_curves')]). Skipping.
2026-02-15 10:09:40,266 - __main__ - WARNING - File not found for Kepler ID: 8311864 (Expected: kplr008311864*_lc.fits in [PosixPath('/Users/emmanuel/proj/exo/kepler_local_data'), PosixPath('/Users/emmanuel/proj/phd/data_files/light_curves')]). Skipping.
2026-02-15 10:09:41,678 - __main__ - WARNING - File not found for Kepler ID: 9595956 (Expected: kplr009595956*_lc.fits in [PosixPath('/Users/emmanuel/proj/exo/kepler_local_data'), PosixPath('/Users/emmanuel/proj/phd/data_files/light_curves')]). Skipping.
2026-02-15 10:09:43,168 - __main__ - WARNING - File not found for Kepler ID: 9655792 (Expected: kplr009655792*_lc.fits in [PosixPath('/Users/emmanuel/proj/exo/kepler_local_data'), PosixPath('/Users/emmanuel/proj/phd/data_files/light_curves')]). Skipping.
2026-02-15 10:09:44,604 - __main__ - WARNING - File not found for Kepler ID: 9970396 (Expected: kplr009970396*_lc.fits in [PosixPath('/Users/emmanuel/proj/exo/kepler_local_data'), PosixPath('/Users/emmanuel/proj/phd/data_files/light_curves')]). Skipping.
2026-02-15 10:09:46,041 - __main__ - WARNING - File not found for Kepler ID: 11296798 (Expected: kplr011296798*_lc.fits in [PosixPath('/Users/emmanuel/proj/exo/kepler_local_data'), PosixPath('/Users/emmanuel/proj/phd/data_files/light_curves')]). Skipping.
2026-02-15 10:09:47,444 - __main__ - WARNING - File not found for Kepler ID: 12253534 (Expected: kplr012253534*_lc.fits in [PosixPath('/Users/emmanuel/proj/exo/kepler_local_data'), PosixPath('/Users/emmanuel/proj/phd/data_files/light_curves')]). Skipping.
2026-02-15 10:09:48,867 - __main__ - WARNING - File not found for Kepler ID: 7539174 (Expected: kplr007539174*_lc.fits in [PosixPath('/Users/emmanuel/proj/exo/kepler_local_data'), PosixPath('/Users/emmanuel/proj/phd/data_files/light_curves')]). Skipping.
2026-02-15 10:09:50,368 - __main__ - WARNING - File not found for Kepler ID: 4862625 (Expected: kplr004862625*_lc.fits in [PosixPath('/Users/emmanuel/proj/exo/kepler_local_data'), PosixPath('/Users/emmanuel/proj/phd/data_files/light_curves')]). Skipping.
2026-02-15 10:09:51,798 - __main__ - WARNING - File not found for Kepler ID: 3123418 (Expected: kplr003123418*_lc.fits in [PosixPath('/Users/emmanuel/proj/exo/kepler_local_data'), PosixPath('/Users/emmanuel/proj/phd/data_files/light_curves')]). Skipping.
2026-02-15 10:09:53,256 - __main__ - WARNING - File not found for Kepler ID: 4384652 (Expected: kplr004384652*_lc.fits in [PosixPath('/Users/emmanuel/proj/exo/kepler_local_data'), PosixPath('/Users/emmanuel/proj/phd/data_files/light_curves')]). Skipping.
2026-02-15 10:09:54,701 - __main__ - WARNING - File not found for Kepler ID: 4662363 (Expected: kplr004662363*_lc.fits in [PosixPath('/Users/emmanuel/proj/exo/kepler_local_data'), PosixPath('/Users/emmanuel/proj/phd/data_files/light_curves')]). Skipping.
2026-02-15 10:09:56,161 - __main__ - WARNING - File not found for Kepler ID: 4851195 (Expected: kplr004851195*_lc.fits in [PosixPath('/Users/emmanuel/proj/exo/kepler_local_data'), PosixPath('/Users/emmanuel/proj/phd/data_files/light_curves')]). Skipping.
2026-02-15 10:09:57,619 - __main__ - WARNING - File not found for Kepler ID: 4862924 (Expected: kplr004862924*_lc.fits in [PosixPath('/Users/emmanuel/proj/exo/kepler_local_data'), PosixPath('/Users/emmanuel/proj/phd/data_files/light_curves')]). Skipping.
2026-02-15 10:09:59,170 - __main__ - WARNING - File not found for Kepler ID: 6307243 (Expected: kplr006307243*_lc.fits in [PosixPath('/Users/emmanuel/proj/exo/kepler_local_data'), PosixPath('/Users/emmanuel/proj/phd/data_files/light_curves')]). Skipping.
2026-02-15 10:10:00,593 - __main__ - WARNING - File not found for Kepler ID: 6350522 (Expected: kplr006350522*_lc.fits in [PosixPath('/Users/emmanuel/proj/exo/kepler_local_data'), PosixPath('/Users/emmanuel/proj/phd/data_files/light_curves')]). Skipping.
2026-02-15 10:10:02,003 - __main__ - WARNING - File not found for Kepler ID: 6385302 (Expected: kplr006385302*_lc.fits in [PosixPath('/Users/emmanuel/proj/exo/kepler_local_data'), PosixPath('/Users/emmanuel/proj/phd/data_files/light_curves')]). Skipping.
2026-02-15 10:10:03,430 - __main__ - WARNING - File not found for Kepler ID: 6443274 (Expected: kplr006443274*_lc.fits in [PosixPath('/Users/emmanuel/proj/exo/kepler_local_data'), PosixPath('/Users/emmanuel/proj/phd/data_files/light_curves')]). Skipping.
2026-02-15 10:10:04,898 - __main__ - WARNING - File not found for Kepler ID: 6508734 (Expected: kplr006508734*_lc.fits in [PosixPath('/Users/emmanuel/proj/exo/kepler_local_data'), PosixPath('/Users/emmanuel/proj/phd/data_files/light_curves')]). Skipping.
2026-02-15 10:10:06,460 - __main__ - WARNING - File not found for Kepler ID: 8096395 (Expected: kplr008096395*_lc.fits in [PosixPath('/Users/emmanuel/proj/exo/kepler_local_data'), PosixPath('/Users/emmanuel/proj/phd/data_files/light_curves')]). Skipping.
2026-02-15 10:10:07,923 - __main__ - WARNING - File not found for Kepler ID: 8106973 (Expected: kplr008106973*_lc.fits in [PosixPath('/Users/emmanuel/proj/exo/kepler_local_data'), PosixPath('/Users/emmanuel/proj/phd/data_files/light_curves')]). Skipping.
2026-02-15 10:10:09,394 - __main__ - WARNING - File not found for Kepler ID: 8168509 (Expected: kplr008168509*_lc.fits in [PosixPath('/Users/emmanuel/proj/exo/kepler_local_data'), PosixPath('/Users/emmanuel/proj/phd/data_files/light_curves')]). Skipping.
2026-02-15 10:10:10,880 - __main__ - WARNING - File not found for Kepler ID: 8297319 (Expected: kplr008297319*_lc.fits in [PosixPath('/Users/emmanuel/proj/exo/kepler_local_data'), PosixPath('/Users/emmanuel/proj/phd/data_files/light_curves')]). Skipping.
2026-02-15 10:10:12,458 - __main__ - WARNING - File not found for Kepler ID: 8423344 (Expected: kplr008423344*_lc.fits in [PosixPath('/Users/emmanuel/proj/exo/kepler_local_data'), PosixPath('/Users/emmanuel/proj/phd/data_files/light_curves')]). Skipping.
2026-02-15 10:10:13,920 - __main__ - WARNING - File not found for Kepler ID: 8682094 (Expected: kplr008682094*_lc.fits in [PosixPath('/Users/emmanuel/proj/exo/kepler_local_data'), PosixPath('/Users/emmanuel/proj/phd/data_files/light_curves')]). Skipping.
2026-02-15 10:10:15,469 - __main__ - WARNING - File not found for Kepler ID: 9025662 (Expected: kplr009025662*_lc.fits in [PosixPath('/Users/emmanuel/proj/exo/kepler_local_data'), PosixPath('/Users/emmanuel/proj/phd/data_files/light_curves')]). Skipping.
2026-02-15 10:10:16,951 - __main__ - WARNING - File not found for Kepler ID: 9246715 (Expected: kplr009246715*_lc.fits in [PosixPath('/Users/emmanuel/proj/exo/kepler_local_data'), PosixPath('/Users/emmanuel/proj/phd/data_files/light_curves')]). Skipping.
2026-02-15 10:10:18,436 - __main__ - WARNING - File not found for Kepler ID: 9292130 (Expected: kplr009292130*_lc.fits in [PosixPath('/Users/emmanuel/proj/exo/kepler_local_data'), PosixPath('/Users/emmanuel/proj/phd/data_files/light_curves')]). Skipping.
2026-02-15 10:10:19,914 - __main__ - WARNING - File not found for Kepler ID: 8757213 (Expected: kplr008757213*_lc.fits in [PosixPath('/Users/emmanuel/proj/exo/kepler_local_data'), PosixPath('/Users/emmanuel/proj/phd/data_files/light_curves')]). Skipping.
2026-02-15 10:10:21,469 - __main__ - WARNING - File not found for Kepler ID: 8749844 (Expected: kplr008749844*_lc.fits in [PosixPath('/Users/emmanuel/proj/exo/kepler_local_data'), PosixPath('/Users/emmanuel/proj/phd/data_files/light_curves')]). Skipping.
2026-02-15 10:10:23,126 - __main__ - WARNING - File not found for Kepler ID: 9079587 (Expected: kplr009079587*_lc.fits in [PosixPath('/Users/emmanuel/proj/exo/kepler_local_data'), PosixPath('/Users/emmanuel/proj/phd/data_files/light_curves')]). Skipping.
2026-02-15 10:10:24,574 - __main__ - WARNING - File not found for Kepler ID: 8703506 (Expected: kplr008703506*_lc.fits in [PosixPath('/Users/emmanuel/proj/exo/kepler_local_data'), PosixPath('/Users/emmanuel/proj/phd/data_files/light_curves')]). Skipping.
2026-02-15 10:10:26,019 - __main__ - WARNING - File not found for Kepler ID: 8761550 (Expected: kplr008761550*_lc.fits in [PosixPath('/Users/emmanuel/proj/exo/kepler_local_data'), PosixPath('/Users/emmanuel/proj/phd/data_files/light_curves')]). Skipping.
2026-02-15 10:10:27,500 - __main__ - WARNING - File not found for Kepler ID: 8686761 (Expected: kplr008686761*_lc.fits in [PosixPath('/Users/emmanuel/proj/exo/kepler_local_data'), PosixPath('/Users/emmanuel/proj/phd/data_files/light_curves')]). Skipping.
2026-02-15 10:10:28,966 - __main__ - WARNING - File not found for Kepler ID: 8880317 (Expected: kplr008880317*_lc.fits in [PosixPath('/Users/emmanuel/proj/exo/kepler_local_data'), PosixPath('/Users/emmanuel/proj/phd/data_files/light_curves')]). Skipping.
2026-02-15 10:10:30,406 - __main__ - WARNING - File not found for Kepler ID: 10208894 (Expected: kplr010208894*_lc.fits in [PosixPath('/Users/emmanuel/proj/exo/kepler_local_data'), PosixPath('/Users/emmanuel/proj/phd/data_files/light_curves')]). Skipping.
2026-02-15 10:10:31,936 - __main__ - WARNING - File not found for Kepler ID: 10253977 (Expected: kplr010253977*_lc.fits in [PosixPath('/Users/emmanuel/proj/exo/kepler_local_data'), PosixPath('/Users/emmanuel/proj/phd/data_files/light_curves')]). Skipping.
2026-02-15 10:10:33,393 - __main__ - WARNING - File not found for Kepler ID: 10268714 (Expected: kplr010268714*_lc.fits in [PosixPath('/Users/emmanuel/proj/exo/kepler_local_data'), PosixPath('/Users/emmanuel/proj/phd/data_files/light_curves')]). Skipping.
2026-02-15 10:10:34,896 - __main__ - WARNING - File not found for Kepler ID: 10281311 (Expected: kplr010281311*_lc.fits in [PosixPath('/Users/emmanuel/proj/exo/kepler_local_data'), PosixPath('/Users/emmanuel/proj/phd/data_files/light_curves')]). Skipping.
2026-02-15 10:10:36,363 - __main__ - WARNING - File not found for Kepler ID: 10341876 (Expected: kplr010341876*_lc.fits in [PosixPath('/Users/emmanuel/proj/exo/kepler_local_data'), PosixPath('/Users/emmanuel/proj/phd/data_files/light_curves')]). Skipping.
2026-02-15 10:10:37,833 - __main__ - WARNING - File not found for Kepler ID: 10351947 (Expected: kplr010351947*_lc.fits in [PosixPath('/Users/emmanuel/proj/exo/kepler_local_data'), PosixPath('/Users/emmanuel/proj/phd/data_files/light_curves')]). Skipping.
2026-02-15 10:10:39,318 - __main__ - WARNING - File not found for Kepler ID: 10214341 (Expected: kplr010214341*_lc.fits in [PosixPath('/Users/emmanuel/proj/exo/kepler_local_data'), PosixPath('/Users/emmanuel/proj/phd/data_files/light_curves')]). Skipping.
2026-02-15 10:10:40,902 - __main__ - WARNING - File not found for Kepler ID: 10263598 (Expected: kplr010263598*_lc.fits in [PosixPath('/Users/emmanuel/proj/exo/kepler_local_data'), PosixPath('/Users/emmanuel/proj/phd/data_files/light_curves')]). Skipping.
2026-02-15 10:10:42,353 - __main__ - WARNING - File not found for Kepler ID: 4763020 (Expected: kplr004763020*_lc.fits in [PosixPath('/Users/emmanuel/proj/exo/kepler_local_data'), PosixPath('/Users/emmanuel/proj/phd/data_files/light_curves')]). Skipping.
2026-02-15 10:10:43,787 - __main__ - WARNING - File not found for Kepler ID: 5288744 (Expected: kplr005288744*_lc.fits in [PosixPath('/Users/emmanuel/proj/exo/kepler_local_data'), PosixPath('/Users/emmanuel/proj/phd/data_files/light_curves')]). Skipping.
2026-02-15 10:10:45,238 - __main__ - WARNING - File not found for Kepler ID: 5305225 (Expected: kplr005305225*_lc.fits in [PosixPath('/Users/emmanuel/proj/exo/kepler_local_data'), PosixPath('/Users/emmanuel/proj/phd/data_files/light_curves')]). Skipping.
2026-02-15 10:10:46,715 - __main__ - WARNING - File not found for Kepler ID: 5598216 (Expected: kplr005598216*_lc.fits in [PosixPath('/Users/emmanuel/proj/exo/kepler_local_data'), PosixPath('/Users/emmanuel/proj/phd/data_files/light_curves')]). Skipping.
2026-02-15 10:10:48,257 - __main__ - WARNING - File not found for Kepler ID: 5637036 (Expected: kplr005637036*_lc.fits in [PosixPath('/Users/emmanuel/proj/exo/kepler_local_data'), PosixPath('/Users/emmanuel/proj/phd/data_files/light_curves')]). Skipping.
2026-02-15 10:10:49,709 - __main__ - WARNING - File not found for Kepler ID: 10385708 (Expected: kplr010385708*_lc.fits in [PosixPath('/Users/emmanuel/proj/exo/kepler_local_data'), PosixPath('/Users/emmanuel/proj/phd/data_files/light_curves')]). Skipping.
2026-02-15 10:10:51,162 - __main__ - WARNING - File not found for Kepler ID: 10404545 (Expected: kplr010404545*_lc.fits in [PosixPath('/Users/emmanuel/proj/exo/kepler_local_data'), PosixPath('/Users/emmanuel/proj/phd/data_files/light_curves')]). Skipping.
2026-02-15 10:10:52,643 - __main__ - WARNING - File not found for Kepler ID: 10425070 (Expected: kplr010425070*_lc.fits in [PosixPath('/Users/emmanuel/proj/exo/kepler_local_data'), PosixPath('/Users/emmanuel/proj/phd/data_files/light_curves')]). Skipping.
2026-02-15 10:10:54,115 - __main__ - WARNING - File not found for Kepler ID: 10425070 (Expected: kplr010425070*_lc.fits in [PosixPath('/Users/emmanuel/proj/exo/kepler_local_data'), PosixPath('/Users/emmanuel/proj/phd/data_files/light_curves')]). Skipping.
2026-02-15 10:10:55,574 - __main__ - WARNING - File not found for Kepler ID: 10461045 (Expected: kplr010461045*_lc.fits in [PosixPath('/Users/emmanuel/proj/exo/kepler_local_data'), PosixPath('/Users/emmanuel/proj/phd/data_files/light_curves')]). Skipping.
2026-02-15 10:10:57,146 - __main__ - WARNING - File not found for Kepler ID: 10321927 (Expected: kplr010321927*_lc.fits in [PosixPath('/Users/emmanuel/proj/exo/kepler_local_data'), PosixPath('/Users/emmanuel/proj/phd/data_files/light_curves')]). Skipping.
2026-02-15 10:10:58,649 - __main__ - WARNING - File not found for Kepler ID: 10321972 (Expected: kplr010321972*_lc.fits in [PosixPath('/Users/emmanuel/proj/exo/kepler_local_data'), PosixPath('/Users/emmanuel/proj/phd/data_files/light_curves')]). Skipping.
2026-02-15 10:11:00,127 - __main__ - WARNING - File not found for Kepler ID: 10331279 (Expected: kplr010331279*_lc.fits in [PosixPath('/Users/emmanuel/proj/exo/kepler_local_data'), PosixPath('/Users/emmanuel/proj/phd/data_files/light_curves')]). Skipping.
2026-02-15 10:11:01,595 - __main__ - WARNING - File not found for Kepler ID: 10338529 (Expected: kplr010338529*_lc.fits in [PosixPath('/Users/emmanuel/proj/exo/kepler_local_data'), PosixPath('/Users/emmanuel/proj/phd/data_files/light_curves')]). Skipping.
2026-02-15 10:11:03,049 - __main__ - WARNING - File not found for Kepler ID: 5709226 (Expected: kplr005709226*_lc.fits in [PosixPath('/Users/emmanuel/proj/exo/kepler_local_data'), PosixPath('/Users/emmanuel/proj/phd/data_files/light_curves')]). Skipping.
2026-02-15 10:11:04,631 - __main__ - WARNING - File not found for Kepler ID: 5775090 (Expected: kplr005775090*_lc.fits in [PosixPath('/Users/emmanuel/proj/exo/kepler_local_data'), PosixPath('/Users/emmanuel/proj/phd/data_files/light_curves')]). Skipping.
2026-02-15 10:11:06,129 - __main__ - WARNING - File not found for Kepler ID: 5791705 (Expected: kplr005791705*_lc.fits in [PosixPath('/Users/emmanuel/proj/exo/kepler_local_data'), PosixPath('/Users/emmanuel/proj/phd/data_files/light_curves')]). Skipping.
2026-02-15 10:11:07,603 - __main__ - WARNING - File not found for Kepler ID: 5802205 (Expected: kplr005802205*_lc.fits in [PosixPath('/Users/emmanuel/proj/exo/kepler_local_data'), PosixPath('/Users/emmanuel/proj/phd/data_files/light_curves')]). Skipping.
2026-02-15 10:11:09,079 - __main__ - WARNING - File not found for Kepler ID: 5812648 (Expected: kplr005812648*_lc.fits in [PosixPath('/Users/emmanuel/proj/exo/kepler_local_data'), PosixPath('/Users/emmanuel/proj/phd/data_files/light_curves')]). Skipping.
2026-02-15 10:11:10,582 - __main__ - WARNING - File not found for Kepler ID: 5858919 (Expected: kplr005858919*_lc.fits in [PosixPath('/Users/emmanuel/proj/exo/kepler_local_data'), PosixPath('/Users/emmanuel/proj/phd/data_files/light_curves')]). Skipping.
2026-02-15 10:11:12,098 - __main__ - WARNING - File not found for Kepler ID: 5872139 (Expected: kplr005872139*_lc.fits in [PosixPath('/Users/emmanuel/proj/exo/kepler_local_data'), PosixPath('/Users/emmanuel/proj/phd/data_files/light_curves')]). Skipping.
2026-02-15 10:11:13,615 - __main__ - WARNING - File not found for Kepler ID: 10519701 (Expected: kplr010519701*_lc.fits in [PosixPath('/Users/emmanuel/proj/exo/kepler_local_data'), PosixPath('/Users/emmanuel/proj/phd/data_files/light_curves')]). Skipping.
2026-02-15 10:11:15,064 - __main__ - WARNING - File not found for Kepler ID: 10664150 (Expected: kplr010664150*_lc.fits in [PosixPath('/Users/emmanuel/proj/exo/kepler_local_data'), PosixPath('/Users/emmanuel/proj/phd/data_files/light_curves')]). Skipping.
2026-02-15 10:11:16,522 - __main__ - WARNING - File not found for Kepler ID: 10753394 (Expected: kplr010753394*_lc.fits in [PosixPath('/Users/emmanuel/proj/exo/kepler_local_data'), PosixPath('/Users/emmanuel/proj/phd/data_files/light_curves')]). Skipping.
2026-02-15 10:11:18,021 - __main__ - WARNING - File not found for Kepler ID: 10875937 (Expected: kplr010875937*_lc.fits in [PosixPath('/Users/emmanuel/proj/exo/kepler_local_data'), PosixPath('/Users/emmanuel/proj/phd/data_files/light_curves')]). Skipping.
2026-02-15 10:11:19,439 - __main__ - WARNING - File not found for Kepler ID: 10907307 (Expected: kplr010907307*_lc.fits in [PosixPath('/Users/emmanuel/proj/exo/kepler_local_data'), PosixPath('/Users/emmanuel/proj/phd/data_files/light_curves')]). Skipping.
2026-02-15 10:11:20,965 - __main__ - WARNING - File not found for Kepler ID: 11087662 (Expected: kplr011087662*_lc.fits in [PosixPath('/Users/emmanuel/proj/exo/kepler_local_data'), PosixPath('/Users/emmanuel/proj/phd/data_files/light_curves')]). Skipping.
2026-02-15 10:11:22,415 - __main__ - WARNING - File not found for Kepler ID: 10389280 (Expected: kplr010389280*_lc.fits in [PosixPath('/Users/emmanuel/proj/exo/kepler_local_data'), PosixPath('/Users/emmanuel/proj/phd/data_files/light_curves')]). Skipping.
2026-02-15 10:11:23,907 - __main__ - WARNING - File not found for Kepler ID: 5955197 (Expected: kplr005955197*_lc.fits in [PosixPath('/Users/emmanuel/proj/exo/kepler_local_data'), PosixPath('/Users/emmanuel/proj/phd/data_files/light_curves')]). Skipping.
2026-02-15 10:11:25,396 - __main__ - WARNING - File not found for Kepler ID: 5955427 (Expected: kplr005955427*_lc.fits in [PosixPath('/Users/emmanuel/proj/exo/kepler_local_data'), PosixPath('/Users/emmanuel/proj/phd/data_files/light_curves')]). Skipping.
2026-02-15 10:11:26,865 - __main__ - WARNING - File not found for Kepler ID: 6043574 (Expected: kplr006043574*_lc.fits in [PosixPath('/Users/emmanuel/proj/exo/kepler_local_data'), PosixPath('/Users/emmanuel/proj/phd/data_files/light_curves')]). Skipping.
2026-02-15 10:11:28,328 - __main__ - WARNING - File not found for Kepler ID: 6049470 (Expected: kplr006049470*_lc.fits in [PosixPath('/Users/emmanuel/proj/exo/kepler_local_data'), PosixPath('/Users/emmanuel/proj/phd/data_files/light_curves')]). Skipping.
2026-02-15 10:11:29,918 - __main__ - WARNING - File not found for Kepler ID: 6105359 (Expected: kplr006105359*_lc.fits in [PosixPath('/Users/emmanuel/proj/exo/kepler_local_data'), PosixPath('/Users/emmanuel/proj/phd/data_files/light_curves')]). Skipping.
2026-02-15 10:11:31,333 - __main__ - WARNING - File not found for Kepler ID: 11099109 (Expected: kplr011099109*_lc.fits in [PosixPath('/Users/emmanuel/proj/exo/kepler_local_data'), PosixPath('/Users/emmanuel/proj/phd/data_files/light_curves')]). Skipping.
2026-02-15 10:11:32,760 - __main__ - WARNING - File not found for Kepler ID: 11124353 (Expected: kplr011124353*_lc.fits in [PosixPath('/Users/emmanuel/proj/exo/kepler_local_data'), PosixPath('/Users/emmanuel/proj/phd/data_files/light_curves')]). Skipping.
2026-02-15 10:11:34,187 - __main__ - WARNING - File not found for Kepler ID: 11338091 (Expected: kplr011338091*_lc.fits in [PosixPath('/Users/emmanuel/proj/exo/kepler_local_data'), PosixPath('/Users/emmanuel/proj/phd/data_files/light_curves')]). Skipping.
2026-02-15 10:11:35,654 - __main__ - WARNING - File not found for Kepler ID: 11400356 (Expected: kplr011400356*_lc.fits in [PosixPath('/Users/emmanuel/proj/exo/kepler_local_data'), PosixPath('/Users/emmanuel/proj/phd/data_files/light_curves')]). Skipping.
2026-02-15 10:11:37,275 - __main__ - WARNING - File not found for Kepler ID: 11449696 (Expected: kplr011449696*_lc.fits in [PosixPath('/Users/emmanuel/proj/exo/kepler_local_data'), PosixPath('/Users/emmanuel/proj/phd/data_files/light_curves')]). Skipping.
2026-02-15 10:11:38,807 - __main__ - WARNING - File not found for Kepler ID: 11456839 (Expected: kplr011456839*_lc.fits in [PosixPath('/Users/emmanuel/proj/exo/kepler_local_data'), PosixPath('/Users/emmanuel/proj/phd/data_files/light_curves')]). Skipping.
2026-02-15 10:11:40,295 - __main__ - WARNING - File not found for Kepler ID: 6119605 (Expected: kplr006119605*_lc.fits in [PosixPath('/Users/emmanuel/proj/exo/kepler_local_data'), PosixPath('/Users/emmanuel/proj/phd/data_files/light_curves')]). Skipping.
2026-02-15 10:11:41,880 - __main__ - WARNING - File not found for Kepler ID: 6230649 (Expected: kplr006230649*_lc.fits in [PosixPath('/Users/emmanuel/proj/exo/kepler_local_data'), PosixPath('/Users/emmanuel/proj/phd/data_files/light_curves')]). Skipping.
2026-02-15 10:11:43,431 - __main__ - WARNING - File not found for Kepler ID: 6286633 (Expected: kplr006286633*_lc.fits in [PosixPath('/Users/emmanuel/proj/exo/kepler_local_data'), PosixPath('/Users/emmanuel/proj/phd/data_files/light_curves')]). Skipping.
2026-02-15 10:11:44,973 - __main__ - WARNING - File not found for Kepler ID: 6516529 (Expected: kplr006516529*_lc.fits in [PosixPath('/Users/emmanuel/proj/exo/kepler_local_data'), PosixPath('/Users/emmanuel/proj/phd/data_files/light_curves')]). Skipping.
2026-02-15 10:11:46,623 - __main__ - WARNING - File not found for Kepler ID: 6521526 (Expected: kplr006521526*_lc.fits in [PosixPath('/Users/emmanuel/proj/exo/kepler_local_data'), PosixPath('/Users/emmanuel/proj/phd/data_files/light_curves')]). Skipping.
2026-02-15 10:11:48,193 - __main__ - WARNING - File not found for Kepler ID: 11501492 (Expected: kplr011501492*_lc.fits in [PosixPath('/Users/emmanuel/proj/exo/kepler_local_data'), PosixPath('/Users/emmanuel/proj/phd/data_files/light_curves')]). Skipping.
2026-02-15 10:11:49,742 - __main__ - WARNING - File not found for Kepler ID: 11558217 (Expected: kplr011558217*_lc.fits in [PosixPath('/Users/emmanuel/proj/exo/kepler_local_data'), PosixPath('/Users/emmanuel/proj/phd/data_files/light_curves')]). Skipping.
2026-02-15 10:11:51,288 - __main__ - WARNING - File not found for Kepler ID: 11649292 (Expected: kplr011649292*_lc.fits in [PosixPath('/Users/emmanuel/proj/exo/kepler_local_data'), PosixPath('/Users/emmanuel/proj/phd/data_files/light_curves')]). Skipping.
2026-02-15 10:11:52,857 - __main__ - WARNING - File not found for Kepler ID: 11760931 (Expected: kplr011760931*_lc.fits in [PosixPath('/Users/emmanuel/proj/exo/kepler_local_data'), PosixPath('/Users/emmanuel/proj/phd/data_files/light_curves')]). Skipping.
2026-02-15 10:11:54,514 - __main__ - WARNING - File not found for Kepler ID: 11854061 (Expected: kplr011854061*_lc.fits in [PosixPath('/Users/emmanuel/proj/exo/kepler_local_data'), PosixPath('/Users/emmanuel/proj/phd/data_files/light_curves')]). Skipping.
2026-02-15 10:11:56,073 - __main__ - WARNING - File not found for Kepler ID: 11868122 (Expected: kplr011868122*_lc.fits in [PosixPath('/Users/emmanuel/proj/exo/kepler_local_data'), PosixPath('/Users/emmanuel/proj/phd/data_files/light_curves')]). Skipping.
2026-02-15 10:11:57,622 - __main__ - WARNING - File not found for Kepler ID: 11872364 (Expected: kplr011872364*_lc.fits in [PosixPath('/Users/emmanuel/proj/exo/kepler_local_data'), PosixPath('/Users/emmanuel/proj/phd/data_files/light_curves')]). Skipping.
2026-02-15 10:11:59,182 - __main__ - WARNING - File not found for Kepler ID: 6600492 (Expected: kplr006600492*_lc.fits in [PosixPath('/Users/emmanuel/proj/exo/kepler_local_data'), PosixPath('/Users/emmanuel/proj/phd/data_files/light_curves')]). Skipping.
2026-02-15 10:12:00,737 - __main__ - WARNING - File not found for Kepler ID: 6685403 (Expected: kplr006685403*_lc.fits in [PosixPath('/Users/emmanuel/proj/exo/kepler_local_data'), PosixPath('/Users/emmanuel/proj/phd/data_files/light_curves')]). Skipping.
2026-02-15 10:12:02,270 - __main__ - WARNING - File not found for Kepler ID: 6846544 (Expected: kplr006846544*_lc.fits in [PosixPath('/Users/emmanuel/proj/exo/kepler_local_data'), PosixPath('/Users/emmanuel/proj/phd/data_files/light_curves')]). Skipping.
2026-02-15 10:12:03,903 - __main__ - WARNING - File not found for Kepler ID: 6848529 (Expected: kplr006848529*_lc.fits in [PosixPath('/Users/emmanuel/proj/exo/kepler_local_data'), PosixPath('/Users/emmanuel/proj/phd/data_files/light_curves')]). Skipping.
2026-02-15 10:12:05,532 - __main__ - WARNING - File not found for Kepler ID: 7020168 (Expected: kplr007020168*_lc.fits in [PosixPath('/Users/emmanuel/proj/exo/kepler_local_data'), PosixPath('/Users/emmanuel/proj/phd/data_files/light_curves')]). Skipping.
2026-02-15 10:12:07,122 - __main__ - WARNING - File not found for Kepler ID: 12069319 (Expected: kplr012069319*_lc.fits in [PosixPath('/Users/emmanuel/proj/exo/kepler_local_data'), PosixPath('/Users/emmanuel/proj/phd/data_files/light_curves')]). Skipping.
2026-02-15 10:12:08,702 - __main__ - WARNING - File not found for Kepler ID: 12121118 (Expected: kplr012121118*_lc.fits in [PosixPath('/Users/emmanuel/proj/exo/kepler_local_data'), PosixPath('/Users/emmanuel/proj/phd/data_files/light_curves')]). Skipping.
2026-02-15 10:12:10,266 - __main__ - WARNING - File not found for Kepler ID: 12252732 (Expected: kplr012252732*_lc.fits in [PosixPath('/Users/emmanuel/proj/exo/kepler_local_data'), PosixPath('/Users/emmanuel/proj/phd/data_files/light_curves')]). Skipping.
2026-02-15 10:12:11,845 - __main__ - WARNING - File not found for Kepler ID: 12554051 (Expected: kplr012554051*_lc.fits in [PosixPath('/Users/emmanuel/proj/exo/kepler_local_data'), PosixPath('/Users/emmanuel/proj/phd/data_files/light_curves')]). Skipping.
2026-02-15 10:12:13,494 - __main__ - WARNING - File not found for Kepler ID: 12554485 (Expected: kplr012554485*_lc.fits in [PosixPath('/Users/emmanuel/proj/exo/kepler_local_data'), PosixPath('/Users/emmanuel/proj/phd/data_files/light_curves')]). Skipping.
2026-02-15 10:12:15,067 - __main__ - WARNING - File not found for Kepler ID: 12555140 (Expected: kplr012555140*_lc.fits in [PosixPath('/Users/emmanuel/proj/exo/kepler_local_data'), PosixPath('/Users/emmanuel/proj/phd/data_files/light_curves')]). Skipping.
2026-02-15 10:12:16,664 - __main__ - WARNING - File not found for Kepler ID: 10790401 (Expected: kplr010790401*_lc.fits in [PosixPath('/Users/emmanuel/proj/exo/kepler_local_data'), PosixPath('/Users/emmanuel/proj/phd/data_files/light_curves')]). Skipping.
2026-02-15 10:12:18,282 - __main__ - WARNING - File not found for Kepler ID: 7049771 (Expected: kplr007049771*_lc.fits in [PosixPath('/Users/emmanuel/proj/exo/kepler_local_data'), PosixPath('/Users/emmanuel/proj/phd/data_files/light_curves')]). Skipping.
2026-02-15 10:12:19,865 - __main__ - WARNING - File not found for Kepler ID: 7053328 (Expected: kplr007053328*_lc.fits in [PosixPath('/Users/emmanuel/proj/exo/kepler_local_data'), PosixPath('/Users/emmanuel/proj/phd/data_files/light_curves')]). Skipping.
2026-02-15 10:12:21,524 - __main__ - WARNING - File not found for Kepler ID: 7106437 (Expected: kplr007106437*_lc.fits in [PosixPath('/Users/emmanuel/proj/exo/kepler_local_data'), PosixPath('/Users/emmanuel/proj/phd/data_files/light_curves')]). Skipping.
2026-02-15 10:12:23,093 - __main__ - WARNING - File not found for Kepler ID: 7185710 (Expected: kplr007185710*_lc.fits in [PosixPath('/Users/emmanuel/proj/exo/kepler_local_data'), PosixPath('/Users/emmanuel/proj/phd/data_files/light_curves')]). Skipping.
2026-02-15 10:12:24,679 - __main__ - WARNING - File not found for Kepler ID: 7282872 (Expected: kplr007282872*_lc.fits in [PosixPath('/Users/emmanuel/proj/exo/kepler_local_data'), PosixPath('/Users/emmanuel/proj/phd/data_files/light_curves')]). Skipping.
2026-02-15 10:12:26,225 - __main__ - WARNING - File not found for Kepler ID: 7340624 (Expected: kplr007340624*_lc.fits in [PosixPath('/Users/emmanuel/proj/exo/kepler_local_data'), PosixPath('/Users/emmanuel/proj/phd/data_files/light_curves')]). Skipping.
2026-02-15 10:12:27,789 - __main__ - WARNING - File not found for Kepler ID: 12647110 (Expected: kplr012647110*_lc.fits in [PosixPath('/Users/emmanuel/proj/exo/kepler_local_data'), PosixPath('/Users/emmanuel/proj/phd/data_files/light_curves')]). Skipping.
2026-02-15 10:12:29,276 - __main__ - WARNING - File not found for Kepler ID: 12647757 (Expected: kplr012647757*_lc.fits in [PosixPath('/Users/emmanuel/proj/exo/kepler_local_data'), PosixPath('/Users/emmanuel/proj/phd/data_files/light_curves')]). Skipping.
2026-02-15 10:12:30,859 - __main__ - WARNING - File not found for Kepler ID: 3629119 (Expected: kplr003629119*_lc.fits in [PosixPath('/Users/emmanuel/proj/exo/kepler_local_data'), PosixPath('/Users/emmanuel/proj/phd/data_files/light_curves')]). Skipping.
2026-02-15 10:12:32,270 - __main__ - WARNING - File not found for Kepler ID: 4446859 (Expected: kplr004446859*_lc.fits in [PosixPath('/Users/emmanuel/proj/exo/kepler_local_data'), PosixPath('/Users/emmanuel/proj/phd/data_files/light_curves')]). Skipping.
2026-02-15 10:12:33,671 - __main__ - WARNING - File not found for Kepler ID: 9084569 (Expected: kplr009084569*_lc.fits in [PosixPath('/Users/emmanuel/proj/exo/kepler_local_data'), PosixPath('/Users/emmanuel/proj/phd/data_files/light_curves')]). Skipping.
2026-02-15 10:12:35,213 - __main__ - WARNING - File not found for Kepler ID: 10844823 (Expected: kplr010844823*_lc.fits in [PosixPath('/Users/emmanuel/proj/exo/kepler_local_data'), PosixPath('/Users/emmanuel/proj/phd/data_files/light_curves')]). Skipping.
2026-02-15 10:12:36,797 - __main__ - WARNING - File not found for Kepler ID: 7662744 (Expected: kplr007662744*_lc.fits in [PosixPath('/Users/emmanuel/proj/exo/kepler_local_data'), PosixPath('/Users/emmanuel/proj/phd/data_files/light_curves')]). Skipping.
2026-02-15 10:12:38,460 - __main__ - WARNING - File not found for Kepler ID: 7686191 (Expected: kplr007686191*_lc.fits in [PosixPath('/Users/emmanuel/proj/exo/kepler_local_data'), PosixPath('/Users/emmanuel/proj/phd/data_files/light_curves')]). Skipping.
2026-02-15 10:12:40,042 - __main__ - WARNING - File not found for Kepler ID: 7690521 (Expected: kplr007690521*_lc.fits in [PosixPath('/Users/emmanuel/proj/exo/kepler_local_data'), PosixPath('/Users/emmanuel/proj/phd/data_files/light_curves')]). Skipping.
2026-02-15 10:12:41,642 - __main__ - WARNING - File not found for Kepler ID: 7747835 (Expected: kplr007747835*_lc.fits in [PosixPath('/Users/emmanuel/proj/exo/kepler_local_data'), PosixPath('/Users/emmanuel/proj/phd/data_files/light_curves')]). Skipping.
2026-02-15 10:12:43,130 - __main__ - WARNING - File not found for Kepler ID: 7762886 (Expected: kplr007762886*_lc.fits in [PosixPath('/Users/emmanuel/proj/exo/kepler_local_data'), PosixPath('/Users/emmanuel/proj/phd/data_files/light_curves')]). Skipping.
2026-02-15 10:12:44,574 - __main__ - WARNING - File not found for Kepler ID: 4566999 (Expected: kplr004566999*_lc.fits in [PosixPath('/Users/emmanuel/proj/exo/kepler_local_data'), PosixPath('/Users/emmanuel/proj/phd/data_files/light_curves')]). Skipping.
2026-02-15 10:12:46,020 - __main__ - WARNING - File not found for Kepler ID: 4569942 (Expected: kplr004569942*_lc.fits in [PosixPath('/Users/emmanuel/proj/exo/kepler_local_data'), PosixPath('/Users/emmanuel/proj/phd/data_files/light_curves')]). Skipping.
2026-02-15 10:12:47,606 - __main__ - WARNING - File not found for Kepler ID: 4572728 (Expected: kplr004572728*_lc.fits in [PosixPath('/Users/emmanuel/proj/exo/kepler_local_data'), PosixPath('/Users/emmanuel/proj/phd/data_files/light_curves')]). Skipping.
2026-02-15 10:12:49,193 - __main__ - WARNING - File not found for Kepler ID: 4847801 (Expected: kplr004847801*_lc.fits in [PosixPath('/Users/emmanuel/proj/exo/kepler_local_data'), PosixPath('/Users/emmanuel/proj/phd/data_files/light_curves')]). Skipping.
2026-02-15 10:12:50,649 - __main__ - WARNING - File not found for Kepler ID: 5098334 (Expected: kplr005098334*_lc.fits in [PosixPath('/Users/emmanuel/proj/exo/kepler_local_data'), PosixPath('/Users/emmanuel/proj/phd/data_files/light_curves')]). Skipping.
2026-02-15 10:12:52,088 - __main__ - WARNING - File not found for Kepler ID: 9210820 (Expected: kplr009210820*_lc.fits in [PosixPath('/Users/emmanuel/proj/exo/kepler_local_data'), PosixPath('/Users/emmanuel/proj/phd/data_files/light_curves')]). Skipping.
2026-02-15 10:12:53,550 - __main__ - WARNING - File not found for Kepler ID: 9227215 (Expected: kplr009227215*_lc.fits in [PosixPath('/Users/emmanuel/proj/exo/kepler_local_data'), PosixPath('/Users/emmanuel/proj/phd/data_files/light_curves')]). Skipping.
2026-02-15 10:12:55,174 - __main__ - WARNING - File not found for Kepler ID: 9278575 (Expected: kplr009278575*_lc.fits in [PosixPath('/Users/emmanuel/proj/exo/kepler_local_data'), PosixPath('/Users/emmanuel/proj/phd/data_files/light_curves')]). Skipping.
2026-02-15 10:12:56,754 - __main__ - WARNING - File not found for Kepler ID: 11135119 (Expected: kplr011135119*_lc.fits in [PosixPath('/Users/emmanuel/proj/exo/kepler_local_data'), PosixPath('/Users/emmanuel/proj/phd/data_files/light_curves')]). Skipping.
2026-02-15 10:12:58,346 - __main__ - WARNING - File not found for Kepler ID: 11182706 (Expected: kplr011182706*_lc.fits in [PosixPath('/Users/emmanuel/proj/exo/kepler_local_data'), PosixPath('/Users/emmanuel/proj/phd/data_files/light_curves')]). Skipping.
2026-02-15 10:12:59,925 - __main__ - WARNING - File not found for Kepler ID: 11294822 (Expected: kplr011294822*_lc.fits in [PosixPath('/Users/emmanuel/proj/exo/kepler_local_data'), PosixPath('/Users/emmanuel/proj/phd/data_files/light_curves')]). Skipping.
2026-02-15 10:13:01,505 - __main__ - WARNING - File not found for Kepler ID: 7811537 (Expected: kplr007811537*_lc.fits in [PosixPath('/Users/emmanuel/proj/exo/kepler_local_data'), PosixPath('/Users/emmanuel/proj/phd/data_files/light_curves')]). Skipping.
2026-02-15 10:13:03,079 - __main__ - WARNING - File not found for Kepler ID: 7874976 (Expected: kplr007874976*_lc.fits in [PosixPath('/Users/emmanuel/proj/exo/kepler_local_data'), PosixPath('/Users/emmanuel/proj/phd/data_files/light_curves')]). Skipping.
2026-02-15 10:13:04,753 - __main__ - WARNING - File not found for Kepler ID: 7888957 (Expected: kplr007888957*_lc.fits in [PosixPath('/Users/emmanuel/proj/exo/kepler_local_data'), PosixPath('/Users/emmanuel/proj/phd/data_files/light_curves')]). Skipping.
2026-02-15 10:13:06,435 - __main__ - WARNING - File not found for Kepler ID: 7900114 (Expected: kplr007900114*_lc.fits in [PosixPath('/Users/emmanuel/proj/exo/kepler_local_data'), PosixPath('/Users/emmanuel/proj/phd/data_files/light_curves')]). Skipping.
2026-02-15 10:13:08,046 - __main__ - WARNING - File not found for Kepler ID: 7936194 (Expected: kplr007936194*_lc.fits in [PosixPath('/Users/emmanuel/proj/exo/kepler_local_data'), PosixPath('/Users/emmanuel/proj/phd/data_files/light_curves')]). Skipping.
2026-02-15 10:13:09,645 - __main__ - WARNING - File not found for Kepler ID: 7959310 (Expected: kplr007959310*_lc.fits in [PosixPath('/Users/emmanuel/proj/exo/kepler_local_data'), PosixPath('/Users/emmanuel/proj/phd/data_files/light_curves')]). Skipping.
2026-02-15 10:13:11,223 - __main__ - WARNING - File not found for Kepler ID: 8012732 (Expected: kplr008012732*_lc.fits in [PosixPath('/Users/emmanuel/proj/exo/kepler_local_data'), PosixPath('/Users/emmanuel/proj/phd/data_files/light_curves')]). Skipping.
2026-02-15 10:13:12,934 - __main__ - WARNING - File not found for Kepler ID: 5468555 (Expected: kplr005468555*_lc.fits in [PosixPath('/Users/emmanuel/proj/exo/kepler_local_data'), PosixPath('/Users/emmanuel/proj/phd/data_files/light_curves')]). Skipping.
2026-02-15 10:13:14,519 - __main__ - WARNING - File not found for Kepler ID: 5638699 (Expected: kplr005638699*_lc.fits in [PosixPath('/Users/emmanuel/proj/exo/kepler_local_data'), PosixPath('/Users/emmanuel/proj/phd/data_files/light_curves')]). Skipping.
2026-02-15 10:13:16,105 - __main__ - WARNING - File not found for Kepler ID: 5956171 (Expected: kplr005956171*_lc.fits in [PosixPath('/Users/emmanuel/proj/exo/kepler_local_data'), PosixPath('/Users/emmanuel/proj/phd/data_files/light_curves')]). Skipping.
2026-02-15 10:13:17,697 - __main__ - WARNING - File not found for Kepler ID: 6032318 (Expected: kplr006032318*_lc.fits in [PosixPath('/Users/emmanuel/proj/exo/kepler_local_data'), PosixPath('/Users/emmanuel/proj/phd/data_files/light_curves')]). Skipping.
2026-02-15 10:13:19,248 - __main__ - WARNING - File not found for Kepler ID: 9392016 (Expected: kplr009392016*_lc.fits in [PosixPath('/Users/emmanuel/proj/exo/kepler_local_data'), PosixPath('/Users/emmanuel/proj/phd/data_files/light_curves')]). Skipping.
2026-02-15 10:13:20,687 - __main__ - WARNING - File not found for Kepler ID: 9469494 (Expected: kplr009469494*_lc.fits in [PosixPath('/Users/emmanuel/proj/exo/kepler_local_data'), PosixPath('/Users/emmanuel/proj/phd/data_files/light_curves')]). Skipping.
2026-02-15 10:13:22,221 - __main__ - WARNING - File not found for Kepler ID: 9521317 (Expected: kplr009521317*_lc.fits in [PosixPath('/Users/emmanuel/proj/exo/kepler_local_data'), PosixPath('/Users/emmanuel/proj/phd/data_files/light_curves')]). Skipping.
2026-02-15 10:13:23,688 - __main__ - WARNING - File not found for Kepler ID: 11296205 (Expected: kplr011296205*_lc.fits in [PosixPath('/Users/emmanuel/proj/exo/kepler_local_data'), PosixPath('/Users/emmanuel/proj/phd/data_files/light_curves')]). Skipping.
2026-02-15 10:13:25,294 - __main__ - WARNING - File not found for Kepler ID: 11348086 (Expected: kplr011348086*_lc.fits in [PosixPath('/Users/emmanuel/proj/exo/kepler_local_data'), PosixPath('/Users/emmanuel/proj/phd/data_files/light_curves')]). Skipping.
2026-02-15 10:13:26,785 - __main__ - WARNING - File not found for Kepler ID: 11350634 (Expected: kplr011350634*_lc.fits in [PosixPath('/Users/emmanuel/proj/exo/kepler_local_data'), PosixPath('/Users/emmanuel/proj/phd/data_files/light_curves')]). Skipping.
2026-02-15 10:13:28,211 - __main__ - WARNING - File not found for Kepler ID: 11357185 (Expected: kplr011357185*_lc.fits in [PosixPath('/Users/emmanuel/proj/exo/kepler_local_data'), PosixPath('/Users/emmanuel/proj/phd/data_files/light_curves')]). Skipping.
2026-02-15 10:13:29,835 - __main__ - WARNING - File not found for Kepler ID: 8028465 (Expected: kplr008028465*_lc.fits in [PosixPath('/Users/emmanuel/proj/exo/kepler_local_data'), PosixPath('/Users/emmanuel/proj/phd/data_files/light_curves')]). Skipping.
2026-02-15 10:13:31,395 - __main__ - WARNING - File not found for Kepler ID: 8226720 (Expected: kplr008226720*_lc.fits in [PosixPath('/Users/emmanuel/proj/exo/kepler_local_data'), PosixPath('/Users/emmanuel/proj/phd/data_files/light_curves')]). Skipping.
2026-02-15 10:13:32,953 - __main__ - WARNING - File not found for Kepler ID: 8307354 (Expected: kplr008307354*_lc.fits in [PosixPath('/Users/emmanuel/proj/exo/kepler_local_data'), PosixPath('/Users/emmanuel/proj/phd/data_files/light_curves')]). Skipping.
2026-02-15 10:13:34,714 - __main__ - WARNING - File not found for Kepler ID: 8439949 (Expected: kplr008439949*_lc.fits in [PosixPath('/Users/emmanuel/proj/exo/kepler_local_data'), PosixPath('/Users/emmanuel/proj/phd/data_files/light_curves')]). Skipping.
2026-02-15 10:13:36,286 - __main__ - WARNING - File not found for Kepler ID: 8588982 (Expected: kplr008588982*_lc.fits in [PosixPath('/Users/emmanuel/proj/exo/kepler_local_data'), PosixPath('/Users/emmanuel/proj/phd/data_files/light_curves')]). Skipping.
2026-02-15 10:13:37,727 - __main__ - WARNING - File not found for Kepler ID: 6195669 (Expected: kplr006195669*_lc.fits in [PosixPath('/Users/emmanuel/proj/exo/kepler_local_data'), PosixPath('/Users/emmanuel/proj/phd/data_files/light_curves')]). Skipping.
2026-02-15 10:13:39,272 - __main__ - WARNING - File not found for Kepler ID: 6356506 (Expected: kplr006356506*_lc.fits in [PosixPath('/Users/emmanuel/proj/exo/kepler_local_data'), PosixPath('/Users/emmanuel/proj/phd/data_files/light_curves')]). Skipping.
2026-02-15 10:13:40,937 - __main__ - WARNING - File not found for Kepler ID: 6681618 (Expected: kplr006681618*_lc.fits in [PosixPath('/Users/emmanuel/proj/exo/kepler_local_data'), PosixPath('/Users/emmanuel/proj/phd/data_files/light_curves')]). Skipping.
2026-02-15 10:13:42,614 - __main__ - WARNING - File not found for Kepler ID: 6946985 (Expected: kplr006946985*_lc.fits in [PosixPath('/Users/emmanuel/proj/exo/kepler_local_data'), PosixPath('/Users/emmanuel/proj/phd/data_files/light_curves')]). Skipping.
2026-02-15 10:13:44,188 - __main__ - WARNING - File not found for Kepler ID: 7106438 (Expected: kplr007106438*_lc.fits in [PosixPath('/Users/emmanuel/proj/exo/kepler_local_data'), PosixPath('/Users/emmanuel/proj/phd/data_files/light_curves')]). Skipping.
2026-02-15 10:13:45,682 - __main__ - WARNING - File not found for Kepler ID: 11565903 (Expected: kplr011565903*_lc.fits in [PosixPath('/Users/emmanuel/proj/exo/kepler_local_data'), PosixPath('/Users/emmanuel/proj/phd/data_files/light_curves')]). Skipping.
2026-02-15 10:13:47,106 - __main__ - WARNING - File not found for Kepler ID: 11661803 (Expected: kplr011661803*_lc.fits in [PosixPath('/Users/emmanuel/proj/exo/kepler_local_data'), PosixPath('/Users/emmanuel/proj/phd/data_files/light_curves')]). Skipping.
2026-02-15 10:13:48,803 - __main__ - WARNING - File not found for Kepler ID: 11661803 (Expected: kplr011661803*_lc.fits in [PosixPath('/Users/emmanuel/proj/exo/kepler_local_data'), PosixPath('/Users/emmanuel/proj/phd/data_files/light_curves')]). Skipping.
2026-02-15 10:13:50,429 - __main__ - WARNING - File not found for Kepler ID: 8608544 (Expected: kplr008608544*_lc.fits in [PosixPath('/Users/emmanuel/proj/exo/kepler_local_data'), PosixPath('/Users/emmanuel/proj/phd/data_files/light_curves')]). Skipping.
2026-02-15 10:13:51,986 - __main__ - WARNING - File not found for Kepler ID: 8608544 (Expected: kplr008608544*_lc.fits in [PosixPath('/Users/emmanuel/proj/exo/kepler_local_data'), PosixPath('/Users/emmanuel/proj/phd/data_files/light_curves')]). Skipping.
2026-02-15 10:13:53,549 - __main__ - WARNING - File not found for Kepler ID: 8618147 (Expected: kplr008618147*_lc.fits in [PosixPath('/Users/emmanuel/proj/exo/kepler_local_data'), PosixPath('/Users/emmanuel/proj/phd/data_files/light_curves')]). Skipping.
2026-02-15 10:13:55,285 - __main__ - WARNING - File not found for Kepler ID: 8630840 (Expected: kplr008630840*_lc.fits in [PosixPath('/Users/emmanuel/proj/exo/kepler_local_data'), PosixPath('/Users/emmanuel/proj/phd/data_files/light_curves')]). Skipping.
2026-02-15 10:13:57,055 - __main__ - WARNING - File not found for Kepler ID: 8683144 (Expected: kplr008683144*_lc.fits in [PosixPath('/Users/emmanuel/proj/exo/kepler_local_data'), PosixPath('/Users/emmanuel/proj/phd/data_files/light_curves')]). Skipping.
2026-02-15 10:13:58,647 - __main__ - WARNING - File not found for Kepler ID: 8708961 (Expected: kplr008708961*_lc.fits in [PosixPath('/Users/emmanuel/proj/exo/kepler_local_data'), PosixPath('/Users/emmanuel/proj/phd/data_files/light_curves')]). Skipping.
2026-02-15 10:14:00,269 - __main__ - WARNING - File not found for Kepler ID: 8740744 (Expected: kplr008740744*_lc.fits in [PosixPath('/Users/emmanuel/proj/exo/kepler_local_data'), PosixPath('/Users/emmanuel/proj/phd/data_files/light_curves')]). Skipping.
2026-02-15 10:14:01,899 - __main__ - WARNING - File not found for Kepler ID: 7451315 (Expected: kplr007451315*_lc.fits in [PosixPath('/Users/emmanuel/proj/exo/kepler_local_data'), PosixPath('/Users/emmanuel/proj/phd/data_files/light_curves')]). Skipping.
2026-02-15 10:14:03,471 - __main__ - WARNING - File not found for Kepler ID: 7751294 (Expected: kplr007751294*_lc.fits in [PosixPath('/Users/emmanuel/proj/exo/kepler_local_data'), PosixPath('/Users/emmanuel/proj/phd/data_files/light_curves')]). Skipping.
2026-02-15 10:14:05,020 - __main__ - WARNING - File not found for Kepler ID: 7832787 (Expected: kplr007832787*_lc.fits in [PosixPath('/Users/emmanuel/proj/exo/kepler_local_data'), PosixPath('/Users/emmanuel/proj/phd/data_files/light_curves')]). Skipping.
2026-02-15 10:14:06,701 - __main__ - WARNING - File not found for Kepler ID: 8022520 (Expected: kplr008022520*_lc.fits in [PosixPath('/Users/emmanuel/proj/exo/kepler_local_data'), PosixPath('/Users/emmanuel/proj/phd/data_files/light_curves')]). Skipping.
2026-02-15 10:14:08,272 - __main__ - WARNING - File not found for Kepler ID: 8108450 (Expected: kplr008108450*_lc.fits in [PosixPath('/Users/emmanuel/proj/exo/kepler_local_data'), PosixPath('/Users/emmanuel/proj/phd/data_files/light_curves')]). Skipping.
2026-02-15 10:14:09,844 - __main__ - WARNING - File not found for Kepler ID: 8293631 (Expected: kplr008293631*_lc.fits in [PosixPath('/Users/emmanuel/proj/exo/kepler_local_data'), PosixPath('/Users/emmanuel/proj/phd/data_files/light_curves')]). Skipping.
2026-02-15 10:14:11,456 - __main__ - WARNING - File not found for Kepler ID: 9650579 (Expected: kplr009650579*_lc.fits in [PosixPath('/Users/emmanuel/proj/exo/kepler_local_data'), PosixPath('/Users/emmanuel/proj/phd/data_files/light_curves')]). Skipping.
2026-02-15 10:14:13,069 - __main__ - WARNING - File not found for Kepler ID: 9650762 (Expected: kplr009650762*_lc.fits in [PosixPath('/Users/emmanuel/proj/exo/kepler_local_data'), PosixPath('/Users/emmanuel/proj/phd/data_files/light_curves')]). Skipping.
2026-02-15 10:14:14,747 - __main__ - WARNING - File not found for Kepler ID: 11714107 (Expected: kplr011714107*_lc.fits in [PosixPath('/Users/emmanuel/proj/exo/kepler_local_data'), PosixPath('/Users/emmanuel/proj/phd/data_files/light_curves')]). Skipping.
2026-02-15 10:14:16,344 - __main__ - WARNING - File not found for Kepler ID: 8742735 (Expected: kplr008742735*_lc.fits in [PosixPath('/Users/emmanuel/proj/exo/kepler_local_data'), PosixPath('/Users/emmanuel/proj/phd/data_files/light_curves')]). Skipping.
2026-02-15 10:14:17,964 - __main__ - WARNING - File not found for Kepler ID: 8743244 (Expected: kplr008743244*_lc.fits in [PosixPath('/Users/emmanuel/proj/exo/kepler_local_data'), PosixPath('/Users/emmanuel/proj/phd/data_files/light_curves')]). Skipping.
2026-02-15 10:14:19,582 - __main__ - WARNING - File not found for Kepler ID: 8743244 (Expected: kplr008743244*_lc.fits in [PosixPath('/Users/emmanuel/proj/exo/kepler_local_data'), PosixPath('/Users/emmanuel/proj/phd/data_files/light_curves')]). Skipping.
2026-02-15 10:14:21,212 - __main__ - WARNING - File not found for Kepler ID: 8748435 (Expected: kplr008748435*_lc.fits in [PosixPath('/Users/emmanuel/proj/exo/kepler_local_data'), PosixPath('/Users/emmanuel/proj/phd/data_files/light_curves')]). Skipping.
2026-02-15 10:14:22,803 - __main__ - WARNING - File not found for Kepler ID: 8808064 (Expected: kplr008808064*_lc.fits in [PosixPath('/Users/emmanuel/proj/exo/kepler_local_data'), PosixPath('/Users/emmanuel/proj/phd/data_files/light_curves')]). Skipping.
2026-02-15 10:14:24,553 - __main__ - WARNING - File not found for Kepler ID: 8813404 (Expected: kplr008813404*_lc.fits in [PosixPath('/Users/emmanuel/proj/exo/kepler_local_data'), PosixPath('/Users/emmanuel/proj/phd/data_files/light_curves')]). Skipping.
2026-02-15 10:14:26,170 - __main__ - WARNING - File not found for Kepler ID: 8329346 (Expected: kplr008329346*_lc.fits in [PosixPath('/Users/emmanuel/proj/exo/kepler_local_data'), PosixPath('/Users/emmanuel/proj/phd/data_files/light_curves')]). Skipping.
2026-02-15 10:14:27,583 - __main__ - WARNING - File not found for Kepler ID: 8637903 (Expected: kplr008637903*_lc.fits in [PosixPath('/Users/emmanuel/proj/exo/kepler_local_data'), PosixPath('/Users/emmanuel/proj/phd/data_files/light_curves')]). Skipping.
2026-02-15 10:14:29,008 - __main__ - WARNING - File not found for Kepler ID: 8873674 (Expected: kplr008873674*_lc.fits in [PosixPath('/Users/emmanuel/proj/exo/kepler_local_data'), PosixPath('/Users/emmanuel/proj/phd/data_files/light_curves')]). Skipping.
2026-02-15 10:14:30,473 - __main__ - WARNING - File not found for Kepler ID: 9011955 (Expected: kplr009011955*_lc.fits in [PosixPath('/Users/emmanuel/proj/exo/kepler_local_data'), PosixPath('/Users/emmanuel/proj/phd/data_files/light_curves')]). Skipping.
2026-02-15 10:14:32,075 - __main__ - WARNING - File not found for Kepler ID: 9209808 (Expected: kplr009209808*_lc.fits in [PosixPath('/Users/emmanuel/proj/exo/kepler_local_data'), PosixPath('/Users/emmanuel/proj/phd/data_files/light_curves')]). Skipping.
2026-02-15 10:14:33,640 - __main__ - WARNING - File not found for Kepler ID: 9710611 (Expected: kplr009710611*_lc.fits in [PosixPath('/Users/emmanuel/proj/exo/kepler_local_data'), PosixPath('/Users/emmanuel/proj/phd/data_files/light_curves')]). Skipping.
2026-02-15 10:14:35,001 - __main__ - WARNING - File not found for Kepler ID: 9710626 (Expected: kplr009710626*_lc.fits in [PosixPath('/Users/emmanuel/proj/exo/kepler_local_data'), PosixPath('/Users/emmanuel/proj/phd/data_files/light_curves')]). Skipping.
2026-02-15 10:14:36,392 - __main__ - WARNING - File not found for Kepler ID: 9710792 (Expected: kplr009710792*_lc.fits in [PosixPath('/Users/emmanuel/proj/exo/kepler_local_data'), PosixPath('/Users/emmanuel/proj/phd/data_files/light_curves')]). Skipping.
2026-02-15 10:14:37,870 - __main__ - WARNING - File not found for Kepler ID: 11922290 (Expected: kplr011922290*_lc.fits in [PosixPath('/Users/emmanuel/proj/exo/kepler_local_data'), PosixPath('/Users/emmanuel/proj/phd/data_files/light_curves')]). Skipping.
2026-02-15 10:14:39,224 - __main__ - WARNING - File not found for Kepler ID: 11966668 (Expected: kplr011966668*_lc.fits in [PosixPath('/Users/emmanuel/proj/exo/kepler_local_data'), PosixPath('/Users/emmanuel/proj/phd/data_files/light_curves')]). Skipping.
2026-02-15 10:14:40,647 - __main__ - WARNING - File not found for Kepler ID: 11967872 (Expected: kplr011967872*_lc.fits in [PosixPath('/Users/emmanuel/proj/exo/kepler_local_data'), PosixPath('/Users/emmanuel/proj/phd/data_files/light_curves')]). Skipping.
2026-02-15 10:14:41,985 - __main__ - WARNING - File not found for Kepler ID: 8815031 (Expected: kplr008815031*_lc.fits in [PosixPath('/Users/emmanuel/proj/exo/kepler_local_data'), PosixPath('/Users/emmanuel/proj/phd/data_files/light_curves')]). Skipping.
2026-02-15 10:14:43,348 - __main__ - WARNING - File not found for Kepler ID: 8821936 (Expected: kplr008821936*_lc.fits in [PosixPath('/Users/emmanuel/proj/exo/kepler_local_data'), PosixPath('/Users/emmanuel/proj/phd/data_files/light_curves')]). Skipping.
2026-02-15 10:14:44,712 - __main__ - WARNING - File not found for Kepler ID: 8832676 (Expected: kplr008832676*_lc.fits in [PosixPath('/Users/emmanuel/proj/exo/kepler_local_data'), PosixPath('/Users/emmanuel/proj/phd/data_files/light_curves')]). Skipping.
2026-02-15 10:14:46,053 - __main__ - WARNING - File not found for Kepler ID: 8873873 (Expected: kplr008873873*_lc.fits in [PosixPath('/Users/emmanuel/proj/exo/kepler_local_data'), PosixPath('/Users/emmanuel/proj/phd/data_files/light_curves')]). Skipping.
2026-02-15 10:14:47,475 - __main__ - WARNING - File not found for Kepler ID: 9075882 (Expected: kplr009075882*_lc.fits in [PosixPath('/Users/emmanuel/proj/exo/kepler_local_data'), PosixPath('/Users/emmanuel/proj/phd/data_files/light_curves')]). Skipping.
2026-02-15 10:14:48,831 - __main__ - WARNING - File not found for Kepler ID: 9084832 (Expected: kplr009084832*_lc.fits in [PosixPath('/Users/emmanuel/proj/exo/kepler_local_data'), PosixPath('/Users/emmanuel/proj/phd/data_files/light_curves')]). Skipping.
2026-02-15 10:14:50,212 - __main__ - WARNING - File not found for Kepler ID: 9239670 (Expected: kplr009239670*_lc.fits in [PosixPath('/Users/emmanuel/proj/exo/kepler_local_data'), PosixPath('/Users/emmanuel/proj/phd/data_files/light_curves')]). Skipping.
2026-02-15 10:14:51,549 - __main__ - WARNING - File not found for Kepler ID: 9388557 (Expected: kplr009388557*_lc.fits in [PosixPath('/Users/emmanuel/proj/exo/kepler_local_data'), PosixPath('/Users/emmanuel/proj/phd/data_files/light_curves')]). Skipping.
2026-02-15 10:14:52,945 - __main__ - WARNING - File not found for Kepler ID: 9536836 (Expected: kplr009536836*_lc.fits in [PosixPath('/Users/emmanuel/proj/exo/kepler_local_data'), PosixPath('/Users/emmanuel/proj/phd/data_files/light_curves')]). Skipping.
2026-02-15 10:14:54,327 - __main__ - WARNING - File not found for Kepler ID: 9592621 (Expected: kplr009592621*_lc.fits in [PosixPath('/Users/emmanuel/proj/exo/kepler_local_data'), PosixPath('/Users/emmanuel/proj/phd/data_files/light_curves')]). Skipping.
2026-02-15 10:14:55,797 - __main__ - WARNING - File not found for Kepler ID: 10010452 (Expected: kplr010010452*_lc.fits in [PosixPath('/Users/emmanuel/proj/exo/kepler_local_data'), PosixPath('/Users/emmanuel/proj/phd/data_files/light_curves')]). Skipping.
2026-02-15 10:14:57,140 - __main__ - WARNING - File not found for Kepler ID: 9839062 (Expected: kplr009839062*_lc.fits in [PosixPath('/Users/emmanuel/proj/exo/kepler_local_data'), PosixPath('/Users/emmanuel/proj/phd/data_files/light_curves')]). Skipping.
2026-02-15 10:14:58,428 - __main__ - WARNING - File not found for Kepler ID: 9114508 (Expected: kplr009114508*_lc.fits in [PosixPath('/Users/emmanuel/proj/exo/kepler_local_data'), PosixPath('/Users/emmanuel/proj/phd/data_files/light_curves')]). Skipping.
2026-02-15 10:14:59,739 - __main__ - WARNING - File not found for Kepler ID: 9216810 (Expected: kplr009216810*_lc.fits in [PosixPath('/Users/emmanuel/proj/exo/kepler_local_data'), PosixPath('/Users/emmanuel/proj/phd/data_files/light_curves')]). Skipping.
2026-02-15 10:15:01,099 - __main__ - WARNING - File not found for Kepler ID: 9268159 (Expected: kplr009268159*_lc.fits in [PosixPath('/Users/emmanuel/proj/exo/kepler_local_data'), PosixPath('/Users/emmanuel/proj/phd/data_files/light_curves')]). Skipping.
2026-02-15 10:15:02,553 - __main__ - WARNING - File not found for Kepler ID: 9340460 (Expected: kplr009340460*_lc.fits in [PosixPath('/Users/emmanuel/proj/exo/kepler_local_data'), PosixPath('/Users/emmanuel/proj/phd/data_files/light_curves')]). Skipping.
2026-02-15 10:15:03,841 - __main__ - WARNING - File not found for Kepler ID: 9649205 (Expected: kplr009649205*_lc.fits in [PosixPath('/Users/emmanuel/proj/exo/kepler_local_data'), PosixPath('/Users/emmanuel/proj/phd/data_files/light_curves')]). Skipping.
2026-02-15 10:15:05,146 - __main__ - WARNING - File not found for Kepler ID: 10459805 (Expected: kplr010459805*_lc.fits in [PosixPath('/Users/emmanuel/proj/exo/kepler_local_data'), PosixPath('/Users/emmanuel/proj/phd/data_files/light_curves')]). Skipping.
2026-02-15 10:15:06,440 - __main__ - WARNING - File not found for Kepler ID: 10532751 (Expected: kplr010532751*_lc.fits in [PosixPath('/Users/emmanuel/proj/exo/kepler_local_data'), PosixPath('/Users/emmanuel/proj/phd/data_files/light_curves')]). Skipping.
2026-02-15 10:15:07,740 - __main__ - WARNING - File not found for Kepler ID: 10585887 (Expected: kplr010585887*_lc.fits in [PosixPath('/Users/emmanuel/proj/exo/kepler_local_data'), PosixPath('/Users/emmanuel/proj/phd/data_files/light_curves')]). Skipping.
2026-02-15 10:15:09,046 - __main__ - WARNING - File not found for Kepler ID: 11867733 (Expected: kplr011867733*_lc.fits in [PosixPath('/Users/emmanuel/proj/exo/kepler_local_data'), PosixPath('/Users/emmanuel/proj/phd/data_files/light_curves')]). Skipping.
2026-02-15 10:15:10,420 - __main__ - WARNING - File not found for Kepler ID: 12644020 (Expected: kplr012644020*_lc.fits in [PosixPath('/Users/emmanuel/proj/exo/kepler_local_data'), PosixPath('/Users/emmanuel/proj/phd/data_files/light_curves')]). Skipping.
2026-02-15 10:15:11,711 - __main__ - WARNING - File not found for Kepler ID: 2010152 (Expected: kplr002010152*_lc.fits in [PosixPath('/Users/emmanuel/proj/exo/kepler_local_data'), PosixPath('/Users/emmanuel/proj/phd/data_files/light_curves')]). Skipping.
2026-02-15 10:15:12,998 - __main__ - WARNING - File not found for Kepler ID: 2284957 (Expected: kplr002284957*_lc.fits in [PosixPath('/Users/emmanuel/proj/exo/kepler_local_data'), PosixPath('/Users/emmanuel/proj/phd/data_files/light_curves')]). Skipping.
2026-02-15 10:15:14,320 - __main__ - WARNING - File not found for Kepler ID: 3533483 (Expected: kplr003533483*_lc.fits in [PosixPath('/Users/emmanuel/proj/exo/kepler_local_data'), PosixPath('/Users/emmanuel/proj/phd/data_files/light_curves')]). Skipping.
2026-02-15 10:15:15,642 - __main__ - WARNING - File not found for Kepler ID: 3663850 (Expected: kplr003663850*_lc.fits in [PosixPath('/Users/emmanuel/proj/exo/kepler_local_data'), PosixPath('/Users/emmanuel/proj/phd/data_files/light_curves')]). Skipping.
2026-02-15 10:15:16,927 - __main__ - WARNING - File not found for Kepler ID: 9771576 (Expected: kplr009771576*_lc.fits in [PosixPath('/Users/emmanuel/proj/exo/kepler_local_data'), PosixPath('/Users/emmanuel/proj/phd/data_files/light_curves')]). Skipping.
2026-02-15 10:15:18,308 - __main__ - WARNING - File not found for Kepler ID: 9827094 (Expected: kplr009827094*_lc.fits in [PosixPath('/Users/emmanuel/proj/exo/kepler_local_data'), PosixPath('/Users/emmanuel/proj/phd/data_files/light_curves')]). Skipping.
2026-02-15 10:15:19,608 - __main__ - WARNING - File not found for Kepler ID: 9837720 (Expected: kplr009837720*_lc.fits in [PosixPath('/Users/emmanuel/proj/exo/kepler_local_data'), PosixPath('/Users/emmanuel/proj/phd/data_files/light_curves')]). Skipping.
2026-02-15 10:15:20,925 - __main__ - WARNING - File not found for Kepler ID: 9873604 (Expected: kplr009873604*_lc.fits in [PosixPath('/Users/emmanuel/proj/exo/kepler_local_data'), PosixPath('/Users/emmanuel/proj/phd/data_files/light_curves')]). Skipping.
2026-02-15 10:15:22,214 - __main__ - WARNING - File not found for Kepler ID: 9874581 (Expected: kplr009874581*_lc.fits in [PosixPath('/Users/emmanuel/proj/exo/kepler_local_data'), PosixPath('/Users/emmanuel/proj/phd/data_files/light_curves')]). Skipping.
2026-02-15 10:15:23,504 - __main__ - WARNING - File not found for Kepler ID: 9962731 (Expected: kplr009962731*_lc.fits in [PosixPath('/Users/emmanuel/proj/exo/kepler_local_data'), PosixPath('/Users/emmanuel/proj/phd/data_files/light_curves')]). Skipping.
2026-02-15 10:15:24,875 - __main__ - WARNING - File not found for Kepler ID: 12117215 (Expected: kplr012117215*_lc.fits in [PosixPath('/Users/emmanuel/proj/exo/kepler_local_data'), PosixPath('/Users/emmanuel/proj/phd/data_files/light_curves')]). Skipping.
2026-02-15 10:15:26,314 - __main__ - WARNING - File not found for Kepler ID: 12168280 (Expected: kplr012168280*_lc.fits in [PosixPath('/Users/emmanuel/proj/exo/kepler_local_data'), PosixPath('/Users/emmanuel/proj/phd/data_files/light_curves')]). Skipping.
2026-02-15 10:15:27,637 - __main__ - WARNING - File not found for Kepler ID: 10011213 (Expected: kplr010011213*_lc.fits in [PosixPath('/Users/emmanuel/proj/exo/kepler_local_data'), PosixPath('/Users/emmanuel/proj/phd/data_files/light_curves')]). Skipping.
2026-02-15 10:15:28,927 - __main__ - WARNING - File not found for Kepler ID: 10014875 (Expected: kplr010014875*_lc.fits in [PosixPath('/Users/emmanuel/proj/exo/kepler_local_data'), PosixPath('/Users/emmanuel/proj/phd/data_files/light_curves')]). Skipping.
2026-02-15 10:15:30,218 - __main__ - WARNING - File not found for Kepler ID: 4056579 (Expected: kplr004056579*_lc.fits in [PosixPath('/Users/emmanuel/proj/exo/kepler_local_data'), PosixPath('/Users/emmanuel/proj/phd/data_files/light_curves')]). Skipping.
2026-02-15 10:15:31,605 - __main__ - WARNING - File not found for Kepler ID: 4276445 (Expected: kplr004276445*_lc.fits in [PosixPath('/Users/emmanuel/proj/exo/kepler_local_data'), PosixPath('/Users/emmanuel/proj/phd/data_files/light_curves')]). Skipping.
2026-02-15 10:15:33,159 - __main__ - WARNING - File not found for Kepler ID: 4557341 (Expected: kplr004557341*_lc.fits in [PosixPath('/Users/emmanuel/proj/exo/kepler_local_data'), PosixPath('/Users/emmanuel/proj/phd/data_files/light_curves')]). Skipping.
2026-02-15 10:15:34,533 - __main__ - WARNING - File not found for Kepler ID: 4645492 (Expected: kplr004645492*_lc.fits in [PosixPath('/Users/emmanuel/proj/exo/kepler_local_data'), PosixPath('/Users/emmanuel/proj/phd/data_files/light_curves')]). Skipping.
2026-02-15 10:15:35,824 - __main__ - WARNING - File not found for Kepler ID: 4738095 (Expected: kplr004738095*_lc.fits in [PosixPath('/Users/emmanuel/proj/exo/kepler_local_data'), PosixPath('/Users/emmanuel/proj/phd/data_files/light_curves')]). Skipping.
2026-02-15 10:15:37,117 - __main__ - WARNING - File not found for Kepler ID: 10023069 (Expected: kplr010023069*_lc.fits in [PosixPath('/Users/emmanuel/proj/exo/kepler_local_data'), PosixPath('/Users/emmanuel/proj/phd/data_files/light_curves')]). Skipping.
2026-02-15 10:15:38,436 - __main__ - WARNING - File not found for Kepler ID: 10028127 (Expected: kplr010028127*_lc.fits in [PosixPath('/Users/emmanuel/proj/exo/kepler_local_data'), PosixPath('/Users/emmanuel/proj/phd/data_files/light_curves')]). Skipping.
2026-02-15 10:15:39,824 - __main__ - WARNING - File not found for Kepler ID: 10079317 (Expected: kplr010079317*_lc.fits in [PosixPath('/Users/emmanuel/proj/exo/kepler_local_data'), PosixPath('/Users/emmanuel/proj/phd/data_files/light_curves')]). Skipping.
2026-02-15 10:15:41,112 - __main__ - WARNING - File not found for Kepler ID: 10079481 (Expected: kplr010079481*_lc.fits in [PosixPath('/Users/emmanuel/proj/exo/kepler_local_data'), PosixPath('/Users/emmanuel/proj/phd/data_files/light_curves')]). Skipping.
2026-02-15 10:15:42,401 - __main__ - WARNING - File not found for Kepler ID: 10081899 (Expected: kplr010081899*_lc.fits in [PosixPath('/Users/emmanuel/proj/exo/kepler_local_data'), PosixPath('/Users/emmanuel/proj/phd/data_files/light_curves')]). Skipping.
2026-02-15 10:15:43,708 - __main__ - WARNING - File not found for Kepler ID: 10199817 (Expected: kplr010199817*_lc.fits in [PosixPath('/Users/emmanuel/proj/exo/kepler_local_data'), PosixPath('/Users/emmanuel/proj/phd/data_files/light_curves')]). Skipping.
2026-02-15 10:15:45,038 - __main__ - WARNING - File not found for Kepler ID: 10205598 (Expected: kplr010205598*_lc.fits in [PosixPath('/Users/emmanuel/proj/exo/kepler_local_data'), PosixPath('/Users/emmanuel/proj/phd/data_files/light_curves')]). Skipping.
2026-02-15 10:15:46,339 - __main__ - WARNING - File not found for Kepler ID: 10155286 (Expected: kplr010155286*_lc.fits in [PosixPath('/Users/emmanuel/proj/exo/kepler_local_data'), PosixPath('/Users/emmanuel/proj/phd/data_files/light_curves')]). Skipping.
2026-02-15 10:15:46,339 - __main__ - WARNING - No survey results to save.
2026-02-15 10:15:46,340 - __main__ - INFO - Long-Period Gap Fill Survey complete: Processed 1554 targets (actual results: 0).
2026-02-15 10:21:05,276 - __main__ - INFO - Starting Long-Period Gap Fill Survey for Kepler targets.
2026-02-15 10:21:05,284 - __main__ - INFO - Loaded combined metadata from: /Users/emmanuel/proj/phd/data_files/full_metadata_v2.csv
2026-02-15 10:21:05,285 - __main__ - INFO - Found 1554 Long-Period Kepler Targets to process.
2026-02-15 10:21:05,372 - __main__ - INFO - Model loaded from /Users/emmanuel/proj/phd/results/run_20260125-144401/exo_multimodal_model_best.h5
2026-02-15 10:21:09,993 - __main__ - INFO - Found 36 Long-Period Kepler Targets with available FITS files to process.
2026-02-15 10:21:11,402 - __main__ - ERROR - FATAL: File not found for Kepler ID: 10528068 (Expected: kplr010528068*_lc.fits in [PosixPath('/Users/emmanuel/proj/exo/kepler_local_data'), PosixPath('/Users/emmanuel/proj/phd/data_files/light_curves')]), but it was expected to exist. Skipping.
2026-02-15 10:21:12,844 - __main__ - ERROR - FATAL: File not found for Kepler ID: 11122894 (Expected: kplr011122894*_lc.fits in [PosixPath('/Users/emmanuel/proj/exo/kepler_local_data'), PosixPath('/Users/emmanuel/proj/phd/data_files/light_curves')]), but it was expected to exist. Skipping.
2026-02-15 10:21:14,265 - __main__ - ERROR - FATAL: File not found for Kepler ID: 11027624 (Expected: kplr011027624*_lc.fits in [PosixPath('/Users/emmanuel/proj/exo/kepler_local_data'), PosixPath('/Users/emmanuel/proj/phd/data_files/light_curves')]), but it was expected to exist. Skipping.
2026-02-15 10:21:15,683 - __main__ - ERROR - FATAL: File not found for Kepler ID: 10790387 (Expected: kplr010790387*_lc.fits in [PosixPath('/Users/emmanuel/proj/exo/kepler_local_data'), PosixPath('/Users/emmanuel/proj/phd/data_files/light_curves')]), but it was expected to exist. Skipping.
2026-02-15 10:21:17,184 - __main__ - ERROR - FATAL: File not found for Kepler ID: 11177707 (Expected: kplr011177707*_lc.fits in [PosixPath('/Users/emmanuel/proj/exo/kepler_local_data'), PosixPath('/Users/emmanuel/proj/phd/data_files/light_curves')]), but it was expected to exist. Skipping.
2026-02-15 10:21:18,580 - __main__ - ERROR - FATAL: File not found for Kepler ID: 10028792 (Expected: kplr010028792*_lc.fits in [PosixPath('/Users/emmanuel/proj/exo/kepler_local_data'), PosixPath('/Users/emmanuel/proj/phd/data_files/light_curves')]), but it was expected to exist. Skipping.
2026-02-15 10:21:20,081 - __main__ - ERROR - FATAL: File not found for Kepler ID: 10028792 (Expected: kplr010028792*_lc.fits in [PosixPath('/Users/emmanuel/proj/exo/kepler_local_data'), PosixPath('/Users/emmanuel/proj/phd/data_files/light_curves')]), but it was expected to exist. Skipping.
2026-02-15 10:21:21,508 - __main__ - ERROR - FATAL: File not found for Kepler ID: 10027323 (Expected: kplr010027323*_lc.fits in [PosixPath('/Users/emmanuel/proj/exo/kepler_local_data'), PosixPath('/Users/emmanuel/proj/phd/data_files/light_curves')]), but it was expected to exist. Skipping.
2026-02-15 10:21:22,906 - __main__ - ERROR - FATAL: File not found for Kepler ID: 10779233 (Expected: kplr010779233*_lc.fits in [PosixPath('/Users/emmanuel/proj/exo/kepler_local_data'), PosixPath('/Users/emmanuel/proj/phd/data_files/light_curves')]), but it was expected to exist. Skipping.
2026-02-15 10:21:24,407 - __main__ - ERROR - FATAL: File not found for Kepler ID: 10005758 (Expected: kplr010005758*_lc.fits in [PosixPath('/Users/emmanuel/proj/exo/kepler_local_data'), PosixPath('/Users/emmanuel/proj/phd/data_files/light_curves')]), but it was expected to exist. Skipping.
2026-02-15 10:21:25,836 - __main__ - ERROR - FATAL: File not found for Kepler ID: 10063802 (Expected: kplr010063802*_lc.fits in [PosixPath('/Users/emmanuel/proj/exo/kepler_local_data'), PosixPath('/Users/emmanuel/proj/phd/data_files/light_curves')]), but it was expected to exist. Skipping.
2026-02-15 10:21:27,349 - __main__ - ERROR - FATAL: File not found for Kepler ID: 11498128 (Expected: kplr011498128*_lc.fits in [PosixPath('/Users/emmanuel/proj/exo/kepler_local_data'), PosixPath('/Users/emmanuel/proj/phd/data_files/light_curves')]), but it was expected to exist. Skipping.
2026-02-15 10:21:28,755 - __main__ - ERROR - FATAL: File not found for Kepler ID: 10386922 (Expected: kplr010386922*_lc.fits in [PosixPath('/Users/emmanuel/proj/exo/kepler_local_data'), PosixPath('/Users/emmanuel/proj/phd/data_files/light_curves')]), but it was expected to exist. Skipping.
2026-02-15 10:21:30,150 - __main__ - ERROR - FATAL: File not found for Kepler ID: 11442793 (Expected: kplr011442793*_lc.fits in [PosixPath('/Users/emmanuel/proj/exo/kepler_local_data'), PosixPath('/Users/emmanuel/proj/phd/data_files/light_curves')]), but it was expected to exist. Skipping.
2026-02-15 10:21:31,576 - __main__ - ERROR - FATAL: File not found for Kepler ID: 11442793 (Expected: kplr011442793*_lc.fits in [PosixPath('/Users/emmanuel/proj/exo/kepler_local_data'), PosixPath('/Users/emmanuel/proj/phd/data_files/light_curves')]), but it was expected to exist. Skipping.
2026-02-15 10:21:33,085 - __main__ - ERROR - FATAL: File not found for Kepler ID: 10189546 (Expected: kplr010189546*_lc.fits in [PosixPath('/Users/emmanuel/proj/exo/kepler_local_data'), PosixPath('/Users/emmanuel/proj/phd/data_files/light_curves')]), but it was expected to exist. Skipping.
2026-02-15 10:21:34,492 - __main__ - ERROR - FATAL: File not found for Kepler ID: 10212441 (Expected: kplr010212441*_lc.fits in [PosixPath('/Users/emmanuel/proj/exo/kepler_local_data'), PosixPath('/Users/emmanuel/proj/phd/data_files/light_curves')]), but it was expected to exist. Skipping.
2026-02-15 10:21:35,896 - __main__ - ERROR - FATAL: File not found for Kepler ID: 10937029 (Expected: kplr010937029*_lc.fits in [PosixPath('/Users/emmanuel/proj/exo/kepler_local_data'), PosixPath('/Users/emmanuel/proj/phd/data_files/light_curves')]), but it was expected to exist. Skipping.
2026-02-15 10:21:37,326 - __main__ - ERROR - FATAL: File not found for Kepler ID: 10593626 (Expected: kplr010593626*_lc.fits in [PosixPath('/Users/emmanuel/proj/exo/kepler_local_data'), PosixPath('/Users/emmanuel/proj/phd/data_files/light_curves')]), but it was expected to exist. Skipping.
2026-02-15 10:21:38,770 - __main__ - ERROR - FATAL: File not found for Kepler ID: 11415243 (Expected: kplr011415243*_lc.fits in [PosixPath('/Users/emmanuel/proj/exo/kepler_local_data'), PosixPath('/Users/emmanuel/proj/phd/data_files/light_curves')]), but it was expected to exist. Skipping.
2026-02-15 10:21:40,262 - __main__ - ERROR - FATAL: File not found for Kepler ID: 10360722 (Expected: kplr010360722*_lc.fits in [PosixPath('/Users/emmanuel/proj/exo/kepler_local_data'), PosixPath('/Users/emmanuel/proj/phd/data_files/light_curves')]), but it was expected to exist. Skipping.
2026-02-15 10:21:41,667 - __main__ - ERROR - FATAL: File not found for Kepler ID: 11560897 (Expected: kplr011560897*_lc.fits in [PosixPath('/Users/emmanuel/proj/exo/kepler_local_data'), PosixPath('/Users/emmanuel/proj/phd/data_files/light_curves')]), but it was expected to exist. Skipping.
2026-02-15 10:21:43,089 - __main__ - ERROR - FATAL: File not found for Kepler ID: 11284772 (Expected: kplr011284772*_lc.fits in [PosixPath('/Users/emmanuel/proj/exo/kepler_local_data'), PosixPath('/Users/emmanuel/proj/phd/data_files/light_curves')]), but it was expected to exist. Skipping.
2026-02-15 10:21:44,528 - __main__ - ERROR - FATAL: File not found for Kepler ID: 10026502 (Expected: kplr010026502*_lc.fits in [PosixPath('/Users/emmanuel/proj/exo/kepler_local_data'), PosixPath('/Users/emmanuel/proj/phd/data_files/light_curves')]), but it was expected to exist. Skipping.
2026-02-15 10:21:45,961 - __main__ - ERROR - FATAL: File not found for Kepler ID: 11337372 (Expected: kplr011337372*_lc.fits in [PosixPath('/Users/emmanuel/proj/exo/kepler_local_data'), PosixPath('/Users/emmanuel/proj/phd/data_files/light_curves')]), but it was expected to exist. Skipping.
2026-02-15 10:21:47,373 - __main__ - ERROR - FATAL: File not found for Kepler ID: 10795103 (Expected: kplr010795103*_lc.fits in [PosixPath('/Users/emmanuel/proj/exo/kepler_local_data'), PosixPath('/Users/emmanuel/proj/phd/data_files/light_curves')]), but it was expected to exist. Skipping.
2026-02-15 10:21:48,888 - __main__ - ERROR - FATAL: File not found for Kepler ID: 11518142 (Expected: kplr011518142*_lc.fits in [PosixPath('/Users/emmanuel/proj/exo/kepler_local_data'), PosixPath('/Users/emmanuel/proj/phd/data_files/light_curves')]), but it was expected to exist. Skipping.
2026-02-15 10:21:50,358 - __main__ - ERROR - FATAL: File not found for Kepler ID: 10005758 (Expected: kplr010005758*_lc.fits in [PosixPath('/Users/emmanuel/proj/exo/kepler_local_data'), PosixPath('/Users/emmanuel/proj/phd/data_files/light_curves')]), but it was expected to exist. Skipping.
2026-02-15 10:21:51,812 - __main__ - ERROR - FATAL: File not found for Kepler ID: 11037818 (Expected: kplr011037818*_lc.fits in [PosixPath('/Users/emmanuel/proj/exo/kepler_local_data'), PosixPath('/Users/emmanuel/proj/phd/data_files/light_curves')]), but it was expected to exist. Skipping.
2026-02-15 10:21:53,241 - __main__ - ERROR - FATAL: File not found for Kepler ID: 10055126 (Expected: kplr010055126*_lc.fits in [PosixPath('/Users/emmanuel/proj/exo/kepler_local_data'), PosixPath('/Users/emmanuel/proj/phd/data_files/light_curves')]), but it was expected to exist. Skipping.
2026-02-15 10:21:54,671 - __main__ - ERROR - FATAL: File not found for Kepler ID: 10718726 (Expected: kplr010718726*_lc.fits in [PosixPath('/Users/emmanuel/proj/exo/kepler_local_data'), PosixPath('/Users/emmanuel/proj/phd/data_files/light_curves')]), but it was expected to exist. Skipping.
2026-02-15 10:21:56,213 - __main__ - ERROR - FATAL: File not found for Kepler ID: 10340423 (Expected: kplr010340423*_lc.fits in [PosixPath('/Users/emmanuel/proj/exo/kepler_local_data'), PosixPath('/Users/emmanuel/proj/phd/data_files/light_curves')]), but it was expected to exist. Skipping.
2026-02-15 10:21:57,660 - __main__ - ERROR - FATAL: File not found for Kepler ID: 10964440 (Expected: kplr010964440*_lc.fits in [PosixPath('/Users/emmanuel/proj/exo/kepler_local_data'), PosixPath('/Users/emmanuel/proj/phd/data_files/light_curves')]), but it was expected to exist. Skipping.
2026-02-15 10:21:59,088 - __main__ - ERROR - FATAL: File not found for Kepler ID: 10545066 (Expected: kplr010545066*_lc.fits in [PosixPath('/Users/emmanuel/proj/exo/kepler_local_data'), PosixPath('/Users/emmanuel/proj/phd/data_files/light_curves')]), but it was expected to exist. Skipping.
2026-02-15 10:22:00,516 - __main__ - ERROR - FATAL: File not found for Kepler ID: 11623629 (Expected: kplr011623629*_lc.fits in [PosixPath('/Users/emmanuel/proj/exo/kepler_local_data'), PosixPath('/Users/emmanuel/proj/phd/data_files/light_curves')]), but it was expected to exist. Skipping.
2026-02-15 10:22:01,963 - __main__ - ERROR - FATAL: File not found for Kepler ID: 11442793 (Expected: kplr011442793*_lc.fits in [PosixPath('/Users/emmanuel/proj/exo/kepler_local_data'), PosixPath('/Users/emmanuel/proj/phd/data_files/light_curves')]), but it was expected to exist. Skipping.
2026-02-15 10:22:01,963 - __main__ - WARNING - No survey results to save.
2026-02-15 10:22:01,963 - __main__ - INFO - Long-Period Gap Fill Survey complete: Processed 1554 targets (actual results: 0).
2026-02-15 10:22:52,399 - __main__ - INFO - Starting Long-Period Gap Fill Survey for Kepler targets.
2026-02-15 10:22:52,408 - __main__ - INFO - Loaded combined metadata from: /Users/emmanuel/proj/phd/data_files/full_metadata_v2.csv
2026-02-15 10:22:52,410 - __main__ - INFO - Found 1554 Long-Period Kepler Targets to process.
2026-02-15 10:22:52,488 - __main__ - INFO - Model loaded from /Users/emmanuel/proj/phd/results/run_20260125-144401/exo_multimodal_model_best.h5
2026-02-15 10:22:56,847 - __main__ - INFO - Found 36 Long-Period Kepler Targets with available FITS files to process.
2026-02-15 10:22:58,265 - __main__ - ERROR - FATAL: File not found for Kepler ID: 10528068 (Expected glob: kplr*10528068*_lc.fits in [PosixPath('/Users/emmanuel/proj/exo/kepler_local_data'), PosixPath('/Users/emmanuel/proj/phd/data_files/light_curves')]), but it was expected to exist. Skipping.
2026-02-15 10:22:59,681 - __main__ - ERROR - FATAL: File not found for Kepler ID: 11122894 (Expected glob: kplr*11122894*_lc.fits in [PosixPath('/Users/emmanuel/proj/exo/kepler_local_data'), PosixPath('/Users/emmanuel/proj/phd/data_files/light_curves')]), but it was expected to exist. Skipping.
2026-02-15 10:23:01,096 - __main__ - ERROR - FATAL: File not found for Kepler ID: 11027624 (Expected glob: kplr*11027624*_lc.fits in [PosixPath('/Users/emmanuel/proj/exo/kepler_local_data'), PosixPath('/Users/emmanuel/proj/phd/data_files/light_curves')]), but it was expected to exist. Skipping.
2026-02-15 10:23:02,547 - __main__ - ERROR - FATAL: File not found for Kepler ID: 10790387 (Expected glob: kplr*10790387*_lc.fits in [PosixPath('/Users/emmanuel/proj/exo/kepler_local_data'), PosixPath('/Users/emmanuel/proj/phd/data_files/light_curves')]), but it was expected to exist. Skipping.
2026-02-15 10:23:04,077 - __main__ - ERROR - FATAL: File not found for Kepler ID: 11177707 (Expected glob: kplr*11177707*_lc.fits in [PosixPath('/Users/emmanuel/proj/exo/kepler_local_data'), PosixPath('/Users/emmanuel/proj/phd/data_files/light_curves')]), but it was expected to exist. Skipping.
2026-02-15 10:23:05,518 - __main__ - ERROR - FATAL: File not found for Kepler ID: 10028792 (Expected glob: kplr*10028792*_lc.fits in [PosixPath('/Users/emmanuel/proj/exo/kepler_local_data'), PosixPath('/Users/emmanuel/proj/phd/data_files/light_curves')]), but it was expected to exist. Skipping.
2026-02-15 10:23:07,043 - __main__ - ERROR - FATAL: File not found for Kepler ID: 10028792 (Expected glob: kplr*10028792*_lc.fits in [PosixPath('/Users/emmanuel/proj/exo/kepler_local_data'), PosixPath('/Users/emmanuel/proj/phd/data_files/light_curves')]), but it was expected to exist. Skipping.
2026-02-15 10:23:08,474 - __main__ - ERROR - FATAL: File not found for Kepler ID: 10027323 (Expected glob: kplr*10027323*_lc.fits in [PosixPath('/Users/emmanuel/proj/exo/kepler_local_data'), PosixPath('/Users/emmanuel/proj/phd/data_files/light_curves')]), but it was expected to exist. Skipping.
2026-02-15 10:23:09,887 - __main__ - ERROR - FATAL: File not found for Kepler ID: 10779233 (Expected glob: kplr*10779233*_lc.fits in [PosixPath('/Users/emmanuel/proj/exo/kepler_local_data'), PosixPath('/Users/emmanuel/proj/phd/data_files/light_curves')]), but it was expected to exist. Skipping.
2026-02-15 10:23:11,379 - __main__ - ERROR - FATAL: File not found for Kepler ID: 10005758 (Expected glob: kplr*10005758*_lc.fits in [PosixPath('/Users/emmanuel/proj/exo/kepler_local_data'), PosixPath('/Users/emmanuel/proj/phd/data_files/light_curves')]), but it was expected to exist. Skipping.
2026-02-15 10:23:12,779 - __main__ - ERROR - FATAL: File not found for Kepler ID: 10063802 (Expected glob: kplr*10063802*_lc.fits in [PosixPath('/Users/emmanuel/proj/exo/kepler_local_data'), PosixPath('/Users/emmanuel/proj/phd/data_files/light_curves')]), but it was expected to exist. Skipping.
2026-02-15 10:23:14,217 - __main__ - ERROR - FATAL: File not found for Kepler ID: 11498128 (Expected glob: kplr*11498128*_lc.fits in [PosixPath('/Users/emmanuel/proj/exo/kepler_local_data'), PosixPath('/Users/emmanuel/proj/phd/data_files/light_curves')]), but it was expected to exist. Skipping.
2026-02-15 10:23:15,656 - __main__ - ERROR - FATAL: File not found for Kepler ID: 10386922 (Expected glob: kplr*10386922*_lc.fits in [PosixPath('/Users/emmanuel/proj/exo/kepler_local_data'), PosixPath('/Users/emmanuel/proj/phd/data_files/light_curves')]), but it was expected to exist. Skipping.
2026-02-15 10:23:17,062 - __main__ - ERROR - FATAL: File not found for Kepler ID: 11442793 (Expected glob: kplr*11442793*_lc.fits in [PosixPath('/Users/emmanuel/proj/exo/kepler_local_data'), PosixPath('/Users/emmanuel/proj/phd/data_files/light_curves')]), but it was expected to exist. Skipping.
2026-02-15 10:23:18,478 - __main__ - ERROR - FATAL: File not found for Kepler ID: 11442793 (Expected glob: kplr*11442793*_lc.fits in [PosixPath('/Users/emmanuel/proj/exo/kepler_local_data'), PosixPath('/Users/emmanuel/proj/phd/data_files/light_curves')]), but it was expected to exist. Skipping.
2026-02-15 10:23:19,973 - __main__ - ERROR - FATAL: File not found for Kepler ID: 10189546 (Expected glob: kplr*10189546*_lc.fits in [PosixPath('/Users/emmanuel/proj/exo/kepler_local_data'), PosixPath('/Users/emmanuel/proj/phd/data_files/light_curves')]), but it was expected to exist. Skipping.
2026-02-15 10:23:21,408 - __main__ - ERROR - FATAL: File not found for Kepler ID: 10212441 (Expected glob: kplr*10212441*_lc.fits in [PosixPath('/Users/emmanuel/proj/exo/kepler_local_data'), PosixPath('/Users/emmanuel/proj/phd/data_files/light_curves')]), but it was expected to exist. Skipping.
2026-02-15 10:23:22,824 - __main__ - ERROR - FATAL: File not found for Kepler ID: 10937029 (Expected glob: kplr*10937029*_lc.fits in [PosixPath('/Users/emmanuel/proj/exo/kepler_local_data'), PosixPath('/Users/emmanuel/proj/phd/data_files/light_curves')]), but it was expected to exist. Skipping.
2026-02-15 10:23:24,224 - __main__ - ERROR - FATAL: File not found for Kepler ID: 10593626 (Expected glob: kplr*10593626*_lc.fits in [PosixPath('/Users/emmanuel/proj/exo/kepler_local_data'), PosixPath('/Users/emmanuel/proj/phd/data_files/light_curves')]), but it was expected to exist. Skipping.
2026-02-15 10:23:25,657 - __main__ - ERROR - FATAL: File not found for Kepler ID: 11415243 (Expected glob: kplr*11415243*_lc.fits in [PosixPath('/Users/emmanuel/proj/exo/kepler_local_data'), PosixPath('/Users/emmanuel/proj/phd/data_files/light_curves')]), but it was expected to exist. Skipping.
2026-02-15 10:23:27,198 - __main__ - ERROR - FATAL: File not found for Kepler ID: 10360722 (Expected glob: kplr*10360722*_lc.fits in [PosixPath('/Users/emmanuel/proj/exo/kepler_local_data'), PosixPath('/Users/emmanuel/proj/phd/data_files/light_curves')]), but it was expected to exist. Skipping.
2026-02-15 10:23:28,608 - __main__ - ERROR - FATAL: File not found for Kepler ID: 11560897 (Expected glob: kplr*11560897*_lc.fits in [PosixPath('/Users/emmanuel/proj/exo/kepler_local_data'), PosixPath('/Users/emmanuel/proj/phd/data_files/light_curves')]), but it was expected to exist. Skipping.
2026-02-15 10:23:30,011 - __main__ - ERROR - FATAL: File not found for Kepler ID: 11284772 (Expected glob: kplr*11284772*_lc.fits in [PosixPath('/Users/emmanuel/proj/exo/kepler_local_data'), PosixPath('/Users/emmanuel/proj/phd/data_files/light_curves')]), but it was expected to exist. Skipping.
2026-02-15 10:23:31,440 - __main__ - ERROR - FATAL: File not found for Kepler ID: 10026502 (Expected glob: kplr*10026502*_lc.fits in [PosixPath('/Users/emmanuel/proj/exo/kepler_local_data'), PosixPath('/Users/emmanuel/proj/phd/data_files/light_curves')]), but it was expected to exist. Skipping.
2026-02-15 10:23:32,880 - __main__ - ERROR - FATAL: File not found for Kepler ID: 11337372 (Expected glob: kplr*11337372*_lc.fits in [PosixPath('/Users/emmanuel/proj/exo/kepler_local_data'), PosixPath('/Users/emmanuel/proj/phd/data_files/light_curves')]), but it was expected to exist. Skipping.
2026-02-15 10:23:34,281 - __main__ - ERROR - FATAL: File not found for Kepler ID: 10795103 (Expected glob: kplr*10795103*_lc.fits in [PosixPath('/Users/emmanuel/proj/exo/kepler_local_data'), PosixPath('/Users/emmanuel/proj/phd/data_files/light_curves')]), but it was expected to exist. Skipping.
2026-02-15 10:23:35,773 - __main__ - ERROR - FATAL: File not found for Kepler ID: 11518142 (Expected glob: kplr*11518142*_lc.fits in [PosixPath('/Users/emmanuel/proj/exo/kepler_local_data'), PosixPath('/Users/emmanuel/proj/phd/data_files/light_curves')]), but it was expected to exist. Skipping.
2026-02-15 10:23:37,181 - __main__ - ERROR - FATAL: File not found for Kepler ID: 10005758 (Expected glob: kplr*10005758*_lc.fits in [PosixPath('/Users/emmanuel/proj/exo/kepler_local_data'), PosixPath('/Users/emmanuel/proj/phd/data_files/light_curves')]), but it was expected to exist. Skipping.
2026-02-15 10:23:38,642 - __main__ - ERROR - FATAL: File not found for Kepler ID: 11037818 (Expected glob: kplr*11037818*_lc.fits in [PosixPath('/Users/emmanuel/proj/exo/kepler_local_data'), PosixPath('/Users/emmanuel/proj/phd/data_files/light_curves')]), but it was expected to exist. Skipping.
2026-02-15 10:23:40,062 - __main__ - ERROR - FATAL: File not found for Kepler ID: 10055126 (Expected glob: kplr*10055126*_lc.fits in [PosixPath('/Users/emmanuel/proj/exo/kepler_local_data'), PosixPath('/Users/emmanuel/proj/phd/data_files/light_curves')]), but it was expected to exist. Skipping.
2026-02-15 10:23:41,465 - __main__ - ERROR - FATAL: File not found for Kepler ID: 10718726 (Expected glob: kplr*10718726*_lc.fits in [PosixPath('/Users/emmanuel/proj/exo/kepler_local_data'), PosixPath('/Users/emmanuel/proj/phd/data_files/light_curves')]), but it was expected to exist. Skipping.
2026-02-15 10:23:42,951 - __main__ - ERROR - FATAL: File not found for Kepler ID: 10340423 (Expected glob: kplr*10340423*_lc.fits in [PosixPath('/Users/emmanuel/proj/exo/kepler_local_data'), PosixPath('/Users/emmanuel/proj/phd/data_files/light_curves')]), but it was expected to exist. Skipping.
2026-02-15 10:23:44,386 - __main__ - ERROR - FATAL: File not found for Kepler ID: 10964440 (Expected glob: kplr*10964440*_lc.fits in [PosixPath('/Users/emmanuel/proj/exo/kepler_local_data'), PosixPath('/Users/emmanuel/proj/phd/data_files/light_curves')]), but it was expected to exist. Skipping.
2026-02-15 10:23:45,820 - __main__ - ERROR - FATAL: File not found for Kepler ID: 10545066 (Expected glob: kplr*10545066*_lc.fits in [PosixPath('/Users/emmanuel/proj/exo/kepler_local_data'), PosixPath('/Users/emmanuel/proj/phd/data_files/light_curves')]), but it was expected to exist. Skipping.
2026-02-15 10:23:47,233 - __main__ - ERROR - FATAL: File not found for Kepler ID: 11623629 (Expected glob: kplr*11623629*_lc.fits in [PosixPath('/Users/emmanuel/proj/exo/kepler_local_data'), PosixPath('/Users/emmanuel/proj/phd/data_files/light_curves')]), but it was expected to exist. Skipping.
2026-02-15 10:23:48,637 - __main__ - ERROR - FATAL: File not found for Kepler ID: 11442793 (Expected glob: kplr*11442793*_lc.fits in [PosixPath('/Users/emmanuel/proj/exo/kepler_local_data'), PosixPath('/Users/emmanuel/proj/phd/data_files/light_curves')]), but it was expected to exist. Skipping.
2026-02-15 10:23:48,637 - __main__ - WARNING - No survey results to save.
2026-02-15 10:23:48,637 - __main__ - INFO - Long-Period Gap Fill Survey complete: Processed 1554 targets (actual results: 0).
2026-02-15 10:24:45,785 - __main__ - INFO - Starting Long-Period Gap Fill Survey for Kepler targets.
2026-02-15 10:24:45,794 - __main__ - INFO - Loaded combined metadata from: /Users/emmanuel/proj/phd/data_files/full_metadata_v2.csv
2026-02-15 10:24:45,795 - __main__ - INFO - Found 1554 Long-Period Kepler Targets to process.
2026-02-15 10:24:45,877 - __main__ - INFO - Model loaded from /Users/emmanuel/proj/phd/results/run_20260125-144401/exo_multimodal_model_best.h5
2026-02-15 10:24:50,336 - __main__ - INFO - DEBUG: len(all_available_fits_ids): 370
2026-02-15 10:24:50,336 - __main__ - INFO - DEBUG: Sample all_available_fits_ids: [10166274, 10330115, 10864656, 10965008, 11495458, 10717220, 10723367, 10004519, 10670119, 11391018]
2026-02-15 10:24:50,336 - __main__ - INFO - DEBUG: len(long_period_kepler_df_filtered.index): 36
2026-02-15 10:24:50,337 - __main__ - INFO - DEBUG: Sample long_period_kepler_df_filtered.index: [10528068, 11122894, 11027624, 10790387, 11177707, 10028792, 10028792, 10027323, 10779233, 10005758]
2026-02-15 10:24:50,337 - __main__ - INFO - Found 36 Long-Period Kepler Targets with available FITS files to process.
2026-02-15 10:24:51,776 - __main__ - ERROR - FATAL: File not found for Kepler ID: 10528068 (Expected glob: kplr*10528068*_lc.fits in [PosixPath('/Users/emmanuel/proj/exo/kepler_local_data'), PosixPath('/Users/emmanuel/proj/phd/data_files/light_curves')]), but it was expected to exist. Skipping.
2026-02-15 10:24:53,206 - __main__ - ERROR - FATAL: File not found for Kepler ID: 11122894 (Expected glob: kplr*11122894*_lc.fits in [PosixPath('/Users/emmanuel/proj/exo/kepler_local_data'), PosixPath('/Users/emmanuel/proj/phd/data_files/light_curves')]), but it was expected to exist. Skipping.
2026-02-15 10:24:54,619 - __main__ - ERROR - FATAL: File not found for Kepler ID: 11027624 (Expected glob: kplr*11027624*_lc.fits in [PosixPath('/Users/emmanuel/proj/exo/kepler_local_data'), PosixPath('/Users/emmanuel/proj/phd/data_files/light_curves')]), but it was expected to exist. Skipping.
2026-02-15 10:24:56,036 - __main__ - ERROR - FATAL: File not found for Kepler ID: 10790387 (Expected glob: kplr*10790387*_lc.fits in [PosixPath('/Users/emmanuel/proj/exo/kepler_local_data'), PosixPath('/Users/emmanuel/proj/phd/data_files/light_curves')]), but it was expected to exist. Skipping.
2026-02-15 10:24:57,590 - __main__ - ERROR - FATAL: File not found for Kepler ID: 11177707 (Expected glob: kplr*11177707*_lc.fits in [PosixPath('/Users/emmanuel/proj/exo/kepler_local_data'), PosixPath('/Users/emmanuel/proj/phd/data_files/light_curves')]), but it was expected to exist. Skipping.
2026-02-15 10:24:59,102 - __main__ - ERROR - FATAL: File not found for Kepler ID: 10028792 (Expected glob: kplr*10028792*_lc.fits in [PosixPath('/Users/emmanuel/proj/exo/kepler_local_data'), PosixPath('/Users/emmanuel/proj/phd/data_files/light_curves')]), but it was expected to exist. Skipping.
2026-02-15 10:25:00,556 - __main__ - ERROR - FATAL: File not found for Kepler ID: 10028792 (Expected glob: kplr*10028792*_lc.fits in [PosixPath('/Users/emmanuel/proj/exo/kepler_local_data'), PosixPath('/Users/emmanuel/proj/phd/data_files/light_curves')]), but it was expected to exist. Skipping.
2026-02-15 10:25:01,993 - __main__ - ERROR - FATAL: File not found for Kepler ID: 10027323 (Expected glob: kplr*10027323*_lc.fits in [PosixPath('/Users/emmanuel/proj/exo/kepler_local_data'), PosixPath('/Users/emmanuel/proj/phd/data_files/light_curves')]), but it was expected to exist. Skipping.
2026-02-15 10:25:03,451 - __main__ - ERROR - FATAL: File not found for Kepler ID: 10779233 (Expected glob: kplr*10779233*_lc.fits in [PosixPath('/Users/emmanuel/proj/exo/kepler_local_data'), PosixPath('/Users/emmanuel/proj/phd/data_files/light_curves')]), but it was expected to exist. Skipping.
2026-02-15 10:25:04,956 - __main__ - ERROR - FATAL: File not found for Kepler ID: 10005758 (Expected glob: kplr*10005758*_lc.fits in [PosixPath('/Users/emmanuel/proj/exo/kepler_local_data'), PosixPath('/Users/emmanuel/proj/phd/data_files/light_curves')]), but it was expected to exist. Skipping.
2026-02-15 10:25:06,373 - __main__ - ERROR - FATAL: File not found for Kepler ID: 10063802 (Expected glob: kplr*10063802*_lc.fits in [PosixPath('/Users/emmanuel/proj/exo/kepler_local_data'), PosixPath('/Users/emmanuel/proj/phd/data_files/light_curves')]), but it was expected to exist. Skipping.
2026-02-15 10:25:07,796 - __main__ - ERROR - FATAL: File not found for Kepler ID: 11498128 (Expected glob: kplr*11498128*_lc.fits in [PosixPath('/Users/emmanuel/proj/exo/kepler_local_data'), PosixPath('/Users/emmanuel/proj/phd/data_files/light_curves')]), but it was expected to exist. Skipping.
2026-02-15 10:25:09,217 - __main__ - ERROR - FATAL: File not found for Kepler ID: 10386922 (Expected glob: kplr*10386922*_lc.fits in [PosixPath('/Users/emmanuel/proj/exo/kepler_local_data'), PosixPath('/Users/emmanuel/proj/phd/data_files/light_curves')]), but it was expected to exist. Skipping.
2026-02-15 10:25:10,640 - __main__ - ERROR - FATAL: File not found for Kepler ID: 11442793 (Expected glob: kplr*11442793*_lc.fits in [PosixPath('/Users/emmanuel/proj/exo/kepler_local_data'), PosixPath('/Users/emmanuel/proj/phd/data_files/light_curves')]), but it was expected to exist. Skipping.
2026-02-15 10:25:12,048 - __main__ - ERROR - FATAL: File not found for Kepler ID: 11442793 (Expected glob: kplr*11442793*_lc.fits in [PosixPath('/Users/emmanuel/proj/exo/kepler_local_data'), PosixPath('/Users/emmanuel/proj/phd/data_files/light_curves')]), but it was expected to exist. Skipping.
2026-02-15 10:25:13,538 - __main__ - ERROR - FATAL: File not found for Kepler ID: 10189546 (Expected glob: kplr*10189546*_lc.fits in [PosixPath('/Users/emmanuel/proj/exo/kepler_local_data'), PosixPath('/Users/emmanuel/proj/phd/data_files/light_curves')]), but it was expected to exist. Skipping.
2026-02-15 10:25:14,974 - __main__ - ERROR - FATAL: File not found for Kepler ID: 10212441 (Expected glob: kplr*10212441*_lc.fits in [PosixPath('/Users/emmanuel/proj/exo/kepler_local_data'), PosixPath('/Users/emmanuel/proj/phd/data_files/light_curves')]), but it was expected to exist. Skipping.
2026-02-15 10:25:16,429 - __main__ - ERROR - FATAL: File not found for Kepler ID: 10937029 (Expected glob: kplr*10937029*_lc.fits in [PosixPath('/Users/emmanuel/proj/exo/kepler_local_data'), PosixPath('/Users/emmanuel/proj/phd/data_files/light_curves')]), but it was expected to exist. Skipping.
2026-02-15 10:25:17,846 - __main__ - ERROR - FATAL: File not found for Kepler ID: 10593626 (Expected glob: kplr*10593626*_lc.fits in [PosixPath('/Users/emmanuel/proj/exo/kepler_local_data'), PosixPath('/Users/emmanuel/proj/phd/data_files/light_curves')]), but it was expected to exist. Skipping.
2026-02-15 10:25:19,257 - __main__ - ERROR - FATAL: File not found for Kepler ID: 11415243 (Expected glob: kplr*11415243*_lc.fits in [PosixPath('/Users/emmanuel/proj/exo/kepler_local_data'), PosixPath('/Users/emmanuel/proj/phd/data_files/light_curves')]), but it was expected to exist. Skipping.
2026-02-15 10:25:20,769 - __main__ - ERROR - FATAL: File not found for Kepler ID: 10360722 (Expected glob: kplr*10360722*_lc.fits in [PosixPath('/Users/emmanuel/proj/exo/kepler_local_data'), PosixPath('/Users/emmanuel/proj/phd/data_files/light_curves')]), but it was expected to exist. Skipping.
2026-02-15 10:25:22,219 - __main__ - ERROR - FATAL: File not found for Kepler ID: 11560897 (Expected glob: kplr*11560897*_lc.fits in [PosixPath('/Users/emmanuel/proj/exo/kepler_local_data'), PosixPath('/Users/emmanuel/proj/phd/data_files/light_curves')]), but it was expected to exist. Skipping.
2026-02-15 10:25:23,629 - __main__ - ERROR - FATAL: File not found for Kepler ID: 11284772 (Expected glob: kplr*11284772*_lc.fits in [PosixPath('/Users/emmanuel/proj/exo/kepler_local_data'), PosixPath('/Users/emmanuel/proj/phd/data_files/light_curves')]), but it was expected to exist. Skipping.
2026-02-15 10:25:25,050 - __main__ - ERROR - FATAL: File not found for Kepler ID: 10026502 (Expected glob: kplr*10026502*_lc.fits in [PosixPath('/Users/emmanuel/proj/exo/kepler_local_data'), PosixPath('/Users/emmanuel/proj/phd/data_files/light_curves')]), but it was expected to exist. Skipping.
2026-02-15 10:25:26,497 - __main__ - ERROR - FATAL: File not found for Kepler ID: 11337372 (Expected glob: kplr*11337372*_lc.fits in [PosixPath('/Users/emmanuel/proj/exo/kepler_local_data'), PosixPath('/Users/emmanuel/proj/phd/data_files/light_curves')]), but it was expected to exist. Skipping.
2026-02-15 10:25:27,962 - __main__ - ERROR - FATAL: File not found for Kepler ID: 10795103 (Expected glob: kplr*10795103*_lc.fits in [PosixPath('/Users/emmanuel/proj/exo/kepler_local_data'), PosixPath('/Users/emmanuel/proj/phd/data_files/light_curves')]), but it was expected to exist. Skipping.
2026-02-15 10:25:29,586 - __main__ - ERROR - FATAL: File not found for Kepler ID: 11518142 (Expected glob: kplr*11518142*_lc.fits in [PosixPath('/Users/emmanuel/proj/exo/kepler_local_data'), PosixPath('/Users/emmanuel/proj/phd/data_files/light_curves')]), but it was expected to exist. Skipping.
2026-02-15 10:25:31,072 - __main__ - ERROR - FATAL: File not found for Kepler ID: 10005758 (Expected glob: kplr*10005758*_lc.fits in [PosixPath('/Users/emmanuel/proj/exo/kepler_local_data'), PosixPath('/Users/emmanuel/proj/phd/data_files/light_curves')]), but it was expected to exist. Skipping.
2026-02-15 10:25:32,557 - __main__ - ERROR - FATAL: File not found for Kepler ID: 11037818 (Expected glob: kplr*11037818*_lc.fits in [PosixPath('/Users/emmanuel/proj/exo/kepler_local_data'), PosixPath('/Users/emmanuel/proj/phd/data_files/light_curves')]), but it was expected to exist. Skipping.
2026-02-15 10:25:34,024 - __main__ - ERROR - FATAL: File not found for Kepler ID: 10055126 (Expected glob: kplr*10055126*_lc.fits in [PosixPath('/Users/emmanuel/proj/exo/kepler_local_data'), PosixPath('/Users/emmanuel/proj/phd/data_files/light_curves')]), but it was expected to exist. Skipping.
2026-02-15 10:25:35,574 - __main__ - ERROR - FATAL: File not found for Kepler ID: 10718726 (Expected glob: kplr*10718726*_lc.fits in [PosixPath('/Users/emmanuel/proj/exo/kepler_local_data'), PosixPath('/Users/emmanuel/proj/phd/data_files/light_curves')]), but it was expected to exist. Skipping.
2026-02-15 10:25:37,131 - __main__ - ERROR - FATAL: File not found for Kepler ID: 10340423 (Expected glob: kplr*10340423*_lc.fits in [PosixPath('/Users/emmanuel/proj/exo/kepler_local_data'), PosixPath('/Users/emmanuel/proj/phd/data_files/light_curves')]), but it was expected to exist. Skipping.
2026-02-15 10:25:38,544 - __main__ - ERROR - FATAL: File not found for Kepler ID: 10964440 (Expected glob: kplr*10964440*_lc.fits in [PosixPath('/Users/emmanuel/proj/exo/kepler_local_data'), PosixPath('/Users/emmanuel/proj/phd/data_files/light_curves')]), but it was expected to exist. Skipping.
2026-02-15 10:25:40,002 - __main__ - ERROR - FATAL: File not found for Kepler ID: 10545066 (Expected glob: kplr*10545066*_lc.fits in [PosixPath('/Users/emmanuel/proj/exo/kepler_local_data'), PosixPath('/Users/emmanuel/proj/phd/data_files/light_curves')]), but it was expected to exist. Skipping.
2026-02-15 10:25:41,402 - __main__ - ERROR - FATAL: File not found for Kepler ID: 11623629 (Expected glob: kplr*11623629*_lc.fits in [PosixPath('/Users/emmanuel/proj/exo/kepler_local_data'), PosixPath('/Users/emmanuel/proj/phd/data_files/light_curves')]), but it was expected to exist. Skipping.
2026-02-15 10:25:42,822 - __main__ - ERROR - FATAL: File not found for Kepler ID: 11442793 (Expected glob: kplr*11442793*_lc.fits in [PosixPath('/Users/emmanuel/proj/exo/kepler_local_data'), PosixPath('/Users/emmanuel/proj/phd/data_files/light_curves')]), but it was expected to exist. Skipping.
2026-02-15 10:25:42,822 - __main__ - WARNING - No survey results to save.
2026-02-15 10:25:42,822 - __main__ - INFO - Long-Period Gap Fill Survey complete: Processed 1554 targets (actual results: 0).
2026-02-15 10:26:45,161 - __main__ - INFO - Starting Long-Period Gap Fill Survey for Kepler targets.
2026-02-15 10:26:45,173 - __main__ - INFO - Loaded combined metadata from: /Users/emmanuel/proj/phd/data_files/full_metadata_v2.csv
2026-02-15 10:26:45,174 - __main__ - INFO - Found 1554 Long-Period Kepler Targets to process.
2026-02-15 10:26:45,279 - __main__ - INFO - Model loaded from /Users/emmanuel/proj/phd/results/run_20260125-144401/exo_multimodal_model_best.h5
2026-02-15 10:26:49,874 - __main__ - INFO - Found 36 Long-Period Kepler Targets with available FITS files to process.
2026-02-15 10:26:53,598 - __main__ - ERROR - Failed to process /Users/emmanuel/proj/exo/kepler_local_data/false_positives/kplr010028792-2011177032512_llc.fits (ID: 10028792): Invalid call for scalar access (getting)!
2026-02-15 10:26:53,598 - __main__ - ERROR - Failed to process /Users/emmanuel/proj/exo/kepler_local_data/false_positives/kplr010028792-2011177032512_llc.fits (ID: 10028792): Invalid call for scalar access (getting)!
2026-02-15 10:26:54,994 - __main__ - ERROR - Failed to process /Users/emmanuel/proj/exo/kepler_local_data/false_positives/kplr010005758-2013065031647_slc.fits (ID: 10005758): Invalid call for scalar access (getting)!
2026-02-15 10:26:56,460 - __main__ - ERROR - Failed to process /Users/emmanuel/proj/exo/kepler_local_data/false_positives/kplr011442793-2012310112549_slc.fits (ID: 11442793): Invalid call for scalar access (getting)!
2026-02-15 10:26:56,460 - __main__ - ERROR - Failed to process /Users/emmanuel/proj/exo/kepler_local_data/false_positives/kplr011442793-2012310112549_slc.fits (ID: 11442793): Invalid call for scalar access (getting)!
2026-02-15 10:27:02,460 - __main__ - ERROR - Failed to process /Users/emmanuel/proj/exo/kepler_local_data/false_positives/kplr010005758-2013065031647_slc.fits (ID: 10005758): Invalid call for scalar access (getting)!
2026-02-15 10:27:06,843 - __main__ - ERROR - Failed to process /Users/emmanuel/proj/exo/kepler_local_data/false_positives/kplr011442793-2012310112549_slc.fits (ID: 11442793): Invalid call for scalar access (getting)!
2026-02-15 10:27:06,846 - __main__ - INFO - Final survey results saved to: /Users/emmanuel/proj/phd/paper2_experiments/survey_results_long_period.csv
2026-02-15 10:27:06,846 - __main__ - INFO - Long-Period Gap Fill Survey complete: Processed 1554 targets (actual results: 29).
2026-02-15 10:27:54,724 - __main__ - INFO - Starting Long-Period Gap Fill Survey for Kepler targets.
2026-02-15 10:27:54,734 - __main__ - INFO - Loaded combined metadata from: /Users/emmanuel/proj/phd/data_files/full_metadata_v2.csv
2026-02-15 10:27:54,735 - __main__ - INFO - Found 1554 Long-Period Kepler Targets to process.
2026-02-15 10:27:54,818 - __main__ - INFO - Model loaded from /Users/emmanuel/proj/phd/results/run_20260125-144401/exo_multimodal_model_best.h5
2026-02-15 10:27:59,326 - __main__ - INFO - Found 36 Long-Period Kepler Targets with available FITS files to process.
2026-02-15 10:28:02,911 - __main__ - WARNING - Duplicate target_id '10028792' found in metadata. Using the first entry for processing.
2026-02-15 10:28:03,251 - __main__ - WARNING - Duplicate target_id '10028792' found in metadata. Using the first entry for processing.
2026-02-15 10:28:04,998 - __main__ - WARNING - Duplicate target_id '10005758' found in metadata. Using the first entry for processing.
2026-02-15 10:28:07,598 - __main__ - WARNING - Duplicate target_id '11442793' found in metadata. Using the first entry for processing.
2026-02-15 10:28:08,631 - __main__ - WARNING - Duplicate target_id '11442793' found in metadata. Using the first entry for processing.
2026-02-15 10:28:15,627 - __main__ - WARNING - Duplicate target_id '10005758' found in metadata. Using the first entry for processing.
2026-02-15 10:28:21,134 - __main__ - WARNING - Duplicate target_id '11442793' found in metadata. Using the first entry for processing.
2026-02-15 10:28:22,173 - __main__ - INFO - Final survey results saved to: /Users/emmanuel/proj/phd/paper2_experiments/survey_results_long_period.csv
2026-02-15 10:28:22,174 - __main__ - INFO - Long-Period Gap Fill Survey complete: Processed 1554 targets (actual results: 36).
