target_id,true_label_str,period,mean_confidence,max_disagreement,prob_1d,prob_2d
tess2024003055635,confirmed_planet,,0.63051164,1.2525857090950012,1.0,0.0042188167572021484
tess2024003055635,confirmed_planet,,0.586292,1.2122171968221664,1.0,0.0
tess2024196212429,confirmed_planet,,0.5985566,1.068263664841652,1.0,0.06442475318908691
tess2024223182411,confirmed_planet,,0.6162493,1.3709293901920319,1.0,0.0
tess2024196212429,confirmed_planet,,0.58745813,1.2170350551605225,1.0,0.0
tess2024249191853,confirmed_planet,,0.5801534,1.2456703186035156,1.0,0.0
tess2024003055635,confirmed_planet,,0.6202944,1.1973951607942581,1.0,0.021596789360046387
tess2024003055635,confirmed_planet,,0.4588388,1.2470860183238983,1.0,0.0
tess2024003055635,confirmed_planet,,0.56928676,1.1266153305768967,1.0,0.00597912073135376
tess2024003055635,confirmed_planet,,0.56336516,1.2186834663152695,1.0,0.0
tess2024223182411,confirmed_planet,,0.5779035,1.3354102075099945,1.0,0.0
tess2024030031500,confirmed_planet,,0.59615827,1.194700837135315,1.0,0.0
tess2019198215352,confirmed_planet,,0.5776923,0.9444372206926346,1.0,0.10547366738319397
tess2022190063128,confirmed_planet,,0.5850376,1.3829819858074188,1.0,0.0
tess2021204101404,confirmed_planet,,0.60310733,1.1537867933511734,1.0,0.02621394395828247
tess2022164095748,confirmed_planet,,0.62098485,1.0454848073422909,1.0,0.09824246168136597
tess2024196212429,confirmed_planet,,0.609547,1.336006760597229,1.0,0.0
tess2021204101404,confirmed_planet,,0.5626581,1.3020540475845337,1.0,0.0
tess2024223182411,confirmed_planet,,0.59822565,1.4097779393196106,1.0,0.0
tess2024196212429,confirmed_planet,,0.5736911,1.102629765868187,1.0,0.02237623929977417
tess2024196212429,confirmed_planet,,0.6099677,1.1185354590415955,1.0,0.05069994926452637
tess2024196212429,confirmed_planet,,0.56996375,0.9024375230073929,1.0,0.11874499917030334
tess2024196212429,confirmed_planet,,0.29314283,1.377170979976654,0.9817283153533936,0.0
tess2024223182411,confirmed_planet,,0.62067264,1.4120464324951172,1.0,0.0
tess2022190063128,confirmed_planet,,0.5788819,1.3489089906215668,1.0,0.0
tess2024003055635,confirmed_planet,,0.58830214,1.0595496147871017,1.0,0.058527350425720215
tess2022190063128,confirmed_planet,,0.5877147,1.2268564850091934,1.0,0.0
tess2024003055635,confirmed_planet,,0.6075929,1.3087273240089417,1.0,0.0
tess2024196212429,confirmed_planet,,0.6137405,1.3583966195583344,1.0,0.0
tess2024196212429,confirmed_planet,,0.59930015,1.2357750535011292,1.0,0.0
tess2021204101404,confirmed_planet,,0.62124765,1.252102255821228,1.0,0.0
tess2021204101404,confirmed_planet,,0.37663049,1.4064492583274841,1.0,0.0
tess2024196212429,confirmed_planet,,0.60717237,1.0259169656783342,1.0,0.09421390295028687
tess2024196212429,confirmed_planet,,0.5957179,1.1487278640270233,1.0,0.021353960037231445
tess2024030031500,confirmed_planet,,0.55735624,1.4458725154399872,1.0,0.0
tess2024223182411,confirmed_planet,,0.57732034,1.1345275193452835,1.0,0.010056555271148682
tess2022217014003,confirmed_planet,,0.6059396,1.023351138457656,1.0,0.09426403045654297
tess2024223182411,confirmed_planet,,0.6182902,1.266843020915985,1.0,0.0
tess2024003055635,confirmed_planet,,0.5869323,1.3565770983695984,1.0,0.0
tess2024170053053,confirmed_planet,,0.56742054,1.0715042725205421,1.0,0.03166842460632324
tess2024003055635,confirmed_planet,,0.60024196,1.1889787316322327,1.0,0.005752623081207275
tess2024223182411,confirmed_planet,,0.58856493,1.218017116189003,1.0,0.0
tess2022217014003,confirmed_planet,,0.57540035,1.1837102621793747,1.0,0.0
tess2022190063128,confirmed_planet,,0.5609897,1.3538332879543304,1.0,0.0
tess2024003055635,confirmed_planet,,0.5977078,1.315026193857193,1.0,0.0
tess2022164095748,confirmed_planet,,0.2645533,1.1144873723387718,0.8217970132827759,0.0
tess2022190063128,confirmed_planet,,0.5632846,1.0233715288341045,1.0,0.05159878730773926
tess2022190063128,confirmed_planet,,0.5695248,1.324731469154358,1.0,0.0
tess2024196212429,confirmed_planet,,0.5836936,1.2852554321289062,1.0,0.0
tess2022217014003,confirmed_planet,,0.58485264,1.1534377038478851,1.0,0.008133769035339355
tess2022164095748,confirmed_planet,,0.59778285,1.283348798751831,1.0,0.0
tess2024223182411,confirmed_planet,,0.4570591,1.122483804821968,1.0,0.0
tess2024170053053,confirmed_planet,,0.56997603,1.2550606727600098,1.0,0.0
tess2024223182411,confirmed_planet,,0.58071434,1.2099519073963165,1.0,0.0
tess2024003055635,confirmed_planet,,0.5539094,1.263020396232605,1.0,0.0
tess2024223182411,confirmed_planet,,0.5974647,1.0378256775438786,1.0,0.07855182886123657
tess2024003055635,confirmed_planet,,0.5903082,1.3029349446296692,1.0,0.0
tess2024030031500,confirmed_planet,,0.55922455,1.0990028753876686,1.0,0.009723126888275146
tess2022217014003,confirmed_planet,,0.50577,1.441220611333847,1.0,0.0
tess2024223182411,confirmed_planet,,0.58469903,1.1410434246063232,1.0,0.014177322387695312
tess2022190063128,confirmed_planet,,0.6008354,1.377763569355011,1.0,0.0
tess2024170053053,confirmed_planet,,0.6451614,1.1820797771215439,1.0,0.05412149429321289
tess2024030031500,confirmed_planet,,0.58981717,1.4807821810245514,1.0,0.0
tess2024223182411,confirmed_planet,,0.591829,1.4044915437698364,1.0,0.0
tess2024170053053,confirmed_planet,,0.5487005,1.5358087420463562,1.0,0.0
tess2021175071901,confirmed_planet,,0.41891548,1.3627488613128662,1.0,0.0
tess2024223182411,confirmed_planet,,0.57722473,1.156205266714096,1.0,0.0
tess2022190063128,confirmed_planet,,0.5957914,1.272462159395218,1.0,0.0
tess2022164095748,confirmed_planet,,0.608878,1.226901575922966,1.0,0.0
tess2022190063128,confirmed_planet,,0.5753465,1.259287804365158,1.0,0.0
tess2024223182411,confirmed_planet,,0.56521124,1.3485932052135468,1.0,0.0
tess2024003055635,confirmed_planet,,0.55869585,1.2771177887916565,1.0,0.0
tess2024223182411,confirmed_planet,,0.58426917,1.0428876653313637,1.0,0.06282532215118408
tess2024003055635,confirmed_planet,,0.56119764,1.227103665471077,1.0,0.0
tess2021175071901,confirmed_planet,,0.34457514,1.304096668958664,0.9966235160827637,0.0
tess2024223182411,confirmed_planet,,0.5834222,1.2571239173412323,1.0,0.0
tess2024030031500,confirmed_planet,,0.59789854,1.3073408901691437,1.0,0.0
tess2024003055635,confirmed_planet,,0.47361422,1.5576072335243225,1.0,0.0
tess2024058030222,confirmed_planet,,0.58187574,1.1956463009119034,1.0,0.0
tess2024196212429,confirmed_planet,,0.5941508,1.3312078714370728,1.0,0.0
tess2024030031500,confirmed_planet,,0.5755192,1.133414089679718,1.0,0.008812189102172852
tess2024196212429,confirmed_planet,,0.5981624,1.1650083363056183,1.0,0.015658259391784668
tess2024249191853,confirmed_planet,,0.58047116,1.3453646302223206,1.0,0.0
tess2021204101404,confirmed_planet,,0.5870316,1.186114713549614,1.0,0.0
tess2024196212429,confirmed_planet,,0.5828317,1.3187422156333923,1.0,0.0
tess2024249191853,confirmed_planet,,0.4510483,1.1713614165782928,1.0,0.0
tess2021204101404,confirmed_planet,,0.5985677,1.1932635009288788,1.0,0.0019359588623046875
tess2024170053053,confirmed_planet,,0.5957855,1.2655069828033447,1.0,0.0
tess2024196212429,confirmed_planet,,0.59876984,1.2744826972484589,1.0,0.0
tess2021204101404,confirmed_planet,,0.5762168,1.2781365513801575,1.0,0.0
tess2024223182411,confirmed_planet,,0.6097003,1.2648614645004272,1.0,0.0
tess2021204101404,confirmed_planet,,0.590469,1.1374584883451462,1.0,0.02173978090286255
tess2024030031500,confirmed_planet,,0.53878367,1.2319868355989456,1.0,0.0
tess2024170053053,confirmed_planet,,0.5116457,1.3169590830802917,1.0,0.0
tess2024196212429,confirmed_planet,,0.60922533,1.20455002784729,1.0,0.006950318813323975
tess2022164095748,confirmed_planet,,0.58681095,1.162488803267479,1.0,0.005566537380218506
tess2024196212429,confirmed_planet,,0.5530993,1.4295687079429626,1.0,0.0
tess2024223182411,confirmed_planet,,0.59024584,1.162573054432869,1.0,0.008959293365478516
tess2022164095748,confirmed_planet,,0.652955,0.9806004371494055,1.0,0.1626547873020172
tess2024030031500,confirmed_planet,,0.6012429,1.1753365099430084,1.0,0.013574659824371338
tess2024223182411,confirmed_planet,,0.57931674,1.4199701845645905,1.0,0.0
tess2024196212429,confirmed_planet,,0.5879935,1.0874398574233055,1.0,0.044273555278778076
tess2023341045131,confirmed_planet,,0.48895997,1.3066155314445496,1.0,0.0
tess2024003055635,confirmed_planet,,0.5871906,1.1909543871879578,1.0,0.0
tess2024196212429,confirmed_planet,,0.564229,1.3906401097774506,1.0,0.0
tess2024223182411,confirmed_planet,,0.5905031,1.2931190431118011,1.0,0.0
tess2024196212429,confirmed_planet,,0.58884656,1.2113309651613235,1.0,0.0
tess2024223182411,confirmed_planet,,0.58807635,1.1097927168011665,1.0,0.03317999839782715
tess2024030031500,confirmed_planet,,0.5731655,1.1412980556488037,1.0,0.002516448497772217
tess2022190063128,confirmed_planet,,0.59126484,1.1542959362268448,1.0,0.014116883277893066
tess2024003055635,confirmed_planet,,0.5857905,1.3675894737243652,1.0,0.0
tess2024196212429,confirmed_planet,,0.59311986,1.096932403743267,1.0,0.04465365409851074
tess2024170053053,confirmed_planet,,0.5922328,1.2436541020870209,1.0,0.0
tess2024196212429,confirmed_planet,,0.58707553,1.3432399034500122,1.0,0.0
tess2024223182411,confirmed_planet,,0.61241037,1.1154326796531677,1.0,0.05469399690628052
tess2022164095748,confirmed_planet,,0.5722458,1.3035174310207367,1.0,0.0
tess2022190063128,confirmed_planet,,0.56226736,1.1499353647232056,1.0,0.0
tess2024170053053,confirmed_planet,,0.5529827,1.2353304326534271,1.0,0.0
tess2024003055635,confirmed_planet,,0.57915425,1.2013471871614456,1.0,0.0
tess2024170053053,confirmed_planet,,0.59029937,1.4356379508972168,1.0,0.0
tess2024223182411,confirmed_planet,,0.5901862,1.1038740202784538,1.0,0.038249194622039795
tess2024223182411,confirmed_planet,,0.59483695,1.2771047055721283,1.0,0.0
tess2024030031500,confirmed_planet,,0.5423132,1.3239275515079498,1.0,0.0
tess2021175071901,confirmed_planet,,0.5795508,1.2377393990755081,1.0,0.0
tess2024170053053,confirmed_planet,,0.5676093,1.2116093635559082,1.0,0.0
tess2024223182411,confirmed_planet,,0.5901902,1.081602282822132,1.0,0.049389004707336426
tess2021204101404,confirmed_planet,,0.58692896,1.2736695110797882,1.0,0.0
tess2021204101404,confirmed_planet,,0.58698213,1.1756150275468826,1.0,0.0
tess2024030031500,confirmed_planet,,0.57594514,1.2471125572919846,1.0,0.0
tess2024030031500,confirmed_planet,,0.62919974,1.2050607353448868,1.0,0.02666938304901123
tess2024030031500,confirmed_planet,,0.57675,1.306163638830185,1.0,0.0
tess2024196212429,confirmed_planet,,0.6260992,1.126618355512619,1.0,0.06279003620147705
tess2024196212429,confirmed_planet,,0.5851324,1.275997668504715,1.0,0.0
tess2024223182411,confirmed_planet,,0.5785647,1.143727958202362,1.0,0.006700694561004639
tess2024196212429,confirmed_planet,,0.6070619,1.2243729084730148,1.0,0.0
tess2024196212429,confirmed_planet,,0.588646,1.1862873435020447,1.0,0.0
tess2024223182411,confirmed_planet,,0.635078,1.3661670088768005,1.0,0.0
tess2024003055635,confirmed_planet,,0.58987683,1.4248823821544647,1.0,0.0
tess2024003055635,confirmed_planet,,0.5937396,1.1803463101387024,1.0,0.0035665035247802734
tess2024223182411,confirmed_planet,,0.5972746,1.3968952894210815,1.0,0.0
tess2024170053053,confirmed_planet,,0.58303636,1.195795401930809,1.0,0.0
tess2024003055635,confirmed_planet,,0.58518755,1.1434964835643768,1.0,0.013439297676086426
tess2024170053053,confirmed_planet,,0.54755247,1.1833466440439224,1.0,0.0
tess2024223182411,confirmed_planet,,0.6059179,1.1254595816135406,1.0,0.04318809509277344
tess2024030031500,confirmed_planet,,0.5851195,1.1376525610685349,1.0,0.016293227672576904
tess2024003055635,confirmed_planet,,0.55541795,1.0953096896409988,1.0,0.007763087749481201
tess2022164095748,confirmed_planet,,0.58752894,1.1844391077756882,1.0,0.0
tess2021175071901,confirmed_planet,,0.5859262,1.4468959867954254,1.0,0.0
tess2022190063128,confirmed_planet,,0.5945902,1.2203651666641235,1.0,0.0
tess2021175071901,confirmed_planet,,0.57063735,1.538225531578064,1.0,0.0
tess2022217014003,confirmed_planet,,0.5884407,1.1890319287776947,1.0,0.0
tess2022164095748,confirmed_planet,,0.5825027,1.0119562894105911,1.0,0.07652455568313599
tess2021175071901,confirmed_planet,,0.5742858,1.307402491569519,1.0,0.0
tess2024223182411,confirmed_planet,,0.59418845,1.2316566556692123,1.0,0.0
tess2024030031500,confirmed_planet,,0.552866,1.093592643737793,1.0,0.006069660186767578
tess2024196212429,confirmed_planet,,0.5836332,1.1962207108736038,1.0,0.0
tess2024196212429,confirmed_planet,,0.5626667,1.302550494670868,1.0,0.0
tess2024170053053,confirmed_planet,,0.52406067,1.4269123077392578,1.0,0.0
tess2024170053053,confirmed_planet,,0.57885736,1.1157706826925278,1.0,0.020972013473510742
tess2024196212429,confirmed_planet,,0.5543837,1.5122071504592896,1.0,0.0
tess2024058030222,confirmed_planet,,0.5418967,1.3332405984401703,1.0,0.0
tess2022164095748,confirmed_planet,,0.5332054,1.3977809846401215,1.0,0.0
tess2024170053053,confirmed_planet,,0.5756736,1.3649337589740753,1.0,0.0
tess2024030031500,confirmed_planet,,0.5784871,1.057344976812601,1.0,0.049814581871032715
tess2024196212429,confirmed_planet,,0.62079924,1.3144481778144836,1.0,0.0
tess2024030031500,confirmed_planet,,0.592337,1.24215966463089,1.0,0.0
tess2024196212429,confirmed_planet,,0.62546116,1.240282103419304,1.0,0.005320131778717041
tess2024196212429,confirmed_planet,,0.5750499,1.2901597023010254,1.0,0.0
tess2024030031500,confirmed_planet,,0.61545336,1.196929156780243,1.0,0.016988754272460938
tess2024003055635,confirmed_planet,,0.573309,1.4000541269779205,1.0,0.0
tess2024223182411,confirmed_planet,,0.58885175,1.2642183005809784,1.0,0.0
tess2022164095748,confirmed_planet,,0.59848386,1.3328401148319244,1.0,0.0
tess2021175071901,confirmed_planet,,0.5323941,1.4342931807041168,1.0,0.0
tess2024030031500,confirmed_planet,,0.58407503,1.3921666741371155,1.0,0.0
tess2024196212429,confirmed_planet,,0.57383406,1.3261279165744781,1.0,0.0
tess2024223182411,confirmed_planet,,0.58787525,1.434418797492981,1.0,0.0
tess2024196212429,confirmed_planet,,0.5985475,1.0485473163425922,1.0,0.07427388429641724
tess2022164095748,confirmed_planet,,0.62085944,1.3412246406078339,1.0,0.0
tess2024030031500,confirmed_planet,,0.6117629,1.2850134670734406,1.0,0.0
tess2024030031500,confirmed_planet,,0.5954153,1.1669838428497314,1.0,0.011923372745513916
tess2024223182411,confirmed_planet,,0.5800131,1.259450912475586,1.0,0.0
tess2024003055635,confirmed_planet,,0.60924906,1.3396722674369812,1.0,0.0
tess2024196212429,confirmed_planet,,0.6184806,1.3123257756233215,1.0,0.0
tess2024030031500,confirmed_planet,,0.55624205,1.2180792540311813,1.0,0.0
tess2024030031500,confirmed_planet,,0.5756799,1.3375033140182495,1.0,0.0
tess2024003055635,confirmed_planet,,0.55272615,1.2298259884119034,1.0,0.0
tess2024030031500,confirmed_planet,,0.570952,1.2804237604141235,1.0,0.0
tess2024003055635,confirmed_planet,,0.57381284,1.1433966010808945,1.0,0.002114534378051758
tess2024170053053,confirmed_planet,,0.540636,1.228931576013565,1.0,0.0
tess2024030031500,confirmed_planet,,0.58240587,1.1698252707719803,1.0,0.0
tess2024223182411,confirmed_planet,,0.5980639,1.1553253382444382,1.0,0.0204012393951416
tess2024170053053,confirmed_planet,,0.5544635,1.2438780665397644,1.0,0.0
tess2024196212429,confirmed_planet,,0.5964473,1.2500599026679993,1.0,0.0
tess2024058030222,confirmed_planet,,0.58523476,1.1286171972751617,1.0,0.020926177501678467
tess2024196212429,confirmed_planet,,0.63782644,1.1939783096313477,1.0,0.04083728790283203
tess2022190063128,confirmed_planet,,0.5694184,1.37258380651474,1.0,0.0
tess2024003055635,confirmed_planet,,0.5963538,1.0918989926576614,1.0,0.05040431022644043
tess2024003055635,confirmed_planet,,0.4866999,1.2107962667942047,1.0,0.0
tess2024196212429,confirmed_planet,,0.60603166,1.3870497643947601,1.0,0.0
tess2024003055635,confirmed_planet,,0.47663444,1.165603682398796,1.0,0.0
tess2024196212429,confirmed_planet,,0.6182221,1.3287215530872345,1.0,0.0
tess2024196212429,confirmed_planet,,0.6179553,1.1411131769418716,1.0,0.04739874601364136
tess2024003055635,confirmed_planet,,0.5900291,1.404272973537445,1.0,0.0
tess2022190063128,confirmed_planet,,0.32198358,1.3766947388648987,1.0,0.0
tess2024030031500,confirmed_planet,,0.59719867,1.4201722145080566,1.0,0.0
tess2024030031500,confirmed_planet,,0.564669,1.6346703171730042,1.0,0.0
tess2021175071901,confirmed_planet,,0.6053742,1.207609310746193,1.0,0.0015695691108703613
tess2024196212429,confirmed_planet,,0.60376126,1.3575257658958435,1.0,0.0
tess2019226182529,confirmed_planet,,0.55649465,1.2902701497077942,1.0,0.0
tess2024196212429,confirmed_planet,,0.5641286,0.9554660394787788,1.0,0.08639556169509888
tess2024003055635,confirmed_planet,,0.57822126,1.0230592247098684,1.0,0.06669163703918457
tess2024170053053,confirmed_planet,,0.59053546,1.277829647064209,1.0,0.0
tess2024030031500,confirmed_planet,,0.53089833,1.0341629311442375,1.0,0.013816893100738525
tess2024223182411,confirmed_planet,,0.5051602,1.4276014566421509,1.0,0.0
tess2024003055635,confirmed_planet,,0.609326,1.3915044069290161,1.0,0.0
tess2024003055635,confirmed_planet,,0.5843811,1.4493215084075928,1.0,0.0
tess2024196212429,confirmed_planet,,0.5918857,1.2174981385469437,1.0,0.0
tess2024196212429,confirmed_planet,,0.64793456,1.3269523978233337,1.0,0.0
tess2024003055635,confirmed_planet,,0.5591713,1.1765918284654617,1.0,0.0
tess2024196212429,confirmed_planet,,0.59856504,1.1882399916648865,1.0,0.004445016384124756
tess2024196212429,confirmed_planet,,0.60135573,1.3450599014759064,1.0,0.0
tess2022217014003,confirmed_planet,,0.59307104,1.208965465426445,1.0,0.0
tess2021175071901,confirmed_planet,,0.58158565,1.1431719809770584,1.0,0.009999632835388184
tess2024058030222,confirmed_planet,,0.56288874,1.1972025483846664,1.0,0.0
tess2022190063128,confirmed_planet,,0.5706068,1.0713620781898499,1.0,0.03492581844329834
tess2024223182411,confirmed_planet,,0.5929303,1.3770526051521301,1.0,0.0
tess2024003055635,confirmed_planet,,0.5583677,1.0626600831747055,1.0,0.02703768014907837
tess2024170053053,confirmed_planet,,0.5685013,1.2832488715648651,1.0,0.0
tess2024223182411,confirmed_planet,,0.6176431,1.2461049556732178,1.0,0.0
tess2024170053053,confirmed_planet,,0.6028847,1.3087672591209412,1.0,0.0
tess2024170053053,confirmed_planet,,0.56978166,0.9932462866418064,1.0,0.07315853238105774
tess2024223182411,confirmed_planet,,0.5782155,1.2129199802875519,1.0,0.0
tess2024170053053,confirmed_planet,,0.5674068,1.1601163744926453,1.0,0.0
tess2024003055635,confirmed_planet,,0.43249607,1.1051671579480171,0.9850796461105347,0.0
tess2024170053053,confirmed_planet,,0.596583,1.1362417042255402,1.0,0.02846217155456543
tess2024170053053,confirmed_planet,,0.5860181,1.3085055351257324,1.0,0.0
tess2021175071901,confirmed_planet,,0.58003235,1.3278801441192627,1.0,0.0
tess2024170053053,confirmed_planet,,0.5817642,1.2250681817531586,1.0,0.0
tess2024196212429,confirmed_planet,,0.60375386,1.5122540593147278,1.0,0.0
tess2024249191853,confirmed_planet,,0.5977961,1.2381644248962402,1.0,0.0
tess2024170053053,confirmed_planet,,0.58462554,1.1864444315433502,1.0,0.0
tess2024223182411,confirmed_planet,,0.6063155,1.01337231695652,1.0,0.09962934255599976
tess2024249191853,confirmed_planet,,0.4277933,1.2770746052265167,1.0,0.0
tess2024249191853,confirmed_planet,,0.41926134,1.0683968588709831,0.9534597396850586,0.0
tess2024170053053,confirmed_planet,,0.59547704,1.4024310111999512,1.0,0.0
tess2022190063128,confirmed_planet,,0.5797408,1.328646957874298,1.0,0.0
tess2024003055635,confirmed_planet,,0.6191635,1.22624072432518,1.0,0.006043136119842529
tess2024196212429,confirmed_planet,,0.5074786,1.2889889776706696,1.0,0.0
tess2024223182411,confirmed_planet,,0.57561886,1.2984900176525116,1.0,0.0
tess2022190063128,confirmed_planet,,0.46780547,1.2630645632743835,1.0,0.0
tess2024003055635,confirmed_planet,,0.56836677,1.3800834119319916,1.0,0.0
tess2020160202036,confirmed_planet,,0.6069331,1.5119079947471619,1.0,0.0
tess2024249191853,confirmed_planet,,0.59696513,1.1805812418460846,1.0,0.006674528121948242
tess2024003055635,confirmed_planet,,0.57870644,0.9417586140334606,1.0,0.10782712697982788
tess2024223182411,confirmed_planet,,0.60484666,1.2776985168457031,1.0,0.0
tess2024058030222,confirmed_planet,,0.5436837,1.4132716953754425,1.0,0.0
tess2024170053053,confirmed_planet,,0.5782992,1.0521421357989311,1.0,0.05222815275192261
tess2024196212429,confirmed_planet,,0.64467597,1.0796877443790436,1.0,0.10483211278915405
tess2024170053053,confirmed_planet,,0.5737776,1.2109214216470718,1.0,0.0
tess2024003055635,confirmed_planet,,0.57160366,1.1377759873867035,1.0,0.0027156472206115723
tess2024030031500,confirmed_planet,,0.571345,1.246599331498146,1.0,0.0
tess2024003055635,confirmed_planet,,0.5622917,1.2507578432559967,1.0,0.0
tess2024030031500,confirmed_planet,,0.5842771,1.3639474213123322,1.0,0.0
tess2024223182411,confirmed_planet,,0.6175627,1.254182517528534,1.0,0.0
tess2024196212429,confirmed_planet,,0.615282,1.1846694499254227,1.0,0.022947251796722412
tess2024196212429,confirmed_planet,,0.6228678,1.1488048136234283,1.0,0.04846543073654175
tess2024170053053,confirmed_planet,,0.48584875,1.1288929134607315,1.0,0.0
tess2024223182411,confirmed_planet,,0.583317,1.4172039031982422,1.0,0.0
tess2024030031500,confirmed_planet,,0.5707657,1.2897103130817413,1.0,0.0
tess2024003055635,confirmed_planet,,0.54047066,1.300336867570877,1.0,0.0
tess2024196212429,confirmed_planet,,0.5636039,1.1108530908823013,1.0,0.008177340030670166
tess2024030031500,confirmed_planet,,0.5939401,1.377178966999054,1.0,0.0
tess2021204101404,confirmed_planet,,0.5800221,1.2816251814365387,1.0,0.0
tess2022217014003,confirmed_planet,,0.5294154,1.2905343174934387,1.0,0.0
tess2022217014003,confirmed_planet,,0.5140466,1.2976581156253815,1.0,0.0
tess2024003055635,confirmed_planet,,0.5862858,1.4919688701629639,1.0,0.0
tess2024170053053,confirmed_planet,,0.57585204,1.4659970104694366,1.0,0.0
tess2022190063128,confirmed_planet,,0.60012954,1.3806224465370178,1.0,0.0
tess2024030031500,confirmed_planet,,0.595781,1.4603422582149506,1.0,0.0
tess2024003055635,confirmed_planet,,0.5867027,1.2004542648792267,1.0,0.0
tess2024223182411,confirmed_planet,,0.61660916,1.446739286184311,1.0,0.0
tess2024030031500,confirmed_planet,,0.5735411,1.1710887402296066,1.0,0.0
tess2024003055635,confirmed_planet,,0.5749052,1.3687163293361664,1.0,0.0
tess2022244194134,confirmed_planet,,0.57730246,1.1525548547506332,1.0,0.0010250210762023926
tess2024196212429,confirmed_planet,,0.5942075,1.2339647263288498,1.0,0.0
tess2022190063128,confirmed_planet,,0.51840496,1.0664728805422783,1.0,0.0
tess2024003055635,confirmed_planet,,0.5645224,1.4458065629005432,1.0,0.0
tess2024223182411,confirmed_planet,,0.56037694,1.2879861891269684,1.0,0.0
tess2021204101404,confirmed_planet,,0.5863188,1.1352731138467789,1.0,0.018682241439819336
tess2022190063128,confirmed_planet,,0.61449564,1.3134922087192535,1.0,0.0
tess2024196212429,confirmed_planet,,0.62017584,1.1607501357793808,1.0,0.03980076313018799
tess2024030031500,confirmed_planet,,0.59516084,1.3688309490680695,1.0,0.0
tess2022217014003,confirmed_planet,,0.5746238,1.0716168135404587,1.0,0.038815438747406006
tess2022190063128,confirmed_planet,,0.55659175,1.1814092695713043,1.0,0.0
tess2024196212429,confirmed_planet,,0.62044907,1.324235737323761,1.0,0.0
tess2024223182411,confirmed_planet,,0.59264547,1.509414553642273,1.0,0.0
tess2024223182411,confirmed_planet,,0.615516,1.2638112008571625,1.0,0.0
tess2024223182411,confirmed_planet,,0.57340604,1.1224441677331924,1.0,0.012183964252471924
tess2024196212429,confirmed_planet,,0.612039,0.9333746060729027,1.0,0.14535173773765564
tess2024223182411,confirmed_planet,,0.5833562,1.0266051478683949,1.0,0.07005363702774048
tess2022164095748,confirmed_planet,,0.5715553,1.1478601843118668,1.0,0.0
tess2021175071901,confirmed_planet,,0.6204316,1.249439850449562,1.0,0.0
tess2024003055635,confirmed_planet,,0.5587051,1.2883541584014893,1.0,0.0
tess2024030031500,confirmed_planet,,0.5443324,1.200904056429863,1.0,0.0
tess2024223182411,confirmed_planet,,0.57224894,1.0885793045163155,1.0,0.02795928716659546
tess2021175071901,confirmed_planet,,0.59636134,0.9362539201974869,1.0,0.1282343864440918
tess2024030031500,confirmed_planet,,0.58182937,1.366830974817276,1.0,0.0
tess2024196212429,confirmed_planet,,0.6135814,1.136931523680687,1.0,0.045115649700164795
tess2021175071901,confirmed_planet,,0.61578333,1.0791425108909607,1.0,0.07621204853057861
tess2024223182411,confirmed_planet,,0.57699543,0.974274268373847,1.0,0.0898582935333252
tess2024030031500,confirmed_planet,,0.578445,1.093014694750309,1.0,0.03193765878677368
tess2024030031500,confirmed_planet,,0.5734938,1.4064519107341766,1.0,0.0
tess2024170053053,confirmed_planet,,0.5208683,1.3417346477508545,1.0,0.0
tess2024223182411,confirmed_planet,,0.57025075,1.1729416102170944,1.0,0.0
tess2021204101404,confirmed_planet,,0.5767919,1.4455032050609589,1.0,0.0
tess2021204101404,confirmed_planet,,0.51386064,1.2509745359420776,1.0,0.0
tess2024196212429,confirmed_planet,,0.61286414,1.276106595993042,1.0,0.0
tess2024058030222,confirmed_planet,,0.5711394,1.0432924181222916,1.0,0.04949319362640381
tess2022190063128,confirmed_planet,,0.56136554,1.3326520025730133,1.0,0.0
tess2024003055635,confirmed_planet,,0.59115994,1.4222811162471771,1.0,0.0
tess2024030031500,confirmed_planet,,0.5680055,1.1921330392360687,1.0,0.0
tess2024223182411,confirmed_planet,,0.5972221,1.4261028170585632,1.0,0.0
tess2024003055635,confirmed_planet,,0.36547112,1.274497240781784,1.0,0.0
tess2022190063128,confirmed_planet,,0.56591195,1.31667959690094,1.0,0.0
tess2024196212429,confirmed_planet,,0.6178591,1.191342070698738,1.0,0.02218806743621826
tess2024170053053,confirmed_planet,,0.59138554,1.333150714635849,1.0,0.0
tess2024196212429,confirmed_planet,,0.67710274,1.2067807614803314,1.0,0.07371234893798828
tess2022164095748,confirmed_planet,,0.5845409,1.4582343697547913,1.0,0.0
tess2024170053053,confirmed_planet,,0.59689325,1.1573723703622818,1.0,0.018207073211669922
tess2021175071901,confirmed_planet,,0.5927634,1.1747645139694214,1.0,0.005381166934967041
tess2024196212429,confirmed_planet,,0.54665095,1.2459271103143692,1.0,0.0
tess2024003055635,confirmed_planet,,0.5574707,1.4478734731674194,1.0,0.0
tess2021175071901,confirmed_planet,,0.6123466,1.027651023119688,1.0,0.09852105379104614
tess2024030031500,confirmed_planet,,0.581792,1.1641797721385956,1.0,0.0
tess2021204101404,confirmed_planet,,0.5983483,1.24800643324852,1.0,0.0
tess2024030031500,confirmed_planet,,0.5977831,1.2020393908023834,1.0,0.0
tess2021204101404,confirmed_planet,,0.5829146,1.0692874416708946,1.0,0.04827088117599487
tess2024170053053,confirmed_planet,,0.5814666,1.1845008581876755,1.0,0.0
tess2024003055635,confirmed_planet,,0.556586,1.253939539194107,1.0,0.0
tess2024223182411,confirmed_planet,,0.59185153,1.283928006887436,1.0,0.0
tess2024223182411,confirmed_planet,,0.5920042,1.3820288479328156,1.0,0.0
tess2021204101404,confirmed_planet,,0.6058674,1.0489657633006573,1.0,0.08138447999954224
tess2024223182411,confirmed_planet,,0.5908843,1.4566465616226196,1.0,0.0
tess2022190063128,confirmed_planet,,0.5563312,1.084487333893776,1.0,0.014087557792663574
tess2022190063128,confirmed_planet,,0.5617849,1.2282862663269043,1.0,0.0
tess2024223182411,confirmed_planet,,0.6242033,1.31470188498497,1.0,0.0
tess2024170053053,confirmed_planet,,0.5170512,1.2778279483318329,1.0,0.0
tess2024003055635,confirmed_planet,,0.57988113,1.2193143516778946,1.0,0.0
tess2024003055635,confirmed_planet,,0.6025021,1.200345978140831,1.0,0.002329111099243164
tess2021175071901,confirmed_planet,,0.5932211,1.3448162376880646,1.0,0.0
tess2022190063128,confirmed_planet,,0.59992886,1.3558822572231293,1.0,0.0
tess2024003055635,confirmed_planet,,0.6227034,1.2512262165546417,1.0,0.0
tess2024223182411,confirmed_planet,,0.59921724,1.2515313923358917,1.0,0.0
tess2024223182411,confirmed_planet,,0.49688092,1.0804809778928757,1.0,0.0
tess2024196212429,confirmed_planet,,0.56887037,0.9742871429771185,1.0,0.0817267894744873
tess2022164095748,confirmed_planet,,0.55069464,1.1509111821651459,1.0,0.0
tess2024196212429,confirmed_planet,,0.5681549,1.2960393130779266,1.0,0.0
tess2024003055635,confirmed_planet,,0.4504992,1.0851772502064705,0.993087887763977,0.0
tess2024223182411,confirmed_planet,,0.6080157,1.0961797833442688,1.0,0.059925854206085205
tess2022190063128,confirmed_planet,,0.54349524,1.1956422924995422,1.0,0.0
tess2022190063128,confirmed_planet,,0.16480063,1.260662704706192,0.7951319813728333,0.0
tess2024196212429,confirmed_planet,,0.5876174,1.4255331754684448,1.0,0.0
tess2021204101404,confirmed_planet,,0.55339533,1.1624893993139267,1.0,0.0
tess2024030031500,confirmed_planet,,0.58580554,1.3959492444992065,1.0,0.0
tess2024196212429,confirmed_planet,,0.62129676,1.3339295089244843,1.0,0.0
tess2024170053053,confirmed_planet,,0.5858251,1.2366760075092316,1.0,0.0
tess2024030031500,confirmed_planet,,0.5825771,1.324816346168518,1.0,0.0
tess2024003055635,confirmed_planet,,0.5988948,1.0770177692174911,1.0,0.06038588285446167
tess2024170053053,confirmed_planet,,0.612429,1.4532709121704102,1.0,0.0
tess2024030031500,confirmed_planet,,0.5657502,1.594408392906189,1.0,0.0
tess2024223182411,confirmed_planet,,0.5738796,1.3703156411647797,1.0,0.0
tess2024058030222,confirmed_planet,,0.5697282,1.0598177462816238,1.0,0.039819300174713135
tess2021204101404,confirmed_planet,,0.59153086,1.4247551262378693,1.0,0.0
tess2024170053053,confirmed_planet,,0.5404134,1.182793989777565,1.0,0.0
tess2024223182411,confirmed_planet,,0.5846194,1.3322377800941467,1.0,0.0
tess2024030031500,confirmed_planet,,0.5520294,1.2782920598983765,1.0,0.0
tess2024003055635,confirmed_planet,,0.53543574,1.16818368434906,1.0,0.0
tess2022190063128,confirmed_planet,,0.43883073,1.3120381236076355,1.0,0.0
tess2024223182411,confirmed_planet,,0.57969767,1.3030915260314941,1.0,0.0
tess2024003055635,confirmed_planet,,0.5855496,1.2599947452545166,1.0,0.0
tess2024170053053,confirmed_planet,,0.4585946,1.141215294599533,1.0,0.0
tess2024003055635,confirmed_planet,,0.5852276,1.2711937725543976,1.0,0.0
tess2024030031500,confirmed_planet,,0.5634335,1.3440702259540558,1.0,0.0
tess2024249191853,confirmed_planet,,0.5184236,1.3076905012130737,1.0,0.0
tess2024196212429,confirmed_planet,,0.6163703,1.1715413480997086,1.0,0.030599653720855713
tess2024223182411,confirmed_planet,,0.6005284,1.3248575925827026,1.0,0.0
tess2024196212429,confirmed_planet,,0.5859589,1.2218461632728577,1.0,0.0
tess2024223182411,confirmed_planet,,0.57636005,1.235724151134491,1.0,0.0
tess2024030031500,confirmed_planet,,0.6041791,1.0668257474899292,1.0,0.07076621055603027
tess2024170053053,confirmed_planet,,0.5740029,1.263715237379074,1.0,0.0
tess2024196212429,confirmed_planet,,0.58544266,1.566046416759491,1.0,0.0
tess2024223182411,confirmed_planet,,0.59048265,1.063090719282627,1.0,0.05893731117248535
tess2024030031500,confirmed_planet,,0.58474785,1.4050317406654358,1.0,0.0
tess2024196212429,confirmed_planet,,0.60089177,1.36763134598732,1.0,0.0
tess2024170053053,confirmed_planet,,0.5551385,1.0766751915216446,1.0,0.01680094003677368
tess2022164095748,confirmed_planet,,0.6020721,1.1717519760131836,1.0,0.016196131706237793
tess2022217014003,confirmed_planet,,0.6024398,1.0840384289622307,1.0,0.06042063236236572
tess2021175071901,confirmed_planet,,0.583788,1.5387561917304993,1.0,0.0
tess2021204101404,confirmed_planet,,0.51397896,1.303233027458191,1.0,0.0
tess2024003055635,confirmed_planet,,0.58069265,1.2631379663944244,1.0,0.0
tess2022190063128,confirmed_planet,,0.53353465,1.0536685138940811,1.0,0.006700396537780762
tess2024223182411,confirmed_planet,,0.58739424,1.083723895251751,1.0,0.045532286167144775
tess2020160202036,confirmed_planet,,0.61066794,1.192157655954361,1.0,0.014589130878448486
tess2022217014003,confirmed_planet,,0.5911034,1.1726962625980377,1.0,0.004755258560180664
tess2024030031500,confirmed_planet,,0.6156611,1.1071339547634125,1.0,0.06209409236907959
tess2024030031500,confirmed_planet,,0.56626,1.3170451819896698,1.0,0.0
tess2024170053053,confirmed_planet,,0.5894814,1.3015826046466827,1.0,0.0
tess2024223182411,confirmed_planet,,0.5058893,1.1299623399972916,1.0,0.0
tess2024196212429,confirmed_planet,,0.62457615,1.105682022869587,1.0,0.07173514366149902
tess2022217014003,confirmed_planet,,0.59880257,1.169630691409111,1.0,0.013987243175506592
tess2024170053053,confirmed_planet,,0.5681259,1.148229867219925,1.0,0.0
tess2024170053053,confirmed_planet,,0.55696595,1.2136844545602798,1.0,0.0
tess2024223182411,confirmed_planet,,0.603377,1.3569385707378387,1.0,0.0
tess2024003055635,confirmed_planet,,0.5780294,1.1036663502454758,1.0,0.02619624137878418
tess2024223182411,confirmed_planet,,0.62691486,1.1184905916452408,1.0,0.0676695704460144
tess2024170053053,confirmed_planet,,0.5539515,1.1316490024328232,1.0,0.0
tess2024223182411,confirmed_planet,,0.59289396,1.067258171737194,1.0,0.0592648983001709
tess2024223182411,confirmed_planet,,0.5986268,1.2479780912399292,1.0,0.0
tess2022217014003,confirmed_planet,,0.5911536,1.2739139795303345,1.0,0.0
tess2024196212429,confirmed_planet,,0.6031836,1.27540922164917,1.0,0.0
tess2021175071901,confirmed_planet,,0.5902999,1.4379425048828125,1.0,0.0
tess2024170053053,confirmed_planet,,0.55846775,1.099494107067585,1.0,0.008720695972442627
tess2021204101404,confirmed_planet,,0.5646784,1.4190595149993896,1.0,0.0
tess2024196212429,confirmed_planet,,0.62195396,1.265799105167389,1.0,0.0
tess2024196212429,confirmed_planet,,0.6024641,1.4133091866970062,1.0,0.0
tess2024223182411,confirmed_planet,,0.5773046,1.2097135931253433,1.0,0.0
tess2022190063128,confirmed_planet,,0.5763446,1.0875138863921165,1.0,0.032587647438049316
tess2024030031500,confirmed_planet,,0.5679565,1.2354389280080795,1.0,0.0
tess2024170053053,confirmed_planet,,0.6076065,1.3542797267436981,1.0,0.0
tess2022190063128,confirmed_planet,,0.39601701,1.2575264871120453,1.0,0.0
tess2024223182411,confirmed_planet,,0.59033394,1.2343790382146835,1.0,0.0
tess2024196212429,confirmed_planet,,0.6227528,1.2432173788547516,1.0,0.001144111156463623
tess2024030031500,confirmed_planet,,0.5615464,1.1506904810667038,1.0,0.0
tess2024170053053,confirmed_planet,,0.5877636,1.3213767111301422,1.0,0.0
tess2024003055635,confirmed_planet,,0.58484423,1.2560752928256989,1.0,0.0
tess2024003055635,confirmed_planet,,0.5924712,1.1257600039243698,1.0,0.02959120273590088
tess2024196212429,confirmed_planet,,0.5950104,1.2869960367679596,1.0,0.0
tess2022217014003,confirmed_planet,,0.48588118,1.1041803807020187,1.0,0.0
tess2021175071901,confirmed_planet,,0.57607937,1.20684452354908,1.0,0.0
tess2024030031500,confirmed_planet,,0.5604094,1.2225376814603806,1.0,0.0
tess2024196212429,confirmed_planet,,0.5999949,1.3526437282562256,1.0,0.0
tess2024196212429,confirmed_planet,,0.60144126,1.3539538383483887,1.0,0.0
tess2024196212429,confirmed_planet,,0.58993554,1.3000312447547913,1.0,0.0
tess2024170053053,confirmed_planet,,0.59647113,1.3206769526004791,1.0,0.0
tess2024170053053,confirmed_planet,,0.5895331,0.9090412333607674,1.0,0.13501247763633728
tess2024003055635,confirmed_planet,,0.5725111,1.0469553619623184,1.0,0.049033403396606445
tess2022217014003,confirmed_planet,,0.582809,1.3700063526630402,1.0,0.0
tess2024030031500,confirmed_planet,,0.61420804,1.2608153820037842,1.0,0.0
tess2024170053053,confirmed_planet,,0.4135393,1.468722939491272,1.0,0.0
tess2022164095748,confirmed_planet,,0.37844548,1.2742152214050293,1.0,0.0
tess2024196212429,confirmed_planet,,0.5890422,1.2633021175861359,1.0,0.0
tess2024196212429,confirmed_planet,,0.5923199,1.1678494065999985,1.0,0.008395195007324219
tess2022190063128,confirmed_planet,,0.5683489,1.2239534854888916,1.0,0.0
tess2024170053053,confirmed_planet,,0.59424055,1.1940871477127075,1.0,0.0
tess2024196212429,confirmed_planet,,0.5760492,1.189606949687004,1.0,0.0
tess2024196212429,confirmed_planet,,0.58406955,1.1532551497220993,1.0,0.007441997528076172
tess2024003055635,confirmed_planet,,0.59500355,1.2570108473300934,1.0,0.0
tess2024196212429,confirmed_planet,,0.59602034,1.302223026752472,1.0,0.0
tess2024003055635,confirmed_planet,,0.59908783,1.2998242676258087,1.0,0.0
tess2024003055635,confirmed_planet,,0.5858567,1.288791447877884,1.0,0.0
tess2024249191853,confirmed_planet,,0.12450243,1.2820231020450592,0.7655139565467834,0.0
tess2024196212429,confirmed_planet,,0.58853835,1.4158807396888733,1.0,0.0
tess2024003055635,confirmed_planet,,0.48188776,1.2080984860658646,1.0,0.0
tess2024003055635,confirmed_planet,,0.54716784,1.03983423858881,1.0,0.027250707149505615
tess2024030031500,confirmed_planet,,0.36105734,1.1746370643377304,0.9483758807182312,0.0
tess2024223182411,confirmed_planet,,0.5618329,1.071405068039894,1.0,0.026130378246307373
tess2022217014003,confirmed_planet,,0.58660215,1.3603621423244476,1.0,0.0
tess2024223182411,confirmed_planet,,0.58259183,1.674376904964447,1.0,0.0
tess2024003055635,confirmed_planet,,0.5789293,1.0624473877251148,1.0,0.04770559072494507
tess2024170053053,confirmed_planet,,0.5316668,1.1824423968791962,1.0,0.0
tess2024003055635,confirmed_planet,,0.3964669,1.205406591296196,0.999170184135437,0.0
tess2021204101404,confirmed_planet,,0.5687958,1.1583591103553772,1.0,0.0
tess2024030031500,confirmed_planet,,0.58379483,1.3363415598869324,1.0,0.0
tess2022164095748,confirmed_planet,,0.595751,1.3227586448192596,1.0,0.0
tess2024003055635,confirmed_planet,,0.5760199,1.2445412576198578,1.0,0.0
tess2024003055635,confirmed_planet,,0.60066986,1.2401764392852783,1.0,0.0
tess2024003055635,confirmed_planet,,0.5744714,1.1865326464176178,1.0,0.0
tess2024170053053,confirmed_planet,,0.6379254,1.4309542775154114,1.0,0.0
tess2024196212429,confirmed_planet,,0.6038886,1.3088644444942474,1.0,0.0
tess2024196212429,confirmed_planet,,0.48379818,0.9624432548880577,0.9650198221206665,0.0025765597820281982
tess2024196212429,confirmed_planet,,0.6164193,1.1417513340711594,1.0,0.045543670654296875
tess2024003055635,confirmed_planet,,0.5498085,1.1695337444543839,1.0,0.0
tess2024249191853,confirmed_planet,,0.58866185,1.0426415875554085,1.0,0.06734102964401245
tess2024196212429,confirmed_planet,,0.58164513,1.1389810591936111,1.0,0.012154579162597656
tess2024003055635,confirmed_planet,,0.5856705,1.098857581615448,1.0,0.03624165058135986
tess2022164095748,confirmed_planet,,0.5993466,1.1511732339859009,1.0,0.023759961128234863
tess2024003055635,confirmed_planet,,0.5911107,1.3593109548091888,1.0,0.0
tess2024223182411,confirmed_planet,,0.57582086,1.2424376755952835,1.0,0.0
tess2022164095748,confirmed_planet,,0.6051876,1.4902307987213135,1.0,0.0
tess2024196212429,confirmed_planet,,0.6178163,1.2011704593896866,1.0,0.017231106758117676
tess2024223182411,confirmed_planet,,0.6110023,1.1618087738752365,1.0,0.03009796142578125
tess2024030031500,confirmed_planet,,0.588257,1.1632175743579865,1.0,0.006648242473602295
tess2024196212429,confirmed_planet,,0.5326106,1.342403769493103,1.0,0.0
tess2022217014003,confirmed_planet,,0.58551365,1.1945459246635437,1.0,0.0
tess2024030031500,confirmed_planet,,0.57091373,1.0239664930850267,1.0,0.05893045663833618
tess2022190063128,confirmed_planet,,0.5251531,1.212396264076233,1.0,0.0
tess2024196212429,confirmed_planet,,0.59864634,1.3861054480075836,1.0,0.0
tess2024003055635,confirmed_planet,,0.5601948,1.2206850945949554,1.0,0.0
tess2024249191853,confirmed_planet,,0.58689076,1.2995064556598663,1.0,0.0
tess2024223182411,confirmed_planet,,0.5803068,1.317586898803711,1.0,0.0
tess2022190063128,confirmed_planet,,0.57618624,1.2264815419912338,1.0,0.0
tess2022190063128,confirmed_planet,,0.547126,1.3765752911567688,1.0,0.0
tess2024223182411,confirmed_planet,,0.57526916,1.214712917804718,1.0,0.0
tess2022190063128,confirmed_planet,,0.5663047,1.27080038189888,1.0,0.0
tess2024196212429,confirmed_planet,,0.5853898,1.1761031597852707,1.0,0.0
tess2024058030222,confirmed_planet,,0.5570876,1.0212617386132479,1.0,0.046456754207611084
tess2024030031500,confirmed_planet,,0.5970872,1.0572479963302612,1.0,0.06846320629119873
tess2024030031500,confirmed_planet,,0.5565041,1.415182888507843,1.0,0.0
tess2024196212429,confirmed_planet,,0.59921896,1.2910541892051697,1.0,0.0
tess2024196212429,confirmed_planet,,0.61218405,1.2709266245365143,1.0,0.0
tess2024030031500,confirmed_planet,,0.5889882,1.059354092925787,1.0,0.0593111515045166
tess2022217014003,confirmed_planet,,0.6221526,1.5634384751319885,1.0,0.0
tess2024223182411,confirmed_planet,,0.5951516,1.2717553079128265,1.0,0.0
tess2024223182411,confirmed_planet,,0.5801979,1.206739991903305,1.0,0.0
tess2024196212429,confirmed_planet,,0.51710176,1.0283291526138783,1.0,0.0029371976852416992
tess2022190063128,confirmed_planet,,0.58297527,1.4401625990867615,1.0,0.0
tess2024030031500,confirmed_planet,,0.5843458,1.1308013945817947,1.0,0.01894509792327881
tess2021175071901,confirmed_planet,,0.55941546,1.4038804769515991,1.0,0.0
tess2022217014003,confirmed_planet,,0.59948325,1.255416214466095,1.0,0.0
tess2024003055635,confirmed_planet,,0.37757674,1.1416478753089905,0.948400616645813,0.0
tess2024030031500,confirmed_planet,,0.588557,1.2377685010433197,1.0,0.0
tess2021204101404,confirmed_planet,,0.54752445,1.2587268948554993,1.0,0.0
tess2022190063128,confirmed_planet,,0.58977234,1.3340337872505188,1.0,0.0
tess2024030031500,confirmed_planet,,0.56593585,1.3383498787879944,1.0,0.0
tess2024223182411,confirmed_planet,,0.595754,1.3539624512195587,1.0,0.0
tess2021175071901,confirmed_planet,,0.58994746,1.1239356026053429,1.0,0.027979671955108643
tess2024196212429,confirmed_planet,,0.5849568,1.1129377335309982,1.0,0.028487980365753174
tess2024030031500,confirmed_planet,,0.59068245,1.332795262336731,1.0,0.0
tess2024196212429,confirmed_planet,,0.5778881,1.3030175566673279,1.0,0.0
tess2022164095748,confirmed_planet,,0.6220677,1.0614290311932564,1.0,0.09135317802429199
tess2024030031500,confirmed_planet,,0.5634673,1.2909154891967773,1.0,0.0
tess2024058030222,confirmed_planet,,0.56556207,1.2471847832202911,1.0,0.0
tess2024223182411,confirmed_planet,,0.5822604,1.2283202856779099,1.0,0.0
tess2024196212429,confirmed_planet,,0.5866937,1.2326362282037735,1.0,0.0
tess2024223182411,confirmed_planet,,0.57177633,1.3836699724197388,1.0,0.0
tess2024196212429,confirmed_planet,,0.5933266,1.2720125317573547,1.0,0.0
tess2024223182411,confirmed_planet,,0.5920036,1.179813176393509,1.0,0.002097010612487793
tess2024196212429,confirmed_planet,,0.62648666,1.2706738114356995,1.0,0.0
tess2024196212429,confirmed_planet,,0.58015,1.351200670003891,1.0,0.0
tess2021175071901,confirmed_planet,,0.5761685,1.216964453458786,1.0,0.0
tess2024196212429,confirmed_planet,,0.5717528,1.5739490985870361,1.0,0.0
tess2019198215352,confirmed_planet,,0.5980838,1.317544162273407,1.0,0.0
tess2024223182411,confirmed_planet,,0.59196013,1.3655482828617096,1.0,0.0
tess2024030031500,confirmed_planet,,0.5900466,1.1622292399406433,1.0,0.008931934833526611
tess2024223182411,confirmed_planet,,0.5840531,1.2580820620059967,1.0,0.0
tess2024030031500,confirmed_planet,,0.57599044,1.2675637006759644,1.0,0.0
tess2024170053053,confirmed_planet,,0.55778223,1.2250794917345047,1.0,0.0
tess2021175071901,confirmed_planet,,0.58408445,1.1966028958559036,1.0,0.0
tess2024003055635,confirmed_planet,,0.5923985,1.1610447615385056,1.0,0.011876165866851807
tess2024003055635,confirmed_planet,,0.57761616,1.2983274459838867,1.0,0.0
tess2024196212429,confirmed_planet,,0.61824715,1.42629873752594,1.0,0.0
tess2024003055635,confirmed_planet,,0.5711502,1.1707905381917953,1.0,0.0
tess2021175071901,confirmed_planet,,0.57698154,1.1797663569450378,1.0,0.0
tess2022190063128,confirmed_planet,,0.5697088,1.29038605093956,1.0,0.0
tess2024030031500,confirmed_planet,,0.60724384,1.2987144887447357,1.0,0.0
tess2024196212429,confirmed_planet,,0.56990695,1.2986405491828918,1.0,0.0
tess2024003055635,confirmed_planet,,0.5863154,1.1790523380041122,1.0,0.0
tess2021175071901,confirmed_planet,,0.5532604,1.4013055860996246,1.0,0.0
tess2022217014003,confirmed_planet,,0.5987432,1.1416429430246353,1.0,0.027921736240386963
tess2021175071901,confirmed_planet,,0.5978576,1.1610018610954285,1.0,0.01735663414001465
tess2021204101404,confirmed_planet,,0.56717116,1.1815716922283173,1.0,0.0
tess2024170053053,confirmed_planet,,0.53853446,1.2531005144119263,1.0,0.0
tess2024170053053,confirmed_planet,,0.5986036,1.4714606702327728,1.0,0.0
tess2024058030222,confirmed_planet,,0.5698123,1.320574164390564,1.0,0.0
tess2021204101404,confirmed_planet,,0.571019,1.4398841857910156,1.0,0.0
tess2022217014003,confirmed_planet,,0.5397358,1.1941899210214615,1.0,0.0
tess2024170053053,confirmed_planet,,0.6280822,1.337144672870636,1.0,0.0
tess2024223182411,confirmed_planet,,0.60101825,1.0869292244315147,1.0,0.057553648948669434
tess2024030031500,confirmed_planet,,0.5743579,1.2442019283771515,1.0,0.0
tess2022164095748,confirmed_planet,,0.63704985,1.2312750816345215,1.0,0.021412312984466553
tess2024003055635,confirmed_planet,,0.56839687,1.2588046789169312,1.0,0.0
tess2024058030222,confirmed_planet,,0.55689585,1.165657952427864,1.0,0.0
tess2024196212429,confirmed_planet,,0.6299765,1.4688749611377716,1.0,0.0
tess2024196212429,confirmed_planet,,0.57955223,1.3908084034919739,1.0,0.0
tess2024223182411,confirmed_planet,,0.59045726,1.340425282716751,1.0,0.0
tess2024249191853,confirmed_planet,,0.4457433,1.4531283378601074,1.0,0.0
tess2024170053053,confirmed_planet,,0.5757574,1.3352620601654053,1.0,0.0
tess2024170053053,confirmed_planet,,0.58679885,1.2549282312393188,1.0,0.0
tess2024223182411,confirmed_planet,,0.5832326,1.028891621157527,1.0,0.06878679990768433
tess2024223182411,confirmed_planet,,0.59462404,1.15422023832798,1.0,0.017513930797576904
tess2024196212429,confirmed_planet,,0.45264757,1.0867377817630768,0.9960164427757263,0.0
tess2024003055635,confirmed_planet,,0.59980285,1.3233985602855682,1.0,0.0
tess2024030031500,confirmed_planet,,0.5692144,1.3790554106235504,1.0,0.0
tess2024030031500,confirmed_planet,,0.5984534,1.0801888778805733,1.0,0.058358967304229736
tess2024196212429,confirmed_planet,,0.6319844,1.3771211504936218,1.0,0.0
tess2024170053053,confirmed_planet,,0.5688795,1.1621809303760529,1.0,0.0
tess2024223182411,confirmed_planet,,0.5715121,1.1335434317588806,1.0,0.004740357398986816
tess2022190063128,confirmed_planet,,0.5718674,1.4196168780326843,1.0,0.0
tess2021175071901,confirmed_planet,,0.587972,1.3494606912136078,1.0,0.0
tess2024223182411,confirmed_planet,,0.5778833,1.2423651963472366,1.0,0.0
tess2024223182411,confirmed_planet,,0.56727827,0.9654977209866047,1.0,0.08452939987182617
tess2024170053053,confirmed_planet,,0.5569532,1.1807953864336014,1.0,0.0
tess2021204101404,confirmed_planet,,0.41888145,1.1785504519939423,1.0,0.0
tess2022190063128,confirmed_planet,,0.601776,1.3083936870098114,1.0,0.0
tess2024223182411,confirmed_planet,,0.5900149,1.4418134689331055,1.0,0.0
tess2024058030222,confirmed_planet,,0.58266485,1.0190295446664095,1.0,0.07315009832382202
tess2024223182411,confirmed_planet,,0.5794741,1.3995163142681122,1.0,0.0
tess2024170053053,confirmed_planet,,0.5591858,1.2606509625911713,1.0,0.0
tess2024196212429,confirmed_planet,,0.5902516,1.2380446195602417,1.0,0.0
tess2024196212429,confirmed_planet,,0.626729,1.2673887610435486,1.0,0.0
tess2021204101404,confirmed_planet,,0.56132644,1.4003844261169434,1.0,0.0
tess2024223182411,confirmed_planet,,0.5924919,1.4053520858287811,1.0,0.0
tess2024223182411,confirmed_planet,,0.59140325,1.3671262860298157,1.0,0.0
tess2021175071901,confirmed_planet,,0.5804954,1.164120376110077,1.0,0.0
tess2024170053053,confirmed_planet,,0.43106022,1.3559457659721375,1.0,0.0
tess2024223182411,confirmed_planet,,0.5997892,1.4336008131504059,1.0,0.0
tess2019226182529,confirmed_planet,,0.5968476,1.064225785434246,1.0,0.06473469734191895
tess2024223182411,confirmed_planet,,0.5874306,1.0526048839092255,1.0,0.06112813949584961
tess2024223182411,confirmed_planet,,0.51014847,1.1846528053283691,1.0,0.0
tess2024003055635,confirmed_planet,,0.5345812,1.2000855058431625,1.0,0.0
tess2022190063128,confirmed_planet,,0.5794771,1.2472229897975922,1.0,0.0
tess2024003055635,confirmed_planet,,0.5957206,1.3760000169277191,1.0,0.0
tess2024196212429,confirmed_planet,,0.6173149,1.484265387058258,1.0,0.0
tess2024170053053,confirmed_planet,,0.55212504,1.0694792121648788,1.0,0.017385423183441162
tess2024003055635,confirmed_planet,,0.60273844,1.1531479507684708,1.0,0.026164472103118896
tess2024196212429,confirmed_planet,,0.5938571,1.4581266045570374,1.0,0.0
tess2024223182411,confirmed_planet,,0.5794518,1.2932649850845337,1.0,0.0
tess2021175071901,confirmed_planet,,0.6088987,1.2705093622207642,1.0,0.0
tess2022190063128,confirmed_planet,,0.5978189,1.3220555484294891,1.0,0.0
tess2022164095748,confirmed_planet,,0.5911336,1.2831062972545624,1.0,0.0
tess2021204101404,confirmed_planet,,0.57960147,1.1738706231117249,1.0,0.0
tess2024223182411,confirmed_planet,,0.6006065,1.3520213663578033,1.0,0.0
tess2024196212429,confirmed_planet,,0.5858461,1.0869905799627304,1.0,0.042350828647613525
tess2024170053053,confirmed_planet,,0.5956851,1.383646160364151,1.0,0.0
tess2024249191853,confirmed_planet,,0.6092901,1.0736610665917397,1.0,0.07245957851409912
tess2024196212429,confirmed_planet,,0.59692055,1.266118347644806,1.0,0.0
tess2021175071901,confirmed_planet,,0.5555667,1.2468703538179398,1.0,0.0
tess2024003055635,confirmed_planet,,0.5392699,1.2595287561416626,1.0,0.0
tess2024196212429,confirmed_planet,,0.5916518,1.3422619700431824,1.0,0.0
tess2022217014003,confirmed_planet,,0.6079729,1.2746318578720093,1.0,0.0
tess2024030031500,confirmed_planet,,0.3960323,1.2006569504737854,0.9963607788085938,0.0
tess2024030031500,confirmed_planet,,0.5949172,1.2958671748638153,1.0,0.0
tess2021204101404,confirmed_planet,,0.56974036,1.378074288368225,1.0,0.0
tess2024196212429,confirmed_planet,,0.58711827,1.413146197795868,1.0,0.0
tess2024196212429,confirmed_planet,,0.6227933,1.4987724125385284,1.0,0.0
tess2024196212429,confirmed_planet,,0.6078638,1.325983077287674,1.0,0.0
tess2024003055635,confirmed_planet,,0.58500725,1.1966725438833237,1.0,0.0
tess2024196212429,confirmed_planet,,0.6019874,1.3575950264930725,1.0,0.0
tess2024003055635,confirmed_planet,,0.56723374,1.3607844412326813,1.0,0.0
tess2024196212429,confirmed_planet,,0.51876384,1.1106718257069588,1.0,0.0
tess2022190063128,confirmed_planet,,0.5646155,1.041711613535881,1.0,0.043759703636169434
tess2024196212429,confirmed_planet,,0.57695293,1.2505003809928894,1.0,0.0
tess2024223182411,confirmed_planet,,0.5863897,1.2163090109825134,1.0,0.0
tess2024223182411,confirmed_planet,,0.57719463,1.2509573698043823,1.0,0.0
tess2024170053053,confirmed_planet,,0.638256,1.4341815412044525,1.0,0.0
tess2024223182411,confirmed_planet,,0.5670652,1.1973369270563126,1.0,0.0
tess2024030031500,confirmed_planet,,0.5774053,1.1374457776546478,1.0,0.00868237018585205
tess2024196212429,confirmed_planet,,0.6232554,1.4093325436115265,1.0,0.0
tess2024030031500,confirmed_planet,,0.5742655,1.2406946420669556,1.0,0.0
tess2022217014003,confirmed_planet,,0.59602773,0.8661747425794601,1.0,0.1629403531551361
tess2024003055635,confirmed_planet,,0.58419967,1.2156004309654236,1.0,0.0
tess2022217014003,confirmed_planet,,0.5826458,1.341056376695633,1.0,0.0
tess2024223182411,confirmed_planet,,0.60302734,1.1013029515743256,1.0,0.052375853061676025
tess2022190063128,confirmed_planet,,0.5952979,1.4201903641223907,1.0,0.0
tess2024003055635,confirmed_planet,,0.60283494,1.20259790122509,1.0,0.0015360116958618164
tess2024030031500,confirmed_planet,,0.58569837,1.1182038486003876,1.0,0.026596426963806152
tess2024030031500,confirmed_planet,,0.6007502,1.1496574133634567,1.0,0.025921523571014404
tess2024003055635,confirmed_planet,,0.5752455,1.3871286511421204,1.0,0.0
tess2024030031500,confirmed_planet,,0.5748328,1.4105498790740967,1.0,0.0
tess2024170053053,confirmed_planet,,0.5772559,1.147843912243843,1.0,0.0033339262008666992
tess2024196212429,confirmed_planet,,0.5824966,1.3234418630599976,1.0,0.0
tess2022190063128,confirmed_planet,,0.5557941,1.3720722794532776,1.0,0.0
tess2024223182411,confirmed_planet,,0.5760589,1.1122398152947426,1.0,0.019939005374908447
tess2024223182411,confirmed_planet,,0.59730715,1.4353183507919312,1.0,0.0
tess2024196212429,confirmed_planet,,0.58263564,1.3786020278930664,1.0,0.0
tess2022164095748,confirmed_planet,,0.6000319,1.1823870837688446,1.0,0.008838355541229248
tess2024196212429,confirmed_planet,,0.58151627,1.403747409582138,1.0,0.0
tess2024196212429,confirmed_planet,,0.50627786,1.4575829803943634,1.0,0.0
tess2022217014003,confirmed_planet,,0.5725904,1.24627885222435,1.0,0.0
tess2024003055635,confirmed_planet,,0.57464755,1.6802907586097717,1.0,0.0
tess2024196212429,confirmed_planet,,0.6184195,1.2700541317462921,1.0,0.0
tess2024196212429,confirmed_planet,,0.56157595,1.2698384821414948,1.0,0.0
tess2024170053053,confirmed_planet,,0.59311384,1.329868495464325,1.0,0.0
tess2024223182411,confirmed_planet,,0.371659,1.2888724505901337,1.0,0.0
tess2024030031500,confirmed_planet,,0.57419926,1.1666187196969986,1.0,0.0
tess2024003055635,confirmed_planet,,0.6104195,1.3941949009895325,1.0,0.0
tess2024223182411,confirmed_planet,,0.5968591,1.3584981858730316,1.0,0.0
tess2024196212429,confirmed_planet,,0.59373206,1.2010526359081268,1.0,0.0
tess2022190063128,confirmed_planet,,0.5737277,0.9926415970548987,1.0,0.07740694284439087
tess2024003055635,confirmed_planet,,0.5856582,1.2062133848667145,1.0,0.0
tess2024249191853,confirmed_planet,,0.5806887,1.1089226379990578,1.0,0.02622741460800171
tess2021175071901,confirmed_planet,,0.5223943,1.1899318248033524,1.0,0.0
tess2024223182411,confirmed_planet,,0.603854,1.1358709186315536,1.0,0.03591853380203247
tess2024003055635,confirmed_planet,,0.5597144,1.2585020065307617,1.0,0.0
tess2024170053053,confirmed_planet,,0.5769394,1.110823042690754,1.0,0.021527886390686035
tess2024196212429,confirmed_planet,,0.5093786,1.1737849861383438,1.0,0.0
tess2024223182411,confirmed_planet,,0.58350474,1.3270282447338104,1.0,0.0
tess2022164095748,confirmed_planet,,0.60941076,1.2558762729167938,1.0,0.0
tess2021204101404,confirmed_planet,,0.5678004,1.3629579544067383,1.0,0.0
tess2022164095748,confirmed_planet,,0.21015361,1.1088314205408096,0.7645692825317383,0.0
tess2024223182411,confirmed_planet,,0.5984284,1.3172428905963898,1.0,0.0
tess2021204101404,confirmed_planet,,0.5540032,1.1659721434116364,1.0,0.0
tess2024196212429,confirmed_planet,,0.51426876,1.376359462738037,1.0,0.0
tess2024196212429,confirmed_planet,,0.60220325,1.207152634859085,1.0,0.0
tess2024196212429,confirmed_planet,,0.6401031,1.5124419927597046,1.0,0.0
tess2024196212429,confirmed_planet,,0.61960304,1.1166735738515854,1.0,0.06126624345779419
tess2024223182411,confirmed_planet,,0.61269826,1.2150226831436157,1.0,0.005186915397644043
tess2024223182411,confirmed_planet,,0.57607543,1.150058090686798,1.0,0.0010464191436767578
tess2022190063128,confirmed_planet,,0.56414115,1.2117455452680588,1.0,0.0
tess2022164095748,confirmed_planet,,0.60925245,1.1239730045199394,1.0,0.04726594686508179
tess2024223182411,confirmed_planet,,0.61897063,1.3156437277793884,1.0,0.0
tess2024223182411,confirmed_planet,,0.45718864,1.293668508529663,1.0,0.0
tess2024170053053,confirmed_planet,,0.557253,1.4443414509296417,1.0,0.0
tess2024196212429,confirmed_planet,,0.5761056,1.20785553753376,1.0,0.0
tess2024003055635,confirmed_planet,,0.5919361,1.3071498572826385,1.0,0.0
tess2024058030222,confirmed_planet,,0.58994263,1.210817202925682,1.0,0.0
tess2024003055635,confirmed_planet,,0.5844493,0.9121508002281189,1.0,0.1283738911151886
tess2024030031500,confirmed_planet,,0.5699299,1.2111618220806122,1.0,0.0
tess2024003055635,confirmed_planet,,0.60974777,1.4723198115825653,1.0,0.0
tess2024003055635,confirmed_planet,,0.5832392,1.2888332903385162,1.0,0.0
tess2024196212429,confirmed_planet,,0.64264005,1.094907023012638,1.0,0.09518653154373169
tess2024030031500,confirmed_planet,,0.5774026,1.1389462798833847,1.0,0.007929444313049316
tess2024223182411,confirmed_planet,,0.55450964,1.2328816652297974,1.0,0.0
tess2024196212429,confirmed_planet,,0.59533334,1.1785162836313248,1.0,0.0060752034187316895
tess2024058030222,confirmed_planet,,0.55735666,1.083839401602745,1.0,0.015436947345733643
tess2024196212429,confirmed_planet,,0.59382504,1.098229244351387,1.0,0.044710397720336914
tess2024170053053,confirmed_planet,,0.59130675,1.173796534538269,1.0,0.004408478736877441
tess2022217014003,confirmed_planet,,0.58434665,1.185263603925705,1.0,0.0
tess2024196212429,confirmed_planet,,0.6215952,1.3235782384872437,1.0,0.0
tess2024003055635,confirmed_planet,,0.56979895,1.1997315138578415,1.0,0.0
tess2022164095748,confirmed_planet,,0.63884115,1.4062435328960419,1.0,0.0
tess2021204101404,confirmed_planet,,0.5896049,1.1719554960727692,1.0,0.003627181053161621
tess2024170053053,confirmed_planet,,0.62648535,1.2342096269130707,1.0,0.009380519390106201
tess2024223182411,confirmed_planet,,0.6251947,1.281953901052475,1.0,0.0
tess2024030031500,confirmed_planet,,0.61505187,1.3555716276168823,1.0,0.0
tess2021204101404,confirmed_planet,,0.57071054,1.178287997841835,1.0,0.0
tess2024223182411,confirmed_planet,,0.35173115,1.2644501626491547,0.9839562177658081,0.0
tess2021175071901,confirmed_planet,,0.3902952,1.127341017127037,0.9539657235145569,0.0
tess2024003055635,confirmed_planet,,0.60564977,1.1605734080076218,1.0,0.02536308765411377
tess2021175071901,confirmed_planet,,0.5721544,1.1304901987314224,1.0,0.006909310817718506
tess2024030031500,confirmed_planet,,0.61110574,1.1699412614107132,1.0,0.02613508701324463
tess2021204101404,confirmed_planet,,0.55569714,1.3722148537635803,1.0,0.0
tess2024196212429,confirmed_planet,,0.61500263,1.2358709275722504,1.0,0.0
tess2024058030222,confirmed_planet,,0.5691253,1.263861358165741,1.0,0.0
tess2024196212429,confirmed_planet,,0.58757544,1.199800357222557,1.0,0.0
tess2024030031500,confirmed_planet,,0.5873967,1.1575025171041489,1.0,0.008645415306091309
tess2024003055635,confirmed_planet,,0.5893408,1.3354855477809906,1.0,0.0
tess2024196212429,confirmed_planet,,0.5836837,1.147906169295311,1.0,0.009730637073516846
tess2024196212429,confirmed_planet,,0.58482665,1.2042285948991776,1.0,0.0
tess2024003055635,confirmed_planet,,0.5665805,1.1889581978321075,1.0,0.0
tess2024170053053,confirmed_planet,,0.41725522,1.2293358445167542,1.0,0.0
tess2024170053053,confirmed_planet,,0.583298,1.3537299036979675,1.0,0.0
tess2024003055635,confirmed_planet,,0.5786497,1.4633099734783173,1.0,0.0
tess2024003055635,confirmed_planet,,0.59375274,0.9589197747409344,1.0,0.11429286003112793
tess2024223182411,confirmed_planet,,0.5815073,1.3677643537521362,1.0,0.0
tess2024003055635,confirmed_planet,,0.56565523,1.3877044022083282,1.0,0.0
tess2024196212429,confirmed_planet,,0.6086151,1.0873909294605255,1.0,0.06491965055465698
tess2024223182411,confirmed_planet,,0.6052956,1.3700933754444122,1.0,0.0
tess2024170053053,confirmed_planet,,0.5721447,1.343144565820694,1.0,0.0
tess2024223182411,confirmed_planet,,0.58852106,1.3129407167434692,1.0,0.0
tess2024030031500,confirmed_planet,,0.5724783,1.2164629399776459,1.0,0.0
tess2024223182411,confirmed_planet,,0.4386289,1.261989563703537,1.0,0.0
tess2021204101404,confirmed_planet,,0.5761429,1.3526822924613953,1.0,0.0
tess2024058030222,confirmed_planet,,0.5610914,1.351497620344162,1.0,0.0
tess2022190063128,confirmed_planet,,0.58065283,1.2870915532112122,1.0,0.0
tess2024030031500,confirmed_planet,,0.56432104,1.0619847811758518,1.0,0.03332865238189697
tess2024223182411,confirmed_planet,,0.58335614,1.2139194011688232,1.0,0.0
tess2021204101404,confirmed_planet,,0.56988084,1.3830724358558655,1.0,0.0
tess2024170053053,confirmed_planet,,0.59885967,1.1768706887960434,1.0,0.010424315929412842
tess2024196212429,confirmed_planet,,0.5837284,1.1112210154533386,1.0,0.028117835521697998
tess2024223182411,confirmed_planet,,0.56711066,1.2728726267814636,1.0,0.0
tess2024030031500,confirmed_planet,,0.5887709,1.1737459599971771,1.0,0.0018979310989379883
tess2024003055635,confirmed_planet,,0.5841497,1.2113852947950363,1.0,0.0
tess2024196212429,confirmed_planet,,0.59886014,1.5948546528816223,1.0,0.0
tess2024196212429,confirmed_planet,,0.4165749,1.1590194553136826,0.9960846304893494,0.0
tess2022190063128,confirmed_planet,,0.5583875,1.0989745110273361,1.0,0.008900284767150879
tess2024223182411,confirmed_planet,,0.601069,1.1624058336019516,1.0,0.01986604928970337
tess2024003055635,confirmed_planet,,0.59127885,1.4334087371826172,1.0,0.0
tess2024223182411,confirmed_planet,,0.62522167,1.2508721053600311,1.0,0.0
tess2024223182411,confirmed_planet,,0.6041008,1.5623126029968262,1.0,0.0
tess2024223182411,confirmed_planet,,0.65224016,1.1624081283807755,1.0,0.07103610038757324
tess2024058030222,confirmed_planet,,0.56495357,1.468739628791809,1.0,0.0
tess2024170053053,confirmed_planet,,0.5606528,1.1616493463516235,1.0,0.0
tess2024249191853,confirmed_planet,,0.5732157,1.293106734752655,1.0,0.0
tess2024170053053,confirmed_planet,,0.5301321,1.2822826504707336,1.0,0.0
tess2024196212429,confirmed_planet,,0.5790799,1.1985320746898651,1.0,0.0
tess2024170053053,confirmed_planet,,0.5672437,1.4180720150470734,1.0,0.0
tess2024223182411,confirmed_planet,,0.6039013,1.2669908702373505,1.0,0.0
tess2024030031500,confirmed_planet,,0.58641803,1.3594354689121246,1.0,0.0
tess2024196212429,confirmed_planet,,0.593447,1.446860909461975,1.0,0.0
tess2024196212429,confirmed_planet,,0.61349106,1.1481681168079376,1.0,0.03940701484680176
tess2024030031500,confirmed_planet,,0.60907745,1.4586355686187744,1.0,0.0
tess2024003055635,confirmed_planet,,0.5740489,1.3405909836292267,1.0,0.0
tess2024003055635,confirmed_planet,,0.5622308,1.3001424670219421,1.0,0.0
tess2024249191853,confirmed_planet,,0.61043847,1.511068046092987,1.0,0.0
tess2024030031500,confirmed_planet,,0.36440808,1.4082889258861542,1.0,0.0
tess2024003055635,confirmed_planet,,0.5862537,1.4068161845207214,1.0,0.0
tess2024196212429,confirmed_planet,,0.6272324,1.0517981089651585,1.0,0.10133332014083862
tess2024196212429,confirmed_planet,,0.6006339,1.2766935527324677,1.0,0.0
tess2022164095748,confirmed_planet,,0.5688986,1.428285390138626,1.0,0.0
tess2024196212429,confirmed_planet,,0.58986825,1.3118922412395477,1.0,0.0
tess2021175071901,confirmed_planet,,0.6128317,1.1683168411254883,1.0,0.028673291206359863
tess2024223182411,confirmed_planet,,0.59218746,1.4555277526378632,1.0,0.0
tess2024223182411,confirmed_planet,,0.6195133,1.4386343955993652,1.0,0.0
tess2024196212429,confirmed_planet,,0.57918894,1.0436134710907936,1.0,0.05738222599029541
tess2024223182411,confirmed_planet,,0.58724296,1.045847613364458,1.0,0.06431913375854492
tess2021204101404,confirmed_planet,,0.57854545,1.2063157260417938,1.0,0.0
tess2024196212429,confirmed_planet,,0.58810055,1.2087284326553345,1.0,0.0
tess2022190063128,confirmed_planet,,0.5529821,1.0543385483324528,1.0,0.025812804698944092
tess2024196212429,confirmed_planet,,0.5952899,1.1316699832677841,1.0,0.02945488691329956
tess2024196212429,confirmed_planet,,0.58498317,1.3084775805473328,1.0,0.0
tess2024170053053,confirmed_planet,,0.5506801,1.3320679366588593,1.0,0.0
tess2024223182411,confirmed_planet,,0.57910126,1.352419137954712,1.0,0.0
tess2024223182411,confirmed_planet,,0.5896963,1.2798135578632355,1.0,0.0
tess2024058030222,confirmed_planet,,0.5468115,1.1528378427028656,1.0,0.0
tess2024196212429,confirmed_planet,,0.6023879,1.2985829412937164,1.0,0.0
tess2024223182411,confirmed_planet,,0.60893184,1.3960156440734863,1.0,0.0
tess2024030031500,confirmed_planet,,0.58576155,1.0483702160418034,1.0,0.06157642602920532
tess2021204101404,confirmed_planet,,0.488297,1.3161307275295258,1.0,0.0
tess2024003055635,confirmed_planet,,0.5915697,1.2184771746397018,1.0,0.0
tess2024058030222,confirmed_planet,,0.5610957,1.2052727788686752,1.0,0.0
tess2024003055635,confirmed_planet,,0.4711674,1.2469505369663239,1.0,0.0
tess2021204101404,confirmed_planet,,0.45400292,1.3069837987422943,1.0,0.0
tess2024058030222,confirmed_planet,,0.5838452,1.2295088469982147,1.0,0.0
tess2024196212429,confirmed_planet,,0.6007133,1.3676247894763947,1.0,0.0
tess2022217014003,confirmed_planet,,0.5941355,1.3301800191402435,1.0,0.0
tess2024196212429,confirmed_planet,,0.41992277,1.3958683013916016,1.0,0.0
tess2024223182411,confirmed_planet,,0.57093745,1.383823037147522,1.0,0.0
tess2024030031500,confirmed_planet,,0.5851994,1.1033425703644753,1.0,0.033528149127960205
tess2024223182411,confirmed_planet,,0.5847758,1.2617689371109009,1.0,0.0
tess2024170053053,confirmed_planet,,0.5864736,1.074365220963955,1.0,0.04929095506668091
tess2024196212429,confirmed_planet,,0.5948572,1.2959015667438507,1.0,0.0
tess2024196212429,confirmed_planet,,0.61506563,1.2728911638259888,1.0,0.0
tess2023341045131,confirmed_planet,,0.58276576,1.2066746652126312,1.0,0.0
tess2021204101404,confirmed_planet,,0.5809679,1.170852705836296,1.0,0.0
tess2022164095748,confirmed_planet,,0.6165293,1.2049896717071533,1.0,0.014034450054168701
tess2024170053053,confirmed_planet,,0.5469812,1.14035202562809,1.0,0.0
tess2024003055635,confirmed_planet,,0.59292084,0.9941747412085533,1.0,0.09583348035812378
tess2024196212429,confirmed_planet,,0.5847258,1.0802935883402824,1.0,0.04457902908325195
tess2022190063128,confirmed_planet,,0.57391816,1.1950883120298386,1.0,0.0
tess2024196212429,confirmed_planet,,0.55474454,1.1136364489793777,1.0,0.0
tess2024223182411,confirmed_planet,,0.60219103,1.2656039893627167,1.0,0.0
tess2021175071901,confirmed_planet,,0.5806925,1.2089152485132217,1.0,0.0
tess2022217014003,confirmed_planet,,0.60288143,1.399642139673233,1.0,0.0
tess2024003055635,confirmed_planet,,0.5530132,1.2634661197662354,1.0,0.0
tess2024223182411,confirmed_planet,,0.58384496,1.1615354418754578,1.0,0.003077208995819092
tess2024170053053,confirmed_planet,,0.50749695,1.133869081735611,1.0,0.0
tess2024003055635,confirmed_planet,,0.5709519,1.29202139377594,1.0,0.0
tess2024170053053,confirmed_planet,,0.5711792,1.2531701624393463,1.0,0.0
tess2024196212429,confirmed_planet,,0.57594776,1.3672634661197662,1.0,0.0
tess2024170053053,confirmed_planet,,0.56000435,1.3579175770282745,1.0,0.0
tess2022190063128,confirmed_planet,,0.5705403,1.3005566000938416,1.0,0.0
tess2024196212429,confirmed_planet,,0.6281158,1.2299307137727737,1.0,0.013150393962860107
tess2024223182411,confirmed_planet,,0.58176553,1.1175223737955093,1.0,0.023004353046417236
tess2022217014003,confirmed_planet,,0.5820728,1.3859053552150726,1.0,0.0
tess2024196212429,confirmed_planet,,0.61988544,1.4163947403430939,1.0,0.0
tess2024196212429,confirmed_planet,,0.60997236,1.1815447956323624,1.0,0.01919996738433838
tess2022164095748,confirmed_planet,,0.5845872,1.3215588629245758,1.0,0.0
tess2022217014003,confirmed_planet,,0.6014804,1.2336470037698746,1.0,0.0
tess2021175071901,confirmed_planet,,0.5982126,1.3037491142749786,1.0,0.0
tess2024030031500,confirmed_planet,,0.58595157,1.294130027294159,1.0,0.0
tess2022217014003,confirmed_planet,,0.6113568,1.3457306623458862,1.0,0.0
tess2024223182411,confirmed_planet,,0.5942689,1.0437468886375427,1.0,0.0723954439163208
tess2024170053053,confirmed_planet,,0.5500889,1.029196733608842,1.0,0.03549051284790039
tess2024170053053,confirmed_planet,,0.5564235,1.328648179769516,1.0,0.0
tess2024030031500,confirmed_planet,,0.56396425,1.3577680885791779,1.0,0.0
tess2024196212429,confirmed_planet,,0.60356575,1.1851037591695786,1.0,0.01101386547088623
tess2019198215352,confirmed_planet,,0.6044741,1.4775775074958801,1.0,0.0
tess2024196212429,confirmed_planet,,0.5935591,1.2118637263774872,1.0,0.0
tess2024196212429,confirmed_planet,,0.5860172,1.2945123314857483,1.0,0.0
tess2019198215352,confirmed_planet,,0.59763813,1.0615084804594517,1.0,0.0668838620185852
tess2024223182411,confirmed_planet,,0.60059804,1.4495706260204315,1.0,0.0
tess2019198215352,confirmed_planet,,0.5761167,1.2499572187662125,1.0,0.0
tess2024196212429,confirmed_planet,,0.54960865,1.344583511352539,1.0,0.0
tess2024003055635,confirmed_planet,,0.59637976,1.1237802281975746,1.0,0.03448963165283203
tess2024030031500,confirmed_planet,,0.56796086,1.2700383365154266,1.0,0.0
tess2021204101404,confirmed_planet,,0.35084546,1.4462895393371582,1.0,0.0
tess2024003055635,confirmed_planet,,0.55155593,1.1504267156124115,1.0,0.0
tess2021204101404,confirmed_planet,,0.5664026,1.6420543193817139,1.0,0.0
tess2024223182411,confirmed_planet,,0.5641857,1.3279874622821808,1.0,0.0
tess2024223182411,confirmed_planet,,0.5783858,1.2230677157640457,1.0,0.0
tess2022190063128,confirmed_planet,,0.5677659,1.1344478279352188,1.0,0.000541985034942627
tess2024223182411,confirmed_planet,,0.5792256,1.4356312453746796,1.0,0.0
tess2024058030222,confirmed_planet,,0.5473406,1.1913385838270187,1.0,0.0
tess2024223182411,confirmed_planet,,0.5920834,1.318652868270874,1.0,0.0
tess2024223182411,confirmed_planet,,0.5940178,1.2900359332561493,1.0,0.0
tess2024223182411,confirmed_planet,,0.5928557,1.3098989129066467,1.0,0.0
tess2024223182411,confirmed_planet,,0.59467304,1.1554013639688492,1.0,0.016972362995147705
tess2024223182411,confirmed_planet,,0.5851612,0.9647939689457417,1.0,0.10276421904563904
tess2024196212429,confirmed_planet,,0.5807313,1.275914877653122,1.0,0.0
tess2021204101404,confirmed_planet,,0.580143,1.2718088030815125,1.0,0.0
tess2024196212429,confirmed_planet,,0.5988548,1.2432228475809097,1.0,0.0
tess2024003055635,confirmed_planet,,0.45085895,1.4383938312530518,1.0,0.0
tess2024249191853,confirmed_planet,,0.58878016,1.150309219956398,1.0,0.013625562191009521
tess2024030031500,confirmed_planet,,0.5843333,1.2619885504245758,1.0,0.0
tess2024196212429,confirmed_planet,,0.47407305,1.5919721722602844,1.0,0.0
tess2024196212429,confirmed_planet,,0.6471961,1.0450357981026173,1.0,0.12467819452285767
tess2024030031500,confirmed_planet,,0.60101134,1.2854122519493103,1.0,0.0
tess2024223182411,confirmed_planet,,0.5772971,1.198573186993599,1.0,0.0
tess2024003055635,confirmed_planet,,0.6159758,1.3563531041145325,1.0,0.0
tess2024003055635,confirmed_planet,,0.5704502,1.2106856554746628,1.0,0.0
tess2024170053053,confirmed_planet,,0.57549983,1.3638243973255157,1.0,0.0
tess2021175071901,confirmed_planet,,0.58080035,0.9860368659719825,1.0,0.08778193593025208
tess2024170053053,confirmed_planet,,0.54134923,1.4036654233932495,1.0,0.0
tess2024003055635,confirmed_planet,,0.46500778,1.387352466583252,1.0,0.0
tess2024223182411,confirmed_planet,,0.59708846,1.405653327703476,1.0,0.0
tess2024196212429,confirmed_planet,,0.63282317,1.35097336769104,1.0,0.0
tess2024003055635,confirmed_planet,,0.59636235,1.0128339538350701,1.0,0.08994537591934204
tess2024003055635,confirmed_planet,,0.58442914,1.1984282732009888,1.0,0.0
tess2024223182411,confirmed_planet,,0.5842419,1.2656521201133728,1.0,0.0
tess2024223182411,confirmed_planet,,0.5938483,1.0462030544877052,1.0,0.0707467794418335
tess2024170053053,confirmed_planet,,0.5568873,1.3234341442584991,1.0,0.0
tess2022190063128,confirmed_planet,,0.5774203,1.2942509949207306,1.0,0.0
tess2024223182411,confirmed_planet,,0.57292515,1.532127559185028,1.0,0.0
tess2024003055635,confirmed_planet,,0.58499795,1.4151515066623688,1.0,0.0
tess2024196212429,confirmed_planet,,0.5938833,1.2630873918533325,1.0,0.0
tess2021175071901,confirmed_planet,,0.5634156,1.042981319129467,1.0,0.04192495346069336
tess2024196212429,confirmed_planet,,0.61825705,1.1955114006996155,1.0,0.020501375198364258
tess2024030031500,confirmed_planet,,0.605188,1.1985679864883423,1.0,0.005904018878936768
tess2024170053053,confirmed_planet,,0.5804824,1.534907042980194,1.0,0.0
tess2024223182411,confirmed_planet,,0.6186292,1.0943553373217583,1.0,0.07145154476165771
tess2022190063128,confirmed_planet,,0.5855145,1.087123617529869,1.0,0.041952669620513916
tess2024170053053,confirmed_planet,,0.59337264,1.042735580354929,1.0,0.07200485467910767
tess2024170053053,confirmed_planet,,0.56513333,1.384876698255539,1.0,0.0
tess2021204101404,confirmed_planet,,0.55892056,1.3039796948432922,1.0,0.0
tess2021175071901,confirmed_planet,,0.5787453,1.139378860592842,1.0,0.009055852890014648
tess2022217014003,confirmed_planet,,0.5661852,1.2516818940639496,1.0,0.0
tess2024170053053,confirmed_planet,,0.5647854,1.218214511871338,1.0,0.0
tess2024170053053,confirmed_planet,,0.55606735,1.3533868193626404,1.0,0.0
tess2024196212429,confirmed_planet,,0.5993011,1.419884741306305,1.0,0.0
tess2024030031500,confirmed_planet,,0.5558479,1.1989285796880722,1.0,0.0
tess2024196212429,confirmed_planet,,0.58318,0.9576628282666206,1.0,0.10434859991073608
tess2024030031500,confirmed_planet,,0.60058063,1.4005115032196045,1.0,0.0
tess2024223182411,confirmed_planet,,0.57955956,1.3558443486690521,1.0,0.0
tess2024003055635,confirmed_planet,,0.58910894,1.2290237843990326,1.0,0.0
tess2024223182411,confirmed_planet,,0.6125604,1.3453215062618256,1.0,0.0
tess2024196212429,confirmed_planet,,0.59461796,1.3923308551311493,1.0,0.0
tess2024003055635,confirmed_planet,,0.5709687,1.253024160861969,1.0,0.0
tess2024196212429,confirmed_planet,,0.6242711,1.3243269324302673,1.0,0.0
tess2024058030222,confirmed_planet,,0.56580496,0.8970677331089973,1.0,0.11727109551429749
tess2024223182411,confirmed_planet,,0.5950105,1.4115850925445557,1.0,0.0
tess2024030031500,confirmed_planet,,0.56762046,1.1582545787096024,1.0,0.0
tess2024003055635,confirmed_planet,,0.59827936,1.3136791288852692,1.0,0.0
tess2024196212429,confirmed_planet,,0.589438,1.6095975637435913,1.0,0.0
tess2024030031500,confirmed_planet,,0.57639915,1.2252728641033173,1.0,0.0
tess2024223182411,confirmed_planet,,0.5488268,1.324447900056839,1.0,0.0
tess2024003055635,confirmed_planet,,0.5977458,1.295650690793991,1.0,0.0
tess2024170053053,confirmed_planet,,0.54693323,1.2436445951461792,1.0,0.0
tess2024196212429,confirmed_planet,,0.57731897,1.1457632631063461,1.0,0.0044373273849487305
tess2024003055635,confirmed_planet,,0.57781565,1.335490733385086,1.0,0.0
tess2021204101404,confirmed_planet,,0.57644826,1.2623563706874847,1.0,0.0
tess2024030031500,confirmed_planet,,0.5744416,1.2296511232852936,1.0,0.0
tess2024223182411,confirmed_planet,,0.5956514,1.1478712111711502,1.0,0.021715760231018066
tess2024196212429,confirmed_planet,,0.5138246,0.9310539215803146,0.9793515205383301,0.048297613859176636
tess2021204101404,confirmed_planet,,0.58616155,1.2204743325710297,1.0,0.0
tess2022190063128,confirmed_planet,,0.5703526,1.2914684116840363,1.0,0.0
tess2022217014003,confirmed_planet,,0.59289074,1.1769197285175323,1.0,0.004430890083312988
tess2024030031500,confirmed_planet,,0.61682254,1.2173216938972473,1.0,0.008161723613739014
tess2022164095748,confirmed_planet,,0.62899023,1.1484560370445251,1.0,0.054762184619903564
tess2024223182411,confirmed_planet,,0.58670235,1.2742186188697815,1.0,0.0
tess2021204101404,confirmed_planet,,0.5711474,1.2648251354694366,1.0,0.0
tess2024223182411,confirmed_planet,,0.57037985,1.1673200726509094,1.0,0.0
tess2024003055635,confirmed_planet,,0.572909,1.1464101672172546,1.0,0.0
tess2024223182411,confirmed_planet,,0.5619589,1.048902414739132,1.0,0.037507712841033936
tess2024196212429,confirmed_planet,,0.60608596,1.2603864669799805,1.0,0.0
tess2024030031500,confirmed_planet,,0.56180346,1.4989868104457855,1.0,0.0
tess2024170053053,confirmed_planet,,0.55800164,1.088343434035778,1.0,0.013829946517944336
tess2024003055635,confirmed_planet,,0.55647045,1.1923418194055557,1.0,0.0
tess2024223182411,confirmed_planet,,0.58570844,1.374918282032013,1.0,0.0
tess2024003055635,confirmed_planet,,0.47485954,1.433558613061905,1.0,0.0
tess2024030031500,confirmed_planet,,0.5631792,1.2121554166078568,1.0,0.0
tess2024003055635,confirmed_planet,,0.54902136,1.4860204756259918,1.0,0.0
tess2022217014003,confirmed_planet,,0.54925746,1.3892820477485657,1.0,0.0
tess2024223182411,confirmed_planet,,0.6052301,1.1534617990255356,1.0,0.028499186038970947
tess2024223182411,confirmed_planet,,0.61211115,1.4640287160873413,1.0,0.0
tess2022190063128,confirmed_planet,,0.54089445,1.170337274670601,1.0,0.0
tess2024003055635,confirmed_planet,,0.60849094,1.2472914457321167,1.0,0.0
tess2024196212429,confirmed_planet,,0.61086684,1.3198191225528717,1.0,0.0
tess2022190063128,confirmed_planet,,0.58017284,1.287151038646698,1.0,0.0
tess2024223182411,confirmed_planet,,0.5485281,1.235509604215622,1.0,0.0
tess2022190063128,confirmed_planet,,0.572472,1.1944682449102402,1.0,0.0
tess2024196212429,confirmed_planet,,0.59766936,1.2969508469104767,1.0,0.0
tess2024003055635,confirmed_planet,,0.56838125,1.2895879447460175,1.0,0.0
tess2024030031500,confirmed_planet,,0.5871319,0.9714613817632198,1.0,0.10140123963356018
tess2024003055635,confirmed_planet,,0.54613686,1.2106841206550598,1.0,0.0
tess2024196212429,confirmed_planet,,0.62320846,1.472147911787033,1.0,0.0
tess2024058030222,confirmed_planet,,0.5644388,1.4633178412914276,1.0,0.0
tess2024223182411,confirmed_planet,,0.58328646,1.368166297674179,1.0,0.0
tess2024170053053,confirmed_planet,,0.564959,1.1429174989461899,1.0,0.0
tess2024196212429,confirmed_planet,,0.61085683,1.3519820272922516,1.0,0.0
tess2024196212429,confirmed_planet,,0.42366222,1.2028741836547852,1.0,0.0
tess2024003055635,confirmed_planet,,0.56182384,1.084997572004795,1.0,0.019325077533721924
tess2021204101404,confirmed_planet,,0.5732169,1.5433232188224792,1.0,0.0
tess2022190063128,confirmed_planet,,0.57485735,1.3325068354606628,1.0,0.0
tess2024170053053,confirmed_planet,,0.5086959,1.4941542446613312,1.0,0.0
tess2022217014003,confirmed_planet,,0.47375223,1.2936069667339325,1.0,0.0
tess2024196212429,confirmed_planet,,0.59959024,1.1163213104009628,1.0,0.04142957925796509
tess2024058030222,confirmed_planet,,0.57460463,1.5223901867866516,1.0,0.0
tess2024030031500,confirmed_planet,,0.56679386,1.0083494940772653,1.0,0.06261909008026123
tess2024170053053,confirmed_planet,,0.59451896,1.4148662686347961,1.0,0.0
tess2024030031500,confirmed_planet,,0.5543002,1.2747114598751068,1.0,0.0
tess2024170053053,confirmed_planet,,0.60049814,1.1693017184734344,1.0,0.01584726572036743
tess2024196212429,confirmed_planet,,0.60674727,1.4250358641147614,1.0,0.0
tess2024170053053,confirmed_planet,,0.42731357,1.3167733550071716,1.0,0.0
tess2024003055635,confirmed_planet,,0.5919737,1.2185285538434982,1.0,0.0
tess2024223182411,confirmed_planet,,0.59501815,1.2600426077842712,1.0,0.0
tess2024003055635,confirmed_planet,,0.58526677,1.280783474445343,1.0,0.0
tess2024003055635,confirmed_planet,,0.5827875,1.185535505414009,1.0,0.0
tess2024223182411,confirmed_planet,,0.35658357,1.1462004035711288,0.9296838045120239,0.0
tess2024196212429,confirmed_planet,,0.6038016,0.8862921223044395,1.0,0.16065555810928345
tess2024223182411,confirmed_planet,,0.5848418,1.1473901718854904,1.0,0.011146724224090576
tess2021204101404,confirmed_planet,,0.57710296,1.2782258093357086,1.0,0.0
tess2024196212429,confirmed_planet,,0.6111435,1.176838606595993,1.0,0.0227242112159729
tess2024030031500,confirmed_planet,,0.56973004,1.1998997926712036,1.0,0.0
tess2021175071901,confirmed_planet,,0.6010233,1.2436853647232056,1.0,0.0
tess2024003055635,confirmed_planet,,0.60953236,1.225498765707016,1.0,0.0
tess2024223182411,confirmed_planet,,0.5821804,1.2407408207654953,1.0,0.0
tess2024003055635,confirmed_planet,,0.41050878,1.413115382194519,1.0,0.0
tess2024170053053,confirmed_planet,,0.5513446,1.1934175789356232,1.0,0.0
tess2024223182411,confirmed_planet,,0.5973816,1.368685632944107,1.0,0.0
tess2024170053053,confirmed_planet,,0.5966447,1.127967581152916,1.0,0.03266090154647827
tess2022217014003,confirmed_planet,,0.5842167,1.2752895653247833,1.0,0.0
tess2021204101404,confirmed_planet,,0.5754535,1.2478576302528381,1.0,0.0
tess2024030031500,confirmed_planet,,0.57358,1.2631699740886688,1.0,0.0
tess2024249191853,confirmed_planet,,0.5867378,1.0623684860765934,1.0,0.055553555488586426
tess2024196212429,confirmed_planet,,0.60324466,1.3245643079280853,1.0,0.0
tess2024003055635,confirmed_planet,,0.5953329,1.2720002233982086,1.0,0.0
tess2023341045131,confirmed_planet,,0.5842141,1.5508189797401428,1.0,0.0
tess2022190063128,confirmed_planet,,0.5972907,1.2845125794410706,1.0,0.0
tess2024003055635,confirmed_planet,,0.62149155,0.9921380886808038,1.0,0.12542250752449036
tess2024170053053,confirmed_planet,,0.6319551,1.3326914012432098,1.0,0.0
tess2022190063128,confirmed_planet,,0.56505555,1.550562858581543,1.0,0.0
tess2024223182411,confirmed_planet,,0.58746207,1.2474671751260757,1.0,0.0
tess2024003055635,confirmed_planet,,0.59568316,1.4235002398490906,1.0,0.0
tess2024003055635,confirmed_planet,,0.57018346,1.1154617294669151,1.0,0.01245260238647461
tess2024223182411,confirmed_planet,,0.60260683,1.1328327655792236,1.0,0.0361904501914978
tess2022190063128,confirmed_planet,,0.5934957,1.2866881787776947,1.0,0.0
tess2024196212429,confirmed_planet,,0.59388345,1.2709112167358398,1.0,0.0
tess2024196212429,confirmed_planet,,0.60231227,1.2659329175949097,1.0,0.0
tess2024223182411,confirmed_planet,,0.59319085,1.3014711439609528,1.0,0.0
tess2022164095748,confirmed_planet,,0.5996224,1.426063358783722,1.0,0.0
tess2024170053053,confirmed_planet,,0.5758624,1.6735641360282898,1.0,0.0
tess2022164095748,confirmed_planet,,0.533924,1.260476440191269,1.0,0.0
tess2024003055635,confirmed_planet,,0.55550236,1.3366740047931671,1.0,0.0
tess2024030031500,confirmed_planet,,0.58549905,1.251033753156662,1.0,0.0
tess2024223182411,confirmed_planet,,0.59863716,1.1088245883584023,1.0,0.04422485828399658
tess2024030031500,confirmed_planet,,0.602422,1.2456369400024414,1.0,0.0
tess2022164095748,confirmed_planet,,0.58656013,1.2066528052091599,1.0,0.0
tess2024058030222,confirmed_planet,,0.55114853,1.1273751109838486,1.0,0.0
tess2024196212429,confirmed_planet,,0.60052586,1.2958671748638153,1.0,0.0
tess2024196212429,confirmed_planet,,0.6168096,1.2520055770874023,1.0,0.0
tess2024170053053,confirmed_planet,,0.58461905,1.3623693883419037,1.0,0.0
tess2021204101404,confirmed_planet,,0.56912065,1.5446348190307617,1.0,0.0
tess2022217014003,confirmed_planet,,0.6094807,0.9415446929633617,1.0,0.13870832324028015
tess2024170053053,confirmed_planet,,0.5054275,1.2700851559638977,1.0,0.0
tess2024196212429,confirmed_planet,,0.5842215,1.1898671388626099,1.0,0.0
tess2024223182411,confirmed_planet,,0.59669083,1.3254977464675903,1.0,0.0
tess2024196212429,confirmed_planet,,0.6276312,1.2115027010440826,1.0,0.021879851818084717
tess2024196212429,confirmed_planet,,0.2746429,1.1875901967287064,0.8684380054473877,0.0
tess2024030031500,confirmed_planet,,0.58197695,1.1380153745412827,1.0,0.012969255447387695
tess2024196212429,confirmed_planet,,0.5627844,1.200860857963562,1.0,0.0
tess2024196212429,confirmed_planet,,0.59560895,1.5239511132240295,1.0,0.0
tess2024196212429,confirmed_planet,,0.5791545,1.276374489068985,1.0,0.0
tess2024003055635,confirmed_planet,,0.57370824,1.318326473236084,1.0,0.0
tess2024196212429,confirmed_planet,,0.6116658,1.2315623760223389,1.0,0.0
tess2024170053053,confirmed_planet,,0.5718416,1.4252026975154877,1.0,0.0
tess2024030031500,confirmed_planet,,0.55287135,1.2172386944293976,1.0,0.0
tess2024030031500,confirmed_planet,,0.5927458,1.2314915657043457,1.0,0.0
tess2021204101404,confirmed_planet,,0.5708322,1.1580441892147064,1.0,0.0
tess2024003055635,confirmed_planet,,0.57203823,1.2352800518274307,1.0,0.0
tess2024170053053,confirmed_planet,,0.58670163,1.1528786569833755,1.0,0.01026231050491333
tess2024170053053,confirmed_planet,,0.5729999,1.2954598665237427,1.0,0.0
tess2024030031500,confirmed_planet,,0.61420894,1.1970514357089996,1.0,0.015683233737945557
tess2024030031500,confirmed_planet,,0.5929252,1.1986690908670425,1.0,0.0
tess2024030031500,confirmed_planet,,0.5963651,1.1177722811698914,1.0,0.03747892379760742
tess2024196212429,confirmed_planet,,0.5927428,1.2696364223957062,1.0,0.0
tess2024223182411,confirmed_planet,,0.5919695,1.3029237985610962,1.0,0.0
tess2024196212429,confirmed_planet,,0.6475701,1.3474490642547607,1.0,0.0
tess2024223182411,confirmed_planet,,0.59735966,1.2732854187488556,1.0,0.0
tess2024223182411,confirmed_planet,,0.38466382,1.234527364373207,1.0,0.0
tess2024196212429,confirmed_planet,,0.58033603,1.3434676826000214,1.0,0.0
tess2024196212429,confirmed_planet,,0.5812799,1.4201679229736328,1.0,0.0
tess2021175071901,confirmed_planet,,0.61147165,1.145495593547821,1.0,0.03872382640838623
tess2024003055635,confirmed_planet,,0.5991428,1.217515617609024,1.0,0.0
tess2022244194134,confirmed_planet,,0.5903238,1.380300223827362,1.0,0.0
tess2022164095748,confirmed_planet,,0.5583203,1.252578228712082,1.0,0.0
tess2024003055635,confirmed_planet,,0.5778996,1.3167318999767303,1.0,0.0
tess2022190063128,confirmed_planet,,0.45182633,1.362354189157486,1.0,0.0
tess2024030031500,confirmed_planet,,0.5629015,1.2331538796424866,1.0,0.0
tess2024030031500,confirmed_planet,,0.58291596,1.1380056738853455,1.0,0.013913094997406006
tess2024170053053,confirmed_planet,,0.6091028,1.1930605173110962,1.0,0.012572526931762695
tess2024003055635,confirmed_planet,,0.57126385,1.3800065219402313,1.0,0.0
tess2024223182411,confirmed_planet,,0.61905646,1.2744068503379822,1.0,0.0
tess2022190063128,confirmed_planet,,0.5809737,1.2897645235061646,1.0,0.0
tess2024030031500,confirmed_planet,,0.36417222,1.2278251349925995,0.9780848026275635,0.0
tess2022164095748,confirmed_planet,,0.59769267,1.3213498294353485,1.0,0.0
tess2024196212429,confirmed_planet,,0.6011366,1.3537732064723969,1.0,0.0
tess2024223182411,confirmed_planet,,0.4226834,1.3418129980564117,1.0,0.0
tess2024003055635,confirmed_planet,,0.56817126,1.3966341316699982,1.0,0.0
tess2024170053053,confirmed_planet,,0.5722452,1.3163324892520905,1.0,0.0
tess2022164095748,confirmed_planet,,0.63446116,1.3369537889957428,1.0,0.0
tess2022190063128,confirmed_planet,,0.5930425,1.1401090621948242,1.0,0.022987961769104004
tess2024170053053,confirmed_planet,,0.5917297,1.0271655339747667,1.0,0.07814693450927734
tess2022217014003,confirmed_planet,,0.5881893,1.1761777102947235,1.0,0.0001004338264465332
tess2024196212429,confirmed_planet,,0.5922481,1.413706362247467,1.0,0.0
tess2024196212429,confirmed_planet,,0.49701452,1.3469026982784271,1.0,0.0
tess2022217014003,confirmed_planet,,0.504195,1.1960442066192627,1.0,0.0
tess2024003055635,confirmed_planet,,0.27647725,1.318453073501587,0.9357037544250488,0.0
tess2024196212429,confirmed_planet,,0.5829609,1.2375645488500595,1.0,0.0
tess2024030031500,confirmed_planet,,0.58368254,1.2528437674045563,1.0,0.0
tess2024030031500,confirmed_planet,,0.5878413,1.067674659192562,1.0,0.05400395393371582
tess2024196212429,confirmed_planet,,0.6248094,1.3901844024658203,1.0,0.0
tess2024030031500,confirmed_planet,,0.5743032,1.1490659415721893,1.0,0.0
tess2024223182411,confirmed_planet,,0.5786869,1.3357559442520142,1.0,0.0
tess2024170053053,confirmed_planet,,0.5498633,1.3555463254451752,1.0,0.0
tess2024196212429,confirmed_planet,,0.59671754,1.2194423824548721,1.0,0.0
tess2024030031500,confirmed_planet,,0.57464004,1.2908600866794586,1.0,0.0
tess2024003055635,confirmed_planet,,0.5672518,1.3551619946956635,1.0,0.0
tess2024170053053,confirmed_planet,,0.5886757,1.214707851409912,1.0,0.0
tess2024030031500,confirmed_planet,,0.60618865,1.2146145701408386,1.0,0.0
tess2024223182411,confirmed_planet,,0.59810936,1.2791129648685455,1.0,0.0
tess2024196212429,confirmed_planet,,0.5915997,1.4529933333396912,1.0,0.0
tess2024170053053,confirmed_planet,,0.598947,1.2722577154636383,1.0,0.0
tess2024196212429,confirmed_planet,,0.58244735,1.1663651317358017,1.0,0.0
tess2022190063128,confirmed_planet,,0.57780445,1.0981421694159508,1.0,0.028733372688293457
tess2024170053053,confirmed_planet,,0.61066204,1.4065785109996796,1.0,0.0
tess2024223182411,confirmed_planet,,0.5815207,1.0549643822014332,1.0,0.05403846502304077
tess2024003055635,confirmed_planet,,0.60649884,1.3930738270282745,1.0,0.0
tess2019198215352,confirmed_planet,,0.43791354,1.2730746865272522,1.0,0.0
tess2024196212429,confirmed_planet,,0.57809615,1.2919006049633026,1.0,0.0
tess2024196212429,confirmed_planet,,0.62595195,1.2560858130455017,1.0,0.0
tess2024003055635,confirmed_planet,,0.60699636,1.3407413959503174,1.0,0.0
tess2024170053053,confirmed_planet,,0.5783579,1.277370035648346,1.0,0.0
tess2024196212429,confirmed_planet,,0.57199824,1.3385125994682312,1.0,0.0
tess2021175071901,confirmed_planet,,0.58286196,1.1377366930246353,1.0,0.013993620872497559
tess2024003055635,confirmed_planet,,0.5760819,1.1179529204964638,1.0,0.017105400562286377
tess2024030031500,confirmed_planet,,0.5943011,1.2527491748332977,1.0,0.0
tess2024196212429,confirmed_planet,,0.628242,1.3806986510753632,1.0,0.0
tess2022190063128,confirmed_planet,,0.5897177,1.2928503155708313,1.0,0.0
tess2024223182411,confirmed_planet,,0.63681746,1.3976775705814362,1.0,0.0
tess2024223182411,confirmed_planet,,0.60136706,1.2217965722084045,1.0,0.0
tess2024030031500,confirmed_planet,,0.60605824,1.172287866473198,1.0,0.019914329051971436
tess2022190063128,confirmed_planet,,0.60334074,1.1938572376966476,1.0,0.006412148475646973
tess2024170053053,confirmed_planet,,0.5712089,1.1960505694150925,1.0,0.0
tess2024170053053,confirmed_planet,,0.5849982,0.8623683452606201,1.0,0.15381401777267456
tess2022244194134,confirmed_planet,,0.58084923,1.178021177649498,1.0,0.0
tess2024030031500,confirmed_planet,,0.6035154,1.3190613687038422,1.0,0.0
tess2021204101404,confirmed_planet,,0.59756804,1.2066501080989838,1.0,0.0
tess2022190063128,confirmed_planet,,0.56299293,1.237872913479805,1.0,0.0
tess2024223182411,confirmed_planet,,0.6033619,1.3402340114116669,1.0,0.0
tess2024003055635,confirmed_planet,,0.55852926,1.2259983867406845,1.0,0.0
tess2024196212429,confirmed_planet,,0.5851592,1.106405533850193,1.0,0.03195643424987793
tess2024196212429,confirmed_planet,,0.60132664,1.2016554772853851,1.0,0.0004988908767700195
tess2024223182411,confirmed_planet,,0.5774582,1.3575879037380219,1.0,0.0
tess2024223182411,confirmed_planet,,0.55551404,1.141672283411026,1.0,0.0
tess2024003055635,confirmed_planet,,0.5797842,1.2556250393390656,1.0,0.0
tess2024030031500,confirmed_planet,,0.57174504,1.4717040359973907,1.0,0.0
tess2024003055635,confirmed_planet,,0.5705152,1.176583856344223,1.0,0.0
tess2021204101404,confirmed_planet,,0.5175871,1.3678641617298126,1.0,0.0
tess2022190063128,confirmed_planet,,0.50824916,1.1629560887813568,1.0,0.0
tess2024196212429,confirmed_planet,,0.40989065,1.1616544127464294,0.990717887878418,0.0
tess2024249191853,confirmed_planet,,0.59379464,1.077552892267704,1.0,0.05501818656921387
tess2024030031500,confirmed_planet,,0.57262456,1.2438943833112717,1.0,0.0
tess2021204101404,confirmed_planet,,0.55659455,1.1713957339525223,1.0,0.0
tess2024223182411,confirmed_planet,,0.59790885,0.9543433003127575,1.0,0.12073719501495361
tess2024003055635,confirmed_planet,,0.5768392,1.472092181444168,1.0,0.0
tess2024196212429,confirmed_planet,,0.62910104,1.21516615152359,1.0,0.02151799201965332
tess2024170053053,confirmed_planet,,0.55996454,1.472256600856781,1.0,0.0
tess2022190063128,confirmed_planet,,0.5846396,1.139900267124176,1.0,0.014689505100250244
tess2024249191853,confirmed_planet,,0.600591,1.3500967621803284,1.0,0.0
tess2024223182411,confirmed_planet,,0.58556443,1.0044213556684554,1.0,0.08335375785827637
tess2024196212429,confirmed_planet,,0.60105133,1.1941534578800201,1.0,0.003974616527557373
tess2022164095748,confirmed_planet,,0.43546796,1.128800943493843,0.9998684525489807,0.0
tess2024030031500,confirmed_planet,,0.5718085,1.3286519348621368,1.0,0.0
tess2024030031500,confirmed_planet,,0.5796879,0.9419029727578163,1.0,0.10873639583587646
tess2024030031500,confirmed_planet,,0.6108653,1.2739017307758331,1.0,0.0
tess2024003055635,confirmed_planet,,0.5565118,1.2888323068618774,1.0,0.0
tess2024223182411,confirmed_planet,,0.5780355,1.1825991421937943,1.0,0.0
tess2024003055635,confirmed_planet,,0.5505464,1.5160378217697144,1.0,0.0
tess2021175071901,confirmed_planet,,0.6047774,1.319760411977768,1.0,0.0
tess2022190063128,confirmed_planet,,0.5708053,1.4502495229244232,1.0,0.0
tess2024030031500,confirmed_planet,,0.5884799,1.2873855829238892,1.0,0.0
tess2024030031500,confirmed_planet,,0.5558613,1.394771248102188,1.0,0.0
tess2024170053053,confirmed_planet,,0.5670134,1.158963531255722,1.0,0.0
tess2024196212429,confirmed_planet,,0.5914386,1.2515874207019806,1.0,0.0
tess2024003055635,confirmed_planet,,0.54653734,1.153043493628502,1.0,0.0
tess2024030031500,confirmed_planet,,0.5741813,1.433820217847824,1.0,0.0
tess2021175071901,confirmed_planet,,0.53171927,1.2836467027664185,1.0,0.0
tess2024003055635,confirmed_planet,,0.6233759,1.1487535238265991,1.0,0.048999130725860596
tess2024196212429,confirmed_planet,,0.614626,1.2382595092058182,1.0,0.0
tess2024223182411,confirmed_planet,,0.34149325,1.3807826936244965,1.0,0.0
tess2024223182411,confirmed_planet,,0.5787738,1.1538045704364777,1.0,0.0018715262413024902
tess2019198215352,confirmed_planet,,0.6111773,1.3515320420265198,1.0,0.0
tess2024223182411,confirmed_planet,,0.5950181,1.2083649635314941,1.0,0.0
tess2024170053053,confirmed_planet,,0.5581067,1.2931135892868042,1.0,0.0
tess2024003055635,confirmed_planet,,0.5724697,1.1874978840351105,1.0,0.0
tess2024003055635,confirmed_planet,,0.5702564,1.1236575171351433,1.0,0.008427679538726807
tess2024003055635,confirmed_planet,,0.56153196,1.2122218012809753,1.0,0.0
tess2024030031500,confirmed_planet,,0.5951339,1.243859514594078,1.0,0.0
tess2021204101404,confirmed_planet,,0.5835968,1.158238708972931,1.0,0.004477500915527344
tess2024196212429,confirmed_planet,,0.5951428,1.2727078199386597,1.0,0.0
tess2024196212429,confirmed_planet,,0.58386874,1.2689695358276367,1.0,0.0
tess2024003055635,confirmed_planet,,0.57205266,1.3839209079742432,1.0,0.0
tess2024170053053,confirmed_planet,,0.5238471,1.2273761630058289,1.0,0.0
tess2024030031500,confirmed_planet,,0.5701973,1.383016973733902,1.0,0.0
tess2022217014003,confirmed_planet,,0.56943536,1.2772749662399292,1.0,0.0
tess2021204101404,confirmed_planet,,0.58011144,1.30122309923172,1.0,0.0
tess2024170053053,confirmed_planet,,0.60651094,1.5978794693946838,1.0,0.0
tess2024003055635,confirmed_planet,,0.58646363,1.3924144804477692,1.0,0.0
tess2024003055635,confirmed_planet,,0.5971227,1.541343867778778,1.0,0.0
tess2022217014003,confirmed_planet,,0.59067047,1.2481087893247604,1.0,0.0
tess2021204101404,confirmed_planet,,0.5910159,1.205724522471428,1.0,0.0
tess2024223182411,confirmed_planet,,0.61421686,1.1708119809627533,1.0,0.028810858726501465
tess2022190063128,confirmed_planet,,0.5958979,1.2093588709831238,1.0,0.0
tess2024196212429,confirmed_planet,,0.558923,1.3068993389606476,1.0,0.0
tess2022217014003,confirmed_planet,,0.591186,1.0266177132725716,1.0,0.07787710428237915
tess2021175071901,confirmed_planet,,0.5715515,1.1688640117645264,1.0,0.0
tess2024196212429,confirmed_planet,,0.5960218,1.1063128039240837,1.0,0.04286539554595947
tess2022164095748,confirmed_planet,,0.61230826,1.3117912113666534,1.0,0.0
tess2021175071901,confirmed_planet,,0.570824,1.1159993633627892,1.0,0.01282435655593872
tess2024196212429,confirmed_planet,,0.60857666,1.1770733147859573,1.0,0.02003997564315796
tess2024058030222,confirmed_planet,,0.5622014,1.405345767736435,1.0,0.0
tess2021175071901,confirmed_planet,,0.54669046,1.1986964643001556,1.0,0.0
tess2024003055635,confirmed_planet,,0.57541245,1.2944709658622742,1.0,0.0
tess2024003055635,confirmed_planet,,0.374808,1.0501218922436237,0.8998689651489258,0.0
tess2024030031500,confirmed_planet,,0.59797806,1.3473994731903076,1.0,0.0
tess2022164095748,confirmed_planet,,0.6033343,1.2939063906669617,1.0,0.0
tess2024003055635,confirmed_planet,,0.57508177,1.3543830811977386,1.0,0.0
tess2024196212429,confirmed_planet,,0.6198421,1.2179338335990906,1.0,0.010875165462493896
tess2024196212429,confirmed_planet,,0.24419636,1.1435611248016357,0.8159769177436829,0.0
tess2024003055635,confirmed_planet,,0.5831789,1.1571350395679474,1.0,0.004611372947692871
tess2024030031500,confirmed_planet,,0.5085295,1.4589626491069794,1.0,0.0
tess2024003055635,confirmed_planet,,0.5907749,1.378170371055603,1.0,0.0
tess2024196212429,confirmed_planet,,0.59807104,1.1901074945926666,1.0,0.0030173063278198242
tess2024030031500,confirmed_planet,,0.5751708,1.2049188762903214,1.0,0.0
tess2024196212429,confirmed_planet,,0.59798014,1.2598287463188171,1.0,0.0
tess2024223182411,confirmed_planet,,0.5867731,1.2219876796007156,1.0,0.0
tess2024170053053,confirmed_planet,,0.58657026,1.2013382017612457,1.0,0.0
tess2024170053053,confirmed_planet,,0.55315393,1.1913514137268066,1.0,0.0
tess2024003055635,confirmed_planet,,0.60783505,1.369916021823883,1.0,0.0
tess2024223182411,confirmed_planet,,0.5837024,1.206783190369606,1.0,0.0
tess2024003055635,confirmed_planet,,0.59587944,1.1475288271903992,1.0,0.022114992141723633
tess2021175071901,confirmed_planet,,0.5500874,1.1478109061717987,1.0,0.0
tess2024170053053,confirmed_planet,,0.5814926,1.1895807683467865,1.0,0.0
tess2022217014003,confirmed_planet,,0.3793464,1.1723376959562302,0.9655152559280396,0.0
tess2024223182411,confirmed_planet,,0.59911376,1.4118089377880096,1.0,0.0
tess2024223182411,confirmed_planet,,0.51324975,1.5372247695922852,1.0,0.0
tess2024223182411,confirmed_planet,,0.58750063,1.363622933626175,1.0,0.0
tess2024223182411,confirmed_planet,,0.6138875,1.2150449305772781,1.0,0.006365001201629639
tess2024196212429,confirmed_planet,,0.6154736,1.5145787596702576,1.0,0.0
tess2024170053053,confirmed_planet,,0.56532335,1.4084599018096924,1.0,0.0
tess2022190063128,confirmed_planet,,0.5648777,1.28331857919693,1.0,0.0
tess2024196212429,confirmed_planet,,0.64144385,1.3351991772651672,1.0,0.0
tess2024030031500,confirmed_planet,,0.60477257,1.3679273128509521,1.0,0.0
tess2024030031500,confirmed_planet,,0.59649825,1.3098315000534058,1.0,0.0
tess2024170053053,confirmed_planet,,0.5638464,1.1774099469184875,1.0,0.0
tess2022217014003,confirmed_planet,,0.56175506,1.25902059674263,1.0,0.0
tess2024030031500,confirmed_planet,,0.59905285,1.148645132780075,1.0,0.024730265140533447
tess2022217014003,confirmed_planet,,0.5006985,1.2948850989341736,1.0,0.0
tess2024223182411,confirmed_planet,,0.6084835,1.4801622927188873,1.0,0.0
tess2021204101404,confirmed_planet,,0.58604455,1.148439571261406,1.0,0.01182478666305542
tess2024003055635,confirmed_planet,,0.5439656,1.2131925374269485,1.0,0.0
tess2024196212429,confirmed_planet,,0.6178023,1.2812162339687347,1.0,0.0
tess2022164095748,confirmed_planet,,0.6154531,1.097834438085556,1.0,0.06653589010238647
tess2024058030222,confirmed_planet,,0.34688193,1.2349821329116821,0.964372992515564,0.0
tess2024196212429,confirmed_planet,,0.5297633,1.4045955836772919,1.0,0.0
tess2022217014003,confirmed_planet,,0.5670771,1.5203514099121094,1.0,0.0
tess2024170053053,confirmed_planet,,0.59061843,1.2594799399375916,1.0,0.0
tess2022164095748,confirmed_planet,,0.59659886,1.1722624897956848,1.0,0.01046764850616455
tess2024170053053,confirmed_planet,,0.5710417,1.2365368604660034,1.0,0.0
tess2024196212429,confirmed_planet,,0.5544949,1.2013164460659027,1.0,0.0
tess2024196212429,confirmed_planet,,0.569075,1.4359154105186462,1.0,0.0
tess2024196212429,confirmed_planet,,0.61239594,1.3754079341888428,1.0,0.0
tess2024003055635,confirmed_planet,,0.54764247,1.2269067615270615,1.0,0.0
tess2024196212429,confirmed_planet,,0.62083215,1.3778010606765747,1.0,0.0
tess2024003055635,confirmed_planet,,0.58307356,0.9846312468871474,1.0,0.09075793623924255
tess2024196212429,confirmed_planet,,0.59683794,1.0160181391984224,1.0,0.08882886171340942
tess2021204101404,confirmed_planet,,0.5754802,1.6689981818199158,1.0,0.0
tess2024223182411,confirmed_planet,,0.6290046,1.086271457374096,1.0,0.08586889505386353
tess2024196212429,confirmed_planet,,0.6281839,0.9931454942561686,1.0,0.131611168384552
tess2024003055635,confirmed_planet,,0.57135683,1.3461216986179352,1.0,0.0
tess2021204101404,confirmed_planet,,0.59681696,1.2682844698429108,1.0,0.0
tess2022190063128,confirmed_planet,,0.5431672,1.3574169278144836,1.0,0.0
tess2021204101404,confirmed_planet,,0.55528766,1.3520926237106323,1.0,0.0
tess2024003055635,confirmed_planet,,0.60106224,1.24745874106884,1.0,0.0
tess2024003055635,confirmed_planet,,0.6166566,1.3086475133895874,1.0,0.0
tess2022164095748,confirmed_planet,,0.6004418,1.2970535159111023,1.0,0.0
tess2024030031500,confirmed_planet,,0.58904797,1.0385191217064857,1.0,0.06978839635848999
tess2024223182411,confirmed_planet,,0.5719118,1.1880589425563812,1.0,0.0
tess2022164095748,confirmed_planet,,0.62771213,1.4310684204101562,1.0,0.0
tess2022190063128,confirmed_planet,,0.5847759,1.1425827145576477,1.0,0.013484597206115723
tess2024196212429,confirmed_planet,,0.6025899,1.3227568864822388,1.0,0.0
tess2024196212429,confirmed_planet,,0.61962473,1.4192039370536804,1.0,0.0
tess2024030031500,confirmed_planet,,0.5658492,1.1362994313240051,1.0,0.0
tess2024223182411,confirmed_planet,,0.6242696,1.2691686749458313,1.0,0.0
tess2024030031500,confirmed_planet,,0.59226465,1.370611310005188,1.0,0.0
tess2022164095748,confirmed_planet,,0.60120547,1.3441852033138275,1.0,0.0
tess2024030031500,confirmed_planet,,0.55990046,1.4566006064414978,1.0,0.0
tess2024003055635,confirmed_planet,,0.5621913,1.5141919255256653,1.0,0.0
tess2024030031500,confirmed_planet,,0.588025,1.2147130072116852,1.0,0.0
tess2024030031500,confirmed_planet,,0.59479374,1.3645323812961578,1.0,0.0
tess2024170053053,confirmed_planet,,0.60403895,1.2646436095237732,1.0,0.0
tess2024196212429,confirmed_planet,,0.61457354,1.4404351115226746,1.0,0.0
tess2024030031500,confirmed_planet,,0.4605774,1.4610578417778015,1.0,0.0
tess2024223182411,confirmed_planet,,0.5822132,1.1170233935117722,1.0,0.02370154857635498
tess2024223182411,confirmed_planet,,0.6035485,1.2381351292133331,1.0,0.0
tess2024003055635,confirmed_planet,,0.60913104,1.1931039839982986,1.0,0.012579023838043213
tess2024030031500,confirmed_planet,,0.5807299,1.3622355163097382,1.0,0.0
tess2024170053053,confirmed_planet,,0.5562362,1.3411477208137512,1.0,0.0
tess2024030031500,confirmed_planet,,0.5753239,1.0944879427552223,1.0,0.02807992696762085
tess2024223182411,confirmed_planet,,0.5959722,1.2769499719142914,1.0,0.0
tess2024030031500,confirmed_planet,,0.5703435,1.2653625905513763,1.0,0.0
tess2024003055635,confirmed_planet,,0.5955758,1.4476446509361267,1.0,0.0
tess2024196212429,confirmed_planet,,0.5967729,1.4684147238731384,1.0,0.0
tess2022217014003,confirmed_planet,,0.58621156,1.3247804641723633,1.0,0.0
tess2024196212429,confirmed_planet,,0.5808162,1.169413685798645,1.0,0.0
tess2024170053053,confirmed_planet,,0.59422785,1.2412129044532776,1.0,0.0
tess2024196212429,confirmed_planet,,0.54357094,1.272867739200592,1.0,0.0
tess2024223182411,confirmed_planet,,0.5841517,1.2389608323574066,1.0,0.0
tess2022164095748,confirmed_planet,,0.52790135,1.2209215462207794,1.0,0.0
tess2024003055635,confirmed_planet,,0.4458789,1.2888370156288147,1.0,0.0
tess2022217014003,confirmed_planet,,0.61549056,1.264562726020813,1.0,0.0
tess2024003055635,confirmed_planet,,0.5768591,1.3469146192073822,1.0,0.0
tess2024170053053,confirmed_planet,,0.5958003,1.1973865628242493,1.0,0.0
tess2024170053053,confirmed_planet,,0.5970051,1.272869199514389,1.0,0.0
tess2024003055635,confirmed_planet,,0.58594227,1.2989835739135742,1.0,0.0
tess2024196212429,confirmed_planet,,0.5886903,1.395140826702118,1.0,0.0
tess2024223182411,confirmed_planet,,0.61074275,1.2608062326908112,1.0,0.0
tess2024170053053,confirmed_planet,,0.55423254,1.253595620393753,1.0,0.0
tess2022190063128,confirmed_planet,,0.575808,1.2446164339780807,1.0,0.0
tess2024170053053,confirmed_planet,,0.5141648,1.086192712187767,1.0,0.0
tess2022190063128,confirmed_planet,,0.58181876,1.4977006614208221,1.0,0.0
tess2024223182411,confirmed_planet,,0.60244954,1.0759429410099983,1.0,0.06447803974151611
tess2024003055635,confirmed_planet,,0.626127,1.2680808007717133,1.0,0.0
tess2024223182411,confirmed_planet,,0.6089386,1.1710721552371979,1.0,0.023402512073516846
tess2022217014003,confirmed_planet,,0.58668566,1.4794988632202148,1.0,0.0
tess2024030031500,confirmed_planet,,0.58183324,1.2440437972545624,1.0,0.0
tess2024196212429,confirmed_planet,,0.6111344,1.2692319452762604,1.0,0.0
tess2024030031500,confirmed_planet,,0.57779264,1.1736081838607788,1.0,0.0
tess2024003055635,confirmed_planet,,0.58653814,1.080909974873066,1.0,0.046083152294158936
tess2024170053053,confirmed_planet,,0.58203584,1.1878995597362518,1.0,0.0
tess2024030031500,confirmed_planet,,0.5197611,1.140188843011856,1.0,0.0
tess2024223182411,confirmed_planet,,0.60981464,1.3070455193519592,1.0,0.0
tess2024003055635,confirmed_planet,,0.48457462,1.3499419689178467,1.0,0.0
tess2024196212429,confirmed_planet,,0.5740946,1.1631035655736923,1.0,0.0
tess2024196212429,confirmed_planet,,0.60541534,1.1637916564941406,1.0,0.023519515991210938
tess2024003055635,confirmed_planet,,0.56380117,1.33881214261055,1.0,0.0
tess2021204101404,confirmed_planet,,0.59764814,1.1678403615951538,1.0,0.013727962970733643
tess2024196212429,confirmed_planet,,0.5875722,1.4048111736774445,1.0,0.0
tess2021204101404,confirmed_planet,,0.5856022,1.3101046085357666,1.0,0.0
tess2024003055635,confirmed_planet,,0.57419354,1.2577970325946808,1.0,0.0
tess2024223182411,confirmed_planet,,0.6215731,1.381380021572113,1.0,0.0
tess2024223182411,confirmed_planet,,0.6187191,1.3451239466667175,1.0,0.0
tess2024223182411,confirmed_planet,,0.6012689,1.390859067440033,1.0,0.0
tess2021204101404,confirmed_planet,,0.5925618,1.0563141852617264,1.0,0.06440466642379761
tess2024223182411,confirmed_planet,,0.57361037,1.2386427521705627,1.0,0.0
tess2024196212429,confirmed_planet,,0.6056803,1.1850118935108185,1.0,0.013174355030059814
tess2024003055635,confirmed_planet,,0.58652,1.2296287715435028,1.0,0.0
tess2024003055635,confirmed_planet,,0.5506857,1.1842171102762222,1.0,0.0
tess2024003055635,confirmed_planet,,0.4255495,1.2240342646837234,1.0,0.0
tess2024003055635,confirmed_planet,,0.57862145,1.2464205175638199,1.0,0.0
tess2024170053053,confirmed_planet,,0.5469278,1.1004630699753761,1.0,0.0
tess2024196212429,confirmed_planet,,0.50320274,1.281401365995407,1.0,0.0
tess2024170053053,confirmed_planet,,0.56358236,1.2837783694267273,1.0,0.0
tess2024030031500,confirmed_planet,,0.5917103,1.1607468575239182,1.0,0.011336922645568848
tess2024170053053,confirmed_planet,,0.5518889,1.1891844123601913,1.0,0.0
tess2024196212429,confirmed_planet,,0.59229136,1.4016103744506836,1.0,0.0
tess2022190063128,confirmed_planet,,0.5953441,1.2572201490402222,1.0,0.0
tess2024249191853,confirmed_planet,,0.59746385,1.0968615412712097,1.0,0.04903304576873779
tess2024223182411,confirmed_planet,,0.60694855,1.1547107845544815,1.0,0.029593169689178467
tess2024196212429,confirmed_planet,,0.5858797,1.095984824001789,1.0,0.03788727521896362
tess2024196212429,confirmed_planet,,0.42199448,1.1574350595474243,1.0,0.0
tess2022164095748,confirmed_planet,,0.20141621,1.1966528296470642,0.7997426390647888,0.0
tess2024223182411,confirmed_planet,,0.5655648,1.351846158504486,1.0,0.0
tess2024196212429,confirmed_planet,,0.60298467,1.4876949787139893,1.0,0.0
tess2024170053053,confirmed_planet,,0.56515956,1.1772919595241547,1.0,0.0
tess2021204101404,confirmed_planet,,0.59987915,1.0726757049560547,1.0,0.06354129314422607
tess2024030031500,confirmed_planet,,0.60277367,1.299931824207306,1.0,0.0
tess2024223182411,confirmed_planet,,0.612327,1.1386717706918716,1.0,0.04299110174179077
tess2024223182411,confirmed_planet,,0.58417386,1.4960110187530518,1.0,0.0
tess2024003055635,confirmed_planet,,0.5944432,1.2089894264936447,1.0,0.0
tess2024030031500,confirmed_planet,,0.5716502,1.33380588889122,1.0,0.0
tess2024170053053,confirmed_planet,,0.55119747,1.3897436261177063,1.0,0.0
tess2021175071901,confirmed_planet,,0.57013965,1.6588029265403748,1.0,0.0
tess2022164095748,confirmed_planet,,0.60769993,1.0371440760791302,1.0,0.08912789821624756
tess2021175071901,confirmed_planet,,0.5666754,1.3709196150302887,1.0,0.0
tess2024030031500,confirmed_planet,,0.58870095,1.2854160070419312,1.0,0.0
tess2021204101404,confirmed_planet,,0.6073996,1.2887831628322601,1.0,0.0
tess2022217014003,confirmed_planet,,0.6005755,0.9790501594543457,1.0,0.11105042695999146
tess2024030031500,confirmed_planet,,0.6340314,1.265287309885025,1.0,0.00138777494430542
tess2024170053053,confirmed_planet,,0.13723947,1.298961490392685,0.7867202162742615,0.0
tess2024003055635,confirmed_planet,,0.5453061,1.3323258757591248,1.0,0.0
tess2024170053053,confirmed_planet,,0.5681369,1.1918663382530212,1.0,0.0
tess2019198215352,confirmed_planet,,0.5511661,1.2307238280773163,1.0,0.0
tess2020160202036,confirmed_planet,,0.58786184,1.2455188035964966,1.0,0.0
tess2024223182411,confirmed_planet,,0.5779097,1.2744402289390564,1.0,0.0
tess2024223182411,confirmed_planet,,0.5740781,1.239111840724945,1.0,0.0
tess2024223182411,confirmed_planet,,0.5882996,1.0836304500699043,1.0,0.04648435115814209
tess2024058030222,confirmed_planet,,0.55167556,1.3547589480876923,1.0,0.0
tess2024223182411,confirmed_planet,,0.58878386,1.386357069015503,1.0,0.0
tess2024003055635,confirmed_planet,,0.5712249,1.0857849940657616,1.0,0.028332412242889404
tess2024030031500,confirmed_planet,,0.60834324,1.2496729344129562,1.0,0.0
tess2024030031500,confirmed_planet,,0.499732,1.5264330506324768,1.0,0.0
tess2024223182411,confirmed_planet,,0.5961567,0.9950211639516056,1.0,0.0986461341381073
tess2024170053053,confirmed_planet,,0.5270877,1.233456790447235,1.0,0.0
tess2022244194134,confirmed_planet,,0.53637683,1.5485831499099731,1.0,0.0
tess2024030031500,confirmed_planet,,0.5646003,1.121797725558281,1.0,0.003701448440551758
tess2021204101404,confirmed_planet,,0.6007349,1.3410806357860565,1.0,0.0
tess2024030031500,confirmed_planet,,0.5665993,1.2060048580169678,1.0,0.0
tess2024196212429,confirmed_planet,,0.5647117,1.189947709441185,1.0,0.0
tess2024223182411,confirmed_planet,,0.6081227,1.22846157848835,1.0,0.0
tess2024003055635,confirmed_planet,,0.60026515,1.2123164236545563,1.0,0.0
tess2024170053053,confirmed_planet,,0.55487037,1.1924098879098892,1.0,0.0
tess2024196212429,confirmed_planet,,0.49492526,1.227404698729515,1.0,0.0
tess2024003055635,confirmed_planet,,0.5581142,1.2855802178382874,1.0,0.0
tess2024196212429,confirmed_planet,,0.6039932,1.2199399173259735,1.0,0.0
tess2024030031500,confirmed_planet,,0.45285913,1.3647295832633972,1.0,0.0
tess2024223182411,confirmed_planet,,0.6097717,1.0843016058206558,1.0,0.06762093305587769
tess2022190063128,confirmed_planet,,0.5780858,1.297060489654541,1.0,0.0
tess2024196212429,confirmed_planet,,0.5989676,1.3151200115680695,1.0,0.0
tess2024170053053,confirmed_planet,,0.58501816,1.2551319599151611,1.0,0.0
tess2024196212429,confirmed_planet,,0.5826023,1.0878316462039948,1.0,0.038686513900756836
tess2024030031500,confirmed_planet,,0.5787359,1.253310114145279,1.0,0.0
tess2024170053053,confirmed_planet,,0.55464834,1.549001157283783,1.0,0.0
tess2024030031500,confirmed_planet,,0.5781098,1.1205662116408348,1.0,0.01782667636871338
tess2024030031500,confirmed_planet,,0.59674525,1.3922941088676453,1.0,0.0
tess2024030031500,confirmed_planet,,0.51227903,1.1761512011289597,1.0,0.0
tess2021204101404,confirmed_planet,,0.5938969,1.1579423397779465,1.0,0.014925777912139893
tess2024249191853,confirmed_planet,,0.6116578,1.2379811108112335,1.0,0.0
tess2022164095748,confirmed_planet,,0.52833027,1.0097686974331737,1.0,0.02344590425491333
tess2024196212429,confirmed_planet,,0.62438637,1.4046472012996674,1.0,0.0
tess2021175071901,confirmed_planet,,0.64873147,1.1113385260105133,1.0,0.09306222200393677
tess2024223182411,confirmed_planet,,0.5625733,1.3829987943172455,1.0,0.0
tess2024170053053,confirmed_planet,,0.5674697,1.0796902254223824,1.0,0.02762460708618164
tess2024223182411,confirmed_planet,,0.57024544,0.9070499688386917,1.0,0.11672046780586243
tess2021175071901,confirmed_planet,,0.58955204,1.1820367872714996,1.0,0.0
tess2024196212429,confirmed_planet,,0.6347754,1.2083966434001923,1.0,0.03057706356048584
tess2024223182411,confirmed_planet,,0.5989981,1.181022509932518,1.0,0.00848686695098877
tess2022217014003,confirmed_planet,,0.5648341,1.30171799659729,1.0,0.0
tess2022190063128,confirmed_planet,,0.58409125,1.3104184567928314,1.0,0.0
tess2024058030222,confirmed_planet,,0.5762389,1.2897424697875977,1.0,0.0
tess2024003055635,confirmed_planet,,0.5626212,1.3253189623355865,1.0,0.0
tess2024030031500,confirmed_planet,,0.592885,1.1207084357738495,1.0,0.032530784606933594
tess2024170053053,confirmed_planet,,0.5921607,1.3053425252437592,1.0,0.0
tess2024196212429,confirmed_planet,,0.5915101,1.3682633638381958,1.0,0.0
tess2024003055635,confirmed_planet,,0.5988261,1.356440782546997,1.0,0.0
tess2024003055635,confirmed_planet,,0.5789732,1.3265505135059357,1.0,0.0
tess2024003055635,confirmed_planet,,0.56522095,1.5669193267822266,1.0,0.0
tess2024223182411,confirmed_planet,,0.6145288,1.1497407853603363,1.0,0.03965836763381958
tess2024003055635,confirmed_planet,,0.43895242,1.2717492282390594,1.0,0.0
tess2021204101404,confirmed_planet,,0.5830212,1.1332690566778183,1.0,0.016386687755584717
tess2024223182411,confirmed_planet,,0.58898556,1.363527774810791,1.0,0.0
tess2024058030222,confirmed_planet,,0.5486699,1.2489244490861893,1.0,0.0
tess2021204101404,confirmed_planet,,0.5720931,1.2599803507328033,1.0,0.0
tess2024003055635,confirmed_planet,,0.55483484,1.2306116968393326,1.0,0.0
tess2024196212429,confirmed_planet,,0.6113904,1.0611536726355553,1.0,0.08081358671188354
tess2022190063128,confirmed_planet,,0.5934672,1.2197320610284805,1.0,0.0
tess2022190063128,confirmed_planet,,0.57294154,1.2679239809513092,1.0,0.0
tess2024223182411,confirmed_planet,,0.6116252,1.1935136020183563,1.0,0.014868378639221191
tess2019226182529,confirmed_planet,,0.56952465,1.029850548133254,1.0,0.0545993447303772
tess2022217014003,confirmed_planet,,0.5989446,1.2579443454742432,1.0,0.0
tess2019226182529,confirmed_planet,,0.5718697,1.112430326640606,1.0,0.01565450429916382
tess2019226182529,confirmed_planet,,0.6011533,1.197697013616562,1.0,0.0023047924041748047
tess2024249191853,confirmed_planet,,0.55519503,1.3849560022354126,1.0,0.0
tess2024223182411,confirmed_planet,,0.59126,1.2233532965183258,1.0,0.0
tess2024223182411,confirmed_planet,,0.61381435,1.1634590178728104,1.0,0.03208482265472412
tess2024030031500,confirmed_planet,,0.6035373,1.16734179854393,1.0,0.01986640691757202
tess2024223182411,confirmed_planet,,0.5917685,1.1514452397823334,1.0,0.016045868396759033
tess2024170053053,confirmed_planet,,0.589301,1.308990240097046,1.0,0.0
tess2021204101404,confirmed_planet,,0.5900068,1.43330779671669,1.0,0.0
tess2024003055635,confirmed_planet,,0.572251,1.1907262355089188,1.0,0.0
tess2021175071901,confirmed_planet,,0.5907373,1.330333560705185,1.0,0.0
tess2019198215352,confirmed_planet,,0.38338733,1.1007359325885773,0.9337552785873413,0.0
tess2021175071901,confirmed_planet,,0.56307083,0.976899042725563,1.0,0.07462131977081299
tess2024249191853,confirmed_planet,,0.58784366,1.2863374948501587,1.0,0.0
tess2024170053053,confirmed_planet,,0.5233892,1.308342158794403,1.0,0.0
tess2024003055635,confirmed_planet,,0.6031599,1.2599361538887024,1.0,0.0
tess2024223182411,confirmed_planet,,0.59730226,1.27229705452919,1.0,0.0
tess2024003055635,confirmed_planet,,0.5488009,1.4219251871109009,1.0,0.0
tess2024196212429,confirmed_planet,,0.5842114,1.0998918265104294,1.0,0.03426551818847656
tess2024223182411,confirmed_planet,,0.5609211,1.2864587008953094,1.0,0.0
tess2022164095748,confirmed_planet,,0.5394504,1.1533965170383453,1.0,0.0
tess2024223182411,confirmed_planet,,0.6080934,1.360876441001892,1.0,0.0
tess2024223182411,confirmed_planet,,0.5816805,0.8795165941119194,1.0,0.14192217588424683
tess2024223182411,confirmed_planet,,0.60217005,1.3101447522640228,1.0,0.0
tess2024249191853,confirmed_planet,,0.5670408,1.3068090379238129,1.0,0.0
tess2024030031500,confirmed_planet,,0.57013476,1.5141258239746094,1.0,0.0
tess2024058030222,confirmed_planet,,0.56798244,1.1340862065553665,1.0,0.0009393095970153809
tess2024196212429,confirmed_planet,,0.6074129,1.2724055051803589,1.0,0.0
tess2024030031500,confirmed_planet,,0.57127655,1.2818847596645355,1.0,0.0
tess2024196212429,confirmed_planet,,0.60759544,1.2188639044761658,1.0,0.0
tess2024223182411,confirmed_planet,,0.45504612,1.1987411826848984,1.0,0.0
tess2024223182411,confirmed_planet,,0.59312433,1.288135677576065,1.0,0.0
tess2024223182411,confirmed_planet,,0.58913004,1.2834584712982178,1.0,0.0
tess2024003055635,confirmed_planet,,0.58259,1.2187313437461853,1.0,0.0
tess2024223182411,confirmed_planet,,0.59492344,1.3059464395046234,1.0,0.0
tess2024170053053,confirmed_planet,,0.55943084,1.3718629479408264,1.0,0.0
tess2024196212429,confirmed_planet,,0.6073225,1.4142554700374603,1.0,0.0
tess2024003055635,confirmed_planet,,0.5595983,1.1605019569396973,1.0,0.0
tess2022164095748,confirmed_planet,,0.5511776,1.096617303788662,1.0,0.002868950366973877
tess2022190063128,confirmed_planet,,0.59496903,1.2121301889419556,1.0,0.0
tess2021204101404,confirmed_planet,,0.56146973,1.2413193583488464,1.0,0.0
tess2024196212429,confirmed_planet,,0.62666094,1.1371003836393356,1.0,0.05811077356338501
tess2024196212429,confirmed_planet,,0.59325355,1.0771130993962288,1.0,0.05469697713851929
tess2024170053053,confirmed_planet,,0.5647316,1.0285883657634258,1.0,0.05043739080429077
tess2024030031500,confirmed_planet,,0.5552715,1.2050312459468842,1.0,0.0
tess2024003055635,confirmed_planet,,0.5644307,1.0685259997844696,1.0,0.030167698860168457
tess2021204101404,confirmed_planet,,0.5584526,1.1482628136873245,1.0,0.0
tess2024030031500,confirmed_planet,,0.58956283,1.4382068514823914,1.0,0.0
tess2024196212429,confirmed_planet,,0.6073492,1.3858588337898254,1.0,0.0
tess2022164095748,confirmed_planet,,0.57237536,1.297380805015564,1.0,0.0
tess2024249191853,confirmed_planet,,0.60003114,1.0655690133571625,1.0,0.06724661588668823
tess2024003055635,confirmed_planet,,0.59104115,1.124833159148693,1.0,0.02862459421157837
tess2021175071901,confirmed_planet,,0.37013292,1.2418895810842514,0.991077721118927,0.0
tess2021204101404,confirmed_planet,,0.57462627,1.1458685845136642,1.0,0.0016919970512390137
tess2024223182411,confirmed_planet,,0.57726884,1.2834942936897278,1.0,0.0
tess2024030031500,confirmed_planet,,0.57645524,1.2985157370567322,1.0,0.0
tess2024003055635,confirmed_planet,,0.6021326,1.2790234982967377,1.0,0.0
tess2024196212429,confirmed_planet,,0.5528115,0.9766772519797087,1.0,0.06447288393974304
tess2024196212429,confirmed_planet,,0.61568266,1.2985149919986725,1.0,0.0
tess2024223182411,confirmed_planet,,0.60922873,1.2196855396032333,1.0,0.0
tess2021204101404,confirmed_planet,,0.56146586,1.1381530314683914,1.0,0.0
tess2024223182411,confirmed_planet,,0.59541416,1.3180465996265411,1.0,0.0
tess2024030031500,confirmed_planet,,0.55792224,1.0742342174053192,1.0,0.02080512046813965
tess2024170053053,confirmed_planet,,0.55169237,1.2561829686164856,1.0,0.0
tess2024196212429,confirmed_planet,,0.5948814,1.1247012540698051,1.0,0.032530784606933594
tess2024223182411,confirmed_planet,,0.6004981,1.4050881266593933,1.0,0.0
tess2024223182411,confirmed_planet,,0.5951224,1.2880309224128723,1.0,0.0
tess2024030031500,confirmed_planet,,0.6032088,1.4624232649803162,1.0,0.0
tess2024030031500,confirmed_planet,,0.5104845,1.1083282455801964,1.0,0.0
tess2022164095748,confirmed_planet,,0.61912996,1.1120232343673706,1.0,0.0631183385848999
tess2022217014003,confirmed_planet,,0.5853751,1.068485140800476,1.0,0.05113250017166138
tess2022217014003,confirmed_planet,,0.5948793,1.1822652220726013,1.0,0.0037466883659362793
tess2024223182411,confirmed_planet,,0.6056613,1.1910869181156158,1.0,0.010117828845977783
tess2022190063128,confirmed_planet,,0.5866644,1.372606784105301,1.0,0.0
tess2024058030222,confirmed_planet,,0.56966704,1.270352691411972,1.0,0.0
tess2024196212429,confirmed_planet,,0.6009145,1.2772147953510284,1.0,0.0
tess2024170053053,confirmed_planet,,0.631043,1.4771379232406616,1.0,0.0
tess2024003055635,confirmed_planet,,0.59736824,1.139938697218895,1.0,0.027398884296417236
tess2024030031500,confirmed_planet,,0.60226357,1.1757153868675232,1.0,0.01440584659576416
tess2024170053053,confirmed_planet,,0.5766331,1.2231665551662445,1.0,0.0
tess2021175071901,confirmed_planet,,0.5810247,1.1674404740333557,1.0,0.0
tess2022217014003,confirmed_planet,,0.5888793,1.3584263920783997,1.0,0.0
tess2021175071901,confirmed_planet,,0.3673918,1.3395812809467316,1.0,0.0
tess2024003055635,confirmed_planet,,0.5713968,1.1731898933649063,1.0,0.0
tess2024196212429,confirmed_planet,,0.6042529,1.3431028723716736,1.0,0.0
tess2021175071901,confirmed_planet,,0.6136617,1.224339485168457,1.0,0.0014919638633728027
tess2024223182411,confirmed_planet,,0.62090826,1.3047438263893127,1.0,0.0
tess2021204101404,confirmed_planet,,0.58151275,1.2465692907571793,1.0,0.0
tess2024196212429,confirmed_planet,,0.59392774,1.2915708124637604,1.0,0.0
tess2024003055635,confirmed_planet,,0.47171363,1.4509823024272919,1.0,0.0
tess2024003055635,confirmed_planet,,0.4910886,1.3883222937583923,1.0,0.0
tess2024196212429,confirmed_planet,,0.6022211,1.2566412687301636,1.0,0.0
tess2024030031500,confirmed_planet,,0.56530213,1.1843848526477814,1.0,0.0
tess2024196212429,confirmed_planet,,0.6233473,1.1777477860450745,1.0,0.034473419189453125
tess2024170053053,confirmed_planet,,0.5274313,1.4092532396316528,1.0,0.0
tess2024196212429,confirmed_planet,,0.58314365,1.4566450119018555,1.0,0.0
tess2022164095748,confirmed_planet,,0.5577827,1.0409952029585838,1.0,0.03728508949279785
tess2024196212429,confirmed_planet,,0.6235082,1.1353713423013687,1.0,0.055822551250457764
tess2024196212429,confirmed_planet,,0.6022833,1.2511800825595856,1.0,0.0
tess2024196212429,confirmed_planet,,0.6108061,1.2421929091215134,1.0,0.0
tess2024196212429,confirmed_planet,,0.50707734,1.3074474036693573,1.0,0.0
tess2024223182411,confirmed_planet,,0.56404305,1.249485358595848,1.0,0.0
tess2024003055635,confirmed_planet,,0.5989893,1.1037123277783394,1.0,0.04713314771652222
tess2022164095748,confirmed_planet,,0.6034723,1.3035292327404022,1.0,0.0
tess2024196212429,confirmed_planet,,0.61935693,1.112681359052658,1.0,0.06301623582839966
tess2024196212429,confirmed_planet,,0.61990154,1.3290363252162933,1.0,0.0
tess2022164095748,confirmed_planet,,0.58027667,1.2655518651008606,1.0,0.0
tess2022217014003,confirmed_planet,,0.5927505,1.0908015966415405,1.0,0.04734969139099121
tess2022217014003,confirmed_planet,,0.5693933,1.1245806962251663,1.0,0.007102906703948975
tess2024249191853,confirmed_planet,,0.5802741,1.423389881849289,1.0,0.0
tess2024030031500,confirmed_planet,,0.61037296,1.218364179134369,1.0,0.0011908411979675293
tess2024003055635,confirmed_planet,,0.5808249,1.0116629265248775,1.0,0.07499343156814575
tess2024003055635,confirmed_planet,,0.5747027,1.194990336894989,1.0,0.0
tess2024003055635,confirmed_planet,,0.4586183,1.2924949526786804,1.0,0.0
tess2024196212429,confirmed_planet,,0.6080793,1.4419070780277252,1.0,0.0
tess2022190063128,confirmed_planet,,0.5828535,1.2812431454658508,1.0,0.0
tess2024196212429,confirmed_planet,,0.6548443,1.0637309774756432,1.0,0.1229788064956665
tess2024249191853,confirmed_planet,,0.58067304,1.312065750360489,1.0,0.0
tess2024030031500,confirmed_planet,,0.5587487,1.2516407668590546,1.0,0.0
tess2024003055635,confirmed_planet,,0.59355086,1.3326326310634613,1.0,0.0
tess2024223182411,confirmed_planet,,0.58957195,1.3805840611457825,1.0,0.0
tess2024223182411,confirmed_planet,,0.575371,1.2232208251953125,1.0,0.0
tess2024223182411,confirmed_planet,,0.58985794,1.1153151243925095,1.0,0.032200396060943604
tess2024030031500,confirmed_planet,,0.6226006,1.1943279653787613,1.0,0.0254366397857666
tess2022244194134,confirmed_planet,,0.5855133,1.1971351653337479,1.0,0.0
tess2024003055635,confirmed_planet,,0.452831,1.2012706995010376,1.0,0.0
tess2024196212429,confirmed_planet,,0.603037,1.1136394292116165,1.0,0.046217262744903564
tess2024196212429,confirmed_planet,,0.55031925,1.0811425670981407,1.0,0.009747982025146484
tess2024196212429,confirmed_planet,,0.59401786,1.3245635330677032,1.0,0.0
tess2024223182411,confirmed_planet,,0.5600616,1.2061826884746552,1.0,0.0
tess2024196212429,confirmed_planet,,0.6160624,1.2550477981567383,1.0,0.0
tess2022190063128,confirmed_planet,,0.6009573,1.0651495531201363,1.0,0.06838250160217285
tess2024003055635,confirmed_planet,,0.6159697,1.3025622367858887,1.0,0.0
tess2022217014003,confirmed_planet,,0.5988581,1.2679610550403595,1.0,0.0
tess2024170053053,confirmed_planet,,0.6171016,1.3483746647834778,1.0,0.0
tess2024170053053,confirmed_planet,,0.5194763,1.3471993803977966,1.0,0.0
tess2024030031500,confirmed_planet,,0.5449258,1.1133855432271957,1.0,0.0
tess2023341045131,confirmed_planet,,0.5638634,1.279168576002121,1.0,0.0
tess2024170053053,confirmed_planet,,0.55426556,1.3615865409374237,1.0,0.0
tess2024196212429,confirmed_planet,,0.48290962,1.2565220594406128,1.0,0.0
tess2024030031500,confirmed_planet,,0.59871906,1.280816227197647,1.0,0.0
tess2024003055635,confirmed_planet,,0.56090873,1.0791460946202278,1.0,0.0213356614112854
tess2022217014003,confirmed_planet,,0.615889,1.453888088464737,1.0,0.0
tess2024223182411,confirmed_planet,,0.573844,1.0926175117492676,1.0,0.02753525972366333
tess2024170053053,confirmed_planet,,0.57275206,1.2026501893997192,1.0,0.0
tess2024030031500,confirmed_planet,,0.5738816,1.3534738421440125,1.0,0.0
tess2021175071901,confirmed_planet,,0.5860978,1.1853747367858887,1.0,0.0
tess2024196212429,confirmed_planet,,0.5866425,1.233762040734291,1.0,0.0
tess2022217014003,confirmed_planet,,0.58269465,1.3405407071113586,1.0,0.0
tess2024170053053,confirmed_planet,,0.55871415,1.5121297240257263,1.0,0.0
tess2024003055635,confirmed_planet,,0.6155833,1.1893948167562485,1.0,0.020885884761810303
tess2024196212429,confirmed_planet,,0.6026158,1.2132665067911148,1.0,0.0
tess2024223182411,confirmed_planet,,0.5956527,1.2099689543247223,1.0,0.0
tess2024223182411,confirmed_planet,,0.600845,1.2477549761533737,1.0,0.0
tess2021175071901,confirmed_planet,,0.5510696,1.1961632519960403,1.0,0.0
tess2024058030222,confirmed_planet,,0.5744821,1.2766840159893036,1.0,0.0
tess2024196212429,confirmed_planet,,0.61617815,1.313631296157837,1.0,0.0
tess2019198215352,confirmed_planet,,0.5845762,1.2851954698562622,1.0,0.0
tess2024058030222,confirmed_planet,,0.57311136,1.109173834323883,1.0,0.018524467945098877
tess2024223182411,confirmed_planet,,0.6053115,1.144848257303238,1.0,0.032887399196624756
tess2024223182411,confirmed_planet,,0.5733328,1.0918585434556007,1.0,0.027403533458709717
tess2024196212429,confirmed_planet,,0.5976669,1.2258060425519943,1.0,0.0
tess2024223182411,confirmed_planet,,0.6051726,1.3901924192905426,1.0,0.0
tess2024003055635,confirmed_planet,,0.5617237,1.1446936130523682,1.0,0.0
tess2024196212429,confirmed_planet,,0.582506,1.3792473673820496,1.0,0.0
tess2024058030222,confirmed_planet,,0.57316846,1.3601762056350708,1.0,0.0
tess2024223182411,confirmed_planet,,0.6026126,1.5098807215690613,1.0,0.0
tess2024003055635,confirmed_planet,,0.6043132,1.3638838231563568,1.0,0.0
tess2022164095748,confirmed_planet,,0.44097096,1.3580082952976227,1.0,0.0
tess2024170053053,confirmed_planet,,0.56469256,1.282477080821991,1.0,0.0
tess2024003055635,confirmed_planet,,0.57659096,1.0830230191349983,1.0,0.03507941961288452
tess2024003055635,confirmed_planet,,0.4727271,1.2736117541790009,1.0,0.0
tess2024196212429,confirmed_planet,,0.5916944,1.093043752014637,1.0,0.04517251253128052
tess2024003055635,confirmed_planet,,0.42156565,1.189504712820053,1.0,0.0
tess2024223182411,confirmed_planet,,0.5904136,1.457104206085205,1.0,0.0
tess2022164095748,confirmed_planet,,0.60101956,1.1057657077908516,1.0,0.04813671112060547
tess2024196212429,confirmed_planet,,0.5826579,1.1636414676904678,1.0,0.0008371472358703613
tess2024030031500,confirmed_planet,,0.606146,1.3629277646541595,1.0,0.0
tess2024196212429,confirmed_planet,,0.60614735,1.124474659562111,1.0,0.04391002655029297
tess2024030031500,confirmed_planet,,0.5827083,1.207430586218834,1.0,0.0
tess2024170053053,confirmed_planet,,0.5643395,1.2607477903366089,1.0,0.0
tess2024196212429,confirmed_planet,,0.6051633,1.2645414173603058,1.0,0.0
tess2021175071901,confirmed_planet,,0.58906275,1.338589370250702,1.0,0.0
tess2024223182411,confirmed_planet,,0.6192539,1.2134611010551453,1.0,0.012523293495178223
tess2024030031500,confirmed_planet,,0.55906504,1.1437100768089294,1.0,0.0
tess2024196212429,confirmed_planet,,0.5740331,1.2922553718090057,1.0,0.0
tess2024170053053,confirmed_planet,,0.58381987,1.07675339281559,1.0,0.045443177223205566
tess2024030031500,confirmed_planet,,0.5399471,1.2914227545261383,1.0,0.0
tess2024030031500,confirmed_planet,,0.57788724,1.269365817308426,1.0,0.0
tess2024223182411,confirmed_planet,,0.6007547,1.1446117758750916,1.0,0.028448760509490967
tess2024223182411,confirmed_planet,,0.5983455,1.270256668329239,1.0,0.0
tess2021175071901,confirmed_planet,,0.57337445,1.480000078678131,1.0,0.0
tess2024170053053,confirmed_planet,,0.5732982,1.2478178292512894,1.0,0.0
tess2024030031500,confirmed_planet,,0.60491157,1.1392759829759598,1.0,0.03527355194091797
tess2022190063128,confirmed_planet,,0.56593055,1.3356565237045288,1.0,0.0
tess2021175071901,confirmed_planet,,0.49523896,1.4447996616363525,1.0,0.0
tess2024170053053,confirmed_planet,,0.5768309,1.300925225019455,1.0,0.0
tess2024196212429,confirmed_planet,,0.62002647,1.018532620742917,1.0,0.1107601523399353
tess2024170053053,confirmed_planet,,0.62776583,1.3013878464698792,1.0,0.0
tess2024003055635,confirmed_planet,,0.5975555,1.289845585823059,1.0,0.0
tess2024003055635,confirmed_planet,,0.61053604,1.077980138361454,1.0,0.07154595851898193
tess2024170053053,confirmed_planet,,0.5858046,0.9940602192655206,1.0,0.08877447247505188
tess2024003055635,confirmed_planet,,0.6061131,1.0877167284488678,1.0,0.06225472688674927
tess2024170053053,confirmed_planet,,0.5368236,1.2751851379871368,1.0,0.0
tess2024196212429,confirmed_planet,,0.5784818,1.4666343927383423,1.0,0.0
tess2024170053053,confirmed_planet,,0.5797957,1.0886954590678215,1.0,0.03544801473617554
tess2024223182411,confirmed_planet,,0.5857569,1.457905113697052,1.0,0.0
tess2024196212429,confirmed_planet,,0.5937966,1.2815324068069458,1.0,0.0
tess2024030031500,confirmed_planet,,0.5772363,1.1568040400743484,1.0,0.0
tess2022190063128,confirmed_planet,,0.57747537,1.0571797229349613,1.0,0.0488855242729187
tess2024196212429,confirmed_planet,,0.5887763,1.1858949810266495,1.0,0.0
tess2021204101404,confirmed_planet,,0.5692488,1.0189784932881594,1.0,0.059759557247161865
tess2024196212429,confirmed_planet,,0.5928868,1.387522667646408,1.0,0.0
tess2024196212429,confirmed_planet,,0.6429632,1.362265259027481,1.0,0.0
tess2023341045131,confirmed_planet,,0.56509024,1.2758564352989197,1.0,0.0
tess2024196212429,confirmed_planet,,0.6023278,1.1887445598840714,1.0,0.007955551147460938
tess2021175071901,confirmed_planet,,0.5768319,1.3371523916721344,1.0,0.0
tess2024196212429,confirmed_planet,,0.59978515,1.3622247576713562,1.0,0.0
tess2024223182411,confirmed_planet,,0.59263504,1.299541860818863,1.0,0.0
tess2019226182529,confirmed_planet,,0.5739874,1.176636964082718,1.0,0.0
tess2024249191853,confirmed_planet,,0.45190305,1.1407309025526047,1.0,0.0
tess2022164095748,confirmed_planet,,0.60137594,1.392944484949112,1.0,0.0
tess2024196212429,confirmed_planet,,0.7221628,1.1707787811756134,1.0,0.13677340745925903
tess2024003055635,confirmed_planet,,0.58782214,1.181786209344864,1.0,0.0
tess2024196212429,confirmed_planet,,0.14951873,1.234450787305832,0.7667441368103027,0.0
tess2024196212429,confirmed_planet,,0.61823684,1.2937898933887482,1.0,0.0
tess2024196212429,confirmed_planet,,0.5791695,1.265919178724289,1.0,0.0
tess2024196212429,confirmed_planet,,0.62348586,1.1992506831884384,1.0,0.023860514163970947
tess2022164095748,confirmed_planet,,0.5963134,1.18495412170887,1.0,0.003836333751678467
tess2020160202036,confirmed_planet,,0.5129953,1.1430768370628357,1.0,0.0
tess2024170053053,confirmed_planet,,0.56861603,1.3798407316207886,1.0,0.0
tess2024030031500,confirmed_planet,,0.59784615,0.9394057132303715,1.0,0.1281432807445526
tess2024196212429,confirmed_planet,,0.6037181,1.2134409546852112,1.0,0.0
tess2022190063128,confirmed_planet,,0.5684332,1.2931295931339264,1.0,0.0
tess2022190063128,confirmed_planet,,0.5563926,1.1564916223287582,1.0,0.0
tess2024003055635,confirmed_planet,,0.57782066,1.1791495233774185,1.0,0.0
tess2024003055635,confirmed_planet,,0.5709042,1.1584706604480743,1.0,0.0
tess2024030031500,confirmed_planet,,0.6117666,1.4644930958747864,1.0,0.0
tess2024030031500,confirmed_planet,,0.5809703,1.3051534593105316,1.0,0.0
tess2024196212429,confirmed_planet,,0.5702693,1.3574348390102386,1.0,0.0
tess2024196212429,confirmed_planet,,0.61119163,1.161211684346199,1.0,0.030585765838623047
tess2024196212429,confirmed_planet,,0.60348946,1.4183021783828735,1.0,0.0
tess2024223182411,confirmed_planet,,0.6033888,1.2135330885648727,1.0,0.0
tess2024223182411,confirmed_planet,,0.6507031,1.164769008755684,1.0,0.06831854581832886
tess2022164095748,confirmed_planet,,0.5619012,1.0618719421327114,1.0,0.03096526861190796
tess2024003055635,confirmed_planet,,0.41698793,1.2333310842514038,1.0,0.0
tess2024170053053,confirmed_planet,,0.58595604,1.1540574729442596,1.0,0.00892728567123413
tess2024223182411,confirmed_planet,,0.5867963,1.3072454929351807,1.0,0.0
tess2024223182411,confirmed_planet,,0.5749181,1.3847307860851288,1.0,0.0
tess2024223182411,confirmed_planet,,0.6024391,1.1239600852131844,1.0,0.0404590368270874
tess2024223182411,confirmed_planet,,0.5983672,1.1331865340471268,1.0,0.031773924827575684
tess2021204101404,confirmed_planet,,0.587196,1.3469324707984924,1.0,0.0
tess2024003055635,confirmed_planet,,0.4878326,1.34331676363945,1.0,0.0
tess2024223182411,confirmed_planet,,0.6084263,1.4030369520187378,1.0,0.0
tess2024196212429,confirmed_planet,,0.62721074,1.1515739560127258,1.0,0.05142378807067871
tess2024223182411,confirmed_planet,,0.60950035,1.3906904757022858,1.0,0.0
tess2024003055635,confirmed_planet,,0.5028436,1.3038200736045837,1.0,0.0
tess2019198215352,confirmed_planet,,0.5102429,1.4117761254310608,1.0,0.0
tess2024196212429,confirmed_planet,,0.5801669,1.0351255871355534,1.0,0.06260406970977783
tess2024196212429,confirmed_planet,,0.6009079,1.0087251039221883,1.0,0.09654539823532104
tess2024196212429,confirmed_planet,,0.5790286,1.354876548051834,1.0,0.0
tess2022190063128,confirmed_planet,,0.5845346,1.124669685959816,1.0,0.02219974994659424
tess2021175071901,confirmed_planet,,0.55600816,1.2481424063444138,1.0,0.0
tess2024223182411,confirmed_planet,,0.6159592,1.2855843305587769,1.0,0.0
tess2024030031500,confirmed_planet,,0.58105093,1.265883594751358,1.0,0.0
tess2024223182411,confirmed_planet,,0.58466154,1.0738546624779701,1.0,0.047734200954437256
tess2022190063128,confirmed_planet,,0.57507306,1.3143366575241089,1.0,0.0
tess2022190063128,confirmed_planet,,0.54920167,1.2535220980644226,1.0,0.0
tess2024030031500,confirmed_planet,,0.5568716,1.24708291888237,1.0,0.0
tess2024223182411,confirmed_planet,,0.6140695,1.2122713029384613,1.0,0.007933855056762695
tess2024170053053,confirmed_planet,,0.5771286,1.6209990978240967,1.0,0.0
tess2024196212429,confirmed_planet,,0.44877905,1.0613557435572147,0.979456901550293,0.0
tess2021204101404,confirmed_planet,,0.48047414,1.399533450603485,1.0,0.0
tess2024196212429,confirmed_planet,,0.5794388,1.2498393803834915,1.0,0.0
tess2024030031500,confirmed_planet,,0.56148374,1.4177995324134827,1.0,0.0
tess2024196212429,confirmed_planet,,0.5830478,1.2311875820159912,1.0,0.0
tess2024196212429,confirmed_planet,,0.5872248,1.2245525568723679,1.0,0.0
tess2024223182411,confirmed_planet,,0.559756,1.1110493391752243,1.0,0.0042313337326049805
tess2024223182411,confirmed_planet,,0.5843397,1.2304413467645645,1.0,0.0
tess2024170053053,confirmed_planet,,0.38768995,1.2728769183158875,1.0,0.0
tess2024170053053,confirmed_planet,,0.55914706,1.3382210433483124,1.0,0.0
tess2022190063128,confirmed_planet,,0.58077973,1.1516329497098923,1.0,0.004963278770446777
tess2024196212429,confirmed_planet,,0.6178593,1.1134433522820473,1.0,0.061137616634368896
tess2024223182411,confirmed_planet,,0.56151944,1.4186702370643616,1.0,0.0
tess2024196212429,confirmed_planet,,0.594101,1.3314774930477142,1.0,0.0
tess2024170053053,confirmed_planet,,0.5583176,1.2308205366134644,1.0,0.0
tess2024196212429,confirmed_planet,,0.5950002,1.0988515987992287,1.0,0.04557442665100098
tess2024170053053,confirmed_planet,,0.5293105,1.4446597397327423,1.0,0.0
tess2024223182411,confirmed_planet,,0.58105844,1.1734250634908676,1.0,0.0
tess2024003055635,confirmed_planet,,0.5882125,1.1990306079387665,1.0,0.0
tess2024196212429,confirmed_planet,,0.60756284,1.2273329198360443,1.0,0.0
tess2024003055635,confirmed_planet,,0.41203102,1.1805405467748642,1.0,0.0
tess2024030031500,confirmed_planet,,0.5725993,1.1697020530700684,1.0,0.0
tess2024003055635,confirmed_planet,,0.6403739,1.1603281944990158,1.0,0.060209810733795166
tess2022190063128,confirmed_planet,,0.36007178,1.35956671833992,1.0,0.0
tess2024223182411,confirmed_planet,,0.57699746,1.2911039292812347,1.0,0.0
tess2021204101404,confirmed_planet,,0.5670898,1.1549933105707169,1.0,0.0
tess2024196212429,confirmed_planet,,0.5876007,1.167126402258873,1.0,0.00403749942779541
tess2024003055635,confirmed_planet,,0.5885728,0.974260725080967,1.0,0.10144242644309998
tess2024223182411,confirmed_planet,,0.5697359,0.9945447291247547,1.0,0.0724635124206543
tess2024196212429,confirmed_planet,,0.5999672,1.3350521922111511,1.0,0.0
tess2022164095748,confirmed_planet,,0.6136223,1.292887419462204,1.0,0.0
tess2024170053053,confirmed_planet,,0.5506223,1.2161442190408707,1.0,0.0
tess2024170053053,confirmed_planet,,0.58970994,1.2069451361894608,1.0,0.0
tess2024196212429,confirmed_planet,,0.6007878,1.3248320817947388,1.0,0.0
tess2021175071901,confirmed_planet,,0.57616967,1.2494233697652817,1.0,0.0
tess2022164095748,confirmed_planet,,0.6080989,1.4909734427928925,1.0,0.0
tess2024196212429,confirmed_planet,,0.6066804,1.43681138753891,1.0,0.0
tess2024223182411,confirmed_planet,,0.5867382,1.2639294564723969,1.0,0.0
tess2024003055635,confirmed_planet,,0.58132166,1.2614504992961884,1.0,0.0
tess2024030031500,confirmed_planet,,0.5581312,1.0846169367432594,1.0,0.015822768211364746
tess2022164095748,confirmed_planet,,0.5943076,1.2333953976631165,1.0,0.0
tess2024223182411,confirmed_planet,,0.5996217,1.2585066258907318,1.0,0.0
tess2024223182411,confirmed_planet,,0.59828466,1.342071384191513,1.0,0.0
tess2024170053053,confirmed_planet,,0.54132307,1.485645055770874,1.0,0.0
tess2022217014003,confirmed_planet,,0.56523067,1.2328516840934753,1.0,0.0
tess2024030031500,confirmed_planet,,0.5632311,1.0448826290667057,1.0,0.040789783000946045
tess2021204101404,confirmed_planet,,0.5809714,1.1848307698965073,1.0,0.0
tess2021204101404,confirmed_planet,,0.52361864,1.3542995154857635,1.0,0.0
tess2024030031500,confirmed_planet,,0.5625811,1.3952713012695312,1.0,0.0
tess2024223182411,confirmed_planet,,0.58829546,1.3294688761234283,1.0,0.0
tess2024170053053,confirmed_planet,,0.5642374,1.0628064945340157,1.0,0.03283417224884033
tess2024196212429,confirmed_planet,,0.5981503,1.1132119446992874,1.0,0.041544318199157715
tess2024030031500,confirmed_planet,,0.5619568,1.4106045365333557,1.0,0.0
tess2024003055635,confirmed_planet,,0.5691673,1.4656453430652618,1.0,0.0
tess2024196212429,confirmed_planet,,0.58888656,1.2683657705783844,1.0,0.0
tess2022190063128,confirmed_planet,,0.5355335,1.1156720742583275,1.0,0.0
tess2024223182411,confirmed_planet,,0.60641885,1.0217268653213978,1.0,0.09555542469024658
tess2024003055635,confirmed_planet,,0.582247,1.5762920379638672,1.0,0.0
tess2024170053053,confirmed_planet,,0.5786863,1.303293228149414,1.0,0.0
tess2024223182411,confirmed_planet,,0.5734652,1.4618052542209625,1.0,0.0
tess2024003055635,confirmed_planet,,0.56513184,1.2563005089759827,1.0,0.0
tess2024223182411,confirmed_planet,,0.58448553,1.3141047656536102,1.0,0.0
tess2024223182411,confirmed_planet,,0.60533947,1.3428276777267456,1.0,0.0
tess2024058030222,confirmed_planet,,0.55890787,1.4194932579994202,1.0,0.0
tess2024030031500,confirmed_planet,,0.588004,1.2716631293296814,1.0,0.0
tess2021204101404,confirmed_planet,,0.5883317,1.262602984905243,1.0,0.0
tess2024196212429,confirmed_planet,,0.6038038,1.244227573275566,1.0,0.0
tess2024249191853,confirmed_planet,,0.59512705,1.3289554417133331,1.0,0.0
tess2024030031500,confirmed_planet,,0.562873,1.2407293319702148,1.0,0.0
tess2022217014003,confirmed_planet,,0.6029697,1.395810753107071,1.0,0.0
tess2024030031500,confirmed_planet,,0.59407246,1.1508728712797165,1.0,0.018636047840118408
tess2024196212429,confirmed_planet,,0.5486649,1.2260245978832245,1.0,0.0
tess2024196212429,confirmed_planet,,0.61195076,1.4223686754703522,1.0,0.0
tess2024030031500,confirmed_planet,,0.6263467,1.1540898382663727,1.0,0.04930180311203003
tess2022190063128,confirmed_planet,,0.56390744,1.2882573306560516,1.0,0.0
tess2021175071901,confirmed_planet,,0.5753159,1.3179101943969727,1.0,0.0
tess2024196212429,confirmed_planet,,0.58928967,1.3460123240947723,1.0,0.0
tess2024030031500,confirmed_planet,,0.5694447,1.1678786128759384,1.0,0.0
tess2021175071901,confirmed_planet,,0.5758622,1.291308581829071,1.0,0.0
tess2022217014003,confirmed_planet,,0.5632621,1.0955709964036942,1.0,0.015476584434509277
tess2024003055635,confirmed_planet,,0.563602,1.369396597146988,1.0,0.0
tess2024223182411,confirmed_planet,,0.5970239,1.2061915397644043,1.0,0.0
tess2024223182411,confirmed_planet,,0.5907146,1.3900820016860962,1.0,0.0
tess2024030031500,confirmed_planet,,0.58694935,1.3542770743370056,1.0,0.0
tess2024196212429,confirmed_planet,,0.545603,1.2643045783042908,1.0,0.0
tess2024003055635,confirmed_planet,,0.58160496,1.2420680671930313,1.0,0.0
tess2024003055635,confirmed_planet,,0.5901757,1.1721911877393723,1.0,0.0040801167488098145
tess2024170053053,confirmed_planet,,0.542263,1.1681744009256363,1.0,0.0
tess2024170053053,confirmed_planet,,0.5732521,1.1812581270933151,1.0,0.0
tess2024196212429,confirmed_planet,,0.5872964,1.2551067173480988,1.0,0.0
tess2024030031500,confirmed_planet,,0.5738772,1.339868038892746,1.0,0.0
tess2024196212429,confirmed_planet,,0.5872178,1.4109881818294525,1.0,0.0
tess2024223182411,confirmed_planet,,0.60128313,1.5175448656082153,1.0,0.0
tess2024196212429,confirmed_planet,,0.5969422,1.2495092451572418,1.0,0.0
tess2024196212429,confirmed_planet,,0.6051854,1.1847044676542282,1.0,0.012833178043365479
tess2024003055635,confirmed_planet,,0.56943804,1.4361550211906433,1.0,0.0
tess2024196212429,confirmed_planet,,0.59816736,1.4466550946235657,1.0,0.0
tess2022190063128,confirmed_planet,,0.5741084,1.3648931682109833,1.0,0.0
tess2024196212429,confirmed_planet,,0.59051967,1.0580616630613804,1.0,0.0614888072013855
tess2022217014003,confirmed_planet,,0.57793295,1.269535481929779,1.0,0.0
tess2024196212429,confirmed_planet,,0.597267,1.09996397793293,1.0,0.04728496074676514
tess2024196212429,confirmed_planet,,0.59489363,1.4003131091594696,1.0,0.0
tess2024196212429,confirmed_planet,,0.6261779,1.3208642303943634,1.0,0.0
tess2021175071901,confirmed_planet,,0.44171694,1.2411000579595566,1.0,0.0
tess2024196212429,confirmed_planet,,0.44509444,1.0978933721780777,0.9940410852432251,0.0
tess2024003055635,confirmed_planet,,0.5877058,1.373498022556305,1.0,0.0
tess2024170053053,confirmed_planet,,0.5944132,1.4043887853622437,1.0,0.0
tess2022164095748,confirmed_planet,,0.59748006,1.5741681456565857,1.0,0.0
tess2024003055635,confirmed_planet,,0.5634487,1.3288850784301758,1.0,0.0
tess2021175071901,confirmed_planet,,0.618403,1.2583231627941132,1.0,0.0
tess2024170053053,confirmed_planet,,0.58458924,1.1597552746534348,1.0,0.004711627960205078
tess2024196212429,confirmed_planet,,0.6054818,0.9266778528690338,1.0,0.1421428918838501
tess2024030031500,confirmed_planet,,0.60548085,1.154563844203949,1.0,0.02819889783859253
tess2022217014003,confirmed_planet,,0.60081136,1.6356441974639893,1.0,0.0
tess2024170053053,confirmed_planet,,0.5127576,1.1901708990335464,1.0,0.0
tess2021175071901,confirmed_planet,,0.58725137,1.1964178532361984,1.0,0.0
tess2024170053053,confirmed_planet,,0.45316932,1.0674366354942322,0.9868876934051514,0.0
tess2021204101404,confirmed_planet,,0.5803211,1.239938497543335,1.0,0.0
tess2024223182411,confirmed_planet,,0.5823883,1.3037563860416412,1.0,0.0
tess2024003055635,confirmed_planet,,0.594728,1.1728630363941193,1.0,0.008296489715576172
tess2021204101404,confirmed_planet,,0.5795714,1.3273232281208038,1.0,0.0
tess2021175071901,confirmed_planet,,0.56508744,1.2135835886001587,1.0,0.0
tess2024223182411,confirmed_planet,,0.6137145,1.4236915707588196,1.0,0.0
tess2024223182411,confirmed_planet,,0.6063194,1.3576834797859192,1.0,0.0
tess2024003055635,confirmed_planet,,0.3706176,1.1946233063936234,0.9679292440414429,0.0
tess2024003055635,confirmed_planet,,0.5665619,1.2584367990493774,1.0,0.0
tess2024196212429,confirmed_planet,,0.542232,1.156273439526558,1.0,0.0
tess2021204101404,confirmed_planet,,0.509466,1.2748734652996063,1.0,0.0
tess2024196212429,confirmed_planet,,0.63021,1.2508475482463837,1.0,0.004786193370819092
tess2024030031500,confirmed_planet,,0.61139566,1.200569987297058,1.0,0.011110663414001465
tess2024030031500,confirmed_planet,,0.60796547,1.316464513540268,1.0,0.0
tess2024223182411,confirmed_planet,,0.60634226,1.2061010003089905,1.0,0.003291785717010498
tess2024003055635,confirmed_planet,,0.56667864,1.2517568469047546,1.0,0.0
tess2021175071901,confirmed_planet,,0.47735393,1.1894126534461975,1.0,0.0
tess2024223182411,confirmed_planet,,0.60814005,1.1897142380475998,1.0,0.013282954692840576
tess2021204101404,confirmed_planet,,0.582436,1.2097578793764114,1.0,0.0
tess2024196212429,confirmed_planet,,0.59577435,1.4040401875972748,1.0,0.0
tess2024223182411,confirmed_planet,,0.59656906,1.3640433847904205,1.0,0.0
tess2022190063128,confirmed_planet,,0.5675747,1.225766882300377,1.0,0.0
tess2024003055635,confirmed_planet,,0.57790005,1.291427731513977,1.0,0.0
tess2024170053053,confirmed_planet,,0.5887224,1.1948215961456299,1.0,0.0
tess2024030031500,confirmed_planet,,0.5819962,1.1183407604694366,1.0,0.02282583713531494
tess2022190063128,confirmed_planet,,0.58505964,1.0441485457122326,1.0,0.062985360622406
tess2024003055635,confirmed_planet,,0.5587375,1.2954471111297607,1.0,0.0
tess2024030031500,confirmed_planet,,0.61221886,1.2561389207839966,1.0,0.0
tess2024003055635,confirmed_planet,,0.55980736,1.1156964898109436,1.0,0.0019591450691223145
tess2024030031500,confirmed_planet,,0.5713485,1.1270771026611328,1.0,0.007809937000274658
tess2024223182411,confirmed_planet,,0.6006288,1.0469486974179745,1.0,0.07715445756912231
tess2024058030222,confirmed_planet,,0.57545865,1.1823683381080627,1.0,0.0
tess2024223182411,confirmed_planet,,0.4068583,1.2573629319667816,1.0,0.0
tess2024223182411,confirmed_planet,,0.5917275,1.3331448435783386,1.0,0.0
tess2021204101404,confirmed_planet,,0.5953815,1.2616732716560364,1.0,0.0
tess2024196212429,confirmed_planet,,0.6113875,1.2753986418247223,1.0,0.0
tess2021204101404,confirmed_planet,,0.5675413,1.0216248165816069,1.0,0.056728899478912354
tess2024003055635,confirmed_planet,,0.6031557,1.2821964621543884,1.0,0.0
tess2024003055635,confirmed_planet,,0.5731969,1.3534151017665863,1.0,0.0
tess2024249191853,confirmed_planet,,0.57985437,1.0841796696186066,1.0,0.037764549255371094
tess2020160202036,confirmed_planet,,0.51327926,1.1439454853534698,1.0,0.0
tess2024223182411,confirmed_planet,,0.47853783,1.3305708765983582,1.0,0.0
tess2024196212429,confirmed_planet,,0.597854,1.1742681860923767,1.0,0.010719895362854004
tess2021204101404,confirmed_planet,,0.5770354,1.3692021667957306,1.0,0.0
tess2024223182411,confirmed_planet,,0.59755546,1.2034946084022522,1.0,0.0
tess2024030031500,confirmed_planet,,0.59488565,1.1993597745895386,1.0,0.0
tess2021204101404,confirmed_planet,,0.5775992,1.1800514310598373,1.0,0.0
tess2024249191853,confirmed_planet,,0.5920312,1.3417749404907227,1.0,0.0
tess2024196212429,confirmed_planet,,0.57894015,1.2469522058963776,1.0,0.0
tess2022217014003,confirmed_planet,,0.6042197,1.3578560948371887,1.0,0.0
tess2024196212429,confirmed_planet,,0.5832078,1.2008752971887589,1.0,0.0
tess2024223182411,confirmed_planet,,0.40057835,1.2594726085662842,1.0,0.0
tess2021175071901,confirmed_planet,,0.5905412,1.4057603180408478,1.0,0.0
tess2024030031500,confirmed_planet,,0.58195513,1.426620900630951,1.0,0.0
tess2021175071901,confirmed_planet,,0.58640724,1.1062031984329224,1.0,0.03330564498901367
tess2022190063128,confirmed_planet,,0.58180434,0.967303641140461,1.0,0.0981525182723999
tess2024003055635,confirmed_planet,,0.58341914,1.384832888841629,1.0,0.0
tess2024003055635,confirmed_planet,,0.5757944,1.4037309288978577,1.0,0.0
tess2024223182411,confirmed_planet,,0.56664246,1.5605360269546509,1.0,0.0
tess2024223182411,confirmed_planet,,0.5223869,1.3021517097949982,1.0,0.0
tess2024170053053,confirmed_planet,,0.5731716,1.3250727653503418,1.0,0.0
tess2024030031500,confirmed_planet,,0.6017875,1.2209981083869934,1.0,0.0
tess2024196212429,confirmed_planet,,0.58830225,1.2000317424535751,1.0,0.0
tess2022190063128,confirmed_planet,,0.591478,1.0470024719834328,1.0,0.06797677278518677
tess2021204101404,confirmed_planet,,0.5298989,1.3578369915485382,1.0,0.0
tess2024170053053,confirmed_planet,,0.58917713,1.3494624197483063,1.0,0.0
tess2024003055635,confirmed_planet,,0.39355785,1.1859881430864334,0.9865519404411316,0.0
tess2022164095748,confirmed_planet,,0.65004534,1.2225365489721298,1.0,0.038777053356170654
tess2024030031500,confirmed_planet,,0.5811359,1.1131817921996117,1.0,0.024545013904571533
tess2024170053053,confirmed_planet,,0.5427671,1.339136153459549,1.0,0.0
tess2024223182411,confirmed_planet,,0.560215,1.0795665234327316,1.0,0.0204317569732666
tess2021204101404,confirmed_planet,,0.5972824,1.1558560580015182,1.0,0.019354403018951416
tess2024003055635,confirmed_planet,,0.5927024,1.4671548008918762,1.0,0.0
tess2024003055635,confirmed_planet,,0.5859905,1.087261326611042,1.0,0.04235982894897461
tess2024170053053,confirmed_planet,,0.5307616,1.2604536712169647,1.0,0.0
tess2024196212429,confirmed_planet,,0.6498662,1.1044688448309898,1.0,0.09763181209564209
tess2024223182411,confirmed_planet,,0.5548369,1.456576943397522,1.0,0.0
tess2024003055635,confirmed_planet,,0.54933065,1.3080958724021912,1.0,0.0
tess2024170053053,confirmed_planet,,0.56031483,1.4241201281547546,1.0,0.0
tess2024030031500,confirmed_planet,,0.62287945,1.502415418624878,1.0,0.0
tess2024196212429,confirmed_planet,,0.47810346,1.0873583927750587,1.0,0.0
tess2024196212429,confirmed_planet,,0.59513867,1.2951361238956451,1.0,0.0
tess2024196212429,confirmed_planet,,0.60446656,1.1795876175165176,1.0,0.01467275619506836
tess2021204101404,confirmed_planet,,0.5892431,1.4131507575511932,1.0,0.0
tess2024196212429,confirmed_planet,,0.5286942,1.4391878545284271,1.0,0.0
tess2024170053053,confirmed_planet,,0.57684,1.291740894317627,1.0,0.0
tess2022164095748,confirmed_planet,,0.58860254,1.3576282262802124,1.0,0.0
tess2024196212429,confirmed_planet,,0.5657255,1.1659806668758392,1.0,0.0
tess2024030031500,confirmed_planet,,0.58749694,1.0263849217444658,1.0,0.07430446147918701
tess2024030031500,confirmed_planet,,0.58880097,1.398647964000702,1.0,0.0
tess2021175071901,confirmed_planet,,0.63556755,1.3788385689258575,1.0,0.0
tess2024170053053,confirmed_planet,,0.55300975,1.1310870498418808,1.0,0.0
tess2024170053053,confirmed_planet,,0.5849777,1.1772689521312714,1.0,0.0
tess2024196212429,confirmed_planet,,0.6404255,1.054605845361948,1.0,0.11312258243560791
tess2024196212429,confirmed_planet,,0.59969616,1.1907998025417328,1.0,0.004296243190765381
tess2022164095748,confirmed_planet,,0.5360995,1.2435020059347153,1.0,0.0
tess2024170053053,confirmed_planet,,0.52251905,1.2317463159561157,1.0,0.0
tess2024170053053,confirmed_planet,,0.5713675,1.4896602034568787,1.0,0.0
tess2024003055635,confirmed_planet,,0.59634626,1.2980246841907501,1.0,0.0
tess2024196212429,confirmed_planet,,0.60766226,1.249255657196045,1.0,0.0
tess2024223182411,confirmed_planet,,0.5555374,1.331812173128128,1.0,0.0
tess2024196212429,confirmed_planet,,0.5881216,1.3112149238586426,1.0,0.0
tess2024196212429,confirmed_planet,,0.5806255,1.2368356138467789,1.0,0.0
tess2024223182411,confirmed_planet,,0.58897334,1.2047136723995209,1.0,0.0
tess2024223182411,confirmed_planet,,0.54218835,1.2845396399497986,1.0,0.0
tess2024196212429,confirmed_planet,,0.6236707,1.3505246341228485,1.0,0.0
tess2020160202036,confirmed_planet,,0.57794666,1.1959434896707535,1.0,0.0
tess2024030031500,confirmed_planet,,0.5741373,1.3279575407505035,1.0,0.0
tess2024170053053,confirmed_planet,,0.54031634,1.343893587589264,1.0,0.0
tess2024030031500,confirmed_planet,,0.57434744,1.1606743782758713,1.0,0.0
tess2021204101404,confirmed_planet,,0.56399906,1.2398609519004822,1.0,0.0
tess2024003055635,confirmed_planet,,0.5419168,1.1763526797294617,1.0,0.0
tess2024170053053,confirmed_planet,,0.5938377,1.1479689329862595,1.0,0.01985323429107666
tess2021175071901,confirmed_planet,,0.5942256,1.1463296860456467,1.0,0.0210607647895813
tess2022217014003,confirmed_planet,,0.5855393,1.2579021453857422,1.0,0.0
tess2024196212429,confirmed_planet,,0.6121514,1.142678752541542,1.0,0.040812015533447266
tess2024003055635,confirmed_planet,,0.5819909,1.1581478416919708,1.0,0.002916991710662842
tess2024170053053,confirmed_planet,,0.5519972,1.4109213650226593,1.0,0.0
tess2022190063128,confirmed_planet,,0.5128032,0.9887308096513152,1.0,0.01843780279159546
tess2024030031500,confirmed_planet,,0.5483722,1.4935960471630096,1.0,0.0
tess2024223182411,confirmed_planet,,0.6033985,1.3066336810588837,1.0,0.0
tess2024223182411,confirmed_planet,,0.59303916,1.1944275945425034,1.0,0.0
tess2024003055635,confirmed_planet,,0.5792516,1.1966704279184341,1.0,0.0
tess2021204101404,confirmed_planet,,0.59984183,1.2359307706356049,1.0,0.0
tess2024196212429,confirmed_planet,,0.62920344,1.1238564997911453,1.0,0.06727516651153564
tess2024030031500,confirmed_planet,,0.5807862,1.3023026287555695,1.0,0.0
tess2021204101404,confirmed_planet,,0.585011,1.0225297063589096,1.0,0.07374614477157593
tess2024003055635,confirmed_planet,,0.50102365,1.3860230445861816,1.0,0.0
tess2024003055635,confirmed_planet,,0.49706298,1.085834614932537,1.0,0.0
tess2024003055635,confirmed_planet,,0.5797066,1.3298470675945282,1.0,0.0
tess2024030031500,confirmed_planet,,0.5552145,1.2119295299053192,1.0,0.0
tess2024196212429,confirmed_planet,,0.56720465,1.3240104615688324,1.0,0.0
tess2024170053053,confirmed_planet,,0.54926884,1.0511754974722862,1.0,0.02368110418319702
tess2024003055635,confirmed_planet,,0.59319943,1.184255912899971,1.0,0.0010714530944824219
tess2024030031500,confirmed_planet,,0.4987686,1.3268254101276398,1.0,0.0
tess2024196212429,confirmed_planet,,0.5920886,1.2588126063346863,1.0,0.0
tess2024030031500,confirmed_planet,,0.6337014,0.9902623435482383,1.0,0.13857021927833557
tess2021175071901,confirmed_planet,,0.5998604,1.2744212746620178,1.0,0.0
tess2021204101404,confirmed_planet,,0.5932528,0.9742332212626934,1.0,0.10613617300987244
tess2024030031500,confirmed_planet,,0.56857526,1.123545527458191,1.0,0.006802499294281006
tess2024003055635,confirmed_planet,,0.57652086,1.3778411746025085,1.0,0.0
tess2021204101404,confirmed_planet,,0.58164924,1.2555153965950012,1.0,0.0
tess2022164095748,confirmed_planet,,0.54293674,1.22022545337677,1.0,0.0
tess2024003055635,confirmed_planet,,0.55170316,1.1343277990818024,1.0,0.0
tess2024196212429,confirmed_planet,,0.6055463,1.136040523648262,1.0,0.03752601146697998
tess2024003055635,confirmed_planet,,0.5820987,1.468366652727127,1.0,0.0
tess2022190063128,confirmed_planet,,0.5777761,1.349342405796051,1.0,0.0
tess2024223182411,confirmed_planet,,0.595936,1.3269277513027191,1.0,0.0
tess2024249191853,confirmed_planet,,0.5711953,1.2977588772773743,1.0,0.0
tess2024003055635,confirmed_planet,,0.5665906,1.369802474975586,1.0,0.0
tess2024030031500,confirmed_planet,,0.5780702,1.3167413175106049,1.0,0.0
tess2024170053053,confirmed_planet,,0.5986662,1.0220757629722357,1.0,0.0876283049583435
tess2024003055635,confirmed_planet,,0.6222541,1.2258631736040115,1.0,0.00932246446609497
tess2024170053053,confirmed_planet,,0.5780495,1.1236828863620758,1.0,0.01620805263519287
tess2024030031500,confirmed_planet,,0.58971465,1.5940264463424683,1.0,0.0
tess2021204101404,confirmed_planet,,0.5799578,1.2995609641075134,1.0,0.0
tess2024223182411,confirmed_planet,,0.59825635,1.2990367412567139,1.0,0.0
tess2024170053053,confirmed_planet,,0.55100423,1.43411323428154,1.0,0.0
tess2022190063128,confirmed_planet,,0.6120596,1.141894817352295,1.0,0.04111218452453613
tess2022190063128,confirmed_planet,,0.5509832,1.2080751657485962,1.0,0.0
tess2021175071901,confirmed_planet,,0.5750313,1.2917935848236084,1.0,0.0
tess2020160202036,confirmed_planet,,0.5959347,1.1322965919971466,1.0,0.029786407947540283
tess2024003055635,confirmed_planet,,0.5803721,1.3862858712673187,1.0,0.0
tess2024030031500,confirmed_planet,,0.57764965,0.9693879019469023,1.0,0.09295570850372314
tess2024223182411,confirmed_planet,,0.5774605,1.5557354092597961,1.0,0.0
tess2024170053053,confirmed_planet,,0.56286305,1.1214495450258255,1.0,0.0021382570266723633
tess2022164095748,confirmed_planet,,0.63015544,1.1836367845535278,1.0,0.03833705186843872
tess2021175071901,confirmed_planet,,0.57999516,0.97926358692348,1.0,0.09036335349082947
tess2021175071901,confirmed_planet,,0.48777938,1.116059087216854,1.0,0.0
tess2024223182411,confirmed_planet,,0.59122413,1.2219651341438293,1.0,0.0
tess2021204101404,confirmed_planet,,0.5047105,1.4884355068206787,1.0,0.0
tess2021204101404,confirmed_planet,,0.35052556,1.2861920297145844,0.9936215877532959,0.0
tess2024196212429,confirmed_planet,,0.64743996,1.502102255821228,1.0,0.0
tess2024170053053,confirmed_planet,,0.57589954,1.0507740415632725,1.0,0.050512492656707764
tess2024170053053,confirmed_planet,,0.56026894,1.0531343147158623,1.0,0.03370177745819092
tess2022164095748,confirmed_planet,,0.5871915,1.2024079859256744,1.0,0.0
tess2024223182411,confirmed_planet,,0.57199585,1.2019767612218857,1.0,0.0
tess2024003055635,confirmed_planet,,0.54974705,1.1337441056966782,1.0,0.0
tess2024003055635,confirmed_planet,,0.5986784,1.3188436031341553,1.0,0.0
tess2024223182411,confirmed_planet,,0.61246455,1.3619341850280762,1.0,0.0
tess2024223182411,confirmed_planet,,0.5893751,1.3915084600448608,1.0,0.0
tess2024170053053,confirmed_planet,,0.5925825,1.3770184218883514,1.0,0.0
tess2024170053053,confirmed_planet,,0.58271384,1.344919353723526,1.0,0.0
tess2024196212429,confirmed_planet,,0.61362696,1.3868345320224762,1.0,0.0
tess2024223182411,confirmed_planet,,0.58661765,1.1811455339193344,1.0,0.0
tess2024003055635,confirmed_planet,,0.61783427,1.4474089741706848,1.0,0.0
tess2024003055635,confirmed_planet,,0.55738926,1.2094168215990067,1.0,0.0
tess2024170053053,confirmed_planet,,0.6067911,1.328862726688385,1.0,0.0
tess2024223182411,confirmed_planet,,0.5671292,1.3749223053455353,1.0,0.0
tess2024223182411,confirmed_planet,,0.58189285,1.2389209121465683,1.0,0.0
tess2024003055635,confirmed_planet,,0.571038,1.0273689664900303,1.0,0.05735349655151367
tess2024196212429,confirmed_planet,,0.600085,1.1639861911535263,1.0,0.018091917037963867
tess2024196212429,confirmed_planet,,0.57775235,1.2454727739095688,1.0,0.0
tess2024196212429,confirmed_planet,,0.6092717,1.2264637798070908,1.0,0.0
tess2022164095748,confirmed_planet,,0.6260102,1.3354198634624481,1.0,0.0
tess2021204101404,confirmed_planet,,0.5361756,1.5583678483963013,1.0,0.0
tess2022217014003,confirmed_planet,,0.5921729,1.4449203610420227,1.0,0.0
tess2022217014003,confirmed_planet,,0.60407823,1.177522450685501,1.0,0.015317022800445557
tess2024249191853,confirmed_planet,,0.5658995,1.0582150854170322,1.0,0.03679192066192627
tess2022190063128,confirmed_planet,,0.55363935,1.2106509059667587,1.0,0.0
tess2024223182411,confirmed_planet,,0.6110346,1.3470325469970703,1.0,0.0
tess2024223182411,confirmed_planet,,0.5858121,1.453795313835144,1.0,0.0
tess2024003055635,confirmed_planet,,0.56614375,1.2857403457164764,1.0,0.0
tess2024196212429,confirmed_planet,,0.63080984,1.3559218049049377,1.0,0.0
tess2022190063128,confirmed_planet,,0.45147613,0.8874968066811562,0.8952245712280273,0.007727712392807007
tess2024170053053,confirmed_planet,,0.5757509,1.4505099654197693,1.0,0.0
tess2024223182411,confirmed_planet,,0.59608936,1.3144057095050812,1.0,0.0
tess2021175071901,confirmed_planet,,0.57635546,1.1201903074979782,1.0,0.01626032590866089
tess2024170053053,confirmed_planet,,0.564713,1.2376058101654053,1.0,0.0
tess2024196212429,confirmed_planet,,0.60544574,1.1865899115800858,1.0,0.012150764465332031
tess2024030031500,confirmed_planet,,0.60374534,1.118115782737732,1.0,0.04468744993209839
tess2022217014003,confirmed_planet,,0.5501121,1.376977652311325,1.0,0.0
tess2024196212429,confirmed_planet,,0.6049789,1.4270483255386353,1.0,0.0
tess2022217014003,confirmed_planet,,0.5947336,1.378379076719284,1.0,0.0
tess2024003055635,confirmed_planet,,0.57591605,1.3439466655254364,1.0,0.0
tess2024003055635,confirmed_planet,,0.564745,1.2754311561584473,1.0,0.0
tess2024223182411,confirmed_planet,,0.57602876,1.230391412973404,1.0,0.0
tess2024223182411,confirmed_planet,,0.6052627,1.354097694158554,1.0,0.0
tess2019198215352,confirmed_planet,,0.53477114,1.2608422636985779,1.0,0.0
tess2024030031500,confirmed_planet,,0.5779247,1.4399596154689789,1.0,0.0
tess2021204101404,confirmed_planet,,0.23588759,1.2865484952926636,0.8791618347167969,0.0
tess2024170053053,confirmed_planet,,0.596776,1.138290748000145,1.0,0.027630627155303955
tess2021204101404,confirmed_planet,,0.5887405,1.1871926039457321,1.0,0.0
tess2024223182411,confirmed_planet,,0.58924085,1.3486427664756775,1.0,0.0
tess2024030031500,confirmed_planet,,0.5926192,1.1918450742959976,1.0,0.0
tess2024223182411,confirmed_planet,,0.5801545,1.4032622277736664,1.0,0.0
tess2024030031500,confirmed_planet,,0.55670226,1.1689868122339249,1.0,0.0
tess2024223182411,confirmed_planet,,0.60087657,1.489537537097931,1.0,0.0
tess2024058030222,confirmed_planet,,0.25802073,1.3382480144500732,0.9271447658538818,0.0
tess2024223182411,confirmed_planet,,0.5746867,1.327931433916092,1.0,0.0
tess2024196212429,confirmed_planet,,0.6188658,1.0944276750087738,1.0,0.07165193557739258
tess2022217014003,confirmed_planet,,0.60470617,1.4305759072303772,1.0,0.0
tess2024030031500,confirmed_planet,,0.5656811,1.2919702231884003,1.0,0.0
tess2024196212429,confirmed_planet,,0.58111376,1.2551263868808746,1.0,0.0
tess2022190063128,confirmed_planet,,0.578527,1.1849879026412964,1.0,0.0
tess2021204101404,confirmed_planet,,0.5781333,1.1814106851816177,1.0,0.0
tess2024003055635,confirmed_planet,,0.55515665,1.3311993479728699,1.0,0.0
tess2024030031500,confirmed_planet,,0.62365913,1.447163611650467,1.0,0.0
tess2024170053053,confirmed_planet,,0.54429466,1.0751794129610062,1.0,0.006704926490783691
tess2024196212429,confirmed_planet,,0.47013786,1.466877520084381,1.0,0.0
tess2024223182411,confirmed_planet,,0.57869756,1.1691490858793259,1.0,0.0
tess2024030031500,confirmed_planet,,0.60902065,1.1358116120100021,1.0,0.041114866733551025
tess2021204101404,confirmed_planet,,0.6000987,1.1530711650848389,1.0,0.023563146591186523
tess2022217014003,confirmed_planet,,0.607311,1.2733532190322876,1.0,0.0
tess2024058030222,confirmed_planet,,0.56037986,1.294093906879425,1.0,0.0
tess2019198215352,confirmed_planet,,0.58702904,1.2223691940307617,1.0,0.0
tess2024249191853,confirmed_planet,,0.5705927,1.0002750903659035,1.0,0.07045513391494751
tess2024030031500,confirmed_planet,,0.58890074,1.1976988315582275,1.0,0.0
tess2024196212429,confirmed_planet,,0.61177397,1.514241874217987,1.0,0.0
tess2022190063128,confirmed_planet,,0.48335654,1.048406545072794,1.0,0.0
tess2024223182411,confirmed_planet,,0.5169866,1.0864097997546196,1.0,0.0
tess2024196212429,confirmed_planet,,0.6031051,1.1661428362131119,1.0,0.020033717155456543
tess2024196212429,confirmed_planet,,0.582066,1.2787660658359528,1.0,0.0
tess2024223182411,confirmed_planet,,0.5680647,1.4332371950149536,1.0,0.0
tess2024196212429,confirmed_planet,,0.53026384,1.4497560858726501,1.0,0.0
tess2024170053053,confirmed_planet,,0.5751283,1.132098138332367,1.0,0.009079217910766602
tess2022190063128,confirmed_planet,,0.5933512,1.2520295083522797,1.0,0.0
tess2024058030222,confirmed_planet,,0.5529965,1.306529700756073,1.0,0.0
tess2024223182411,confirmed_planet,,0.5809508,1.2888170778751373,1.0,0.0
tess2024196212429,confirmed_planet,,0.49097753,1.098710298538208,1.0,0.0
tess2024223182411,confirmed_planet,,0.5853376,1.3457113206386566,1.0,0.0
tess2022190063128,confirmed_planet,,0.58224034,1.3504352569580078,1.0,0.0
tess2021204101404,confirmed_planet,,0.501486,1.220719426870346,1.0,0.0
tess2022190063128,confirmed_planet,,0.5897274,1.330771028995514,1.0,0.0
tess2024003055635,confirmed_planet,,0.6204414,1.278299480676651,1.0,0.0
tess2024196212429,confirmed_planet,,0.61837137,0.995718804653734,1.0,0.1205119788646698
tess2024223182411,confirmed_planet,,0.5879379,1.1612841188907623,1.0,0.007295846939086914
tess2024223182411,confirmed_planet,,0.6057037,1.372245043516159,1.0,0.0
tess2024196212429,confirmed_planet,,0.63051546,1.1628060638904572,1.0,0.04911243915557861
tess2024196212429,confirmed_planet,,0.6024224,1.0773326233029366,1.0,0.06375610828399658
tess2024170053053,confirmed_planet,,0.601575,1.1302231699228287,1.0,0.03646343946456909
tess2024030031500,confirmed_planet,,0.5830742,1.1931446194648743,1.0,0.0
tess2024003055635,confirmed_planet,,0.5967504,1.260989487171173,1.0,0.0
tess2024030031500,confirmed_planet,,0.6039163,1.3309834897518158,1.0,0.0
tess2024196212429,confirmed_planet,,0.607671,1.1241279244422913,1.0,0.04560708999633789
tess2024003055635,confirmed_planet,,0.6137939,1.0557744354009628,1.0,0.08590668439865112
tess2024170053053,confirmed_planet,,0.53354377,1.1657506227493286,1.0,0.0
tess2024196212429,confirmed_planet,,0.5837523,1.4520926177501678,1.0,0.0
tess2021175071901,confirmed_planet,,0.5697569,1.216791793704033,1.0,0.0
tess2024030031500,confirmed_planet,,0.595104,1.251737266778946,1.0,0.0
tess2024170053053,confirmed_planet,,0.5623686,1.3245431780815125,1.0,0.0
tess2024003055635,confirmed_planet,,0.585796,1.3876282572746277,1.0,0.0
tess2022164095748,confirmed_planet,,0.53900564,1.274438887834549,1.0,0.0
tess2024196212429,confirmed_planet,,0.59381,1.1375439167022705,1.0,0.025038063526153564
tess2021204101404,confirmed_planet,,0.58198994,1.3229849338531494,1.0,0.0
tess2024196212429,confirmed_planet,,0.6082414,1.1150657162070274,1.0,0.05070853233337402
tess2022190063128,confirmed_planet,,0.5088789,1.1991989016532898,1.0,0.0
tess2024223182411,confirmed_planet,,0.6016578,1.2635870277881622,1.0,0.0
tess2024003055635,confirmed_planet,,0.5666911,1.270183116197586,1.0,0.0
tess2024196212429,confirmed_planet,,0.6003234,1.3304769694805145,1.0,0.0
tess2024003055635,confirmed_planet,,0.59868664,1.207516849040985,1.0,0.0
tess2024223182411,confirmed_planet,,0.61179173,1.0367745012044907,1.0,0.09340447187423706
tess2022164095748,confirmed_planet,,0.56293136,0.9813366811722517,1.0,0.07226303219795227
tess2024003055635,confirmed_planet,,0.5683831,1.2019672691822052,1.0,0.0
tess2024196212429,confirmed_planet,,0.6157376,1.4114781022071838,1.0,0.0
tess2021204101404,confirmed_planet,,0.5786061,1.1574923247098923,1.0,0.0
tess2024223182411,confirmed_planet,,0.5040454,0.9901269217953086,0.9991089105606079,0.008981972932815552
tess2024196212429,confirmed_planet,,0.5116411,1.3988271951675415,1.0,0.0
tess2024170053053,confirmed_planet,,0.54987854,1.0265555623918772,1.0,0.03660076856613159
tess2024196212429,confirmed_planet,,0.5936277,1.3349367082118988,1.0,0.0
tess2024196212429,confirmed_planet,,0.6087373,1.2544789612293243,1.0,0.0
tess2024196212429,confirmed_planet,,0.59509397,1.379802644252777,1.0,0.0
tess2024249191853,confirmed_planet,,0.5880738,1.446862667798996,1.0,0.0
tess2024223182411,confirmed_planet,,0.5991333,1.3823466002941132,1.0,0.0
tess2022164095748,confirmed_planet,,0.57190657,1.346309334039688,1.0,0.0
tess2024003055635,confirmed_planet,,0.57510763,1.3109959661960602,1.0,0.0
tess2024003055635,confirmed_planet,,0.57685244,1.5519907474517822,1.0,0.0
tess2024196212429,confirmed_planet,,0.63693374,1.000957623240538,1.0,0.13645493984222412
tess2022190063128,confirmed_planet,,0.5590017,1.4219737648963928,1.0,0.0
tess2024030031500,confirmed_planet,,0.5804529,1.214967593550682,1.0,0.0
tess2024030031500,confirmed_planet,,0.57558125,1.1322897523641586,1.0,0.009436368942260742
tess2024196212429,confirmed_planet,,0.5878323,1.3507535755634308,1.0,0.0
tess2024223182411,confirmed_planet,,0.58122814,1.4736563861370087,1.0,0.0
tess2024003055635,confirmed_planet,,0.5858943,1.1992676854133606,1.0,0.0
tess2024223182411,confirmed_planet,,0.5999008,1.362805962562561,1.0,0.0
tess2024170053053,confirmed_planet,,0.5976242,1.2103917002677917,1.0,0.0
tess2024003055635,confirmed_planet,,0.588242,1.3654429912567139,1.0,0.0
tess2022217014003,confirmed_planet,,0.5785714,1.127678707242012,1.0,0.014732003211975098
tess2024223182411,confirmed_planet,,0.57234466,1.244908168911934,1.0,0.0
tess2024170053053,confirmed_planet,,0.5909828,1.3322358429431915,1.0,0.0
tess2024196212429,confirmed_planet,,0.54951465,1.2519181966781616,1.0,0.0
tess2024030031500,confirmed_planet,,0.56836736,1.281533122062683,1.0,0.0
tess2021204101404,confirmed_planet,,0.49866694,1.3915586173534393,1.0,0.0
tess2024030031500,confirmed_planet,,0.5989159,1.2040431946516037,1.0,0.0
tess2024223182411,confirmed_planet,,0.5794093,1.2362891882658005,1.0,0.0
tess2024170053053,confirmed_planet,,0.59972763,1.367925614118576,1.0,0.0
tess2024196212429,confirmed_planet,,0.5699333,1.184790462255478,1.0,0.0
tess2024170053053,confirmed_planet,,0.59210026,1.230238899588585,1.0,0.0
tess2021204101404,confirmed_planet,,0.57687056,1.4238562285900116,1.0,0.0
tess2024170053053,confirmed_planet,,0.59379184,1.2718915045261383,1.0,0.0
tess2022190063128,confirmed_planet,,0.56637204,1.3185318410396576,1.0,0.0
tess2024003055635,confirmed_planet,,0.55371356,1.2724719941616058,1.0,0.0
tess2024030031500,confirmed_planet,,0.5676001,1.3868393003940582,1.0,0.0
tess2024030031500,confirmed_planet,,0.55587333,1.091620847582817,1.0,0.010062932968139648
tess2024003055635,confirmed_planet,,0.57984245,1.302227258682251,1.0,0.0
tess2024003055635,confirmed_planet,,0.5670015,1.2139250338077545,1.0,0.0
tess2024030031500,confirmed_planet,,0.62153614,1.1111779361963272,1.0,0.06594717502593994
tess2024223182411,confirmed_planet,,0.59064627,1.3495185673236847,1.0,0.0
tess2024170053053,confirmed_planet,,0.57077545,1.274057537317276,1.0,0.0
tess2024030031500,confirmed_planet,,0.574012,1.3184425234794617,1.0,0.0
tess2024196212429,confirmed_planet,,0.6262975,1.205537274479866,1.0,0.0235288143157959
tess2024003055635,confirmed_planet,,0.59192705,1.4579756259918213,1.0,0.0
tess2022190063128,confirmed_planet,,0.57293123,1.10865169018507,1.0,0.018605411052703857
tess2024223182411,confirmed_planet,,0.50717825,1.4616726636886597,1.0,0.0
tess2022190063128,confirmed_planet,,0.5506405,1.0770786851644516,1.0,0.012101173400878906
tess2024223182411,confirmed_planet,,0.5740783,1.2138932347297668,1.0,0.0
tess2024196212429,confirmed_planet,,0.36210796,1.3571980893611908,1.0,0.0
tess2024058030222,confirmed_planet,,0.5708663,1.2261683940887451,1.0,0.0
tess2024170053053,confirmed_planet,,0.5530611,1.1517509073019028,1.0,0.0
tess2024030031500,confirmed_planet,,0.5795619,1.2716606855392456,1.0,0.0
tess2022190063128,confirmed_planet,,0.58671,1.4143641293048859,1.0,0.0
tess2024030031500,confirmed_planet,,0.5720458,1.2578487396240234,1.0,0.0
tess2024223182411,confirmed_planet,,0.6088269,0.9960317239165306,1.0,0.1108110249042511
tess2024223182411,confirmed_planet,,0.58579004,1.0848413035273552,1.0,0.043369412422180176
tess2024196212429,confirmed_planet,,0.5786297,1.1125640720129013,1.0,0.022347629070281982
tess2024196212429,confirmed_planet,,0.6087962,1.119245506823063,1.0,0.04917341470718384
tess2024030031500,confirmed_planet,,0.5677073,1.3097868859767914,1.0,0.0
tess2024030031500,confirmed_planet,,0.55995697,1.3230599761009216,1.0,0.0
tess2024003055635,confirmed_planet,,0.57166886,1.1510515958070755,1.0,0.0
tess2024196212429,confirmed_planet,,0.62189734,1.272331416606903,1.0,0.0
tess2024030031500,confirmed_planet,,0.5833761,1.3055694997310638,1.0,0.0
tess2024170053053,confirmed_planet,,0.5912546,1.3330316841602325,1.0,0.0
tess2022190063128,confirmed_planet,,0.5804617,1.2281471341848373,1.0,0.0
tess2024223182411,confirmed_planet,,0.59247935,1.2487902343273163,1.0,0.0
tess2024223182411,confirmed_planet,,0.58481246,1.2389088571071625,1.0,0.0
tess2024223182411,confirmed_planet,,0.48906854,1.1555933356285095,1.0,0.0
tess2024003055635,confirmed_planet,,0.5406512,1.2333431392908096,1.0,0.0
tess2024196212429,confirmed_planet,,0.58805513,1.2348725348711014,1.0,0.0
tess2024223182411,confirmed_planet,,0.5859233,1.3141297101974487,1.0,0.0
tess2022217014003,confirmed_planet,,0.5672411,1.3120847642421722,1.0,0.0
tess2024003055635,confirmed_planet,,0.60208714,1.28449347615242,1.0,0.0
tess2024196212429,confirmed_planet,,0.5769819,1.22430881857872,1.0,0.0
tess2024223182411,confirmed_planet,,0.59356076,1.0957129746675491,1.0,0.04570424556732178
tess2024003055635,confirmed_planet,,0.57275987,1.1626693159341812,1.0,0.0
tess2024223182411,confirmed_planet,,0.60791814,1.2145492136478424,1.0,0.0006435513496398926
tess2022190063128,confirmed_planet,,0.577337,1.2449238896369934,1.0,0.0
tess2024030031500,confirmed_planet,,0.58431345,1.2037656903266907,1.0,0.0
tess2024223182411,confirmed_planet,,0.5830758,1.1771529912948608,1.0,0.0
tess2024196212429,confirmed_planet,,0.57831055,1.1822126358747482,1.0,0.0
tess2024223182411,confirmed_planet,,0.5795265,1.3773685097694397,1.0,0.0
tess2022190063128,confirmed_planet,,0.57384336,1.1563144475221634,1.0,0.0
tess2024196212429,confirmed_planet,,0.47573927,1.4307622909545898,1.0,0.0
tess2024196212429,confirmed_planet,,0.60313725,1.3839055597782135,1.0,0.0
tess2022190063128,confirmed_planet,,0.56385726,1.5070483684539795,1.0,0.0
tess2024058030222,confirmed_planet,,0.58519375,1.1641627997159958,1.0,0.0031123757362365723
tess2024003055635,confirmed_planet,,0.5812747,1.3351532220840454,1.0,0.0
tess2024170053053,confirmed_planet,,0.5483477,1.36549311876297,1.0,0.0
tess2024196212429,confirmed_planet,,0.60228366,1.3960921168327332,1.0,0.0
tess2021175071901,confirmed_planet,,0.5914375,1.3286657333374023,1.0,0.0
tess2024170053053,confirmed_planet,,0.55362016,1.2476483881473541,1.0,0.0
tess2024223182411,confirmed_planet,,0.59371406,1.2682244777679443,1.0,0.0
tess2024196212429,confirmed_planet,,0.62086016,1.1584895998239517,1.0,0.04161536693572998
tess2024223182411,confirmed_planet,,0.59994584,1.187747061252594,1.0,0.006072342395782471
tess2024030031500,confirmed_planet,,0.57831436,1.4546270370483398,1.0,0.0
tess2024196212429,confirmed_planet,,0.60614836,1.2218069583177567,1.0,0.0
tess2024003055635,confirmed_planet,,0.53924686,1.5085264444351196,1.0,0.0
tess2024058030222,confirmed_planet,,0.5508496,1.2177664190530777,1.0,0.0
tess2024170053053,confirmed_planet,,0.57873154,1.0316339805722237,1.0,0.06291455030441284
tess2024003055635,confirmed_planet,,0.5618314,1.1328604817390442,1.0,0.0
tess2024003055635,confirmed_planet,,0.58666617,1.4677755534648895,1.0,0.0
tess2024170053053,confirmed_planet,,0.61756754,1.223320558667183,1.0,0.005907237529754639
tess2024196212429,confirmed_planet,,0.63080984,1.2705296576023102,1.0,0.0
tess2022190063128,confirmed_planet,,0.46472654,1.2608481347560883,1.0,0.0
tess2022217014003,confirmed_planet,,0.596003,1.311733365058899,1.0,0.0
tess2024170053053,confirmed_planet,,0.57263017,1.0336951911449432,1.0,0.05578255653381348
tess2024170053053,confirmed_planet,,0.5759246,1.2079744786024094,1.0,0.0
tess2024030031500,confirmed_planet,,0.5814617,1.2479986995458603,1.0,0.0
tess2024223182411,confirmed_planet,,0.5996639,1.3411064147949219,1.0,0.0
tess2024196212429,confirmed_planet,,0.6053778,1.2796717584133148,1.0,0.0
tess2024196212429,confirmed_planet,,0.568823,1.3003816306591034,1.0,0.0
tess2024003055635,confirmed_planet,,0.56816995,1.5189668536186218,1.0,0.0
tess2024196212429,confirmed_planet,,0.5594524,1.2070268839597702,1.0,0.0
tess2024170053053,confirmed_planet,,0.5688118,1.3842503428459167,1.0,0.0
tess2024003055635,confirmed_planet,,0.47138506,1.169870376586914,1.0,0.0
tess2021175071901,confirmed_planet,,0.5944606,1.2649542689323425,1.0,0.0
tess2024003055635,confirmed_planet,,0.5623543,1.278216540813446,1.0,0.0
tess2024196212429,confirmed_planet,,0.57160276,0.9689375162124634,1.0,0.08713400363922119
tess2024223182411,confirmed_planet,,0.6120172,1.199684277176857,1.0,0.01217508316040039
tess2024170053053,confirmed_planet,,0.59499305,1.1066865772008896,1.0,0.04164975881576538
tess2022164095748,confirmed_planet,,0.58277035,1.074160985648632,1.0,0.04568988084793091
tess2024170053053,confirmed_planet,,0.53208625,1.0653597116470337,1.0,0.0
tess2024003055635,confirmed_planet,,0.57065177,1.4441116750240326,1.0,0.0
tess2024196212429,confirmed_planet,,0.5936458,1.4461202025413513,1.0,0.0
tess2024196212429,confirmed_planet,,0.5918069,1.3257886469364166,1.0,0.0
tess2024003055635,confirmed_planet,,0.5840902,1.4816206097602844,1.0,0.0
tess2021204101404,confirmed_planet,,0.58086985,1.1776416152715683,1.0,0.0
tess2022164095748,confirmed_planet,,0.6171928,1.245078757405281,1.0,0.0
tess2024196212429,confirmed_planet,,0.5903582,1.1311898678541183,1.0,0.024763286113739014
tess2024196212429,confirmed_planet,,0.59565383,1.0573194399476051,1.0,0.06699413061141968
tess2024003055635,confirmed_planet,,0.43688875,1.1957410126924515,1.0,0.0
tess2024170053053,confirmed_planet,,0.54283,1.2304505705833435,1.0,0.0
tess2024003055635,confirmed_planet,,0.5666974,1.1439565420150757,1.0,0.0
tess2024223182411,confirmed_planet,,0.5823719,1.2498234808444977,1.0,0.0
tess2024196212429,confirmed_planet,,0.598068,1.1344973146915436,1.0,0.030819356441497803
tess2024170053053,confirmed_planet,,0.56126994,1.325057029724121,1.0,0.0
tess2024196212429,confirmed_planet,,0.30809587,1.1765273213386536,0.8963595032691956,0.0
tess2024003055635,confirmed_planet,,0.5803397,1.4057664573192596,1.0,0.0
tess2024030031500,confirmed_planet,,0.5758571,1.1763686835765839,1.0,0.0
tess2024249191853,confirmed_planet,,0.58253616,1.3704406321048737,1.0,0.0
tess2024223182411,confirmed_planet,,0.59379274,1.3458177745342255,1.0,0.0
tess2024223182411,confirmed_planet,,0.6056622,1.5708827376365662,1.0,0.0
tess2024223182411,confirmed_planet,,0.43438038,1.2202470898628235,1.0,0.0
tess2024003055635,confirmed_planet,,0.5884167,1.3786552250385284,1.0,0.0
tess2024030031500,confirmed_planet,,0.56998396,1.181425005197525,1.0,0.0
tess2024196212429,confirmed_planet,,0.5991305,1.2440798431634903,1.0,0.0
tess2024223182411,confirmed_planet,,0.5082112,1.1569397449493408,1.0,0.0
tess2024223182411,confirmed_planet,,0.60816866,1.2040052115917206,1.0,0.006166040897369385
tess2022190063128,confirmed_planet,,0.4641466,1.3351359367370605,1.0,0.0
tess2024249191853,confirmed_planet,,0.5673474,1.3929531872272491,1.0,0.0
tess2024003055635,confirmed_planet,,0.5976174,1.4294954240322113,1.0,0.0
tess2024223182411,confirmed_planet,,0.6164656,1.2184897810220718,1.0,0.007220745086669922
tess2022164095748,confirmed_planet,,0.5629373,1.19766865670681,1.0,0.0
tess2024030031500,confirmed_planet,,0.5908944,1.3674141466617584,1.0,0.0
tess2024003055635,confirmed_planet,,0.5561347,1.141185075044632,1.0,0.0
tess2021175071901,confirmed_planet,,0.61722434,1.2196258455514908,1.0,0.0074114203453063965
tess2022217014003,confirmed_planet,,0.41250566,1.3703686892986298,1.0,0.0
tess2024170053053,confirmed_planet,,0.5605158,1.1712716370821,1.0,0.0
tess2021204101404,confirmed_planet,,0.57529056,1.2010475844144821,1.0,0.0
tess2024196212429,confirmed_planet,,0.57829726,1.1747229546308517,1.0,0.0
tess2024196212429,confirmed_planet,,0.5300577,1.288714736700058,1.0,0.0
tess2024196212429,confirmed_planet,,0.6061224,1.381700038909912,1.0,0.0
tess2024196212429,confirmed_planet,,0.5785832,1.0356002412736416,1.0,0.06078308820724487
tess2022190063128,confirmed_planet,,0.5539295,1.119961328804493,1.0,0.0
tess2022190063128,confirmed_planet,,0.5443517,1.2415747195482254,1.0,0.0
tess2024196212429,confirmed_planet,,0.61341685,1.438107192516327,1.0,0.0
tess2024003055635,confirmed_planet,,0.5657557,1.3609817028045654,1.0,0.0
tess2024196212429,confirmed_planet,,0.5787824,1.0633218213915825,1.0,0.04712146520614624
tess2024223182411,confirmed_planet,,0.5900246,1.321464627981186,1.0,0.0
tess2022217014003,confirmed_planet,,0.60220444,1.224205031991005,1.0,0.0
tess2024223182411,confirmed_planet,,0.5650786,1.1916399449110031,1.0,0.0
tess2024003055635,confirmed_planet,,0.5876432,1.2729513943195343,1.0,0.0
tess2024170053053,confirmed_planet,,0.5401673,1.1680676937103271,1.0,0.0
tess2024196212429,confirmed_planet,,0.6167875,0.9838047549128532,1.0,0.12488511204719543
tess2022217014003,confirmed_planet,,0.59083414,1.2302020341157913,1.0,0.0
tess2024003055635,confirmed_planet,,0.5942575,1.3081346154212952,1.0,0.0
tess2024003055635,confirmed_planet,,0.59741116,1.1917950958013535,1.0,0.0015136003494262695
tess2024196212429,confirmed_planet,,0.4377862,1.3194864988327026,1.0,0.0
tess2024196212429,confirmed_planet,,0.57825434,1.3291800320148468,1.0,0.0
tess2022164095748,confirmed_planet,,0.60649717,1.537658929824829,1.0,0.0
tess2024170053053,confirmed_planet,,0.44659775,1.143771842122078,1.0,0.0
tess2022217014003,confirmed_planet,,0.58760715,1.1161974221467972,1.0,0.02950841188430786
tess2024003055635,confirmed_planet,,0.5942568,1.5694259405136108,1.0,0.0
tess2024196212429,confirmed_planet,,0.5991793,1.1768748462200165,1.0,0.010741889476776123
tess2024030031500,confirmed_planet,,0.4942228,1.1622414588928223,1.0,0.0
tess2024196212429,confirmed_planet,,0.6167755,1.3318101167678833,1.0,0.0
tess2024170053053,confirmed_planet,,0.5538738,1.5018373727798462,1.0,0.0
tess2024223182411,confirmed_planet,,0.59596086,1.203600749373436,1.0,0.0
tess2024223182411,confirmed_planet,,0.59714705,1.3832299411296844,1.0,0.0
tess2022217014003,confirmed_planet,,0.6153808,1.5443388223648071,1.0,0.0
tess2024030031500,confirmed_planet,,0.5799847,1.1123996078968048,1.0,0.023784935474395752
tess2021175071901,confirmed_planet,,0.59960103,1.2325615137815475,1.0,0.0
tess2024003055635,confirmed_planet,,0.5814718,1.2547542452812195,1.0,0.0
tess2024030031500,confirmed_planet,,0.5635443,1.2291126251220703,1.0,0.0
tess2024196212429,confirmed_planet,,0.5509085,1.2599604427814484,1.0,0.0
tess2024223182411,confirmed_planet,,0.5356347,1.2635883390903473,1.0,0.0
tess2024170053053,confirmed_planet,,0.577194,1.19812473654747,1.0,0.0
tess2024196212429,confirmed_planet,,0.56528896,1.2514014542102814,1.0,0.0
tess2024223182411,confirmed_planet,,0.6055276,1.1772765964269638,1.0,0.01688927412033081
tess2021204101404,confirmed_planet,,0.5701713,1.0566924810409546,1.0,0.041825056076049805
tess2021175071901,confirmed_planet,,0.5878169,1.1481324136257172,1.0,0.013750672340393066
tess2022217014003,confirmed_planet,,0.59685844,1.3029439449310303,1.0,0.0
tess2024030031500,confirmed_planet,,0.6202877,1.1821086555719376,1.0,0.02923339605331421
tess2024196212429,confirmed_planet,,0.59624916,1.2039907276630402,1.0,0.0
tess2022190063128,confirmed_planet,,0.5668291,1.2615209221839905,1.0,0.0
tess2024196212429,confirmed_planet,,0.60123193,1.2049878686666489,1.0,0.0
tess2024223182411,confirmed_planet,,0.58241147,1.514522671699524,1.0,0.0
tess2024170053053,confirmed_planet,,0.5983876,1.2861506938934326,1.0,0.0
tess2024170053053,confirmed_planet,,0.5718095,1.2675230503082275,1.0,0.0
tess2024196212429,confirmed_planet,,0.5917287,1.0911589115858078,1.0,0.046149253845214844
tess2021175071901,confirmed_planet,,0.50116885,1.179788663983345,1.0,0.0
tess2024030031500,confirmed_planet,,0.575816,1.1425447463989258,1.0,0.004543602466583252
tess2024223182411,confirmed_planet,,0.59753954,1.054945945739746,1.0,0.07006657123565674
tess2024003055635,confirmed_planet,,0.5490143,1.2954886257648468,1.0,0.0
tess2024170053053,confirmed_planet,,0.5812274,1.3587371706962585,1.0,0.0
tess2024170053053,confirmed_planet,,0.5842638,1.2151501774787903,1.0,0.0
tess2021175071901,confirmed_planet,,0.5478498,1.34771066904068,1.0,0.0
tess2024030031500,confirmed_planet,,0.57111955,1.225167453289032,1.0,0.0
tess2024030031500,confirmed_planet,,0.57362735,1.3675935864448547,1.0,0.0
tess2019198215352,confirmed_planet,,0.58842546,1.098664976656437,1.0,0.039092957973480225
tess2024030031500,confirmed_planet,,0.571408,0.9543741196393967,1.0,0.09422090649604797
tess2024030031500,confirmed_planet,,0.57785416,1.340390831232071,1.0,0.0
tess2024196212429,confirmed_planet,,0.57015437,1.2749351859092712,1.0,0.0
tess2024003055635,confirmed_planet,,0.58327115,1.1835016459226608,1.0,0.0
tess2024003055635,confirmed_planet,,0.554677,1.3814367055892944,1.0,0.0
tess2022217014003,confirmed_planet,,0.5901543,1.2046503275632858,1.0,0.0
tess2024249191853,confirmed_planet,,0.57539576,1.1946571320295334,1.0,0.0
tess2021175071901,confirmed_planet,,0.5547822,1.300485759973526,1.0,0.0
tess2024223182411,confirmed_planet,,0.5869747,1.3338184356689453,1.0,0.0
tess2024170053053,confirmed_planet,,0.61111665,1.4711200296878815,1.0,0.0
tess2024030031500,confirmed_planet,,0.590424,1.2550918459892273,1.0,0.0
tess2024030031500,confirmed_planet,,0.567768,1.2595675885677338,1.0,0.0
tess2021204101404,confirmed_planet,,0.58591753,1.2119958102703094,1.0,0.0
tess2021175071901,confirmed_planet,,0.55930644,1.453635722398758,1.0,0.0
tess2024058030222,confirmed_planet,,0.57140726,1.4902500808238983,1.0,0.0
tess2024223182411,confirmed_planet,,0.5608367,1.285720556974411,1.0,0.0
tess2024196212429,confirmed_planet,,0.62473476,1.3589203357696533,1.0,0.0
tess2024223182411,confirmed_planet,,0.5900123,1.124262496829033,1.0,0.027881085872650146
tess2024003055635,confirmed_planet,,0.56653875,1.2958154380321503,1.0,0.0
tess2024003055635,confirmed_planet,,0.5491364,1.0415375530719757,1.0,0.02836763858795166
tess2024196212429,confirmed_planet,,0.5736207,1.0125064188614488,1.0,0.06736749410629272
tess2024170053053,confirmed_planet,,0.59749216,1.2636252045631409,1.0,0.0
tess2024170053053,confirmed_planet,,0.5868869,1.0753422379493713,1.0,0.04921579360961914
tess2022190063128,confirmed_planet,,0.58325976,1.3282590508460999,1.0,0.0
tess2024170053053,confirmed_planet,,0.6159568,1.4210674464702606,1.0,0.0
tess2024223182411,confirmed_planet,,0.59067994,1.239443615078926,1.0,0.0
tess2024196212429,confirmed_planet,,0.59877074,1.1809183061122894,1.0,0.008311569690704346
tess2024196212429,confirmed_planet,,0.5870758,1.4525086879730225,1.0,0.0
tess2024196212429,confirmed_planet,,0.62086934,1.3325672149658203,1.0,0.0
tess2024170053053,confirmed_planet,,0.51525074,1.420599102973938,1.0,0.0
tess2024003055635,confirmed_planet,,0.5661464,1.3335949182510376,1.0,0.0
tess2024003055635,confirmed_planet,,0.5755542,1.2339490056037903,1.0,0.0
tess2024196212429,confirmed_planet,,0.6260351,1.2800518572330475,1.0,0.0
tess2024170053053,confirmed_planet,,0.58426195,1.3624089658260345,1.0,0.0
tess2024249191853,confirmed_planet,,0.6025575,1.1850993931293488,1.0,0.010007798671722412
tess2024170053053,confirmed_planet,,0.52737343,1.4453487396240234,1.0,0.0
tess2024170053053,confirmed_planet,,0.5750754,1.3675985932350159,1.0,0.0
tess2024058030222,confirmed_planet,,0.55331135,1.2585263550281525,1.0,0.0
tess2024170053053,confirmed_planet,,0.5589066,1.0796028077602386,1.0,0.019105195999145508
tess2024196212429,confirmed_planet,,0.5980542,1.3166529536247253,1.0,0.0
tess2024223182411,confirmed_planet,,0.58253,1.2373837679624557,1.0,0.0
tess2024196212429,confirmed_planet,,0.62425184,1.2000123709440231,1.0,0.02424567937850952
tess2024196212429,confirmed_planet,,0.6227241,1.3256178796291351,1.0,0.0
tess2022164095748,confirmed_planet,,0.61697066,1.2014928758144379,1.0,0.016224205493927002
tess2021204101404,confirmed_planet,,0.5675437,1.4846249222755432,1.0,0.0
tess2024058030222,confirmed_planet,,0.5742828,1.1299416720867157,1.0,0.009311974048614502
tess2024196212429,confirmed_planet,,0.5899154,1.2131412625312805,1.0,0.0
tess2024003055635,confirmed_planet,,0.5039406,1.4019953608512878,1.0,0.0
tess2022190063128,confirmed_planet,,0.5826016,1.40842866897583,1.0,0.0
tess2022190063128,confirmed_planet,,0.571522,1.231890708208084,1.0,0.0
tess2022190063128,confirmed_planet,,0.5346152,1.3359970450401306,1.0,0.0
tess2024003055635,confirmed_planet,,0.58393246,1.2551853954792023,1.0,0.0
tess2021204101404,confirmed_planet,,0.5342511,1.1010337248444557,1.0,0.0
tess2024223182411,confirmed_planet,,0.59159845,1.2559022307395935,1.0,0.0
tess2024223182411,confirmed_planet,,0.5448546,1.2516942620277405,1.0,0.0
tess2024030031500,confirmed_planet,,0.57088095,1.1417655497789383,1.0,0.0
tess2024170053053,confirmed_planet,,0.57504076,1.3451626598834991,1.0,0.0
tess2024223182411,confirmed_planet,,0.58248866,1.5013874769210815,1.0,0.0
tess2024196212429,confirmed_planet,,0.5961878,1.229436382651329,1.0,0.0
tess2024223182411,confirmed_planet,,0.59446996,1.2568801939487457,1.0,0.0
tess2021175071901,confirmed_planet,,0.5609272,1.1419662088155746,1.0,0.0
tess2021204101404,confirmed_planet,,0.5964867,1.1904569417238235,1.0,0.0012581944465637207
tess2024223182411,confirmed_planet,,0.57959807,1.4432193040847778,1.0,0.0
tess2022190063128,confirmed_planet,,0.5795062,1.3772516250610352,1.0,0.0
tess2024030031500,confirmed_planet,,0.5635962,1.343152493238449,1.0,0.0
tess2024003055635,confirmed_planet,,0.5985341,1.0206395033746958,1.0,0.08821433782577515
tess2024196212429,confirmed_planet,,0.5811599,1.288214921951294,1.0,0.0
tess2024223182411,confirmed_planet,,0.5219286,1.2176830768585205,1.0,0.0
tess2024170053053,confirmed_planet,,0.54054356,1.2964475452899933,1.0,0.0
tess2024196212429,confirmed_planet,,0.6005366,1.4033191502094269,1.0,0.0
tess2024196212429,confirmed_planet,,0.6104668,1.4311126172542572,1.0,0.0
tess2024223182411,confirmed_planet,,0.59067357,1.3525720238685608,1.0,0.0
tess2021175071901,confirmed_planet,,0.5629828,1.151204064488411,1.0,0.0
tess2024249191853,confirmed_planet,,0.5759695,1.2012178897857666,1.0,0.0
tess2024223182411,confirmed_planet,,0.58103234,1.2135528773069382,1.0,0.0
tess2024196212429,confirmed_planet,,0.58893806,1.3599599301815033,1.0,0.0
tess2021204101404,confirmed_planet,,0.5742463,1.3429748117923737,1.0,0.0
tess2021175071901,confirmed_planet,,0.5843019,1.1867090165615082,1.0,0.0
tess2024196212429,confirmed_planet,,0.5865259,1.3573723137378693,1.0,0.0
tess2024030031500,confirmed_planet,,0.5664474,1.0940098240971565,1.0,0.019442439079284668
tess2024003055635,confirmed_planet,,0.58282906,1.3544965982437134,1.0,0.0
tess2024003055635,confirmed_planet,,0.46889377,1.2013713121414185,1.0,0.0
tess2021204101404,confirmed_planet,,0.5658234,1.0908218622207642,1.0,0.020412445068359375
tess2019198215352,confirmed_planet,,0.56746525,1.3675853908061981,1.0,0.0
tess2024030031500,confirmed_planet,,0.5797737,1.4181928634643555,1.0,0.0
tess2021175071901,confirmed_planet,,0.6028775,1.0724838450551033,1.0,0.06663554906845093
tess2024223182411,confirmed_planet,,0.57408285,1.2598311603069305,1.0,0.0
tess2024196212429,confirmed_planet,,0.59158295,1.260039508342743,1.0,0.0
tess2021204101404,confirmed_planet,,0.5546771,1.1498069316148758,1.0,0.0
tess2024003055635,confirmed_planet,,0.57908034,1.237987533211708,1.0,0.0
tess2022217014003,confirmed_planet,,0.48637077,1.1062136888504028,1.0,0.0
tess2024003055635,confirmed_planet,,0.56434536,1.2893689274787903,1.0,0.0
tess2022217014003,confirmed_planet,,0.5706492,1.1665070950984955,1.0,0.0
tess2021204101404,confirmed_planet,,0.5041185,1.172520935535431,1.0,0.0
tess2021204101404,confirmed_planet,,0.50708324,1.1606784760951996,1.0,0.0
tess2024196212429,confirmed_planet,,0.6113738,1.2782087326049805,1.0,0.0
tess2024030031500,confirmed_planet,,0.58741707,1.3555784225463867,1.0,0.0
tess2024249191853,confirmed_planet,,0.6052168,1.1215400993824005,1.0,0.04444676637649536
tess2024249191853,confirmed_planet,,0.5794708,1.1648681610822678,1.0,0.0
tess2021204101404,confirmed_planet,,0.55751103,0.9506694823503494,1.0,0.08217629790306091
tess2024030031500,confirmed_planet,,0.5933433,1.3068776428699493,1.0,0.0
tess2024196212429,confirmed_planet,,0.5985763,1.3673385679721832,1.0,0.0
tess2024196212429,confirmed_planet,,0.59867316,1.1141268089413643,1.0,0.041609764099121094
tess2024170053053,confirmed_planet,,0.5514443,1.1743065863847733,1.0,0.0
tess2022190063128,confirmed_planet,,0.5868045,1.223488986492157,1.0,0.0
tess2024223182411,confirmed_planet,,0.57396996,1.297067016363144,1.0,0.0
tess2024196212429,confirmed_planet,,0.59260726,1.3436205685138702,1.0,0.0
tess2022164095748,confirmed_planet,,0.64885026,1.349461406469345,1.0,0.0
tess2022190063128,confirmed_planet,,0.5765688,1.1571010202169418,1.0,0.0
tess2024058030222,confirmed_planet,,0.56854457,1.16802679002285,1.0,0.0
tess2024196212429,confirmed_planet,,0.5782932,1.2914626896381378,1.0,0.0
tess2024030031500,confirmed_planet,,0.57000446,1.254151463508606,1.0,0.0
tess2024030031500,confirmed_planet,,0.56922907,1.440800279378891,1.0,0.0
tess2024170053053,confirmed_planet,,0.5639353,1.2687739133834839,1.0,0.0
tess2019198215352,confirmed_planet,,0.5799218,1.3177672624588013,1.0,0.0
tess2024196212429,confirmed_planet,,0.49035248,1.2813034355640411,1.0,0.0
tess2024223182411,confirmed_planet,,0.61083126,1.3563474416732788,1.0,0.0
tess2020160202036,confirmed_planet,,0.6032083,1.1394226551055908,1.0,0.033496975898742676
tess2024196212429,confirmed_planet,,0.610017,1.2259289920330048,1.0,0.0
tess2022190063128,confirmed_planet,,0.5565731,1.0303554832935333,1.0,0.041395366191864014
tess2022190063128,confirmed_planet,,0.57989985,1.3472219109535217,1.0,0.0
tess2024003055635,confirmed_planet,,0.5976363,1.105887807905674,1.0,0.044692397117614746
tess2024223182411,confirmed_planet,,0.60089844,1.1558422297239304,1.0,0.022977352142333984
tess2024170053053,confirmed_planet,,0.5737946,1.2870303690433502,1.0,0.0
tess2021204101404,confirmed_planet,,0.42201647,1.2877277433872223,1.0,0.0
tess2021175071901,confirmed_planet,,0.5878479,1.5592584609985352,1.0,0.0
tess2024196212429,confirmed_planet,,0.6076914,1.4383662045001984,1.0,0.0
tess2024223182411,confirmed_planet,,0.570172,1.269179493188858,1.0,0.0
tess2024003055635,confirmed_planet,,0.5747388,1.0939808413386345,1.0,0.027748405933380127
tess2024196212429,confirmed_planet,,0.6051661,1.171843260526657,1.0,0.01924443244934082
tess2019198215352,confirmed_planet,,0.57705563,1.1012986302375793,1.0,0.02640634775161743
tess2021204101404,confirmed_planet,,0.58420414,1.419360637664795,1.0,0.0
tess2024170053053,confirmed_planet,,0.577174,1.165561005473137,1.0,0.0
tess2024003055635,confirmed_planet,,0.5769404,1.2515734732151031,1.0,0.0
tess2021175071901,confirmed_planet,,0.55639005,1.1460197418928146,1.0,0.0
tess2024223182411,confirmed_planet,,0.34444153,0.9136812537908554,0.8012821674346924,0.0
tess2024030031500,confirmed_planet,,0.5422169,1.2820250689983368,1.0,0.0
tess2024249191853,confirmed_planet,,0.5816085,1.1770493984222412,1.0,0.0
tess2024196212429,confirmed_planet,,0.5814366,1.0442424528300762,1.0,0.05931532382965088
tess2024196212429,confirmed_planet,,0.59541756,1.1449857652187347,1.0,0.02292466163635254
tess2022217014003,confirmed_planet,,0.597515,1.3877750933170319,1.0,0.0
tess2024030031500,confirmed_planet,,0.5904267,1.198052704334259,1.0,0.0
tess2024196212429,confirmed_planet,,0.5863838,1.4489259719848633,1.0,0.0
tess2024196212429,confirmed_planet,,0.49349797,1.2928956151008606,1.0,0.0
tess2024196212429,confirmed_planet,,0.58548045,1.2366256415843964,1.0,0.0
tess2024223182411,confirmed_planet,,0.6135837,1.1191491931676865,1.0,0.054009079933166504
tess2024196212429,confirmed_planet,,0.44229245,1.029770465567708,0.9571776986122131,0.0
tess2024170053053,confirmed_planet,,0.56032026,1.1648153811693192,1.0,0.0
tess2024196212429,confirmed_planet,,0.58022076,1.2791200876235962,1.0,0.0
tess2021204101404,confirmed_planet,,0.5817444,1.3530340194702148,1.0,0.0
tess2024170053053,confirmed_planet,,0.57333493,1.0954740419983864,1.0,0.02559792995452881
tess2024223182411,confirmed_planet,,0.59543914,1.3939473628997803,1.0,0.0
tess2024030031500,confirmed_planet,,0.5905402,1.0928874388337135,1.0,0.04409646987915039
tess2024223182411,confirmed_planet,,0.5967653,1.4511268436908722,1.0,0.0
tess2024196212429,confirmed_planet,,0.60667324,1.4122602045536041,1.0,0.0
tess2024196212429,confirmed_planet,,0.60389555,1.0936806201934814,1.0,0.05705523490905762
tess2024223182411,confirmed_planet,,0.6085675,1.3758326172828674,1.0,0.0
tess2024196212429,confirmed_planet,,0.58999926,1.2248008400201797,1.0,0.0
tess2024223182411,confirmed_planet,,0.5794328,1.4239975214004517,1.0,0.0
tess2021175071901,confirmed_planet,,0.5513751,1.2446926683187485,1.0,0.0
tess2024223182411,confirmed_planet,,0.61067235,1.541716754436493,1.0,0.0
tess2022164095748,confirmed_planet,,0.47187543,1.1130660325288773,1.0,0.0
tess2024030031500,confirmed_planet,,0.5913608,1.2517516016960144,1.0,0.0
tess2024030031500,confirmed_planet,,0.597311,1.370014637708664,1.0,0.0
tess2021204101404,confirmed_planet,,0.5966104,1.0703752487897873,1.0,0.06142282485961914
tess2024170053053,confirmed_planet,,0.569298,1.1994289457798004,1.0,0.0
tess2024223182411,confirmed_planet,,0.59212315,1.5958054661750793,1.0,0.0
tess2024196212429,confirmed_planet,,0.57469434,1.1720318496227264,1.0,0.0
tess2022164095748,confirmed_planet,,0.5875291,1.25430566072464,1.0,0.0
tess2024170053053,confirmed_planet,,0.5402276,1.292222499847412,1.0,0.0
tess2024003055635,confirmed_planet,,0.564194,1.472645789384842,1.0,0.0
tess2024223182411,confirmed_planet,,0.60426724,1.3843210339546204,1.0,0.0
tess2024223182411,confirmed_planet,,0.60212505,1.3989571928977966,1.0,0.0
tess2024196212429,confirmed_planet,,0.5879325,1.3869474828243256,1.0,0.0
tess2024196212429,confirmed_planet,,0.47127464,1.3038159608840942,1.0,0.0
tess2024223182411,confirmed_planet,,0.59149134,1.0560618303716183,1.0,0.06346040964126587
tess2024223182411,confirmed_planet,,0.5704677,1.298134446144104,1.0,0.0
tess2024223182411,confirmed_planet,,0.5964149,1.120853215456009,1.0,0.03598833084106445
tess2024223182411,confirmed_planet,,0.5848503,1.4139032363891602,1.0,0.0
tess2024030031500,confirmed_planet,,0.5630841,1.3519233465194702,1.0,0.0
tess2024196212429,confirmed_planet,,0.5780579,1.1547126919031143,1.0,0.0007015466690063477
tess2024196212429,confirmed_planet,,0.63860124,1.1745925694704056,1.0,0.05130493640899658
tess2021204101404,confirmed_planet,,0.39877856,1.410147249698639,1.0,0.0
tess2024003055635,confirmed_planet,,0.5726752,1.2759347259998322,1.0,0.0
tess2024030031500,confirmed_planet,,0.58839226,1.29106867313385,1.0,0.0
tess2022217014003,confirmed_planet,,0.60384053,1.135897159576416,1.0,0.035891950130462646
tess2024030031500,confirmed_planet,,0.553321,1.3824604749679565,1.0,0.0
tess2022190063128,confirmed_planet,,0.5526166,1.2038800120353699,1.0,0.0
tess2024223182411,confirmed_planet,,0.5768857,1.344579815864563,1.0,0.0
tess2024003055635,confirmed_planet,,0.6136977,1.4737273156642914,1.0,0.0
tess2024030031500,confirmed_planet,,0.5788336,1.2858292162418365,1.0,0.0
tess2022164095748,confirmed_planet,,0.5885275,1.1935652792453766,1.0,0.0
tess2022190063128,confirmed_planet,,0.5223052,1.1808797866106033,1.0,0.0
tess2022190063128,confirmed_planet,,0.41196874,1.3480923175811768,1.0,0.0
tess2024170053053,confirmed_planet,,0.6517334,1.2292122840881348,1.0,0.03712725639343262
tess2024249191853,confirmed_planet,,0.58605844,1.2049164921045303,1.0,0.0
tess2022217014003,confirmed_planet,,0.59314555,1.3142758905887604,1.0,0.0
tess2024003055635,confirmed_planet,,0.56501025,1.4266404807567596,1.0,0.0
tess2022164095748,confirmed_planet,,0.48432603,1.2206379622220993,1.0,0.0
tess2022190063128,confirmed_planet,,0.56579316,1.1575911194086075,1.0,0.0
tess2024030031500,confirmed_planet,,0.576203,1.3801698684692383,1.0,0.0
tess2024223182411,confirmed_planet,,0.6046358,1.4542215466499329,1.0,0.0
tess2024196212429,confirmed_planet,,0.5933171,1.2764723896980286,1.0,0.0
tess2024196212429,confirmed_planet,,0.6322315,1.1002179086208344,1.0,0.08212250471115112
tess2024196212429,confirmed_planet,,0.6125396,1.3216893374919891,1.0,0.0
tess2024003055635,confirmed_planet,,0.54646045,1.2128495872020721,1.0,0.0
tess2024003055635,confirmed_planet,,0.6041391,1.4704281985759735,1.0,0.0
tess2024196212429,confirmed_planet,,0.5568784,1.2897539138793945,1.0,0.0
tess2024003055635,confirmed_planet,,0.5654615,1.1591353118419647,1.0,0.0
tess2024170053053,confirmed_planet,,0.5741804,1.474824458360672,1.0,0.0
tess2021175071901,confirmed_planet,,0.5615637,1.17753466963768,1.0,0.0
tess2022190063128,confirmed_planet,,0.5797351,1.2457514703273773,1.0,0.0
tess2024223182411,confirmed_planet,,0.58723485,1.3025545179843903,1.0,0.0
tess2022164095748,confirmed_planet,,0.5902011,1.3008406460285187,1.0,0.0
tess2024030031500,confirmed_planet,,0.57189345,1.2878864407539368,1.0,0.0
tess2024030031500,confirmed_planet,,0.59028363,1.3368173241615295,1.0,0.0
tess2022217014003,confirmed_planet,,0.6004741,1.292679876089096,1.0,0.0
tess2024030031500,confirmed_planet,,0.5435177,1.2708248496055603,1.0,0.0
tess2021175071901,confirmed_planet,,0.57347584,1.3861859440803528,1.0,0.0
tess2024003055635,confirmed_planet,,0.5762745,1.5441516637802124,1.0,0.0
tess2024030031500,confirmed_planet,,0.55447316,1.3236861824989319,1.0,0.0
tess2022190063128,confirmed_planet,,0.5386252,1.3651622235774994,1.0,0.0
tess2021204101404,confirmed_planet,,0.5860279,1.3845138549804688,1.0,0.0
tess2021204101404,confirmed_planet,,0.60577476,1.5421376824378967,1.0,0.0
tess2022217014003,confirmed_planet,,0.6122755,1.4383641481399536,1.0,0.0
tess2022190063128,confirmed_planet,,0.6091556,1.1133446618914604,1.0,0.05248326063156128
tess2022164095748,confirmed_planet,,0.59984684,1.4787555932998657,1.0,0.0
tess2024249191853,confirmed_planet,,0.5798792,1.268432378768921,1.0,0.0
tess2024003055635,confirmed_planet,,0.58104724,1.0925625339150429,1.0,0.03476595878601074
tess2022217014003,confirmed_planet,,0.57911694,1.1253565698862076,1.0,0.016438663005828857
tess2022190063128,confirmed_planet,,0.5711702,1.2172287106513977,1.0,0.0
tess2024003055635,confirmed_planet,,0.5966977,1.3141471147537231,1.0,0.0
tess2024170053053,confirmed_planet,,0.5989543,1.40402090549469,1.0,0.0
tess2024196212429,confirmed_planet,,0.6127345,1.0895174890756607,1.0,0.06797575950622559
tess2021175071901,confirmed_planet,,0.59624815,1.2489044666290283,1.0,0.0
tess2024223182411,confirmed_planet,,0.5971216,1.191881686449051,1.0,0.0011807680130004883
tess2021204101404,confirmed_planet,,0.56344956,1.4535914659500122,1.0,0.0
tess2024196212429,confirmed_planet,,0.59904337,1.276362031698227,1.0,0.0
tess2024223182411,confirmed_planet,,0.60721004,1.1951511353254318,1.0,0.00963449478149414
tess2024170053053,confirmed_planet,,0.27693102,1.115040510892868,0.8344513177871704,0.0
tess2024030031500,confirmed_planet,,0.21017669,1.0882971659302711,0.754325270652771,0.0
tess2021175071901,confirmed_planet,,0.6280704,1.3640680611133575,1.0,0.0
tess2024030031500,confirmed_planet,,0.5999281,1.2591659724712372,1.0,0.0
tess2022190063128,confirmed_planet,,0.5874917,1.3785714507102966,1.0,0.0
tess2024196212429,confirmed_planet,,0.60107255,1.1894037872552872,1.0,0.006370663642883301
tess2022217014003,confirmed_planet,,0.5756592,1.095665156841278,1.0,0.02782660722732544
tess2021204101404,confirmed_planet,,0.56526595,1.1358254253864288,1.0,0.0
tess2024196212429,confirmed_planet,,0.64721185,1.2391302585601807,1.0,0.02764672040939331
tess2024030031500,confirmed_planet,,0.56777376,1.3111201226711273,1.0,0.0
tess2024170053053,confirmed_planet,,0.5785839,1.071205958724022,1.0,0.04298090934753418
tess2024196212429,confirmed_planet,,0.6226293,1.5413458943367004,1.0,0.0
tess2024030031500,confirmed_planet,,0.57108146,1.5345886945724487,1.0,0.0
tess2024196212429,confirmed_planet,,0.5786738,1.28498575091362,1.0,0.0
tess2024196212429,confirmed_planet,,0.60576206,1.1382497698068619,1.0,0.036637187004089355
tess2024196212429,confirmed_planet,,0.59849507,1.208380401134491,1.0,0.0
tess2024003055635,confirmed_planet,,0.5956692,1.2994970381259918,1.0,0.0
tess2024196212429,confirmed_planet,,0.58837557,0.9875896973535419,1.0,0.09458070993423462
tess2024170053053,confirmed_planet,,0.5599494,1.0950307101011276,1.0,0.012434065341949463
tess2024003055635,confirmed_planet,,0.5964271,1.1936628967523575,1.0,0.0
tess2024003055635,confirmed_planet,,0.6142215,1.3327646851539612,1.0,0.0
tess2024196212429,confirmed_planet,,0.61677754,1.4646489024162292,1.0,0.0
tess2024223182411,confirmed_planet,,0.60965145,1.1301080286502838,1.0,0.04459744691848755
tess2024196212429,confirmed_planet,,0.5842759,1.4255443215370178,1.0,0.0
tess2024223182411,confirmed_planet,,0.5830865,1.2501164376735687,1.0,0.0
tess2024030031500,confirmed_planet,,0.60972273,1.266088753938675,1.0,0.0
tess2024196212429,confirmed_planet,,0.62958616,1.2172158807516098,1.0,0.020978212356567383
tess2024030031500,confirmed_planet,,0.6091369,1.3495240807533264,1.0,0.0
tess2021175071901,confirmed_planet,,0.49675325,1.4589879512786865,1.0,0.0
tess2024196212429,confirmed_planet,,0.6083722,1.2232646942138672,1.0,0.0
tess2024030031500,confirmed_planet,,0.5814605,1.21420918405056,1.0,0.0
tess2024003055635,confirmed_planet,,0.44208133,1.165933072566986,1.0,0.0
tess2024196212429,confirmed_planet,,0.5754793,1.3037926852703094,1.0,0.0
tess2022164095748,confirmed_planet,,0.593018,1.5305423736572266,1.0,0.0
tess2024223182411,confirmed_planet,,0.60308075,1.4446698427200317,1.0,0.0
tess2024003055635,confirmed_planet,,0.55603975,1.262180507183075,1.0,0.0
tess2024003055635,confirmed_planet,,0.63205856,1.119406558573246,1.0,0.07235527038574219
tess2024196212429,confirmed_planet,,0.6138912,1.3333244919776917,1.0,0.0
tess2024223182411,confirmed_planet,,0.5992063,1.2565656006336212,1.0,0.0
tess2024196212429,confirmed_planet,,0.6134339,1.378064751625061,1.0,0.0
tess2022217014003,confirmed_planet,,0.60866505,1.3313567638397217,1.0,0.0
tess2024003055635,confirmed_planet,,0.57776797,1.2418225407600403,1.0,0.0
tess2024196212429,confirmed_planet,,0.6211587,1.308389812707901,1.0,0.0
tess2024223182411,confirmed_planet,,0.5663036,1.2782355546951294,1.0,0.0
tess2024196212429,confirmed_planet,,0.59903586,1.2604665160179138,1.0,0.0
tess2024223182411,confirmed_planet,,0.5875801,1.2242613434791565,1.0,0.0
tess2024170053053,confirmed_planet,,0.6258272,1.1168882623314857,1.0,0.0673830509185791
tess2024223182411,confirmed_planet,,0.5911441,1.1503255814313889,1.0,0.015981316566467285
tess2021204101404,confirmed_planet,,0.36262962,1.463790237903595,1.0,0.0
tess2024030031500,confirmed_planet,,0.5652881,1.187811240553856,1.0,0.0
tess2022190063128,confirmed_planet,,0.5886812,1.1758892089128494,1.0,0.0007365942001342773
tess2021175071901,confirmed_planet,,0.5839087,1.3363107740879059,1.0,0.0
tess2024170053053,confirmed_planet,,0.55336547,1.3482043743133545,1.0,0.0
tess2024170053053,confirmed_planet,,0.5563718,1.3296929597854614,1.0,0.0
tess2024196212429,confirmed_planet,,0.6181507,1.360771805047989,1.0,0.0
tess2022190063128,confirmed_planet,,0.56330043,1.1781393736600876,1.0,0.0
tess2024170053053,confirmed_planet,,0.58068764,1.4759288430213928,1.0,0.0
tess2021204101404,confirmed_planet,,0.5660538,1.1485650688409805,1.0,0.0
tess2024196212429,confirmed_planet,,0.62499124,1.2761713564395905,1.0,0.0
tess2024030031500,confirmed_planet,,0.55068374,1.3229378163814545,1.0,0.0
tess2022190063128,confirmed_planet,,0.5662777,1.3796896636486053,1.0,0.0
tess2024223182411,confirmed_planet,,0.57101816,1.3667220771312714,1.0,0.0
tess2024196212429,confirmed_planet,,0.52710307,1.075773924589157,1.0,0.0
tess2024003055635,confirmed_planet,,0.61834884,1.152691438794136,1.0,0.042003095149993896
tess2021175071901,confirmed_planet,,0.58501184,1.3908758759498596,1.0,0.0
tess2021175071901,confirmed_planet,,0.61742526,1.3618915677070618,1.0,0.0
tess2024170053053,confirmed_planet,,0.38285246,1.290589064359665,1.0,0.0
tess2024003055635,confirmed_planet,,0.5365693,1.2630305886268616,1.0,0.0
tess2021175071901,confirmed_planet,,0.5939795,1.2222344875335693,1.0,0.0
tess2022190063128,confirmed_planet,,0.5831556,1.1137164384126663,1.0,0.026297330856323242
tess2021204101404,confirmed_planet,,0.55850196,1.2525607347488403,1.0,0.0
tess2024003055635,confirmed_planet,,0.5728535,1.2584398984909058,1.0,0.0
tess2024223182411,confirmed_planet,,0.5815418,1.0558008067309856,1.0,0.05364137887954712
tess2024030031500,confirmed_planet,,0.56010634,1.4315175414085388,1.0,0.0
tess2024170053053,confirmed_planet,,0.56983817,1.0867764726281166,1.0,0.026449918746948242
tess2024030031500,confirmed_planet,,0.5225699,1.0910150557756424,1.0,0.0
tess2024223182411,confirmed_planet,,0.4767884,1.3749963641166687,1.0,0.0
tess2024003055635,confirmed_planet,,0.581131,1.3551963865756989,1.0,0.0
tess2024223182411,confirmed_planet,,0.4204438,1.1183123886585236,0.9795999526977539,0.0
tess2024058030222,confirmed_planet,,0.5780749,1.2143948376178741,1.0,0.0
tess2024196212429,confirmed_planet,,0.6127157,1.2274608761072159,1.0,0.0
tess2024223182411,confirmed_planet,,0.59165746,1.2144050896167755,1.0,0.0
tess2024170053053,confirmed_planet,,0.5612419,1.2472881376743317,1.0,0.0
tess2022190063128,confirmed_planet,,0.58141357,1.5185285210609436,1.0,0.0
tess2024058030222,confirmed_planet,,0.28381318,1.1447514295578003,0.8561888933181763,0.0
tess2024030031500,confirmed_planet,,0.60626465,1.122949756681919,1.0,0.044789791107177734
tess2024030031500,confirmed_planet,,0.5816929,1.161942794919014,1.0,0.0007214546203613281
tess2024030031500,confirmed_planet,,0.58975327,1.3600517809391022,1.0,0.0
tess2024003055635,confirmed_planet,,0.5846078,1.2332960665225983,1.0,0.0
tess2024030031500,confirmed_planet,,0.581433,1.22813880443573,1.0,0.0
tess2024058030222,confirmed_planet,,0.5642123,1.4523196518421173,1.0,0.0
tess2024223182411,confirmed_planet,,0.60447216,1.2586156725883484,1.0,0.0
tess2024196212429,confirmed_planet,,0.62065387,1.2060519456863403,1.0,0.01762789487838745
tess2024249191853,confirmed_planet,,0.5944318,1.3505913019180298,1.0,0.0
tess2024223182411,confirmed_planet,,0.61279494,1.2705804109573364,1.0,0.0
tess2024170053053,confirmed_planet,,0.5875564,1.489437848329544,1.0,0.0
tess2019226182529,confirmed_planet,,0.5765455,1.5920449495315552,1.0,0.0
tess2024170053053,confirmed_planet,,0.6077737,1.350645512342453,1.0,0.0
tess2024196212429,confirmed_planet,,0.5857967,1.29056516289711,1.0,0.0
tess2024003055635,confirmed_planet,,0.47262567,1.2702561616897583,1.0,0.0
tess2024003055635,confirmed_planet,,0.57148194,1.1452557891607285,1.0,0.0
tess2024223182411,confirmed_planet,,0.5810356,1.2716040015220642,1.0,0.0
tess2024196212429,confirmed_planet,,0.6163594,1.3423043489456177,1.0,0.0
tess2024170053053,confirmed_planet,,0.55713207,1.3046826422214508,1.0,0.0
tess2024030031500,confirmed_planet,,0.56635,1.2052117586135864,1.0,0.0
tess2022190063128,confirmed_planet,,0.5578509,1.184087410569191,1.0,0.0
tess2022164095748,confirmed_planet,,0.62131816,1.294777125120163,1.0,0.0
tess2022217014003,confirmed_planet,,0.5842921,1.1325635313987732,1.0,0.018010318279266357
tess2024223182411,confirmed_planet,,0.57914865,1.1861118078231812,1.0,0.0
tess2024196212429,confirmed_planet,,0.57910496,1.2367214411497116,1.0,0.0
tess2024030031500,confirmed_planet,,0.5726876,1.43731489777565,1.0,0.0
tess2024196212429,confirmed_planet,,0.6155293,1.4441512823104858,1.0,0.0
tess2024196212429,confirmed_planet,,0.5764272,1.2967428863048553,1.0,0.0
tess2024223182411,confirmed_planet,,0.599797,0.956244058907032,1.0,0.12167498469352722
tess2024223182411,confirmed_planet,,0.5969873,1.4949833750724792,1.0,0.0
tess2024003055635,confirmed_planet,,0.5876999,1.2178113609552383,1.0,0.0
tess2024003055635,confirmed_planet,,0.59412974,1.2635676562786102,1.0,0.0
tess2024003055635,confirmed_planet,,0.575494,1.4316298365592957,1.0,0.0
tess2022164095748,confirmed_planet,,0.6214843,1.3794527351856232,1.0,0.0
tess2024196212429,confirmed_planet,,0.59841675,1.3756847381591797,1.0,0.0
tess2024003055635,confirmed_planet,,0.55981565,1.1080153733491898,1.0,0.005807936191558838
tess2024058030222,confirmed_planet,,0.5631146,1.3187200427055359,1.0,0.0
tess2024003055635,confirmed_planet,,0.577366,1.320259690284729,1.0,0.0
tess2024223182411,confirmed_planet,,0.6006184,1.2788915634155273,1.0,0.0
tess2024223182411,confirmed_planet,,0.5915212,1.2029153406620026,1.0,0.0
tess2024003055635,confirmed_planet,,0.58978105,1.4212056994438171,1.0,0.0
tess2024196212429,confirmed_planet,,0.58658224,1.3820399641990662,1.0,0.0
tess2024223182411,confirmed_planet,,0.5493676,1.059085313230753,1.0,0.01982492208480835
tess2024196212429,confirmed_planet,,0.5962023,1.4455736577510834,1.0,0.0
tess2024170053053,confirmed_planet,,0.5740222,1.2965819239616394,1.0,0.0
tess2024058030222,confirmed_planet,,0.5478427,1.5584795475006104,1.0,0.0
tess2024003055635,confirmed_planet,,0.57332355,1.3669092655181885,1.0,0.0
tess2024030031500,confirmed_planet,,0.5838702,1.4715251326560974,1.0,0.0
tess2024223182411,confirmed_planet,,0.5859979,1.0951733961701393,1.0,0.03841120004653931
tess2024223182411,confirmed_planet,,0.6244421,1.0007571503520012,1.0,0.12406355142593384
tess2024223182411,confirmed_planet,,0.58361477,1.1435029357671738,1.0,0.011863291263580322
tess2021204101404,confirmed_planet,,0.56258094,1.195096343755722,1.0,0.0
tess2024030031500,confirmed_planet,,0.591977,1.235770270228386,1.0,0.0
tess2024223182411,confirmed_planet,,0.4956237,1.1268659234046936,1.0,0.0
tess2021204101404,confirmed_planet,,0.5714715,1.2968827188014984,1.0,0.0
tess2024170053053,confirmed_planet,,0.6085594,1.2261077910661697,1.0,0.0
tess2024196212429,confirmed_planet,,0.5938972,1.4549587666988373,1.0,0.0
tess2024223182411,confirmed_planet,,0.6143844,1.2142191678285599,1.0,0.007274806499481201
tess2024223182411,confirmed_planet,,0.57306266,1.1546563506126404,1.0,0.0
tess2024170053053,confirmed_planet,,0.5809455,1.2538722455501556,1.0,0.0
tess2024196212429,confirmed_planet,,0.612584,1.459973007440567,1.0,0.0
tess2024196212429,confirmed_planet,,0.6076925,1.1865427643060684,1.0,0.01442110538482666
tess2024223182411,confirmed_planet,,0.5779984,1.4254953265190125,1.0,0.0
tess2024003055635,confirmed_planet,,0.58668613,1.1619073152542114,1.0,0.005732476711273193
tess2021204101404,confirmed_planet,,0.5728896,1.330780416727066,1.0,0.0
tess2022190063128,confirmed_planet,,0.5751538,1.39520925283432,1.0,0.0
tess2024030031500,confirmed_planet,,0.5881573,1.3488359153270721,1.0,0.0
tess2024170053053,confirmed_planet,,0.59215283,1.437180072069168,1.0,0.0
tess2024223182411,confirmed_planet,,0.57325894,1.3225792348384857,1.0,0.0
tess2024223182411,confirmed_planet,,0.6174591,1.5148297548294067,1.0,0.0
tess2024223182411,confirmed_planet,,0.6013471,1.3316854238510132,1.0,0.0
tess2024223182411,confirmed_planet,,0.58486134,1.0445145592093468,1.0,0.06260406970977783
tess2024196212429,confirmed_planet,,0.62348735,1.162839636206627,1.0,0.042067527770996094
tess2024058030222,confirmed_planet,,0.56703365,1.2981235682964325,1.0,0.0
tess2024223182411,confirmed_planet,,0.6059913,0.9789344500750303,1.0,0.11652407050132751
tess2024003055635,confirmed_planet,,0.5764118,1.2748146653175354,1.0,0.0
tess2024223182411,confirmed_planet,,0.57419205,1.3348840773105621,1.0,0.0
tess2024003055635,confirmed_planet,,0.56865394,1.3513634204864502,1.0,0.0
tess2024003055635,confirmed_planet,,0.60739744,1.2738940715789795,1.0,0.0
tess2024170053053,confirmed_planet,,0.5493768,1.166159749031067,1.0,0.0
tess2021175071901,confirmed_planet,,0.46613938,1.1634944826364517,1.0,0.0
tess2024249191853,confirmed_planet,,0.56368816,1.4548527896404266,1.0,0.0
tess2022190063128,confirmed_planet,,0.58223724,1.3130612075328827,1.0,0.0
tess2024030031500,confirmed_planet,,0.5860466,1.407779335975647,1.0,0.0
tess2024223182411,confirmed_planet,,0.60017496,1.3314414322376251,1.0,0.0
tess2024030031500,confirmed_planet,,0.61803585,1.1331914812326431,1.0,0.05144011974334717
tess2024170053053,confirmed_planet,,0.54551554,1.0846459865570068,1.0,0.0031925439834594727
tess2021204101404,confirmed_planet,,0.5629319,0.9064426943659782,1.0,0.10971054434776306
tess2024196212429,confirmed_planet,,0.2291509,1.0590491816401482,0.7586754560470581,0.0
tess2021204101404,confirmed_planet,,0.34838957,1.3232947885990143,1.0,0.0
tess2024003055635,confirmed_planet,,0.588243,1.3949995934963226,1.0,0.0
tess2024196212429,confirmed_planet,,0.5873001,1.3521831631660461,1.0,0.0
tess2024223182411,confirmed_planet,,0.59147733,1.457767277956009,1.0,0.0
tess2024030031500,confirmed_planet,,0.5683039,1.5175995230674744,1.0,0.0
tess2024223182411,confirmed_planet,,0.6092928,1.186580553650856,1.0,0.016002535820007324
tess2024030031500,confirmed_planet,,0.31853878,1.150898739695549,0.8939881324768066,0.0
tess2024223182411,confirmed_planet,,0.5983567,1.4145342111587524,1.0,0.0
tess2024223182411,confirmed_planet,,0.6209265,1.1434214860200882,1.0,0.049215734004974365
tess2022164095748,confirmed_planet,,0.62941164,1.537373125553131,1.0,0.0
tess2024058030222,confirmed_planet,,0.553961,0.9825633261352777,1.0,0.06267932057380676
tess2022190063128,confirmed_planet,,0.5976915,1.267714023590088,1.0,0.0
tess2024003055635,confirmed_planet,,0.60250735,1.3268287181854248,1.0,0.0
tess2022190063128,confirmed_planet,,0.561052,1.332108587026596,1.0,0.0
tess2024223182411,confirmed_planet,,0.5921374,1.2418978661298752,1.0,0.0
tess2022244194134,confirmed_planet,,0.5714639,1.1799819767475128,1.0,0.0
tess2024003055635,confirmed_planet,,0.579084,1.338820219039917,1.0,0.0
tess2024030031500,confirmed_planet,,0.5817791,1.2649769186973572,1.0,0.0
tess2024058030222,confirmed_planet,,0.5593272,1.159309834241867,1.0,0.0
tess2024196212429,confirmed_planet,,0.5599045,1.2602260112762451,1.0,0.0
tess2024223182411,confirmed_planet,,0.596065,1.0074046780355275,1.0,0.09236264228820801
tess2024196212429,confirmed_planet,,0.6044138,1.3092805743217468,1.0,0.0
tess2024223182411,confirmed_planet,,0.5474186,1.1117947548627853,1.0,0.0
tess2024196212429,confirmed_planet,,0.5175215,1.558669924736023,1.0,0.0
tess2024170053053,confirmed_planet,,0.59080195,1.3502606451511383,1.0,0.0
tess2024003055635,confirmed_planet,,0.57382643,1.1131041646003723,1.0,0.01727437973022461
tess2024030031500,confirmed_planet,,0.5835164,1.272865206003189,1.0,0.0
tess2021204101404,confirmed_planet,,0.5955198,1.5130337476730347,1.0,0.0
tess2022164095748,confirmed_planet,,0.560356,1.481052964925766,1.0,0.0
tess2024170053053,confirmed_planet,,0.57041097,1.2444226890802383,1.0,0.0
tess2022217014003,confirmed_planet,,0.5260719,1.230251282453537,1.0,0.0
tess2019198215352,confirmed_planet,,0.56715375,0.8708274960517883,1.0,0.131740003824234
tess2024003055635,confirmed_planet,,0.5637938,1.2090225964784622,1.0,0.0
tess2022217014003,confirmed_planet,,0.5942553,1.0515761636197567,1.0,0.06846725940704346
tess2022190063128,confirmed_planet,,0.60007054,1.210840255022049,1.0,0.0
tess2024223182411,confirmed_planet,,0.5008222,1.1913877576589584,1.0,0.0
tess2024223182411,confirmed_planet,,0.5856686,1.2394010424613953,1.0,0.0
tess2024170053053,confirmed_planet,,0.5737237,1.2195853143930435,1.0,0.0
tess2024170053053,confirmed_planet,,0.60985684,1.3627189993858337,1.0,0.0
tess2024170053053,confirmed_planet,,0.596576,1.2476558685302734,1.0,0.0
tess2021204101404,confirmed_planet,,0.5871412,1.374080091714859,1.0,0.0
tess2024170053053,confirmed_planet,,0.37820032,1.585145652294159,1.0,0.0
tess2022217014003,confirmed_planet,,0.63778657,1.025693416595459,1.0,0.12493985891342163
tess2024223182411,confirmed_planet,,0.5840038,1.2694116830825806,1.0,0.0
tess2021175071901,confirmed_planet,,0.61239827,1.212468072772026,1.0,0.006164252758026123
tess2021204101404,confirmed_planet,,0.5815503,1.2424391210079193,1.0,0.0
tess2024196212429,confirmed_planet,,0.6083456,1.1342042833566666,1.0,0.04124349355697632
tess2024196212429,confirmed_planet,,0.6231382,1.269611269235611,1.0,0.0
tess2024249191853,confirmed_planet,,0.580436,1.2192045748233795,1.0,0.0
tess2024170053053,confirmed_planet,,0.5674306,1.0912522226572037,1.0,0.021804511547088623
tess2024003055635,confirmed_planet,,0.5966464,1.2256330102682114,1.0,0.0
tess2021204101404,confirmed_planet,,0.57256395,1.333162635564804,1.0,0.0
tess2021204101404,confirmed_planet,,0.58344245,1.2745532989501953,1.0,0.0
tess2022164095748,confirmed_planet,,0.63318396,1.337508112192154,1.0,0.0
tess2021204101404,confirmed_planet,,0.587773,1.1693544834852219,1.0,0.0030958056449890137
tess2022217014003,confirmed_planet,,0.5649373,1.3163705468177795,1.0,0.0
tess2024223182411,confirmed_planet,,0.58400065,1.3035340011119843,1.0,0.0
tess2024196212429,confirmed_planet,,0.57715124,1.3450194895267487,1.0,0.0
tess2024223182411,confirmed_planet,,0.59037524,1.3768185675144196,1.0,0.0
tess2024170053053,confirmed_planet,,0.568068,1.2044729739427567,1.0,0.0
tess2022190063128,confirmed_planet,,0.5874205,1.4401677250862122,1.0,0.0
tess2022217014003,confirmed_planet,,0.18933383,1.0232518296688795,0.7009596824645996,0.0
tess2024223182411,confirmed_planet,,0.5768618,1.3884930908679962,1.0,0.0
tess2024196212429,confirmed_planet,,0.61001635,1.4268384277820587,1.0,0.0
tess2024196212429,confirmed_planet,,0.5851921,1.4016892910003662,1.0,0.0
tess2024196212429,confirmed_planet,,0.5926857,1.3794387876987457,1.0,0.0
tess2024030031500,confirmed_planet,,0.57712156,1.2160943895578384,1.0,0.0
tess2024170053053,confirmed_planet,,0.5707302,0.9986743852496147,1.0,0.07139301300048828
tess2024030031500,confirmed_planet,,0.5487822,1.3162758648395538,1.0,0.0
tess2024003055635,confirmed_planet,,0.2601009,1.3484577536582947,0.9343298077583313,0.0
tess2022190063128,confirmed_planet,,0.58271354,1.1396747380495071,1.0,0.012876152992248535
tess2024223182411,confirmed_planet,,0.61836714,1.3935332000255585,1.0,0.0
tess2024058030222,confirmed_planet,,0.5669716,1.2902623414993286,1.0,0.0
tess2024223182411,confirmed_planet,,0.5884114,1.3324680030345917,1.0,0.0
tess2022190063128,confirmed_planet,,0.4663499,1.2076668292284012,1.0,0.0
tess2024003055635,confirmed_planet,,0.5556084,1.4676384031772614,1.0,0.0
tess2024196212429,confirmed_planet,,0.6234219,1.1215074807405472,1.0,0.06266814470291138
tess2024170053053,confirmed_planet,,0.56119305,1.3224410712718964,1.0,0.0
tess2022190063128,confirmed_planet,,0.565135,1.4418606162071228,1.0,0.0
tess2024170053053,confirmed_planet,,0.58087695,0.9920209646224976,1.0,0.084866464138031
tess2024223182411,confirmed_planet,,0.5834483,1.4342751502990723,1.0,0.0
tess2024223182411,confirmed_planet,,0.5316461,1.332061380147934,1.0,0.0
tess2021175071901,confirmed_planet,,0.5846143,1.4276697039604187,1.0,0.0
tess2024058030222,confirmed_planet,,0.573161,1.1263160109519958,1.0,0.010002970695495605
tess2024223182411,confirmed_planet,,0.58062196,1.246646985411644,1.0,0.0
tess2021175071901,confirmed_planet,,0.58691823,1.1662690937519073,1.0,0.003783702850341797
tess2022164095748,confirmed_planet,,0.5841704,1.2164141237735748,1.0,0.0
tess2024170053053,confirmed_planet,,0.57787824,1.1506721526384354,1.0,0.00254213809967041
tess2024030031500,confirmed_planet,,0.5699513,1.2300408333539963,1.0,0.0
tess2024223182411,confirmed_planet,,0.5696564,1.4949513971805573,1.0,0.0
tess2024003055635,confirmed_planet,,0.57162243,1.1721156686544418,1.0,0.0
tess2024223182411,confirmed_planet,,0.60584253,1.2590161263942719,1.0,0.0
tess2022190063128,confirmed_planet,,0.589378,1.0384526662528515,1.0,0.070151686668396
tess2021204101404,confirmed_planet,,0.5928557,1.413252979516983,1.0,0.0
tess2024030031500,confirmed_planet,,0.5929014,1.1692948192358017,1.0,0.008253991603851318
tess2024196212429,confirmed_planet,,0.59279054,1.1549161672592163,1.0,0.015332460403442383
tess2024003055635,confirmed_planet,,0.5592658,1.298498272895813,1.0,0.0
tess2024223182411,confirmed_planet,,0.60041416,1.5265997052192688,1.0,0.0
tess2024223182411,confirmed_planet,,0.5885716,1.2825804650783539,1.0,0.0
tess2024170053053,confirmed_planet,,0.57247126,1.26915842294693,1.0,0.0
tess2019198215352,confirmed_planet,,0.5951902,1.3721841275691986,1.0,0.0
tess2024196212429,confirmed_planet,,0.5490341,1.1911239922046661,1.0,0.0
tess2024003055635,confirmed_planet,,0.5955871,1.351471722126007,1.0,0.0
tess2024003055635,confirmed_planet,,0.61139435,1.343726485967636,1.0,0.0
tess2024196212429,confirmed_planet,,0.62190276,1.2195184528827667,1.0,0.012143552303314209
tess2024170053053,confirmed_planet,,0.6438529,1.309949904680252,1.0,0.0
tess2024030031500,confirmed_planet,,0.559955,1.2546079754829407,1.0,0.0
tess2024223182411,confirmed_planet,,0.61888814,1.1903271824121475,1.0,0.02372455596923828
tess2024249191853,confirmed_planet,,0.6000241,1.149005949497223,1.0,0.025521159172058105
tess2024170053053,confirmed_planet,,0.5479099,1.2511420845985413,1.0,0.0
tess2021175071901,confirmed_planet,,0.6037792,1.2548016905784607,1.0,0.0
tess2022190063128,confirmed_planet,,0.5897326,1.2781522274017334,1.0,0.0
tess2024223182411,confirmed_planet,,0.5863752,1.1963770687580109,1.0,0.0
tess2024003055635,confirmed_planet,,0.5902673,1.1759881675243378,1.0,0.0022732019424438477
tess2021175071901,confirmed_planet,,0.5716503,1.2282372564077377,1.0,0.0
tess2024196212429,confirmed_planet,,0.44260526,1.4172400832176208,1.0,0.0
tess2024030031500,confirmed_planet,,0.554734,1.188862830400467,1.0,0.0
tess2024196212429,confirmed_planet,,0.58470964,1.1648741662502289,1.0,0.0022725462913513184
tess2024223182411,confirmed_planet,,0.59143645,1.180353805422783,1.0,0.0012595653533935547
tess2024058030222,confirmed_planet,,0.5495726,1.0011727176606655,1.0,0.04898625612258911
tess2021204101404,confirmed_planet,,0.564173,1.4143067300319672,1.0,0.0
tess2022190063128,confirmed_planet,,0.5840286,1.4656735062599182,1.0,0.0
tess2024030031500,confirmed_planet,,0.5688658,1.3139150738716125,1.0,0.0
tess2024196212429,confirmed_planet,,0.6107778,1.1679865419864655,1.0,0.026784539222717285
tess2020160202036,confirmed_planet,,0.5779121,1.161922350525856,1.0,0.0
tess2024196212429,confirmed_planet,,0.6176403,1.1340671479701996,1.0,0.050606727600097656
tess2024170053053,confirmed_planet,,0.6014376,1.2073602229356766,1.0,0.0
tess2021204101404,confirmed_planet,,0.5979087,1.2046248465776443,1.0,0.0
tess2023341045131,confirmed_planet,,0.5859828,1.3010604679584503,1.0,0.0
tess2022190063128,confirmed_planet,,0.6070763,1.4302773773670197,1.0,0.0
tess2022164095748,confirmed_planet,,0.60430336,1.3035177886486053,1.0,0.0
tess2022190063128,confirmed_planet,,0.57159615,1.3339020311832428,1.0,0.0
tess2024196212429,confirmed_planet,,0.57958895,1.1040095090866089,1.0,0.027584195137023926
tess2022217014003,confirmed_planet,,0.580104,1.4299852550029755,1.0,0.0
tess2022190063128,confirmed_planet,,0.5771035,1.1683071106672287,1.0,0.0
tess2024196212429,confirmed_planet,,0.58103186,1.2798370122909546,1.0,0.0
tess2024030031500,confirmed_planet,,0.58097476,1.2191598415374756,1.0,0.0
tess2024170053053,confirmed_planet,,0.551958,1.05004096403718,1.0,0.026937544345855713
tess2024196212429,confirmed_planet,,0.62954074,1.246119663119316,1.0,0.0064809322357177734
tess2024223182411,confirmed_planet,,0.618777,1.4215830862522125,1.0,0.0
tess2024170053053,confirmed_planet,,0.5404198,1.177726835012436,1.0,0.0
tess2024170053053,confirmed_planet,,0.5561988,1.009406577795744,1.0,0.051495492458343506
tess2021204101404,confirmed_planet,,0.5976424,1.4884746670722961,1.0,0.0
tess2024223182411,confirmed_planet,,0.60403,1.2122669368982315,1.0,0.0
tess2024223182411,confirmed_planet,,0.59967816,1.4283902943134308,1.0,0.0
tess2024223182411,confirmed_planet,,0.61583024,1.2607032358646393,1.0,0.0
tess2024223182411,confirmed_planet,,0.5874616,1.398324191570282,1.0,0.0
tess2024030031500,confirmed_planet,,0.6076284,1.1432832032442093,1.0,0.03598678112030029
tess2022217014003,confirmed_planet,,0.50423294,1.369515061378479,1.0,0.0
tess2021204101404,confirmed_planet,,0.59993565,1.3218339383602142,1.0,0.0
tess2024030031500,confirmed_planet,,0.57711595,1.1686475574970245,1.0,0.0
tess2024030031500,confirmed_planet,,0.59298956,1.3345668613910675,1.0,0.0
tess2024030031500,confirmed_planet,,0.5709748,1.3764659762382507,1.0,0.0
tess2024003055635,confirmed_planet,,0.5678345,1.4696781039237976,1.0,0.0
tess2024196212429,confirmed_planet,,0.56511045,1.3452066779136658,1.0,0.0
tess2022164095748,confirmed_planet,,0.43206602,1.3582037389278412,1.0,0.0
tess2024030031500,confirmed_planet,,0.5689564,1.2634425461292267,1.0,0.0
tess2021204101404,confirmed_planet,,0.56926334,1.315653681755066,1.0,0.0
tess2024003055635,confirmed_planet,,0.59612226,1.0840639472007751,1.0,0.054090261459350586
tess2024030031500,confirmed_planet,,0.57774246,1.198724091053009,1.0,0.0
tess2022190063128,confirmed_planet,,0.5418311,1.295367956161499,1.0,0.0
tess2024223182411,confirmed_planet,,0.59239477,1.498398631811142,1.0,0.0
tess2024170053053,confirmed_planet,,0.5903473,1.2548867464065552,1.0,0.0
tess2022190063128,confirmed_planet,,0.35548422,1.1063354387879372,0.9086519479751587,0.0
tess2024030031500,confirmed_planet,,0.56630975,0.8442632555961609,0.9884413480758667,0.1441781222820282
tess2024003055635,confirmed_planet,,0.5511189,1.168205812573433,1.0,0.0
tess2024196212429,confirmed_planet,,0.56120276,1.2218359857797623,1.0,0.0
tess2024058030222,confirmed_planet,,0.5633824,1.1602024585008621,1.0,0.0
tess2024223182411,confirmed_planet,,0.6100106,1.4111133217811584,1.0,0.0
tess2024223182411,confirmed_planet,,0.60492796,1.4435247480869293,1.0,0.0
tess2024223182411,confirmed_planet,,0.6007372,1.1848729401826859,1.0,0.008300721645355225
tess2024223182411,confirmed_planet,,0.58275247,1.429406225681305,1.0,0.0
tess2021204101404,confirmed_planet,,0.36698937,1.2931963503360748,1.0,0.0
tess2024003055635,confirmed_planet,,0.5637134,1.240781992673874,1.0,0.0
tess2024223182411,confirmed_planet,,0.58720124,1.2169270664453506,1.0,0.0
tess2024249191853,confirmed_planet,,0.59250975,1.438943237066269,1.0,0.0
tess2024223182411,confirmed_planet,,0.51975924,1.4126634299755096,1.0,0.0
tess2024003055635,confirmed_planet,,0.5439802,1.5901087522506714,1.0,0.0
tess2021175071901,confirmed_planet,,0.5879609,1.3552404344081879,1.0,0.0
tess2024196212429,confirmed_planet,,0.61183834,1.0604837089776993,1.0,0.0815964937210083
tess2024196212429,confirmed_planet,,0.60700226,1.1227948516607285,1.0,0.045604825019836426
tess2024223182411,confirmed_planet,,0.5714323,1.3243696093559265,1.0,0.0
tess2024170053053,confirmed_planet,,0.590669,1.082374483346939,1.0,0.049481749534606934
tess2024170053053,confirmed_planet,,0.5740274,1.2003328502178192,1.0,0.0
tess2024170053053,confirmed_planet,,0.58194184,1.3080745935440063,1.0,0.0
tess2024030031500,confirmed_planet,,0.5804922,1.1250529885292053,1.0,0.017965734004974365
tess2022190063128,confirmed_planet,,0.45621145,1.1682585179805756,1.0,0.0
tess2022190063128,confirmed_planet,,0.5949389,1.0792458802461624,1.0,0.05531591176986694
tess2024196212429,confirmed_planet,,0.60257626,0.9963345674332231,1.0,0.10440897941589355
tess2024170053053,confirmed_planet,,0.46825022,1.310684621334076,1.0,0.0
tess2021204101404,confirmed_planet,,0.6059963,1.2994714975357056,1.0,0.0
tess2021175071901,confirmed_planet,,0.633981,1.2611443400382996,1.0,0.00340878963470459
tess2024003055635,confirmed_planet,,0.6001925,1.4590258300304413,1.0,0.0
tess2024030031500,confirmed_planet,,0.59706783,1.3516558110713959,1.0,0.0
tess2022217014003,confirmed_planet,,0.6095017,1.2283526957035065,1.0,0.0
tess2024003055635,confirmed_planet,,0.48995146,1.279576063156128,1.0,0.0
tess2021204101404,confirmed_planet,,0.57917315,1.3070972561836243,1.0,0.0
tess2024196212429,confirmed_planet,,0.5868626,1.3480734527111053,1.0,0.0
tess2024196212429,confirmed_planet,,0.5948048,1.280160516500473,1.0,0.0
tess2022190063128,confirmed_planet,,0.5598527,1.3104882538318634,1.0,0.0
tess2024170053053,confirmed_planet,,0.59484565,1.161637857556343,1.0,0.0140267014503479
tess2024196212429,confirmed_planet,,0.5916274,1.161973461508751,1.0,0.01064068078994751
tess2024058030222,confirmed_planet,,0.5496003,1.1660400480031967,1.0,0.0
tess2022217014003,confirmed_planet,,0.60988647,1.5743787288665771,1.0,0.0
tess2024170053053,confirmed_planet,,0.57832974,1.1374112367630005,1.0,0.009624123573303223
tess2021204101404,confirmed_planet,,0.5360537,1.2961823046207428,1.0,0.0
tess2021175071901,confirmed_planet,,0.6008578,1.553555965423584,1.0,0.0
tess2021175071901,confirmed_planet,,0.61495596,1.320521503686905,1.0,0.0
tess2024196212429,confirmed_planet,,0.6255719,1.227605178952217,1.0,0.011769294738769531
tess2024170053053,confirmed_planet,,0.4791335,1.1874836087226868,1.0,0.0
tess2024170053053,confirmed_planet,,0.5321943,1.0742512494325638,1.0,0.0
tess2021175071901,confirmed_planet,,0.563257,1.4292708933353424,1.0,0.0
tess2024170053053,confirmed_planet,,0.5962599,1.3858796060085297,1.0,0.0
tess2024223182411,confirmed_planet,,0.59799063,1.225439429283142,1.0,0.0
tess2024223182411,confirmed_planet,,0.60168767,1.252542108297348,1.0,0.0
tess2021204101404,confirmed_planet,,0.4504308,1.2055255025625229,1.0,0.0
tess2024030031500,confirmed_planet,,0.57167834,1.1194343864917755,1.0,0.011961162090301514
tess2024196212429,confirmed_planet,,0.5847379,1.1853767782449722,1.0,0.0
tess2024030031500,confirmed_planet,,0.5902443,1.4386810660362244,1.0,0.0
tess2024003055635,confirmed_planet,,0.55948573,1.1065038442611694,1.0,0.006233811378479004
tess2024196212429,confirmed_planet,,0.6071754,1.2633363008499146,1.0,0.0
tess2021175071901,confirmed_planet,,0.5695035,1.4257960617542267,1.0,0.0
tess2024223182411,confirmed_planet,,0.52366227,1.3543506860733032,1.0,0.0
tess2024170053053,confirmed_planet,,0.5524456,1.4297293424606323,1.0,0.0
tess2024223182411,confirmed_planet,,0.58915585,1.3655047714710236,1.0,0.0
tess2022217014003,confirmed_planet,,0.55939615,1.245813399553299,1.0,0.0
tess2024249191853,confirmed_planet,,0.57845354,1.2593970000743866,1.0,0.0
tess2024030031500,confirmed_planet,,0.5705321,1.392535239458084,1.0,0.0
tess2024030031500,confirmed_planet,,0.5650968,1.372186303138733,1.0,0.0
