target_id,period,true_label,prob_1d,prob_2d,disagreement
10657406,,ERROR_PROCESSING,,,
UNKNOWN,,SKIPPED_ID_UNKNOWN,,,
11651712,,ERROR_PROCESSING,,,
UNKNOWN,,SKIPPED_ID_UNKNOWN,,,
11285870,,ERROR_PROCESSING,,,
UNKNOWN,,SKIPPED_ID_UNKNOWN,,,
10601284,,ERROR_PROCESSING,,,
10528068,,ERROR_PROCESSING,,,
11457726,,ERROR_PROCESSING,,,
10963242,,ERROR_PROCESSING,,,
11601584,,ERROR_PROCESSING,,,
10388286,,ERROR_PROCESSING,,,
11288505,,ERROR_PROCESSING,,,
10388286,,ERROR_PROCESSING,,,
10937029,,ERROR_PROCESSING,,,
11122894,,ERROR_PROCESSING,,,
UNKNOWN,,SKIPPED_ID_UNKNOWN,,,
10525077,,ERROR_PROCESSING,,,
10538176,,ERROR_PROCESSING,,,
UNKNOWN,,SKIPPED_ID_UNKNOWN,,,
10214162,,ERROR_PROCESSING,,,
11611275,,ERROR_PROCESSING,,,
11250587,,ERROR_PROCESSING,,,
10910878,,ERROR_PROCESSING,,,
10157458,,ERROR_PROCESSING,,,
10577994,,ERROR_PROCESSING,,,
11455181,,ERROR_PROCESSING,,,
10684670,,ERROR_PROCESSING,,,
10795103,,ERROR_PROCESSING,,,
UNKNOWN,,SKIPPED_ID_UNKNOWN,,,
10123064,,ERROR_PROCESSING,,,
10253547,,ERROR_PROCESSING,,,
10153855,,ERROR_PROCESSING,,,
UNKNOWN,,SKIPPED_ID_UNKNOWN,,,
UNKNOWN,,SKIPPED_ID_UNKNOWN,,,
11015323,,ERROR_PROCESSING,,,
11394027,,ERROR_PROCESSING,,,
10098844,,ERROR_PROCESSING,,,
UNKNOWN,,SKIPPED_ID_UNKNOWN,,,
10864656,,ERROR_PROCESSING,,,
11551692,,ERROR_PROCESSING,,,
10879038,,ERROR_PROCESSING,,,
10028535,,ERROR_PROCESSING,,,
UNKNOWN,,SKIPPED_ID_UNKNOWN,,,
10554999,,ERROR_PROCESSING,,,
10963065,,ERROR_PROCESSING,,,
10028535,,ERROR_PROCESSING,,,
10330115,,ERROR_PROCESSING,,,
UNKNOWN,,SKIPPED_ID_UNKNOWN,,,
10525077,,ERROR_PROCESSING,,,
UNKNOWN,,SKIPPED_ID_UNKNOWN,,,
11122894,,ERROR_PROCESSING,,,
UNKNOWN,,SKIPPED_ID_UNKNOWN,,,
UNKNOWN,,SKIPPED_ID_UNKNOWN,,,
10538176,,ERROR_PROCESSING,,,
10874614,,ERROR_PROCESSING,,,
11125797,,ERROR_PROCESSING,,,
11391018,,ERROR_PROCESSING,,,
10213902,,ERROR_PROCESSING,,,
UNKNOWN,,SKIPPED_ID_UNKNOWN,,,
UNKNOWN,,SKIPPED_ID_UNKNOWN,,,
10779233,,ERROR_PROCESSING,,,
10525027,,ERROR_PROCESSING,,,
10587105,,ERROR_PROCESSING,,,
UNKNOWN,,SKIPPED_ID_UNKNOWN,,,
11253711,,ERROR_PROCESSING,,,
10397751,,ERROR_PROCESSING,,,
10717241,,ERROR_PROCESSING,,,
UNKNOWN,,SKIPPED_ID_UNKNOWN,,,
10586004,,ERROR_PROCESSING,,,
10718726,,ERROR_PROCESSING,,,
10666592,,ERROR_PROCESSING,,,
10328458,,ERROR_PROCESSING,,,
11153539,,ERROR_PROCESSING,,,
11624249,,ERROR_PROCESSING,,,
10395381,,ERROR_PROCESSING,,,
11403339,,ERROR_PROCESSING,,,
11014932,,ERROR_PROCESSING,,,
10526549,,ERROR_PROCESSING,,,
11015108,,ERROR_PROCESSING,,,
11493431,,ERROR_PROCESSING,,,
10723750,,ERROR_PROCESSING,,,
10001368,,ERROR_PROCESSING,,,
UNKNOWN,,SKIPPED_ID_UNKNOWN,,,
11507101,,ERROR_PROCESSING,,,
11121752,,ERROR_PROCESSING,,,
10027323,,ERROR_PROCESSING,,,
10426656,,ERROR_PROCESSING,,,
11129258,,ERROR_PROCESSING,,,
11391957,,ERROR_PROCESSING,,,
UNKNOWN,,SKIPPED_ID_UNKNOWN,,,
10662202,,ERROR_PROCESSING,,,
11612280,,ERROR_PROCESSING,,,
11565924,,ERROR_PROCESSING,,,
11560897,,ERROR_PROCESSING,,,
10130039,,ERROR_PROCESSING,,,
11074541,,ERROR_PROCESSING,,,
10619192,,ERROR_PROCESSING,,,
11037335,,ERROR_PROCESSING,,,
11449844,,ERROR_PROCESSING,,,
UNKNOWN,,SKIPPED_ID_UNKNOWN,,,
10723750,,ERROR_PROCESSING,,,
10337258,,ERROR_PROCESSING,,,
10549023,,ERROR_PROCESSING,,,
10549023,,ERROR_PROCESSING,,,
10489345,,ERROR_PROCESSING,,,
UNKNOWN,,SKIPPED_ID_UNKNOWN,,,
11446443,,ERROR_PROCESSING,,,
11121752,,ERROR_PROCESSING,,,
10978763,,ERROR_PROCESSING,,,
11389771,,ERROR_PROCESSING,,,
UNKNOWN,,SKIPPED_ID_UNKNOWN,,,
11509504,,ERROR_PROCESSING,,,
11547505,,ERROR_PROCESSING,,,
10158729,,ERROR_PROCESSING,,,
10723367,,ERROR_PROCESSING,,,
10600261,,ERROR_PROCESSING,,,
11134879,,ERROR_PROCESSING,,,
UNKNOWN,,SKIPPED_ID_UNKNOWN,,,
10123064,,ERROR_PROCESSING,,,
10684670,,ERROR_PROCESSING,,,
10599206,,ERROR_PROCESSING,,,
10404582,,ERROR_PROCESSING,,,
10854768,,ERROR_PROCESSING,,,
10583066,,ERROR_PROCESSING,,,
10878263,,ERROR_PROCESSING,,,
UNKNOWN,,SKIPPED_ID_UNKNOWN,,,
UNKNOWN,,SKIPPED_ID_UNKNOWN,,,
10810838,,ERROR_PROCESSING,,,
UNKNOWN,,SKIPPED_ID_UNKNOWN,,,
10875245,,ERROR_PROCESSING,,,
11498128,,ERROR_PROCESSING,,,
UNKNOWN,,SKIPPED_ID_UNKNOWN,,,
11497958,,ERROR_PROCESSING,,,
11601584,,ERROR_PROCESSING,,,
UNKNOWN,,SKIPPED_ID_UNKNOWN,,,
11414511,,ERROR_PROCESSING,,,
10793172,,ERROR_PROCESSING,,,
11457726,,ERROR_PROCESSING,,,
10528068,,ERROR_PROCESSING,,,
10154388,,ERROR_PROCESSING,,,
10154388,,ERROR_PROCESSING,,,
11359879,,ERROR_PROCESSING,,,
11134879,,ERROR_PROCESSING,,,
11656918,,ERROR_PROCESSING,,,
10686864,,ERROR_PROCESSING,,,
11090556,,ERROR_PROCESSING,,,
UNKNOWN,,SKIPPED_ID_UNKNOWN,,,
10779233,,ERROR_PROCESSING,,,
10525027,,ERROR_PROCESSING,,,
10854768,,ERROR_PROCESSING,,,
10332883,,ERROR_PROCESSING,,,
UNKNOWN,,SKIPPED_ID_UNKNOWN,,,
10874614,,ERROR_PROCESSING,,,
11391018,,ERROR_PROCESSING,,,
11499192,,ERROR_PROCESSING,,,
10098844,,ERROR_PROCESSING,,,
11074835,,ERROR_PROCESSING,,,
UNKNOWN,,SKIPPED_ID_UNKNOWN,,,
10059645,,ERROR_PROCESSING,,,
UNKNOWN,,SKIPPED_ID_UNKNOWN,,,
11192998,,ERROR_PROCESSING,,,
11650401,,ERROR_PROCESSING,,,
10272442,,ERROR_PROCESSING,,,
10879038,,ERROR_PROCESSING,,,
10864656,,ERROR_PROCESSING,,,
10908248,,ERROR_PROCESSING,,,
11414511,,ERROR_PROCESSING,,,
10001368,,ERROR_PROCESSING,,,
UNKNOWN,,SKIPPED_ID_UNKNOWN,,,
11547513,,ERROR_PROCESSING,,,
11493431,,ERROR_PROCESSING,,,
11295426,,ERROR_PROCESSING,,,
UNKNOWN,,SKIPPED_ID_UNKNOWN,,,
10975146,,ERROR_PROCESSING,,,
11656246,,ERROR_PROCESSING,,,
10526887,,ERROR_PROCESSING,,,
10965588,,ERROR_PROCESSING,,,
10024701,,ERROR_PROCESSING,,,
10024701,,ERROR_PROCESSING,,,
10586208,,ERROR_PROCESSING,,,
UNKNOWN,,SKIPPED_ID_UNKNOWN,,,
11253711,,ERROR_PROCESSING,,,
11337566,,ERROR_PROCESSING,,,
10790387,,ERROR_PROCESSING,,,
11403339,,ERROR_PROCESSING,,,
UNKNOWN,,SKIPPED_ID_UNKNOWN,,,
10973814,,ERROR_PROCESSING,,,
10395381,,ERROR_PROCESSING,,,
10328458,,ERROR_PROCESSING,,,
UNKNOWN,,SKIPPED_ID_UNKNOWN,,,
UNKNOWN,,SKIPPED_ID_UNKNOWN,,,
UNKNOWN,,SKIPPED_ID_UNKNOWN,,,
10713616,,ERROR_PROCESSING,,,
UNKNOWN,,SKIPPED_ID_UNKNOWN,,,
10489345,,ERROR_PROCESSING,,,
11308499,,ERROR_PROCESSING,,,
10264660,,ERROR_PROCESSING,,,
10730034,,ERROR_PROCESSING,,,
10973664,,ERROR_PROCESSING,,,
UNKNOWN,,SKIPPED_ID_UNKNOWN,,,
UNKNOWN,,SKIPPED_ID_UNKNOWN,,,
10872983,,ERROR_PROCESSING,,,
10552611,,ERROR_PROCESSING,,,
UNKNOWN,,SKIPPED_ID_UNKNOWN,,,
UNKNOWN,,SKIPPED_ID_UNKNOWN,,,
11389771,,ERROR_PROCESSING,,,
11187837,,ERROR_PROCESSING,,,
10063802,,ERROR_PROCESSING,,,
10591855,,ERROR_PROCESSING,,,
UNKNOWN,,SKIPPED_ID_UNKNOWN,,,
10019708,,ERROR_PROCESSING,,,
UNKNOWN,,SKIPPED_ID_UNKNOWN,,,
11017901,,ERROR_PROCESSING,,,
UNKNOWN,,SKIPPED_ID_UNKNOWN,,,
10407482,,ERROR_PROCESSING,,,
10006581,,ERROR_PROCESSING,,,
UNKNOWN,,SKIPPED_ID_UNKNOWN,,,
10676014,,ERROR_PROCESSING,,,
UNKNOWN,,SKIPPED_ID_UNKNOWN,,,
10006581,,ERROR_PROCESSING,,,
10022908,,ERROR_PROCESSING,,,
10965008,,ERROR_PROCESSING,,,
10004519,,ERROR_PROCESSING,,,
UNKNOWN,,SKIPPED_ID_UNKNOWN,,,
11403389,,ERROR_PROCESSING,,,
11037335,,ERROR_PROCESSING,,,
UNKNOWN,,SKIPPED_ID_UNKNOWN,,,
UNKNOWN,,SKIPPED_ID_UNKNOWN,,,
UNKNOWN,,SKIPPED_ID_UNKNOWN,,,
11391018,,ERROR_PROCESSING,,,
11359879,,ERROR_PROCESSING,,,
11298298,,ERROR_PROCESSING,,,
11129738,,ERROR_PROCESSING,,,
11656918,,ERROR_PROCESSING,,,
10854768,,ERROR_PROCESSING,,,
10779233,,ERROR_PROCESSING,,,
11100383,,ERROR_PROCESSING,,,
10123064,,ERROR_PROCESSING,,,
UNKNOWN,,SKIPPED_ID_UNKNOWN,,,
11122894,,ERROR_PROCESSING,,,
10525077,,ERROR_PROCESSING,,,
10468940,,ERROR_PROCESSING,,,
UNKNOWN,,SKIPPED_ID_UNKNOWN,,,
10538176,,ERROR_PROCESSING,,,
11134879,,ERROR_PROCESSING,,,
UNKNOWN,,SKIPPED_ID_UNKNOWN,,,
11135308,,ERROR_PROCESSING,,,
UNKNOWN,,SKIPPED_ID_UNKNOWN,,,
10793172,,ERROR_PROCESSING,,,
10272442,,ERROR_PROCESSING,,,
10793172,,ERROR_PROCESSING,,,
UNKNOWN,,SKIPPED_ID_UNKNOWN,,,
10154388,,ERROR_PROCESSING,,,
UNKNOWN,,SKIPPED_ID_UNKNOWN,,,
UNKNOWN,,SKIPPED_ID_UNKNOWN,,,
11090556,,ERROR_PROCESSING,,,
10908248,,ERROR_PROCESSING,,,
11090556,,ERROR_PROCESSING,,,
UNKNOWN,,SKIPPED_ID_UNKNOWN,,,
UNKNOWN,,SKIPPED_ID_UNKNOWN,,,
10063208,,ERROR_PROCESSING,,,
10123064,,ERROR_PROCESSING,,,
10779233,,ERROR_PROCESSING,,,
10513530,,ERROR_PROCESSING,,,
11241912,,ERROR_PROCESSING,,,
10404582,,ERROR_PROCESSING,,,
UNKNOWN,,SKIPPED_ID_UNKNOWN,,,
10878263,,ERROR_PROCESSING,,,
10583066,,ERROR_PROCESSING,,,
11074835,,ERROR_PROCESSING,,,
10005788,,ERROR_PROCESSING,,,
11414511,,ERROR_PROCESSING,,,
11650401,,ERROR_PROCESSING,,,
11521793,,ERROR_PROCESSING,,,
11499192,,ERROR_PROCESSING,,,
11498128,,ERROR_PROCESSING,,,
10332883,,ERROR_PROCESSING,,,
11288505,,ERROR_PROCESSING,,,
UNKNOWN,,SKIPPED_ID_UNKNOWN,,,
11285870,,ERROR_PROCESSING,,,
UNKNOWN,,SKIPPED_ID_UNKNOWN,,,
11415243,,ERROR_PROCESSING,,,
10098844,,ERROR_PROCESSING,,,
10122255,,ERROR_PROCESSING,,,
11611600,,ERROR_PROCESSING,,,
11121752,,ERROR_PROCESSING,,,
UNKNOWN,,SKIPPED_ID_UNKNOWN,,,
11019987,,ERROR_PROCESSING,,,
10453588,,ERROR_PROCESSING,,,
UNKNOWN,,SKIPPED_ID_UNKNOWN,,,
UNKNOWN,,SKIPPED_ID_UNKNOWN,,,
11389771,,ERROR_PROCESSING,,,
10024701,,ERROR_PROCESSING,,,
10730070,,ERROR_PROCESSING,,,
10552611,,ERROR_PROCESSING,,,
10965588,,ERROR_PROCESSING,,,
10723750,,ERROR_PROCESSING,,,
11337566,,ERROR_PROCESSING,,,
10089911,,ERROR_PROCESSING,,,
10063802,,ERROR_PROCESSING,,,
11133306,,ERROR_PROCESSING,,,
11446443,,ERROR_PROCESSING,,,
UNKNOWN,,SKIPPED_ID_UNKNOWN,,,
UNKNOWN,,SKIPPED_ID_UNKNOWN,,,
10166274,,ERROR_PROCESSING,,,
UNKNOWN,,SKIPPED_ID_UNKNOWN,,,
11017901,,ERROR_PROCESSING,,,
10615440,,ERROR_PROCESSING,,,
10328458,,ERROR_PROCESSING,,,
11403339,,ERROR_PROCESSING,,,
10545066,,ERROR_PROCESSING,,,
10395381,,ERROR_PROCESSING,,,
10748390,,ERROR_PROCESSING,,,
10022908,,ERROR_PROCESSING,,,
11391957,,ERROR_PROCESSING,,,
10965008,,ERROR_PROCESSING,,,
11295426,,ERROR_PROCESSING,,,
11189311,,ERROR_PROCESSING,,,
11444514,,ERROR_PROCESSING,,,
UNKNOWN,,SKIPPED_ID_UNKNOWN,,,
10854546,,ERROR_PROCESSING,,,
11547513,,ERROR_PROCESSING,,,
10158729,,ERROR_PROCESSING,,,
UNKNOWN,,SKIPPED_ID_UNKNOWN,,,
10004519,,ERROR_PROCESSING,,,
10872983,,ERROR_PROCESSING,,,
10975146,,ERROR_PROCESSING,,,
11493431,,ERROR_PROCESSING,,,
10407482,,ERROR_PROCESSING,,,
10006581,,ERROR_PROCESSING,,,
10019708,,ERROR_PROCESSING,,,
10676014,,ERROR_PROCESSING,,,
10676014,,ERROR_PROCESSING,,,
10328458,,ERROR_PROCESSING,,,
11187837,,ERROR_PROCESSING,,,
UNKNOWN,,SKIPPED_ID_UNKNOWN,,,
10653179,,ERROR_PROCESSING,,,
10395381,,ERROR_PROCESSING,,,
11403339,,ERROR_PROCESSING,,,
10790387,,ERROR_PROCESSING,,,
10713616,,ERROR_PROCESSING,,,
10857519,,ERROR_PROCESSING,,,
10253547,,ERROR_PROCESSING,,,
11455181,,ERROR_PROCESSING,,,
UNKNOWN,,SKIPPED_ID_UNKNOWN,,,
10795103,,ERROR_PROCESSING,,,
11015323,,ERROR_PROCESSING,,,
11394027,,ERROR_PROCESSING,,,
11512246,,ERROR_PROCESSING,,,
UNKNOWN,,SKIPPED_ID_UNKNOWN,,,
10963242,,ERROR_PROCESSING,,,
10388286,,ERROR_PROCESSING,,,
UNKNOWN,,SKIPPED_ID_UNKNOWN,,,
UNKNOWN,,SKIPPED_ID_UNKNOWN,,,
UNKNOWN,,SKIPPED_ID_UNKNOWN,,,
UNKNOWN,,SKIPPED_ID_UNKNOWN,,,
10854768,,ERROR_PROCESSING,,,
10055126,,ERROR_PROCESSING,,,
10386984,,ERROR_PROCESSING,,,
UNKNOWN,,SKIPPED_ID_UNKNOWN,,,
10714072,,ERROR_PROCESSING,,,
UNKNOWN,,SKIPPED_ID_UNKNOWN,,,
UNKNOWN,,SKIPPED_ID_UNKNOWN,,,
UNKNOWN,,SKIPPED_ID_UNKNOWN,,,
UNKNOWN,,SKIPPED_ID_UNKNOWN,,,
11134879,,ERROR_PROCESSING,,,
10538176,,ERROR_PROCESSING,,,
10214162,,ERROR_PROCESSING,,,
10214162,,ERROR_PROCESSING,,,
10525077,,ERROR_PROCESSING,,,
UNKNOWN,,SKIPPED_ID_UNKNOWN,,,
10880507,,ERROR_PROCESSING,,,
UNKNOWN,,SKIPPED_ID_UNKNOWN,,,
11122894,,ERROR_PROCESSING,,,
11601584,,ERROR_PROCESSING,,,
10285631,,ERROR_PROCESSING,,,
UNKNOWN,,SKIPPED_ID_UNKNOWN,,,
10136549,,ERROR_PROCESSING,,,
11288505,,ERROR_PROCESSING,,,
11461433,,ERROR_PROCESSING,,,
11414511,,ERROR_PROCESSING,,,
UNKNOWN,,SKIPPED_ID_UNKNOWN,,,
10601284,,ERROR_PROCESSING,,,
11554435,,ERROR_PROCESSING,,,
11336883,,ERROR_PROCESSING,,,
11415243,,ERROR_PROCESSING,,,
10028535,,ERROR_PROCESSING,,,
10010440,,ERROR_PROCESSING,,,
10963065,,ERROR_PROCESSING,,,
11179076,,ERROR_PROCESSING,,,
UNKNOWN,,SKIPPED_ID_UNKNOWN,,,
11046458,,ERROR_PROCESSING,,,
11551692,,ERROR_PROCESSING,,,
11285870,,ERROR_PROCESSING,,,
UNKNOWN,,SKIPPED_ID_UNKNOWN,,,
10937029,,ERROR_PROCESSING,,,
11455428,,ERROR_PROCESSING,,,
10063208,,ERROR_PROCESSING,,,
10353968,,ERROR_PROCESSING,,,
UNKNOWN,,SKIPPED_ID_UNKNOWN,,,
11450414,,ERROR_PROCESSING,,,
UNKNOWN,,SKIPPED_ID_UNKNOWN,,,
UNKNOWN,,SKIPPED_ID_UNKNOWN,,,
10910878,,ERROR_PROCESSING,,,
UNKNOWN,,SKIPPED_ID_UNKNOWN,,,
11253827,,ERROR_PROCESSING,,,
UNKNOWN,,SKIPPED_ID_UNKNOWN,,,
11037335,,ERROR_PROCESSING,,,
10028792,,ERROR_PROCESSING,,,
UNKNOWN,,SKIPPED_ID_UNKNOWN,,,
10748390,,ERROR_PROCESSING,,,
10916600,,ERROR_PROCESSING,,,
10545066,,ERROR_PROCESSING,,,
10587105,,ERROR_PROCESSING,,,
10130039,,ERROR_PROCESSING,,,
10619192,,ERROR_PROCESSING,,,
11624249,,ERROR_PROCESSING,,,
11391957,,ERROR_PROCESSING,,,
10454632,,ERROR_PROCESSING,,,
10212441,,ERROR_PROCESSING,,,
11624249,,ERROR_PROCESSING,,,
10453588,,ERROR_PROCESSING,,,
UNKNOWN,,SKIPPED_ID_UNKNOWN,,,
10526549,,ERROR_PROCESSING,,,
10350571,,ERROR_PROCESSING,,,
11121752,,ERROR_PROCESSING,,,
10777591,,ERROR_PROCESSING,,,
10586004,,ERROR_PROCESSING,,,
10002866,,ERROR_PROCESSING,,,
UNKNOWN,,SKIPPED_ID_UNKNOWN,,,
10397751,,ERROR_PROCESSING,,,
10337517,,ERROR_PROCESSING,,,
10717241,,ERROR_PROCESSING,,,
11133306,,ERROR_PROCESSING,,,
11446443,,ERROR_PROCESSING,,,
10881457,,ERROR_PROCESSING,,,
10723750,,ERROR_PROCESSING,,,
11547505,,ERROR_PROCESSING,,,
UNKNOWN,,SKIPPED_ID_UNKNOWN,,,
UNKNOWN,,SKIPPED_ID_UNKNOWN,,,
11037335,,ERROR_PROCESSING,,,
11129258,,ERROR_PROCESSING,,,
11037511,,ERROR_PROCESSING,,,
UNKNOWN,,SKIPPED_ID_UNKNOWN,,,
10666592,,ERROR_PROCESSING,,,
10337258,,ERROR_PROCESSING,,,
10141900,,ERROR_PROCESSING,,,
10872983,,ERROR_PROCESSING,,,
10158729,,ERROR_PROCESSING,,,
10122538,,ERROR_PROCESSING,,,
10549023,,ERROR_PROCESSING,,,
10904857,,ERROR_PROCESSING,,,
11074541,,ERROR_PROCESSING,,,
10723367,,ERROR_PROCESSING,,,
10489345,,ERROR_PROCESSING,,,
10723367,,ERROR_PROCESSING,,,
UNKNOWN,,SKIPPED_ID_UNKNOWN,,,
11337833,,ERROR_PROCESSING,,,
10027323,,ERROR_PROCESSING,,,
10662202,,ERROR_PROCESSING,,,
10978763,,ERROR_PROCESSING,,,
10978763,,ERROR_PROCESSING,,,
UNKNOWN,,SKIPPED_ID_UNKNOWN,,,
11046458,,ERROR_PROCESSING,,,
10340423,,ERROR_PROCESSING,,,
10990917,,ERROR_PROCESSING,,,
UNKNOWN,,SKIPPED_ID_UNKNOWN,,,
11403389,,ERROR_PROCESSING,,,
10332883,,ERROR_PROCESSING,,,
UNKNOWN,,SKIPPED_ID_UNKNOWN,,,
11308499,,ERROR_PROCESSING,,,
11499228,,ERROR_PROCESSING,,,
10018233,,ERROR_PROCESSING,,,
10858832,,ERROR_PROCESSING,,,
11017901,,ERROR_PROCESSING,,,
UNKNOWN,,SKIPPED_ID_UNKNOWN,,,
10842192,,ERROR_PROCESSING,,,
10024701,,ERROR_PROCESSING,,,
10353968,,ERROR_PROCESSING,,,
10591855,,ERROR_PROCESSING,,,
10965008,,ERROR_PROCESSING,,,
10384798,,ERROR_PROCESSING,,,
UNKNOWN,,SKIPPED_ID_UNKNOWN,,,
11189311,,ERROR_PROCESSING,,,
UNKNOWN,,SKIPPED_ID_UNKNOWN,,,
10616679,,ERROR_PROCESSING,,,
10604335,,ERROR_PROCESSING,,,
10724369,,ERROR_PROCESSING,,,
10724369,,ERROR_PROCESSING,,,
10586208,,ERROR_PROCESSING,,,
UNKNOWN,,SKIPPED_ID_UNKNOWN,,,
11656246,,ERROR_PROCESSING,,,
10975146,,ERROR_PROCESSING,,,
11194032,,ERROR_PROCESSING,,,
11569782,,ERROR_PROCESSING,,,
10973814,,ERROR_PROCESSING,,,
10329835,,ERROR_PROCESSING,,,
UNKNOWN,,SKIPPED_ID_UNKNOWN,,,
11254382,,ERROR_PROCESSING,,,
10880507,,ERROR_PROCESSING,,,
UNKNOWN,,SKIPPED_ID_UNKNOWN,,,
10653179,,ERROR_PROCESSING,,,
10384798,,ERROR_PROCESSING,,,
10790387,,ERROR_PROCESSING,,,
11457726,,ERROR_PROCESSING,,,
11303322,,ERROR_PROCESSING,,,
10604335,,ERROR_PROCESSING,,,
11100383,,ERROR_PROCESSING,,,
10857519,,ERROR_PROCESSING,,,
11244682,,ERROR_PROCESSING,,,
10064256,,ERROR_PROCESSING,,,
UNKNOWN,,SKIPPED_ID_UNKNOWN,,,
11192998,,ERROR_PROCESSING,,,
11135308,,ERROR_PROCESSING,,,
UNKNOWN,,SKIPPED_ID_UNKNOWN,,,
UNKNOWN,,SKIPPED_ID_UNKNOWN,,,
10713616,,ERROR_PROCESSING,,,
10318874,,ERROR_PROCESSING,,,
11413812,,ERROR_PROCESSING,,,
10154388,,ERROR_PROCESSING,,,
UNKNOWN,,SKIPPED_ID_UNKNOWN,,,
11037818,,ERROR_PROCESSING,,,
10070468,,ERROR_PROCESSING,,,
10662202,,ERROR_PROCESSING,,,
10070468,,ERROR_PROCESSING,,,
11037818,,ERROR_PROCESSING,,,
UNKNOWN,,SKIPPED_ID_UNKNOWN,,,
10863608,,ERROR_PROCESSING,,,
10059645,,ERROR_PROCESSING,,,
UNKNOWN,,SKIPPED_ID_UNKNOWN,,,
UNKNOWN,,SKIPPED_ID_UNKNOWN,,,
11614617,,ERROR_PROCESSING,,,
UNKNOWN,,SKIPPED_ID_UNKNOWN,,,
11236244,,ERROR_PROCESSING,,,
UNKNOWN,,SKIPPED_ID_UNKNOWN,,,
10272442,,ERROR_PROCESSING,,,
10004519,,ERROR_PROCESSING,,,
10531955,,ERROR_PROCESSING,,,
UNKNOWN,,SKIPPED_ID_UNKNOWN,,,
11568987,,ERROR_PROCESSING,,,
UNKNOWN,,SKIPPED_ID_UNKNOWN,,,
10064256,,ERROR_PROCESSING,,,
11295426,,ERROR_PROCESSING,,,
10600261,,ERROR_PROCESSING,,,
11495458,,ERROR_PROCESSING,,,
11241912,,ERROR_PROCESSING,,,
11075429,,ERROR_PROCESSING,,,
11176127,,ERROR_PROCESSING,,,
UNKNOWN,,SKIPPED_ID_UNKNOWN,,,
UNKNOWN,,SKIPPED_ID_UNKNOWN,,,
10583066,,ERROR_PROCESSING,,,
10166274,,ERROR_PROCESSING,,,
10924562,,ERROR_PROCESSING,,,
10599206,,ERROR_PROCESSING,,,
10748390,,ERROR_PROCESSING,,,
10797460,,ERROR_PROCESSING,,,
11075737,,ERROR_PROCESSING,,,
11497958,,ERROR_PROCESSING,,,
10881457,,ERROR_PROCESSING,,,
11521793,,ERROR_PROCESSING,,,
UNKNOWN,,SKIPPED_ID_UNKNOWN,,,
UNKNOWN,,SKIPPED_ID_UNKNOWN,,,
UNKNOWN,,SKIPPED_ID_UNKNOWN,,,
10397751,,ERROR_PROCESSING,,,
UNKNOWN,,SKIPPED_ID_UNKNOWN,,,
10909127,,ERROR_PROCESSING,,,
11253711,,ERROR_PROCESSING,,,
11133306,,ERROR_PROCESSING,,,
UNKNOWN,,SKIPPED_ID_UNKNOWN,,,
11284772,,ERROR_PROCESSING,,,
10810838,,ERROR_PROCESSING,,,
UNKNOWN,,SKIPPED_ID_UNKNOWN,,,
UNKNOWN,,SKIPPED_ID_UNKNOWN,,,
10453588,,ERROR_PROCESSING,,,
10916600,,ERROR_PROCESSING,,,
11612280,,ERROR_PROCESSING,,,
10018233,,ERROR_PROCESSING,,,
11499228,,ERROR_PROCESSING,,,
10063208,,ERROR_PROCESSING,,,
11410904,,ERROR_PROCESSING,,,
10864656,,ERROR_PROCESSING,,,
UNKNOWN,,SKIPPED_ID_UNKNOWN,,,
10353968,,ERROR_PROCESSING,,,
11177676,,ERROR_PROCESSING,,,
11415243,,ERROR_PROCESSING,,,
11046458,,ERROR_PROCESSING,,,
11449844,,ERROR_PROCESSING,,,
10094670,,ERROR_PROCESSING,,,
10332883,,ERROR_PROCESSING,,,
10337517,,ERROR_PROCESSING,,,
10525027,,ERROR_PROCESSING,,,
11043167,,ERROR_PROCESSING,,,
UNKNOWN,,SKIPPED_ID_UNKNOWN,,,
UNKNOWN,,SKIPPED_ID_UNKNOWN,,,
11414465,,ERROR_PROCESSING,,,
10019643,,ERROR_PROCESSING,,,
11015108,,ERROR_PROCESSING,,,
UNKNOWN,,SKIPPED_ID_UNKNOWN,,,
10880507,,ERROR_PROCESSING,,,
10329835,,ERROR_PROCESSING,,,
UNKNOWN,,SKIPPED_ID_UNKNOWN,,,
UNKNOWN,,SKIPPED_ID_UNKNOWN,,,
10132832,,ERROR_PROCESSING,,,
10730703,,ERROR_PROCESSING,,,
11100383,,ERROR_PROCESSING,,,
UNKNOWN,,SKIPPED_ID_UNKNOWN,,,
UNKNOWN,,SKIPPED_ID_UNKNOWN,,,
11507101,,ERROR_PROCESSING,,,
10528068,,ERROR_PROCESSING,,,
10227020,,ERROR_PROCESSING,,,
10227020,,ERROR_PROCESSING,,,
10024051,,ERROR_PROCESSING,,,
UNKNOWN,,SKIPPED_ID_UNKNOWN,,,
UNKNOWN,,SKIPPED_ID_UNKNOWN,,,
10905746,,ERROR_PROCESSING,,,
11517719,,ERROR_PROCESSING,,,
11569782,,ERROR_PROCESSING,,,
10717220,,ERROR_PROCESSING,,,
11194032,,ERROR_PROCESSING,,,
UNKNOWN,,SKIPPED_ID_UNKNOWN,,,
11414465,,ERROR_PROCESSING,,,
10718726,,ERROR_PROCESSING,,,
UNKNOWN,,SKIPPED_ID_UNKNOWN,,,
11153539,,ERROR_PROCESSING,,,
10407482,,ERROR_PROCESSING,,,
10253547,,ERROR_PROCESSING,,,
10863608,,ERROR_PROCESSING,,,
10662202,,ERROR_PROCESSING,,,
11259686,,ERROR_PROCESSING,,,
11394027,,ERROR_PROCESSING,,,
11250587,,ERROR_PROCESSING,,,
11250587,,ERROR_PROCESSING,,,
10004519,,ERROR_PROCESSING,,,
10531955,,ERROR_PROCESSING,,,
10203349,,ERROR_PROCESSING,,,
UNKNOWN,,SKIPPED_ID_UNKNOWN,,,
10934674,,ERROR_PROCESSING,,,
11236244,,ERROR_PROCESSING,,,
11193263,,ERROR_PROCESSING,,,
11442793,,ERROR_PROCESSING,,,
10713616,,ERROR_PROCESSING,,,
10153855,,ERROR_PROCESSING,,,
10669994,,ERROR_PROCESSING,,,
10386984,,ERROR_PROCESSING,,,
10330115,,ERROR_PROCESSING,,,
10585738,,ERROR_PROCESSING,,,
10554999,,ERROR_PROCESSING,,,
UNKNOWN,,SKIPPED_ID_UNKNOWN,,,
11600889,,ERROR_PROCESSING,,,
10318874,,ERROR_PROCESSING,,,
10397751,,ERROR_PROCESSING,,,
UNKNOWN,,SKIPPED_ID_UNKNOWN,,,
10601284,,ERROR_PROCESSING,,,
11554435,,ERROR_PROCESSING,,,
UNKNOWN,,SKIPPED_ID_UNKNOWN,,,
10881457,,ERROR_PROCESSING,,,
10386922,,ERROR_PROCESSING,,,
10489206,,ERROR_PROCESSING,,,
11193263,,ERROR_PROCESSING,,,
11284772,,ERROR_PROCESSING,,,
UNKNOWN,,SKIPPED_ID_UNKNOWN,,,
11176127,,ERROR_PROCESSING,,,
10285631,,ERROR_PROCESSING,,,
UNKNOWN,,SKIPPED_ID_UNKNOWN,,,
11455428,,ERROR_PROCESSING,,,
11502867,,ERROR_PROCESSING,,,
11495458,,ERROR_PROCESSING,,,
11295426,,ERROR_PROCESSING,,,
10669994,,ERROR_PROCESSING,,,
UNKNOWN,,SKIPPED_ID_UNKNOWN,,,
UNKNOWN,,SKIPPED_ID_UNKNOWN,,,
10328393,,ERROR_PROCESSING,,,
10545066,,ERROR_PROCESSING,,,
UNKNOWN,,SKIPPED_ID_UNKNOWN,,,
10166274,,ERROR_PROCESSING,,,
10577994,,ERROR_PROCESSING,,,
UNKNOWN,,SKIPPED_ID_UNKNOWN,,,
11518142,,ERROR_PROCESSING,,,
10360722,,ERROR_PROCESSING,,,
11518142,,ERROR_PROCESSING,,,
UNKNOWN,,SKIPPED_ID_UNKNOWN,,,
10384798,,ERROR_PROCESSING,,,
10904857,,ERROR_PROCESSING,,,
10525027,,ERROR_PROCESSING,,,
10187017,,ERROR_PROCESSING,,,
10616679,,ERROR_PROCESSING,,,
10686864,,ERROR_PROCESSING,,,
10329835,,ERROR_PROCESSING,,,
11337833,,ERROR_PROCESSING,,,
10666592,,ERROR_PROCESSING,,,
11415243,,ERROR_PROCESSING,,,
11410904,,ERROR_PROCESSING,,,
11410904,,ERROR_PROCESSING,,,
10024051,,ERROR_PROCESSING,,,
10879038,,ERROR_PROCESSING,,,
11037511,,ERROR_PROCESSING,,,
10864656,,ERROR_PROCESSING,,,
10094670,,ERROR_PROCESSING,,,
10717220,,ERROR_PROCESSING,,,
UNKNOWN,,SKIPPED_ID_UNKNOWN,,,
10063208,,ERROR_PROCESSING,,,
UNKNOWN,,SKIPPED_ID_UNKNOWN,,,
UNKNOWN,,SKIPPED_ID_UNKNOWN,,,
10990917,,ERROR_PROCESSING,,,
10916600,,ERROR_PROCESSING,,,
11612280,,ERROR_PROCESSING,,,
10875245,,ERROR_PROCESSING,,,
10002866,,ERROR_PROCESSING,,,
10795103,,ERROR_PROCESSING,,,
10684670,,ERROR_PROCESSING,,,
10604335,,ERROR_PROCESSING,,,
11455181,,ERROR_PROCESSING,,,
11623629,,ERROR_PROCESSING,,,
11499228,,ERROR_PROCESSING,,,
10130039,,ERROR_PROCESSING,,,
10227020,,ERROR_PROCESSING,,,
10329835,,ERROR_PROCESSING,,,
10730703,,ERROR_PROCESSING,,,
UNKNOWN,,SKIPPED_ID_UNKNOWN,,,
10132832,,ERROR_PROCESSING,,,
10730703,,ERROR_PROCESSING,,,
10132832,,ERROR_PROCESSING,,,
11359879,,ERROR_PROCESSING,,,
UNKNOWN,,SKIPPED_ID_UNKNOWN,,,
11517719,,ERROR_PROCESSING,,,
10528068,,ERROR_PROCESSING,,,
11414465,,ERROR_PROCESSING,,,
11517719,,ERROR_PROCESSING,,,
10028792,,ERROR_PROCESSING,,,
UNKNOWN,,SKIPPED_ID_UNKNOWN,,,
UNKNOWN,,SKIPPED_ID_UNKNOWN,,,
UNKNOWN,,SKIPPED_ID_UNKNOWN,,,
UNKNOWN,,SKIPPED_ID_UNKNOWN,,,
10212441,,ERROR_PROCESSING,,,
10454632,,ERROR_PROCESSING,,,
10337517,,ERROR_PROCESSING,,,
UNKNOWN,,SKIPPED_ID_UNKNOWN,,,
UNKNOWN,,SKIPPED_ID_UNKNOWN,,,
UNKNOWN,,SKIPPED_ID_UNKNOWN,,,
11600889,,ERROR_PROCESSING,,,
11284772,,ERROR_PROCESSING,,,
10019708,,ERROR_PROCESSING,,,
11554435,,ERROR_PROCESSING,,,
10531955,,ERROR_PROCESSING,,,
10585738,,ERROR_PROCESSING,,,
11187837,,ERROR_PROCESSING,,,
UNKNOWN,,SKIPPED_ID_UNKNOWN,,,
UNKNOWN,,SKIPPED_ID_UNKNOWN,,,
10337258,,ERROR_PROCESSING,,,
11253827,,ERROR_PROCESSING,,,
11450414,,ERROR_PROCESSING,,,
11250587,,ERROR_PROCESSING,,,
UNKNOWN,,SKIPPED_ID_UNKNOWN,,,
10318874,,ERROR_PROCESSING,,,
UNKNOWN,,SKIPPED_ID_UNKNOWN,,,
11455428,,ERROR_PROCESSING,,,
UNKNOWN,,SKIPPED_ID_UNKNOWN,,,
UNKNOWN,,SKIPPED_ID_UNKNOWN,,,
10064256,,ERROR_PROCESSING,,,
11495458,,ERROR_PROCESSING,,,
UNKNOWN,,SKIPPED_ID_UNKNOWN,,,
UNKNOWN,,SKIPPED_ID_UNKNOWN,,,
UNKNOWN,,SKIPPED_ID_UNKNOWN,,,
10577994,,ERROR_PROCESSING,,,
UNKNOWN,,SKIPPED_ID_UNKNOWN,,,
UNKNOWN,,SKIPPED_ID_UNKNOWN,,,
10910878,,ERROR_PROCESSING,,,
11193263,,ERROR_PROCESSING,,,
10426656,,ERROR_PROCESSING,,,
10531955,,ERROR_PROCESSING,,,
11015323,,ERROR_PROCESSING,,,
11259686,,ERROR_PROCESSING,,,
UNKNOWN,,SKIPPED_ID_UNKNOWN,,,
10489206,,ERROR_PROCESSING,,,
10489206,,ERROR_PROCESSING,,,
10318874,,ERROR_PROCESSING,,,
10526549,,ERROR_PROCESSING,,,
UNKNOWN,,SKIPPED_ID_UNKNOWN,,,
10386984,,ERROR_PROCESSING,,,
10285631,,ERROR_PROCESSING,,,
10285631,,ERROR_PROCESSING,,,
10669994,,ERROR_PROCESSING,,,
11551692,,ERROR_PROCESSING,,,
11518142,,ERROR_PROCESSING,,,
10360722,,ERROR_PROCESSING,,,
10360722,,ERROR_PROCESSING,,,
10963065,,ERROR_PROCESSING,,,
UNKNOWN,,SKIPPED_ID_UNKNOWN,,,
11497977,,ERROR_PROCESSING,,,
11460462,,ERROR_PROCESSING,,,
10717220,,ERROR_PROCESSING,,,
10094670,,ERROR_PROCESSING,,,
11569782,,ERROR_PROCESSING,,,
11283615,,ERROR_PROCESSING,,,
10340423,,ERROR_PROCESSING,,,
10340423,,ERROR_PROCESSING,,,
11244137,,ERROR_PROCESSING,,,
UNKNOWN,,SKIPPED_ID_UNKNOWN,,,
UNKNOWN,,SKIPPED_ID_UNKNOWN,,,
11194032,,ERROR_PROCESSING,,,
11547513,,ERROR_PROCESSING,,,
11656246,,ERROR_PROCESSING,,,
10990917,,ERROR_PROCESSING,,,
UNKNOWN,,SKIPPED_ID_UNKNOWN,,,
UNKNOWN,,SKIPPED_ID_UNKNOWN,,,
10600955,,ERROR_PROCESSING,,,
10842192,,ERROR_PROCESSING,,,
10616679,,ERROR_PROCESSING,,,
10842192,,ERROR_PROCESSING,,,
10854546,,ERROR_PROCESSING,,,
10384798,,ERROR_PROCESSING,,,
UNKNOWN,,SKIPPED_ID_UNKNOWN,,,
10854555,,ERROR_PROCESSING,,,
10874614,,ERROR_PROCESSING,,,
10653179,,ERROR_PROCESSING,,,
10018233,,ERROR_PROCESSING,,,
10686864,,ERROR_PROCESSING,,,
UNKNOWN,,SKIPPED_ID_UNKNOWN,,,
10857519,,ERROR_PROCESSING,,,
10724369,,ERROR_PROCESSING,,,
11569782,,ERROR_PROCESSING,,,
11414465,,ERROR_PROCESSING,,,
11359879,,ERROR_PROCESSING,,,
11457726,,ERROR_PROCESSING,,,
11194032,,ERROR_PROCESSING,,,
UNKNOWN,,SKIPPED_ID_UNKNOWN,,,
10615440,,ERROR_PROCESSING,,,
UNKNOWN,,SKIPPED_ID_UNKNOWN,,,
UNKNOWN,,SKIPPED_ID_UNKNOWN,,,
UNKNOWN,,SKIPPED_ID_UNKNOWN,,,
UNKNOWN,,SKIPPED_ID_UNKNOWN,,,
10063802,,ERROR_PROCESSING,,,
10795103,,ERROR_PROCESSING,,,
UNKNOWN,,SKIPPED_ID_UNKNOWN,,,
10604335,,ERROR_PROCESSING,,,
11455181,,ERROR_PROCESSING,,,
10875245,,ERROR_PROCESSING,,,
11342416,,ERROR_PROCESSING,,,
11254382,,ERROR_PROCESSING,,,
11254382,,ERROR_PROCESSING,,,
10122255,,ERROR_PROCESSING,,,
11303322,,ERROR_PROCESSING,,,
11303322,,ERROR_PROCESSING,,,
10089911,,ERROR_PROCESSING,,,
11622600,,ERROR_PROCESSING,,,
UNKNOWN,,SKIPPED_ID_UNKNOWN,,,
11189311,,ERROR_PROCESSING,,,
10018233,,ERROR_PROCESSING,,,
10600261,,ERROR_PROCESSING,,,
11244682,,ERROR_PROCESSING,,,
11244682,,ERROR_PROCESSING,,,
11241912,,ERROR_PROCESSING,,,
11135308,,ERROR_PROCESSING,,,
11135308,,ERROR_PROCESSING,,,
UNKNOWN,,SKIPPED_ID_UNKNOWN,,,
UNKNOWN,,SKIPPED_ID_UNKNOWN,,,
11176127,,ERROR_PROCESSING,,,
UNKNOWN,,SKIPPED_ID_UNKNOWN,,,
UNKNOWN,,SKIPPED_ID_UNKNOWN,,,
UNKNOWN,,SKIPPED_ID_UNKNOWN,,,
10404582,,ERROR_PROCESSING,,,
10599206,,ERROR_PROCESSING,,,
UNKNOWN,,SKIPPED_ID_UNKNOWN,,,
UNKNOWN,,SKIPPED_ID_UNKNOWN,,,
11413812,,ERROR_PROCESSING,,,
UNKNOWN,,SKIPPED_ID_UNKNOWN,,,
10064256,,ERROR_PROCESSING,,,
11413812,,ERROR_PROCESSING,,,
UNKNOWN,,SKIPPED_ID_UNKNOWN,,,
11521793,,ERROR_PROCESSING,,,
11187837,,ERROR_PROCESSING,,,
11498128,,ERROR_PROCESSING,,,
11614617,,ERROR_PROCESSING,,,
10513530,,ERROR_PROCESSING,,,
11614617,,ERROR_PROCESSING,,,
UNKNOWN,,SKIPPED_ID_UNKNOWN,,,
11037818,,ERROR_PROCESSING,,,
10070468,,ERROR_PROCESSING,,,
10019708,,ERROR_PROCESSING,,,
11125613,,ERROR_PROCESSING,,,
UNKNOWN,,SKIPPED_ID_UNKNOWN,,,
11568987,,ERROR_PROCESSING,,,
UNKNOWN,,SKIPPED_ID_UNKNOWN,,,
11568987,,ERROR_PROCESSING,,,
10005788,,ERROR_PROCESSING,,,
10863608,,ERROR_PROCESSING,,,
UNKNOWN,,SKIPPED_ID_UNKNOWN,,,
UNKNOWN,,SKIPPED_ID_UNKNOWN,,,
10337258,,ERROR_PROCESSING,,,
10526549,,ERROR_PROCESSING,,,
10453588,,ERROR_PROCESSING,,,
10797460,,ERROR_PROCESSING,,,
11253711,,ERROR_PROCESSING,,,
UNKNOWN,,SKIPPED_ID_UNKNOWN,,,
11176127,,ERROR_PROCESSING,,,
UNKNOWN,,SKIPPED_ID_UNKNOWN,,,
10797460,,ERROR_PROCESSING,,,
11133306,,ERROR_PROCESSING,,,
UNKNOWN,,SKIPPED_ID_UNKNOWN,,,
10669994,,ERROR_PROCESSING,,,
10426656,,ERROR_PROCESSING,,,
10909127,,ERROR_PROCESSING,,,
11075737,,ERROR_PROCESSING,,,
11298298,,ERROR_PROCESSING,,,
10059645,,ERROR_PROCESSING,,,
11236244,,ERROR_PROCESSING,,,
11193263,,ERROR_PROCESSING,,,
10190777,,ERROR_PROCESSING,,,
10863608,,ERROR_PROCESSING,,,
11177707,,ERROR_PROCESSING,,,
10098844,,ERROR_PROCESSING,,,
11512246,,ERROR_PROCESSING,,,
11547513,,ERROR_PROCESSING,,,
11611275,,ERROR_PROCESSING,,,
11254382,,ERROR_PROCESSING,,,
10153855,,ERROR_PROCESSING,,,
11303322,,ERROR_PROCESSING,,,
10554999,,ERROR_PROCESSING,,,
11189311,,ERROR_PROCESSING,,,
11189311,,ERROR_PROCESSING,,,
10863608,,ERROR_PROCESSING,,,
10714072,,ERROR_PROCESSING,,,
UNKNOWN,,SKIPPED_ID_UNKNOWN,,,
10055126,,ERROR_PROCESSING,,,
10779233,,ERROR_PROCESSING,,,
11126381,,ERROR_PROCESSING,,,
10657406,,ERROR_PROCESSING,,,
10880507,,ERROR_PROCESSING,,,
10965588,,ERROR_PROCESSING,,,
11651712,,ERROR_PROCESSING,,,
11127479,,ERROR_PROCESSING,,,
11236244,,ERROR_PROCESSING,,,
UNKNOWN,,SKIPPED_ID_UNKNOWN,,,
11298298,,ERROR_PROCESSING,,,
UNKNOWN,,SKIPPED_ID_UNKNOWN,,,
11391018,,ERROR_PROCESSING,,,
11656246,,ERROR_PROCESSING,,,
UNKNOWN,,SKIPPED_ID_UNKNOWN,,,
10019643,,ERROR_PROCESSING,,,
UNKNOWN,,SKIPPED_ID_UNKNOWN,,,
10842192,,ERROR_PROCESSING,,,
11461433,,ERROR_PROCESSING,,,
11176127,,ERROR_PROCESSING,,,
11125797,,ERROR_PROCESSING,,,
10213902,,ERROR_PROCESSING,,,
10136549,,ERROR_PROCESSING,,,
10653179,,ERROR_PROCESSING,,,
11043167,,ERROR_PROCESSING,,,
UNKNOWN,,SKIPPED_ID_UNKNOWN,,,
11497958,,ERROR_PROCESSING,,,
10063802,,ERROR_PROCESSING,,,
11046458,,ERROR_PROCESSING,,,
UNKNOWN,,SKIPPED_ID_UNKNOWN,,,
11179076,,ERROR_PROCESSING,,,
10857519,,ERROR_PROCESSING,,,
10010440,,ERROR_PROCESSING,,,
10857519,,ERROR_PROCESSING,,,
UNKNOWN,,SKIPPED_ID_UNKNOWN,,,
10353968,,ERROR_PROCESSING,,,
10340423,,ERROR_PROCESSING,,,
10724369,,ERROR_PROCESSING,,,
UNKNOWN,,SKIPPED_ID_UNKNOWN,,,
10123064,,ERROR_PROCESSING,,,
10858832,,ERROR_PROCESSING,,,
UNKNOWN,,SKIPPED_ID_UNKNOWN,,,
UNKNOWN,,SKIPPED_ID_UNKNOWN,,,
UNKNOWN,,SKIPPED_ID_UNKNOWN,,,
10810838,,ERROR_PROCESSING,,,
UNKNOWN,,SKIPPED_ID_UNKNOWN,,,
11298298,,ERROR_PROCESSING,,,
UNKNOWN,,SKIPPED_ID_UNKNOWN,,,
10924562,,ERROR_PROCESSING,,,
11037818,,ERROR_PROCESSING,,,
10070468,,ERROR_PROCESSING,,,
UNKNOWN,,SKIPPED_ID_UNKNOWN,,,
10328393,,ERROR_PROCESSING,,,
11502867,,ERROR_PROCESSING,,,
11403389,,ERROR_PROCESSING,,,
10793172,,ERROR_PROCESSING,,,
UNKNOWN,,SKIPPED_ID_UNKNOWN,,,
UNKNOWN,,SKIPPED_ID_UNKNOWN,,,
10777591,,ERROR_PROCESSING,,,
UNKNOWN,,SKIPPED_ID_UNKNOWN,,,
11308499,,ERROR_PROCESSING,,,
10350571,,ERROR_PROCESSING,,,
10600261,,ERROR_PROCESSING,,,
11014932,,ERROR_PROCESSING,,,
10018233,,ERROR_PROCESSING,,,
10797460,,ERROR_PROCESSING,,,
10386922,,ERROR_PROCESSING,,,
11389771,,ERROR_PROCESSING,,,
10881457,,ERROR_PROCESSING,,,
UNKNOWN,,SKIPPED_ID_UNKNOWN,,,
UNKNOWN,,SKIPPED_ID_UNKNOWN,,,
10591855,,ERROR_PROCESSING,,,
10599206,,ERROR_PROCESSING,,,
10122255,,ERROR_PROCESSING,,,
10397751,,ERROR_PROCESSING,,,
11521793,,ERROR_PROCESSING,,,
10059645,,ERROR_PROCESSING,,,
11521793,,ERROR_PROCESSING,,,
11614617,,ERROR_PROCESSING,,,
11509504,,ERROR_PROCESSING,,,
10909127,,ERROR_PROCESSING,,,
11547505,,ERROR_PROCESSING,,,
11568987,,ERROR_PROCESSING,,,
11569782,,ERROR_PROCESSING,,,
10141900,,ERROR_PROCESSING,,,
11403339,,ERROR_PROCESSING,,,
UNKNOWN,,SKIPPED_ID_UNKNOWN,,,
UNKNOWN,,SKIPPED_ID_UNKNOWN,,,
10395381,,ERROR_PROCESSING,,,
10328458,,ERROR_PROCESSING,,,
11194032,,ERROR_PROCESSING,,,
10718726,,ERROR_PROCESSING,,,
10934674,,ERROR_PROCESSING,,,
11090556,,ERROR_PROCESSING,,,
UNKNOWN,,SKIPPED_ID_UNKNOWN,,,
11241912,,ERROR_PROCESSING,,,
11244682,,ERROR_PROCESSING,,,
11241912,,ERROR_PROCESSING,,,
11493431,,ERROR_PROCESSING,,,
11135308,,ERROR_PROCESSING,,,
UNKNOWN,,SKIPPED_ID_UNKNOWN,,,
UNKNOWN,,SKIPPED_ID_UNKNOWN,,,
11565924,,ERROR_PROCESSING,,,
10662202,,ERROR_PROCESSING,,,
UNKNOWN,,SKIPPED_ID_UNKNOWN,,,
10122255,,ERROR_PROCESSING,,,
UNKNOWN,,SKIPPED_ID_UNKNOWN,,,
11560897,,ERROR_PROCESSING,,,
11413812,,ERROR_PROCESSING,,,
UNKNOWN,,SKIPPED_ID_UNKNOWN,,,
11253827,,ERROR_PROCESSING,,,
11100383,,ERROR_PROCESSING,,,
UNKNOWN,,SKIPPED_ID_UNKNOWN,,,
UNKNOWN,,SKIPPED_ID_UNKNOWN,,,
11517719,,ERROR_PROCESSING,,,
10024051,,ERROR_PROCESSING,,,
11450414,,ERROR_PROCESSING,,,
10019643,,ERROR_PROCESSING,,,
10337517,,ERROR_PROCESSING,,,
10337517,,ERROR_PROCESSING,,,
10666592,,ERROR_PROCESSING,,,
10468940,,ERROR_PROCESSING,,,
10531955,,ERROR_PROCESSING,,,
10916600,,ERROR_PROCESSING,,,
10153855,,ERROR_PROCESSING,,,
10916600,,ERROR_PROCESSING,,,
10318874,,ERROR_PROCESSING,,,
11624249,,ERROR_PROCESSING,,,
10730703,,ERROR_PROCESSING,,,
10554999,,ERROR_PROCESSING,,,
10132832,,ERROR_PROCESSING,,,
UNKNOWN,,SKIPPED_ID_UNKNOWN,,,
10905746,,ERROR_PROCESSING,,,
UNKNOWN,,SKIPPED_ID_UNKNOWN,,,
11074178,,ERROR_PROCESSING,,,
11253827,,ERROR_PROCESSING,,,
11450414,,ERROR_PROCESSING,,,
10122538,,ERROR_PROCESSING,,,
10908248,,ERROR_PROCESSING,,,
10723367,,ERROR_PROCESSING,,,
10810838,,ERROR_PROCESSING,,,
11284772,,ERROR_PROCESSING,,,
11074835,,ERROR_PROCESSING,,,
10978763,,ERROR_PROCESSING,,,
10130039,,ERROR_PROCESSING,,,
10858832,,ERROR_PROCESSING,,,
11495458,,ERROR_PROCESSING,,,
UNKNOWN,,SKIPPED_ID_UNKNOWN,,,
11043167,,ERROR_PROCESSING,,,
10332883,,ERROR_PROCESSING,,,
11612280,,ERROR_PROCESSING,,,
11129258,,ERROR_PROCESSING,,,
UNKNOWN,,SKIPPED_ID_UNKNOWN,,,
UNKNOWN,,SKIPPED_ID_UNKNOWN,,,
11601584,,ERROR_PROCESSING,,,
11410904,,ERROR_PROCESSING,,,
10227020,,ERROR_PROCESSING,,,
11497958,,ERROR_PROCESSING,,,
UNKNOWN,,SKIPPED_ID_UNKNOWN,,,
11499228,,ERROR_PROCESSING,,,
UNKNOWN,,SKIPPED_ID_UNKNOWN,,,
11019987,,ERROR_PROCESSING,,,
UNKNOWN,,SKIPPED_ID_UNKNOWN,,,
11308499,,ERROR_PROCESSING,,,
UNKNOWN,,SKIPPED_ID_UNKNOWN,,,
11611600,,ERROR_PROCESSING,,,
10386984,,ERROR_PROCESSING,,,
UNKNOWN,,SKIPPED_ID_UNKNOWN,,,
UNKNOWN,,SKIPPED_ID_UNKNOWN,,,
10285631,,ERROR_PROCESSING,,,
10386984,,ERROR_PROCESSING,,,
10904857,,ERROR_PROCESSING,,,
10577994,,ERROR_PROCESSING,,,
UNKNOWN,,SKIPPED_ID_UNKNOWN,,,
10591855,,ERROR_PROCESSING,,,
10360722,,ERROR_PROCESSING,,,
UNKNOWN,,SKIPPED_ID_UNKNOWN,,,
10386922,,ERROR_PROCESSING,,,
10214162,,ERROR_PROCESSING,,,
10730070,,ERROR_PROCESSING,,,
UNKNOWN,,SKIPPED_ID_UNKNOWN,,,
UNKNOWN,,SKIPPED_ID_UNKNOWN,,,
10328393,,ERROR_PROCESSING,,,
UNKNOWN,,SKIPPED_ID_UNKNOWN,,,
UNKNOWN,,SKIPPED_ID_UNKNOWN,,,
10526887,,ERROR_PROCESSING,,,
10924562,,ERROR_PROCESSING,,,
10166274,,ERROR_PROCESSING,,,
UNKNOWN,,SKIPPED_ID_UNKNOWN,,,
11444514,,ERROR_PROCESSING,,,
11250587,,ERROR_PROCESSING,,,
10963242,,ERROR_PROCESSING,,,
10489206,,ERROR_PROCESSING,,,
11037335,,ERROR_PROCESSING,,,
11403389,,ERROR_PROCESSING,,,
11502867,,ERROR_PROCESSING,,,
11295426,,ERROR_PROCESSING,,,
UNKNOWN,,SKIPPED_ID_UNKNOWN,,,
UNKNOWN,,SKIPPED_ID_UNKNOWN,,,
10329835,,ERROR_PROCESSING,,,
UNKNOWN,,SKIPPED_ID_UNKNOWN,,,
10004519,,ERROR_PROCESSING,,,
11455428,,ERROR_PROCESSING,,,
11455428,,ERROR_PROCESSING,,,
10934674,,ERROR_PROCESSING,,,
UNKNOWN,,SKIPPED_ID_UNKNOWN,,,
11337372,,ERROR_PROCESSING,,,
10407482,,ERROR_PROCESSING,,,
10904857,,ERROR_PROCESSING,,,
11518142,,ERROR_PROCESSING,,,
11259686,,ERROR_PROCESSING,,,
11554435,,ERROR_PROCESSING,,,
11554435,,ERROR_PROCESSING,,,
UNKNOWN,,SKIPPED_ID_UNKNOWN,,,
10718726,,ERROR_PROCESSING,,,
UNKNOWN,,SKIPPED_ID_UNKNOWN,,,
10963065,,ERROR_PROCESSING,,,
10713616,,ERROR_PROCESSING,,,
10730034,,ERROR_PROCESSING,,,
10264660,,ERROR_PROCESSING,,,
11551692,,ERROR_PROCESSING,,,
10973664,,ERROR_PROCESSING,,,
10024051,,ERROR_PROCESSING,,,
10024051,,ERROR_PROCESSING,,,
11623629,,ERROR_PROCESSING,,,
UNKNOWN,,SKIPPED_ID_UNKNOWN,,,
11622600,,ERROR_PROCESSING,,,
UNKNOWN,,SKIPPED_ID_UNKNOWN,,,
10875245,,ERROR_PROCESSING,,,
UNKNOWN,,SKIPPED_ID_UNKNOWN,,,
11450414,,ERROR_PROCESSING,,,
11253827,,ERROR_PROCESSING,,,
UNKNOWN,,SKIPPED_ID_UNKNOWN,,,
10337517,,ERROR_PROCESSING,,,
UNKNOWN,,SKIPPED_ID_UNKNOWN,,,
10554999,,ERROR_PROCESSING,,,
10468940,,ERROR_PROCESSING,,,
10587105,,ERROR_PROCESSING,,,
11288505,,ERROR_PROCESSING,,,
10916600,,ERROR_PROCESSING,,,
11359879,,ERROR_PROCESSING,,,
11285870,,ERROR_PROCESSING,,,
10227020,,ERROR_PROCESSING,,,
11410904,,ERROR_PROCESSING,,,
10153855,,ERROR_PROCESSING,,,
UNKNOWN,,SKIPPED_ID_UNKNOWN,,,
UNKNOWN,,SKIPPED_ID_UNKNOWN,,,
10686864,,ERROR_PROCESSING,,,
11517719,,ERROR_PROCESSING,,,
UNKNOWN,,SKIPPED_ID_UNKNOWN,,,
11298298,,ERROR_PROCESSING,,,
UNKNOWN,,SKIPPED_ID_UNKNOWN,,,
11193263,,ERROR_PROCESSING,,,
UNKNOWN,,SKIPPED_ID_UNKNOWN,,,
11499192,,ERROR_PROCESSING,,,
10538176,,ERROR_PROCESSING,,,
10854555,,ERROR_PROCESSING,,,
10525077,,ERROR_PROCESSING,,,
10187017,,ERROR_PROCESSING,,,
11122894,,ERROR_PROCESSING,,,
11612280,,ERROR_PROCESSING,,,
11612280,,ERROR_PROCESSING,,,
10600955,,ERROR_PROCESSING,,,
UNKNOWN,,SKIPPED_ID_UNKNOWN,,,
UNKNOWN,,SKIPPED_ID_UNKNOWN,,,
11244137,,ERROR_PROCESSING,,,
11460462,,ERROR_PROCESSING,,,
UNKNOWN,,SKIPPED_ID_UNKNOWN,,,
10730703,,ERROR_PROCESSING,,,
10132832,,ERROR_PROCESSING,,,
10669994,,ERROR_PROCESSING,,,
11394027,,ERROR_PROCESSING,,,
10158729,,ERROR_PROCESSING,,,
10386984,,ERROR_PROCESSING,,,
UNKNOWN,,SKIPPED_ID_UNKNOWN,,,
11444514,,ERROR_PROCESSING,,,
10904857,,ERROR_PROCESSING,,,
10190777,,ERROR_PROCESSING,,,
10526887,,ERROR_PROCESSING,,,
10577994,,ERROR_PROCESSING,,,
10577994,,ERROR_PROCESSING,,,
11518142,,ERROR_PROCESSING,,,
10730070,,ERROR_PROCESSING,,,
10094670,,ERROR_PROCESSING,,,
10717220,,ERROR_PROCESSING,,,
10718726,,ERROR_PROCESSING,,,
11337566,,ERROR_PROCESSING,,,
UNKNOWN,,SKIPPED_ID_UNKNOWN,,,
11611600,,ERROR_PROCESSING,,,
10964440,,ERROR_PROCESSING,,,
10388286,,ERROR_PROCESSING,,,
11019987,,ERROR_PROCESSING,,,
UNKNOWN,,SKIPPED_ID_UNKNOWN,,,
10973664,,ERROR_PROCESSING,,,
10264660,,ERROR_PROCESSING,,,
10730034,,ERROR_PROCESSING,,,
UNKNOWN,,SKIPPED_ID_UNKNOWN,,,
11121752,,ERROR_PROCESSING,,,
10122255,,ERROR_PROCESSING,,,
11455428,,ERROR_PROCESSING,,,
10285631,,ERROR_PROCESSING,,,
UNKNOWN,,SKIPPED_ID_UNKNOWN,,,
UNKNOWN,,SKIPPED_ID_UNKNOWN,,,
10019708,,ERROR_PROCESSING,,,
10360722,,ERROR_PROCESSING,,,
11446443,,ERROR_PROCESSING,,,
UNKNOWN,,SKIPPED_ID_UNKNOWN,,,
10723750,,ERROR_PROCESSING,,,
11187837,,ERROR_PROCESSING,,,
11554435,,ERROR_PROCESSING,,,
UNKNOWN,,SKIPPED_ID_UNKNOWN,,,
UNKNOWN,,SKIPPED_ID_UNKNOWN,,,
UNKNOWN,,SKIPPED_ID_UNKNOWN,,,
11414465,,ERROR_PROCESSING,,,
11259686,,ERROR_PROCESSING,,,
11259686,,ERROR_PROCESSING,,,
11250587,,ERROR_PROCESSING,,,
UNKNOWN,,SKIPPED_ID_UNKNOWN,,,
UNKNOWN,,SKIPPED_ID_UNKNOWN,,,
10489206,,ERROR_PROCESSING,,,
11391957,,ERROR_PROCESSING,,,
10842192,,ERROR_PROCESSING,,,
11414511,,ERROR_PROCESSING,,,
UNKNOWN,,SKIPPED_ID_UNKNOWN,,,
11651712,,ERROR_PROCESSING,,,
11497958,,ERROR_PROCESSING,,,
UNKNOWN,,SKIPPED_ID_UNKNOWN,,,
UNKNOWN,,SKIPPED_ID_UNKNOWN,,,
10657406,,ERROR_PROCESSING,,,
11189311,,ERROR_PROCESSING,,,
10055126,,ERROR_PROCESSING,,,
10064256,,ERROR_PROCESSING,,,
10714072,,ERROR_PROCESSING,,,
10552611,,ERROR_PROCESSING,,,
UNKNOWN,,SKIPPED_ID_UNKNOWN,,,
11622600,,ERROR_PROCESSING,,,
10340423,,ERROR_PROCESSING,,,
11623629,,ERROR_PROCESSING,,,
10724369,,ERROR_PROCESSING,,,
11017901,,ERROR_PROCESSING,,,
11656246,,ERROR_PROCESSING,,,
10795103,,ERROR_PROCESSING,,,
11656246,,ERROR_PROCESSING,,,
11455181,,ERROR_PROCESSING,,,
11253827,,ERROR_PROCESSING,,,
10157458,,ERROR_PROCESSING,,,
11611275,,ERROR_PROCESSING,,,
11450414,,ERROR_PROCESSING,,,
11512246,,ERROR_PROCESSING,,,
10653179,,ERROR_PROCESSING,,,
UNKNOWN,,SKIPPED_ID_UNKNOWN,,,
10600955,,ERROR_PROCESSING,,,
UNKNOWN,,SKIPPED_ID_UNKNOWN,,,
11254382,,ERROR_PROCESSING,,,
UNKNOWN,,SKIPPED_ID_UNKNOWN,,,
10006581,,ERROR_PROCESSING,,,
11303322,,ERROR_PROCESSING,,,
UNKNOWN,,SKIPPED_ID_UNKNOWN,,,
11460462,,ERROR_PROCESSING,,,
10857519,,ERROR_PROCESSING,,,
UNKNOWN,,SKIPPED_ID_UNKNOWN,,,
UNKNOWN,,SKIPPED_ID_UNKNOWN,,,
UNKNOWN,,SKIPPED_ID_UNKNOWN,,,
UNKNOWN,,SKIPPED_ID_UNKNOWN,,,
11244137,,ERROR_PROCESSING,,,
10810838,,ERROR_PROCESSING,,,
10010440,,ERROR_PROCESSING,,,
UNKNOWN,,SKIPPED_ID_UNKNOWN,,,
11298298,,ERROR_PROCESSING,,,
11179076,,ERROR_PROCESSING,,,
UNKNOWN,,SKIPPED_ID_UNKNOWN,,,
10854768,,ERROR_PROCESSING,,,
10187017,,ERROR_PROCESSING,,,
10136549,,ERROR_PROCESSING,,,
10213902,,ERROR_PROCESSING,,,
11461433,,ERROR_PROCESSING,,,
10854555,,ERROR_PROCESSING,,,
11134879,,ERROR_PROCESSING,,,
11125797,,ERROR_PROCESSING,,,
UNKNOWN,,SKIPPED_ID_UNKNOWN,,,
10717241,,ERROR_PROCESSING,,,
11614617,,ERROR_PROCESSING,,,
10909127,,ERROR_PROCESSING,,,
11403389,,ERROR_PROCESSING,,,
10526549,,ERROR_PROCESSING,,,
11568987,,ERROR_PROCESSING,,,
11014932,,ERROR_PROCESSING,,,
11176166,,ERROR_PROCESSING,,,
10777591,,ERROR_PROCESSING,,,
10990917,,ERROR_PROCESSING,,,
UNKNOWN,,SKIPPED_ID_UNKNOWN,,,
10586004,,ERROR_PROCESSING,,,
10384798,,ERROR_PROCESSING,,,
10904857,,ERROR_PROCESSING,,,
UNKNOWN,,SKIPPED_ID_UNKNOWN,,,
10600261,,ERROR_PROCESSING,,,
10591855,,ERROR_PROCESSING,,,
UNKNOWN,,SKIPPED_ID_UNKNOWN,,,
10600261,,ERROR_PROCESSING,,,
10616679,,ERROR_PROCESSING,,,
11244682,,ERROR_PROCESSING,,,
11135308,,ERROR_PROCESSING,,,
UNKNOWN,,SKIPPED_ID_UNKNOWN,,,
10872983,,ERROR_PROCESSING,,,
10426656,,ERROR_PROCESSING,,,
11308499,,ERROR_PROCESSING,,,
10599206,,ERROR_PROCESSING,,,
10599206,,ERROR_PROCESSING,,,
UNKNOWN,,SKIPPED_ID_UNKNOWN,,,
10190777,,ERROR_PROCESSING,,,
11413812,,ERROR_PROCESSING,,,
UNKNOWN,,SKIPPED_ID_UNKNOWN,,,
11560897,,ERROR_PROCESSING,,,
10070468,,ERROR_PROCESSING,,,
11037818,,ERROR_PROCESSING,,,
11565924,,ERROR_PROCESSING,,,
11521793,,ERROR_PROCESSING,,,
10059645,,ERROR_PROCESSING,,,
11403389,,ERROR_PROCESSING,,,
11650401,,ERROR_PROCESSING,,,
10059645,,ERROR_PROCESSING,,,
UNKNOWN,,SKIPPED_ID_UNKNOWN,,,
UNKNOWN,,SKIPPED_ID_UNKNOWN,,,
11074541,,ERROR_PROCESSING,,,
10878263,,ERROR_PROCESSING,,,
11241912,,ERROR_PROCESSING,,,
10591855,,ERROR_PROCESSING,,,
10122255,,ERROR_PROCESSING,,,
UNKNOWN,,SKIPPED_ID_UNKNOWN,,,
UNKNOWN,,SKIPPED_ID_UNKNOWN,,,
10337258,,ERROR_PROCESSING,,,
UNKNOWN,,SKIPPED_ID_UNKNOWN,,,
UNKNOWN,,SKIPPED_ID_UNKNOWN,,,
10604335,,ERROR_PROCESSING,,,
10141900,,ERROR_PROCESSING,,,
10797460,,ERROR_PROCESSING,,,
11308499,,ERROR_PROCESSING,,,
UNKNOWN,,SKIPPED_ID_UNKNOWN,,,
11509504,,ERROR_PROCESSING,,,
UNKNOWN,,SKIPPED_ID_UNKNOWN,,,
UNKNOWN,,SKIPPED_ID_UNKNOWN,,,
10586208,,ERROR_PROCESSING,,,
UNKNOWN,,SKIPPED_ID_UNKNOWN,,,
11244137,,ERROR_PROCESSING,,,
10454632,,ERROR_PROCESSING,,,
10212441,,ERROR_PROCESSING,,,
UNKNOWN,,SKIPPED_ID_UNKNOWN,,,
11283615,,ERROR_PROCESSING,,,
11460462,,ERROR_PROCESSING,,,
11497977,,ERROR_PROCESSING,,,
10600955,,ERROR_PROCESSING,,,
10973814,,ERROR_PROCESSING,,,
UNKNOWN,,SKIPPED_ID_UNKNOWN,,,
10028792,,ERROR_PROCESSING,,,
10858832,,ERROR_PROCESSING,,,
10910878,,ERROR_PROCESSING,,,
11153539,,ERROR_PROCESSING,,,
11037511,,ERROR_PROCESSING,,,
10874614,,ERROR_PROCESSING,,,
10854555,,ERROR_PROCESSING,,,
11394027,,ERROR_PROCESSING,,,
11337833,,ERROR_PROCESSING,,,
11015108,,ERROR_PROCESSING,,,
10253547,,ERROR_PROCESSING,,,
10329835,,ERROR_PROCESSING,,,
UNKNOWN,,SKIPPED_ID_UNKNOWN,,,
10213902,,ERROR_PROCESSING,,,
10963065,,ERROR_PROCESSING,,,
10203349,,ERROR_PROCESSING,,,
11551692,,ERROR_PROCESSING,,,
11507101,,ERROR_PROCESSING,,,
10002866,,ERROR_PROCESSING,,,
10388286,,ERROR_PROCESSING,,,
11554435,,ERROR_PROCESSING,,,
UNKNOWN,,SKIPPED_ID_UNKNOWN,,,
11457726,,ERROR_PROCESSING,,,
UNKNOWN,,SKIPPED_ID_UNKNOWN,,,
UNKNOWN,,SKIPPED_ID_UNKNOWN,,,
10937029,,ERROR_PROCESSING,,,
10454632,,ERROR_PROCESSING,,,
10212441,,ERROR_PROCESSING,,,
11449844,,ERROR_PROCESSING,,,
11037335,,ERROR_PROCESSING,,,
10657406,,ERROR_PROCESSING,,,
UNKNOWN,,SKIPPED_ID_UNKNOWN,,,
11037511,,ERROR_PROCESSING,,,
11611275,,ERROR_PROCESSING,,,
10489345,,ERROR_PROCESSING,,,
UNKNOWN,,SKIPPED_ID_UNKNOWN,,,
UNKNOWN,,SKIPPED_ID_UNKNOWN,,,
10601284,,ERROR_PROCESSING,,,
11015323,,ERROR_PROCESSING,,,
11499228,,ERROR_PROCESSING,,,
11015323,,ERROR_PROCESSING,,,
10157458,,ERROR_PROCESSING,,,
10963242,,ERROR_PROCESSING,,,
UNKNOWN,,SKIPPED_ID_UNKNOWN,,,
UNKNOWN,,SKIPPED_ID_UNKNOWN,,,
11622600,,ERROR_PROCESSING,,,
10028535,,ERROR_PROCESSING,,,
10002866,,ERROR_PROCESSING,,,
UNKNOWN,,SKIPPED_ID_UNKNOWN,,,
11495458,,ERROR_PROCESSING,,,
10916600,,ERROR_PROCESSING,,,
UNKNOWN,,SKIPPED_ID_UNKNOWN,,,
11601584,,ERROR_PROCESSING,,,
UNKNOWN,,SKIPPED_ID_UNKNOWN,,,
11565924,,ERROR_PROCESSING,,,
UNKNOWN,,SKIPPED_ID_UNKNOWN,,,
10723367,,ERROR_PROCESSING,,,
10027323,,ERROR_PROCESSING,,,
UNKNOWN,,SKIPPED_ID_UNKNOWN,,,
11560897,,ERROR_PROCESSING,,,
10027323,,ERROR_PROCESSING,,,
UNKNOWN,,SKIPPED_ID_UNKNOWN,,,
10978763,,ERROR_PROCESSING,,,
UNKNOWN,,SKIPPED_ID_UNKNOWN,,,
10587105,,ERROR_PROCESSING,,,
11125613,,ERROR_PROCESSING,,,
UNKNOWN,,SKIPPED_ID_UNKNOWN,,,
11129258,,ERROR_PROCESSING,,,
11509504,,ERROR_PROCESSING,,,
10666592,,ERROR_PROCESSING,,,
10666592,,ERROR_PROCESSING,,,
10730034,,ERROR_PROCESSING,,,
10264660,,ERROR_PROCESSING,,,
10973664,,ERROR_PROCESSING,,,
UNKNOWN,,SKIPPED_ID_UNKNOWN,,,
11410904,,ERROR_PROCESSING,,,
11284772,,ERROR_PROCESSING,,,
11517719,,ERROR_PROCESSING,,,
10549023,,ERROR_PROCESSING,,,
UNKNOWN,,SKIPPED_ID_UNKNOWN,,,
11014932,,ERROR_PROCESSING,,,
11192998,,ERROR_PROCESSING,,,
UNKNOWN,,SKIPPED_ID_UNKNOWN,,,
10330115,,ERROR_PROCESSING,,,
UNKNOWN,,SKIPPED_ID_UNKNOWN,,,
10318874,,ERROR_PROCESSING,,,
11253711,,ERROR_PROCESSING,,,
10190777,,ERROR_PROCESSING,,,
10526887,,ERROR_PROCESSING,,,
10924562,,ERROR_PROCESSING,,,
10788461,,ERROR_PROCESSING,,,
10130039,,ERROR_PROCESSING,,,
UNKNOWN,,SKIPPED_ID_UNKNOWN,,,
10130039,,ERROR_PROCESSING,,,
10619192,,ERROR_PROCESSING,,,
10531955,,ERROR_PROCESSING,,,
10619192,,ERROR_PROCESSING,,,
UNKNOWN,,SKIPPED_ID_UNKNOWN,,,
11075429,,ERROR_PROCESSING,,,
UNKNOWN,,SKIPPED_ID_UNKNOWN,,,
11624249,,ERROR_PROCESSING,,,
10730703,,ERROR_PROCESSING,,,
10132832,,ERROR_PROCESSING,,,
UNKNOWN,,SKIPPED_ID_UNKNOWN,,,
11614617,,ERROR_PROCESSING,,,
UNKNOWN,,SKIPPED_ID_UNKNOWN,,,
10213902,,ERROR_PROCESSING,,,
UNKNOWN,,SKIPPED_ID_UNKNOWN,,,
10187017,,ERROR_PROCESSING,,,
10525027,,ERROR_PROCESSING,,,
11015108,,ERROR_PROCESSING,,,
11498128,,ERROR_PROCESSING,,,
11493431,,ERROR_PROCESSING,,,
UNKNOWN,,SKIPPED_ID_UNKNOWN,,,
10001368,,ERROR_PROCESSING,,,
10089911,,ERROR_PROCESSING,,,
11177676,,ERROR_PROCESSING,,,
10854546,,ERROR_PROCESSING,,,
11568987,,ERROR_PROCESSING,,,
11507101,,ERROR_PROCESSING,,,
UNKNOWN,,SKIPPED_ID_UNKNOWN,,,
10272442,,ERROR_PROCESSING,,,
11288051,,ERROR_PROCESSING,,,
UNKNOWN,,SKIPPED_ID_UNKNOWN,,,
10154388,,ERROR_PROCESSING,,,
UNKNOWN,,SKIPPED_ID_UNKNOWN,,,
11090556,,ERROR_PROCESSING,,,
UNKNOWN,,SKIPPED_ID_UNKNOWN,,,
UNKNOWN,,SKIPPED_ID_UNKNOWN,,,
10864656,,ERROR_PROCESSING,,,
UNKNOWN,,SKIPPED_ID_UNKNOWN,,,
11135308,,ERROR_PROCESSING,,,
UNKNOWN,,SKIPPED_ID_UNKNOWN,,,
10586208,,ERROR_PROCESSING,,,
10879038,,ERROR_PROCESSING,,,
UNKNOWN,,SKIPPED_ID_UNKNOWN,,,
11244682,,ERROR_PROCESSING,,,
11656918,,ERROR_PROCESSING,,,
10404582,,ERROR_PROCESSING,,,
UNKNOWN,,SKIPPED_ID_UNKNOWN,,,
UNKNOWN,,SKIPPED_ID_UNKNOWN,,,
UNKNOWN,,SKIPPED_ID_UNKNOWN,,,
11153539,,ERROR_PROCESSING,,,
10404582,,ERROR_PROCESSING,,,
10328458,,ERROR_PROCESSING,,,
10615440,,ERROR_PROCESSING,,,
11194032,,ERROR_PROCESSING,,,
11569782,,ERROR_PROCESSING,,,
11413812,,ERROR_PROCESSING,,,
10395381,,ERROR_PROCESSING,,,
10973814,,ERROR_PROCESSING,,,
11403339,,ERROR_PROCESSING,,,
10157458,,ERROR_PROCESSING,,,
10018233,,ERROR_PROCESSING,,,
10684670,,ERROR_PROCESSING,,,
UNKNOWN,,SKIPPED_ID_UNKNOWN,,,
11611275,,ERROR_PROCESSING,,,
11650401,,ERROR_PROCESSING,,,
UNKNOWN,,SKIPPED_ID_UNKNOWN,,,
10793172,,ERROR_PROCESSING,,,
10854546,,ERROR_PROCESSING,,,
UNKNOWN,,SKIPPED_ID_UNKNOWN,,,
10905746,,ERROR_PROCESSING,,,
11623629,,ERROR_PROCESSING,,,
11389771,,ERROR_PROCESSING,,,
UNKNOWN,,SKIPPED_ID_UNKNOWN,,,
UNKNOWN,,SKIPPED_ID_UNKNOWN,,,
UNKNOWN,,SKIPPED_ID_UNKNOWN,,,
10528068,,ERROR_PROCESSING,,,
UNKNOWN,,SKIPPED_ID_UNKNOWN,,,
UNKNOWN,,SKIPPED_ID_UNKNOWN,,,
10019643,,ERROR_PROCESSING,,,
10797460,,ERROR_PROCESSING,,,
10657406,,ERROR_PROCESSING,,,
10878263,,ERROR_PROCESSING,,,
10583066,,ERROR_PROCESSING,,,
11449844,,ERROR_PROCESSING,,,
11509504,,ERROR_PROCESSING,,,
10676014,,ERROR_PROCESSING,,,
10585738,,ERROR_PROCESSING,,,
10842192,,ERROR_PROCESSING,,,
11017901,,ERROR_PROCESSING,,,
UNKNOWN,,SKIPPED_ID_UNKNOWN,,,
10005788,,ERROR_PROCESSING,,,
UNKNOWN,,SKIPPED_ID_UNKNOWN,,,
11600889,,ERROR_PROCESSING,,,
UNKNOWN,,SKIPPED_ID_UNKNOWN,,,
10973664,,ERROR_PROCESSING,,,
10965008,,ERROR_PROCESSING,,,
10123064,,ERROR_PROCESSING,,,
10264660,,ERROR_PROCESSING,,,
10730034,,ERROR_PROCESSING,,,
10513530,,ERROR_PROCESSING,,,
10340423,,ERROR_PROCESSING,,,
11547513,,ERROR_PROCESSING,,,
UNKNOWN,,SKIPPED_ID_UNKNOWN,,,
11176127,,ERROR_PROCESSING,,,
11189311,,ERROR_PROCESSING,,,
UNKNOWN,,SKIPPED_ID_UNKNOWN,,,
11560897,,ERROR_PROCESSING,,,
10552611,,ERROR_PROCESSING,,,
10024701,,ERROR_PROCESSING,,,
11565924,,ERROR_PROCESSING,,,
10328393,,ERROR_PROCESSING,,,
11254382,,ERROR_PROCESSING,,,
10863608,,ERROR_PROCESSING,,,
10006581,,ERROR_PROCESSING,,,
10526887,,ERROR_PROCESSING,,,
10022908,,ERROR_PROCESSING,,,
10005788,,ERROR_PROCESSING,,,
10022908,,ERROR_PROCESSING,,,
11391018,,ERROR_PROCESSING,,,
11236244,,ERROR_PROCESSING,,,
11303322,,ERROR_PROCESSING,,,
10513530,,ERROR_PROCESSING,,,
UNKNOWN,,SKIPPED_ID_UNKNOWN,,,
UNKNOWN,,SKIPPED_ID_UNKNOWN,,,
11502867,,ERROR_PROCESSING,,,
10790387,,ERROR_PROCESSING,,,
10779233,,ERROR_PROCESSING,,,
UNKNOWN,,SKIPPED_ID_UNKNOWN,,,
11192998,,ERROR_PROCESSING,,,
11014932,,ERROR_PROCESSING,,,
10098844,,ERROR_PROCESSING,,,
10965588,,ERROR_PROCESSING,,,
10857519,,ERROR_PROCESSING,,,
UNKNOWN,,SKIPPED_ID_UNKNOWN,,,
10063802,,ERROR_PROCESSING,,,
10063802,,ERROR_PROCESSING,,,
10975146,,ERROR_PROCESSING,,,
10386922,,ERROR_PROCESSING,,,
10330115,,ERROR_PROCESSING,,,
10604335,,ERROR_PROCESSING,,,
10070468,,ERROR_PROCESSING,,,
11037818,,ERROR_PROCESSING,,,
10002866,,ERROR_PROCESSING,,,
11498128,,ERROR_PROCESSING,,,
11650401,,ERROR_PROCESSING,,,
10272442,,ERROR_PROCESSING,,,
10793172,,ERROR_PROCESSING,,,
10272442,,ERROR_PROCESSING,,,
UNKNOWN,,SKIPPED_ID_UNKNOWN,,,
10089911,,ERROR_PROCESSING,,,
UNKNOWN,,SKIPPED_ID_UNKNOWN,,,
10063208,,ERROR_PROCESSING,,,
10973814,,ERROR_PROCESSING,,,
10028792,,ERROR_PROCESSING,,,
UNKNOWN,,SKIPPED_ID_UNKNOWN,,,
11656918,,ERROR_PROCESSING,,,
11415243,,ERROR_PROCESSING,,,
UNKNOWN,,SKIPPED_ID_UNKNOWN,,,
10010440,,ERROR_PROCESSING,,,
11177676,,ERROR_PROCESSING,,,
10615440,,ERROR_PROCESSING,,,
11461433,,ERROR_PROCESSING,,,
UNKNOWN,,SKIPPED_ID_UNKNOWN,,,
UNKNOWN,,SKIPPED_ID_UNKNOWN,,,
UNKNOWN,,SKIPPED_ID_UNKNOWN,,,
10404582,,ERROR_PROCESSING,,,
11043167,,ERROR_PROCESSING,,,
10187017,,ERROR_PROCESSING,,,
10212441,,ERROR_PROCESSING,,,
10454632,,ERROR_PROCESSING,,,
10136549,,ERROR_PROCESSING,,,
10468940,,ERROR_PROCESSING,,,
10616679,,ERROR_PROCESSING,,,
10872983,,ERROR_PROCESSING,,,
10019643,,ERROR_PROCESSING,,,
10909127,,ERROR_PROCESSING,,,
10854546,,ERROR_PROCESSING,,,
UNKNOWN,,SKIPPED_ID_UNKNOWN,,,
10384798,,ERROR_PROCESSING,,,
10714072,,ERROR_PROCESSING,,,
UNKNOWN,,SKIPPED_ID_UNKNOWN,,,
UNKNOWN,,SKIPPED_ID_UNKNOWN,,,
11337833,,ERROR_PROCESSING,,,
10154388,,ERROR_PROCESSING,,,
10055126,,ERROR_PROCESSING,,,
11090556,,ERROR_PROCESSING,,,
11623629,,ERROR_PROCESSING,,,
10973814,,ERROR_PROCESSING,,,
11037511,,ERROR_PROCESSING,,,
10586208,,ERROR_PROCESSING,,,
UNKNOWN,,SKIPPED_ID_UNKNOWN,,,
10990917,,ERROR_PROCESSING,,,
10583066,,ERROR_PROCESSING,,,
11512246,,ERROR_PROCESSING,,,
10878263,,ERROR_PROCESSING,,,
10878263,,ERROR_PROCESSING,,,
10583066,,ERROR_PROCESSING,,,
11017901,,ERROR_PROCESSING,,,
10854768,,ERROR_PROCESSING,,,
10006581,,ERROR_PROCESSING,,,
10965008,,ERROR_PROCESSING,,,
11018648,,ERROR_PROCESSING,,,
UNKNOWN,,SKIPPED_ID_UNKNOWN,,,
11134879,,ERROR_PROCESSING,,,
10934674,,ERROR_PROCESSING,,,
11547513,,ERROR_PROCESSING,,,
UNKNOWN,,SKIPPED_ID_UNKNOWN,,,
10141900,,ERROR_PROCESSING,,,
UNKNOWN,,SKIPPED_ID_UNKNOWN,,,
10552611,,ERROR_PROCESSING,,,
10965588,,ERROR_PROCESSING,,,
10552611,,ERROR_PROCESSING,,,
UNKNOWN,,SKIPPED_ID_UNKNOWN,,,
UNKNOWN,,SKIPPED_ID_UNKNOWN,,,
11073351,,ERROR_PROCESSING,,,
UNKNOWN,,SKIPPED_ID_UNKNOWN,,,
11192998,,ERROR_PROCESSING,,,
UNKNOWN,,SKIPPED_ID_UNKNOWN,,,
10386922,,ERROR_PROCESSING,,,
10676014,,ERROR_PROCESSING,,,
UNKNOWN,,SKIPPED_ID_UNKNOWN,,,
10022908,,ERROR_PROCESSING,,,
10513530,,ERROR_PROCESSING,,,
10730070,,ERROR_PROCESSING,,,
UNKNOWN,,SKIPPED_ID_UNKNOWN,,,
10790387,,ERROR_PROCESSING,,,
10777591,,ERROR_PROCESSING,,,
11611600,,ERROR_PROCESSING,,,
10005788,,ERROR_PROCESSING,,,
10790387,,ERROR_PROCESSING,,,
10350571,,ERROR_PROCESSING,,,
11502867,,ERROR_PROCESSING,,,
11414511,,ERROR_PROCESSING,,,
10724369,,ERROR_PROCESSING,,,
10975146,,ERROR_PROCESSING,,,
10063802,,ERROR_PROCESSING,,,
10975146,,ERROR_PROCESSING,,,
UNKNOWN,,SKIPPED_ID_UNKNOWN,,,
UNKNOWN,,SKIPPED_ID_UNKNOWN,,,
11192998,,ERROR_PROCESSING,,,
10024701,,ERROR_PROCESSING,,,
10545066,,ERROR_PROCESSING,,,
10328393,,ERROR_PROCESSING,,,
10064256,,ERROR_PROCESSING,,,
11153539,,ERROR_PROCESSING,,,
10615440,,ERROR_PROCESSING,,,
10010440,,ERROR_PROCESSING,,,
11414465,,ERROR_PROCESSING,,,
10028792,,ERROR_PROCESSING,,,
11449844,,ERROR_PROCESSING,,,
10910878,,ERROR_PROCESSING,,,
10136549,,ERROR_PROCESSING,,,
10454632,,ERROR_PROCESSING,,,
10212441,,ERROR_PROCESSING,,,
11391957,,ERROR_PROCESSING,,,
10854555,,ERROR_PROCESSING,,,
11461433,,ERROR_PROCESSING,,,
UNKNOWN,,SKIPPED_ID_UNKNOWN,,,
10253547,,ERROR_PROCESSING,,,
10253547,,ERROR_PROCESSING,,,
11121752,,ERROR_PROCESSING,,,
UNKNOWN,,SKIPPED_ID_UNKNOWN,,,
10002866,,ERROR_PROCESSING,,,
11507101,,ERROR_PROCESSING,,,
11394027,,ERROR_PROCESSING,,,
10858832,,ERROR_PROCESSING,,,
10600955,,ERROR_PROCESSING,,,
10963242,,ERROR_PROCESSING,,,
11283615,,ERROR_PROCESSING,,,
10203349,,ERROR_PROCESSING,,,
10723750,,ERROR_PROCESSING,,,
UNKNOWN,,SKIPPED_ID_UNKNOWN,,,
11460462,,ERROR_PROCESSING,,,
10203349,,ERROR_PROCESSING,,,
11497977,,ERROR_PROCESSING,,,
11015108,,ERROR_PROCESSING,,,
11250587,,ERROR_PROCESSING,,,
10028535,,ERROR_PROCESSING,,,
11244137,,ERROR_PROCESSING,,,
10089911,,ERROR_PROCESSING,,,
11446443,,ERROR_PROCESSING,,,
UNKNOWN,,SKIPPED_ID_UNKNOWN,,,
10937029,,ERROR_PROCESSING,,,
10937029,,ERROR_PROCESSING,,,
11622600,,ERROR_PROCESSING,,,
11037511,,ERROR_PROCESSING,,,
11259686,,ERROR_PROCESSING,,,
10717220,,ERROR_PROCESSING,,,
10094670,,ERROR_PROCESSING,,,
11449844,,ERROR_PROCESSING,,,
UNKNOWN,,SKIPPED_ID_UNKNOWN,,,
11512246,,ERROR_PROCESSING,,,
UNKNOWN,,SKIPPED_ID_UNKNOWN,,,
11518142,,ERROR_PROCESSING,,,
UNKNOWN,,SKIPPED_ID_UNKNOWN,,,
11507101,,ERROR_PROCESSING,,,
UNKNOWN,,SKIPPED_ID_UNKNOWN,,,
UNKNOWN,,SKIPPED_ID_UNKNOWN,,,
UNKNOWN,,SKIPPED_ID_UNKNOWN,,,
11015323,,ERROR_PROCESSING,,,
UNKNOWN,,SKIPPED_ID_UNKNOWN,,,
10854546,,ERROR_PROCESSING,,,
10158729,,ERROR_PROCESSING,,,
UNKNOWN,,SKIPPED_ID_UNKNOWN,,,
UNKNOWN,,SKIPPED_ID_UNKNOWN,,,
10468940,,ERROR_PROCESSING,,,
10601284,,ERROR_PROCESSING,,,
UNKNOWN,,SKIPPED_ID_UNKNOWN,,,
10601284,,ERROR_PROCESSING,,,
10963065,,ERROR_PROCESSING,,,
10055126,,ERROR_PROCESSING,,,
11337833,,ERROR_PROCESSING,,,
11015108,,ERROR_PROCESSING,,,
11551692,,ERROR_PROCESSING,,,
10388286,,ERROR_PROCESSING,,,
10714072,,ERROR_PROCESSING,,,
UNKNOWN,,SKIPPED_ID_UNKNOWN,,,
10549023,,ERROR_PROCESSING,,,
10141900,,ERROR_PROCESSING,,,
10330115,,ERROR_PROCESSING,,,
UNKNOWN,,SKIPPED_ID_UNKNOWN,,,
10669994,,ERROR_PROCESSING,,,
10027323,,ERROR_PROCESSING,,,
UNKNOWN,,SKIPPED_ID_UNKNOWN,,,
11125613,,ERROR_PROCESSING,,,
UNKNOWN,,SKIPPED_ID_UNKNOWN,,,
11193263,,ERROR_PROCESSING,,,
10585852,,ERROR_PROCESSING,,,
UNKNOWN,,SKIPPED_ID_UNKNOWN,,,
10525077,,ERROR_PROCESSING,,,
UNKNOWN,,SKIPPED_ID_UNKNOWN,,,
UNKNOWN,,SKIPPED_ID_UNKNOWN,,,
11122894,,ERROR_PROCESSING,,,
10666592,,ERROR_PROCESSING,,,
11624249,,ERROR_PROCESSING,,,
10538176,,ERROR_PROCESSING,,,
UNKNOWN,,SKIPPED_ID_UNKNOWN,,,
11075429,,ERROR_PROCESSING,,,
11288505,,ERROR_PROCESSING,,,
10330115,,ERROR_PROCESSING,,,
UNKNOWN,,SKIPPED_ID_UNKNOWN,,,
UNKNOWN,,SKIPPED_ID_UNKNOWN,,,
11075737,,ERROR_PROCESSING,,,
10723367,,ERROR_PROCESSING,,,
11285870,,ERROR_PROCESSING,,,
10748390,,ERROR_PROCESSING,,,
10924562,,ERROR_PROCESSING,,,
UNKNOWN,,SKIPPED_ID_UNKNOWN,,,
10190777,,ERROR_PROCESSING,,,
10978763,,ERROR_PROCESSING,,,
11133306,,ERROR_PROCESSING,,,
10587105,,ERROR_PROCESSING,,,
UNKNOWN,,SKIPPED_ID_UNKNOWN,,,
10730070,,ERROR_PROCESSING,,,
11129258,,ERROR_PROCESSING,,,
10513530,,ERROR_PROCESSING,,,
UNKNOWN,,SKIPPED_ID_UNKNOWN,,,
10350571,,ERROR_PROCESSING,,,
10453588,,ERROR_PROCESSING,,,
UNKNOWN,,SKIPPED_ID_UNKNOWN,,,
10130039,,ERROR_PROCESSING,,,
10005788,,ERROR_PROCESSING,,,
10619192,,ERROR_PROCESSING,,,
11611600,,ERROR_PROCESSING,,,
UNKNOWN,,SKIPPED_ID_UNKNOWN,,,
10777591,,ERROR_PROCESSING,,,
10019065,,ERROR_PROCESSING,,,
11259686,,ERROR_PROCESSING,,,
11517719,,ERROR_PROCESSING,,,
UNKNOWN,,SKIPPED_ID_UNKNOWN,,,
11193263,,ERROR_PROCESSING,,,
10059645,,ERROR_PROCESSING,,,
10718726,,ERROR_PROCESSING,,,
11624249,,ERROR_PROCESSING,,,
UNKNOWN,,SKIPPED_ID_UNKNOWN,,,
11554435,,ERROR_PROCESSING,,,
10531955,,ERROR_PROCESSING,,,
10722485,,ERROR_PROCESSING,,,
UNKNOWN,,SKIPPED_ID_UNKNOWN,,,
11402995,,ERROR_PROCESSING,,,
UNKNOWN,,SKIPPED_ID_UNKNOWN,,,
10290666,,ERROR_PROCESSING,,,
UNKNOWN,,SKIPPED_ID_UNKNOWN,,,
11455428,,ERROR_PROCESSING,,,
10318874,,ERROR_PROCESSING,,,
11127479,,ERROR_PROCESSING,,,
10669994,,ERROR_PROCESSING,,,
11651712,,ERROR_PROCESSING,,,
UNKNOWN,,SKIPPED_ID_UNKNOWN,,,
10132832,,ERROR_PROCESSING,,,
10730703,,ERROR_PROCESSING,,,
10656823,,ERROR_PROCESSING,,,
10020423,,ERROR_PROCESSING,,,
10000941,,ERROR_PROCESSING,,,
11126381,,ERROR_PROCESSING,,,
10386984,,ERROR_PROCESSING,,,
10864531,,ERROR_PROCESSING,,,
11129258,,ERROR_PROCESSING,,,
UNKNOWN,,SKIPPED_ID_UNKNOWN,,,
UNKNOWN,,SKIPPED_ID_UNKNOWN,,,
11125797,,ERROR_PROCESSING,,,
10843590,,ERROR_PROCESSING,,,
11284772,,ERROR_PROCESSING,,,
10454632,,ERROR_PROCESSING,,,
11601584,,ERROR_PROCESSING,,,
10212441,,ERROR_PROCESSING,,,
11554435,,ERROR_PROCESSING,,,
UNKNOWN,,SKIPPED_ID_UNKNOWN,,,
UNKNOWN,,SKIPPED_ID_UNKNOWN,,,
10600261,,ERROR_PROCESSING,,,
11495458,,ERROR_PROCESSING,,,
UNKNOWN,,SKIPPED_ID_UNKNOWN,,,
10904857,,ERROR_PROCESSING,,,
10904857,,ERROR_PROCESSING,,,
10744335,,ERROR_PROCESSING,,,
10599206,,ERROR_PROCESSING,,,
10577994,,ERROR_PROCESSING,,,
UNKNOWN,,SKIPPED_ID_UNKNOWN,,,
UNKNOWN,,SKIPPED_ID_UNKNOWN,,,
11304958,,ERROR_PROCESSING,,,
UNKNOWN,,SKIPPED_ID_UNKNOWN,,,
UNKNOWN,,SKIPPED_ID_UNKNOWN,,,
11455428,,ERROR_PROCESSING,,,
10978763,,ERROR_PROCESSING,,,
10468885,,ERROR_PROCESSING,,,
10386984,,ERROR_PROCESSING,,,
10723367,,ERROR_PROCESSING,,,
11410904,,ERROR_PROCESSING,,,
11401755,,ERROR_PROCESSING,,,
11499228,,ERROR_PROCESSING,,,
10905239,,ERROR_PROCESSING,,,
UNKNOWN,,SKIPPED_ID_UNKNOWN,,,
UNKNOWN,,SKIPPED_ID_UNKNOWN,,,
11612280,,ERROR_PROCESSING,,,
10285631,,ERROR_PROCESSING,,,
10916600,,ERROR_PROCESSING,,,
10360722,,ERROR_PROCESSING,,,
11037335,,ERROR_PROCESSING,,,
10963242,,ERROR_PROCESSING,,,
UNKNOWN,,SKIPPED_ID_UNKNOWN,,,
UNKNOWN,,SKIPPED_ID_UNKNOWN,,,
UNKNOWN,,SKIPPED_ID_UNKNOWN,,,
10337517,,ERROR_PROCESSING,,,
UNKNOWN,,SKIPPED_ID_UNKNOWN,,,
UNKNOWN,,SKIPPED_ID_UNKNOWN,,,
11414465,,ERROR_PROCESSING,,,
UNKNOWN,,SKIPPED_ID_UNKNOWN,,,
UNKNOWN,,SKIPPED_ID_UNKNOWN,,,
UNKNOWN,,SKIPPED_ID_UNKNOWN,,,
10489206,,ERROR_PROCESSING,,,
UNKNOWN,,SKIPPED_ID_UNKNOWN,,,
11027624,,ERROR_PROCESSING,,,
11086270,,ERROR_PROCESSING,,,
10153855,,ERROR_PROCESSING,,,
10329835,,ERROR_PROCESSING,,,
UNKNOWN,,SKIPPED_ID_UNKNOWN,,,
11508644,,ERROR_PROCESSING,,,
11551692,,ERROR_PROCESSING,,,
10916600,,ERROR_PROCESSING,,,
UNKNOWN,,SKIPPED_ID_UNKNOWN,,,
10963065,,ERROR_PROCESSING,,,
10554999,,ERROR_PROCESSING,,,
UNKNOWN,,SKIPPED_ID_UNKNOWN,,,
10080248,,ERROR_PROCESSING,,,
10337517,,ERROR_PROCESSING,,,
10094670,,ERROR_PROCESSING,,,
10717220,,ERROR_PROCESSING,,,
10024051,,ERROR_PROCESSING,,,
UNKNOWN,,SKIPPED_ID_UNKNOWN,,,
11253827,,ERROR_PROCESSING,,,
11656246,,ERROR_PROCESSING,,,
11253827,,ERROR_PROCESSING,,,
11450414,,ERROR_PROCESSING,,,
11450414,,ERROR_PROCESSING,,,
10670119,,ERROR_PROCESSING,,,
UNKNOWN,,SKIPPED_ID_UNKNOWN,,,
UNKNOWN,,SKIPPED_ID_UNKNOWN,,,
UNKNOWN,,SKIPPED_ID_UNKNOWN,,,
UNKNOWN,,SKIPPED_ID_UNKNOWN,,,
10722485,,ERROR_PROCESSING,,,
UNKNOWN,,SKIPPED_ID_UNKNOWN,,,
10122255,,ERROR_PROCESSING,,,
11254382,,ERROR_PROCESSING,,,
10122255,,ERROR_PROCESSING,,,
11303322,,ERROR_PROCESSING,,,
10020423,,ERROR_PROCESSING,,,
UNKNOWN,,SKIPPED_ID_UNKNOWN,,,
11391018,,ERROR_PROCESSING,,,
10656823,,ERROR_PROCESSING,,,
10289119,,ERROR_PROCESSING,,,
UNKNOWN,,SKIPPED_ID_UNKNOWN,,,
10965588,,ERROR_PROCESSING,,,
10779233,,ERROR_PROCESSING,,,
11241912,,ERROR_PROCESSING,,,
UNKNOWN,,SKIPPED_ID_UNKNOWN,,,
10059645,,ERROR_PROCESSING,,,
11259686,,ERROR_PROCESSING,,,
10026502,,ERROR_PROCESSING,,,
10982872,,ERROR_PROCESSING,,,
11521793,,ERROR_PROCESSING,,,
10925104,,ERROR_PROCESSING,,,
11236244,,ERROR_PROCESSING,,,
UNKNOWN,,SKIPPED_ID_UNKNOWN,,,
10068659,,ERROR_PROCESSING,,,
10272640,,ERROR_PROCESSING,,,
10842192,,ERROR_PROCESSING,,,
UNKNOWN,,SKIPPED_ID_UNKNOWN,,,
10464050,,ERROR_PROCESSING,,,
11176127,,ERROR_PROCESSING,,,
10744335,,ERROR_PROCESSING,,,
11308499,,ERROR_PROCESSING,,,
UNKNOWN,,SKIPPED_ID_UNKNOWN,,,
11074178,,ERROR_PROCESSING,,,
10600261,,ERROR_PROCESSING,,,
10089911,,ERROR_PROCESSING,,,
10064256,,ERROR_PROCESSING,,,
11241912,,ERROR_PROCESSING,,,
10591855,,ERROR_PROCESSING,,,
UNKNOWN,,SKIPPED_ID_UNKNOWN,,,
10123064,,ERROR_PROCESSING,,,
10577994,,ERROR_PROCESSING,,,
11304958,,ERROR_PROCESSING,,,
10599206,,ERROR_PROCESSING,,,
UNKNOWN,,SKIPPED_ID_UNKNOWN,,,
UNKNOWN,,SKIPPED_ID_UNKNOWN,,,
10340423,,ERROR_PROCESSING,,,
UNKNOWN,,SKIPPED_ID_UNKNOWN,,,
11360805,,ERROR_PROCESSING,,,
10593626,,ERROR_PROCESSING,,,
10676014,,ERROR_PROCESSING,,,
10864531,,ERROR_PROCESSING,,,
UNKNOWN,,SKIPPED_ID_UNKNOWN,,,
11521793,,ERROR_PROCESSING,,,
11403389,,ERROR_PROCESSING,,,
10329196,,ERROR_PROCESSING,,,
10964440,,ERROR_PROCESSING,,,
11298298,,ERROR_PROCESSING,,,
UNKNOWN,,SKIPPED_ID_UNKNOWN,,,
11298298,,ERROR_PROCESSING,,,
UNKNOWN,,SKIPPED_ID_UNKNOWN,,,
11086270,,ERROR_PROCESSING,,,
11389771,,ERROR_PROCESSING,,,
11401182,,ERROR_PROCESSING,,,
11080405,,ERROR_PROCESSING,,,
10810838,,ERROR_PROCESSING,,,
10057494,,ERROR_PROCESSING,,,
11612280,,ERROR_PROCESSING,,,
11453592,,ERROR_PROCESSING,,,
10857519,,ERROR_PROCESSING,,,
11189311,,ERROR_PROCESSING,,,
10905239,,ERROR_PROCESSING,,,
10018233,,ERROR_PROCESSING,,,
10604335,,ERROR_PROCESSING,,,
UNKNOWN,,SKIPPED_ID_UNKNOWN,,,
10797460,,ERROR_PROCESSING,,,
UNKNOWN,,SKIPPED_ID_UNKNOWN,,,
11497958,,ERROR_PROCESSING,,,
UNKNOWN,,SKIPPED_ID_UNKNOWN,,,
10266615,,ERROR_PROCESSING,,,
10793172,,ERROR_PROCESSING,,,
UNKNOWN,,SKIPPED_ID_UNKNOWN,,,
10454313,,ERROR_PROCESSING,,,
10984090,,ERROR_PROCESSING,,,
11493431,,ERROR_PROCESSING,,,
UNKNOWN,,SKIPPED_ID_UNKNOWN,,,
11614617,,ERROR_PROCESSING,,,
10024051,,ERROR_PROCESSING,,,
11090556,,ERROR_PROCESSING,,,
UNKNOWN,,SKIPPED_ID_UNKNOWN,,,
UNKNOWN,,SKIPPED_ID_UNKNOWN,,,
10001368,,ERROR_PROCESSING,,,
11569782,,ERROR_PROCESSING,,,
11568987,,ERROR_PROCESSING,,,
10670119,,ERROR_PROCESSING,,,
UNKNOWN,,SKIPPED_ID_UNKNOWN,,,
11656246,,ERROR_PROCESSING,,,
10990917,,ERROR_PROCESSING,,,
11337372,,ERROR_PROCESSING,,,
11194032,,ERROR_PROCESSING,,,
10384798,,ERROR_PROCESSING,,,
UNKNOWN,,SKIPPED_ID_UNKNOWN,,,
UNKNOWN,,SKIPPED_ID_UNKNOWN,,,
UNKNOWN,,SKIPPED_ID_UNKNOWN,,,
11244682,,ERROR_PROCESSING,,,
11361646,,ERROR_PROCESSING,,,
10616679,,ERROR_PROCESSING,,,
11135308,,ERROR_PROCESSING,,,
10857519,,ERROR_PROCESSING,,,
11189311,,ERROR_PROCESSING,,,
10328458,,ERROR_PROCESSING,,,
UNKNOWN,,SKIPPED_ID_UNKNOWN,,,
11403339,,ERROR_PROCESSING,,,
10395381,,ERROR_PROCESSING,,,
11413812,,ERROR_PROCESSING,,,
UNKNOWN,,SKIPPED_ID_UNKNOWN,,,
10653179,,ERROR_PROCESSING,,,
11455428,,ERROR_PROCESSING,,,
11241912,,ERROR_PROCESSING,,,
10599206,,ERROR_PROCESSING,,,
11176127,,ERROR_PROCESSING,,,
10122255,,ERROR_PROCESSING,,,
UNKNOWN,,SKIPPED_ID_UNKNOWN,,,
10925104,,ERROR_PROCESSING,,,
UNKNOWN,,SKIPPED_ID_UNKNOWN,,,
10187159,,ERROR_PROCESSING,,,
UNKNOWN,,SKIPPED_ID_UNKNOWN,,,
10024701,,ERROR_PROCESSING,,,
10600261,,ERROR_PROCESSING,,,
UNKNOWN,,SKIPPED_ID_UNKNOWN,,,
10064256,,ERROR_PROCESSING,,,
UNKNOWN,,SKIPPED_ID_UNKNOWN,,,
UNKNOWN,,SKIPPED_ID_UNKNOWN,,,
11521793,,ERROR_PROCESSING,,,
10724369,,ERROR_PROCESSING,,,
11554435,,ERROR_PROCESSING,,,
11414511,,ERROR_PROCESSING,,,
UNKNOWN,,SKIPPED_ID_UNKNOWN,,,
10873260,,ERROR_PROCESSING,,,
11129738,,ERROR_PROCESSING,,,
10059645,,ERROR_PROCESSING,,,
UNKNOWN,,SKIPPED_ID_UNKNOWN,,,
11308499,,ERROR_PROCESSING,,,
10599206,,ERROR_PROCESSING,,,
11308499,,ERROR_PROCESSING,,,
10854768,,ERROR_PROCESSING,,,
10386984,,ERROR_PROCESSING,,,
10329196,,ERROR_PROCESSING,,,
10591855,,ERROR_PROCESSING,,,
10591855,,ERROR_PROCESSING,,,
10600261,,ERROR_PROCESSING,,,
11134879,,ERROR_PROCESSING,,,
10593626,,ERROR_PROCESSING,,,
UNKNOWN,,SKIPPED_ID_UNKNOWN,,,
UNKNOWN,,SKIPPED_ID_UNKNOWN,,,
UNKNOWN,,SKIPPED_ID_UNKNOWN,,,
10863608,,ERROR_PROCESSING,,,
10987985,,ERROR_PROCESSING,,,
10006581,,ERROR_PROCESSING,,,
UNKNOWN,,SKIPPED_ID_UNKNOWN,,,
UNKNOWN,,SKIPPED_ID_UNKNOWN,,,
UNKNOWN,,SKIPPED_ID_UNKNOWN,,,
UNKNOWN,,SKIPPED_ID_UNKNOWN,,,
11074178,,ERROR_PROCESSING,,,
UNKNOWN,,SKIPPED_ID_UNKNOWN,,,
11403389,,ERROR_PROCESSING,,,
11403389,,ERROR_PROCESSING,,,
10059645,,ERROR_PROCESSING,,,
11032227,,ERROR_PROCESSING,,,
11236244,,ERROR_PROCESSING,,,
10068659,,ERROR_PROCESSING,,,
UNKNOWN,,SKIPPED_ID_UNKNOWN,,,
UNKNOWN,,SKIPPED_ID_UNKNOWN,,,
10272640,,ERROR_PROCESSING,,,
11298298,,ERROR_PROCESSING,,,
11656246,,ERROR_PROCESSING,,,
10984090,,ERROR_PROCESSING,,,
11444514,,ERROR_PROCESSING,,,
11358389,,ERROR_PROCESSING,,,
UNKNOWN,,SKIPPED_ID_UNKNOWN,,,
UNKNOWN,,SKIPPED_ID_UNKNOWN,,,
11348997,,ERROR_PROCESSING,,,
10909127,,ERROR_PROCESSING,,,
11569782,,ERROR_PROCESSING,,,
11656721,,ERROR_PROCESSING,,,
10810838,,ERROR_PROCESSING,,,
10810838,,ERROR_PROCESSING,,,
UNKNOWN,,SKIPPED_ID_UNKNOWN,,,
10990917,,ERROR_PROCESSING,,,
UNKNOWN,,SKIPPED_ID_UNKNOWN,,,
11194032,,ERROR_PROCESSING,,,
11401182,,ERROR_PROCESSING,,,
11080405,,ERROR_PROCESSING,,,
10384798,,ERROR_PROCESSING,,,
UNKNOWN,,SKIPPED_ID_UNKNOWN,,,
10653179,,ERROR_PROCESSING,,,
UNKNOWN,,SKIPPED_ID_UNKNOWN,,,
10933561,,ERROR_PROCESSING,,,
10616679,,ERROR_PROCESSING,,,
UNKNOWN,,SKIPPED_ID_UNKNOWN,,,
11019987,,ERROR_PROCESSING,,,
UNKNOWN,,SKIPPED_ID_UNKNOWN,,,
10857519,,ERROR_PROCESSING,,,
10154388,,ERROR_PROCESSING,,,
10964440,,ERROR_PROCESSING,,,
11497958,,ERROR_PROCESSING,,,
10471515,,ERROR_PROCESSING,,,
11037818,,ERROR_PROCESSING,,,
10070468,,ERROR_PROCESSING,,,
11656246,,ERROR_PROCESSING,,,
10004738,,ERROR_PROCESSING,,,
11572193,,ERROR_PROCESSING,,,
UNKNOWN,,SKIPPED_ID_UNKNOWN,,,
10337517,,ERROR_PROCESSING,,,
UNKNOWN,,SKIPPED_ID_UNKNOWN,,,
11361646,,ERROR_PROCESSING,,,
UNKNOWN,,SKIPPED_ID_UNKNOWN,,,
UNKNOWN,,SKIPPED_ID_UNKNOWN,,,
10265898,,ERROR_PROCESSING,,,
10858691,,ERROR_PROCESSING,,,
10990886,,ERROR_PROCESSING,,,
11153121,,ERROR_PROCESSING,,,
11650401,,ERROR_PROCESSING,,,
11337372,,ERROR_PROCESSING,,,
10916600,,ERROR_PROCESSING,,,
UNKNOWN,,SKIPPED_ID_UNKNOWN,,,
10018233,,ERROR_PROCESSING,,,
10604335,,ERROR_PROCESSING,,,
11189311,,ERROR_PROCESSING,,,
UNKNOWN,,SKIPPED_ID_UNKNOWN,,,
11460018,,ERROR_PROCESSING,,,
UNKNOWN,,SKIPPED_ID_UNKNOWN,,,
UNKNOWN,,SKIPPED_ID_UNKNOWN,,,
11554435,,ERROR_PROCESSING,,,
10000941,,ERROR_PROCESSING,,,
UNKNOWN,,SKIPPED_ID_UNKNOWN,,,
11126381,,ERROR_PROCESSING,,,
11521793,,ERROR_PROCESSING,,,
10587105,,ERROR_PROCESSING,,,
11127479,,ERROR_PROCESSING,,,
11288505,,ERROR_PROCESSING,,,
11285870,,ERROR_PROCESSING,,,
UNKNOWN,,SKIPPED_ID_UNKNOWN,,,
11284772,,ERROR_PROCESSING,,,
11259686,,ERROR_PROCESSING,,,
10718726,,ERROR_PROCESSING,,,
11402995,,ERROR_PROCESSING,,,
11187436,,ERROR_PROCESSING,,,
10873260,,ERROR_PROCESSING,,,
11495458,,ERROR_PROCESSING,,,
10187159,,ERROR_PROCESSING,,,
10813132,,ERROR_PROCESSING,,,
10577994,,ERROR_PROCESSING,,,
11241912,,ERROR_PROCESSING,,,
11455428,,ERROR_PROCESSING,,,
UNKNOWN,,SKIPPED_ID_UNKNOWN,,,
UNKNOWN,,SKIPPED_ID_UNKNOWN,,,
10227020,,ERROR_PROCESSING,,,
UNKNOWN,,SKIPPED_ID_UNKNOWN,,,
10019065,,ERROR_PROCESSING,,,
11401755,,ERROR_PROCESSING,,,
UNKNOWN,,SKIPPED_ID_UNKNOWN,,,
UNKNOWN,,SKIPPED_ID_UNKNOWN,,,
UNKNOWN,,SKIPPED_ID_UNKNOWN,,,
11193263,,ERROR_PROCESSING,,,
UNKNOWN,,SKIPPED_ID_UNKNOWN,,,
UNKNOWN,,SKIPPED_ID_UNKNOWN,,,
10531955,,ERROR_PROCESSING,,,
UNKNOWN,,SKIPPED_ID_UNKNOWN,,,
10386984,,ERROR_PROCESSING,,,
11179076,,ERROR_PROCESSING,,,
11015108,,ERROR_PROCESSING,,,
10577994,,ERROR_PROCESSING,,,
10843590,,ERROR_PROCESSING,,,
11336883,,ERROR_PROCESSING,,,
10904857,,ERROR_PROCESSING,,,
10549023,,ERROR_PROCESSING,,,
UNKNOWN,,SKIPPED_ID_UNKNOWN,,,
11122894,,ERROR_PROCESSING,,,
10318874,,ERROR_PROCESSING,,,
10525077,,ERROR_PROCESSING,,,
10669994,,ERROR_PROCESSING,,,
10538176,,ERROR_PROCESSING,,,
UNKNOWN,,SKIPPED_ID_UNKNOWN,,,
UNKNOWN,,SKIPPED_ID_UNKNOWN,,,
10329835,,ERROR_PROCESSING,,,
UNKNOWN,,SKIPPED_ID_UNKNOWN,,,
11027624,,ERROR_PROCESSING,,,
10933561,,ERROR_PROCESSING,,,
UNKNOWN,,SKIPPED_ID_UNKNOWN,,,
UNKNOWN,,SKIPPED_ID_UNKNOWN,,,
UNKNOWN,,SKIPPED_ID_UNKNOWN,,,
10653179,,ERROR_PROCESSING,,,
UNKNOWN,,SKIPPED_ID_UNKNOWN,,,
UNKNOWN,,SKIPPED_ID_UNKNOWN,,,
UNKNOWN,,SKIPPED_ID_UNKNOWN,,,
10682541,,ERROR_PROCESSING,,,
11403530,,ERROR_PROCESSING,,,
11612280,,ERROR_PROCESSING,,,
10388286,,ERROR_PROCESSING,,,
UNKNOWN,,SKIPPED_ID_UNKNOWN,,,
10857519,,ERROR_PROCESSING,,,
11518142,,ERROR_PROCESSING,,,
10717220,,ERROR_PROCESSING,,,
10094670,,ERROR_PROCESSING,,,
UNKNOWN,,SKIPPED_ID_UNKNOWN,,,
11358389,,ERROR_PROCESSING,,,
11656721,,ERROR_PROCESSING,,,
UNKNOWN,,SKIPPED_ID_UNKNOWN,,,
UNKNOWN,,SKIPPED_ID_UNKNOWN,,,
11499228,,ERROR_PROCESSING,,,
10916600,,ERROR_PROCESSING,,,
UNKNOWN,,SKIPPED_ID_UNKNOWN,,,
10153855,,ERROR_PROCESSING,,,
10153855,,ERROR_PROCESSING,,,
UNKNOWN,,SKIPPED_ID_UNKNOWN,,,
10858691,,ERROR_PROCESSING,,,
10001893,,ERROR_PROCESSING,,,
10265898,,ERROR_PROCESSING,,,
UNKNOWN,,SKIPPED_ID_UNKNOWN,,,
11612280,,ERROR_PROCESSING,,,
10554999,,ERROR_PROCESSING,,,
10028535,,ERROR_PROCESSING,,,
11391957,,ERROR_PROCESSING,,,
10554999,,ERROR_PROCESSING,,,
UNKNOWN,,SKIPPED_ID_UNKNOWN,,,
UNKNOWN,,SKIPPED_ID_UNKNOWN,,,
11189311,,ERROR_PROCESSING,,,
11360571,,ERROR_PROCESSING,,,
11572193,,ERROR_PROCESSING,,,
11121752,,ERROR_PROCESSING,,,
10080248,,ERROR_PROCESSING,,,
UNKNOWN,,SKIPPED_ID_UNKNOWN,,,
UNKNOWN,,SKIPPED_ID_UNKNOWN,,,
11508644,,ERROR_PROCESSING,,,
UNKNOWN,,SKIPPED_ID_UNKNOWN,,,
UNKNOWN,,SKIPPED_ID_UNKNOWN,,,
UNKNOWN,,SKIPPED_ID_UNKNOWN,,,
11414465,,ERROR_PROCESSING,,,
11250587,,ERROR_PROCESSING,,,
11450414,,ERROR_PROCESSING,,,
10024051,,ERROR_PROCESSING,,,
10723750,,ERROR_PROCESSING,,,
11446443,,ERROR_PROCESSING,,,
UNKNOWN,,SKIPPED_ID_UNKNOWN,,,
10337517,,ERROR_PROCESSING,,,
11253827,,ERROR_PROCESSING,,,
UNKNOWN,,SKIPPED_ID_UNKNOWN,,,
11244682,,ERROR_PROCESSING,,,
11493431,,ERROR_PROCESSING,,,
11135308,,ERROR_PROCESSING,,,
10872983,,ERROR_PROCESSING,,,
11192998,,ERROR_PROCESSING,,,
UNKNOWN,,SKIPPED_ID_UNKNOWN,,,
10063802,,ERROR_PROCESSING,,,
11569782,,ERROR_PROCESSING,,,
UNKNOWN,,SKIPPED_ID_UNKNOWN,,,
11413812,,ERROR_PROCESSING,,,
10975146,,ERROR_PROCESSING,,,
11194032,,ERROR_PROCESSING,,,
11547513,,ERROR_PROCESSING,,,
UNKNOWN,,SKIPPED_ID_UNKNOWN,,,
10593626,,ERROR_PROCESSING,,,
11090556,,ERROR_PROCESSING,,,
UNKNOWN,,SKIPPED_ID_UNKNOWN,,,
10864531,,ERROR_PROCESSING,,,
UNKNOWN,,SKIPPED_ID_UNKNOWN,,,
UNKNOWN,,SKIPPED_ID_UNKNOWN,,,
UNKNOWN,,SKIPPED_ID_UNKNOWN,,,
10513530,,ERROR_PROCESSING,,,
11614617,,ERROR_PROCESSING,,,
10513530,,ERROR_PROCESSING,,,
10328458,,ERROR_PROCESSING,,,
10843590,,ERROR_PROCESSING,,,
11568987,,ERROR_PROCESSING,,,
10005788,,ERROR_PROCESSING,,,
10790387,,ERROR_PROCESSING,,,
10005788,,ERROR_PROCESSING,,,
10022908,,ERROR_PROCESSING,,,
11403339,,ERROR_PROCESSING,,,
10395381,,ERROR_PROCESSING,,,
10722485,,ERROR_PROCESSING,,,
10063802,,ERROR_PROCESSING,,,
UNKNOWN,,SKIPPED_ID_UNKNOWN,,,
UNKNOWN,,SKIPPED_ID_UNKNOWN,,,
10793172,,ERROR_PROCESSING,,,
UNKNOWN,,SKIPPED_ID_UNKNOWN,,,
10000941,,ERROR_PROCESSING,,,
10020423,,ERROR_PROCESSING,,,
10797460,,ERROR_PROCESSING,,,
10552611,,ERROR_PROCESSING,,,
11389771,,ERROR_PROCESSING,,,
10019065,,ERROR_PROCESSING,,,
10018233,,ERROR_PROCESSING,,,
11017901,,ERROR_PROCESSING,,,
10187159,,ERROR_PROCESSING,,,
10965008,,ERROR_PROCESSING,,,
UNKNOWN,,SKIPPED_ID_UNKNOWN,,,
UNKNOWN,,SKIPPED_ID_UNKNOWN,,,
10676014,,ERROR_PROCESSING,,,
10404582,,ERROR_PROCESSING,,,
UNKNOWN,,SKIPPED_ID_UNKNOWN,,,
11176127,,ERROR_PROCESSING,,,
10937029,,ERROR_PROCESSING,,,
UNKNOWN,,SKIPPED_ID_UNKNOWN,,,
10340423,,ERROR_PROCESSING,,,
11153121,,ERROR_PROCESSING,,,
10001893,,ERROR_PROCESSING,,,
10123064,,ERROR_PROCESSING,,,
10670119,,ERROR_PROCESSING,,,
UNKNOWN,,SKIPPED_ID_UNKNOWN,,,
UNKNOWN,,SKIPPED_ID_UNKNOWN,,,
10585852,,ERROR_PROCESSING,,,
10878263,,ERROR_PROCESSING,,,
10583066,,ERROR_PROCESSING,,,
10854546,,ERROR_PROCESSING,,,
11361646,,ERROR_PROCESSING,,,
10271806,,ERROR_PROCESSING,,,
10854546,,ERROR_PROCESSING,,,
10842192,,ERROR_PROCESSING,,,
UNKNOWN,,SKIPPED_ID_UNKNOWN,,,
10601284,,ERROR_PROCESSING,,,
11414511,,ERROR_PROCESSING,,,
UNKNOWN,,SKIPPED_ID_UNKNOWN,,,
11498128,,ERROR_PROCESSING,,,
UNKNOWN,,SKIPPED_ID_UNKNOWN,,,
UNKNOWN,,SKIPPED_ID_UNKNOWN,,,
11508644,,ERROR_PROCESSING,,,
11572193,,ERROR_PROCESSING,,,
UNKNOWN,,SKIPPED_ID_UNKNOWN,,,
10080248,,ERROR_PROCESSING,,,
10854768,,ERROR_PROCESSING,,,
10615440,,ERROR_PROCESSING,,,
10404582,,ERROR_PROCESSING,,,
10615440,,ERROR_PROCESSING,,,
10586208,,ERROR_PROCESSING,,,
11656918,,ERROR_PROCESSING,,,
11391018,,ERROR_PROCESSING,,,
11134879,,ERROR_PROCESSING,,,
11080405,,ERROR_PROCESSING,,,
10779233,,ERROR_PROCESSING,,,
UNKNOWN,,SKIPPED_ID_UNKNOWN,,,
10973814,,ERROR_PROCESSING,,,
10933561,,ERROR_PROCESSING,,,
11254382,,ERROR_PROCESSING,,,
10863608,,ERROR_PROCESSING,,,
10253547,,ERROR_PROCESSING,,,
10098844,,ERROR_PROCESSING,,,
11394027,,ERROR_PROCESSING,,,
UNKNOWN,,SKIPPED_ID_UNKNOWN,,,
UNKNOWN,,SKIPPED_ID_UNKNOWN,,,
10965588,,ERROR_PROCESSING,,,
10203349,,ERROR_PROCESSING,,,
11358389,,ERROR_PROCESSING,,,
11075429,,ERROR_PROCESSING,,,
10089911,,ERROR_PROCESSING,,,
10089911,,ERROR_PROCESSING,,,
10272442,,ERROR_PROCESSING,,,
11303322,,ERROR_PROCESSING,,,
11236244,,ERROR_PROCESSING,,,
UNKNOWN,,SKIPPED_ID_UNKNOWN,,,
10666592,,ERROR_PROCESSING,,,
10619192,,ERROR_PROCESSING,,,
10130039,,ERROR_PROCESSING,,,
10329835,,ERROR_PROCESSING,,,
10593626,,ERROR_PROCESSING,,,
UNKNOWN,,SKIPPED_ID_UNKNOWN,,,
10005758,,ERROR_PROCESSING,,,
11288051,,ERROR_PROCESSING,,,
10790387,,ERROR_PROCESSING,,,
UNKNOWN,,SKIPPED_ID_UNKNOWN,,,
10843590,,ERROR_PROCESSING,,,
11177676,,ERROR_PROCESSING,,,
UNKNOWN,,SKIPPED_ID_UNKNOWN,,,
10158729,,ERROR_PROCESSING,,,
10418224,,ERROR_PROCESSING,,,
10963065,,ERROR_PROCESSING,,,
10330115,,ERROR_PROCESSING,,,
UNKNOWN,,SKIPPED_ID_UNKNOWN,,,
10975146,,ERROR_PROCESSING,,,
11304958,,ERROR_PROCESSING,,,
11551692,,ERROR_PROCESSING,,,
10583761,,ERROR_PROCESSING,,,
11621223,,ERROR_PROCESSING,,,
UNKNOWN,,SKIPPED_ID_UNKNOWN,,,
10130039,,ERROR_PROCESSING,,,
UNKNOWN,,SKIPPED_ID_UNKNOWN,,,
11017901,,ERROR_PROCESSING,,,
11401767,,ERROR_PROCESSING,,,
11499228,,ERROR_PROCESSING,,,
10666592,,ERROR_PROCESSING,,,
10019065,,ERROR_PROCESSING,,,
UNKNOWN,,SKIPPED_ID_UNKNOWN,,,
10489206,,ERROR_PROCESSING,,,
11037335,,ERROR_PROCESSING,,,
10965008,,ERROR_PROCESSING,,,
11391957,,ERROR_PROCESSING,,,
10214162,,ERROR_PROCESSING,,,
UNKNOWN,,SKIPPED_ID_UNKNOWN,,,
UNKNOWN,,SKIPPED_ID_UNKNOWN,,,
11253827,,ERROR_PROCESSING,,,
11121752,,ERROR_PROCESSING,,,
10285631,,ERROR_PROCESSING,,,
UNKNOWN,,SKIPPED_ID_UNKNOWN,,,
10027323,,ERROR_PROCESSING,,,
10873260,,ERROR_PROCESSING,,,
UNKNOWN,,SKIPPED_ID_UNKNOWN,,,
10656823,,ERROR_PROCESSING,,,
UNKNOWN,,SKIPPED_ID_UNKNOWN,,,
10723750,,ERROR_PROCESSING,,,
10963242,,ERROR_PROCESSING,,,
10552611,,ERROR_PROCESSING,,,
10000941,,ERROR_PROCESSING,,,
UNKNOWN,,SKIPPED_ID_UNKNOWN,,,
10360722,,ERROR_PROCESSING,,,
11446443,,ERROR_PROCESSING,,,
UNKNOWN,,SKIPPED_ID_UNKNOWN,,,
10601284,,ERROR_PROCESSING,,,
10905911,,ERROR_PROCESSING,,,
UNKNOWN,,SKIPPED_ID_UNKNOWN,,,
UNKNOWN,,SKIPPED_ID_UNKNOWN,,,
11073351,,ERROR_PROCESSING,,,
11090765,,ERROR_PROCESSING,,,
11361646,,ERROR_PROCESSING,,,
10989274,,ERROR_PROCESSING,,,
11288505,,ERROR_PROCESSING,,,
10080248,,ERROR_PROCESSING,,,
11284772,,ERROR_PROCESSING,,,
11601584,,ERROR_PROCESSING,,,
11285870,,ERROR_PROCESSING,,,
11410904,,ERROR_PROCESSING,,,
10723367,,ERROR_PROCESSING,,,
UNKNOWN,,SKIPPED_ID_UNKNOWN,,,
11508644,,ERROR_PROCESSING,,,
11337833,,ERROR_PROCESSING,,,
10978763,,ERROR_PROCESSING,,,
11015323,,ERROR_PROCESSING,,,
11442793,,ERROR_PROCESSING,,,
11018648,,ERROR_PROCESSING,,,
11495458,,ERROR_PROCESSING,,,
10910878,,ERROR_PROCESSING,,,
11129258,,ERROR_PROCESSING,,,
10937029,,ERROR_PROCESSING,,,
UNKNOWN,,SKIPPED_ID_UNKNOWN,,,
11037511,,ERROR_PROCESSING,,,
11037511,,ERROR_PROCESSING,,,
UNKNOWN,,SKIPPED_ID_UNKNOWN,,,
10583066,,ERROR_PROCESSING,,,
10878263,,ERROR_PROCESSING,,,
11449844,,ERROR_PROCESSING,,,
11069176,,ERROR_PROCESSING,,,
10858691,,ERROR_PROCESSING,,,
10265898,,ERROR_PROCESSING,,,
11153121,,ERROR_PROCESSING,,,
11394027,,ERROR_PROCESSING,,,
10253547,,ERROR_PROCESSING,,,
UNKNOWN,,SKIPPED_ID_UNKNOWN,,,
11015108,,ERROR_PROCESSING,,,
10002866,,ERROR_PROCESSING,,,
UNKNOWN,,SKIPPED_ID_UNKNOWN,,,
10905239,,ERROR_PROCESSING,,,
11656721,,ERROR_PROCESSING,,,
10002866,,ERROR_PROCESSING,,,
10730703,,ERROR_PROCESSING,,,
10132832,,ERROR_PROCESSING,,,
10272442,,ERROR_PROCESSING,,,
11507101,,ERROR_PROCESSING,,,
10531955,,ERROR_PROCESSING,,,
11015323,,ERROR_PROCESSING,,,
10203349,,ERROR_PROCESSING,,,
10663396,,ERROR_PROCESSING,,,
10028792,,ERROR_PROCESSING,,,
11656918,,ERROR_PROCESSING,,,
10028792,,ERROR_PROCESSING,,,
UNKNOWN,,SKIPPED_ID_UNKNOWN,,,
11403044,,ERROR_PROCESSING,,,
11517719,,ERROR_PROCESSING,,,
10318874,,ERROR_PROCESSING,,,
10525077,,ERROR_PROCESSING,,,
11086270,,ERROR_PROCESSING,,,
11122894,,ERROR_PROCESSING,,,
11080405,,ERROR_PROCESSING,,,
10212441,,ERROR_PROCESSING,,,
10454632,,ERROR_PROCESSING,,,
UNKNOWN,,SKIPPED_ID_UNKNOWN,,,
11153539,,ERROR_PROCESSING,,,
10454632,,ERROR_PROCESSING,,,
11624249,,ERROR_PROCESSING,,,
10212441,,ERROR_PROCESSING,,,
11304958,,ERROR_PROCESSING,,,
10022908,,ERROR_PROCESSING,,,
11401755,,ERROR_PROCESSING,,,
11037335,,ERROR_PROCESSING,,,
11391957,,ERROR_PROCESSING,,,
10272640,,ERROR_PROCESSING,,,
10130039,,ERROR_PROCESSING,,,
10068659,,ERROR_PROCESSING,,,
11250587,,ERROR_PROCESSING,,,
UNKNOWN,,SKIPPED_ID_UNKNOWN,,,
10619192,,ERROR_PROCESSING,,,
UNKNOWN,,SKIPPED_ID_UNKNOWN,,,
11121752,,ERROR_PROCESSING,,,
UNKNOWN,,SKIPPED_ID_UNKNOWN,,,
10329196,,ERROR_PROCESSING,,,
11288051,,ERROR_PROCESSING,,,
11414465,,ERROR_PROCESSING,,,
UNKNOWN,,SKIPPED_ID_UNKNOWN,,,
10723750,,ERROR_PROCESSING,,,
10330115,,ERROR_PROCESSING,,,
10028535,,ERROR_PROCESSING,,,
10330115,,ERROR_PROCESSING,,,
UNKNOWN,,SKIPPED_ID_UNKNOWN,,,
11446443,,ERROR_PROCESSING,,,
10063802,,ERROR_PROCESSING,,,
10289119,,ERROR_PROCESSING,,,
UNKNOWN,,SKIPPED_ID_UNKNOWN,,,
10656823,,ERROR_PROCESSING,,,
11402995,,ERROR_PROCESSING,,,
10666592,,ERROR_PROCESSING,,,
UNKNOWN,,SKIPPED_ID_UNKNOWN,,,
UNKNOWN,,SKIPPED_ID_UNKNOWN,,,
10717220,,ERROR_PROCESSING,,,
10460984,,ERROR_PROCESSING,,,
UNKNOWN,,SKIPPED_ID_UNKNOWN,,,
10158729,,ERROR_PROCESSING,,,
10026502,,ERROR_PROCESSING,,,
10925104,,ERROR_PROCESSING,,,
11547513,,ERROR_PROCESSING,,,
10027323,,ERROR_PROCESSING,,,
UNKNOWN,,SKIPPED_ID_UNKNOWN,,,
11518142,,ERROR_PROCESSING,,,
10388286,,ERROR_PROCESSING,,,
10358759,,ERROR_PROCESSING,,,
11015323,,ERROR_PROCESSING,,,
10203349,,ERROR_PROCESSING,,,
10549023,,ERROR_PROCESSING,,,
10858691,,ERROR_PROCESSING,,,
10265898,,ERROR_PROCESSING,,,
11193263,,ERROR_PROCESSING,,,
UNKNOWN,,SKIPPED_ID_UNKNOWN,,,
11337833,,ERROR_PROCESSING,,,
UNKNOWN,,SKIPPED_ID_UNKNOWN,,,
10253547,,ERROR_PROCESSING,,,
11394027,,ERROR_PROCESSING,,,
10601284,,ERROR_PROCESSING,,,
11018648,,ERROR_PROCESSING,,,
11037511,,ERROR_PROCESSING,,,
10525077,,ERROR_PROCESSING,,,
11073351,,ERROR_PROCESSING,,,
10027247,,ERROR_PROCESSING,,,
11122894,,ERROR_PROCESSING,,,
10937029,,ERROR_PROCESSING,,,
11449844,,ERROR_PROCESSING,,,
11449844,,ERROR_PROCESSING,,,
10669994,,ERROR_PROCESSING,,,
UNKNOWN,,SKIPPED_ID_UNKNOWN,,,
11015108,,ERROR_PROCESSING,,,
11498128,,ERROR_PROCESSING,,,
11015108,,ERROR_PROCESSING,,,
UNKNOWN,,SKIPPED_ID_UNKNOWN,,,
10002866,,ERROR_PROCESSING,,,
UNKNOWN,,SKIPPED_ID_UNKNOWN,,,
10203349,,ERROR_PROCESSING,,,
11401182,,ERROR_PROCESSING,,,
11086270,,ERROR_PROCESSING,,,
11027624,,ERROR_PROCESSING,,,
11288505,,ERROR_PROCESSING,,,
11507101,,ERROR_PROCESSING,,,
10189546,,ERROR_PROCESSING,,,
11507101,,ERROR_PROCESSING,,,
11601584,,ERROR_PROCESSING,,,
10253547,,ERROR_PROCESSING,,,
11285870,,ERROR_PROCESSING,,,
10227020,,ERROR_PROCESSING,,,
UNKNOWN,,SKIPPED_ID_UNKNOWN,,,
UNKNOWN,,SKIPPED_ID_UNKNOWN,,,
10617017,,ERROR_PROCESSING,,,
10601284,,ERROR_PROCESSING,,,
UNKNOWN,,SKIPPED_ID_UNKNOWN,,,
10587105,,ERROR_PROCESSING,,,
10984090,,ERROR_PROCESSING,,,
UNKNOWN,,SKIPPED_ID_UNKNOWN,,,
10028792,,ERROR_PROCESSING,,,
UNKNOWN,,SKIPPED_ID_UNKNOWN,,,
UNKNOWN,,SKIPPED_ID_UNKNOWN,,,
10905239,,ERROR_PROCESSING,,,
10910878,,ERROR_PROCESSING,,,
11656721,,ERROR_PROCESSING,,,
10404582,,ERROR_PROCESSING,,,
UNKNOWN,,SKIPPED_ID_UNKNOWN,,,
11153539,,ERROR_PROCESSING,,,
UNKNOWN,,SKIPPED_ID_UNKNOWN,,,
11153539,,ERROR_PROCESSING,,,
10454632,,ERROR_PROCESSING,,,
10212441,,ERROR_PROCESSING,,,
UNKNOWN,,SKIPPED_ID_UNKNOWN,,,
UNKNOWN,,SKIPPED_ID_UNKNOWN,,,
11453592,,ERROR_PROCESSING,,,
10975146,,ERROR_PROCESSING,,,
10329196,,ERROR_PROCESSING,,,
UNKNOWN,,SKIPPED_ID_UNKNOWN,,,
11650401,,ERROR_PROCESSING,,,
11192998,,ERROR_PROCESSING,,,
11192998,,ERROR_PROCESSING,,,
10063802,,ERROR_PROCESSING,,,
10329469,,ERROR_PROCESSING,,,
10864531,,ERROR_PROCESSING,,,
11389771,,ERROR_PROCESSING,,,
10965008,,ERROR_PROCESSING,,,
11401755,,ERROR_PROCESSING,,,
10790387,,ERROR_PROCESSING,,,
10022908,,ERROR_PROCESSING,,,
10513530,,ERROR_PROCESSING,,,
10604335,,ERROR_PROCESSING,,,
UNKNOWN,,SKIPPED_ID_UNKNOWN,,,
10070468,,ERROR_PROCESSING,,,
11037818,,ERROR_PROCESSING,,,
10005788,,ERROR_PROCESSING,,,
UNKNOWN,,SKIPPED_ID_UNKNOWN,,,
10619192,,ERROR_PROCESSING,,,
10744335,,ERROR_PROCESSING,,,
11017901,,ERROR_PROCESSING,,,
11356260,,ERROR_PROCESSING,,,
10272640,,ERROR_PROCESSING,,,
10130039,,ERROR_PROCESSING,,,
10068659,,ERROR_PROCESSING,,,
11497977,,ERROR_PROCESSING,,,
11283615,,ERROR_PROCESSING,,,
11547513,,ERROR_PROCESSING,,,
10925104,,ERROR_PROCESSING,,,
10975146,,ERROR_PROCESSING,,,
11493431,,ERROR_PROCESSING,,,
10187159,,ERROR_PROCESSING,,,
10026502,,ERROR_PROCESSING,,,
10552611,,ERROR_PROCESSING,,,
UNKNOWN,,SKIPPED_ID_UNKNOWN,,,
11342416,,ERROR_PROCESSING,,,
UNKNOWN,,SKIPPED_ID_UNKNOWN,,,
10154388,,ERROR_PROCESSING,,,
10027323,,ERROR_PROCESSING,,,
UNKNOWN,,SKIPPED_ID_UNKNOWN,,,
UNKNOWN,,SKIPPED_ID_UNKNOWN,,,
10790387,,ERROR_PROCESSING,,,
10909127,,ERROR_PROCESSING,,,
10020423,,ERROR_PROCESSING,,,
UNKNOWN,,SKIPPED_ID_UNKNOWN,,,
10384798,,ERROR_PROCESSING,,,
UNKNOWN,,SKIPPED_ID_UNKNOWN,,,
UNKNOWN,,SKIPPED_ID_UNKNOWN,,,
10289119,,ERROR_PROCESSING,,,
10328458,,ERROR_PROCESSING,,,
UNKNOWN,,SKIPPED_ID_UNKNOWN,,,
10666592,,ERROR_PROCESSING,,,
UNKNOWN,,SKIPPED_ID_UNKNOWN,,,
11403339,,ERROR_PROCESSING,,,
11402995,,ERROR_PROCESSING,,,
10722485,,ERROR_PROCESSING,,,
10395381,,ERROR_PROCESSING,,,
10878263,,ERROR_PROCESSING,,,
10583066,,ERROR_PROCESSING,,,
10854768,,ERROR_PROCESSING,,,
11572193,,ERROR_PROCESSING,,,
10006581,,ERROR_PROCESSING,,,
UNKNOWN,,SKIPPED_ID_UNKNOWN,,,
11391018,,ERROR_PROCESSING,,,
11134879,,ERROR_PROCESSING,,,
11656918,,ERROR_PROCESSING,,,
11125613,,ERROR_PROCESSING,,,
10779233,,ERROR_PROCESSING,,,
10272442,,ERROR_PROCESSING,,,
UNKNOWN,,SKIPPED_ID_UNKNOWN,,,
10670119,,ERROR_PROCESSING,,,
10585852,,ERROR_PROCESSING,,,
10098844,,ERROR_PROCESSING,,,
10001893,,ERROR_PROCESSING,,,
10854546,,ERROR_PROCESSING,,,
11015323,,ERROR_PROCESSING,,,
UNKNOWN,,SKIPPED_ID_UNKNOWN,,,
10724369,,ERROR_PROCESSING,,,
10586208,,ERROR_PROCESSING,,,
10583066,,ERROR_PROCESSING,,,
10984090,,ERROR_PROCESSING,,,
11358389,,ERROR_PROCESSING,,,
10615440,,ERROR_PROCESSING,,,
11177707,,ERROR_PROCESSING,,,
10064256,,ERROR_PROCESSING,,,
11656918,,ERROR_PROCESSING,,,
UNKNOWN,,SKIPPED_ID_UNKNOWN,,,
10973814,,ERROR_PROCESSING,,,
10973814,,ERROR_PROCESSING,,,
10123064,,ERROR_PROCESSING,,,
UNKNOWN,,SKIPPED_ID_UNKNOWN,,,
10404582,,ERROR_PROCESSING,,,
UNKNOWN,,SKIPPED_ID_UNKNOWN,,,
UNKNOWN,,SKIPPED_ID_UNKNOWN,,,
UNKNOWN,,SKIPPED_ID_UNKNOWN,,,
10910878,,ERROR_PROCESSING,,,
UNKNOWN,,SKIPPED_ID_UNKNOWN,,,
10593535,,ERROR_PROCESSING,,,
11027624,,ERROR_PROCESSING,,,
11461844,,ERROR_PROCESSING,,,
10272442,,ERROR_PROCESSING,,,
11401182,,ERROR_PROCESSING,,,
11414511,,ERROR_PROCESSING,,,
UNKNOWN,,SKIPPED_ID_UNKNOWN,,,
11498128,,ERROR_PROCESSING,,,
10089911,,ERROR_PROCESSING,,,
10709622,,ERROR_PROCESSING,,,
UNKNOWN,,SKIPPED_ID_UNKNOWN,,,
10024701,,ERROR_PROCESSING,,,
UNKNOWN,,SKIPPED_ID_UNKNOWN,,,
UNKNOWN,,SKIPPED_ID_UNKNOWN,,,
11127479,,ERROR_PROCESSING,,,
UNKNOWN,,SKIPPED_ID_UNKNOWN,,,
10676014,,ERROR_PROCESSING,,,
11126381,,ERROR_PROCESSING,,,
10513530,,ERROR_PROCESSING,,,
10000941,,ERROR_PROCESSING,,,
11129258,,ERROR_PROCESSING,,,
11187436,,ERROR_PROCESSING,,,
10878263,,ERROR_PROCESSING,,,
10583066,,ERROR_PROCESSING,,,
UNKNOWN,,SKIPPED_ID_UNKNOWN,,,
10005788,,ERROR_PROCESSING,,,
UNKNOWN,,SKIPPED_ID_UNKNOWN,,,
11497958,,ERROR_PROCESSING,,,
10006581,,ERROR_PROCESSING,,,
10872983,,ERROR_PROCESSING,,,
10872983,,ERROR_PROCESSING,,,
10122538,,ERROR_PROCESSING,,,
10813132,,ERROR_PROCESSING,,,
10600261,,ERROR_PROCESSING,,,
10019065,,ERROR_PROCESSING,,,
10723367,,ERROR_PROCESSING,,,
11389771,,ERROR_PROCESSING,,,
10978763,,ERROR_PROCESSING,,,
11401767,,ERROR_PROCESSING,,,
10599206,,ERROR_PROCESSING,,,
10059645,,ERROR_PROCESSING,,,
11621223,,ERROR_PROCESSING,,,
10583761,,ERROR_PROCESSING,,,
11656918,,ERROR_PROCESSING,,,
10468885,,ERROR_PROCESSING,,,
UNKNOWN,,SKIPPED_ID_UNKNOWN,,,
UNKNOWN,,SKIPPED_ID_UNKNOWN,,,
10395381,,ERROR_PROCESSING,,,
11403339,,ERROR_PROCESSING,,,
10418224,,ERROR_PROCESSING,,,
UNKNOWN,,SKIPPED_ID_UNKNOWN,,,
UNKNOWN,,SKIPPED_ID_UNKNOWN,,,
10006581,,ERROR_PROCESSING,,,
10328458,,ERROR_PROCESSING,,,
UNKNOWN,,SKIPPED_ID_UNKNOWN,,,
11624249,,ERROR_PROCESSING,,,
11336883,,ERROR_PROCESSING,,,
10843590,,ERROR_PROCESSING,,,
UNKNOWN,,SKIPPED_ID_UNKNOWN,,,
UNKNOWN,,SKIPPED_ID_UNKNOWN,,,
11192998,,ERROR_PROCESSING,,,
10005758,,ERROR_PROCESSING,,,
10024701,,ERROR_PROCESSING,,,
11493431,,ERROR_PROCESSING,,,
10272442,,ERROR_PROCESSING,,,
UNKNOWN,,SKIPPED_ID_UNKNOWN,,,
10965588,,ERROR_PROCESSING,,,
10682541,,ERROR_PROCESSING,,,
10854546,,ERROR_PROCESSING,,,
10098844,,ERROR_PROCESSING,,,
UNKNOWN,,SKIPPED_ID_UNKNOWN,,,
11414511,,ERROR_PROCESSING,,,
11414511,,ERROR_PROCESSING,,,
10975146,,ERROR_PROCESSING,,,
11403044,,ERROR_PROCESSING,,,
10963065,,ERROR_PROCESSING,,,
11403530,,ERROR_PROCESSING,,,
11551692,,ERROR_PROCESSING,,,
10586208,,ERROR_PROCESSING,,,
UNKNOWN,,SKIPPED_ID_UNKNOWN,,,
UNKNOWN,,SKIPPED_ID_UNKNOWN,,,
11090556,,ERROR_PROCESSING,,,
UNKNOWN,,SKIPPED_ID_UNKNOWN,,,
10779233,,ERROR_PROCESSING,,,
10790387,,ERROR_PROCESSING,,,
10973814,,ERROR_PROCESSING,,,
11656246,,ERROR_PROCESSING,,,
11391018,,ERROR_PROCESSING,,,
11069176,,ERROR_PROCESSING,,,
10154388,,ERROR_PROCESSING,,,
UNKNOWN,,SKIPPED_ID_UNKNOWN,,,
10552611,,ERROR_PROCESSING,,,
10963242,,ERROR_PROCESSING,,,
10793172,,ERROR_PROCESSING,,,
10089911,,ERROR_PROCESSING,,,
11650401,,ERROR_PROCESSING,,,
UNKNOWN,,SKIPPED_ID_UNKNOWN,,,
UNKNOWN,,SKIPPED_ID_UNKNOWN,,,
11403389,,ERROR_PROCESSING,,,
UNKNOWN,,SKIPPED_ID_UNKNOWN,,,
10854768,,ERROR_PROCESSING,,,
11017901,,ERROR_PROCESSING,,,
10854768,,ERROR_PROCESSING,,,
11508644,,ERROR_PROCESSING,,,
11308499,,ERROR_PROCESSING,,,
10615440,,ERROR_PROCESSING,,,
10080248,,ERROR_PROCESSING,,,
UNKNOWN,,SKIPPED_ID_UNKNOWN,,,
11360571,,ERROR_PROCESSING,,,
UNKNOWN,,SKIPPED_ID_UNKNOWN,,,
11134879,,ERROR_PROCESSING,,,
10965008,,ERROR_PROCESSING,,,
11134879,,ERROR_PROCESSING,,,
11547505,,ERROR_PROCESSING,,,
10123064,,ERROR_PROCESSING,,,
10989274,,ERROR_PROCESSING,,,
11090765,,ERROR_PROCESSING,,,
10591855,,ERROR_PROCESSING,,,
10271806,,ERROR_PROCESSING,,,
10905911,,ERROR_PROCESSING,,,
10214162,,ERROR_PROCESSING,,,
10982872,,ERROR_PROCESSING,,,
10122538,,ERROR_PROCESSING,,,
10158729,,ERROR_PROCESSING,,,
10158729,,ERROR_PROCESSING,,,
UNKNOWN,,SKIPPED_ID_UNKNOWN,,,
10489345,,ERROR_PROCESSING,,,
10601284,,ERROR_PROCESSING,,,
11401767,,ERROR_PROCESSING,,,
10577994,,ERROR_PROCESSING,,,
UNKNOWN,,SKIPPED_ID_UNKNOWN,,,
10549023,,ERROR_PROCESSING,,,
10978763,,ERROR_PROCESSING,,,
10723367,,ERROR_PROCESSING,,,
10937029,,ERROR_PROCESSING,,,
11129258,,ERROR_PROCESSING,,,
10676014,,ERROR_PROCESSING,,,
UNKNOWN,,SKIPPED_ID_UNKNOWN,,,
10587105,,ERROR_PROCESSING,,,
UNKNOWN,,SKIPPED_ID_UNKNOWN,,,
11129738,,ERROR_PROCESSING,,,
11037335,,ERROR_PROCESSING,,,
10005758,,ERROR_PROCESSING,,,
11121752,,ERROR_PROCESSING,,,
10253547,,ERROR_PROCESSING,,,
11121752,,ERROR_PROCESSING,,,
11394027,,ERROR_PROCESSING,,,
10203349,,ERROR_PROCESSING,,,
10723750,,ERROR_PROCESSING,,,
10723750,,ERROR_PROCESSING,,,
UNKNOWN,,SKIPPED_ID_UNKNOWN,,,
10965588,,ERROR_PROCESSING,,,
UNKNOWN,,SKIPPED_ID_UNKNOWN,,,
10330115,,ERROR_PROCESSING,,,
UNKNOWN,,SKIPPED_ID_UNKNOWN,,,
10593626,,ERROR_PROCESSING,,,
11360805,,ERROR_PROCESSING,,,
11446443,,ERROR_PROCESSING,,,
11259686,,ERROR_PROCESSING,,,
11074835,,ERROR_PROCESSING,,,
UNKNOWN,,SKIPPED_ID_UNKNOWN,,,
10987985,,ERROR_PROCESSING,,,
10583761,,ERROR_PROCESSING,,,
11621223,,ERROR_PROCESSING,,,
UNKNOWN,,SKIPPED_ID_UNKNOWN,,,
10908248,,ERROR_PROCESSING,,,
11624249,,ERROR_PROCESSING,,,
11032227,,ERROR_PROCESSING,,,
10464050,,ERROR_PROCESSING,,,
11391957,,ERROR_PROCESSING,,,
11074178,,ERROR_PROCESSING,,,
10418224,,ERROR_PROCESSING,,,
11348997,,ERROR_PROCESSING,,,
UNKNOWN,,SKIPPED_ID_UNKNOWN,,,
10266615,,ERROR_PROCESSING,,,
11090556,,ERROR_PROCESSING,,,
10024051,,ERROR_PROCESSING,,,
10454313,,ERROR_PROCESSING,,,
11037511,,ERROR_PROCESSING,,,
11153539,,ERROR_PROCESSING,,,
UNKNOWN,,SKIPPED_ID_UNKNOWN,,,
UNKNOWN,,SKIPPED_ID_UNKNOWN,,,
10057494,,ERROR_PROCESSING,,,
UNKNOWN,,SKIPPED_ID_UNKNOWN,,,
11015108,,ERROR_PROCESSING,,,
UNKNOWN,,SKIPPED_ID_UNKNOWN,,,
10028535,,ERROR_PROCESSING,,,
10388286,,ERROR_PROCESSING,,,
11080405,,ERROR_PROCESSING,,,
11288505,,ERROR_PROCESSING,,,
10471515,,ERROR_PROCESSING,,,
11507101,,ERROR_PROCESSING,,,
11551692,,ERROR_PROCESSING,,,
11285870,,ERROR_PROCESSING,,,
UNKNOWN,,SKIPPED_ID_UNKNOWN,,,
11403044,,ERROR_PROCESSING,,,
10963065,,ERROR_PROCESSING,,,
11337833,,ERROR_PROCESSING,,,
10718726,,ERROR_PROCESSING,,,
UNKNOWN,,SKIPPED_ID_UNKNOWN,,,
10028792,,ERROR_PROCESSING,,,
10004738,,ERROR_PROCESSING,,,
UNKNOWN,,SKIPPED_ID_UNKNOWN,,,
10214162,,ERROR_PROCESSING,,,
10525077,,ERROR_PROCESSING,,,
10905911,,ERROR_PROCESSING,,,
UNKNOWN,,SKIPPED_ID_UNKNOWN,,,
10525077,,ERROR_PROCESSING,,,
11122894,,ERROR_PROCESSING,,,
11122894,,ERROR_PROCESSING,,,
11090765,,ERROR_PROCESSING,,,
11361646,,ERROR_PROCESSING,,,
10989274,,ERROR_PROCESSING,,,
11449844,,ERROR_PROCESSING,,,
UNKNOWN,,SKIPPED_ID_UNKNOWN,,,
10271806,,ERROR_PROCESSING,,,
10454632,,ERROR_PROCESSING,,,
10538176,,ERROR_PROCESSING,,,
10212441,,ERROR_PROCESSING,,,
10538176,,ERROR_PROCESSING,,,
UNKNOWN,,SKIPPED_ID_UNKNOWN,,,
11337372,,ERROR_PROCESSING,,,
10388286,,ERROR_PROCESSING,,,
11612280,,ERROR_PROCESSING,,,
11153121,,ERROR_PROCESSING,,,
10990886,,ERROR_PROCESSING,,,
UNKNOWN,,SKIPPED_ID_UNKNOWN,,,
11069176,,ERROR_PROCESSING,,,
10002866,,ERROR_PROCESSING,,,
11460018,,ERROR_PROCESSING,,,
UNKNOWN,,SKIPPED_ID_UNKNOWN,,,
UNKNOWN,,SKIPPED_ID_UNKNOWN,,,
10793172,,ERROR_PROCESSING,,,
10963242,,ERROR_PROCESSING,,,
11601584,,ERROR_PROCESSING,,,
10723367,,ERROR_PROCESSING,,,
10158729,,ERROR_PROCESSING,,,
10489345,,ERROR_PROCESSING,,,
10489345,,ERROR_PROCESSING,,,
10386984,,ERROR_PROCESSING,,,
11129738,,ERROR_PROCESSING,,,
11015323,,ERROR_PROCESSING,,,
10978763,,ERROR_PROCESSING,,,
10549023,,ERROR_PROCESSING,,,
UNKNOWN,,SKIPPED_ID_UNKNOWN,,,
10289119,,ERROR_PROCESSING,,,
10330115,,ERROR_PROCESSING,,,
10122538,,ERROR_PROCESSING,,,
UNKNOWN,,SKIPPED_ID_UNKNOWN,,,
UNKNOWN,,SKIPPED_ID_UNKNOWN,,,
10358759,,ERROR_PROCESSING,,,
10006581,,ERROR_PROCESSING,,,
11624249,,ERROR_PROCESSING,,,
UNKNOWN,,SKIPPED_ID_UNKNOWN,,,
UNKNOWN,,SKIPPED_ID_UNKNOWN,,,
11037335,,ERROR_PROCESSING,,,
11037335,,ERROR_PROCESSING,,,
10460984,,ERROR_PROCESSING,,,
UNKNOWN,,SKIPPED_ID_UNKNOWN,,,
10925104,,ERROR_PROCESSING,,,
10982872,,ERROR_PROCESSING,,,
10026502,,ERROR_PROCESSING,,,
UNKNOWN,,SKIPPED_ID_UNKNOWN,,,
UNKNOWN,,SKIPPED_ID_UNKNOWN,,,
10723367,,ERROR_PROCESSING,,,
11032227,,ERROR_PROCESSING,,,
11356260,,ERROR_PROCESSING,,,
10464050,,ERROR_PROCESSING,,,
11121752,,ERROR_PROCESSING,,,
10978763,,ERROR_PROCESSING,,,
10272640,,ERROR_PROCESSING,,,
10068659,,ERROR_PROCESSING,,,
11455428,,ERROR_PROCESSING,,,
11253827,,ERROR_PROCESSING,,,
11446443,,ERROR_PROCESSING,,,
10723750,,ERROR_PROCESSING,,,
10024701,,ERROR_PROCESSING,,,
UNKNOWN,,SKIPPED_ID_UNKNOWN,,,
11450414,,ERROR_PROCESSING,,,
11554435,,ERROR_PROCESSING,,,
UNKNOWN,,SKIPPED_ID_UNKNOWN,,,
11360805,,ERROR_PROCESSING,,,
11499192,,ERROR_PROCESSING,,,
UNKNOWN,,SKIPPED_ID_UNKNOWN,,,
11624249,,ERROR_PROCESSING,,,
10329469,,ERROR_PROCESSING,,,
UNKNOWN,,SKIPPED_ID_UNKNOWN,,,
10587105,,ERROR_PROCESSING,,,
UNKNOWN,,SKIPPED_ID_UNKNOWN,,,
UNKNOWN,,SKIPPED_ID_UNKNOWN,,,
10910878,,ERROR_PROCESSING,,,
UNKNOWN,,SKIPPED_ID_UNKNOWN,,,
11129258,,ERROR_PROCESSING,,,
10329196,,ERROR_PROCESSING,,,
11391957,,ERROR_PROCESSING,,,
10028792,,ERROR_PROCESSING,,,
10189546,,ERROR_PROCESSING,,,
10617017,,ERROR_PROCESSING,,,
10709622,,ERROR_PROCESSING,,,
10214162,,ERROR_PROCESSING,,,
10964440,,ERROR_PROCESSING,,,
UNKNOWN,,SKIPPED_ID_UNKNOWN,,,
UNKNOWN,,SKIPPED_ID_UNKNOWN,,,
10471515,,ERROR_PROCESSING,,,
UNKNOWN,,SKIPPED_ID_UNKNOWN,,,
11401182,,ERROR_PROCESSING,,,
10130039,,ERROR_PROCESSING,,,
10619192,,ERROR_PROCESSING,,,
11337566,,ERROR_PROCESSING,,,
11449844,,ERROR_PROCESSING,,,
10593535,,ERROR_PROCESSING,,,
10212441,,ERROR_PROCESSING,,,
UNKNOWN,,SKIPPED_ID_UNKNOWN,,,
10337517,,ERROR_PROCESSING,,,
10454632,,ERROR_PROCESSING,,,
11461844,,ERROR_PROCESSING,,,
10963242,,ERROR_PROCESSING,,,
11288505,,ERROR_PROCESSING,,,
UNKNOWN,,SKIPPED_ID_UNKNOWN,,,
UNKNOWN,,SKIPPED_ID_UNKNOWN,,,
10916600,,ERROR_PROCESSING,,,
11453592,,ERROR_PROCESSING,,,
UNKNOWN,,SKIPPED_ID_UNKNOWN,,,
11650401,,ERROR_PROCESSING,,,
10057494,,ERROR_PROCESSING,,,
UNKNOWN,,SKIPPED_ID_UNKNOWN,,,
10002866,,ERROR_PROCESSING,,,
10984090,,ERROR_PROCESSING,,,
10454313,,ERROR_PROCESSING,,,
10028535,,ERROR_PROCESSING,,,
10266615,,ERROR_PROCESSING,,,
UNKNOWN,,SKIPPED_ID_UNKNOWN,,,
11348997,,ERROR_PROCESSING,,,
11285870,,ERROR_PROCESSING,,,
10904857,,ERROR_PROCESSING,,,
UNKNOWN,,SKIPPED_ID_UNKNOWN,,,
11460018,,ERROR_PROCESSING,,,
10214162,,ERROR_PROCESSING,,,
UNKNOWN,,SKIPPED_ID_UNKNOWN,,,
UNKNOWN,,SKIPPED_ID_UNKNOWN,,,
10666592,,ERROR_PROCESSING,,,
10531955,,ERROR_PROCESSING,,,
11153539,,ERROR_PROCESSING,,,
10538176,,ERROR_PROCESSING,,,
10525077,,ERROR_PROCESSING,,,
UNKNOWN,,SKIPPED_ID_UNKNOWN,,,
11122894,,ERROR_PROCESSING,,,
10963065,,ERROR_PROCESSING,,,
11015108,,ERROR_PROCESSING,,,
10027247,,ERROR_PROCESSING,,,
11551692,,ERROR_PROCESSING,,,
11601584,,ERROR_PROCESSING,,,
11507101,,ERROR_PROCESSING,,,
10388286,,ERROR_PROCESSING,,,
10154388,,ERROR_PROCESSING,,,
10027323,,ERROR_PROCESSING,,,
11337833,,ERROR_PROCESSING,,,
10004738,,ERROR_PROCESSING,,,
UNKNOWN,,SKIPPED_ID_UNKNOWN,,,
10318874,,ERROR_PROCESSING,,,
UNKNOWN,,SKIPPED_ID_UNKNOWN,,,
10006581,,ERROR_PROCESSING,,,
10358759,,ERROR_PROCESSING,,,
UNKNOWN,,SKIPPED_ID_UNKNOWN,,,
UNKNOWN,,SKIPPED_ID_UNKNOWN,,,
10676014,,ERROR_PROCESSING,,,
10460984,,ERROR_PROCESSING,,,
UNKNOWN,,SKIPPED_ID_UNKNOWN,,,
10965588,,ERROR_PROCESSING,,,
10549023,,ERROR_PROCESSING,,,
10290666,,ERROR_PROCESSING,,,
UNKNOWN,,SKIPPED_ID_UNKNOWN,,,
11187436,,ERROR_PROCESSING,,,
11402995,,ERROR_PROCESSING,,,
10872983,,ERROR_PROCESSING,,,
11192998,,ERROR_PROCESSING,,,
UNKNOWN,,SKIPPED_ID_UNKNOWN,,,
11298298,,ERROR_PROCESSING,,,
UNKNOWN,,SKIPPED_ID_UNKNOWN,,,
UNKNOWN,,SKIPPED_ID_UNKNOWN,,,
UNKNOWN,,SKIPPED_ID_UNKNOWN,,,
11389771,,ERROR_PROCESSING,,,
10587105,,ERROR_PROCESSING,,,
10329469,,ERROR_PROCESSING,,,
UNKNOWN,,SKIPPED_ID_UNKNOWN,,,
UNKNOWN,,SKIPPED_ID_UNKNOWN,,,
11521793,,ERROR_PROCESSING,,,
10513530,,ERROR_PROCESSING,,,
UNKNOWN,,SKIPPED_ID_UNKNOWN,,,
UNKNOWN,,SKIPPED_ID_UNKNOWN,,,
10328458,,ERROR_PROCESSING,,,
10404582,,ERROR_PROCESSING,,,
10328458,,ERROR_PROCESSING,,,
UNKNOWN,,SKIPPED_ID_UNKNOWN,,,
UNKNOWN,,SKIPPED_ID_UNKNOWN,,,
10005788,,ERROR_PROCESSING,,,
11403339,,ERROR_PROCESSING,,,
UNKNOWN,,SKIPPED_ID_UNKNOWN,,,
10395381,,ERROR_PROCESSING,,,
11336883,,ERROR_PROCESSING,,,
10395381,,ERROR_PROCESSING,,,
11403339,,ERROR_PROCESSING,,,
11241912,,ERROR_PROCESSING,,,
11498128,,ERROR_PROCESSING,,,
11493431,,ERROR_PROCESSING,,,
UNKNOWN,,SKIPPED_ID_UNKNOWN,,,
11356260,,ERROR_PROCESSING,,,
10001368,,ERROR_PROCESSING,,,
10001368,,ERROR_PROCESSING,,,
11401755,,ERROR_PROCESSING,,,
UNKNOWN,,SKIPPED_ID_UNKNOWN,,,
10024701,,ERROR_PROCESSING,,,
10468885,,ERROR_PROCESSING,,,
UNKNOWN,,SKIPPED_ID_UNKNOWN,,,
11414511,,ERROR_PROCESSING,,,
10793172,,ERROR_PROCESSING,,,
UNKNOWN,,SKIPPED_ID_UNKNOWN,,,
11650401,,ERROR_PROCESSING,,,
10098844,,ERROR_PROCESSING,,,
10098844,,ERROR_PROCESSING,,,
UNKNOWN,,SKIPPED_ID_UNKNOWN,,,
11189311,,ERROR_PROCESSING,,,
10063802,,ERROR_PROCESSING,,,
10089911,,ERROR_PROCESSING,,,
10028535,,ERROR_PROCESSING,,,
11403530,,ERROR_PROCESSING,,,
10586004,,ERROR_PROCESSING,,,
10709622,,ERROR_PROCESSING,,,
10617017,,ERROR_PROCESSING,,,
10615440,,ERROR_PROCESSING,,,
10122255,,ERROR_PROCESSING,,,
UNKNOWN,,SKIPPED_ID_UNKNOWN,,,
10189546,,ERROR_PROCESSING,,,
10022908,,ERROR_PROCESSING,,,
11027624,,ERROR_PROCESSING,,,
11461844,,ERROR_PROCESSING,,,
11391018,,ERROR_PROCESSING,,,
UNKNOWN,,SKIPPED_ID_UNKNOWN,,,
UNKNOWN,,SKIPPED_ID_UNKNOWN,,,
11090556,,ERROR_PROCESSING,,,
UNKNOWN,,SKIPPED_ID_UNKNOWN,,,
10593535,,ERROR_PROCESSING,,,
UNKNOWN,,SKIPPED_ID_UNKNOWN,,,
10779233,,ERROR_PROCESSING,,,
UNKNOWN,,SKIPPED_ID_UNKNOWN,,,
UNKNOWN,,SKIPPED_ID_UNKNOWN,,,
UNKNOWN,,SKIPPED_ID_UNKNOWN,,,
10779233,,ERROR_PROCESSING,,,
10717241,,ERROR_PROCESSING,,,
UNKNOWN,,SKIPPED_ID_UNKNOWN,,,
10854546,,ERROR_PROCESSING,,,
10793172,,ERROR_PROCESSING,,,
10653179,,ERROR_PROCESSING,,,
11547513,,ERROR_PROCESSING,,,
10027247,,ERROR_PROCESSING,,,
UNKNOWN,,SKIPPED_ID_UNKNOWN,,,
11360571,,ERROR_PROCESSING,,,
10857519,,ERROR_PROCESSING,,,
10154388,,ERROR_PROCESSING,,,
10388286,,ERROR_PROCESSING,,,
UNKNOWN,,SKIPPED_ID_UNKNOWN,,,
11074541,,ERROR_PROCESSING,,,
UNKNOWN,,SKIPPED_ID_UNKNOWN,,,
10586208,,ERROR_PROCESSING,,,
UNKNOWN,,SKIPPED_ID_UNKNOWN,,,
UNKNOWN,,SKIPPED_ID_UNKNOWN,,,
10854768,,ERROR_PROCESSING,,,
11090556,,ERROR_PROCESSING,,,
10973814,,ERROR_PROCESSING,,,
11134879,,ERROR_PROCESSING,,,
10123064,,ERROR_PROCESSING,,,
10123064,,ERROR_PROCESSING,,,
11612280,,ERROR_PROCESSING,,,
UNKNOWN,,SKIPPED_ID_UNKNOWN,,,
UNKNOWN,,SKIPPED_ID_UNKNOWN,,,
10285631,,ERROR_PROCESSING,,,
11518142,,ERROR_PROCESSING,,,
11495458,,ERROR_PROCESSING,,,
11360805,,ERROR_PROCESSING,,,
10864531,,ERROR_PROCESSING,,,
10797460,,ERROR_PROCESSING,,,
10669994,,ERROR_PROCESSING,,,
10669994,,ERROR_PROCESSING,,,
11449844,,ERROR_PROCESSING,,,
10360722,,ERROR_PROCESSING,,,
10329469,,ERROR_PROCESSING,,,
UNKNOWN,,SKIPPED_ID_UNKNOWN,,,
11250587,,ERROR_PROCESSING,,,
UNKNOWN,,SKIPPED_ID_UNKNOWN,,,
UNKNOWN,,SKIPPED_ID_UNKNOWN,,,
UNKNOWN,,SKIPPED_ID_UNKNOWN,,,
UNKNOWN,,SKIPPED_ID_UNKNOWN,,,
10468885,,ERROR_PROCESSING,,,
11193263,,ERROR_PROCESSING,,,
11193263,,ERROR_PROCESSING,,,
10489206,,ERROR_PROCESSING,,,
UNKNOWN,,SKIPPED_ID_UNKNOWN,,,
UNKNOWN,,SKIPPED_ID_UNKNOWN,,,
10464050,,ERROR_PROCESSING,,,
11356260,,ERROR_PROCESSING,,,
11284772,,ERROR_PROCESSING,,,
10744335,,ERROR_PROCESSING,,,
UNKNOWN,,SKIPPED_ID_UNKNOWN,,,
10904857,,ERROR_PROCESSING,,,
10982872,,ERROR_PROCESSING,,,
11135308,,ERROR_PROCESSING,,,
UNKNOWN,,SKIPPED_ID_UNKNOWN,,,
11518142,,ERROR_PROCESSING,,,
11244682,,ERROR_PROCESSING,,,
UNKNOWN,,SKIPPED_ID_UNKNOWN,,,
11342416,,ERROR_PROCESSING,,,
11413812,,ERROR_PROCESSING,,,
10318874,,ERROR_PROCESSING,,,
10024051,,ERROR_PROCESSING,,,
11614617,,ERROR_PROCESSING,,,
11015108,,ERROR_PROCESSING,,,
11250587,,ERROR_PROCESSING,,,
UNKNOWN,,SKIPPED_ID_UNKNOWN,,,
10020423,,ERROR_PROCESSING,,,
UNKNOWN,,SKIPPED_ID_UNKNOWN,,,
10722485,,ERROR_PROCESSING,,,
10531955,,ERROR_PROCESSING,,,
11507101,,ERROR_PROCESSING,,,
UNKNOWN,,SKIPPED_ID_UNKNOWN,,,
11568987,,ERROR_PROCESSING,,,
UNKNOWN,,SKIPPED_ID_UNKNOWN,,,
10718726,,ERROR_PROCESSING,,,
10290666,,ERROR_PROCESSING,,,
11414465,,ERROR_PROCESSING,,,
11259686,,ERROR_PROCESSING,,,
11414465,,ERROR_PROCESSING,,,
11517719,,ERROR_PROCESSING,,,
10271806,,ERROR_PROCESSING,,,
10330115,,ERROR_PROCESSING,,,
UNKNOWN,,SKIPPED_ID_UNKNOWN,,,
11394027,,ERROR_PROCESSING,,,
10329835,,ERROR_PROCESSING,,,
10253547,,ERROR_PROCESSING,,,
10153855,,ERROR_PROCESSING,,,
10670119,,ERROR_PROCESSING,,,
11254382,,ERROR_PROCESSING,,,
10227020,,ERROR_PROCESSING,,,
UNKNOWN,,SKIPPED_ID_UNKNOWN,,,
10554999,,ERROR_PROCESSING,,,
10730703,,ERROR_PROCESSING,,,
10132832,,ERROR_PROCESSING,,,
11303322,,ERROR_PROCESSING,,,
UNKNOWN,,SKIPPED_ID_UNKNOWN,,,
11177707,,ERROR_PROCESSING,,,
10340423,,ERROR_PROCESSING,,,
10717220,,ERROR_PROCESSING,,,
10094670,,ERROR_PROCESSING,,,
10094670,,ERROR_PROCESSING,,,
10454313,,ERROR_PROCESSING,,,
UNKNOWN,,SKIPPED_ID_UNKNOWN,,,
10937029,,ERROR_PROCESSING,,,
UNKNOWN,,SKIPPED_ID_UNKNOWN,,,
10266615,,ERROR_PROCESSING,,,
UNKNOWN,,SKIPPED_ID_UNKNOWN,,,
11253827,,ERROR_PROCESSING,,,
11450414,,ERROR_PROCESSING,,,
10057494,,ERROR_PROCESSING,,,
UNKNOWN,,SKIPPED_ID_UNKNOWN,,,
10601284,,ERROR_PROCESSING,,,
10842192,,ERROR_PROCESSING,,,
11499228,,ERROR_PROCESSING,,,
11461844,,ERROR_PROCESSING,,,
10593535,,ERROR_PROCESSING,,,
11410904,,ERROR_PROCESSING,,,
11446443,,ERROR_PROCESSING,,,
UNKNOWN,,SKIPPED_ID_UNKNOWN,,,
10577994,,ERROR_PROCESSING,,,
10709622,,ERROR_PROCESSING,,,
10468885,,ERROR_PROCESSING,,,
UNKNOWN,,SKIPPED_ID_UNKNOWN,,,
11621223,,ERROR_PROCESSING,,,
10583761,,ERROR_PROCESSING,,,
UNKNOWN,,SKIPPED_ID_UNKNOWN,,,
11304958,,ERROR_PROCESSING,,,
11017901,,ERROR_PROCESSING,,,
11037818,,ERROR_PROCESSING,,,
UNKNOWN,,SKIPPED_ID_UNKNOWN,,,
10464050,,ERROR_PROCESSING,,,
10070468,,ERROR_PROCESSING,,,
10965008,,ERROR_PROCESSING,,,
11403389,,ERROR_PROCESSING,,,
UNKNOWN,,SKIPPED_ID_UNKNOWN,,,
UNKNOWN,,SKIPPED_ID_UNKNOWN,,,
10489206,,ERROR_PROCESSING,,,
11308499,,ERROR_PROCESSING,,,
11288051,,ERROR_PROCESSING,,,
10005758,,ERROR_PROCESSING,,,
10285631,,ERROR_PROCESSING,,,
UNKNOWN,,SKIPPED_ID_UNKNOWN,,,
10122255,,ERROR_PROCESSING,,,
11176127,,ERROR_PROCESSING,,,
10591855,,ERROR_PROCESSING,,,
10360722,,ERROR_PROCESSING,,,
UNKNOWN,,SKIPPED_ID_UNKNOWN,,,
UNKNOWN,,SKIPPED_ID_UNKNOWN,,,
10797460,,ERROR_PROCESSING,,,
10552611,,ERROR_PROCESSING,,,
11360805,,ERROR_PROCESSING,,,
UNKNOWN,,SKIPPED_ID_UNKNOWN,,,
UNKNOWN,,SKIPPED_ID_UNKNOWN,,,
10656823,,ERROR_PROCESSING,,,
10863608,,ERROR_PROCESSING,,,
11614617,,ERROR_PROCESSING,,,
11236244,,ERROR_PROCESSING,,,
UNKNOWN,,SKIPPED_ID_UNKNOWN,,,
11656246,,ERROR_PROCESSING,,,
10290666,,ERROR_PROCESSING,,,
11037818,,ERROR_PROCESSING,,,
10070468,,ERROR_PROCESSING,,,
11568987,,ERROR_PROCESSING,,,
10790387,,ERROR_PROCESSING,,,
UNKNOWN,,SKIPPED_ID_UNKNOWN,,,
UNKNOWN,,SKIPPED_ID_UNKNOWN,,,
10909127,,ERROR_PROCESSING,,,
11244682,,ERROR_PROCESSING,,,
10982872,,ERROR_PROCESSING,,,
UNKNOWN,,SKIPPED_ID_UNKNOWN,,,
11135308,,ERROR_PROCESSING,,,
UNKNOWN,,SKIPPED_ID_UNKNOWN,,,
UNKNOWN,,SKIPPED_ID_UNKNOWN,,,
10586208,,ERROR_PROCESSING,,,
10460984,,ERROR_PROCESSING,,,
UNKNOWN,,SKIPPED_ID_UNKNOWN,,,
10973814,,ERROR_PROCESSING,,,
10358759,,ERROR_PROCESSING,,,
10064256,,ERROR_PROCESSING,,,
11413812,,ERROR_PROCESSING,,,
11401767,,ERROR_PROCESSING,,,
10064256,,ERROR_PROCESSING,,,
10975146,,ERROR_PROCESSING,,,
UNKNOWN,,SKIPPED_ID_UNKNOWN,,,
UNKNOWN,,SKIPPED_ID_UNKNOWN,,,
UNKNOWN,,SKIPPED_ID_UNKNOWN,,,
11254382,,ERROR_PROCESSING,,,
11069176,,ERROR_PROCESSING,,,
10604335,,ERROR_PROCESSING,,,
10604335,,ERROR_PROCESSING,,,
UNKNOWN,,SKIPPED_ID_UNKNOWN,,,
UNKNOWN,,SKIPPED_ID_UNKNOWN,,,
11303322,,ERROR_PROCESSING,,,
10272442,,ERROR_PROCESSING,,,
10132832,,ERROR_PROCESSING,,,
10730703,,ERROR_PROCESSING,,,
11517719,,ERROR_PROCESSING,,,
UNKNOWN,,SKIPPED_ID_UNKNOWN,,,
11192998,,ERROR_PROCESSING,,,
11298298,,ERROR_PROCESSING,,,
10059645,,ERROR_PROCESSING,,,
11656918,,ERROR_PROCESSING,,,
11442793,,ERROR_PROCESSING,,,
UNKNOWN,,SKIPPED_ID_UNKNOWN,,,
UNKNOWN,,SKIPPED_ID_UNKNOWN,,,
11194032,,ERROR_PROCESSING,,,
UNKNOWN,,SKIPPED_ID_UNKNOWN,,,
11600889,,ERROR_PROCESSING,,,
11569782,,ERROR_PROCESSING,,,
10027247,,ERROR_PROCESSING,,,
10724369,,ERROR_PROCESSING,,,
10585738,,ERROR_PROCESSING,,,
11090765,,ERROR_PROCESSING,,,
10384798,,ERROR_PROCESSING,,,
10384798,,ERROR_PROCESSING,,,
10600261,,ERROR_PROCESSING,,,
11086270,,ERROR_PROCESSING,,,
10018233,,ERROR_PROCESSING,,,
10616679,,ERROR_PROCESSING,,,
10842192,,ERROR_PROCESSING,,,
10616679,,ERROR_PROCESSING,,,
UNKNOWN,,SKIPPED_ID_UNKNOWN,,,
10617017,,ERROR_PROCESSING,,,
UNKNOWN,,SKIPPED_ID_UNKNOWN,,,
UNKNOWN,,SKIPPED_ID_UNKNOWN,,,
10599206,,ERROR_PROCESSING,,,
11497958,,ERROR_PROCESSING,,,
11410904,,ERROR_PROCESSING,,,
UNKNOWN,,SKIPPED_ID_UNKNOWN,,,
10189546,,ERROR_PROCESSING,,,
11403044,,ERROR_PROCESSING,,,
10266615,,ERROR_PROCESSING,,,
10454313,,ERROR_PROCESSING,,,
10340423,,ERROR_PROCESSING,,,
10057494,,ERROR_PROCESSING,,,
UNKNOWN,,SKIPPED_ID_UNKNOWN,,,
10810838,,ERROR_PROCESSING,,,
UNKNOWN,,SKIPPED_ID_UNKNOWN,,,
UNKNOWN,,SKIPPED_ID_UNKNOWN,,,
10990917,,ERROR_PROCESSING,,,
10724369,,ERROR_PROCESSING,,,
10990917,,ERROR_PROCESSING,,,
10905239,,ERROR_PROCESSING,,,
10583066,,ERROR_PROCESSING,,,
10878263,,ERROR_PROCESSING,,,
UNKNOWN,,SKIPPED_ID_UNKNOWN,,,
11568987,,ERROR_PROCESSING,,,
10909127,,ERROR_PROCESSING,,,
10854546,,ERROR_PROCESSING,,,
UNKNOWN,,SKIPPED_ID_UNKNOWN,,,
UNKNOWN,,SKIPPED_ID_UNKNOWN,,,
UNKNOWN,,SKIPPED_ID_UNKNOWN,,,
10779233,,ERROR_PROCESSING,,,
11614617,,ERROR_PROCESSING,,,
UNKNOWN,,SKIPPED_ID_UNKNOWN,,,
10005758,,ERROR_PROCESSING,,,
10418224,,ERROR_PROCESSING,,,
11547513,,ERROR_PROCESSING,,,
UNKNOWN,,SKIPPED_ID_UNKNOWN,,,
11176127,,ERROR_PROCESSING,,,
10797460,,ERROR_PROCESSING,,,
11176127,,ERROR_PROCESSING,,,
UNKNOWN,,SKIPPED_ID_UNKNOWN,,,
11413812,,ERROR_PROCESSING,,,
10653179,,ERROR_PROCESSING,,,
11032227,,ERROR_PROCESSING,,,
11621223,,ERROR_PROCESSING,,,
10583761,,ERROR_PROCESSING,,,
10987985,,ERROR_PROCESSING,,,
11518142,,ERROR_PROCESSING,,,
11244682,,ERROR_PROCESSING,,,
UNKNOWN,,SKIPPED_ID_UNKNOWN,,,
10857519,,ERROR_PROCESSING,,,
11135308,,ERROR_PROCESSING,,,
UNKNOWN,,SKIPPED_ID_UNKNOWN,,,
10863608,,ERROR_PROCESSING,,,
10863608,,ERROR_PROCESSING,,,
UNKNOWN,,SKIPPED_ID_UNKNOWN,,,
11568987,,ERROR_PROCESSING,,,
10022908,,ERROR_PROCESSING,,,
UNKNOWN,,SKIPPED_ID_UNKNOWN,,,
11401767,,ERROR_PROCESSING,,,
11037818,,ERROR_PROCESSING,,,
10070468,,ERROR_PROCESSING,,,
11614617,,ERROR_PROCESSING,,,
10460984,,ERROR_PROCESSING,,,
UNKNOWN,,SKIPPED_ID_UNKNOWN,,,
11250587,,ERROR_PROCESSING,,,
11236244,,ERROR_PROCESSING,,,
10813132,,ERROR_PROCESSING,,,
11403389,,ERROR_PROCESSING,,,
UNKNOWN,,SKIPPED_ID_UNKNOWN,,,
10797460,,ERROR_PROCESSING,,,
11308499,,ERROR_PROCESSING,,,
UNKNOWN,,SKIPPED_ID_UNKNOWN,,,
10873260,,ERROR_PROCESSING,,,
11187436,,ERROR_PROCESSING,,,
11413812,,ERROR_PROCESSING,,,
10122255,,ERROR_PROCESSING,,,
10063802,,ERROR_PROCESSING,,,
10591855,,ERROR_PROCESSING,,,
11135308,,ERROR_PROCESSING,,,
11189311,,ERROR_PROCESSING,,,
11244682,,ERROR_PROCESSING,,,
10064256,,ERROR_PROCESSING,,,
UNKNOWN,,SKIPPED_ID_UNKNOWN,,,
11090765,,ERROR_PROCESSING,,,
10989274,,ERROR_PROCESSING,,,
11303322,,ERROR_PROCESSING,,,
10604335,,ERROR_PROCESSING,,,
11073351,,ERROR_PROCESSING,,,
11241912,,ERROR_PROCESSING,,,
10513530,,ERROR_PROCESSING,,,
10905911,,ERROR_PROCESSING,,,
UNKNOWN,,SKIPPED_ID_UNKNOWN,,,
11498128,,ERROR_PROCESSING,,,
10842192,,ERROR_PROCESSING,,,
11442793,,ERROR_PROCESSING,,,
UNKNOWN,,SKIPPED_ID_UNKNOWN,,,
11497958,,ERROR_PROCESSING,,,
11360571,,ERROR_PROCESSING,,,
10227020,,ERROR_PROCESSING,,,
10004738,,ERROR_PROCESSING,,,
11254382,,ERROR_PROCESSING,,,
UNKNOWN,,SKIPPED_ID_UNKNOWN,,,
UNKNOWN,,SKIPPED_ID_UNKNOWN,,,
10005788,,ERROR_PROCESSING,,,
10724369,,ERROR_PROCESSING,,,
11521793,,ERROR_PROCESSING,,,
11460018,,ERROR_PROCESSING,,,
11018648,,ERROR_PROCESSING,,,
11569782,,ERROR_PROCESSING,,,
10990886,,ERROR_PROCESSING,,,
11569782,,ERROR_PROCESSING,,,
10265898,,ERROR_PROCESSING,,,
UNKNOWN,,SKIPPED_ID_UNKNOWN,,,
10340423,,ERROR_PROCESSING,,,
10858691,,ERROR_PROCESSING,,,
10810838,,ERROR_PROCESSING,,,
11069176,,ERROR_PROCESSING,,,
UNKNOWN,,SKIPPED_ID_UNKNOWN,,,
UNKNOWN,,SKIPPED_ID_UNKNOWN,,,
10404582,,ERROR_PROCESSING,,,
11194032,,ERROR_PROCESSING,,,
11194032,,ERROR_PROCESSING,,,
UNKNOWN,,SKIPPED_ID_UNKNOWN,,,
11656721,,ERROR_PROCESSING,,,
10616679,,ERROR_PROCESSING,,,
11303322,,ERROR_PROCESSING,,,
10384798,,ERROR_PROCESSING,,,
10018233,,ERROR_PROCESSING,,,
UNKNOWN,,SKIPPED_ID_UNKNOWN,,,
10018233,,ERROR_PROCESSING,,,
10663396,,ERROR_PROCESSING,,,
10842192,,ERROR_PROCESSING,,,
11348997,,ERROR_PROCESSING,,,
11254382,,ERROR_PROCESSING,,,
10189546,,ERROR_PROCESSING,,,
11403044,,ERROR_PROCESSING,,,
UNKNOWN,,SKIPPED_ID_UNKNOWN,,,
UNKNOWN,,SKIPPED_ID_UNKNOWN,,,
UNKNOWN,,SKIPPED_ID_UNKNOWN,,,
11298298,,ERROR_PROCESSING,,,
10471515,,ERROR_PROCESSING,,,
11403530,,ERROR_PROCESSING,,,
10990917,,ERROR_PROCESSING,,,
10340423,,ERROR_PROCESSING,,,
10682541,,ERROR_PROCESSING,,,
11356260,,ERROR_PROCESSING,,,
10360722,,ERROR_PROCESSING,,,
11495458,,ERROR_PROCESSING,,,
11032227,,ERROR_PROCESSING,,,
UNKNOWN,,SKIPPED_ID_UNKNOWN,,,
10904857,,ERROR_PROCESSING,,,
11037511,,ERROR_PROCESSING,,,
UNKNOWN,,SKIPPED_ID_UNKNOWN,,,
UNKNOWN,,SKIPPED_ID_UNKNOWN,,,
10027323,,ERROR_PROCESSING,,,
10669994,,ERROR_PROCESSING,,,
11518142,,ERROR_PROCESSING,,,
UNKNOWN,,SKIPPED_ID_UNKNOWN,,,
10285631,,ERROR_PROCESSING,,,
UNKNOWN,,SKIPPED_ID_UNKNOWN,,,
10329469,,ERROR_PROCESSING,,,
UNKNOWN,,SKIPPED_ID_UNKNOWN,,,
UNKNOWN,,SKIPPED_ID_UNKNOWN,,,
11193263,,ERROR_PROCESSING,,,
UNKNOWN,,SKIPPED_ID_UNKNOWN,,,
10909127,,ERROR_PROCESSING,,,
10489206,,ERROR_PROCESSING,,,
11284772,,ERROR_PROCESSING,,,
UNKNOWN,,SKIPPED_ID_UNKNOWN,,,
UNKNOWN,,SKIPPED_ID_UNKNOWN,,,
10718726,,ERROR_PROCESSING,,,
10666592,,ERROR_PROCESSING,,,
UNKNOWN,,SKIPPED_ID_UNKNOWN,,,
11337833,,ERROR_PROCESSING,,,
10916600,,ERROR_PROCESSING,,,
UNKNOWN,,SKIPPED_ID_UNKNOWN,,,
11187436,,ERROR_PROCESSING,,,
UNKNOWN,,SKIPPED_ID_UNKNOWN,,,
UNKNOWN,,SKIPPED_ID_UNKNOWN,,,
10318874,,ERROR_PROCESSING,,,
10318874,,ERROR_PROCESSING,,,
10212441,,ERROR_PROCESSING,,,
10454632,,ERROR_PROCESSING,,,
UNKNOWN,,SKIPPED_ID_UNKNOWN,,,
UNKNOWN,,SKIPPED_ID_UNKNOWN,,,
10070468,,ERROR_PROCESSING,,,
11037818,,ERROR_PROCESSING,,,
11342416,,ERROR_PROCESSING,,,
10002866,,ERROR_PROCESSING,,,
UNKNOWN,,SKIPPED_ID_UNKNOWN,,,
UNKNOWN,,SKIPPED_ID_UNKNOWN,,,
UNKNOWN,,SKIPPED_ID_UNKNOWN,,,
UNKNOWN,,SKIPPED_ID_UNKNOWN,,,
10813132,,ERROR_PROCESSING,,,
10187159,,ERROR_PROCESSING,,,
10337517,,ERROR_PROCESSING,,,
10130039,,ERROR_PROCESSING,,,
11250587,,ERROR_PROCESSING,,,
UNKNOWN,,SKIPPED_ID_UNKNOWN,,,
UNKNOWN,,SKIPPED_ID_UNKNOWN,,,
10531955,,ERROR_PROCESSING,,,
10531955,,ERROR_PROCESSING,,,
10619192,,ERROR_PROCESSING,,,
11460018,,ERROR_PROCESSING,,,
UNKNOWN,,SKIPPED_ID_UNKNOWN,,,
11554435,,ERROR_PROCESSING,,,
10724369,,ERROR_PROCESSING,,,
10910878,,ERROR_PROCESSING,,,
11517719,,ERROR_PROCESSING,,,
11253827,,ERROR_PROCESSING,,,
10585852,,ERROR_PROCESSING,,,
UNKNOWN,,SKIPPED_ID_UNKNOWN,,,
UNKNOWN,,SKIPPED_ID_UNKNOWN,,,
UNKNOWN,,SKIPPED_ID_UNKNOWN,,,
10001893,,ERROR_PROCESSING,,,
UNKNOWN,,SKIPPED_ID_UNKNOWN,,,
11450414,,ERROR_PROCESSING,,,
UNKNOWN,,SKIPPED_ID_UNKNOWN,,,
10990886,,ERROR_PROCESSING,,,
10329835,,ERROR_PROCESSING,,,
10329835,,ERROR_PROCESSING,,,
11455428,,ERROR_PROCESSING,,,
10730703,,ERROR_PROCESSING,,,
11410904,,ERROR_PROCESSING,,,
10271806,,ERROR_PROCESSING,,,
10132832,,ERROR_PROCESSING,,,
UNKNOWN,,SKIPPED_ID_UNKNOWN,,,
10004738,,ERROR_PROCESSING,,,
11360571,,ERROR_PROCESSING,,,
10227020,,ERROR_PROCESSING,,,
UNKNOWN,,SKIPPED_ID_UNKNOWN,,,
11572193,,ERROR_PROCESSING,,,
UNKNOWN,,SKIPPED_ID_UNKNOWN,,,
10709622,,ERROR_PROCESSING,,,
11403530,,ERROR_PROCESSING,,,
10471515,,ERROR_PROCESSING,,,
UNKNOWN,,SKIPPED_ID_UNKNOWN,,,
UNKNOWN,,SKIPPED_ID_UNKNOWN,,,
10094670,,ERROR_PROCESSING,,,
10717220,,ERROR_PROCESSING,,,
10933561,,ERROR_PROCESSING,,,
UNKNOWN,,SKIPPED_ID_UNKNOWN,,,
10593535,,ERROR_PROCESSING,,,
11517719,,ERROR_PROCESSING,,,
11461844,,ERROR_PROCESSING,,,
10682541,,ERROR_PROCESSING,,,
11015323,,ERROR_PROCESSING,,,
UNKNOWN,,SKIPPED_ID_UNKNOWN,,,
11499228,,ERROR_PROCESSING,,,
11075737,,ERROR_PROCESSING,,,
10132832,,ERROR_PROCESSING,,,
10153855,,ERROR_PROCESSING,,,
10730703,,ERROR_PROCESSING,,,
11410904,,ERROR_PROCESSING,,,
10386984,,ERROR_PROCESSING,,,
10554999,,ERROR_PROCESSING,,,
UNKNOWN,,SKIPPED_ID_UNKNOWN,,,
11348997,,ERROR_PROCESSING,,,
UNKNOWN,,SKIPPED_ID_UNKNOWN,,,
11358389,,ERROR_PROCESSING,,,
11177707,,ERROR_PROCESSING,,,
10663396,,ERROR_PROCESSING,,,
10471515,,ERROR_PROCESSING,,,
10266615,,ERROR_PROCESSING,,,
10266615,,ERROR_PROCESSING,,,
10454313,,ERROR_PROCESSING,,,
10094670,,ERROR_PROCESSING,,,
10454313,,ERROR_PROCESSING,,,
11656721,,ERROR_PROCESSING,,,
11046458,,ERROR_PROCESSING,,,
10057494,,ERROR_PROCESSING,,,
10057494,,ERROR_PROCESSING,,,
UNKNOWN,,SKIPPED_ID_UNKNOWN,,,
10990917,,ERROR_PROCESSING,,,
10353968,,ERROR_PROCESSING,,,
11499192,,ERROR_PROCESSING,,,
UNKNOWN,,SKIPPED_ID_UNKNOWN,,,
10384798,,ERROR_PROCESSING,,,
UNKNOWN,,SKIPPED_ID_UNKNOWN,,,
10468940,,ERROR_PROCESSING,,,
11288505,,ERROR_PROCESSING,,,
10616679,,ERROR_PROCESSING,,,
UNKNOWN,,SKIPPED_ID_UNKNOWN,,,
10686864,,ERROR_PROCESSING,,,
11348997,,ERROR_PROCESSING,,,
11285870,,ERROR_PROCESSING,,,
UNKNOWN,,SKIPPED_ID_UNKNOWN,,,
UNKNOWN,,SKIPPED_ID_UNKNOWN,,,
11298298,,ERROR_PROCESSING,,,
10190777,,ERROR_PROCESSING,,,
11402995,,ERROR_PROCESSING,,,
UNKNOWN,,SKIPPED_ID_UNKNOWN,,,
11460018,,ERROR_PROCESSING,,,
11359879,,ERROR_PROCESSING,,,
UNKNOWN,,SKIPPED_ID_UNKNOWN,,,
UNKNOWN,,SKIPPED_ID_UNKNOWN,,,
11601584,,ERROR_PROCESSING,,,
UNKNOWN,,SKIPPED_ID_UNKNOWN,,,
10525077,,ERROR_PROCESSING,,,
UNKNOWN,,SKIPPED_ID_UNKNOWN,,,
UNKNOWN,,SKIPPED_ID_UNKNOWN,,,
UNKNOWN,,SKIPPED_ID_UNKNOWN,,,
11122894,,ERROR_PROCESSING,,,
11073351,,ERROR_PROCESSING,,,
11086270,,ERROR_PROCESSING,,,
UNKNOWN,,SKIPPED_ID_UNKNOWN,,,
UNKNOWN,,SKIPPED_ID_UNKNOWN,,,
10990886,,ERROR_PROCESSING,,,
10538176,,ERROR_PROCESSING,,,
10858691,,ERROR_PROCESSING,,,
11401755,,ERROR_PROCESSING,,,
10265898,,ERROR_PROCESSING,,,
UNKNOWN,,SKIPPED_ID_UNKNOWN,,,
10875245,,ERROR_PROCESSING,,,
10604335,,ERROR_PROCESSING,,,
10795103,,ERROR_PROCESSING,,,
UNKNOWN,,SKIPPED_ID_UNKNOWN,,,
11455181,,ERROR_PROCESSING,,,
10905239,,ERROR_PROCESSING,,,
UNKNOWN,,SKIPPED_ID_UNKNOWN,,,
10004738,,ERROR_PROCESSING,,,
10880507,,ERROR_PROCESSING,,,
11125613,,ERROR_PROCESSING,,,
11018648,,ERROR_PROCESSING,,,
UNKNOWN,,SKIPPED_ID_UNKNOWN,,,
10982872,,ERROR_PROCESSING,,,
10982872,,ERROR_PROCESSING,,,
11129738,,ERROR_PROCESSING,,,
11074541,,ERROR_PROCESSING,,,
11444514,,ERROR_PROCESSING,,,
11037335,,ERROR_PROCESSING,,,
UNKNOWN,,SKIPPED_ID_UNKNOWN,,,
10064256,,ERROR_PROCESSING,,,
UNKNOWN,,SKIPPED_ID_UNKNOWN,,,
11304958,,ERROR_PROCESSING,,,
UNKNOWN,,SKIPPED_ID_UNKNOWN,,,
10019708,,ERROR_PROCESSING,,,
UNKNOWN,,SKIPPED_ID_UNKNOWN,,,
11622600,,ERROR_PROCESSING,,,
11027624,,ERROR_PROCESSING,,,
UNKNOWN,,SKIPPED_ID_UNKNOWN,,,
10730070,,ERROR_PROCESSING,,,
11187837,,ERROR_PROCESSING,,,
UNKNOWN,,SKIPPED_ID_UNKNOWN,,,
10662202,,ERROR_PROCESSING,,,
10337258,,ERROR_PROCESSING,,,
10873260,,ERROR_PROCESSING,,,
11288051,,ERROR_PROCESSING,,,
11019987,,ERROR_PROCESSING,,,
10397751,,ERROR_PROCESSING,,,
10122255,,ERROR_PROCESSING,,,
10489345,,ERROR_PROCESSING,,,
11611600,,ERROR_PROCESSING,,,
11032227,,ERROR_PROCESSING,,,
11121752,,ERROR_PROCESSING,,,
10586004,,ERROR_PROCESSING,,,
UNKNOWN,,SKIPPED_ID_UNKNOWN,,,
10526549,,ERROR_PROCESSING,,,
11547505,,ERROR_PROCESSING,,,
10600955,,ERROR_PROCESSING,,,
UNKNOWN,,SKIPPED_ID_UNKNOWN,,,
10723750,,ERROR_PROCESSING,,,
UNKNOWN,,SKIPPED_ID_UNKNOWN,,,
10669994,,ERROR_PROCESSING,,,
UNKNOWN,,SKIPPED_ID_UNKNOWN,,,
11283615,,ERROR_PROCESSING,,,
11497977,,ERROR_PROCESSING,,,
10656823,,ERROR_PROCESSING,,,
11460462,,ERROR_PROCESSING,,,
UNKNOWN,,SKIPPED_ID_UNKNOWN,,,
11360805,,ERROR_PROCESSING,,,
10987985,,ERROR_PROCESSING,,,
11244137,,ERROR_PROCESSING,,,
11360805,,ERROR_PROCESSING,,,
10717241,,ERROR_PROCESSING,,,
11337566,,ERROR_PROCESSING,,,
11446443,,ERROR_PROCESSING,,,
11650401,,ERROR_PROCESSING,,,
UNKNOWN,,SKIPPED_ID_UNKNOWN,,,
11193263,,ERROR_PROCESSING,,,
UNKNOWN,,SKIPPED_ID_UNKNOWN,,,
UNKNOWN,,SKIPPED_ID_UNKNOWN,,,
10426656,,ERROR_PROCESSING,,,
10881457,,ERROR_PROCESSING,,,
11391957,,ERROR_PROCESSING,,,
10464050,,ERROR_PROCESSING,,,
10662202,,ERROR_PROCESSING,,,
10464050,,ERROR_PROCESSING,,,
10397751,,ERROR_PROCESSING,,,
10854555,,ERROR_PROCESSING,,,
UNKNOWN,,SKIPPED_ID_UNKNOWN,,,
10933561,,ERROR_PROCESSING,,,
UNKNOWN,,SKIPPED_ID_UNKNOWN,,,
10616679,,ERROR_PROCESSING,,,
UNKNOWN,,SKIPPED_ID_UNKNOWN,,,
10779233,,ERROR_PROCESSING,,,
11414511,,ERROR_PROCESSING,,,
10384798,,ERROR_PROCESSING,,,
11499192,,ERROR_PROCESSING,,,
10587105,,ERROR_PROCESSING,,,
11391018,,ERROR_PROCESSING,,,
10714072,,ERROR_PROCESSING,,,
UNKNOWN,,SKIPPED_ID_UNKNOWN,,,
UNKNOWN,,SKIPPED_ID_UNKNOWN,,,
10686864,,ERROR_PROCESSING,,,
10055126,,ERROR_PROCESSING,,,
10094670,,ERROR_PROCESSING,,,
10332883,,ERROR_PROCESSING,,,
11403530,,ERROR_PROCESSING,,,
11358389,,ERROR_PROCESSING,,,
10925104,,ERROR_PROCESSING,,,
10990917,,ERROR_PROCESSING,,,
11512246,,ERROR_PROCESSING,,,
10682541,,ERROR_PROCESSING,,,
10098844,,ERROR_PROCESSING,,,
UNKNOWN,,SKIPPED_ID_UNKNOWN,,,
UNKNOWN,,SKIPPED_ID_UNKNOWN,,,
UNKNOWN,,SKIPPED_ID_UNKNOWN,,,
UNKNOWN,,SKIPPED_ID_UNKNOWN,,,
11455181,,ERROR_PROCESSING,,,
10604335,,ERROR_PROCESSING,,,
10585852,,ERROR_PROCESSING,,,
11253827,,ERROR_PROCESSING,,,
10123064,,ERROR_PROCESSING,,,
10795103,,ERROR_PROCESSING,,,
11100383,,ERROR_PROCESSING,,,
10875245,,ERROR_PROCESSING,,,
11450414,,ERROR_PROCESSING,,,
10908248,,ERROR_PROCESSING,,,
UNKNOWN,,SKIPPED_ID_UNKNOWN,,,
11074835,,ERROR_PROCESSING,,,
UNKNOWN,,SKIPPED_ID_UNKNOWN,,,
UNKNOWN,,SKIPPED_ID_UNKNOWN,,,
10272640,,ERROR_PROCESSING,,,
11360571,,ERROR_PROCESSING,,,
10068659,,ERROR_PROCESSING,,,
UNKNOWN,,SKIPPED_ID_UNKNOWN,,,
UNKNOWN,,SKIPPED_ID_UNKNOWN,,,
10854768,,ERROR_PROCESSING,,,
10332883,,ERROR_PROCESSING,,,
11572193,,ERROR_PROCESSING,,,
10329196,,ERROR_PROCESSING,,,
11359879,,ERROR_PROCESSING,,,
11414465,,ERROR_PROCESSING,,,
10010440,,ERROR_PROCESSING,,,
11179076,,ERROR_PROCESSING,,,
UNKNOWN,,SKIPPED_ID_UNKNOWN,,,
11134879,,ERROR_PROCESSING,,,
11461433,,ERROR_PROCESSING,,,
UNKNOWN,,SKIPPED_ID_UNKNOWN,,,
UNKNOWN,,SKIPPED_ID_UNKNOWN,,,
UNKNOWN,,SKIPPED_ID_UNKNOWN,,,
UNKNOWN,,SKIPPED_ID_UNKNOWN,,,
UNKNOWN,,SKIPPED_ID_UNKNOWN,,,
UNKNOWN,,SKIPPED_ID_UNKNOWN,,,
10136549,,ERROR_PROCESSING,,,
UNKNOWN,,SKIPPED_ID_UNKNOWN,,,
11187837,,ERROR_PROCESSING,,,
11623629,,ERROR_PROCESSING,,,
11389771,,ERROR_PROCESSING,,,
10864531,,ERROR_PROCESSING,,,
10004519,,ERROR_PROCESSING,,,
11401182,,ERROR_PROCESSING,,,
UNKNOWN,,SKIPPED_ID_UNKNOWN,,,
UNKNOWN,,SKIPPED_ID_UNKNOWN,,,
UNKNOWN,,SKIPPED_ID_UNKNOWN,,,
UNKNOWN,,SKIPPED_ID_UNKNOWN,,,
10019708,,ERROR_PROCESSING,,,
10407482,,ERROR_PROCESSING,,,
10777591,,ERROR_PROCESSING,,,
UNKNOWN,,SKIPPED_ID_UNKNOWN,,,
UNKNOWN,,SKIPPED_ID_UNKNOWN,,,
10813132,,ERROR_PROCESSING,,,
10350571,,ERROR_PROCESSING,,,
10290666,,ERROR_PROCESSING,,,
10337258,,ERROR_PROCESSING,,,
10964440,,ERROR_PROCESSING,,,
10290666,,ERROR_PROCESSING,,,
11187436,,ERROR_PROCESSING,,,
11069176,,ERROR_PROCESSING,,,
UNKNOWN,,SKIPPED_ID_UNKNOWN,,,
10984090,,ERROR_PROCESSING,,,
10187159,,ERROR_PROCESSING,,,
11074541,,ERROR_PROCESSING,,,
10744335,,ERROR_PROCESSING,,,
10713616,,ERROR_PROCESSING,,,
UNKNOWN,,SKIPPED_ID_UNKNOWN,,,
11453592,,ERROR_PROCESSING,,,
11295426,,ERROR_PROCESSING,,,
10064256,,ERROR_PROCESSING,,,
10004519,,ERROR_PROCESSING,,,
UNKNOWN,,SKIPPED_ID_UNKNOWN,,,
10426656,,ERROR_PROCESSING,,,
10468885,,ERROR_PROCESSING,,,
11193263,,ERROR_PROCESSING,,,
10468885,,ERROR_PROCESSING,,,
10904857,,ERROR_PROCESSING,,,
10407482,,ERROR_PROCESSING,,,
11336883,,ERROR_PROCESSING,,,
10187017,,ERROR_PROCESSING,,,
UNKNOWN,,SKIPPED_ID_UNKNOWN,,,
11493431,,ERROR_PROCESSING,,,
UNKNOWN,,SKIPPED_ID_UNKNOWN,,,
UNKNOWN,,SKIPPED_ID_UNKNOWN,,,
10722485,,ERROR_PROCESSING,,,
10395381,,ERROR_PROCESSING,,,
11403339,,ERROR_PROCESSING,,,
10141900,,ERROR_PROCESSING,,,
10526549,,ERROR_PROCESSING,,,
10166274,,ERROR_PROCESSING,,,
10586004,,ERROR_PROCESSING,,,
10328458,,ERROR_PROCESSING,,,
11337566,,ERROR_PROCESSING,,,
10713616,,ERROR_PROCESSING,,,
10717241,,ERROR_PROCESSING,,,
UNKNOWN,,SKIPPED_ID_UNKNOWN,,,
10020423,,ERROR_PROCESSING,,,
11295426,,ERROR_PROCESSING,,,
UNKNOWN,,SKIPPED_ID_UNKNOWN,,,
UNKNOWN,,SKIPPED_ID_UNKNOWN,,,
10669994,,ERROR_PROCESSING,,,
10686864,,ERROR_PROCESSING,,,
UNKNOWN,,SKIPPED_ID_UNKNOWN,,,
10157458,,ERROR_PROCESSING,,,
10018233,,ERROR_PROCESSING,,,
10585852,,ERROR_PROCESSING,,,
10001893,,ERROR_PROCESSING,,,
UNKNOWN,,SKIPPED_ID_UNKNOWN,,,
11611275,,ERROR_PROCESSING,,,
11074835,,ERROR_PROCESSING,,,
UNKNOWN,,SKIPPED_ID_UNKNOWN,,,
10353968,,ERROR_PROCESSING,,,
10908248,,ERROR_PROCESSING,,,
UNKNOWN,,SKIPPED_ID_UNKNOWN,,,
UNKNOWN,,SKIPPED_ID_UNKNOWN,,,
10386922,,ERROR_PROCESSING,,,
11403530,,ERROR_PROCESSING,,,
10328393,,ERROR_PROCESSING,,,
11403530,,ERROR_PROCESSING,,,
11046458,,ERROR_PROCESSING,,,
11572193,,ERROR_PROCESSING,,,
UNKNOWN,,SKIPPED_ID_UNKNOWN,,,
11359879,,ERROR_PROCESSING,,,
11391018,,ERROR_PROCESSING,,,
11414511,,ERROR_PROCESSING,,,
10657406,,ERROR_PROCESSING,,,
10779233,,ERROR_PROCESSING,,,
11502867,,ERROR_PROCESSING,,,
11651712,,ERROR_PROCESSING,,,
10682541,,ERROR_PROCESSING,,,
10332883,,ERROR_PROCESSING,,,
UNKNOWN,,SKIPPED_ID_UNKNOWN,,,
UNKNOWN,,SKIPPED_ID_UNKNOWN,,,
10682541,,ERROR_PROCESSING,,,
10933561,,ERROR_PROCESSING,,,
10213902,,ERROR_PROCESSING,,,
11129258,,ERROR_PROCESSING,,,
10880507,,ERROR_PROCESSING,,,
10329835,,ERROR_PROCESSING,,,
10934674,,ERROR_PROCESSING,,,
11125797,,ERROR_PROCESSING,,,
10593626,,ERROR_PROCESSING,,,
11134879,,ERROR_PROCESSING,,,
11360571,,ERROR_PROCESSING,,,
11360571,,ERROR_PROCESSING,,,
10875245,,ERROR_PROCESSING,,,
11499192,,ERROR_PROCESSING,,,
11100383,,ERROR_PROCESSING,,,
UNKNOWN,,SKIPPED_ID_UNKNOWN,,,
10854768,,ERROR_PROCESSING,,,
10554999,,ERROR_PROCESSING,,,
UNKNOWN,,SKIPPED_ID_UNKNOWN,,,
UNKNOWN,,SKIPPED_ID_UNKNOWN,,,
UNKNOWN,,SKIPPED_ID_UNKNOWN,,,
11358389,,ERROR_PROCESSING,,,
11074178,,ERROR_PROCESSING,,,
UNKNOWN,,SKIPPED_ID_UNKNOWN,,,
11359879,,ERROR_PROCESSING,,,
UNKNOWN,,SKIPPED_ID_UNKNOWN,,,
UNKNOWN,,SKIPPED_ID_UNKNOWN,,,
11194032,,ERROR_PROCESSING,,,
11569782,,ERROR_PROCESSING,,,
UNKNOWN,,SKIPPED_ID_UNKNOWN,,,
10123064,,ERROR_PROCESSING,,,
10153855,,ERROR_PROCESSING,,,
10662202,,ERROR_PROCESSING,,,
10863608,,ERROR_PROCESSING,,,
10407482,,ERROR_PROCESSING,,,
10813132,,ERROR_PROCESSING,,,
10813132,,ERROR_PROCESSING,,,
10019643,,ERROR_PROCESSING,,,
10290666,,ERROR_PROCESSING,,,
10019708,,ERROR_PROCESSING,,,
10004519,,ERROR_PROCESSING,,,
10872983,,ERROR_PROCESSING,,,
10531955,,ERROR_PROCESSING,,,
10963242,,ERROR_PROCESSING,,,
11187837,,ERROR_PROCESSING,,,
UNKNOWN,,SKIPPED_ID_UNKNOWN,,,
10722485,,ERROR_PROCESSING,,,
11014932,,ERROR_PROCESSING,,,
11187436,,ERROR_PROCESSING,,,
11337566,,ERROR_PROCESSING,,,
10718726,,ERROR_PROCESSING,,,
11187436,,ERROR_PROCESSING,,,
UNKNOWN,,SKIPPED_ID_UNKNOWN,,,
10713616,,ERROR_PROCESSING,,,
UNKNOWN,,SKIPPED_ID_UNKNOWN,,,
10318874,,ERROR_PROCESSING,,,
11080405,,ERROR_PROCESSING,,,
10020423,,ERROR_PROCESSING,,,
11547505,,ERROR_PROCESSING,,,
UNKNOWN,,SKIPPED_ID_UNKNOWN,,,
11389771,,ERROR_PROCESSING,,,
10468885,,ERROR_PROCESSING,,,
10881457,,ERROR_PROCESSING,,,
11509504,,ERROR_PROCESSING,,,
UNKNOWN,,SKIPPED_ID_UNKNOWN,,,
10864531,,ERROR_PROCESSING,,,
10617017,,ERROR_PROCESSING,,,
10397751,,ERROR_PROCESSING,,,
UNKNOWN,,SKIPPED_ID_UNKNOWN,,,
UNKNOWN,,SKIPPED_ID_UNKNOWN,,,
11361646,,ERROR_PROCESSING,,,
UNKNOWN,,SKIPPED_ID_UNKNOWN,,,
10019708,,ERROR_PROCESSING,,,
10328458,,ERROR_PROCESSING,,,
UNKNOWN,,SKIPPED_ID_UNKNOWN,,,
11551692,,ERROR_PROCESSING,,,
11187837,,ERROR_PROCESSING,,,
11336883,,ERROR_PROCESSING,,,
10395381,,ERROR_PROCESSING,,,
10963065,,ERROR_PROCESSING,,,
11403339,,ERROR_PROCESSING,,,
11295426,,ERROR_PROCESSING,,,
11043167,,ERROR_PROCESSING,,,
10187159,,ERROR_PROCESSING,,,
11493431,,ERROR_PROCESSING,,,
UNKNOWN,,SKIPPED_ID_UNKNOWN,,,
11176127,,ERROR_PROCESSING,,,
10744335,,ERROR_PROCESSING,,,
11177676,,ERROR_PROCESSING,,,
10166274,,ERROR_PROCESSING,,,
11560897,,ERROR_PROCESSING,,,
UNKNOWN,,SKIPPED_ID_UNKNOWN,,,
11337372,,ERROR_PROCESSING,,,
11565924,,ERROR_PROCESSING,,,
10454313,,ERROR_PROCESSING,,,
10924562,,ERROR_PROCESSING,,,
11497958,,ERROR_PROCESSING,,,
11285870,,ERROR_PROCESSING,,,
11046458,,ERROR_PROCESSING,,,
10471515,,ERROR_PROCESSING,,,
10266615,,ERROR_PROCESSING,,,
UNKNOWN,,SKIPPED_ID_UNKNOWN,,,
UNKNOWN,,SKIPPED_ID_UNKNOWN,,,
10471515,,ERROR_PROCESSING,,,
11288505,,ERROR_PROCESSING,,,
10332883,,ERROR_PROCESSING,,,
11127479,,ERROR_PROCESSING,,,
UNKNOWN,,SKIPPED_ID_UNKNOWN,,,
UNKNOWN,,SKIPPED_ID_UNKNOWN,,,
UNKNOWN,,SKIPPED_ID_UNKNOWN,,,
11073351,,ERROR_PROCESSING,,,
11086270,,ERROR_PROCESSING,,,
10000941,,ERROR_PROCESSING,,,
11075429,,ERROR_PROCESSING,,,
11126381,,ERROR_PROCESSING,,,
10057494,,ERROR_PROCESSING,,,
10965588,,ERROR_PROCESSING,,,
UNKNOWN,,SKIPPED_ID_UNKNOWN,,,
11074835,,ERROR_PROCESSING,,,
10810838,,ERROR_PROCESSING,,,
10858691,,ERROR_PROCESSING,,,
10265898,,ERROR_PROCESSING,,,
10019065,,ERROR_PROCESSING,,,
10018233,,ERROR_PROCESSING,,,
UNKNOWN,,SKIPPED_ID_UNKNOWN,,,
10905239,,ERROR_PROCESSING,,,
UNKNOWN,,SKIPPED_ID_UNKNOWN,,,
UNKNOWN,,SKIPPED_ID_UNKNOWN,,,
11455181,,ERROR_PROCESSING,,,
10795103,,ERROR_PROCESSING,,,
UNKNOWN,,SKIPPED_ID_UNKNOWN,,,
10908248,,ERROR_PROCESSING,,,
UNKNOWN,,SKIPPED_ID_UNKNOWN,,,
10353968,,ERROR_PROCESSING,,,
11348997,,ERROR_PROCESSING,,,
11018648,,ERROR_PROCESSING,,,
11348997,,ERROR_PROCESSING,,,
UNKNOWN,,SKIPPED_ID_UNKNOWN,,,
UNKNOWN,,SKIPPED_ID_UNKNOWN,,,
11342416,,ERROR_PROCESSING,,,
11460018,,ERROR_PROCESSING,,,
11460018,,ERROR_PROCESSING,,,
11656721,,ERROR_PROCESSING,,,
10990886,,ERROR_PROCESSING,,,
11569782,,ERROR_PROCESSING,,,
10990886,,ERROR_PROCESSING,,,
11194032,,ERROR_PROCESSING,,,
UNKNOWN,,SKIPPED_ID_UNKNOWN,,,
10538176,,ERROR_PROCESSING,,,
UNKNOWN,,SKIPPED_ID_UNKNOWN,,,
11122894,,ERROR_PROCESSING,,,
10880507,,ERROR_PROCESSING,,,
UNKNOWN,,SKIPPED_ID_UNKNOWN,,,
10329835,,ERROR_PROCESSING,,,
10525077,,ERROR_PROCESSING,,,
11601584,,ERROR_PROCESSING,,,
10795103,,ERROR_PROCESSING,,,
11100383,,ERROR_PROCESSING,,,
11455181,,ERROR_PROCESSING,,,
UNKNOWN,,SKIPPED_ID_UNKNOWN,,,
10843590,,ERROR_PROCESSING,,,
10004738,,ERROR_PROCESSING,,,
10004738,,ERROR_PROCESSING,,,
10717241,,ERROR_PROCESSING,,,
10713616,,ERROR_PROCESSING,,,
UNKNOWN,,SKIPPED_ID_UNKNOWN,,,
11129738,,ERROR_PROCESSING,,,
10982872,,ERROR_PROCESSING,,,
UNKNOWN,,SKIPPED_ID_UNKNOWN,,,
UNKNOWN,,SKIPPED_ID_UNKNOWN,,,
UNKNOWN,,SKIPPED_ID_UNKNOWN,,,
10526549,,ERROR_PROCESSING,,,
10656823,,ERROR_PROCESSING,,,
11547505,,ERROR_PROCESSING,,,
UNKNOWN,,SKIPPED_ID_UNKNOWN,,,
10318874,,ERROR_PROCESSING,,,
10586004,,ERROR_PROCESSING,,,
10526887,,ERROR_PROCESSING,,,
UNKNOWN,,SKIPPED_ID_UNKNOWN,,,
10407482,,ERROR_PROCESSING,,,
10863608,,ERROR_PROCESSING,,,
UNKNOWN,,SKIPPED_ID_UNKNOWN,,,
10662202,,ERROR_PROCESSING,,,
10337258,,ERROR_PROCESSING,,,
11037335,,ERROR_PROCESSING,,,
10158729,,ERROR_PROCESSING,,,
10531955,,ERROR_PROCESSING,,,
10004519,,ERROR_PROCESSING,,,
11176127,,ERROR_PROCESSING,,,
11032227,,ERROR_PROCESSING,,,
11391957,,ERROR_PROCESSING,,,
11032227,,ERROR_PROCESSING,,,
11403389,,ERROR_PROCESSING,,,
11295426,,ERROR_PROCESSING,,,
11360805,,ERROR_PROCESSING,,,
10987985,,ERROR_PROCESSING,,,
10987985,,ERROR_PROCESSING,,,
UNKNOWN,,SKIPPED_ID_UNKNOWN,,,
10526549,,ERROR_PROCESSING,,,
UNKNOWN,,SKIPPED_ID_UNKNOWN,,,
11304958,,ERROR_PROCESSING,,,
10166274,,ERROR_PROCESSING,,,
11074541,,ERROR_PROCESSING,,,
10591855,,ERROR_PROCESSING,,,
11446443,,ERROR_PROCESSING,,,
10397751,,ERROR_PROCESSING,,,
10337258,,ERROR_PROCESSING,,,
10723750,,ERROR_PROCESSING,,,
10881457,,ERROR_PROCESSING,,,
UNKNOWN,,SKIPPED_ID_UNKNOWN,,,
11308499,,ERROR_PROCESSING,,,
10730034,,ERROR_PROCESSING,,,
10873260,,ERROR_PROCESSING,,,
10264660,,ERROR_PROCESSING,,,
11288051,,ERROR_PROCESSING,,,
10973664,,ERROR_PROCESSING,,,
11508644,,ERROR_PROCESSING,,,
10858832,,ERROR_PROCESSING,,,
10426656,,ERROR_PROCESSING,,,
10080248,,ERROR_PROCESSING,,,
UNKNOWN,,SKIPPED_ID_UNKNOWN,,,
11121752,,ERROR_PROCESSING,,,
10464050,,ERROR_PROCESSING,,,
11457726,,ERROR_PROCESSING,,,
11194032,,ERROR_PROCESSING,,,
11069176,,ERROR_PROCESSING,,,
11069176,,ERROR_PROCESSING,,,
10141900,,ERROR_PROCESSING,,,
10604335,,ERROR_PROCESSING,,,
10027247,,ERROR_PROCESSING,,,
11569782,,ERROR_PROCESSING,,,
UNKNOWN,,SKIPPED_ID_UNKNOWN,,,
11037511,,ERROR_PROCESSING,,,
UNKNOWN,,SKIPPED_ID_UNKNOWN,,,
UNKNOWN,,SKIPPED_ID_UNKNOWN,,,
10854768,,ERROR_PROCESSING,,,
11337833,,ERROR_PROCESSING,,,
11442793,,ERROR_PROCESSING,,,
11122894,,ERROR_PROCESSING,,,
10187017,,ERROR_PROCESSING,,,
10525077,,ERROR_PROCESSING,,,
10905911,,ERROR_PROCESSING,,,
10290666,,ERROR_PROCESSING,,,
10538176,,ERROR_PROCESSING,,,
11134879,,ERROR_PROCESSING,,,
UNKNOWN,,SKIPPED_ID_UNKNOWN,,,
10989274,,ERROR_PROCESSING,,,
11090765,,ERROR_PROCESSING,,,
11080405,,ERROR_PROCESSING,,,
11090765,,ERROR_PROCESSING,,,
10989274,,ERROR_PROCESSING,,,
10384798,,ERROR_PROCESSING,,,
11401182,,ERROR_PROCESSING,,,
11414511,,ERROR_PROCESSING,,,
11457726,,ERROR_PROCESSING,,,
11361646,,ERROR_PROCESSING,,,
10454632,,ERROR_PROCESSING,,,
10212441,,ERROR_PROCESSING,,,
10028792,,ERROR_PROCESSING,,,
UNKNOWN,,SKIPPED_ID_UNKNOWN,,,
10964440,,ERROR_PROCESSING,,,
11403044,,ERROR_PROCESSING,,,
UNKNOWN,,SKIPPED_ID_UNKNOWN,,,
11403044,,ERROR_PROCESSING,,,
11415243,,ERROR_PROCESSING,,,
10984090,,ERROR_PROCESSING,,,
UNKNOWN,,SKIPPED_ID_UNKNOWN,,,
UNKNOWN,,SKIPPED_ID_UNKNOWN,,,
10187159,,ERROR_PROCESSING,,,
10874614,,ERROR_PROCESSING,,,
UNKNOWN,,SKIPPED_ID_UNKNOWN,,,
10617017,,ERROR_PROCESSING,,,
11623629,,ERROR_PROCESSING,,,
10189546,,ERROR_PROCESSING,,,
10063208,,ERROR_PROCESSING,,,
UNKNOWN,,SKIPPED_ID_UNKNOWN,,,
10018233,,ERROR_PROCESSING,,,
UNKNOWN,,SKIPPED_ID_UNKNOWN,,,
UNKNOWN,,SKIPPED_ID_UNKNOWN,,,
10350571,,ERROR_PROCESSING,,,
10777591,,ERROR_PROCESSING,,,
11153121,,ERROR_PROCESSING,,,
UNKNOWN,,SKIPPED_ID_UNKNOWN,,,
10002866,,ERROR_PROCESSING,,,
10010440,,ERROR_PROCESSING,,,
10585852,,ERROR_PROCESSING,,,
UNKNOWN,,SKIPPED_ID_UNKNOWN,,,
11179076,,ERROR_PROCESSING,,,
10583761,,ERROR_PROCESSING,,,
11621223,,ERROR_PROCESSING,,,
10545066,,ERROR_PROCESSING,,,
10583761,,ERROR_PROCESSING,,,
11621223,,ERROR_PROCESSING,,,
10001893,,ERROR_PROCESSING,,,
11075737,,ERROR_PROCESSING,,,
10748390,,ERROR_PROCESSING,,,
UNKNOWN,,SKIPPED_ID_UNKNOWN,,,
10136549,,ERROR_PROCESSING,,,
11176127,,ERROR_PROCESSING,,,
11461433,,ERROR_PROCESSING,,,
11253711,,ERROR_PROCESSING,,,
10418224,,ERROR_PROCESSING,,,
10068659,,ERROR_PROCESSING,,,
10418224,,ERROR_PROCESSING,,,
UNKNOWN,,SKIPPED_ID_UNKNOWN,,,
UNKNOWN,,SKIPPED_ID_UNKNOWN,,,
11572193,,ERROR_PROCESSING,,,
10005758,,ERROR_PROCESSING,,,
11121752,,ERROR_PROCESSING,,,
10005758,,ERROR_PROCESSING,,,
UNKNOWN,,SKIPPED_ID_UNKNOWN,,,
10453588,,ERROR_PROCESSING,,,
10329196,,ERROR_PROCESSING,,,
UNKNOWN,,SKIPPED_ID_UNKNOWN,,,
UNKNOWN,,SKIPPED_ID_UNKNOWN,,,
UNKNOWN,,SKIPPED_ID_UNKNOWN,,,
10723750,,ERROR_PROCESSING,,,
11133306,,ERROR_PROCESSING,,,
UNKNOWN,,SKIPPED_ID_UNKNOWN,,,
UNKNOWN,,SKIPPED_ID_UNKNOWN,,,
10358759,,ERROR_PROCESSING,,,
10289119,,ERROR_PROCESSING,,,
10593626,,ERROR_PROCESSING,,,
UNKNOWN,,SKIPPED_ID_UNKNOWN,,,
UNKNOWN,,SKIPPED_ID_UNKNOWN,,,
10460984,,ERROR_PROCESSING,,,
11253711,,ERROR_PROCESSING,,,
11512246,,ERROR_PROCESSING,,,
11236244,,ERROR_PROCESSING,,,
UNKNOWN,,SKIPPED_ID_UNKNOWN,,,
10925104,,ERROR_PROCESSING,,,
11074178,,ERROR_PROCESSING,,,
10158729,,ERROR_PROCESSING,,,
10026502,,ERROR_PROCESSING,,,
11358389,,ERROR_PROCESSING,,,
10872983,,ERROR_PROCESSING,,,
UNKNOWN,,SKIPPED_ID_UNKNOWN,,,
10055126,,ERROR_PROCESSING,,,
11401767,,ERROR_PROCESSING,,,
10064256,,ERROR_PROCESSING,,,
11401767,,ERROR_PROCESSING,,,
UNKNOWN,,SKIPPED_ID_UNKNOWN,,,
10714072,,ERROR_PROCESSING,,,
UNKNOWN,,SKIPPED_ID_UNKNOWN,,,
10863608,,ERROR_PROCESSING,,,
UNKNOWN,,SKIPPED_ID_UNKNOWN,,,
10684670,,ERROR_PROCESSING,,,
10854768,,ERROR_PROCESSING,,,
10525027,,ERROR_PROCESSING,,,
UNKNOWN,,SKIPPED_ID_UNKNOWN,,,
11414465,,ERROR_PROCESSING,,,
UNKNOWN,,SKIPPED_ID_UNKNOWN,,,
10271806,,ERROR_PROCESSING,,,
10854546,,ERROR_PROCESSING,,,
10271806,,ERROR_PROCESSING,,,
10538176,,ERROR_PROCESSING,,,
11134879,,ERROR_PROCESSING,,,
10854555,,ERROR_PROCESSING,,,
10525077,,ERROR_PROCESSING,,,
10329835,,ERROR_PROCESSING,,,
UNKNOWN,,SKIPPED_ID_UNKNOWN,,,
11122894,,ERROR_PROCESSING,,,
UNKNOWN,,SKIPPED_ID_UNKNOWN,,,
10600955,,ERROR_PROCESSING,,,
10982872,,ERROR_PROCESSING,,,
10864656,,ERROR_PROCESSING,,,
UNKNOWN,,SKIPPED_ID_UNKNOWN,,,
10528068,,ERROR_PROCESSING,,,
11244137,,ERROR_PROCESSING,,,
11460462,,ERROR_PROCESSING,,,
11497977,,ERROR_PROCESSING,,,
UNKNOWN,,SKIPPED_ID_UNKNOWN,,,
11283615,,ERROR_PROCESSING,,,
UNKNOWN,,SKIPPED_ID_UNKNOWN,,,
10525027,,ERROR_PROCESSING,,,
UNKNOWN,,SKIPPED_ID_UNKNOWN,,,
10730070,,ERROR_PROCESSING,,,
10717220,,ERROR_PROCESSING,,,
10063208,,ERROR_PROCESSING,,,
UNKNOWN,,SKIPPED_ID_UNKNOWN,,,
10089911,,ERROR_PROCESSING,,,
10709622,,ERROR_PROCESSING,,,
UNKNOWN,,SKIPPED_ID_UNKNOWN,,,
11622600,,ERROR_PROCESSING,,,
UNKNOWN,,SKIPPED_ID_UNKNOWN,,,
11611600,,ERROR_PROCESSING,,,
10593535,,ERROR_PROCESSING,,,
11499228,,ERROR_PROCESSING,,,
11019987,,ERROR_PROCESSING,,,
11461844,,ERROR_PROCESSING,,,
10909127,,ERROR_PROCESSING,,,
11027624,,ERROR_PROCESSING,,,
UNKNOWN,,SKIPPED_ID_UNKNOWN,,,
10879038,,ERROR_PROCESSING,,,
10528068,,ERROR_PROCESSING,,,
10864656,,ERROR_PROCESSING,,,
11444514,,ERROR_PROCESSING,,,
11414511,,ERROR_PROCESSING,,,
11415243,,ERROR_PROCESSING,,,
11508644,,ERROR_PROCESSING,,,
11177707,,ERROR_PROCESSING,,,
10615440,,ERROR_PROCESSING,,,
10080248,,ERROR_PROCESSING,,,
10585738,,ERROR_PROCESSING,,,
10453588,,ERROR_PROCESSING,,,
UNKNOWN,,SKIPPED_ID_UNKNOWN,,,
11600889,,ERROR_PROCESSING,,,
11121752,,ERROR_PROCESSING,,,
11284772,,ERROR_PROCESSING,,,
11356260,,ERROR_PROCESSING,,,
10005788,,ERROR_PROCESSING,,,
11073351,,ERROR_PROCESSING,,,
11125613,,ERROR_PROCESSING,,,
11127479,,ERROR_PROCESSING,,,
11133306,,ERROR_PROCESSING,,,
UNKNOWN,,SKIPPED_ID_UNKNOWN,,,
10723750,,ERROR_PROCESSING,,,
10669994,,ERROR_PROCESSING,,,
10000941,,ERROR_PROCESSING,,,
10513530,,ERROR_PROCESSING,,,
UNKNOWN,,SKIPPED_ID_UNKNOWN,,,
UNKNOWN,,SKIPPED_ID_UNKNOWN,,,
11126381,,ERROR_PROCESSING,,,
10858691,,ERROR_PROCESSING,,,
10019065,,ERROR_PROCESSING,,,
10748390,,ERROR_PROCESSING,,,
10265898,,ERROR_PROCESSING,,,
11401755,,ERROR_PROCESSING,,,
11075737,,ERROR_PROCESSING,,,
10545066,,ERROR_PROCESSING,,,
10329469,,ERROR_PROCESSING,,,
11193263,,ERROR_PROCESSING,,,
UNKNOWN,,SKIPPED_ID_UNKNOWN,,,
UNKNOWN,,SKIPPED_ID_UNKNOWN,,,
UNKNOWN,,SKIPPED_ID_UNKNOWN,,,
11018648,,ERROR_PROCESSING,,,
10057494,,ERROR_PROCESSING,,,
11495458,,ERROR_PROCESSING,,,
10531955,,ERROR_PROCESSING,,,
10872983,,ERROR_PROCESSING,,,
10158729,,ERROR_PROCESSING,,,
10468940,,ERROR_PROCESSING,,,
UNKNOWN,,SKIPPED_ID_UNKNOWN,,,
11656721,,ERROR_PROCESSING,,,
10190777,,ERROR_PROCESSING,,,
UNKNOWN,,SKIPPED_ID_UNKNOWN,,,
UNKNOWN,,SKIPPED_ID_UNKNOWN,,,
UNKNOWN,,SKIPPED_ID_UNKNOWN,,,
UNKNOWN,,SKIPPED_ID_UNKNOWN,,,
UNKNOWN,,SKIPPED_ID_UNKNOWN,,,
10318874,,ERROR_PROCESSING,,,
UNKNOWN,,SKIPPED_ID_UNKNOWN,,,
11342416,,ERROR_PROCESSING,,,
10843590,,ERROR_PROCESSING,,,
UNKNOWN,,SKIPPED_ID_UNKNOWN,,,
11402995,,ERROR_PROCESSING,,,
UNKNOWN,,SKIPPED_ID_UNKNOWN,,,
UNKNOWN,,SKIPPED_ID_UNKNOWN,,,
UNKNOWN,,SKIPPED_ID_UNKNOWN,,,
UNKNOWN,,SKIPPED_ID_UNKNOWN,,,
UNKNOWN,,SKIPPED_ID_UNKNOWN,,,
10264660,,ERROR_PROCESSING,,,
10271806,,ERROR_PROCESSING,,,
10730034,,ERROR_PROCESSING,,,
10123064,,ERROR_PROCESSING,,,
10858832,,ERROR_PROCESSING,,,
10063208,,ERROR_PROCESSING,,,
11304958,,ERROR_PROCESSING,,,
10973664,,ERROR_PROCESSING,,,
10684670,,ERROR_PROCESSING,,,
11027624,,ERROR_PROCESSING,,,
10329835,,ERROR_PROCESSING,,,
11415243,,ERROR_PROCESSING,,,
11288051,,ERROR_PROCESSING,,,
10528068,,ERROR_PROCESSING,,,
11414465,,ERROR_PROCESSING,,,
11508644,,ERROR_PROCESSING,,,
11457726,,ERROR_PROCESSING,,,
10080248,,ERROR_PROCESSING,,,
UNKNOWN,,SKIPPED_ID_UNKNOWN,,,
10709622,,ERROR_PROCESSING,,,
UNKNOWN,,SKIPPED_ID_UNKNOWN,,,
10709622,,ERROR_PROCESSING,,,
10526887,,ERROR_PROCESSING,,,
10593535,,ERROR_PROCESSING,,,
10593535,,ERROR_PROCESSING,,,
11461844,,ERROR_PROCESSING,,,
UNKNOWN,,SKIPPED_ID_UNKNOWN,,,
UNKNOWN,,SKIPPED_ID_UNKNOWN,,,
11461844,,ERROR_PROCESSING,,,
UNKNOWN,,SKIPPED_ID_UNKNOWN,,,
10874614,,ERROR_PROCESSING,,,
10656823,,ERROR_PROCESSING,,,
UNKNOWN,,SKIPPED_ID_UNKNOWN,,,
10063208,,ERROR_PROCESSING,,,
10779233,,ERROR_PROCESSING,,,
UNKNOWN,,SKIPPED_ID_UNKNOWN,,,
10525027,,ERROR_PROCESSING,,,
11499228,,ERROR_PROCESSING,,,
10973814,,ERROR_PROCESSING,,,
UNKNOWN,,SKIPPED_ID_UNKNOWN,,,
11415243,,ERROR_PROCESSING,,,
10098844,,ERROR_PROCESSING,,,
10864656,,ERROR_PROCESSING,,,
10586208,,ERROR_PROCESSING,,,
10879038,,ERROR_PROCESSING,,,
UNKNOWN,,SKIPPED_ID_UNKNOWN,,,
10094670,,ERROR_PROCESSING,,,
10717220,,ERROR_PROCESSING,,,
11177707,,ERROR_PROCESSING,,,
11356260,,ERROR_PROCESSING,,,
11356260,,ERROR_PROCESSING,,,
11495458,,ERROR_PROCESSING,,,
UNKNOWN,,SKIPPED_ID_UNKNOWN,,,
10001368,,ERROR_PROCESSING,,,
UNKNOWN,,SKIPPED_ID_UNKNOWN,,,
UNKNOWN,,SKIPPED_ID_UNKNOWN,,,
11193263,,ERROR_PROCESSING,,,
UNKNOWN,,SKIPPED_ID_UNKNOWN,,,
UNKNOWN,,SKIPPED_ID_UNKNOWN,,,
UNKNOWN,,SKIPPED_ID_UNKNOWN,,,
10329469,,ERROR_PROCESSING,,,
10329469,,ERROR_PROCESSING,,,
10471515,,ERROR_PROCESSING,,,
10669994,,ERROR_PROCESSING,,,
UNKNOWN,,SKIPPED_ID_UNKNOWN,,,
11253711,,ERROR_PROCESSING,,,
10843590,,ERROR_PROCESSING,,,
11284772,,ERROR_PROCESSING,,,
10328458,,ERROR_PROCESSING,,,
UNKNOWN,,SKIPPED_ID_UNKNOWN,,,
10545066,,ERROR_PROCESSING,,,
11403339,,ERROR_PROCESSING,,,
10395381,,ERROR_PROCESSING,,,
11402995,,ERROR_PROCESSING,,,
11192998,,ERROR_PROCESSING,,,
UNKNOWN,,SKIPPED_ID_UNKNOWN,,,
UNKNOWN,,SKIPPED_ID_UNKNOWN,,,
10489345,,ERROR_PROCESSING,,,
UNKNOWN,,SKIPPED_ID_UNKNOWN,,,
UNKNOWN,,SKIPPED_ID_UNKNOWN,,,
11600889,,ERROR_PROCESSING,,,
11086270,,ERROR_PROCESSING,,,
11127479,,ERROR_PROCESSING,,,
10318874,,ERROR_PROCESSING,,,
10585738,,ERROR_PROCESSING,,,
UNKNOWN,,SKIPPED_ID_UNKNOWN,,,
10000941,,ERROR_PROCESSING,,,
11126381,,ERROR_PROCESSING,,,
11401755,,ERROR_PROCESSING,,,
10019065,,ERROR_PROCESSING,,,
11342416,,ERROR_PROCESSING,,,
UNKNOWN,,SKIPPED_ID_UNKNOWN,,,
10905239,,ERROR_PROCESSING,,,
UNKNOWN,,SKIPPED_ID_UNKNOWN,,,
UNKNOWN,,SKIPPED_ID_UNKNOWN,,,
11075429,,ERROR_PROCESSING,,,
11037335,,ERROR_PROCESSING,,,
10531955,,ERROR_PROCESSING,,,
UNKNOWN,,SKIPPED_ID_UNKNOWN,,,
UNKNOWN,,SKIPPED_ID_UNKNOWN,,,
UNKNOWN,,SKIPPED_ID_UNKNOWN,,,
10864531,,ERROR_PROCESSING,,,
11401182,,ERROR_PROCESSING,,,
11069176,,ERROR_PROCESSING,,,
10027247,,ERROR_PROCESSING,,,
10027247,,ERROR_PROCESSING,,,
11449844,,ERROR_PROCESSING,,,
11361646,,ERROR_PROCESSING,,,
UNKNOWN,,SKIPPED_ID_UNKNOWN,,,
UNKNOWN,,SKIPPED_ID_UNKNOWN,,,
11043167,,ERROR_PROCESSING,,,
11565924,,ERROR_PROCESSING,,,
10964440,,ERROR_PROCESSING,,,
11177676,,ERROR_PROCESSING,,,
11457726,,ERROR_PROCESSING,,,
11560897,,ERROR_PROCESSING,,,
UNKNOWN,,SKIPPED_ID_UNKNOWN,,,
10528068,,ERROR_PROCESSING,,,
10984090,,ERROR_PROCESSING,,,
11442793,,ERROR_PROCESSING,,,
11509504,,ERROR_PROCESSING,,,
10684670,,ERROR_PROCESSING,,,
10123064,,ERROR_PROCESSING,,,
11569782,,ERROR_PROCESSING,,,
10604335,,ERROR_PROCESSING,,,
11090765,,ERROR_PROCESSING,,,
10989274,,ERROR_PROCESSING,,,
11153121,,ERROR_PROCESSING,,,
11194032,,ERROR_PROCESSING,,,
10905911,,ERROR_PROCESSING,,,
10098844,,ERROR_PROCESSING,,,
10990917,,ERROR_PROCESSING,,,
11153539,,ERROR_PROCESSING,,,
UNKNOWN,,SKIPPED_ID_UNKNOWN,,,
10018233,,ERROR_PROCESSING,,,
11014932,,ERROR_PROCESSING,,,
UNKNOWN,,SKIPPED_ID_UNKNOWN,,,
11403044,,ERROR_PROCESSING,,,
10879038,,ERROR_PROCESSING,,,
10864656,,ERROR_PROCESSING,,,
10189546,,ERROR_PROCESSING,,,
10189546,,ERROR_PROCESSING,,,
11507101,,ERROR_PROCESSING,,,
UNKNOWN,,SKIPPED_ID_UNKNOWN,,,
10722485,,ERROR_PROCESSING,,,
10617017,,ERROR_PROCESSING,,,
10617017,,ERROR_PROCESSING,,,
10779233,,ERROR_PROCESSING,,,
11015108,,ERROR_PROCESSING,,,
10525027,,ERROR_PROCESSING,,,
10616679,,ERROR_PROCESSING,,,
11336883,,ERROR_PROCESSING,,,
10874614,,ERROR_PROCESSING,,,
10020423,,ERROR_PROCESSING,,,
10384798,,ERROR_PROCESSING,,,
10019643,,ERROR_PROCESSING,,,
10583761,,ERROR_PROCESSING,,,
11621223,,ERROR_PROCESSING,,,
11253711,,ERROR_PROCESSING,,,
10289119,,ERROR_PROCESSING,,,
11403530,,ERROR_PROCESSING,,,
10593626,,ERROR_PROCESSING,,,
10330115,,ERROR_PROCESSING,,,
10748390,,ERROR_PROCESSING,,,
UNKNOWN,,SKIPPED_ID_UNKNOWN,,,
11403339,,ERROR_PROCESSING,,,
10418224,,ERROR_PROCESSING,,,
10395381,,ERROR_PROCESSING,,,
10328458,,ERROR_PROCESSING,,,
UNKNOWN,,SKIPPED_ID_UNKNOWN,,,
10934674,,ERROR_PROCESSING,,,
11133306,,ERROR_PROCESSING,,,
11176127,,ERROR_PROCESSING,,,
11125797,,ERROR_PROCESSING,,,
10213902,,ERROR_PROCESSING,,,
11074178,,ERROR_PROCESSING,,,
10925104,,ERROR_PROCESSING,,,
UNKNOWN,,SKIPPED_ID_UNKNOWN,,,
10005758,,ERROR_PROCESSING,,,
10026502,,ERROR_PROCESSING,,,
10453588,,ERROR_PROCESSING,,,
UNKNOWN,,SKIPPED_ID_UNKNOWN,,,
UNKNOWN,,SKIPPED_ID_UNKNOWN,,,
10670119,,ERROR_PROCESSING,,,
UNKNOWN,,SKIPPED_ID_UNKNOWN,,,
10863608,,ERROR_PROCESSING,,,
UNKNOWN,,SKIPPED_ID_UNKNOWN,,,
UNKNOWN,,SKIPPED_ID_UNKNOWN,,,
UNKNOWN,,SKIPPED_ID_UNKNOWN,,,
10064256,,ERROR_PROCESSING,,,
10328393,,ERROR_PROCESSING,,,
10358759,,ERROR_PROCESSING,,,
10358759,,ERROR_PROCESSING,,,
UNKNOWN,,SKIPPED_ID_UNKNOWN,,,
10460984,,ERROR_PROCESSING,,,
11502867,,ERROR_PROCESSING,,,
10657406,,ERROR_PROCESSING,,,
10460984,,ERROR_PROCESSING,,,
11651712,,ERROR_PROCESSING,,,
11075737,,ERROR_PROCESSING,,,
11037335,,ERROR_PROCESSING,,,
11236244,,ERROR_PROCESSING,,,
10068659,,ERROR_PROCESSING,,,
11133306,,ERROR_PROCESSING,,,
10489345,,ERROR_PROCESSING,,,
11611275,,ERROR_PROCESSING,,,
10157458,,ERROR_PROCESSING,,,
10329196,,ERROR_PROCESSING,,,
UNKNOWN,,SKIPPED_ID_UNKNOWN,,,
10386922,,ERROR_PROCESSING,,,
UNKNOWN,,SKIPPED_ID_UNKNOWN,,,
10585738,,ERROR_PROCESSING,,,
10453588,,ERROR_PROCESSING,,,
UNKNOWN,,SKIPPED_ID_UNKNOWN,,,
UNKNOWN,,SKIPPED_ID_UNKNOWN,,,
11600889,,ERROR_PROCESSING,,,
UNKNOWN,,SKIPPED_ID_UNKNOWN,,,
11401767,,ERROR_PROCESSING,,,
10189546,,ERROR_PROCESSING,,,
10657406,,ERROR_PROCESSING,,,
11285870,,ERROR_PROCESSING,,,
10028792,,ERROR_PROCESSING,,,
10748390,,ERROR_PROCESSING,,,
11075737,,ERROR_PROCESSING,,,
11651712,,ERROR_PROCESSING,,,
11497958,,ERROR_PROCESSING,,,
11359879,,ERROR_PROCESSING,,,
11298298,,ERROR_PROCESSING,,,
10984090,,ERROR_PROCESSING,,,
10010440,,ERROR_PROCESSING,,,
11442793,,ERROR_PROCESSING,,,
11179076,,ERROR_PROCESSING,,,
10617017,,ERROR_PROCESSING,,,
11187436,,ERROR_PROCESSING,,,
10615440,,ERROR_PROCESSING,,,
11461433,,ERROR_PROCESSING,,,
10454632,,ERROR_PROCESSING,,,
10212441,,ERROR_PROCESSING,,,
11080405,,ERROR_PROCESSING,,,
11090765,,ERROR_PROCESSING,,,
10989274,,ERROR_PROCESSING,,,
11288505,,ERROR_PROCESSING,,,
11080405,,ERROR_PROCESSING,,,
10136549,,ERROR_PROCESSING,,,
UNKNOWN,,SKIPPED_ID_UNKNOWN,,,
10453588,,ERROR_PROCESSING,,,
10875245,,ERROR_PROCESSING,,,
11069176,,ERROR_PROCESSING,,,
11401182,,ERROR_PROCESSING,,,
UNKNOWN,,SKIPPED_ID_UNKNOWN,,,
10002866,,ERROR_PROCESSING,,,
UNKNOWN,,SKIPPED_ID_UNKNOWN,,,
10810838,,ERROR_PROCESSING,,,
UNKNOWN,,SKIPPED_ID_UNKNOWN,,,
10964440,,ERROR_PROCESSING,,,
11133306,,ERROR_PROCESSING,,,
10089911,,ERROR_PROCESSING,,,
UNKNOWN,,SKIPPED_ID_UNKNOWN,,,
11611275,,ERROR_PROCESSING,,,
10213902,,ERROR_PROCESSING,,,
10657406,,ERROR_PROCESSING,,,
11037511,,ERROR_PROCESSING,,,
11512246,,ERROR_PROCESSING,,,
11337372,,ERROR_PROCESSING,,,
11153121,,ERROR_PROCESSING,,,
11153121,,ERROR_PROCESSING,,,
UNKNOWN,,SKIPPED_ID_UNKNOWN,,,
10525077,,ERROR_PROCESSING,,,
10468940,,ERROR_PROCESSING,,,
10027247,,ERROR_PROCESSING,,,
UNKNOWN,,SKIPPED_ID_UNKNOWN,,,
11122894,,ERROR_PROCESSING,,,
UNKNOWN,,SKIPPED_ID_UNKNOWN,,,
11361646,,ERROR_PROCESSING,,,
10854546,,ERROR_PROCESSING,,,
11361646,,ERROR_PROCESSING,,,
10538176,,ERROR_PROCESSING,,,
11499192,,ERROR_PROCESSING,,,
11611275,,ERROR_PROCESSING,,,
10714072,,ERROR_PROCESSING,,,
11125797,,ERROR_PROCESSING,,,
11336883,,ERROR_PROCESSING,,,
10213902,,ERROR_PROCESSING,,,
10686864,,ERROR_PROCESSING,,,
11403044,,ERROR_PROCESSING,,,
10157458,,ERROR_PROCESSING,,,
10055126,,ERROR_PROCESSING,,,
10925104,,ERROR_PROCESSING,,,
11565924,,ERROR_PROCESSING,,,
UNKNOWN,,SKIPPED_ID_UNKNOWN,,,
UNKNOWN,,SKIPPED_ID_UNKNOWN,,,
10026502,,ERROR_PROCESSING,,,
10005758,,ERROR_PROCESSING,,,
10141900,,ERROR_PROCESSING,,,
11403530,,ERROR_PROCESSING,,,
11560897,,ERROR_PROCESSING,,,
10122255,,ERROR_PROCESSING,,,
UNKNOWN,,SKIPPED_ID_UNKNOWN,,,
11337566,,ERROR_PROCESSING,,,
UNKNOWN,,SKIPPED_ID_UNKNOWN,,,
11014932,,ERROR_PROCESSING,,,
UNKNOWN,,SKIPPED_ID_UNKNOWN,,,
11621223,,ERROR_PROCESSING,,,
10583761,,ERROR_PROCESSING,,,
10289119,,ERROR_PROCESSING,,,
10358759,,ERROR_PROCESSING,,,
UNKNOWN,,SKIPPED_ID_UNKNOWN,,,
10460984,,ERROR_PROCESSING,,,
UNKNOWN,,SKIPPED_ID_UNKNOWN,,,
10158729,,ERROR_PROCESSING,,,
10418224,,ERROR_PROCESSING,,,
11509504,,ERROR_PROCESSING,,,
UNKNOWN,,SKIPPED_ID_UNKNOWN,,,
11565924,,ERROR_PROCESSING,,,
11403389,,ERROR_PROCESSING,,,
10329196,,ERROR_PROCESSING,,,
11391957,,ERROR_PROCESSING,,,
11074178,,ERROR_PROCESSING,,,
11444514,,ERROR_PROCESSING,,,
UNKNOWN,,SKIPPED_ID_UNKNOWN,,,
11560897,,ERROR_PROCESSING,,,
UNKNOWN,,SKIPPED_ID_UNKNOWN,,,
11401767,,ERROR_PROCESSING,,,
11014932,,ERROR_PROCESSING,,,
UNKNOWN,,SKIPPED_ID_UNKNOWN,,,
UNKNOWN,,SKIPPED_ID_UNKNOWN,,,
11187837,,ERROR_PROCESSING,,,
10723750,,ERROR_PROCESSING,,,
10513530,,ERROR_PROCESSING,,,
UNKNOWN,,SKIPPED_ID_UNKNOWN,,,
10730070,,ERROR_PROCESSING,,,
10593626,,ERROR_PROCESSING,,,
10019708,,ERROR_PROCESSING,,,
10593626,,ERROR_PROCESSING,,,
11446443,,ERROR_PROCESSING,,,
10591855,,ERROR_PROCESSING,,,
11611600,,ERROR_PROCESSING,,,
11121752,,ERROR_PROCESSING,,,
10777591,,ERROR_PROCESSING,,,
10005788,,ERROR_PROCESSING,,,
10068659,,ERROR_PROCESSING,,,
11360571,,ERROR_PROCESSING,,,
10272640,,ERROR_PROCESSING,,,
11509504,,ERROR_PROCESSING,,,
11019987,,ERROR_PROCESSING,,,
10350571,,ERROR_PROCESSING,,,
11308499,,ERROR_PROCESSING,,,
UNKNOWN,,SKIPPED_ID_UNKNOWN,,,
10002866,,ERROR_PROCESSING,,,
10795103,,ERROR_PROCESSING,,,
11027624,,ERROR_PROCESSING,,,
11455181,,ERROR_PROCESSING,,,
UNKNOWN,,SKIPPED_ID_UNKNOWN,,,
UNKNOWN,,SKIPPED_ID_UNKNOWN,,,
11177707,,ERROR_PROCESSING,,,
10089911,,ERROR_PROCESSING,,,
10709622,,ERROR_PROCESSING,,,
10615440,,ERROR_PROCESSING,,,
11179076,,ERROR_PROCESSING,,,
10010440,,ERROR_PROCESSING,,,
UNKNOWN,,SKIPPED_ID_UNKNOWN,,,
10028792,,ERROR_PROCESSING,,,
11129738,,ERROR_PROCESSING,,,
10545066,,ERROR_PROCESSING,,,
10136549,,ERROR_PROCESSING,,,
10593535,,ERROR_PROCESSING,,,
10271806,,ERROR_PROCESSING,,,
10212441,,ERROR_PROCESSING,,,
10454632,,ERROR_PROCESSING,,,
11461844,,ERROR_PROCESSING,,,
UNKNOWN,,SKIPPED_ID_UNKNOWN,,,
UNKNOWN,,SKIPPED_ID_UNKNOWN,,,
UNKNOWN,,SKIPPED_ID_UNKNOWN,,,
11414511,,ERROR_PROCESSING,,,
UNKNOWN,,SKIPPED_ID_UNKNOWN,,,
11461433,,ERROR_PROCESSING,,,
UNKNOWN,,SKIPPED_ID_UNKNOWN,,,
11134879,,ERROR_PROCESSING,,,
10854546,,ERROR_PROCESSING,,,
10468940,,ERROR_PROCESSING,,,
10055126,,ERROR_PROCESSING,,,
10854768,,ERROR_PROCESSING,,,
11508644,,ERROR_PROCESSING,,,
11508644,,ERROR_PROCESSING,,,
10080248,,ERROR_PROCESSING,,,
10080248,,ERROR_PROCESSING,,,
10714072,,ERROR_PROCESSING,,,
UNKNOWN,,SKIPPED_ID_UNKNOWN,,,
11037511,,ERROR_PROCESSING,,,
UNKNOWN,,SKIPPED_ID_UNKNOWN,,,
11032227,,ERROR_PROCESSING,,,
10554999,,ERROR_PROCESSING,,,
10153855,,ERROR_PROCESSING,,,
11253827,,ERROR_PROCESSING,,,
11450414,,ERROR_PROCESSING,,,
11512246,,ERROR_PROCESSING,,,
10019065,,ERROR_PROCESSING,,,
10019065,,ERROR_PROCESSING,,,
UNKNOWN,,SKIPPED_ID_UNKNOWN,,,
UNKNOWN,,SKIPPED_ID_UNKNOWN,,,
11342416,,ERROR_PROCESSING,,,
10973664,,ERROR_PROCESSING,,,
10426656,,ERROR_PROCESSING,,,
10264660,,ERROR_PROCESSING,,,
10730034,,ERROR_PROCESSING,,,
11402995,,ERROR_PROCESSING,,,
UNKNOWN,,SKIPPED_ID_UNKNOWN,,,
UNKNOWN,,SKIPPED_ID_UNKNOWN,,,
10872983,,ERROR_PROCESSING,,,
UNKNOWN,,SKIPPED_ID_UNKNOWN,,,
11348997,,ERROR_PROCESSING,,,
10526887,,ERROR_PROCESSING,,,
10718726,,ERROR_PROCESSING,,,
10586004,,ERROR_PROCESSING,,,
10526549,,ERROR_PROCESSING,,,
10141900,,ERROR_PROCESSING,,,
10471515,,ERROR_PROCESSING,,,
UNKNOWN,,SKIPPED_ID_UNKNOWN,,,
11127479,,ERROR_PROCESSING,,,
UNKNOWN,,SKIPPED_ID_UNKNOWN,,,
10717241,,ERROR_PROCESSING,,,
11126381,,ERROR_PROCESSING,,,
10000941,,ERROR_PROCESSING,,,
10000941,,ERROR_PROCESSING,,,
UNKNOWN,,SKIPPED_ID_UNKNOWN,,,
UNKNOWN,,SKIPPED_ID_UNKNOWN,,,
10653179,,ERROR_PROCESSING,,,
10329469,,ERROR_PROCESSING,,,
10730070,,ERROR_PROCESSING,,,
UNKNOWN,,SKIPPED_ID_UNKNOWN,,,
10513530,,ERROR_PROCESSING,,,
10264660,,ERROR_PROCESSING,,,
10730034,,ERROR_PROCESSING,,,
11401755,,ERROR_PROCESSING,,,
10063208,,ERROR_PROCESSING,,,
10973664,,ERROR_PROCESSING,,,
10843590,,ERROR_PROCESSING,,,
10843590,,ERROR_PROCESSING,,,
10337258,,ERROR_PROCESSING,,,
10350571,,ERROR_PROCESSING,,,
UNKNOWN,,SKIPPED_ID_UNKNOWN,,,
11019987,,ERROR_PROCESSING,,,
10004738,,ERROR_PROCESSING,,,
11086270,,ERROR_PROCESSING,,,
10526887,,ERROR_PROCESSING,,,
10777591,,ERROR_PROCESSING,,,
UNKNOWN,,SKIPPED_ID_UNKNOWN,,,
11611600,,ERROR_PROCESSING,,,
10005788,,ERROR_PROCESSING,,,
UNKNOWN,,SKIPPED_ID_UNKNOWN,,,
11356260,,ERROR_PROCESSING,,,
11074541,,ERROR_PROCESSING,,,
11444514,,ERROR_PROCESSING,,,
10904857,,ERROR_PROCESSING,,,
11460018,,ERROR_PROCESSING,,,
UNKNOWN,,SKIPPED_ID_UNKNOWN,,,
11415243,,ERROR_PROCESSING,,,
11391018,,ERROR_PROCESSING,,,
11027624,,ERROR_PROCESSING,,,
11027624,,ERROR_PROCESSING,,,
11125797,,ERROR_PROCESSING,,,
UNKNOWN,,SKIPPED_ID_UNKNOWN,,,
UNKNOWN,,SKIPPED_ID_UNKNOWN,,,
UNKNOWN,,SKIPPED_ID_UNKNOWN,,,
11015108,,ERROR_PROCESSING,,,
10779233,,ERROR_PROCESSING,,,
10880507,,ERROR_PROCESSING,,,
10213902,,ERROR_PROCESSING,,,
UNKNOWN,,SKIPPED_ID_UNKNOWN,,,
UNKNOWN,,SKIPPED_ID_UNKNOWN,,,
10468940,,ERROR_PROCESSING,,,
11507101,,ERROR_PROCESSING,,,
10982872,,ERROR_PROCESSING,,,
10973814,,ERROR_PROCESSING,,,
10098844,,ERROR_PROCESSING,,,
UNKNOWN,,SKIPPED_ID_UNKNOWN,,,
UNKNOWN,,SKIPPED_ID_UNKNOWN,,,
11153539,,ERROR_PROCESSING,,,
UNKNOWN,,SKIPPED_ID_UNKNOWN,,,
UNKNOWN,,SKIPPED_ID_UNKNOWN,,,
11611275,,ERROR_PROCESSING,,,
11450414,,ERROR_PROCESSING,,,
10123064,,ERROR_PROCESSING,,,
11253827,,ERROR_PROCESSING,,,
10157458,,ERROR_PROCESSING,,,
UNKNOWN,,SKIPPED_ID_UNKNOWN,,,
10464050,,ERROR_PROCESSING,,,
10585738,,ERROR_PROCESSING,,,
10468940,,ERROR_PROCESSING,,,
10080248,,ERROR_PROCESSING,,,
UNKNOWN,,SKIPPED_ID_UNKNOWN,,,
UNKNOWN,,SKIPPED_ID_UNKNOWN,,,
11508644,,ERROR_PROCESSING,,,
11600889,,ERROR_PROCESSING,,,
10353968,,ERROR_PROCESSING,,,
UNKNOWN,,SKIPPED_ID_UNKNOWN,,,
11177707,,ERROR_PROCESSING,,,
10709622,,ERROR_PROCESSING,,,
UNKNOWN,,SKIPPED_ID_UNKNOWN,,,
11046458,,ERROR_PROCESSING,,,
11449844,,ERROR_PROCESSING,,,
10271806,,ERROR_PROCESSING,,,
10593535,,ERROR_PROCESSING,,,
11651712,,ERROR_PROCESSING,,,
11461844,,ERROR_PROCESSING,,,
10657406,,ERROR_PROCESSING,,,
11360805,,ERROR_PROCESSING,,,
UNKNOWN,,SKIPPED_ID_UNKNOWN,,,
10329469,,ERROR_PROCESSING,,,
11611600,,ERROR_PROCESSING,,,
UNKNOWN,,SKIPPED_ID_UNKNOWN,,,
10397751,,ERROR_PROCESSING,,,
10019065,,ERROR_PROCESSING,,,
11509504,,ERROR_PROCESSING,,,
11389771,,ERROR_PROCESSING,,,
11019987,,ERROR_PROCESSING,,,
10730070,,ERROR_PROCESSING,,,
10264660,,ERROR_PROCESSING,,,
10730034,,ERROR_PROCESSING,,,
10684670,,ERROR_PROCESSING,,,
10973664,,ERROR_PROCESSING,,,
11402995,,ERROR_PROCESSING,,,
11402995,,ERROR_PROCESSING,,,
10718726,,ERROR_PROCESSING,,,
10266615,,ERROR_PROCESSING,,,
11356260,,ERROR_PROCESSING,,,
UNKNOWN,,SKIPPED_ID_UNKNOWN,,,
10454313,,ERROR_PROCESSING,,,
11565924,,ERROR_PROCESSING,,,
10057494,,ERROR_PROCESSING,,,
11126381,,ERROR_PROCESSING,,,
10000941,,ERROR_PROCESSING,,,
11560897,,ERROR_PROCESSING,,,
10528068,,ERROR_PROCESSING,,,
11444514,,ERROR_PROCESSING,,,
11127479,,ERROR_PROCESSING,,,
UNKNOWN,,SKIPPED_ID_UNKNOWN,,,
11401755,,ERROR_PROCESSING,,,
10526887,,ERROR_PROCESSING,,,
11401755,,ERROR_PROCESSING,,,
11611600,,ERROR_PROCESSING,,,
11342416,,ERROR_PROCESSING,,,
10662202,,ERROR_PROCESSING,,,
10525027,,ERROR_PROCESSING,,,
UNKNOWN,,SKIPPED_ID_UNKNOWN,,,
11493431,,ERROR_PROCESSING,,,
10730070,,ERROR_PROCESSING,,,
10001368,,ERROR_PROCESSING,,,
10843590,,ERROR_PROCESSING,,,
UNKNOWN,,SKIPPED_ID_UNKNOWN,,,
10904857,,ERROR_PROCESSING,,,
10328458,,ERROR_PROCESSING,,,
UNKNOWN,,SKIPPED_ID_UNKNOWN,,,
UNKNOWN,,SKIPPED_ID_UNKNOWN,,,
11192998,,ERROR_PROCESSING,,,
UNKNOWN,,SKIPPED_ID_UNKNOWN,,,
11014932,,ERROR_PROCESSING,,,
11403339,,ERROR_PROCESSING,,,
10395381,,ERROR_PROCESSING,,,
UNKNOWN,,SKIPPED_ID_UNKNOWN,,,
10330115,,ERROR_PROCESSING,,,
11547505,,ERROR_PROCESSING,,,
UNKNOWN,,SKIPPED_ID_UNKNOWN,,,
10864656,,ERROR_PROCESSING,,,
10879038,,ERROR_PROCESSING,,,
10984090,,ERROR_PROCESSING,,,
10984090,,ERROR_PROCESSING,,,
10136549,,ERROR_PROCESSING,,,
UNKNOWN,,SKIPPED_ID_UNKNOWN,,,
UNKNOWN,,SKIPPED_ID_UNKNOWN,,,
11512246,,ERROR_PROCESSING,,,
11253711,,ERROR_PROCESSING,,,
11461433,,ERROR_PROCESSING,,,
11153539,,ERROR_PROCESSING,,,
UNKNOWN,,SKIPPED_ID_UNKNOWN,,,
UNKNOWN,,SKIPPED_ID_UNKNOWN,,,
UNKNOWN,,SKIPPED_ID_UNKNOWN,,,
10010440,,ERROR_PROCESSING,,,
UNKNOWN,,SKIPPED_ID_UNKNOWN,,,
UNKNOWN,,SKIPPED_ID_UNKNOWN,,,
11080405,,ERROR_PROCESSING,,,
11453592,,ERROR_PROCESSING,,,
10973814,,ERROR_PROCESSING,,,
11401182,,ERROR_PROCESSING,,,
11401182,,ERROR_PROCESSING,,,
10213902,,ERROR_PROCESSING,,,
11015108,,ERROR_PROCESSING,,,
10027247,,ERROR_PROCESSING,,,
10055126,,ERROR_PROCESSING,,,
10714072,,ERROR_PROCESSING,,,
11125797,,ERROR_PROCESSING,,,
UNKNOWN,,SKIPPED_ID_UNKNOWN,,,
11298298,,ERROR_PROCESSING,,,
11507101,,ERROR_PROCESSING,,,
UNKNOWN,,SKIPPED_ID_UNKNOWN,,,
UNKNOWN,,SKIPPED_ID_UNKNOWN,,,
11497958,,ERROR_PROCESSING,,,
11100383,,ERROR_PROCESSING,,,
10964440,,ERROR_PROCESSING,,,
11601584,,ERROR_PROCESSING,,,
UNKNOWN,,SKIPPED_ID_UNKNOWN,,,
10189546,,ERROR_PROCESSING,,,
10136549,,ERROR_PROCESSING,,,
UNKNOWN,,SKIPPED_ID_UNKNOWN,,,
11461433,,ERROR_PROCESSING,,,
UNKNOWN,,SKIPPED_ID_UNKNOWN,,,
11512246,,ERROR_PROCESSING,,,
UNKNOWN,,SKIPPED_ID_UNKNOWN,,,
11442793,,ERROR_PROCESSING,,,
UNKNOWN,,SKIPPED_ID_UNKNOWN,,,
10617017,,ERROR_PROCESSING,,,
11153121,,ERROR_PROCESSING,,,
UNKNOWN,,SKIPPED_ID_UNKNOWN,,,
10010440,,ERROR_PROCESSING,,,
11337372,,ERROR_PROCESSING,,,
UNKNOWN,,SKIPPED_ID_UNKNOWN,,,
10905911,,ERROR_PROCESSING,,,
11179076,,ERROR_PROCESSING,,,
10657406,,ERROR_PROCESSING,,,
11651712,,ERROR_PROCESSING,,,
UNKNOWN,,SKIPPED_ID_UNKNOWN,,,
10989274,,ERROR_PROCESSING,,,
UNKNOWN,,SKIPPED_ID_UNKNOWN,,,
11449844,,ERROR_PROCESSING,,,
11090765,,ERROR_PROCESSING,,,
10332883,,ERROR_PROCESSING,,,
11361646,,ERROR_PROCESSING,,,
10055126,,ERROR_PROCESSING,,,
10157458,,ERROR_PROCESSING,,,
UNKNOWN,,SKIPPED_ID_UNKNOWN,,,
11069176,,ERROR_PROCESSING,,,
11611275,,ERROR_PROCESSING,,,
UNKNOWN,,SKIPPED_ID_UNKNOWN,,,
10468885,,ERROR_PROCESSING,,,
11074835,,ERROR_PROCESSING,,,
10714072,,ERROR_PROCESSING,,,
UNKNOWN,,SKIPPED_ID_UNKNOWN,,,
10908248,,ERROR_PROCESSING,,,
UNKNOWN,,SKIPPED_ID_UNKNOWN,,,
UNKNOWN,,SKIPPED_ID_UNKNOWN,,,
UNKNOWN,,SKIPPED_ID_UNKNOWN,,,
11037335,,ERROR_PROCESSING,,,
11295426,,ERROR_PROCESSING,,,
UNKNOWN,,SKIPPED_ID_UNKNOWN,,,
10925104,,ERROR_PROCESSING,,,
10925104,,ERROR_PROCESSING,,,
10026502,,ERROR_PROCESSING,,,
10585852,,ERROR_PROCESSING,,,
10026502,,ERROR_PROCESSING,,,
10166274,,ERROR_PROCESSING,,,
11401767,,ERROR_PROCESSING,,,
11560897,,ERROR_PROCESSING,,,
11457726,,ERROR_PROCESSING,,,
UNKNOWN,,SKIPPED_ID_UNKNOWN,,,
10141900,,ERROR_PROCESSING,,,
11565924,,ERROR_PROCESSING,,,
11509504,,ERROR_PROCESSING,,,
UNKNOWN,,SKIPPED_ID_UNKNOWN,,,
10289119,,ERROR_PROCESSING,,,
10289119,,ERROR_PROCESSING,,,
10777591,,ERROR_PROCESSING,,,
10489345,,ERROR_PROCESSING,,,
10122255,,ERROR_PROCESSING,,,
10973664,,ERROR_PROCESSING,,,
10730034,,ERROR_PROCESSING,,,
10264660,,ERROR_PROCESSING,,,
UNKNOWN,,SKIPPED_ID_UNKNOWN,,,
11074178,,ERROR_PROCESSING,,,
11308499,,ERROR_PROCESSING,,,
11192998,,ERROR_PROCESSING,,,
11014932,,ERROR_PROCESSING,,,
10005758,,ERROR_PROCESSING,,,
UNKNOWN,,SKIPPED_ID_UNKNOWN,,,
UNKNOWN,,SKIPPED_ID_UNKNOWN,,,
10933561,,ERROR_PROCESSING,,,
10329196,,ERROR_PROCESSING,,,
10713616,,ERROR_PROCESSING,,,
10329196,,ERROR_PROCESSING,,,
10591855,,ERROR_PROCESSING,,,
10330115,,ERROR_PROCESSING,,,
UNKNOWN,,SKIPPED_ID_UNKNOWN,,,
10141900,,ERROR_PROCESSING,,,
10350571,,ERROR_PROCESSING,,,
10593626,,ERROR_PROCESSING,,,
11621223,,ERROR_PROCESSING,,,
UNKNOWN,,SKIPPED_ID_UNKNOWN,,,
10583761,,ERROR_PROCESSING,,,
10407482,,ERROR_PROCESSING,,,
UNKNOWN,,SKIPPED_ID_UNKNOWN,,,
10526887,,ERROR_PROCESSING,,,
10777591,,ERROR_PROCESSING,,,
10358759,,ERROR_PROCESSING,,,
10460984,,ERROR_PROCESSING,,,
UNKNOWN,,SKIPPED_ID_UNKNOWN,,,
10874614,,ERROR_PROCESSING,,,
UNKNOWN,,SKIPPED_ID_UNKNOWN,,,
11403389,,ERROR_PROCESSING,,,
10068659,,ERROR_PROCESSING,,,
10272640,,ERROR_PROCESSING,,,
10272640,,ERROR_PROCESSING,,,
10068659,,ERROR_PROCESSING,,,
10418224,,ERROR_PROCESSING,,,
UNKNOWN,,SKIPPED_ID_UNKNOWN,,,
UNKNOWN,,SKIPPED_ID_UNKNOWN,,,
11449844,,ERROR_PROCESSING,,,
10329469,,ERROR_PROCESSING,,,
10265898,,ERROR_PROCESSING,,,
11074541,,ERROR_PROCESSING,,,
10858691,,ERROR_PROCESSING,,,
11415243,,ERROR_PROCESSING,,,
UNKNOWN,,SKIPPED_ID_UNKNOWN,,,
11018648,,ERROR_PROCESSING,,,
UNKNOWN,,SKIPPED_ID_UNKNOWN,,,
11337833,,ERROR_PROCESSING,,,
10004738,,ERROR_PROCESSING,,,
11127479,,ERROR_PROCESSING,,,
UNKNOWN,,SKIPPED_ID_UNKNOWN,,,
11547513,,ERROR_PROCESSING,,,
UNKNOWN,,SKIPPED_ID_UNKNOWN,,,
11356260,,ERROR_PROCESSING,,,
UNKNOWN,,SKIPPED_ID_UNKNOWN,,,
10266615,,ERROR_PROCESSING,,,
11623629,,ERROR_PROCESSING,,,
10063208,,ERROR_PROCESSING,,,
10858832,,ERROR_PROCESSING,,,
11460018,,ERROR_PROCESSING,,,
11622600,,ERROR_PROCESSING,,,
10454313,,ERROR_PROCESSING,,,
11037511,,ERROR_PROCESSING,,,
11450414,,ERROR_PROCESSING,,,
10990886,,ERROR_PROCESSING,,,
10057494,,ERROR_PROCESSING,,,
10337258,,ERROR_PROCESSING,,,
11253827,,ERROR_PROCESSING,,,
10604335,,ERROR_PROCESSING,,,
11073351,,ERROR_PROCESSING,,,
UNKNOWN,,SKIPPED_ID_UNKNOWN,,,
10526549,,ERROR_PROCESSING,,,
11342416,,ERROR_PROCESSING,,,
10600955,,ERROR_PROCESSING,,,
UNKNOWN,,SKIPPED_ID_UNKNOWN,,,
10990917,,ERROR_PROCESSING,,,
11153539,,ERROR_PROCESSING,,,
10002866,,ERROR_PROCESSING,,,
10586004,,ERROR_PROCESSING,,,
UNKNOWN,,SKIPPED_ID_UNKNOWN,,,
10905239,,ERROR_PROCESSING,,,
10905239,,ERROR_PROCESSING,,,
10717241,,ERROR_PROCESSING,,,
11244137,,ERROR_PROCESSING,,,
UNKNOWN,,SKIPPED_ID_UNKNOWN,,,
11460462,,ERROR_PROCESSING,,,
11497977,,ERROR_PROCESSING,,,
11283615,,ERROR_PROCESSING,,,
10858832,,ERROR_PROCESSING,,,
10426656,,ERROR_PROCESSING,,,
UNKNOWN,,SKIPPED_ID_UNKNOWN,,,
10663396,,ERROR_PROCESSING,,,
UNKNOWN,,SKIPPED_ID_UNKNOWN,,,
11507101,,ERROR_PROCESSING,,,
11298298,,ERROR_PROCESSING,,,
10471515,,ERROR_PROCESSING,,,
10384798,,ERROR_PROCESSING,,,
11086270,,ERROR_PROCESSING,,,
11086270,,ERROR_PROCESSING,,,
10854555,,ERROR_PROCESSING,,,
UNKNOWN,,SKIPPED_ID_UNKNOWN,,,
11656721,,ERROR_PROCESSING,,,
10616679,,ERROR_PROCESSING,,,
10187017,,ERROR_PROCESSING,,,
10212441,,ERROR_PROCESSING,,,
10454632,,ERROR_PROCESSING,,,
11015108,,ERROR_PROCESSING,,,
10330115,,ERROR_PROCESSING,,,
11498128,,ERROR_PROCESSING,,,
10924562,,ERROR_PROCESSING,,,
11288051,,ERROR_PROCESSING,,,
10982872,,ERROR_PROCESSING,,,
11032227,,ERROR_PROCESSING,,,
10904857,,ERROR_PROCESSING,,,
10987985,,ERROR_PROCESSING,,,
UNKNOWN,,SKIPPED_ID_UNKNOWN,,,
10190777,,ERROR_PROCESSING,,,
11304958,,ERROR_PROCESSING,,,
11304958,,ERROR_PROCESSING,,,
UNKNOWN,,SKIPPED_ID_UNKNOWN,,,
10545066,,ERROR_PROCESSING,,,
10064256,,ERROR_PROCESSING,,,
11075429,,ERROR_PROCESSING,,,
UNKNOWN,,SKIPPED_ID_UNKNOWN,,,
UNKNOWN,,SKIPPED_ID_UNKNOWN,,,
10464050,,ERROR_PROCESSING,,,
10924562,,ERROR_PROCESSING,,,
10873260,,ERROR_PROCESSING,,,
11177707,,ERROR_PROCESSING,,,
UNKNOWN,,SKIPPED_ID_UNKNOWN,,,
11455181,,ERROR_PROCESSING,,,
10795103,,ERROR_PROCESSING,,,
UNKNOWN,,SKIPPED_ID_UNKNOWN,,,
10709622,,ERROR_PROCESSING,,,
11129738,,ERROR_PROCESSING,,,
UNKNOWN,,SKIPPED_ID_UNKNOWN,,,
10122255,,ERROR_PROCESSING,,,
10656823,,ERROR_PROCESSING,,,
11461844,,ERROR_PROCESSING,,,
10656823,,ERROR_PROCESSING,,,
11125613,,ERROR_PROCESSING,,,
10593535,,ERROR_PROCESSING,,,
UNKNOWN,,SKIPPED_ID_UNKNOWN,,,
11360805,,ERROR_PROCESSING,,,
11622600,,ERROR_PROCESSING,,,
10019708,,ERROR_PROCESSING,,,
10019643,,ERROR_PROCESSING,,,
UNKNOWN,,SKIPPED_ID_UNKNOWN,,,
11187837,,ERROR_PROCESSING,,,
11623629,,ERROR_PROCESSING,,,
11572193,,ERROR_PROCESSING,,,
UNKNOWN,,SKIPPED_ID_UNKNOWN,,,
11253827,,ERROR_PROCESSING,,,
UNKNOWN,,SKIPPED_ID_UNKNOWN,,,
10670119,,ERROR_PROCESSING,,,
10670119,,ERROR_PROCESSING,,,
11450414,,ERROR_PROCESSING,,,
11177676,,ERROR_PROCESSING,,,
10854546,,ERROR_PROCESSING,,,
10001893,,ERROR_PROCESSING,,,
UNKNOWN,,SKIPPED_ID_UNKNOWN,,,
UNKNOWN,,SKIPPED_ID_UNKNOWN,,,
UNKNOWN,,SKIPPED_ID_UNKNOWN,,,
UNKNOWN,,SKIPPED_ID_UNKNOWN,,,
10585852,,ERROR_PROCESSING,,,
11360571,,ERROR_PROCESSING,,,
11414465,,ERROR_PROCESSING,,,
11358389,,ERROR_PROCESSING,,,
11298298,,ERROR_PROCESSING,,,
10593626,,ERROR_PROCESSING,,,
11403530,,ERROR_PROCESSING,,,
10019643,,ERROR_PROCESSING,,,
UNKNOWN,,SKIPPED_ID_UNKNOWN,,,
UNKNOWN,,SKIPPED_ID_UNKNOWN,,,
10187017,,ERROR_PROCESSING,,,
UNKNOWN,,SKIPPED_ID_UNKNOWN,,,
UNKNOWN,,SKIPPED_ID_UNKNOWN,,,
10854555,,ERROR_PROCESSING,,,
UNKNOWN,,SKIPPED_ID_UNKNOWN,,,
10933561,,ERROR_PROCESSING,,,
10973814,,ERROR_PROCESSING,,,
10600955,,ERROR_PROCESSING,,,
11043167,,ERROR_PROCESSING,,,
10460984,,ERROR_PROCESSING,,,
11283615,,ERROR_PROCESSING,,,
10094670,,ERROR_PROCESSING,,,
UNKNOWN,,SKIPPED_ID_UNKNOWN,,,
10717220,,ERROR_PROCESSING,,,
11497977,,ERROR_PROCESSING,,,
11460462,,ERROR_PROCESSING,,,
UNKNOWN,,SKIPPED_ID_UNKNOWN,,,
11337566,,ERROR_PROCESSING,,,
10586208,,ERROR_PROCESSING,,,
11244137,,ERROR_PROCESSING,,,
10904857,,ERROR_PROCESSING,,,
UNKNOWN,,SKIPPED_ID_UNKNOWN,,,
11499192,,ERROR_PROCESSING,,,
10386922,,ERROR_PROCESSING,,,
10744335,,ERROR_PROCESSING,,,
UNKNOWN,,SKIPPED_ID_UNKNOWN,,,
10744335,,ERROR_PROCESSING,,,
10910878,,ERROR_PROCESSING,,,
10686864,,ERROR_PROCESSING,,,
10190777,,ERROR_PROCESSING,,,
11193263,,ERROR_PROCESSING,,,
10864531,,ERROR_PROCESSING,,,
UNKNOWN,,SKIPPED_ID_UNKNOWN,,,
10864531,,ERROR_PROCESSING,,,
10669994,,ERROR_PROCESSING,,,
11502867,,ERROR_PROCESSING,,,
UNKNOWN,,SKIPPED_ID_UNKNOWN,,,
10513530,,ERROR_PROCESSING,,,
11192998,,ERROR_PROCESSING,,,
10328393,,ERROR_PROCESSING,,,
10005788,,ERROR_PROCESSING,,,
11336883,,ERROR_PROCESSING,,,
10290666,,ERROR_PROCESSING,,,
UNKNOWN,,SKIPPED_ID_UNKNOWN,,,
10722485,,ERROR_PROCESSING,,,
10722485,,ERROR_PROCESSING,,,
10875245,,ERROR_PROCESSING,,,
10122255,,ERROR_PROCESSING,,,
10189546,,ERROR_PROCESSING,,,
UNKNOWN,,SKIPPED_ID_UNKNOWN,,,
11187436,,ERROR_PROCESSING,,,
UNKNOWN,,SKIPPED_ID_UNKNOWN,,,
UNKNOWN,,SKIPPED_ID_UNKNOWN,,,
10453588,,ERROR_PROCESSING,,,
10187159,,ERROR_PROCESSING,,,
10386922,,ERROR_PROCESSING,,,
UNKNOWN,,SKIPPED_ID_UNKNOWN,,,
10020423,,ERROR_PROCESSING,,,
11133306,,ERROR_PROCESSING,,,
10020423,,ERROR_PROCESSING,,,
11125613,,ERROR_PROCESSING,,,
UNKNOWN,,SKIPPED_ID_UNKNOWN,,,
10934674,,ERROR_PROCESSING,,,
11359879,,ERROR_PROCESSING,,,
10468885,,ERROR_PROCESSING,,,
11502867,,ERROR_PROCESSING,,,
11075737,,ERROR_PROCESSING,,,
10748390,,ERROR_PROCESSING,,,
UNKNOWN,,SKIPPED_ID_UNKNOWN,,,
10328393,,ERROR_PROCESSING,,,
10813132,,ERROR_PROCESSING,,,
UNKNOWN,,SKIPPED_ID_UNKNOWN,,,
UNKNOWN,,SKIPPED_ID_UNKNOWN,,,
10005758,,ERROR_PROCESSING,,,
11403530,,ERROR_PROCESSING,,,
11572193,,ERROR_PROCESSING,,,
10407482,,ERROR_PROCESSING,,,
11572193,,ERROR_PROCESSING,,,
10187017,,ERROR_PROCESSING,,,
UNKNOWN,,SKIPPED_ID_UNKNOWN,,,
10670119,,ERROR_PROCESSING,,,
10329835,,ERROR_PROCESSING,,,
UNKNOWN,,SKIPPED_ID_UNKNOWN,,,
10004519,,ERROR_PROCESSING,,,
11623629,,ERROR_PROCESSING,,,
UNKNOWN,,SKIPPED_ID_UNKNOWN,,,
10874614,,ERROR_PROCESSING,,,
10682541,,ERROR_PROCESSING,,,
10019643,,ERROR_PROCESSING,,,
10854546,,ERROR_PROCESSING,,,
10585852,,ERROR_PROCESSING,,,
10713616,,ERROR_PROCESSING,,,
UNKNOWN,,SKIPPED_ID_UNKNOWN,,,
10001893,,ERROR_PROCESSING,,,
10001893,,ERROR_PROCESSING,,,
11621223,,ERROR_PROCESSING,,,
10583761,,ERROR_PROCESSING,,,
10153855,,ERROR_PROCESSING,,,
10905746,,ERROR_PROCESSING,,,
10554999,,ERROR_PROCESSING,,,
UNKNOWN,,SKIPPED_ID_UNKNOWN,,,
UNKNOWN,,SKIPPED_ID_UNKNOWN,,,
UNKNOWN,,SKIPPED_ID_UNKNOWN,,,
10586208,,ERROR_PROCESSING,,,
UNKNOWN,,SKIPPED_ID_UNKNOWN,,,
10089911,,ERROR_PROCESSING,,,
11358389,,ERROR_PROCESSING,,,
UNKNOWN,,SKIPPED_ID_UNKNOWN,,,
UNKNOWN,,SKIPPED_ID_UNKNOWN,,,
11358389,,ERROR_PROCESSING,,,
UNKNOWN,,SKIPPED_ID_UNKNOWN,,,
10187017,,ERROR_PROCESSING,,,
11401767,,ERROR_PROCESSING,,,
10858832,,ERROR_PROCESSING,,,
11623629,,ERROR_PROCESSING,,,
11499228,,ERROR_PROCESSING,,,
10973814,,ERROR_PROCESSING,,,
10810838,,ERROR_PROCESSING,,,
10933561,,ERROR_PROCESSING,,,
UNKNOWN,,SKIPPED_ID_UNKNOWN,,,
UNKNOWN,,SKIPPED_ID_UNKNOWN,,,
10933561,,ERROR_PROCESSING,,,
10329196,,ERROR_PROCESSING,,,
UNKNOWN,,SKIPPED_ID_UNKNOWN,,,
11043167,,ERROR_PROCESSING,,,
11295426,,ERROR_PROCESSING,,,
11360571,,ERROR_PROCESSING,,,
UNKNOWN,,SKIPPED_ID_UNKNOWN,,,
10615440,,ERROR_PROCESSING,,,
UNKNOWN,,SKIPPED_ID_UNKNOWN,,,
11177676,,ERROR_PROCESSING,,,
11457726,,ERROR_PROCESSING,,,
10166274,,ERROR_PROCESSING,,,
10744335,,ERROR_PROCESSING,,,
11074835,,ERROR_PROCESSING,,,
10005788,,ERROR_PROCESSING,,,
11284772,,ERROR_PROCESSING,,,
11442793,,ERROR_PROCESSING,,,
11308499,,ERROR_PROCESSING,,,
11187436,,ERROR_PROCESSING,,,
11192998,,ERROR_PROCESSING,,,
UNKNOWN,,SKIPPED_ID_UNKNOWN,,,
10513530,,ERROR_PROCESSING,,,
10386922,,ERROR_PROCESSING,,,
11090765,,ERROR_PROCESSING,,,
10591855,,ERROR_PROCESSING,,,
10908248,,ERROR_PROCESSING,,,
10924562,,ERROR_PROCESSING,,,
UNKNOWN,,SKIPPED_ID_UNKNOWN,,,
11394027,,ERROR_PROCESSING,,,
UNKNOWN,,SKIPPED_ID_UNKNOWN,,,
10468885,,ERROR_PROCESSING,,,
10984090,,ERROR_PROCESSING,,,
10328393,,ERROR_PROCESSING,,,
11069176,,ERROR_PROCESSING,,,
10864531,,ERROR_PROCESSING,,,
11495458,,ERROR_PROCESSING,,,
11502867,,ERROR_PROCESSING,,,
10813132,,ERROR_PROCESSING,,,
11403389,,ERROR_PROCESSING,,,
10332883,,ERROR_PROCESSING,,,
UNKNOWN,,SKIPPED_ID_UNKNOWN,,,
11075429,,ERROR_PROCESSING,,,
10934674,,ERROR_PROCESSING,,,
10187159,,ERROR_PROCESSING,,,
10187159,,ERROR_PROCESSING,,,
UNKNOWN,,SKIPPED_ID_UNKNOWN,,,
10722485,,ERROR_PROCESSING,,,
10531955,,ERROR_PROCESSING,,,
UNKNOWN,,SKIPPED_ID_UNKNOWN,,,
UNKNOWN,,SKIPPED_ID_UNKNOWN,,,
11100383,,ERROR_PROCESSING,,,
10020423,,ERROR_PROCESSING,,,
UNKNOWN,,SKIPPED_ID_UNKNOWN,,,
11253711,,ERROR_PROCESSING,,,
10318874,,ERROR_PROCESSING,,,
UNKNOWN,,SKIPPED_ID_UNKNOWN,,,
UNKNOWN,,SKIPPED_ID_UNKNOWN,,,
11403044,,ERROR_PROCESSING,,,
UNKNOWN,,SKIPPED_ID_UNKNOWN,,,
UNKNOWN,,SKIPPED_ID_UNKNOWN,,,
10290666,,ERROR_PROCESSING,,,
11336883,,ERROR_PROCESSING,,,
11569782,,ERROR_PROCESSING,,,
11283615,,ERROR_PROCESSING,,,
10153855,,ERROR_PROCESSING,,,
11460462,,ERROR_PROCESSING,,,
11497977,,ERROR_PROCESSING,,,
10265898,,ERROR_PROCESSING,,,
10858691,,ERROR_PROCESSING,,,
10265898,,ERROR_PROCESSING,,,
10858691,,ERROR_PROCESSING,,,
UNKNOWN,,SKIPPED_ID_UNKNOWN,,,
11244137,,ERROR_PROCESSING,,,
11194032,,ERROR_PROCESSING,,,
11017901,,ERROR_PROCESSING,,,
10864656,,ERROR_PROCESSING,,,
11037511,,ERROR_PROCESSING,,,
10879038,,ERROR_PROCESSING,,,
10554999,,ERROR_PROCESSING,,,
11018648,,ERROR_PROCESSING,,,
10965008,,ERROR_PROCESSING,,,
11547505,,ERROR_PROCESSING,,,
10600955,,ERROR_PROCESSING,,,
10905746,,ERROR_PROCESSING,,,
UNKNOWN,,SKIPPED_ID_UNKNOWN,,,
11337833,,ERROR_PROCESSING,,,
10662202,,ERROR_PROCESSING,,,
10854555,,ERROR_PROCESSING,,,
10471515,,ERROR_PROCESSING,,,
10019643,,ERROR_PROCESSING,,,
UNKNOWN,,SKIPPED_ID_UNKNOWN,,,
11622600,,ERROR_PROCESSING,,,
11073351,,ERROR_PROCESSING,,,
UNKNOWN,,SKIPPED_ID_UNKNOWN,,,
11449844,,ERROR_PROCESSING,,,
UNKNOWN,,SKIPPED_ID_UNKNOWN,,,
10525027,,ERROR_PROCESSING,,,
11043167,,ERROR_PROCESSING,,,
UNKNOWN,,SKIPPED_ID_UNKNOWN,,,
10454632,,ERROR_PROCESSING,,,
UNKNOWN,,SKIPPED_ID_UNKNOWN,,,
10212441,,ERROR_PROCESSING,,,
11015108,,ERROR_PROCESSING,,,
UNKNOWN,,SKIPPED_ID_UNKNOWN,,,
11460462,,ERROR_PROCESSING,,,
10905239,,ERROR_PROCESSING,,,
UNKNOWN,,SKIPPED_ID_UNKNOWN,,,
11244137,,ERROR_PROCESSING,,,
11507101,,ERROR_PROCESSING,,,
10528068,,ERROR_PROCESSING,,,
11177676,,ERROR_PROCESSING,,,
10600955,,ERROR_PROCESSING,,,
10004738,,ERROR_PROCESSING,,,
10028792,,ERROR_PROCESSING,,,
10663396,,ERROR_PROCESSING,,,
UNKNOWN,,SKIPPED_ID_UNKNOWN,,,
10266615,,ERROR_PROCESSING,,,
10881457,,ERROR_PROCESSING,,,
10854555,,ERROR_PROCESSING,,,
11401755,,ERROR_PROCESSING,,,
10397751,,ERROR_PROCESSING,,,
11460018,,ERROR_PROCESSING,,,
10454313,,ERROR_PROCESSING,,,
10002866,,ERROR_PROCESSING,,,
11656721,,ERROR_PROCESSING,,,
10810838,,ERROR_PROCESSING,,,
11656721,,ERROR_PROCESSING,,,
UNKNOWN,,SKIPPED_ID_UNKNOWN,,,
11622600,,ERROR_PROCESSING,,,
UNKNOWN,,SKIPPED_ID_UNKNOWN,,,
10057494,,ERROR_PROCESSING,,,
UNKNOWN,,SKIPPED_ID_UNKNOWN,,,
10990886,,ERROR_PROCESSING,,,
UNKNOWN,,SKIPPED_ID_UNKNOWN,,,
11086270,,ERROR_PROCESSING,,,
10018233,,ERROR_PROCESSING,,,
10858832,,ERROR_PROCESSING,,,
10684670,,ERROR_PROCESSING,,,
10328393,,ERROR_PROCESSING,,,
11046458,,ERROR_PROCESSING,,,
10924562,,ERROR_PROCESSING,,,
UNKNOWN,,SKIPPED_ID_UNKNOWN,,,
11075429,,ERROR_PROCESSING,,,
10464050,,ERROR_PROCESSING,,,
11176127,,ERROR_PROCESSING,,,
11502867,,ERROR_PROCESSING,,,
11403389,,ERROR_PROCESSING,,,
11288051,,ERROR_PROCESSING,,,
11308499,,ERROR_PROCESSING,,,
11129738,,ERROR_PROCESSING,,,
11125613,,ERROR_PROCESSING,,,
11027624,,ERROR_PROCESSING,,,
10190777,,ERROR_PROCESSING,,,
11304958,,ERROR_PROCESSING,,,
11600889,,ERROR_PROCESSING,,,
UNKNOWN,,SKIPPED_ID_UNKNOWN,,,
10271806,,ERROR_PROCESSING,,,
10353968,,ERROR_PROCESSING,,,
10591855,,ERROR_PROCESSING,,,
10585738,,ERROR_PROCESSING,,,
10330115,,ERROR_PROCESSING,,,
10386922,,ERROR_PROCESSING,,,
11360805,,ERROR_PROCESSING,,,
10873260,,ERROR_PROCESSING,,,
10873260,,ERROR_PROCESSING,,,
UNKNOWN,,SKIPPED_ID_UNKNOWN,,,
UNKNOWN,,SKIPPED_ID_UNKNOWN,,,
UNKNOWN,,SKIPPED_ID_UNKNOWN,,,
UNKNOWN,,SKIPPED_ID_UNKNOWN,,,
UNKNOWN,,SKIPPED_ID_UNKNOWN,,,
10880507,,ERROR_PROCESSING,,,
10982872,,ERROR_PROCESSING,,,
11236244,,ERROR_PROCESSING,,,
11032227,,ERROR_PROCESSING,,,
10190777,,ERROR_PROCESSING,,,
10934674,,ERROR_PROCESSING,,,
UNKNOWN,,SKIPPED_ID_UNKNOWN,,,
10863608,,ERROR_PROCESSING,,,
10987985,,ERROR_PROCESSING,,,
UNKNOWN,,SKIPPED_ID_UNKNOWN,,,
10656823,,ERROR_PROCESSING,,,
11129738,,ERROR_PROCESSING,,,
11444514,,ERROR_PROCESSING,,,
UNKNOWN,,SKIPPED_ID_UNKNOWN,,,
11127479,,ERROR_PROCESSING,,,
10329196,,ERROR_PROCESSING,,,
10000941,,ERROR_PROCESSING,,,
10386984,,ERROR_PROCESSING,,,
11126381,,ERROR_PROCESSING,,,
UNKNOWN,,SKIPPED_ID_UNKNOWN,,,
10585738,,ERROR_PROCESSING,,,
UNKNOWN,,SKIPPED_ID_UNKNOWN,,,
UNKNOWN,,SKIPPED_ID_UNKNOWN,,,
UNKNOWN,,SKIPPED_ID_UNKNOWN,,,
UNKNOWN,,SKIPPED_ID_UNKNOWN,,,
11600889,,ERROR_PROCESSING,,,
10063802,,ERROR_PROCESSING,,,
11177707,,ERROR_PROCESSING,,,
10709622,,ERROR_PROCESSING,,,
10795103,,ERROR_PROCESSING,,,
10843590,,ERROR_PROCESSING,,,
11455181,,ERROR_PROCESSING,,,
10577994,,ERROR_PROCESSING,,,
10526887,,ERROR_PROCESSING,,,
11401755,,ERROR_PROCESSING,,,
10526887,,ERROR_PROCESSING,,,
10024701,,ERROR_PROCESSING,,,
10022908,,ERROR_PROCESSING,,,
10730070,,ERROR_PROCESSING,,,
10545066,,ERROR_PROCESSING,,,
10593535,,ERROR_PROCESSING,,,
10019065,,ERROR_PROCESSING,,,
11019987,,ERROR_PROCESSING,,,
11461844,,ERROR_PROCESSING,,,
10130039,,ERROR_PROCESSING,,,
10068659,,ERROR_PROCESSING,,,
10272640,,ERROR_PROCESSING,,,
11611600,,ERROR_PROCESSING,,,
10619192,,ERROR_PROCESSING,,,
11032227,,ERROR_PROCESSING,,,
11455428,,ERROR_PROCESSING,,,
10000941,,ERROR_PROCESSING,,,
10026502,,ERROR_PROCESSING,,,
10925104,,ERROR_PROCESSING,,,
10027323,,ERROR_PROCESSING,,,
11259686,,ERROR_PROCESSING,,,
UNKNOWN,,SKIPPED_ID_UNKNOWN,,,
UNKNOWN,,SKIPPED_ID_UNKNOWN,,,
UNKNOWN,,SKIPPED_ID_UNKNOWN,,,
10006581,,ERROR_PROCESSING,,,
10987985,,ERROR_PROCESSING,,,
10289119,,ERROR_PROCESSING,,,
10843590,,ERROR_PROCESSING,,,
UNKNOWN,,SKIPPED_ID_UNKNOWN,,,
11554435,,ERROR_PROCESSING,,,
11402995,,ERROR_PROCESSING,,,
10019065,,ERROR_PROCESSING,,,
10264660,,ERROR_PROCESSING,,,
10730034,,ERROR_PROCESSING,,,
10666592,,ERROR_PROCESSING,,,
10730034,,ERROR_PROCESSING,,,
10264660,,ERROR_PROCESSING,,,
10973664,,ERROR_PROCESSING,,,
10973664,,ERROR_PROCESSING,,,
11342416,,ERROR_PROCESSING,,,
10526549,,ERROR_PROCESSING,,,
10471515,,ERROR_PROCESSING,,,
10586004,,ERROR_PROCESSING,,,
10154388,,ERROR_PROCESSING,,,
10337517,,ERROR_PROCESSING,,,
10525027,,ERROR_PROCESSING,,,
10717241,,ERROR_PROCESSING,,,
UNKNOWN,,SKIPPED_ID_UNKNOWN,,,
UNKNOWN,,SKIPPED_ID_UNKNOWN,,,
11015323,,ERROR_PROCESSING,,,
10916600,,ERROR_PROCESSING,,,
UNKNOWN,,SKIPPED_ID_UNKNOWN,,,
11508644,,ERROR_PROCESSING,,,
UNKNOWN,,SKIPPED_ID_UNKNOWN,,,
UNKNOWN,,SKIPPED_ID_UNKNOWN,,,
10080248,,ERROR_PROCESSING,,,
10468940,,ERROR_PROCESSING,,,
UNKNOWN,,SKIPPED_ID_UNKNOWN,,,
UNKNOWN,,SKIPPED_ID_UNKNOWN,,,
UNKNOWN,,SKIPPED_ID_UNKNOWN,,,
10864656,,ERROR_PROCESSING,,,
10879038,,ERROR_PROCESSING,,,
10024051,,ERROR_PROCESSING,,,
10329469,,ERROR_PROCESSING,,,
10984090,,ERROR_PROCESSING,,,
11460018,,ERROR_PROCESSING,,,
11074541,,ERROR_PROCESSING,,,
10063208,,ERROR_PROCESSING,,,
11075429,,ERROR_PROCESSING,,,
UNKNOWN,,SKIPPED_ID_UNKNOWN,,,
10404582,,ERROR_PROCESSING,,,
10684670,,ERROR_PROCESSING,,,
UNKNOWN,,SKIPPED_ID_UNKNOWN,,,
11612280,,ERROR_PROCESSING,,,
UNKNOWN,,SKIPPED_ID_UNKNOWN,,,
10990886,,ERROR_PROCESSING,,,
11650401,,ERROR_PROCESSING,,,
11453592,,ERROR_PROCESSING,,,
11508644,,ERROR_PROCESSING,,,
UNKNOWN,,SKIPPED_ID_UNKNOWN,,,
UNKNOWN,,SKIPPED_ID_UNKNOWN,,,
11356260,,ERROR_PROCESSING,,,
UNKNOWN,,SKIPPED_ID_UNKNOWN,,,
11401182,,ERROR_PROCESSING,,,
11027624,,ERROR_PROCESSING,,,
10080248,,ERROR_PROCESSING,,,
UNKNOWN,,SKIPPED_ID_UNKNOWN,,,
UNKNOWN,,SKIPPED_ID_UNKNOWN,,,
UNKNOWN,,SKIPPED_ID_UNKNOWN,,,
10004738,,ERROR_PROCESSING,,,
10528068,,ERROR_PROCESSING,,,
11415243,,ERROR_PROCESSING,,,
10964440,,ERROR_PROCESSING,,,
10337258,,ERROR_PROCESSING,,,
10189546,,ERROR_PROCESSING,,,
11075737,,ERROR_PROCESSING,,,
10748390,,ERROR_PROCESSING,,,
11401755,,ERROR_PROCESSING,,,
10022908,,ERROR_PROCESSING,,,
10599206,,ERROR_PROCESSING,,,
10617017,,ERROR_PROCESSING,,,
10777591,,ERROR_PROCESSING,,,
10619192,,ERROR_PROCESSING,,,
10272640,,ERROR_PROCESSING,,,
10130039,,ERROR_PROCESSING,,,
10068659,,ERROR_PROCESSING,,,
10600261,,ERROR_PROCESSING,,,
10813132,,ERROR_PROCESSING,,,
UNKNOWN,,SKIPPED_ID_UNKNOWN,,,
10593626,,ERROR_PROCESSING,,,
10350571,,ERROR_PROCESSING,,,
11187436,,ERROR_PROCESSING,,,
10453588,,ERROR_PROCESSING,,,
11359879,,ERROR_PROCESSING,,,
10329196,,ERROR_PROCESSING,,,
11014932,,ERROR_PROCESSING,,,
11014932,,ERROR_PROCESSING,,,
10063802,,ERROR_PROCESSING,,,
11133306,,ERROR_PROCESSING,,,
10587105,,ERROR_PROCESSING,,,
UNKNOWN,,SKIPPED_ID_UNKNOWN,,,
UNKNOWN,,SKIPPED_ID_UNKNOWN,,,
UNKNOWN,,SKIPPED_ID_UNKNOWN,,,
11521793,,ERROR_PROCESSING,,,
11499192,,ERROR_PROCESSING,,,
UNKNOWN,,SKIPPED_ID_UNKNOWN,,,
11509504,,ERROR_PROCESSING,,,
11509504,,ERROR_PROCESSING,,,
11253711,,ERROR_PROCESSING,,,
10289119,,ERROR_PROCESSING,,,
UNKNOWN,,SKIPPED_ID_UNKNOWN,,,
11336883,,ERROR_PROCESSING,,,
UNKNOWN,,SKIPPED_ID_UNKNOWN,,,
10549023,,ERROR_PROCESSING,,,
10666592,,ERROR_PROCESSING,,,
10593626,,ERROR_PROCESSING,,,
11402995,,ERROR_PROCESSING,,,
UNKNOWN,,SKIPPED_ID_UNKNOWN,,,
10925104,,ERROR_PROCESSING,,,
10026502,,ERROR_PROCESSING,,,
10141900,,ERROR_PROCESSING,,,
10027247,,ERROR_PROCESSING,,,
11241912,,ERROR_PROCESSING,,,
UNKNOWN,,SKIPPED_ID_UNKNOWN,,,
10905746,,ERROR_PROCESSING,,,
11565924,,ERROR_PROCESSING,,,
UNKNOWN,,SKIPPED_ID_UNKNOWN,,,
10059645,,ERROR_PROCESSING,,,
11565924,,ERROR_PROCESSING,,,
11074178,,ERROR_PROCESSING,,,
11560897,,ERROR_PROCESSING,,,
10027323,,ERROR_PROCESSING,,,
11560897,,ERROR_PROCESSING,,,
UNKNOWN,,SKIPPED_ID_UNKNOWN,,,
11611275,,ERROR_PROCESSING,,,
11611275,,ERROR_PROCESSING,,,
10157458,,ERROR_PROCESSING,,,
10157458,,ERROR_PROCESSING,,,
11015323,,ERROR_PROCESSING,,,
UNKNOWN,,SKIPPED_ID_UNKNOWN,,,
11656246,,ERROR_PROCESSING,,,
10714072,,ERROR_PROCESSING,,,
UNKNOWN,,SKIPPED_ID_UNKNOWN,,,
11189311,,ERROR_PROCESSING,,,
11361646,,ERROR_PROCESSING,,,
10055126,,ERROR_PROCESSING,,,
UNKNOWN,,SKIPPED_ID_UNKNOWN,,,
11403530,,ERROR_PROCESSING,,,
UNKNOWN,,SKIPPED_ID_UNKNOWN,,,
UNKNOWN,,SKIPPED_ID_UNKNOWN,,,
10358759,,ERROR_PROCESSING,,,
10388286,,ERROR_PROCESSING,,,
11153121,,ERROR_PROCESSING,,,
11080405,,ERROR_PROCESSING,,,
10874614,,ERROR_PROCESSING,,,
10657406,,ERROR_PROCESSING,,,
10657406,,ERROR_PROCESSING,,,
10460984,,ERROR_PROCESSING,,,
11651712,,ERROR_PROCESSING,,,
10682541,,ERROR_PROCESSING,,,
11512246,,ERROR_PROCESSING,,,
UNKNOWN,,SKIPPED_ID_UNKNOWN,,,
11337566,,ERROR_PROCESSING,,,
UNKNOWN,,SKIPPED_ID_UNKNOWN,,,
11125797,,ERROR_PROCESSING,,,
10019708,,ERROR_PROCESSING,,,
11027624,,ERROR_PROCESSING,,,
10213902,,ERROR_PROCESSING,,,
10213902,,ERROR_PROCESSING,,,
11401182,,ERROR_PROCESSING,,,
10653179,,ERROR_PROCESSING,,,
11187837,,ERROR_PROCESSING,,,
UNKNOWN,,SKIPPED_ID_UNKNOWN,,,
UNKNOWN,,SKIPPED_ID_UNKNOWN,,,
10964440,,ERROR_PROCESSING,,,
11457726,,ERROR_PROCESSING,,,
10386922,,ERROR_PROCESSING,,,
11360571,,ERROR_PROCESSING,,,
11361646,,ERROR_PROCESSING,,,
UNKNOWN,,SKIPPED_ID_UNKNOWN,,,
10857519,,ERROR_PROCESSING,,,
UNKNOWN,,SKIPPED_ID_UNKNOWN,,,
10028535,,ERROR_PROCESSING,,,
10010440,,ERROR_PROCESSING,,,
UNKNOWN,,SKIPPED_ID_UNKNOWN,,,
10984090,,ERROR_PROCESSING,,,
UNKNOWN,,SKIPPED_ID_UNKNOWN,,,
11080405,,ERROR_PROCESSING,,,
11337372,,ERROR_PROCESSING,,,
11179076,,ERROR_PROCESSING,,,
11453592,,ERROR_PROCESSING,,,
11461433,,ERROR_PROCESSING,,,
UNKNOWN,,SKIPPED_ID_UNKNOWN,,,
UNKNOWN,,SKIPPED_ID_UNKNOWN,,,
10404582,,ERROR_PROCESSING,,,
10136549,,ERROR_PROCESSING,,,
10593626,,ERROR_PROCESSING,,,
10272640,,ERROR_PROCESSING,,,
10068659,,ERROR_PROCESSING,,,
11253711,,ERROR_PROCESSING,,,
10187017,,ERROR_PROCESSING,,,
10290666,,ERROR_PROCESSING,,,
10843590,,ERROR_PROCESSING,,,
10350571,,ERROR_PROCESSING,,,
10350571,,ERROR_PROCESSING,,,
10790387,,ERROR_PROCESSING,,,
10777591,,ERROR_PROCESSING,,,
10777591,,ERROR_PROCESSING,,,
UNKNOWN,,SKIPPED_ID_UNKNOWN,,,
UNKNOWN,,SKIPPED_ID_UNKNOWN,,,
11074178,,ERROR_PROCESSING,,,
10600261,,ERROR_PROCESSING,,,
11014932,,ERROR_PROCESSING,,,
UNKNOWN,,SKIPPED_ID_UNKNOWN,,,
11624249,,ERROR_PROCESSING,,,
10599206,,ERROR_PROCESSING,,,
10975146,,ERROR_PROCESSING,,,
10329196,,ERROR_PROCESSING,,,
UNKNOWN,,SKIPPED_ID_UNKNOWN,,,
10925104,,ERROR_PROCESSING,,,
UNKNOWN,,SKIPPED_ID_UNKNOWN,,,
11403044,,ERROR_PROCESSING,,,
11509504,,ERROR_PROCESSING,,,
10468885,,ERROR_PROCESSING,,,
11074835,,ERROR_PROCESSING,,,
UNKNOWN,,SKIPPED_ID_UNKNOWN,,,
10723367,,ERROR_PROCESSING,,,
11075737,,ERROR_PROCESSING,,,
10748390,,ERROR_PROCESSING,,,
10019065,,ERROR_PROCESSING,,,
10059645,,ERROR_PROCESSING,,,
UNKNOWN,,SKIPPED_ID_UNKNOWN,,,
11623629,,ERROR_PROCESSING,,,
UNKNOWN,,SKIPPED_ID_UNKNOWN,,,
10068659,,ERROR_PROCESSING,,,
10272640,,ERROR_PROCESSING,,,
10978763,,ERROR_PROCESSING,,,
11442793,,ERROR_PROCESSING,,,
10289119,,ERROR_PROCESSING,,,
11241912,,ERROR_PROCESSING,,,
10908248,,ERROR_PROCESSING,,,
UNKNOWN,,SKIPPED_ID_UNKNOWN,,,
10122538,,ERROR_PROCESSING,,,
11090765,,ERROR_PROCESSING,,,
10989274,,ERROR_PROCESSING,,,
UNKNOWN,,SKIPPED_ID_UNKNOWN,,,
10453588,,ERROR_PROCESSING,,,
UNKNOWN,,SKIPPED_ID_UNKNOWN,,,
UNKNOWN,,SKIPPED_ID_UNKNOWN,,,
11069176,,ERROR_PROCESSING,,,
10141900,,ERROR_PROCESSING,,,
10141900,,ERROR_PROCESSING,,,
11133306,,ERROR_PROCESSING,,,
10332883,,ERROR_PROCESSING,,,
11127479,,ERROR_PROCESSING,,,
11560897,,ERROR_PROCESSING,,,
UNKNOWN,,SKIPPED_ID_UNKNOWN,,,
11129258,,ERROR_PROCESSING,,,
11126381,,ERROR_PROCESSING,,,
UNKNOWN,,SKIPPED_ID_UNKNOWN,,,
10026502,,ERROR_PROCESSING,,,
10552611,,ERROR_PROCESSING,,,
10000941,,ERROR_PROCESSING,,,
11521793,,ERROR_PROCESSING,,,
10925104,,ERROR_PROCESSING,,,
11565924,,ERROR_PROCESSING,,,
10329196,,ERROR_PROCESSING,,,
10157458,,ERROR_PROCESSING,,,
UNKNOWN,,SKIPPED_ID_UNKNOWN,,,
11361646,,ERROR_PROCESSING,,,
UNKNOWN,,SKIPPED_ID_UNKNOWN,,,
UNKNOWN,,SKIPPED_ID_UNKNOWN,,,
UNKNOWN,,SKIPPED_ID_UNKNOWN,,,
10964440,,ERROR_PROCESSING,,,
10214162,,ERROR_PROCESSING,,,
10601284,,ERROR_PROCESSING,,,
UNKNOWN,,SKIPPED_ID_UNKNOWN,,,
UNKNOWN,,SKIPPED_ID_UNKNOWN,,,
11611275,,ERROR_PROCESSING,,,
11401182,,ERROR_PROCESSING,,,
UNKNOWN,,SKIPPED_ID_UNKNOWN,,,
10055126,,ERROR_PROCESSING,,,
11457726,,ERROR_PROCESSING,,,
10718726,,ERROR_PROCESSING,,,
11508644,,ERROR_PROCESSING,,,
11401767,,ERROR_PROCESSING,,,
10055126,,ERROR_PROCESSING,,,
10714072,,ERROR_PROCESSING,,,
UNKNOWN,,SKIPPED_ID_UNKNOWN,,,
10714072,,ERROR_PROCESSING,,,
10080248,,ERROR_PROCESSING,,,
10963242,,ERROR_PROCESSING,,,
11189311,,ERROR_PROCESSING,,,
UNKNOWN,,SKIPPED_ID_UNKNOWN,,,
10937029,,ERROR_PROCESSING,,,
11295426,,ERROR_PROCESSING,,,
11453592,,ERROR_PROCESSING,,,
UNKNOWN,,SKIPPED_ID_UNKNOWN,,,
11337372,,ERROR_PROCESSING,,,
10984090,,ERROR_PROCESSING,,,
11656246,,ERROR_PROCESSING,,,
11153121,,ERROR_PROCESSING,,,
UNKNOWN,,SKIPPED_ID_UNKNOWN,,,
10657406,,ERROR_PROCESSING,,,
10583066,,ERROR_PROCESSING,,,
11512246,,ERROR_PROCESSING,,,
10878263,,ERROR_PROCESSING,,,
11512246,,ERROR_PROCESSING,,,
11651712,,ERROR_PROCESSING,,,
10407482,,ERROR_PROCESSING,,,
10213902,,ERROR_PROCESSING,,,
UNKNOWN,,SKIPPED_ID_UNKNOWN,,,
10253547,,ERROR_PROCESSING,,,
10005758,,ERROR_PROCESSING,,,
11125797,,ERROR_PROCESSING,,,
10004519,,ERROR_PROCESSING,,,
10203349,,ERROR_PROCESSING,,,
11401182,,ERROR_PROCESSING,,,
UNKNOWN,,SKIPPED_ID_UNKNOWN,,,
10272442,,ERROR_PROCESSING,,,
10010440,,ERROR_PROCESSING,,,
10010440,,ERROR_PROCESSING,,,
10713616,,ERROR_PROCESSING,,,
10857519,,ERROR_PROCESSING,,,
10963065,,ERROR_PROCESSING,,,
UNKNOWN,,SKIPPED_ID_UNKNOWN,,,
11179076,,ERROR_PROCESSING,,,
UNKNOWN,,SKIPPED_ID_UNKNOWN,,,
10583761,,ERROR_PROCESSING,,,
11621223,,ERROR_PROCESSING,,,
11551692,,ERROR_PROCESSING,,,
11453592,,ERROR_PROCESSING,,,
11656918,,ERROR_PROCESSING,,,
10874614,,ERROR_PROCESSING,,,
10653179,,ERROR_PROCESSING,,,
UNKNOWN,,SKIPPED_ID_UNKNOWN,,,
10984090,,ERROR_PROCESSING,,,
10136549,,ERROR_PROCESSING,,,
11080405,,ERROR_PROCESSING,,,
10136549,,ERROR_PROCESSING,,,
UNKNOWN,,SKIPPED_ID_UNKNOWN,,,
11461433,,ERROR_PROCESSING,,,
11461433,,ERROR_PROCESSING,,,
10418224,,ERROR_PROCESSING,,,
10982872,,ERROR_PROCESSING,,,
11074178,,ERROR_PROCESSING,,,
11444514,,ERROR_PROCESSING,,,
UNKNOWN,,SKIPPED_ID_UNKNOWN,,,
UNKNOWN,,SKIPPED_ID_UNKNOWN,,,
UNKNOWN,,SKIPPED_ID_UNKNOWN,,,
10975146,,ERROR_PROCESSING,,,
10577994,,ERROR_PROCESSING,,,
11460462,,ERROR_PROCESSING,,,
UNKNOWN,,SKIPPED_ID_UNKNOWN,,,
UNKNOWN,,SKIPPED_ID_UNKNOWN,,,
10730070,,ERROR_PROCESSING,,,
10526887,,ERROR_PROCESSING,,,
10730070,,ERROR_PROCESSING,,,
10965588,,ERROR_PROCESSING,,,
UNKNOWN,,SKIPPED_ID_UNKNOWN,,,
UNKNOWN,,SKIPPED_ID_UNKNOWN,,,
11402995,,ERROR_PROCESSING,,,
UNKNOWN,,SKIPPED_ID_UNKNOWN,,,
10593626,,ERROR_PROCESSING,,,
UNKNOWN,,SKIPPED_ID_UNKNOWN,,,
10386984,,ERROR_PROCESSING,,,
11401755,,ERROR_PROCESSING,,,
11611600,,ERROR_PROCESSING,,,
10790387,,ERROR_PROCESSING,,,
11497958,,ERROR_PROCESSING,,,
11611600,,ERROR_PROCESSING,,,
10843590,,ERROR_PROCESSING,,,
11019987,,ERROR_PROCESSING,,,
UNKNOWN,,SKIPPED_ID_UNKNOWN,,,
UNKNOWN,,SKIPPED_ID_UNKNOWN,,,
UNKNOWN,,SKIPPED_ID_UNKNOWN,,,
10585738,,ERROR_PROCESSING,,,
10676014,,ERROR_PROCESSING,,,
11360805,,ERROR_PROCESSING,,,
10000941,,ERROR_PROCESSING,,,
11126381,,ERROR_PROCESSING,,,
10552611,,ERROR_PROCESSING,,,
11554435,,ERROR_PROCESSING,,,
11600889,,ERROR_PROCESSING,,,
11127479,,ERROR_PROCESSING,,,
UNKNOWN,,SKIPPED_ID_UNKNOWN,,,
10019065,,ERROR_PROCESSING,,,
UNKNOWN,,SKIPPED_ID_UNKNOWN,,,
UNKNOWN,,SKIPPED_ID_UNKNOWN,,,
UNKNOWN,,SKIPPED_ID_UNKNOWN,,,
10545066,,ERROR_PROCESSING,,,
11402995,,ERROR_PROCESSING,,,
10264660,,ERROR_PROCESSING,,,
10730034,,ERROR_PROCESSING,,,
10271806,,ERROR_PROCESSING,,,
11401755,,ERROR_PROCESSING,,,
UNKNOWN,,SKIPPED_ID_UNKNOWN,,,
10973664,,ERROR_PROCESSING,,,
UNKNOWN,,SKIPPED_ID_UNKNOWN,,,
11455428,,ERROR_PROCESSING,,,
10464050,,ERROR_PROCESSING,,,
10793172,,ERROR_PROCESSING,,,
10454313,,ERROR_PROCESSING,,,
10937029,,ERROR_PROCESSING,,,
10266615,,ERROR_PROCESSING,,,
UNKNOWN,,SKIPPED_ID_UNKNOWN,,,
10063208,,ERROR_PROCESSING,,,
10878263,,ERROR_PROCESSING,,,
10583066,,ERROR_PROCESSING,,,
10684670,,ERROR_PROCESSING,,,
11153121,,ERROR_PROCESSING,,,
10057494,,ERROR_PROCESSING,,,
10916600,,ERROR_PROCESSING,,,
11337372,,ERROR_PROCESSING,,,
10601284,,ERROR_PROCESSING,,,
10468940,,ERROR_PROCESSING,,,
10468940,,ERROR_PROCESSING,,,
10337517,,ERROR_PROCESSING,,,
10397751,,ERROR_PROCESSING,,,
11361646,,ERROR_PROCESSING,,,
10080248,,ERROR_PROCESSING,,,
11027624,,ERROR_PROCESSING,,,
UNKNOWN,,SKIPPED_ID_UNKNOWN,,,
10528068,,ERROR_PROCESSING,,,
11415243,,ERROR_PROCESSING,,,
11508644,,ERROR_PROCESSING,,,
UNKNOWN,,SKIPPED_ID_UNKNOWN,,,
11656918,,ERROR_PROCESSING,,,
10525027,,ERROR_PROCESSING,,,
11547505,,ERROR_PROCESSING,,,
11080405,,ERROR_PROCESSING,,,
UNKNOWN,,SKIPPED_ID_UNKNOWN,,,
11612280,,ERROR_PROCESSING,,,
10662202,,ERROR_PROCESSING,,,
10253547,,ERROR_PROCESSING,,,
11090556,,ERROR_PROCESSING,,,
UNKNOWN,,SKIPPED_ID_UNKNOWN,,,
11027624,,ERROR_PROCESSING,,,
UNKNOWN,,SKIPPED_ID_UNKNOWN,,,
10190777,,ERROR_PROCESSING,,,
10272442,,ERROR_PROCESSING,,,
UNKNOWN,,SKIPPED_ID_UNKNOWN,,,
10864656,,ERROR_PROCESSING,,,
10203349,,ERROR_PROCESSING,,,
10879038,,ERROR_PROCESSING,,,
10019708,,ERROR_PROCESSING,,,
11521793,,ERROR_PROCESSING,,,
11187837,,ERROR_PROCESSING,,,
UNKNOWN,,SKIPPED_ID_UNKNOWN,,,
11554435,,ERROR_PROCESSING,,,
10552611,,ERROR_PROCESSING,,,
10873260,,ERROR_PROCESSING,,,
11337833,,ERROR_PROCESSING,,,
10864531,,ERROR_PROCESSING,,,
11250587,,ERROR_PROCESSING,,,
11455428,,ERROR_PROCESSING,,,
UNKNOWN,,SKIPPED_ID_UNKNOWN,,,
11241912,,ERROR_PROCESSING,,,
10934674,,ERROR_PROCESSING,,,
10934674,,ERROR_PROCESSING,,,
11547513,,ERROR_PROCESSING,,,
11295426,,ERROR_PROCESSING,,,
10020423,,ERROR_PROCESSING,,,
10187159,,ERROR_PROCESSING,,,
10965008,,ERROR_PROCESSING,,,
11360571,,ERROR_PROCESSING,,,
10722485,,ERROR_PROCESSING,,,
UNKNOWN,,SKIPPED_ID_UNKNOWN,,,
10166274,,ERROR_PROCESSING,,,
11017901,,ERROR_PROCESSING,,,
UNKNOWN,,SKIPPED_ID_UNKNOWN,,,
11403530,,ERROR_PROCESSING,,,
10328393,,ERROR_PROCESSING,,,
UNKNOWN,,SKIPPED_ID_UNKNOWN,,,
10328393,,ERROR_PROCESSING,,,
10407482,,ERROR_PROCESSING,,,
10358759,,ERROR_PROCESSING,,,
UNKNOWN,,SKIPPED_ID_UNKNOWN,,,
11518142,,ERROR_PROCESSING,,,
10975146,,ERROR_PROCESSING,,,
10864531,,ERROR_PROCESSING,,,
UNKNOWN,,SKIPPED_ID_UNKNOWN,,,
11502867,,ERROR_PROCESSING,,,
10460984,,ERROR_PROCESSING,,,
UNKNOWN,,SKIPPED_ID_UNKNOWN,,,
11502867,,ERROR_PROCESSING,,,
UNKNOWN,,SKIPPED_ID_UNKNOWN,,,
10682541,,ERROR_PROCESSING,,,
10713616,,ERROR_PROCESSING,,,
UNKNOWN,,SKIPPED_ID_UNKNOWN,,,
10386984,,ERROR_PROCESSING,,,
UNKNOWN,,SKIPPED_ID_UNKNOWN,,,
10020423,,ERROR_PROCESSING,,,
10790387,,ERROR_PROCESSING,,,
10722485,,ERROR_PROCESSING,,,
11337566,,ERROR_PROCESSING,,,
10744335,,ERROR_PROCESSING,,,
UNKNOWN,,SKIPPED_ID_UNKNOWN,,,
10063802,,ERROR_PROCESSING,,,
10386922,,ERROR_PROCESSING,,,
10386922,,ERROR_PROCESSING,,,
11499192,,ERROR_PROCESSING,,,
11043167,,ERROR_PROCESSING,,,
11498128,,ERROR_PROCESSING,,,
UNKNOWN,,SKIPPED_ID_UNKNOWN,,,
11043167,,ERROR_PROCESSING,,,
UNKNOWN,,SKIPPED_ID_UNKNOWN,,,
10933561,,ERROR_PROCESSING,,,
10027247,,ERROR_PROCESSING,,,
UNKNOWN,,SKIPPED_ID_UNKNOWN,,,
UNKNOWN,,SKIPPED_ID_UNKNOWN,,,
11100383,,ERROR_PROCESSING,,,
11177676,,ERROR_PROCESSING,,,
10686864,,ERROR_PROCESSING,,,
10857519,,ERROR_PROCESSING,,,
11656918,,ERROR_PROCESSING,,,
11358389,,ERROR_PROCESSING,,,
10663396,,ERROR_PROCESSING,,,
10670119,,ERROR_PROCESSING,,,
10272442,,ERROR_PROCESSING,,,
10187017,,ERROR_PROCESSING,,,
10404582,,ERROR_PROCESSING,,,
UNKNOWN,,SKIPPED_ID_UNKNOWN,,,
UNKNOWN,,SKIPPED_ID_UNKNOWN,,,
11656721,,ERROR_PROCESSING,,,
UNKNOWN,,SKIPPED_ID_UNKNOWN,,,
UNKNOWN,,SKIPPED_ID_UNKNOWN,,,
UNKNOWN,,SKIPPED_ID_UNKNOWN,,,
UNKNOWN,,SKIPPED_ID_UNKNOWN,,,
11336883,,ERROR_PROCESSING,,,
10001893,,ERROR_PROCESSING,,,
10875245,,ERROR_PROCESSING,,,
11075737,,ERROR_PROCESSING,,,
10265898,,ERROR_PROCESSING,,,
10858691,,ERROR_PROCESSING,,,
10916600,,ERROR_PROCESSING,,,
11074835,,ERROR_PROCESSING,,,
11187436,,ERROR_PROCESSING,,,
10878263,,ERROR_PROCESSING,,,
10583066,,ERROR_PROCESSING,,,
UNKNOWN,,SKIPPED_ID_UNKNOWN,,,
10585852,,ERROR_PROCESSING,,,
11189311,,ERROR_PROCESSING,,,
UNKNOWN,,SKIPPED_ID_UNKNOWN,,,
UNKNOWN,,SKIPPED_ID_UNKNOWN,,,
11018648,,ERROR_PROCESSING,,,
10905746,,ERROR_PROCESSING,,,
10908248,,ERROR_PROCESSING,,,
11565924,,ERROR_PROCESSING,,,
10453588,,ERROR_PROCESSING,,,
11359879,,ERROR_PROCESSING,,,
UNKNOWN,,SKIPPED_ID_UNKNOWN,,,
10617017,,ERROR_PROCESSING,,,
10189546,,ERROR_PROCESSING,,,
11623629,,ERROR_PROCESSING,,,
11572193,,ERROR_PROCESSING,,,
10670119,,ERROR_PROCESSING,,,
10227020,,ERROR_PROCESSING,,,
10813132,,ERROR_PROCESSING,,,
10337517,,ERROR_PROCESSING,,,
11073351,,ERROR_PROCESSING,,,
11133306,,ERROR_PROCESSING,,,
10019643,,ERROR_PROCESSING,,,
10332883,,ERROR_PROCESSING,,,
10019643,,ERROR_PROCESSING,,,
UNKNOWN,,SKIPPED_ID_UNKNOWN,,,
UNKNOWN,,SKIPPED_ID_UNKNOWN,,,
UNKNOWN,,SKIPPED_ID_UNKNOWN,,,
10187159,,ERROR_PROCESSING,,,
UNKNOWN,,SKIPPED_ID_UNKNOWN,,,
UNKNOWN,,SKIPPED_ID_UNKNOWN,,,
10656823,,ERROR_PROCESSING,,,
UNKNOWN,,SKIPPED_ID_UNKNOWN,,,
11304958,,ERROR_PROCESSING,,,
UNKNOWN,,SKIPPED_ID_UNKNOWN,,,
UNKNOWN,,SKIPPED_ID_UNKNOWN,,,
UNKNOWN,,SKIPPED_ID_UNKNOWN,,,
11356260,,ERROR_PROCESSING,,,
10063208,,ERROR_PROCESSING,,,
11074541,,ERROR_PROCESSING,,,
11241912,,ERROR_PROCESSING,,,
11455428,,ERROR_PROCESSING,,,
11125613,,ERROR_PROCESSING,,,
UNKNOWN,,SKIPPED_ID_UNKNOWN,,,
UNKNOWN,,SKIPPED_ID_UNKNOWN,,,
11037818,,ERROR_PROCESSING,,,
10070468,,ERROR_PROCESSING,,,
UNKNOWN,,SKIPPED_ID_UNKNOWN,,,
UNKNOWN,,SKIPPED_ID_UNKNOWN,,,
UNKNOWN,,SKIPPED_ID_UNKNOWN,,,
UNKNOWN,,SKIPPED_ID_UNKNOWN,,,
10004738,,ERROR_PROCESSING,,,
11554435,,ERROR_PROCESSING,,,
UNKNOWN,,SKIPPED_ID_UNKNOWN,,,
11288051,,ERROR_PROCESSING,,,
11521793,,ERROR_PROCESSING,,,
10329469,,ERROR_PROCESSING,,,
11460018,,ERROR_PROCESSING,,,
10397751,,ERROR_PROCESSING,,,
10666592,,ERROR_PROCESSING,,,
10990886,,ERROR_PROCESSING,,,
10337258,,ERROR_PROCESSING,,,
10873260,,ERROR_PROCESSING,,,
11415243,,ERROR_PROCESSING,,,
10656823,,ERROR_PROCESSING,,,
10526549,,ERROR_PROCESSING,,,
UNKNOWN,,SKIPPED_ID_UNKNOWN,,,
10386984,,ERROR_PROCESSING,,,
10586004,,ERROR_PROCESSING,,,
11304958,,ERROR_PROCESSING,,,
UNKNOWN,,SKIPPED_ID_UNKNOWN,,,
10717241,,ERROR_PROCESSING,,,
10190777,,ERROR_PROCESSING,,,
UNKNOWN,,SKIPPED_ID_UNKNOWN,,,
10909127,,ERROR_PROCESSING,,,
11348997,,ERROR_PROCESSING,,,
11547505,,ERROR_PROCESSING,,,
UNKNOWN,,SKIPPED_ID_UNKNOWN,,,
10426656,,ERROR_PROCESSING,,,
10662202,,ERROR_PROCESSING,,,
10924562,,ERROR_PROCESSING,,,
10924562,,ERROR_PROCESSING,,,
10471515,,ERROR_PROCESSING,,,
11342416,,ERROR_PROCESSING,,,
UNKNOWN,,SKIPPED_ID_UNKNOWN,,,
UNKNOWN,,SKIPPED_ID_UNKNOWN,,,
10130039,,ERROR_PROCESSING,,,
UNKNOWN,,SKIPPED_ID_UNKNOWN,,,
11075429,,ERROR_PROCESSING,,,
11086270,,ERROR_PROCESSING,,,
10663396,,ERROR_PROCESSING,,,
11358389,,ERROR_PROCESSING,,,
10203349,,ERROR_PROCESSING,,,
UNKNOWN,,SKIPPED_ID_UNKNOWN,,,
UNKNOWN,,SKIPPED_ID_UNKNOWN,,,
UNKNOWN,,SKIPPED_ID_UNKNOWN,,,
10858832,,ERROR_PROCESSING,,,
10854555,,ERROR_PROCESSING,,,
11394027,,ERROR_PROCESSING,,,
UNKNOWN,,SKIPPED_ID_UNKNOWN,,,
10858832,,ERROR_PROCESSING,,,
10910878,,ERROR_PROCESSING,,,
11656721,,ERROR_PROCESSING,,,
10253547,,ERROR_PROCESSING,,,
10880507,,ERROR_PROCESSING,,,
UNKNOWN,,SKIPPED_ID_UNKNOWN,,,
UNKNOWN,,SKIPPED_ID_UNKNOWN,,,
10933561,,ERROR_PROCESSING,,,
10600955,,ERROR_PROCESSING,,,
11032227,,ERROR_PROCESSING,,,
UNKNOWN,,SKIPPED_ID_UNKNOWN,,,
UNKNOWN,,SKIPPED_ID_UNKNOWN,,,
10987985,,ERROR_PROCESSING,,,
11244137,,ERROR_PROCESSING,,,
UNKNOWN,,SKIPPED_ID_UNKNOWN,,,
UNKNOWN,,SKIPPED_ID_UNKNOWN,,,
UNKNOWN,,SKIPPED_ID_UNKNOWN,,,
10857519,,ERROR_PROCESSING,,,
UNKNOWN,,SKIPPED_ID_UNKNOWN,,,
10905239,,ERROR_PROCESSING,,,
11283615,,ERROR_PROCESSING,,,
11497977,,ERROR_PROCESSING,,,
11460462,,ERROR_PROCESSING,,,
UNKNOWN,,SKIPPED_ID_UNKNOWN,,,
11572193,,ERROR_PROCESSING,,,
11046458,,ERROR_PROCESSING,,,
11086270,,ERROR_PROCESSING,,,
UNKNOWN,,SKIPPED_ID_UNKNOWN,,,
10709622,,ERROR_PROCESSING,,,
11622600,,ERROR_PROCESSING,,,
10264660,,ERROR_PROCESSING,,,
UNKNOWN,,SKIPPED_ID_UNKNOWN,,,
10601284,,ERROR_PROCESSING,,,
UNKNOWN,,SKIPPED_ID_UNKNOWN,,,
10593535,,ERROR_PROCESSING,,,
UNKNOWN,,SKIPPED_ID_UNKNOWN,,,
10337517,,ERROR_PROCESSING,,,
11461844,,ERROR_PROCESSING,,,
11073351,,ERROR_PROCESSING,,,
UNKNOWN,,SKIPPED_ID_UNKNOWN,,,
10795103,,ERROR_PROCESSING,,,
10585852,,ERROR_PROCESSING,,,
10916600,,ERROR_PROCESSING,,,
11015323,,ERROR_PROCESSING,,,
11129738,,ERROR_PROCESSING,,,
10858691,,ERROR_PROCESSING,,,
10265898,,ERROR_PROCESSING,,,
10001893,,ERROR_PROCESSING,,,
UNKNOWN,,SKIPPED_ID_UNKNOWN,,,
10353968,,ERROR_PROCESSING,,,
UNKNOWN,,SKIPPED_ID_UNKNOWN,,,
UNKNOWN,,SKIPPED_ID_UNKNOWN,,,
11018648,,ERROR_PROCESSING,,,
11177707,,ERROR_PROCESSING,,,
10724369,,ERROR_PROCESSING,,,
10937029,,ERROR_PROCESSING,,,
10905239,,ERROR_PROCESSING,,,
11189311,,ERROR_PROCESSING,,,
10526549,,ERROR_PROCESSING,,,
11568987,,ERROR_PROCESSING,,,
UNKNOWN,,SKIPPED_ID_UNKNOWN,,,
10722485,,ERROR_PROCESSING,,,
UNKNOWN,,SKIPPED_ID_UNKNOWN,,,
UNKNOWN,,SKIPPED_ID_UNKNOWN,,,
10666592,,ERROR_PROCESSING,,,
10586004,,ERROR_PROCESSING,,,
UNKNOWN,,SKIPPED_ID_UNKNOWN,,,
UNKNOWN,,SKIPPED_ID_UNKNOWN,,,
10717241,,ERROR_PROCESSING,,,
10525027,,ERROR_PROCESSING,,,
11614617,,ERROR_PROCESSING,,,
UNKNOWN,,SKIPPED_ID_UNKNOWN,,,
11125613,,ERROR_PROCESSING,,,
10656823,,ERROR_PROCESSING,,,
11547505,,ERROR_PROCESSING,,,
UNKNOWN,,SKIPPED_ID_UNKNOWN,,,
10020423,,ERROR_PROCESSING,,,
10426656,,ERROR_PROCESSING,,,
10662202,,ERROR_PROCESSING,,,
11259686,,ERROR_PROCESSING,,,
10873260,,ERROR_PROCESSING,,,
10027323,,ERROR_PROCESSING,,,
10059645,,ERROR_PROCESSING,,,
11413812,,ERROR_PROCESSING,,,
11244682,,ERROR_PROCESSING,,,
11135308,,ERROR_PROCESSING,,,
10864656,,ERROR_PROCESSING,,,
UNKNOWN,,SKIPPED_ID_UNKNOWN,,,
10600261,,ERROR_PROCESSING,,,
UNKNOWN,,SKIPPED_ID_UNKNOWN,,,
10744335,,ERROR_PROCESSING,,,
10619192,,ERROR_PROCESSING,,,
11074541,,ERROR_PROCESSING,,,
UNKNOWN,,SKIPPED_ID_UNKNOWN,,,
10586208,,ERROR_PROCESSING,,,
10130039,,ERROR_PROCESSING,,,
10577994,,ERROR_PROCESSING,,,
11304958,,ERROR_PROCESSING,,,
10599206,,ERROR_PROCESSING,,,
UNKNOWN,,SKIPPED_ID_UNKNOWN,,,
UNKNOWN,,SKIPPED_ID_UNKNOWN,,,
UNKNOWN,,SKIPPED_ID_UNKNOWN,,,
10190777,,ERROR_PROCESSING,,,
10190777,,ERROR_PROCESSING,,,
10864531,,ERROR_PROCESSING,,,
10797460,,ERROR_PROCESSING,,,
10266615,,ERROR_PROCESSING,,,
UNKNOWN,,SKIPPED_ID_UNKNOWN,,,
UNKNOWN,,SKIPPED_ID_UNKNOWN,,,
10454313,,ERROR_PROCESSING,,,
10397751,,ERROR_PROCESSING,,,
UNKNOWN,,SKIPPED_ID_UNKNOWN,,,
10924562,,ERROR_PROCESSING,,,
11176166,,ERROR_PROCESSING,,,
11075429,,ERROR_PROCESSING,,,
UNKNOWN,,SKIPPED_ID_UNKNOWN,,,
10057494,,ERROR_PROCESSING,,,
10337258,,ERROR_PROCESSING,,,
10528068,,ERROR_PROCESSING,,,
11288051,,ERROR_PROCESSING,,,
UNKNOWN,,SKIPPED_ID_UNKNOWN,,,
UNKNOWN,,SKIPPED_ID_UNKNOWN,,,
11073351,,ERROR_PROCESSING,,,
11046458,,ERROR_PROCESSING,,,
11656721,,ERROR_PROCESSING,,,
UNKNOWN,,SKIPPED_ID_UNKNOWN,,,
10842192,,ERROR_PROCESSING,,,
UNKNOWN,,SKIPPED_ID_UNKNOWN,,,
11019987,,ERROR_PROCESSING,,,
10585738,,ERROR_PROCESSING,,,
10464050,,ERROR_PROCESSING,,,
10271806,,ERROR_PROCESSING,,,
10854555,,ERROR_PROCESSING,,,
UNKNOWN,,SKIPPED_ID_UNKNOWN,,,
10854555,,ERROR_PROCESSING,,,
11600889,,ERROR_PROCESSING,,,
10858832,,ERROR_PROCESSING,,,
11086270,,ERROR_PROCESSING,,,
10795103,,ERROR_PROCESSING,,,
10253547,,ERROR_PROCESSING,,,
11455181,,ERROR_PROCESSING,,,
10910878,,ERROR_PROCESSING,,,
10905239,,ERROR_PROCESSING,,,
11394027,,ERROR_PROCESSING,,,
11612280,,ERROR_PROCESSING,,,
UNKNOWN,,SKIPPED_ID_UNKNOWN,,,
10600955,,ERROR_PROCESSING,,,
10600955,,ERROR_PROCESSING,,,
UNKNOWN,,SKIPPED_ID_UNKNOWN,,,
11018648,,ERROR_PROCESSING,,,
11497977,,ERROR_PROCESSING,,,
10203349,,ERROR_PROCESSING,,,
11460462,,ERROR_PROCESSING,,,
11283615,,ERROR_PROCESSING,,,
11460462,,ERROR_PROCESSING,,,
10353968,,ERROR_PROCESSING,,,
10340423,,ERROR_PROCESSING,,,
10858691,,ERROR_PROCESSING,,,
10265898,,ERROR_PROCESSING,,,
UNKNOWN,,SKIPPED_ID_UNKNOWN,,,
11360805,,ERROR_PROCESSING,,,
11244137,,ERROR_PROCESSING,,,
11244137,,ERROR_PROCESSING,,,
UNKNOWN,,SKIPPED_ID_UNKNOWN,,,
11303322,,ERROR_PROCESSING,,,
11656721,,ERROR_PROCESSING,,,
11622600,,ERROR_PROCESSING,,,
11622600,,ERROR_PROCESSING,,,
10024051,,ERROR_PROCESSING,,,
UNKNOWN,,SKIPPED_ID_UNKNOWN,,,
11656246,,ERROR_PROCESSING,,,
11015323,,ERROR_PROCESSING,,,
10670119,,ERROR_PROCESSING,,,
11254382,,ERROR_PROCESSING,,,
UNKNOWN,,SKIPPED_ID_UNKNOWN,,,
10982872,,ERROR_PROCESSING,,,
10880507,,ERROR_PROCESSING,,,
UNKNOWN,,SKIPPED_ID_UNKNOWN,,,
UNKNOWN,,SKIPPED_ID_UNKNOWN,,,
UNKNOWN,,SKIPPED_ID_UNKNOWN,,,
10601284,,ERROR_PROCESSING,,,
10265898,,ERROR_PROCESSING,,,
10858691,,ERROR_PROCESSING,,,
UNKNOWN,,SKIPPED_ID_UNKNOWN,,,
10059645,,ERROR_PROCESSING,,,
11017901,,ERROR_PROCESSING,,,
11621223,,ERROR_PROCESSING,,,
10583761,,ERROR_PROCESSING,,,
10407482,,ERROR_PROCESSING,,,
11259686,,ERROR_PROCESSING,,,
UNKNOWN,,SKIPPED_ID_UNKNOWN,,,
10965008,,ERROR_PROCESSING,,,
10418224,,ERROR_PROCESSING,,,
11512246,,ERROR_PROCESSING,,,
11547513,,ERROR_PROCESSING,,,
UNKNOWN,,SKIPPED_ID_UNKNOWN,,,
10934674,,ERROR_PROCESSING,,,
UNKNOWN,,SKIPPED_ID_UNKNOWN,,,
10713616,,ERROR_PROCESSING,,,
10722485,,ERROR_PROCESSING,,,
10005758,,ERROR_PROCESSING,,,
UNKNOWN,,SKIPPED_ID_UNKNOWN,,,
10020423,,ERROR_PROCESSING,,,
UNKNOWN,,SKIPPED_ID_UNKNOWN,,,
10187159,,ERROR_PROCESSING,,,
10656823,,ERROR_PROCESSING,,,
UNKNOWN,,SKIPPED_ID_UNKNOWN,,,
11337566,,ERROR_PROCESSING,,,
UNKNOWN,,SKIPPED_ID_UNKNOWN,,,
10019708,,ERROR_PROCESSING,,,
10360722,,ERROR_PROCESSING,,,
10063802,,ERROR_PROCESSING,,,
10328393,,ERROR_PROCESSING,,,
UNKNOWN,,SKIPPED_ID_UNKNOWN,,,
11187837,,ERROR_PROCESSING,,,
10864531,,ERROR_PROCESSING,,,
11457726,,ERROR_PROCESSING,,,
10790387,,ERROR_PROCESSING,,,
11502867,,ERROR_PROCESSING,,,
11288051,,ERROR_PROCESSING,,,
UNKNOWN,,SKIPPED_ID_UNKNOWN,,,
UNKNOWN,,SKIPPED_ID_UNKNOWN,,,
10136549,,ERROR_PROCESSING,,,
10285631,,ERROR_PROCESSING,,,
10744335,,ERROR_PROCESSING,,,
10489206,,ERROR_PROCESSING,,,
UNKNOWN,,SKIPPED_ID_UNKNOWN,,,
11295426,,ERROR_PROCESSING,,,
10600261,,ERROR_PROCESSING,,,
10022908,,ERROR_PROCESSING,,,
10975146,,ERROR_PROCESSING,,,
10187159,,ERROR_PROCESSING,,,
10386922,,ERROR_PROCESSING,,,
UNKNOWN,,SKIPPED_ID_UNKNOWN,,,
10166274,,ERROR_PROCESSING,,,
10577994,,ERROR_PROCESSING,,,
11401767,,ERROR_PROCESSING,,,
11304958,,ERROR_PROCESSING,,,
UNKNOWN,,SKIPPED_ID_UNKNOWN,,,
10599206,,ERROR_PROCESSING,,,
UNKNOWN,,SKIPPED_ID_UNKNOWN,,,
UNKNOWN,,SKIPPED_ID_UNKNOWN,,,
11069176,,ERROR_PROCESSING,,,
UNKNOWN,,SKIPPED_ID_UNKNOWN,,,
10875245,,ERROR_PROCESSING,,,
UNKNOWN,,SKIPPED_ID_UNKNOWN,,,
11074835,,ERROR_PROCESSING,,,
11612280,,ERROR_PROCESSING,,,
UNKNOWN,,SKIPPED_ID_UNKNOWN,,,
10905239,,ERROR_PROCESSING,,,
11043167,,ERROR_PROCESSING,,,
UNKNOWN,,SKIPPED_ID_UNKNOWN,,,
10404582,,ERROR_PROCESSING,,,
UNKNOWN,,SKIPPED_ID_UNKNOWN,,,
10272442,,ERROR_PROCESSING,,,
10933561,,ERROR_PROCESSING,,,
10585852,,ERROR_PROCESSING,,,
11177676,,ERROR_PROCESSING,,,
UNKNOWN,,SKIPPED_ID_UNKNOWN,,,
10001893,,ERROR_PROCESSING,,,
10908248,,ERROR_PROCESSING,,,
11359879,,ERROR_PROCESSING,,,
UNKNOWN,,SKIPPED_ID_UNKNOWN,,,
11656918,,ERROR_PROCESSING,,,
11442793,,ERROR_PROCESSING,,,
10468885,,ERROR_PROCESSING,,,
UNKNOWN,,SKIPPED_ID_UNKNOWN,,,
11410904,,ERROR_PROCESSING,,,
11086270,,ERROR_PROCESSING,,,
10777591,,ERROR_PROCESSING,,,
11572193,,ERROR_PROCESSING,,,
10989274,,ERROR_PROCESSING,,,
11090765,,ERROR_PROCESSING,,,
10332883,,ERROR_PROCESSING,,,
10187017,,ERROR_PROCESSING,,,
11498128,,ERROR_PROCESSING,,,
10187017,,ERROR_PROCESSING,,,
UNKNOWN,,SKIPPED_ID_UNKNOWN,,,
11358389,,ERROR_PROCESSING,,,
10350571,,ERROR_PROCESSING,,,
11499192,,ERROR_PROCESSING,,,
11253711,,ERROR_PROCESSING,,,
UNKNOWN,,SKIPPED_ID_UNKNOWN,,,
UNKNOWN,,SKIPPED_ID_UNKNOWN,,,
11100383,,ERROR_PROCESSING,,,
10686864,,ERROR_PROCESSING,,,
11403044,,ERROR_PROCESSING,,,
UNKNOWN,,SKIPPED_ID_UNKNOWN,,,
11517719,,ERROR_PROCESSING,,,
UNKNOWN,,SKIPPED_ID_UNKNOWN,,,
UNKNOWN,,SKIPPED_ID_UNKNOWN,,,
10001893,,ERROR_PROCESSING,,,
UNKNOWN,,SKIPPED_ID_UNKNOWN,,,
11623629,,ERROR_PROCESSING,,,
11623629,,ERROR_PROCESSING,,,
10024051,,ERROR_PROCESSING,,,
10730703,,ERROR_PROCESSING,,,
10132832,,ERROR_PROCESSING,,,
UNKNOWN,,SKIPPED_ID_UNKNOWN,,,
UNKNOWN,,SKIPPED_ID_UNKNOWN,,,
11572193,,ERROR_PROCESSING,,,
10670119,,ERROR_PROCESSING,,,
10583066,,ERROR_PROCESSING,,,
11656246,,ERROR_PROCESSING,,,
11358389,,ERROR_PROCESSING,,,
10019643,,ERROR_PROCESSING,,,
10290666,,ERROR_PROCESSING,,,
UNKNOWN,,SKIPPED_ID_UNKNOWN,,,
10925104,,ERROR_PROCESSING,,,
10933561,,ERROR_PROCESSING,,,
10026502,,ERROR_PROCESSING,,,
10934674,,ERROR_PROCESSING,,,
UNKNOWN,,SKIPPED_ID_UNKNOWN,,,
11032227,,ERROR_PROCESSING,,,
11295426,,ERROR_PROCESSING,,,
11295426,,ERROR_PROCESSING,,,
UNKNOWN,,SKIPPED_ID_UNKNOWN,,,
11337566,,ERROR_PROCESSING,,,
10987985,,ERROR_PROCESSING,,,
11512246,,ERROR_PROCESSING,,,
11518142,,ERROR_PROCESSING,,,
10166274,,ERROR_PROCESSING,,,
10166274,,ERROR_PROCESSING,,,
UNKNOWN,,SKIPPED_ID_UNKNOWN,,,
11288505,,ERROR_PROCESSING,,,
11358389,,ERROR_PROCESSING,,,
10965588,,ERROR_PROCESSING,,,
UNKNOWN,,SKIPPED_ID_UNKNOWN,,,
10289119,,ERROR_PROCESSING,,,
UNKNOWN,,SKIPPED_ID_UNKNOWN,,,
10055126,,ERROR_PROCESSING,,,
11336883,,ERROR_PROCESSING,,,
UNKNOWN,,SKIPPED_ID_UNKNOWN,,,
11285870,,ERROR_PROCESSING,,,
10874614,,ERROR_PROCESSING,,,
10468885,,ERROR_PROCESSING,,,
UNKNOWN,,SKIPPED_ID_UNKNOWN,,,
10386984,,ERROR_PROCESSING,,,
10714072,,ERROR_PROCESSING,,,
11179076,,ERROR_PROCESSING,,,
11187436,,ERROR_PROCESSING,,,
10329196,,ERROR_PROCESSING,,,
10713616,,ERROR_PROCESSING,,,
10585852,,ERROR_PROCESSING,,,
10010440,,ERROR_PROCESSING,,,
10713616,,ERROR_PROCESSING,,,
10001893,,ERROR_PROCESSING,,,
UNKNOWN,,SKIPPED_ID_UNKNOWN,,,
11129738,,ERROR_PROCESSING,,,
10136549,,ERROR_PROCESSING,,,
11554435,,ERROR_PROCESSING,,,
10386922,,ERROR_PROCESSING,,,
10676014,,ERROR_PROCESSING,,,
11461433,,ERROR_PROCESSING,,,
11187837,,ERROR_PROCESSING,,,
UNKNOWN,,SKIPPED_ID_UNKNOWN,,,
10328393,,ERROR_PROCESSING,,,
UNKNOWN,,SKIPPED_ID_UNKNOWN,,,
10407482,,ERROR_PROCESSING,,,
11572193,,ERROR_PROCESSING,,,
UNKNOWN,,SKIPPED_ID_UNKNOWN,,,
10407482,,ERROR_PROCESSING,,,
10006581,,ERROR_PROCESSING,,,
10019708,,ERROR_PROCESSING,,,
10290666,,ERROR_PROCESSING,,,
10070468,,ERROR_PROCESSING,,,
11037818,,ERROR_PROCESSING,,,
UNKNOWN,,SKIPPED_ID_UNKNOWN,,,
UNKNOWN,,SKIPPED_ID_UNKNOWN,,,
10004519,,ERROR_PROCESSING,,,
10004519,,ERROR_PROCESSING,,,
11250587,,ERROR_PROCESSING,,,
11455428,,ERROR_PROCESSING,,,
UNKNOWN,,SKIPPED_ID_UNKNOWN,,,
10068659,,ERROR_PROCESSING,,,
11502867,,ERROR_PROCESSING,,,
10813132,,ERROR_PROCESSING,,,
UNKNOWN,,SKIPPED_ID_UNKNOWN,,,
10468885,,ERROR_PROCESSING,,,
11623629,,ERROR_PROCESSING,,,
10724369,,ERROR_PROCESSING,,,
UNKNOWN,,SKIPPED_ID_UNKNOWN,,,
UNKNOWN,,SKIPPED_ID_UNKNOWN,,,
11460018,,ERROR_PROCESSING,,,
10984090,,ERROR_PROCESSING,,,
11359879,,ERROR_PROCESSING,,,
10793172,,ERROR_PROCESSING,,,
UNKNOWN,,SKIPPED_ID_UNKNOWN,,,
10916600,,ERROR_PROCESSING,,,
UNKNOWN,,SKIPPED_ID_UNKNOWN,,,
10990886,,ERROR_PROCESSING,,,
UNKNOWN,,SKIPPED_ID_UNKNOWN,,,
10187159,,ERROR_PROCESSING,,,
10337517,,ERROR_PROCESSING,,,
11043167,,ERROR_PROCESSING,,,
11401182,,ERROR_PROCESSING,,,
10875245,,ERROR_PROCESSING,,,
11100383,,ERROR_PROCESSING,,,
10964440,,ERROR_PROCESSING,,,
11177676,,ERROR_PROCESSING,,,
11100383,,ERROR_PROCESSING,,,
11360571,,ERROR_PROCESSING,,,
10227020,,ERROR_PROCESSING,,,
10004738,,ERROR_PROCESSING,,,
10777591,,ERROR_PROCESSING,,,
UNKNOWN,,SKIPPED_ID_UNKNOWN,,,
10141900,,ERROR_PROCESSING,,,
UNKNOWN,,SKIPPED_ID_UNKNOWN,,,
10471515,,ERROR_PROCESSING,,,
UNKNOWN,,SKIPPED_ID_UNKNOWN,,,
11403530,,ERROR_PROCESSING,,,
11446443,,ERROR_PROCESSING,,,
10332883,,ERROR_PROCESSING,,,
10682541,,ERROR_PROCESSING,,,
UNKNOWN,,SKIPPED_ID_UNKNOWN,,,
10019643,,ERROR_PROCESSING,,,
UNKNOWN,,SKIPPED_ID_UNKNOWN,,,
10332883,,ERROR_PROCESSING,,,
10187017,,ERROR_PROCESSING,,,
UNKNOWN,,SKIPPED_ID_UNKNOWN,,,
11074835,,ERROR_PROCESSING,,,
11650401,,ERROR_PROCESSING,,,
11499192,,ERROR_PROCESSING,,,
UNKNOWN,,SKIPPED_ID_UNKNOWN,,,
11348997,,ERROR_PROCESSING,,,
11391957,,ERROR_PROCESSING,,,
10908248,,ERROR_PROCESSING,,,
11090556,,ERROR_PROCESSING,,,
10686864,,ERROR_PROCESSING,,,
10468940,,ERROR_PROCESSING,,,
10663396,,ERROR_PROCESSING,,,
10587105,,ERROR_PROCESSING,,,
10464050,,ERROR_PROCESSING,,,
10881457,,ERROR_PROCESSING,,,
10881457,,ERROR_PROCESSING,,,
UNKNOWN,,SKIPPED_ID_UNKNOWN,,,
10426656,,ERROR_PROCESSING,,,
UNKNOWN,,SKIPPED_ID_UNKNOWN,,,
10397751,,ERROR_PROCESSING,,,
10397751,,ERROR_PROCESSING,,,
11656721,,ERROR_PROCESSING,,,
11402995,,ERROR_PROCESSING,,,
UNKNOWN,,SKIPPED_ID_UNKNOWN,,,
11336883,,ERROR_PROCESSING,,,
11624249,,ERROR_PROCESSING,,,
11032227,,ERROR_PROCESSING,,,
10586004,,ERROR_PROCESSING,,,
UNKNOWN,,SKIPPED_ID_UNKNOWN,,,
10526549,,ERROR_PROCESSING,,,
UNKNOWN,,SKIPPED_ID_UNKNOWN,,,
11360805,,ERROR_PROCESSING,,,
10864656,,ERROR_PROCESSING,,,
10982872,,ERROR_PROCESSING,,,
11518142,,ERROR_PROCESSING,,,
10717241,,ERROR_PROCESSING,,,
10987985,,ERROR_PROCESSING,,,
10190777,,ERROR_PROCESSING,,,
10978763,,ERROR_PROCESSING,,,
UNKNOWN,,SKIPPED_ID_UNKNOWN,,,
10662202,,ERROR_PROCESSING,,,
UNKNOWN,,SKIPPED_ID_UNKNOWN,,,
11037818,,ERROR_PROCESSING,,,
10464050,,ERROR_PROCESSING,,,
10070468,,ERROR_PROCESSING,,,
10662202,,ERROR_PROCESSING,,,
UNKNOWN,,SKIPPED_ID_UNKNOWN,,,
11401755,,ERROR_PROCESSING,,,
10723367,,ERROR_PROCESSING,,,
UNKNOWN,,SKIPPED_ID_UNKNOWN,,,
UNKNOWN,,SKIPPED_ID_UNKNOWN,,,
10337258,,ERROR_PROCESSING,,,
11073351,,ERROR_PROCESSING,,,
10813132,,ERROR_PROCESSING,,,
11075429,,ERROR_PROCESSING,,,
11241912,,ERROR_PROCESSING,,,
11250587,,ERROR_PROCESSING,,,
11129738,,ERROR_PROCESSING,,,
10265898,,ERROR_PROCESSING,,,
11074541,,ERROR_PROCESSING,,,
10858691,,ERROR_PROCESSING,,,
11360805,,ERROR_PROCESSING,,,
UNKNOWN,,SKIPPED_ID_UNKNOWN,,,
11187436,,ERROR_PROCESSING,,,
UNKNOWN,,SKIPPED_ID_UNKNOWN,,,
11521793,,ERROR_PROCESSING,,,
10982872,,ERROR_PROCESSING,,,
11129258,,ERROR_PROCESSING,,,
UNKNOWN,,SKIPPED_ID_UNKNOWN,,,
11125613,,ERROR_PROCESSING,,,
11018648,,ERROR_PROCESSING,,,
11547505,,ERROR_PROCESSING,,,
10880507,,ERROR_PROCESSING,,,
UNKNOWN,,SKIPPED_ID_UNKNOWN,,,
10880507,,ERROR_PROCESSING,,,
UNKNOWN,,SKIPPED_ID_UNKNOWN,,,
10730070,,ERROR_PROCESSING,,,
10214162,,ERROR_PROCESSING,,,
11455181,,ERROR_PROCESSING,,,
11027624,,ERROR_PROCESSING,,,
10795103,,ERROR_PROCESSING,,,
UNKNOWN,,SKIPPED_ID_UNKNOWN,,,
UNKNOWN,,SKIPPED_ID_UNKNOWN,,,
UNKNOWN,,SKIPPED_ID_UNKNOWN,,,
11600889,,ERROR_PROCESSING,,,
11611600,,ERROR_PROCESSING,,,
10004738,,ERROR_PROCESSING,,,
UNKNOWN,,SKIPPED_ID_UNKNOWN,,,
11360571,,ERROR_PROCESSING,,,
11019987,,ERROR_PROCESSING,,,
10388286,,ERROR_PROCESSING,,,
11622600,,ERROR_PROCESSING,,,
11460018,,ERROR_PROCESSING,,,
10057494,,ERROR_PROCESSING,,,
11444514,,ERROR_PROCESSING,,,
11189311,,ERROR_PROCESSING,,,
UNKNOWN,,SKIPPED_ID_UNKNOWN,,,
10724369,,ERROR_PROCESSING,,,
10963242,,ERROR_PROCESSING,,,
UNKNOWN,,SKIPPED_ID_UNKNOWN,,,
10873260,,ERROR_PROCESSING,,,
10266615,,ERROR_PROCESSING,,,
10858832,,ERROR_PROCESSING,,,
UNKNOWN,,SKIPPED_ID_UNKNOWN,,,
10454313,,ERROR_PROCESSING,,,
10990886,,ERROR_PROCESSING,,,
UNKNOWN,,SKIPPED_ID_UNKNOWN,,,
UNKNOWN,,SKIPPED_ID_UNKNOWN,,,
10600955,,ERROR_PROCESSING,,,
11460462,,ERROR_PROCESSING,,,
11497977,,ERROR_PROCESSING,,,
11283615,,ERROR_PROCESSING,,,
10353968,,ERROR_PROCESSING,,,
11348997,,ERROR_PROCESSING,,,
10353968,,ERROR_PROCESSING,,,
UNKNOWN,,SKIPPED_ID_UNKNOWN,,,
11244137,,ERROR_PROCESSING,,,
10057494,,ERROR_PROCESSING,,,
11551692,,ERROR_PROCESSING,,,
11403530,,ERROR_PROCESSING,,,
11046458,,ERROR_PROCESSING,,,
10471515,,ERROR_PROCESSING,,,
11046458,,ERROR_PROCESSING,,,
10963065,,ERROR_PROCESSING,,,
10857519,,ERROR_PROCESSING,,,
UNKNOWN,,SKIPPED_ID_UNKNOWN,,,
UNKNOWN,,SKIPPED_ID_UNKNOWN,,,
10266615,,ERROR_PROCESSING,,,
10682541,,ERROR_PROCESSING,,,
10454313,,ERROR_PROCESSING,,,
10653179,,ERROR_PROCESSING,,,
UNKNOWN,,SKIPPED_ID_UNKNOWN,,,
10426656,,ERROR_PROCESSING,,,
UNKNOWN,,SKIPPED_ID_UNKNOWN,,,
10426656,,ERROR_PROCESSING,,,
10397751,,ERROR_PROCESSING,,,
10599206,,ERROR_PROCESSING,,,
UNKNOWN,,SKIPPED_ID_UNKNOWN,,,
10019065,,ERROR_PROCESSING,,,
10468885,,ERROR_PROCESSING,,,
10881457,,ERROR_PROCESSING,,,
UNKNOWN,,SKIPPED_ID_UNKNOWN,,,
UNKNOWN,,SKIPPED_ID_UNKNOWN,,,
10489206,,ERROR_PROCESSING,,,
UNKNOWN,,SKIPPED_ID_UNKNOWN,,,
11086270,,ERROR_PROCESSING,,,
UNKNOWN,,SKIPPED_ID_UNKNOWN,,,
10600261,,ERROR_PROCESSING,,,
11075429,,ERROR_PROCESSING,,,
10464050,,ERROR_PROCESSING,,,
11624249,,ERROR_PROCESSING,,,
10526549,,ERROR_PROCESSING,,,
10526549,,ERROR_PROCESSING,,,
10285631,,ERROR_PROCESSING,,,
10987985,,ERROR_PROCESSING,,,
10905239,,ERROR_PROCESSING,,,
10586004,,ERROR_PROCESSING,,,
10717241,,ERROR_PROCESSING,,,
11360805,,ERROR_PROCESSING,,,
10000941,,ERROR_PROCESSING,,,
11126381,,ERROR_PROCESSING,,,
10797460,,ERROR_PROCESSING,,,
11129738,,ERROR_PROCESSING,,,
11125613,,ERROR_PROCESSING,,,
11391018,,ERROR_PROCESSING,,,
11127479,,ERROR_PROCESSING,,,
10587105,,ERROR_PROCESSING,,,
10360722,,ERROR_PROCESSING,,,
11032227,,ERROR_PROCESSING,,,
11614617,,ERROR_PROCESSING,,,
11129258,,ERROR_PROCESSING,,,
UNKNOWN,,SKIPPED_ID_UNKNOWN,,,
10662202,,ERROR_PROCESSING,,,
UNKNOWN,,SKIPPED_ID_UNKNOWN,,,
11568987,,ERROR_PROCESSING,,,
10549023,,ERROR_PROCESSING,,,
10337258,,ERROR_PROCESSING,,,
10290666,,ERROR_PROCESSING,,,
10843590,,ERROR_PROCESSING,,,
10337258,,ERROR_PROCESSING,,,
UNKNOWN,,SKIPPED_ID_UNKNOWN,,,
UNKNOWN,,SKIPPED_ID_UNKNOWN,,,
11135308,,ERROR_PROCESSING,,,
10982872,,ERROR_PROCESSING,,,
11244682,,ERROR_PROCESSING,,,
11074541,,ERROR_PROCESSING,,,
11547505,,ERROR_PROCESSING,,,
10723367,,ERROR_PROCESSING,,,
10059645,,ERROR_PROCESSING,,,
11032227,,ERROR_PROCESSING,,,
11413812,,ERROR_PROCESSING,,,
10978763,,ERROR_PROCESSING,,,
10190777,,ERROR_PROCESSING,,,
11455181,,ERROR_PROCESSING,,,
11656246,,ERROR_PROCESSING,,,
10795103,,ERROR_PROCESSING,,,
10795103,,ERROR_PROCESSING,,,
11455181,,ERROR_PROCESSING,,,
UNKNOWN,,SKIPPED_ID_UNKNOWN,,,
UNKNOWN,,SKIPPED_ID_UNKNOWN,,,
UNKNOWN,,SKIPPED_ID_UNKNOWN,,,
10004738,,ERROR_PROCESSING,,,
11254382,,ERROR_PROCESSING,,,
10880507,,ERROR_PROCESSING,,,
11348997,,ERROR_PROCESSING,,,
10600955,,ERROR_PROCESSING,,,
10526887,,ERROR_PROCESSING,,,
UNKNOWN,,SKIPPED_ID_UNKNOWN,,,
10656823,,ERROR_PROCESSING,,,
11460462,,ERROR_PROCESSING,,,
10730703,,ERROR_PROCESSING,,,
11497977,,ERROR_PROCESSING,,,
10132832,,ERROR_PROCESSING,,,
10963242,,ERROR_PROCESSING,,,
11283615,,ERROR_PROCESSING,,,
UNKNOWN,,SKIPPED_ID_UNKNOWN,,,
11303322,,ERROR_PROCESSING,,,
UNKNOWN,,SKIPPED_ID_UNKNOWN,,,
11244137,,ERROR_PROCESSING,,,
UNKNOWN,,SKIPPED_ID_UNKNOWN,,,
UNKNOWN,,SKIPPED_ID_UNKNOWN,,,
10990886,,ERROR_PROCESSING,,,
10388286,,ERROR_PROCESSING,,,
UNKNOWN,,SKIPPED_ID_UNKNOWN,,,
UNKNOWN,,SKIPPED_ID_UNKNOWN,,,
UNKNOWN,,SKIPPED_ID_UNKNOWN,,,
UNKNOWN,,SKIPPED_ID_UNKNOWN,,,
UNKNOWN,,SKIPPED_ID_UNKNOWN,,,
UNKNOWN,,SKIPPED_ID_UNKNOWN,,,
11517719,,ERROR_PROCESSING,,,
11389771,,ERROR_PROCESSING,,,
UNKNOWN,,SKIPPED_ID_UNKNOWN,,,
10214162,,ERROR_PROCESSING,,,
11460018,,ERROR_PROCESSING,,,
10471515,,ERROR_PROCESSING,,,
UNKNOWN,,SKIPPED_ID_UNKNOWN,,,
UNKNOWN,,SKIPPED_ID_UNKNOWN,,,
10854555,,ERROR_PROCESSING,,,
UNKNOWN,,SKIPPED_ID_UNKNOWN,,,
10842192,,ERROR_PROCESSING,,,
11348997,,ERROR_PROCESSING,,,
10004738,,ERROR_PROCESSING,,,
UNKNOWN,,SKIPPED_ID_UNKNOWN,,,
10963065,,ERROR_PROCESSING,,,
10080248,,ERROR_PROCESSING,,,
11410904,,ERROR_PROCESSING,,,
UNKNOWN,,SKIPPED_ID_UNKNOWN,,,
11551692,,ERROR_PROCESSING,,,
UNKNOWN,,SKIPPED_ID_UNKNOWN,,,
10973664,,ERROR_PROCESSING,,,
11304958,,ERROR_PROCESSING,,,
UNKNOWN,,SKIPPED_ID_UNKNOWN,,,
11508644,,ERROR_PROCESSING,,,
10353968,,ERROR_PROCESSING,,,
10730034,,ERROR_PROCESSING,,,
10264660,,ERROR_PROCESSING,,,
10340423,,ERROR_PROCESSING,,,
11622600,,ERROR_PROCESSING,,,
UNKNOWN,,SKIPPED_ID_UNKNOWN,,,
10454313,,ERROR_PROCESSING,,,
10028535,,ERROR_PROCESSING,,,
UNKNOWN,,SKIPPED_ID_UNKNOWN,,,
UNKNOWN,,SKIPPED_ID_UNKNOWN,,,
11493431,,ERROR_PROCESSING,,,
10266615,,ERROR_PROCESSING,,,
11046458,,ERROR_PROCESSING,,,
UNKNOWN,,SKIPPED_ID_UNKNOWN,,,
10858832,,ERROR_PROCESSING,,,
UNKNOWN,,SKIPPED_ID_UNKNOWN,,,
11288051,,ERROR_PROCESSING,,,
UNKNOWN,,SKIPPED_ID_UNKNOWN,,,
10471515,,ERROR_PROCESSING,,,
11460018,,ERROR_PROCESSING,,,
UNKNOWN,,SKIPPED_ID_UNKNOWN,,,
10057494,,ERROR_PROCESSING,,,
11295426,,ERROR_PROCESSING,,,
UNKNOWN,,SKIPPED_ID_UNKNOWN,,,
10285631,,ERROR_PROCESSING,,,
10360722,,ERROR_PROCESSING,,,
11651712,,ERROR_PROCESSING,,,
10965588,,ERROR_PROCESSING,,,
10657406,,ERROR_PROCESSING,,,
10166274,,ERROR_PROCESSING,,,
11187436,,ERROR_PROCESSING,,,
10797460,,ERROR_PROCESSING,,,
11337566,,ERROR_PROCESSING,,,
10386922,,ERROR_PROCESSING,,,
11360805,,ERROR_PROCESSING,,,
11611275,,ERROR_PROCESSING,,,
10468885,,ERROR_PROCESSING,,,
10328393,,ERROR_PROCESSING,,,
10024701,,ERROR_PROCESSING,,,
UNKNOWN,,SKIPPED_ID_UNKNOWN,,,
10577994,,ERROR_PROCESSING,,,
UNKNOWN,,SKIPPED_ID_UNKNOWN,,,
UNKNOWN,,SKIPPED_ID_UNKNOWN,,,
10464050,,ERROR_PROCESSING,,,
UNKNOWN,,SKIPPED_ID_UNKNOWN,,,
UNKNOWN,,SKIPPED_ID_UNKNOWN,,,
11502867,,ERROR_PROCESSING,,,
10489206,,ERROR_PROCESSING,,,
11074178,,ERROR_PROCESSING,,,
11244682,,ERROR_PROCESSING,,,
11135308,,ERROR_PROCESSING,,,
10982872,,ERROR_PROCESSING,,,
10934674,,ERROR_PROCESSING,,,
10713616,,ERROR_PROCESSING,,,
10006581,,ERROR_PROCESSING,,,
11413812,,ERROR_PROCESSING,,,
UNKNOWN,,SKIPPED_ID_UNKNOWN,,,
UNKNOWN,,SKIPPED_ID_UNKNOWN,,,
11259686,,ERROR_PROCESSING,,,
11187436,,ERROR_PROCESSING,,,
11125797,,ERROR_PROCESSING,,,
UNKNOWN,,SKIPPED_ID_UNKNOWN,,,
10593626,,ERROR_PROCESSING,,,
10019708,,ERROR_PROCESSING,,,
10019708,,ERROR_PROCESSING,,,
UNKNOWN,,SKIPPED_ID_UNKNOWN,,,
10813132,,ERROR_PROCESSING,,,
11187837,,ERROR_PROCESSING,,,
11187837,,ERROR_PROCESSING,,,
11614617,,ERROR_PROCESSING,,,
11336883,,ERROR_PROCESSING,,,
10213902,,ERROR_PROCESSING,,,
10290666,,ERROR_PROCESSING,,,
10670119,,ERROR_PROCESSING,,,
11568987,,ERROR_PROCESSING,,,
10004519,,ERROR_PROCESSING,,,
11601584,,ERROR_PROCESSING,,,
11359879,,ERROR_PROCESSING,,,
10154388,,ERROR_PROCESSING,,,
11359879,,ERROR_PROCESSING,,,
11517719,,ERROR_PROCESSING,,,
UNKNOWN,,SKIPPED_ID_UNKNOWN,,,
11014932,,ERROR_PROCESSING,,,
UNKNOWN,,SKIPPED_ID_UNKNOWN,,,
UNKNOWN,,SKIPPED_ID_UNKNOWN,,,
UNKNOWN,,SKIPPED_ID_UNKNOWN,,,
11403530,,ERROR_PROCESSING,,,
UNKNOWN,,SKIPPED_ID_UNKNOWN,,,
11080405,,ERROR_PROCESSING,,,
10019643,,ERROR_PROCESSING,,,
10187017,,ERROR_PROCESSING,,,
10875245,,ERROR_PROCESSING,,,
10722485,,ERROR_PROCESSING,,,
10875245,,ERROR_PROCESSING,,,
11254382,,ERROR_PROCESSING,,,
11360571,,ERROR_PROCESSING,,,
UNKNOWN,,SKIPPED_ID_UNKNOWN,,,
10024051,,ERROR_PROCESSING,,,
10793172,,ERROR_PROCESSING,,,
10905746,,ERROR_PROCESSING,,,
11100383,,ERROR_PROCESSING,,,
10020423,,ERROR_PROCESSING,,,
11303322,,ERROR_PROCESSING,,,
10730703,,ERROR_PROCESSING,,,
10132832,,ERROR_PROCESSING,,,
11623629,,ERROR_PROCESSING,,,
10266615,,ERROR_PROCESSING,,,
11090556,,ERROR_PROCESSING,,,
10864531,,ERROR_PROCESSING,,,
10454313,,ERROR_PROCESSING,,,
10682541,,ERROR_PROCESSING,,,
10748390,,ERROR_PROCESSING,,,
11075737,,ERROR_PROCESSING,,,
10340423,,ERROR_PROCESSING,,,
11650401,,ERROR_PROCESSING,,,
11565924,,ERROR_PROCESSING,,,
10057494,,ERROR_PROCESSING,,,
11153121,,ERROR_PROCESSING,,,
11612280,,ERROR_PROCESSING,,,
11403530,,ERROR_PROCESSING,,,
11560897,,ERROR_PROCESSING,,,
10332883,,ERROR_PROCESSING,,,
11361646,,ERROR_PROCESSING,,,
11360571,,ERROR_PROCESSING,,,
11499192,,ERROR_PROCESSING,,,
UNKNOWN,,SKIPPED_ID_UNKNOWN,,,
11043167,,ERROR_PROCESSING,,,
10842192,,ERROR_PROCESSING,,,
UNKNOWN,,SKIPPED_ID_UNKNOWN,,,
10744335,,ERROR_PROCESSING,,,
UNKNOWN,,SKIPPED_ID_UNKNOWN,,,
11074835,,ERROR_PROCESSING,,,
10453588,,ERROR_PROCESSING,,,
11509504,,ERROR_PROCESSING,,,
11177676,,ERROR_PROCESSING,,,
10686864,,ERROR_PROCESSING,,,
10686864,,ERROR_PROCESSING,,,
10908248,,ERROR_PROCESSING,,,
11133306,,ERROR_PROCESSING,,,
11410904,,ERROR_PROCESSING,,,
UNKNOWN,,SKIPPED_ID_UNKNOWN,,,
UNKNOWN,,SKIPPED_ID_UNKNOWN,,,
10358759,,ERROR_PROCESSING,,,
10600955,,ERROR_PROCESSING,,,
10526887,,ERROR_PROCESSING,,,
UNKNOWN,,SKIPPED_ID_UNKNOWN,,,
10006581,,ERROR_PROCESSING,,,
11342416,,ERROR_PROCESSING,,,
11250587,,ERROR_PROCESSING,,,
11460462,,ERROR_PROCESSING,,,
11497977,,ERROR_PROCESSING,,,
11283615,,ERROR_PROCESSING,,,
UNKNOWN,,SKIPPED_ID_UNKNOWN,,,
UNKNOWN,,SKIPPED_ID_UNKNOWN,,,
10460984,,ERROR_PROCESSING,,,
11547513,,ERROR_PROCESSING,,,
UNKNOWN,,SKIPPED_ID_UNKNOWN,,,
11244137,,ERROR_PROCESSING,,,
UNKNOWN,,SKIPPED_ID_UNKNOWN,,,
10549023,,ERROR_PROCESSING,,,
10585738,,ERROR_PROCESSING,,,
UNKNOWN,,SKIPPED_ID_UNKNOWN,,,
11600889,,ERROR_PROCESSING,,,
10854555,,ERROR_PROCESSING,,,
10730070,,ERROR_PROCESSING,,,
UNKNOWN,,SKIPPED_ID_UNKNOWN,,,
10545066,,ERROR_PROCESSING,,,
10063802,,ERROR_PROCESSING,,,
10360722,,ERROR_PROCESSING,,,
10329469,,ERROR_PROCESSING,,,
10285631,,ERROR_PROCESSING,,,
11611600,,ERROR_PROCESSING,,,
10264660,,ERROR_PROCESSING,,,
10730034,,ERROR_PROCESSING,,,
10873260,,ERROR_PROCESSING,,,
UNKNOWN,,SKIPPED_ID_UNKNOWN,,,
10973664,,ERROR_PROCESSING,,,
11019987,,ERROR_PROCESSING,,,
UNKNOWN,,SKIPPED_ID_UNKNOWN,,,
11027624,,ERROR_PROCESSING,,,
11622600,,ERROR_PROCESSING,,,
UNKNOWN,,SKIPPED_ID_UNKNOWN,,,
10489206,,ERROR_PROCESSING,,,
UNKNOWN,,SKIPPED_ID_UNKNOWN,,,
UNKNOWN,,SKIPPED_ID_UNKNOWN,,,
11356260,,ERROR_PROCESSING,,,
UNKNOWN,,SKIPPED_ID_UNKNOWN,,,
11444514,,ERROR_PROCESSING,,,
11518142,,ERROR_PROCESSING,,,
10022908,,ERROR_PROCESSING,,,
10024701,,ERROR_PROCESSING,,,
UNKNOWN,,SKIPPED_ID_UNKNOWN,,,
10404582,,ERROR_PROCESSING,,,
UNKNOWN,,SKIPPED_ID_UNKNOWN,,,
10858691,,ERROR_PROCESSING,,,
10265898,,ERROR_PROCESSING,,,
10028535,,ERROR_PROCESSING,,,
11415243,,ERROR_PROCESSING,,,
11018648,,ERROR_PROCESSING,,,
11177707,,ERROR_PROCESSING,,,
UNKNOWN,,SKIPPED_ID_UNKNOWN,,,
10864656,,ERROR_PROCESSING,,,
10864656,,ERROR_PROCESSING,,,
10879038,,ERROR_PROCESSING,,,
10879038,,ERROR_PROCESSING,,,
11410904,,ERROR_PROCESSING,,,
10271806,,ERROR_PROCESSING,,,
11401755,,ERROR_PROCESSING,,,
10189546,,ERROR_PROCESSING,,,
10063208,,ERROR_PROCESSING,,,
10709622,,ERROR_PROCESSING,,,
10617017,,ERROR_PROCESSING,,,
10525027,,ERROR_PROCESSING,,,
UNKNOWN,,SKIPPED_ID_UNKNOWN,,,
11498128,,ERROR_PROCESSING,,,
10525027,,ERROR_PROCESSING,,,
10593535,,ERROR_PROCESSING,,,
11461844,,ERROR_PROCESSING,,,
11073351,,ERROR_PROCESSING,,,
11125613,,ERROR_PROCESSING,,,
10027247,,ERROR_PROCESSING,,,
10468940,,ERROR_PROCESSING,,,
10388286,,ERROR_PROCESSING,,,
11517719,,ERROR_PROCESSING,,,
10528068,,ERROR_PROCESSING,,,
10528068,,ERROR_PROCESSING,,,
10154388,,ERROR_PROCESSING,,,
UNKNOWN,,SKIPPED_ID_UNKNOWN,,,
UNKNOWN,,SKIPPED_ID_UNKNOWN,,,
10132832,,ERROR_PROCESSING,,,
10271806,,ERROR_PROCESSING,,,
10730703,,ERROR_PROCESSING,,,
10663396,,ERROR_PROCESSING,,,
UNKNOWN,,SKIPPED_ID_UNKNOWN,,,
10684670,,ERROR_PROCESSING,,,
10684670,,ERROR_PROCESSING,,,
11402995,,ERROR_PROCESSING,,,
UNKNOWN,,SKIPPED_ID_UNKNOWN,,,
11656721,,ERROR_PROCESSING,,,
10190777,,ERROR_PROCESSING,,,
UNKNOWN,,SKIPPED_ID_UNKNOWN,,,
11401767,,ERROR_PROCESSING,,,
10549023,,ERROR_PROCESSING,,,
10666592,,ERROR_PROCESSING,,,
11014932,,ERROR_PROCESSING,,,
10141900,,ERROR_PROCESSING,,,
11568987,,ERROR_PROCESSING,,,
UNKNOWN,,SKIPPED_ID_UNKNOWN,,,
UNKNOWN,,SKIPPED_ID_UNKNOWN,,,
UNKNOWN,,SKIPPED_ID_UNKNOWN,,,
UNKNOWN,,SKIPPED_ID_UNKNOWN,,,
10005758,,ERROR_PROCESSING,,,
11100383,,ERROR_PROCESSING,,,
11614617,,ERROR_PROCESSING,,,
10187017,,ERROR_PROCESSING,,,
11413812,,ERROR_PROCESSING,,,
11342416,,ERROR_PROCESSING,,,
10070468,,ERROR_PROCESSING,,,
UNKNOWN,,SKIPPED_ID_UNKNOWN,,,
11037818,,ERROR_PROCESSING,,,
10006581,,ERROR_PROCESSING,,,
UNKNOWN,,SKIPPED_ID_UNKNOWN,,,
10358759,,ERROR_PROCESSING,,,
10027323,,ERROR_PROCESSING,,,
11135308,,ERROR_PROCESSING,,,
UNKNOWN,,SKIPPED_ID_UNKNOWN,,,
11244682,,ERROR_PROCESSING,,,
11621223,,ERROR_PROCESSING,,,
10460984,,ERROR_PROCESSING,,,
10583761,,ERROR_PROCESSING,,,
10130039,,ERROR_PROCESSING,,,
11401182,,ERROR_PROCESSING,,,
11623629,,ERROR_PROCESSING,,,
11356260,,ERROR_PROCESSING,,,
10619192,,ERROR_PROCESSING,,,
11401767,,ERROR_PROCESSING,,,
10717220,,ERROR_PROCESSING,,,
UNKNOWN,,SKIPPED_ID_UNKNOWN,,,
10187159,,ERROR_PROCESSING,,,
10453588,,ERROR_PROCESSING,,,
10005758,,ERROR_PROCESSING,,,
UNKNOWN,,SKIPPED_ID_UNKNOWN,,,
10024701,,ERROR_PROCESSING,,,
11565924,,ERROR_PROCESSING,,,
10964440,,ERROR_PROCESSING,,,
11133306,,ERROR_PROCESSING,,,
11560897,,ERROR_PROCESSING,,,
10984090,,ERROR_PROCESSING,,,
10329469,,ERROR_PROCESSING,,,
UNKNOWN,,SKIPPED_ID_UNKNOWN,,,
UNKNOWN,,SKIPPED_ID_UNKNOWN,,,
UNKNOWN,,SKIPPED_ID_UNKNOWN,,,
10418224,,ERROR_PROCESSING,,,
11509504,,ERROR_PROCESSING,,,
UNKNOWN,,SKIPPED_ID_UNKNOWN,,,
10797460,,ERROR_PROCESSING,,,
11253711,,ERROR_PROCESSING,,,
10748390,,ERROR_PROCESSING,,,
11075737,,ERROR_PROCESSING,,,
10909127,,ERROR_PROCESSING,,,
11253711,,ERROR_PROCESSING,,,
UNKNOWN,,SKIPPED_ID_UNKNOWN,,,
10350571,,ERROR_PROCESSING,,,
10777591,,ERROR_PROCESSING,,,
11453592,,ERROR_PROCESSING,,,
UNKNOWN,,SKIPPED_ID_UNKNOWN,,,
10583761,,ERROR_PROCESSING,,,
11621223,,ERROR_PROCESSING,,,
UNKNOWN,,SKIPPED_ID_UNKNOWN,,,
10010440,,ERROR_PROCESSING,,,
10617017,,ERROR_PROCESSING,,,
11179076,,ERROR_PROCESSING,,,
UNKNOWN,,SKIPPED_ID_UNKNOWN,,,
10709622,,ERROR_PROCESSING,,,
10189546,,ERROR_PROCESSING,,,
11572193,,ERROR_PROCESSING,,,
11090765,,ERROR_PROCESSING,,,
10657406,,ERROR_PROCESSING,,,
10874614,,ERROR_PROCESSING,,,
11461844,,ERROR_PROCESSING,,,
10874614,,ERROR_PROCESSING,,,
11651712,,ERROR_PROCESSING,,,
10593535,,ERROR_PROCESSING,,,
10136549,,ERROR_PROCESSING,,,
11461433,,ERROR_PROCESSING,,,
10068659,,ERROR_PROCESSING,,,
10272640,,ERROR_PROCESSING,,,
11442793,,ERROR_PROCESSING,,,
10842192,,ERROR_PROCESSING,,,
11611275,,ERROR_PROCESSING,,,
UNKNOWN,,SKIPPED_ID_UNKNOWN,,,
11295426,,ERROR_PROCESSING,,,
11403044,,ERROR_PROCESSING,,,
10157458,,ERROR_PROCESSING,,,
10910878,,ERROR_PROCESSING,,,
UNKNOWN,,SKIPPED_ID_UNKNOWN,,,
10585852,,ERROR_PROCESSING,,,
10329196,,ERROR_PROCESSING,,,
UNKNOWN,,SKIPPED_ID_UNKNOWN,,,
10340423,,ERROR_PROCESSING,,,
11177707,,ERROR_PROCESSING,,,
11069176,,ERROR_PROCESSING,,,
10028535,,ERROR_PROCESSING,,,
10905911,,ERROR_PROCESSING,,,
11358389,,ERROR_PROCESSING,,,
10289119,,ERROR_PROCESSING,,,
11090765,,ERROR_PROCESSING,,,
10989274,,ERROR_PROCESSING,,,
10724369,,ERROR_PROCESSING,,,
11303322,,ERROR_PROCESSING,,,
11254382,,ERROR_PROCESSING,,,
11015323,,ERROR_PROCESSING,,,
11512246,,ERROR_PROCESSING,,,
11125797,,ERROR_PROCESSING,,,
10933561,,ERROR_PROCESSING,,,
10925104,,ERROR_PROCESSING,,,
UNKNOWN,,SKIPPED_ID_UNKNOWN,,,
10213902,,ERROR_PROCESSING,,,
10027247,,ERROR_PROCESSING,,,
10713616,,ERROR_PROCESSING,,,
10026502,,ERROR_PROCESSING,,,
UNKNOWN,,SKIPPED_ID_UNKNOWN,,,
11403044,,ERROR_PROCESSING,,,
UNKNOWN,,SKIPPED_ID_UNKNOWN,,,
11457726,,ERROR_PROCESSING,,,
10154388,,ERROR_PROCESSING,,,
11457726,,ERROR_PROCESSING,,,
10055126,,ERROR_PROCESSING,,,
10714072,,ERROR_PROCESSING,,,
10388286,,ERROR_PROCESSING,,,
11069176,,ERROR_PROCESSING,,,
10744335,,ERROR_PROCESSING,,,
10122538,,ERROR_PROCESSING,,,
11361646,,ERROR_PROCESSING,,,
11244682,,ERROR_PROCESSING,,,
UNKNOWN,,SKIPPED_ID_UNKNOWN,,,
10875245,,ERROR_PROCESSING,,,
11135308,,ERROR_PROCESSING,,,
10723367,,ERROR_PROCESSING,,,
11565924,,ERROR_PROCESSING,,,
10978763,,ERROR_PROCESSING,,,
11413812,,ERROR_PROCESSING,,,
11401767,,ERROR_PROCESSING,,,
11037818,,ERROR_PROCESSING,,,
10070468,,ERROR_PROCESSING,,,
11560897,,ERROR_PROCESSING,,,
10460984,,ERROR_PROCESSING,,,
11614617,,ERROR_PROCESSING,,,
UNKNOWN,,SKIPPED_ID_UNKNOWN,,,
UNKNOWN,,SKIPPED_ID_UNKNOWN,,,
11509504,,ERROR_PROCESSING,,,
10676014,,ERROR_PROCESSING,,,
10864531,,ERROR_PROCESSING,,,
11568987,,ERROR_PROCESSING,,,
UNKNOWN,,SKIPPED_ID_UNKNOWN,,,
10350571,,ERROR_PROCESSING,,,
11177676,,ERROR_PROCESSING,,,
11153121,,ERROR_PROCESSING,,,
UNKNOWN,,SKIPPED_ID_UNKNOWN,,,
11337372,,ERROR_PROCESSING,,,
10358759,,ERROR_PROCESSING,,,
10777591,,ERROR_PROCESSING,,,
10453588,,ERROR_PROCESSING,,,
10453588,,ERROR_PROCESSING,,,
10722485,,ERROR_PROCESSING,,,
11014932,,ERROR_PROCESSING,,,
10005758,,ERROR_PROCESSING,,,
10141900,,ERROR_PROCESSING,,,
UNKNOWN,,SKIPPED_ID_UNKNOWN,,,
11133306,,ERROR_PROCESSING,,,
10020423,,ERROR_PROCESSING,,,
10797460,,ERROR_PROCESSING,,,
11133306,,ERROR_PROCESSING,,,
10019643,,ERROR_PROCESSING,,,
10909127,,ERROR_PROCESSING,,,
UNKNOWN,,SKIPPED_ID_UNKNOWN,,,
11621223,,ERROR_PROCESSING,,,
10460984,,ERROR_PROCESSING,,,
10583761,,ERROR_PROCESSING,,,
11075737,,ERROR_PROCESSING,,,
10748390,,ERROR_PROCESSING,,,
UNKNOWN,,SKIPPED_ID_UNKNOWN,,,
10748390,,ERROR_PROCESSING,,,
11253711,,ERROR_PROCESSING,,,
UNKNOWN,,SKIPPED_ID_UNKNOWN,,,
UNKNOWN,,SKIPPED_ID_UNKNOWN,,,
11499228,,ERROR_PROCESSING,,,
UNKNOWN,,SKIPPED_ID_UNKNOWN,,,
10418224,,ERROR_PROCESSING,,,
UNKNOWN,,SKIPPED_ID_UNKNOWN,,,
11624249,,ERROR_PROCESSING,,,
10905746,,ERROR_PROCESSING,,,
UNKNOWN,,SKIPPED_ID_UNKNOWN,,,
11080405,,ERROR_PROCESSING,,,
10203349,,ERROR_PROCESSING,,,
10340423,,ERROR_PROCESSING,,,
UNKNOWN,,SKIPPED_ID_UNKNOWN,,,
11090556,,ERROR_PROCESSING,,,
UNKNOWN,,SKIPPED_ID_UNKNOWN,,,
10593626,,ERROR_PROCESSING,,,
11495458,,ERROR_PROCESSING,,,
UNKNOWN,,SKIPPED_ID_UNKNOWN,,,
10253547,,ERROR_PROCESSING,,,
10189546,,ERROR_PROCESSING,,,
10617017,,ERROR_PROCESSING,,,
UNKNOWN,,SKIPPED_ID_UNKNOWN,,,
10874614,,ERROR_PROCESSING,,,
11394027,,ERROR_PROCESSING,,,
11512246,,ERROR_PROCESSING,,,
UNKNOWN,,SKIPPED_ID_UNKNOWN,,,
10842192,,ERROR_PROCESSING,,,
11125797,,ERROR_PROCESSING,,,
11074178,,ERROR_PROCESSING,,,
10213902,,ERROR_PROCESSING,,,
11337566,,ERROR_PROCESSING,,,
UNKNOWN,,SKIPPED_ID_UNKNOWN,,,
11403044,,ERROR_PROCESSING,,,
10055126,,ERROR_PROCESSING,,,
10714072,,ERROR_PROCESSING,,,
11284772,,ERROR_PROCESSING,,,
UNKNOWN,,SKIPPED_ID_UNKNOWN,,,
10010440,,ERROR_PROCESSING,,,
11442793,,ERROR_PROCESSING,,,
11179076,,ERROR_PROCESSING,,,
UNKNOWN,,SKIPPED_ID_UNKNOWN,,,
UNKNOWN,,SKIPPED_ID_UNKNOWN,,,
10657406,,ERROR_PROCESSING,,,
10189546,,ERROR_PROCESSING,,,
10271806,,ERROR_PROCESSING,,,
11651712,,ERROR_PROCESSING,,,
11090765,,ERROR_PROCESSING,,,
10989274,,ERROR_PROCESSING,,,
10136549,,ERROR_PROCESSING,,,
10386922,,ERROR_PROCESSING,,,
UNKNOWN,,SKIPPED_ID_UNKNOWN,,,
11461433,,ERROR_PROCESSING,,,
10214162,,ERROR_PROCESSING,,,
10601284,,ERROR_PROCESSING,,,
UNKNOWN,,SKIPPED_ID_UNKNOWN,,,
11069176,,ERROR_PROCESSING,,,
11611275,,ERROR_PROCESSING,,,
10328393,,ERROR_PROCESSING,,,
10157458,,ERROR_PROCESSING,,,
11254382,,ERROR_PROCESSING,,,
10027247,,ERROR_PROCESSING,,,
11303322,,ERROR_PROCESSING,,,
10937029,,ERROR_PROCESSING,,,
10724369,,ERROR_PROCESSING,,,
10793172,,ERROR_PROCESSING,,,
11502867,,ERROR_PROCESSING,,,
11457726,,ERROR_PROCESSING,,,
10730070,,ERROR_PROCESSING,,,
UNKNOWN,,SKIPPED_ID_UNKNOWN,,,
UNKNOWN,,SKIPPED_ID_UNKNOWN,,,
10552611,,ERROR_PROCESSING,,,
10676014,,ERROR_PROCESSING,,,
UNKNOWN,,SKIPPED_ID_UNKNOWN,,,
10329469,,ERROR_PROCESSING,,,
11611600,,ERROR_PROCESSING,,,
10730034,,ERROR_PROCESSING,,,
10264660,,ERROR_PROCESSING,,,
11288051,,ERROR_PROCESSING,,,
10973664,,ERROR_PROCESSING,,,
11019987,,ERROR_PROCESSING,,,
UNKNOWN,,SKIPPED_ID_UNKNOWN,,,
10965008,,ERROR_PROCESSING,,,
UNKNOWN,,SKIPPED_ID_UNKNOWN,,,
10795103,,ERROR_PROCESSING,,,
11250587,,ERROR_PROCESSING,,,
11444514,,ERROR_PROCESSING,,,
11356260,,ERROR_PROCESSING,,,
11600889,,ERROR_PROCESSING,,,
10858832,,ERROR_PROCESSING,,,
11508644,,ERROR_PROCESSING,,,
11017901,,ERROR_PROCESSING,,,
11401767,,ERROR_PROCESSING,,,
11304958,,ERROR_PROCESSING,,,
10978763,,ERROR_PROCESSING,,,
UNKNOWN,,SKIPPED_ID_UNKNOWN,,,
UNKNOWN,,SKIPPED_ID_UNKNOWN,,,
10585738,,ERROR_PROCESSING,,,
10080248,,ERROR_PROCESSING,,,
10723367,,ERROR_PROCESSING,,,
10975146,,ERROR_PROCESSING,,,
11518142,,ERROR_PROCESSING,,,
10526887,,ERROR_PROCESSING,,,
10545066,,ERROR_PROCESSING,,,
10583761,,ERROR_PROCESSING,,,
11621223,,ERROR_PROCESSING,,,
UNKNOWN,,SKIPPED_ID_UNKNOWN,,,
10545066,,ERROR_PROCESSING,,,
11624249,,ERROR_PROCESSING,,,
11342416,,ERROR_PROCESSING,,,
10329469,,ERROR_PROCESSING,,,
10418224,,ERROR_PROCESSING,,,
10790387,,ERROR_PROCESSING,,,
UNKNOWN,,SKIPPED_ID_UNKNOWN,,,
10005758,,ERROR_PROCESSING,,,
UNKNOWN,,SKIPPED_ID_UNKNOWN,,,
11356260,,ERROR_PROCESSING,,,
10656823,,ERROR_PROCESSING,,,
UNKNOWN,,SKIPPED_ID_UNKNOWN,,,
10468940,,ERROR_PROCESSING,,,
10586004,,ERROR_PROCESSING,,,
UNKNOWN,,SKIPPED_ID_UNKNOWN,,,
10864656,,ERROR_PROCESSING,,,
10879038,,ERROR_PROCESSING,,,
UNKNOWN,,SKIPPED_ID_UNKNOWN,,,
UNKNOWN,,SKIPPED_ID_UNKNOWN,,,
11415243,,ERROR_PROCESSING,,,
11415243,,ERROR_PROCESSING,,,
11403044,,ERROR_PROCESSING,,,
11410904,,ERROR_PROCESSING,,,
UNKNOWN,,SKIPPED_ID_UNKNOWN,,,
UNKNOWN,,SKIPPED_ID_UNKNOWN,,,
11461844,,ERROR_PROCESSING,,,
UNKNOWN,,SKIPPED_ID_UNKNOWN,,,
10272442,,ERROR_PROCESSING,,,
UNKNOWN,,SKIPPED_ID_UNKNOWN,,,
11090556,,ERROR_PROCESSING,,,
UNKNOWN,,SKIPPED_ID_UNKNOWN,,,
10593535,,ERROR_PROCESSING,,,
10063208,,ERROR_PROCESSING,,,
10063208,,ERROR_PROCESSING,,,
10843590,,ERROR_PROCESSING,,,
UNKNOWN,,SKIPPED_ID_UNKNOWN,,,
UNKNOWN,,SKIPPED_ID_UNKNOWN,,,
10709622,,ERROR_PROCESSING,,,
10525027,,ERROR_PROCESSING,,,
10924562,,ERROR_PROCESSING,,,
10878263,,ERROR_PROCESSING,,,
10583066,,ERROR_PROCESSING,,,
10905239,,ERROR_PROCESSING,,,
11074541,,ERROR_PROCESSING,,,
UNKNOWN,,SKIPPED_ID_UNKNOWN,,,
11177707,,ERROR_PROCESSING,,,
11069176,,ERROR_PROCESSING,,,
10528068,,ERROR_PROCESSING,,,
10793172,,ERROR_PROCESSING,,,
11127479,,ERROR_PROCESSING,,,
11236244,,ERROR_PROCESSING,,,
10132832,,ERROR_PROCESSING,,,
UNKNOWN,,SKIPPED_ID_UNKNOWN,,,
10730703,,ERROR_PROCESSING,,,
11126381,,ERROR_PROCESSING,,,
11075429,,ERROR_PROCESSING,,,
10000941,,ERROR_PROCESSING,,,
10227020,,ERROR_PROCESSING,,,
10593535,,ERROR_PROCESSING,,,
10019065,,ERROR_PROCESSING,,,
11517719,,ERROR_PROCESSING,,,
UNKNOWN,,SKIPPED_ID_UNKNOWN,,,
UNKNOWN,,SKIPPED_ID_UNKNOWN,,,
11461844,,ERROR_PROCESSING,,,
11442793,,ERROR_PROCESSING,,,
10214162,,ERROR_PROCESSING,,,
10337258,,ERROR_PROCESSING,,,
10709622,,ERROR_PROCESSING,,,
10905911,,ERROR_PROCESSING,,,
UNKNOWN,,SKIPPED_ID_UNKNOWN,,,
10989274,,ERROR_PROCESSING,,,
11090765,,ERROR_PROCESSING,,,
10271806,,ERROR_PROCESSING,,,
10684670,,ERROR_PROCESSING,,,
11086270,,ERROR_PROCESSING,,,
279912421,,ERROR_PROCESSING,,,
159306035,,ERROR_PROCESSING,,,
351766026,,ERROR_PROCESSING,,,
159652365,,ERROR_PROCESSING,,,
158393140,,ERROR_PROCESSING,,,
164882874,,ERROR_PROCESSING,,,
164557531,,ERROR_PROCESSING,,,
273684056,,ERROR_PROCESSING,,,
172422394,,ERROR_PROCESSING,,,
120899739,,ERROR_PROCESSING,,,
185059488,,ERROR_PROCESSING,,,
121393780,,ERROR_PROCESSING,,,
272843045,,ERROR_PROCESSING,,,
273379486,,ERROR_PROCESSING,,,
299088476,,ERROR_PROCESSING,,,
138642518,,ERROR_PROCESSING,,,
159763612,,ERROR_PROCESSING,,,
120626764,,ERROR_PROCESSING,,,
299159803,,ERROR_PROCESSING,,,
273581650,,ERROR_PROCESSING,,,
138805722,,ERROR_PROCESSING,,,
138095964,,ERROR_PROCESSING,,,
137555668,,ERROR_PROCESSING,,,
164525250,,ERROR_PROCESSING,,,
350812819,,ERROR_PROCESSING,,,
170255099,,ERROR_PROCESSING,,,
268381905,,ERROR_PROCESSING,,,
158487647,,ERROR_PROCESSING,,,
159047480,,ERROR_PROCESSING,,,
171089248,,ERROR_PROCESSING,,,
27844498,,ERROR_PROCESSING,,,
405685900,,ERROR_PROCESSING,,,
121121622,,ERROR_PROCESSING,,,
271970252,,ERROR_PROCESSING,,,
138574002,,ERROR_PROCESSING,,,
268482699,,ERROR_PROCESSING,,,
399826741,,ERROR_PROCESSING,,,
239306767,,ERROR_PROCESSING,,,
271040768,,ERROR_PROCESSING,,,
273042548,,ERROR_PROCESSING,,,
158433469,,ERROR_PROCESSING,,,
138971570,,ERROR_PROCESSING,,,
137408962,,ERROR_PROCESSING,,,
271666873,,ERROR_PROCESSING,,,
122446076,,ERROR_PROCESSING,,,
271349889,,ERROR_PROCESSING,,,
273131063,,ERROR_PROCESSING,,,
63126950,,ERROR_PROCESSING,,,
63010040,,ERROR_PROCESSING,,,
273505466,,ERROR_PROCESSING,,,
120686440,,ERROR_PROCESSING,,,
122304494,,ERROR_PROCESSING,,,
158491288,,ERROR_PROCESSING,,,
352011875,,ERROR_PROCESSING,,,
279918206,,ERROR_PROCESSING,,,
26960947,,ERROR_PROCESSING,,,
120316928,,ERROR_PROCESSING,,,
164830883,,ERROR_PROCESSING,,,
272945408,,ERROR_PROCESSING,,,
273875270,,ERROR_PROCESSING,,,
27006032,,ERROR_PROCESSING,,,
272606395,,ERROR_PROCESSING,,,
63074282,,ERROR_PROCESSING,,,
138639253,,ERROR_PROCESSING,,,
27992168,,ERROR_PROCESSING,,,
120422248,,ERROR_PROCESSING,,,
273043307,,ERROR_PROCESSING,,,
184296343,,ERROR_PROCESSING,,,
299096355,,ERROR_PROCESSING,,,
164726308,,ERROR_PROCESSING,,,
158272742,,ERROR_PROCESSING,,,
137220754,,ERROR_PROCESSING,,,
121865891,,ERROR_PROCESSING,,,
268383780,,ERROR_PROCESSING,,,
121945407,,ERROR_PROCESSING,,,
164556454,,ERROR_PROCESSING,,,
271425111,,ERROR_PROCESSING,,,
272720444,,ERROR_PROCESSING,,,
121124831,,ERROR_PROCESSING,,,
272078097,,ERROR_PROCESSING,,,
158272904,,ERROR_PROCESSING,,,
416282321,,ERROR_PROCESSING,,,
158553540,,ERROR_PROCESSING,,,
26885588,,ERROR_PROCESSING,,,
272490653,,ERROR_PROCESSING,,,
164886585,,ERROR_PROCESSING,,,
164458426,,ERROR_PROCESSING,,,
169175314,,ERROR_PROCESSING,,,
121326995,,ERROR_PROCESSING,,,
171504550,,ERROR_PROCESSING,,,
121016578,,ERROR_PROCESSING,,,
399826741,,ERROR_PROCESSING,,,
27238819,,ERROR_PROCESSING,,,
164784457,,ERROR_PROCESSING,,,
120890307,,ERROR_PROCESSING,,,
270700074,,ERROR_PROCESSING,,,
121121622,,ERROR_PROCESSING,,,
170344769,,ERROR_PROCESSING,,,
138893145,,ERROR_PROCESSING,,,
268486394,,ERROR_PROCESSING,,,
164552564,,ERROR_PROCESSING,,,
272489351,,ERROR_PROCESSING,,,
137347686,,ERROR_PROCESSING,,,
27844498,,ERROR_PROCESSING,,,
122712595,,ERROR_PROCESSING,,,
27767184,,ERROR_PROCESSING,,,
158431625,,ERROR_PROCESSING,,,
172424981,,ERROR_PROCESSING,,,
274198139,,ERROR_PROCESSING,,,
121394270,,ERROR_PROCESSING,,,
269269387,,ERROR_PROCESSING,,,
164527723,,ERROR_PROCESSING,,,
271666873,,ERROR_PROCESSING,,,
123357864,,ERROR_PROCESSING,,,
27082352,,ERROR_PROCESSING,,,
298785215,,ERROR_PROCESSING,,,
271040947,,ERROR_PROCESSING,,,
159720778,,ERROR_PROCESSING,,,
275570163,,ERROR_PROCESSING,,,
185060842,,ERROR_PROCESSING,,,
123357864,,ERROR_PROCESSING,,,
121277143,,ERROR_PROCESSING,,,
270618239,,ERROR_PROCESSING,,,
268305489,,ERROR_PROCESSING,,,
158626827,,ERROR_PROCESSING,,,
158387021,,ERROR_PROCESSING,,,
298969838,,ERROR_PROCESSING,,,
416280988,,ERROR_PROCESSING,,,
184947995,,ERROR_PROCESSING,,,
120317590,,ERROR_PROCESSING,,,
121326995,,ERROR_PROCESSING,,,
185062334,,ERROR_PROCESSING,,,
272719652,,ERROR_PROCESSING,,,
407002705,,ERROR_PROCESSING,,,
122682776,,ERROR_PROCESSING,,,
272372635,,ERROR_PROCESSING,,,
122365045,,ERROR_PROCESSING,,,
122781449,,ERROR_PROCESSING,,,
273143229,,ERROR_PROCESSING,,,
184554469,,ERROR_PROCESSING,,,
63368767,,ERROR_PROCESSING,,,
270701311,,ERROR_PROCESSING,,,
159719243,,ERROR_PROCESSING,,,
350987976,,ERROR_PROCESSING,,,
120764848,,ERROR_PROCESSING,,,
122603455,,ERROR_PROCESSING,,,
120960812,,ERROR_PROCESSING,,,
48528261,,ERROR_PROCESSING,,,
159716878,,ERROR_PROCESSING,,,
169819162,,ERROR_PROCESSING,,,
27991129,,ERROR_PROCESSING,,,
158925786,,ERROR_PROCESSING,,,
158218734,,ERROR_PROCESSING,,,
240183724,,ERROR_PROCESSING,,,
164457525,,ERROR_PROCESSING,,,
137549183,,ERROR_PROCESSING,,,
350810419,,ERROR_PROCESSING,,,
48418928,,ERROR_PROCESSING,,,
164558072,,ERROR_PROCESSING,,,
399794329,,ERROR_PROCESSING,,,
271761549,,ERROR_PROCESSING,,,
63075119,,ERROR_PROCESSING,,,
164726308,,ERROR_PROCESSING,,,
26656583,,ERROR_PROCESSING,,,
123445947,,ERROR_PROCESSING,,,
63449090,,ERROR_PROCESSING,,,
299096355,,ERROR_PROCESSING,,,
63126950,,ERROR_PROCESSING,,,
298969838,,ERROR_PROCESSING,,,
184423993,,ERROR_PROCESSING,,,
169467727,,ERROR_PROCESSING,,,
121019852,,ERROR_PROCESSING,,,
27846645,,ERROR_PROCESSING,,,
270780240,,ERROR_PROCESSING,,,
164781045,,ERROR_PROCESSING,,,
273375517,,ERROR_PROCESSING,,,
268380530,,ERROR_PROCESSING,,,
352011875,,ERROR_PROCESSING,,,
26418690,,ERROR_PROCESSING,,,
269031095,,ERROR_PROCESSING,,,
27915909,,ERROR_PROCESSING,,,
158840777,,ERROR_PROCESSING,,,
158114992,,ERROR_PROCESSING,,,
270787257,,ERROR_PROCESSING,,,
26597569,,ERROR_PROCESSING,,,
405685900,,ERROR_PROCESSING,,,
273376221,,ERROR_PROCESSING,,,
26585317,,ERROR_PROCESSING,,,
158728853,,ERROR_PROCESSING,,,
268482699,,ERROR_PROCESSING,,,
158792583,,ERROR_PROCESSING,,,
123416041,,ERROR_PROCESSING,,,
120626764,,ERROR_PROCESSING,,,
271966920,,ERROR_PROCESSING,,,
159716878,,ERROR_PROCESSING,,,
137548225,,ERROR_PROCESSING,,,
27011135,,ERROR_PROCESSING,,,
405685992,,ERROR_PROCESSING,,,
120251847,,ERROR_PROCESSING,,,
275575525,,ERROR_PROCESSING,,,
158387601,,ERROR_PROCESSING,,,
169467155,,ERROR_PROCESSING,,,
159306035,,ERROR_PROCESSING,,,
26656591,,ERROR_PROCESSING,,,
269029623,,ERROR_PROCESSING,,,
137817550,,ERROR_PROCESSING,,,
170348142,,ERROR_PROCESSING,,,
120960724,,ERROR_PROCESSING,,,
171503810,,ERROR_PROCESSING,,,
121119758,,ERROR_PROCESSING,,,
407002020,,ERROR_PROCESSING,,,
272366748,,ERROR_PROCESSING,,,
138962678,,ERROR_PROCESSING,,,
351193098,,ERROR_PROCESSING,,,
399951198,,ERROR_PROCESSING,,,
158552902,,ERROR_PROCESSING,,,
27695087,,ERROR_PROCESSING,,,
273045125,,ERROR_PROCESSING,,,
172422658,,ERROR_PROCESSING,,,
272719652,,ERROR_PROCESSING,,,
138648606,,ERROR_PROCESSING,,,
273131564,,ERROR_PROCESSING,,,
27773627,,ERROR_PROCESSING,,,
27187870,,ERROR_PROCESSING,,,
159441328,,ERROR_PROCESSING,,,
274129522,,ERROR_PROCESSING,,,
184947995,,ERROR_PROCESSING,,,
158933249,,ERROR_PROCESSING,,,
269356465,,ERROR_PROCESSING,,,
158172624,,ERROR_PROCESSING,,,
123446004,,ERROR_PROCESSING,,,
138096064,,ERROR_PROCESSING,,,
27843942,,ERROR_PROCESSING,,,
120960812,,ERROR_PROCESSING,,,
63129408,,ERROR_PROCESSING,,,
298969838,,ERROR_PROCESSING,,,
28449476,,ERROR_PROCESSING,,,
271254243,,ERROR_PROCESSING,,,
267747030,,ERROR_PROCESSING,,,
27388864,,ERROR_PROCESSING,,,
416282321,,ERROR_PROCESSING,,,
272599610,,ERROR_PROCESSING,,,
185060842,,ERROR_PROCESSING,,,
170344769,,ERROR_PROCESSING,,,
26418690,,ERROR_PROCESSING,,,
273582296,,ERROR_PROCESSING,,,
273589458,,ERROR_PROCESSING,,,
26656583,,ERROR_PROCESSING,,,
120317590,,ERROR_PROCESSING,,,
121326995,,ERROR_PROCESSING,,,
184250644,,ERROR_PROCESSING,,,
63366439,,ERROR_PROCESSING,,,
138962678,,ERROR_PROCESSING,,,
264508409,,ERROR_PROCESSING,,,
275490384,,ERROR_PROCESSING,,,
169459587,,ERROR_PROCESSING,,,
137817550,,ERROR_PROCESSING,,,
158216900,,ERROR_PROCESSING,,,
350987976,,ERROR_PROCESSING,,,
164413080,,ERROR_PROCESSING,,,
164558072,,ERROR_PROCESSING,,,
268383295,,ERROR_PROCESSING,,,
271773721,,ERROR_PROCESSING,,,
27397490,,ERROR_PROCESSING,,,
171977782,,ERROR_PROCESSING,,,
123416188,,ERROR_PROCESSING,,,
158387021,,ERROR_PROCESSING,,,
120960808,,ERROR_PROCESSING,,,
273687627,,ERROR_PROCESSING,,,
185057693,,ERROR_PROCESSING,,,
123314797,,ERROR_PROCESSING,,,
27006880,,ERROR_PROCESSING,,,
417657237,,ERROR_PROCESSING,,,
122682776,,ERROR_PROCESSING,,,
158728853,,ERROR_PROCESSING,,,
269356465,,ERROR_PROCESSING,,,
159097856,,ERROR_PROCESSING,,,
158393140,,ERROR_PROCESSING,,,
28449476,,ERROR_PROCESSING,,,
122304494,,ERROR_PROCESSING,,,
298969745,,ERROR_PROCESSING,,,
63368767,,ERROR_PROCESSING,,,
159719243,,ERROR_PROCESSING,,,
170733766,,ERROR_PROCESSING,,,
120314783,,ERROR_PROCESSING,,,
158840818,,ERROR_PROCESSING,,,
120103100,,ERROR_PROCESSING,,,
63121703,,ERROR_PROCESSING,,,
121119758,,ERROR_PROCESSING,,,
352011875,,ERROR_PROCESSING,,,
48355176,,ERROR_PROCESSING,,,
137557473,,ERROR_PROCESSING,,,
171100515,,ERROR_PROCESSING,,,
270698296,,ERROR_PROCESSING,,,
164785549,,ERROR_PROCESSING,,,
271040947,,ERROR_PROCESSING,,,
273129769,,ERROR_PROCESSING,,,
184470626,,ERROR_PROCESSING,,,
28159019,,ERROR_PROCESSING,,,
137219141,,ERROR_PROCESSING,,,
121083955,,ERROR_PROCESSING,,,
169820995,,ERROR_PROCESSING,,,
270855140,,ERROR_PROCESSING,,,
122224804,,ERROR_PROCESSING,,,
10000699636,,ERROR_PROCESSING,,,
120317595,,ERROR_PROCESSING,,,
405685900,,ERROR_PROCESSING,,,
26656591,,ERROR_PROCESSING,,,
121016739,,ERROR_PROCESSING,,,
269123135,,ERROR_PROCESSING,,,
137890266,,ERROR_PROCESSING,,,
159716878,,ERROR_PROCESSING,,,
270957522,,ERROR_PROCESSING,,,
271763138,,ERROR_PROCESSING,,,
122603455,,ERROR_PROCESSING,,,
137975907,,ERROR_PROCESSING,,,
27533666,,ERROR_PROCESSING,,,
164781045,,ERROR_PROCESSING,,,
185059488,,ERROR_PROCESSING,,,
164677799,,ERROR_PROCESSING,,,
1882909457,,ERROR_PROCESSING,,,
164832454,,ERROR_PROCESSING,,,
172422394,,ERROR_PROCESSING,,,
172372457,,ERROR_PROCESSING,,,
28449295,,ERROR_PROCESSING,,,
267745569,,ERROR_PROCESSING,,,
268383780,,ERROR_PROCESSING,,,
26961023,,ERROR_PROCESSING,,,
272370814,,ERROR_PROCESSING,,,
271164883,,ERROR_PROCESSING,,,
164525250,,ERROR_PROCESSING,,,
122298182,,ERROR_PROCESSING,,,
137341354,,ERROR_PROCESSING,,,
351766445,,ERROR_PROCESSING,,,
27454154,,ERROR_PROCESSING,,,
26583436,,ERROR_PROCESSING,,,
48355200,,ERROR_PROCESSING,,,
27773647,,ERROR_PROCESSING,,,
169819915,,ERROR_PROCESSING,,,
120577120,,ERROR_PROCESSING,,,
239289904,,ERROR_PROCESSING,,,
158268972,,ERROR_PROCESSING,,,
268299560,,ERROR_PROCESSING,,,
164557531,,ERROR_PROCESSING,,,
138093387,,ERROR_PROCESSING,,,
185186149,,ERROR_PROCESSING,,,
271759162,,ERROR_PROCESSING,,,
416280178,,ERROR_PROCESSING,,,
63071165,,ERROR_PROCESSING,,,
158491288,,ERROR_PROCESSING,,,
239227425,,ERROR_PROCESSING,,,
271666873,,ERROR_PROCESSING,,,
123316518,,ERROR_PROCESSING,,,
270704947,,ERROR_PROCESSING,,,
27390859,,ERROR_PROCESSING,,,
63373833,,ERROR_PROCESSING,,,
27397122,,ERROR_PROCESSING,,,
399826741,,ERROR_PROCESSING,,,
121941586,,ERROR_PROCESSING,,,
273375608,,ERROR_PROCESSING,,,
271424481,,ERROR_PROCESSING,,,
271040768,,ERROR_PROCESSING,,,
170246384,,ERROR_PROCESSING,,,
138100436,,ERROR_PROCESSING,,,
164883843,,ERROR_PROCESSING,,,
138893145,,ERROR_PROCESSING,,,
271348822,,ERROR_PROCESSING,,,
164779321,,ERROR_PROCESSING,,,
138970037,,ERROR_PROCESSING,,,
27844498,,ERROR_PROCESSING,,,
351804693,,ERROR_PROCESSING,,,
272487856,,ERROR_PROCESSING,,,
270957624,,ERROR_PROCESSING,,,
28160089,,ERROR_PROCESSING,,,
271354732,,ERROR_PROCESSING,,,
272369124,,ERROR_PROCESSING,,,
298902728,,ERROR_PROCESSING,,,
138642518,,ERROR_PROCESSING,,,
268610013,,ERROR_PROCESSING,,,
164558072,,ERROR_PROCESSING,,,
27773647,,ERROR_PROCESSING,,,
164778381,,ERROR_PROCESSING,,,
171027701,,ERROR_PROCESSING,,,
159389232,,ERROR_PROCESSING,,,
184014677,,ERROR_PROCESSING,,,
272488531,,ERROR_PROCESSING,,,
158387021,,ERROR_PROCESSING,,,
164527723,,ERROR_PROCESSING,,,
28088683,,ERROR_PROCESSING,,,
267744730,,ERROR_PROCESSING,,,
172374904,,ERROR_PROCESSING,,,
272487801,,ERROR_PROCESSING,,,
164557531,,ERROR_PROCESSING,,,
48131708,,ERROR_PROCESSING,,,
240185822,,ERROR_PROCESSING,,,
169819162,,ERROR_PROCESSING,,,
158272742,,ERROR_PROCESSING,,,
28358364,,ERROR_PROCESSING,,,
273372402,,ERROR_PROCESSING,,,
270700608,,ERROR_PROCESSING,,,
63370066,,ERROR_PROCESSING,,,
239233619,,ERROR_PROCESSING,,,
48528261,,ERROR_PROCESSING,,,
405684844,,ERROR_PROCESSING,,,
137408962,,ERROR_PROCESSING,,,
138153649,,ERROR_PROCESSING,,,
184300424,,ERROR_PROCESSING,,,
158660631,,ERROR_PROCESSING,,,
138725680,,ERROR_PROCESSING,,,
279918206,,ERROR_PROCESSING,,,
158218734,,ERROR_PROCESSING,,,
169820068,,ERROR_PROCESSING,,,
122069957,,ERROR_PROCESSING,,,
164886585,,ERROR_PROCESSING,,,
28160089,,ERROR_PROCESSING,,,
164458426,,ERROR_PROCESSING,,,
122712595,,ERROR_PROCESSING,,,
416635004,,ERROR_PROCESSING,,,
272489100,,ERROR_PROCESSING,,,
63129375,,ERROR_PROCESSING,,,
290033579,,ERROR_PROCESSING,,,
26491470,,ERROR_PROCESSING,,,
299096355,,ERROR_PROCESSING,,,
158626827,,ERROR_PROCESSING,,,
271040768,,ERROR_PROCESSING,,,
123357864,,ERROR_PROCESSING,,,
121277143,,ERROR_PROCESSING,,,
273131564,,ERROR_PROCESSING,,,
170344769,,ERROR_PROCESSING,,,
270698296,,ERROR_PROCESSING,,,
272078218,,ERROR_PROCESSING,,,
158269229,,ERROR_PROCESSING,,,
298969838,,ERROR_PROCESSING,,,
27767184,,ERROR_PROCESSING,,,
272375892,,ERROR_PROCESSING,,,
123357864,,ERROR_PROCESSING,,,
28159019,,ERROR_PROCESSING,,,
123446004,,ERROR_PROCESSING,,,
27843942,,ERROR_PROCESSING,,,
272270998,,ERROR_PROCESSING,,,
271663183,,ERROR_PROCESSING,,,
137893328,,ERROR_PROCESSING,,,
274129522,,ERROR_PROCESSING,,,
158393140,,ERROR_PROCESSING,,,
63373833,,ERROR_PROCESSING,,,
159306035,,ERROR_PROCESSING,,,
185335907,,ERROR_PROCESSING,,,
121393780,,ERROR_PROCESSING,,,
273687627,,ERROR_PROCESSING,,,
271763138,,ERROR_PROCESSING,,,
272487801,,ERROR_PROCESSING,,,
272173724,,ERROR_PROCESSING,,,
26750106,,ERROR_PROCESSING,,,
158984540,,ERROR_PROCESSING,,,
28449295,,ERROR_PROCESSING,,,
27082324,,ERROR_PROCESSING,,,
120626764,,ERROR_PROCESSING,,,
170734539,,ERROR_PROCESSING,,,
137817550,,ERROR_PROCESSING,,,
164671409,,ERROR_PROCESSING,,,
378089068,,ERROR_PROCESSING,,,
298902728,,ERROR_PROCESSING,,,
138962678,,ERROR_PROCESSING,,,
158113583,,ERROR_PROCESSING,,,
267744730,,ERROR_PROCESSING,,,
268299560,,ERROR_PROCESSING,,,
269123135,,ERROR_PROCESSING,,,
159389232,,ERROR_PROCESSING,,,
184014677,,ERROR_PROCESSING,,,
123357864,,ERROR_PROCESSING,,,
159573299,,ERROR_PROCESSING,,,
271040768,,ERROR_PROCESSING,,,
48528261,,ERROR_PROCESSING,,,
164890208,,ERROR_PROCESSING,,,
158626827,,ERROR_PROCESSING,,,
184167717,,ERROR_PROCESSING,,,
121945407,,ERROR_PROCESSING,,,
271424481,,ERROR_PROCESSING,,,
273375608,,ERROR_PROCESSING,,,
268058937,,ERROR_PROCESSING,,,
417678531,,ERROR_PROCESSING,,,
351804693,,ERROR_PROCESSING,,,
159720778,,ERROR_PROCESSING,,,
270957624,,ERROR_PROCESSING,,,
272487856,,ERROR_PROCESSING,,,
121022559,,ERROR_PROCESSING,,,
138970037,,ERROR_PROCESSING,,,
350810419,,ERROR_PROCESSING,,,
416282321,,ERROR_PROCESSING,,,
164457525,,ERROR_PROCESSING,,,
164779321,,ERROR_PROCESSING,,,
159172549,,ERROR_PROCESSING,,,
272489100,,ERROR_PROCESSING,,,
28232287,,ERROR_PROCESSING,,,
239227425,,ERROR_PROCESSING,,,
122304494,,ERROR_PROCESSING,,,
63368767,,ERROR_PROCESSING,,,
120573201,,ERROR_PROCESSING,,,
170733766,,ERROR_PROCESSING,,,
279913242,,ERROR_PROCESSING,,,
159441328,,ERROR_PROCESSING,,,
26961339,,ERROR_PROCESSING,,,
120825240,,ERROR_PROCESSING,,,
123316518,,ERROR_PROCESSING,,,
27006880,,ERROR_PROCESSING,,,
299096355,,ERROR_PROCESSING,,,
122682776,,ERROR_PROCESSING,,,
272369124,,ERROR_PROCESSING,,,
120626764,,ERROR_PROCESSING,,,
27397490,,ERROR_PROCESSING,,,
139103912,,ERROR_PROCESSING,,,
271773721,,ERROR_PROCESSING,,,
120764848,,ERROR_PROCESSING,,,
273681868,,ERROR_PROCESSING,,,
164557531,,ERROR_PROCESSING,,,
164527723,,ERROR_PROCESSING,,,
239289904,,ERROR_PROCESSING,,,
120425419,,ERROR_PROCESSING,,,
159716878,,ERROR_PROCESSING,,,
424867402,,ERROR_PROCESSING,,,
164726308,,ERROR_PROCESSING,,,
122519207,,ERROR_PROCESSING,,,
27454154,,ERROR_PROCESSING,,,
27082324,,ERROR_PROCESSING,,,
270700608,,ERROR_PROCESSING,,,
164552564,,ERROR_PROCESSING,,,
264508409,,ERROR_PROCESSING,,,
164784457,,ERROR_PROCESSING,,,
158985749,,ERROR_PROCESSING,,,
171975104,,ERROR_PROCESSING,,,
121326995,,ERROR_PROCESSING,,,
63005026,,ERROR_PROCESSING,,,
137890266,,ERROR_PROCESSING,,,
120317590,,ERROR_PROCESSING,,,
26656591,,ERROR_PROCESSING,,,
63074282,,ERROR_PROCESSING,,,
164784457,,ERROR_PROCESSING,,,
138639253,,ERROR_PROCESSING,,,
350987976,,ERROR_PROCESSING,,,
1882909457,,ERROR_PROCESSING,,,
172422394,,ERROR_PROCESSING,,,
185059488,,ERROR_PROCESSING,,,
27533666,,ERROR_PROCESSING,,,
268711054,,ERROR_PROCESSING,,,
270700608,,ERROR_PROCESSING,,,
120317595,,ERROR_PROCESSING,,,
270782003,,ERROR_PROCESSING,,,
10000699636,,ERROR_PROCESSING,,,
271432096,,ERROR_PROCESSING,,,
158431625,,ERROR_PROCESSING,,,
272369124,,ERROR_PROCESSING,,,
164461963,,ERROR_PROCESSING,,,
122066752,,ERROR_PROCESSING,,,
270696519,,ERROR_PROCESSING,,,
122683133,,ERROR_PROCESSING,,,
121121622,,ERROR_PROCESSING,,,
63289629,,ERROR_PROCESSING,,,
63129375,,ERROR_PROCESSING,,,
138893145,,ERROR_PROCESSING,,,
272489100,,ERROR_PROCESSING,,,
169182725,,ERROR_PROCESSING,,,
271355556,,ERROR_PROCESSING,,,
159102838,,ERROR_PROCESSING,,,
159575668,,ERROR_PROCESSING,,,
273131564,,ERROR_PROCESSING,,,
399826741,,ERROR_PROCESSING,,,
121016578,,ERROR_PROCESSING,,,
27238819,,ERROR_PROCESSING,,,
121020626,,ERROR_PROCESSING,,,
27915909,,ERROR_PROCESSING,,,
239233619,,ERROR_PROCESSING,,,
416635004,,ERROR_PROCESSING,,,
352011875,,ERROR_PROCESSING,,,
164457525,,ERROR_PROCESSING,,,
63121703,,ERROR_PROCESSING,,,
416282321,,ERROR_PROCESSING,,,
158553540,,ERROR_PROCESSING,,,
171505317,,ERROR_PROCESSING,,,
121604042,,ERROR_PROCESSING,,,
63071165,,ERROR_PROCESSING,,,
184008771,,ERROR_PROCESSING,,,
169819915,,ERROR_PROCESSING,,,
405685900,,ERROR_PROCESSING,,,
26656583,,ERROR_PROCESSING,,,
138426260,,ERROR_PROCESSING,,,
399794329,,ERROR_PROCESSING,,,
121122016,,ERROR_PROCESSING,,,
169819162,,ERROR_PROCESSING,,,
123198156,,ERROR_PROCESSING,,,
268299560,,ERROR_PROCESSING,,,
271548206,,ERROR_PROCESSING,,,
123416188,,ERROR_PROCESSING,,,
28088683,,ERROR_PROCESSING,,,
184250644,,ERROR_PROCESSING,,,
273589458,,ERROR_PROCESSING,,,
122298884,,ERROR_PROCESSING,,,
138642518,,ERROR_PROCESSING,,,
120686440,,ERROR_PROCESSING,,,
268610013,,ERROR_PROCESSING,,,
169459587,,ERROR_PROCESSING,,,
164558072,,ERROR_PROCESSING,,,
172769408,,ERROR_PROCESSING,,,
164832454,,ERROR_PROCESSING,,,
170246384,,ERROR_PROCESSING,,,
121016578,,ERROR_PROCESSING,,,
137550141,,ERROR_PROCESSING,,,
394177355,,ERROR_PROCESSING,,,
158172624,,ERROR_PROCESSING,,,
122606463,,ERROR_PROCESSING,,,
121393780,,ERROR_PROCESSING,,,
159047480,,ERROR_PROCESSING,,,
121119758,,ERROR_PROCESSING,,,
171501402,,ERROR_PROCESSING,,,
279912475,,ERROR_PROCESSING,,,
172422658,,ERROR_PROCESSING,,,
299159803,,ERROR_PROCESSING,,,
158552902,,ERROR_PROCESSING,,,
273045125,,ERROR_PROCESSING,,,
352011875,,ERROR_PROCESSING,,,
158635832,,ERROR_PROCESSING,,,
158660631,,ERROR_PROCESSING,,,
169820068,,ERROR_PROCESSING,,,
158419355,,ERROR_PROCESSING,,,
405685992,,ERROR_PROCESSING,,,
138219880,,ERROR_PROCESSING,,,
137408962,,ERROR_PROCESSING,,,
185060864,,ERROR_PROCESSING,,,
270704947,,ERROR_PROCESSING,,,
27993623,,ERROR_PROCESSING,,,
27773627,,ERROR_PROCESSING,,,
298969838,,ERROR_PROCESSING,,,
158844163,,ERROR_PROCESSING,,,
171097823,,ERROR_PROCESSING,,,
27188817,,ERROR_PROCESSING,,,
120960812,,ERROR_PROCESSING,,,
158218734,,ERROR_PROCESSING,,,
164457525,,ERROR_PROCESSING,,,
171503810,,ERROR_PROCESSING,,,
269029623,,ERROR_PROCESSING,,,
164558072,,ERROR_PROCESSING,,,
271874294,,ERROR_PROCESSING,,,
123416041,,ERROR_PROCESSING,,,
48450382,,ERROR_PROCESSING,,,
1882909457,,ERROR_PROCESSING,,,
158936211,,ERROR_PROCESSING,,,
172422394,,ERROR_PROCESSING,,,
272606395,,ERROR_PROCESSING,,,
185059488,,ERROR_PROCESSING,,,
275575525,,ERROR_PROCESSING,,,
164557531,,ERROR_PROCESSING,,,
271966920,,ERROR_PROCESSING,,,
299096355,,ERROR_PROCESSING,,,
273043307,,ERROR_PROCESSING,,,
159716878,,ERROR_PROCESSING,,,
159220329,,ERROR_PROCESSING,,,
158635191,,ERROR_PROCESSING,,,
184008771,,ERROR_PROCESSING,,,
352011875,,ERROR_PROCESSING,,,
279918206,,ERROR_PROCESSING,,,
158660631,,ERROR_PROCESSING,,,
270787257,,ERROR_PROCESSING,,,
121598758,,ERROR_PROCESSING,,,
121598562,,ERROR_PROCESSING,,,
120254134,,ERROR_PROCESSING,,,
268305489,,ERROR_PROCESSING,,,
159053798,,ERROR_PROCESSING,,,
26585317,,ERROR_PROCESSING,,,
158657436,,ERROR_PROCESSING,,,
273874851,,ERROR_PROCESSING,,,
122682776,,ERROR_PROCESSING,,,
270608550,,ERROR_PROCESSING,,,
63203294,,ERROR_PROCESSING,,,
158387021,,ERROR_PROCESSING,,,
172424981,,ERROR_PROCESSING,,,
271040768,,ERROR_PROCESSING,,,
121277143,,ERROR_PROCESSING,,,
1881802786,,ERROR_PROCESSING,,,
272183738,,ERROR_PROCESSING,,,
390206991,,ERROR_PROCESSING,,,
351191325,,ERROR_PROCESSING,,,
48131708,,ERROR_PROCESSING,,,
158840777,,ERROR_PROCESSING,,,
158114992,,ERROR_PROCESSING,,,
159047480,,ERROR_PROCESSING,,,
164558055,,ERROR_PROCESSING,,,
273375517,,ERROR_PROCESSING,,,
416280178,,ERROR_PROCESSING,,,
123310472,,ERROR_PROCESSING,,,
164558072,,ERROR_PROCESSING,,,
399794329,,ERROR_PROCESSING,,,
123445947,,ERROR_PROCESSING,,,
405685992,,ERROR_PROCESSING,,,
184998729,,ERROR_PROCESSING,,,
63075119,,ERROR_PROCESSING,,,
184085929,,ERROR_PROCESSING,,,
121083955,,ERROR_PROCESSING,,,
272720444,,ERROR_PROCESSING,,,
121941586,,ERROR_PROCESSING,,,
169819162,,ERROR_PROCESSING,,,
271548206,,ERROR_PROCESSING,,,
164883843,,ERROR_PROCESSING,,,
138724905,,ERROR_PROCESSING,,,
273379486,,ERROR_PROCESSING,,,
120319725,,ERROR_PROCESSING,,,
240183724,,ERROR_PROCESSING,,,
63074282,,ERROR_PROCESSING,,,
138639253,,ERROR_PROCESSING,,,
273778014,,ERROR_PROCESSING,,,
63126950,,ERROR_PROCESSING,,,
184091846,,ERROR_PROCESSING,,,
377871870,,ERROR_PROCESSING,,,
351053970,,ERROR_PROCESSING,,,
121535634,,ERROR_PROCESSING,,,
351191325,,ERROR_PROCESSING,,,
1881802786,,ERROR_PROCESSING,,,
122298182,,ERROR_PROCESSING,,,
273875270,,ERROR_PROCESSING,,,
63071165,,ERROR_PROCESSING,,,
158635832,,ERROR_PROCESSING,,,
273143229,,ERROR_PROCESSING,,,
164781045,,ERROR_PROCESSING,,,
272489351,,ERROR_PROCESSING,,,
122365045,,ERROR_PROCESSING,,,
48355200,,ERROR_PROCESSING,,,
26597569,,ERROR_PROCESSING,,,
171089248,,ERROR_PROCESSING,,,
1877071362,,ERROR_PROCESSING,,,
172424478,,ERROR_PROCESSING,,,
272271533,,ERROR_PROCESSING,,,
298969838,,ERROR_PROCESSING,,,
27238819,,ERROR_PROCESSING,,,
239306767,,ERROR_PROCESSING,,,
270864283,,ERROR_PROCESSING,,,
270618239,,ERROR_PROCESSING,,,
172383563,,ERROR_PROCESSING,,,
27915909,,ERROR_PROCESSING,,,
121277143,,ERROR_PROCESSING,,,
268482699,,ERROR_PROCESSING,,,
122304494,,ERROR_PROCESSING,,,
159719243,,ERROR_PROCESSING,,,
120314783,,ERROR_PROCESSING,,,
26597569,,ERROR_PROCESSING,,,
27006880,,ERROR_PROCESSING,,,
121016739,,ERROR_PROCESSING,,,
360028729,,ERROR_PROCESSING,,,
271967356,,ERROR_PROCESSING,,,
123310053,,ERROR_PROCESSING,,,
272270998,,ERROR_PROCESSING,,,
169467727,,ERROR_PROCESSING,,,
123357864,,ERROR_PROCESSING,,,
27767184,,ERROR_PROCESSING,,,
299219025,,ERROR_PROCESSING,,,
158626827,,ERROR_PROCESSING,,,
27843942,,ERROR_PROCESSING,,,
164832454,,ERROR_PROCESSING,,,
272078218,,ERROR_PROCESSING,,,
170344769,,ERROR_PROCESSING,,,
268486394,,ERROR_PROCESSING,,,
298902728,,ERROR_PROCESSING,,,
271040947,,ERROR_PROCESSING,,,
270700074,,ERROR_PROCESSING,,,
27846645,,ERROR_PROCESSING,,,
267745569,,ERROR_PROCESSING,,,
123230202,,ERROR_PROCESSING,,,
158393140,,ERROR_PROCESSING,,,
164726308,,ERROR_PROCESSING,,,
170238679,,ERROR_PROCESSING,,,
417657237,,ERROR_PROCESSING,,,
271424111,,ERROR_PROCESSING,,,
120315082,,ERROR_PROCESSING,,,
298969745,,ERROR_PROCESSING,,,
158840818,,ERROR_PROCESSING,,,
273231378,,ERROR_PROCESSING,,,
27685647,,ERROR_PROCESSING,,,
299154243,,ERROR_PROCESSING,,,
299154544,,ERROR_PROCESSING,,,
121865891,,ERROR_PROCESSING,,,
273592175,,ERROR_PROCESSING,,,
350811025,,ERROR_PROCESSING,,,
122603455,,ERROR_PROCESSING,,,
63006899,,ERROR_PROCESSING,,,
123445835,,ERROR_PROCESSING,,,
63010040,,ERROR_PROCESSING,,,
27844498,,ERROR_PROCESSING,,,
185062334,,ERROR_PROCESSING,,,
271349889,,ERROR_PROCESSING,,,
27006880,,ERROR_PROCESSING,,,
271666873,,ERROR_PROCESSING,,,
171093212,,ERROR_PROCESSING,,,
27767184,,ERROR_PROCESSING,,,
27845677,,ERROR_PROCESSING,,,
164830883,,ERROR_PROCESSING,,,
272945408,,ERROR_PROCESSING,,,
164552564,,ERROR_PROCESSING,,,
122304494,,ERROR_PROCESSING,,,
164784457,,ERROR_PROCESSING,,,
171502734,,ERROR_PROCESSING,,,
273505466,,ERROR_PROCESSING,,,
120890307,,ERROR_PROCESSING,,,
159172549,,ERROR_PROCESSING,,,
269031095,,ERROR_PROCESSING,,,
164882624,,ERROR_PROCESSING,,,
271970252,,ERROR_PROCESSING,,,
267749117,,ERROR_PROCESSING,,,
279918206,,ERROR_PROCESSING,,,
268483646,,ERROR_PROCESSING,,,
123446004,,ERROR_PROCESSING,,,
27843942,,ERROR_PROCESSING,,,
399826741,,ERROR_PROCESSING,,,
268305489,,ERROR_PROCESSING,,,
123364486,,ERROR_PROCESSING,,,
271537390,,ERROR_PROCESSING,,,
137555668,,ERROR_PROCESSING,,,
158551504,,ERROR_PROCESSING,,,
63449090,,ERROR_PROCESSING,,,
169467155,,ERROR_PROCESSING,,,
28226547,,ERROR_PROCESSING,,,
268381905,,ERROR_PROCESSING,,,
164557531,,ERROR_PROCESSING,,,
164882874,,ERROR_PROCESSING,,,
159652365,,ERROR_PROCESSING,,,
164458426,,ERROR_PROCESSING,,,
299088476,,ERROR_PROCESSING,,,
416282321,,ERROR_PROCESSING,,,
268383780,,ERROR_PROCESSING,,,
164886585,,ERROR_PROCESSING,,,
268289462,,ERROR_PROCESSING,,,
417678051,,ERROR_PROCESSING,,,
268383780,,ERROR_PROCESSING,,,
275576176,,ERROR_PROCESSING,,,
273592175,,ERROR_PROCESSING,,,
299154544,,ERROR_PROCESSING,,,
123364500,,ERROR_PROCESSING,,,
170246850,,ERROR_PROCESSING,,,
394179406,,ERROR_PROCESSING,,,
158635832,,ERROR_PROCESSING,,,
122507978,,ERROR_PROCESSING,,,
164785549,,ERROR_PROCESSING,,,
268380075,,ERROR_PROCESSING,,,
122375269,,ERROR_PROCESSING,,,
273231378,,ERROR_PROCESSING,,,
122519173,,ERROR_PROCESSING,,,
48355176,,ERROR_PROCESSING,,,
271424111,,ERROR_PROCESSING,,,
123317836,,ERROR_PROCESSING,,,
271548206,,ERROR_PROCESSING,,,
268299560,,ERROR_PROCESSING,,,
48507019,,ERROR_PROCESSING,,,
159716346,,ERROR_PROCESSING,,,
170238679,,ERROR_PROCESSING,,,
121122016,,ERROR_PROCESSING,,,
123201406,,ERROR_PROCESSING,,,
158728853,,ERROR_PROCESSING,,,
267745569,,ERROR_PROCESSING,,,
416284206,,ERROR_PROCESSING,,,
159643562,,ERROR_PROCESSING,,,
27082352,,ERROR_PROCESSING,,,
269269740,,ERROR_PROCESSING,,,
407000096,,ERROR_PROCESSING,,,
164832454,,ERROR_PROCESSING,,,
164677799,,ERROR_PROCESSING,,,
27844066,,ERROR_PROCESSING,,,
298969838,,ERROR_PROCESSING,,,
270704947,,ERROR_PROCESSING,,,
405685992,,ERROR_PROCESSING,,,
122606463,,ERROR_PROCESSING,,,
394177355,,ERROR_PROCESSING,,,
360028729,,ERROR_PROCESSING,,,
416280988,,ERROR_PROCESSING,,,
27844498,,ERROR_PROCESSING,,,
270616815,,ERROR_PROCESSING,,,
159442367,,ERROR_PROCESSING,,,
272369124,,ERROR_PROCESSING,,,
122375269,,ERROR_PROCESSING,,,
267747030,,ERROR_PROCESSING,,,
239291500,,ERROR_PROCESSING,,,
158427808,,ERROR_PROCESSING,,,
137155031,,ERROR_PROCESSING,,,
121019265,,ERROR_PROCESSING,,,
184298625,,ERROR_PROCESSING,,,
159763687,,ERROR_PROCESSING,,,
158272742,,ERROR_PROCESSING,,,
120251815,,ERROR_PROCESSING,,,
273372402,,ERROR_PROCESSING,,,
270700608,,ERROR_PROCESSING,,,
351193098,,ERROR_PROCESSING,,,
399825113,,ERROR_PROCESSING,,,
158552426,,ERROR_PROCESSING,,,
159717069,,ERROR_PROCESSING,,,
269029623,,ERROR_PROCESSING,,,
63370066,,ERROR_PROCESSING,,,
399951198,,ERROR_PROCESSING,,,
169819920,,ERROR_PROCESSING,,,
137411611,,ERROR_PROCESSING,,,
273865354,,ERROR_PROCESSING,,,
27915909,,ERROR_PROCESSING,,,
121020626,,ERROR_PROCESSING,,,
268483646,,ERROR_PROCESSING,,,
123452095,,ERROR_PROCESSING,,,
273379170,,ERROR_PROCESSING,,,
121604042,,ERROR_PROCESSING,,,
122364417,,ERROR_PROCESSING,,,
164457525,,ERROR_PROCESSING,,,
416635004,,ERROR_PROCESSING,,,
272489100,,ERROR_PROCESSING,,,
274031155,,ERROR_PROCESSING,,,
158316612,,ERROR_PROCESSING,,,
28232287,,ERROR_PROCESSING,,,
267745569,,ERROR_PROCESSING,,,
158316873,,ERROR_PROCESSING,,,
121988489,,ERROR_PROCESSING,,,
63291675,,ERROR_PROCESSING,,,
123445835,,ERROR_PROCESSING,,,
137757776,,ERROR_PROCESSING,,,
120104107,,ERROR_PROCESSING,,,
158490401,,ERROR_PROCESSING,,,
122446960,,ERROR_PROCESSING,,,
275489982,,ERROR_PROCESSING,,,
26418190,,ERROR_PROCESSING,,,
158316612,,ERROR_PROCESSING,,,
271877841,,ERROR_PROCESSING,,,
164783145,,ERROR_PROCESSING,,,
272719652,,ERROR_PROCESSING,,,
272183738,,ERROR_PROCESSING,,,
272074664,,ERROR_PROCESSING,,,
27397122,,ERROR_PROCESSING,,,
394177151,,ERROR_PROCESSING,,,
270608550,,ERROR_PROCESSING,,,
158731694,,ERROR_PROCESSING,,,
121945407,,ERROR_PROCESSING,,,
275494714,,ERROR_PROCESSING,,,
268305489,,ERROR_PROCESSING,,,
164890208,,ERROR_PROCESSING,,,
273373712,,ERROR_PROCESSING,,,
121124831,,ERROR_PROCESSING,,,
159573299,,ERROR_PROCESSING,,,
271960586,,ERROR_PROCESSING,,,
416282321,,ERROR_PROCESSING,,,
159180492,,ERROR_PROCESSING,,,
122136964,,ERROR_PROCESSING,,,
27845677,,ERROR_PROCESSING,,,
121022559,,ERROR_PROCESSING,,,
273582296,,ERROR_PROCESSING,,,
268934915,,ERROR_PROCESSING,,,
63366439,,ERROR_PROCESSING,,,
120890307,,ERROR_PROCESSING,,,
164784457,,ERROR_PROCESSING,,,
290033579,,ERROR_PROCESSING,,,
271662781,,ERROR_PROCESSING,,,
164552564,,ERROR_PROCESSING,,,
164559146,,ERROR_PROCESSING,,,
122781802,,ERROR_PROCESSING,,,
273231214,,ERROR_PROCESSING,,,
271874294,,ERROR_PROCESSING,,,
48418928,,ERROR_PROCESSING,,,
158420787,,ERROR_PROCESSING,,,
267672441,,ERROR_PROCESSING,,,
272363635,,ERROR_PROCESSING,,,
121866154,,ERROR_PROCESSING,,,
123201494,,ERROR_PROCESSING,,,
122069957,,ERROR_PROCESSING,,,
28226547,,ERROR_PROCESSING,,,
159107668,,ERROR_PROCESSING,,,
270615728,,ERROR_PROCESSING,,,
138430438,,ERROR_PROCESSING,,,
120893542,,ERROR_PROCESSING,,,
158844163,,ERROR_PROCESSING,,,
120315082,,ERROR_PROCESSING,,,
158113583,,ERROR_PROCESSING,,,
170740143,,ERROR_PROCESSING,,,
158268972,,ERROR_PROCESSING,,,
172383563,,ERROR_PROCESSING,,,
270864283,,ERROR_PROCESSING,,,
122683575,,ERROR_PROCESSING,,,
158393140,,ERROR_PROCESSING,,,
394177355,,ERROR_PROCESSING,,,
275489982,,ERROR_PROCESSING,,,
137815793,,ERROR_PROCESSING,,,
137757776,,ERROR_PROCESSING,,,
26597569,,ERROR_PROCESSING,,,
158490401,,ERROR_PROCESSING,,,
159573888,,ERROR_PROCESSING,,,
164461124,,ERROR_PROCESSING,,,
158720466,,ERROR_PROCESSING,,,
270517432,,ERROR_PROCESSING,,,
122298182,,ERROR_PROCESSING,,,
28159019,,ERROR_PROCESSING,,,
164525250,,ERROR_PROCESSING,,,
27767184,,ERROR_PROCESSING,,,
377871870,,ERROR_PROCESSING,,,
184091846,,ERROR_PROCESSING,,,
121084276,,ERROR_PROCESSING,,,
184300288,,ERROR_PROCESSING,,,
273778014,,ERROR_PROCESSING,,,
299096355,,ERROR_PROCESSING,,,
138889723,,ERROR_PROCESSING,,,
378089068,,ERROR_PROCESSING,,,
27685647,,ERROR_PROCESSING,,,
170348142,,ERROR_PROCESSING,,,
123201406,,ERROR_PROCESSING,,,
63370825,,ERROR_PROCESSING,,,
164883843,,ERROR_PROCESSING,,,
270616245,,ERROR_PROCESSING,,,
159516449,,ERROR_PROCESSING,,,
271548206,,ERROR_PROCESSING,,,
27992168,,ERROR_PROCESSING,,,
272838698,,ERROR_PROCESSING,,,
184085929,,ERROR_PROCESSING,,,
299219025,,ERROR_PROCESSING,,,
271763138,,ERROR_PROCESSING,,,
406998744,,ERROR_PROCESSING,,,
158554559,,ERROR_PROCESSING,,,
159718760,,ERROR_PROCESSING,,,
394179202,,ERROR_PROCESSING,,,
123201494,,ERROR_PROCESSING,,,
121866154,,ERROR_PROCESSING,,,
28449295,,ERROR_PROCESSING,,,
27188817,,ERROR_PROCESSING,,,
26885588,,ERROR_PROCESSING,,,
158491288,,ERROR_PROCESSING,,,
270517432,,ERROR_PROCESSING,,,
184008771,,ERROR_PROCESSING,,,
185109374,,ERROR_PROCESSING,,,
185060842,,ERROR_PROCESSING,,,
274031155,,ERROR_PROCESSING,,,
416282321,,ERROR_PROCESSING,,,
138570869,,ERROR_PROCESSING,,,
121598562,,ERROR_PROCESSING,,,
268305489,,ERROR_PROCESSING,,,
158272904,,ERROR_PROCESSING,,,
120425419,,ERROR_PROCESSING,,,
272489221,,ERROR_PROCESSING,,,
184167572,,ERROR_PROCESSING,,,
273874851,,ERROR_PROCESSING,,,
184947995,,ERROR_PROCESSING,,,
273042299,,ERROR_PROCESSING,,,
121215710,,ERROR_PROCESSING,,,
169819920,,ERROR_PROCESSING,,,
185062334,,ERROR_PROCESSING,,,
28159019,,ERROR_PROCESSING,,,
271355556,,ERROR_PROCESSING,,,
159102838,,ERROR_PROCESSING,,,
158272742,,ERROR_PROCESSING,,,
27397122,,ERROR_PROCESSING,,,
122683575,,ERROR_PROCESSING,,,
158490401,,ERROR_PROCESSING,,,
171502734,,ERROR_PROCESSING,,,
275489982,,ERROR_PROCESSING,,,
122364417,,ERROR_PROCESSING,,,
185057693,,ERROR_PROCESSING,,,
273234419,,ERROR_PROCESSING,,,
159107668,,ERROR_PROCESSING,,,
172422432,,ERROR_PROCESSING,,,
121606697,,ERROR_PROCESSING,,,
164890208,,ERROR_PROCESSING,,,
137408317,,ERROR_PROCESSING,,,
121468444,,ERROR_PROCESSING,,,
120251815,,ERROR_PROCESSING,,,
273501820,,ERROR_PROCESSING,,,
271432096,,ERROR_PROCESSING,,,
270782003,,ERROR_PROCESSING,,,
27454154,,ERROR_PROCESSING,,,
164674992,,ERROR_PROCESSING,,,
139154971,,ERROR_PROCESSING,,,
158552426,,ERROR_PROCESSING,,,
121866154,,ERROR_PROCESSING,,,
121022559,,ERROR_PROCESSING,,,
268711054,,ERROR_PROCESSING,,,
28449295,,ERROR_PROCESSING,,,
158316612,,ERROR_PROCESSING,,,
164784457,,ERROR_PROCESSING,,,
273231214,,ERROR_PROCESSING,,,
184246521,,ERROR_PROCESSING,,,
164671318,,ERROR_PROCESSING,,,
63449090,,ERROR_PROCESSING,,,
26656583,,ERROR_PROCESSING,,,
158487647,,ERROR_PROCESSING,,,
121599716,,ERROR_PROCESSING,,,
299219025,,ERROR_PROCESSING,,,
169467727,,ERROR_PROCESSING,,,
28159019,,ERROR_PROCESSING,,,
138219880,,ERROR_PROCESSING,,,
352013134,,ERROR_PROCESSING,,,
164461124,,ERROR_PROCESSING,,,
63122231,,ERROR_PROCESSING,,,
158324531,,ERROR_PROCESSING,,,
299159803,,ERROR_PROCESSING,,,
122136964,,ERROR_PROCESSING,,,
122684218,,ERROR_PROCESSING,,,
137757776,,ERROR_PROCESSING,,,
158393140,,ERROR_PROCESSING,,,
27397122,,ERROR_PROCESSING,,,
158728853,,ERROR_PROCESSING,,,
279912421,,ERROR_PROCESSING,,,
269122570,,ERROR_PROCESSING,,,
63451473,,ERROR_PROCESSING,,,
121215710,,ERROR_PROCESSING,,,
172769408,,ERROR_PROCESSING,,,
26885588,,ERROR_PROCESSING,,,
298902728,,ERROR_PROCESSING,,,
138430438,,ERROR_PROCESSING,,,
267744730,,ERROR_PROCESSING,,,
172384786,,ERROR_PROCESSING,,,
123201406,,ERROR_PROCESSING,,,
137348189,,ERROR_PROCESSING,,,
26416896,,ERROR_PROCESSING,,,
184085929,,ERROR_PROCESSING,,,
159107668,,ERROR_PROCESSING,,,
158113583,,ERROR_PROCESSING,,,
139037047,,ERROR_PROCESSING,,,
120315082,,ERROR_PROCESSING,,,
268289462,,ERROR_PROCESSING,,,
272598447,,ERROR_PROCESSING,,,
137971026,,ERROR_PROCESSING,,,
122781802,,ERROR_PROCESSING,,,
268380299,,ERROR_PROCESSING,,,
137628232,,ERROR_PROCESSING,,,
264508409,,ERROR_PROCESSING,,,
268299560,,ERROR_PROCESSING,,,
159172024,,ERROR_PROCESSING,,,
170735592,,ERROR_PROCESSING,,,
271424111,,ERROR_PROCESSING,,,
158113583,,ERROR_PROCESSING,,,
272179220,,ERROR_PROCESSING,,,
394179202,,ERROR_PROCESSING,,,
158278417,,ERROR_PROCESSING,,,
272071974,,ERROR_PROCESSING,,,
239308404,,ERROR_PROCESSING,,,
122375269,,ERROR_PROCESSING,,,
158984540,,ERROR_PROCESSING,,,
272173724,,ERROR_PROCESSING,,,
170255099,,ERROR_PROCESSING,,,
272275278,,ERROR_PROCESSING,,,
273376048,,ERROR_PROCESSING,,,
122224576,,ERROR_PROCESSING,,,
26961075,,ERROR_PROCESSING,,,
184998729,,ERROR_PROCESSING,,,
169558404,,ERROR_PROCESSING,,,
122224804,,ERROR_PROCESSING,,,
407002020,,ERROR_PROCESSING,,,
169459899,,ERROR_PROCESSING,,,
27695087,,ERROR_PROCESSING,,,
159440252,,ERROR_PROCESSING,,,
416635004,,ERROR_PROCESSING,,,
27773627,,ERROR_PROCESSING,,,
27187870,,ERROR_PROCESSING,,,
159725799,,ERROR_PROCESSING,,,
63291675,,ERROR_PROCESSING,,,
271663183,,ERROR_PROCESSING,,,
121122016,,ERROR_PROCESSING,,,
169933156,,ERROR_PROCESSING,,,
272270998,,ERROR_PROCESSING,,,
405685992,,ERROR_PROCESSING,,,
171092243,,ERROR_PROCESSING,,,
168812898,,ERROR_PROCESSING,,,
185060864,,ERROR_PROCESSING,,,
159052932,,ERROR_PROCESSING,,,
272375892,,ERROR_PROCESSING,,,
273043427,,ERROR_PROCESSING,,,
271545029,,ERROR_PROCESSING,,,
272078218,,ERROR_PROCESSING,,,
158635832,,ERROR_PROCESSING,,,
269269740,,ERROR_PROCESSING,,,
164461124,,ERROR_PROCESSING,,,
158491288,,ERROR_PROCESSING,,,
27388864,,ERROR_PROCESSING,,,
158792583,,ERROR_PROCESSING,,,
407000096,,ERROR_PROCESSING,,,
28232287,,ERROR_PROCESSING,,,
171975104,,ERROR_PROCESSING,,,
158985749,,ERROR_PROCESSING,,,
120684614,,ERROR_PROCESSING,,,
123232834,,ERROR_PROCESSING,,,
121658323,,ERROR_PROCESSING,,,
27082324,,ERROR_PROCESSING,,,
122519173,,ERROR_PROCESSING,,,
270700608,,ERROR_PROCESSING,,,
159220329,,ERROR_PROCESSING,,,
48507019,,ERROR_PROCESSING,,,
268058119,,ERROR_PROCESSING,,,
122293581,,ERROR_PROCESSING,,,
27396969,,ERROR_PROCESSING,,,
424867402,,ERROR_PROCESSING,,,
120251815,,ERROR_PROCESSING,,,
417678051,,ERROR_PROCESSING,,,
275576176,,ERROR_PROCESSING,,,
273681868,,ERROR_PROCESSING,,,
158555414,,ERROR_PROCESSING,,,
121020626,,ERROR_PROCESSING,,,
164674992,,ERROR_PROCESSING,,,
298785215,,ERROR_PROCESSING,,,
27533666,,ERROR_PROCESSING,,,
267667621,,ERROR_PROCESSING,,,
239289191,,ERROR_PROCESSING,,,
121460414,,ERROR_PROCESSING,,,
399825113,,ERROR_PROCESSING,,,
272369124,,ERROR_PROCESSING,,,
1716020176,,ERROR_PROCESSING,,,
63291675,,ERROR_PROCESSING,,,
27845677,,ERROR_PROCESSING,,,
271547961,,ERROR_PROCESSING,,,
63125816,,ERROR_PROCESSING,,,
122226990,,ERROR_PROCESSING,,,
164413080,,ERROR_PROCESSING,,,
272489100,,ERROR_PROCESSING,,,
121598562,,ERROR_PROCESSING,,,
164457525,,ERROR_PROCESSING,,,
122446960,,ERROR_PROCESSING,,,
407000096,,ERROR_PROCESSING,,,
63125540,,ERROR_PROCESSING,,,
350810419,,ERROR_PROCESSING,,,
48418928,,ERROR_PROCESSING,,,
63204711,,ERROR_PROCESSING,,,
158925786,,ERROR_PROCESSING,,,
158631520,,ERROR_PROCESSING,,,
184008771,,ERROR_PROCESSING,,,
268058937,,ERROR_PROCESSING,,,
184167717,,ERROR_PROCESSING,,,
171878296,,ERROR_PROCESSING,,,
120692317,,ERROR_PROCESSING,,,
120960808,,ERROR_PROCESSING,,,
158988347,,ERROR_PROCESSING,,,
275489982,,ERROR_PROCESSING,,,
158631520,,ERROR_PROCESSING,,,
405685900,,ERROR_PROCESSING,,,
158277668,,ERROR_PROCESSING,,,
63125540,,ERROR_PROCESSING,,,
158490401,,ERROR_PROCESSING,,,
271348822,,ERROR_PROCESSING,,,
138429611,,ERROR_PROCESSING,,,
138100436,,ERROR_PROCESSING,,,
158728853,,ERROR_PROCESSING,,,
269030207,,ERROR_PROCESSING,,,
121122016,,ERROR_PROCESSING,,,
63373833,,ERROR_PROCESSING,,,
170345346,,ERROR_PROCESSING,,,
122066199,,ERROR_PROCESSING,,,
416635004,,ERROR_PROCESSING,,,
27390859,,ERROR_PROCESSING,,,
299219025,,ERROR_PROCESSING,,,
122226990,,ERROR_PROCESSING,,,
158324531,,ERROR_PROCESSING,,,
123310472,,ERROR_PROCESSING,,,
416280178,,ERROR_PROCESSING,,,
185109374,,ERROR_PROCESSING,,,
271759162,,ERROR_PROCESSING,,,
27846645,,ERROR_PROCESSING,,,
138093387,,ERROR_PROCESSING,,,
158555414,,ERROR_PROCESSING,,,
63370825,,ERROR_PROCESSING,,,
48507019,,ERROR_PROCESSING,,,
27843707,,ERROR_PROCESSING,,,
394177355,,ERROR_PROCESSING,,,
164832455,,ERROR_PROCESSING,,,
399825113,,ERROR_PROCESSING,,,
273231214,,ERROR_PROCESSING,,,
120103100,,ERROR_PROCESSING,,,
239289191,,ERROR_PROCESSING,,,
121119758,,ERROR_PROCESSING,,,
184246521,,ERROR_PROCESSING,,,
26583436,,ERROR_PROCESSING,,,
48355200,,ERROR_PROCESSING,,,
164781045,,ERROR_PROCESSING,,,
139154971,,ERROR_PROCESSING,,,
264508409,,ERROR_PROCESSING,,,
123232834,,ERROR_PROCESSING,,,
121866154,,ERROR_PROCESSING,,,
158720466,,ERROR_PROCESSING,,,
123201494,,ERROR_PROCESSING,,,
271424083,,ERROR_PROCESSING,,,
240184655,,ERROR_PROCESSING,,,
164525250,,ERROR_PROCESSING,,,
137408317,,ERROR_PROCESSING,,,
28358364,,ERROR_PROCESSING,,,
273501820,,ERROR_PROCESSING,,,
120893542,,ERROR_PROCESSING,,,
271164883,,ERROR_PROCESSING,,,
158319927,,ERROR_PROCESSING,,,
271877841,,ERROR_PROCESSING,,,
264509538,,ERROR_PROCESSING,,,
27390859,,ERROR_PROCESSING,,,
120317590,,ERROR_PROCESSING,,,
273042299,,ERROR_PROCESSING,,,
159052932,,ERROR_PROCESSING,,,
184947995,,ERROR_PROCESSING,,,
168812898,,ERROR_PROCESSING,,,
26491470,,ERROR_PROCESSING,,,
137757776,,ERROR_PROCESSING,,,
63203488,,ERROR_PROCESSING,,,
164413080,,ERROR_PROCESSING,,,
350987976,,ERROR_PROCESSING,,,
158936211,,ERROR_PROCESSING,,,
269269740,,ERROR_PROCESSING,,,
27388864,,ERROR_PROCESSING,,,
164673474,,ERROR_PROCESSING,,,
171502734,,ERROR_PROCESSING,,,
416280178,,ERROR_PROCESSING,,,
48450382,,ERROR_PROCESSING,,,
185060842,,ERROR_PROCESSING,,,
158218734,,ERROR_PROCESSING,,,
122069957,,ERROR_PROCESSING,,,
27695087,,ERROR_PROCESSING,,,
184300424,,ERROR_PROCESSING,,,
138725680,,ERROR_PROCESSING,,,
137346267,,ERROR_PROCESSING,,,
169459899,,ERROR_PROCESSING,,,
269030207,,ERROR_PROCESSING,,,
120960808,,ERROR_PROCESSING,,,
138153649,,ERROR_PROCESSING,,,
171878296,,ERROR_PROCESSING,,,
272489221,,ERROR_PROCESSING,,,
27187870,,ERROR_PROCESSING,,,
27993623,,ERROR_PROCESSING,,,
268380299,,ERROR_PROCESSING,,,
264508409,,ERROR_PROCESSING,,,
164558055,,ERROR_PROCESSING,,,
122781802,,ERROR_PROCESSING,,,
138571349,,ERROR_PROCESSING,,,
272598447,,ERROR_PROCESSING,,,
26656583,,ERROR_PROCESSING,,,
28358364,,ERROR_PROCESSING,,,
169558404,,ERROR_PROCESSING,,,
240185822,,ERROR_PROCESSING,,,
48131708,,ERROR_PROCESSING,,,
139037047,,ERROR_PROCESSING,,,
172374904,,ERROR_PROCESSING,,,
158657436,,ERROR_PROCESSING,,,
121020626,,ERROR_PROCESSING,,,
270615728,,ERROR_PROCESSING,,,
137628232,,ERROR_PROCESSING,,,
27843707,,ERROR_PROCESSING,,,
172384786,,ERROR_PROCESSING,,,
120893542,,ERROR_PROCESSING,,,
159053798,,ERROR_PROCESSING,,,
185057693,,ERROR_PROCESSING,,,
171027701,,ERROR_PROCESSING,,,
273373648,,ERROR_PROCESSING,,,
158278417,,ERROR_PROCESSING,,,
27773647,,ERROR_PROCESSING,,,
137549183,,ERROR_PROCESSING,,,
26885588,,ERROR_PROCESSING,,,
122519173,,ERROR_PROCESSING,,,
271354732,,ERROR_PROCESSING,,,
121604042,,ERROR_PROCESSING,,,
185057693,,ERROR_PROCESSING,,,
158427808,,ERROR_PROCESSING,,,
28449295,,ERROR_PROCESSING,,,
121124831,,ERROR_PROCESSING,,,
120416641,,ERROR_PROCESSING,,,
268289462,,ERROR_PROCESSING,,,
273376048,,ERROR_PROCESSING,,,
27396969,,ERROR_PROCESSING,,,
267749117,,ERROR_PROCESSING,,,
159440299,,ERROR_PROCESSING,,,
63074305,,ERROR_PROCESSING,,,
121022559,,ERROR_PROCESSING,,,
122375269,,ERROR_PROCESSING,,,
267667621,,ERROR_PROCESSING,,,
158316612,,ERROR_PROCESSING,,,
158552426,,ERROR_PROCESSING,,,
394179202,,ERROR_PROCESSING,,,
272606395,,ERROR_PROCESSING,,,
159763687,,ERROR_PROCESSING,,,
170735592,,ERROR_PROCESSING,,,
123201406,,ERROR_PROCESSING,,,
123445835,,ERROR_PROCESSING,,,
299096355,,ERROR_PROCESSING,,,
63007874,,ERROR_PROCESSING,,,
184008771,,ERROR_PROCESSING,,,
290034673,,ERROR_PROCESSING,,,
123444976,,ERROR_PROCESSING,,,
272599610,,ERROR_PROCESSING,,,
164458426,,ERROR_PROCESSING,,,
122364417,,ERROR_PROCESSING,,,
120762025,,ERROR_PROCESSING,,,
28159019,,ERROR_PROCESSING,,,
267747030,,ERROR_PROCESSING,,,
164527723,,ERROR_PROCESSING,,,
28449476,,ERROR_PROCESSING,,,
171878296,,ERROR_PROCESSING,,,
269122570,,ERROR_PROCESSING,,,
138096064,,ERROR_PROCESSING,,,
158933249,,ERROR_PROCESSING,,,
352013134,,ERROR_PROCESSING,,,
184947995,,ERROR_PROCESSING,,,
158272742,,ERROR_PROCESSING,,,
273131564,,ERROR_PROCESSING,,,
138648606,,ERROR_PROCESSING,,,
63125816,,ERROR_PROCESSING,,,
158316873,,ERROR_PROCESSING,,,
270780579,,ERROR_PROCESSING,,,
270618498,,ERROR_PROCESSING,,,
272071974,,ERROR_PROCESSING,,,
239308404,,ERROR_PROCESSING,,,
271962719,,ERROR_PROCESSING,,,
123201494,,ERROR_PROCESSING,,,
275576176,,ERROR_PROCESSING,,,
184998729,,ERROR_PROCESSING,,,
27011135,,ERROR_PROCESSING,,,
158427808,,ERROR_PROCESSING,,,
270957522,,ERROR_PROCESSING,,,
159107668,,ERROR_PROCESSING,,,
48507019,,ERROR_PROCESSING,,,
137316195,,ERROR_PROCESSING,,,
172422432,,ERROR_PROCESSING,,,
123201406,,ERROR_PROCESSING,,,
273234419,,ERROR_PROCESSING,,,
158552426,,ERROR_PROCESSING,,,
273379486,,ERROR_PROCESSING,,,
158986627,,ERROR_PROCESSING,,,
63126950,,ERROR_PROCESSING,,,
27397122,,ERROR_PROCESSING,,,
122070657,,ERROR_PROCESSING,,,
158988347,,ERROR_PROCESSING,,,
122446076,,ERROR_PROCESSING,,,
169820995,,ERROR_PROCESSING,,,
169819920,,ERROR_PROCESSING,,,
121215710,,ERROR_PROCESSING,,,
138971570,,ERROR_PROCESSING,,,
185060864,,ERROR_PROCESSING,,,
122364417,,ERROR_PROCESSING,,,
184470626,,ERROR_PROCESSING,,,
158491288,,ERROR_PROCESSING,,,
299154544,,ERROR_PROCESSING,,,
164785549,,ERROR_PROCESSING,,,
417678531,,ERROR_PROCESSING,,,
122446960,,ERROR_PROCESSING,,,
137557473,,ERROR_PROCESSING,,,
171100515,,ERROR_PROCESSING,,,
48355176,,ERROR_PROCESSING,,,
158840818,,ERROR_PROCESSING,,,
271547961,,ERROR_PROCESSING,,,
274031155,,ERROR_PROCESSING,,,
27845677,,ERROR_PROCESSING,,,
272600043,,ERROR_PROCESSING,,,
298969745,,ERROR_PROCESSING,,,
159442367,,ERROR_PROCESSING,,,
137818265,,ERROR_PROCESSING,,,
184167572,,ERROR_PROCESSING,,,
169458450,,ERROR_PROCESSING,,,
417657237,,ERROR_PROCESSING,,,
268482699,,ERROR_PROCESSING,,,
299096355,,ERROR_PROCESSING,,,
273372402,,ERROR_PROCESSING,,,
158272742,,ERROR_PROCESSING,,,
138971405,,ERROR_PROCESSING,,,
271761549,,ERROR_PROCESSING,,,
164729248,,ERROR_PROCESSING,,,
137633289,,ERROR_PROCESSING,,,
26885588,,ERROR_PROCESSING,,,
378014055,,ERROR_PROCESSING,,,
159172549,,ERROR_PROCESSING,,,
158554559,,ERROR_PROCESSING,,,
394179202,,ERROR_PROCESSING,,,
120684614,,ERROR_PROCESSING,,,
121658323,,ERROR_PROCESSING,,,
122519173,,ERROR_PROCESSING,,,
170246850,,ERROR_PROCESSING,,,
48418928,,ERROR_PROCESSING,,,
27685647,,ERROR_PROCESSING,,,
27991129,,ERROR_PROCESSING,,,
138889723,,ERROR_PROCESSING,,,
272838698,,ERROR_PROCESSING,,,
48528261,,ERROR_PROCESSING,,,
268289462,,ERROR_PROCESSING,,,
270616245,,ERROR_PROCESSING,,,
159516449,,ERROR_PROCESSING,,,
271547961,,ERROR_PROCESSING,,,
270701311,,ERROR_PROCESSING,,,
158985749,,ERROR_PROCESSING,,,
121084276,,ERROR_PROCESSING,,,
272719652,,ERROR_PROCESSING,,,
273131564,,ERROR_PROCESSING,,,
1716020176,,ERROR_PROCESSING,,,
27843942,,ERROR_PROCESSING,,,
121124831,,ERROR_PROCESSING,,,
351803550,,ERROR_PROCESSING,,,
27915909,,ERROR_PROCESSING,,,
158988347,,ERROR_PROCESSING,,,
164527723,,ERROR_PROCESSING,,,
159573888,,ERROR_PROCESSING,,,
164461124,,ERROR_PROCESSING,,,
122446960,,ERROR_PROCESSING,,,
407000096,,ERROR_PROCESSING,,,
137757776,,ERROR_PROCESSING,,,
164458426,,ERROR_PROCESSING,,,
159574516,,ERROR_PROCESSING,,,
275570163,,ERROR_PROCESSING,,,
164886585,,ERROR_PROCESSING,,,
123201494,,ERROR_PROCESSING,,,
158552426,,ERROR_PROCESSING,,,
394179202,,ERROR_PROCESSING,,,
272366748,,ERROR_PROCESSING,,,
272363635,,ERROR_PROCESSING,,,
164671104,,ERROR_PROCESSING,,,
158420787,,ERROR_PROCESSING,,,
170348142,,ERROR_PROCESSING,,,
27991129,,ERROR_PROCESSING,,,
159306035,,ERROR_PROCESSING,,,
164785576,,ERROR_PROCESSING,,,
184298625,,ERROR_PROCESSING,,,
164455792,,ERROR_PROCESSING,,,
394172196,,ERROR_PROCESSING,,,
271548206,,ERROR_PROCESSING,,,
28226547,,ERROR_PROCESSING,,,
122224576,,ERROR_PROCESSING,,,
268934915,,ERROR_PROCESSING,,,
27011135,,ERROR_PROCESSING,,,
299096355,,ERROR_PROCESSING,,,
137316877,,ERROR_PROCESSING,,,
158269229,,ERROR_PROCESSING,,,
268383780,,ERROR_PROCESSING,,,
137975907,,ERROR_PROCESSING,,,
239291500,,ERROR_PROCESSING,,,
158491288,,ERROR_PROCESSING,,,
169183353,,ERROR_PROCESSING,,,
273231214,,ERROR_PROCESSING,,,
137341354,,ERROR_PROCESSING,,,
158792583,,ERROR_PROCESSING,,,
268482699,,ERROR_PROCESSING,,,
275568238,,ERROR_PROCESSING,,,
27006880,,ERROR_PROCESSING,,,
270614801,,ERROR_PROCESSING,,,
275494714,,ERROR_PROCESSING,,,
120315082,,ERROR_PROCESSING,,,
169458450,,ERROR_PROCESSING,,,
158113583,,ERROR_PROCESSING,,,
121457505,,ERROR_PROCESSING,,,
158316873,,ERROR_PROCESSING,,,
273376221,,ERROR_PROCESSING,,,
27844498,,ERROR_PROCESSING,,,
270616815,,ERROR_PROCESSING,,,
27845677,,ERROR_PROCESSING,,,
274031155,,ERROR_PROCESSING,,,
159180492,,ERROR_PROCESSING,,,
271960586,,ERROR_PROCESSING,,,
137557473,,ERROR_PROCESSING,,,
122364417,,ERROR_PROCESSING,,,
26418190,,ERROR_PROCESSING,,,
275489982,,ERROR_PROCESSING,,,
138102870,,ERROR_PROCESSING,,,
164461124,,ERROR_PROCESSING,,,
158984540,,ERROR_PROCESSING,,,
120104107,,ERROR_PROCESSING,,,
270780240,,ERROR_PROCESSING,,,
158490401,,ERROR_PROCESSING,,,
184009681,,ERROR_PROCESSING,,,
164783145,,ERROR_PROCESSING,,,
164525250,,ERROR_PROCESSING,,,
63126950,,ERROR_PROCESSING,,,
121988489,,ERROR_PROCESSING,,,
120418708,,ERROR_PROCESSING,,,
158168670,,ERROR_PROCESSING,,,
26960947,,ERROR_PROCESSING,,,
122136782,,ERROR_PROCESSING,,,
270698296,,ERROR_PROCESSING,,,
122136964,,ERROR_PROCESSING,,,
273131063,,ERROR_PROCESSING,,,
122224804,,ERROR_PROCESSING,,,
27767184,,ERROR_PROCESSING,,,
120251847,,ERROR_PROCESSING,,,
121083955,,ERROR_PROCESSING,,,
239278326,,ERROR_PROCESSING,,,
273042548,,ERROR_PROCESSING,,,
137219141,,ERROR_PROCESSING,,,
271958892,,ERROR_PROCESSING,,,
28449614,,ERROR_PROCESSING,,,
63373833,,ERROR_PROCESSING,,,
27397122,,ERROR_PROCESSING,,,
271877841,,ERROR_PROCESSING,,,
273865354,,ERROR_PROCESSING,,,
121215710,,ERROR_PROCESSING,,,
405685900,,ERROR_PROCESSING,,,
137147458,,ERROR_PROCESSING,,,
270615728,,ERROR_PROCESSING,,,
137975907,,ERROR_PROCESSING,,,
138430438,,ERROR_PROCESSING,,,
120251815,,ERROR_PROCESSING,,,
158487647,,ERROR_PROCESSING,,,
121599716,,ERROR_PROCESSING,,,
279912822,,ERROR_PROCESSING,,,
159107668,,ERROR_PROCESSING,,,
158635832,,ERROR_PROCESSING,,,
138805722,,ERROR_PROCESSING,,,
138095964,,ERROR_PROCESSING,,,
27188817,,ERROR_PROCESSING,,,
27006032,,ERROR_PROCESSING,,,
351193098,,ERROR_PROCESSING,,,
169183353,,ERROR_PROCESSING,,,
159763612,,ERROR_PROCESSING,,,
164674992,,ERROR_PROCESSING,,,
164781045,,ERROR_PROCESSING,,,
170348142,,ERROR_PROCESSING,,,
139037047,,ERROR_PROCESSING,,,
121019265,,ERROR_PROCESSING,,,
158728853,,ERROR_PROCESSING,,,
279912421,,ERROR_PROCESSING,,,
269269387,,ERROR_PROCESSING,,,
274198139,,ERROR_PROCESSING,,,
120960812,,ERROR_PROCESSING,,,
138153649,,ERROR_PROCESSING,,,
122712595,,ERROR_PROCESSING,,,
159643562,,ERROR_PROCESSING,,,
416284206,,ERROR_PROCESSING,,,
272074664,,ERROR_PROCESSING,,,
159441328,,ERROR_PROCESSING,,,
171504550,,ERROR_PROCESSING,,,
272719652,,ERROR_PROCESSING,,,
159220329,,ERROR_PROCESSING,,,
168812898,,ERROR_PROCESSING,,,
122683575,,ERROR_PROCESSING,,,
169175314,,ERROR_PROCESSING,,,
164674992,,ERROR_PROCESSING,,,
121598562,,ERROR_PROCESSING,,,
272490653,,ERROR_PROCESSING,,,
48418928,,ERROR_PROCESSING,,,
158553540,,ERROR_PROCESSING,,,
158933249,,ERROR_PROCESSING,,,
159716346,,ERROR_PROCESSING,,,
123317836,,ERROR_PROCESSING,,,
137408317,,ERROR_PROCESSING,,,
120251815,,ERROR_PROCESSING,,,
123361748,,ERROR_PROCESSING,,,
63366439,,ERROR_PROCESSING,,,
159102838,,ERROR_PROCESSING,,,
273376048,,ERROR_PROCESSING,,,
273582296,,ERROR_PROCESSING,,,
122507978,,ERROR_PROCESSING,,,
164413080,,ERROR_PROCESSING,,,
122375269,,ERROR_PROCESSING,,,
268380075,,ERROR_PROCESSING,,,
394179406,,ERROR_PROCESSING,,,
264508409,,ERROR_PROCESSING,,,
158386629,,ERROR_PROCESSING,,,
27006032,,ERROR_PROCESSING,,,
170734539,,ERROR_PROCESSING,,,
158984540,,ERROR_PROCESSING,,,
120104107,,ERROR_PROCESSING,,,
120960808,,ERROR_PROCESSING,,,
26750106,,ERROR_PROCESSING,,,
272173724,,ERROR_PROCESSING,,,
158988347,,ERROR_PROCESSING,,,
270615728,,ERROR_PROCESSING,,,
240185822,,ERROR_PROCESSING,,,
184014677,,ERROR_PROCESSING,,,
63366439,,ERROR_PROCESSING,,,
158272742,,ERROR_PROCESSING,,,
120315082,,ERROR_PROCESSING,,,
273582296,,ERROR_PROCESSING,,,
159519474,,ERROR_PROCESSING,,,
164671409,,ERROR_PROCESSING,,,
164413080,,ERROR_PROCESSING,,,
121457505,,ERROR_PROCESSING,,,
394175220,,ERROR_PROCESSING,,,
27773647,,ERROR_PROCESSING,,,
159052932,,ERROR_PROCESSING,,,
27767184,,ERROR_PROCESSING,,,
272375892,,ERROR_PROCESSING,,,
123357864,,ERROR_PROCESSING,,,
273373712,,ERROR_PROCESSING,,,
158626827,,ERROR_PROCESSING,,,
26491470,,ERROR_PROCESSING,,,
123446004,,ERROR_PROCESSING,,,
27843942,,ERROR_PROCESSING,,,
170344769,,ERROR_PROCESSING,,,
272078218,,ERROR_PROCESSING,,,
158172722,,ERROR_PROCESSING,,,
269269740,,ERROR_PROCESSING,,,
27388864,,ERROR_PROCESSING,,,
122069957,,ERROR_PROCESSING,,,
184300424,,ERROR_PROCESSING,,,
137346267,,ERROR_PROCESSING,,,
185335907,,ERROR_PROCESSING,,,
417678531,,ERROR_PROCESSING,,,
27187870,,ERROR_PROCESSING,,,
164455792,,ERROR_PROCESSING,,,
272719652,,ERROR_PROCESSING,,,
272270998,,ERROR_PROCESSING,,,
271877841,,ERROR_PROCESSING,,,
138430438,,ERROR_PROCESSING,,,
239289904,,ERROR_PROCESSING,,,
137975907,,ERROR_PROCESSING,,,
351803550,,ERROR_PROCESSING,,,
271424521,,ERROR_PROCESSING,,,
273681868,,ERROR_PROCESSING,,,
159107668,,ERROR_PROCESSING,,,
26583436,,ERROR_PROCESSING,,,
164461124,,ERROR_PROCESSING,,,
171975104,,ERROR_PROCESSING,,,
158985749,,ERROR_PROCESSING,,,
272366748,,ERROR_PROCESSING,,,
27082324,,ERROR_PROCESSING,,,
158490401,,ERROR_PROCESSING,,,
137219262,,ERROR_PROCESSING,,,
121084276,,ERROR_PROCESSING,,,
120315082,,ERROR_PROCESSING,,,
158113583,,ERROR_PROCESSING,,,
184298625,,ERROR_PROCESSING,,,
63125540,,ERROR_PROCESSING,,,
123201494,,ERROR_PROCESSING,,,
272487856,,ERROR_PROCESSING,,,
270957624,,ERROR_PROCESSING,,,
417678531,,ERROR_PROCESSING,,,
158631520,,ERROR_PROCESSING,,,
122136964,,ERROR_PROCESSING,,,
138970037,,ERROR_PROCESSING,,,
272078218,,ERROR_PROCESSING,,,
273375608,,ERROR_PROCESSING,,,
164890208,,ERROR_PROCESSING,,,
271424481,,ERROR_PROCESSING,,,
299219025,,ERROR_PROCESSING,,,
268058937,,ERROR_PROCESSING,,,
122224804,,ERROR_PROCESSING,,,
122066199,,ERROR_PROCESSING,,,
138100436,,ERROR_PROCESSING,,,
159516449,,ERROR_PROCESSING,,,
184167717,,ERROR_PROCESSING,,,
27397122,,ERROR_PROCESSING,,,
272074664,,ERROR_PROCESSING,,,
26961339,,ERROR_PROCESSING,,,
27006880,,ERROR_PROCESSING,,,
164729248,,ERROR_PROCESSING,,,
158316612,,ERROR_PROCESSING,,,
279913242,,ERROR_PROCESSING,,,
120314783,,ERROR_PROCESSING,,,
159172549,,ERROR_PROCESSING,,,
122226990,,ERROR_PROCESSING,,,
158554559,,ERROR_PROCESSING,,,
122304494,,ERROR_PROCESSING,,,
394179202,,ERROR_PROCESSING,,,
169820995,,ERROR_PROCESSING,,,
121215710,,ERROR_PROCESSING,,,
63291675,,ERROR_PROCESSING,,,
27397122,,ERROR_PROCESSING,,,
159575668,,ERROR_PROCESSING,,,
164785549,,ERROR_PROCESSING,,,
122226990,,ERROR_PROCESSING,,,
48451491,,ERROR_PROCESSING,,,
270616815,,ERROR_PROCESSING,,,
394179406,,ERROR_PROCESSING,,,
27844498,,ERROR_PROCESSING,,,
184470626,,ERROR_PROCESSING,,,
158386629,,ERROR_PROCESSING,,,
123364500,,ERROR_PROCESSING,,,
184008771,,ERROR_PROCESSING,,,
352011875,,ERROR_PROCESSING,,,
158635832,,ERROR_PROCESSING,,,
416280178,,ERROR_PROCESSING,,,
63071165,,ERROR_PROCESSING,,,
121598562,,ERROR_PROCESSING,,,
121604042,,ERROR_PROCESSING,,,
63121703,,ERROR_PROCESSING,,,
269356465,,ERROR_PROCESSING,,,
27915909,,ERROR_PROCESSING,,,
269031095,,ERROR_PROCESSING,,,
27390859,,ERROR_PROCESSING,,,
137818265,,ERROR_PROCESSING,,,
123317836,,ERROR_PROCESSING,,,
172422394,,ERROR_PROCESSING,,,
1882909457,,ERROR_PROCESSING,,,
185059488,,ERROR_PROCESSING,,,
159643562,,ERROR_PROCESSING,,,
416284206,,ERROR_PROCESSING,,,
63005026,,ERROR_PROCESSING,,,
137890266,,ERROR_PROCESSING,,,
184298625,,ERROR_PROCESSING,,,
27843707,,ERROR_PROCESSING,,,
159107668,,ERROR_PROCESSING,,,
172422432,,ERROR_PROCESSING,,,
273234419,,ERROR_PROCESSING,,,
268383780,,ERROR_PROCESSING,,,
268289462,,ERROR_PROCESSING,,,
271432096,,ERROR_PROCESSING,,,
268931079,,ERROR_PROCESSING,,,
27695471,,ERROR_PROCESSING,,,
170246850,,ERROR_PROCESSING,,,
137892978,,ERROR_PROCESSING,,,
121947161,,ERROR_PROCESSING,,,
272599610,,ERROR_PROCESSING,,,
267747030,,ERROR_PROCESSING,,,
274031155,,ERROR_PROCESSING,,,
185060842,,ERROR_PROCESSING,,,
121019265,,ERROR_PROCESSING,,,
138096064,,ERROR_PROCESSING,,,
158933249,,ERROR_PROCESSING,,,
158172624,,ERROR_PROCESSING,,,
27187870,,ERROR_PROCESSING,,,
121277143,,ERROR_PROCESSING,,,
28449476,,ERROR_PROCESSING,,,
394177355,,ERROR_PROCESSING,,,
1715817253,,ERROR_PROCESSING,,,
120251815,,ERROR_PROCESSING,,,
121599716,,ERROR_PROCESSING,,,
185060864,,ERROR_PROCESSING,,,
138219880,,ERROR_PROCESSING,,,
279912822,,ERROR_PROCESSING,,,
352013134,,ERROR_PROCESSING,,,
158419355,,ERROR_PROCESSING,,,
184947995,,ERROR_PROCESSING,,,
121598562,,ERROR_PROCESSING,,,
122712595,,ERROR_PROCESSING,,,
270618498,,ERROR_PROCESSING,,,
407000096,,ERROR_PROCESSING,,,
169820068,,ERROR_PROCESSING,,,
158660631,,ERROR_PROCESSING,,,
164674992,,ERROR_PROCESSING,,,
273045125,,ERROR_PROCESSING,,,
273372402,,ERROR_PROCESSING,,,
159220329,,ERROR_PROCESSING,,,
28358364,,ERROR_PROCESSING,,,
158272742,,ERROR_PROCESSING,,,
169819162,,ERROR_PROCESSING,,,
185057693,,ERROR_PROCESSING,,,
171583269,,ERROR_PROCESSING,,,
271548206,,ERROR_PROCESSING,,,
138426260,,ERROR_PROCESSING,,,
63370066,,ERROR_PROCESSING,,,
264508409,,ERROR_PROCESSING,,,
164413080,,ERROR_PROCESSING,,,
123452095,,ERROR_PROCESSING,,,
120418708,,ERROR_PROCESSING,,,
164558072,,ERROR_PROCESSING,,,
48418928,,ERROR_PROCESSING,,,
239291500,,ERROR_PROCESSING,,,
267667621,,ERROR_PROCESSING,,,
172769408,,ERROR_PROCESSING,,,
172373753,,ERROR_PROCESSING,,,
169459587,,ERROR_PROCESSING,,,
28088683,,ERROR_PROCESSING,,,
272488531,,ERROR_PROCESSING,,,
273589458,,ERROR_PROCESSING,,,
184250644,,ERROR_PROCESSING,,,
63001633,,ERROR_PROCESSING,,,
27915909,,ERROR_PROCESSING,,,
394177151,,ERROR_PROCESSING,,,
270608550,,ERROR_PROCESSING,,,
121020626,,ERROR_PROCESSING,,,
122446076,,ERROR_PROCESSING,,,
159172024,,ERROR_PROCESSING,,,
138971570,,ERROR_PROCESSING,,,
158278417,,ERROR_PROCESSING,,,
270787257,,ERROR_PROCESSING,,,
159180492,,ERROR_PROCESSING,,,
271960586,,ERROR_PROCESSING,,,
184008771,,ERROR_PROCESSING,,,
158491288,,ERROR_PROCESSING,,,
63071165,,ERROR_PROCESSING,,,
121598562,,ERROR_PROCESSING,,,
121604042,,ERROR_PROCESSING,,,
273376221,,ERROR_PROCESSING,,,
159389623,,ERROR_PROCESSING,,,
270780240,,ERROR_PROCESSING,,,
158490401,,ERROR_PROCESSING,,,
164558055,,ERROR_PROCESSING,,,
158114992,,ERROR_PROCESSING,,,
275489982,,ERROR_PROCESSING,,,
164783145,,ERROR_PROCESSING,,,
122224804,,ERROR_PROCESSING,,,
1881802786,,ERROR_PROCESSING,,,
351191325,,ERROR_PROCESSING,,,
394177355,,ERROR_PROCESSING,,,
122682848,,ERROR_PROCESSING,,,
267667621,,ERROR_PROCESSING,,,
158420787,,ERROR_PROCESSING,,,
158631520,,ERROR_PROCESSING,,,
272366748,,ERROR_PROCESSING,,,
272363635,,ERROR_PROCESSING,,,
275576176,,ERROR_PROCESSING,,,
168813467,,ERROR_PROCESSING,,,
158844163,,ERROR_PROCESSING,,,
170255099,,ERROR_PROCESSING,,,
164525250,,ERROR_PROCESSING,,,
164785576,,ERROR_PROCESSING,,,
171972482,,ERROR_PROCESSING,,,
271548206,,ERROR_PROCESSING,,,
137975907,,ERROR_PROCESSING,,,
48507019,,ERROR_PROCESSING,,,
268934915,,ERROR_PROCESSING,,,
121122016,,ERROR_PROCESSING,,,
158792583,,ERROR_PROCESSING,,,
271874294,,ERROR_PROCESSING,,,
185059488,,ERROR_PROCESSING,,,
272843045,,ERROR_PROCESSING,,,
1882909457,,ERROR_PROCESSING,,,
273231214,,ERROR_PROCESSING,,,
172422394,,ERROR_PROCESSING,,,
164559146,,ERROR_PROCESSING,,,
158660631,,ERROR_PROCESSING,,,
158635832,,ERROR_PROCESSING,,,
298969838,,ERROR_PROCESSING,,,
158720466,,ERROR_PROCESSING,,,
121604042,,ERROR_PROCESSING,,,
270701311,,ERROR_PROCESSING,,,
272489351,,ERROR_PROCESSING,,,
158988347,,ERROR_PROCESSING,,,
120893542,,ERROR_PROCESSING,,,
158319927,,ERROR_PROCESSING,,,
377871870,,ERROR_PROCESSING,,,
272719652,,ERROR_PROCESSING,,,
121020626,,ERROR_PROCESSING,,,
27238819,,ERROR_PROCESSING,,,
158555414,,ERROR_PROCESSING,,,
170740143,,ERROR_PROCESSING,,,
169458450,,ERROR_PROCESSING,,,
270618465,,ERROR_PROCESSING,,,
394177355,,ERROR_PROCESSING,,,
121020322,,ERROR_PROCESSING,,,
399825113,,ERROR_PROCESSING,,,
275570163,,ERROR_PROCESSING,,,
272271533,,ERROR_PROCESSING,,,
164673474,,ERROR_PROCESSING,,,
159573888,,ERROR_PROCESSING,,,
137757776,,ERROR_PROCESSING,,,
271547961,,ERROR_PROCESSING,,,
27845677,,ERROR_PROCESSING,,,
120684614,,ERROR_PROCESSING,,,
184998729,,ERROR_PROCESSING,,,
272078097,,ERROR_PROCESSING,,,
121124831,,ERROR_PROCESSING,,,
273376048,,ERROR_PROCESSING,,,
272720444,,ERROR_PROCESSING,,,
123445947,,ERROR_PROCESSING,,,
268058119,,ERROR_PROCESSING,,,
378014055,,ERROR_PROCESSING,,,
122375269,,ERROR_PROCESSING,,,
407000096,,ERROR_PROCESSING,,,
122507978,,ERROR_PROCESSING,,,
164413080,,ERROR_PROCESSING,,,
271761549,,ERROR_PROCESSING,,,
164558072,,ERROR_PROCESSING,,,
26885588,,ERROR_PROCESSING,,,
138889723,,ERROR_PROCESSING,,,
377730679,,ERROR_PROCESSING,,,
138639253,,ERROR_PROCESSING,,,
48418928,,ERROR_PROCESSING,,,
272179220,,ERROR_PROCESSING,,,
27006032,,ERROR_PROCESSING,,,
170735592,,ERROR_PROCESSING,,,
270616245,,ERROR_PROCESSING,,,
138724905,,ERROR_PROCESSING,,,
121122016,,ERROR_PROCESSING,,,
169819162,,ERROR_PROCESSING,,,
271548206,,ERROR_PROCESSING,,,
272838698,,ERROR_PROCESSING,,,
299096355,,ERROR_PROCESSING,,,
26656583,,ERROR_PROCESSING,,,
164726308,,ERROR_PROCESSING,,,
158113583,,ERROR_PROCESSING,,,
170238679,,ERROR_PROCESSING,,,
63006899,,ERROR_PROCESSING,,,
120495515,,ERROR_PROCESSING,,,
122070657,,ERROR_PROCESSING,,,
273501820,,ERROR_PROCESSING,,,
268381905,,ERROR_PROCESSING,,,
273376048,,ERROR_PROCESSING,,,
120425419,,ERROR_PROCESSING,,,
122685713,,ERROR_PROCESSING,,,
120764848,,ERROR_PROCESSING,,,
350811025,,ERROR_PROCESSING,,,
273592175,,ERROR_PROCESSING,,,
299154544,,ERROR_PROCESSING,,,
139154971,,ERROR_PROCESSING,,,
299154243,,ERROR_PROCESSING,,,
27991129,,ERROR_PROCESSING,,,
268380075,,ERROR_PROCESSING,,,
360028729,,ERROR_PROCESSING,,,
264509538,,ERROR_PROCESSING,,,
271967356,,ERROR_PROCESSING,,,
272270998,,ERROR_PROCESSING,,,
269269387,,ERROR_PROCESSING,,,
274198139,,ERROR_PROCESSING,,,
184947995,,ERROR_PROCESSING,,,
272074664,,ERROR_PROCESSING,,,
158552426,,ERROR_PROCESSING,,,
122712595,,ERROR_PROCESSING,,,
158316612,,ERROR_PROCESSING,,,
272078218,,ERROR_PROCESSING,,,
185060842,,ERROR_PROCESSING,,,
123444976,,ERROR_PROCESSING,,,
185109374,,ERROR_PROCESSING,,,
268486394,,ERROR_PROCESSING,,,
121022559,,ERROR_PROCESSING,,,
170344769,,ERROR_PROCESSING,,,
27767184,,ERROR_PROCESSING,,,
273874851,,ERROR_PROCESSING,,,
158933249,,ERROR_PROCESSING,,,
27006880,,ERROR_PROCESSING,,,
27843942,,ERROR_PROCESSING,,,
164890208,,ERROR_PROCESSING,,,
158427808,,ERROR_PROCESSING,,,
158626827,,ERROR_PROCESSING,,,
299219025,,ERROR_PROCESSING,,,
123357864,,ERROR_PROCESSING,,,
169467155,,ERROR_PROCESSING,,,
268381905,,ERROR_PROCESSING,,,
272598447,,ERROR_PROCESSING,,,
159726150,,ERROR_PROCESSING,,,
158487647,,ERROR_PROCESSING,,,
121215710,,ERROR_PROCESSING,,,
273231214,,ERROR_PROCESSING,,,
351193098,,ERROR_PROCESSING,,,
184246521,,ERROR_PROCESSING,,,
159763612,,ERROR_PROCESSING,,,
268380299,,ERROR_PROCESSING,,,
26656591,,ERROR_PROCESSING,,,
138805722,,ERROR_PROCESSING,,,
290034673,,ERROR_PROCESSING,,,
121866154,,ERROR_PROCESSING,,,
123201494,,ERROR_PROCESSING,,,
120626764,,ERROR_PROCESSING,,,
120762025,,ERROR_PROCESSING,,,
158321843,,ERROR_PROCESSING,,,
279912421,,ERROR_PROCESSING,,,
164882874,,ERROR_PROCESSING,,,
159652365,,ERROR_PROCESSING,,,
158316612,,ERROR_PROCESSING,,,
273505466,,ERROR_PROCESSING,,,
275489982,,ERROR_PROCESSING,,,
272945408,,ERROR_PROCESSING,,,
121988489,,ERROR_PROCESSING,,,
171502734,,ERROR_PROCESSING,,,
122136782,,ERROR_PROCESSING,,,
27006880,,ERROR_PROCESSING,,,
27843942,,ERROR_PROCESSING,,,
123201406,,ERROR_PROCESSING,,,
158728853,,ERROR_PROCESSING,,,
273042548,,ERROR_PROCESSING,,,
171093212,,ERROR_PROCESSING,,,
63010040,,ERROR_PROCESSING,,,
123445835,,ERROR_PROCESSING,,,
273042299,,ERROR_PROCESSING,,,
271537390,,ERROR_PROCESSING,,,
120416641,,ERROR_PROCESSING,,,
27767184,,ERROR_PROCESSING,,,
137147458,,ERROR_PROCESSING,,,
159440299,,ERROR_PROCESSING,,,
121022559,,ERROR_PROCESSING,,,
271970252,,ERROR_PROCESSING,,,
158491288,,ERROR_PROCESSING,,,
270517432,,ERROR_PROCESSING,,,
169458450,,ERROR_PROCESSING,,,
271040768,,ERROR_PROCESSING,,,
120416641,,ERROR_PROCESSING,,,
399826741,,ERROR_PROCESSING,,,
273865354,,ERROR_PROCESSING,,,
27845677,,ERROR_PROCESSING,,,
271547961,,ERROR_PROCESSING,,,
27006880,,ERROR_PROCESSING,,,
164882624,,ERROR_PROCESSING,,,
158552426,,ERROR_PROCESSING,,,
121022559,,ERROR_PROCESSING,,,
27844498,,ERROR_PROCESSING,,,
122446960,,ERROR_PROCESSING,,,
121598562,,ERROR_PROCESSING,,,
122712595,,ERROR_PROCESSING,,,
164830883,,ERROR_PROCESSING,,,
158316612,,ERROR_PROCESSING,,,
279918206,,ERROR_PROCESSING,,,
184008771,,ERROR_PROCESSING,,,
158491288,,ERROR_PROCESSING,,,
271349889,,ERROR_PROCESSING,,,
158427808,,ERROR_PROCESSING,,,
122446076,,ERROR_PROCESSING,,,
138971570,,ERROR_PROCESSING,,,
123445835,,ERROR_PROCESSING,,,
273042548,,ERROR_PROCESSING,,,
271666873,,ERROR_PROCESSING,,,
158988347,,ERROR_PROCESSING,,,
63370066,,ERROR_PROCESSING,,,
299088476,,ERROR_PROCESSING,,,
272179220,,ERROR_PROCESSING,,,
158316873,,ERROR_PROCESSING,,,
273684056,,ERROR_PROCESSING,,,
159220329,,ERROR_PROCESSING,,,
158272742,,ERROR_PROCESSING,,,
164557531,,ERROR_PROCESSING,,,
170735592,,ERROR_PROCESSING,,,
159763687,,ERROR_PROCESSING,,,
268058119,,ERROR_PROCESSING,,,
273376048,,ERROR_PROCESSING,,,
170255099,,ERROR_PROCESSING,,,
164525250,,ERROR_PROCESSING,,,
350812819,,ERROR_PROCESSING,,,
352013134,,ERROR_PROCESSING,,,
138805722,,ERROR_PROCESSING,,,
137555668,,ERROR_PROCESSING,,,
267667621,,ERROR_PROCESSING,,,
159763612,,ERROR_PROCESSING,,,
273581650,,ERROR_PROCESSING,,,
137975931,,ERROR_PROCESSING,,,
270616815,,ERROR_PROCESSING,,,
416284206,,ERROR_PROCESSING,,,
270700074,,ERROR_PROCESSING,,,
159643562,,ERROR_PROCESSING,,,
123201406,,ERROR_PROCESSING,,,
274198139,,ERROR_PROCESSING,,,
121606697,,ERROR_PROCESSING,,,
269269387,,ERROR_PROCESSING,,,
121468444,,ERROR_PROCESSING,,,
360028729,,ERROR_PROCESSING,,,
122684540,,ERROR_PROCESSING,,,
27843942,,ERROR_PROCESSING,,,
158324531,,ERROR_PROCESSING,,,
164461124,,ERROR_PROCESSING,,,
158635832,,ERROR_PROCESSING,,,
122712595,,ERROR_PROCESSING,,,
273592175,,ERROR_PROCESSING,,,
48507019,,ERROR_PROCESSING,,,
121215710,,ERROR_PROCESSING,,,
184296343,,ERROR_PROCESSING,,,
158113583,,ERROR_PROCESSING,,,
120315082,,ERROR_PROCESSING,,,
171972482,,ERROR_PROCESSING,,,
394179406,,ERROR_PROCESSING,,,
394179202,,ERROR_PROCESSING,,,
48451491,,ERROR_PROCESSING,,,
299154544,,ERROR_PROCESSING,,,
122300895,,ERROR_PROCESSING,,,
159716346,,ERROR_PROCESSING,,,
170238679,,ERROR_PROCESSING,,,
168813467,,ERROR_PROCESSING,,,
164556454,,ERROR_PROCESSING,,,
275576176,,ERROR_PROCESSING,,,
184998729,,ERROR_PROCESSING,,,
272078097,,ERROR_PROCESSING,,,
271425111,,ERROR_PROCESSING,,,
240183724,,ERROR_PROCESSING,,,
27685647,,ERROR_PROCESSING,,,
48418928,,ERROR_PROCESSING,,,
269029623,,ERROR_PROCESSING,,,
158631520,,ERROR_PROCESSING,,,
271548206,,ERROR_PROCESSING,,,
171582469,,ERROR_PROCESSING,,,
122066199,,ERROR_PROCESSING,,,
137975907,,ERROR_PROCESSING,,,
122603455,,ERROR_PROCESSING,,,
120960808,,ERROR_PROCESSING,,,
120692317,,ERROR_PROCESSING,,,
159516449,,ERROR_PROCESSING,,,
159726150,,ERROR_PROCESSING,,,
120315082,,ERROR_PROCESSING,,,
139037047,,ERROR_PROCESSING,,,
158113583,,ERROR_PROCESSING,,,
272598447,,ERROR_PROCESSING,,,
26656583,,ERROR_PROCESSING,,,
63075119,,ERROR_PROCESSING,,,
271761549,,ERROR_PROCESSING,,,
184246521,,ERROR_PROCESSING,,,
158554559,,ERROR_PROCESSING,,,
122226990,,ERROR_PROCESSING,,,
164413080,,ERROR_PROCESSING,,,
268380299,,ERROR_PROCESSING,,,
378014055,,ERROR_PROCESSING,,,
273231214,,ERROR_PROCESSING,,,
298969838,,ERROR_PROCESSING,,,
299219025,,ERROR_PROCESSING,,,
122224804,,ERROR_PROCESSING,,,
270697689,,ERROR_PROCESSING,,,
158933249,,ERROR_PROCESSING,,,
270618239,,ERROR_PROCESSING,,,
185060842,,ERROR_PROCESSING,,,
267745569,,ERROR_PROCESSING,,,
271040947,,ERROR_PROCESSING,,,
270517432,,ERROR_PROCESSING,,,
121460414,,ERROR_PROCESSING,,,
298785215,,ERROR_PROCESSING,,,
275570163,,ERROR_PROCESSING,,,
272078218,,ERROR_PROCESSING,,,
270701311,,ERROR_PROCESSING,,,
159719243,,ERROR_PROCESSING,,,
158720466,,ERROR_PROCESSING,,,
123232834,,ERROR_PROCESSING,,,
273143229,,ERROR_PROCESSING,,,
275489982,,ERROR_PROCESSING,,,
407002705,,ERROR_PROCESSING,,,
377871870,,ERROR_PROCESSING,,,
272719652,,ERROR_PROCESSING,,,
272270998,,ERROR_PROCESSING,,,
184947995,,ERROR_PROCESSING,,,
272372635,,ERROR_PROCESSING,,,
120960808,,ERROR_PROCESSING,,,
159052932,,ERROR_PROCESSING,,,
184089592,,ERROR_PROCESSING,,,
137408317,,ERROR_PROCESSING,,,
159716878,,ERROR_PROCESSING,,,
271966920,,ERROR_PROCESSING,,,
273501820,,ERROR_PROCESSING,,,
120251815,,ERROR_PROCESSING,,,
164674992,,ERROR_PROCESSING,,,
271874294,,ERROR_PROCESSING,,,
158168670,,ERROR_PROCESSING,,,
139154971,,ERROR_PROCESSING,,,
158792583,,ERROR_PROCESSING,,,
407000096,,ERROR_PROCESSING,,,
272366748,,ERROR_PROCESSING,,,
164413080,,ERROR_PROCESSING,,,
171503810,,ERROR_PROCESSING,,,
26656591,,ERROR_PROCESSING,,,
170348142,,ERROR_PROCESSING,,,
269029623,,ERROR_PROCESSING,,,
63366439,,ERROR_PROCESSING,,,
158844163,,ERROR_PROCESSING,,,
164455792,,ERROR_PROCESSING,,,
26418190,,ERROR_PROCESSING,,,
26418690,,ERROR_PROCESSING,,,
185109374,,ERROR_PROCESSING,,,
158840777,,ERROR_PROCESSING,,,
270780240,,ERROR_PROCESSING,,,
273375517,,ERROR_PROCESSING,,,
269031095,,ERROR_PROCESSING,,,
268380530,,ERROR_PROCESSING,,,
122446960,,ERROR_PROCESSING,,,
184423993,,ERROR_PROCESSING,,,
120893542,,ERROR_PROCESSING,,,
1881802786,,ERROR_PROCESSING,,,
122224804,,ERROR_PROCESSING,,,
273874851,,ERROR_PROCESSING,,,
275494714,,ERROR_PROCESSING,,,
26585317,,ERROR_PROCESSING,,,
273042299,,ERROR_PROCESSING,,,
270608550,,ERROR_PROCESSING,,,
264509538,,ERROR_PROCESSING,,,
158728853,,ERROR_PROCESSING,,,
169458450,,ERROR_PROCESSING,,,
273376221,,ERROR_PROCESSING,,,
171502734,,ERROR_PROCESSING,,,
27845677,,ERROR_PROCESSING,,,
172769408,,ERROR_PROCESSING,,,
275490384,,ERROR_PROCESSING,,,
138962678,,ERROR_PROCESSING,,,
122136782,,ERROR_PROCESSING,,,
26656591,,ERROR_PROCESSING,,,
137817550,,ERROR_PROCESSING,,,
121988489,,ERROR_PROCESSING,,,
27533666,,ERROR_PROCESSING,,,
137348189,,ERROR_PROCESSING,,,
273582296,,ERROR_PROCESSING,,,
122298884,,ERROR_PROCESSING,,,
26656583,,ERROR_PROCESSING,,,
63366439,,ERROR_PROCESSING,,,
159107668,,ERROR_PROCESSING,,,
185057693,,ERROR_PROCESSING,,,
271424521,,ERROR_PROCESSING,,,
273687627,,ERROR_PROCESSING,,,
138430438,,ERROR_PROCESSING,,,
268289462,,ERROR_PROCESSING,,,
123452095,,ERROR_PROCESSING,,,
159440299,,ERROR_PROCESSING,,,
171977782,,ERROR_PROCESSING,,,
48507019,,ERROR_PROCESSING,,,
272719652,,ERROR_PROCESSING,,,
27773627,,ERROR_PROCESSING,,,
184947995,,ERROR_PROCESSING,,,
158728853,,ERROR_PROCESSING,,,
138219880,,ERROR_PROCESSING,,,
27397122,,ERROR_PROCESSING,,,
274129522,,ERROR_PROCESSING,,,
121599716,,ERROR_PROCESSING,,,
158552902,,ERROR_PROCESSING,,,
172422658,,ERROR_PROCESSING,,,
270618498,,ERROR_PROCESSING,,,
185060842,,ERROR_PROCESSING,,,
350814495,,ERROR_PROCESSING,,,
267747030,,ERROR_PROCESSING,,,
272599610,,ERROR_PROCESSING,,,
269122570,,ERROR_PROCESSING,,,
27767184,,ERROR_PROCESSING,,,
158933249,,ERROR_PROCESSING,,,
298969838,,ERROR_PROCESSING,,,
63129408,,ERROR_PROCESSING,,,
138096064,,ERROR_PROCESSING,,,
26656583,,ERROR_PROCESSING,,,
122066752,,ERROR_PROCESSING,,,
272366748,,ERROR_PROCESSING,,,
26656591,,ERROR_PROCESSING,,,
158552426,,ERROR_PROCESSING,,,
159440252,,ERROR_PROCESSING,,,
271432096,,ERROR_PROCESSING,,,
158277668,,ERROR_PROCESSING,,,
27533666,,ERROR_PROCESSING,,,
159716878,,ERROR_PROCESSING,,,
120425419,,ERROR_PROCESSING,,,
270615728,,ERROR_PROCESSING,,,
137975907,,ERROR_PROCESSING,,,
120893542,,ERROR_PROCESSING,,,
164558055,,ERROR_PROCESSING,,,
170733766,,ERROR_PROCESSING,,,
63368767,,ERROR_PROCESSING,,,
121598562,,ERROR_PROCESSING,,,
48355176,,ERROR_PROCESSING,,,
158316612,,ERROR_PROCESSING,,,
184008771,,ERROR_PROCESSING,,,
28232287,,ERROR_PROCESSING,,,
274031155,,ERROR_PROCESSING,,,
184167572,,ERROR_PROCESSING,,,
271877841,,ERROR_PROCESSING,,,
122682776,,ERROR_PROCESSING,,,
269356465,,ERROR_PROCESSING,,,
272074664,,ERROR_PROCESSING,,,
270855140,,ERROR_PROCESSING,,,
158933249,,ERROR_PROCESSING,,,
159102838,,ERROR_PROCESSING,,,
27773627,,ERROR_PROCESSING,,,
164890208,,ERROR_PROCESSING,,,
273373712,,ERROR_PROCESSING,,,
169820995,,ERROR_PROCESSING,,,
120251815,,ERROR_PROCESSING,,,
169819920,,ERROR_PROCESSING,,,
122224804,,ERROR_PROCESSING,,,
416635004,,ERROR_PROCESSING,,,
273129769,,ERROR_PROCESSING,,,
123364500,,ERROR_PROCESSING,,,
184470626,,ERROR_PROCESSING,,,
164674992,,ERROR_PROCESSING,,,
121022559,,ERROR_PROCESSING,,,
159720778,,ERROR_PROCESSING,,,
271666873,,ERROR_PROCESSING,,,
164890208,,ERROR_PROCESSING,,,
27915909,,ERROR_PROCESSING,,,
121020626,,ERROR_PROCESSING,,,
239227425,,ERROR_PROCESSING,,,
279918206,,ERROR_PROCESSING,,,
121604042,,ERROR_PROCESSING,,,
185186149,,ERROR_PROCESSING,,,
407000096,,ERROR_PROCESSING,,,
274031155,,ERROR_PROCESSING,,,
138893145,,ERROR_PROCESSING,,,
164779321,,ERROR_PROCESSING,,,
158316873,,ERROR_PROCESSING,,,
121121622,,ERROR_PROCESSING,,,
27844498,,ERROR_PROCESSING,,,
399826741,,ERROR_PROCESSING,,,
184167717,,ERROR_PROCESSING,,,
138100436,,ERROR_PROCESSING,,,
27187870,,ERROR_PROCESSING,,,
271040768,,ERROR_PROCESSING,,,
268058937,,ERROR_PROCESSING,,,
170345346,,ERROR_PROCESSING,,,
27454154,,ERROR_PROCESSING,,,
27082324,,ERROR_PROCESSING,,,
239291500,,ERROR_PROCESSING,,,
158985749,,ERROR_PROCESSING,,,
272078097,,ERROR_PROCESSING,,,
164525250,,ERROR_PROCESSING,,,
121124831,,ERROR_PROCESSING,,,
158988347,,ERROR_PROCESSING,,,
272370814,,ERROR_PROCESSING,,,
267744730,,ERROR_PROCESSING,,,
164557531,,ERROR_PROCESSING,,,
158555414,,ERROR_PROCESSING,,,
273681868,,ERROR_PROCESSING,,,
351803550,,ERROR_PROCESSING,,,
1716020176,,ERROR_PROCESSING,,,
239289191,,ERROR_PROCESSING,,,
399825113,,ERROR_PROCESSING,,,
298902728,,ERROR_PROCESSING,,,
26583436,,ERROR_PROCESSING,,,
28160089,,ERROR_PROCESSING,,,
158491288,,ERROR_PROCESSING,,,
184300424,,ERROR_PROCESSING,,,
121866154,,ERROR_PROCESSING,,,
122712595,,ERROR_PROCESSING,,,
123201494,,ERROR_PROCESSING,,,
122069957,,ERROR_PROCESSING,,,
272270998,,ERROR_PROCESSING,,,
122446076,,ERROR_PROCESSING,,,
164785576,,ERROR_PROCESSING,,,
28159019,,ERROR_PROCESSING,,,
137484286,,ERROR_PROCESSING,,,
137408962,,ERROR_PROCESSING,,,
138971570,,ERROR_PROCESSING,,,
394177355,,ERROR_PROCESSING,,,
63291675,,ERROR_PROCESSING,,,
168812898,,ERROR_PROCESSING,,,
26491470,,ERROR_PROCESSING,,,
272375892,,ERROR_PROCESSING,,,
164559146,,ERROR_PROCESSING,,,
272078218,,ERROR_PROCESSING,,,
394177151,,ERROR_PROCESSING,,,
158731694,,ERROR_PROCESSING,,,
268289462,,ERROR_PROCESSING,,,
120315082,,ERROR_PROCESSING,,,
267744730,,ERROR_PROCESSING,,,
158113583,,ERROR_PROCESSING,,,
159389232,,ERROR_PROCESSING,,,
171027701,,ERROR_PROCESSING,,,
137628232,,ERROR_PROCESSING,,,
272488531,,ERROR_PROCESSING,,,
121124831,,ERROR_PROCESSING,,,
164525250,,ERROR_PROCESSING,,,
159172024,,ERROR_PROCESSING,,,
158278417,,ERROR_PROCESSING,,,
28449295,,ERROR_PROCESSING,,,
27773647,,ERROR_PROCESSING,,,
159180492,,ERROR_PROCESSING,,,
268610013,,ERROR_PROCESSING,,,
27695471,,ERROR_PROCESSING,,,
170246850,,ERROR_PROCESSING,,,
164461124,,ERROR_PROCESSING,,,
138642518,,ERROR_PROCESSING,,,
137220342,,ERROR_PROCESSING,,,
298902728,,ERROR_PROCESSING,,,
158490401,,ERROR_PROCESSING,,,
158984540,,ERROR_PROCESSING,,,
63370066,,ERROR_PROCESSING,,,
170734539,,ERROR_PROCESSING,,,
240185822,,ERROR_PROCESSING,,,
271548206,,ERROR_PROCESSING,,,
164783145,,ERROR_PROCESSING,,,
272173724,,ERROR_PROCESSING,,,
273372402,,ERROR_PROCESSING,,,
271042173,,ERROR_PROCESSING,,,
272487801,,ERROR_PROCESSING,,,
158920088,,ERROR_PROCESSING,,,
123201406,,ERROR_PROCESSING,,,
121122016,,ERROR_PROCESSING,,,
158272742,,ERROR_PROCESSING,,,
48355200,,ERROR_PROCESSING,,,
272369124,,ERROR_PROCESSING,,,
399825113,,ERROR_PROCESSING,,,
239289191,,ERROR_PROCESSING,,,
63449090,,ERROR_PROCESSING,,,
424867402,,ERROR_PROCESSING,,,
27843707,,ERROR_PROCESSING,,,
164557531,,ERROR_PROCESSING,,,
138093387,,ERROR_PROCESSING,,,
121277143,,ERROR_PROCESSING,,,
158319927,,ERROR_PROCESSING,,,
273501820,,ERROR_PROCESSING,,,
120251815,,ERROR_PROCESSING,,,
137408317,,ERROR_PROCESSING,,,
158387021,,ERROR_PROCESSING,,,
271164883,,ERROR_PROCESSING,,,
121785583,,ERROR_PROCESSING,,,
139154971,,ERROR_PROCESSING,,,
240184655,,ERROR_PROCESSING,,,
158660631,,ERROR_PROCESSING,,,
27454154,,ERROR_PROCESSING,,,
270700608,,ERROR_PROCESSING,,,
164674992,,ERROR_PROCESSING,,,
164781045,,ERROR_PROCESSING,,,
27533666,,ERROR_PROCESSING,,,
271424083,,ERROR_PROCESSING,,,
170345346,,ERROR_PROCESSING,,,
27993623,,ERROR_PROCESSING,,,
63373833,,ERROR_PROCESSING,,,
185062334,,ERROR_PROCESSING,,,
271040768,,ERROR_PROCESSING,,,
269030207,,ERROR_PROCESSING,,,
159441328,,ERROR_PROCESSING,,,
350810419,,ERROR_PROCESSING,,,
120319725,,ERROR_PROCESSING,,,
405685900,,ERROR_PROCESSING,,,
138429611,,ERROR_PROCESSING,,,
164779321,,ERROR_PROCESSING,,,
271348822,,ERROR_PROCESSING,,,
351804693,,ERROR_PROCESSING,,,
416280178,,ERROR_PROCESSING,,,
269031095,,ERROR_PROCESSING,,,
123310472,,ERROR_PROCESSING,,,
164558072,,ERROR_PROCESSING,,,
271759162,,ERROR_PROCESSING,,,
185109374,,ERROR_PROCESSING,,,
158218734,,ERROR_PROCESSING,,,
27846645,,ERROR_PROCESSING,,,
272489100,,ERROR_PROCESSING,,,
28232287,,ERROR_PROCESSING,,,
26418690,,ERROR_PROCESSING,,,
138725680,,ERROR_PROCESSING,,,
239227425,,ERROR_PROCESSING,,,
123445947,,ERROR_PROCESSING,,,
138153649,,ERROR_PROCESSING,,,
273874851,,ERROR_PROCESSING,,,
120960812,,ERROR_PROCESSING,,,
268305489,,ERROR_PROCESSING,,,
121083955,,ERROR_PROCESSING,,,
27390859,,ERROR_PROCESSING,,,
272487801,,ERROR_PROCESSING,,,
272598447,,ERROR_PROCESSING,,,
48131708,,ERROR_PROCESSING,,,
139037047,,ERROR_PROCESSING,,,
169457998,,ERROR_PROCESSING,,,
158114992,,ERROR_PROCESSING,,,
268380299,,ERROR_PROCESSING,,,
159389623,,ERROR_PROCESSING,,,
298902728,,ERROR_PROCESSING,,,
158635191,,ERROR_PROCESSING,,,
164781045,,ERROR_PROCESSING,,,
271354732,,ERROR_PROCESSING,,,
137549183,,ERROR_PROCESSING,,,
121598758,,ERROR_PROCESSING,,,
273373648,,ERROR_PROCESSING,,,
184085929,,ERROR_PROCESSING,,,
298969838,,ERROR_PROCESSING,,,
268299560,,ERROR_PROCESSING,,,
159172024,,ERROR_PROCESSING,,,
137628232,,ERROR_PROCESSING,,,
120254134,,ERROR_PROCESSING,,,
159389232,,ERROR_PROCESSING,,,
122603455,,ERROR_PROCESSING,,,
272945156,,ERROR_PROCESSING,,,
172374904,,ERROR_PROCESSING,,,
267744730,,ERROR_PROCESSING,,,
158387021,,ERROR_PROCESSING,,,
123416041,,ERROR_PROCESSING,,,
48450382,,ERROR_PROCESSING,,,
63203488,,ERROR_PROCESSING,,,
270856764,,ERROR_PROCESSING,,,
168812898,,ERROR_PROCESSING,,,
63373833,,ERROR_PROCESSING,,,
137219141,,ERROR_PROCESSING,,,
121083955,,ERROR_PROCESSING,,,
407000096,,ERROR_PROCESSING,,,
27993623,,ERROR_PROCESSING,,,
138153649,,ERROR_PROCESSING,,,
122606463,,ERROR_PROCESSING,,,
120960812,,ERROR_PROCESSING,,,
271424481,,ERROR_PROCESSING,,,
158218734,,ERROR_PROCESSING,,,
138725680,,ERROR_PROCESSING,,,
270698296,,ERROR_PROCESSING,,,
271040947,,ERROR_PROCESSING,,,
164882874,,ERROR_PROCESSING,,,
122374509,,ERROR_PROCESSING,,,
164527723,,ERROR_PROCESSING,,,
273043427,,ERROR_PROCESSING,,,
121535634,,ERROR_PROCESSING,,,
269122570,,ERROR_PROCESSING,,,
351766026,,ERROR_PROCESSING,,,
137349557,,ERROR_PROCESSING,,,
164458426,,ERROR_PROCESSING,,,
164461124,,ERROR_PROCESSING,,,
121393780,,ERROR_PROCESSING,,,
63007874,,ERROR_PROCESSING,,,
185186949,,ERROR_PROCESSING,,,
164886585,,ERROR_PROCESSING,,,
290034673,,ERROR_PROCESSING,,,
164832454,,ERROR_PROCESSING,,,
270780579,,ERROR_PROCESSING,,,
172422658,,ERROR_PROCESSING,,,
138893017,,ERROR_PROCESSING,,,
299159803,,ERROR_PROCESSING,,,
158552902,,ERROR_PROCESSING,,,
159047480,,ERROR_PROCESSING,,,
123310053,,ERROR_PROCESSING,,,
138648606,,ERROR_PROCESSING,,,
273131564,,ERROR_PROCESSING,,,
27773627,,ERROR_PROCESSING,,,
171977782,,ERROR_PROCESSING,,,
267749117,,ERROR_PROCESSING,,,
137341354,,ERROR_PROCESSING,,,
63074305,,ERROR_PROCESSING,,,
268289462,,ERROR_PROCESSING,,,
123364486,,ERROR_PROCESSING,,,
122298884,,ERROR_PROCESSING,,,
271424111,,ERROR_PROCESSING,,,
299096355,,ERROR_PROCESSING,,,
120316928,,ERROR_PROCESSING,,,
272843045,,ERROR_PROCESSING,,,
120686440,,ERROR_PROCESSING,,,
394179202,,ERROR_PROCESSING,,,
122304494,,ERROR_PROCESSING,,,
272606395,,ERROR_PROCESSING,,,
185059488,,ERROR_PROCESSING,,,
172422394,,ERROR_PROCESSING,,,
27843942,,ERROR_PROCESSING,,,
63289629,,ERROR_PROCESSING,,,
279918206,,ERROR_PROCESSING,,,
164886585,,ERROR_PROCESSING,,,
164458426,,ERROR_PROCESSING,,,
272489351,,ERROR_PROCESSING,,,
299154243,,ERROR_PROCESSING,,,
122446960,,ERROR_PROCESSING,,,
172877667,,ERROR_PROCESSING,,,
169819920,,ERROR_PROCESSING,,,
121865891,,ERROR_PROCESSING,,,
350811025,,ERROR_PROCESSING,,,
271355556,,ERROR_PROCESSING,,,
122374509,,ERROR_PROCESSING,,,
272841223,,ERROR_PROCESSING,,,
1716020176,,ERROR_PROCESSING,,,
417657237,,ERROR_PROCESSING,,,
271040768,,ERROR_PROCESSING,,,
268482699,,ERROR_PROCESSING,,,
184167572,,ERROR_PROCESSING,,,
159097856,,ERROR_PROCESSING,,,
169458450,,ERROR_PROCESSING,,,
274031155,,ERROR_PROCESSING,,,
298969745,,ERROR_PROCESSING,,,
27397122,,ERROR_PROCESSING,,,
272600043,,ERROR_PROCESSING,,,
171100515,,ERROR_PROCESSING,,,
137557473,,ERROR_PROCESSING,,,
416282321,,ERROR_PROCESSING,,,
158840818,,ERROR_PROCESSING,,,
271547961,,ERROR_PROCESSING,,,
27845677,,ERROR_PROCESSING,,,
270957522,,ERROR_PROCESSING,,,
272720444,,ERROR_PROCESSING,,,
268058119,,ERROR_PROCESSING,,,
27011135,,ERROR_PROCESSING,,,
164552564,,ERROR_PROCESSING,,,
271962719,,ERROR_PROCESSING,,,
27533666,,ERROR_PROCESSING,,,
268711054,,ERROR_PROCESSING,,,
164784457,,ERROR_PROCESSING,,,
27082324,,ERROR_PROCESSING,,,
270782003,,ERROR_PROCESSING,,,
10000699636,,ERROR_PROCESSING,,,
121121622,,ERROR_PROCESSING,,,
273379486,,ERROR_PROCESSING,,,
138639253,,ERROR_PROCESSING,,,
63074282,,ERROR_PROCESSING,,,
121016739,,ERROR_PROCESSING,,,
164557531,,ERROR_PROCESSING,,,
399826741,,ERROR_PROCESSING,,,
122066752,,ERROR_PROCESSING,,,
273043307,,ERROR_PROCESSING,,,
270696519,,ERROR_PROCESSING,,,
351053970,,ERROR_PROCESSING,,,
273778014,,ERROR_PROCESSING,,,
158393140,,ERROR_PROCESSING,,,
273131564,,ERROR_PROCESSING,,,
122606463,,ERROR_PROCESSING,,,
184091846,,ERROR_PROCESSING,,,
351766445,,ERROR_PROCESSING,,,
273143229,,ERROR_PROCESSING,,,
122298182,,ERROR_PROCESSING,,,
1877071362,,ERROR_PROCESSING,,,
159574516,,ERROR_PROCESSING,,,
120626764,,ERROR_PROCESSING,,,
164458426,,ERROR_PROCESSING,,,
27845677,,ERROR_PROCESSING,,,
63071165,,ERROR_PROCESSING,,,
159171617,,ERROR_PROCESSING,,,
26597569,,ERROR_PROCESSING,,,
270864283,,ERROR_PROCESSING,,,
137408962,,ERROR_PROCESSING,,,
270618239,,ERROR_PROCESSING,,,
172383563,,ERROR_PROCESSING,,,
405685992,,ERROR_PROCESSING,,,
270704947,,ERROR_PROCESSING,,,
27767184,,ERROR_PROCESSING,,,
298969838,,ERROR_PROCESSING,,,
63126950,,ERROR_PROCESSING,,,
158554559,,ERROR_PROCESSING,,,
63075119,,ERROR_PROCESSING,,,
268299560,,ERROR_PROCESSING,,,
184085929,,ERROR_PROCESSING,,,
138971405,,ERROR_PROCESSING,,,
120825240,,ERROR_PROCESSING,,,
299096355,,ERROR_PROCESSING,,,
28226547,,ERROR_PROCESSING,,,
159516449,,ERROR_PROCESSING,,,
164883843,,ERROR_PROCESSING,,,
27011135,,ERROR_PROCESSING,,,
121941586,,ERROR_PROCESSING,,,
268289462,,ERROR_PROCESSING,,,
417678531,,ERROR_PROCESSING,,,
27991129,,ERROR_PROCESSING,,,
138642518,,ERROR_PROCESSING,,,
170246850,,ERROR_PROCESSING,,,
268610013,,ERROR_PROCESSING,,,
27685647,,ERROR_PROCESSING,,,
240183724,,ERROR_PROCESSING,,,
27845677,,ERROR_PROCESSING,,,
121121622,,ERROR_PROCESSING,,,
28232287,,ERROR_PROCESSING,,,
138893145,,ERROR_PROCESSING,,,
137557473,,ERROR_PROCESSING,,,
274031155,,ERROR_PROCESSING,,,
272489100,,ERROR_PROCESSING,,,
169458450,,ERROR_PROCESSING,,,
159519474,,ERROR_PROCESSING,,,
164557531,,ERROR_PROCESSING,,,
275568238,,ERROR_PROCESSING,,,
268482699,,ERROR_PROCESSING,,,
268305489,,ERROR_PROCESSING,,,
275494714,,ERROR_PROCESSING,,,
26585317,,ERROR_PROCESSING,,,
272183738,,ERROR_PROCESSING,,,
63126950,,ERROR_PROCESSING,,,
272718539,,ERROR_PROCESSING,,,
164527723,,ERROR_PROCESSING,,,
158988347,,ERROR_PROCESSING,,,
270863324,,ERROR_PROCESSING,,,
122446960,,ERROR_PROCESSING,,,
164457525,,ERROR_PROCESSING,,,
416635004,,ERROR_PROCESSING,,,
273375517,,ERROR_PROCESSING,,,
122364417,,ERROR_PROCESSING,,,
158840777,,ERROR_PROCESSING,,,
169820068,,ERROR_PROCESSING,,,
158660631,,ERROR_PROCESSING,,,
138102870,,ERROR_PROCESSING,,,
26418190,,ERROR_PROCESSING,,,
164455792,,ERROR_PROCESSING,,,
299096355,,ERROR_PROCESSING,,,
169819162,,ERROR_PROCESSING,,,
28226547,,ERROR_PROCESSING,,,
159306035,,ERROR_PROCESSING,,,
164671104,,ERROR_PROCESSING,,,
158552426,,ERROR_PROCESSING,,,
170645223,,ERROR_PROCESSING,,,
122304887,,ERROR_PROCESSING,,,
164784457,,ERROR_PROCESSING,,,
164552564,,ERROR_PROCESSING,,,
27685647,,ERROR_PROCESSING,,,
270700608,,ERROR_PROCESSING,,,
171503810,,ERROR_PROCESSING,,,
137341354,,ERROR_PROCESSING,,,
137555668,,ERROR_PROCESSING,,,
239291500,,ERROR_PROCESSING,,,
272369124,,ERROR_PROCESSING,,,
158172722,,ERROR_PROCESSING,,,
271966920,,ERROR_PROCESSING,,,
159716878,,ERROR_PROCESSING,,,
123357864,,ERROR_PROCESSING,,,
275575525,,ERROR_PROCESSING,,,
27011135,,ERROR_PROCESSING,,,
158626827,,ERROR_PROCESSING,,,
137555668,,ERROR_PROCESSING,,,
164781045,,ERROR_PROCESSING,,,
271773721,,ERROR_PROCESSING,,,
138095964,,ERROR_PROCESSING,,,
137549183,,ERROR_PROCESSING,,,
279912822,,ERROR_PROCESSING,,,
120893542,,ERROR_PROCESSING,,,
351191406,,ERROR_PROCESSING,,,
270615728,,ERROR_PROCESSING,,,
159716878,,ERROR_PROCESSING,,,
121016578,,ERROR_PROCESSING,,,
158172624,,ERROR_PROCESSING,,,
121119758,,ERROR_PROCESSING,,,
272942353,,ERROR_PROCESSING,,,
164552564,,ERROR_PROCESSING,,,
164784457,,ERROR_PROCESSING,,,
299088476,,ERROR_PROCESSING,,,
120890307,,ERROR_PROCESSING,,,
271666873,,ERROR_PROCESSING,,,
159573299,,ERROR_PROCESSING,,,
239278326,,ERROR_PROCESSING,,,
273373712,,ERROR_PROCESSING,,,
273131063,,ERROR_PROCESSING,,,
27843942,,ERROR_PROCESSING,,,
137219141,,ERROR_PROCESSING,,,
27915909,,ERROR_PROCESSING,,,
405684844,,ERROR_PROCESSING,,,
121945407,,ERROR_PROCESSING,,,
271349889,,ERROR_PROCESSING,,,
170344769,,ERROR_PROCESSING,,,
158168670,,ERROR_PROCESSING,,,
26960947,,ERROR_PROCESSING,,,
164830883,,ERROR_PROCESSING,,,
416282321,,ERROR_PROCESSING,,,
164457525,,ERROR_PROCESSING,,,
270698296,,ERROR_PROCESSING,,,
164882624,,ERROR_PROCESSING,,,
350987976,,ERROR_PROCESSING,,,
399826741,,ERROR_PROCESSING,,,
63373833,,ERROR_PROCESSING,,,
273865354,,ERROR_PROCESSING,,,
63367810,,ERROR_PROCESSING,,,
120317590,,ERROR_PROCESSING,,,
268483646,,ERROR_PROCESSING,,,
122682776,,ERROR_PROCESSING,,,
1881802786,,ERROR_PROCESSING,,,
271958892,,ERROR_PROCESSING,,,
121326995,,ERROR_PROCESSING,,,
271877841,,ERROR_PROCESSING,,,
351191325,,ERROR_PROCESSING,,,
123416188,,ERROR_PROCESSING,,,
271424111,,ERROR_PROCESSING,,,
273687627,,ERROR_PROCESSING,,,
164556454,,ERROR_PROCESSING,,,
159716346,,ERROR_PROCESSING,,,
158387021,,ERROR_PROCESSING,,,
352011875,,ERROR_PROCESSING,,,
158553540,,ERROR_PROCESSING,,,
28449295,,ERROR_PROCESSING,,,
272490653,,ERROR_PROCESSING,,,
273376048,,ERROR_PROCESSING,,,
169175314,,ERROR_PROCESSING,,,
1876768495,,ERROR_PROCESSING,,,
399794329,,ERROR_PROCESSING,,,
378089068,,ERROR_PROCESSING,,,
27006032,,ERROR_PROCESSING,,,
48451491,,ERROR_PROCESSING,,,
273231378,,ERROR_PROCESSING,,,
121119758,,ERROR_PROCESSING,,,
264508409,,ERROR_PROCESSING,,,
123198156,,ERROR_PROCESSING,,,
63370825,,ERROR_PROCESSING,,,
170251756,,ERROR_PROCESSING,,,
158218734,,ERROR_PROCESSING,,,
120317595,,ERROR_PROCESSING,,,
158431625,,ERROR_PROCESSING,,,
298969838,,ERROR_PROCESSING,,,
164461963,,ERROR_PROCESSING,,,
138153649,,ERROR_PROCESSING,,,
28159019,,ERROR_PROCESSING,,,
121326995,,ERROR_PROCESSING,,,
158393140,,ERROR_PROCESSING,,,
159441328,,ERROR_PROCESSING,,,
274129522,,ERROR_PROCESSING,,,
171504550,,ERROR_PROCESSING,,,
273874851,,ERROR_PROCESSING,,,
168812898,,ERROR_PROCESSING,,,
120317590,,ERROR_PROCESSING,,,
27006880,,ERROR_PROCESSING,,,
270700074,,ERROR_PROCESSING,,,
171101826,,ERROR_PROCESSING,,,
159643562,,ERROR_PROCESSING,,,
267745569,,ERROR_PROCESSING,,,
416284206,,ERROR_PROCESSING,,,
350987976,,ERROR_PROCESSING,,,
1882909457,,ERROR_PROCESSING,,,
164832454,,ERROR_PROCESSING,,,
405685900,,ERROR_PROCESSING,,,
121393780,,ERROR_PROCESSING,,,
120317590,,ERROR_PROCESSING,,,
270863324,,ERROR_PROCESSING,,,
27844066,,ERROR_PROCESSING,,,
171504550,,ERROR_PROCESSING,,,
122374509,,ERROR_PROCESSING,,,
405685992,,ERROR_PROCESSING,,,
270704947,,ERROR_PROCESSING,,,
121326995,,ERROR_PROCESSING,,,
27082352,,ERROR_PROCESSING,,,
170344769,,ERROR_PROCESSING,,,
158660631,,ERROR_PROCESSING,,,
268486394,,ERROR_PROCESSING,,,
164886585,,ERROR_PROCESSING,,,
164832454,,ERROR_PROCESSING,,,
169820068,,ERROR_PROCESSING,,,
267745569,,ERROR_PROCESSING,,,
407000096,,ERROR_PROCESSING,,,
350987976,,ERROR_PROCESSING,,,
164458426,,ERROR_PROCESSING,,,
269269740,,ERROR_PROCESSING,,,
158431625,,ERROR_PROCESSING,,,
377730679,,ERROR_PROCESSING,,,
10000699636,,ERROR_PROCESSING,,,
137347686,,ERROR_PROCESSING,,,
273131564,,ERROR_PROCESSING,,,
122606463,,ERROR_PROCESSING,,,
121277143,,ERROR_PROCESSING,,,
122066752,,ERROR_PROCESSING,,,
164461963,,ERROR_PROCESSING,,,
273231378,,ERROR_PROCESSING,,,
268380075,,ERROR_PROCESSING,,,
27006032,,ERROR_PROCESSING,,,
351193098,,ERROR_PROCESSING,,,
164558072,,ERROR_PROCESSING,,,
121865891,,ERROR_PROCESSING,,,
417678051,,ERROR_PROCESSING,,,
122685713,,ERROR_PROCESSING,,,
273376048,,ERROR_PROCESSING,,,
169819162,,ERROR_PROCESSING,,,
268380299,,ERROR_PROCESSING,,,
268299560,,ERROR_PROCESSING,,,
121016578,,ERROR_PROCESSING,,,
271424111,,ERROR_PROCESSING,,,
120684614,,ERROR_PROCESSING,,,
122519173,,ERROR_PROCESSING,,,
1876768495,,ERROR_PROCESSING,,,
169175314,,ERROR_PROCESSING,,,
272598447,,ERROR_PROCESSING,,,
158553540,,ERROR_PROCESSING,,,
272490653,,ERROR_PROCESSING,,,
137549183,,ERROR_PROCESSING,,,
63071165,,ERROR_PROCESSING,,,
271970252,,ERROR_PROCESSING,,,
164457525,,ERROR_PROCESSING,,,
273874851,,ERROR_PROCESSING,,,
405685900,,ERROR_PROCESSING,,,
164832454,,ERROR_PROCESSING,,,
273379170,,ERROR_PROCESSING,,,
268483646,,ERROR_PROCESSING,,,
121535634,,ERROR_PROCESSING,,,
137411611,,ERROR_PROCESSING,,,
122298884,,ERROR_PROCESSING,,,
273131063,,ERROR_PROCESSING,,,
63010040,,ERROR_PROCESSING,,,
63291675,,ERROR_PROCESSING,,,
28232287,,ERROR_PROCESSING,,,
137557473,,ERROR_PROCESSING,,,
122136782,,ERROR_PROCESSING,,,
26960947,,ERROR_PROCESSING,,,
272945408,,ERROR_PROCESSING,,,
272489100,,ERROR_PROCESSING,,,
27082352,,ERROR_PROCESSING,,,
138893017,,ERROR_PROCESSING,,,
158216900,,ERROR_PROCESSING,,,
273505466,,ERROR_PROCESSING,,,
122304494,,ERROR_PROCESSING,,,
137155031,,ERROR_PROCESSING,,,
159652365,,ERROR_PROCESSING,,,
164882874,,ERROR_PROCESSING,,,
416280178,,ERROR_PROCESSING,,,
272369124,,ERROR_PROCESSING,,,
352011875,,ERROR_PROCESSING,,,
268610013,,ERROR_PROCESSING,,,
137341354,,ERROR_PROCESSING,,,
164781045,,ERROR_PROCESSING,,,
138095964,,ERROR_PROCESSING,,,
159717069,,ERROR_PROCESSING,,,
270700608,,ERROR_PROCESSING,,,
399951198,,ERROR_PROCESSING,,,
158552902,,ERROR_PROCESSING,,,
351193098,,ERROR_PROCESSING,,,
184298625,,ERROR_PROCESSING,,,
271424111,,ERROR_PROCESSING,,,
48507019,,ERROR_PROCESSING,,,
268381905,,ERROR_PROCESSING,,,
273376048,,ERROR_PROCESSING,,,
273231214,,ERROR_PROCESSING,,,
164559146,,ERROR_PROCESSING,,,
164784457,,ERROR_PROCESSING,,,
26885588,,ERROR_PROCESSING,,,
271662781,,ERROR_PROCESSING,,,
290033579,,ERROR_PROCESSING,,,
27011135,,ERROR_PROCESSING,,,
268934915,,ERROR_PROCESSING,,,
137548225,,ERROR_PROCESSING,,,
164413836,,ERROR_PROCESSING,,,
164785576,,ERROR_PROCESSING,,,
159306035,,ERROR_PROCESSING,,,
27992168,,ERROR_PROCESSING,,,
273687627,,ERROR_PROCESSING,,,
268383780,,ERROR_PROCESSING,,,
138430438,,ERROR_PROCESSING,,,
272363635,,ERROR_PROCESSING,,,
164781045,,ERROR_PROCESSING,,,
268058119,,ERROR_PROCESSING,,,
122304887,,ERROR_PROCESSING,,,
158420787,,ERROR_PROCESSING,,,
27845677,,ERROR_PROCESSING,,,
27006880,,ERROR_PROCESSING,,,
121215710,,ERROR_PROCESSING,,,
158920088,,ERROR_PROCESSING,,,
63126950,,ERROR_PROCESSING,,,
63373833,,ERROR_PROCESSING,,,
27397122,,ERROR_PROCESSING,,,
274129522,,ERROR_PROCESSING,,,
272183738,,ERROR_PROCESSING,,,
164783145,,ERROR_PROCESSING,,,
275489982,,ERROR_PROCESSING,,,
122304494,,ERROR_PROCESSING,,,
27844498,,ERROR_PROCESSING,,,
158551504,,ERROR_PROCESSING,,,
158114992,,ERROR_PROCESSING,,,
158490401,,ERROR_PROCESSING,,,
416282321,,ERROR_PROCESSING,,,
122136964,,ERROR_PROCESSING,,,
298902728,,ERROR_PROCESSING,,,
271960586,,ERROR_PROCESSING,,,
120626764,,ERROR_PROCESSING,,,
270787257,,ERROR_PROCESSING,,,
159180492,,ERROR_PROCESSING,,,
164778381,,ERROR_PROCESSING,,,
159389232,,ERROR_PROCESSING,,,
268305489,,ERROR_PROCESSING,,,
137219141,,ERROR_PROCESSING,,,
121945407,,ERROR_PROCESSING,,,
268482699,,ERROR_PROCESSING,,,
158731694,,ERROR_PROCESSING,,,
159573299,,ERROR_PROCESSING,,,
298969838,,ERROR_PROCESSING,,,
267744730,,ERROR_PROCESSING,,,
63449090,,ERROR_PROCESSING,,,
27992168,,ERROR_PROCESSING,,,
272838698,,ERROR_PROCESSING,,,
121941586,,ERROR_PROCESSING,,,
169819162,,ERROR_PROCESSING,,,
270616245,,ERROR_PROCESSING,,,
164883843,,ERROR_PROCESSING,,,
264508409,,ERROR_PROCESSING,,,
272942353,,ERROR_PROCESSING,,,
138889723,,ERROR_PROCESSING,,,
351804693,,ERROR_PROCESSING,,,
378089068,,ERROR_PROCESSING,,,
27991129,,ERROR_PROCESSING,,,
164558072,,ERROR_PROCESSING,,,
26885588,,ERROR_PROCESSING,,,
279918206,,ERROR_PROCESSING,,,
159718760,,ERROR_PROCESSING,,,
28449295,,ERROR_PROCESSING,,,
123357864,,ERROR_PROCESSING,,,
158387021,,ERROR_PROCESSING,,,
158626827,,ERROR_PROCESSING,,,
299096355,,ERROR_PROCESSING,,,
184085929,,ERROR_PROCESSING,,,
123316518,,ERROR_PROCESSING,,,
351191406,,ERROR_PROCESSING,,,
271763138,,ERROR_PROCESSING,,,
121785583,,ERROR_PROCESSING,,,
26597569,,ERROR_PROCESSING,,,
137757776,,ERROR_PROCESSING,,,
159573888,,ERROR_PROCESSING,,,
63368767,,ERROR_PROCESSING,,,
120577120,,ERROR_PROCESSING,,,
122683575,,ERROR_PROCESSING,,,
63367810,,ERROR_PROCESSING,,,
158268972,,ERROR_PROCESSING,,,
170740143,,ERROR_PROCESSING,,,
270864283,,ERROR_PROCESSING,,,
164726308,,ERROR_PROCESSING,,,
158393140,,ERROR_PROCESSING,,,
164557531,,ERROR_PROCESSING,,,
121457093,,ERROR_PROCESSING,,,
159441328,,ERROR_PROCESSING,,,
172383563,,ERROR_PROCESSING,,,
138153649,,ERROR_PROCESSING,,,
120764848,,ERROR_PROCESSING,,,
184091846,,ERROR_PROCESSING,,,
27843942,,ERROR_PROCESSING,,,
120960812,,ERROR_PROCESSING,,,
273778014,,ERROR_PROCESSING,,,
405684844,,ERROR_PROCESSING,,,
28159019,,ERROR_PROCESSING,,,
120495515,,ERROR_PROCESSING,,,
164458426,,ERROR_PROCESSING,,,
158218734,,ERROR_PROCESSING,,,
164886585,,ERROR_PROCESSING,,,
138725680,,ERROR_PROCESSING,,,
159720778,,ERROR_PROCESSING,,,
184554469,,ERROR_PROCESSING,,,
170344769,,ERROR_PROCESSING,,,
272605910,,ERROR_PROCESSING,,,
121866154,,ERROR_PROCESSING,,,
120626764,,ERROR_PROCESSING,,,
270782003,,ERROR_PROCESSING,,,
272945156,,ERROR_PROCESSING,,,
271763138,,ERROR_PROCESSING,,,
273234419,,ERROR_PROCESSING,,,
121016739,,ERROR_PROCESSING,,,
121394270,,ERROR_PROCESSING,,,
172422432,,ERROR_PROCESSING,,,
164671318,,ERROR_PROCESSING,,,
63449090,,ERROR_PROCESSING,,,
137890266,,ERROR_PROCESSING,,,
270957522,,ERROR_PROCESSING,,,
123230202,,ERROR_PROCESSING,,,
164784457,,ERROR_PROCESSING,,,
120890307,,ERROR_PROCESSING,,,
378089068,,ERROR_PROCESSING,,,
120314783,,ERROR_PROCESSING,,,
185059488,,ERROR_PROCESSING,,,
184246521,,ERROR_PROCESSING,,,
268711054,,ERROR_PROCESSING,,,
121119758,,ERROR_PROCESSING,,,
1882909457,,ERROR_PROCESSING,,,
164552564,,ERROR_PROCESSING,,,
273231214,,ERROR_PROCESSING,,,
172422394,,ERROR_PROCESSING,,,
271424481,,ERROR_PROCESSING,,,
268305489,,ERROR_PROCESSING,,,
159097856,,ERROR_PROCESSING,,,
164556454,,ERROR_PROCESSING,,,
121945407,,ERROR_PROCESSING,,,
137150100,,ERROR_PROCESSING,,,
417657237,,ERROR_PROCESSING,,,
158840818,,ERROR_PROCESSING,,,
63121703,,ERROR_PROCESSING,,,
416282321,,ERROR_PROCESSING,,,
27846645,,ERROR_PROCESSING,,,
63121862,,ERROR_PROCESSING,,,
352011875,,ERROR_PROCESSING,,,
270517432,,ERROR_PROCESSING,,,
137557473,,ERROR_PROCESSING,,,
171100515,,ERROR_PROCESSING,,,
271040947,,ERROR_PROCESSING,,,
270856764,,ERROR_PROCESSING,,,
158490401,,ERROR_PROCESSING,,,
159719243,,ERROR_PROCESSING,,,
405685900,,ERROR_PROCESSING,,,
63289629,,ERROR_PROCESSING,,,
121393780,,ERROR_PROCESSING,,,
120422248,,ERROR_PROCESSING,,,
27397122,,ERROR_PROCESSING,,,
158393140,,ERROR_PROCESSING,,,
271355556,,ERROR_PROCESSING,,,
185062334,,ERROR_PROCESSING,,,
172384786,,ERROR_PROCESSING,,,
26416896,,ERROR_PROCESSING,,,
184250644,,ERROR_PROCESSING,,,
120764848,,ERROR_PROCESSING,,,
123446004,,ERROR_PROCESSING,,,
184085929,,ERROR_PROCESSING,,,
273589458,,ERROR_PROCESSING,,,
169459587,,ERROR_PROCESSING,,,
120686440,,ERROR_PROCESSING,,,
27533666,,ERROR_PROCESSING,,,
271773721,,ERROR_PROCESSING,,,
27773647,,ERROR_PROCESSING,,,
120316928,,ERROR_PROCESSING,,,
26885588,,ERROR_PROCESSING,,,
137549183,,ERROR_PROCESSING,,,
28449295,,ERROR_PROCESSING,,,
164552564,,ERROR_PROCESSING,,,
122781802,,ERROR_PROCESSING,,,
164784457,,ERROR_PROCESSING,,,
120890307,,ERROR_PROCESSING,,,
121121622,,ERROR_PROCESSING,,,
164882624,,ERROR_PROCESSING,,,
123364486,,ERROR_PROCESSING,,,
158796399,,ERROR_PROCESSING,,,
399826741,,ERROR_PROCESSING,,,
137971026,,ERROR_PROCESSING,,,
299096355,,ERROR_PROCESSING,,,
164726308,,ERROR_PROCESSING,,,
26418690,,ERROR_PROCESSING,,,
273045125,,ERROR_PROCESSING,,,
63122231,,ERROR_PROCESSING,,,
299159803,,ERROR_PROCESSING,,,
416282321,,ERROR_PROCESSING,,,
28160089,,ERROR_PROCESSING,,,
269031095,,ERROR_PROCESSING,,,
350812819,,ERROR_PROCESSING,,,
273131564,,ERROR_PROCESSING,,,
164527723,,ERROR_PROCESSING,,,
27397122,,ERROR_PROCESSING,,,
123357864,,ERROR_PROCESSING,,,
159573299,,ERROR_PROCESSING,,,
352013134,,ERROR_PROCESSING,,,
28159019,,ERROR_PROCESSING,,,
121945407,,ERROR_PROCESSING,,,
138648606,,ERROR_PROCESSING,,,
169467727,,ERROR_PROCESSING,,,
351766026,,ERROR_PROCESSING,,,
184427205,,ERROR_PROCESSING,,,
120317590,,ERROR_PROCESSING,,,
158172624,,ERROR_PROCESSING,,,
299096355,,ERROR_PROCESSING,,,
121326995,,ERROR_PROCESSING,,,
264509538,,ERROR_PROCESSING,,,
122374509,,ERROR_PROCESSING,,,
120899739,,ERROR_PROCESSING,,,
121393780,,ERROR_PROCESSING,,,
137757776,,ERROR_PROCESSING,,,
164671409,,ERROR_PROCESSING,,,
164458426,,ERROR_PROCESSING,,,
350987976,,ERROR_PROCESSING,,,
299088476,,ERROR_PROCESSING,,,
120960812,,ERROR_PROCESSING,,,
138153649,,ERROR_PROCESSING,,,
271663183,,ERROR_PROCESSING,,,
120317590,,ERROR_PROCESSING,,,
27187870,,ERROR_PROCESSING,,,
271040768,,ERROR_PROCESSING,,,
121016578,,ERROR_PROCESSING,,,
350987976,,ERROR_PROCESSING,,,
120960724,,ERROR_PROCESSING,,,
27695087,,ERROR_PROCESSING,,,
138725680,,ERROR_PROCESSING,,,
169459899,,ERROR_PROCESSING,,,
407002020,,ERROR_PROCESSING,,,
158218734,,ERROR_PROCESSING,,,
272489351,,ERROR_PROCESSING,,,
269269740,,ERROR_PROCESSING,,,
164457525,,ERROR_PROCESSING,,,
27388864,,ERROR_PROCESSING,,,
172877667,,ERROR_PROCESSING,,,
164832454,,ERROR_PROCESSING,,,
407000096,,ERROR_PROCESSING,,,
164558072,,ERROR_PROCESSING,,,
279918206,,ERROR_PROCESSING,,,
271545029,,ERROR_PROCESSING,,,
158626827,,ERROR_PROCESSING,,,
28449476,,ERROR_PROCESSING,,,
164527723,,ERROR_PROCESSING,,,
123357864,,ERROR_PROCESSING,,,
159052932,,ERROR_PROCESSING,,,
63074282,,ERROR_PROCESSING,,,
272606395,,ERROR_PROCESSING,,,
272179220,,ERROR_PROCESSING,,,
138639253,,ERROR_PROCESSING,,,
271354732,,ERROR_PROCESSING,,,
270700608,,ERROR_PROCESSING,,,
299096355,,ERROR_PROCESSING,,,
158387021,,ERROR_PROCESSING,,,
121277143,,ERROR_PROCESSING,,,
172374904,,ERROR_PROCESSING,,,
164557531,,ERROR_PROCESSING,,,
184014677,,ERROR_PROCESSING,,,
159763687,,ERROR_PROCESSING,,,
268299560,,ERROR_PROCESSING,,,
120254134,,ERROR_PROCESSING,,,
170735592,,ERROR_PROCESSING,,,
271424111,,ERROR_PROCESSING,,,
169558404,,ERROR_PROCESSING,,,
26961075,,ERROR_PROCESSING,,,
28358364,,ERROR_PROCESSING,,,
272720444,,ERROR_PROCESSING,,,
273376048,,ERROR_PROCESSING,,,
272275278,,ERROR_PROCESSING,,,
121019852,,ERROR_PROCESSING,,,
158660631,,ERROR_PROCESSING,,,
264508409,,ERROR_PROCESSING,,,
279912475,,ERROR_PROCESSING,,,
122375269,,ERROR_PROCESSING,,,
158840777,,ERROR_PROCESSING,,,
28232287,,ERROR_PROCESSING,,,
159047480,,ERROR_PROCESSING,,,
27388864,,ERROR_PROCESSING,,,
272489100,,ERROR_PROCESSING,,,
399794329,,ERROR_PROCESSING,,,
271759162,,ERROR_PROCESSING,,,
416280178,,ERROR_PROCESSING,,,
123310472,,ERROR_PROCESSING,,,
268482699,,ERROR_PROCESSING,,,
121083955,,ERROR_PROCESSING,,,
27390859,,ERROR_PROCESSING,,,
63291675,,ERROR_PROCESSING,,,
122606463,,ERROR_PROCESSING,,,
269030207,,ERROR_PROCESSING,,,
405685992,,ERROR_PROCESSING,,,
270704947,,ERROR_PROCESSING,,,
122066199,,ERROR_PROCESSING,,,
63373833,,ERROR_PROCESSING,,,
63126950,,ERROR_PROCESSING,,,
273375608,,ERROR_PROCESSING,,,
271424481,,ERROR_PROCESSING,,,
185186949,,ERROR_PROCESSING,,,
138970037,,ERROR_PROCESSING,,,
158631520,,ERROR_PROCESSING,,,
270957624,,ERROR_PROCESSING,,,
272487856,,ERROR_PROCESSING,,,
273373712,,ERROR_PROCESSING,,,
164457525,,ERROR_PROCESSING,,,
352011875,,ERROR_PROCESSING,,,
271348822,,ERROR_PROCESSING,,,
350810419,,ERROR_PROCESSING,,,
63125540,,ERROR_PROCESSING,,,
27695087,,ERROR_PROCESSING,,,
271164883,,ERROR_PROCESSING,,,
48507019,,ERROR_PROCESSING,,,
273043307,,ERROR_PROCESSING,,,
407002705,,ERROR_PROCESSING,,,
172422394,,ERROR_PROCESSING,,,
272843045,,ERROR_PROCESSING,,,
270700608,,ERROR_PROCESSING,,,
268383295,,ERROR_PROCESSING,,,
185059488,,ERROR_PROCESSING,,,
273379486,,ERROR_PROCESSING,,,
272369124,,ERROR_PROCESSING,,,
27011135,,ERROR_PROCESSING,,,
138093387,,ERROR_PROCESSING,,,
275576176,,ERROR_PROCESSING,,,
298969838,,ERROR_PROCESSING,,,
424867402,,ERROR_PROCESSING,,,
27843707,,ERROR_PROCESSING,,,
239289904,,ERROR_PROCESSING,,,
UNKNOWN,,SKIPPED_ID_UNKNOWN,,,
UNKNOWN,,SKIPPED_ID_UNKNOWN,,,
UNKNOWN,,SKIPPED_ID_UNKNOWN,,,
UNKNOWN,,SKIPPED_ID_UNKNOWN,,,
UNKNOWN,,SKIPPED_ID_UNKNOWN,,,
UNKNOWN,,SKIPPED_ID_UNKNOWN,,,
UNKNOWN,,SKIPPED_ID_UNKNOWN,,,
UNKNOWN,,SKIPPED_ID_UNKNOWN,,,
UNKNOWN,,SKIPPED_ID_UNKNOWN,,,
UNKNOWN,,SKIPPED_ID_UNKNOWN,,,
UNKNOWN,,SKIPPED_ID_UNKNOWN,,,
UNKNOWN,,SKIPPED_ID_UNKNOWN,,,
UNKNOWN,,SKIPPED_ID_UNKNOWN,,,
UNKNOWN,,SKIPPED_ID_UNKNOWN,,,
UNKNOWN,,SKIPPED_ID_UNKNOWN,,,
UNKNOWN,,SKIPPED_ID_UNKNOWN,,,
UNKNOWN,,SKIPPED_ID_UNKNOWN,,,
UNKNOWN,,SKIPPED_ID_UNKNOWN,,,
UNKNOWN,,SKIPPED_ID_UNKNOWN,,,
UNKNOWN,,SKIPPED_ID_UNKNOWN,,,
UNKNOWN,,SKIPPED_ID_UNKNOWN,,,
UNKNOWN,,SKIPPED_ID_UNKNOWN,,,
UNKNOWN,,SKIPPED_ID_UNKNOWN,,,
UNKNOWN,,SKIPPED_ID_UNKNOWN,,,
UNKNOWN,,SKIPPED_ID_UNKNOWN,,,
UNKNOWN,,SKIPPED_ID_UNKNOWN,,,
UNKNOWN,,SKIPPED_ID_UNKNOWN,,,
UNKNOWN,,SKIPPED_ID_UNKNOWN,,,
UNKNOWN,,SKIPPED_ID_UNKNOWN,,,
UNKNOWN,,SKIPPED_ID_UNKNOWN,,,
UNKNOWN,,SKIPPED_ID_UNKNOWN,,,
UNKNOWN,,SKIPPED_ID_UNKNOWN,,,
UNKNOWN,,SKIPPED_ID_UNKNOWN,,,
UNKNOWN,,SKIPPED_ID_UNKNOWN,,,
UNKNOWN,,SKIPPED_ID_UNKNOWN,,,
UNKNOWN,,SKIPPED_ID_UNKNOWN,,,
UNKNOWN,,SKIPPED_ID_UNKNOWN,,,
UNKNOWN,,SKIPPED_ID_UNKNOWN,,,
UNKNOWN,,SKIPPED_ID_UNKNOWN,,,
UNKNOWN,,SKIPPED_ID_UNKNOWN,,,
UNKNOWN,,SKIPPED_ID_UNKNOWN,,,
UNKNOWN,,SKIPPED_ID_UNKNOWN,,,
UNKNOWN,,SKIPPED_ID_UNKNOWN,,,
UNKNOWN,,SKIPPED_ID_UNKNOWN,,,
UNKNOWN,,SKIPPED_ID_UNKNOWN,,,
UNKNOWN,,SKIPPED_ID_UNKNOWN,,,
UNKNOWN,,SKIPPED_ID_UNKNOWN,,,
UNKNOWN,,SKIPPED_ID_UNKNOWN,,,
UNKNOWN,,SKIPPED_ID_UNKNOWN,,,
UNKNOWN,,SKIPPED_ID_UNKNOWN,,,
UNKNOWN,,SKIPPED_ID_UNKNOWN,,,
UNKNOWN,,SKIPPED_ID_UNKNOWN,,,
UNKNOWN,,SKIPPED_ID_UNKNOWN,,,
UNKNOWN,,SKIPPED_ID_UNKNOWN,,,
UNKNOWN,,SKIPPED_ID_UNKNOWN,,,
UNKNOWN,,SKIPPED_ID_UNKNOWN,,,
UNKNOWN,,SKIPPED_ID_UNKNOWN,,,
UNKNOWN,,SKIPPED_ID_UNKNOWN,,,
UNKNOWN,,SKIPPED_ID_UNKNOWN,,,
UNKNOWN,,SKIPPED_ID_UNKNOWN,,,
UNKNOWN,,SKIPPED_ID_UNKNOWN,,,
UNKNOWN,,SKIPPED_ID_UNKNOWN,,,
UNKNOWN,,SKIPPED_ID_UNKNOWN,,,
UNKNOWN,,SKIPPED_ID_UNKNOWN,,,
UNKNOWN,,SKIPPED_ID_UNKNOWN,,,
UNKNOWN,,SKIPPED_ID_UNKNOWN,,,
UNKNOWN,,SKIPPED_ID_UNKNOWN,,,
UNKNOWN,,SKIPPED_ID_UNKNOWN,,,
UNKNOWN,,SKIPPED_ID_UNKNOWN,,,
UNKNOWN,,SKIPPED_ID_UNKNOWN,,,
UNKNOWN,,SKIPPED_ID_UNKNOWN,,,
UNKNOWN,,SKIPPED_ID_UNKNOWN,,,
UNKNOWN,,SKIPPED_ID_UNKNOWN,,,
UNKNOWN,,SKIPPED_ID_UNKNOWN,,,
UNKNOWN,,SKIPPED_ID_UNKNOWN,,,
UNKNOWN,,SKIPPED_ID_UNKNOWN,,,
UNKNOWN,,SKIPPED_ID_UNKNOWN,,,
UNKNOWN,,SKIPPED_ID_UNKNOWN,,,
UNKNOWN,,SKIPPED_ID_UNKNOWN,,,
UNKNOWN,,SKIPPED_ID_UNKNOWN,,,
UNKNOWN,,SKIPPED_ID_UNKNOWN,,,
UNKNOWN,,SKIPPED_ID_UNKNOWN,,,
UNKNOWN,,SKIPPED_ID_UNKNOWN,,,
UNKNOWN,,SKIPPED_ID_UNKNOWN,,,
UNKNOWN,,SKIPPED_ID_UNKNOWN,,,
UNKNOWN,,SKIPPED_ID_UNKNOWN,,,
UNKNOWN,,SKIPPED_ID_UNKNOWN,,,
UNKNOWN,,SKIPPED_ID_UNKNOWN,,,
UNKNOWN,,SKIPPED_ID_UNKNOWN,,,
UNKNOWN,,SKIPPED_ID_UNKNOWN,,,
UNKNOWN,,SKIPPED_ID_UNKNOWN,,,
UNKNOWN,,SKIPPED_ID_UNKNOWN,,,
UNKNOWN,,SKIPPED_ID_UNKNOWN,,,
UNKNOWN,,SKIPPED_ID_UNKNOWN,,,
UNKNOWN,,SKIPPED_ID_UNKNOWN,,,
UNKNOWN,,SKIPPED_ID_UNKNOWN,,,
UNKNOWN,,SKIPPED_ID_UNKNOWN,,,
UNKNOWN,,SKIPPED_ID_UNKNOWN,,,
UNKNOWN,,SKIPPED_ID_UNKNOWN,,,
UNKNOWN,,SKIPPED_ID_UNKNOWN,,,
UNKNOWN,,SKIPPED_ID_UNKNOWN,,,
UNKNOWN,,SKIPPED_ID_UNKNOWN,,,
UNKNOWN,,SKIPPED_ID_UNKNOWN,,,
UNKNOWN,,SKIPPED_ID_UNKNOWN,,,
UNKNOWN,,SKIPPED_ID_UNKNOWN,,,
UNKNOWN,,SKIPPED_ID_UNKNOWN,,,
UNKNOWN,,SKIPPED_ID_UNKNOWN,,,
UNKNOWN,,SKIPPED_ID_UNKNOWN,,,
UNKNOWN,,SKIPPED_ID_UNKNOWN,,,
UNKNOWN,,SKIPPED_ID_UNKNOWN,,,
UNKNOWN,,SKIPPED_ID_UNKNOWN,,,
UNKNOWN,,SKIPPED_ID_UNKNOWN,,,
UNKNOWN,,SKIPPED_ID_UNKNOWN,,,
UNKNOWN,,SKIPPED_ID_UNKNOWN,,,
UNKNOWN,,SKIPPED_ID_UNKNOWN,,,
UNKNOWN,,SKIPPED_ID_UNKNOWN,,,
UNKNOWN,,SKIPPED_ID_UNKNOWN,,,
UNKNOWN,,SKIPPED_ID_UNKNOWN,,,
UNKNOWN,,SKIPPED_ID_UNKNOWN,,,
UNKNOWN,,SKIPPED_ID_UNKNOWN,,,
UNKNOWN,,SKIPPED_ID_UNKNOWN,,,
UNKNOWN,,SKIPPED_ID_UNKNOWN,,,
UNKNOWN,,SKIPPED_ID_UNKNOWN,,,
UNKNOWN,,SKIPPED_ID_UNKNOWN,,,
UNKNOWN,,SKIPPED_ID_UNKNOWN,,,
UNKNOWN,,SKIPPED_ID_UNKNOWN,,,
UNKNOWN,,SKIPPED_ID_UNKNOWN,,,
UNKNOWN,,SKIPPED_ID_UNKNOWN,,,
UNKNOWN,,SKIPPED_ID_UNKNOWN,,,
UNKNOWN,,SKIPPED_ID_UNKNOWN,,,
UNKNOWN,,SKIPPED_ID_UNKNOWN,,,
UNKNOWN,,SKIPPED_ID_UNKNOWN,,,
UNKNOWN,,SKIPPED_ID_UNKNOWN,,,
UNKNOWN,,SKIPPED_ID_UNKNOWN,,,
UNKNOWN,,SKIPPED_ID_UNKNOWN,,,
UNKNOWN,,SKIPPED_ID_UNKNOWN,,,
UNKNOWN,,SKIPPED_ID_UNKNOWN,,,
UNKNOWN,,SKIPPED_ID_UNKNOWN,,,
UNKNOWN,,SKIPPED_ID_UNKNOWN,,,
UNKNOWN,,SKIPPED_ID_UNKNOWN,,,
UNKNOWN,,SKIPPED_ID_UNKNOWN,,,
UNKNOWN,,SKIPPED_ID_UNKNOWN,,,
UNKNOWN,,SKIPPED_ID_UNKNOWN,,,
UNKNOWN,,SKIPPED_ID_UNKNOWN,,,
UNKNOWN,,SKIPPED_ID_UNKNOWN,,,
UNKNOWN,,SKIPPED_ID_UNKNOWN,,,
UNKNOWN,,SKIPPED_ID_UNKNOWN,,,
UNKNOWN,,SKIPPED_ID_UNKNOWN,,,
UNKNOWN,,SKIPPED_ID_UNKNOWN,,,
UNKNOWN,,SKIPPED_ID_UNKNOWN,,,
UNKNOWN,,SKIPPED_ID_UNKNOWN,,,
UNKNOWN,,SKIPPED_ID_UNKNOWN,,,
UNKNOWN,,SKIPPED_ID_UNKNOWN,,,
UNKNOWN,,SKIPPED_ID_UNKNOWN,,,
UNKNOWN,,SKIPPED_ID_UNKNOWN,,,
UNKNOWN,,SKIPPED_ID_UNKNOWN,,,
UNKNOWN,,SKIPPED_ID_UNKNOWN,,,
UNKNOWN,,SKIPPED_ID_UNKNOWN,,,
UNKNOWN,,SKIPPED_ID_UNKNOWN,,,
UNKNOWN,,SKIPPED_ID_UNKNOWN,,,
UNKNOWN,,SKIPPED_ID_UNKNOWN,,,
UNKNOWN,,SKIPPED_ID_UNKNOWN,,,
UNKNOWN,,SKIPPED_ID_UNKNOWN,,,
UNKNOWN,,SKIPPED_ID_UNKNOWN,,,
UNKNOWN,,SKIPPED_ID_UNKNOWN,,,
UNKNOWN,,SKIPPED_ID_UNKNOWN,,,
UNKNOWN,,SKIPPED_ID_UNKNOWN,,,
UNKNOWN,,SKIPPED_ID_UNKNOWN,,,
UNKNOWN,,SKIPPED_ID_UNKNOWN,,,
UNKNOWN,,SKIPPED_ID_UNKNOWN,,,
UNKNOWN,,SKIPPED_ID_UNKNOWN,,,
UNKNOWN,,SKIPPED_ID_UNKNOWN,,,
UNKNOWN,,SKIPPED_ID_UNKNOWN,,,
UNKNOWN,,SKIPPED_ID_UNKNOWN,,,
UNKNOWN,,SKIPPED_ID_UNKNOWN,,,
UNKNOWN,,SKIPPED_ID_UNKNOWN,,,
UNKNOWN,,SKIPPED_ID_UNKNOWN,,,
UNKNOWN,,SKIPPED_ID_UNKNOWN,,,
UNKNOWN,,SKIPPED_ID_UNKNOWN,,,
UNKNOWN,,SKIPPED_ID_UNKNOWN,,,
UNKNOWN,,SKIPPED_ID_UNKNOWN,,,
UNKNOWN,,SKIPPED_ID_UNKNOWN,,,
UNKNOWN,,SKIPPED_ID_UNKNOWN,,,
UNKNOWN,,SKIPPED_ID_UNKNOWN,,,
UNKNOWN,,SKIPPED_ID_UNKNOWN,,,
UNKNOWN,,SKIPPED_ID_UNKNOWN,,,
UNKNOWN,,SKIPPED_ID_UNKNOWN,,,
UNKNOWN,,SKIPPED_ID_UNKNOWN,,,
UNKNOWN,,SKIPPED_ID_UNKNOWN,,,
UNKNOWN,,SKIPPED_ID_UNKNOWN,,,
UNKNOWN,,SKIPPED_ID_UNKNOWN,,,
UNKNOWN,,SKIPPED_ID_UNKNOWN,,,
UNKNOWN,,SKIPPED_ID_UNKNOWN,,,
UNKNOWN,,SKIPPED_ID_UNKNOWN,,,
UNKNOWN,,SKIPPED_ID_UNKNOWN,,,
UNKNOWN,,SKIPPED_ID_UNKNOWN,,,
UNKNOWN,,SKIPPED_ID_UNKNOWN,,,
UNKNOWN,,SKIPPED_ID_UNKNOWN,,,
UNKNOWN,,SKIPPED_ID_UNKNOWN,,,
UNKNOWN,,SKIPPED_ID_UNKNOWN,,,
UNKNOWN,,SKIPPED_ID_UNKNOWN,,,
UNKNOWN,,SKIPPED_ID_UNKNOWN,,,
UNKNOWN,,SKIPPED_ID_UNKNOWN,,,
UNKNOWN,,SKIPPED_ID_UNKNOWN,,,
UNKNOWN,,SKIPPED_ID_UNKNOWN,,,
UNKNOWN,,SKIPPED_ID_UNKNOWN,,,
UNKNOWN,,SKIPPED_ID_UNKNOWN,,,
UNKNOWN,,SKIPPED_ID_UNKNOWN,,,
UNKNOWN,,SKIPPED_ID_UNKNOWN,,,
UNKNOWN,,SKIPPED_ID_UNKNOWN,,,
UNKNOWN,,SKIPPED_ID_UNKNOWN,,,
UNKNOWN,,SKIPPED_ID_UNKNOWN,,,
UNKNOWN,,SKIPPED_ID_UNKNOWN,,,
UNKNOWN,,SKIPPED_ID_UNKNOWN,,,
UNKNOWN,,SKIPPED_ID_UNKNOWN,,,
UNKNOWN,,SKIPPED_ID_UNKNOWN,,,
UNKNOWN,,SKIPPED_ID_UNKNOWN,,,
UNKNOWN,,SKIPPED_ID_UNKNOWN,,,
UNKNOWN,,SKIPPED_ID_UNKNOWN,,,
UNKNOWN,,SKIPPED_ID_UNKNOWN,,,
UNKNOWN,,SKIPPED_ID_UNKNOWN,,,
UNKNOWN,,SKIPPED_ID_UNKNOWN,,,
UNKNOWN,,SKIPPED_ID_UNKNOWN,,,
UNKNOWN,,SKIPPED_ID_UNKNOWN,,,
UNKNOWN,,SKIPPED_ID_UNKNOWN,,,
UNKNOWN,,SKIPPED_ID_UNKNOWN,,,
UNKNOWN,,SKIPPED_ID_UNKNOWN,,,
UNKNOWN,,SKIPPED_ID_UNKNOWN,,,
UNKNOWN,,SKIPPED_ID_UNKNOWN,,,
UNKNOWN,,SKIPPED_ID_UNKNOWN,,,
UNKNOWN,,SKIPPED_ID_UNKNOWN,,,
UNKNOWN,,SKIPPED_ID_UNKNOWN,,,
UNKNOWN,,SKIPPED_ID_UNKNOWN,,,
UNKNOWN,,SKIPPED_ID_UNKNOWN,,,
UNKNOWN,,SKIPPED_ID_UNKNOWN,,,
UNKNOWN,,SKIPPED_ID_UNKNOWN,,,
UNKNOWN,,SKIPPED_ID_UNKNOWN,,,
UNKNOWN,,SKIPPED_ID_UNKNOWN,,,
UNKNOWN,,SKIPPED_ID_UNKNOWN,,,
UNKNOWN,,SKIPPED_ID_UNKNOWN,,,
UNKNOWN,,SKIPPED_ID_UNKNOWN,,,
UNKNOWN,,SKIPPED_ID_UNKNOWN,,,
UNKNOWN,,SKIPPED_ID_UNKNOWN,,,
UNKNOWN,,SKIPPED_ID_UNKNOWN,,,
UNKNOWN,,SKIPPED_ID_UNKNOWN,,,
UNKNOWN,,SKIPPED_ID_UNKNOWN,,,
UNKNOWN,,SKIPPED_ID_UNKNOWN,,,
UNKNOWN,,SKIPPED_ID_UNKNOWN,,,
UNKNOWN,,SKIPPED_ID_UNKNOWN,,,
UNKNOWN,,SKIPPED_ID_UNKNOWN,,,
UNKNOWN,,SKIPPED_ID_UNKNOWN,,,
UNKNOWN,,SKIPPED_ID_UNKNOWN,,,
UNKNOWN,,SKIPPED_ID_UNKNOWN,,,
UNKNOWN,,SKIPPED_ID_UNKNOWN,,,
UNKNOWN,,SKIPPED_ID_UNKNOWN,,,
UNKNOWN,,SKIPPED_ID_UNKNOWN,,,
UNKNOWN,,SKIPPED_ID_UNKNOWN,,,
UNKNOWN,,SKIPPED_ID_UNKNOWN,,,
UNKNOWN,,SKIPPED_ID_UNKNOWN,,,
UNKNOWN,,SKIPPED_ID_UNKNOWN,,,
UNKNOWN,,SKIPPED_ID_UNKNOWN,,,
UNKNOWN,,SKIPPED_ID_UNKNOWN,,,
UNKNOWN,,SKIPPED_ID_UNKNOWN,,,
UNKNOWN,,SKIPPED_ID_UNKNOWN,,,
UNKNOWN,,SKIPPED_ID_UNKNOWN,,,
UNKNOWN,,SKIPPED_ID_UNKNOWN,,,
UNKNOWN,,SKIPPED_ID_UNKNOWN,,,
UNKNOWN,,SKIPPED_ID_UNKNOWN,,,
UNKNOWN,,SKIPPED_ID_UNKNOWN,,,
UNKNOWN,,SKIPPED_ID_UNKNOWN,,,
UNKNOWN,,SKIPPED_ID_UNKNOWN,,,
UNKNOWN,,SKIPPED_ID_UNKNOWN,,,
UNKNOWN,,SKIPPED_ID_UNKNOWN,,,
UNKNOWN,,SKIPPED_ID_UNKNOWN,,,
UNKNOWN,,SKIPPED_ID_UNKNOWN,,,
UNKNOWN,,SKIPPED_ID_UNKNOWN,,,
UNKNOWN,,SKIPPED_ID_UNKNOWN,,,
UNKNOWN,,SKIPPED_ID_UNKNOWN,,,
UNKNOWN,,SKIPPED_ID_UNKNOWN,,,
UNKNOWN,,SKIPPED_ID_UNKNOWN,,,
UNKNOWN,,SKIPPED_ID_UNKNOWN,,,
UNKNOWN,,SKIPPED_ID_UNKNOWN,,,
UNKNOWN,,SKIPPED_ID_UNKNOWN,,,
UNKNOWN,,SKIPPED_ID_UNKNOWN,,,
UNKNOWN,,SKIPPED_ID_UNKNOWN,,,
UNKNOWN,,SKIPPED_ID_UNKNOWN,,,
UNKNOWN,,SKIPPED_ID_UNKNOWN,,,
UNKNOWN,,SKIPPED_ID_UNKNOWN,,,
UNKNOWN,,SKIPPED_ID_UNKNOWN,,,
UNKNOWN,,SKIPPED_ID_UNKNOWN,,,
UNKNOWN,,SKIPPED_ID_UNKNOWN,,,
UNKNOWN,,SKIPPED_ID_UNKNOWN,,,
UNKNOWN,,SKIPPED_ID_UNKNOWN,,,
UNKNOWN,,SKIPPED_ID_UNKNOWN,,,
UNKNOWN,,SKIPPED_ID_UNKNOWN,,,
UNKNOWN,,SKIPPED_ID_UNKNOWN,,,
UNKNOWN,,SKIPPED_ID_UNKNOWN,,,
UNKNOWN,,SKIPPED_ID_UNKNOWN,,,
UNKNOWN,,SKIPPED_ID_UNKNOWN,,,
UNKNOWN,,SKIPPED_ID_UNKNOWN,,,
UNKNOWN,,SKIPPED_ID_UNKNOWN,,,
UNKNOWN,,SKIPPED_ID_UNKNOWN,,,
UNKNOWN,,SKIPPED_ID_UNKNOWN,,,
UNKNOWN,,SKIPPED_ID_UNKNOWN,,,
UNKNOWN,,SKIPPED_ID_UNKNOWN,,,
UNKNOWN,,SKIPPED_ID_UNKNOWN,,,
UNKNOWN,,SKIPPED_ID_UNKNOWN,,,
UNKNOWN,,SKIPPED_ID_UNKNOWN,,,
UNKNOWN,,SKIPPED_ID_UNKNOWN,,,
UNKNOWN,,SKIPPED_ID_UNKNOWN,,,
UNKNOWN,,SKIPPED_ID_UNKNOWN,,,
UNKNOWN,,SKIPPED_ID_UNKNOWN,,,
UNKNOWN,,SKIPPED_ID_UNKNOWN,,,
UNKNOWN,,SKIPPED_ID_UNKNOWN,,,
UNKNOWN,,SKIPPED_ID_UNKNOWN,,,
UNKNOWN,,SKIPPED_ID_UNKNOWN,,,
UNKNOWN,,SKIPPED_ID_UNKNOWN,,,
UNKNOWN,,SKIPPED_ID_UNKNOWN,,,
UNKNOWN,,SKIPPED_ID_UNKNOWN,,,
UNKNOWN,,SKIPPED_ID_UNKNOWN,,,
UNKNOWN,,SKIPPED_ID_UNKNOWN,,,
UNKNOWN,,SKIPPED_ID_UNKNOWN,,,
UNKNOWN,,SKIPPED_ID_UNKNOWN,,,
UNKNOWN,,SKIPPED_ID_UNKNOWN,,,
UNKNOWN,,SKIPPED_ID_UNKNOWN,,,
UNKNOWN,,SKIPPED_ID_UNKNOWN,,,
UNKNOWN,,SKIPPED_ID_UNKNOWN,,,
UNKNOWN,,SKIPPED_ID_UNKNOWN,,,
UNKNOWN,,SKIPPED_ID_UNKNOWN,,,
UNKNOWN,,SKIPPED_ID_UNKNOWN,,,
UNKNOWN,,SKIPPED_ID_UNKNOWN,,,
UNKNOWN,,SKIPPED_ID_UNKNOWN,,,
UNKNOWN,,SKIPPED_ID_UNKNOWN,,,
UNKNOWN,,SKIPPED_ID_UNKNOWN,,,
UNKNOWN,,SKIPPED_ID_UNKNOWN,,,
UNKNOWN,,SKIPPED_ID_UNKNOWN,,,
UNKNOWN,,SKIPPED_ID_UNKNOWN,,,
UNKNOWN,,SKIPPED_ID_UNKNOWN,,,
UNKNOWN,,SKIPPED_ID_UNKNOWN,,,
UNKNOWN,,SKIPPED_ID_UNKNOWN,,,
UNKNOWN,,SKIPPED_ID_UNKNOWN,,,
UNKNOWN,,SKIPPED_ID_UNKNOWN,,,
UNKNOWN,,SKIPPED_ID_UNKNOWN,,,
UNKNOWN,,SKIPPED_ID_UNKNOWN,,,
UNKNOWN,,SKIPPED_ID_UNKNOWN,,,
UNKNOWN,,SKIPPED_ID_UNKNOWN,,,
UNKNOWN,,SKIPPED_ID_UNKNOWN,,,
UNKNOWN,,SKIPPED_ID_UNKNOWN,,,
UNKNOWN,,SKIPPED_ID_UNKNOWN,,,
UNKNOWN,,SKIPPED_ID_UNKNOWN,,,
UNKNOWN,,SKIPPED_ID_UNKNOWN,,,
UNKNOWN,,SKIPPED_ID_UNKNOWN,,,
UNKNOWN,,SKIPPED_ID_UNKNOWN,,,
UNKNOWN,,SKIPPED_ID_UNKNOWN,,,
UNKNOWN,,SKIPPED_ID_UNKNOWN,,,
UNKNOWN,,SKIPPED_ID_UNKNOWN,,,
UNKNOWN,,SKIPPED_ID_UNKNOWN,,,
UNKNOWN,,SKIPPED_ID_UNKNOWN,,,
UNKNOWN,,SKIPPED_ID_UNKNOWN,,,
UNKNOWN,,SKIPPED_ID_UNKNOWN,,,
UNKNOWN,,SKIPPED_ID_UNKNOWN,,,
UNKNOWN,,SKIPPED_ID_UNKNOWN,,,
UNKNOWN,,SKIPPED_ID_UNKNOWN,,,
UNKNOWN,,SKIPPED_ID_UNKNOWN,,,
UNKNOWN,,SKIPPED_ID_UNKNOWN,,,
UNKNOWN,,SKIPPED_ID_UNKNOWN,,,
UNKNOWN,,SKIPPED_ID_UNKNOWN,,,
UNKNOWN,,SKIPPED_ID_UNKNOWN,,,
UNKNOWN,,SKIPPED_ID_UNKNOWN,,,
UNKNOWN,,SKIPPED_ID_UNKNOWN,,,
UNKNOWN,,SKIPPED_ID_UNKNOWN,,,
UNKNOWN,,SKIPPED_ID_UNKNOWN,,,
UNKNOWN,,SKIPPED_ID_UNKNOWN,,,
UNKNOWN,,SKIPPED_ID_UNKNOWN,,,
UNKNOWN,,SKIPPED_ID_UNKNOWN,,,
UNKNOWN,,SKIPPED_ID_UNKNOWN,,,
UNKNOWN,,SKIPPED_ID_UNKNOWN,,,
UNKNOWN,,SKIPPED_ID_UNKNOWN,,,
UNKNOWN,,SKIPPED_ID_UNKNOWN,,,
UNKNOWN,,SKIPPED_ID_UNKNOWN,,,
UNKNOWN,,SKIPPED_ID_UNKNOWN,,,
UNKNOWN,,SKIPPED_ID_UNKNOWN,,,
UNKNOWN,,SKIPPED_ID_UNKNOWN,,,
UNKNOWN,,SKIPPED_ID_UNKNOWN,,,
UNKNOWN,,SKIPPED_ID_UNKNOWN,,,
UNKNOWN,,SKIPPED_ID_UNKNOWN,,,
UNKNOWN,,SKIPPED_ID_UNKNOWN,,,
UNKNOWN,,SKIPPED_ID_UNKNOWN,,,
UNKNOWN,,SKIPPED_ID_UNKNOWN,,,
UNKNOWN,,SKIPPED_ID_UNKNOWN,,,
UNKNOWN,,SKIPPED_ID_UNKNOWN,,,
UNKNOWN,,SKIPPED_ID_UNKNOWN,,,
UNKNOWN,,SKIPPED_ID_UNKNOWN,,,
UNKNOWN,,SKIPPED_ID_UNKNOWN,,,
UNKNOWN,,SKIPPED_ID_UNKNOWN,,,
UNKNOWN,,SKIPPED_ID_UNKNOWN,,,
UNKNOWN,,SKIPPED_ID_UNKNOWN,,,
UNKNOWN,,SKIPPED_ID_UNKNOWN,,,
UNKNOWN,,SKIPPED_ID_UNKNOWN,,,
UNKNOWN,,SKIPPED_ID_UNKNOWN,,,
UNKNOWN,,SKIPPED_ID_UNKNOWN,,,
UNKNOWN,,SKIPPED_ID_UNKNOWN,,,
UNKNOWN,,SKIPPED_ID_UNKNOWN,,,
UNKNOWN,,SKIPPED_ID_UNKNOWN,,,
UNKNOWN,,SKIPPED_ID_UNKNOWN,,,
UNKNOWN,,SKIPPED_ID_UNKNOWN,,,
UNKNOWN,,SKIPPED_ID_UNKNOWN,,,
UNKNOWN,,SKIPPED_ID_UNKNOWN,,,
UNKNOWN,,SKIPPED_ID_UNKNOWN,,,
UNKNOWN,,SKIPPED_ID_UNKNOWN,,,
UNKNOWN,,SKIPPED_ID_UNKNOWN,,,
UNKNOWN,,SKIPPED_ID_UNKNOWN,,,
UNKNOWN,,SKIPPED_ID_UNKNOWN,,,
UNKNOWN,,SKIPPED_ID_UNKNOWN,,,
UNKNOWN,,SKIPPED_ID_UNKNOWN,,,
UNKNOWN,,SKIPPED_ID_UNKNOWN,,,
UNKNOWN,,SKIPPED_ID_UNKNOWN,,,
UNKNOWN,,SKIPPED_ID_UNKNOWN,,,
UNKNOWN,,SKIPPED_ID_UNKNOWN,,,
UNKNOWN,,SKIPPED_ID_UNKNOWN,,,
UNKNOWN,,SKIPPED_ID_UNKNOWN,,,
UNKNOWN,,SKIPPED_ID_UNKNOWN,,,
UNKNOWN,,SKIPPED_ID_UNKNOWN,,,
UNKNOWN,,SKIPPED_ID_UNKNOWN,,,
UNKNOWN,,SKIPPED_ID_UNKNOWN,,,
UNKNOWN,,SKIPPED_ID_UNKNOWN,,,
UNKNOWN,,SKIPPED_ID_UNKNOWN,,,
UNKNOWN,,SKIPPED_ID_UNKNOWN,,,
UNKNOWN,,SKIPPED_ID_UNKNOWN,,,
UNKNOWN,,SKIPPED_ID_UNKNOWN,,,
UNKNOWN,,SKIPPED_ID_UNKNOWN,,,
UNKNOWN,,SKIPPED_ID_UNKNOWN,,,
UNKNOWN,,SKIPPED_ID_UNKNOWN,,,
UNKNOWN,,SKIPPED_ID_UNKNOWN,,,
UNKNOWN,,SKIPPED_ID_UNKNOWN,,,
UNKNOWN,,SKIPPED_ID_UNKNOWN,,,
UNKNOWN,,SKIPPED_ID_UNKNOWN,,,
UNKNOWN,,SKIPPED_ID_UNKNOWN,,,
UNKNOWN,,SKIPPED_ID_UNKNOWN,,,
UNKNOWN,,SKIPPED_ID_UNKNOWN,,,
UNKNOWN,,SKIPPED_ID_UNKNOWN,,,
UNKNOWN,,SKIPPED_ID_UNKNOWN,,,
UNKNOWN,,SKIPPED_ID_UNKNOWN,,,
UNKNOWN,,SKIPPED_ID_UNKNOWN,,,
UNKNOWN,,SKIPPED_ID_UNKNOWN,,,
UNKNOWN,,SKIPPED_ID_UNKNOWN,,,
UNKNOWN,,SKIPPED_ID_UNKNOWN,,,
UNKNOWN,,SKIPPED_ID_UNKNOWN,,,
UNKNOWN,,SKIPPED_ID_UNKNOWN,,,
UNKNOWN,,SKIPPED_ID_UNKNOWN,,,
UNKNOWN,,SKIPPED_ID_UNKNOWN,,,
UNKNOWN,,SKIPPED_ID_UNKNOWN,,,
UNKNOWN,,SKIPPED_ID_UNKNOWN,,,
UNKNOWN,,SKIPPED_ID_UNKNOWN,,,
UNKNOWN,,SKIPPED_ID_UNKNOWN,,,
UNKNOWN,,SKIPPED_ID_UNKNOWN,,,
UNKNOWN,,SKIPPED_ID_UNKNOWN,,,
UNKNOWN,,SKIPPED_ID_UNKNOWN,,,
UNKNOWN,,SKIPPED_ID_UNKNOWN,,,
UNKNOWN,,SKIPPED_ID_UNKNOWN,,,
UNKNOWN,,SKIPPED_ID_UNKNOWN,,,
UNKNOWN,,SKIPPED_ID_UNKNOWN,,,
UNKNOWN,,SKIPPED_ID_UNKNOWN,,,
UNKNOWN,,SKIPPED_ID_UNKNOWN,,,
UNKNOWN,,SKIPPED_ID_UNKNOWN,,,
UNKNOWN,,SKIPPED_ID_UNKNOWN,,,
UNKNOWN,,SKIPPED_ID_UNKNOWN,,,
UNKNOWN,,SKIPPED_ID_UNKNOWN,,,
UNKNOWN,,SKIPPED_ID_UNKNOWN,,,
UNKNOWN,,SKIPPED_ID_UNKNOWN,,,
UNKNOWN,,SKIPPED_ID_UNKNOWN,,,
UNKNOWN,,SKIPPED_ID_UNKNOWN,,,
UNKNOWN,,SKIPPED_ID_UNKNOWN,,,
UNKNOWN,,SKIPPED_ID_UNKNOWN,,,
UNKNOWN,,SKIPPED_ID_UNKNOWN,,,
UNKNOWN,,SKIPPED_ID_UNKNOWN,,,
UNKNOWN,,SKIPPED_ID_UNKNOWN,,,
UNKNOWN,,SKIPPED_ID_UNKNOWN,,,
UNKNOWN,,SKIPPED_ID_UNKNOWN,,,
UNKNOWN,,SKIPPED_ID_UNKNOWN,,,
UNKNOWN,,SKIPPED_ID_UNKNOWN,,,
UNKNOWN,,SKIPPED_ID_UNKNOWN,,,
UNKNOWN,,SKIPPED_ID_UNKNOWN,,,
UNKNOWN,,SKIPPED_ID_UNKNOWN,,,
UNKNOWN,,SKIPPED_ID_UNKNOWN,,,
UNKNOWN,,SKIPPED_ID_UNKNOWN,,,
UNKNOWN,,SKIPPED_ID_UNKNOWN,,,
UNKNOWN,,SKIPPED_ID_UNKNOWN,,,
UNKNOWN,,SKIPPED_ID_UNKNOWN,,,
UNKNOWN,,SKIPPED_ID_UNKNOWN,,,
UNKNOWN,,SKIPPED_ID_UNKNOWN,,,
UNKNOWN,,SKIPPED_ID_UNKNOWN,,,
UNKNOWN,,SKIPPED_ID_UNKNOWN,,,
UNKNOWN,,SKIPPED_ID_UNKNOWN,,,
UNKNOWN,,SKIPPED_ID_UNKNOWN,,,
UNKNOWN,,SKIPPED_ID_UNKNOWN,,,
UNKNOWN,,SKIPPED_ID_UNKNOWN,,,
UNKNOWN,,SKIPPED_ID_UNKNOWN,,,
UNKNOWN,,SKIPPED_ID_UNKNOWN,,,
UNKNOWN,,SKIPPED_ID_UNKNOWN,,,
UNKNOWN,,SKIPPED_ID_UNKNOWN,,,
UNKNOWN,,SKIPPED_ID_UNKNOWN,,,
UNKNOWN,,SKIPPED_ID_UNKNOWN,,,
UNKNOWN,,SKIPPED_ID_UNKNOWN,,,
UNKNOWN,,SKIPPED_ID_UNKNOWN,,,
UNKNOWN,,SKIPPED_ID_UNKNOWN,,,
UNKNOWN,,SKIPPED_ID_UNKNOWN,,,
UNKNOWN,,SKIPPED_ID_UNKNOWN,,,
UNKNOWN,,SKIPPED_ID_UNKNOWN,,,
UNKNOWN,,SKIPPED_ID_UNKNOWN,,,
UNKNOWN,,SKIPPED_ID_UNKNOWN,,,
UNKNOWN,,SKIPPED_ID_UNKNOWN,,,
UNKNOWN,,SKIPPED_ID_UNKNOWN,,,
UNKNOWN,,SKIPPED_ID_UNKNOWN,,,
UNKNOWN,,SKIPPED_ID_UNKNOWN,,,
UNKNOWN,,SKIPPED_ID_UNKNOWN,,,
UNKNOWN,,SKIPPED_ID_UNKNOWN,,,
UNKNOWN,,SKIPPED_ID_UNKNOWN,,,
UNKNOWN,,SKIPPED_ID_UNKNOWN,,,
UNKNOWN,,SKIPPED_ID_UNKNOWN,,,
UNKNOWN,,SKIPPED_ID_UNKNOWN,,,
UNKNOWN,,SKIPPED_ID_UNKNOWN,,,
UNKNOWN,,SKIPPED_ID_UNKNOWN,,,
UNKNOWN,,SKIPPED_ID_UNKNOWN,,,
UNKNOWN,,SKIPPED_ID_UNKNOWN,,,
UNKNOWN,,SKIPPED_ID_UNKNOWN,,,
UNKNOWN,,SKIPPED_ID_UNKNOWN,,,
UNKNOWN,,SKIPPED_ID_UNKNOWN,,,
UNKNOWN,,SKIPPED_ID_UNKNOWN,,,
UNKNOWN,,SKIPPED_ID_UNKNOWN,,,
UNKNOWN,,SKIPPED_ID_UNKNOWN,,,
UNKNOWN,,SKIPPED_ID_UNKNOWN,,,
UNKNOWN,,SKIPPED_ID_UNKNOWN,,,
UNKNOWN,,SKIPPED_ID_UNKNOWN,,,
UNKNOWN,,SKIPPED_ID_UNKNOWN,,,
UNKNOWN,,SKIPPED_ID_UNKNOWN,,,
UNKNOWN,,SKIPPED_ID_UNKNOWN,,,
UNKNOWN,,SKIPPED_ID_UNKNOWN,,,
UNKNOWN,,SKIPPED_ID_UNKNOWN,,,
UNKNOWN,,SKIPPED_ID_UNKNOWN,,,
UNKNOWN,,SKIPPED_ID_UNKNOWN,,,
UNKNOWN,,SKIPPED_ID_UNKNOWN,,,
UNKNOWN,,SKIPPED_ID_UNKNOWN,,,
UNKNOWN,,SKIPPED_ID_UNKNOWN,,,
UNKNOWN,,SKIPPED_ID_UNKNOWN,,,
UNKNOWN,,SKIPPED_ID_UNKNOWN,,,
UNKNOWN,,SKIPPED_ID_UNKNOWN,,,
UNKNOWN,,SKIPPED_ID_UNKNOWN,,,
UNKNOWN,,SKIPPED_ID_UNKNOWN,,,
UNKNOWN,,SKIPPED_ID_UNKNOWN,,,
UNKNOWN,,SKIPPED_ID_UNKNOWN,,,
UNKNOWN,,SKIPPED_ID_UNKNOWN,,,
UNKNOWN,,SKIPPED_ID_UNKNOWN,,,
UNKNOWN,,SKIPPED_ID_UNKNOWN,,,
UNKNOWN,,SKIPPED_ID_UNKNOWN,,,
UNKNOWN,,SKIPPED_ID_UNKNOWN,,,
UNKNOWN,,SKIPPED_ID_UNKNOWN,,,
UNKNOWN,,SKIPPED_ID_UNKNOWN,,,
UNKNOWN,,SKIPPED_ID_UNKNOWN,,,
UNKNOWN,,SKIPPED_ID_UNKNOWN,,,
UNKNOWN,,SKIPPED_ID_UNKNOWN,,,
UNKNOWN,,SKIPPED_ID_UNKNOWN,,,
UNKNOWN,,SKIPPED_ID_UNKNOWN,,,
UNKNOWN,,SKIPPED_ID_UNKNOWN,,,
UNKNOWN,,SKIPPED_ID_UNKNOWN,,,
UNKNOWN,,SKIPPED_ID_UNKNOWN,,,
UNKNOWN,,SKIPPED_ID_UNKNOWN,,,
UNKNOWN,,SKIPPED_ID_UNKNOWN,,,
UNKNOWN,,SKIPPED_ID_UNKNOWN,,,
UNKNOWN,,SKIPPED_ID_UNKNOWN,,,
UNKNOWN,,SKIPPED_ID_UNKNOWN,,,
UNKNOWN,,SKIPPED_ID_UNKNOWN,,,
UNKNOWN,,SKIPPED_ID_UNKNOWN,,,
UNKNOWN,,SKIPPED_ID_UNKNOWN,,,
UNKNOWN,,SKIPPED_ID_UNKNOWN,,,
UNKNOWN,,SKIPPED_ID_UNKNOWN,,,
UNKNOWN,,SKIPPED_ID_UNKNOWN,,,
UNKNOWN,,SKIPPED_ID_UNKNOWN,,,
UNKNOWN,,SKIPPED_ID_UNKNOWN,,,
UNKNOWN,,SKIPPED_ID_UNKNOWN,,,
UNKNOWN,,SKIPPED_ID_UNKNOWN,,,
UNKNOWN,,SKIPPED_ID_UNKNOWN,,,
UNKNOWN,,SKIPPED_ID_UNKNOWN,,,
UNKNOWN,,SKIPPED_ID_UNKNOWN,,,
UNKNOWN,,SKIPPED_ID_UNKNOWN,,,
UNKNOWN,,SKIPPED_ID_UNKNOWN,,,
UNKNOWN,,SKIPPED_ID_UNKNOWN,,,
UNKNOWN,,SKIPPED_ID_UNKNOWN,,,
UNKNOWN,,SKIPPED_ID_UNKNOWN,,,
UNKNOWN,,SKIPPED_ID_UNKNOWN,,,
UNKNOWN,,SKIPPED_ID_UNKNOWN,,,
UNKNOWN,,SKIPPED_ID_UNKNOWN,,,
UNKNOWN,,SKIPPED_ID_UNKNOWN,,,
UNKNOWN,,SKIPPED_ID_UNKNOWN,,,
UNKNOWN,,SKIPPED_ID_UNKNOWN,,,
UNKNOWN,,SKIPPED_ID_UNKNOWN,,,
UNKNOWN,,SKIPPED_ID_UNKNOWN,,,
UNKNOWN,,SKIPPED_ID_UNKNOWN,,,
UNKNOWN,,SKIPPED_ID_UNKNOWN,,,
UNKNOWN,,SKIPPED_ID_UNKNOWN,,,
UNKNOWN,,SKIPPED_ID_UNKNOWN,,,
UNKNOWN,,SKIPPED_ID_UNKNOWN,,,
UNKNOWN,,SKIPPED_ID_UNKNOWN,,,
UNKNOWN,,SKIPPED_ID_UNKNOWN,,,
UNKNOWN,,SKIPPED_ID_UNKNOWN,,,
UNKNOWN,,SKIPPED_ID_UNKNOWN,,,
UNKNOWN,,SKIPPED_ID_UNKNOWN,,,
UNKNOWN,,SKIPPED_ID_UNKNOWN,,,
UNKNOWN,,SKIPPED_ID_UNKNOWN,,,
UNKNOWN,,SKIPPED_ID_UNKNOWN,,,
UNKNOWN,,SKIPPED_ID_UNKNOWN,,,
UNKNOWN,,SKIPPED_ID_UNKNOWN,,,
UNKNOWN,,SKIPPED_ID_UNKNOWN,,,
UNKNOWN,,SKIPPED_ID_UNKNOWN,,,
UNKNOWN,,SKIPPED_ID_UNKNOWN,,,
UNKNOWN,,SKIPPED_ID_UNKNOWN,,,
UNKNOWN,,SKIPPED_ID_UNKNOWN,,,
UNKNOWN,,SKIPPED_ID_UNKNOWN,,,
UNKNOWN,,SKIPPED_ID_UNKNOWN,,,
UNKNOWN,,SKIPPED_ID_UNKNOWN,,,
UNKNOWN,,SKIPPED_ID_UNKNOWN,,,
UNKNOWN,,SKIPPED_ID_UNKNOWN,,,
UNKNOWN,,SKIPPED_ID_UNKNOWN,,,
UNKNOWN,,SKIPPED_ID_UNKNOWN,,,
UNKNOWN,,SKIPPED_ID_UNKNOWN,,,
UNKNOWN,,SKIPPED_ID_UNKNOWN,,,
UNKNOWN,,SKIPPED_ID_UNKNOWN,,,
UNKNOWN,,SKIPPED_ID_UNKNOWN,,,
UNKNOWN,,SKIPPED_ID_UNKNOWN,,,
UNKNOWN,,SKIPPED_ID_UNKNOWN,,,
UNKNOWN,,SKIPPED_ID_UNKNOWN,,,
UNKNOWN,,SKIPPED_ID_UNKNOWN,,,
UNKNOWN,,SKIPPED_ID_UNKNOWN,,,
UNKNOWN,,SKIPPED_ID_UNKNOWN,,,
UNKNOWN,,SKIPPED_ID_UNKNOWN,,,
UNKNOWN,,SKIPPED_ID_UNKNOWN,,,
UNKNOWN,,SKIPPED_ID_UNKNOWN,,,
UNKNOWN,,SKIPPED_ID_UNKNOWN,,,
UNKNOWN,,SKIPPED_ID_UNKNOWN,,,
UNKNOWN,,SKIPPED_ID_UNKNOWN,,,
UNKNOWN,,SKIPPED_ID_UNKNOWN,,,
UNKNOWN,,SKIPPED_ID_UNKNOWN,,,
UNKNOWN,,SKIPPED_ID_UNKNOWN,,,
UNKNOWN,,SKIPPED_ID_UNKNOWN,,,
UNKNOWN,,SKIPPED_ID_UNKNOWN,,,
UNKNOWN,,SKIPPED_ID_UNKNOWN,,,
UNKNOWN,,SKIPPED_ID_UNKNOWN,,,
UNKNOWN,,SKIPPED_ID_UNKNOWN,,,
UNKNOWN,,SKIPPED_ID_UNKNOWN,,,
UNKNOWN,,SKIPPED_ID_UNKNOWN,,,
UNKNOWN,,SKIPPED_ID_UNKNOWN,,,
UNKNOWN,,SKIPPED_ID_UNKNOWN,,,
UNKNOWN,,SKIPPED_ID_UNKNOWN,,,
UNKNOWN,,SKIPPED_ID_UNKNOWN,,,
UNKNOWN,,SKIPPED_ID_UNKNOWN,,,
UNKNOWN,,SKIPPED_ID_UNKNOWN,,,
UNKNOWN,,SKIPPED_ID_UNKNOWN,,,
UNKNOWN,,SKIPPED_ID_UNKNOWN,,,
UNKNOWN,,SKIPPED_ID_UNKNOWN,,,
UNKNOWN,,SKIPPED_ID_UNKNOWN,,,
UNKNOWN,,SKIPPED_ID_UNKNOWN,,,
UNKNOWN,,SKIPPED_ID_UNKNOWN,,,
UNKNOWN,,SKIPPED_ID_UNKNOWN,,,
UNKNOWN,,SKIPPED_ID_UNKNOWN,,,
UNKNOWN,,SKIPPED_ID_UNKNOWN,,,
UNKNOWN,,SKIPPED_ID_UNKNOWN,,,
UNKNOWN,,SKIPPED_ID_UNKNOWN,,,
UNKNOWN,,SKIPPED_ID_UNKNOWN,,,
UNKNOWN,,SKIPPED_ID_UNKNOWN,,,
UNKNOWN,,SKIPPED_ID_UNKNOWN,,,
UNKNOWN,,SKIPPED_ID_UNKNOWN,,,
UNKNOWN,,SKIPPED_ID_UNKNOWN,,,
UNKNOWN,,SKIPPED_ID_UNKNOWN,,,
UNKNOWN,,SKIPPED_ID_UNKNOWN,,,
UNKNOWN,,SKIPPED_ID_UNKNOWN,,,
UNKNOWN,,SKIPPED_ID_UNKNOWN,,,
UNKNOWN,,SKIPPED_ID_UNKNOWN,,,
UNKNOWN,,SKIPPED_ID_UNKNOWN,,,
UNKNOWN,,SKIPPED_ID_UNKNOWN,,,
UNKNOWN,,SKIPPED_ID_UNKNOWN,,,
UNKNOWN,,SKIPPED_ID_UNKNOWN,,,
UNKNOWN,,SKIPPED_ID_UNKNOWN,,,
UNKNOWN,,SKIPPED_ID_UNKNOWN,,,
UNKNOWN,,SKIPPED_ID_UNKNOWN,,,
UNKNOWN,,SKIPPED_ID_UNKNOWN,,,
UNKNOWN,,SKIPPED_ID_UNKNOWN,,,
UNKNOWN,,SKIPPED_ID_UNKNOWN,,,
UNKNOWN,,SKIPPED_ID_UNKNOWN,,,
UNKNOWN,,SKIPPED_ID_UNKNOWN,,,
UNKNOWN,,SKIPPED_ID_UNKNOWN,,,
UNKNOWN,,SKIPPED_ID_UNKNOWN,,,
UNKNOWN,,SKIPPED_ID_UNKNOWN,,,
UNKNOWN,,SKIPPED_ID_UNKNOWN,,,
UNKNOWN,,SKIPPED_ID_UNKNOWN,,,
UNKNOWN,,SKIPPED_ID_UNKNOWN,,,
UNKNOWN,,SKIPPED_ID_UNKNOWN,,,
UNKNOWN,,SKIPPED_ID_UNKNOWN,,,
UNKNOWN,,SKIPPED_ID_UNKNOWN,,,
UNKNOWN,,SKIPPED_ID_UNKNOWN,,,
UNKNOWN,,SKIPPED_ID_UNKNOWN,,,
UNKNOWN,,SKIPPED_ID_UNKNOWN,,,
UNKNOWN,,SKIPPED_ID_UNKNOWN,,,
UNKNOWN,,SKIPPED_ID_UNKNOWN,,,
UNKNOWN,,SKIPPED_ID_UNKNOWN,,,
UNKNOWN,,SKIPPED_ID_UNKNOWN,,,
UNKNOWN,,SKIPPED_ID_UNKNOWN,,,
UNKNOWN,,SKIPPED_ID_UNKNOWN,,,
UNKNOWN,,SKIPPED_ID_UNKNOWN,,,
UNKNOWN,,SKIPPED_ID_UNKNOWN,,,
UNKNOWN,,SKIPPED_ID_UNKNOWN,,,
UNKNOWN,,SKIPPED_ID_UNKNOWN,,,
UNKNOWN,,SKIPPED_ID_UNKNOWN,,,
UNKNOWN,,SKIPPED_ID_UNKNOWN,,,
UNKNOWN,,SKIPPED_ID_UNKNOWN,,,
UNKNOWN,,SKIPPED_ID_UNKNOWN,,,
UNKNOWN,,SKIPPED_ID_UNKNOWN,,,
UNKNOWN,,SKIPPED_ID_UNKNOWN,,,
UNKNOWN,,SKIPPED_ID_UNKNOWN,,,
UNKNOWN,,SKIPPED_ID_UNKNOWN,,,
UNKNOWN,,SKIPPED_ID_UNKNOWN,,,
UNKNOWN,,SKIPPED_ID_UNKNOWN,,,
UNKNOWN,,SKIPPED_ID_UNKNOWN,,,
UNKNOWN,,SKIPPED_ID_UNKNOWN,,,
UNKNOWN,,SKIPPED_ID_UNKNOWN,,,
UNKNOWN,,SKIPPED_ID_UNKNOWN,,,
UNKNOWN,,SKIPPED_ID_UNKNOWN,,,
UNKNOWN,,SKIPPED_ID_UNKNOWN,,,
UNKNOWN,,SKIPPED_ID_UNKNOWN,,,
UNKNOWN,,SKIPPED_ID_UNKNOWN,,,
UNKNOWN,,SKIPPED_ID_UNKNOWN,,,
UNKNOWN,,SKIPPED_ID_UNKNOWN,,,
UNKNOWN,,SKIPPED_ID_UNKNOWN,,,
UNKNOWN,,SKIPPED_ID_UNKNOWN,,,
UNKNOWN,,SKIPPED_ID_UNKNOWN,,,
UNKNOWN,,SKIPPED_ID_UNKNOWN,,,
UNKNOWN,,SKIPPED_ID_UNKNOWN,,,
UNKNOWN,,SKIPPED_ID_UNKNOWN,,,
UNKNOWN,,SKIPPED_ID_UNKNOWN,,,
UNKNOWN,,SKIPPED_ID_UNKNOWN,,,
UNKNOWN,,SKIPPED_ID_UNKNOWN,,,
UNKNOWN,,SKIPPED_ID_UNKNOWN,,,
UNKNOWN,,SKIPPED_ID_UNKNOWN,,,
UNKNOWN,,SKIPPED_ID_UNKNOWN,,,
UNKNOWN,,SKIPPED_ID_UNKNOWN,,,
UNKNOWN,,SKIPPED_ID_UNKNOWN,,,
UNKNOWN,,SKIPPED_ID_UNKNOWN,,,
UNKNOWN,,SKIPPED_ID_UNKNOWN,,,
UNKNOWN,,SKIPPED_ID_UNKNOWN,,,
UNKNOWN,,SKIPPED_ID_UNKNOWN,,,
UNKNOWN,,SKIPPED_ID_UNKNOWN,,,
UNKNOWN,,SKIPPED_ID_UNKNOWN,,,
UNKNOWN,,SKIPPED_ID_UNKNOWN,,,
UNKNOWN,,SKIPPED_ID_UNKNOWN,,,
UNKNOWN,,SKIPPED_ID_UNKNOWN,,,
UNKNOWN,,SKIPPED_ID_UNKNOWN,,,
UNKNOWN,,SKIPPED_ID_UNKNOWN,,,
UNKNOWN,,SKIPPED_ID_UNKNOWN,,,
UNKNOWN,,SKIPPED_ID_UNKNOWN,,,
UNKNOWN,,SKIPPED_ID_UNKNOWN,,,
UNKNOWN,,SKIPPED_ID_UNKNOWN,,,
UNKNOWN,,SKIPPED_ID_UNKNOWN,,,
UNKNOWN,,SKIPPED_ID_UNKNOWN,,,
UNKNOWN,,SKIPPED_ID_UNKNOWN,,,
UNKNOWN,,SKIPPED_ID_UNKNOWN,,,
UNKNOWN,,SKIPPED_ID_UNKNOWN,,,
UNKNOWN,,SKIPPED_ID_UNKNOWN,,,
UNKNOWN,,SKIPPED_ID_UNKNOWN,,,
UNKNOWN,,SKIPPED_ID_UNKNOWN,,,
UNKNOWN,,SKIPPED_ID_UNKNOWN,,,
UNKNOWN,,SKIPPED_ID_UNKNOWN,,,
UNKNOWN,,SKIPPED_ID_UNKNOWN,,,
UNKNOWN,,SKIPPED_ID_UNKNOWN,,,
UNKNOWN,,SKIPPED_ID_UNKNOWN,,,
UNKNOWN,,SKIPPED_ID_UNKNOWN,,,
UNKNOWN,,SKIPPED_ID_UNKNOWN,,,
UNKNOWN,,SKIPPED_ID_UNKNOWN,,,
UNKNOWN,,SKIPPED_ID_UNKNOWN,,,
UNKNOWN,,SKIPPED_ID_UNKNOWN,,,
UNKNOWN,,SKIPPED_ID_UNKNOWN,,,
UNKNOWN,,SKIPPED_ID_UNKNOWN,,,
UNKNOWN,,SKIPPED_ID_UNKNOWN,,,
UNKNOWN,,SKIPPED_ID_UNKNOWN,,,
UNKNOWN,,SKIPPED_ID_UNKNOWN,,,
UNKNOWN,,SKIPPED_ID_UNKNOWN,,,
UNKNOWN,,SKIPPED_ID_UNKNOWN,,,
UNKNOWN,,SKIPPED_ID_UNKNOWN,,,
UNKNOWN,,SKIPPED_ID_UNKNOWN,,,
UNKNOWN,,SKIPPED_ID_UNKNOWN,,,
UNKNOWN,,SKIPPED_ID_UNKNOWN,,,
UNKNOWN,,SKIPPED_ID_UNKNOWN,,,
UNKNOWN,,SKIPPED_ID_UNKNOWN,,,
UNKNOWN,,SKIPPED_ID_UNKNOWN,,,
UNKNOWN,,SKIPPED_ID_UNKNOWN,,,
UNKNOWN,,SKIPPED_ID_UNKNOWN,,,
UNKNOWN,,SKIPPED_ID_UNKNOWN,,,
UNKNOWN,,SKIPPED_ID_UNKNOWN,,,
UNKNOWN,,SKIPPED_ID_UNKNOWN,,,
UNKNOWN,,SKIPPED_ID_UNKNOWN,,,
UNKNOWN,,SKIPPED_ID_UNKNOWN,,,
UNKNOWN,,SKIPPED_ID_UNKNOWN,,,
UNKNOWN,,SKIPPED_ID_UNKNOWN,,,
UNKNOWN,,SKIPPED_ID_UNKNOWN,,,
UNKNOWN,,SKIPPED_ID_UNKNOWN,,,
UNKNOWN,,SKIPPED_ID_UNKNOWN,,,
UNKNOWN,,SKIPPED_ID_UNKNOWN,,,
UNKNOWN,,SKIPPED_ID_UNKNOWN,,,
UNKNOWN,,SKIPPED_ID_UNKNOWN,,,
UNKNOWN,,SKIPPED_ID_UNKNOWN,,,
UNKNOWN,,SKIPPED_ID_UNKNOWN,,,
UNKNOWN,,SKIPPED_ID_UNKNOWN,,,
UNKNOWN,,SKIPPED_ID_UNKNOWN,,,
UNKNOWN,,SKIPPED_ID_UNKNOWN,,,
UNKNOWN,,SKIPPED_ID_UNKNOWN,,,
UNKNOWN,,SKIPPED_ID_UNKNOWN,,,
UNKNOWN,,SKIPPED_ID_UNKNOWN,,,
UNKNOWN,,SKIPPED_ID_UNKNOWN,,,
UNKNOWN,,SKIPPED_ID_UNKNOWN,,,
UNKNOWN,,SKIPPED_ID_UNKNOWN,,,
UNKNOWN,,SKIPPED_ID_UNKNOWN,,,
UNKNOWN,,SKIPPED_ID_UNKNOWN,,,
UNKNOWN,,SKIPPED_ID_UNKNOWN,,,
UNKNOWN,,SKIPPED_ID_UNKNOWN,,,
UNKNOWN,,SKIPPED_ID_UNKNOWN,,,
UNKNOWN,,SKIPPED_ID_UNKNOWN,,,
UNKNOWN,,SKIPPED_ID_UNKNOWN,,,
UNKNOWN,,SKIPPED_ID_UNKNOWN,,,
UNKNOWN,,SKIPPED_ID_UNKNOWN,,,
UNKNOWN,,SKIPPED_ID_UNKNOWN,,,
UNKNOWN,,SKIPPED_ID_UNKNOWN,,,
UNKNOWN,,SKIPPED_ID_UNKNOWN,,,
UNKNOWN,,SKIPPED_ID_UNKNOWN,,,
UNKNOWN,,SKIPPED_ID_UNKNOWN,,,
UNKNOWN,,SKIPPED_ID_UNKNOWN,,,
UNKNOWN,,SKIPPED_ID_UNKNOWN,,,
UNKNOWN,,SKIPPED_ID_UNKNOWN,,,
UNKNOWN,,SKIPPED_ID_UNKNOWN,,,
UNKNOWN,,SKIPPED_ID_UNKNOWN,,,
UNKNOWN,,SKIPPED_ID_UNKNOWN,,,
UNKNOWN,,SKIPPED_ID_UNKNOWN,,,
UNKNOWN,,SKIPPED_ID_UNKNOWN,,,
UNKNOWN,,SKIPPED_ID_UNKNOWN,,,
UNKNOWN,,SKIPPED_ID_UNKNOWN,,,
UNKNOWN,,SKIPPED_ID_UNKNOWN,,,
UNKNOWN,,SKIPPED_ID_UNKNOWN,,,
UNKNOWN,,SKIPPED_ID_UNKNOWN,,,
UNKNOWN,,SKIPPED_ID_UNKNOWN,,,
UNKNOWN,,SKIPPED_ID_UNKNOWN,,,
UNKNOWN,,SKIPPED_ID_UNKNOWN,,,
UNKNOWN,,SKIPPED_ID_UNKNOWN,,,
UNKNOWN,,SKIPPED_ID_UNKNOWN,,,
UNKNOWN,,SKIPPED_ID_UNKNOWN,,,
UNKNOWN,,SKIPPED_ID_UNKNOWN,,,
UNKNOWN,,SKIPPED_ID_UNKNOWN,,,
UNKNOWN,,SKIPPED_ID_UNKNOWN,,,
UNKNOWN,,SKIPPED_ID_UNKNOWN,,,
UNKNOWN,,SKIPPED_ID_UNKNOWN,,,
UNKNOWN,,SKIPPED_ID_UNKNOWN,,,
UNKNOWN,,SKIPPED_ID_UNKNOWN,,,
UNKNOWN,,SKIPPED_ID_UNKNOWN,,,
UNKNOWN,,SKIPPED_ID_UNKNOWN,,,
UNKNOWN,,SKIPPED_ID_UNKNOWN,,,
UNKNOWN,,SKIPPED_ID_UNKNOWN,,,
UNKNOWN,,SKIPPED_ID_UNKNOWN,,,
UNKNOWN,,SKIPPED_ID_UNKNOWN,,,
UNKNOWN,,SKIPPED_ID_UNKNOWN,,,
UNKNOWN,,SKIPPED_ID_UNKNOWN,,,
UNKNOWN,,SKIPPED_ID_UNKNOWN,,,
UNKNOWN,,SKIPPED_ID_UNKNOWN,,,
UNKNOWN,,SKIPPED_ID_UNKNOWN,,,
UNKNOWN,,SKIPPED_ID_UNKNOWN,,,
UNKNOWN,,SKIPPED_ID_UNKNOWN,,,
UNKNOWN,,SKIPPED_ID_UNKNOWN,,,
UNKNOWN,,SKIPPED_ID_UNKNOWN,,,
UNKNOWN,,SKIPPED_ID_UNKNOWN,,,
UNKNOWN,,SKIPPED_ID_UNKNOWN,,,
UNKNOWN,,SKIPPED_ID_UNKNOWN,,,
UNKNOWN,,SKIPPED_ID_UNKNOWN,,,
UNKNOWN,,SKIPPED_ID_UNKNOWN,,,
UNKNOWN,,SKIPPED_ID_UNKNOWN,,,
UNKNOWN,,SKIPPED_ID_UNKNOWN,,,
UNKNOWN,,SKIPPED_ID_UNKNOWN,,,
UNKNOWN,,SKIPPED_ID_UNKNOWN,,,
UNKNOWN,,SKIPPED_ID_UNKNOWN,,,
UNKNOWN,,SKIPPED_ID_UNKNOWN,,,
UNKNOWN,,SKIPPED_ID_UNKNOWN,,,
UNKNOWN,,SKIPPED_ID_UNKNOWN,,,
UNKNOWN,,SKIPPED_ID_UNKNOWN,,,
UNKNOWN,,SKIPPED_ID_UNKNOWN,,,
UNKNOWN,,SKIPPED_ID_UNKNOWN,,,
UNKNOWN,,SKIPPED_ID_UNKNOWN,,,
UNKNOWN,,SKIPPED_ID_UNKNOWN,,,
UNKNOWN,,SKIPPED_ID_UNKNOWN,,,
UNKNOWN,,SKIPPED_ID_UNKNOWN,,,
UNKNOWN,,SKIPPED_ID_UNKNOWN,,,
UNKNOWN,,SKIPPED_ID_UNKNOWN,,,
UNKNOWN,,SKIPPED_ID_UNKNOWN,,,
UNKNOWN,,SKIPPED_ID_UNKNOWN,,,
UNKNOWN,,SKIPPED_ID_UNKNOWN,,,
UNKNOWN,,SKIPPED_ID_UNKNOWN,,,
UNKNOWN,,SKIPPED_ID_UNKNOWN,,,
UNKNOWN,,SKIPPED_ID_UNKNOWN,,,
UNKNOWN,,SKIPPED_ID_UNKNOWN,,,
UNKNOWN,,SKIPPED_ID_UNKNOWN,,,
UNKNOWN,,SKIPPED_ID_UNKNOWN,,,
UNKNOWN,,SKIPPED_ID_UNKNOWN,,,
UNKNOWN,,SKIPPED_ID_UNKNOWN,,,
UNKNOWN,,SKIPPED_ID_UNKNOWN,,,
UNKNOWN,,SKIPPED_ID_UNKNOWN,,,
UNKNOWN,,SKIPPED_ID_UNKNOWN,,,
UNKNOWN,,SKIPPED_ID_UNKNOWN,,,
UNKNOWN,,SKIPPED_ID_UNKNOWN,,,
UNKNOWN,,SKIPPED_ID_UNKNOWN,,,
UNKNOWN,,SKIPPED_ID_UNKNOWN,,,
UNKNOWN,,SKIPPED_ID_UNKNOWN,,,
UNKNOWN,,SKIPPED_ID_UNKNOWN,,,
UNKNOWN,,SKIPPED_ID_UNKNOWN,,,
UNKNOWN,,SKIPPED_ID_UNKNOWN,,,
UNKNOWN,,SKIPPED_ID_UNKNOWN,,,
UNKNOWN,,SKIPPED_ID_UNKNOWN,,,
UNKNOWN,,SKIPPED_ID_UNKNOWN,,,
UNKNOWN,,SKIPPED_ID_UNKNOWN,,,
UNKNOWN,,SKIPPED_ID_UNKNOWN,,,
UNKNOWN,,SKIPPED_ID_UNKNOWN,,,
UNKNOWN,,SKIPPED_ID_UNKNOWN,,,
UNKNOWN,,SKIPPED_ID_UNKNOWN,,,
UNKNOWN,,SKIPPED_ID_UNKNOWN,,,
UNKNOWN,,SKIPPED_ID_UNKNOWN,,,
UNKNOWN,,SKIPPED_ID_UNKNOWN,,,
UNKNOWN,,SKIPPED_ID_UNKNOWN,,,
UNKNOWN,,SKIPPED_ID_UNKNOWN,,,
UNKNOWN,,SKIPPED_ID_UNKNOWN,,,
UNKNOWN,,SKIPPED_ID_UNKNOWN,,,
UNKNOWN,,SKIPPED_ID_UNKNOWN,,,
UNKNOWN,,SKIPPED_ID_UNKNOWN,,,
UNKNOWN,,SKIPPED_ID_UNKNOWN,,,
UNKNOWN,,SKIPPED_ID_UNKNOWN,,,
UNKNOWN,,SKIPPED_ID_UNKNOWN,,,
UNKNOWN,,SKIPPED_ID_UNKNOWN,,,
UNKNOWN,,SKIPPED_ID_UNKNOWN,,,
UNKNOWN,,SKIPPED_ID_UNKNOWN,,,
UNKNOWN,,SKIPPED_ID_UNKNOWN,,,
UNKNOWN,,SKIPPED_ID_UNKNOWN,,,
UNKNOWN,,SKIPPED_ID_UNKNOWN,,,
UNKNOWN,,SKIPPED_ID_UNKNOWN,,,
UNKNOWN,,SKIPPED_ID_UNKNOWN,,,
UNKNOWN,,SKIPPED_ID_UNKNOWN,,,
UNKNOWN,,SKIPPED_ID_UNKNOWN,,,
UNKNOWN,,SKIPPED_ID_UNKNOWN,,,
UNKNOWN,,SKIPPED_ID_UNKNOWN,,,
UNKNOWN,,SKIPPED_ID_UNKNOWN,,,
UNKNOWN,,SKIPPED_ID_UNKNOWN,,,
UNKNOWN,,SKIPPED_ID_UNKNOWN,,,
UNKNOWN,,SKIPPED_ID_UNKNOWN,,,
UNKNOWN,,SKIPPED_ID_UNKNOWN,,,
UNKNOWN,,SKIPPED_ID_UNKNOWN,,,
UNKNOWN,,SKIPPED_ID_UNKNOWN,,,
UNKNOWN,,SKIPPED_ID_UNKNOWN,,,
UNKNOWN,,SKIPPED_ID_UNKNOWN,,,
UNKNOWN,,SKIPPED_ID_UNKNOWN,,,
UNKNOWN,,SKIPPED_ID_UNKNOWN,,,
UNKNOWN,,SKIPPED_ID_UNKNOWN,,,
UNKNOWN,,SKIPPED_ID_UNKNOWN,,,
UNKNOWN,,SKIPPED_ID_UNKNOWN,,,
UNKNOWN,,SKIPPED_ID_UNKNOWN,,,
UNKNOWN,,SKIPPED_ID_UNKNOWN,,,
UNKNOWN,,SKIPPED_ID_UNKNOWN,,,
UNKNOWN,,SKIPPED_ID_UNKNOWN,,,
UNKNOWN,,SKIPPED_ID_UNKNOWN,,,
UNKNOWN,,SKIPPED_ID_UNKNOWN,,,
UNKNOWN,,SKIPPED_ID_UNKNOWN,,,
UNKNOWN,,SKIPPED_ID_UNKNOWN,,,
UNKNOWN,,SKIPPED_ID_UNKNOWN,,,
UNKNOWN,,SKIPPED_ID_UNKNOWN,,,
UNKNOWN,,SKIPPED_ID_UNKNOWN,,,
UNKNOWN,,SKIPPED_ID_UNKNOWN,,,
UNKNOWN,,SKIPPED_ID_UNKNOWN,,,
UNKNOWN,,SKIPPED_ID_UNKNOWN,,,
UNKNOWN,,SKIPPED_ID_UNKNOWN,,,
UNKNOWN,,SKIPPED_ID_UNKNOWN,,,
UNKNOWN,,SKIPPED_ID_UNKNOWN,,,
UNKNOWN,,SKIPPED_ID_UNKNOWN,,,
UNKNOWN,,SKIPPED_ID_UNKNOWN,,,
UNKNOWN,,SKIPPED_ID_UNKNOWN,,,
UNKNOWN,,SKIPPED_ID_UNKNOWN,,,
UNKNOWN,,SKIPPED_ID_UNKNOWN,,,
UNKNOWN,,SKIPPED_ID_UNKNOWN,,,
UNKNOWN,,SKIPPED_ID_UNKNOWN,,,
UNKNOWN,,SKIPPED_ID_UNKNOWN,,,
UNKNOWN,,SKIPPED_ID_UNKNOWN,,,
UNKNOWN,,SKIPPED_ID_UNKNOWN,,,
UNKNOWN,,SKIPPED_ID_UNKNOWN,,,
UNKNOWN,,SKIPPED_ID_UNKNOWN,,,
UNKNOWN,,SKIPPED_ID_UNKNOWN,,,
UNKNOWN,,SKIPPED_ID_UNKNOWN,,,
UNKNOWN,,SKIPPED_ID_UNKNOWN,,,
UNKNOWN,,SKIPPED_ID_UNKNOWN,,,
UNKNOWN,,SKIPPED_ID_UNKNOWN,,,
UNKNOWN,,SKIPPED_ID_UNKNOWN,,,
UNKNOWN,,SKIPPED_ID_UNKNOWN,,,
UNKNOWN,,SKIPPED_ID_UNKNOWN,,,
UNKNOWN,,SKIPPED_ID_UNKNOWN,,,
UNKNOWN,,SKIPPED_ID_UNKNOWN,,,
UNKNOWN,,SKIPPED_ID_UNKNOWN,,,
UNKNOWN,,SKIPPED_ID_UNKNOWN,,,
UNKNOWN,,SKIPPED_ID_UNKNOWN,,,
UNKNOWN,,SKIPPED_ID_UNKNOWN,,,
UNKNOWN,,SKIPPED_ID_UNKNOWN,,,
UNKNOWN,,SKIPPED_ID_UNKNOWN,,,
UNKNOWN,,SKIPPED_ID_UNKNOWN,,,
UNKNOWN,,SKIPPED_ID_UNKNOWN,,,
UNKNOWN,,SKIPPED_ID_UNKNOWN,,,
UNKNOWN,,SKIPPED_ID_UNKNOWN,,,
UNKNOWN,,SKIPPED_ID_UNKNOWN,,,
UNKNOWN,,SKIPPED_ID_UNKNOWN,,,
UNKNOWN,,SKIPPED_ID_UNKNOWN,,,
UNKNOWN,,SKIPPED_ID_UNKNOWN,,,
UNKNOWN,,SKIPPED_ID_UNKNOWN,,,
UNKNOWN,,SKIPPED_ID_UNKNOWN,,,
UNKNOWN,,SKIPPED_ID_UNKNOWN,,,
UNKNOWN,,SKIPPED_ID_UNKNOWN,,,
UNKNOWN,,SKIPPED_ID_UNKNOWN,,,
UNKNOWN,,SKIPPED_ID_UNKNOWN,,,
UNKNOWN,,SKIPPED_ID_UNKNOWN,,,
UNKNOWN,,SKIPPED_ID_UNKNOWN,,,
UNKNOWN,,SKIPPED_ID_UNKNOWN,,,
UNKNOWN,,SKIPPED_ID_UNKNOWN,,,
UNKNOWN,,SKIPPED_ID_UNKNOWN,,,
UNKNOWN,,SKIPPED_ID_UNKNOWN,,,
UNKNOWN,,SKIPPED_ID_UNKNOWN,,,
UNKNOWN,,SKIPPED_ID_UNKNOWN,,,
UNKNOWN,,SKIPPED_ID_UNKNOWN,,,
UNKNOWN,,SKIPPED_ID_UNKNOWN,,,
UNKNOWN,,SKIPPED_ID_UNKNOWN,,,
UNKNOWN,,SKIPPED_ID_UNKNOWN,,,
UNKNOWN,,SKIPPED_ID_UNKNOWN,,,
UNKNOWN,,SKIPPED_ID_UNKNOWN,,,
UNKNOWN,,SKIPPED_ID_UNKNOWN,,,
UNKNOWN,,SKIPPED_ID_UNKNOWN,,,
UNKNOWN,,SKIPPED_ID_UNKNOWN,,,
UNKNOWN,,SKIPPED_ID_UNKNOWN,,,
UNKNOWN,,SKIPPED_ID_UNKNOWN,,,
UNKNOWN,,SKIPPED_ID_UNKNOWN,,,
UNKNOWN,,SKIPPED_ID_UNKNOWN,,,
UNKNOWN,,SKIPPED_ID_UNKNOWN,,,
UNKNOWN,,SKIPPED_ID_UNKNOWN,,,
UNKNOWN,,SKIPPED_ID_UNKNOWN,,,
UNKNOWN,,SKIPPED_ID_UNKNOWN,,,
UNKNOWN,,SKIPPED_ID_UNKNOWN,,,
UNKNOWN,,SKIPPED_ID_UNKNOWN,,,
UNKNOWN,,SKIPPED_ID_UNKNOWN,,,
UNKNOWN,,SKIPPED_ID_UNKNOWN,,,
UNKNOWN,,SKIPPED_ID_UNKNOWN,,,
UNKNOWN,,SKIPPED_ID_UNKNOWN,,,
UNKNOWN,,SKIPPED_ID_UNKNOWN,,,
UNKNOWN,,SKIPPED_ID_UNKNOWN,,,
UNKNOWN,,SKIPPED_ID_UNKNOWN,,,
UNKNOWN,,SKIPPED_ID_UNKNOWN,,,
UNKNOWN,,SKIPPED_ID_UNKNOWN,,,
UNKNOWN,,SKIPPED_ID_UNKNOWN,,,
UNKNOWN,,SKIPPED_ID_UNKNOWN,,,
UNKNOWN,,SKIPPED_ID_UNKNOWN,,,
UNKNOWN,,SKIPPED_ID_UNKNOWN,,,
UNKNOWN,,SKIPPED_ID_UNKNOWN,,,
UNKNOWN,,SKIPPED_ID_UNKNOWN,,,
UNKNOWN,,SKIPPED_ID_UNKNOWN,,,
UNKNOWN,,SKIPPED_ID_UNKNOWN,,,
UNKNOWN,,SKIPPED_ID_UNKNOWN,,,
UNKNOWN,,SKIPPED_ID_UNKNOWN,,,
UNKNOWN,,SKIPPED_ID_UNKNOWN,,,
UNKNOWN,,SKIPPED_ID_UNKNOWN,,,
UNKNOWN,,SKIPPED_ID_UNKNOWN,,,
UNKNOWN,,SKIPPED_ID_UNKNOWN,,,
UNKNOWN,,SKIPPED_ID_UNKNOWN,,,
UNKNOWN,,SKIPPED_ID_UNKNOWN,,,
UNKNOWN,,SKIPPED_ID_UNKNOWN,,,
UNKNOWN,,SKIPPED_ID_UNKNOWN,,,
UNKNOWN,,SKIPPED_ID_UNKNOWN,,,
UNKNOWN,,SKIPPED_ID_UNKNOWN,,,
UNKNOWN,,SKIPPED_ID_UNKNOWN,,,
UNKNOWN,,SKIPPED_ID_UNKNOWN,,,
UNKNOWN,,SKIPPED_ID_UNKNOWN,,,
UNKNOWN,,SKIPPED_ID_UNKNOWN,,,
UNKNOWN,,SKIPPED_ID_UNKNOWN,,,
UNKNOWN,,SKIPPED_ID_UNKNOWN,,,
UNKNOWN,,SKIPPED_ID_UNKNOWN,,,
UNKNOWN,,SKIPPED_ID_UNKNOWN,,,
UNKNOWN,,SKIPPED_ID_UNKNOWN,,,
UNKNOWN,,SKIPPED_ID_UNKNOWN,,,
UNKNOWN,,SKIPPED_ID_UNKNOWN,,,
UNKNOWN,,SKIPPED_ID_UNKNOWN,,,
UNKNOWN,,SKIPPED_ID_UNKNOWN,,,
UNKNOWN,,SKIPPED_ID_UNKNOWN,,,
UNKNOWN,,SKIPPED_ID_UNKNOWN,,,
UNKNOWN,,SKIPPED_ID_UNKNOWN,,,
UNKNOWN,,SKIPPED_ID_UNKNOWN,,,
UNKNOWN,,SKIPPED_ID_UNKNOWN,,,
UNKNOWN,,SKIPPED_ID_UNKNOWN,,,
UNKNOWN,,SKIPPED_ID_UNKNOWN,,,
UNKNOWN,,SKIPPED_ID_UNKNOWN,,,
UNKNOWN,,SKIPPED_ID_UNKNOWN,,,
UNKNOWN,,SKIPPED_ID_UNKNOWN,,,
UNKNOWN,,SKIPPED_ID_UNKNOWN,,,
UNKNOWN,,SKIPPED_ID_UNKNOWN,,,
UNKNOWN,,SKIPPED_ID_UNKNOWN,,,
UNKNOWN,,SKIPPED_ID_UNKNOWN,,,
UNKNOWN,,SKIPPED_ID_UNKNOWN,,,
UNKNOWN,,SKIPPED_ID_UNKNOWN,,,
UNKNOWN,,SKIPPED_ID_UNKNOWN,,,
UNKNOWN,,SKIPPED_ID_UNKNOWN,,,
UNKNOWN,,SKIPPED_ID_UNKNOWN,,,
UNKNOWN,,SKIPPED_ID_UNKNOWN,,,
UNKNOWN,,SKIPPED_ID_UNKNOWN,,,
UNKNOWN,,SKIPPED_ID_UNKNOWN,,,
UNKNOWN,,SKIPPED_ID_UNKNOWN,,,
UNKNOWN,,SKIPPED_ID_UNKNOWN,,,
UNKNOWN,,SKIPPED_ID_UNKNOWN,,,
UNKNOWN,,SKIPPED_ID_UNKNOWN,,,
UNKNOWN,,SKIPPED_ID_UNKNOWN,,,
UNKNOWN,,SKIPPED_ID_UNKNOWN,,,
UNKNOWN,,SKIPPED_ID_UNKNOWN,,,
UNKNOWN,,SKIPPED_ID_UNKNOWN,,,
UNKNOWN,,SKIPPED_ID_UNKNOWN,,,
UNKNOWN,,SKIPPED_ID_UNKNOWN,,,
UNKNOWN,,SKIPPED_ID_UNKNOWN,,,
UNKNOWN,,SKIPPED_ID_UNKNOWN,,,
UNKNOWN,,SKIPPED_ID_UNKNOWN,,,
UNKNOWN,,SKIPPED_ID_UNKNOWN,,,
UNKNOWN,,SKIPPED_ID_UNKNOWN,,,
UNKNOWN,,SKIPPED_ID_UNKNOWN,,,
UNKNOWN,,SKIPPED_ID_UNKNOWN,,,
UNKNOWN,,SKIPPED_ID_UNKNOWN,,,
UNKNOWN,,SKIPPED_ID_UNKNOWN,,,
UNKNOWN,,SKIPPED_ID_UNKNOWN,,,
UNKNOWN,,SKIPPED_ID_UNKNOWN,,,
UNKNOWN,,SKIPPED_ID_UNKNOWN,,,
UNKNOWN,,SKIPPED_ID_UNKNOWN,,,
UNKNOWN,,SKIPPED_ID_UNKNOWN,,,
UNKNOWN,,SKIPPED_ID_UNKNOWN,,,
UNKNOWN,,SKIPPED_ID_UNKNOWN,,,
UNKNOWN,,SKIPPED_ID_UNKNOWN,,,
UNKNOWN,,SKIPPED_ID_UNKNOWN,,,
UNKNOWN,,SKIPPED_ID_UNKNOWN,,,
UNKNOWN,,SKIPPED_ID_UNKNOWN,,,
UNKNOWN,,SKIPPED_ID_UNKNOWN,,,
UNKNOWN,,SKIPPED_ID_UNKNOWN,,,
UNKNOWN,,SKIPPED_ID_UNKNOWN,,,
UNKNOWN,,SKIPPED_ID_UNKNOWN,,,
UNKNOWN,,SKIPPED_ID_UNKNOWN,,,
UNKNOWN,,SKIPPED_ID_UNKNOWN,,,
UNKNOWN,,SKIPPED_ID_UNKNOWN,,,
UNKNOWN,,SKIPPED_ID_UNKNOWN,,,
UNKNOWN,,SKIPPED_ID_UNKNOWN,,,
UNKNOWN,,SKIPPED_ID_UNKNOWN,,,
UNKNOWN,,SKIPPED_ID_UNKNOWN,,,
UNKNOWN,,SKIPPED_ID_UNKNOWN,,,
UNKNOWN,,SKIPPED_ID_UNKNOWN,,,
UNKNOWN,,SKIPPED_ID_UNKNOWN,,,
UNKNOWN,,SKIPPED_ID_UNKNOWN,,,
UNKNOWN,,SKIPPED_ID_UNKNOWN,,,
UNKNOWN,,SKIPPED_ID_UNKNOWN,,,
UNKNOWN,,SKIPPED_ID_UNKNOWN,,,
UNKNOWN,,SKIPPED_ID_UNKNOWN,,,
UNKNOWN,,SKIPPED_ID_UNKNOWN,,,
UNKNOWN,,SKIPPED_ID_UNKNOWN,,,
UNKNOWN,,SKIPPED_ID_UNKNOWN,,,
UNKNOWN,,SKIPPED_ID_UNKNOWN,,,
UNKNOWN,,SKIPPED_ID_UNKNOWN,,,
UNKNOWN,,SKIPPED_ID_UNKNOWN,,,
UNKNOWN,,SKIPPED_ID_UNKNOWN,,,
UNKNOWN,,SKIPPED_ID_UNKNOWN,,,
UNKNOWN,,SKIPPED_ID_UNKNOWN,,,
UNKNOWN,,SKIPPED_ID_UNKNOWN,,,
UNKNOWN,,SKIPPED_ID_UNKNOWN,,,
UNKNOWN,,SKIPPED_ID_UNKNOWN,,,
UNKNOWN,,SKIPPED_ID_UNKNOWN,,,
UNKNOWN,,SKIPPED_ID_UNKNOWN,,,
UNKNOWN,,SKIPPED_ID_UNKNOWN,,,
UNKNOWN,,SKIPPED_ID_UNKNOWN,,,
UNKNOWN,,SKIPPED_ID_UNKNOWN,,,
UNKNOWN,,SKIPPED_ID_UNKNOWN,,,
UNKNOWN,,SKIPPED_ID_UNKNOWN,,,
UNKNOWN,,SKIPPED_ID_UNKNOWN,,,
UNKNOWN,,SKIPPED_ID_UNKNOWN,,,
UNKNOWN,,SKIPPED_ID_UNKNOWN,,,
UNKNOWN,,SKIPPED_ID_UNKNOWN,,,
UNKNOWN,,SKIPPED_ID_UNKNOWN,,,
UNKNOWN,,SKIPPED_ID_UNKNOWN,,,
UNKNOWN,,SKIPPED_ID_UNKNOWN,,,
UNKNOWN,,SKIPPED_ID_UNKNOWN,,,
UNKNOWN,,SKIPPED_ID_UNKNOWN,,,
UNKNOWN,,SKIPPED_ID_UNKNOWN,,,
UNKNOWN,,SKIPPED_ID_UNKNOWN,,,
UNKNOWN,,SKIPPED_ID_UNKNOWN,,,
UNKNOWN,,SKIPPED_ID_UNKNOWN,,,
UNKNOWN,,SKIPPED_ID_UNKNOWN,,,
UNKNOWN,,SKIPPED_ID_UNKNOWN,,,
UNKNOWN,,SKIPPED_ID_UNKNOWN,,,
UNKNOWN,,SKIPPED_ID_UNKNOWN,,,
UNKNOWN,,SKIPPED_ID_UNKNOWN,,,
UNKNOWN,,SKIPPED_ID_UNKNOWN,,,
UNKNOWN,,SKIPPED_ID_UNKNOWN,,,
UNKNOWN,,SKIPPED_ID_UNKNOWN,,,
UNKNOWN,,SKIPPED_ID_UNKNOWN,,,
UNKNOWN,,SKIPPED_ID_UNKNOWN,,,
UNKNOWN,,SKIPPED_ID_UNKNOWN,,,
UNKNOWN,,SKIPPED_ID_UNKNOWN,,,
UNKNOWN,,SKIPPED_ID_UNKNOWN,,,
UNKNOWN,,SKIPPED_ID_UNKNOWN,,,
UNKNOWN,,SKIPPED_ID_UNKNOWN,,,
UNKNOWN,,SKIPPED_ID_UNKNOWN,,,
UNKNOWN,,SKIPPED_ID_UNKNOWN,,,
UNKNOWN,,SKIPPED_ID_UNKNOWN,,,
UNKNOWN,,SKIPPED_ID_UNKNOWN,,,
UNKNOWN,,SKIPPED_ID_UNKNOWN,,,
UNKNOWN,,SKIPPED_ID_UNKNOWN,,,
UNKNOWN,,SKIPPED_ID_UNKNOWN,,,
UNKNOWN,,SKIPPED_ID_UNKNOWN,,,
UNKNOWN,,SKIPPED_ID_UNKNOWN,,,
UNKNOWN,,SKIPPED_ID_UNKNOWN,,,
UNKNOWN,,SKIPPED_ID_UNKNOWN,,,
UNKNOWN,,SKIPPED_ID_UNKNOWN,,,
UNKNOWN,,SKIPPED_ID_UNKNOWN,,,
UNKNOWN,,SKIPPED_ID_UNKNOWN,,,
UNKNOWN,,SKIPPED_ID_UNKNOWN,,,
UNKNOWN,,SKIPPED_ID_UNKNOWN,,,
UNKNOWN,,SKIPPED_ID_UNKNOWN,,,
UNKNOWN,,SKIPPED_ID_UNKNOWN,,,
UNKNOWN,,SKIPPED_ID_UNKNOWN,,,
UNKNOWN,,SKIPPED_ID_UNKNOWN,,,
UNKNOWN,,SKIPPED_ID_UNKNOWN,,,
UNKNOWN,,SKIPPED_ID_UNKNOWN,,,
UNKNOWN,,SKIPPED_ID_UNKNOWN,,,
UNKNOWN,,SKIPPED_ID_UNKNOWN,,,
UNKNOWN,,SKIPPED_ID_UNKNOWN,,,
UNKNOWN,,SKIPPED_ID_UNKNOWN,,,
UNKNOWN,,SKIPPED_ID_UNKNOWN,,,
UNKNOWN,,SKIPPED_ID_UNKNOWN,,,
UNKNOWN,,SKIPPED_ID_UNKNOWN,,,
UNKNOWN,,SKIPPED_ID_UNKNOWN,,,
UNKNOWN,,SKIPPED_ID_UNKNOWN,,,
UNKNOWN,,SKIPPED_ID_UNKNOWN,,,
UNKNOWN,,SKIPPED_ID_UNKNOWN,,,
UNKNOWN,,SKIPPED_ID_UNKNOWN,,,
UNKNOWN,,SKIPPED_ID_UNKNOWN,,,
UNKNOWN,,SKIPPED_ID_UNKNOWN,,,
UNKNOWN,,SKIPPED_ID_UNKNOWN,,,
UNKNOWN,,SKIPPED_ID_UNKNOWN,,,
UNKNOWN,,SKIPPED_ID_UNKNOWN,,,
UNKNOWN,,SKIPPED_ID_UNKNOWN,,,
UNKNOWN,,SKIPPED_ID_UNKNOWN,,,
UNKNOWN,,SKIPPED_ID_UNKNOWN,,,
UNKNOWN,,SKIPPED_ID_UNKNOWN,,,
UNKNOWN,,SKIPPED_ID_UNKNOWN,,,
UNKNOWN,,SKIPPED_ID_UNKNOWN,,,
UNKNOWN,,SKIPPED_ID_UNKNOWN,,,
UNKNOWN,,SKIPPED_ID_UNKNOWN,,,
UNKNOWN,,SKIPPED_ID_UNKNOWN,,,
UNKNOWN,,SKIPPED_ID_UNKNOWN,,,
UNKNOWN,,SKIPPED_ID_UNKNOWN,,,
UNKNOWN,,SKIPPED_ID_UNKNOWN,,,
UNKNOWN,,SKIPPED_ID_UNKNOWN,,,
UNKNOWN,,SKIPPED_ID_UNKNOWN,,,
UNKNOWN,,SKIPPED_ID_UNKNOWN,,,
UNKNOWN,,SKIPPED_ID_UNKNOWN,,,
UNKNOWN,,SKIPPED_ID_UNKNOWN,,,
UNKNOWN,,SKIPPED_ID_UNKNOWN,,,
UNKNOWN,,SKIPPED_ID_UNKNOWN,,,
UNKNOWN,,SKIPPED_ID_UNKNOWN,,,
UNKNOWN,,SKIPPED_ID_UNKNOWN,,,
UNKNOWN,,SKIPPED_ID_UNKNOWN,,,
UNKNOWN,,SKIPPED_ID_UNKNOWN,,,
UNKNOWN,,SKIPPED_ID_UNKNOWN,,,
UNKNOWN,,SKIPPED_ID_UNKNOWN,,,
UNKNOWN,,SKIPPED_ID_UNKNOWN,,,
UNKNOWN,,SKIPPED_ID_UNKNOWN,,,
UNKNOWN,,SKIPPED_ID_UNKNOWN,,,
UNKNOWN,,SKIPPED_ID_UNKNOWN,,,
UNKNOWN,,SKIPPED_ID_UNKNOWN,,,
UNKNOWN,,SKIPPED_ID_UNKNOWN,,,
UNKNOWN,,SKIPPED_ID_UNKNOWN,,,
UNKNOWN,,SKIPPED_ID_UNKNOWN,,,
UNKNOWN,,SKIPPED_ID_UNKNOWN,,,
UNKNOWN,,SKIPPED_ID_UNKNOWN,,,
UNKNOWN,,SKIPPED_ID_UNKNOWN,,,
UNKNOWN,,SKIPPED_ID_UNKNOWN,,,
UNKNOWN,,SKIPPED_ID_UNKNOWN,,,
UNKNOWN,,SKIPPED_ID_UNKNOWN,,,
UNKNOWN,,SKIPPED_ID_UNKNOWN,,,
UNKNOWN,,SKIPPED_ID_UNKNOWN,,,
UNKNOWN,,SKIPPED_ID_UNKNOWN,,,
UNKNOWN,,SKIPPED_ID_UNKNOWN,,,
UNKNOWN,,SKIPPED_ID_UNKNOWN,,,
UNKNOWN,,SKIPPED_ID_UNKNOWN,,,
UNKNOWN,,SKIPPED_ID_UNKNOWN,,,
UNKNOWN,,SKIPPED_ID_UNKNOWN,,,
UNKNOWN,,SKIPPED_ID_UNKNOWN,,,
UNKNOWN,,SKIPPED_ID_UNKNOWN,,,
UNKNOWN,,SKIPPED_ID_UNKNOWN,,,
UNKNOWN,,SKIPPED_ID_UNKNOWN,,,
UNKNOWN,,SKIPPED_ID_UNKNOWN,,,
UNKNOWN,,SKIPPED_ID_UNKNOWN,,,
UNKNOWN,,SKIPPED_ID_UNKNOWN,,,
UNKNOWN,,SKIPPED_ID_UNKNOWN,,,
UNKNOWN,,SKIPPED_ID_UNKNOWN,,,
UNKNOWN,,SKIPPED_ID_UNKNOWN,,,
UNKNOWN,,SKIPPED_ID_UNKNOWN,,,
UNKNOWN,,SKIPPED_ID_UNKNOWN,,,
UNKNOWN,,SKIPPED_ID_UNKNOWN,,,
UNKNOWN,,SKIPPED_ID_UNKNOWN,,,
UNKNOWN,,SKIPPED_ID_UNKNOWN,,,
UNKNOWN,,SKIPPED_ID_UNKNOWN,,,
UNKNOWN,,SKIPPED_ID_UNKNOWN,,,
UNKNOWN,,SKIPPED_ID_UNKNOWN,,,
UNKNOWN,,SKIPPED_ID_UNKNOWN,,,
UNKNOWN,,SKIPPED_ID_UNKNOWN,,,
UNKNOWN,,SKIPPED_ID_UNKNOWN,,,
UNKNOWN,,SKIPPED_ID_UNKNOWN,,,
UNKNOWN,,SKIPPED_ID_UNKNOWN,,,
UNKNOWN,,SKIPPED_ID_UNKNOWN,,,
UNKNOWN,,SKIPPED_ID_UNKNOWN,,,
UNKNOWN,,SKIPPED_ID_UNKNOWN,,,
UNKNOWN,,SKIPPED_ID_UNKNOWN,,,
UNKNOWN,,SKIPPED_ID_UNKNOWN,,,
UNKNOWN,,SKIPPED_ID_UNKNOWN,,,
UNKNOWN,,SKIPPED_ID_UNKNOWN,,,
UNKNOWN,,SKIPPED_ID_UNKNOWN,,,
UNKNOWN,,SKIPPED_ID_UNKNOWN,,,
UNKNOWN,,SKIPPED_ID_UNKNOWN,,,
UNKNOWN,,SKIPPED_ID_UNKNOWN,,,
UNKNOWN,,SKIPPED_ID_UNKNOWN,,,
UNKNOWN,,SKIPPED_ID_UNKNOWN,,,
UNKNOWN,,SKIPPED_ID_UNKNOWN,,,
UNKNOWN,,SKIPPED_ID_UNKNOWN,,,
UNKNOWN,,SKIPPED_ID_UNKNOWN,,,
UNKNOWN,,SKIPPED_ID_UNKNOWN,,,
UNKNOWN,,SKIPPED_ID_UNKNOWN,,,
UNKNOWN,,SKIPPED_ID_UNKNOWN,,,
UNKNOWN,,SKIPPED_ID_UNKNOWN,,,
UNKNOWN,,SKIPPED_ID_UNKNOWN,,,
UNKNOWN,,SKIPPED_ID_UNKNOWN,,,
UNKNOWN,,SKIPPED_ID_UNKNOWN,,,
UNKNOWN,,SKIPPED_ID_UNKNOWN,,,
UNKNOWN,,SKIPPED_ID_UNKNOWN,,,
UNKNOWN,,SKIPPED_ID_UNKNOWN,,,
UNKNOWN,,SKIPPED_ID_UNKNOWN,,,
UNKNOWN,,SKIPPED_ID_UNKNOWN,,,
UNKNOWN,,SKIPPED_ID_UNKNOWN,,,
UNKNOWN,,SKIPPED_ID_UNKNOWN,,,
UNKNOWN,,SKIPPED_ID_UNKNOWN,,,
UNKNOWN,,SKIPPED_ID_UNKNOWN,,,
UNKNOWN,,SKIPPED_ID_UNKNOWN,,,
UNKNOWN,,SKIPPED_ID_UNKNOWN,,,
UNKNOWN,,SKIPPED_ID_UNKNOWN,,,
UNKNOWN,,SKIPPED_ID_UNKNOWN,,,
UNKNOWN,,SKIPPED_ID_UNKNOWN,,,
UNKNOWN,,SKIPPED_ID_UNKNOWN,,,
UNKNOWN,,SKIPPED_ID_UNKNOWN,,,
UNKNOWN,,SKIPPED_ID_UNKNOWN,,,
UNKNOWN,,SKIPPED_ID_UNKNOWN,,,
UNKNOWN,,SKIPPED_ID_UNKNOWN,,,
UNKNOWN,,SKIPPED_ID_UNKNOWN,,,
UNKNOWN,,SKIPPED_ID_UNKNOWN,,,
UNKNOWN,,SKIPPED_ID_UNKNOWN,,,
UNKNOWN,,SKIPPED_ID_UNKNOWN,,,
UNKNOWN,,SKIPPED_ID_UNKNOWN,,,
UNKNOWN,,SKIPPED_ID_UNKNOWN,,,
UNKNOWN,,SKIPPED_ID_UNKNOWN,,,
UNKNOWN,,SKIPPED_ID_UNKNOWN,,,
UNKNOWN,,SKIPPED_ID_UNKNOWN,,,
UNKNOWN,,SKIPPED_ID_UNKNOWN,,,
UNKNOWN,,SKIPPED_ID_UNKNOWN,,,
UNKNOWN,,SKIPPED_ID_UNKNOWN,,,
UNKNOWN,,SKIPPED_ID_UNKNOWN,,,
UNKNOWN,,SKIPPED_ID_UNKNOWN,,,
UNKNOWN,,SKIPPED_ID_UNKNOWN,,,
UNKNOWN,,SKIPPED_ID_UNKNOWN,,,
UNKNOWN,,SKIPPED_ID_UNKNOWN,,,
UNKNOWN,,SKIPPED_ID_UNKNOWN,,,
UNKNOWN,,SKIPPED_ID_UNKNOWN,,,
UNKNOWN,,SKIPPED_ID_UNKNOWN,,,
UNKNOWN,,SKIPPED_ID_UNKNOWN,,,
UNKNOWN,,SKIPPED_ID_UNKNOWN,,,
UNKNOWN,,SKIPPED_ID_UNKNOWN,,,
UNKNOWN,,SKIPPED_ID_UNKNOWN,,,
UNKNOWN,,SKIPPED_ID_UNKNOWN,,,
UNKNOWN,,SKIPPED_ID_UNKNOWN,,,
UNKNOWN,,SKIPPED_ID_UNKNOWN,,,
UNKNOWN,,SKIPPED_ID_UNKNOWN,,,
UNKNOWN,,SKIPPED_ID_UNKNOWN,,,
UNKNOWN,,SKIPPED_ID_UNKNOWN,,,
UNKNOWN,,SKIPPED_ID_UNKNOWN,,,
UNKNOWN,,SKIPPED_ID_UNKNOWN,,,
UNKNOWN,,SKIPPED_ID_UNKNOWN,,,
UNKNOWN,,SKIPPED_ID_UNKNOWN,,,
UNKNOWN,,SKIPPED_ID_UNKNOWN,,,
UNKNOWN,,SKIPPED_ID_UNKNOWN,,,
UNKNOWN,,SKIPPED_ID_UNKNOWN,,,
UNKNOWN,,SKIPPED_ID_UNKNOWN,,,
UNKNOWN,,SKIPPED_ID_UNKNOWN,,,
UNKNOWN,,SKIPPED_ID_UNKNOWN,,,
UNKNOWN,,SKIPPED_ID_UNKNOWN,,,
UNKNOWN,,SKIPPED_ID_UNKNOWN,,,
UNKNOWN,,SKIPPED_ID_UNKNOWN,,,
UNKNOWN,,SKIPPED_ID_UNKNOWN,,,
UNKNOWN,,SKIPPED_ID_UNKNOWN,,,
UNKNOWN,,SKIPPED_ID_UNKNOWN,,,
UNKNOWN,,SKIPPED_ID_UNKNOWN,,,
UNKNOWN,,SKIPPED_ID_UNKNOWN,,,
UNKNOWN,,SKIPPED_ID_UNKNOWN,,,
UNKNOWN,,SKIPPED_ID_UNKNOWN,,,
UNKNOWN,,SKIPPED_ID_UNKNOWN,,,
UNKNOWN,,SKIPPED_ID_UNKNOWN,,,
UNKNOWN,,SKIPPED_ID_UNKNOWN,,,
UNKNOWN,,SKIPPED_ID_UNKNOWN,,,
UNKNOWN,,SKIPPED_ID_UNKNOWN,,,
UNKNOWN,,SKIPPED_ID_UNKNOWN,,,
UNKNOWN,,SKIPPED_ID_UNKNOWN,,,
UNKNOWN,,SKIPPED_ID_UNKNOWN,,,
UNKNOWN,,SKIPPED_ID_UNKNOWN,,,
UNKNOWN,,SKIPPED_ID_UNKNOWN,,,
UNKNOWN,,SKIPPED_ID_UNKNOWN,,,
UNKNOWN,,SKIPPED_ID_UNKNOWN,,,
UNKNOWN,,SKIPPED_ID_UNKNOWN,,,
UNKNOWN,,SKIPPED_ID_UNKNOWN,,,
UNKNOWN,,SKIPPED_ID_UNKNOWN,,,
UNKNOWN,,SKIPPED_ID_UNKNOWN,,,
UNKNOWN,,SKIPPED_ID_UNKNOWN,,,
UNKNOWN,,SKIPPED_ID_UNKNOWN,,,
UNKNOWN,,SKIPPED_ID_UNKNOWN,,,
UNKNOWN,,SKIPPED_ID_UNKNOWN,,,
UNKNOWN,,SKIPPED_ID_UNKNOWN,,,
UNKNOWN,,SKIPPED_ID_UNKNOWN,,,
UNKNOWN,,SKIPPED_ID_UNKNOWN,,,
UNKNOWN,,SKIPPED_ID_UNKNOWN,,,
UNKNOWN,,SKIPPED_ID_UNKNOWN,,,
UNKNOWN,,SKIPPED_ID_UNKNOWN,,,
UNKNOWN,,SKIPPED_ID_UNKNOWN,,,
UNKNOWN,,SKIPPED_ID_UNKNOWN,,,
UNKNOWN,,SKIPPED_ID_UNKNOWN,,,
UNKNOWN,,SKIPPED_ID_UNKNOWN,,,
UNKNOWN,,SKIPPED_ID_UNKNOWN,,,
UNKNOWN,,SKIPPED_ID_UNKNOWN,,,
UNKNOWN,,SKIPPED_ID_UNKNOWN,,,
UNKNOWN,,SKIPPED_ID_UNKNOWN,,,
UNKNOWN,,SKIPPED_ID_UNKNOWN,,,
UNKNOWN,,SKIPPED_ID_UNKNOWN,,,
UNKNOWN,,SKIPPED_ID_UNKNOWN,,,
UNKNOWN,,SKIPPED_ID_UNKNOWN,,,
UNKNOWN,,SKIPPED_ID_UNKNOWN,,,
UNKNOWN,,SKIPPED_ID_UNKNOWN,,,
UNKNOWN,,SKIPPED_ID_UNKNOWN,,,
UNKNOWN,,SKIPPED_ID_UNKNOWN,,,
UNKNOWN,,SKIPPED_ID_UNKNOWN,,,
UNKNOWN,,SKIPPED_ID_UNKNOWN,,,
UNKNOWN,,SKIPPED_ID_UNKNOWN,,,
UNKNOWN,,SKIPPED_ID_UNKNOWN,,,
UNKNOWN,,SKIPPED_ID_UNKNOWN,,,
UNKNOWN,,SKIPPED_ID_UNKNOWN,,,
UNKNOWN,,SKIPPED_ID_UNKNOWN,,,
UNKNOWN,,SKIPPED_ID_UNKNOWN,,,
UNKNOWN,,SKIPPED_ID_UNKNOWN,,,
UNKNOWN,,SKIPPED_ID_UNKNOWN,,,
UNKNOWN,,SKIPPED_ID_UNKNOWN,,,
UNKNOWN,,SKIPPED_ID_UNKNOWN,,,
UNKNOWN,,SKIPPED_ID_UNKNOWN,,,
UNKNOWN,,SKIPPED_ID_UNKNOWN,,,
UNKNOWN,,SKIPPED_ID_UNKNOWN,,,
UNKNOWN,,SKIPPED_ID_UNKNOWN,,,
UNKNOWN,,SKIPPED_ID_UNKNOWN,,,
UNKNOWN,,SKIPPED_ID_UNKNOWN,,,
UNKNOWN,,SKIPPED_ID_UNKNOWN,,,
UNKNOWN,,SKIPPED_ID_UNKNOWN,,,
UNKNOWN,,SKIPPED_ID_UNKNOWN,,,
UNKNOWN,,SKIPPED_ID_UNKNOWN,,,
UNKNOWN,,SKIPPED_ID_UNKNOWN,,,
UNKNOWN,,SKIPPED_ID_UNKNOWN,,,
UNKNOWN,,SKIPPED_ID_UNKNOWN,,,
UNKNOWN,,SKIPPED_ID_UNKNOWN,,,
UNKNOWN,,SKIPPED_ID_UNKNOWN,,,
UNKNOWN,,SKIPPED_ID_UNKNOWN,,,
UNKNOWN,,SKIPPED_ID_UNKNOWN,,,
UNKNOWN,,SKIPPED_ID_UNKNOWN,,,
UNKNOWN,,SKIPPED_ID_UNKNOWN,,,
UNKNOWN,,SKIPPED_ID_UNKNOWN,,,
UNKNOWN,,SKIPPED_ID_UNKNOWN,,,
UNKNOWN,,SKIPPED_ID_UNKNOWN,,,
UNKNOWN,,SKIPPED_ID_UNKNOWN,,,
UNKNOWN,,SKIPPED_ID_UNKNOWN,,,
UNKNOWN,,SKIPPED_ID_UNKNOWN,,,
UNKNOWN,,SKIPPED_ID_UNKNOWN,,,
UNKNOWN,,SKIPPED_ID_UNKNOWN,,,
UNKNOWN,,SKIPPED_ID_UNKNOWN,,,
UNKNOWN,,SKIPPED_ID_UNKNOWN,,,
UNKNOWN,,SKIPPED_ID_UNKNOWN,,,
UNKNOWN,,SKIPPED_ID_UNKNOWN,,,
UNKNOWN,,SKIPPED_ID_UNKNOWN,,,
UNKNOWN,,SKIPPED_ID_UNKNOWN,,,
UNKNOWN,,SKIPPED_ID_UNKNOWN,,,
UNKNOWN,,SKIPPED_ID_UNKNOWN,,,
UNKNOWN,,SKIPPED_ID_UNKNOWN,,,
UNKNOWN,,SKIPPED_ID_UNKNOWN,,,
UNKNOWN,,SKIPPED_ID_UNKNOWN,,,
UNKNOWN,,SKIPPED_ID_UNKNOWN,,,
UNKNOWN,,SKIPPED_ID_UNKNOWN,,,
UNKNOWN,,SKIPPED_ID_UNKNOWN,,,
UNKNOWN,,SKIPPED_ID_UNKNOWN,,,
UNKNOWN,,SKIPPED_ID_UNKNOWN,,,
UNKNOWN,,SKIPPED_ID_UNKNOWN,,,
UNKNOWN,,SKIPPED_ID_UNKNOWN,,,
UNKNOWN,,SKIPPED_ID_UNKNOWN,,,
UNKNOWN,,SKIPPED_ID_UNKNOWN,,,
UNKNOWN,,SKIPPED_ID_UNKNOWN,,,
UNKNOWN,,SKIPPED_ID_UNKNOWN,,,
UNKNOWN,,SKIPPED_ID_UNKNOWN,,,
UNKNOWN,,SKIPPED_ID_UNKNOWN,,,
UNKNOWN,,SKIPPED_ID_UNKNOWN,,,
UNKNOWN,,SKIPPED_ID_UNKNOWN,,,
UNKNOWN,,SKIPPED_ID_UNKNOWN,,,
UNKNOWN,,SKIPPED_ID_UNKNOWN,,,
UNKNOWN,,SKIPPED_ID_UNKNOWN,,,
UNKNOWN,,SKIPPED_ID_UNKNOWN,,,
UNKNOWN,,SKIPPED_ID_UNKNOWN,,,
UNKNOWN,,SKIPPED_ID_UNKNOWN,,,
UNKNOWN,,SKIPPED_ID_UNKNOWN,,,
UNKNOWN,,SKIPPED_ID_UNKNOWN,,,
UNKNOWN,,SKIPPED_ID_UNKNOWN,,,
UNKNOWN,,SKIPPED_ID_UNKNOWN,,,
UNKNOWN,,SKIPPED_ID_UNKNOWN,,,
UNKNOWN,,SKIPPED_ID_UNKNOWN,,,
UNKNOWN,,SKIPPED_ID_UNKNOWN,,,
UNKNOWN,,SKIPPED_ID_UNKNOWN,,,
UNKNOWN,,SKIPPED_ID_UNKNOWN,,,
UNKNOWN,,SKIPPED_ID_UNKNOWN,,,
UNKNOWN,,SKIPPED_ID_UNKNOWN,,,
UNKNOWN,,SKIPPED_ID_UNKNOWN,,,
UNKNOWN,,SKIPPED_ID_UNKNOWN,,,
UNKNOWN,,SKIPPED_ID_UNKNOWN,,,
UNKNOWN,,SKIPPED_ID_UNKNOWN,,,
UNKNOWN,,SKIPPED_ID_UNKNOWN,,,
UNKNOWN,,SKIPPED_ID_UNKNOWN,,,
UNKNOWN,,SKIPPED_ID_UNKNOWN,,,
UNKNOWN,,SKIPPED_ID_UNKNOWN,,,
UNKNOWN,,SKIPPED_ID_UNKNOWN,,,
UNKNOWN,,SKIPPED_ID_UNKNOWN,,,
UNKNOWN,,SKIPPED_ID_UNKNOWN,,,
UNKNOWN,,SKIPPED_ID_UNKNOWN,,,
UNKNOWN,,SKIPPED_ID_UNKNOWN,,,
UNKNOWN,,SKIPPED_ID_UNKNOWN,,,
UNKNOWN,,SKIPPED_ID_UNKNOWN,,,
UNKNOWN,,SKIPPED_ID_UNKNOWN,,,
UNKNOWN,,SKIPPED_ID_UNKNOWN,,,
UNKNOWN,,SKIPPED_ID_UNKNOWN,,,
UNKNOWN,,SKIPPED_ID_UNKNOWN,,,
UNKNOWN,,SKIPPED_ID_UNKNOWN,,,
UNKNOWN,,SKIPPED_ID_UNKNOWN,,,
UNKNOWN,,SKIPPED_ID_UNKNOWN,,,
UNKNOWN,,SKIPPED_ID_UNKNOWN,,,
UNKNOWN,,SKIPPED_ID_UNKNOWN,,,
UNKNOWN,,SKIPPED_ID_UNKNOWN,,,
UNKNOWN,,SKIPPED_ID_UNKNOWN,,,
UNKNOWN,,SKIPPED_ID_UNKNOWN,,,
UNKNOWN,,SKIPPED_ID_UNKNOWN,,,
UNKNOWN,,SKIPPED_ID_UNKNOWN,,,
UNKNOWN,,SKIPPED_ID_UNKNOWN,,,
UNKNOWN,,SKIPPED_ID_UNKNOWN,,,
UNKNOWN,,SKIPPED_ID_UNKNOWN,,,
UNKNOWN,,SKIPPED_ID_UNKNOWN,,,
UNKNOWN,,SKIPPED_ID_UNKNOWN,,,
UNKNOWN,,SKIPPED_ID_UNKNOWN,,,
UNKNOWN,,SKIPPED_ID_UNKNOWN,,,
UNKNOWN,,SKIPPED_ID_UNKNOWN,,,
UNKNOWN,,SKIPPED_ID_UNKNOWN,,,
UNKNOWN,,SKIPPED_ID_UNKNOWN,,,
UNKNOWN,,SKIPPED_ID_UNKNOWN,,,
UNKNOWN,,SKIPPED_ID_UNKNOWN,,,
UNKNOWN,,SKIPPED_ID_UNKNOWN,,,
UNKNOWN,,SKIPPED_ID_UNKNOWN,,,
UNKNOWN,,SKIPPED_ID_UNKNOWN,,,
UNKNOWN,,SKIPPED_ID_UNKNOWN,,,
UNKNOWN,,SKIPPED_ID_UNKNOWN,,,
UNKNOWN,,SKIPPED_ID_UNKNOWN,,,
UNKNOWN,,SKIPPED_ID_UNKNOWN,,,
UNKNOWN,,SKIPPED_ID_UNKNOWN,,,
UNKNOWN,,SKIPPED_ID_UNKNOWN,,,
UNKNOWN,,SKIPPED_ID_UNKNOWN,,,
UNKNOWN,,SKIPPED_ID_UNKNOWN,,,
UNKNOWN,,SKIPPED_ID_UNKNOWN,,,
UNKNOWN,,SKIPPED_ID_UNKNOWN,,,
UNKNOWN,,SKIPPED_ID_UNKNOWN,,,
UNKNOWN,,SKIPPED_ID_UNKNOWN,,,
UNKNOWN,,SKIPPED_ID_UNKNOWN,,,
UNKNOWN,,SKIPPED_ID_UNKNOWN,,,
UNKNOWN,,SKIPPED_ID_UNKNOWN,,,
UNKNOWN,,SKIPPED_ID_UNKNOWN,,,
UNKNOWN,,SKIPPED_ID_UNKNOWN,,,
UNKNOWN,,SKIPPED_ID_UNKNOWN,,,
UNKNOWN,,SKIPPED_ID_UNKNOWN,,,
UNKNOWN,,SKIPPED_ID_UNKNOWN,,,
UNKNOWN,,SKIPPED_ID_UNKNOWN,,,
UNKNOWN,,SKIPPED_ID_UNKNOWN,,,
UNKNOWN,,SKIPPED_ID_UNKNOWN,,,
UNKNOWN,,SKIPPED_ID_UNKNOWN,,,
UNKNOWN,,SKIPPED_ID_UNKNOWN,,,
UNKNOWN,,SKIPPED_ID_UNKNOWN,,,
UNKNOWN,,SKIPPED_ID_UNKNOWN,,,
UNKNOWN,,SKIPPED_ID_UNKNOWN,,,
UNKNOWN,,SKIPPED_ID_UNKNOWN,,,
UNKNOWN,,SKIPPED_ID_UNKNOWN,,,
UNKNOWN,,SKIPPED_ID_UNKNOWN,,,
UNKNOWN,,SKIPPED_ID_UNKNOWN,,,
UNKNOWN,,SKIPPED_ID_UNKNOWN,,,
UNKNOWN,,SKIPPED_ID_UNKNOWN,,,
UNKNOWN,,SKIPPED_ID_UNKNOWN,,,
UNKNOWN,,SKIPPED_ID_UNKNOWN,,,
UNKNOWN,,SKIPPED_ID_UNKNOWN,,,
UNKNOWN,,SKIPPED_ID_UNKNOWN,,,
UNKNOWN,,SKIPPED_ID_UNKNOWN,,,
UNKNOWN,,SKIPPED_ID_UNKNOWN,,,
UNKNOWN,,SKIPPED_ID_UNKNOWN,,,
UNKNOWN,,SKIPPED_ID_UNKNOWN,,,
UNKNOWN,,SKIPPED_ID_UNKNOWN,,,
UNKNOWN,,SKIPPED_ID_UNKNOWN,,,
UNKNOWN,,SKIPPED_ID_UNKNOWN,,,
UNKNOWN,,SKIPPED_ID_UNKNOWN,,,
UNKNOWN,,SKIPPED_ID_UNKNOWN,,,
UNKNOWN,,SKIPPED_ID_UNKNOWN,,,
UNKNOWN,,SKIPPED_ID_UNKNOWN,,,
UNKNOWN,,SKIPPED_ID_UNKNOWN,,,
UNKNOWN,,SKIPPED_ID_UNKNOWN,,,
UNKNOWN,,SKIPPED_ID_UNKNOWN,,,
UNKNOWN,,SKIPPED_ID_UNKNOWN,,,
UNKNOWN,,SKIPPED_ID_UNKNOWN,,,
UNKNOWN,,SKIPPED_ID_UNKNOWN,,,
UNKNOWN,,SKIPPED_ID_UNKNOWN,,,
UNKNOWN,,SKIPPED_ID_UNKNOWN,,,
UNKNOWN,,SKIPPED_ID_UNKNOWN,,,
UNKNOWN,,SKIPPED_ID_UNKNOWN,,,
UNKNOWN,,SKIPPED_ID_UNKNOWN,,,
UNKNOWN,,SKIPPED_ID_UNKNOWN,,,
UNKNOWN,,SKIPPED_ID_UNKNOWN,,,
UNKNOWN,,SKIPPED_ID_UNKNOWN,,,
UNKNOWN,,SKIPPED_ID_UNKNOWN,,,
UNKNOWN,,SKIPPED_ID_UNKNOWN,,,
UNKNOWN,,SKIPPED_ID_UNKNOWN,,,
UNKNOWN,,SKIPPED_ID_UNKNOWN,,,
UNKNOWN,,SKIPPED_ID_UNKNOWN,,,
UNKNOWN,,SKIPPED_ID_UNKNOWN,,,
UNKNOWN,,SKIPPED_ID_UNKNOWN,,,
UNKNOWN,,SKIPPED_ID_UNKNOWN,,,
UNKNOWN,,SKIPPED_ID_UNKNOWN,,,
UNKNOWN,,SKIPPED_ID_UNKNOWN,,,
UNKNOWN,,SKIPPED_ID_UNKNOWN,,,
UNKNOWN,,SKIPPED_ID_UNKNOWN,,,
UNKNOWN,,SKIPPED_ID_UNKNOWN,,,
UNKNOWN,,SKIPPED_ID_UNKNOWN,,,
UNKNOWN,,SKIPPED_ID_UNKNOWN,,,
UNKNOWN,,SKIPPED_ID_UNKNOWN,,,
UNKNOWN,,SKIPPED_ID_UNKNOWN,,,
UNKNOWN,,SKIPPED_ID_UNKNOWN,,,
UNKNOWN,,SKIPPED_ID_UNKNOWN,,,
UNKNOWN,,SKIPPED_ID_UNKNOWN,,,
UNKNOWN,,SKIPPED_ID_UNKNOWN,,,
UNKNOWN,,SKIPPED_ID_UNKNOWN,,,
UNKNOWN,,SKIPPED_ID_UNKNOWN,,,
UNKNOWN,,SKIPPED_ID_UNKNOWN,,,
UNKNOWN,,SKIPPED_ID_UNKNOWN,,,
UNKNOWN,,SKIPPED_ID_UNKNOWN,,,
UNKNOWN,,SKIPPED_ID_UNKNOWN,,,
UNKNOWN,,SKIPPED_ID_UNKNOWN,,,
UNKNOWN,,SKIPPED_ID_UNKNOWN,,,
UNKNOWN,,SKIPPED_ID_UNKNOWN,,,
UNKNOWN,,SKIPPED_ID_UNKNOWN,,,
UNKNOWN,,SKIPPED_ID_UNKNOWN,,,
UNKNOWN,,SKIPPED_ID_UNKNOWN,,,
UNKNOWN,,SKIPPED_ID_UNKNOWN,,,
UNKNOWN,,SKIPPED_ID_UNKNOWN,,,
UNKNOWN,,SKIPPED_ID_UNKNOWN,,,
UNKNOWN,,SKIPPED_ID_UNKNOWN,,,
UNKNOWN,,SKIPPED_ID_UNKNOWN,,,
UNKNOWN,,SKIPPED_ID_UNKNOWN,,,
UNKNOWN,,SKIPPED_ID_UNKNOWN,,,
UNKNOWN,,SKIPPED_ID_UNKNOWN,,,
UNKNOWN,,SKIPPED_ID_UNKNOWN,,,
UNKNOWN,,SKIPPED_ID_UNKNOWN,,,
UNKNOWN,,SKIPPED_ID_UNKNOWN,,,
UNKNOWN,,SKIPPED_ID_UNKNOWN,,,
UNKNOWN,,SKIPPED_ID_UNKNOWN,,,
UNKNOWN,,SKIPPED_ID_UNKNOWN,,,
UNKNOWN,,SKIPPED_ID_UNKNOWN,,,
UNKNOWN,,SKIPPED_ID_UNKNOWN,,,
UNKNOWN,,SKIPPED_ID_UNKNOWN,,,
UNKNOWN,,SKIPPED_ID_UNKNOWN,,,
UNKNOWN,,SKIPPED_ID_UNKNOWN,,,
UNKNOWN,,SKIPPED_ID_UNKNOWN,,,
UNKNOWN,,SKIPPED_ID_UNKNOWN,,,
UNKNOWN,,SKIPPED_ID_UNKNOWN,,,
UNKNOWN,,SKIPPED_ID_UNKNOWN,,,
UNKNOWN,,SKIPPED_ID_UNKNOWN,,,
UNKNOWN,,SKIPPED_ID_UNKNOWN,,,
UNKNOWN,,SKIPPED_ID_UNKNOWN,,,
UNKNOWN,,SKIPPED_ID_UNKNOWN,,,
UNKNOWN,,SKIPPED_ID_UNKNOWN,,,
UNKNOWN,,SKIPPED_ID_UNKNOWN,,,
UNKNOWN,,SKIPPED_ID_UNKNOWN,,,
UNKNOWN,,SKIPPED_ID_UNKNOWN,,,
UNKNOWN,,SKIPPED_ID_UNKNOWN,,,
UNKNOWN,,SKIPPED_ID_UNKNOWN,,,
UNKNOWN,,SKIPPED_ID_UNKNOWN,,,
UNKNOWN,,SKIPPED_ID_UNKNOWN,,,
UNKNOWN,,SKIPPED_ID_UNKNOWN,,,
UNKNOWN,,SKIPPED_ID_UNKNOWN,,,
UNKNOWN,,SKIPPED_ID_UNKNOWN,,,
UNKNOWN,,SKIPPED_ID_UNKNOWN,,,
UNKNOWN,,SKIPPED_ID_UNKNOWN,,,
UNKNOWN,,SKIPPED_ID_UNKNOWN,,,
UNKNOWN,,SKIPPED_ID_UNKNOWN,,,
UNKNOWN,,SKIPPED_ID_UNKNOWN,,,
UNKNOWN,,SKIPPED_ID_UNKNOWN,,,
UNKNOWN,,SKIPPED_ID_UNKNOWN,,,
UNKNOWN,,SKIPPED_ID_UNKNOWN,,,
UNKNOWN,,SKIPPED_ID_UNKNOWN,,,
UNKNOWN,,SKIPPED_ID_UNKNOWN,,,
UNKNOWN,,SKIPPED_ID_UNKNOWN,,,
UNKNOWN,,SKIPPED_ID_UNKNOWN,,,
UNKNOWN,,SKIPPED_ID_UNKNOWN,,,
UNKNOWN,,SKIPPED_ID_UNKNOWN,,,
UNKNOWN,,SKIPPED_ID_UNKNOWN,,,
UNKNOWN,,SKIPPED_ID_UNKNOWN,,,
UNKNOWN,,SKIPPED_ID_UNKNOWN,,,
UNKNOWN,,SKIPPED_ID_UNKNOWN,,,
UNKNOWN,,SKIPPED_ID_UNKNOWN,,,
UNKNOWN,,SKIPPED_ID_UNKNOWN,,,
UNKNOWN,,SKIPPED_ID_UNKNOWN,,,
UNKNOWN,,SKIPPED_ID_UNKNOWN,,,
UNKNOWN,,SKIPPED_ID_UNKNOWN,,,
UNKNOWN,,SKIPPED_ID_UNKNOWN,,,
UNKNOWN,,SKIPPED_ID_UNKNOWN,,,
UNKNOWN,,SKIPPED_ID_UNKNOWN,,,
UNKNOWN,,SKIPPED_ID_UNKNOWN,,,
UNKNOWN,,SKIPPED_ID_UNKNOWN,,,
UNKNOWN,,SKIPPED_ID_UNKNOWN,,,
UNKNOWN,,SKIPPED_ID_UNKNOWN,,,
UNKNOWN,,SKIPPED_ID_UNKNOWN,,,
UNKNOWN,,SKIPPED_ID_UNKNOWN,,,
UNKNOWN,,SKIPPED_ID_UNKNOWN,,,
UNKNOWN,,SKIPPED_ID_UNKNOWN,,,
UNKNOWN,,SKIPPED_ID_UNKNOWN,,,
UNKNOWN,,SKIPPED_ID_UNKNOWN,,,
UNKNOWN,,SKIPPED_ID_UNKNOWN,,,
UNKNOWN,,SKIPPED_ID_UNKNOWN,,,
UNKNOWN,,SKIPPED_ID_UNKNOWN,,,
UNKNOWN,,SKIPPED_ID_UNKNOWN,,,
UNKNOWN,,SKIPPED_ID_UNKNOWN,,,
UNKNOWN,,SKIPPED_ID_UNKNOWN,,,
UNKNOWN,,SKIPPED_ID_UNKNOWN,,,
UNKNOWN,,SKIPPED_ID_UNKNOWN,,,
UNKNOWN,,SKIPPED_ID_UNKNOWN,,,
UNKNOWN,,SKIPPED_ID_UNKNOWN,,,
UNKNOWN,,SKIPPED_ID_UNKNOWN,,,
UNKNOWN,,SKIPPED_ID_UNKNOWN,,,
UNKNOWN,,SKIPPED_ID_UNKNOWN,,,
UNKNOWN,,SKIPPED_ID_UNKNOWN,,,
UNKNOWN,,SKIPPED_ID_UNKNOWN,,,
UNKNOWN,,SKIPPED_ID_UNKNOWN,,,
UNKNOWN,,SKIPPED_ID_UNKNOWN,,,
UNKNOWN,,SKIPPED_ID_UNKNOWN,,,
UNKNOWN,,SKIPPED_ID_UNKNOWN,,,
UNKNOWN,,SKIPPED_ID_UNKNOWN,,,
UNKNOWN,,SKIPPED_ID_UNKNOWN,,,
UNKNOWN,,SKIPPED_ID_UNKNOWN,,,
UNKNOWN,,SKIPPED_ID_UNKNOWN,,,
UNKNOWN,,SKIPPED_ID_UNKNOWN,,,
UNKNOWN,,SKIPPED_ID_UNKNOWN,,,
UNKNOWN,,SKIPPED_ID_UNKNOWN,,,
UNKNOWN,,SKIPPED_ID_UNKNOWN,,,
UNKNOWN,,SKIPPED_ID_UNKNOWN,,,
UNKNOWN,,SKIPPED_ID_UNKNOWN,,,
UNKNOWN,,SKIPPED_ID_UNKNOWN,,,
UNKNOWN,,SKIPPED_ID_UNKNOWN,,,
UNKNOWN,,SKIPPED_ID_UNKNOWN,,,
UNKNOWN,,SKIPPED_ID_UNKNOWN,,,
UNKNOWN,,SKIPPED_ID_UNKNOWN,,,
UNKNOWN,,SKIPPED_ID_UNKNOWN,,,
UNKNOWN,,SKIPPED_ID_UNKNOWN,,,
UNKNOWN,,SKIPPED_ID_UNKNOWN,,,
UNKNOWN,,SKIPPED_ID_UNKNOWN,,,
UNKNOWN,,SKIPPED_ID_UNKNOWN,,,
UNKNOWN,,SKIPPED_ID_UNKNOWN,,,
UNKNOWN,,SKIPPED_ID_UNKNOWN,,,
UNKNOWN,,SKIPPED_ID_UNKNOWN,,,
UNKNOWN,,SKIPPED_ID_UNKNOWN,,,
UNKNOWN,,SKIPPED_ID_UNKNOWN,,,
UNKNOWN,,SKIPPED_ID_UNKNOWN,,,
UNKNOWN,,SKIPPED_ID_UNKNOWN,,,
UNKNOWN,,SKIPPED_ID_UNKNOWN,,,
UNKNOWN,,SKIPPED_ID_UNKNOWN,,,
UNKNOWN,,SKIPPED_ID_UNKNOWN,,,
UNKNOWN,,SKIPPED_ID_UNKNOWN,,,
UNKNOWN,,SKIPPED_ID_UNKNOWN,,,
UNKNOWN,,SKIPPED_ID_UNKNOWN,,,
UNKNOWN,,SKIPPED_ID_UNKNOWN,,,
UNKNOWN,,SKIPPED_ID_UNKNOWN,,,
UNKNOWN,,SKIPPED_ID_UNKNOWN,,,
UNKNOWN,,SKIPPED_ID_UNKNOWN,,,
UNKNOWN,,SKIPPED_ID_UNKNOWN,,,
UNKNOWN,,SKIPPED_ID_UNKNOWN,,,
UNKNOWN,,SKIPPED_ID_UNKNOWN,,,
UNKNOWN,,SKIPPED_ID_UNKNOWN,,,
UNKNOWN,,SKIPPED_ID_UNKNOWN,,,
UNKNOWN,,SKIPPED_ID_UNKNOWN,,,
UNKNOWN,,SKIPPED_ID_UNKNOWN,,,
UNKNOWN,,SKIPPED_ID_UNKNOWN,,,
UNKNOWN,,SKIPPED_ID_UNKNOWN,,,
UNKNOWN,,SKIPPED_ID_UNKNOWN,,,
UNKNOWN,,SKIPPED_ID_UNKNOWN,,,
UNKNOWN,,SKIPPED_ID_UNKNOWN,,,
UNKNOWN,,SKIPPED_ID_UNKNOWN,,,
UNKNOWN,,SKIPPED_ID_UNKNOWN,,,
UNKNOWN,,SKIPPED_ID_UNKNOWN,,,
UNKNOWN,,SKIPPED_ID_UNKNOWN,,,
UNKNOWN,,SKIPPED_ID_UNKNOWN,,,
UNKNOWN,,SKIPPED_ID_UNKNOWN,,,
UNKNOWN,,SKIPPED_ID_UNKNOWN,,,
UNKNOWN,,SKIPPED_ID_UNKNOWN,,,
UNKNOWN,,SKIPPED_ID_UNKNOWN,,,
UNKNOWN,,SKIPPED_ID_UNKNOWN,,,
UNKNOWN,,SKIPPED_ID_UNKNOWN,,,
UNKNOWN,,SKIPPED_ID_UNKNOWN,,,
UNKNOWN,,SKIPPED_ID_UNKNOWN,,,
UNKNOWN,,SKIPPED_ID_UNKNOWN,,,
UNKNOWN,,SKIPPED_ID_UNKNOWN,,,
UNKNOWN,,SKIPPED_ID_UNKNOWN,,,
UNKNOWN,,SKIPPED_ID_UNKNOWN,,,
UNKNOWN,,SKIPPED_ID_UNKNOWN,,,
UNKNOWN,,SKIPPED_ID_UNKNOWN,,,
UNKNOWN,,SKIPPED_ID_UNKNOWN,,,
UNKNOWN,,SKIPPED_ID_UNKNOWN,,,
UNKNOWN,,SKIPPED_ID_UNKNOWN,,,
UNKNOWN,,SKIPPED_ID_UNKNOWN,,,
UNKNOWN,,SKIPPED_ID_UNKNOWN,,,
UNKNOWN,,SKIPPED_ID_UNKNOWN,,,
UNKNOWN,,SKIPPED_ID_UNKNOWN,,,
UNKNOWN,,SKIPPED_ID_UNKNOWN,,,
UNKNOWN,,SKIPPED_ID_UNKNOWN,,,
UNKNOWN,,SKIPPED_ID_UNKNOWN,,,
UNKNOWN,,SKIPPED_ID_UNKNOWN,,,
UNKNOWN,,SKIPPED_ID_UNKNOWN,,,
UNKNOWN,,SKIPPED_ID_UNKNOWN,,,
UNKNOWN,,SKIPPED_ID_UNKNOWN,,,
UNKNOWN,,SKIPPED_ID_UNKNOWN,,,
UNKNOWN,,SKIPPED_ID_UNKNOWN,,,
UNKNOWN,,SKIPPED_ID_UNKNOWN,,,
UNKNOWN,,SKIPPED_ID_UNKNOWN,,,
UNKNOWN,,SKIPPED_ID_UNKNOWN,,,
UNKNOWN,,SKIPPED_ID_UNKNOWN,,,
UNKNOWN,,SKIPPED_ID_UNKNOWN,,,
UNKNOWN,,SKIPPED_ID_UNKNOWN,,,
UNKNOWN,,SKIPPED_ID_UNKNOWN,,,
UNKNOWN,,SKIPPED_ID_UNKNOWN,,,
UNKNOWN,,SKIPPED_ID_UNKNOWN,,,
UNKNOWN,,SKIPPED_ID_UNKNOWN,,,
UNKNOWN,,SKIPPED_ID_UNKNOWN,,,
UNKNOWN,,SKIPPED_ID_UNKNOWN,,,
UNKNOWN,,SKIPPED_ID_UNKNOWN,,,
UNKNOWN,,SKIPPED_ID_UNKNOWN,,,
UNKNOWN,,SKIPPED_ID_UNKNOWN,,,
UNKNOWN,,SKIPPED_ID_UNKNOWN,,,
UNKNOWN,,SKIPPED_ID_UNKNOWN,,,
UNKNOWN,,SKIPPED_ID_UNKNOWN,,,
UNKNOWN,,SKIPPED_ID_UNKNOWN,,,
UNKNOWN,,SKIPPED_ID_UNKNOWN,,,
UNKNOWN,,SKIPPED_ID_UNKNOWN,,,
UNKNOWN,,SKIPPED_ID_UNKNOWN,,,
UNKNOWN,,SKIPPED_ID_UNKNOWN,,,
UNKNOWN,,SKIPPED_ID_UNKNOWN,,,
UNKNOWN,,SKIPPED_ID_UNKNOWN,,,
UNKNOWN,,SKIPPED_ID_UNKNOWN,,,
UNKNOWN,,SKIPPED_ID_UNKNOWN,,,
UNKNOWN,,SKIPPED_ID_UNKNOWN,,,
UNKNOWN,,SKIPPED_ID_UNKNOWN,,,
UNKNOWN,,SKIPPED_ID_UNKNOWN,,,
UNKNOWN,,SKIPPED_ID_UNKNOWN,,,
UNKNOWN,,SKIPPED_ID_UNKNOWN,,,
UNKNOWN,,SKIPPED_ID_UNKNOWN,,,
UNKNOWN,,SKIPPED_ID_UNKNOWN,,,
UNKNOWN,,SKIPPED_ID_UNKNOWN,,,
UNKNOWN,,SKIPPED_ID_UNKNOWN,,,
UNKNOWN,,SKIPPED_ID_UNKNOWN,,,
UNKNOWN,,SKIPPED_ID_UNKNOWN,,,
UNKNOWN,,SKIPPED_ID_UNKNOWN,,,
UNKNOWN,,SKIPPED_ID_UNKNOWN,,,
UNKNOWN,,SKIPPED_ID_UNKNOWN,,,
UNKNOWN,,SKIPPED_ID_UNKNOWN,,,
UNKNOWN,,SKIPPED_ID_UNKNOWN,,,
UNKNOWN,,SKIPPED_ID_UNKNOWN,,,
UNKNOWN,,SKIPPED_ID_UNKNOWN,,,
UNKNOWN,,SKIPPED_ID_UNKNOWN,,,
UNKNOWN,,SKIPPED_ID_UNKNOWN,,,
UNKNOWN,,SKIPPED_ID_UNKNOWN,,,
UNKNOWN,,SKIPPED_ID_UNKNOWN,,,
UNKNOWN,,SKIPPED_ID_UNKNOWN,,,
UNKNOWN,,SKIPPED_ID_UNKNOWN,,,
UNKNOWN,,SKIPPED_ID_UNKNOWN,,,
UNKNOWN,,SKIPPED_ID_UNKNOWN,,,
UNKNOWN,,SKIPPED_ID_UNKNOWN,,,
UNKNOWN,,SKIPPED_ID_UNKNOWN,,,
UNKNOWN,,SKIPPED_ID_UNKNOWN,,,
UNKNOWN,,SKIPPED_ID_UNKNOWN,,,
UNKNOWN,,SKIPPED_ID_UNKNOWN,,,
UNKNOWN,,SKIPPED_ID_UNKNOWN,,,
UNKNOWN,,SKIPPED_ID_UNKNOWN,,,
UNKNOWN,,SKIPPED_ID_UNKNOWN,,,
UNKNOWN,,SKIPPED_ID_UNKNOWN,,,
UNKNOWN,,SKIPPED_ID_UNKNOWN,,,
UNKNOWN,,SKIPPED_ID_UNKNOWN,,,
UNKNOWN,,SKIPPED_ID_UNKNOWN,,,
UNKNOWN,,SKIPPED_ID_UNKNOWN,,,
UNKNOWN,,SKIPPED_ID_UNKNOWN,,,
UNKNOWN,,SKIPPED_ID_UNKNOWN,,,
UNKNOWN,,SKIPPED_ID_UNKNOWN,,,
UNKNOWN,,SKIPPED_ID_UNKNOWN,,,
UNKNOWN,,SKIPPED_ID_UNKNOWN,,,
UNKNOWN,,SKIPPED_ID_UNKNOWN,,,
UNKNOWN,,SKIPPED_ID_UNKNOWN,,,
UNKNOWN,,SKIPPED_ID_UNKNOWN,,,
UNKNOWN,,SKIPPED_ID_UNKNOWN,,,
UNKNOWN,,SKIPPED_ID_UNKNOWN,,,
UNKNOWN,,SKIPPED_ID_UNKNOWN,,,
UNKNOWN,,SKIPPED_ID_UNKNOWN,,,
UNKNOWN,,SKIPPED_ID_UNKNOWN,,,
UNKNOWN,,SKIPPED_ID_UNKNOWN,,,
UNKNOWN,,SKIPPED_ID_UNKNOWN,,,
UNKNOWN,,SKIPPED_ID_UNKNOWN,,,
UNKNOWN,,SKIPPED_ID_UNKNOWN,,,
UNKNOWN,,SKIPPED_ID_UNKNOWN,,,
UNKNOWN,,SKIPPED_ID_UNKNOWN,,,
UNKNOWN,,SKIPPED_ID_UNKNOWN,,,
UNKNOWN,,SKIPPED_ID_UNKNOWN,,,
UNKNOWN,,SKIPPED_ID_UNKNOWN,,,
UNKNOWN,,SKIPPED_ID_UNKNOWN,,,
UNKNOWN,,SKIPPED_ID_UNKNOWN,,,
UNKNOWN,,SKIPPED_ID_UNKNOWN,,,
UNKNOWN,,SKIPPED_ID_UNKNOWN,,,
UNKNOWN,,SKIPPED_ID_UNKNOWN,,,
UNKNOWN,,SKIPPED_ID_UNKNOWN,,,
UNKNOWN,,SKIPPED_ID_UNKNOWN,,,
UNKNOWN,,SKIPPED_ID_UNKNOWN,,,
UNKNOWN,,SKIPPED_ID_UNKNOWN,,,
UNKNOWN,,SKIPPED_ID_UNKNOWN,,,
UNKNOWN,,SKIPPED_ID_UNKNOWN,,,
UNKNOWN,,SKIPPED_ID_UNKNOWN,,,
UNKNOWN,,SKIPPED_ID_UNKNOWN,,,
UNKNOWN,,SKIPPED_ID_UNKNOWN,,,
UNKNOWN,,SKIPPED_ID_UNKNOWN,,,
UNKNOWN,,SKIPPED_ID_UNKNOWN,,,
UNKNOWN,,SKIPPED_ID_UNKNOWN,,,
UNKNOWN,,SKIPPED_ID_UNKNOWN,,,
UNKNOWN,,SKIPPED_ID_UNKNOWN,,,
UNKNOWN,,SKIPPED_ID_UNKNOWN,,,
UNKNOWN,,SKIPPED_ID_UNKNOWN,,,
UNKNOWN,,SKIPPED_ID_UNKNOWN,,,
UNKNOWN,,SKIPPED_ID_UNKNOWN,,,
UNKNOWN,,SKIPPED_ID_UNKNOWN,,,
UNKNOWN,,SKIPPED_ID_UNKNOWN,,,
UNKNOWN,,SKIPPED_ID_UNKNOWN,,,
UNKNOWN,,SKIPPED_ID_UNKNOWN,,,
UNKNOWN,,SKIPPED_ID_UNKNOWN,,,
UNKNOWN,,SKIPPED_ID_UNKNOWN,,,
UNKNOWN,,SKIPPED_ID_UNKNOWN,,,
UNKNOWN,,SKIPPED_ID_UNKNOWN,,,
UNKNOWN,,SKIPPED_ID_UNKNOWN,,,
UNKNOWN,,SKIPPED_ID_UNKNOWN,,,
UNKNOWN,,SKIPPED_ID_UNKNOWN,,,
UNKNOWN,,SKIPPED_ID_UNKNOWN,,,
UNKNOWN,,SKIPPED_ID_UNKNOWN,,,
UNKNOWN,,SKIPPED_ID_UNKNOWN,,,
UNKNOWN,,SKIPPED_ID_UNKNOWN,,,
UNKNOWN,,SKIPPED_ID_UNKNOWN,,,
UNKNOWN,,SKIPPED_ID_UNKNOWN,,,
UNKNOWN,,SKIPPED_ID_UNKNOWN,,,
UNKNOWN,,SKIPPED_ID_UNKNOWN,,,
UNKNOWN,,SKIPPED_ID_UNKNOWN,,,
UNKNOWN,,SKIPPED_ID_UNKNOWN,,,
UNKNOWN,,SKIPPED_ID_UNKNOWN,,,
UNKNOWN,,SKIPPED_ID_UNKNOWN,,,
UNKNOWN,,SKIPPED_ID_UNKNOWN,,,
UNKNOWN,,SKIPPED_ID_UNKNOWN,,,
UNKNOWN,,SKIPPED_ID_UNKNOWN,,,
UNKNOWN,,SKIPPED_ID_UNKNOWN,,,
UNKNOWN,,SKIPPED_ID_UNKNOWN,,,
UNKNOWN,,SKIPPED_ID_UNKNOWN,,,
UNKNOWN,,SKIPPED_ID_UNKNOWN,,,
UNKNOWN,,SKIPPED_ID_UNKNOWN,,,
UNKNOWN,,SKIPPED_ID_UNKNOWN,,,
UNKNOWN,,SKIPPED_ID_UNKNOWN,,,
UNKNOWN,,SKIPPED_ID_UNKNOWN,,,
UNKNOWN,,SKIPPED_ID_UNKNOWN,,,
UNKNOWN,,SKIPPED_ID_UNKNOWN,,,
UNKNOWN,,SKIPPED_ID_UNKNOWN,,,
UNKNOWN,,SKIPPED_ID_UNKNOWN,,,
UNKNOWN,,SKIPPED_ID_UNKNOWN,,,
UNKNOWN,,SKIPPED_ID_UNKNOWN,,,
UNKNOWN,,SKIPPED_ID_UNKNOWN,,,
UNKNOWN,,SKIPPED_ID_UNKNOWN,,,
UNKNOWN,,SKIPPED_ID_UNKNOWN,,,
UNKNOWN,,SKIPPED_ID_UNKNOWN,,,
UNKNOWN,,SKIPPED_ID_UNKNOWN,,,
UNKNOWN,,SKIPPED_ID_UNKNOWN,,,
UNKNOWN,,SKIPPED_ID_UNKNOWN,,,
UNKNOWN,,SKIPPED_ID_UNKNOWN,,,
UNKNOWN,,SKIPPED_ID_UNKNOWN,,,
UNKNOWN,,SKIPPED_ID_UNKNOWN,,,
UNKNOWN,,SKIPPED_ID_UNKNOWN,,,
UNKNOWN,,SKIPPED_ID_UNKNOWN,,,
UNKNOWN,,SKIPPED_ID_UNKNOWN,,,
UNKNOWN,,SKIPPED_ID_UNKNOWN,,,
UNKNOWN,,SKIPPED_ID_UNKNOWN,,,
UNKNOWN,,SKIPPED_ID_UNKNOWN,,,
UNKNOWN,,SKIPPED_ID_UNKNOWN,,,
UNKNOWN,,SKIPPED_ID_UNKNOWN,,,
UNKNOWN,,SKIPPED_ID_UNKNOWN,,,
UNKNOWN,,SKIPPED_ID_UNKNOWN,,,
UNKNOWN,,SKIPPED_ID_UNKNOWN,,,
UNKNOWN,,SKIPPED_ID_UNKNOWN,,,
UNKNOWN,,SKIPPED_ID_UNKNOWN,,,
UNKNOWN,,SKIPPED_ID_UNKNOWN,,,
UNKNOWN,,SKIPPED_ID_UNKNOWN,,,
UNKNOWN,,SKIPPED_ID_UNKNOWN,,,
UNKNOWN,,SKIPPED_ID_UNKNOWN,,,
UNKNOWN,,SKIPPED_ID_UNKNOWN,,,
UNKNOWN,,SKIPPED_ID_UNKNOWN,,,
UNKNOWN,,SKIPPED_ID_UNKNOWN,,,
UNKNOWN,,SKIPPED_ID_UNKNOWN,,,
UNKNOWN,,SKIPPED_ID_UNKNOWN,,,
UNKNOWN,,SKIPPED_ID_UNKNOWN,,,
UNKNOWN,,SKIPPED_ID_UNKNOWN,,,
UNKNOWN,,SKIPPED_ID_UNKNOWN,,,
UNKNOWN,,SKIPPED_ID_UNKNOWN,,,
UNKNOWN,,SKIPPED_ID_UNKNOWN,,,
UNKNOWN,,SKIPPED_ID_UNKNOWN,,,
UNKNOWN,,SKIPPED_ID_UNKNOWN,,,
UNKNOWN,,SKIPPED_ID_UNKNOWN,,,
UNKNOWN,,SKIPPED_ID_UNKNOWN,,,
UNKNOWN,,SKIPPED_ID_UNKNOWN,,,
UNKNOWN,,SKIPPED_ID_UNKNOWN,,,
UNKNOWN,,SKIPPED_ID_UNKNOWN,,,
UNKNOWN,,SKIPPED_ID_UNKNOWN,,,
UNKNOWN,,SKIPPED_ID_UNKNOWN,,,
UNKNOWN,,SKIPPED_ID_UNKNOWN,,,
UNKNOWN,,SKIPPED_ID_UNKNOWN,,,
UNKNOWN,,SKIPPED_ID_UNKNOWN,,,
UNKNOWN,,SKIPPED_ID_UNKNOWN,,,
UNKNOWN,,SKIPPED_ID_UNKNOWN,,,
UNKNOWN,,SKIPPED_ID_UNKNOWN,,,
UNKNOWN,,SKIPPED_ID_UNKNOWN,,,
UNKNOWN,,SKIPPED_ID_UNKNOWN,,,
UNKNOWN,,SKIPPED_ID_UNKNOWN,,,
UNKNOWN,,SKIPPED_ID_UNKNOWN,,,
UNKNOWN,,SKIPPED_ID_UNKNOWN,,,
UNKNOWN,,SKIPPED_ID_UNKNOWN,,,
UNKNOWN,,SKIPPED_ID_UNKNOWN,,,
UNKNOWN,,SKIPPED_ID_UNKNOWN,,,
UNKNOWN,,SKIPPED_ID_UNKNOWN,,,
UNKNOWN,,SKIPPED_ID_UNKNOWN,,,
UNKNOWN,,SKIPPED_ID_UNKNOWN,,,
UNKNOWN,,SKIPPED_ID_UNKNOWN,,,
UNKNOWN,,SKIPPED_ID_UNKNOWN,,,
UNKNOWN,,SKIPPED_ID_UNKNOWN,,,
UNKNOWN,,SKIPPED_ID_UNKNOWN,,,
UNKNOWN,,SKIPPED_ID_UNKNOWN,,,
UNKNOWN,,SKIPPED_ID_UNKNOWN,,,
UNKNOWN,,SKIPPED_ID_UNKNOWN,,,
UNKNOWN,,SKIPPED_ID_UNKNOWN,,,
UNKNOWN,,SKIPPED_ID_UNKNOWN,,,
UNKNOWN,,SKIPPED_ID_UNKNOWN,,,
UNKNOWN,,SKIPPED_ID_UNKNOWN,,,
UNKNOWN,,SKIPPED_ID_UNKNOWN,,,
UNKNOWN,,SKIPPED_ID_UNKNOWN,,,
UNKNOWN,,SKIPPED_ID_UNKNOWN,,,
UNKNOWN,,SKIPPED_ID_UNKNOWN,,,
UNKNOWN,,SKIPPED_ID_UNKNOWN,,,
UNKNOWN,,SKIPPED_ID_UNKNOWN,,,
UNKNOWN,,SKIPPED_ID_UNKNOWN,,,
UNKNOWN,,SKIPPED_ID_UNKNOWN,,,
UNKNOWN,,SKIPPED_ID_UNKNOWN,,,
UNKNOWN,,SKIPPED_ID_UNKNOWN,,,
UNKNOWN,,SKIPPED_ID_UNKNOWN,,,
UNKNOWN,,SKIPPED_ID_UNKNOWN,,,
UNKNOWN,,SKIPPED_ID_UNKNOWN,,,
UNKNOWN,,SKIPPED_ID_UNKNOWN,,,
UNKNOWN,,SKIPPED_ID_UNKNOWN,,,
UNKNOWN,,SKIPPED_ID_UNKNOWN,,,
UNKNOWN,,SKIPPED_ID_UNKNOWN,,,
UNKNOWN,,SKIPPED_ID_UNKNOWN,,,
UNKNOWN,,SKIPPED_ID_UNKNOWN,,,
UNKNOWN,,SKIPPED_ID_UNKNOWN,,,
UNKNOWN,,SKIPPED_ID_UNKNOWN,,,
UNKNOWN,,SKIPPED_ID_UNKNOWN,,,
UNKNOWN,,SKIPPED_ID_UNKNOWN,,,
UNKNOWN,,SKIPPED_ID_UNKNOWN,,,
UNKNOWN,,SKIPPED_ID_UNKNOWN,,,
UNKNOWN,,SKIPPED_ID_UNKNOWN,,,
UNKNOWN,,SKIPPED_ID_UNKNOWN,,,
UNKNOWN,,SKIPPED_ID_UNKNOWN,,,
UNKNOWN,,SKIPPED_ID_UNKNOWN,,,
UNKNOWN,,SKIPPED_ID_UNKNOWN,,,
UNKNOWN,,SKIPPED_ID_UNKNOWN,,,
UNKNOWN,,SKIPPED_ID_UNKNOWN,,,
UNKNOWN,,SKIPPED_ID_UNKNOWN,,,
UNKNOWN,,SKIPPED_ID_UNKNOWN,,,
UNKNOWN,,SKIPPED_ID_UNKNOWN,,,
UNKNOWN,,SKIPPED_ID_UNKNOWN,,,
UNKNOWN,,SKIPPED_ID_UNKNOWN,,,
UNKNOWN,,SKIPPED_ID_UNKNOWN,,,
UNKNOWN,,SKIPPED_ID_UNKNOWN,,,
UNKNOWN,,SKIPPED_ID_UNKNOWN,,,
UNKNOWN,,SKIPPED_ID_UNKNOWN,,,
UNKNOWN,,SKIPPED_ID_UNKNOWN,,,
UNKNOWN,,SKIPPED_ID_UNKNOWN,,,
UNKNOWN,,SKIPPED_ID_UNKNOWN,,,
UNKNOWN,,SKIPPED_ID_UNKNOWN,,,
UNKNOWN,,SKIPPED_ID_UNKNOWN,,,
UNKNOWN,,SKIPPED_ID_UNKNOWN,,,
UNKNOWN,,SKIPPED_ID_UNKNOWN,,,
UNKNOWN,,SKIPPED_ID_UNKNOWN,,,
UNKNOWN,,SKIPPED_ID_UNKNOWN,,,
UNKNOWN,,SKIPPED_ID_UNKNOWN,,,
UNKNOWN,,SKIPPED_ID_UNKNOWN,,,
UNKNOWN,,SKIPPED_ID_UNKNOWN,,,
UNKNOWN,,SKIPPED_ID_UNKNOWN,,,
UNKNOWN,,SKIPPED_ID_UNKNOWN,,,
UNKNOWN,,SKIPPED_ID_UNKNOWN,,,
UNKNOWN,,SKIPPED_ID_UNKNOWN,,,
UNKNOWN,,SKIPPED_ID_UNKNOWN,,,
UNKNOWN,,SKIPPED_ID_UNKNOWN,,,
UNKNOWN,,SKIPPED_ID_UNKNOWN,,,
UNKNOWN,,SKIPPED_ID_UNKNOWN,,,
UNKNOWN,,SKIPPED_ID_UNKNOWN,,,
UNKNOWN,,SKIPPED_ID_UNKNOWN,,,
UNKNOWN,,SKIPPED_ID_UNKNOWN,,,
UNKNOWN,,SKIPPED_ID_UNKNOWN,,,
UNKNOWN,,SKIPPED_ID_UNKNOWN,,,
UNKNOWN,,SKIPPED_ID_UNKNOWN,,,
UNKNOWN,,SKIPPED_ID_UNKNOWN,,,
UNKNOWN,,SKIPPED_ID_UNKNOWN,,,
UNKNOWN,,SKIPPED_ID_UNKNOWN,,,
UNKNOWN,,SKIPPED_ID_UNKNOWN,,,
UNKNOWN,,SKIPPED_ID_UNKNOWN,,,
UNKNOWN,,SKIPPED_ID_UNKNOWN,,,
UNKNOWN,,SKIPPED_ID_UNKNOWN,,,
UNKNOWN,,SKIPPED_ID_UNKNOWN,,,
UNKNOWN,,SKIPPED_ID_UNKNOWN,,,
UNKNOWN,,SKIPPED_ID_UNKNOWN,,,
UNKNOWN,,SKIPPED_ID_UNKNOWN,,,
UNKNOWN,,SKIPPED_ID_UNKNOWN,,,
UNKNOWN,,SKIPPED_ID_UNKNOWN,,,
UNKNOWN,,SKIPPED_ID_UNKNOWN,,,
UNKNOWN,,SKIPPED_ID_UNKNOWN,,,
UNKNOWN,,SKIPPED_ID_UNKNOWN,,,
UNKNOWN,,SKIPPED_ID_UNKNOWN,,,
UNKNOWN,,SKIPPED_ID_UNKNOWN,,,
UNKNOWN,,SKIPPED_ID_UNKNOWN,,,
UNKNOWN,,SKIPPED_ID_UNKNOWN,,,
UNKNOWN,,SKIPPED_ID_UNKNOWN,,,
UNKNOWN,,SKIPPED_ID_UNKNOWN,,,
UNKNOWN,,SKIPPED_ID_UNKNOWN,,,
UNKNOWN,,SKIPPED_ID_UNKNOWN,,,
UNKNOWN,,SKIPPED_ID_UNKNOWN,,,
UNKNOWN,,SKIPPED_ID_UNKNOWN,,,
UNKNOWN,,SKIPPED_ID_UNKNOWN,,,
UNKNOWN,,SKIPPED_ID_UNKNOWN,,,
UNKNOWN,,SKIPPED_ID_UNKNOWN,,,
UNKNOWN,,SKIPPED_ID_UNKNOWN,,,
UNKNOWN,,SKIPPED_ID_UNKNOWN,,,
UNKNOWN,,SKIPPED_ID_UNKNOWN,,,
UNKNOWN,,SKIPPED_ID_UNKNOWN,,,
UNKNOWN,,SKIPPED_ID_UNKNOWN,,,
UNKNOWN,,SKIPPED_ID_UNKNOWN,,,
UNKNOWN,,SKIPPED_ID_UNKNOWN,,,
UNKNOWN,,SKIPPED_ID_UNKNOWN,,,
UNKNOWN,,SKIPPED_ID_UNKNOWN,,,
UNKNOWN,,SKIPPED_ID_UNKNOWN,,,
UNKNOWN,,SKIPPED_ID_UNKNOWN,,,
UNKNOWN,,SKIPPED_ID_UNKNOWN,,,
UNKNOWN,,SKIPPED_ID_UNKNOWN,,,
UNKNOWN,,SKIPPED_ID_UNKNOWN,,,
UNKNOWN,,SKIPPED_ID_UNKNOWN,,,
UNKNOWN,,SKIPPED_ID_UNKNOWN,,,
UNKNOWN,,SKIPPED_ID_UNKNOWN,,,
UNKNOWN,,SKIPPED_ID_UNKNOWN,,,
UNKNOWN,,SKIPPED_ID_UNKNOWN,,,
UNKNOWN,,SKIPPED_ID_UNKNOWN,,,
UNKNOWN,,SKIPPED_ID_UNKNOWN,,,
UNKNOWN,,SKIPPED_ID_UNKNOWN,,,
UNKNOWN,,SKIPPED_ID_UNKNOWN,,,
UNKNOWN,,SKIPPED_ID_UNKNOWN,,,
UNKNOWN,,SKIPPED_ID_UNKNOWN,,,
UNKNOWN,,SKIPPED_ID_UNKNOWN,,,
UNKNOWN,,SKIPPED_ID_UNKNOWN,,,
UNKNOWN,,SKIPPED_ID_UNKNOWN,,,
UNKNOWN,,SKIPPED_ID_UNKNOWN,,,
UNKNOWN,,SKIPPED_ID_UNKNOWN,,,
UNKNOWN,,SKIPPED_ID_UNKNOWN,,,
UNKNOWN,,SKIPPED_ID_UNKNOWN,,,
UNKNOWN,,SKIPPED_ID_UNKNOWN,,,
UNKNOWN,,SKIPPED_ID_UNKNOWN,,,
UNKNOWN,,SKIPPED_ID_UNKNOWN,,,
UNKNOWN,,SKIPPED_ID_UNKNOWN,,,
UNKNOWN,,SKIPPED_ID_UNKNOWN,,,
UNKNOWN,,SKIPPED_ID_UNKNOWN,,,
UNKNOWN,,SKIPPED_ID_UNKNOWN,,,
UNKNOWN,,SKIPPED_ID_UNKNOWN,,,
UNKNOWN,,SKIPPED_ID_UNKNOWN,,,
UNKNOWN,,SKIPPED_ID_UNKNOWN,,,
UNKNOWN,,SKIPPED_ID_UNKNOWN,,,
UNKNOWN,,SKIPPED_ID_UNKNOWN,,,
UNKNOWN,,SKIPPED_ID_UNKNOWN,,,
UNKNOWN,,SKIPPED_ID_UNKNOWN,,,
UNKNOWN,,SKIPPED_ID_UNKNOWN,,,
UNKNOWN,,SKIPPED_ID_UNKNOWN,,,
UNKNOWN,,SKIPPED_ID_UNKNOWN,,,
UNKNOWN,,SKIPPED_ID_UNKNOWN,,,
UNKNOWN,,SKIPPED_ID_UNKNOWN,,,
UNKNOWN,,SKIPPED_ID_UNKNOWN,,,
UNKNOWN,,SKIPPED_ID_UNKNOWN,,,
UNKNOWN,,SKIPPED_ID_UNKNOWN,,,
UNKNOWN,,SKIPPED_ID_UNKNOWN,,,
UNKNOWN,,SKIPPED_ID_UNKNOWN,,,
UNKNOWN,,SKIPPED_ID_UNKNOWN,,,
UNKNOWN,,SKIPPED_ID_UNKNOWN,,,
UNKNOWN,,SKIPPED_ID_UNKNOWN,,,
UNKNOWN,,SKIPPED_ID_UNKNOWN,,,
UNKNOWN,,SKIPPED_ID_UNKNOWN,,,
UNKNOWN,,SKIPPED_ID_UNKNOWN,,,
UNKNOWN,,SKIPPED_ID_UNKNOWN,,,
UNKNOWN,,SKIPPED_ID_UNKNOWN,,,
UNKNOWN,,SKIPPED_ID_UNKNOWN,,,
UNKNOWN,,SKIPPED_ID_UNKNOWN,,,
UNKNOWN,,SKIPPED_ID_UNKNOWN,,,
UNKNOWN,,SKIPPED_ID_UNKNOWN,,,
UNKNOWN,,SKIPPED_ID_UNKNOWN,,,
UNKNOWN,,SKIPPED_ID_UNKNOWN,,,
UNKNOWN,,SKIPPED_ID_UNKNOWN,,,
UNKNOWN,,SKIPPED_ID_UNKNOWN,,,
UNKNOWN,,SKIPPED_ID_UNKNOWN,,,
UNKNOWN,,SKIPPED_ID_UNKNOWN,,,
UNKNOWN,,SKIPPED_ID_UNKNOWN,,,
UNKNOWN,,SKIPPED_ID_UNKNOWN,,,
UNKNOWN,,SKIPPED_ID_UNKNOWN,,,
UNKNOWN,,SKIPPED_ID_UNKNOWN,,,
UNKNOWN,,SKIPPED_ID_UNKNOWN,,,
UNKNOWN,,SKIPPED_ID_UNKNOWN,,,
UNKNOWN,,SKIPPED_ID_UNKNOWN,,,
UNKNOWN,,SKIPPED_ID_UNKNOWN,,,
UNKNOWN,,SKIPPED_ID_UNKNOWN,,,
UNKNOWN,,SKIPPED_ID_UNKNOWN,,,
UNKNOWN,,SKIPPED_ID_UNKNOWN,,,
UNKNOWN,,SKIPPED_ID_UNKNOWN,,,
UNKNOWN,,SKIPPED_ID_UNKNOWN,,,
UNKNOWN,,SKIPPED_ID_UNKNOWN,,,
UNKNOWN,,SKIPPED_ID_UNKNOWN,,,
UNKNOWN,,SKIPPED_ID_UNKNOWN,,,
UNKNOWN,,SKIPPED_ID_UNKNOWN,,,
UNKNOWN,,SKIPPED_ID_UNKNOWN,,,
UNKNOWN,,SKIPPED_ID_UNKNOWN,,,
UNKNOWN,,SKIPPED_ID_UNKNOWN,,,
UNKNOWN,,SKIPPED_ID_UNKNOWN,,,
UNKNOWN,,SKIPPED_ID_UNKNOWN,,,
UNKNOWN,,SKIPPED_ID_UNKNOWN,,,
UNKNOWN,,SKIPPED_ID_UNKNOWN,,,
UNKNOWN,,SKIPPED_ID_UNKNOWN,,,
UNKNOWN,,SKIPPED_ID_UNKNOWN,,,
UNKNOWN,,SKIPPED_ID_UNKNOWN,,,
UNKNOWN,,SKIPPED_ID_UNKNOWN,,,
UNKNOWN,,SKIPPED_ID_UNKNOWN,,,
UNKNOWN,,SKIPPED_ID_UNKNOWN,,,
UNKNOWN,,SKIPPED_ID_UNKNOWN,,,
UNKNOWN,,SKIPPED_ID_UNKNOWN,,,
UNKNOWN,,SKIPPED_ID_UNKNOWN,,,
UNKNOWN,,SKIPPED_ID_UNKNOWN,,,
UNKNOWN,,SKIPPED_ID_UNKNOWN,,,
UNKNOWN,,SKIPPED_ID_UNKNOWN,,,
UNKNOWN,,SKIPPED_ID_UNKNOWN,,,
UNKNOWN,,SKIPPED_ID_UNKNOWN,,,
UNKNOWN,,SKIPPED_ID_UNKNOWN,,,
UNKNOWN,,SKIPPED_ID_UNKNOWN,,,
UNKNOWN,,SKIPPED_ID_UNKNOWN,,,
UNKNOWN,,SKIPPED_ID_UNKNOWN,,,
UNKNOWN,,SKIPPED_ID_UNKNOWN,,,
UNKNOWN,,SKIPPED_ID_UNKNOWN,,,
UNKNOWN,,SKIPPED_ID_UNKNOWN,,,
UNKNOWN,,SKIPPED_ID_UNKNOWN,,,
UNKNOWN,,SKIPPED_ID_UNKNOWN,,,
UNKNOWN,,SKIPPED_ID_UNKNOWN,,,
UNKNOWN,,SKIPPED_ID_UNKNOWN,,,
UNKNOWN,,SKIPPED_ID_UNKNOWN,,,
UNKNOWN,,SKIPPED_ID_UNKNOWN,,,
UNKNOWN,,SKIPPED_ID_UNKNOWN,,,
UNKNOWN,,SKIPPED_ID_UNKNOWN,,,
UNKNOWN,,SKIPPED_ID_UNKNOWN,,,
UNKNOWN,,SKIPPED_ID_UNKNOWN,,,
UNKNOWN,,SKIPPED_ID_UNKNOWN,,,
UNKNOWN,,SKIPPED_ID_UNKNOWN,,,
UNKNOWN,,SKIPPED_ID_UNKNOWN,,,
UNKNOWN,,SKIPPED_ID_UNKNOWN,,,
UNKNOWN,,SKIPPED_ID_UNKNOWN,,,
UNKNOWN,,SKIPPED_ID_UNKNOWN,,,
UNKNOWN,,SKIPPED_ID_UNKNOWN,,,
UNKNOWN,,SKIPPED_ID_UNKNOWN,,,
UNKNOWN,,SKIPPED_ID_UNKNOWN,,,
UNKNOWN,,SKIPPED_ID_UNKNOWN,,,
UNKNOWN,,SKIPPED_ID_UNKNOWN,,,
UNKNOWN,,SKIPPED_ID_UNKNOWN,,,
UNKNOWN,,SKIPPED_ID_UNKNOWN,,,
UNKNOWN,,SKIPPED_ID_UNKNOWN,,,
UNKNOWN,,SKIPPED_ID_UNKNOWN,,,
UNKNOWN,,SKIPPED_ID_UNKNOWN,,,
UNKNOWN,,SKIPPED_ID_UNKNOWN,,,
UNKNOWN,,SKIPPED_ID_UNKNOWN,,,
UNKNOWN,,SKIPPED_ID_UNKNOWN,,,
UNKNOWN,,SKIPPED_ID_UNKNOWN,,,
UNKNOWN,,SKIPPED_ID_UNKNOWN,,,
UNKNOWN,,SKIPPED_ID_UNKNOWN,,,
UNKNOWN,,SKIPPED_ID_UNKNOWN,,,
UNKNOWN,,SKIPPED_ID_UNKNOWN,,,
UNKNOWN,,SKIPPED_ID_UNKNOWN,,,
UNKNOWN,,SKIPPED_ID_UNKNOWN,,,
UNKNOWN,,SKIPPED_ID_UNKNOWN,,,
UNKNOWN,,SKIPPED_ID_UNKNOWN,,,
UNKNOWN,,SKIPPED_ID_UNKNOWN,,,
UNKNOWN,,SKIPPED_ID_UNKNOWN,,,
UNKNOWN,,SKIPPED_ID_UNKNOWN,,,
UNKNOWN,,SKIPPED_ID_UNKNOWN,,,
UNKNOWN,,SKIPPED_ID_UNKNOWN,,,
UNKNOWN,,SKIPPED_ID_UNKNOWN,,,
UNKNOWN,,SKIPPED_ID_UNKNOWN,,,
UNKNOWN,,SKIPPED_ID_UNKNOWN,,,
UNKNOWN,,SKIPPED_ID_UNKNOWN,,,
UNKNOWN,,SKIPPED_ID_UNKNOWN,,,
UNKNOWN,,SKIPPED_ID_UNKNOWN,,,
UNKNOWN,,SKIPPED_ID_UNKNOWN,,,
UNKNOWN,,SKIPPED_ID_UNKNOWN,,,
UNKNOWN,,SKIPPED_ID_UNKNOWN,,,
UNKNOWN,,SKIPPED_ID_UNKNOWN,,,
UNKNOWN,,SKIPPED_ID_UNKNOWN,,,
UNKNOWN,,SKIPPED_ID_UNKNOWN,,,
UNKNOWN,,SKIPPED_ID_UNKNOWN,,,
UNKNOWN,,SKIPPED_ID_UNKNOWN,,,
UNKNOWN,,SKIPPED_ID_UNKNOWN,,,
UNKNOWN,,SKIPPED_ID_UNKNOWN,,,
UNKNOWN,,SKIPPED_ID_UNKNOWN,,,
UNKNOWN,,SKIPPED_ID_UNKNOWN,,,
UNKNOWN,,SKIPPED_ID_UNKNOWN,,,
UNKNOWN,,SKIPPED_ID_UNKNOWN,,,
UNKNOWN,,SKIPPED_ID_UNKNOWN,,,
UNKNOWN,,SKIPPED_ID_UNKNOWN,,,
UNKNOWN,,SKIPPED_ID_UNKNOWN,,,
UNKNOWN,,SKIPPED_ID_UNKNOWN,,,
UNKNOWN,,SKIPPED_ID_UNKNOWN,,,
UNKNOWN,,SKIPPED_ID_UNKNOWN,,,
UNKNOWN,,SKIPPED_ID_UNKNOWN,,,
UNKNOWN,,SKIPPED_ID_UNKNOWN,,,
UNKNOWN,,SKIPPED_ID_UNKNOWN,,,
UNKNOWN,,SKIPPED_ID_UNKNOWN,,,
UNKNOWN,,SKIPPED_ID_UNKNOWN,,,
UNKNOWN,,SKIPPED_ID_UNKNOWN,,,
UNKNOWN,,SKIPPED_ID_UNKNOWN,,,
UNKNOWN,,SKIPPED_ID_UNKNOWN,,,
UNKNOWN,,SKIPPED_ID_UNKNOWN,,,
UNKNOWN,,SKIPPED_ID_UNKNOWN,,,
UNKNOWN,,SKIPPED_ID_UNKNOWN,,,
UNKNOWN,,SKIPPED_ID_UNKNOWN,,,
UNKNOWN,,SKIPPED_ID_UNKNOWN,,,
UNKNOWN,,SKIPPED_ID_UNKNOWN,,,
UNKNOWN,,SKIPPED_ID_UNKNOWN,,,
UNKNOWN,,SKIPPED_ID_UNKNOWN,,,
UNKNOWN,,SKIPPED_ID_UNKNOWN,,,
UNKNOWN,,SKIPPED_ID_UNKNOWN,,,
UNKNOWN,,SKIPPED_ID_UNKNOWN,,,
UNKNOWN,,SKIPPED_ID_UNKNOWN,,,
UNKNOWN,,SKIPPED_ID_UNKNOWN,,,
UNKNOWN,,SKIPPED_ID_UNKNOWN,,,
UNKNOWN,,SKIPPED_ID_UNKNOWN,,,
UNKNOWN,,SKIPPED_ID_UNKNOWN,,,
UNKNOWN,,SKIPPED_ID_UNKNOWN,,,
UNKNOWN,,SKIPPED_ID_UNKNOWN,,,
UNKNOWN,,SKIPPED_ID_UNKNOWN,,,
UNKNOWN,,SKIPPED_ID_UNKNOWN,,,
UNKNOWN,,SKIPPED_ID_UNKNOWN,,,
UNKNOWN,,SKIPPED_ID_UNKNOWN,,,
UNKNOWN,,SKIPPED_ID_UNKNOWN,,,
UNKNOWN,,SKIPPED_ID_UNKNOWN,,,
UNKNOWN,,SKIPPED_ID_UNKNOWN,,,
UNKNOWN,,SKIPPED_ID_UNKNOWN,,,
UNKNOWN,,SKIPPED_ID_UNKNOWN,,,
UNKNOWN,,SKIPPED_ID_UNKNOWN,,,
UNKNOWN,,SKIPPED_ID_UNKNOWN,,,
UNKNOWN,,SKIPPED_ID_UNKNOWN,,,
UNKNOWN,,SKIPPED_ID_UNKNOWN,,,
UNKNOWN,,SKIPPED_ID_UNKNOWN,,,
UNKNOWN,,SKIPPED_ID_UNKNOWN,,,
UNKNOWN,,SKIPPED_ID_UNKNOWN,,,
UNKNOWN,,SKIPPED_ID_UNKNOWN,,,
UNKNOWN,,SKIPPED_ID_UNKNOWN,,,
UNKNOWN,,SKIPPED_ID_UNKNOWN,,,
UNKNOWN,,SKIPPED_ID_UNKNOWN,,,
UNKNOWN,,SKIPPED_ID_UNKNOWN,,,
UNKNOWN,,SKIPPED_ID_UNKNOWN,,,
UNKNOWN,,SKIPPED_ID_UNKNOWN,,,
UNKNOWN,,SKIPPED_ID_UNKNOWN,,,
UNKNOWN,,SKIPPED_ID_UNKNOWN,,,
UNKNOWN,,SKIPPED_ID_UNKNOWN,,,
UNKNOWN,,SKIPPED_ID_UNKNOWN,,,
UNKNOWN,,SKIPPED_ID_UNKNOWN,,,
UNKNOWN,,SKIPPED_ID_UNKNOWN,,,
UNKNOWN,,SKIPPED_ID_UNKNOWN,,,
UNKNOWN,,SKIPPED_ID_UNKNOWN,,,
UNKNOWN,,SKIPPED_ID_UNKNOWN,,,
UNKNOWN,,SKIPPED_ID_UNKNOWN,,,
UNKNOWN,,SKIPPED_ID_UNKNOWN,,,
UNKNOWN,,SKIPPED_ID_UNKNOWN,,,
UNKNOWN,,SKIPPED_ID_UNKNOWN,,,
UNKNOWN,,SKIPPED_ID_UNKNOWN,,,
UNKNOWN,,SKIPPED_ID_UNKNOWN,,,
UNKNOWN,,SKIPPED_ID_UNKNOWN,,,
UNKNOWN,,SKIPPED_ID_UNKNOWN,,,
UNKNOWN,,SKIPPED_ID_UNKNOWN,,,
UNKNOWN,,SKIPPED_ID_UNKNOWN,,,
UNKNOWN,,SKIPPED_ID_UNKNOWN,,,
UNKNOWN,,SKIPPED_ID_UNKNOWN,,,
UNKNOWN,,SKIPPED_ID_UNKNOWN,,,
UNKNOWN,,SKIPPED_ID_UNKNOWN,,,
UNKNOWN,,SKIPPED_ID_UNKNOWN,,,
UNKNOWN,,SKIPPED_ID_UNKNOWN,,,
UNKNOWN,,SKIPPED_ID_UNKNOWN,,,
UNKNOWN,,SKIPPED_ID_UNKNOWN,,,
UNKNOWN,,SKIPPED_ID_UNKNOWN,,,
UNKNOWN,,SKIPPED_ID_UNKNOWN,,,
UNKNOWN,,SKIPPED_ID_UNKNOWN,,,
UNKNOWN,,SKIPPED_ID_UNKNOWN,,,
UNKNOWN,,SKIPPED_ID_UNKNOWN,,,
UNKNOWN,,SKIPPED_ID_UNKNOWN,,,
UNKNOWN,,SKIPPED_ID_UNKNOWN,,,
UNKNOWN,,SKIPPED_ID_UNKNOWN,,,
UNKNOWN,,SKIPPED_ID_UNKNOWN,,,
UNKNOWN,,SKIPPED_ID_UNKNOWN,,,
UNKNOWN,,SKIPPED_ID_UNKNOWN,,,
UNKNOWN,,SKIPPED_ID_UNKNOWN,,,
UNKNOWN,,SKIPPED_ID_UNKNOWN,,,
UNKNOWN,,SKIPPED_ID_UNKNOWN,,,
UNKNOWN,,SKIPPED_ID_UNKNOWN,,,
UNKNOWN,,SKIPPED_ID_UNKNOWN,,,
UNKNOWN,,SKIPPED_ID_UNKNOWN,,,
UNKNOWN,,SKIPPED_ID_UNKNOWN,,,
UNKNOWN,,SKIPPED_ID_UNKNOWN,,,
UNKNOWN,,SKIPPED_ID_UNKNOWN,,,
UNKNOWN,,SKIPPED_ID_UNKNOWN,,,
UNKNOWN,,SKIPPED_ID_UNKNOWN,,,
UNKNOWN,,SKIPPED_ID_UNKNOWN,,,
UNKNOWN,,SKIPPED_ID_UNKNOWN,,,
UNKNOWN,,SKIPPED_ID_UNKNOWN,,,
UNKNOWN,,SKIPPED_ID_UNKNOWN,,,
UNKNOWN,,SKIPPED_ID_UNKNOWN,,,
UNKNOWN,,SKIPPED_ID_UNKNOWN,,,
UNKNOWN,,SKIPPED_ID_UNKNOWN,,,
UNKNOWN,,SKIPPED_ID_UNKNOWN,,,
UNKNOWN,,SKIPPED_ID_UNKNOWN,,,
UNKNOWN,,SKIPPED_ID_UNKNOWN,,,
UNKNOWN,,SKIPPED_ID_UNKNOWN,,,
UNKNOWN,,SKIPPED_ID_UNKNOWN,,,
UNKNOWN,,SKIPPED_ID_UNKNOWN,,,
UNKNOWN,,SKIPPED_ID_UNKNOWN,,,
UNKNOWN,,SKIPPED_ID_UNKNOWN,,,
UNKNOWN,,SKIPPED_ID_UNKNOWN,,,
UNKNOWN,,SKIPPED_ID_UNKNOWN,,,
UNKNOWN,,SKIPPED_ID_UNKNOWN,,,
UNKNOWN,,SKIPPED_ID_UNKNOWN,,,
UNKNOWN,,SKIPPED_ID_UNKNOWN,,,
UNKNOWN,,SKIPPED_ID_UNKNOWN,,,
UNKNOWN,,SKIPPED_ID_UNKNOWN,,,
UNKNOWN,,SKIPPED_ID_UNKNOWN,,,
UNKNOWN,,SKIPPED_ID_UNKNOWN,,,
UNKNOWN,,SKIPPED_ID_UNKNOWN,,,
UNKNOWN,,SKIPPED_ID_UNKNOWN,,,
UNKNOWN,,SKIPPED_ID_UNKNOWN,,,
UNKNOWN,,SKIPPED_ID_UNKNOWN,,,
UNKNOWN,,SKIPPED_ID_UNKNOWN,,,
UNKNOWN,,SKIPPED_ID_UNKNOWN,,,
UNKNOWN,,SKIPPED_ID_UNKNOWN,,,
UNKNOWN,,SKIPPED_ID_UNKNOWN,,,
UNKNOWN,,SKIPPED_ID_UNKNOWN,,,
UNKNOWN,,SKIPPED_ID_UNKNOWN,,,
UNKNOWN,,SKIPPED_ID_UNKNOWN,,,
UNKNOWN,,SKIPPED_ID_UNKNOWN,,,
UNKNOWN,,SKIPPED_ID_UNKNOWN,,,
UNKNOWN,,SKIPPED_ID_UNKNOWN,,,
UNKNOWN,,SKIPPED_ID_UNKNOWN,,,
UNKNOWN,,SKIPPED_ID_UNKNOWN,,,
UNKNOWN,,SKIPPED_ID_UNKNOWN,,,
UNKNOWN,,SKIPPED_ID_UNKNOWN,,,
UNKNOWN,,SKIPPED_ID_UNKNOWN,,,
UNKNOWN,,SKIPPED_ID_UNKNOWN,,,
UNKNOWN,,SKIPPED_ID_UNKNOWN,,,
UNKNOWN,,SKIPPED_ID_UNKNOWN,,,
UNKNOWN,,SKIPPED_ID_UNKNOWN,,,
UNKNOWN,,SKIPPED_ID_UNKNOWN,,,
UNKNOWN,,SKIPPED_ID_UNKNOWN,,,
UNKNOWN,,SKIPPED_ID_UNKNOWN,,,
UNKNOWN,,SKIPPED_ID_UNKNOWN,,,
UNKNOWN,,SKIPPED_ID_UNKNOWN,,,
UNKNOWN,,SKIPPED_ID_UNKNOWN,,,
UNKNOWN,,SKIPPED_ID_UNKNOWN,,,
UNKNOWN,,SKIPPED_ID_UNKNOWN,,,
UNKNOWN,,SKIPPED_ID_UNKNOWN,,,
UNKNOWN,,SKIPPED_ID_UNKNOWN,,,
UNKNOWN,,SKIPPED_ID_UNKNOWN,,,
UNKNOWN,,SKIPPED_ID_UNKNOWN,,,
UNKNOWN,,SKIPPED_ID_UNKNOWN,,,
UNKNOWN,,SKIPPED_ID_UNKNOWN,,,
UNKNOWN,,SKIPPED_ID_UNKNOWN,,,
UNKNOWN,,SKIPPED_ID_UNKNOWN,,,
UNKNOWN,,SKIPPED_ID_UNKNOWN,,,
UNKNOWN,,SKIPPED_ID_UNKNOWN,,,
UNKNOWN,,SKIPPED_ID_UNKNOWN,,,
UNKNOWN,,SKIPPED_ID_UNKNOWN,,,
UNKNOWN,,SKIPPED_ID_UNKNOWN,,,
UNKNOWN,,SKIPPED_ID_UNKNOWN,,,
UNKNOWN,,SKIPPED_ID_UNKNOWN,,,
UNKNOWN,,SKIPPED_ID_UNKNOWN,,,
UNKNOWN,,SKIPPED_ID_UNKNOWN,,,
UNKNOWN,,SKIPPED_ID_UNKNOWN,,,
UNKNOWN,,SKIPPED_ID_UNKNOWN,,,
UNKNOWN,,SKIPPED_ID_UNKNOWN,,,
UNKNOWN,,SKIPPED_ID_UNKNOWN,,,
UNKNOWN,,SKIPPED_ID_UNKNOWN,,,
UNKNOWN,,SKIPPED_ID_UNKNOWN,,,
UNKNOWN,,SKIPPED_ID_UNKNOWN,,,
UNKNOWN,,SKIPPED_ID_UNKNOWN,,,
UNKNOWN,,SKIPPED_ID_UNKNOWN,,,
UNKNOWN,,SKIPPED_ID_UNKNOWN,,,
UNKNOWN,,SKIPPED_ID_UNKNOWN,,,
UNKNOWN,,SKIPPED_ID_UNKNOWN,,,
UNKNOWN,,SKIPPED_ID_UNKNOWN,,,
UNKNOWN,,SKIPPED_ID_UNKNOWN,,,
UNKNOWN,,SKIPPED_ID_UNKNOWN,,,
UNKNOWN,,SKIPPED_ID_UNKNOWN,,,
UNKNOWN,,SKIPPED_ID_UNKNOWN,,,
UNKNOWN,,SKIPPED_ID_UNKNOWN,,,
UNKNOWN,,SKIPPED_ID_UNKNOWN,,,
UNKNOWN,,SKIPPED_ID_UNKNOWN,,,
UNKNOWN,,SKIPPED_ID_UNKNOWN,,,
UNKNOWN,,SKIPPED_ID_UNKNOWN,,,
UNKNOWN,,SKIPPED_ID_UNKNOWN,,,
UNKNOWN,,SKIPPED_ID_UNKNOWN,,,
UNKNOWN,,SKIPPED_ID_UNKNOWN,,,
UNKNOWN,,SKIPPED_ID_UNKNOWN,,,
UNKNOWN,,SKIPPED_ID_UNKNOWN,,,
UNKNOWN,,SKIPPED_ID_UNKNOWN,,,
UNKNOWN,,SKIPPED_ID_UNKNOWN,,,
UNKNOWN,,SKIPPED_ID_UNKNOWN,,,
UNKNOWN,,SKIPPED_ID_UNKNOWN,,,
UNKNOWN,,SKIPPED_ID_UNKNOWN,,,
UNKNOWN,,SKIPPED_ID_UNKNOWN,,,
UNKNOWN,,SKIPPED_ID_UNKNOWN,,,
UNKNOWN,,SKIPPED_ID_UNKNOWN,,,
UNKNOWN,,SKIPPED_ID_UNKNOWN,,,
UNKNOWN,,SKIPPED_ID_UNKNOWN,,,
UNKNOWN,,SKIPPED_ID_UNKNOWN,,,
UNKNOWN,,SKIPPED_ID_UNKNOWN,,,
UNKNOWN,,SKIPPED_ID_UNKNOWN,,,
UNKNOWN,,SKIPPED_ID_UNKNOWN,,,
UNKNOWN,,SKIPPED_ID_UNKNOWN,,,
UNKNOWN,,SKIPPED_ID_UNKNOWN,,,
UNKNOWN,,SKIPPED_ID_UNKNOWN,,,
UNKNOWN,,SKIPPED_ID_UNKNOWN,,,
UNKNOWN,,SKIPPED_ID_UNKNOWN,,,
UNKNOWN,,SKIPPED_ID_UNKNOWN,,,
UNKNOWN,,SKIPPED_ID_UNKNOWN,,,
UNKNOWN,,SKIPPED_ID_UNKNOWN,,,
UNKNOWN,,SKIPPED_ID_UNKNOWN,,,
UNKNOWN,,SKIPPED_ID_UNKNOWN,,,
UNKNOWN,,SKIPPED_ID_UNKNOWN,,,
UNKNOWN,,SKIPPED_ID_UNKNOWN,,,
UNKNOWN,,SKIPPED_ID_UNKNOWN,,,
UNKNOWN,,SKIPPED_ID_UNKNOWN,,,
UNKNOWN,,SKIPPED_ID_UNKNOWN,,,
UNKNOWN,,SKIPPED_ID_UNKNOWN,,,
UNKNOWN,,SKIPPED_ID_UNKNOWN,,,
UNKNOWN,,SKIPPED_ID_UNKNOWN,,,
UNKNOWN,,SKIPPED_ID_UNKNOWN,,,
UNKNOWN,,SKIPPED_ID_UNKNOWN,,,
UNKNOWN,,SKIPPED_ID_UNKNOWN,,,
UNKNOWN,,SKIPPED_ID_UNKNOWN,,,
UNKNOWN,,SKIPPED_ID_UNKNOWN,,,
UNKNOWN,,SKIPPED_ID_UNKNOWN,,,
UNKNOWN,,SKIPPED_ID_UNKNOWN,,,
UNKNOWN,,SKIPPED_ID_UNKNOWN,,,
UNKNOWN,,SKIPPED_ID_UNKNOWN,,,
UNKNOWN,,SKIPPED_ID_UNKNOWN,,,
UNKNOWN,,SKIPPED_ID_UNKNOWN,,,
UNKNOWN,,SKIPPED_ID_UNKNOWN,,,
UNKNOWN,,SKIPPED_ID_UNKNOWN,,,
UNKNOWN,,SKIPPED_ID_UNKNOWN,,,
UNKNOWN,,SKIPPED_ID_UNKNOWN,,,
UNKNOWN,,SKIPPED_ID_UNKNOWN,,,
UNKNOWN,,SKIPPED_ID_UNKNOWN,,,
UNKNOWN,,SKIPPED_ID_UNKNOWN,,,
UNKNOWN,,SKIPPED_ID_UNKNOWN,,,
UNKNOWN,,SKIPPED_ID_UNKNOWN,,,
UNKNOWN,,SKIPPED_ID_UNKNOWN,,,
UNKNOWN,,SKIPPED_ID_UNKNOWN,,,
UNKNOWN,,SKIPPED_ID_UNKNOWN,,,
UNKNOWN,,SKIPPED_ID_UNKNOWN,,,
UNKNOWN,,SKIPPED_ID_UNKNOWN,,,
UNKNOWN,,SKIPPED_ID_UNKNOWN,,,
UNKNOWN,,SKIPPED_ID_UNKNOWN,,,
UNKNOWN,,SKIPPED_ID_UNKNOWN,,,
UNKNOWN,,SKIPPED_ID_UNKNOWN,,,
UNKNOWN,,SKIPPED_ID_UNKNOWN,,,
UNKNOWN,,SKIPPED_ID_UNKNOWN,,,
UNKNOWN,,SKIPPED_ID_UNKNOWN,,,
UNKNOWN,,SKIPPED_ID_UNKNOWN,,,
UNKNOWN,,SKIPPED_ID_UNKNOWN,,,
UNKNOWN,,SKIPPED_ID_UNKNOWN,,,
UNKNOWN,,SKIPPED_ID_UNKNOWN,,,
UNKNOWN,,SKIPPED_ID_UNKNOWN,,,
UNKNOWN,,SKIPPED_ID_UNKNOWN,,,
UNKNOWN,,SKIPPED_ID_UNKNOWN,,,
UNKNOWN,,SKIPPED_ID_UNKNOWN,,,
UNKNOWN,,SKIPPED_ID_UNKNOWN,,,
UNKNOWN,,SKIPPED_ID_UNKNOWN,,,
UNKNOWN,,SKIPPED_ID_UNKNOWN,,,
UNKNOWN,,SKIPPED_ID_UNKNOWN,,,
UNKNOWN,,SKIPPED_ID_UNKNOWN,,,
UNKNOWN,,SKIPPED_ID_UNKNOWN,,,
UNKNOWN,,SKIPPED_ID_UNKNOWN,,,
UNKNOWN,,SKIPPED_ID_UNKNOWN,,,
UNKNOWN,,SKIPPED_ID_UNKNOWN,,,
UNKNOWN,,SKIPPED_ID_UNKNOWN,,,
UNKNOWN,,SKIPPED_ID_UNKNOWN,,,
UNKNOWN,,SKIPPED_ID_UNKNOWN,,,
UNKNOWN,,SKIPPED_ID_UNKNOWN,,,
UNKNOWN,,SKIPPED_ID_UNKNOWN,,,
UNKNOWN,,SKIPPED_ID_UNKNOWN,,,
UNKNOWN,,SKIPPED_ID_UNKNOWN,,,
UNKNOWN,,SKIPPED_ID_UNKNOWN,,,
UNKNOWN,,SKIPPED_ID_UNKNOWN,,,
UNKNOWN,,SKIPPED_ID_UNKNOWN,,,
UNKNOWN,,SKIPPED_ID_UNKNOWN,,,
UNKNOWN,,SKIPPED_ID_UNKNOWN,,,
UNKNOWN,,SKIPPED_ID_UNKNOWN,,,
UNKNOWN,,SKIPPED_ID_UNKNOWN,,,
UNKNOWN,,SKIPPED_ID_UNKNOWN,,,
UNKNOWN,,SKIPPED_ID_UNKNOWN,,,
UNKNOWN,,SKIPPED_ID_UNKNOWN,,,
UNKNOWN,,SKIPPED_ID_UNKNOWN,,,
UNKNOWN,,SKIPPED_ID_UNKNOWN,,,
UNKNOWN,,SKIPPED_ID_UNKNOWN,,,
UNKNOWN,,SKIPPED_ID_UNKNOWN,,,
UNKNOWN,,SKIPPED_ID_UNKNOWN,,,
UNKNOWN,,SKIPPED_ID_UNKNOWN,,,
UNKNOWN,,SKIPPED_ID_UNKNOWN,,,
UNKNOWN,,SKIPPED_ID_UNKNOWN,,,
UNKNOWN,,SKIPPED_ID_UNKNOWN,,,
UNKNOWN,,SKIPPED_ID_UNKNOWN,,,
UNKNOWN,,SKIPPED_ID_UNKNOWN,,,
UNKNOWN,,SKIPPED_ID_UNKNOWN,,,
UNKNOWN,,SKIPPED_ID_UNKNOWN,,,
UNKNOWN,,SKIPPED_ID_UNKNOWN,,,
UNKNOWN,,SKIPPED_ID_UNKNOWN,,,
UNKNOWN,,SKIPPED_ID_UNKNOWN,,,
UNKNOWN,,SKIPPED_ID_UNKNOWN,,,
UNKNOWN,,SKIPPED_ID_UNKNOWN,,,
UNKNOWN,,SKIPPED_ID_UNKNOWN,,,
UNKNOWN,,SKIPPED_ID_UNKNOWN,,,
UNKNOWN,,SKIPPED_ID_UNKNOWN,,,
UNKNOWN,,SKIPPED_ID_UNKNOWN,,,
UNKNOWN,,SKIPPED_ID_UNKNOWN,,,
UNKNOWN,,SKIPPED_ID_UNKNOWN,,,
UNKNOWN,,SKIPPED_ID_UNKNOWN,,,
UNKNOWN,,SKIPPED_ID_UNKNOWN,,,
UNKNOWN,,SKIPPED_ID_UNKNOWN,,,
UNKNOWN,,SKIPPED_ID_UNKNOWN,,,
UNKNOWN,,SKIPPED_ID_UNKNOWN,,,
UNKNOWN,,SKIPPED_ID_UNKNOWN,,,
UNKNOWN,,SKIPPED_ID_UNKNOWN,,,
UNKNOWN,,SKIPPED_ID_UNKNOWN,,,
UNKNOWN,,SKIPPED_ID_UNKNOWN,,,
UNKNOWN,,SKIPPED_ID_UNKNOWN,,,
UNKNOWN,,SKIPPED_ID_UNKNOWN,,,
UNKNOWN,,SKIPPED_ID_UNKNOWN,,,
UNKNOWN,,SKIPPED_ID_UNKNOWN,,,
UNKNOWN,,SKIPPED_ID_UNKNOWN,,,
UNKNOWN,,SKIPPED_ID_UNKNOWN,,,
UNKNOWN,,SKIPPED_ID_UNKNOWN,,,
UNKNOWN,,SKIPPED_ID_UNKNOWN,,,
UNKNOWN,,SKIPPED_ID_UNKNOWN,,,
UNKNOWN,,SKIPPED_ID_UNKNOWN,,,
UNKNOWN,,SKIPPED_ID_UNKNOWN,,,
UNKNOWN,,SKIPPED_ID_UNKNOWN,,,
UNKNOWN,,SKIPPED_ID_UNKNOWN,,,
UNKNOWN,,SKIPPED_ID_UNKNOWN,,,
UNKNOWN,,SKIPPED_ID_UNKNOWN,,,
UNKNOWN,,SKIPPED_ID_UNKNOWN,,,
UNKNOWN,,SKIPPED_ID_UNKNOWN,,,
UNKNOWN,,SKIPPED_ID_UNKNOWN,,,
UNKNOWN,,SKIPPED_ID_UNKNOWN,,,
UNKNOWN,,SKIPPED_ID_UNKNOWN,,,
UNKNOWN,,SKIPPED_ID_UNKNOWN,,,
UNKNOWN,,SKIPPED_ID_UNKNOWN,,,
UNKNOWN,,SKIPPED_ID_UNKNOWN,,,
UNKNOWN,,SKIPPED_ID_UNKNOWN,,,
UNKNOWN,,SKIPPED_ID_UNKNOWN,,,
UNKNOWN,,SKIPPED_ID_UNKNOWN,,,
UNKNOWN,,SKIPPED_ID_UNKNOWN,,,
UNKNOWN,,SKIPPED_ID_UNKNOWN,,,
UNKNOWN,,SKIPPED_ID_UNKNOWN,,,
UNKNOWN,,SKIPPED_ID_UNKNOWN,,,
UNKNOWN,,SKIPPED_ID_UNKNOWN,,,
UNKNOWN,,SKIPPED_ID_UNKNOWN,,,
UNKNOWN,,SKIPPED_ID_UNKNOWN,,,
UNKNOWN,,SKIPPED_ID_UNKNOWN,,,
UNKNOWN,,SKIPPED_ID_UNKNOWN,,,
UNKNOWN,,SKIPPED_ID_UNKNOWN,,,
UNKNOWN,,SKIPPED_ID_UNKNOWN,,,
UNKNOWN,,SKIPPED_ID_UNKNOWN,,,
UNKNOWN,,SKIPPED_ID_UNKNOWN,,,
UNKNOWN,,SKIPPED_ID_UNKNOWN,,,
UNKNOWN,,SKIPPED_ID_UNKNOWN,,,
UNKNOWN,,SKIPPED_ID_UNKNOWN,,,
UNKNOWN,,SKIPPED_ID_UNKNOWN,,,
UNKNOWN,,SKIPPED_ID_UNKNOWN,,,
UNKNOWN,,SKIPPED_ID_UNKNOWN,,,
UNKNOWN,,SKIPPED_ID_UNKNOWN,,,
UNKNOWN,,SKIPPED_ID_UNKNOWN,,,
UNKNOWN,,SKIPPED_ID_UNKNOWN,,,
UNKNOWN,,SKIPPED_ID_UNKNOWN,,,
UNKNOWN,,SKIPPED_ID_UNKNOWN,,,
UNKNOWN,,SKIPPED_ID_UNKNOWN,,,
UNKNOWN,,SKIPPED_ID_UNKNOWN,,,
UNKNOWN,,SKIPPED_ID_UNKNOWN,,,
UNKNOWN,,SKIPPED_ID_UNKNOWN,,,
UNKNOWN,,SKIPPED_ID_UNKNOWN,,,
UNKNOWN,,SKIPPED_ID_UNKNOWN,,,
UNKNOWN,,SKIPPED_ID_UNKNOWN,,,
UNKNOWN,,SKIPPED_ID_UNKNOWN,,,
UNKNOWN,,SKIPPED_ID_UNKNOWN,,,
UNKNOWN,,SKIPPED_ID_UNKNOWN,,,
UNKNOWN,,SKIPPED_ID_UNKNOWN,,,
UNKNOWN,,SKIPPED_ID_UNKNOWN,,,
UNKNOWN,,SKIPPED_ID_UNKNOWN,,,
UNKNOWN,,SKIPPED_ID_UNKNOWN,,,
UNKNOWN,,SKIPPED_ID_UNKNOWN,,,
UNKNOWN,,SKIPPED_ID_UNKNOWN,,,
UNKNOWN,,SKIPPED_ID_UNKNOWN,,,
UNKNOWN,,SKIPPED_ID_UNKNOWN,,,
UNKNOWN,,SKIPPED_ID_UNKNOWN,,,
UNKNOWN,,SKIPPED_ID_UNKNOWN,,,
UNKNOWN,,SKIPPED_ID_UNKNOWN,,,
UNKNOWN,,SKIPPED_ID_UNKNOWN,,,
UNKNOWN,,SKIPPED_ID_UNKNOWN,,,
UNKNOWN,,SKIPPED_ID_UNKNOWN,,,
UNKNOWN,,SKIPPED_ID_UNKNOWN,,,
UNKNOWN,,SKIPPED_ID_UNKNOWN,,,
UNKNOWN,,SKIPPED_ID_UNKNOWN,,,
UNKNOWN,,SKIPPED_ID_UNKNOWN,,,
UNKNOWN,,SKIPPED_ID_UNKNOWN,,,
UNKNOWN,,SKIPPED_ID_UNKNOWN,,,
UNKNOWN,,SKIPPED_ID_UNKNOWN,,,
UNKNOWN,,SKIPPED_ID_UNKNOWN,,,
UNKNOWN,,SKIPPED_ID_UNKNOWN,,,
UNKNOWN,,SKIPPED_ID_UNKNOWN,,,
UNKNOWN,,SKIPPED_ID_UNKNOWN,,,
UNKNOWN,,SKIPPED_ID_UNKNOWN,,,
UNKNOWN,,SKIPPED_ID_UNKNOWN,,,
UNKNOWN,,SKIPPED_ID_UNKNOWN,,,
UNKNOWN,,SKIPPED_ID_UNKNOWN,,,
UNKNOWN,,SKIPPED_ID_UNKNOWN,,,
UNKNOWN,,SKIPPED_ID_UNKNOWN,,,
UNKNOWN,,SKIPPED_ID_UNKNOWN,,,
UNKNOWN,,SKIPPED_ID_UNKNOWN,,,
UNKNOWN,,SKIPPED_ID_UNKNOWN,,,
UNKNOWN,,SKIPPED_ID_UNKNOWN,,,
UNKNOWN,,SKIPPED_ID_UNKNOWN,,,
UNKNOWN,,SKIPPED_ID_UNKNOWN,,,
UNKNOWN,,SKIPPED_ID_UNKNOWN,,,
UNKNOWN,,SKIPPED_ID_UNKNOWN,,,
UNKNOWN,,SKIPPED_ID_UNKNOWN,,,
UNKNOWN,,SKIPPED_ID_UNKNOWN,,,
UNKNOWN,,SKIPPED_ID_UNKNOWN,,,
UNKNOWN,,SKIPPED_ID_UNKNOWN,,,
UNKNOWN,,SKIPPED_ID_UNKNOWN,,,
UNKNOWN,,SKIPPED_ID_UNKNOWN,,,
UNKNOWN,,SKIPPED_ID_UNKNOWN,,,
UNKNOWN,,SKIPPED_ID_UNKNOWN,,,
UNKNOWN,,SKIPPED_ID_UNKNOWN,,,
UNKNOWN,,SKIPPED_ID_UNKNOWN,,,
UNKNOWN,,SKIPPED_ID_UNKNOWN,,,
UNKNOWN,,SKIPPED_ID_UNKNOWN,,,
UNKNOWN,,SKIPPED_ID_UNKNOWN,,,
UNKNOWN,,SKIPPED_ID_UNKNOWN,,,
UNKNOWN,,SKIPPED_ID_UNKNOWN,,,
UNKNOWN,,SKIPPED_ID_UNKNOWN,,,
UNKNOWN,,SKIPPED_ID_UNKNOWN,,,
UNKNOWN,,SKIPPED_ID_UNKNOWN,,,
UNKNOWN,,SKIPPED_ID_UNKNOWN,,,
UNKNOWN,,SKIPPED_ID_UNKNOWN,,,
UNKNOWN,,SKIPPED_ID_UNKNOWN,,,
UNKNOWN,,SKIPPED_ID_UNKNOWN,,,
UNKNOWN,,SKIPPED_ID_UNKNOWN,,,
UNKNOWN,,SKIPPED_ID_UNKNOWN,,,
UNKNOWN,,SKIPPED_ID_UNKNOWN,,,
UNKNOWN,,SKIPPED_ID_UNKNOWN,,,
UNKNOWN,,SKIPPED_ID_UNKNOWN,,,
UNKNOWN,,SKIPPED_ID_UNKNOWN,,,
UNKNOWN,,SKIPPED_ID_UNKNOWN,,,
UNKNOWN,,SKIPPED_ID_UNKNOWN,,,
UNKNOWN,,SKIPPED_ID_UNKNOWN,,,
UNKNOWN,,SKIPPED_ID_UNKNOWN,,,
UNKNOWN,,SKIPPED_ID_UNKNOWN,,,
UNKNOWN,,SKIPPED_ID_UNKNOWN,,,
UNKNOWN,,SKIPPED_ID_UNKNOWN,,,
UNKNOWN,,SKIPPED_ID_UNKNOWN,,,
UNKNOWN,,SKIPPED_ID_UNKNOWN,,,
UNKNOWN,,SKIPPED_ID_UNKNOWN,,,
UNKNOWN,,SKIPPED_ID_UNKNOWN,,,
UNKNOWN,,SKIPPED_ID_UNKNOWN,,,
UNKNOWN,,SKIPPED_ID_UNKNOWN,,,
UNKNOWN,,SKIPPED_ID_UNKNOWN,,,
UNKNOWN,,SKIPPED_ID_UNKNOWN,,,
UNKNOWN,,SKIPPED_ID_UNKNOWN,,,
UNKNOWN,,SKIPPED_ID_UNKNOWN,,,
UNKNOWN,,SKIPPED_ID_UNKNOWN,,,
UNKNOWN,,SKIPPED_ID_UNKNOWN,,,
UNKNOWN,,SKIPPED_ID_UNKNOWN,,,
UNKNOWN,,SKIPPED_ID_UNKNOWN,,,
UNKNOWN,,SKIPPED_ID_UNKNOWN,,,
UNKNOWN,,SKIPPED_ID_UNKNOWN,,,
UNKNOWN,,SKIPPED_ID_UNKNOWN,,,
UNKNOWN,,SKIPPED_ID_UNKNOWN,,,
UNKNOWN,,SKIPPED_ID_UNKNOWN,,,
UNKNOWN,,SKIPPED_ID_UNKNOWN,,,
UNKNOWN,,SKIPPED_ID_UNKNOWN,,,
UNKNOWN,,SKIPPED_ID_UNKNOWN,,,
UNKNOWN,,SKIPPED_ID_UNKNOWN,,,
UNKNOWN,,SKIPPED_ID_UNKNOWN,,,
UNKNOWN,,SKIPPED_ID_UNKNOWN,,,
UNKNOWN,,SKIPPED_ID_UNKNOWN,,,
UNKNOWN,,SKIPPED_ID_UNKNOWN,,,
UNKNOWN,,SKIPPED_ID_UNKNOWN,,,
UNKNOWN,,SKIPPED_ID_UNKNOWN,,,
UNKNOWN,,SKIPPED_ID_UNKNOWN,,,
UNKNOWN,,SKIPPED_ID_UNKNOWN,,,
UNKNOWN,,SKIPPED_ID_UNKNOWN,,,
UNKNOWN,,SKIPPED_ID_UNKNOWN,,,
UNKNOWN,,SKIPPED_ID_UNKNOWN,,,
UNKNOWN,,SKIPPED_ID_UNKNOWN,,,
UNKNOWN,,SKIPPED_ID_UNKNOWN,,,
UNKNOWN,,SKIPPED_ID_UNKNOWN,,,
UNKNOWN,,SKIPPED_ID_UNKNOWN,,,
UNKNOWN,,SKIPPED_ID_UNKNOWN,,,
UNKNOWN,,SKIPPED_ID_UNKNOWN,,,
UNKNOWN,,SKIPPED_ID_UNKNOWN,,,
UNKNOWN,,SKIPPED_ID_UNKNOWN,,,
UNKNOWN,,SKIPPED_ID_UNKNOWN,,,
UNKNOWN,,SKIPPED_ID_UNKNOWN,,,
UNKNOWN,,SKIPPED_ID_UNKNOWN,,,
UNKNOWN,,SKIPPED_ID_UNKNOWN,,,
UNKNOWN,,SKIPPED_ID_UNKNOWN,,,
UNKNOWN,,SKIPPED_ID_UNKNOWN,,,
UNKNOWN,,SKIPPED_ID_UNKNOWN,,,
UNKNOWN,,SKIPPED_ID_UNKNOWN,,,
UNKNOWN,,SKIPPED_ID_UNKNOWN,,,
UNKNOWN,,SKIPPED_ID_UNKNOWN,,,
UNKNOWN,,SKIPPED_ID_UNKNOWN,,,
UNKNOWN,,SKIPPED_ID_UNKNOWN,,,
UNKNOWN,,SKIPPED_ID_UNKNOWN,,,
UNKNOWN,,SKIPPED_ID_UNKNOWN,,,
UNKNOWN,,SKIPPED_ID_UNKNOWN,,,
UNKNOWN,,SKIPPED_ID_UNKNOWN,,,
UNKNOWN,,SKIPPED_ID_UNKNOWN,,,
UNKNOWN,,SKIPPED_ID_UNKNOWN,,,
UNKNOWN,,SKIPPED_ID_UNKNOWN,,,
UNKNOWN,,SKIPPED_ID_UNKNOWN,,,
UNKNOWN,,SKIPPED_ID_UNKNOWN,,,
UNKNOWN,,SKIPPED_ID_UNKNOWN,,,
UNKNOWN,,SKIPPED_ID_UNKNOWN,,,
UNKNOWN,,SKIPPED_ID_UNKNOWN,,,
UNKNOWN,,SKIPPED_ID_UNKNOWN,,,
UNKNOWN,,SKIPPED_ID_UNKNOWN,,,
UNKNOWN,,SKIPPED_ID_UNKNOWN,,,
UNKNOWN,,SKIPPED_ID_UNKNOWN,,,
UNKNOWN,,SKIPPED_ID_UNKNOWN,,,
UNKNOWN,,SKIPPED_ID_UNKNOWN,,,
UNKNOWN,,SKIPPED_ID_UNKNOWN,,,
UNKNOWN,,SKIPPED_ID_UNKNOWN,,,
UNKNOWN,,SKIPPED_ID_UNKNOWN,,,
UNKNOWN,,SKIPPED_ID_UNKNOWN,,,
UNKNOWN,,SKIPPED_ID_UNKNOWN,,,
UNKNOWN,,SKIPPED_ID_UNKNOWN,,,
UNKNOWN,,SKIPPED_ID_UNKNOWN,,,
UNKNOWN,,SKIPPED_ID_UNKNOWN,,,
UNKNOWN,,SKIPPED_ID_UNKNOWN,,,
UNKNOWN,,SKIPPED_ID_UNKNOWN,,,
UNKNOWN,,SKIPPED_ID_UNKNOWN,,,
UNKNOWN,,SKIPPED_ID_UNKNOWN,,,
UNKNOWN,,SKIPPED_ID_UNKNOWN,,,
UNKNOWN,,SKIPPED_ID_UNKNOWN,,,
UNKNOWN,,SKIPPED_ID_UNKNOWN,,,
UNKNOWN,,SKIPPED_ID_UNKNOWN,,,
UNKNOWN,,SKIPPED_ID_UNKNOWN,,,
UNKNOWN,,SKIPPED_ID_UNKNOWN,,,
UNKNOWN,,SKIPPED_ID_UNKNOWN,,,
UNKNOWN,,SKIPPED_ID_UNKNOWN,,,
UNKNOWN,,SKIPPED_ID_UNKNOWN,,,
UNKNOWN,,SKIPPED_ID_UNKNOWN,,,
UNKNOWN,,SKIPPED_ID_UNKNOWN,,,
UNKNOWN,,SKIPPED_ID_UNKNOWN,,,
UNKNOWN,,SKIPPED_ID_UNKNOWN,,,
UNKNOWN,,SKIPPED_ID_UNKNOWN,,,
UNKNOWN,,SKIPPED_ID_UNKNOWN,,,
UNKNOWN,,SKIPPED_ID_UNKNOWN,,,
UNKNOWN,,SKIPPED_ID_UNKNOWN,,,
UNKNOWN,,SKIPPED_ID_UNKNOWN,,,
UNKNOWN,,SKIPPED_ID_UNKNOWN,,,
UNKNOWN,,SKIPPED_ID_UNKNOWN,,,
UNKNOWN,,SKIPPED_ID_UNKNOWN,,,
UNKNOWN,,SKIPPED_ID_UNKNOWN,,,
UNKNOWN,,SKIPPED_ID_UNKNOWN,,,
UNKNOWN,,SKIPPED_ID_UNKNOWN,,,
UNKNOWN,,SKIPPED_ID_UNKNOWN,,,
UNKNOWN,,SKIPPED_ID_UNKNOWN,,,
UNKNOWN,,SKIPPED_ID_UNKNOWN,,,
UNKNOWN,,SKIPPED_ID_UNKNOWN,,,
UNKNOWN,,SKIPPED_ID_UNKNOWN,,,
UNKNOWN,,SKIPPED_ID_UNKNOWN,,,
UNKNOWN,,SKIPPED_ID_UNKNOWN,,,
UNKNOWN,,SKIPPED_ID_UNKNOWN,,,
UNKNOWN,,SKIPPED_ID_UNKNOWN,,,
UNKNOWN,,SKIPPED_ID_UNKNOWN,,,
UNKNOWN,,SKIPPED_ID_UNKNOWN,,,
UNKNOWN,,SKIPPED_ID_UNKNOWN,,,
UNKNOWN,,SKIPPED_ID_UNKNOWN,,,
UNKNOWN,,SKIPPED_ID_UNKNOWN,,,
UNKNOWN,,SKIPPED_ID_UNKNOWN,,,
UNKNOWN,,SKIPPED_ID_UNKNOWN,,,
UNKNOWN,,SKIPPED_ID_UNKNOWN,,,
UNKNOWN,,SKIPPED_ID_UNKNOWN,,,
UNKNOWN,,SKIPPED_ID_UNKNOWN,,,
UNKNOWN,,SKIPPED_ID_UNKNOWN,,,
UNKNOWN,,SKIPPED_ID_UNKNOWN,,,
UNKNOWN,,SKIPPED_ID_UNKNOWN,,,
UNKNOWN,,SKIPPED_ID_UNKNOWN,,,
UNKNOWN,,SKIPPED_ID_UNKNOWN,,,
UNKNOWN,,SKIPPED_ID_UNKNOWN,,,
UNKNOWN,,SKIPPED_ID_UNKNOWN,,,
UNKNOWN,,SKIPPED_ID_UNKNOWN,,,
UNKNOWN,,SKIPPED_ID_UNKNOWN,,,
UNKNOWN,,SKIPPED_ID_UNKNOWN,,,
UNKNOWN,,SKIPPED_ID_UNKNOWN,,,
UNKNOWN,,SKIPPED_ID_UNKNOWN,,,
UNKNOWN,,SKIPPED_ID_UNKNOWN,,,
UNKNOWN,,SKIPPED_ID_UNKNOWN,,,
UNKNOWN,,SKIPPED_ID_UNKNOWN,,,
UNKNOWN,,SKIPPED_ID_UNKNOWN,,,
UNKNOWN,,SKIPPED_ID_UNKNOWN,,,
UNKNOWN,,SKIPPED_ID_UNKNOWN,,,
UNKNOWN,,SKIPPED_ID_UNKNOWN,,,
UNKNOWN,,SKIPPED_ID_UNKNOWN,,,
UNKNOWN,,SKIPPED_ID_UNKNOWN,,,
UNKNOWN,,SKIPPED_ID_UNKNOWN,,,
UNKNOWN,,SKIPPED_ID_UNKNOWN,,,
UNKNOWN,,SKIPPED_ID_UNKNOWN,,,
UNKNOWN,,SKIPPED_ID_UNKNOWN,,,
UNKNOWN,,SKIPPED_ID_UNKNOWN,,,
UNKNOWN,,SKIPPED_ID_UNKNOWN,,,
UNKNOWN,,SKIPPED_ID_UNKNOWN,,,
UNKNOWN,,SKIPPED_ID_UNKNOWN,,,
UNKNOWN,,SKIPPED_ID_UNKNOWN,,,
UNKNOWN,,SKIPPED_ID_UNKNOWN,,,
UNKNOWN,,SKIPPED_ID_UNKNOWN,,,
UNKNOWN,,SKIPPED_ID_UNKNOWN,,,
UNKNOWN,,SKIPPED_ID_UNKNOWN,,,
UNKNOWN,,SKIPPED_ID_UNKNOWN,,,
UNKNOWN,,SKIPPED_ID_UNKNOWN,,,
UNKNOWN,,SKIPPED_ID_UNKNOWN,,,
UNKNOWN,,SKIPPED_ID_UNKNOWN,,,
UNKNOWN,,SKIPPED_ID_UNKNOWN,,,
UNKNOWN,,SKIPPED_ID_UNKNOWN,,,
UNKNOWN,,SKIPPED_ID_UNKNOWN,,,
UNKNOWN,,SKIPPED_ID_UNKNOWN,,,
UNKNOWN,,SKIPPED_ID_UNKNOWN,,,
UNKNOWN,,SKIPPED_ID_UNKNOWN,,,
UNKNOWN,,SKIPPED_ID_UNKNOWN,,,
UNKNOWN,,SKIPPED_ID_UNKNOWN,,,
UNKNOWN,,SKIPPED_ID_UNKNOWN,,,
UNKNOWN,,SKIPPED_ID_UNKNOWN,,,
UNKNOWN,,SKIPPED_ID_UNKNOWN,,,
UNKNOWN,,SKIPPED_ID_UNKNOWN,,,
UNKNOWN,,SKIPPED_ID_UNKNOWN,,,
UNKNOWN,,SKIPPED_ID_UNKNOWN,,,
UNKNOWN,,SKIPPED_ID_UNKNOWN,,,
UNKNOWN,,SKIPPED_ID_UNKNOWN,,,
UNKNOWN,,SKIPPED_ID_UNKNOWN,,,
UNKNOWN,,SKIPPED_ID_UNKNOWN,,,
UNKNOWN,,SKIPPED_ID_UNKNOWN,,,
UNKNOWN,,SKIPPED_ID_UNKNOWN,,,
UNKNOWN,,SKIPPED_ID_UNKNOWN,,,
UNKNOWN,,SKIPPED_ID_UNKNOWN,,,
UNKNOWN,,SKIPPED_ID_UNKNOWN,,,
UNKNOWN,,SKIPPED_ID_UNKNOWN,,,
UNKNOWN,,SKIPPED_ID_UNKNOWN,,,
UNKNOWN,,SKIPPED_ID_UNKNOWN,,,
UNKNOWN,,SKIPPED_ID_UNKNOWN,,,
UNKNOWN,,SKIPPED_ID_UNKNOWN,,,
UNKNOWN,,SKIPPED_ID_UNKNOWN,,,
UNKNOWN,,SKIPPED_ID_UNKNOWN,,,
UNKNOWN,,SKIPPED_ID_UNKNOWN,,,
UNKNOWN,,SKIPPED_ID_UNKNOWN,,,
UNKNOWN,,SKIPPED_ID_UNKNOWN,,,
UNKNOWN,,SKIPPED_ID_UNKNOWN,,,
UNKNOWN,,SKIPPED_ID_UNKNOWN,,,
UNKNOWN,,SKIPPED_ID_UNKNOWN,,,
UNKNOWN,,SKIPPED_ID_UNKNOWN,,,
UNKNOWN,,SKIPPED_ID_UNKNOWN,,,
UNKNOWN,,SKIPPED_ID_UNKNOWN,,,
UNKNOWN,,SKIPPED_ID_UNKNOWN,,,
UNKNOWN,,SKIPPED_ID_UNKNOWN,,,
UNKNOWN,,SKIPPED_ID_UNKNOWN,,,
UNKNOWN,,SKIPPED_ID_UNKNOWN,,,
UNKNOWN,,SKIPPED_ID_UNKNOWN,,,
UNKNOWN,,SKIPPED_ID_UNKNOWN,,,
UNKNOWN,,SKIPPED_ID_UNKNOWN,,,
UNKNOWN,,SKIPPED_ID_UNKNOWN,,,
UNKNOWN,,SKIPPED_ID_UNKNOWN,,,
UNKNOWN,,SKIPPED_ID_UNKNOWN,,,
UNKNOWN,,SKIPPED_ID_UNKNOWN,,,
UNKNOWN,,SKIPPED_ID_UNKNOWN,,,
UNKNOWN,,SKIPPED_ID_UNKNOWN,,,
UNKNOWN,,SKIPPED_ID_UNKNOWN,,,
UNKNOWN,,SKIPPED_ID_UNKNOWN,,,
UNKNOWN,,SKIPPED_ID_UNKNOWN,,,
UNKNOWN,,SKIPPED_ID_UNKNOWN,,,
UNKNOWN,,SKIPPED_ID_UNKNOWN,,,
UNKNOWN,,SKIPPED_ID_UNKNOWN,,,
UNKNOWN,,SKIPPED_ID_UNKNOWN,,,
UNKNOWN,,SKIPPED_ID_UNKNOWN,,,
UNKNOWN,,SKIPPED_ID_UNKNOWN,,,
UNKNOWN,,SKIPPED_ID_UNKNOWN,,,
UNKNOWN,,SKIPPED_ID_UNKNOWN,,,
UNKNOWN,,SKIPPED_ID_UNKNOWN,,,
UNKNOWN,,SKIPPED_ID_UNKNOWN,,,
UNKNOWN,,SKIPPED_ID_UNKNOWN,,,
UNKNOWN,,SKIPPED_ID_UNKNOWN,,,
UNKNOWN,,SKIPPED_ID_UNKNOWN,,,
UNKNOWN,,SKIPPED_ID_UNKNOWN,,,
UNKNOWN,,SKIPPED_ID_UNKNOWN,,,
UNKNOWN,,SKIPPED_ID_UNKNOWN,,,
UNKNOWN,,SKIPPED_ID_UNKNOWN,,,
UNKNOWN,,SKIPPED_ID_UNKNOWN,,,
UNKNOWN,,SKIPPED_ID_UNKNOWN,,,
UNKNOWN,,SKIPPED_ID_UNKNOWN,,,
UNKNOWN,,SKIPPED_ID_UNKNOWN,,,
UNKNOWN,,SKIPPED_ID_UNKNOWN,,,
UNKNOWN,,SKIPPED_ID_UNKNOWN,,,
UNKNOWN,,SKIPPED_ID_UNKNOWN,,,
UNKNOWN,,SKIPPED_ID_UNKNOWN,,,
UNKNOWN,,SKIPPED_ID_UNKNOWN,,,
UNKNOWN,,SKIPPED_ID_UNKNOWN,,,
UNKNOWN,,SKIPPED_ID_UNKNOWN,,,
UNKNOWN,,SKIPPED_ID_UNKNOWN,,,
UNKNOWN,,SKIPPED_ID_UNKNOWN,,,
UNKNOWN,,SKIPPED_ID_UNKNOWN,,,
UNKNOWN,,SKIPPED_ID_UNKNOWN,,,
UNKNOWN,,SKIPPED_ID_UNKNOWN,,,
UNKNOWN,,SKIPPED_ID_UNKNOWN,,,
UNKNOWN,,SKIPPED_ID_UNKNOWN,,,
UNKNOWN,,SKIPPED_ID_UNKNOWN,,,
UNKNOWN,,SKIPPED_ID_UNKNOWN,,,
UNKNOWN,,SKIPPED_ID_UNKNOWN,,,
UNKNOWN,,SKIPPED_ID_UNKNOWN,,,
UNKNOWN,,SKIPPED_ID_UNKNOWN,,,
UNKNOWN,,SKIPPED_ID_UNKNOWN,,,
UNKNOWN,,SKIPPED_ID_UNKNOWN,,,
UNKNOWN,,SKIPPED_ID_UNKNOWN,,,
UNKNOWN,,SKIPPED_ID_UNKNOWN,,,
UNKNOWN,,SKIPPED_ID_UNKNOWN,,,
UNKNOWN,,SKIPPED_ID_UNKNOWN,,,
UNKNOWN,,SKIPPED_ID_UNKNOWN,,,
UNKNOWN,,SKIPPED_ID_UNKNOWN,,,
UNKNOWN,,SKIPPED_ID_UNKNOWN,,,
UNKNOWN,,SKIPPED_ID_UNKNOWN,,,
UNKNOWN,,SKIPPED_ID_UNKNOWN,,,
UNKNOWN,,SKIPPED_ID_UNKNOWN,,,
UNKNOWN,,SKIPPED_ID_UNKNOWN,,,
UNKNOWN,,SKIPPED_ID_UNKNOWN,,,
UNKNOWN,,SKIPPED_ID_UNKNOWN,,,
UNKNOWN,,SKIPPED_ID_UNKNOWN,,,
UNKNOWN,,SKIPPED_ID_UNKNOWN,,,
UNKNOWN,,SKIPPED_ID_UNKNOWN,,,
UNKNOWN,,SKIPPED_ID_UNKNOWN,,,
UNKNOWN,,SKIPPED_ID_UNKNOWN,,,
UNKNOWN,,SKIPPED_ID_UNKNOWN,,,
UNKNOWN,,SKIPPED_ID_UNKNOWN,,,
UNKNOWN,,SKIPPED_ID_UNKNOWN,,,
UNKNOWN,,SKIPPED_ID_UNKNOWN,,,
UNKNOWN,,SKIPPED_ID_UNKNOWN,,,
UNKNOWN,,SKIPPED_ID_UNKNOWN,,,
UNKNOWN,,SKIPPED_ID_UNKNOWN,,,
UNKNOWN,,SKIPPED_ID_UNKNOWN,,,
UNKNOWN,,SKIPPED_ID_UNKNOWN,,,
UNKNOWN,,SKIPPED_ID_UNKNOWN,,,
UNKNOWN,,SKIPPED_ID_UNKNOWN,,,
UNKNOWN,,SKIPPED_ID_UNKNOWN,,,
UNKNOWN,,SKIPPED_ID_UNKNOWN,,,
UNKNOWN,,SKIPPED_ID_UNKNOWN,,,
UNKNOWN,,SKIPPED_ID_UNKNOWN,,,
UNKNOWN,,SKIPPED_ID_UNKNOWN,,,
UNKNOWN,,SKIPPED_ID_UNKNOWN,,,
UNKNOWN,,SKIPPED_ID_UNKNOWN,,,
UNKNOWN,,SKIPPED_ID_UNKNOWN,,,
UNKNOWN,,SKIPPED_ID_UNKNOWN,,,
UNKNOWN,,SKIPPED_ID_UNKNOWN,,,
UNKNOWN,,SKIPPED_ID_UNKNOWN,,,
UNKNOWN,,SKIPPED_ID_UNKNOWN,,,
UNKNOWN,,SKIPPED_ID_UNKNOWN,,,
UNKNOWN,,SKIPPED_ID_UNKNOWN,,,
UNKNOWN,,SKIPPED_ID_UNKNOWN,,,
UNKNOWN,,SKIPPED_ID_UNKNOWN,,,
UNKNOWN,,SKIPPED_ID_UNKNOWN,,,
UNKNOWN,,SKIPPED_ID_UNKNOWN,,,
UNKNOWN,,SKIPPED_ID_UNKNOWN,,,
UNKNOWN,,SKIPPED_ID_UNKNOWN,,,
UNKNOWN,,SKIPPED_ID_UNKNOWN,,,
UNKNOWN,,SKIPPED_ID_UNKNOWN,,,
UNKNOWN,,SKIPPED_ID_UNKNOWN,,,
UNKNOWN,,SKIPPED_ID_UNKNOWN,,,
UNKNOWN,,SKIPPED_ID_UNKNOWN,,,
UNKNOWN,,SKIPPED_ID_UNKNOWN,,,
UNKNOWN,,SKIPPED_ID_UNKNOWN,,,
UNKNOWN,,SKIPPED_ID_UNKNOWN,,,
UNKNOWN,,SKIPPED_ID_UNKNOWN,,,
UNKNOWN,,SKIPPED_ID_UNKNOWN,,,
UNKNOWN,,SKIPPED_ID_UNKNOWN,,,
UNKNOWN,,SKIPPED_ID_UNKNOWN,,,
UNKNOWN,,SKIPPED_ID_UNKNOWN,,,
UNKNOWN,,SKIPPED_ID_UNKNOWN,,,
UNKNOWN,,SKIPPED_ID_UNKNOWN,,,
UNKNOWN,,SKIPPED_ID_UNKNOWN,,,
UNKNOWN,,SKIPPED_ID_UNKNOWN,,,
UNKNOWN,,SKIPPED_ID_UNKNOWN,,,
UNKNOWN,,SKIPPED_ID_UNKNOWN,,,
UNKNOWN,,SKIPPED_ID_UNKNOWN,,,
UNKNOWN,,SKIPPED_ID_UNKNOWN,,,
UNKNOWN,,SKIPPED_ID_UNKNOWN,,,
UNKNOWN,,SKIPPED_ID_UNKNOWN,,,
UNKNOWN,,SKIPPED_ID_UNKNOWN,,,
UNKNOWN,,SKIPPED_ID_UNKNOWN,,,
UNKNOWN,,SKIPPED_ID_UNKNOWN,,,
UNKNOWN,,SKIPPED_ID_UNKNOWN,,,
UNKNOWN,,SKIPPED_ID_UNKNOWN,,,
UNKNOWN,,SKIPPED_ID_UNKNOWN,,,
UNKNOWN,,SKIPPED_ID_UNKNOWN,,,
UNKNOWN,,SKIPPED_ID_UNKNOWN,,,
UNKNOWN,,SKIPPED_ID_UNKNOWN,,,
UNKNOWN,,SKIPPED_ID_UNKNOWN,,,
UNKNOWN,,SKIPPED_ID_UNKNOWN,,,
UNKNOWN,,SKIPPED_ID_UNKNOWN,,,
UNKNOWN,,SKIPPED_ID_UNKNOWN,,,
UNKNOWN,,SKIPPED_ID_UNKNOWN,,,
UNKNOWN,,SKIPPED_ID_UNKNOWN,,,
UNKNOWN,,SKIPPED_ID_UNKNOWN,,,
UNKNOWN,,SKIPPED_ID_UNKNOWN,,,
UNKNOWN,,SKIPPED_ID_UNKNOWN,,,
UNKNOWN,,SKIPPED_ID_UNKNOWN,,,
UNKNOWN,,SKIPPED_ID_UNKNOWN,,,
UNKNOWN,,SKIPPED_ID_UNKNOWN,,,
UNKNOWN,,SKIPPED_ID_UNKNOWN,,,
UNKNOWN,,SKIPPED_ID_UNKNOWN,,,
UNKNOWN,,SKIPPED_ID_UNKNOWN,,,
UNKNOWN,,SKIPPED_ID_UNKNOWN,,,
UNKNOWN,,SKIPPED_ID_UNKNOWN,,,
UNKNOWN,,SKIPPED_ID_UNKNOWN,,,
UNKNOWN,,SKIPPED_ID_UNKNOWN,,,
UNKNOWN,,SKIPPED_ID_UNKNOWN,,,
UNKNOWN,,SKIPPED_ID_UNKNOWN,,,
UNKNOWN,,SKIPPED_ID_UNKNOWN,,,
UNKNOWN,,SKIPPED_ID_UNKNOWN,,,
UNKNOWN,,SKIPPED_ID_UNKNOWN,,,
UNKNOWN,,SKIPPED_ID_UNKNOWN,,,
UNKNOWN,,SKIPPED_ID_UNKNOWN,,,
UNKNOWN,,SKIPPED_ID_UNKNOWN,,,
UNKNOWN,,SKIPPED_ID_UNKNOWN,,,
UNKNOWN,,SKIPPED_ID_UNKNOWN,,,
UNKNOWN,,SKIPPED_ID_UNKNOWN,,,
UNKNOWN,,SKIPPED_ID_UNKNOWN,,,
UNKNOWN,,SKIPPED_ID_UNKNOWN,,,
UNKNOWN,,SKIPPED_ID_UNKNOWN,,,
UNKNOWN,,SKIPPED_ID_UNKNOWN,,,
UNKNOWN,,SKIPPED_ID_UNKNOWN,,,
UNKNOWN,,SKIPPED_ID_UNKNOWN,,,
UNKNOWN,,SKIPPED_ID_UNKNOWN,,,
UNKNOWN,,SKIPPED_ID_UNKNOWN,,,
UNKNOWN,,SKIPPED_ID_UNKNOWN,,,
UNKNOWN,,SKIPPED_ID_UNKNOWN,,,
UNKNOWN,,SKIPPED_ID_UNKNOWN,,,
UNKNOWN,,SKIPPED_ID_UNKNOWN,,,
UNKNOWN,,SKIPPED_ID_UNKNOWN,,,
UNKNOWN,,SKIPPED_ID_UNKNOWN,,,
UNKNOWN,,SKIPPED_ID_UNKNOWN,,,
UNKNOWN,,SKIPPED_ID_UNKNOWN,,,
UNKNOWN,,SKIPPED_ID_UNKNOWN,,,
UNKNOWN,,SKIPPED_ID_UNKNOWN,,,
UNKNOWN,,SKIPPED_ID_UNKNOWN,,,
UNKNOWN,,SKIPPED_ID_UNKNOWN,,,
UNKNOWN,,SKIPPED_ID_UNKNOWN,,,
UNKNOWN,,SKIPPED_ID_UNKNOWN,,,
UNKNOWN,,SKIPPED_ID_UNKNOWN,,,
UNKNOWN,,SKIPPED_ID_UNKNOWN,,,
UNKNOWN,,SKIPPED_ID_UNKNOWN,,,
UNKNOWN,,SKIPPED_ID_UNKNOWN,,,
UNKNOWN,,SKIPPED_ID_UNKNOWN,,,
UNKNOWN,,SKIPPED_ID_UNKNOWN,,,
UNKNOWN,,SKIPPED_ID_UNKNOWN,,,
UNKNOWN,,SKIPPED_ID_UNKNOWN,,,
UNKNOWN,,SKIPPED_ID_UNKNOWN,,,
UNKNOWN,,SKIPPED_ID_UNKNOWN,,,
UNKNOWN,,SKIPPED_ID_UNKNOWN,,,
UNKNOWN,,SKIPPED_ID_UNKNOWN,,,
UNKNOWN,,SKIPPED_ID_UNKNOWN,,,
UNKNOWN,,SKIPPED_ID_UNKNOWN,,,
UNKNOWN,,SKIPPED_ID_UNKNOWN,,,
UNKNOWN,,SKIPPED_ID_UNKNOWN,,,
UNKNOWN,,SKIPPED_ID_UNKNOWN,,,
UNKNOWN,,SKIPPED_ID_UNKNOWN,,,
UNKNOWN,,SKIPPED_ID_UNKNOWN,,,
UNKNOWN,,SKIPPED_ID_UNKNOWN,,,
UNKNOWN,,SKIPPED_ID_UNKNOWN,,,
UNKNOWN,,SKIPPED_ID_UNKNOWN,,,
UNKNOWN,,SKIPPED_ID_UNKNOWN,,,
UNKNOWN,,SKIPPED_ID_UNKNOWN,,,
UNKNOWN,,SKIPPED_ID_UNKNOWN,,,
UNKNOWN,,SKIPPED_ID_UNKNOWN,,,
UNKNOWN,,SKIPPED_ID_UNKNOWN,,,
UNKNOWN,,SKIPPED_ID_UNKNOWN,,,
UNKNOWN,,SKIPPED_ID_UNKNOWN,,,
UNKNOWN,,SKIPPED_ID_UNKNOWN,,,
UNKNOWN,,SKIPPED_ID_UNKNOWN,,,
UNKNOWN,,SKIPPED_ID_UNKNOWN,,,
UNKNOWN,,SKIPPED_ID_UNKNOWN,,,
UNKNOWN,,SKIPPED_ID_UNKNOWN,,,
UNKNOWN,,SKIPPED_ID_UNKNOWN,,,
UNKNOWN,,SKIPPED_ID_UNKNOWN,,,
UNKNOWN,,SKIPPED_ID_UNKNOWN,,,
UNKNOWN,,SKIPPED_ID_UNKNOWN,,,
UNKNOWN,,SKIPPED_ID_UNKNOWN,,,
UNKNOWN,,SKIPPED_ID_UNKNOWN,,,
UNKNOWN,,SKIPPED_ID_UNKNOWN,,,
UNKNOWN,,SKIPPED_ID_UNKNOWN,,,
UNKNOWN,,SKIPPED_ID_UNKNOWN,,,
UNKNOWN,,SKIPPED_ID_UNKNOWN,,,
UNKNOWN,,SKIPPED_ID_UNKNOWN,,,
UNKNOWN,,SKIPPED_ID_UNKNOWN,,,
UNKNOWN,,SKIPPED_ID_UNKNOWN,,,
UNKNOWN,,SKIPPED_ID_UNKNOWN,,,
UNKNOWN,,SKIPPED_ID_UNKNOWN,,,
UNKNOWN,,SKIPPED_ID_UNKNOWN,,,
UNKNOWN,,SKIPPED_ID_UNKNOWN,,,
UNKNOWN,,SKIPPED_ID_UNKNOWN,,,
UNKNOWN,,SKIPPED_ID_UNKNOWN,,,
UNKNOWN,,SKIPPED_ID_UNKNOWN,,,
UNKNOWN,,SKIPPED_ID_UNKNOWN,,,
UNKNOWN,,SKIPPED_ID_UNKNOWN,,,
UNKNOWN,,SKIPPED_ID_UNKNOWN,,,
UNKNOWN,,SKIPPED_ID_UNKNOWN,,,
UNKNOWN,,SKIPPED_ID_UNKNOWN,,,
UNKNOWN,,SKIPPED_ID_UNKNOWN,,,
UNKNOWN,,SKIPPED_ID_UNKNOWN,,,
UNKNOWN,,SKIPPED_ID_UNKNOWN,,,
UNKNOWN,,SKIPPED_ID_UNKNOWN,,,
UNKNOWN,,SKIPPED_ID_UNKNOWN,,,
UNKNOWN,,SKIPPED_ID_UNKNOWN,,,
UNKNOWN,,SKIPPED_ID_UNKNOWN,,,
UNKNOWN,,SKIPPED_ID_UNKNOWN,,,
UNKNOWN,,SKIPPED_ID_UNKNOWN,,,
UNKNOWN,,SKIPPED_ID_UNKNOWN,,,
UNKNOWN,,SKIPPED_ID_UNKNOWN,,,
UNKNOWN,,SKIPPED_ID_UNKNOWN,,,
UNKNOWN,,SKIPPED_ID_UNKNOWN,,,
UNKNOWN,,SKIPPED_ID_UNKNOWN,,,
UNKNOWN,,SKIPPED_ID_UNKNOWN,,,
UNKNOWN,,SKIPPED_ID_UNKNOWN,,,
UNKNOWN,,SKIPPED_ID_UNKNOWN,,,
UNKNOWN,,SKIPPED_ID_UNKNOWN,,,
UNKNOWN,,SKIPPED_ID_UNKNOWN,,,
UNKNOWN,,SKIPPED_ID_UNKNOWN,,,
UNKNOWN,,SKIPPED_ID_UNKNOWN,,,
UNKNOWN,,SKIPPED_ID_UNKNOWN,,,
UNKNOWN,,SKIPPED_ID_UNKNOWN,,,
UNKNOWN,,SKIPPED_ID_UNKNOWN,,,
UNKNOWN,,SKIPPED_ID_UNKNOWN,,,
UNKNOWN,,SKIPPED_ID_UNKNOWN,,,
UNKNOWN,,SKIPPED_ID_UNKNOWN,,,
UNKNOWN,,SKIPPED_ID_UNKNOWN,,,
UNKNOWN,,SKIPPED_ID_UNKNOWN,,,
UNKNOWN,,SKIPPED_ID_UNKNOWN,,,
UNKNOWN,,SKIPPED_ID_UNKNOWN,,,
UNKNOWN,,SKIPPED_ID_UNKNOWN,,,
UNKNOWN,,SKIPPED_ID_UNKNOWN,,,
UNKNOWN,,SKIPPED_ID_UNKNOWN,,,
UNKNOWN,,SKIPPED_ID_UNKNOWN,,,
UNKNOWN,,SKIPPED_ID_UNKNOWN,,,
UNKNOWN,,SKIPPED_ID_UNKNOWN,,,
UNKNOWN,,SKIPPED_ID_UNKNOWN,,,
UNKNOWN,,SKIPPED_ID_UNKNOWN,,,
UNKNOWN,,SKIPPED_ID_UNKNOWN,,,
UNKNOWN,,SKIPPED_ID_UNKNOWN,,,
UNKNOWN,,SKIPPED_ID_UNKNOWN,,,
UNKNOWN,,SKIPPED_ID_UNKNOWN,,,
UNKNOWN,,SKIPPED_ID_UNKNOWN,,,
UNKNOWN,,SKIPPED_ID_UNKNOWN,,,
UNKNOWN,,SKIPPED_ID_UNKNOWN,,,
UNKNOWN,,SKIPPED_ID_UNKNOWN,,,
UNKNOWN,,SKIPPED_ID_UNKNOWN,,,
UNKNOWN,,SKIPPED_ID_UNKNOWN,,,
UNKNOWN,,SKIPPED_ID_UNKNOWN,,,
UNKNOWN,,SKIPPED_ID_UNKNOWN,,,
UNKNOWN,,SKIPPED_ID_UNKNOWN,,,
UNKNOWN,,SKIPPED_ID_UNKNOWN,,,
UNKNOWN,,SKIPPED_ID_UNKNOWN,,,
UNKNOWN,,SKIPPED_ID_UNKNOWN,,,
UNKNOWN,,SKIPPED_ID_UNKNOWN,,,
UNKNOWN,,SKIPPED_ID_UNKNOWN,,,
UNKNOWN,,SKIPPED_ID_UNKNOWN,,,
UNKNOWN,,SKIPPED_ID_UNKNOWN,,,
UNKNOWN,,SKIPPED_ID_UNKNOWN,,,
UNKNOWN,,SKIPPED_ID_UNKNOWN,,,
UNKNOWN,,SKIPPED_ID_UNKNOWN,,,
UNKNOWN,,SKIPPED_ID_UNKNOWN,,,
UNKNOWN,,SKIPPED_ID_UNKNOWN,,,
UNKNOWN,,SKIPPED_ID_UNKNOWN,,,
UNKNOWN,,SKIPPED_ID_UNKNOWN,,,
UNKNOWN,,SKIPPED_ID_UNKNOWN,,,
UNKNOWN,,SKIPPED_ID_UNKNOWN,,,
UNKNOWN,,SKIPPED_ID_UNKNOWN,,,
UNKNOWN,,SKIPPED_ID_UNKNOWN,,,
UNKNOWN,,SKIPPED_ID_UNKNOWN,,,
UNKNOWN,,SKIPPED_ID_UNKNOWN,,,
UNKNOWN,,SKIPPED_ID_UNKNOWN,,,
UNKNOWN,,SKIPPED_ID_UNKNOWN,,,
UNKNOWN,,SKIPPED_ID_UNKNOWN,,,
UNKNOWN,,SKIPPED_ID_UNKNOWN,,,
UNKNOWN,,SKIPPED_ID_UNKNOWN,,,
UNKNOWN,,SKIPPED_ID_UNKNOWN,,,
UNKNOWN,,SKIPPED_ID_UNKNOWN,,,
UNKNOWN,,SKIPPED_ID_UNKNOWN,,,
UNKNOWN,,SKIPPED_ID_UNKNOWN,,,
UNKNOWN,,SKIPPED_ID_UNKNOWN,,,
UNKNOWN,,SKIPPED_ID_UNKNOWN,,,
UNKNOWN,,SKIPPED_ID_UNKNOWN,,,
UNKNOWN,,SKIPPED_ID_UNKNOWN,,,
UNKNOWN,,SKIPPED_ID_UNKNOWN,,,
UNKNOWN,,SKIPPED_ID_UNKNOWN,,,
UNKNOWN,,SKIPPED_ID_UNKNOWN,,,
UNKNOWN,,SKIPPED_ID_UNKNOWN,,,
UNKNOWN,,SKIPPED_ID_UNKNOWN,,,
UNKNOWN,,SKIPPED_ID_UNKNOWN,,,
UNKNOWN,,SKIPPED_ID_UNKNOWN,,,
UNKNOWN,,SKIPPED_ID_UNKNOWN,,,
UNKNOWN,,SKIPPED_ID_UNKNOWN,,,
UNKNOWN,,SKIPPED_ID_UNKNOWN,,,
UNKNOWN,,SKIPPED_ID_UNKNOWN,,,
UNKNOWN,,SKIPPED_ID_UNKNOWN,,,
UNKNOWN,,SKIPPED_ID_UNKNOWN,,,
UNKNOWN,,SKIPPED_ID_UNKNOWN,,,
UNKNOWN,,SKIPPED_ID_UNKNOWN,,,
UNKNOWN,,SKIPPED_ID_UNKNOWN,,,
UNKNOWN,,SKIPPED_ID_UNKNOWN,,,
UNKNOWN,,SKIPPED_ID_UNKNOWN,,,
UNKNOWN,,SKIPPED_ID_UNKNOWN,,,
UNKNOWN,,SKIPPED_ID_UNKNOWN,,,
UNKNOWN,,SKIPPED_ID_UNKNOWN,,,
UNKNOWN,,SKIPPED_ID_UNKNOWN,,,
UNKNOWN,,SKIPPED_ID_UNKNOWN,,,
UNKNOWN,,SKIPPED_ID_UNKNOWN,,,
UNKNOWN,,SKIPPED_ID_UNKNOWN,,,
UNKNOWN,,SKIPPED_ID_UNKNOWN,,,
UNKNOWN,,SKIPPED_ID_UNKNOWN,,,
UNKNOWN,,SKIPPED_ID_UNKNOWN,,,
UNKNOWN,,SKIPPED_ID_UNKNOWN,,,
UNKNOWN,,SKIPPED_ID_UNKNOWN,,,
UNKNOWN,,SKIPPED_ID_UNKNOWN,,,
UNKNOWN,,SKIPPED_ID_UNKNOWN,,,
UNKNOWN,,SKIPPED_ID_UNKNOWN,,,
UNKNOWN,,SKIPPED_ID_UNKNOWN,,,
UNKNOWN,,SKIPPED_ID_UNKNOWN,,,
UNKNOWN,,SKIPPED_ID_UNKNOWN,,,
UNKNOWN,,SKIPPED_ID_UNKNOWN,,,
UNKNOWN,,SKIPPED_ID_UNKNOWN,,,
UNKNOWN,,SKIPPED_ID_UNKNOWN,,,
UNKNOWN,,SKIPPED_ID_UNKNOWN,,,
UNKNOWN,,SKIPPED_ID_UNKNOWN,,,
UNKNOWN,,SKIPPED_ID_UNKNOWN,,,
UNKNOWN,,SKIPPED_ID_UNKNOWN,,,
UNKNOWN,,SKIPPED_ID_UNKNOWN,,,
UNKNOWN,,SKIPPED_ID_UNKNOWN,,,
UNKNOWN,,SKIPPED_ID_UNKNOWN,,,
UNKNOWN,,SKIPPED_ID_UNKNOWN,,,
UNKNOWN,,SKIPPED_ID_UNKNOWN,,,
UNKNOWN,,SKIPPED_ID_UNKNOWN,,,
UNKNOWN,,SKIPPED_ID_UNKNOWN,,,
UNKNOWN,,SKIPPED_ID_UNKNOWN,,,
UNKNOWN,,SKIPPED_ID_UNKNOWN,,,
UNKNOWN,,SKIPPED_ID_UNKNOWN,,,
UNKNOWN,,SKIPPED_ID_UNKNOWN,,,
UNKNOWN,,SKIPPED_ID_UNKNOWN,,,
UNKNOWN,,SKIPPED_ID_UNKNOWN,,,
UNKNOWN,,SKIPPED_ID_UNKNOWN,,,
UNKNOWN,,SKIPPED_ID_UNKNOWN,,,
UNKNOWN,,SKIPPED_ID_UNKNOWN,,,
UNKNOWN,,SKIPPED_ID_UNKNOWN,,,
UNKNOWN,,SKIPPED_ID_UNKNOWN,,,
UNKNOWN,,SKIPPED_ID_UNKNOWN,,,
UNKNOWN,,SKIPPED_ID_UNKNOWN,,,
UNKNOWN,,SKIPPED_ID_UNKNOWN,,,
UNKNOWN,,SKIPPED_ID_UNKNOWN,,,
UNKNOWN,,SKIPPED_ID_UNKNOWN,,,
UNKNOWN,,SKIPPED_ID_UNKNOWN,,,
UNKNOWN,,SKIPPED_ID_UNKNOWN,,,
UNKNOWN,,SKIPPED_ID_UNKNOWN,,,
UNKNOWN,,SKIPPED_ID_UNKNOWN,,,
UNKNOWN,,SKIPPED_ID_UNKNOWN,,,
UNKNOWN,,SKIPPED_ID_UNKNOWN,,,
UNKNOWN,,SKIPPED_ID_UNKNOWN,,,
UNKNOWN,,SKIPPED_ID_UNKNOWN,,,
UNKNOWN,,SKIPPED_ID_UNKNOWN,,,
UNKNOWN,,SKIPPED_ID_UNKNOWN,,,
UNKNOWN,,SKIPPED_ID_UNKNOWN,,,
UNKNOWN,,SKIPPED_ID_UNKNOWN,,,
UNKNOWN,,SKIPPED_ID_UNKNOWN,,,
UNKNOWN,,SKIPPED_ID_UNKNOWN,,,
UNKNOWN,,SKIPPED_ID_UNKNOWN,,,
UNKNOWN,,SKIPPED_ID_UNKNOWN,,,
UNKNOWN,,SKIPPED_ID_UNKNOWN,,,
UNKNOWN,,SKIPPED_ID_UNKNOWN,,,
UNKNOWN,,SKIPPED_ID_UNKNOWN,,,
UNKNOWN,,SKIPPED_ID_UNKNOWN,,,
UNKNOWN,,SKIPPED_ID_UNKNOWN,,,
UNKNOWN,,SKIPPED_ID_UNKNOWN,,,
UNKNOWN,,SKIPPED_ID_UNKNOWN,,,
UNKNOWN,,SKIPPED_ID_UNKNOWN,,,
UNKNOWN,,SKIPPED_ID_UNKNOWN,,,
UNKNOWN,,SKIPPED_ID_UNKNOWN,,,
UNKNOWN,,SKIPPED_ID_UNKNOWN,,,
UNKNOWN,,SKIPPED_ID_UNKNOWN,,,
UNKNOWN,,SKIPPED_ID_UNKNOWN,,,
UNKNOWN,,SKIPPED_ID_UNKNOWN,,,
UNKNOWN,,SKIPPED_ID_UNKNOWN,,,
UNKNOWN,,SKIPPED_ID_UNKNOWN,,,
UNKNOWN,,SKIPPED_ID_UNKNOWN,,,
UNKNOWN,,SKIPPED_ID_UNKNOWN,,,
UNKNOWN,,SKIPPED_ID_UNKNOWN,,,
UNKNOWN,,SKIPPED_ID_UNKNOWN,,,
UNKNOWN,,SKIPPED_ID_UNKNOWN,,,
UNKNOWN,,SKIPPED_ID_UNKNOWN,,,
UNKNOWN,,SKIPPED_ID_UNKNOWN,,,
UNKNOWN,,SKIPPED_ID_UNKNOWN,,,
UNKNOWN,,SKIPPED_ID_UNKNOWN,,,
UNKNOWN,,SKIPPED_ID_UNKNOWN,,,
UNKNOWN,,SKIPPED_ID_UNKNOWN,,,
UNKNOWN,,SKIPPED_ID_UNKNOWN,,,
UNKNOWN,,SKIPPED_ID_UNKNOWN,,,
UNKNOWN,,SKIPPED_ID_UNKNOWN,,,
UNKNOWN,,SKIPPED_ID_UNKNOWN,,,
UNKNOWN,,SKIPPED_ID_UNKNOWN,,,
UNKNOWN,,SKIPPED_ID_UNKNOWN,,,
UNKNOWN,,SKIPPED_ID_UNKNOWN,,,
UNKNOWN,,SKIPPED_ID_UNKNOWN,,,
UNKNOWN,,SKIPPED_ID_UNKNOWN,,,
UNKNOWN,,SKIPPED_ID_UNKNOWN,,,
UNKNOWN,,SKIPPED_ID_UNKNOWN,,,
UNKNOWN,,SKIPPED_ID_UNKNOWN,,,
UNKNOWN,,SKIPPED_ID_UNKNOWN,,,
UNKNOWN,,SKIPPED_ID_UNKNOWN,,,
UNKNOWN,,SKIPPED_ID_UNKNOWN,,,
UNKNOWN,,SKIPPED_ID_UNKNOWN,,,
UNKNOWN,,SKIPPED_ID_UNKNOWN,,,
UNKNOWN,,SKIPPED_ID_UNKNOWN,,,
UNKNOWN,,SKIPPED_ID_UNKNOWN,,,
UNKNOWN,,SKIPPED_ID_UNKNOWN,,,
UNKNOWN,,SKIPPED_ID_UNKNOWN,,,
UNKNOWN,,SKIPPED_ID_UNKNOWN,,,
UNKNOWN,,SKIPPED_ID_UNKNOWN,,,
UNKNOWN,,SKIPPED_ID_UNKNOWN,,,
UNKNOWN,,SKIPPED_ID_UNKNOWN,,,
UNKNOWN,,SKIPPED_ID_UNKNOWN,,,
UNKNOWN,,SKIPPED_ID_UNKNOWN,,,
UNKNOWN,,SKIPPED_ID_UNKNOWN,,,
UNKNOWN,,SKIPPED_ID_UNKNOWN,,,
UNKNOWN,,SKIPPED_ID_UNKNOWN,,,
UNKNOWN,,SKIPPED_ID_UNKNOWN,,,
UNKNOWN,,SKIPPED_ID_UNKNOWN,,,
UNKNOWN,,SKIPPED_ID_UNKNOWN,,,
UNKNOWN,,SKIPPED_ID_UNKNOWN,,,
UNKNOWN,,SKIPPED_ID_UNKNOWN,,,
UNKNOWN,,SKIPPED_ID_UNKNOWN,,,
UNKNOWN,,SKIPPED_ID_UNKNOWN,,,
UNKNOWN,,SKIPPED_ID_UNKNOWN,,,
UNKNOWN,,SKIPPED_ID_UNKNOWN,,,
UNKNOWN,,SKIPPED_ID_UNKNOWN,,,
UNKNOWN,,SKIPPED_ID_UNKNOWN,,,
UNKNOWN,,SKIPPED_ID_UNKNOWN,,,
UNKNOWN,,SKIPPED_ID_UNKNOWN,,,
UNKNOWN,,SKIPPED_ID_UNKNOWN,,,
UNKNOWN,,SKIPPED_ID_UNKNOWN,,,
UNKNOWN,,SKIPPED_ID_UNKNOWN,,,
UNKNOWN,,SKIPPED_ID_UNKNOWN,,,
UNKNOWN,,SKIPPED_ID_UNKNOWN,,,
UNKNOWN,,SKIPPED_ID_UNKNOWN,,,
UNKNOWN,,SKIPPED_ID_UNKNOWN,,,
UNKNOWN,,SKIPPED_ID_UNKNOWN,,,
UNKNOWN,,SKIPPED_ID_UNKNOWN,,,
UNKNOWN,,SKIPPED_ID_UNKNOWN,,,
UNKNOWN,,SKIPPED_ID_UNKNOWN,,,
UNKNOWN,,SKIPPED_ID_UNKNOWN,,,
UNKNOWN,,SKIPPED_ID_UNKNOWN,,,
UNKNOWN,,SKIPPED_ID_UNKNOWN,,,
UNKNOWN,,SKIPPED_ID_UNKNOWN,,,
UNKNOWN,,SKIPPED_ID_UNKNOWN,,,
UNKNOWN,,SKIPPED_ID_UNKNOWN,,,
UNKNOWN,,SKIPPED_ID_UNKNOWN,,,
UNKNOWN,,SKIPPED_ID_UNKNOWN,,,
UNKNOWN,,SKIPPED_ID_UNKNOWN,,,
UNKNOWN,,SKIPPED_ID_UNKNOWN,,,
UNKNOWN,,SKIPPED_ID_UNKNOWN,,,
UNKNOWN,,SKIPPED_ID_UNKNOWN,,,
UNKNOWN,,SKIPPED_ID_UNKNOWN,,,
UNKNOWN,,SKIPPED_ID_UNKNOWN,,,
UNKNOWN,,SKIPPED_ID_UNKNOWN,,,
UNKNOWN,,SKIPPED_ID_UNKNOWN,,,
UNKNOWN,,SKIPPED_ID_UNKNOWN,,,
UNKNOWN,,SKIPPED_ID_UNKNOWN,,,
UNKNOWN,,SKIPPED_ID_UNKNOWN,,,
UNKNOWN,,SKIPPED_ID_UNKNOWN,,,
UNKNOWN,,SKIPPED_ID_UNKNOWN,,,
UNKNOWN,,SKIPPED_ID_UNKNOWN,,,
UNKNOWN,,SKIPPED_ID_UNKNOWN,,,
UNKNOWN,,SKIPPED_ID_UNKNOWN,,,
UNKNOWN,,SKIPPED_ID_UNKNOWN,,,
UNKNOWN,,SKIPPED_ID_UNKNOWN,,,
UNKNOWN,,SKIPPED_ID_UNKNOWN,,,
UNKNOWN,,SKIPPED_ID_UNKNOWN,,,
UNKNOWN,,SKIPPED_ID_UNKNOWN,,,
UNKNOWN,,SKIPPED_ID_UNKNOWN,,,
UNKNOWN,,SKIPPED_ID_UNKNOWN,,,
UNKNOWN,,SKIPPED_ID_UNKNOWN,,,
UNKNOWN,,SKIPPED_ID_UNKNOWN,,,
UNKNOWN,,SKIPPED_ID_UNKNOWN,,,
UNKNOWN,,SKIPPED_ID_UNKNOWN,,,
UNKNOWN,,SKIPPED_ID_UNKNOWN,,,
UNKNOWN,,SKIPPED_ID_UNKNOWN,,,
UNKNOWN,,SKIPPED_ID_UNKNOWN,,,
UNKNOWN,,SKIPPED_ID_UNKNOWN,,,
UNKNOWN,,SKIPPED_ID_UNKNOWN,,,
UNKNOWN,,SKIPPED_ID_UNKNOWN,,,
UNKNOWN,,SKIPPED_ID_UNKNOWN,,,
UNKNOWN,,SKIPPED_ID_UNKNOWN,,,
UNKNOWN,,SKIPPED_ID_UNKNOWN,,,
UNKNOWN,,SKIPPED_ID_UNKNOWN,,,
UNKNOWN,,SKIPPED_ID_UNKNOWN,,,
UNKNOWN,,SKIPPED_ID_UNKNOWN,,,
UNKNOWN,,SKIPPED_ID_UNKNOWN,,,
UNKNOWN,,SKIPPED_ID_UNKNOWN,,,
UNKNOWN,,SKIPPED_ID_UNKNOWN,,,
UNKNOWN,,SKIPPED_ID_UNKNOWN,,,
UNKNOWN,,SKIPPED_ID_UNKNOWN,,,
UNKNOWN,,SKIPPED_ID_UNKNOWN,,,
UNKNOWN,,SKIPPED_ID_UNKNOWN,,,
UNKNOWN,,SKIPPED_ID_UNKNOWN,,,
UNKNOWN,,SKIPPED_ID_UNKNOWN,,,
UNKNOWN,,SKIPPED_ID_UNKNOWN,,,
UNKNOWN,,SKIPPED_ID_UNKNOWN,,,
UNKNOWN,,SKIPPED_ID_UNKNOWN,,,
UNKNOWN,,SKIPPED_ID_UNKNOWN,,,
UNKNOWN,,SKIPPED_ID_UNKNOWN,,,
UNKNOWN,,SKIPPED_ID_UNKNOWN,,,
UNKNOWN,,SKIPPED_ID_UNKNOWN,,,
UNKNOWN,,SKIPPED_ID_UNKNOWN,,,
UNKNOWN,,SKIPPED_ID_UNKNOWN,,,
UNKNOWN,,SKIPPED_ID_UNKNOWN,,,
UNKNOWN,,SKIPPED_ID_UNKNOWN,,,
UNKNOWN,,SKIPPED_ID_UNKNOWN,,,
UNKNOWN,,SKIPPED_ID_UNKNOWN,,,
UNKNOWN,,SKIPPED_ID_UNKNOWN,,,
UNKNOWN,,SKIPPED_ID_UNKNOWN,,,
UNKNOWN,,SKIPPED_ID_UNKNOWN,,,
UNKNOWN,,SKIPPED_ID_UNKNOWN,,,
UNKNOWN,,SKIPPED_ID_UNKNOWN,,,
UNKNOWN,,SKIPPED_ID_UNKNOWN,,,
UNKNOWN,,SKIPPED_ID_UNKNOWN,,,
UNKNOWN,,SKIPPED_ID_UNKNOWN,,,
UNKNOWN,,SKIPPED_ID_UNKNOWN,,,
UNKNOWN,,SKIPPED_ID_UNKNOWN,,,
UNKNOWN,,SKIPPED_ID_UNKNOWN,,,
UNKNOWN,,SKIPPED_ID_UNKNOWN,,,
UNKNOWN,,SKIPPED_ID_UNKNOWN,,,
UNKNOWN,,SKIPPED_ID_UNKNOWN,,,
UNKNOWN,,SKIPPED_ID_UNKNOWN,,,
UNKNOWN,,SKIPPED_ID_UNKNOWN,,,
UNKNOWN,,SKIPPED_ID_UNKNOWN,,,
UNKNOWN,,SKIPPED_ID_UNKNOWN,,,
UNKNOWN,,SKIPPED_ID_UNKNOWN,,,
UNKNOWN,,SKIPPED_ID_UNKNOWN,,,
UNKNOWN,,SKIPPED_ID_UNKNOWN,,,
UNKNOWN,,SKIPPED_ID_UNKNOWN,,,
UNKNOWN,,SKIPPED_ID_UNKNOWN,,,
UNKNOWN,,SKIPPED_ID_UNKNOWN,,,
UNKNOWN,,SKIPPED_ID_UNKNOWN,,,
UNKNOWN,,SKIPPED_ID_UNKNOWN,,,
UNKNOWN,,SKIPPED_ID_UNKNOWN,,,
UNKNOWN,,SKIPPED_ID_UNKNOWN,,,
UNKNOWN,,SKIPPED_ID_UNKNOWN,,,
UNKNOWN,,SKIPPED_ID_UNKNOWN,,,
UNKNOWN,,SKIPPED_ID_UNKNOWN,,,
UNKNOWN,,SKIPPED_ID_UNKNOWN,,,
UNKNOWN,,SKIPPED_ID_UNKNOWN,,,
UNKNOWN,,SKIPPED_ID_UNKNOWN,,,
UNKNOWN,,SKIPPED_ID_UNKNOWN,,,
UNKNOWN,,SKIPPED_ID_UNKNOWN,,,
UNKNOWN,,SKIPPED_ID_UNKNOWN,,,
UNKNOWN,,SKIPPED_ID_UNKNOWN,,,
UNKNOWN,,SKIPPED_ID_UNKNOWN,,,
UNKNOWN,,SKIPPED_ID_UNKNOWN,,,
UNKNOWN,,SKIPPED_ID_UNKNOWN,,,
UNKNOWN,,SKIPPED_ID_UNKNOWN,,,
UNKNOWN,,SKIPPED_ID_UNKNOWN,,,
UNKNOWN,,SKIPPED_ID_UNKNOWN,,,
UNKNOWN,,SKIPPED_ID_UNKNOWN,,,
UNKNOWN,,SKIPPED_ID_UNKNOWN,,,
UNKNOWN,,SKIPPED_ID_UNKNOWN,,,
UNKNOWN,,SKIPPED_ID_UNKNOWN,,,
UNKNOWN,,SKIPPED_ID_UNKNOWN,,,
UNKNOWN,,SKIPPED_ID_UNKNOWN,,,
UNKNOWN,,SKIPPED_ID_UNKNOWN,,,
UNKNOWN,,SKIPPED_ID_UNKNOWN,,,
UNKNOWN,,SKIPPED_ID_UNKNOWN,,,
UNKNOWN,,SKIPPED_ID_UNKNOWN,,,
UNKNOWN,,SKIPPED_ID_UNKNOWN,,,
UNKNOWN,,SKIPPED_ID_UNKNOWN,,,
UNKNOWN,,SKIPPED_ID_UNKNOWN,,,
UNKNOWN,,SKIPPED_ID_UNKNOWN,,,
UNKNOWN,,SKIPPED_ID_UNKNOWN,,,
UNKNOWN,,SKIPPED_ID_UNKNOWN,,,
UNKNOWN,,SKIPPED_ID_UNKNOWN,,,
UNKNOWN,,SKIPPED_ID_UNKNOWN,,,
UNKNOWN,,SKIPPED_ID_UNKNOWN,,,
UNKNOWN,,SKIPPED_ID_UNKNOWN,,,
UNKNOWN,,SKIPPED_ID_UNKNOWN,,,
UNKNOWN,,SKIPPED_ID_UNKNOWN,,,
UNKNOWN,,SKIPPED_ID_UNKNOWN,,,
UNKNOWN,,SKIPPED_ID_UNKNOWN,,,
UNKNOWN,,SKIPPED_ID_UNKNOWN,,,
UNKNOWN,,SKIPPED_ID_UNKNOWN,,,
UNKNOWN,,SKIPPED_ID_UNKNOWN,,,
UNKNOWN,,SKIPPED_ID_UNKNOWN,,,
UNKNOWN,,SKIPPED_ID_UNKNOWN,,,
UNKNOWN,,SKIPPED_ID_UNKNOWN,,,
UNKNOWN,,SKIPPED_ID_UNKNOWN,,,
UNKNOWN,,SKIPPED_ID_UNKNOWN,,,
UNKNOWN,,SKIPPED_ID_UNKNOWN,,,
UNKNOWN,,SKIPPED_ID_UNKNOWN,,,
UNKNOWN,,SKIPPED_ID_UNKNOWN,,,
UNKNOWN,,SKIPPED_ID_UNKNOWN,,,
UNKNOWN,,SKIPPED_ID_UNKNOWN,,,
UNKNOWN,,SKIPPED_ID_UNKNOWN,,,
UNKNOWN,,SKIPPED_ID_UNKNOWN,,,
UNKNOWN,,SKIPPED_ID_UNKNOWN,,,
UNKNOWN,,SKIPPED_ID_UNKNOWN,,,
UNKNOWN,,SKIPPED_ID_UNKNOWN,,,
UNKNOWN,,SKIPPED_ID_UNKNOWN,,,
UNKNOWN,,SKIPPED_ID_UNKNOWN,,,
UNKNOWN,,SKIPPED_ID_UNKNOWN,,,
UNKNOWN,,SKIPPED_ID_UNKNOWN,,,
UNKNOWN,,SKIPPED_ID_UNKNOWN,,,
UNKNOWN,,SKIPPED_ID_UNKNOWN,,,
UNKNOWN,,SKIPPED_ID_UNKNOWN,,,
UNKNOWN,,SKIPPED_ID_UNKNOWN,,,
UNKNOWN,,SKIPPED_ID_UNKNOWN,,,
UNKNOWN,,SKIPPED_ID_UNKNOWN,,,
UNKNOWN,,SKIPPED_ID_UNKNOWN,,,
UNKNOWN,,SKIPPED_ID_UNKNOWN,,,
UNKNOWN,,SKIPPED_ID_UNKNOWN,,,
UNKNOWN,,SKIPPED_ID_UNKNOWN,,,
UNKNOWN,,SKIPPED_ID_UNKNOWN,,,
UNKNOWN,,SKIPPED_ID_UNKNOWN,,,
UNKNOWN,,SKIPPED_ID_UNKNOWN,,,
UNKNOWN,,SKIPPED_ID_UNKNOWN,,,
UNKNOWN,,SKIPPED_ID_UNKNOWN,,,
UNKNOWN,,SKIPPED_ID_UNKNOWN,,,
UNKNOWN,,SKIPPED_ID_UNKNOWN,,,
UNKNOWN,,SKIPPED_ID_UNKNOWN,,,
UNKNOWN,,SKIPPED_ID_UNKNOWN,,,
UNKNOWN,,SKIPPED_ID_UNKNOWN,,,
UNKNOWN,,SKIPPED_ID_UNKNOWN,,,
UNKNOWN,,SKIPPED_ID_UNKNOWN,,,
UNKNOWN,,SKIPPED_ID_UNKNOWN,,,
UNKNOWN,,SKIPPED_ID_UNKNOWN,,,
UNKNOWN,,SKIPPED_ID_UNKNOWN,,,
UNKNOWN,,SKIPPED_ID_UNKNOWN,,,
UNKNOWN,,SKIPPED_ID_UNKNOWN,,,
UNKNOWN,,SKIPPED_ID_UNKNOWN,,,
UNKNOWN,,SKIPPED_ID_UNKNOWN,,,
UNKNOWN,,SKIPPED_ID_UNKNOWN,,,
UNKNOWN,,SKIPPED_ID_UNKNOWN,,,
UNKNOWN,,SKIPPED_ID_UNKNOWN,,,
UNKNOWN,,SKIPPED_ID_UNKNOWN,,,
UNKNOWN,,SKIPPED_ID_UNKNOWN,,,
UNKNOWN,,SKIPPED_ID_UNKNOWN,,,
UNKNOWN,,SKIPPED_ID_UNKNOWN,,,
UNKNOWN,,SKIPPED_ID_UNKNOWN,,,
UNKNOWN,,SKIPPED_ID_UNKNOWN,,,
UNKNOWN,,SKIPPED_ID_UNKNOWN,,,
UNKNOWN,,SKIPPED_ID_UNKNOWN,,,
UNKNOWN,,SKIPPED_ID_UNKNOWN,,,
UNKNOWN,,SKIPPED_ID_UNKNOWN,,,
UNKNOWN,,SKIPPED_ID_UNKNOWN,,,
UNKNOWN,,SKIPPED_ID_UNKNOWN,,,
UNKNOWN,,SKIPPED_ID_UNKNOWN,,,
UNKNOWN,,SKIPPED_ID_UNKNOWN,,,
UNKNOWN,,SKIPPED_ID_UNKNOWN,,,
UNKNOWN,,SKIPPED_ID_UNKNOWN,,,
UNKNOWN,,SKIPPED_ID_UNKNOWN,,,
UNKNOWN,,SKIPPED_ID_UNKNOWN,,,
UNKNOWN,,SKIPPED_ID_UNKNOWN,,,
UNKNOWN,,SKIPPED_ID_UNKNOWN,,,
UNKNOWN,,SKIPPED_ID_UNKNOWN,,,
UNKNOWN,,SKIPPED_ID_UNKNOWN,,,
UNKNOWN,,SKIPPED_ID_UNKNOWN,,,
UNKNOWN,,SKIPPED_ID_UNKNOWN,,,
UNKNOWN,,SKIPPED_ID_UNKNOWN,,,
UNKNOWN,,SKIPPED_ID_UNKNOWN,,,
UNKNOWN,,SKIPPED_ID_UNKNOWN,,,
UNKNOWN,,SKIPPED_ID_UNKNOWN,,,
UNKNOWN,,SKIPPED_ID_UNKNOWN,,,
UNKNOWN,,SKIPPED_ID_UNKNOWN,,,
UNKNOWN,,SKIPPED_ID_UNKNOWN,,,
UNKNOWN,,SKIPPED_ID_UNKNOWN,,,
UNKNOWN,,SKIPPED_ID_UNKNOWN,,,
UNKNOWN,,SKIPPED_ID_UNKNOWN,,,
UNKNOWN,,SKIPPED_ID_UNKNOWN,,,
UNKNOWN,,SKIPPED_ID_UNKNOWN,,,
UNKNOWN,,SKIPPED_ID_UNKNOWN,,,
UNKNOWN,,SKIPPED_ID_UNKNOWN,,,
UNKNOWN,,SKIPPED_ID_UNKNOWN,,,
UNKNOWN,,SKIPPED_ID_UNKNOWN,,,
UNKNOWN,,SKIPPED_ID_UNKNOWN,,,
UNKNOWN,,SKIPPED_ID_UNKNOWN,,,
UNKNOWN,,SKIPPED_ID_UNKNOWN,,,
UNKNOWN,,SKIPPED_ID_UNKNOWN,,,
UNKNOWN,,SKIPPED_ID_UNKNOWN,,,
UNKNOWN,,SKIPPED_ID_UNKNOWN,,,
UNKNOWN,,SKIPPED_ID_UNKNOWN,,,
UNKNOWN,,SKIPPED_ID_UNKNOWN,,,
UNKNOWN,,SKIPPED_ID_UNKNOWN,,,
UNKNOWN,,SKIPPED_ID_UNKNOWN,,,
UNKNOWN,,SKIPPED_ID_UNKNOWN,,,
UNKNOWN,,SKIPPED_ID_UNKNOWN,,,
UNKNOWN,,SKIPPED_ID_UNKNOWN,,,
UNKNOWN,,SKIPPED_ID_UNKNOWN,,,
UNKNOWN,,SKIPPED_ID_UNKNOWN,,,
UNKNOWN,,SKIPPED_ID_UNKNOWN,,,
UNKNOWN,,SKIPPED_ID_UNKNOWN,,,
UNKNOWN,,SKIPPED_ID_UNKNOWN,,,
UNKNOWN,,SKIPPED_ID_UNKNOWN,,,
UNKNOWN,,SKIPPED_ID_UNKNOWN,,,
UNKNOWN,,SKIPPED_ID_UNKNOWN,,,
UNKNOWN,,SKIPPED_ID_UNKNOWN,,,
UNKNOWN,,SKIPPED_ID_UNKNOWN,,,
UNKNOWN,,SKIPPED_ID_UNKNOWN,,,
UNKNOWN,,SKIPPED_ID_UNKNOWN,,,
UNKNOWN,,SKIPPED_ID_UNKNOWN,,,
UNKNOWN,,SKIPPED_ID_UNKNOWN,,,
UNKNOWN,,SKIPPED_ID_UNKNOWN,,,
UNKNOWN,,SKIPPED_ID_UNKNOWN,,,
UNKNOWN,,SKIPPED_ID_UNKNOWN,,,
UNKNOWN,,SKIPPED_ID_UNKNOWN,,,
UNKNOWN,,SKIPPED_ID_UNKNOWN,,,
UNKNOWN,,SKIPPED_ID_UNKNOWN,,,
UNKNOWN,,SKIPPED_ID_UNKNOWN,,,
UNKNOWN,,SKIPPED_ID_UNKNOWN,,,
UNKNOWN,,SKIPPED_ID_UNKNOWN,,,
UNKNOWN,,SKIPPED_ID_UNKNOWN,,,
UNKNOWN,,SKIPPED_ID_UNKNOWN,,,
UNKNOWN,,SKIPPED_ID_UNKNOWN,,,
UNKNOWN,,SKIPPED_ID_UNKNOWN,,,
UNKNOWN,,SKIPPED_ID_UNKNOWN,,,
UNKNOWN,,SKIPPED_ID_UNKNOWN,,,
UNKNOWN,,SKIPPED_ID_UNKNOWN,,,
UNKNOWN,,SKIPPED_ID_UNKNOWN,,,
UNKNOWN,,SKIPPED_ID_UNKNOWN,,,
UNKNOWN,,SKIPPED_ID_UNKNOWN,,,
UNKNOWN,,SKIPPED_ID_UNKNOWN,,,
UNKNOWN,,SKIPPED_ID_UNKNOWN,,,
UNKNOWN,,SKIPPED_ID_UNKNOWN,,,
UNKNOWN,,SKIPPED_ID_UNKNOWN,,,
UNKNOWN,,SKIPPED_ID_UNKNOWN,,,
UNKNOWN,,SKIPPED_ID_UNKNOWN,,,
UNKNOWN,,SKIPPED_ID_UNKNOWN,,,
UNKNOWN,,SKIPPED_ID_UNKNOWN,,,
UNKNOWN,,SKIPPED_ID_UNKNOWN,,,
UNKNOWN,,SKIPPED_ID_UNKNOWN,,,
UNKNOWN,,SKIPPED_ID_UNKNOWN,,,
UNKNOWN,,SKIPPED_ID_UNKNOWN,,,
UNKNOWN,,SKIPPED_ID_UNKNOWN,,,
UNKNOWN,,SKIPPED_ID_UNKNOWN,,,
UNKNOWN,,SKIPPED_ID_UNKNOWN,,,
UNKNOWN,,SKIPPED_ID_UNKNOWN,,,
UNKNOWN,,SKIPPED_ID_UNKNOWN,,,
UNKNOWN,,SKIPPED_ID_UNKNOWN,,,
UNKNOWN,,SKIPPED_ID_UNKNOWN,,,
UNKNOWN,,SKIPPED_ID_UNKNOWN,,,
UNKNOWN,,SKIPPED_ID_UNKNOWN,,,
UNKNOWN,,SKIPPED_ID_UNKNOWN,,,
UNKNOWN,,SKIPPED_ID_UNKNOWN,,,
UNKNOWN,,SKIPPED_ID_UNKNOWN,,,
UNKNOWN,,SKIPPED_ID_UNKNOWN,,,
UNKNOWN,,SKIPPED_ID_UNKNOWN,,,
UNKNOWN,,SKIPPED_ID_UNKNOWN,,,
UNKNOWN,,SKIPPED_ID_UNKNOWN,,,
UNKNOWN,,SKIPPED_ID_UNKNOWN,,,
UNKNOWN,,SKIPPED_ID_UNKNOWN,,,
UNKNOWN,,SKIPPED_ID_UNKNOWN,,,
UNKNOWN,,SKIPPED_ID_UNKNOWN,,,
UNKNOWN,,SKIPPED_ID_UNKNOWN,,,
UNKNOWN,,SKIPPED_ID_UNKNOWN,,,
UNKNOWN,,SKIPPED_ID_UNKNOWN,,,
UNKNOWN,,SKIPPED_ID_UNKNOWN,,,
UNKNOWN,,SKIPPED_ID_UNKNOWN,,,
UNKNOWN,,SKIPPED_ID_UNKNOWN,,,
UNKNOWN,,SKIPPED_ID_UNKNOWN,,,
UNKNOWN,,SKIPPED_ID_UNKNOWN,,,
UNKNOWN,,SKIPPED_ID_UNKNOWN,,,
UNKNOWN,,SKIPPED_ID_UNKNOWN,,,
UNKNOWN,,SKIPPED_ID_UNKNOWN,,,
UNKNOWN,,SKIPPED_ID_UNKNOWN,,,
UNKNOWN,,SKIPPED_ID_UNKNOWN,,,
UNKNOWN,,SKIPPED_ID_UNKNOWN,,,
UNKNOWN,,SKIPPED_ID_UNKNOWN,,,
UNKNOWN,,SKIPPED_ID_UNKNOWN,,,
UNKNOWN,,SKIPPED_ID_UNKNOWN,,,
UNKNOWN,,SKIPPED_ID_UNKNOWN,,,
UNKNOWN,,SKIPPED_ID_UNKNOWN,,,
UNKNOWN,,SKIPPED_ID_UNKNOWN,,,
UNKNOWN,,SKIPPED_ID_UNKNOWN,,,
UNKNOWN,,SKIPPED_ID_UNKNOWN,,,
UNKNOWN,,SKIPPED_ID_UNKNOWN,,,
UNKNOWN,,SKIPPED_ID_UNKNOWN,,,
UNKNOWN,,SKIPPED_ID_UNKNOWN,,,
UNKNOWN,,SKIPPED_ID_UNKNOWN,,,
UNKNOWN,,SKIPPED_ID_UNKNOWN,,,
UNKNOWN,,SKIPPED_ID_UNKNOWN,,,
UNKNOWN,,SKIPPED_ID_UNKNOWN,,,
UNKNOWN,,SKIPPED_ID_UNKNOWN,,,
UNKNOWN,,SKIPPED_ID_UNKNOWN,,,
UNKNOWN,,SKIPPED_ID_UNKNOWN,,,
UNKNOWN,,SKIPPED_ID_UNKNOWN,,,
UNKNOWN,,SKIPPED_ID_UNKNOWN,,,
UNKNOWN,,SKIPPED_ID_UNKNOWN,,,
UNKNOWN,,SKIPPED_ID_UNKNOWN,,,
UNKNOWN,,SKIPPED_ID_UNKNOWN,,,
UNKNOWN,,SKIPPED_ID_UNKNOWN,,,
UNKNOWN,,SKIPPED_ID_UNKNOWN,,,
UNKNOWN,,SKIPPED_ID_UNKNOWN,,,
UNKNOWN,,SKIPPED_ID_UNKNOWN,,,
UNKNOWN,,SKIPPED_ID_UNKNOWN,,,
UNKNOWN,,SKIPPED_ID_UNKNOWN,,,
UNKNOWN,,SKIPPED_ID_UNKNOWN,,,
UNKNOWN,,SKIPPED_ID_UNKNOWN,,,
UNKNOWN,,SKIPPED_ID_UNKNOWN,,,
UNKNOWN,,SKIPPED_ID_UNKNOWN,,,
UNKNOWN,,SKIPPED_ID_UNKNOWN,,,
UNKNOWN,,SKIPPED_ID_UNKNOWN,,,
UNKNOWN,,SKIPPED_ID_UNKNOWN,,,
UNKNOWN,,SKIPPED_ID_UNKNOWN,,,
UNKNOWN,,SKIPPED_ID_UNKNOWN,,,
UNKNOWN,,SKIPPED_ID_UNKNOWN,,,
UNKNOWN,,SKIPPED_ID_UNKNOWN,,,
UNKNOWN,,SKIPPED_ID_UNKNOWN,,,
UNKNOWN,,SKIPPED_ID_UNKNOWN,,,
UNKNOWN,,SKIPPED_ID_UNKNOWN,,,
UNKNOWN,,SKIPPED_ID_UNKNOWN,,,
UNKNOWN,,SKIPPED_ID_UNKNOWN,,,
UNKNOWN,,SKIPPED_ID_UNKNOWN,,,
UNKNOWN,,SKIPPED_ID_UNKNOWN,,,
UNKNOWN,,SKIPPED_ID_UNKNOWN,,,
UNKNOWN,,SKIPPED_ID_UNKNOWN,,,
UNKNOWN,,SKIPPED_ID_UNKNOWN,,,
UNKNOWN,,SKIPPED_ID_UNKNOWN,,,
UNKNOWN,,SKIPPED_ID_UNKNOWN,,,
UNKNOWN,,SKIPPED_ID_UNKNOWN,,,
UNKNOWN,,SKIPPED_ID_UNKNOWN,,,
UNKNOWN,,SKIPPED_ID_UNKNOWN,,,
UNKNOWN,,SKIPPED_ID_UNKNOWN,,,
UNKNOWN,,SKIPPED_ID_UNKNOWN,,,
UNKNOWN,,SKIPPED_ID_UNKNOWN,,,
UNKNOWN,,SKIPPED_ID_UNKNOWN,,,
UNKNOWN,,SKIPPED_ID_UNKNOWN,,,
UNKNOWN,,SKIPPED_ID_UNKNOWN,,,
UNKNOWN,,SKIPPED_ID_UNKNOWN,,,
UNKNOWN,,SKIPPED_ID_UNKNOWN,,,
UNKNOWN,,SKIPPED_ID_UNKNOWN,,,
UNKNOWN,,SKIPPED_ID_UNKNOWN,,,
UNKNOWN,,SKIPPED_ID_UNKNOWN,,,
UNKNOWN,,SKIPPED_ID_UNKNOWN,,,
UNKNOWN,,SKIPPED_ID_UNKNOWN,,,
UNKNOWN,,SKIPPED_ID_UNKNOWN,,,
UNKNOWN,,SKIPPED_ID_UNKNOWN,,,
UNKNOWN,,SKIPPED_ID_UNKNOWN,,,
UNKNOWN,,SKIPPED_ID_UNKNOWN,,,
UNKNOWN,,SKIPPED_ID_UNKNOWN,,,
UNKNOWN,,SKIPPED_ID_UNKNOWN,,,
UNKNOWN,,SKIPPED_ID_UNKNOWN,,,
UNKNOWN,,SKIPPED_ID_UNKNOWN,,,
UNKNOWN,,SKIPPED_ID_UNKNOWN,,,
UNKNOWN,,SKIPPED_ID_UNKNOWN,,,
UNKNOWN,,SKIPPED_ID_UNKNOWN,,,
UNKNOWN,,SKIPPED_ID_UNKNOWN,,,
UNKNOWN,,SKIPPED_ID_UNKNOWN,,,
UNKNOWN,,SKIPPED_ID_UNKNOWN,,,
UNKNOWN,,SKIPPED_ID_UNKNOWN,,,
UNKNOWN,,SKIPPED_ID_UNKNOWN,,,
UNKNOWN,,SKIPPED_ID_UNKNOWN,,,
UNKNOWN,,SKIPPED_ID_UNKNOWN,,,
UNKNOWN,,SKIPPED_ID_UNKNOWN,,,
UNKNOWN,,SKIPPED_ID_UNKNOWN,,,
UNKNOWN,,SKIPPED_ID_UNKNOWN,,,
UNKNOWN,,SKIPPED_ID_UNKNOWN,,,
UNKNOWN,,SKIPPED_ID_UNKNOWN,,,
UNKNOWN,,SKIPPED_ID_UNKNOWN,,,
UNKNOWN,,SKIPPED_ID_UNKNOWN,,,
UNKNOWN,,SKIPPED_ID_UNKNOWN,,,
UNKNOWN,,SKIPPED_ID_UNKNOWN,,,
UNKNOWN,,SKIPPED_ID_UNKNOWN,,,
UNKNOWN,,SKIPPED_ID_UNKNOWN,,,
UNKNOWN,,SKIPPED_ID_UNKNOWN,,,
UNKNOWN,,SKIPPED_ID_UNKNOWN,,,
UNKNOWN,,SKIPPED_ID_UNKNOWN,,,
UNKNOWN,,SKIPPED_ID_UNKNOWN,,,
UNKNOWN,,SKIPPED_ID_UNKNOWN,,,
UNKNOWN,,SKIPPED_ID_UNKNOWN,,,
UNKNOWN,,SKIPPED_ID_UNKNOWN,,,
UNKNOWN,,SKIPPED_ID_UNKNOWN,,,
UNKNOWN,,SKIPPED_ID_UNKNOWN,,,
UNKNOWN,,SKIPPED_ID_UNKNOWN,,,
UNKNOWN,,SKIPPED_ID_UNKNOWN,,,
UNKNOWN,,SKIPPED_ID_UNKNOWN,,,
UNKNOWN,,SKIPPED_ID_UNKNOWN,,,
UNKNOWN,,SKIPPED_ID_UNKNOWN,,,
UNKNOWN,,SKIPPED_ID_UNKNOWN,,,
UNKNOWN,,SKIPPED_ID_UNKNOWN,,,
UNKNOWN,,SKIPPED_ID_UNKNOWN,,,
UNKNOWN,,SKIPPED_ID_UNKNOWN,,,
UNKNOWN,,SKIPPED_ID_UNKNOWN,,,
UNKNOWN,,SKIPPED_ID_UNKNOWN,,,
UNKNOWN,,SKIPPED_ID_UNKNOWN,,,
UNKNOWN,,SKIPPED_ID_UNKNOWN,,,
UNKNOWN,,SKIPPED_ID_UNKNOWN,,,
UNKNOWN,,SKIPPED_ID_UNKNOWN,,,
UNKNOWN,,SKIPPED_ID_UNKNOWN,,,
UNKNOWN,,SKIPPED_ID_UNKNOWN,,,
UNKNOWN,,SKIPPED_ID_UNKNOWN,,,
UNKNOWN,,SKIPPED_ID_UNKNOWN,,,
UNKNOWN,,SKIPPED_ID_UNKNOWN,,,
UNKNOWN,,SKIPPED_ID_UNKNOWN,,,
UNKNOWN,,SKIPPED_ID_UNKNOWN,,,
UNKNOWN,,SKIPPED_ID_UNKNOWN,,,
UNKNOWN,,SKIPPED_ID_UNKNOWN,,,
UNKNOWN,,SKIPPED_ID_UNKNOWN,,,
UNKNOWN,,SKIPPED_ID_UNKNOWN,,,
UNKNOWN,,SKIPPED_ID_UNKNOWN,,,
UNKNOWN,,SKIPPED_ID_UNKNOWN,,,
UNKNOWN,,SKIPPED_ID_UNKNOWN,,,
UNKNOWN,,SKIPPED_ID_UNKNOWN,,,
UNKNOWN,,SKIPPED_ID_UNKNOWN,,,
UNKNOWN,,SKIPPED_ID_UNKNOWN,,,
UNKNOWN,,SKIPPED_ID_UNKNOWN,,,
UNKNOWN,,SKIPPED_ID_UNKNOWN,,,
UNKNOWN,,SKIPPED_ID_UNKNOWN,,,
UNKNOWN,,SKIPPED_ID_UNKNOWN,,,
UNKNOWN,,SKIPPED_ID_UNKNOWN,,,
UNKNOWN,,SKIPPED_ID_UNKNOWN,,,
UNKNOWN,,SKIPPED_ID_UNKNOWN,,,
UNKNOWN,,SKIPPED_ID_UNKNOWN,,,
UNKNOWN,,SKIPPED_ID_UNKNOWN,,,
UNKNOWN,,SKIPPED_ID_UNKNOWN,,,
UNKNOWN,,SKIPPED_ID_UNKNOWN,,,
UNKNOWN,,SKIPPED_ID_UNKNOWN,,,
UNKNOWN,,SKIPPED_ID_UNKNOWN,,,
UNKNOWN,,SKIPPED_ID_UNKNOWN,,,
UNKNOWN,,SKIPPED_ID_UNKNOWN,,,
UNKNOWN,,SKIPPED_ID_UNKNOWN,,,
UNKNOWN,,SKIPPED_ID_UNKNOWN,,,
UNKNOWN,,SKIPPED_ID_UNKNOWN,,,
UNKNOWN,,SKIPPED_ID_UNKNOWN,,,
UNKNOWN,,SKIPPED_ID_UNKNOWN,,,
UNKNOWN,,SKIPPED_ID_UNKNOWN,,,
UNKNOWN,,SKIPPED_ID_UNKNOWN,,,
UNKNOWN,,SKIPPED_ID_UNKNOWN,,,
UNKNOWN,,SKIPPED_ID_UNKNOWN,,,
UNKNOWN,,SKIPPED_ID_UNKNOWN,,,
UNKNOWN,,SKIPPED_ID_UNKNOWN,,,
UNKNOWN,,SKIPPED_ID_UNKNOWN,,,
UNKNOWN,,SKIPPED_ID_UNKNOWN,,,
UNKNOWN,,SKIPPED_ID_UNKNOWN,,,
UNKNOWN,,SKIPPED_ID_UNKNOWN,,,
UNKNOWN,,SKIPPED_ID_UNKNOWN,,,
UNKNOWN,,SKIPPED_ID_UNKNOWN,,,
UNKNOWN,,SKIPPED_ID_UNKNOWN,,,
UNKNOWN,,SKIPPED_ID_UNKNOWN,,,
UNKNOWN,,SKIPPED_ID_UNKNOWN,,,
UNKNOWN,,SKIPPED_ID_UNKNOWN,,,
UNKNOWN,,SKIPPED_ID_UNKNOWN,,,
UNKNOWN,,SKIPPED_ID_UNKNOWN,,,
UNKNOWN,,SKIPPED_ID_UNKNOWN,,,
UNKNOWN,,SKIPPED_ID_UNKNOWN,,,
UNKNOWN,,SKIPPED_ID_UNKNOWN,,,
UNKNOWN,,SKIPPED_ID_UNKNOWN,,,
UNKNOWN,,SKIPPED_ID_UNKNOWN,,,
UNKNOWN,,SKIPPED_ID_UNKNOWN,,,
UNKNOWN,,SKIPPED_ID_UNKNOWN,,,
UNKNOWN,,SKIPPED_ID_UNKNOWN,,,
UNKNOWN,,SKIPPED_ID_UNKNOWN,,,
UNKNOWN,,SKIPPED_ID_UNKNOWN,,,
UNKNOWN,,SKIPPED_ID_UNKNOWN,,,
UNKNOWN,,SKIPPED_ID_UNKNOWN,,,
UNKNOWN,,SKIPPED_ID_UNKNOWN,,,
UNKNOWN,,SKIPPED_ID_UNKNOWN,,,
UNKNOWN,,SKIPPED_ID_UNKNOWN,,,
UNKNOWN,,SKIPPED_ID_UNKNOWN,,,
UNKNOWN,,SKIPPED_ID_UNKNOWN,,,
UNKNOWN,,SKIPPED_ID_UNKNOWN,,,
UNKNOWN,,SKIPPED_ID_UNKNOWN,,,
UNKNOWN,,SKIPPED_ID_UNKNOWN,,,
UNKNOWN,,SKIPPED_ID_UNKNOWN,,,
UNKNOWN,,SKIPPED_ID_UNKNOWN,,,
UNKNOWN,,SKIPPED_ID_UNKNOWN,,,
UNKNOWN,,SKIPPED_ID_UNKNOWN,,,
UNKNOWN,,SKIPPED_ID_UNKNOWN,,,
UNKNOWN,,SKIPPED_ID_UNKNOWN,,,
UNKNOWN,,SKIPPED_ID_UNKNOWN,,,
UNKNOWN,,SKIPPED_ID_UNKNOWN,,,
UNKNOWN,,SKIPPED_ID_UNKNOWN,,,
UNKNOWN,,SKIPPED_ID_UNKNOWN,,,
UNKNOWN,,SKIPPED_ID_UNKNOWN,,,
UNKNOWN,,SKIPPED_ID_UNKNOWN,,,
UNKNOWN,,SKIPPED_ID_UNKNOWN,,,
UNKNOWN,,SKIPPED_ID_UNKNOWN,,,
UNKNOWN,,SKIPPED_ID_UNKNOWN,,,
UNKNOWN,,SKIPPED_ID_UNKNOWN,,,
UNKNOWN,,SKIPPED_ID_UNKNOWN,,,
UNKNOWN,,SKIPPED_ID_UNKNOWN,,,
UNKNOWN,,SKIPPED_ID_UNKNOWN,,,
UNKNOWN,,SKIPPED_ID_UNKNOWN,,,
UNKNOWN,,SKIPPED_ID_UNKNOWN,,,
UNKNOWN,,SKIPPED_ID_UNKNOWN,,,
UNKNOWN,,SKIPPED_ID_UNKNOWN,,,
UNKNOWN,,SKIPPED_ID_UNKNOWN,,,
UNKNOWN,,SKIPPED_ID_UNKNOWN,,,
UNKNOWN,,SKIPPED_ID_UNKNOWN,,,
UNKNOWN,,SKIPPED_ID_UNKNOWN,,,
UNKNOWN,,SKIPPED_ID_UNKNOWN,,,
UNKNOWN,,SKIPPED_ID_UNKNOWN,,,
UNKNOWN,,SKIPPED_ID_UNKNOWN,,,
UNKNOWN,,SKIPPED_ID_UNKNOWN,,,
UNKNOWN,,SKIPPED_ID_UNKNOWN,,,
UNKNOWN,,SKIPPED_ID_UNKNOWN,,,
UNKNOWN,,SKIPPED_ID_UNKNOWN,,,
UNKNOWN,,SKIPPED_ID_UNKNOWN,,,
UNKNOWN,,SKIPPED_ID_UNKNOWN,,,
UNKNOWN,,SKIPPED_ID_UNKNOWN,,,
UNKNOWN,,SKIPPED_ID_UNKNOWN,,,
UNKNOWN,,SKIPPED_ID_UNKNOWN,,,
UNKNOWN,,SKIPPED_ID_UNKNOWN,,,
UNKNOWN,,SKIPPED_ID_UNKNOWN,,,
UNKNOWN,,SKIPPED_ID_UNKNOWN,,,
UNKNOWN,,SKIPPED_ID_UNKNOWN,,,
UNKNOWN,,SKIPPED_ID_UNKNOWN,,,
UNKNOWN,,SKIPPED_ID_UNKNOWN,,,
UNKNOWN,,SKIPPED_ID_UNKNOWN,,,
UNKNOWN,,SKIPPED_ID_UNKNOWN,,,
UNKNOWN,,SKIPPED_ID_UNKNOWN,,,
UNKNOWN,,SKIPPED_ID_UNKNOWN,,,
UNKNOWN,,SKIPPED_ID_UNKNOWN,,,
UNKNOWN,,SKIPPED_ID_UNKNOWN,,,
UNKNOWN,,SKIPPED_ID_UNKNOWN,,,
UNKNOWN,,SKIPPED_ID_UNKNOWN,,,
UNKNOWN,,SKIPPED_ID_UNKNOWN,,,
UNKNOWN,,SKIPPED_ID_UNKNOWN,,,
UNKNOWN,,SKIPPED_ID_UNKNOWN,,,
UNKNOWN,,SKIPPED_ID_UNKNOWN,,,
UNKNOWN,,SKIPPED_ID_UNKNOWN,,,
UNKNOWN,,SKIPPED_ID_UNKNOWN,,,
UNKNOWN,,SKIPPED_ID_UNKNOWN,,,
UNKNOWN,,SKIPPED_ID_UNKNOWN,,,
UNKNOWN,,SKIPPED_ID_UNKNOWN,,,
UNKNOWN,,SKIPPED_ID_UNKNOWN,,,
UNKNOWN,,SKIPPED_ID_UNKNOWN,,,
UNKNOWN,,SKIPPED_ID_UNKNOWN,,,
UNKNOWN,,SKIPPED_ID_UNKNOWN,,,
UNKNOWN,,SKIPPED_ID_UNKNOWN,,,
UNKNOWN,,SKIPPED_ID_UNKNOWN,,,
UNKNOWN,,SKIPPED_ID_UNKNOWN,,,
UNKNOWN,,SKIPPED_ID_UNKNOWN,,,
UNKNOWN,,SKIPPED_ID_UNKNOWN,,,
UNKNOWN,,SKIPPED_ID_UNKNOWN,,,
UNKNOWN,,SKIPPED_ID_UNKNOWN,,,
UNKNOWN,,SKIPPED_ID_UNKNOWN,,,
UNKNOWN,,SKIPPED_ID_UNKNOWN,,,
UNKNOWN,,SKIPPED_ID_UNKNOWN,,,
UNKNOWN,,SKIPPED_ID_UNKNOWN,,,
UNKNOWN,,SKIPPED_ID_UNKNOWN,,,
UNKNOWN,,SKIPPED_ID_UNKNOWN,,,
UNKNOWN,,SKIPPED_ID_UNKNOWN,,,
UNKNOWN,,SKIPPED_ID_UNKNOWN,,,
UNKNOWN,,SKIPPED_ID_UNKNOWN,,,
UNKNOWN,,SKIPPED_ID_UNKNOWN,,,
UNKNOWN,,SKIPPED_ID_UNKNOWN,,,
UNKNOWN,,SKIPPED_ID_UNKNOWN,,,
UNKNOWN,,SKIPPED_ID_UNKNOWN,,,
UNKNOWN,,SKIPPED_ID_UNKNOWN,,,
UNKNOWN,,SKIPPED_ID_UNKNOWN,,,
UNKNOWN,,SKIPPED_ID_UNKNOWN,,,
UNKNOWN,,SKIPPED_ID_UNKNOWN,,,
UNKNOWN,,SKIPPED_ID_UNKNOWN,,,
UNKNOWN,,SKIPPED_ID_UNKNOWN,,,
UNKNOWN,,SKIPPED_ID_UNKNOWN,,,
UNKNOWN,,SKIPPED_ID_UNKNOWN,,,
UNKNOWN,,SKIPPED_ID_UNKNOWN,,,
UNKNOWN,,SKIPPED_ID_UNKNOWN,,,
UNKNOWN,,SKIPPED_ID_UNKNOWN,,,
UNKNOWN,,SKIPPED_ID_UNKNOWN,,,
UNKNOWN,,SKIPPED_ID_UNKNOWN,,,
UNKNOWN,,SKIPPED_ID_UNKNOWN,,,
UNKNOWN,,SKIPPED_ID_UNKNOWN,,,
UNKNOWN,,SKIPPED_ID_UNKNOWN,,,
UNKNOWN,,SKIPPED_ID_UNKNOWN,,,
UNKNOWN,,SKIPPED_ID_UNKNOWN,,,
UNKNOWN,,SKIPPED_ID_UNKNOWN,,,
UNKNOWN,,SKIPPED_ID_UNKNOWN,,,
UNKNOWN,,SKIPPED_ID_UNKNOWN,,,
UNKNOWN,,SKIPPED_ID_UNKNOWN,,,
UNKNOWN,,SKIPPED_ID_UNKNOWN,,,
UNKNOWN,,SKIPPED_ID_UNKNOWN,,,
UNKNOWN,,SKIPPED_ID_UNKNOWN,,,
UNKNOWN,,SKIPPED_ID_UNKNOWN,,,
UNKNOWN,,SKIPPED_ID_UNKNOWN,,,
UNKNOWN,,SKIPPED_ID_UNKNOWN,,,
UNKNOWN,,SKIPPED_ID_UNKNOWN,,,
UNKNOWN,,SKIPPED_ID_UNKNOWN,,,
UNKNOWN,,SKIPPED_ID_UNKNOWN,,,
UNKNOWN,,SKIPPED_ID_UNKNOWN,,,
UNKNOWN,,SKIPPED_ID_UNKNOWN,,,
UNKNOWN,,SKIPPED_ID_UNKNOWN,,,
UNKNOWN,,SKIPPED_ID_UNKNOWN,,,
UNKNOWN,,SKIPPED_ID_UNKNOWN,,,
UNKNOWN,,SKIPPED_ID_UNKNOWN,,,
UNKNOWN,,SKIPPED_ID_UNKNOWN,,,
UNKNOWN,,SKIPPED_ID_UNKNOWN,,,
UNKNOWN,,SKIPPED_ID_UNKNOWN,,,
UNKNOWN,,SKIPPED_ID_UNKNOWN,,,
UNKNOWN,,SKIPPED_ID_UNKNOWN,,,
UNKNOWN,,SKIPPED_ID_UNKNOWN,,,
UNKNOWN,,SKIPPED_ID_UNKNOWN,,,
UNKNOWN,,SKIPPED_ID_UNKNOWN,,,
UNKNOWN,,SKIPPED_ID_UNKNOWN,,,
UNKNOWN,,SKIPPED_ID_UNKNOWN,,,
UNKNOWN,,SKIPPED_ID_UNKNOWN,,,
UNKNOWN,,SKIPPED_ID_UNKNOWN,,,
UNKNOWN,,SKIPPED_ID_UNKNOWN,,,
UNKNOWN,,SKIPPED_ID_UNKNOWN,,,
UNKNOWN,,SKIPPED_ID_UNKNOWN,,,
UNKNOWN,,SKIPPED_ID_UNKNOWN,,,
UNKNOWN,,SKIPPED_ID_UNKNOWN,,,
UNKNOWN,,SKIPPED_ID_UNKNOWN,,,
UNKNOWN,,SKIPPED_ID_UNKNOWN,,,
UNKNOWN,,SKIPPED_ID_UNKNOWN,,,
UNKNOWN,,SKIPPED_ID_UNKNOWN,,,
UNKNOWN,,SKIPPED_ID_UNKNOWN,,,
UNKNOWN,,SKIPPED_ID_UNKNOWN,,,
UNKNOWN,,SKIPPED_ID_UNKNOWN,,,
UNKNOWN,,SKIPPED_ID_UNKNOWN,,,
UNKNOWN,,SKIPPED_ID_UNKNOWN,,,
UNKNOWN,,SKIPPED_ID_UNKNOWN,,,
UNKNOWN,,SKIPPED_ID_UNKNOWN,,,
UNKNOWN,,SKIPPED_ID_UNKNOWN,,,
UNKNOWN,,SKIPPED_ID_UNKNOWN,,,
UNKNOWN,,SKIPPED_ID_UNKNOWN,,,
UNKNOWN,,SKIPPED_ID_UNKNOWN,,,
UNKNOWN,,SKIPPED_ID_UNKNOWN,,,
UNKNOWN,,SKIPPED_ID_UNKNOWN,,,
UNKNOWN,,SKIPPED_ID_UNKNOWN,,,
UNKNOWN,,SKIPPED_ID_UNKNOWN,,,
UNKNOWN,,SKIPPED_ID_UNKNOWN,,,
UNKNOWN,,SKIPPED_ID_UNKNOWN,,,
UNKNOWN,,SKIPPED_ID_UNKNOWN,,,
UNKNOWN,,SKIPPED_ID_UNKNOWN,,,
UNKNOWN,,SKIPPED_ID_UNKNOWN,,,
UNKNOWN,,SKIPPED_ID_UNKNOWN,,,
UNKNOWN,,SKIPPED_ID_UNKNOWN,,,
UNKNOWN,,SKIPPED_ID_UNKNOWN,,,
UNKNOWN,,SKIPPED_ID_UNKNOWN,,,
UNKNOWN,,SKIPPED_ID_UNKNOWN,,,
UNKNOWN,,SKIPPED_ID_UNKNOWN,,,
UNKNOWN,,SKIPPED_ID_UNKNOWN,,,
UNKNOWN,,SKIPPED_ID_UNKNOWN,,,
UNKNOWN,,SKIPPED_ID_UNKNOWN,,,
UNKNOWN,,SKIPPED_ID_UNKNOWN,,,
UNKNOWN,,SKIPPED_ID_UNKNOWN,,,
UNKNOWN,,SKIPPED_ID_UNKNOWN,,,
UNKNOWN,,SKIPPED_ID_UNKNOWN,,,
UNKNOWN,,SKIPPED_ID_UNKNOWN,,,
UNKNOWN,,SKIPPED_ID_UNKNOWN,,,
UNKNOWN,,SKIPPED_ID_UNKNOWN,,,
UNKNOWN,,SKIPPED_ID_UNKNOWN,,,
UNKNOWN,,SKIPPED_ID_UNKNOWN,,,
UNKNOWN,,SKIPPED_ID_UNKNOWN,,,
UNKNOWN,,SKIPPED_ID_UNKNOWN,,,
UNKNOWN,,SKIPPED_ID_UNKNOWN,,,
UNKNOWN,,SKIPPED_ID_UNKNOWN,,,
UNKNOWN,,SKIPPED_ID_UNKNOWN,,,
UNKNOWN,,SKIPPED_ID_UNKNOWN,,,
UNKNOWN,,SKIPPED_ID_UNKNOWN,,,
UNKNOWN,,SKIPPED_ID_UNKNOWN,,,
UNKNOWN,,SKIPPED_ID_UNKNOWN,,,
UNKNOWN,,SKIPPED_ID_UNKNOWN,,,
UNKNOWN,,SKIPPED_ID_UNKNOWN,,,
UNKNOWN,,SKIPPED_ID_UNKNOWN,,,
UNKNOWN,,SKIPPED_ID_UNKNOWN,,,
UNKNOWN,,SKIPPED_ID_UNKNOWN,,,
UNKNOWN,,SKIPPED_ID_UNKNOWN,,,
UNKNOWN,,SKIPPED_ID_UNKNOWN,,,
UNKNOWN,,SKIPPED_ID_UNKNOWN,,,
UNKNOWN,,SKIPPED_ID_UNKNOWN,,,
UNKNOWN,,SKIPPED_ID_UNKNOWN,,,
UNKNOWN,,SKIPPED_ID_UNKNOWN,,,
UNKNOWN,,SKIPPED_ID_UNKNOWN,,,
UNKNOWN,,SKIPPED_ID_UNKNOWN,,,
UNKNOWN,,SKIPPED_ID_UNKNOWN,,,
UNKNOWN,,SKIPPED_ID_UNKNOWN,,,
UNKNOWN,,SKIPPED_ID_UNKNOWN,,,
UNKNOWN,,SKIPPED_ID_UNKNOWN,,,
UNKNOWN,,SKIPPED_ID_UNKNOWN,,,
UNKNOWN,,SKIPPED_ID_UNKNOWN,,,
UNKNOWN,,SKIPPED_ID_UNKNOWN,,,
UNKNOWN,,SKIPPED_ID_UNKNOWN,,,
UNKNOWN,,SKIPPED_ID_UNKNOWN,,,
UNKNOWN,,SKIPPED_ID_UNKNOWN,,,
UNKNOWN,,SKIPPED_ID_UNKNOWN,,,
UNKNOWN,,SKIPPED_ID_UNKNOWN,,,
UNKNOWN,,SKIPPED_ID_UNKNOWN,,,
UNKNOWN,,SKIPPED_ID_UNKNOWN,,,
UNKNOWN,,SKIPPED_ID_UNKNOWN,,,
UNKNOWN,,SKIPPED_ID_UNKNOWN,,,
UNKNOWN,,SKIPPED_ID_UNKNOWN,,,
UNKNOWN,,SKIPPED_ID_UNKNOWN,,,
UNKNOWN,,SKIPPED_ID_UNKNOWN,,,
UNKNOWN,,SKIPPED_ID_UNKNOWN,,,
UNKNOWN,,SKIPPED_ID_UNKNOWN,,,
UNKNOWN,,SKIPPED_ID_UNKNOWN,,,
UNKNOWN,,SKIPPED_ID_UNKNOWN,,,
UNKNOWN,,SKIPPED_ID_UNKNOWN,,,
UNKNOWN,,SKIPPED_ID_UNKNOWN,,,
UNKNOWN,,SKIPPED_ID_UNKNOWN,,,
UNKNOWN,,SKIPPED_ID_UNKNOWN,,,
UNKNOWN,,SKIPPED_ID_UNKNOWN,,,
UNKNOWN,,SKIPPED_ID_UNKNOWN,,,
UNKNOWN,,SKIPPED_ID_UNKNOWN,,,
UNKNOWN,,SKIPPED_ID_UNKNOWN,,,
UNKNOWN,,SKIPPED_ID_UNKNOWN,,,
UNKNOWN,,SKIPPED_ID_UNKNOWN,,,
UNKNOWN,,SKIPPED_ID_UNKNOWN,,,
UNKNOWN,,SKIPPED_ID_UNKNOWN,,,
UNKNOWN,,SKIPPED_ID_UNKNOWN,,,
UNKNOWN,,SKIPPED_ID_UNKNOWN,,,
UNKNOWN,,SKIPPED_ID_UNKNOWN,,,
UNKNOWN,,SKIPPED_ID_UNKNOWN,,,
UNKNOWN,,SKIPPED_ID_UNKNOWN,,,
UNKNOWN,,SKIPPED_ID_UNKNOWN,,,
UNKNOWN,,SKIPPED_ID_UNKNOWN,,,
UNKNOWN,,SKIPPED_ID_UNKNOWN,,,
UNKNOWN,,SKIPPED_ID_UNKNOWN,,,
UNKNOWN,,SKIPPED_ID_UNKNOWN,,,
UNKNOWN,,SKIPPED_ID_UNKNOWN,,,
UNKNOWN,,SKIPPED_ID_UNKNOWN,,,
UNKNOWN,,SKIPPED_ID_UNKNOWN,,,
UNKNOWN,,SKIPPED_ID_UNKNOWN,,,
UNKNOWN,,SKIPPED_ID_UNKNOWN,,,
UNKNOWN,,SKIPPED_ID_UNKNOWN,,,
UNKNOWN,,SKIPPED_ID_UNKNOWN,,,
UNKNOWN,,SKIPPED_ID_UNKNOWN,,,
UNKNOWN,,SKIPPED_ID_UNKNOWN,,,
UNKNOWN,,SKIPPED_ID_UNKNOWN,,,
UNKNOWN,,SKIPPED_ID_UNKNOWN,,,
UNKNOWN,,SKIPPED_ID_UNKNOWN,,,
UNKNOWN,,SKIPPED_ID_UNKNOWN,,,
UNKNOWN,,SKIPPED_ID_UNKNOWN,,,
UNKNOWN,,SKIPPED_ID_UNKNOWN,,,
UNKNOWN,,SKIPPED_ID_UNKNOWN,,,
UNKNOWN,,SKIPPED_ID_UNKNOWN,,,
UNKNOWN,,SKIPPED_ID_UNKNOWN,,,
UNKNOWN,,SKIPPED_ID_UNKNOWN,,,
UNKNOWN,,SKIPPED_ID_UNKNOWN,,,
UNKNOWN,,SKIPPED_ID_UNKNOWN,,,
UNKNOWN,,SKIPPED_ID_UNKNOWN,,,
UNKNOWN,,SKIPPED_ID_UNKNOWN,,,
UNKNOWN,,SKIPPED_ID_UNKNOWN,,,
UNKNOWN,,SKIPPED_ID_UNKNOWN,,,
UNKNOWN,,SKIPPED_ID_UNKNOWN,,,
UNKNOWN,,SKIPPED_ID_UNKNOWN,,,
UNKNOWN,,SKIPPED_ID_UNKNOWN,,,
UNKNOWN,,SKIPPED_ID_UNKNOWN,,,
UNKNOWN,,SKIPPED_ID_UNKNOWN,,,
UNKNOWN,,SKIPPED_ID_UNKNOWN,,,
UNKNOWN,,SKIPPED_ID_UNKNOWN,,,
UNKNOWN,,SKIPPED_ID_UNKNOWN,,,
UNKNOWN,,SKIPPED_ID_UNKNOWN,,,
UNKNOWN,,SKIPPED_ID_UNKNOWN,,,
UNKNOWN,,SKIPPED_ID_UNKNOWN,,,
UNKNOWN,,SKIPPED_ID_UNKNOWN,,,
UNKNOWN,,SKIPPED_ID_UNKNOWN,,,
UNKNOWN,,SKIPPED_ID_UNKNOWN,,,
UNKNOWN,,SKIPPED_ID_UNKNOWN,,,
UNKNOWN,,SKIPPED_ID_UNKNOWN,,,
UNKNOWN,,SKIPPED_ID_UNKNOWN,,,
UNKNOWN,,SKIPPED_ID_UNKNOWN,,,
UNKNOWN,,SKIPPED_ID_UNKNOWN,,,
UNKNOWN,,SKIPPED_ID_UNKNOWN,,,
UNKNOWN,,SKIPPED_ID_UNKNOWN,,,
UNKNOWN,,SKIPPED_ID_UNKNOWN,,,
UNKNOWN,,SKIPPED_ID_UNKNOWN,,,
UNKNOWN,,SKIPPED_ID_UNKNOWN,,,
UNKNOWN,,SKIPPED_ID_UNKNOWN,,,
UNKNOWN,,SKIPPED_ID_UNKNOWN,,,
UNKNOWN,,SKIPPED_ID_UNKNOWN,,,
UNKNOWN,,SKIPPED_ID_UNKNOWN,,,
UNKNOWN,,SKIPPED_ID_UNKNOWN,,,
UNKNOWN,,SKIPPED_ID_UNKNOWN,,,
UNKNOWN,,SKIPPED_ID_UNKNOWN,,,
UNKNOWN,,SKIPPED_ID_UNKNOWN,,,
UNKNOWN,,SKIPPED_ID_UNKNOWN,,,
UNKNOWN,,SKIPPED_ID_UNKNOWN,,,
UNKNOWN,,SKIPPED_ID_UNKNOWN,,,
UNKNOWN,,SKIPPED_ID_UNKNOWN,,,
UNKNOWN,,SKIPPED_ID_UNKNOWN,,,
UNKNOWN,,SKIPPED_ID_UNKNOWN,,,
UNKNOWN,,SKIPPED_ID_UNKNOWN,,,
UNKNOWN,,SKIPPED_ID_UNKNOWN,,,
UNKNOWN,,SKIPPED_ID_UNKNOWN,,,
UNKNOWN,,SKIPPED_ID_UNKNOWN,,,
UNKNOWN,,SKIPPED_ID_UNKNOWN,,,
UNKNOWN,,SKIPPED_ID_UNKNOWN,,,
UNKNOWN,,SKIPPED_ID_UNKNOWN,,,
UNKNOWN,,SKIPPED_ID_UNKNOWN,,,
UNKNOWN,,SKIPPED_ID_UNKNOWN,,,
UNKNOWN,,SKIPPED_ID_UNKNOWN,,,
UNKNOWN,,SKIPPED_ID_UNKNOWN,,,
UNKNOWN,,SKIPPED_ID_UNKNOWN,,,
UNKNOWN,,SKIPPED_ID_UNKNOWN,,,
UNKNOWN,,SKIPPED_ID_UNKNOWN,,,
UNKNOWN,,SKIPPED_ID_UNKNOWN,,,
UNKNOWN,,SKIPPED_ID_UNKNOWN,,,
UNKNOWN,,SKIPPED_ID_UNKNOWN,,,
UNKNOWN,,SKIPPED_ID_UNKNOWN,,,
UNKNOWN,,SKIPPED_ID_UNKNOWN,,,
UNKNOWN,,SKIPPED_ID_UNKNOWN,,,
UNKNOWN,,SKIPPED_ID_UNKNOWN,,,
UNKNOWN,,SKIPPED_ID_UNKNOWN,,,
UNKNOWN,,SKIPPED_ID_UNKNOWN,,,
UNKNOWN,,SKIPPED_ID_UNKNOWN,,,
UNKNOWN,,SKIPPED_ID_UNKNOWN,,,
UNKNOWN,,SKIPPED_ID_UNKNOWN,,,
UNKNOWN,,SKIPPED_ID_UNKNOWN,,,
UNKNOWN,,SKIPPED_ID_UNKNOWN,,,
UNKNOWN,,SKIPPED_ID_UNKNOWN,,,
UNKNOWN,,SKIPPED_ID_UNKNOWN,,,
UNKNOWN,,SKIPPED_ID_UNKNOWN,,,
UNKNOWN,,SKIPPED_ID_UNKNOWN,,,
UNKNOWN,,SKIPPED_ID_UNKNOWN,,,
UNKNOWN,,SKIPPED_ID_UNKNOWN,,,
UNKNOWN,,SKIPPED_ID_UNKNOWN,,,
UNKNOWN,,SKIPPED_ID_UNKNOWN,,,
UNKNOWN,,SKIPPED_ID_UNKNOWN,,,
UNKNOWN,,SKIPPED_ID_UNKNOWN,,,
UNKNOWN,,SKIPPED_ID_UNKNOWN,,,
UNKNOWN,,SKIPPED_ID_UNKNOWN,,,
UNKNOWN,,SKIPPED_ID_UNKNOWN,,,
UNKNOWN,,SKIPPED_ID_UNKNOWN,,,
UNKNOWN,,SKIPPED_ID_UNKNOWN,,,
UNKNOWN,,SKIPPED_ID_UNKNOWN,,,
UNKNOWN,,SKIPPED_ID_UNKNOWN,,,
UNKNOWN,,SKIPPED_ID_UNKNOWN,,,
UNKNOWN,,SKIPPED_ID_UNKNOWN,,,
UNKNOWN,,SKIPPED_ID_UNKNOWN,,,
UNKNOWN,,SKIPPED_ID_UNKNOWN,,,
UNKNOWN,,SKIPPED_ID_UNKNOWN,,,
UNKNOWN,,SKIPPED_ID_UNKNOWN,,,
UNKNOWN,,SKIPPED_ID_UNKNOWN,,,
UNKNOWN,,SKIPPED_ID_UNKNOWN,,,
UNKNOWN,,SKIPPED_ID_UNKNOWN,,,
UNKNOWN,,SKIPPED_ID_UNKNOWN,,,
UNKNOWN,,SKIPPED_ID_UNKNOWN,,,
UNKNOWN,,SKIPPED_ID_UNKNOWN,,,
UNKNOWN,,SKIPPED_ID_UNKNOWN,,,
UNKNOWN,,SKIPPED_ID_UNKNOWN,,,
UNKNOWN,,SKIPPED_ID_UNKNOWN,,,
UNKNOWN,,SKIPPED_ID_UNKNOWN,,,
UNKNOWN,,SKIPPED_ID_UNKNOWN,,,
UNKNOWN,,SKIPPED_ID_UNKNOWN,,,
UNKNOWN,,SKIPPED_ID_UNKNOWN,,,
UNKNOWN,,SKIPPED_ID_UNKNOWN,,,
UNKNOWN,,SKIPPED_ID_UNKNOWN,,,
UNKNOWN,,SKIPPED_ID_UNKNOWN,,,
UNKNOWN,,SKIPPED_ID_UNKNOWN,,,
UNKNOWN,,SKIPPED_ID_UNKNOWN,,,
UNKNOWN,,SKIPPED_ID_UNKNOWN,,,
UNKNOWN,,SKIPPED_ID_UNKNOWN,,,
UNKNOWN,,SKIPPED_ID_UNKNOWN,,,
UNKNOWN,,SKIPPED_ID_UNKNOWN,,,
UNKNOWN,,SKIPPED_ID_UNKNOWN,,,
UNKNOWN,,SKIPPED_ID_UNKNOWN,,,
UNKNOWN,,SKIPPED_ID_UNKNOWN,,,
UNKNOWN,,SKIPPED_ID_UNKNOWN,,,
UNKNOWN,,SKIPPED_ID_UNKNOWN,,,
UNKNOWN,,SKIPPED_ID_UNKNOWN,,,
UNKNOWN,,SKIPPED_ID_UNKNOWN,,,
UNKNOWN,,SKIPPED_ID_UNKNOWN,,,
UNKNOWN,,SKIPPED_ID_UNKNOWN,,,
UNKNOWN,,SKIPPED_ID_UNKNOWN,,,
UNKNOWN,,SKIPPED_ID_UNKNOWN,,,
UNKNOWN,,SKIPPED_ID_UNKNOWN,,,
UNKNOWN,,SKIPPED_ID_UNKNOWN,,,
UNKNOWN,,SKIPPED_ID_UNKNOWN,,,
UNKNOWN,,SKIPPED_ID_UNKNOWN,,,
UNKNOWN,,SKIPPED_ID_UNKNOWN,,,
UNKNOWN,,SKIPPED_ID_UNKNOWN,,,
UNKNOWN,,SKIPPED_ID_UNKNOWN,,,
UNKNOWN,,SKIPPED_ID_UNKNOWN,,,
UNKNOWN,,SKIPPED_ID_UNKNOWN,,,
UNKNOWN,,SKIPPED_ID_UNKNOWN,,,
UNKNOWN,,SKIPPED_ID_UNKNOWN,,,
UNKNOWN,,SKIPPED_ID_UNKNOWN,,,
UNKNOWN,,SKIPPED_ID_UNKNOWN,,,
UNKNOWN,,SKIPPED_ID_UNKNOWN,,,
UNKNOWN,,SKIPPED_ID_UNKNOWN,,,
UNKNOWN,,SKIPPED_ID_UNKNOWN,,,
UNKNOWN,,SKIPPED_ID_UNKNOWN,,,
UNKNOWN,,SKIPPED_ID_UNKNOWN,,,
UNKNOWN,,SKIPPED_ID_UNKNOWN,,,
UNKNOWN,,SKIPPED_ID_UNKNOWN,,,
UNKNOWN,,SKIPPED_ID_UNKNOWN,,,
UNKNOWN,,SKIPPED_ID_UNKNOWN,,,
UNKNOWN,,SKIPPED_ID_UNKNOWN,,,
UNKNOWN,,SKIPPED_ID_UNKNOWN,,,
UNKNOWN,,SKIPPED_ID_UNKNOWN,,,
UNKNOWN,,SKIPPED_ID_UNKNOWN,,,
UNKNOWN,,SKIPPED_ID_UNKNOWN,,,
UNKNOWN,,SKIPPED_ID_UNKNOWN,,,
UNKNOWN,,SKIPPED_ID_UNKNOWN,,,
UNKNOWN,,SKIPPED_ID_UNKNOWN,,,
UNKNOWN,,SKIPPED_ID_UNKNOWN,,,
UNKNOWN,,SKIPPED_ID_UNKNOWN,,,
UNKNOWN,,SKIPPED_ID_UNKNOWN,,,
UNKNOWN,,SKIPPED_ID_UNKNOWN,,,
UNKNOWN,,SKIPPED_ID_UNKNOWN,,,
UNKNOWN,,SKIPPED_ID_UNKNOWN,,,
UNKNOWN,,SKIPPED_ID_UNKNOWN,,,
UNKNOWN,,SKIPPED_ID_UNKNOWN,,,
UNKNOWN,,SKIPPED_ID_UNKNOWN,,,
UNKNOWN,,SKIPPED_ID_UNKNOWN,,,
UNKNOWN,,SKIPPED_ID_UNKNOWN,,,
UNKNOWN,,SKIPPED_ID_UNKNOWN,,,
UNKNOWN,,SKIPPED_ID_UNKNOWN,,,
UNKNOWN,,SKIPPED_ID_UNKNOWN,,,
UNKNOWN,,SKIPPED_ID_UNKNOWN,,,
UNKNOWN,,SKIPPED_ID_UNKNOWN,,,
UNKNOWN,,SKIPPED_ID_UNKNOWN,,,
UNKNOWN,,SKIPPED_ID_UNKNOWN,,,
UNKNOWN,,SKIPPED_ID_UNKNOWN,,,
UNKNOWN,,SKIPPED_ID_UNKNOWN,,,
UNKNOWN,,SKIPPED_ID_UNKNOWN,,,
UNKNOWN,,SKIPPED_ID_UNKNOWN,,,
UNKNOWN,,SKIPPED_ID_UNKNOWN,,,
UNKNOWN,,SKIPPED_ID_UNKNOWN,,,
UNKNOWN,,SKIPPED_ID_UNKNOWN,,,
UNKNOWN,,SKIPPED_ID_UNKNOWN,,,
UNKNOWN,,SKIPPED_ID_UNKNOWN,,,
UNKNOWN,,SKIPPED_ID_UNKNOWN,,,
UNKNOWN,,SKIPPED_ID_UNKNOWN,,,
UNKNOWN,,SKIPPED_ID_UNKNOWN,,,
UNKNOWN,,SKIPPED_ID_UNKNOWN,,,
UNKNOWN,,SKIPPED_ID_UNKNOWN,,,
UNKNOWN,,SKIPPED_ID_UNKNOWN,,,
UNKNOWN,,SKIPPED_ID_UNKNOWN,,,
UNKNOWN,,SKIPPED_ID_UNKNOWN,,,
UNKNOWN,,SKIPPED_ID_UNKNOWN,,,
UNKNOWN,,SKIPPED_ID_UNKNOWN,,,
UNKNOWN,,SKIPPED_ID_UNKNOWN,,,
UNKNOWN,,SKIPPED_ID_UNKNOWN,,,
UNKNOWN,,SKIPPED_ID_UNKNOWN,,,
UNKNOWN,,SKIPPED_ID_UNKNOWN,,,
UNKNOWN,,SKIPPED_ID_UNKNOWN,,,
UNKNOWN,,SKIPPED_ID_UNKNOWN,,,
UNKNOWN,,SKIPPED_ID_UNKNOWN,,,
UNKNOWN,,SKIPPED_ID_UNKNOWN,,,
UNKNOWN,,SKIPPED_ID_UNKNOWN,,,
UNKNOWN,,SKIPPED_ID_UNKNOWN,,,
UNKNOWN,,SKIPPED_ID_UNKNOWN,,,
UNKNOWN,,SKIPPED_ID_UNKNOWN,,,
UNKNOWN,,SKIPPED_ID_UNKNOWN,,,
UNKNOWN,,SKIPPED_ID_UNKNOWN,,,
UNKNOWN,,SKIPPED_ID_UNKNOWN,,,
UNKNOWN,,SKIPPED_ID_UNKNOWN,,,
UNKNOWN,,SKIPPED_ID_UNKNOWN,,,
UNKNOWN,,SKIPPED_ID_UNKNOWN,,,
UNKNOWN,,SKIPPED_ID_UNKNOWN,,,
UNKNOWN,,SKIPPED_ID_UNKNOWN,,,
UNKNOWN,,SKIPPED_ID_UNKNOWN,,,
UNKNOWN,,SKIPPED_ID_UNKNOWN,,,
UNKNOWN,,SKIPPED_ID_UNKNOWN,,,
UNKNOWN,,SKIPPED_ID_UNKNOWN,,,
UNKNOWN,,SKIPPED_ID_UNKNOWN,,,
UNKNOWN,,SKIPPED_ID_UNKNOWN,,,
UNKNOWN,,SKIPPED_ID_UNKNOWN,,,
UNKNOWN,,SKIPPED_ID_UNKNOWN,,,
UNKNOWN,,SKIPPED_ID_UNKNOWN,,,
UNKNOWN,,SKIPPED_ID_UNKNOWN,,,
UNKNOWN,,SKIPPED_ID_UNKNOWN,,,
UNKNOWN,,SKIPPED_ID_UNKNOWN,,,
UNKNOWN,,SKIPPED_ID_UNKNOWN,,,
UNKNOWN,,SKIPPED_ID_UNKNOWN,,,
UNKNOWN,,SKIPPED_ID_UNKNOWN,,,
UNKNOWN,,SKIPPED_ID_UNKNOWN,,,
UNKNOWN,,SKIPPED_ID_UNKNOWN,,,
UNKNOWN,,SKIPPED_ID_UNKNOWN,,,
UNKNOWN,,SKIPPED_ID_UNKNOWN,,,
UNKNOWN,,SKIPPED_ID_UNKNOWN,,,
UNKNOWN,,SKIPPED_ID_UNKNOWN,,,
UNKNOWN,,SKIPPED_ID_UNKNOWN,,,
UNKNOWN,,SKIPPED_ID_UNKNOWN,,,
UNKNOWN,,SKIPPED_ID_UNKNOWN,,,
UNKNOWN,,SKIPPED_ID_UNKNOWN,,,
UNKNOWN,,SKIPPED_ID_UNKNOWN,,,
UNKNOWN,,SKIPPED_ID_UNKNOWN,,,
UNKNOWN,,SKIPPED_ID_UNKNOWN,,,
UNKNOWN,,SKIPPED_ID_UNKNOWN,,,
UNKNOWN,,SKIPPED_ID_UNKNOWN,,,
UNKNOWN,,SKIPPED_ID_UNKNOWN,,,
UNKNOWN,,SKIPPED_ID_UNKNOWN,,,
UNKNOWN,,SKIPPED_ID_UNKNOWN,,,
UNKNOWN,,SKIPPED_ID_UNKNOWN,,,
UNKNOWN,,SKIPPED_ID_UNKNOWN,,,
UNKNOWN,,SKIPPED_ID_UNKNOWN,,,
UNKNOWN,,SKIPPED_ID_UNKNOWN,,,
UNKNOWN,,SKIPPED_ID_UNKNOWN,,,
UNKNOWN,,SKIPPED_ID_UNKNOWN,,,
UNKNOWN,,SKIPPED_ID_UNKNOWN,,,
UNKNOWN,,SKIPPED_ID_UNKNOWN,,,
UNKNOWN,,SKIPPED_ID_UNKNOWN,,,
UNKNOWN,,SKIPPED_ID_UNKNOWN,,,
UNKNOWN,,SKIPPED_ID_UNKNOWN,,,
UNKNOWN,,SKIPPED_ID_UNKNOWN,,,
UNKNOWN,,SKIPPED_ID_UNKNOWN,,,
UNKNOWN,,SKIPPED_ID_UNKNOWN,,,
UNKNOWN,,SKIPPED_ID_UNKNOWN,,,
UNKNOWN,,SKIPPED_ID_UNKNOWN,,,
UNKNOWN,,SKIPPED_ID_UNKNOWN,,,
UNKNOWN,,SKIPPED_ID_UNKNOWN,,,
UNKNOWN,,SKIPPED_ID_UNKNOWN,,,
UNKNOWN,,SKIPPED_ID_UNKNOWN,,,
UNKNOWN,,SKIPPED_ID_UNKNOWN,,,
UNKNOWN,,SKIPPED_ID_UNKNOWN,,,
UNKNOWN,,SKIPPED_ID_UNKNOWN,,,
UNKNOWN,,SKIPPED_ID_UNKNOWN,,,
UNKNOWN,,SKIPPED_ID_UNKNOWN,,,
UNKNOWN,,SKIPPED_ID_UNKNOWN,,,
UNKNOWN,,SKIPPED_ID_UNKNOWN,,,
UNKNOWN,,SKIPPED_ID_UNKNOWN,,,
UNKNOWN,,SKIPPED_ID_UNKNOWN,,,
UNKNOWN,,SKIPPED_ID_UNKNOWN,,,
UNKNOWN,,SKIPPED_ID_UNKNOWN,,,
UNKNOWN,,SKIPPED_ID_UNKNOWN,,,
UNKNOWN,,SKIPPED_ID_UNKNOWN,,,
UNKNOWN,,SKIPPED_ID_UNKNOWN,,,
UNKNOWN,,SKIPPED_ID_UNKNOWN,,,
UNKNOWN,,SKIPPED_ID_UNKNOWN,,,
UNKNOWN,,SKIPPED_ID_UNKNOWN,,,
UNKNOWN,,SKIPPED_ID_UNKNOWN,,,
UNKNOWN,,SKIPPED_ID_UNKNOWN,,,
UNKNOWN,,SKIPPED_ID_UNKNOWN,,,
UNKNOWN,,SKIPPED_ID_UNKNOWN,,,
UNKNOWN,,SKIPPED_ID_UNKNOWN,,,
UNKNOWN,,SKIPPED_ID_UNKNOWN,,,
UNKNOWN,,SKIPPED_ID_UNKNOWN,,,
UNKNOWN,,SKIPPED_ID_UNKNOWN,,,
UNKNOWN,,SKIPPED_ID_UNKNOWN,,,
UNKNOWN,,SKIPPED_ID_UNKNOWN,,,
UNKNOWN,,SKIPPED_ID_UNKNOWN,,,
UNKNOWN,,SKIPPED_ID_UNKNOWN,,,
UNKNOWN,,SKIPPED_ID_UNKNOWN,,,
UNKNOWN,,SKIPPED_ID_UNKNOWN,,,
UNKNOWN,,SKIPPED_ID_UNKNOWN,,,
UNKNOWN,,SKIPPED_ID_UNKNOWN,,,
UNKNOWN,,SKIPPED_ID_UNKNOWN,,,
UNKNOWN,,SKIPPED_ID_UNKNOWN,,,
UNKNOWN,,SKIPPED_ID_UNKNOWN,,,
UNKNOWN,,SKIPPED_ID_UNKNOWN,,,
UNKNOWN,,SKIPPED_ID_UNKNOWN,,,
UNKNOWN,,SKIPPED_ID_UNKNOWN,,,
UNKNOWN,,SKIPPED_ID_UNKNOWN,,,
UNKNOWN,,SKIPPED_ID_UNKNOWN,,,
UNKNOWN,,SKIPPED_ID_UNKNOWN,,,
UNKNOWN,,SKIPPED_ID_UNKNOWN,,,
UNKNOWN,,SKIPPED_ID_UNKNOWN,,,
UNKNOWN,,SKIPPED_ID_UNKNOWN,,,
UNKNOWN,,SKIPPED_ID_UNKNOWN,,,
UNKNOWN,,SKIPPED_ID_UNKNOWN,,,
UNKNOWN,,SKIPPED_ID_UNKNOWN,,,
UNKNOWN,,SKIPPED_ID_UNKNOWN,,,
UNKNOWN,,SKIPPED_ID_UNKNOWN,,,
UNKNOWN,,SKIPPED_ID_UNKNOWN,,,
UNKNOWN,,SKIPPED_ID_UNKNOWN,,,
UNKNOWN,,SKIPPED_ID_UNKNOWN,,,
UNKNOWN,,SKIPPED_ID_UNKNOWN,,,
UNKNOWN,,SKIPPED_ID_UNKNOWN,,,
UNKNOWN,,SKIPPED_ID_UNKNOWN,,,
UNKNOWN,,SKIPPED_ID_UNKNOWN,,,
UNKNOWN,,SKIPPED_ID_UNKNOWN,,,
UNKNOWN,,SKIPPED_ID_UNKNOWN,,,
UNKNOWN,,SKIPPED_ID_UNKNOWN,,,
UNKNOWN,,SKIPPED_ID_UNKNOWN,,,
UNKNOWN,,SKIPPED_ID_UNKNOWN,,,
UNKNOWN,,SKIPPED_ID_UNKNOWN,,,
UNKNOWN,,SKIPPED_ID_UNKNOWN,,,
UNKNOWN,,SKIPPED_ID_UNKNOWN,,,
UNKNOWN,,SKIPPED_ID_UNKNOWN,,,
UNKNOWN,,SKIPPED_ID_UNKNOWN,,,
UNKNOWN,,SKIPPED_ID_UNKNOWN,,,
UNKNOWN,,SKIPPED_ID_UNKNOWN,,,
UNKNOWN,,SKIPPED_ID_UNKNOWN,,,
UNKNOWN,,SKIPPED_ID_UNKNOWN,,,
UNKNOWN,,SKIPPED_ID_UNKNOWN,,,
UNKNOWN,,SKIPPED_ID_UNKNOWN,,,
UNKNOWN,,SKIPPED_ID_UNKNOWN,,,
UNKNOWN,,SKIPPED_ID_UNKNOWN,,,
UNKNOWN,,SKIPPED_ID_UNKNOWN,,,
UNKNOWN,,SKIPPED_ID_UNKNOWN,,,
UNKNOWN,,SKIPPED_ID_UNKNOWN,,,
UNKNOWN,,SKIPPED_ID_UNKNOWN,,,
UNKNOWN,,SKIPPED_ID_UNKNOWN,,,
UNKNOWN,,SKIPPED_ID_UNKNOWN,,,
UNKNOWN,,SKIPPED_ID_UNKNOWN,,,
UNKNOWN,,SKIPPED_ID_UNKNOWN,,,
UNKNOWN,,SKIPPED_ID_UNKNOWN,,,
UNKNOWN,,SKIPPED_ID_UNKNOWN,,,
UNKNOWN,,SKIPPED_ID_UNKNOWN,,,
UNKNOWN,,SKIPPED_ID_UNKNOWN,,,
UNKNOWN,,SKIPPED_ID_UNKNOWN,,,
UNKNOWN,,SKIPPED_ID_UNKNOWN,,,
UNKNOWN,,SKIPPED_ID_UNKNOWN,,,
UNKNOWN,,SKIPPED_ID_UNKNOWN,,,
UNKNOWN,,SKIPPED_ID_UNKNOWN,,,
UNKNOWN,,SKIPPED_ID_UNKNOWN,,,
UNKNOWN,,SKIPPED_ID_UNKNOWN,,,
UNKNOWN,,SKIPPED_ID_UNKNOWN,,,
UNKNOWN,,SKIPPED_ID_UNKNOWN,,,
UNKNOWN,,SKIPPED_ID_UNKNOWN,,,
UNKNOWN,,SKIPPED_ID_UNKNOWN,,,
UNKNOWN,,SKIPPED_ID_UNKNOWN,,,
UNKNOWN,,SKIPPED_ID_UNKNOWN,,,
UNKNOWN,,SKIPPED_ID_UNKNOWN,,,
UNKNOWN,,SKIPPED_ID_UNKNOWN,,,
UNKNOWN,,SKIPPED_ID_UNKNOWN,,,
UNKNOWN,,SKIPPED_ID_UNKNOWN,,,
UNKNOWN,,SKIPPED_ID_UNKNOWN,,,
UNKNOWN,,SKIPPED_ID_UNKNOWN,,,
UNKNOWN,,SKIPPED_ID_UNKNOWN,,,
UNKNOWN,,SKIPPED_ID_UNKNOWN,,,
UNKNOWN,,SKIPPED_ID_UNKNOWN,,,
UNKNOWN,,SKIPPED_ID_UNKNOWN,,,
UNKNOWN,,SKIPPED_ID_UNKNOWN,,,
UNKNOWN,,SKIPPED_ID_UNKNOWN,,,
UNKNOWN,,SKIPPED_ID_UNKNOWN,,,
UNKNOWN,,SKIPPED_ID_UNKNOWN,,,
UNKNOWN,,SKIPPED_ID_UNKNOWN,,,
UNKNOWN,,SKIPPED_ID_UNKNOWN,,,
UNKNOWN,,SKIPPED_ID_UNKNOWN,,,
UNKNOWN,,SKIPPED_ID_UNKNOWN,,,
UNKNOWN,,SKIPPED_ID_UNKNOWN,,,
UNKNOWN,,SKIPPED_ID_UNKNOWN,,,
UNKNOWN,,SKIPPED_ID_UNKNOWN,,,
UNKNOWN,,SKIPPED_ID_UNKNOWN,,,
UNKNOWN,,SKIPPED_ID_UNKNOWN,,,
UNKNOWN,,SKIPPED_ID_UNKNOWN,,,
UNKNOWN,,SKIPPED_ID_UNKNOWN,,,
UNKNOWN,,SKIPPED_ID_UNKNOWN,,,
UNKNOWN,,SKIPPED_ID_UNKNOWN,,,
UNKNOWN,,SKIPPED_ID_UNKNOWN,,,
UNKNOWN,,SKIPPED_ID_UNKNOWN,,,
UNKNOWN,,SKIPPED_ID_UNKNOWN,,,
UNKNOWN,,SKIPPED_ID_UNKNOWN,,,
UNKNOWN,,SKIPPED_ID_UNKNOWN,,,
UNKNOWN,,SKIPPED_ID_UNKNOWN,,,
UNKNOWN,,SKIPPED_ID_UNKNOWN,,,
UNKNOWN,,SKIPPED_ID_UNKNOWN,,,
UNKNOWN,,SKIPPED_ID_UNKNOWN,,,
UNKNOWN,,SKIPPED_ID_UNKNOWN,,,
UNKNOWN,,SKIPPED_ID_UNKNOWN,,,
UNKNOWN,,SKIPPED_ID_UNKNOWN,,,
UNKNOWN,,SKIPPED_ID_UNKNOWN,,,
UNKNOWN,,SKIPPED_ID_UNKNOWN,,,
UNKNOWN,,SKIPPED_ID_UNKNOWN,,,
UNKNOWN,,SKIPPED_ID_UNKNOWN,,,
UNKNOWN,,SKIPPED_ID_UNKNOWN,,,
UNKNOWN,,SKIPPED_ID_UNKNOWN,,,
UNKNOWN,,SKIPPED_ID_UNKNOWN,,,
UNKNOWN,,SKIPPED_ID_UNKNOWN,,,
UNKNOWN,,SKIPPED_ID_UNKNOWN,,,
UNKNOWN,,SKIPPED_ID_UNKNOWN,,,
UNKNOWN,,SKIPPED_ID_UNKNOWN,,,
UNKNOWN,,SKIPPED_ID_UNKNOWN,,,
UNKNOWN,,SKIPPED_ID_UNKNOWN,,,
UNKNOWN,,SKIPPED_ID_UNKNOWN,,,
UNKNOWN,,SKIPPED_ID_UNKNOWN,,,
UNKNOWN,,SKIPPED_ID_UNKNOWN,,,
UNKNOWN,,SKIPPED_ID_UNKNOWN,,,
UNKNOWN,,SKIPPED_ID_UNKNOWN,,,
UNKNOWN,,SKIPPED_ID_UNKNOWN,,,
UNKNOWN,,SKIPPED_ID_UNKNOWN,,,
UNKNOWN,,SKIPPED_ID_UNKNOWN,,,
UNKNOWN,,SKIPPED_ID_UNKNOWN,,,
UNKNOWN,,SKIPPED_ID_UNKNOWN,,,
UNKNOWN,,SKIPPED_ID_UNKNOWN,,,
UNKNOWN,,SKIPPED_ID_UNKNOWN,,,
UNKNOWN,,SKIPPED_ID_UNKNOWN,,,
UNKNOWN,,SKIPPED_ID_UNKNOWN,,,
UNKNOWN,,SKIPPED_ID_UNKNOWN,,,
UNKNOWN,,SKIPPED_ID_UNKNOWN,,,
UNKNOWN,,SKIPPED_ID_UNKNOWN,,,
UNKNOWN,,SKIPPED_ID_UNKNOWN,,,
UNKNOWN,,SKIPPED_ID_UNKNOWN,,,
UNKNOWN,,SKIPPED_ID_UNKNOWN,,,
UNKNOWN,,SKIPPED_ID_UNKNOWN,,,
UNKNOWN,,SKIPPED_ID_UNKNOWN,,,
UNKNOWN,,SKIPPED_ID_UNKNOWN,,,
UNKNOWN,,SKIPPED_ID_UNKNOWN,,,
UNKNOWN,,SKIPPED_ID_UNKNOWN,,,
UNKNOWN,,SKIPPED_ID_UNKNOWN,,,
UNKNOWN,,SKIPPED_ID_UNKNOWN,,,
UNKNOWN,,SKIPPED_ID_UNKNOWN,,,
UNKNOWN,,SKIPPED_ID_UNKNOWN,,,
UNKNOWN,,SKIPPED_ID_UNKNOWN,,,
UNKNOWN,,SKIPPED_ID_UNKNOWN,,,
UNKNOWN,,SKIPPED_ID_UNKNOWN,,,
UNKNOWN,,SKIPPED_ID_UNKNOWN,,,
UNKNOWN,,SKIPPED_ID_UNKNOWN,,,
UNKNOWN,,SKIPPED_ID_UNKNOWN,,,
UNKNOWN,,SKIPPED_ID_UNKNOWN,,,
UNKNOWN,,SKIPPED_ID_UNKNOWN,,,
UNKNOWN,,SKIPPED_ID_UNKNOWN,,,
UNKNOWN,,SKIPPED_ID_UNKNOWN,,,
UNKNOWN,,SKIPPED_ID_UNKNOWN,,,
UNKNOWN,,SKIPPED_ID_UNKNOWN,,,
UNKNOWN,,SKIPPED_ID_UNKNOWN,,,
UNKNOWN,,SKIPPED_ID_UNKNOWN,,,
UNKNOWN,,SKIPPED_ID_UNKNOWN,,,
UNKNOWN,,SKIPPED_ID_UNKNOWN,,,
UNKNOWN,,SKIPPED_ID_UNKNOWN,,,
UNKNOWN,,SKIPPED_ID_UNKNOWN,,,
UNKNOWN,,SKIPPED_ID_UNKNOWN,,,
UNKNOWN,,SKIPPED_ID_UNKNOWN,,,
UNKNOWN,,SKIPPED_ID_UNKNOWN,,,
UNKNOWN,,SKIPPED_ID_UNKNOWN,,,
UNKNOWN,,SKIPPED_ID_UNKNOWN,,,
UNKNOWN,,SKIPPED_ID_UNKNOWN,,,
UNKNOWN,,SKIPPED_ID_UNKNOWN,,,
UNKNOWN,,SKIPPED_ID_UNKNOWN,,,
UNKNOWN,,SKIPPED_ID_UNKNOWN,,,
UNKNOWN,,SKIPPED_ID_UNKNOWN,,,
UNKNOWN,,SKIPPED_ID_UNKNOWN,,,
UNKNOWN,,SKIPPED_ID_UNKNOWN,,,
UNKNOWN,,SKIPPED_ID_UNKNOWN,,,
UNKNOWN,,SKIPPED_ID_UNKNOWN,,,
UNKNOWN,,SKIPPED_ID_UNKNOWN,,,
UNKNOWN,,SKIPPED_ID_UNKNOWN,,,
UNKNOWN,,SKIPPED_ID_UNKNOWN,,,
UNKNOWN,,SKIPPED_ID_UNKNOWN,,,
UNKNOWN,,SKIPPED_ID_UNKNOWN,,,
UNKNOWN,,SKIPPED_ID_UNKNOWN,,,
UNKNOWN,,SKIPPED_ID_UNKNOWN,,,
UNKNOWN,,SKIPPED_ID_UNKNOWN,,,
UNKNOWN,,SKIPPED_ID_UNKNOWN,,,
UNKNOWN,,SKIPPED_ID_UNKNOWN,,,
UNKNOWN,,SKIPPED_ID_UNKNOWN,,,
UNKNOWN,,SKIPPED_ID_UNKNOWN,,,
UNKNOWN,,SKIPPED_ID_UNKNOWN,,,
UNKNOWN,,SKIPPED_ID_UNKNOWN,,,
UNKNOWN,,SKIPPED_ID_UNKNOWN,,,
UNKNOWN,,SKIPPED_ID_UNKNOWN,,,
UNKNOWN,,SKIPPED_ID_UNKNOWN,,,
UNKNOWN,,SKIPPED_ID_UNKNOWN,,,
UNKNOWN,,SKIPPED_ID_UNKNOWN,,,
UNKNOWN,,SKIPPED_ID_UNKNOWN,,,
UNKNOWN,,SKIPPED_ID_UNKNOWN,,,
UNKNOWN,,SKIPPED_ID_UNKNOWN,,,
UNKNOWN,,SKIPPED_ID_UNKNOWN,,,
UNKNOWN,,SKIPPED_ID_UNKNOWN,,,
UNKNOWN,,SKIPPED_ID_UNKNOWN,,,
UNKNOWN,,SKIPPED_ID_UNKNOWN,,,
UNKNOWN,,SKIPPED_ID_UNKNOWN,,,
UNKNOWN,,SKIPPED_ID_UNKNOWN,,,
UNKNOWN,,SKIPPED_ID_UNKNOWN,,,
UNKNOWN,,SKIPPED_ID_UNKNOWN,,,
UNKNOWN,,SKIPPED_ID_UNKNOWN,,,
UNKNOWN,,SKIPPED_ID_UNKNOWN,,,
UNKNOWN,,SKIPPED_ID_UNKNOWN,,,
UNKNOWN,,SKIPPED_ID_UNKNOWN,,,
UNKNOWN,,SKIPPED_ID_UNKNOWN,,,
UNKNOWN,,SKIPPED_ID_UNKNOWN,,,
UNKNOWN,,SKIPPED_ID_UNKNOWN,,,
UNKNOWN,,SKIPPED_ID_UNKNOWN,,,
UNKNOWN,,SKIPPED_ID_UNKNOWN,,,
UNKNOWN,,SKIPPED_ID_UNKNOWN,,,
UNKNOWN,,SKIPPED_ID_UNKNOWN,,,
UNKNOWN,,SKIPPED_ID_UNKNOWN,,,
UNKNOWN,,SKIPPED_ID_UNKNOWN,,,
UNKNOWN,,SKIPPED_ID_UNKNOWN,,,
UNKNOWN,,SKIPPED_ID_UNKNOWN,,,
UNKNOWN,,SKIPPED_ID_UNKNOWN,,,
UNKNOWN,,SKIPPED_ID_UNKNOWN,,,
UNKNOWN,,SKIPPED_ID_UNKNOWN,,,
UNKNOWN,,SKIPPED_ID_UNKNOWN,,,
UNKNOWN,,SKIPPED_ID_UNKNOWN,,,
UNKNOWN,,SKIPPED_ID_UNKNOWN,,,
UNKNOWN,,SKIPPED_ID_UNKNOWN,,,
UNKNOWN,,SKIPPED_ID_UNKNOWN,,,
UNKNOWN,,SKIPPED_ID_UNKNOWN,,,
UNKNOWN,,SKIPPED_ID_UNKNOWN,,,
UNKNOWN,,SKIPPED_ID_UNKNOWN,,,
UNKNOWN,,SKIPPED_ID_UNKNOWN,,,
UNKNOWN,,SKIPPED_ID_UNKNOWN,,,
UNKNOWN,,SKIPPED_ID_UNKNOWN,,,
UNKNOWN,,SKIPPED_ID_UNKNOWN,,,
UNKNOWN,,SKIPPED_ID_UNKNOWN,,,
UNKNOWN,,SKIPPED_ID_UNKNOWN,,,
UNKNOWN,,SKIPPED_ID_UNKNOWN,,,
UNKNOWN,,SKIPPED_ID_UNKNOWN,,,
UNKNOWN,,SKIPPED_ID_UNKNOWN,,,
UNKNOWN,,SKIPPED_ID_UNKNOWN,,,
UNKNOWN,,SKIPPED_ID_UNKNOWN,,,
UNKNOWN,,SKIPPED_ID_UNKNOWN,,,
UNKNOWN,,SKIPPED_ID_UNKNOWN,,,
UNKNOWN,,SKIPPED_ID_UNKNOWN,,,
UNKNOWN,,SKIPPED_ID_UNKNOWN,,,
UNKNOWN,,SKIPPED_ID_UNKNOWN,,,
UNKNOWN,,SKIPPED_ID_UNKNOWN,,,
UNKNOWN,,SKIPPED_ID_UNKNOWN,,,
UNKNOWN,,SKIPPED_ID_UNKNOWN,,,
UNKNOWN,,SKIPPED_ID_UNKNOWN,,,
UNKNOWN,,SKIPPED_ID_UNKNOWN,,,
UNKNOWN,,SKIPPED_ID_UNKNOWN,,,
UNKNOWN,,SKIPPED_ID_UNKNOWN,,,
UNKNOWN,,SKIPPED_ID_UNKNOWN,,,
UNKNOWN,,SKIPPED_ID_UNKNOWN,,,
UNKNOWN,,SKIPPED_ID_UNKNOWN,,,
UNKNOWN,,SKIPPED_ID_UNKNOWN,,,
UNKNOWN,,SKIPPED_ID_UNKNOWN,,,
UNKNOWN,,SKIPPED_ID_UNKNOWN,,,
UNKNOWN,,SKIPPED_ID_UNKNOWN,,,
UNKNOWN,,SKIPPED_ID_UNKNOWN,,,
UNKNOWN,,SKIPPED_ID_UNKNOWN,,,
UNKNOWN,,SKIPPED_ID_UNKNOWN,,,
UNKNOWN,,SKIPPED_ID_UNKNOWN,,,
UNKNOWN,,SKIPPED_ID_UNKNOWN,,,
UNKNOWN,,SKIPPED_ID_UNKNOWN,,,
UNKNOWN,,SKIPPED_ID_UNKNOWN,,,
UNKNOWN,,SKIPPED_ID_UNKNOWN,,,
UNKNOWN,,SKIPPED_ID_UNKNOWN,,,
UNKNOWN,,SKIPPED_ID_UNKNOWN,,,
UNKNOWN,,SKIPPED_ID_UNKNOWN,,,
UNKNOWN,,SKIPPED_ID_UNKNOWN,,,
UNKNOWN,,SKIPPED_ID_UNKNOWN,,,
UNKNOWN,,SKIPPED_ID_UNKNOWN,,,
UNKNOWN,,SKIPPED_ID_UNKNOWN,,,
UNKNOWN,,SKIPPED_ID_UNKNOWN,,,
UNKNOWN,,SKIPPED_ID_UNKNOWN,,,
UNKNOWN,,SKIPPED_ID_UNKNOWN,,,
UNKNOWN,,SKIPPED_ID_UNKNOWN,,,
UNKNOWN,,SKIPPED_ID_UNKNOWN,,,
UNKNOWN,,SKIPPED_ID_UNKNOWN,,,
UNKNOWN,,SKIPPED_ID_UNKNOWN,,,
UNKNOWN,,SKIPPED_ID_UNKNOWN,,,
UNKNOWN,,SKIPPED_ID_UNKNOWN,,,
UNKNOWN,,SKIPPED_ID_UNKNOWN,,,
UNKNOWN,,SKIPPED_ID_UNKNOWN,,,
UNKNOWN,,SKIPPED_ID_UNKNOWN,,,
UNKNOWN,,SKIPPED_ID_UNKNOWN,,,
UNKNOWN,,SKIPPED_ID_UNKNOWN,,,
UNKNOWN,,SKIPPED_ID_UNKNOWN,,,
UNKNOWN,,SKIPPED_ID_UNKNOWN,,,
UNKNOWN,,SKIPPED_ID_UNKNOWN,,,
UNKNOWN,,SKIPPED_ID_UNKNOWN,,,
UNKNOWN,,SKIPPED_ID_UNKNOWN,,,
UNKNOWN,,SKIPPED_ID_UNKNOWN,,,
UNKNOWN,,SKIPPED_ID_UNKNOWN,,,
UNKNOWN,,SKIPPED_ID_UNKNOWN,,,
UNKNOWN,,SKIPPED_ID_UNKNOWN,,,
UNKNOWN,,SKIPPED_ID_UNKNOWN,,,
UNKNOWN,,SKIPPED_ID_UNKNOWN,,,
UNKNOWN,,SKIPPED_ID_UNKNOWN,,,
UNKNOWN,,SKIPPED_ID_UNKNOWN,,,
UNKNOWN,,SKIPPED_ID_UNKNOWN,,,
UNKNOWN,,SKIPPED_ID_UNKNOWN,,,
UNKNOWN,,SKIPPED_ID_UNKNOWN,,,
UNKNOWN,,SKIPPED_ID_UNKNOWN,,,
UNKNOWN,,SKIPPED_ID_UNKNOWN,,,
UNKNOWN,,SKIPPED_ID_UNKNOWN,,,
UNKNOWN,,SKIPPED_ID_UNKNOWN,,,
UNKNOWN,,SKIPPED_ID_UNKNOWN,,,
UNKNOWN,,SKIPPED_ID_UNKNOWN,,,
UNKNOWN,,SKIPPED_ID_UNKNOWN,,,
UNKNOWN,,SKIPPED_ID_UNKNOWN,,,
UNKNOWN,,SKIPPED_ID_UNKNOWN,,,
UNKNOWN,,SKIPPED_ID_UNKNOWN,,,
UNKNOWN,,SKIPPED_ID_UNKNOWN,,,
UNKNOWN,,SKIPPED_ID_UNKNOWN,,,
UNKNOWN,,SKIPPED_ID_UNKNOWN,,,
UNKNOWN,,SKIPPED_ID_UNKNOWN,,,
UNKNOWN,,SKIPPED_ID_UNKNOWN,,,
UNKNOWN,,SKIPPED_ID_UNKNOWN,,,
UNKNOWN,,SKIPPED_ID_UNKNOWN,,,
UNKNOWN,,SKIPPED_ID_UNKNOWN,,,
UNKNOWN,,SKIPPED_ID_UNKNOWN,,,
UNKNOWN,,SKIPPED_ID_UNKNOWN,,,
UNKNOWN,,SKIPPED_ID_UNKNOWN,,,
UNKNOWN,,SKIPPED_ID_UNKNOWN,,,
UNKNOWN,,SKIPPED_ID_UNKNOWN,,,
UNKNOWN,,SKIPPED_ID_UNKNOWN,,,
UNKNOWN,,SKIPPED_ID_UNKNOWN,,,
UNKNOWN,,SKIPPED_ID_UNKNOWN,,,
UNKNOWN,,SKIPPED_ID_UNKNOWN,,,
UNKNOWN,,SKIPPED_ID_UNKNOWN,,,
UNKNOWN,,SKIPPED_ID_UNKNOWN,,,
UNKNOWN,,SKIPPED_ID_UNKNOWN,,,
UNKNOWN,,SKIPPED_ID_UNKNOWN,,,
UNKNOWN,,SKIPPED_ID_UNKNOWN,,,
UNKNOWN,,SKIPPED_ID_UNKNOWN,,,
UNKNOWN,,SKIPPED_ID_UNKNOWN,,,
UNKNOWN,,SKIPPED_ID_UNKNOWN,,,
UNKNOWN,,SKIPPED_ID_UNKNOWN,,,
UNKNOWN,,SKIPPED_ID_UNKNOWN,,,
UNKNOWN,,SKIPPED_ID_UNKNOWN,,,
UNKNOWN,,SKIPPED_ID_UNKNOWN,,,
UNKNOWN,,SKIPPED_ID_UNKNOWN,,,
UNKNOWN,,SKIPPED_ID_UNKNOWN,,,
UNKNOWN,,SKIPPED_ID_UNKNOWN,,,
UNKNOWN,,SKIPPED_ID_UNKNOWN,,,
UNKNOWN,,SKIPPED_ID_UNKNOWN,,,
UNKNOWN,,SKIPPED_ID_UNKNOWN,,,
UNKNOWN,,SKIPPED_ID_UNKNOWN,,,
UNKNOWN,,SKIPPED_ID_UNKNOWN,,,
UNKNOWN,,SKIPPED_ID_UNKNOWN,,,
UNKNOWN,,SKIPPED_ID_UNKNOWN,,,
UNKNOWN,,SKIPPED_ID_UNKNOWN,,,
UNKNOWN,,SKIPPED_ID_UNKNOWN,,,
UNKNOWN,,SKIPPED_ID_UNKNOWN,,,
UNKNOWN,,SKIPPED_ID_UNKNOWN,,,
UNKNOWN,,SKIPPED_ID_UNKNOWN,,,
UNKNOWN,,SKIPPED_ID_UNKNOWN,,,
UNKNOWN,,SKIPPED_ID_UNKNOWN,,,
UNKNOWN,,SKIPPED_ID_UNKNOWN,,,
UNKNOWN,,SKIPPED_ID_UNKNOWN,,,
UNKNOWN,,SKIPPED_ID_UNKNOWN,,,
UNKNOWN,,SKIPPED_ID_UNKNOWN,,,
UNKNOWN,,SKIPPED_ID_UNKNOWN,,,
UNKNOWN,,SKIPPED_ID_UNKNOWN,,,
UNKNOWN,,SKIPPED_ID_UNKNOWN,,,
UNKNOWN,,SKIPPED_ID_UNKNOWN,,,
UNKNOWN,,SKIPPED_ID_UNKNOWN,,,
UNKNOWN,,SKIPPED_ID_UNKNOWN,,,
UNKNOWN,,SKIPPED_ID_UNKNOWN,,,
UNKNOWN,,SKIPPED_ID_UNKNOWN,,,
UNKNOWN,,SKIPPED_ID_UNKNOWN,,,
UNKNOWN,,SKIPPED_ID_UNKNOWN,,,
UNKNOWN,,SKIPPED_ID_UNKNOWN,,,
UNKNOWN,,SKIPPED_ID_UNKNOWN,,,
UNKNOWN,,SKIPPED_ID_UNKNOWN,,,
UNKNOWN,,SKIPPED_ID_UNKNOWN,,,
UNKNOWN,,SKIPPED_ID_UNKNOWN,,,
UNKNOWN,,SKIPPED_ID_UNKNOWN,,,
UNKNOWN,,SKIPPED_ID_UNKNOWN,,,
UNKNOWN,,SKIPPED_ID_UNKNOWN,,,
UNKNOWN,,SKIPPED_ID_UNKNOWN,,,
UNKNOWN,,SKIPPED_ID_UNKNOWN,,,
UNKNOWN,,SKIPPED_ID_UNKNOWN,,,
UNKNOWN,,SKIPPED_ID_UNKNOWN,,,
UNKNOWN,,SKIPPED_ID_UNKNOWN,,,
UNKNOWN,,SKIPPED_ID_UNKNOWN,,,
UNKNOWN,,SKIPPED_ID_UNKNOWN,,,
UNKNOWN,,SKIPPED_ID_UNKNOWN,,,
UNKNOWN,,SKIPPED_ID_UNKNOWN,,,
UNKNOWN,,SKIPPED_ID_UNKNOWN,,,
UNKNOWN,,SKIPPED_ID_UNKNOWN,,,
UNKNOWN,,SKIPPED_ID_UNKNOWN,,,
UNKNOWN,,SKIPPED_ID_UNKNOWN,,,
UNKNOWN,,SKIPPED_ID_UNKNOWN,,,
UNKNOWN,,SKIPPED_ID_UNKNOWN,,,
UNKNOWN,,SKIPPED_ID_UNKNOWN,,,
UNKNOWN,,SKIPPED_ID_UNKNOWN,,,
UNKNOWN,,SKIPPED_ID_UNKNOWN,,,
UNKNOWN,,SKIPPED_ID_UNKNOWN,,,
UNKNOWN,,SKIPPED_ID_UNKNOWN,,,
UNKNOWN,,SKIPPED_ID_UNKNOWN,,,
UNKNOWN,,SKIPPED_ID_UNKNOWN,,,
UNKNOWN,,SKIPPED_ID_UNKNOWN,,,
UNKNOWN,,SKIPPED_ID_UNKNOWN,,,
UNKNOWN,,SKIPPED_ID_UNKNOWN,,,
UNKNOWN,,SKIPPED_ID_UNKNOWN,,,
UNKNOWN,,SKIPPED_ID_UNKNOWN,,,
UNKNOWN,,SKIPPED_ID_UNKNOWN,,,
UNKNOWN,,SKIPPED_ID_UNKNOWN,,,
UNKNOWN,,SKIPPED_ID_UNKNOWN,,,
UNKNOWN,,SKIPPED_ID_UNKNOWN,,,
UNKNOWN,,SKIPPED_ID_UNKNOWN,,,
UNKNOWN,,SKIPPED_ID_UNKNOWN,,,
UNKNOWN,,SKIPPED_ID_UNKNOWN,,,
UNKNOWN,,SKIPPED_ID_UNKNOWN,,,
UNKNOWN,,SKIPPED_ID_UNKNOWN,,,
UNKNOWN,,SKIPPED_ID_UNKNOWN,,,
UNKNOWN,,SKIPPED_ID_UNKNOWN,,,
UNKNOWN,,SKIPPED_ID_UNKNOWN,,,
UNKNOWN,,SKIPPED_ID_UNKNOWN,,,
UNKNOWN,,SKIPPED_ID_UNKNOWN,,,
UNKNOWN,,SKIPPED_ID_UNKNOWN,,,
UNKNOWN,,SKIPPED_ID_UNKNOWN,,,
UNKNOWN,,SKIPPED_ID_UNKNOWN,,,
UNKNOWN,,SKIPPED_ID_UNKNOWN,,,
UNKNOWN,,SKIPPED_ID_UNKNOWN,,,
UNKNOWN,,SKIPPED_ID_UNKNOWN,,,
UNKNOWN,,SKIPPED_ID_UNKNOWN,,,
UNKNOWN,,SKIPPED_ID_UNKNOWN,,,
UNKNOWN,,SKIPPED_ID_UNKNOWN,,,
UNKNOWN,,SKIPPED_ID_UNKNOWN,,,
UNKNOWN,,SKIPPED_ID_UNKNOWN,,,
UNKNOWN,,SKIPPED_ID_UNKNOWN,,,
UNKNOWN,,SKIPPED_ID_UNKNOWN,,,
UNKNOWN,,SKIPPED_ID_UNKNOWN,,,
UNKNOWN,,SKIPPED_ID_UNKNOWN,,,
UNKNOWN,,SKIPPED_ID_UNKNOWN,,,
UNKNOWN,,SKIPPED_ID_UNKNOWN,,,
UNKNOWN,,SKIPPED_ID_UNKNOWN,,,
UNKNOWN,,SKIPPED_ID_UNKNOWN,,,
UNKNOWN,,SKIPPED_ID_UNKNOWN,,,
UNKNOWN,,SKIPPED_ID_UNKNOWN,,,
UNKNOWN,,SKIPPED_ID_UNKNOWN,,,
UNKNOWN,,SKIPPED_ID_UNKNOWN,,,
UNKNOWN,,SKIPPED_ID_UNKNOWN,,,
UNKNOWN,,SKIPPED_ID_UNKNOWN,,,
UNKNOWN,,SKIPPED_ID_UNKNOWN,,,
UNKNOWN,,SKIPPED_ID_UNKNOWN,,,
UNKNOWN,,SKIPPED_ID_UNKNOWN,,,
UNKNOWN,,SKIPPED_ID_UNKNOWN,,,
UNKNOWN,,SKIPPED_ID_UNKNOWN,,,
UNKNOWN,,SKIPPED_ID_UNKNOWN,,,
UNKNOWN,,SKIPPED_ID_UNKNOWN,,,
UNKNOWN,,SKIPPED_ID_UNKNOWN,,,
UNKNOWN,,SKIPPED_ID_UNKNOWN,,,
UNKNOWN,,SKIPPED_ID_UNKNOWN,,,
UNKNOWN,,SKIPPED_ID_UNKNOWN,,,
UNKNOWN,,SKIPPED_ID_UNKNOWN,,,
UNKNOWN,,SKIPPED_ID_UNKNOWN,,,
UNKNOWN,,SKIPPED_ID_UNKNOWN,,,
UNKNOWN,,SKIPPED_ID_UNKNOWN,,,
UNKNOWN,,SKIPPED_ID_UNKNOWN,,,
UNKNOWN,,SKIPPED_ID_UNKNOWN,,,
UNKNOWN,,SKIPPED_ID_UNKNOWN,,,
UNKNOWN,,SKIPPED_ID_UNKNOWN,,,
UNKNOWN,,SKIPPED_ID_UNKNOWN,,,
UNKNOWN,,SKIPPED_ID_UNKNOWN,,,
UNKNOWN,,SKIPPED_ID_UNKNOWN,,,
UNKNOWN,,SKIPPED_ID_UNKNOWN,,,
UNKNOWN,,SKIPPED_ID_UNKNOWN,,,
UNKNOWN,,SKIPPED_ID_UNKNOWN,,,
UNKNOWN,,SKIPPED_ID_UNKNOWN,,,
UNKNOWN,,SKIPPED_ID_UNKNOWN,,,
UNKNOWN,,SKIPPED_ID_UNKNOWN,,,
UNKNOWN,,SKIPPED_ID_UNKNOWN,,,
UNKNOWN,,SKIPPED_ID_UNKNOWN,,,
UNKNOWN,,SKIPPED_ID_UNKNOWN,,,
UNKNOWN,,SKIPPED_ID_UNKNOWN,,,
UNKNOWN,,SKIPPED_ID_UNKNOWN,,,
UNKNOWN,,SKIPPED_ID_UNKNOWN,,,
UNKNOWN,,SKIPPED_ID_UNKNOWN,,,
UNKNOWN,,SKIPPED_ID_UNKNOWN,,,
UNKNOWN,,SKIPPED_ID_UNKNOWN,,,
UNKNOWN,,SKIPPED_ID_UNKNOWN,,,
UNKNOWN,,SKIPPED_ID_UNKNOWN,,,
UNKNOWN,,SKIPPED_ID_UNKNOWN,,,
UNKNOWN,,SKIPPED_ID_UNKNOWN,,,
UNKNOWN,,SKIPPED_ID_UNKNOWN,,,
UNKNOWN,,SKIPPED_ID_UNKNOWN,,,
UNKNOWN,,SKIPPED_ID_UNKNOWN,,,
UNKNOWN,,SKIPPED_ID_UNKNOWN,,,
UNKNOWN,,SKIPPED_ID_UNKNOWN,,,
UNKNOWN,,SKIPPED_ID_UNKNOWN,,,
UNKNOWN,,SKIPPED_ID_UNKNOWN,,,
UNKNOWN,,SKIPPED_ID_UNKNOWN,,,
UNKNOWN,,SKIPPED_ID_UNKNOWN,,,
UNKNOWN,,SKIPPED_ID_UNKNOWN,,,
UNKNOWN,,SKIPPED_ID_UNKNOWN,,,
UNKNOWN,,SKIPPED_ID_UNKNOWN,,,
UNKNOWN,,SKIPPED_ID_UNKNOWN,,,
UNKNOWN,,SKIPPED_ID_UNKNOWN,,,
UNKNOWN,,SKIPPED_ID_UNKNOWN,,,
UNKNOWN,,SKIPPED_ID_UNKNOWN,,,
UNKNOWN,,SKIPPED_ID_UNKNOWN,,,
UNKNOWN,,SKIPPED_ID_UNKNOWN,,,
UNKNOWN,,SKIPPED_ID_UNKNOWN,,,
UNKNOWN,,SKIPPED_ID_UNKNOWN,,,
UNKNOWN,,SKIPPED_ID_UNKNOWN,,,
UNKNOWN,,SKIPPED_ID_UNKNOWN,,,
UNKNOWN,,SKIPPED_ID_UNKNOWN,,,
UNKNOWN,,SKIPPED_ID_UNKNOWN,,,
UNKNOWN,,SKIPPED_ID_UNKNOWN,,,
UNKNOWN,,SKIPPED_ID_UNKNOWN,,,
UNKNOWN,,SKIPPED_ID_UNKNOWN,,,
UNKNOWN,,SKIPPED_ID_UNKNOWN,,,
UNKNOWN,,SKIPPED_ID_UNKNOWN,,,
UNKNOWN,,SKIPPED_ID_UNKNOWN,,,
UNKNOWN,,SKIPPED_ID_UNKNOWN,,,
UNKNOWN,,SKIPPED_ID_UNKNOWN,,,
UNKNOWN,,SKIPPED_ID_UNKNOWN,,,
UNKNOWN,,SKIPPED_ID_UNKNOWN,,,
UNKNOWN,,SKIPPED_ID_UNKNOWN,,,
UNKNOWN,,SKIPPED_ID_UNKNOWN,,,
UNKNOWN,,SKIPPED_ID_UNKNOWN,,,
UNKNOWN,,SKIPPED_ID_UNKNOWN,,,
UNKNOWN,,SKIPPED_ID_UNKNOWN,,,
UNKNOWN,,SKIPPED_ID_UNKNOWN,,,
UNKNOWN,,SKIPPED_ID_UNKNOWN,,,
UNKNOWN,,SKIPPED_ID_UNKNOWN,,,
UNKNOWN,,SKIPPED_ID_UNKNOWN,,,
UNKNOWN,,SKIPPED_ID_UNKNOWN,,,
UNKNOWN,,SKIPPED_ID_UNKNOWN,,,
UNKNOWN,,SKIPPED_ID_UNKNOWN,,,
UNKNOWN,,SKIPPED_ID_UNKNOWN,,,
UNKNOWN,,SKIPPED_ID_UNKNOWN,,,
UNKNOWN,,SKIPPED_ID_UNKNOWN,,,
UNKNOWN,,SKIPPED_ID_UNKNOWN,,,
UNKNOWN,,SKIPPED_ID_UNKNOWN,,,
UNKNOWN,,SKIPPED_ID_UNKNOWN,,,
UNKNOWN,,SKIPPED_ID_UNKNOWN,,,
UNKNOWN,,SKIPPED_ID_UNKNOWN,,,
UNKNOWN,,SKIPPED_ID_UNKNOWN,,,
UNKNOWN,,SKIPPED_ID_UNKNOWN,,,
UNKNOWN,,SKIPPED_ID_UNKNOWN,,,
UNKNOWN,,SKIPPED_ID_UNKNOWN,,,
UNKNOWN,,SKIPPED_ID_UNKNOWN,,,
UNKNOWN,,SKIPPED_ID_UNKNOWN,,,
UNKNOWN,,SKIPPED_ID_UNKNOWN,,,
UNKNOWN,,SKIPPED_ID_UNKNOWN,,,
UNKNOWN,,SKIPPED_ID_UNKNOWN,,,
UNKNOWN,,SKIPPED_ID_UNKNOWN,,,
UNKNOWN,,SKIPPED_ID_UNKNOWN,,,
UNKNOWN,,SKIPPED_ID_UNKNOWN,,,
UNKNOWN,,SKIPPED_ID_UNKNOWN,,,
UNKNOWN,,SKIPPED_ID_UNKNOWN,,,
UNKNOWN,,SKIPPED_ID_UNKNOWN,,,
UNKNOWN,,SKIPPED_ID_UNKNOWN,,,
UNKNOWN,,SKIPPED_ID_UNKNOWN,,,
UNKNOWN,,SKIPPED_ID_UNKNOWN,,,
UNKNOWN,,SKIPPED_ID_UNKNOWN,,,
UNKNOWN,,SKIPPED_ID_UNKNOWN,,,
UNKNOWN,,SKIPPED_ID_UNKNOWN,,,
UNKNOWN,,SKIPPED_ID_UNKNOWN,,,
UNKNOWN,,SKIPPED_ID_UNKNOWN,,,
UNKNOWN,,SKIPPED_ID_UNKNOWN,,,
UNKNOWN,,SKIPPED_ID_UNKNOWN,,,
UNKNOWN,,SKIPPED_ID_UNKNOWN,,,
UNKNOWN,,SKIPPED_ID_UNKNOWN,,,
UNKNOWN,,SKIPPED_ID_UNKNOWN,,,
UNKNOWN,,SKIPPED_ID_UNKNOWN,,,
UNKNOWN,,SKIPPED_ID_UNKNOWN,,,
UNKNOWN,,SKIPPED_ID_UNKNOWN,,,
UNKNOWN,,SKIPPED_ID_UNKNOWN,,,
UNKNOWN,,SKIPPED_ID_UNKNOWN,,,
UNKNOWN,,SKIPPED_ID_UNKNOWN,,,
UNKNOWN,,SKIPPED_ID_UNKNOWN,,,
UNKNOWN,,SKIPPED_ID_UNKNOWN,,,
UNKNOWN,,SKIPPED_ID_UNKNOWN,,,
UNKNOWN,,SKIPPED_ID_UNKNOWN,,,
UNKNOWN,,SKIPPED_ID_UNKNOWN,,,
UNKNOWN,,SKIPPED_ID_UNKNOWN,,,
UNKNOWN,,SKIPPED_ID_UNKNOWN,,,
UNKNOWN,,SKIPPED_ID_UNKNOWN,,,
UNKNOWN,,SKIPPED_ID_UNKNOWN,,,
UNKNOWN,,SKIPPED_ID_UNKNOWN,,,
UNKNOWN,,SKIPPED_ID_UNKNOWN,,,
UNKNOWN,,SKIPPED_ID_UNKNOWN,,,
UNKNOWN,,SKIPPED_ID_UNKNOWN,,,
UNKNOWN,,SKIPPED_ID_UNKNOWN,,,
UNKNOWN,,SKIPPED_ID_UNKNOWN,,,
UNKNOWN,,SKIPPED_ID_UNKNOWN,,,
UNKNOWN,,SKIPPED_ID_UNKNOWN,,,
UNKNOWN,,SKIPPED_ID_UNKNOWN,,,
UNKNOWN,,SKIPPED_ID_UNKNOWN,,,
UNKNOWN,,SKIPPED_ID_UNKNOWN,,,
UNKNOWN,,SKIPPED_ID_UNKNOWN,,,
UNKNOWN,,SKIPPED_ID_UNKNOWN,,,
UNKNOWN,,SKIPPED_ID_UNKNOWN,,,
UNKNOWN,,SKIPPED_ID_UNKNOWN,,,
UNKNOWN,,SKIPPED_ID_UNKNOWN,,,
UNKNOWN,,SKIPPED_ID_UNKNOWN,,,
UNKNOWN,,SKIPPED_ID_UNKNOWN,,,
UNKNOWN,,SKIPPED_ID_UNKNOWN,,,
UNKNOWN,,SKIPPED_ID_UNKNOWN,,,
UNKNOWN,,SKIPPED_ID_UNKNOWN,,,
UNKNOWN,,SKIPPED_ID_UNKNOWN,,,
UNKNOWN,,SKIPPED_ID_UNKNOWN,,,
UNKNOWN,,SKIPPED_ID_UNKNOWN,,,
UNKNOWN,,SKIPPED_ID_UNKNOWN,,,
UNKNOWN,,SKIPPED_ID_UNKNOWN,,,
UNKNOWN,,SKIPPED_ID_UNKNOWN,,,
UNKNOWN,,SKIPPED_ID_UNKNOWN,,,
UNKNOWN,,SKIPPED_ID_UNKNOWN,,,
UNKNOWN,,SKIPPED_ID_UNKNOWN,,,
UNKNOWN,,SKIPPED_ID_UNKNOWN,,,
UNKNOWN,,SKIPPED_ID_UNKNOWN,,,
UNKNOWN,,SKIPPED_ID_UNKNOWN,,,
UNKNOWN,,SKIPPED_ID_UNKNOWN,,,
UNKNOWN,,SKIPPED_ID_UNKNOWN,,,
UNKNOWN,,SKIPPED_ID_UNKNOWN,,,
UNKNOWN,,SKIPPED_ID_UNKNOWN,,,
UNKNOWN,,SKIPPED_ID_UNKNOWN,,,
UNKNOWN,,SKIPPED_ID_UNKNOWN,,,
UNKNOWN,,SKIPPED_ID_UNKNOWN,,,
UNKNOWN,,SKIPPED_ID_UNKNOWN,,,
UNKNOWN,,SKIPPED_ID_UNKNOWN,,,
UNKNOWN,,SKIPPED_ID_UNKNOWN,,,
UNKNOWN,,SKIPPED_ID_UNKNOWN,,,
UNKNOWN,,SKIPPED_ID_UNKNOWN,,,
UNKNOWN,,SKIPPED_ID_UNKNOWN,,,
UNKNOWN,,SKIPPED_ID_UNKNOWN,,,
UNKNOWN,,SKIPPED_ID_UNKNOWN,,,
UNKNOWN,,SKIPPED_ID_UNKNOWN,,,
UNKNOWN,,SKIPPED_ID_UNKNOWN,,,
UNKNOWN,,SKIPPED_ID_UNKNOWN,,,
UNKNOWN,,SKIPPED_ID_UNKNOWN,,,
UNKNOWN,,SKIPPED_ID_UNKNOWN,,,
UNKNOWN,,SKIPPED_ID_UNKNOWN,,,
UNKNOWN,,SKIPPED_ID_UNKNOWN,,,
UNKNOWN,,SKIPPED_ID_UNKNOWN,,,
UNKNOWN,,SKIPPED_ID_UNKNOWN,,,
UNKNOWN,,SKIPPED_ID_UNKNOWN,,,
UNKNOWN,,SKIPPED_ID_UNKNOWN,,,
UNKNOWN,,SKIPPED_ID_UNKNOWN,,,
UNKNOWN,,SKIPPED_ID_UNKNOWN,,,
UNKNOWN,,SKIPPED_ID_UNKNOWN,,,
UNKNOWN,,SKIPPED_ID_UNKNOWN,,,
UNKNOWN,,SKIPPED_ID_UNKNOWN,,,
UNKNOWN,,SKIPPED_ID_UNKNOWN,,,
UNKNOWN,,SKIPPED_ID_UNKNOWN,,,
UNKNOWN,,SKIPPED_ID_UNKNOWN,,,
UNKNOWN,,SKIPPED_ID_UNKNOWN,,,
UNKNOWN,,SKIPPED_ID_UNKNOWN,,,
UNKNOWN,,SKIPPED_ID_UNKNOWN,,,
UNKNOWN,,SKIPPED_ID_UNKNOWN,,,
UNKNOWN,,SKIPPED_ID_UNKNOWN,,,
UNKNOWN,,SKIPPED_ID_UNKNOWN,,,
UNKNOWN,,SKIPPED_ID_UNKNOWN,,,
UNKNOWN,,SKIPPED_ID_UNKNOWN,,,
UNKNOWN,,SKIPPED_ID_UNKNOWN,,,
UNKNOWN,,SKIPPED_ID_UNKNOWN,,,
UNKNOWN,,SKIPPED_ID_UNKNOWN,,,
UNKNOWN,,SKIPPED_ID_UNKNOWN,,,
UNKNOWN,,SKIPPED_ID_UNKNOWN,,,
UNKNOWN,,SKIPPED_ID_UNKNOWN,,,
UNKNOWN,,SKIPPED_ID_UNKNOWN,,,
UNKNOWN,,SKIPPED_ID_UNKNOWN,,,
UNKNOWN,,SKIPPED_ID_UNKNOWN,,,
UNKNOWN,,SKIPPED_ID_UNKNOWN,,,
UNKNOWN,,SKIPPED_ID_UNKNOWN,,,
UNKNOWN,,SKIPPED_ID_UNKNOWN,,,
UNKNOWN,,SKIPPED_ID_UNKNOWN,,,
UNKNOWN,,SKIPPED_ID_UNKNOWN,,,
UNKNOWN,,SKIPPED_ID_UNKNOWN,,,
UNKNOWN,,SKIPPED_ID_UNKNOWN,,,
UNKNOWN,,SKIPPED_ID_UNKNOWN,,,
UNKNOWN,,SKIPPED_ID_UNKNOWN,,,
UNKNOWN,,SKIPPED_ID_UNKNOWN,,,
UNKNOWN,,SKIPPED_ID_UNKNOWN,,,
UNKNOWN,,SKIPPED_ID_UNKNOWN,,,
UNKNOWN,,SKIPPED_ID_UNKNOWN,,,
UNKNOWN,,SKIPPED_ID_UNKNOWN,,,
UNKNOWN,,SKIPPED_ID_UNKNOWN,,,
UNKNOWN,,SKIPPED_ID_UNKNOWN,,,
UNKNOWN,,SKIPPED_ID_UNKNOWN,,,
UNKNOWN,,SKIPPED_ID_UNKNOWN,,,
UNKNOWN,,SKIPPED_ID_UNKNOWN,,,
UNKNOWN,,SKIPPED_ID_UNKNOWN,,,
UNKNOWN,,SKIPPED_ID_UNKNOWN,,,
UNKNOWN,,SKIPPED_ID_UNKNOWN,,,
UNKNOWN,,SKIPPED_ID_UNKNOWN,,,
UNKNOWN,,SKIPPED_ID_UNKNOWN,,,
UNKNOWN,,SKIPPED_ID_UNKNOWN,,,
UNKNOWN,,SKIPPED_ID_UNKNOWN,,,
UNKNOWN,,SKIPPED_ID_UNKNOWN,,,
UNKNOWN,,SKIPPED_ID_UNKNOWN,,,
UNKNOWN,,SKIPPED_ID_UNKNOWN,,,
UNKNOWN,,SKIPPED_ID_UNKNOWN,,,
UNKNOWN,,SKIPPED_ID_UNKNOWN,,,
UNKNOWN,,SKIPPED_ID_UNKNOWN,,,
UNKNOWN,,SKIPPED_ID_UNKNOWN,,,
UNKNOWN,,SKIPPED_ID_UNKNOWN,,,
UNKNOWN,,SKIPPED_ID_UNKNOWN,,,
UNKNOWN,,SKIPPED_ID_UNKNOWN,,,
UNKNOWN,,SKIPPED_ID_UNKNOWN,,,
UNKNOWN,,SKIPPED_ID_UNKNOWN,,,
UNKNOWN,,SKIPPED_ID_UNKNOWN,,,
UNKNOWN,,SKIPPED_ID_UNKNOWN,,,
UNKNOWN,,SKIPPED_ID_UNKNOWN,,,
UNKNOWN,,SKIPPED_ID_UNKNOWN,,,
UNKNOWN,,SKIPPED_ID_UNKNOWN,,,
UNKNOWN,,SKIPPED_ID_UNKNOWN,,,
UNKNOWN,,SKIPPED_ID_UNKNOWN,,,
UNKNOWN,,SKIPPED_ID_UNKNOWN,,,
UNKNOWN,,SKIPPED_ID_UNKNOWN,,,
UNKNOWN,,SKIPPED_ID_UNKNOWN,,,
UNKNOWN,,SKIPPED_ID_UNKNOWN,,,
UNKNOWN,,SKIPPED_ID_UNKNOWN,,,
UNKNOWN,,SKIPPED_ID_UNKNOWN,,,
UNKNOWN,,SKIPPED_ID_UNKNOWN,,,
UNKNOWN,,SKIPPED_ID_UNKNOWN,,,
UNKNOWN,,SKIPPED_ID_UNKNOWN,,,
UNKNOWN,,SKIPPED_ID_UNKNOWN,,,
UNKNOWN,,SKIPPED_ID_UNKNOWN,,,
UNKNOWN,,SKIPPED_ID_UNKNOWN,,,
UNKNOWN,,SKIPPED_ID_UNKNOWN,,,
UNKNOWN,,SKIPPED_ID_UNKNOWN,,,
UNKNOWN,,SKIPPED_ID_UNKNOWN,,,
UNKNOWN,,SKIPPED_ID_UNKNOWN,,,
UNKNOWN,,SKIPPED_ID_UNKNOWN,,,
UNKNOWN,,SKIPPED_ID_UNKNOWN,,,
UNKNOWN,,SKIPPED_ID_UNKNOWN,,,
UNKNOWN,,SKIPPED_ID_UNKNOWN,,,
UNKNOWN,,SKIPPED_ID_UNKNOWN,,,
UNKNOWN,,SKIPPED_ID_UNKNOWN,,,
UNKNOWN,,SKIPPED_ID_UNKNOWN,,,
UNKNOWN,,SKIPPED_ID_UNKNOWN,,,
UNKNOWN,,SKIPPED_ID_UNKNOWN,,,
UNKNOWN,,SKIPPED_ID_UNKNOWN,,,
UNKNOWN,,SKIPPED_ID_UNKNOWN,,,
UNKNOWN,,SKIPPED_ID_UNKNOWN,,,
UNKNOWN,,SKIPPED_ID_UNKNOWN,,,
UNKNOWN,,SKIPPED_ID_UNKNOWN,,,
UNKNOWN,,SKIPPED_ID_UNKNOWN,,,
UNKNOWN,,SKIPPED_ID_UNKNOWN,,,
UNKNOWN,,SKIPPED_ID_UNKNOWN,,,
UNKNOWN,,SKIPPED_ID_UNKNOWN,,,
UNKNOWN,,SKIPPED_ID_UNKNOWN,,,
UNKNOWN,,SKIPPED_ID_UNKNOWN,,,
UNKNOWN,,SKIPPED_ID_UNKNOWN,,,
UNKNOWN,,SKIPPED_ID_UNKNOWN,,,
UNKNOWN,,SKIPPED_ID_UNKNOWN,,,
UNKNOWN,,SKIPPED_ID_UNKNOWN,,,
UNKNOWN,,SKIPPED_ID_UNKNOWN,,,
UNKNOWN,,SKIPPED_ID_UNKNOWN,,,
UNKNOWN,,SKIPPED_ID_UNKNOWN,,,
UNKNOWN,,SKIPPED_ID_UNKNOWN,,,
UNKNOWN,,SKIPPED_ID_UNKNOWN,,,
UNKNOWN,,SKIPPED_ID_UNKNOWN,,,
UNKNOWN,,SKIPPED_ID_UNKNOWN,,,
UNKNOWN,,SKIPPED_ID_UNKNOWN,,,
UNKNOWN,,SKIPPED_ID_UNKNOWN,,,
UNKNOWN,,SKIPPED_ID_UNKNOWN,,,
UNKNOWN,,SKIPPED_ID_UNKNOWN,,,
UNKNOWN,,SKIPPED_ID_UNKNOWN,,,
UNKNOWN,,SKIPPED_ID_UNKNOWN,,,
UNKNOWN,,SKIPPED_ID_UNKNOWN,,,
UNKNOWN,,SKIPPED_ID_UNKNOWN,,,
UNKNOWN,,SKIPPED_ID_UNKNOWN,,,
UNKNOWN,,SKIPPED_ID_UNKNOWN,,,
UNKNOWN,,SKIPPED_ID_UNKNOWN,,,
UNKNOWN,,SKIPPED_ID_UNKNOWN,,,
UNKNOWN,,SKIPPED_ID_UNKNOWN,,,
UNKNOWN,,SKIPPED_ID_UNKNOWN,,,
UNKNOWN,,SKIPPED_ID_UNKNOWN,,,
UNKNOWN,,SKIPPED_ID_UNKNOWN,,,
UNKNOWN,,SKIPPED_ID_UNKNOWN,,,
UNKNOWN,,SKIPPED_ID_UNKNOWN,,,
UNKNOWN,,SKIPPED_ID_UNKNOWN,,,
UNKNOWN,,SKIPPED_ID_UNKNOWN,,,
UNKNOWN,,SKIPPED_ID_UNKNOWN,,,
UNKNOWN,,SKIPPED_ID_UNKNOWN,,,
UNKNOWN,,SKIPPED_ID_UNKNOWN,,,
UNKNOWN,,SKIPPED_ID_UNKNOWN,,,
UNKNOWN,,SKIPPED_ID_UNKNOWN,,,
UNKNOWN,,SKIPPED_ID_UNKNOWN,,,
UNKNOWN,,SKIPPED_ID_UNKNOWN,,,
UNKNOWN,,SKIPPED_ID_UNKNOWN,,,
UNKNOWN,,SKIPPED_ID_UNKNOWN,,,
UNKNOWN,,SKIPPED_ID_UNKNOWN,,,
UNKNOWN,,SKIPPED_ID_UNKNOWN,,,
UNKNOWN,,SKIPPED_ID_UNKNOWN,,,
UNKNOWN,,SKIPPED_ID_UNKNOWN,,,
UNKNOWN,,SKIPPED_ID_UNKNOWN,,,
UNKNOWN,,SKIPPED_ID_UNKNOWN,,,
UNKNOWN,,SKIPPED_ID_UNKNOWN,,,
UNKNOWN,,SKIPPED_ID_UNKNOWN,,,
UNKNOWN,,SKIPPED_ID_UNKNOWN,,,
UNKNOWN,,SKIPPED_ID_UNKNOWN,,,
UNKNOWN,,SKIPPED_ID_UNKNOWN,,,
UNKNOWN,,SKIPPED_ID_UNKNOWN,,,
UNKNOWN,,SKIPPED_ID_UNKNOWN,,,
UNKNOWN,,SKIPPED_ID_UNKNOWN,,,
UNKNOWN,,SKIPPED_ID_UNKNOWN,,,
UNKNOWN,,SKIPPED_ID_UNKNOWN,,,
UNKNOWN,,SKIPPED_ID_UNKNOWN,,,
UNKNOWN,,SKIPPED_ID_UNKNOWN,,,
UNKNOWN,,SKIPPED_ID_UNKNOWN,,,
UNKNOWN,,SKIPPED_ID_UNKNOWN,,,
UNKNOWN,,SKIPPED_ID_UNKNOWN,,,
UNKNOWN,,SKIPPED_ID_UNKNOWN,,,
UNKNOWN,,SKIPPED_ID_UNKNOWN,,,
UNKNOWN,,SKIPPED_ID_UNKNOWN,,,
UNKNOWN,,SKIPPED_ID_UNKNOWN,,,
UNKNOWN,,SKIPPED_ID_UNKNOWN,,,
UNKNOWN,,SKIPPED_ID_UNKNOWN,,,
UNKNOWN,,SKIPPED_ID_UNKNOWN,,,
UNKNOWN,,SKIPPED_ID_UNKNOWN,,,
UNKNOWN,,SKIPPED_ID_UNKNOWN,,,
UNKNOWN,,SKIPPED_ID_UNKNOWN,,,
UNKNOWN,,SKIPPED_ID_UNKNOWN,,,
UNKNOWN,,SKIPPED_ID_UNKNOWN,,,
UNKNOWN,,SKIPPED_ID_UNKNOWN,,,
UNKNOWN,,SKIPPED_ID_UNKNOWN,,,
UNKNOWN,,SKIPPED_ID_UNKNOWN,,,
UNKNOWN,,SKIPPED_ID_UNKNOWN,,,
UNKNOWN,,SKIPPED_ID_UNKNOWN,,,
UNKNOWN,,SKIPPED_ID_UNKNOWN,,,
UNKNOWN,,SKIPPED_ID_UNKNOWN,,,
UNKNOWN,,SKIPPED_ID_UNKNOWN,,,
UNKNOWN,,SKIPPED_ID_UNKNOWN,,,
UNKNOWN,,SKIPPED_ID_UNKNOWN,,,
UNKNOWN,,SKIPPED_ID_UNKNOWN,,,
UNKNOWN,,SKIPPED_ID_UNKNOWN,,,
UNKNOWN,,SKIPPED_ID_UNKNOWN,,,
UNKNOWN,,SKIPPED_ID_UNKNOWN,,,
UNKNOWN,,SKIPPED_ID_UNKNOWN,,,
UNKNOWN,,SKIPPED_ID_UNKNOWN,,,
UNKNOWN,,SKIPPED_ID_UNKNOWN,,,
UNKNOWN,,SKIPPED_ID_UNKNOWN,,,
UNKNOWN,,SKIPPED_ID_UNKNOWN,,,
UNKNOWN,,SKIPPED_ID_UNKNOWN,,,
UNKNOWN,,SKIPPED_ID_UNKNOWN,,,
UNKNOWN,,SKIPPED_ID_UNKNOWN,,,
UNKNOWN,,SKIPPED_ID_UNKNOWN,,,
UNKNOWN,,SKIPPED_ID_UNKNOWN,,,
UNKNOWN,,SKIPPED_ID_UNKNOWN,,,
UNKNOWN,,SKIPPED_ID_UNKNOWN,,,
UNKNOWN,,SKIPPED_ID_UNKNOWN,,,
UNKNOWN,,SKIPPED_ID_UNKNOWN,,,
UNKNOWN,,SKIPPED_ID_UNKNOWN,,,
UNKNOWN,,SKIPPED_ID_UNKNOWN,,,
UNKNOWN,,SKIPPED_ID_UNKNOWN,,,
UNKNOWN,,SKIPPED_ID_UNKNOWN,,,
UNKNOWN,,SKIPPED_ID_UNKNOWN,,,
UNKNOWN,,SKIPPED_ID_UNKNOWN,,,
UNKNOWN,,SKIPPED_ID_UNKNOWN,,,
UNKNOWN,,SKIPPED_ID_UNKNOWN,,,
UNKNOWN,,SKIPPED_ID_UNKNOWN,,,
UNKNOWN,,SKIPPED_ID_UNKNOWN,,,
UNKNOWN,,SKIPPED_ID_UNKNOWN,,,
UNKNOWN,,SKIPPED_ID_UNKNOWN,,,
UNKNOWN,,SKIPPED_ID_UNKNOWN,,,
UNKNOWN,,SKIPPED_ID_UNKNOWN,,,
UNKNOWN,,SKIPPED_ID_UNKNOWN,,,
UNKNOWN,,SKIPPED_ID_UNKNOWN,,,
UNKNOWN,,SKIPPED_ID_UNKNOWN,,,
UNKNOWN,,SKIPPED_ID_UNKNOWN,,,
UNKNOWN,,SKIPPED_ID_UNKNOWN,,,
UNKNOWN,,SKIPPED_ID_UNKNOWN,,,
UNKNOWN,,SKIPPED_ID_UNKNOWN,,,
UNKNOWN,,SKIPPED_ID_UNKNOWN,,,
UNKNOWN,,SKIPPED_ID_UNKNOWN,,,
UNKNOWN,,SKIPPED_ID_UNKNOWN,,,
UNKNOWN,,SKIPPED_ID_UNKNOWN,,,
UNKNOWN,,SKIPPED_ID_UNKNOWN,,,
UNKNOWN,,SKIPPED_ID_UNKNOWN,,,
UNKNOWN,,SKIPPED_ID_UNKNOWN,,,
UNKNOWN,,SKIPPED_ID_UNKNOWN,,,
UNKNOWN,,SKIPPED_ID_UNKNOWN,,,
UNKNOWN,,SKIPPED_ID_UNKNOWN,,,
UNKNOWN,,SKIPPED_ID_UNKNOWN,,,
UNKNOWN,,SKIPPED_ID_UNKNOWN,,,
UNKNOWN,,SKIPPED_ID_UNKNOWN,,,
UNKNOWN,,SKIPPED_ID_UNKNOWN,,,
UNKNOWN,,SKIPPED_ID_UNKNOWN,,,
UNKNOWN,,SKIPPED_ID_UNKNOWN,,,
UNKNOWN,,SKIPPED_ID_UNKNOWN,,,
UNKNOWN,,SKIPPED_ID_UNKNOWN,,,
UNKNOWN,,SKIPPED_ID_UNKNOWN,,,
UNKNOWN,,SKIPPED_ID_UNKNOWN,,,
UNKNOWN,,SKIPPED_ID_UNKNOWN,,,
UNKNOWN,,SKIPPED_ID_UNKNOWN,,,
UNKNOWN,,SKIPPED_ID_UNKNOWN,,,
UNKNOWN,,SKIPPED_ID_UNKNOWN,,,
UNKNOWN,,SKIPPED_ID_UNKNOWN,,,
UNKNOWN,,SKIPPED_ID_UNKNOWN,,,
UNKNOWN,,SKIPPED_ID_UNKNOWN,,,
UNKNOWN,,SKIPPED_ID_UNKNOWN,,,
UNKNOWN,,SKIPPED_ID_UNKNOWN,,,
UNKNOWN,,SKIPPED_ID_UNKNOWN,,,
UNKNOWN,,SKIPPED_ID_UNKNOWN,,,
UNKNOWN,,SKIPPED_ID_UNKNOWN,,,
UNKNOWN,,SKIPPED_ID_UNKNOWN,,,
UNKNOWN,,SKIPPED_ID_UNKNOWN,,,
UNKNOWN,,SKIPPED_ID_UNKNOWN,,,
UNKNOWN,,SKIPPED_ID_UNKNOWN,,,
UNKNOWN,,SKIPPED_ID_UNKNOWN,,,
UNKNOWN,,SKIPPED_ID_UNKNOWN,,,
UNKNOWN,,SKIPPED_ID_UNKNOWN,,,
UNKNOWN,,SKIPPED_ID_UNKNOWN,,,
UNKNOWN,,SKIPPED_ID_UNKNOWN,,,
UNKNOWN,,SKIPPED_ID_UNKNOWN,,,
UNKNOWN,,SKIPPED_ID_UNKNOWN,,,
UNKNOWN,,SKIPPED_ID_UNKNOWN,,,
UNKNOWN,,SKIPPED_ID_UNKNOWN,,,
UNKNOWN,,SKIPPED_ID_UNKNOWN,,,
UNKNOWN,,SKIPPED_ID_UNKNOWN,,,
UNKNOWN,,SKIPPED_ID_UNKNOWN,,,
UNKNOWN,,SKIPPED_ID_UNKNOWN,,,
UNKNOWN,,SKIPPED_ID_UNKNOWN,,,
UNKNOWN,,SKIPPED_ID_UNKNOWN,,,
UNKNOWN,,SKIPPED_ID_UNKNOWN,,,
UNKNOWN,,SKIPPED_ID_UNKNOWN,,,
UNKNOWN,,SKIPPED_ID_UNKNOWN,,,
UNKNOWN,,SKIPPED_ID_UNKNOWN,,,
UNKNOWN,,SKIPPED_ID_UNKNOWN,,,
UNKNOWN,,SKIPPED_ID_UNKNOWN,,,
UNKNOWN,,SKIPPED_ID_UNKNOWN,,,
UNKNOWN,,SKIPPED_ID_UNKNOWN,,,
UNKNOWN,,SKIPPED_ID_UNKNOWN,,,
UNKNOWN,,SKIPPED_ID_UNKNOWN,,,
UNKNOWN,,SKIPPED_ID_UNKNOWN,,,
UNKNOWN,,SKIPPED_ID_UNKNOWN,,,
UNKNOWN,,SKIPPED_ID_UNKNOWN,,,
UNKNOWN,,SKIPPED_ID_UNKNOWN,,,
UNKNOWN,,SKIPPED_ID_UNKNOWN,,,
UNKNOWN,,SKIPPED_ID_UNKNOWN,,,
UNKNOWN,,SKIPPED_ID_UNKNOWN,,,
UNKNOWN,,SKIPPED_ID_UNKNOWN,,,
UNKNOWN,,SKIPPED_ID_UNKNOWN,,,
UNKNOWN,,SKIPPED_ID_UNKNOWN,,,
UNKNOWN,,SKIPPED_ID_UNKNOWN,,,
UNKNOWN,,SKIPPED_ID_UNKNOWN,,,
UNKNOWN,,SKIPPED_ID_UNKNOWN,,,
UNKNOWN,,SKIPPED_ID_UNKNOWN,,,
UNKNOWN,,SKIPPED_ID_UNKNOWN,,,
UNKNOWN,,SKIPPED_ID_UNKNOWN,,,
UNKNOWN,,SKIPPED_ID_UNKNOWN,,,
UNKNOWN,,SKIPPED_ID_UNKNOWN,,,
UNKNOWN,,SKIPPED_ID_UNKNOWN,,,
UNKNOWN,,SKIPPED_ID_UNKNOWN,,,
UNKNOWN,,SKIPPED_ID_UNKNOWN,,,
UNKNOWN,,SKIPPED_ID_UNKNOWN,,,
UNKNOWN,,SKIPPED_ID_UNKNOWN,,,
UNKNOWN,,SKIPPED_ID_UNKNOWN,,,
UNKNOWN,,SKIPPED_ID_UNKNOWN,,,
UNKNOWN,,SKIPPED_ID_UNKNOWN,,,
UNKNOWN,,SKIPPED_ID_UNKNOWN,,,
UNKNOWN,,SKIPPED_ID_UNKNOWN,,,
UNKNOWN,,SKIPPED_ID_UNKNOWN,,,
UNKNOWN,,SKIPPED_ID_UNKNOWN,,,
UNKNOWN,,SKIPPED_ID_UNKNOWN,,,
UNKNOWN,,SKIPPED_ID_UNKNOWN,,,
UNKNOWN,,SKIPPED_ID_UNKNOWN,,,
UNKNOWN,,SKIPPED_ID_UNKNOWN,,,
UNKNOWN,,SKIPPED_ID_UNKNOWN,,,
UNKNOWN,,SKIPPED_ID_UNKNOWN,,,
UNKNOWN,,SKIPPED_ID_UNKNOWN,,,
UNKNOWN,,SKIPPED_ID_UNKNOWN,,,
UNKNOWN,,SKIPPED_ID_UNKNOWN,,,
UNKNOWN,,SKIPPED_ID_UNKNOWN,,,
UNKNOWN,,SKIPPED_ID_UNKNOWN,,,
UNKNOWN,,SKIPPED_ID_UNKNOWN,,,
UNKNOWN,,SKIPPED_ID_UNKNOWN,,,
UNKNOWN,,SKIPPED_ID_UNKNOWN,,,
UNKNOWN,,SKIPPED_ID_UNKNOWN,,,
UNKNOWN,,SKIPPED_ID_UNKNOWN,,,
UNKNOWN,,SKIPPED_ID_UNKNOWN,,,
UNKNOWN,,SKIPPED_ID_UNKNOWN,,,
UNKNOWN,,SKIPPED_ID_UNKNOWN,,,
UNKNOWN,,SKIPPED_ID_UNKNOWN,,,
UNKNOWN,,SKIPPED_ID_UNKNOWN,,,
UNKNOWN,,SKIPPED_ID_UNKNOWN,,,
UNKNOWN,,SKIPPED_ID_UNKNOWN,,,
UNKNOWN,,SKIPPED_ID_UNKNOWN,,,
UNKNOWN,,SKIPPED_ID_UNKNOWN,,,
UNKNOWN,,SKIPPED_ID_UNKNOWN,,,
UNKNOWN,,SKIPPED_ID_UNKNOWN,,,
UNKNOWN,,SKIPPED_ID_UNKNOWN,,,
UNKNOWN,,SKIPPED_ID_UNKNOWN,,,
UNKNOWN,,SKIPPED_ID_UNKNOWN,,,
UNKNOWN,,SKIPPED_ID_UNKNOWN,,,
UNKNOWN,,SKIPPED_ID_UNKNOWN,,,
UNKNOWN,,SKIPPED_ID_UNKNOWN,,,
UNKNOWN,,SKIPPED_ID_UNKNOWN,,,
UNKNOWN,,SKIPPED_ID_UNKNOWN,,,
UNKNOWN,,SKIPPED_ID_UNKNOWN,,,
UNKNOWN,,SKIPPED_ID_UNKNOWN,,,
UNKNOWN,,SKIPPED_ID_UNKNOWN,,,
UNKNOWN,,SKIPPED_ID_UNKNOWN,,,
UNKNOWN,,SKIPPED_ID_UNKNOWN,,,
UNKNOWN,,SKIPPED_ID_UNKNOWN,,,
UNKNOWN,,SKIPPED_ID_UNKNOWN,,,
UNKNOWN,,SKIPPED_ID_UNKNOWN,,,
UNKNOWN,,SKIPPED_ID_UNKNOWN,,,
UNKNOWN,,SKIPPED_ID_UNKNOWN,,,
UNKNOWN,,SKIPPED_ID_UNKNOWN,,,
UNKNOWN,,SKIPPED_ID_UNKNOWN,,,
UNKNOWN,,SKIPPED_ID_UNKNOWN,,,
UNKNOWN,,SKIPPED_ID_UNKNOWN,,,
UNKNOWN,,SKIPPED_ID_UNKNOWN,,,
UNKNOWN,,SKIPPED_ID_UNKNOWN,,,
UNKNOWN,,SKIPPED_ID_UNKNOWN,,,
UNKNOWN,,SKIPPED_ID_UNKNOWN,,,
UNKNOWN,,SKIPPED_ID_UNKNOWN,,,
UNKNOWN,,SKIPPED_ID_UNKNOWN,,,
UNKNOWN,,SKIPPED_ID_UNKNOWN,,,
UNKNOWN,,SKIPPED_ID_UNKNOWN,,,
UNKNOWN,,SKIPPED_ID_UNKNOWN,,,
UNKNOWN,,SKIPPED_ID_UNKNOWN,,,
UNKNOWN,,SKIPPED_ID_UNKNOWN,,,
UNKNOWN,,SKIPPED_ID_UNKNOWN,,,
UNKNOWN,,SKIPPED_ID_UNKNOWN,,,
UNKNOWN,,SKIPPED_ID_UNKNOWN,,,
UNKNOWN,,SKIPPED_ID_UNKNOWN,,,
UNKNOWN,,SKIPPED_ID_UNKNOWN,,,
UNKNOWN,,SKIPPED_ID_UNKNOWN,,,
UNKNOWN,,SKIPPED_ID_UNKNOWN,,,
UNKNOWN,,SKIPPED_ID_UNKNOWN,,,
UNKNOWN,,SKIPPED_ID_UNKNOWN,,,
UNKNOWN,,SKIPPED_ID_UNKNOWN,,,
UNKNOWN,,SKIPPED_ID_UNKNOWN,,,
UNKNOWN,,SKIPPED_ID_UNKNOWN,,,
UNKNOWN,,SKIPPED_ID_UNKNOWN,,,
UNKNOWN,,SKIPPED_ID_UNKNOWN,,,
UNKNOWN,,SKIPPED_ID_UNKNOWN,,,
UNKNOWN,,SKIPPED_ID_UNKNOWN,,,
UNKNOWN,,SKIPPED_ID_UNKNOWN,,,
UNKNOWN,,SKIPPED_ID_UNKNOWN,,,
UNKNOWN,,SKIPPED_ID_UNKNOWN,,,
UNKNOWN,,SKIPPED_ID_UNKNOWN,,,
UNKNOWN,,SKIPPED_ID_UNKNOWN,,,
UNKNOWN,,SKIPPED_ID_UNKNOWN,,,
UNKNOWN,,SKIPPED_ID_UNKNOWN,,,
UNKNOWN,,SKIPPED_ID_UNKNOWN,,,
UNKNOWN,,SKIPPED_ID_UNKNOWN,,,
UNKNOWN,,SKIPPED_ID_UNKNOWN,,,
UNKNOWN,,SKIPPED_ID_UNKNOWN,,,
UNKNOWN,,SKIPPED_ID_UNKNOWN,,,
UNKNOWN,,SKIPPED_ID_UNKNOWN,,,
UNKNOWN,,SKIPPED_ID_UNKNOWN,,,
UNKNOWN,,SKIPPED_ID_UNKNOWN,,,
UNKNOWN,,SKIPPED_ID_UNKNOWN,,,
UNKNOWN,,SKIPPED_ID_UNKNOWN,,,
UNKNOWN,,SKIPPED_ID_UNKNOWN,,,
UNKNOWN,,SKIPPED_ID_UNKNOWN,,,
UNKNOWN,,SKIPPED_ID_UNKNOWN,,,
UNKNOWN,,SKIPPED_ID_UNKNOWN,,,
UNKNOWN,,SKIPPED_ID_UNKNOWN,,,
UNKNOWN,,SKIPPED_ID_UNKNOWN,,,
UNKNOWN,,SKIPPED_ID_UNKNOWN,,,
UNKNOWN,,SKIPPED_ID_UNKNOWN,,,
UNKNOWN,,SKIPPED_ID_UNKNOWN,,,
UNKNOWN,,SKIPPED_ID_UNKNOWN,,,
UNKNOWN,,SKIPPED_ID_UNKNOWN,,,
UNKNOWN,,SKIPPED_ID_UNKNOWN,,,
UNKNOWN,,SKIPPED_ID_UNKNOWN,,,
UNKNOWN,,SKIPPED_ID_UNKNOWN,,,
UNKNOWN,,SKIPPED_ID_UNKNOWN,,,
UNKNOWN,,SKIPPED_ID_UNKNOWN,,,
UNKNOWN,,SKIPPED_ID_UNKNOWN,,,
UNKNOWN,,SKIPPED_ID_UNKNOWN,,,
UNKNOWN,,SKIPPED_ID_UNKNOWN,,,
UNKNOWN,,SKIPPED_ID_UNKNOWN,,,
UNKNOWN,,SKIPPED_ID_UNKNOWN,,,
UNKNOWN,,SKIPPED_ID_UNKNOWN,,,
UNKNOWN,,SKIPPED_ID_UNKNOWN,,,
UNKNOWN,,SKIPPED_ID_UNKNOWN,,,
UNKNOWN,,SKIPPED_ID_UNKNOWN,,,
UNKNOWN,,SKIPPED_ID_UNKNOWN,,,
UNKNOWN,,SKIPPED_ID_UNKNOWN,,,
UNKNOWN,,SKIPPED_ID_UNKNOWN,,,
UNKNOWN,,SKIPPED_ID_UNKNOWN,,,
UNKNOWN,,SKIPPED_ID_UNKNOWN,,,
UNKNOWN,,SKIPPED_ID_UNKNOWN,,,
UNKNOWN,,SKIPPED_ID_UNKNOWN,,,
UNKNOWN,,SKIPPED_ID_UNKNOWN,,,
UNKNOWN,,SKIPPED_ID_UNKNOWN,,,
UNKNOWN,,SKIPPED_ID_UNKNOWN,,,
UNKNOWN,,SKIPPED_ID_UNKNOWN,,,
UNKNOWN,,SKIPPED_ID_UNKNOWN,,,
UNKNOWN,,SKIPPED_ID_UNKNOWN,,,
UNKNOWN,,SKIPPED_ID_UNKNOWN,,,
UNKNOWN,,SKIPPED_ID_UNKNOWN,,,
UNKNOWN,,SKIPPED_ID_UNKNOWN,,,
UNKNOWN,,SKIPPED_ID_UNKNOWN,,,
UNKNOWN,,SKIPPED_ID_UNKNOWN,,,
UNKNOWN,,SKIPPED_ID_UNKNOWN,,,
UNKNOWN,,SKIPPED_ID_UNKNOWN,,,
UNKNOWN,,SKIPPED_ID_UNKNOWN,,,
UNKNOWN,,SKIPPED_ID_UNKNOWN,,,
UNKNOWN,,SKIPPED_ID_UNKNOWN,,,
UNKNOWN,,SKIPPED_ID_UNKNOWN,,,
UNKNOWN,,SKIPPED_ID_UNKNOWN,,,
UNKNOWN,,SKIPPED_ID_UNKNOWN,,,
UNKNOWN,,SKIPPED_ID_UNKNOWN,,,
UNKNOWN,,SKIPPED_ID_UNKNOWN,,,
UNKNOWN,,SKIPPED_ID_UNKNOWN,,,
UNKNOWN,,SKIPPED_ID_UNKNOWN,,,
UNKNOWN,,SKIPPED_ID_UNKNOWN,,,
UNKNOWN,,SKIPPED_ID_UNKNOWN,,,
UNKNOWN,,SKIPPED_ID_UNKNOWN,,,
UNKNOWN,,SKIPPED_ID_UNKNOWN,,,
UNKNOWN,,SKIPPED_ID_UNKNOWN,,,
UNKNOWN,,SKIPPED_ID_UNKNOWN,,,
UNKNOWN,,SKIPPED_ID_UNKNOWN,,,
UNKNOWN,,SKIPPED_ID_UNKNOWN,,,
UNKNOWN,,SKIPPED_ID_UNKNOWN,,,
UNKNOWN,,SKIPPED_ID_UNKNOWN,,,
UNKNOWN,,SKIPPED_ID_UNKNOWN,,,
UNKNOWN,,SKIPPED_ID_UNKNOWN,,,
UNKNOWN,,SKIPPED_ID_UNKNOWN,,,
UNKNOWN,,SKIPPED_ID_UNKNOWN,,,
UNKNOWN,,SKIPPED_ID_UNKNOWN,,,
UNKNOWN,,SKIPPED_ID_UNKNOWN,,,
UNKNOWN,,SKIPPED_ID_UNKNOWN,,,
UNKNOWN,,SKIPPED_ID_UNKNOWN,,,
UNKNOWN,,SKIPPED_ID_UNKNOWN,,,
UNKNOWN,,SKIPPED_ID_UNKNOWN,,,
UNKNOWN,,SKIPPED_ID_UNKNOWN,,,
UNKNOWN,,SKIPPED_ID_UNKNOWN,,,
UNKNOWN,,SKIPPED_ID_UNKNOWN,,,
UNKNOWN,,SKIPPED_ID_UNKNOWN,,,
UNKNOWN,,SKIPPED_ID_UNKNOWN,,,
UNKNOWN,,SKIPPED_ID_UNKNOWN,,,
UNKNOWN,,SKIPPED_ID_UNKNOWN,,,
UNKNOWN,,SKIPPED_ID_UNKNOWN,,,
UNKNOWN,,SKIPPED_ID_UNKNOWN,,,
UNKNOWN,,SKIPPED_ID_UNKNOWN,,,
UNKNOWN,,SKIPPED_ID_UNKNOWN,,,
UNKNOWN,,SKIPPED_ID_UNKNOWN,,,
UNKNOWN,,SKIPPED_ID_UNKNOWN,,,
UNKNOWN,,SKIPPED_ID_UNKNOWN,,,
UNKNOWN,,SKIPPED_ID_UNKNOWN,,,
UNKNOWN,,SKIPPED_ID_UNKNOWN,,,
UNKNOWN,,SKIPPED_ID_UNKNOWN,,,
UNKNOWN,,SKIPPED_ID_UNKNOWN,,,
UNKNOWN,,SKIPPED_ID_UNKNOWN,,,
UNKNOWN,,SKIPPED_ID_UNKNOWN,,,
UNKNOWN,,SKIPPED_ID_UNKNOWN,,,
UNKNOWN,,SKIPPED_ID_UNKNOWN,,,
UNKNOWN,,SKIPPED_ID_UNKNOWN,,,
UNKNOWN,,SKIPPED_ID_UNKNOWN,,,
UNKNOWN,,SKIPPED_ID_UNKNOWN,,,
UNKNOWN,,SKIPPED_ID_UNKNOWN,,,
UNKNOWN,,SKIPPED_ID_UNKNOWN,,,
UNKNOWN,,SKIPPED_ID_UNKNOWN,,,
UNKNOWN,,SKIPPED_ID_UNKNOWN,,,
UNKNOWN,,SKIPPED_ID_UNKNOWN,,,
UNKNOWN,,SKIPPED_ID_UNKNOWN,,,
UNKNOWN,,SKIPPED_ID_UNKNOWN,,,
UNKNOWN,,SKIPPED_ID_UNKNOWN,,,
UNKNOWN,,SKIPPED_ID_UNKNOWN,,,
UNKNOWN,,SKIPPED_ID_UNKNOWN,,,
UNKNOWN,,SKIPPED_ID_UNKNOWN,,,
UNKNOWN,,SKIPPED_ID_UNKNOWN,,,
UNKNOWN,,SKIPPED_ID_UNKNOWN,,,
UNKNOWN,,SKIPPED_ID_UNKNOWN,,,
UNKNOWN,,SKIPPED_ID_UNKNOWN,,,
UNKNOWN,,SKIPPED_ID_UNKNOWN,,,
UNKNOWN,,SKIPPED_ID_UNKNOWN,,,
UNKNOWN,,SKIPPED_ID_UNKNOWN,,,
UNKNOWN,,SKIPPED_ID_UNKNOWN,,,
UNKNOWN,,SKIPPED_ID_UNKNOWN,,,
UNKNOWN,,SKIPPED_ID_UNKNOWN,,,
UNKNOWN,,SKIPPED_ID_UNKNOWN,,,
UNKNOWN,,SKIPPED_ID_UNKNOWN,,,
UNKNOWN,,SKIPPED_ID_UNKNOWN,,,
UNKNOWN,,SKIPPED_ID_UNKNOWN,,,
UNKNOWN,,SKIPPED_ID_UNKNOWN,,,
UNKNOWN,,SKIPPED_ID_UNKNOWN,,,
UNKNOWN,,SKIPPED_ID_UNKNOWN,,,
UNKNOWN,,SKIPPED_ID_UNKNOWN,,,
UNKNOWN,,SKIPPED_ID_UNKNOWN,,,
UNKNOWN,,SKIPPED_ID_UNKNOWN,,,
UNKNOWN,,SKIPPED_ID_UNKNOWN,,,
UNKNOWN,,SKIPPED_ID_UNKNOWN,,,
UNKNOWN,,SKIPPED_ID_UNKNOWN,,,
UNKNOWN,,SKIPPED_ID_UNKNOWN,,,
UNKNOWN,,SKIPPED_ID_UNKNOWN,,,
UNKNOWN,,SKIPPED_ID_UNKNOWN,,,
UNKNOWN,,SKIPPED_ID_UNKNOWN,,,
UNKNOWN,,SKIPPED_ID_UNKNOWN,,,
UNKNOWN,,SKIPPED_ID_UNKNOWN,,,
UNKNOWN,,SKIPPED_ID_UNKNOWN,,,
UNKNOWN,,SKIPPED_ID_UNKNOWN,,,
UNKNOWN,,SKIPPED_ID_UNKNOWN,,,
UNKNOWN,,SKIPPED_ID_UNKNOWN,,,
UNKNOWN,,SKIPPED_ID_UNKNOWN,,,
UNKNOWN,,SKIPPED_ID_UNKNOWN,,,
UNKNOWN,,SKIPPED_ID_UNKNOWN,,,
UNKNOWN,,SKIPPED_ID_UNKNOWN,,,
UNKNOWN,,SKIPPED_ID_UNKNOWN,,,
UNKNOWN,,SKIPPED_ID_UNKNOWN,,,
UNKNOWN,,SKIPPED_ID_UNKNOWN,,,
UNKNOWN,,SKIPPED_ID_UNKNOWN,,,
UNKNOWN,,SKIPPED_ID_UNKNOWN,,,
UNKNOWN,,SKIPPED_ID_UNKNOWN,,,
UNKNOWN,,SKIPPED_ID_UNKNOWN,,,
UNKNOWN,,SKIPPED_ID_UNKNOWN,,,
UNKNOWN,,SKIPPED_ID_UNKNOWN,,,
UNKNOWN,,SKIPPED_ID_UNKNOWN,,,
UNKNOWN,,SKIPPED_ID_UNKNOWN,,,
UNKNOWN,,SKIPPED_ID_UNKNOWN,,,
UNKNOWN,,SKIPPED_ID_UNKNOWN,,,
UNKNOWN,,SKIPPED_ID_UNKNOWN,,,
UNKNOWN,,SKIPPED_ID_UNKNOWN,,,
UNKNOWN,,SKIPPED_ID_UNKNOWN,,,
UNKNOWN,,SKIPPED_ID_UNKNOWN,,,
UNKNOWN,,SKIPPED_ID_UNKNOWN,,,
UNKNOWN,,SKIPPED_ID_UNKNOWN,,,
UNKNOWN,,SKIPPED_ID_UNKNOWN,,,
UNKNOWN,,SKIPPED_ID_UNKNOWN,,,
UNKNOWN,,SKIPPED_ID_UNKNOWN,,,
UNKNOWN,,SKIPPED_ID_UNKNOWN,,,
UNKNOWN,,SKIPPED_ID_UNKNOWN,,,
UNKNOWN,,SKIPPED_ID_UNKNOWN,,,
UNKNOWN,,SKIPPED_ID_UNKNOWN,,,
UNKNOWN,,SKIPPED_ID_UNKNOWN,,,
UNKNOWN,,SKIPPED_ID_UNKNOWN,,,
UNKNOWN,,SKIPPED_ID_UNKNOWN,,,
UNKNOWN,,SKIPPED_ID_UNKNOWN,,,
UNKNOWN,,SKIPPED_ID_UNKNOWN,,,
UNKNOWN,,SKIPPED_ID_UNKNOWN,,,
UNKNOWN,,SKIPPED_ID_UNKNOWN,,,
UNKNOWN,,SKIPPED_ID_UNKNOWN,,,
UNKNOWN,,SKIPPED_ID_UNKNOWN,,,
UNKNOWN,,SKIPPED_ID_UNKNOWN,,,
UNKNOWN,,SKIPPED_ID_UNKNOWN,,,
UNKNOWN,,SKIPPED_ID_UNKNOWN,,,
UNKNOWN,,SKIPPED_ID_UNKNOWN,,,
UNKNOWN,,SKIPPED_ID_UNKNOWN,,,
UNKNOWN,,SKIPPED_ID_UNKNOWN,,,
UNKNOWN,,SKIPPED_ID_UNKNOWN,,,
UNKNOWN,,SKIPPED_ID_UNKNOWN,,,
UNKNOWN,,SKIPPED_ID_UNKNOWN,,,
UNKNOWN,,SKIPPED_ID_UNKNOWN,,,
UNKNOWN,,SKIPPED_ID_UNKNOWN,,,
UNKNOWN,,SKIPPED_ID_UNKNOWN,,,
UNKNOWN,,SKIPPED_ID_UNKNOWN,,,
UNKNOWN,,SKIPPED_ID_UNKNOWN,,,
UNKNOWN,,SKIPPED_ID_UNKNOWN,,,
UNKNOWN,,SKIPPED_ID_UNKNOWN,,,
UNKNOWN,,SKIPPED_ID_UNKNOWN,,,
UNKNOWN,,SKIPPED_ID_UNKNOWN,,,
UNKNOWN,,SKIPPED_ID_UNKNOWN,,,
UNKNOWN,,SKIPPED_ID_UNKNOWN,,,
UNKNOWN,,SKIPPED_ID_UNKNOWN,,,
UNKNOWN,,SKIPPED_ID_UNKNOWN,,,
UNKNOWN,,SKIPPED_ID_UNKNOWN,,,
UNKNOWN,,SKIPPED_ID_UNKNOWN,,,
UNKNOWN,,SKIPPED_ID_UNKNOWN,,,
UNKNOWN,,SKIPPED_ID_UNKNOWN,,,
UNKNOWN,,SKIPPED_ID_UNKNOWN,,,
UNKNOWN,,SKIPPED_ID_UNKNOWN,,,
UNKNOWN,,SKIPPED_ID_UNKNOWN,,,
UNKNOWN,,SKIPPED_ID_UNKNOWN,,,
UNKNOWN,,SKIPPED_ID_UNKNOWN,,,
UNKNOWN,,SKIPPED_ID_UNKNOWN,,,
UNKNOWN,,SKIPPED_ID_UNKNOWN,,,
UNKNOWN,,SKIPPED_ID_UNKNOWN,,,
UNKNOWN,,SKIPPED_ID_UNKNOWN,,,
UNKNOWN,,SKIPPED_ID_UNKNOWN,,,
UNKNOWN,,SKIPPED_ID_UNKNOWN,,,
UNKNOWN,,SKIPPED_ID_UNKNOWN,,,
UNKNOWN,,SKIPPED_ID_UNKNOWN,,,
UNKNOWN,,SKIPPED_ID_UNKNOWN,,,
UNKNOWN,,SKIPPED_ID_UNKNOWN,,,
UNKNOWN,,SKIPPED_ID_UNKNOWN,,,
UNKNOWN,,SKIPPED_ID_UNKNOWN,,,
UNKNOWN,,SKIPPED_ID_UNKNOWN,,,
UNKNOWN,,SKIPPED_ID_UNKNOWN,,,
UNKNOWN,,SKIPPED_ID_UNKNOWN,,,
UNKNOWN,,SKIPPED_ID_UNKNOWN,,,
UNKNOWN,,SKIPPED_ID_UNKNOWN,,,
UNKNOWN,,SKIPPED_ID_UNKNOWN,,,
UNKNOWN,,SKIPPED_ID_UNKNOWN,,,
UNKNOWN,,SKIPPED_ID_UNKNOWN,,,
UNKNOWN,,SKIPPED_ID_UNKNOWN,,,
UNKNOWN,,SKIPPED_ID_UNKNOWN,,,
UNKNOWN,,SKIPPED_ID_UNKNOWN,,,
UNKNOWN,,SKIPPED_ID_UNKNOWN,,,
UNKNOWN,,SKIPPED_ID_UNKNOWN,,,
UNKNOWN,,SKIPPED_ID_UNKNOWN,,,
UNKNOWN,,SKIPPED_ID_UNKNOWN,,,
UNKNOWN,,SKIPPED_ID_UNKNOWN,,,
UNKNOWN,,SKIPPED_ID_UNKNOWN,,,
UNKNOWN,,SKIPPED_ID_UNKNOWN,,,
UNKNOWN,,SKIPPED_ID_UNKNOWN,,,
UNKNOWN,,SKIPPED_ID_UNKNOWN,,,
UNKNOWN,,SKIPPED_ID_UNKNOWN,,,
UNKNOWN,,SKIPPED_ID_UNKNOWN,,,
UNKNOWN,,SKIPPED_ID_UNKNOWN,,,
UNKNOWN,,SKIPPED_ID_UNKNOWN,,,
UNKNOWN,,SKIPPED_ID_UNKNOWN,,,
UNKNOWN,,SKIPPED_ID_UNKNOWN,,,
UNKNOWN,,SKIPPED_ID_UNKNOWN,,,
UNKNOWN,,SKIPPED_ID_UNKNOWN,,,
UNKNOWN,,SKIPPED_ID_UNKNOWN,,,
UNKNOWN,,SKIPPED_ID_UNKNOWN,,,
UNKNOWN,,SKIPPED_ID_UNKNOWN,,,
UNKNOWN,,SKIPPED_ID_UNKNOWN,,,
UNKNOWN,,SKIPPED_ID_UNKNOWN,,,
UNKNOWN,,SKIPPED_ID_UNKNOWN,,,
UNKNOWN,,SKIPPED_ID_UNKNOWN,,,
UNKNOWN,,SKIPPED_ID_UNKNOWN,,,
UNKNOWN,,SKIPPED_ID_UNKNOWN,,,
UNKNOWN,,SKIPPED_ID_UNKNOWN,,,
UNKNOWN,,SKIPPED_ID_UNKNOWN,,,
UNKNOWN,,SKIPPED_ID_UNKNOWN,,,
UNKNOWN,,SKIPPED_ID_UNKNOWN,,,
UNKNOWN,,SKIPPED_ID_UNKNOWN,,,
UNKNOWN,,SKIPPED_ID_UNKNOWN,,,
UNKNOWN,,SKIPPED_ID_UNKNOWN,,,
UNKNOWN,,SKIPPED_ID_UNKNOWN,,,
UNKNOWN,,SKIPPED_ID_UNKNOWN,,,
UNKNOWN,,SKIPPED_ID_UNKNOWN,,,
UNKNOWN,,SKIPPED_ID_UNKNOWN,,,
UNKNOWN,,SKIPPED_ID_UNKNOWN,,,
UNKNOWN,,SKIPPED_ID_UNKNOWN,,,
UNKNOWN,,SKIPPED_ID_UNKNOWN,,,
UNKNOWN,,SKIPPED_ID_UNKNOWN,,,
UNKNOWN,,SKIPPED_ID_UNKNOWN,,,
UNKNOWN,,SKIPPED_ID_UNKNOWN,,,
UNKNOWN,,SKIPPED_ID_UNKNOWN,,,
UNKNOWN,,SKIPPED_ID_UNKNOWN,,,
UNKNOWN,,SKIPPED_ID_UNKNOWN,,,
UNKNOWN,,SKIPPED_ID_UNKNOWN,,,
UNKNOWN,,SKIPPED_ID_UNKNOWN,,,
UNKNOWN,,SKIPPED_ID_UNKNOWN,,,
UNKNOWN,,SKIPPED_ID_UNKNOWN,,,
UNKNOWN,,SKIPPED_ID_UNKNOWN,,,
UNKNOWN,,SKIPPED_ID_UNKNOWN,,,
UNKNOWN,,SKIPPED_ID_UNKNOWN,,,
UNKNOWN,,SKIPPED_ID_UNKNOWN,,,
UNKNOWN,,SKIPPED_ID_UNKNOWN,,,
UNKNOWN,,SKIPPED_ID_UNKNOWN,,,
UNKNOWN,,SKIPPED_ID_UNKNOWN,,,
UNKNOWN,,SKIPPED_ID_UNKNOWN,,,
UNKNOWN,,SKIPPED_ID_UNKNOWN,,,
UNKNOWN,,SKIPPED_ID_UNKNOWN,,,
UNKNOWN,,SKIPPED_ID_UNKNOWN,,,
UNKNOWN,,SKIPPED_ID_UNKNOWN,,,
UNKNOWN,,SKIPPED_ID_UNKNOWN,,,
UNKNOWN,,SKIPPED_ID_UNKNOWN,,,
UNKNOWN,,SKIPPED_ID_UNKNOWN,,,
UNKNOWN,,SKIPPED_ID_UNKNOWN,,,
UNKNOWN,,SKIPPED_ID_UNKNOWN,,,
UNKNOWN,,SKIPPED_ID_UNKNOWN,,,
UNKNOWN,,SKIPPED_ID_UNKNOWN,,,
UNKNOWN,,SKIPPED_ID_UNKNOWN,,,
UNKNOWN,,SKIPPED_ID_UNKNOWN,,,
UNKNOWN,,SKIPPED_ID_UNKNOWN,,,
UNKNOWN,,SKIPPED_ID_UNKNOWN,,,
UNKNOWN,,SKIPPED_ID_UNKNOWN,,,
UNKNOWN,,SKIPPED_ID_UNKNOWN,,,
UNKNOWN,,SKIPPED_ID_UNKNOWN,,,
UNKNOWN,,SKIPPED_ID_UNKNOWN,,,
UNKNOWN,,SKIPPED_ID_UNKNOWN,,,
UNKNOWN,,SKIPPED_ID_UNKNOWN,,,
UNKNOWN,,SKIPPED_ID_UNKNOWN,,,
UNKNOWN,,SKIPPED_ID_UNKNOWN,,,
UNKNOWN,,SKIPPED_ID_UNKNOWN,,,
UNKNOWN,,SKIPPED_ID_UNKNOWN,,,
UNKNOWN,,SKIPPED_ID_UNKNOWN,,,
UNKNOWN,,SKIPPED_ID_UNKNOWN,,,
UNKNOWN,,SKIPPED_ID_UNKNOWN,,,
UNKNOWN,,SKIPPED_ID_UNKNOWN,,,
UNKNOWN,,SKIPPED_ID_UNKNOWN,,,
UNKNOWN,,SKIPPED_ID_UNKNOWN,,,
UNKNOWN,,SKIPPED_ID_UNKNOWN,,,
UNKNOWN,,SKIPPED_ID_UNKNOWN,,,
UNKNOWN,,SKIPPED_ID_UNKNOWN,,,
UNKNOWN,,SKIPPED_ID_UNKNOWN,,,
UNKNOWN,,SKIPPED_ID_UNKNOWN,,,
UNKNOWN,,SKIPPED_ID_UNKNOWN,,,
UNKNOWN,,SKIPPED_ID_UNKNOWN,,,
UNKNOWN,,SKIPPED_ID_UNKNOWN,,,
UNKNOWN,,SKIPPED_ID_UNKNOWN,,,
UNKNOWN,,SKIPPED_ID_UNKNOWN,,,
UNKNOWN,,SKIPPED_ID_UNKNOWN,,,
UNKNOWN,,SKIPPED_ID_UNKNOWN,,,
UNKNOWN,,SKIPPED_ID_UNKNOWN,,,
UNKNOWN,,SKIPPED_ID_UNKNOWN,,,
UNKNOWN,,SKIPPED_ID_UNKNOWN,,,
UNKNOWN,,SKIPPED_ID_UNKNOWN,,,
UNKNOWN,,SKIPPED_ID_UNKNOWN,,,
UNKNOWN,,SKIPPED_ID_UNKNOWN,,,
UNKNOWN,,SKIPPED_ID_UNKNOWN,,,
UNKNOWN,,SKIPPED_ID_UNKNOWN,,,
UNKNOWN,,SKIPPED_ID_UNKNOWN,,,
UNKNOWN,,SKIPPED_ID_UNKNOWN,,,
UNKNOWN,,SKIPPED_ID_UNKNOWN,,,
UNKNOWN,,SKIPPED_ID_UNKNOWN,,,
UNKNOWN,,SKIPPED_ID_UNKNOWN,,,
UNKNOWN,,SKIPPED_ID_UNKNOWN,,,
UNKNOWN,,SKIPPED_ID_UNKNOWN,,,
UNKNOWN,,SKIPPED_ID_UNKNOWN,,,
UNKNOWN,,SKIPPED_ID_UNKNOWN,,,
UNKNOWN,,SKIPPED_ID_UNKNOWN,,,
UNKNOWN,,SKIPPED_ID_UNKNOWN,,,
UNKNOWN,,SKIPPED_ID_UNKNOWN,,,
UNKNOWN,,SKIPPED_ID_UNKNOWN,,,
UNKNOWN,,SKIPPED_ID_UNKNOWN,,,
UNKNOWN,,SKIPPED_ID_UNKNOWN,,,
UNKNOWN,,SKIPPED_ID_UNKNOWN,,,
UNKNOWN,,SKIPPED_ID_UNKNOWN,,,
UNKNOWN,,SKIPPED_ID_UNKNOWN,,,
UNKNOWN,,SKIPPED_ID_UNKNOWN,,,
UNKNOWN,,SKIPPED_ID_UNKNOWN,,,
UNKNOWN,,SKIPPED_ID_UNKNOWN,,,
UNKNOWN,,SKIPPED_ID_UNKNOWN,,,
UNKNOWN,,SKIPPED_ID_UNKNOWN,,,
UNKNOWN,,SKIPPED_ID_UNKNOWN,,,
UNKNOWN,,SKIPPED_ID_UNKNOWN,,,
UNKNOWN,,SKIPPED_ID_UNKNOWN,,,
UNKNOWN,,SKIPPED_ID_UNKNOWN,,,
UNKNOWN,,SKIPPED_ID_UNKNOWN,,,
UNKNOWN,,SKIPPED_ID_UNKNOWN,,,
UNKNOWN,,SKIPPED_ID_UNKNOWN,,,
UNKNOWN,,SKIPPED_ID_UNKNOWN,,,
UNKNOWN,,SKIPPED_ID_UNKNOWN,,,
UNKNOWN,,SKIPPED_ID_UNKNOWN,,,
UNKNOWN,,SKIPPED_ID_UNKNOWN,,,
UNKNOWN,,SKIPPED_ID_UNKNOWN,,,
UNKNOWN,,SKIPPED_ID_UNKNOWN,,,
UNKNOWN,,SKIPPED_ID_UNKNOWN,,,
UNKNOWN,,SKIPPED_ID_UNKNOWN,,,
UNKNOWN,,SKIPPED_ID_UNKNOWN,,,
UNKNOWN,,SKIPPED_ID_UNKNOWN,,,
UNKNOWN,,SKIPPED_ID_UNKNOWN,,,
UNKNOWN,,SKIPPED_ID_UNKNOWN,,,
UNKNOWN,,SKIPPED_ID_UNKNOWN,,,
UNKNOWN,,SKIPPED_ID_UNKNOWN,,,
UNKNOWN,,SKIPPED_ID_UNKNOWN,,,
UNKNOWN,,SKIPPED_ID_UNKNOWN,,,
UNKNOWN,,SKIPPED_ID_UNKNOWN,,,
UNKNOWN,,SKIPPED_ID_UNKNOWN,,,
UNKNOWN,,SKIPPED_ID_UNKNOWN,,,
UNKNOWN,,SKIPPED_ID_UNKNOWN,,,
UNKNOWN,,SKIPPED_ID_UNKNOWN,,,
UNKNOWN,,SKIPPED_ID_UNKNOWN,,,
UNKNOWN,,SKIPPED_ID_UNKNOWN,,,
UNKNOWN,,SKIPPED_ID_UNKNOWN,,,
UNKNOWN,,SKIPPED_ID_UNKNOWN,,,
UNKNOWN,,SKIPPED_ID_UNKNOWN,,,
UNKNOWN,,SKIPPED_ID_UNKNOWN,,,
UNKNOWN,,SKIPPED_ID_UNKNOWN,,,
UNKNOWN,,SKIPPED_ID_UNKNOWN,,,
UNKNOWN,,SKIPPED_ID_UNKNOWN,,,
UNKNOWN,,SKIPPED_ID_UNKNOWN,,,
UNKNOWN,,SKIPPED_ID_UNKNOWN,,,
UNKNOWN,,SKIPPED_ID_UNKNOWN,,,
UNKNOWN,,SKIPPED_ID_UNKNOWN,,,
UNKNOWN,,SKIPPED_ID_UNKNOWN,,,
UNKNOWN,,SKIPPED_ID_UNKNOWN,,,
UNKNOWN,,SKIPPED_ID_UNKNOWN,,,
UNKNOWN,,SKIPPED_ID_UNKNOWN,,,
UNKNOWN,,SKIPPED_ID_UNKNOWN,,,
UNKNOWN,,SKIPPED_ID_UNKNOWN,,,
UNKNOWN,,SKIPPED_ID_UNKNOWN,,,
UNKNOWN,,SKIPPED_ID_UNKNOWN,,,
UNKNOWN,,SKIPPED_ID_UNKNOWN,,,
UNKNOWN,,SKIPPED_ID_UNKNOWN,,,
UNKNOWN,,SKIPPED_ID_UNKNOWN,,,
UNKNOWN,,SKIPPED_ID_UNKNOWN,,,
UNKNOWN,,SKIPPED_ID_UNKNOWN,,,
UNKNOWN,,SKIPPED_ID_UNKNOWN,,,
UNKNOWN,,SKIPPED_ID_UNKNOWN,,,
UNKNOWN,,SKIPPED_ID_UNKNOWN,,,
UNKNOWN,,SKIPPED_ID_UNKNOWN,,,
UNKNOWN,,SKIPPED_ID_UNKNOWN,,,
UNKNOWN,,SKIPPED_ID_UNKNOWN,,,
UNKNOWN,,SKIPPED_ID_UNKNOWN,,,
UNKNOWN,,SKIPPED_ID_UNKNOWN,,,
UNKNOWN,,SKIPPED_ID_UNKNOWN,,,
UNKNOWN,,SKIPPED_ID_UNKNOWN,,,
UNKNOWN,,SKIPPED_ID_UNKNOWN,,,
UNKNOWN,,SKIPPED_ID_UNKNOWN,,,
UNKNOWN,,SKIPPED_ID_UNKNOWN,,,
UNKNOWN,,SKIPPED_ID_UNKNOWN,,,
UNKNOWN,,SKIPPED_ID_UNKNOWN,,,
UNKNOWN,,SKIPPED_ID_UNKNOWN,,,
UNKNOWN,,SKIPPED_ID_UNKNOWN,,,
UNKNOWN,,SKIPPED_ID_UNKNOWN,,,
UNKNOWN,,SKIPPED_ID_UNKNOWN,,,
UNKNOWN,,SKIPPED_ID_UNKNOWN,,,
UNKNOWN,,SKIPPED_ID_UNKNOWN,,,
UNKNOWN,,SKIPPED_ID_UNKNOWN,,,
UNKNOWN,,SKIPPED_ID_UNKNOWN,,,
UNKNOWN,,SKIPPED_ID_UNKNOWN,,,
UNKNOWN,,SKIPPED_ID_UNKNOWN,,,
UNKNOWN,,SKIPPED_ID_UNKNOWN,,,
UNKNOWN,,SKIPPED_ID_UNKNOWN,,,
UNKNOWN,,SKIPPED_ID_UNKNOWN,,,
UNKNOWN,,SKIPPED_ID_UNKNOWN,,,
UNKNOWN,,SKIPPED_ID_UNKNOWN,,,
UNKNOWN,,SKIPPED_ID_UNKNOWN,,,
UNKNOWN,,SKIPPED_ID_UNKNOWN,,,
UNKNOWN,,SKIPPED_ID_UNKNOWN,,,
UNKNOWN,,SKIPPED_ID_UNKNOWN,,,
UNKNOWN,,SKIPPED_ID_UNKNOWN,,,
UNKNOWN,,SKIPPED_ID_UNKNOWN,,,
UNKNOWN,,SKIPPED_ID_UNKNOWN,,,
UNKNOWN,,SKIPPED_ID_UNKNOWN,,,
UNKNOWN,,SKIPPED_ID_UNKNOWN,,,
UNKNOWN,,SKIPPED_ID_UNKNOWN,,,
UNKNOWN,,SKIPPED_ID_UNKNOWN,,,
UNKNOWN,,SKIPPED_ID_UNKNOWN,,,
UNKNOWN,,SKIPPED_ID_UNKNOWN,,,
UNKNOWN,,SKIPPED_ID_UNKNOWN,,,
UNKNOWN,,SKIPPED_ID_UNKNOWN,,,
UNKNOWN,,SKIPPED_ID_UNKNOWN,,,
UNKNOWN,,SKIPPED_ID_UNKNOWN,,,
UNKNOWN,,SKIPPED_ID_UNKNOWN,,,
UNKNOWN,,SKIPPED_ID_UNKNOWN,,,
UNKNOWN,,SKIPPED_ID_UNKNOWN,,,
UNKNOWN,,SKIPPED_ID_UNKNOWN,,,
UNKNOWN,,SKIPPED_ID_UNKNOWN,,,
UNKNOWN,,SKIPPED_ID_UNKNOWN,,,
UNKNOWN,,SKIPPED_ID_UNKNOWN,,,
UNKNOWN,,SKIPPED_ID_UNKNOWN,,,
UNKNOWN,,SKIPPED_ID_UNKNOWN,,,
UNKNOWN,,SKIPPED_ID_UNKNOWN,,,
UNKNOWN,,SKIPPED_ID_UNKNOWN,,,
UNKNOWN,,SKIPPED_ID_UNKNOWN,,,
UNKNOWN,,SKIPPED_ID_UNKNOWN,,,
UNKNOWN,,SKIPPED_ID_UNKNOWN,,,
UNKNOWN,,SKIPPED_ID_UNKNOWN,,,
UNKNOWN,,SKIPPED_ID_UNKNOWN,,,
UNKNOWN,,SKIPPED_ID_UNKNOWN,,,
UNKNOWN,,SKIPPED_ID_UNKNOWN,,,
UNKNOWN,,SKIPPED_ID_UNKNOWN,,,
UNKNOWN,,SKIPPED_ID_UNKNOWN,,,
UNKNOWN,,SKIPPED_ID_UNKNOWN,,,
UNKNOWN,,SKIPPED_ID_UNKNOWN,,,
UNKNOWN,,SKIPPED_ID_UNKNOWN,,,
UNKNOWN,,SKIPPED_ID_UNKNOWN,,,
UNKNOWN,,SKIPPED_ID_UNKNOWN,,,
UNKNOWN,,SKIPPED_ID_UNKNOWN,,,
UNKNOWN,,SKIPPED_ID_UNKNOWN,,,
UNKNOWN,,SKIPPED_ID_UNKNOWN,,,
UNKNOWN,,SKIPPED_ID_UNKNOWN,,,
UNKNOWN,,SKIPPED_ID_UNKNOWN,,,
UNKNOWN,,SKIPPED_ID_UNKNOWN,,,
UNKNOWN,,SKIPPED_ID_UNKNOWN,,,
UNKNOWN,,SKIPPED_ID_UNKNOWN,,,
UNKNOWN,,SKIPPED_ID_UNKNOWN,,,
UNKNOWN,,SKIPPED_ID_UNKNOWN,,,
UNKNOWN,,SKIPPED_ID_UNKNOWN,,,
UNKNOWN,,SKIPPED_ID_UNKNOWN,,,
UNKNOWN,,SKIPPED_ID_UNKNOWN,,,
UNKNOWN,,SKIPPED_ID_UNKNOWN,,,
UNKNOWN,,SKIPPED_ID_UNKNOWN,,,
UNKNOWN,,SKIPPED_ID_UNKNOWN,,,
UNKNOWN,,SKIPPED_ID_UNKNOWN,,,
UNKNOWN,,SKIPPED_ID_UNKNOWN,,,
UNKNOWN,,SKIPPED_ID_UNKNOWN,,,
UNKNOWN,,SKIPPED_ID_UNKNOWN,,,
UNKNOWN,,SKIPPED_ID_UNKNOWN,,,
UNKNOWN,,SKIPPED_ID_UNKNOWN,,,
UNKNOWN,,SKIPPED_ID_UNKNOWN,,,
UNKNOWN,,SKIPPED_ID_UNKNOWN,,,
UNKNOWN,,SKIPPED_ID_UNKNOWN,,,
UNKNOWN,,SKIPPED_ID_UNKNOWN,,,
UNKNOWN,,SKIPPED_ID_UNKNOWN,,,
UNKNOWN,,SKIPPED_ID_UNKNOWN,,,
UNKNOWN,,SKIPPED_ID_UNKNOWN,,,
UNKNOWN,,SKIPPED_ID_UNKNOWN,,,
UNKNOWN,,SKIPPED_ID_UNKNOWN,,,
UNKNOWN,,SKIPPED_ID_UNKNOWN,,,
UNKNOWN,,SKIPPED_ID_UNKNOWN,,,
UNKNOWN,,SKIPPED_ID_UNKNOWN,,,
UNKNOWN,,SKIPPED_ID_UNKNOWN,,,
UNKNOWN,,SKIPPED_ID_UNKNOWN,,,
UNKNOWN,,SKIPPED_ID_UNKNOWN,,,
UNKNOWN,,SKIPPED_ID_UNKNOWN,,,
UNKNOWN,,SKIPPED_ID_UNKNOWN,,,
UNKNOWN,,SKIPPED_ID_UNKNOWN,,,
UNKNOWN,,SKIPPED_ID_UNKNOWN,,,
UNKNOWN,,SKIPPED_ID_UNKNOWN,,,
UNKNOWN,,SKIPPED_ID_UNKNOWN,,,
UNKNOWN,,SKIPPED_ID_UNKNOWN,,,
UNKNOWN,,SKIPPED_ID_UNKNOWN,,,
UNKNOWN,,SKIPPED_ID_UNKNOWN,,,
UNKNOWN,,SKIPPED_ID_UNKNOWN,,,
UNKNOWN,,SKIPPED_ID_UNKNOWN,,,
UNKNOWN,,SKIPPED_ID_UNKNOWN,,,
UNKNOWN,,SKIPPED_ID_UNKNOWN,,,
UNKNOWN,,SKIPPED_ID_UNKNOWN,,,
UNKNOWN,,SKIPPED_ID_UNKNOWN,,,
UNKNOWN,,SKIPPED_ID_UNKNOWN,,,
UNKNOWN,,SKIPPED_ID_UNKNOWN,,,
UNKNOWN,,SKIPPED_ID_UNKNOWN,,,
UNKNOWN,,SKIPPED_ID_UNKNOWN,,,
UNKNOWN,,SKIPPED_ID_UNKNOWN,,,
UNKNOWN,,SKIPPED_ID_UNKNOWN,,,
UNKNOWN,,SKIPPED_ID_UNKNOWN,,,
UNKNOWN,,SKIPPED_ID_UNKNOWN,,,
UNKNOWN,,SKIPPED_ID_UNKNOWN,,,
UNKNOWN,,SKIPPED_ID_UNKNOWN,,,
UNKNOWN,,SKIPPED_ID_UNKNOWN,,,
UNKNOWN,,SKIPPED_ID_UNKNOWN,,,
UNKNOWN,,SKIPPED_ID_UNKNOWN,,,
UNKNOWN,,SKIPPED_ID_UNKNOWN,,,
UNKNOWN,,SKIPPED_ID_UNKNOWN,,,
UNKNOWN,,SKIPPED_ID_UNKNOWN,,,
UNKNOWN,,SKIPPED_ID_UNKNOWN,,,
UNKNOWN,,SKIPPED_ID_UNKNOWN,,,
UNKNOWN,,SKIPPED_ID_UNKNOWN,,,
UNKNOWN,,SKIPPED_ID_UNKNOWN,,,
UNKNOWN,,SKIPPED_ID_UNKNOWN,,,
UNKNOWN,,SKIPPED_ID_UNKNOWN,,,
UNKNOWN,,SKIPPED_ID_UNKNOWN,,,
UNKNOWN,,SKIPPED_ID_UNKNOWN,,,
UNKNOWN,,SKIPPED_ID_UNKNOWN,,,
UNKNOWN,,SKIPPED_ID_UNKNOWN,,,
UNKNOWN,,SKIPPED_ID_UNKNOWN,,,
UNKNOWN,,SKIPPED_ID_UNKNOWN,,,
UNKNOWN,,SKIPPED_ID_UNKNOWN,,,
UNKNOWN,,SKIPPED_ID_UNKNOWN,,,
UNKNOWN,,SKIPPED_ID_UNKNOWN,,,
UNKNOWN,,SKIPPED_ID_UNKNOWN,,,
UNKNOWN,,SKIPPED_ID_UNKNOWN,,,
UNKNOWN,,SKIPPED_ID_UNKNOWN,,,
UNKNOWN,,SKIPPED_ID_UNKNOWN,,,
UNKNOWN,,SKIPPED_ID_UNKNOWN,,,
UNKNOWN,,SKIPPED_ID_UNKNOWN,,,
UNKNOWN,,SKIPPED_ID_UNKNOWN,,,
UNKNOWN,,SKIPPED_ID_UNKNOWN,,,
UNKNOWN,,SKIPPED_ID_UNKNOWN,,,
UNKNOWN,,SKIPPED_ID_UNKNOWN,,,
UNKNOWN,,SKIPPED_ID_UNKNOWN,,,
UNKNOWN,,SKIPPED_ID_UNKNOWN,,,
UNKNOWN,,SKIPPED_ID_UNKNOWN,,,
UNKNOWN,,SKIPPED_ID_UNKNOWN,,,
UNKNOWN,,SKIPPED_ID_UNKNOWN,,,
UNKNOWN,,SKIPPED_ID_UNKNOWN,,,
UNKNOWN,,SKIPPED_ID_UNKNOWN,,,
UNKNOWN,,SKIPPED_ID_UNKNOWN,,,
UNKNOWN,,SKIPPED_ID_UNKNOWN,,,
UNKNOWN,,SKIPPED_ID_UNKNOWN,,,
UNKNOWN,,SKIPPED_ID_UNKNOWN,,,
UNKNOWN,,SKIPPED_ID_UNKNOWN,,,
UNKNOWN,,SKIPPED_ID_UNKNOWN,,,
UNKNOWN,,SKIPPED_ID_UNKNOWN,,,
UNKNOWN,,SKIPPED_ID_UNKNOWN,,,
UNKNOWN,,SKIPPED_ID_UNKNOWN,,,
UNKNOWN,,SKIPPED_ID_UNKNOWN,,,
UNKNOWN,,SKIPPED_ID_UNKNOWN,,,
UNKNOWN,,SKIPPED_ID_UNKNOWN,,,
UNKNOWN,,SKIPPED_ID_UNKNOWN,,,
UNKNOWN,,SKIPPED_ID_UNKNOWN,,,
UNKNOWN,,SKIPPED_ID_UNKNOWN,,,
UNKNOWN,,SKIPPED_ID_UNKNOWN,,,
UNKNOWN,,SKIPPED_ID_UNKNOWN,,,
UNKNOWN,,SKIPPED_ID_UNKNOWN,,,
UNKNOWN,,SKIPPED_ID_UNKNOWN,,,
UNKNOWN,,SKIPPED_ID_UNKNOWN,,,
UNKNOWN,,SKIPPED_ID_UNKNOWN,,,
UNKNOWN,,SKIPPED_ID_UNKNOWN,,,
UNKNOWN,,SKIPPED_ID_UNKNOWN,,,
UNKNOWN,,SKIPPED_ID_UNKNOWN,,,
UNKNOWN,,SKIPPED_ID_UNKNOWN,,,
UNKNOWN,,SKIPPED_ID_UNKNOWN,,,
UNKNOWN,,SKIPPED_ID_UNKNOWN,,,
UNKNOWN,,SKIPPED_ID_UNKNOWN,,,
UNKNOWN,,SKIPPED_ID_UNKNOWN,,,
UNKNOWN,,SKIPPED_ID_UNKNOWN,,,
UNKNOWN,,SKIPPED_ID_UNKNOWN,,,
UNKNOWN,,SKIPPED_ID_UNKNOWN,,,
UNKNOWN,,SKIPPED_ID_UNKNOWN,,,
UNKNOWN,,SKIPPED_ID_UNKNOWN,,,
UNKNOWN,,SKIPPED_ID_UNKNOWN,,,
UNKNOWN,,SKIPPED_ID_UNKNOWN,,,
UNKNOWN,,SKIPPED_ID_UNKNOWN,,,
UNKNOWN,,SKIPPED_ID_UNKNOWN,,,
UNKNOWN,,SKIPPED_ID_UNKNOWN,,,
UNKNOWN,,SKIPPED_ID_UNKNOWN,,,
UNKNOWN,,SKIPPED_ID_UNKNOWN,,,
UNKNOWN,,SKIPPED_ID_UNKNOWN,,,
UNKNOWN,,SKIPPED_ID_UNKNOWN,,,
UNKNOWN,,SKIPPED_ID_UNKNOWN,,,
UNKNOWN,,SKIPPED_ID_UNKNOWN,,,
UNKNOWN,,SKIPPED_ID_UNKNOWN,,,
UNKNOWN,,SKIPPED_ID_UNKNOWN,,,
UNKNOWN,,SKIPPED_ID_UNKNOWN,,,
UNKNOWN,,SKIPPED_ID_UNKNOWN,,,
UNKNOWN,,SKIPPED_ID_UNKNOWN,,,
UNKNOWN,,SKIPPED_ID_UNKNOWN,,,
UNKNOWN,,SKIPPED_ID_UNKNOWN,,,
UNKNOWN,,SKIPPED_ID_UNKNOWN,,,
UNKNOWN,,SKIPPED_ID_UNKNOWN,,,
UNKNOWN,,SKIPPED_ID_UNKNOWN,,,
UNKNOWN,,SKIPPED_ID_UNKNOWN,,,
UNKNOWN,,SKIPPED_ID_UNKNOWN,,,
UNKNOWN,,SKIPPED_ID_UNKNOWN,,,
UNKNOWN,,SKIPPED_ID_UNKNOWN,,,
UNKNOWN,,SKIPPED_ID_UNKNOWN,,,
UNKNOWN,,SKIPPED_ID_UNKNOWN,,,
UNKNOWN,,SKIPPED_ID_UNKNOWN,,,
UNKNOWN,,SKIPPED_ID_UNKNOWN,,,
UNKNOWN,,SKIPPED_ID_UNKNOWN,,,
UNKNOWN,,SKIPPED_ID_UNKNOWN,,,
UNKNOWN,,SKIPPED_ID_UNKNOWN,,,
UNKNOWN,,SKIPPED_ID_UNKNOWN,,,
UNKNOWN,,SKIPPED_ID_UNKNOWN,,,
UNKNOWN,,SKIPPED_ID_UNKNOWN,,,
UNKNOWN,,SKIPPED_ID_UNKNOWN,,,
UNKNOWN,,SKIPPED_ID_UNKNOWN,,,
UNKNOWN,,SKIPPED_ID_UNKNOWN,,,
UNKNOWN,,SKIPPED_ID_UNKNOWN,,,
UNKNOWN,,SKIPPED_ID_UNKNOWN,,,
UNKNOWN,,SKIPPED_ID_UNKNOWN,,,
UNKNOWN,,SKIPPED_ID_UNKNOWN,,,
UNKNOWN,,SKIPPED_ID_UNKNOWN,,,
UNKNOWN,,SKIPPED_ID_UNKNOWN,,,
UNKNOWN,,SKIPPED_ID_UNKNOWN,,,
UNKNOWN,,SKIPPED_ID_UNKNOWN,,,
UNKNOWN,,SKIPPED_ID_UNKNOWN,,,
UNKNOWN,,SKIPPED_ID_UNKNOWN,,,
UNKNOWN,,SKIPPED_ID_UNKNOWN,,,
UNKNOWN,,SKIPPED_ID_UNKNOWN,,,
UNKNOWN,,SKIPPED_ID_UNKNOWN,,,
UNKNOWN,,SKIPPED_ID_UNKNOWN,,,
UNKNOWN,,SKIPPED_ID_UNKNOWN,,,
UNKNOWN,,SKIPPED_ID_UNKNOWN,,,
UNKNOWN,,SKIPPED_ID_UNKNOWN,,,
UNKNOWN,,SKIPPED_ID_UNKNOWN,,,
UNKNOWN,,SKIPPED_ID_UNKNOWN,,,
UNKNOWN,,SKIPPED_ID_UNKNOWN,,,
UNKNOWN,,SKIPPED_ID_UNKNOWN,,,
UNKNOWN,,SKIPPED_ID_UNKNOWN,,,
UNKNOWN,,SKIPPED_ID_UNKNOWN,,,
UNKNOWN,,SKIPPED_ID_UNKNOWN,,,
UNKNOWN,,SKIPPED_ID_UNKNOWN,,,
UNKNOWN,,SKIPPED_ID_UNKNOWN,,,
UNKNOWN,,SKIPPED_ID_UNKNOWN,,,
UNKNOWN,,SKIPPED_ID_UNKNOWN,,,
UNKNOWN,,SKIPPED_ID_UNKNOWN,,,
UNKNOWN,,SKIPPED_ID_UNKNOWN,,,
UNKNOWN,,SKIPPED_ID_UNKNOWN,,,
UNKNOWN,,SKIPPED_ID_UNKNOWN,,,
UNKNOWN,,SKIPPED_ID_UNKNOWN,,,
UNKNOWN,,SKIPPED_ID_UNKNOWN,,,
UNKNOWN,,SKIPPED_ID_UNKNOWN,,,
UNKNOWN,,SKIPPED_ID_UNKNOWN,,,
UNKNOWN,,SKIPPED_ID_UNKNOWN,,,
UNKNOWN,,SKIPPED_ID_UNKNOWN,,,
UNKNOWN,,SKIPPED_ID_UNKNOWN,,,
UNKNOWN,,SKIPPED_ID_UNKNOWN,,,
UNKNOWN,,SKIPPED_ID_UNKNOWN,,,
UNKNOWN,,SKIPPED_ID_UNKNOWN,,,
UNKNOWN,,SKIPPED_ID_UNKNOWN,,,
UNKNOWN,,SKIPPED_ID_UNKNOWN,,,
UNKNOWN,,SKIPPED_ID_UNKNOWN,,,
UNKNOWN,,SKIPPED_ID_UNKNOWN,,,
UNKNOWN,,SKIPPED_ID_UNKNOWN,,,
UNKNOWN,,SKIPPED_ID_UNKNOWN,,,
UNKNOWN,,SKIPPED_ID_UNKNOWN,,,
UNKNOWN,,SKIPPED_ID_UNKNOWN,,,
UNKNOWN,,SKIPPED_ID_UNKNOWN,,,
UNKNOWN,,SKIPPED_ID_UNKNOWN,,,
UNKNOWN,,SKIPPED_ID_UNKNOWN,,,
UNKNOWN,,SKIPPED_ID_UNKNOWN,,,
UNKNOWN,,SKIPPED_ID_UNKNOWN,,,
UNKNOWN,,SKIPPED_ID_UNKNOWN,,,
UNKNOWN,,SKIPPED_ID_UNKNOWN,,,
UNKNOWN,,SKIPPED_ID_UNKNOWN,,,
UNKNOWN,,SKIPPED_ID_UNKNOWN,,,
UNKNOWN,,SKIPPED_ID_UNKNOWN,,,
UNKNOWN,,SKIPPED_ID_UNKNOWN,,,
UNKNOWN,,SKIPPED_ID_UNKNOWN,,,
UNKNOWN,,SKIPPED_ID_UNKNOWN,,,
UNKNOWN,,SKIPPED_ID_UNKNOWN,,,
UNKNOWN,,SKIPPED_ID_UNKNOWN,,,
UNKNOWN,,SKIPPED_ID_UNKNOWN,,,
UNKNOWN,,SKIPPED_ID_UNKNOWN,,,
UNKNOWN,,SKIPPED_ID_UNKNOWN,,,
UNKNOWN,,SKIPPED_ID_UNKNOWN,,,
UNKNOWN,,SKIPPED_ID_UNKNOWN,,,
UNKNOWN,,SKIPPED_ID_UNKNOWN,,,
UNKNOWN,,SKIPPED_ID_UNKNOWN,,,
UNKNOWN,,SKIPPED_ID_UNKNOWN,,,
UNKNOWN,,SKIPPED_ID_UNKNOWN,,,
UNKNOWN,,SKIPPED_ID_UNKNOWN,,,
UNKNOWN,,SKIPPED_ID_UNKNOWN,,,
UNKNOWN,,SKIPPED_ID_UNKNOWN,,,
UNKNOWN,,SKIPPED_ID_UNKNOWN,,,
UNKNOWN,,SKIPPED_ID_UNKNOWN,,,
UNKNOWN,,SKIPPED_ID_UNKNOWN,,,
UNKNOWN,,SKIPPED_ID_UNKNOWN,,,
UNKNOWN,,SKIPPED_ID_UNKNOWN,,,
UNKNOWN,,SKIPPED_ID_UNKNOWN,,,
UNKNOWN,,SKIPPED_ID_UNKNOWN,,,
UNKNOWN,,SKIPPED_ID_UNKNOWN,,,
UNKNOWN,,SKIPPED_ID_UNKNOWN,,,
UNKNOWN,,SKIPPED_ID_UNKNOWN,,,
UNKNOWN,,SKIPPED_ID_UNKNOWN,,,
UNKNOWN,,SKIPPED_ID_UNKNOWN,,,
UNKNOWN,,SKIPPED_ID_UNKNOWN,,,
UNKNOWN,,SKIPPED_ID_UNKNOWN,,,
UNKNOWN,,SKIPPED_ID_UNKNOWN,,,
UNKNOWN,,SKIPPED_ID_UNKNOWN,,,
UNKNOWN,,SKIPPED_ID_UNKNOWN,,,
UNKNOWN,,SKIPPED_ID_UNKNOWN,,,
UNKNOWN,,SKIPPED_ID_UNKNOWN,,,
UNKNOWN,,SKIPPED_ID_UNKNOWN,,,
UNKNOWN,,SKIPPED_ID_UNKNOWN,,,
UNKNOWN,,SKIPPED_ID_UNKNOWN,,,
UNKNOWN,,SKIPPED_ID_UNKNOWN,,,
UNKNOWN,,SKIPPED_ID_UNKNOWN,,,
UNKNOWN,,SKIPPED_ID_UNKNOWN,,,
UNKNOWN,,SKIPPED_ID_UNKNOWN,,,
UNKNOWN,,SKIPPED_ID_UNKNOWN,,,
UNKNOWN,,SKIPPED_ID_UNKNOWN,,,
UNKNOWN,,SKIPPED_ID_UNKNOWN,,,
UNKNOWN,,SKIPPED_ID_UNKNOWN,,,
UNKNOWN,,SKIPPED_ID_UNKNOWN,,,
UNKNOWN,,SKIPPED_ID_UNKNOWN,,,
UNKNOWN,,SKIPPED_ID_UNKNOWN,,,
UNKNOWN,,SKIPPED_ID_UNKNOWN,,,
UNKNOWN,,SKIPPED_ID_UNKNOWN,,,
UNKNOWN,,SKIPPED_ID_UNKNOWN,,,
UNKNOWN,,SKIPPED_ID_UNKNOWN,,,
UNKNOWN,,SKIPPED_ID_UNKNOWN,,,
UNKNOWN,,SKIPPED_ID_UNKNOWN,,,
UNKNOWN,,SKIPPED_ID_UNKNOWN,,,
UNKNOWN,,SKIPPED_ID_UNKNOWN,,,
UNKNOWN,,SKIPPED_ID_UNKNOWN,,,
UNKNOWN,,SKIPPED_ID_UNKNOWN,,,
UNKNOWN,,SKIPPED_ID_UNKNOWN,,,
UNKNOWN,,SKIPPED_ID_UNKNOWN,,,
UNKNOWN,,SKIPPED_ID_UNKNOWN,,,
UNKNOWN,,SKIPPED_ID_UNKNOWN,,,
UNKNOWN,,SKIPPED_ID_UNKNOWN,,,
UNKNOWN,,SKIPPED_ID_UNKNOWN,,,
UNKNOWN,,SKIPPED_ID_UNKNOWN,,,
UNKNOWN,,SKIPPED_ID_UNKNOWN,,,
UNKNOWN,,SKIPPED_ID_UNKNOWN,,,
UNKNOWN,,SKIPPED_ID_UNKNOWN,,,
UNKNOWN,,SKIPPED_ID_UNKNOWN,,,
UNKNOWN,,SKIPPED_ID_UNKNOWN,,,
UNKNOWN,,SKIPPED_ID_UNKNOWN,,,
UNKNOWN,,SKIPPED_ID_UNKNOWN,,,
UNKNOWN,,SKIPPED_ID_UNKNOWN,,,
UNKNOWN,,SKIPPED_ID_UNKNOWN,,,
UNKNOWN,,SKIPPED_ID_UNKNOWN,,,
UNKNOWN,,SKIPPED_ID_UNKNOWN,,,
UNKNOWN,,SKIPPED_ID_UNKNOWN,,,
UNKNOWN,,SKIPPED_ID_UNKNOWN,,,
UNKNOWN,,SKIPPED_ID_UNKNOWN,,,
UNKNOWN,,SKIPPED_ID_UNKNOWN,,,
UNKNOWN,,SKIPPED_ID_UNKNOWN,,,
UNKNOWN,,SKIPPED_ID_UNKNOWN,,,
UNKNOWN,,SKIPPED_ID_UNKNOWN,,,
UNKNOWN,,SKIPPED_ID_UNKNOWN,,,
UNKNOWN,,SKIPPED_ID_UNKNOWN,,,
UNKNOWN,,SKIPPED_ID_UNKNOWN,,,
UNKNOWN,,SKIPPED_ID_UNKNOWN,,,
UNKNOWN,,SKIPPED_ID_UNKNOWN,,,
UNKNOWN,,SKIPPED_ID_UNKNOWN,,,
UNKNOWN,,SKIPPED_ID_UNKNOWN,,,
UNKNOWN,,SKIPPED_ID_UNKNOWN,,,
UNKNOWN,,SKIPPED_ID_UNKNOWN,,,
UNKNOWN,,SKIPPED_ID_UNKNOWN,,,
UNKNOWN,,SKIPPED_ID_UNKNOWN,,,
UNKNOWN,,SKIPPED_ID_UNKNOWN,,,
UNKNOWN,,SKIPPED_ID_UNKNOWN,,,
UNKNOWN,,SKIPPED_ID_UNKNOWN,,,
UNKNOWN,,SKIPPED_ID_UNKNOWN,,,
UNKNOWN,,SKIPPED_ID_UNKNOWN,,,
UNKNOWN,,SKIPPED_ID_UNKNOWN,,,
UNKNOWN,,SKIPPED_ID_UNKNOWN,,,
UNKNOWN,,SKIPPED_ID_UNKNOWN,,,
UNKNOWN,,SKIPPED_ID_UNKNOWN,,,
UNKNOWN,,SKIPPED_ID_UNKNOWN,,,
UNKNOWN,,SKIPPED_ID_UNKNOWN,,,
UNKNOWN,,SKIPPED_ID_UNKNOWN,,,
UNKNOWN,,SKIPPED_ID_UNKNOWN,,,
UNKNOWN,,SKIPPED_ID_UNKNOWN,,,
UNKNOWN,,SKIPPED_ID_UNKNOWN,,,
UNKNOWN,,SKIPPED_ID_UNKNOWN,,,
UNKNOWN,,SKIPPED_ID_UNKNOWN,,,
UNKNOWN,,SKIPPED_ID_UNKNOWN,,,
UNKNOWN,,SKIPPED_ID_UNKNOWN,,,
UNKNOWN,,SKIPPED_ID_UNKNOWN,,,
UNKNOWN,,SKIPPED_ID_UNKNOWN,,,
UNKNOWN,,SKIPPED_ID_UNKNOWN,,,
UNKNOWN,,SKIPPED_ID_UNKNOWN,,,
UNKNOWN,,SKIPPED_ID_UNKNOWN,,,
UNKNOWN,,SKIPPED_ID_UNKNOWN,,,
UNKNOWN,,SKIPPED_ID_UNKNOWN,,,
UNKNOWN,,SKIPPED_ID_UNKNOWN,,,
UNKNOWN,,SKIPPED_ID_UNKNOWN,,,
UNKNOWN,,SKIPPED_ID_UNKNOWN,,,
UNKNOWN,,SKIPPED_ID_UNKNOWN,,,
UNKNOWN,,SKIPPED_ID_UNKNOWN,,,
UNKNOWN,,SKIPPED_ID_UNKNOWN,,,
UNKNOWN,,SKIPPED_ID_UNKNOWN,,,
UNKNOWN,,SKIPPED_ID_UNKNOWN,,,
UNKNOWN,,SKIPPED_ID_UNKNOWN,,,
UNKNOWN,,SKIPPED_ID_UNKNOWN,,,
UNKNOWN,,SKIPPED_ID_UNKNOWN,,,
UNKNOWN,,SKIPPED_ID_UNKNOWN,,,
UNKNOWN,,SKIPPED_ID_UNKNOWN,,,
UNKNOWN,,SKIPPED_ID_UNKNOWN,,,
UNKNOWN,,SKIPPED_ID_UNKNOWN,,,
UNKNOWN,,SKIPPED_ID_UNKNOWN,,,
UNKNOWN,,SKIPPED_ID_UNKNOWN,,,
UNKNOWN,,SKIPPED_ID_UNKNOWN,,,
UNKNOWN,,SKIPPED_ID_UNKNOWN,,,
UNKNOWN,,SKIPPED_ID_UNKNOWN,,,
UNKNOWN,,SKIPPED_ID_UNKNOWN,,,
UNKNOWN,,SKIPPED_ID_UNKNOWN,,,
UNKNOWN,,SKIPPED_ID_UNKNOWN,,,
UNKNOWN,,SKIPPED_ID_UNKNOWN,,,
UNKNOWN,,SKIPPED_ID_UNKNOWN,,,
UNKNOWN,,SKIPPED_ID_UNKNOWN,,,
UNKNOWN,,SKIPPED_ID_UNKNOWN,,,
UNKNOWN,,SKIPPED_ID_UNKNOWN,,,
UNKNOWN,,SKIPPED_ID_UNKNOWN,,,
UNKNOWN,,SKIPPED_ID_UNKNOWN,,,
UNKNOWN,,SKIPPED_ID_UNKNOWN,,,
UNKNOWN,,SKIPPED_ID_UNKNOWN,,,
UNKNOWN,,SKIPPED_ID_UNKNOWN,,,
UNKNOWN,,SKIPPED_ID_UNKNOWN,,,
UNKNOWN,,SKIPPED_ID_UNKNOWN,,,
UNKNOWN,,SKIPPED_ID_UNKNOWN,,,
UNKNOWN,,SKIPPED_ID_UNKNOWN,,,
UNKNOWN,,SKIPPED_ID_UNKNOWN,,,
UNKNOWN,,SKIPPED_ID_UNKNOWN,,,
UNKNOWN,,SKIPPED_ID_UNKNOWN,,,
UNKNOWN,,SKIPPED_ID_UNKNOWN,,,
UNKNOWN,,SKIPPED_ID_UNKNOWN,,,
UNKNOWN,,SKIPPED_ID_UNKNOWN,,,
UNKNOWN,,SKIPPED_ID_UNKNOWN,,,
UNKNOWN,,SKIPPED_ID_UNKNOWN,,,
UNKNOWN,,SKIPPED_ID_UNKNOWN,,,
UNKNOWN,,SKIPPED_ID_UNKNOWN,,,
UNKNOWN,,SKIPPED_ID_UNKNOWN,,,
UNKNOWN,,SKIPPED_ID_UNKNOWN,,,
UNKNOWN,,SKIPPED_ID_UNKNOWN,,,
UNKNOWN,,SKIPPED_ID_UNKNOWN,,,
UNKNOWN,,SKIPPED_ID_UNKNOWN,,,
UNKNOWN,,SKIPPED_ID_UNKNOWN,,,
UNKNOWN,,SKIPPED_ID_UNKNOWN,,,
UNKNOWN,,SKIPPED_ID_UNKNOWN,,,
UNKNOWN,,SKIPPED_ID_UNKNOWN,,,
UNKNOWN,,SKIPPED_ID_UNKNOWN,,,
UNKNOWN,,SKIPPED_ID_UNKNOWN,,,
UNKNOWN,,SKIPPED_ID_UNKNOWN,,,
UNKNOWN,,SKIPPED_ID_UNKNOWN,,,
UNKNOWN,,SKIPPED_ID_UNKNOWN,,,
UNKNOWN,,SKIPPED_ID_UNKNOWN,,,
UNKNOWN,,SKIPPED_ID_UNKNOWN,,,
UNKNOWN,,SKIPPED_ID_UNKNOWN,,,
UNKNOWN,,SKIPPED_ID_UNKNOWN,,,
UNKNOWN,,SKIPPED_ID_UNKNOWN,,,
UNKNOWN,,SKIPPED_ID_UNKNOWN,,,
UNKNOWN,,SKIPPED_ID_UNKNOWN,,,
UNKNOWN,,SKIPPED_ID_UNKNOWN,,,
UNKNOWN,,SKIPPED_ID_UNKNOWN,,,
UNKNOWN,,SKIPPED_ID_UNKNOWN,,,
UNKNOWN,,SKIPPED_ID_UNKNOWN,,,
UNKNOWN,,SKIPPED_ID_UNKNOWN,,,
UNKNOWN,,SKIPPED_ID_UNKNOWN,,,
UNKNOWN,,SKIPPED_ID_UNKNOWN,,,
UNKNOWN,,SKIPPED_ID_UNKNOWN,,,
UNKNOWN,,SKIPPED_ID_UNKNOWN,,,
UNKNOWN,,SKIPPED_ID_UNKNOWN,,,
UNKNOWN,,SKIPPED_ID_UNKNOWN,,,
UNKNOWN,,SKIPPED_ID_UNKNOWN,,,
UNKNOWN,,SKIPPED_ID_UNKNOWN,,,
UNKNOWN,,SKIPPED_ID_UNKNOWN,,,
UNKNOWN,,SKIPPED_ID_UNKNOWN,,,
UNKNOWN,,SKIPPED_ID_UNKNOWN,,,
UNKNOWN,,SKIPPED_ID_UNKNOWN,,,
UNKNOWN,,SKIPPED_ID_UNKNOWN,,,
UNKNOWN,,SKIPPED_ID_UNKNOWN,,,
UNKNOWN,,SKIPPED_ID_UNKNOWN,,,
UNKNOWN,,SKIPPED_ID_UNKNOWN,,,
UNKNOWN,,SKIPPED_ID_UNKNOWN,,,
UNKNOWN,,SKIPPED_ID_UNKNOWN,,,
UNKNOWN,,SKIPPED_ID_UNKNOWN,,,
UNKNOWN,,SKIPPED_ID_UNKNOWN,,,
UNKNOWN,,SKIPPED_ID_UNKNOWN,,,
UNKNOWN,,SKIPPED_ID_UNKNOWN,,,
UNKNOWN,,SKIPPED_ID_UNKNOWN,,,
UNKNOWN,,SKIPPED_ID_UNKNOWN,,,
UNKNOWN,,SKIPPED_ID_UNKNOWN,,,
UNKNOWN,,SKIPPED_ID_UNKNOWN,,,
UNKNOWN,,SKIPPED_ID_UNKNOWN,,,
UNKNOWN,,SKIPPED_ID_UNKNOWN,,,
UNKNOWN,,SKIPPED_ID_UNKNOWN,,,
UNKNOWN,,SKIPPED_ID_UNKNOWN,,,
UNKNOWN,,SKIPPED_ID_UNKNOWN,,,
UNKNOWN,,SKIPPED_ID_UNKNOWN,,,
UNKNOWN,,SKIPPED_ID_UNKNOWN,,,
UNKNOWN,,SKIPPED_ID_UNKNOWN,,,
UNKNOWN,,SKIPPED_ID_UNKNOWN,,,
UNKNOWN,,SKIPPED_ID_UNKNOWN,,,
UNKNOWN,,SKIPPED_ID_UNKNOWN,,,
UNKNOWN,,SKIPPED_ID_UNKNOWN,,,
UNKNOWN,,SKIPPED_ID_UNKNOWN,,,
UNKNOWN,,SKIPPED_ID_UNKNOWN,,,
UNKNOWN,,SKIPPED_ID_UNKNOWN,,,
UNKNOWN,,SKIPPED_ID_UNKNOWN,,,
UNKNOWN,,SKIPPED_ID_UNKNOWN,,,
UNKNOWN,,SKIPPED_ID_UNKNOWN,,,
UNKNOWN,,SKIPPED_ID_UNKNOWN,,,
UNKNOWN,,SKIPPED_ID_UNKNOWN,,,
UNKNOWN,,SKIPPED_ID_UNKNOWN,,,
UNKNOWN,,SKIPPED_ID_UNKNOWN,,,
UNKNOWN,,SKIPPED_ID_UNKNOWN,,,
UNKNOWN,,SKIPPED_ID_UNKNOWN,,,
UNKNOWN,,SKIPPED_ID_UNKNOWN,,,
UNKNOWN,,SKIPPED_ID_UNKNOWN,,,
UNKNOWN,,SKIPPED_ID_UNKNOWN,,,
UNKNOWN,,SKIPPED_ID_UNKNOWN,,,
UNKNOWN,,SKIPPED_ID_UNKNOWN,,,
UNKNOWN,,SKIPPED_ID_UNKNOWN,,,
UNKNOWN,,SKIPPED_ID_UNKNOWN,,,
UNKNOWN,,SKIPPED_ID_UNKNOWN,,,
UNKNOWN,,SKIPPED_ID_UNKNOWN,,,
UNKNOWN,,SKIPPED_ID_UNKNOWN,,,
UNKNOWN,,SKIPPED_ID_UNKNOWN,,,
UNKNOWN,,SKIPPED_ID_UNKNOWN,,,
UNKNOWN,,SKIPPED_ID_UNKNOWN,,,
UNKNOWN,,SKIPPED_ID_UNKNOWN,,,
UNKNOWN,,SKIPPED_ID_UNKNOWN,,,
UNKNOWN,,SKIPPED_ID_UNKNOWN,,,
UNKNOWN,,SKIPPED_ID_UNKNOWN,,,
UNKNOWN,,SKIPPED_ID_UNKNOWN,,,
UNKNOWN,,SKIPPED_ID_UNKNOWN,,,
UNKNOWN,,SKIPPED_ID_UNKNOWN,,,
UNKNOWN,,SKIPPED_ID_UNKNOWN,,,
UNKNOWN,,SKIPPED_ID_UNKNOWN,,,
UNKNOWN,,SKIPPED_ID_UNKNOWN,,,
UNKNOWN,,SKIPPED_ID_UNKNOWN,,,
UNKNOWN,,SKIPPED_ID_UNKNOWN,,,
UNKNOWN,,SKIPPED_ID_UNKNOWN,,,
UNKNOWN,,SKIPPED_ID_UNKNOWN,,,
UNKNOWN,,SKIPPED_ID_UNKNOWN,,,
UNKNOWN,,SKIPPED_ID_UNKNOWN,,,
UNKNOWN,,SKIPPED_ID_UNKNOWN,,,
UNKNOWN,,SKIPPED_ID_UNKNOWN,,,
UNKNOWN,,SKIPPED_ID_UNKNOWN,,,
UNKNOWN,,SKIPPED_ID_UNKNOWN,,,
UNKNOWN,,SKIPPED_ID_UNKNOWN,,,
UNKNOWN,,SKIPPED_ID_UNKNOWN,,,
UNKNOWN,,SKIPPED_ID_UNKNOWN,,,
UNKNOWN,,SKIPPED_ID_UNKNOWN,,,
UNKNOWN,,SKIPPED_ID_UNKNOWN,,,
UNKNOWN,,SKIPPED_ID_UNKNOWN,,,
UNKNOWN,,SKIPPED_ID_UNKNOWN,,,
UNKNOWN,,SKIPPED_ID_UNKNOWN,,,
UNKNOWN,,SKIPPED_ID_UNKNOWN,,,
UNKNOWN,,SKIPPED_ID_UNKNOWN,,,
UNKNOWN,,SKIPPED_ID_UNKNOWN,,,
UNKNOWN,,SKIPPED_ID_UNKNOWN,,,
UNKNOWN,,SKIPPED_ID_UNKNOWN,,,
UNKNOWN,,SKIPPED_ID_UNKNOWN,,,
UNKNOWN,,SKIPPED_ID_UNKNOWN,,,
UNKNOWN,,SKIPPED_ID_UNKNOWN,,,
UNKNOWN,,SKIPPED_ID_UNKNOWN,,,
UNKNOWN,,SKIPPED_ID_UNKNOWN,,,
UNKNOWN,,SKIPPED_ID_UNKNOWN,,,
UNKNOWN,,SKIPPED_ID_UNKNOWN,,,
UNKNOWN,,SKIPPED_ID_UNKNOWN,,,
UNKNOWN,,SKIPPED_ID_UNKNOWN,,,
UNKNOWN,,SKIPPED_ID_UNKNOWN,,,
UNKNOWN,,SKIPPED_ID_UNKNOWN,,,
UNKNOWN,,SKIPPED_ID_UNKNOWN,,,
UNKNOWN,,SKIPPED_ID_UNKNOWN,,,
UNKNOWN,,SKIPPED_ID_UNKNOWN,,,
UNKNOWN,,SKIPPED_ID_UNKNOWN,,,
UNKNOWN,,SKIPPED_ID_UNKNOWN,,,
UNKNOWN,,SKIPPED_ID_UNKNOWN,,,
UNKNOWN,,SKIPPED_ID_UNKNOWN,,,
UNKNOWN,,SKIPPED_ID_UNKNOWN,,,
UNKNOWN,,SKIPPED_ID_UNKNOWN,,,
UNKNOWN,,SKIPPED_ID_UNKNOWN,,,
UNKNOWN,,SKIPPED_ID_UNKNOWN,,,
UNKNOWN,,SKIPPED_ID_UNKNOWN,,,
UNKNOWN,,SKIPPED_ID_UNKNOWN,,,
UNKNOWN,,SKIPPED_ID_UNKNOWN,,,
UNKNOWN,,SKIPPED_ID_UNKNOWN,,,
UNKNOWN,,SKIPPED_ID_UNKNOWN,,,
UNKNOWN,,SKIPPED_ID_UNKNOWN,,,
UNKNOWN,,SKIPPED_ID_UNKNOWN,,,
UNKNOWN,,SKIPPED_ID_UNKNOWN,,,
UNKNOWN,,SKIPPED_ID_UNKNOWN,,,
UNKNOWN,,SKIPPED_ID_UNKNOWN,,,
UNKNOWN,,SKIPPED_ID_UNKNOWN,,,
UNKNOWN,,SKIPPED_ID_UNKNOWN,,,
UNKNOWN,,SKIPPED_ID_UNKNOWN,,,
UNKNOWN,,SKIPPED_ID_UNKNOWN,,,
UNKNOWN,,SKIPPED_ID_UNKNOWN,,,
UNKNOWN,,SKIPPED_ID_UNKNOWN,,,
UNKNOWN,,SKIPPED_ID_UNKNOWN,,,
UNKNOWN,,SKIPPED_ID_UNKNOWN,,,
UNKNOWN,,SKIPPED_ID_UNKNOWN,,,
UNKNOWN,,SKIPPED_ID_UNKNOWN,,,
UNKNOWN,,SKIPPED_ID_UNKNOWN,,,
UNKNOWN,,SKIPPED_ID_UNKNOWN,,,
UNKNOWN,,SKIPPED_ID_UNKNOWN,,,
UNKNOWN,,SKIPPED_ID_UNKNOWN,,,
UNKNOWN,,SKIPPED_ID_UNKNOWN,,,
UNKNOWN,,SKIPPED_ID_UNKNOWN,,,
UNKNOWN,,SKIPPED_ID_UNKNOWN,,,
UNKNOWN,,SKIPPED_ID_UNKNOWN,,,
UNKNOWN,,SKIPPED_ID_UNKNOWN,,,
UNKNOWN,,SKIPPED_ID_UNKNOWN,,,
UNKNOWN,,SKIPPED_ID_UNKNOWN,,,
UNKNOWN,,SKIPPED_ID_UNKNOWN,,,
UNKNOWN,,SKIPPED_ID_UNKNOWN,,,
UNKNOWN,,SKIPPED_ID_UNKNOWN,,,
UNKNOWN,,SKIPPED_ID_UNKNOWN,,,
UNKNOWN,,SKIPPED_ID_UNKNOWN,,,
UNKNOWN,,SKIPPED_ID_UNKNOWN,,,
UNKNOWN,,SKIPPED_ID_UNKNOWN,,,
UNKNOWN,,SKIPPED_ID_UNKNOWN,,,
UNKNOWN,,SKIPPED_ID_UNKNOWN,,,
UNKNOWN,,SKIPPED_ID_UNKNOWN,,,
UNKNOWN,,SKIPPED_ID_UNKNOWN,,,
UNKNOWN,,SKIPPED_ID_UNKNOWN,,,
UNKNOWN,,SKIPPED_ID_UNKNOWN,,,
UNKNOWN,,SKIPPED_ID_UNKNOWN,,,
UNKNOWN,,SKIPPED_ID_UNKNOWN,,,
UNKNOWN,,SKIPPED_ID_UNKNOWN,,,
UNKNOWN,,SKIPPED_ID_UNKNOWN,,,
UNKNOWN,,SKIPPED_ID_UNKNOWN,,,
UNKNOWN,,SKIPPED_ID_UNKNOWN,,,
UNKNOWN,,SKIPPED_ID_UNKNOWN,,,
UNKNOWN,,SKIPPED_ID_UNKNOWN,,,
UNKNOWN,,SKIPPED_ID_UNKNOWN,,,
UNKNOWN,,SKIPPED_ID_UNKNOWN,,,
UNKNOWN,,SKIPPED_ID_UNKNOWN,,,
UNKNOWN,,SKIPPED_ID_UNKNOWN,,,
UNKNOWN,,SKIPPED_ID_UNKNOWN,,,
UNKNOWN,,SKIPPED_ID_UNKNOWN,,,
UNKNOWN,,SKIPPED_ID_UNKNOWN,,,
UNKNOWN,,SKIPPED_ID_UNKNOWN,,,
UNKNOWN,,SKIPPED_ID_UNKNOWN,,,
UNKNOWN,,SKIPPED_ID_UNKNOWN,,,
UNKNOWN,,SKIPPED_ID_UNKNOWN,,,
UNKNOWN,,SKIPPED_ID_UNKNOWN,,,
UNKNOWN,,SKIPPED_ID_UNKNOWN,,,
UNKNOWN,,SKIPPED_ID_UNKNOWN,,,
UNKNOWN,,SKIPPED_ID_UNKNOWN,,,
UNKNOWN,,SKIPPED_ID_UNKNOWN,,,
UNKNOWN,,SKIPPED_ID_UNKNOWN,,,
UNKNOWN,,SKIPPED_ID_UNKNOWN,,,
UNKNOWN,,SKIPPED_ID_UNKNOWN,,,
UNKNOWN,,SKIPPED_ID_UNKNOWN,,,
UNKNOWN,,SKIPPED_ID_UNKNOWN,,,
UNKNOWN,,SKIPPED_ID_UNKNOWN,,,
UNKNOWN,,SKIPPED_ID_UNKNOWN,,,
UNKNOWN,,SKIPPED_ID_UNKNOWN,,,
UNKNOWN,,SKIPPED_ID_UNKNOWN,,,
UNKNOWN,,SKIPPED_ID_UNKNOWN,,,
UNKNOWN,,SKIPPED_ID_UNKNOWN,,,
UNKNOWN,,SKIPPED_ID_UNKNOWN,,,
UNKNOWN,,SKIPPED_ID_UNKNOWN,,,
UNKNOWN,,SKIPPED_ID_UNKNOWN,,,
UNKNOWN,,SKIPPED_ID_UNKNOWN,,,
UNKNOWN,,SKIPPED_ID_UNKNOWN,,,
UNKNOWN,,SKIPPED_ID_UNKNOWN,,,
UNKNOWN,,SKIPPED_ID_UNKNOWN,,,
UNKNOWN,,SKIPPED_ID_UNKNOWN,,,
UNKNOWN,,SKIPPED_ID_UNKNOWN,,,
UNKNOWN,,SKIPPED_ID_UNKNOWN,,,
UNKNOWN,,SKIPPED_ID_UNKNOWN,,,
UNKNOWN,,SKIPPED_ID_UNKNOWN,,,
UNKNOWN,,SKIPPED_ID_UNKNOWN,,,
UNKNOWN,,SKIPPED_ID_UNKNOWN,,,
UNKNOWN,,SKIPPED_ID_UNKNOWN,,,
UNKNOWN,,SKIPPED_ID_UNKNOWN,,,
UNKNOWN,,SKIPPED_ID_UNKNOWN,,,
UNKNOWN,,SKIPPED_ID_UNKNOWN,,,
UNKNOWN,,SKIPPED_ID_UNKNOWN,,,
UNKNOWN,,SKIPPED_ID_UNKNOWN,,,
UNKNOWN,,SKIPPED_ID_UNKNOWN,,,
UNKNOWN,,SKIPPED_ID_UNKNOWN,,,
UNKNOWN,,SKIPPED_ID_UNKNOWN,,,
UNKNOWN,,SKIPPED_ID_UNKNOWN,,,
UNKNOWN,,SKIPPED_ID_UNKNOWN,,,
UNKNOWN,,SKIPPED_ID_UNKNOWN,,,
UNKNOWN,,SKIPPED_ID_UNKNOWN,,,
UNKNOWN,,SKIPPED_ID_UNKNOWN,,,
UNKNOWN,,SKIPPED_ID_UNKNOWN,,,
UNKNOWN,,SKIPPED_ID_UNKNOWN,,,
UNKNOWN,,SKIPPED_ID_UNKNOWN,,,
UNKNOWN,,SKIPPED_ID_UNKNOWN,,,
UNKNOWN,,SKIPPED_ID_UNKNOWN,,,
UNKNOWN,,SKIPPED_ID_UNKNOWN,,,
UNKNOWN,,SKIPPED_ID_UNKNOWN,,,
UNKNOWN,,SKIPPED_ID_UNKNOWN,,,
UNKNOWN,,SKIPPED_ID_UNKNOWN,,,
UNKNOWN,,SKIPPED_ID_UNKNOWN,,,
UNKNOWN,,SKIPPED_ID_UNKNOWN,,,
UNKNOWN,,SKIPPED_ID_UNKNOWN,,,
UNKNOWN,,SKIPPED_ID_UNKNOWN,,,
UNKNOWN,,SKIPPED_ID_UNKNOWN,,,
UNKNOWN,,SKIPPED_ID_UNKNOWN,,,
UNKNOWN,,SKIPPED_ID_UNKNOWN,,,
UNKNOWN,,SKIPPED_ID_UNKNOWN,,,
UNKNOWN,,SKIPPED_ID_UNKNOWN,,,
UNKNOWN,,SKIPPED_ID_UNKNOWN,,,
UNKNOWN,,SKIPPED_ID_UNKNOWN,,,
UNKNOWN,,SKIPPED_ID_UNKNOWN,,,
UNKNOWN,,SKIPPED_ID_UNKNOWN,,,
UNKNOWN,,SKIPPED_ID_UNKNOWN,,,
UNKNOWN,,SKIPPED_ID_UNKNOWN,,,
UNKNOWN,,SKIPPED_ID_UNKNOWN,,,
UNKNOWN,,SKIPPED_ID_UNKNOWN,,,
UNKNOWN,,SKIPPED_ID_UNKNOWN,,,
UNKNOWN,,SKIPPED_ID_UNKNOWN,,,
UNKNOWN,,SKIPPED_ID_UNKNOWN,,,
UNKNOWN,,SKIPPED_ID_UNKNOWN,,,
UNKNOWN,,SKIPPED_ID_UNKNOWN,,,
UNKNOWN,,SKIPPED_ID_UNKNOWN,,,
UNKNOWN,,SKIPPED_ID_UNKNOWN,,,
UNKNOWN,,SKIPPED_ID_UNKNOWN,,,
UNKNOWN,,SKIPPED_ID_UNKNOWN,,,
UNKNOWN,,SKIPPED_ID_UNKNOWN,,,
UNKNOWN,,SKIPPED_ID_UNKNOWN,,,
UNKNOWN,,SKIPPED_ID_UNKNOWN,,,
UNKNOWN,,SKIPPED_ID_UNKNOWN,,,
UNKNOWN,,SKIPPED_ID_UNKNOWN,,,
UNKNOWN,,SKIPPED_ID_UNKNOWN,,,
UNKNOWN,,SKIPPED_ID_UNKNOWN,,,
UNKNOWN,,SKIPPED_ID_UNKNOWN,,,
UNKNOWN,,SKIPPED_ID_UNKNOWN,,,
UNKNOWN,,SKIPPED_ID_UNKNOWN,,,
UNKNOWN,,SKIPPED_ID_UNKNOWN,,,
UNKNOWN,,SKIPPED_ID_UNKNOWN,,,
UNKNOWN,,SKIPPED_ID_UNKNOWN,,,
UNKNOWN,,SKIPPED_ID_UNKNOWN,,,
UNKNOWN,,SKIPPED_ID_UNKNOWN,,,
UNKNOWN,,SKIPPED_ID_UNKNOWN,,,
UNKNOWN,,SKIPPED_ID_UNKNOWN,,,
UNKNOWN,,SKIPPED_ID_UNKNOWN,,,
UNKNOWN,,SKIPPED_ID_UNKNOWN,,,
UNKNOWN,,SKIPPED_ID_UNKNOWN,,,
UNKNOWN,,SKIPPED_ID_UNKNOWN,,,
UNKNOWN,,SKIPPED_ID_UNKNOWN,,,
UNKNOWN,,SKIPPED_ID_UNKNOWN,,,
UNKNOWN,,SKIPPED_ID_UNKNOWN,,,
UNKNOWN,,SKIPPED_ID_UNKNOWN,,,
UNKNOWN,,SKIPPED_ID_UNKNOWN,,,
UNKNOWN,,SKIPPED_ID_UNKNOWN,,,
UNKNOWN,,SKIPPED_ID_UNKNOWN,,,
UNKNOWN,,SKIPPED_ID_UNKNOWN,,,
UNKNOWN,,SKIPPED_ID_UNKNOWN,,,
UNKNOWN,,SKIPPED_ID_UNKNOWN,,,
UNKNOWN,,SKIPPED_ID_UNKNOWN,,,
UNKNOWN,,SKIPPED_ID_UNKNOWN,,,
UNKNOWN,,SKIPPED_ID_UNKNOWN,,,
UNKNOWN,,SKIPPED_ID_UNKNOWN,,,
UNKNOWN,,SKIPPED_ID_UNKNOWN,,,
UNKNOWN,,SKIPPED_ID_UNKNOWN,,,
UNKNOWN,,SKIPPED_ID_UNKNOWN,,,
UNKNOWN,,SKIPPED_ID_UNKNOWN,,,
UNKNOWN,,SKIPPED_ID_UNKNOWN,,,
UNKNOWN,,SKIPPED_ID_UNKNOWN,,,
UNKNOWN,,SKIPPED_ID_UNKNOWN,,,
UNKNOWN,,SKIPPED_ID_UNKNOWN,,,
UNKNOWN,,SKIPPED_ID_UNKNOWN,,,
UNKNOWN,,SKIPPED_ID_UNKNOWN,,,
UNKNOWN,,SKIPPED_ID_UNKNOWN,,,
UNKNOWN,,SKIPPED_ID_UNKNOWN,,,
UNKNOWN,,SKIPPED_ID_UNKNOWN,,,
UNKNOWN,,SKIPPED_ID_UNKNOWN,,,
UNKNOWN,,SKIPPED_ID_UNKNOWN,,,
UNKNOWN,,SKIPPED_ID_UNKNOWN,,,
UNKNOWN,,SKIPPED_ID_UNKNOWN,,,
UNKNOWN,,SKIPPED_ID_UNKNOWN,,,
UNKNOWN,,SKIPPED_ID_UNKNOWN,,,
UNKNOWN,,SKIPPED_ID_UNKNOWN,,,
UNKNOWN,,SKIPPED_ID_UNKNOWN,,,
UNKNOWN,,SKIPPED_ID_UNKNOWN,,,
UNKNOWN,,SKIPPED_ID_UNKNOWN,,,
UNKNOWN,,SKIPPED_ID_UNKNOWN,,,
UNKNOWN,,SKIPPED_ID_UNKNOWN,,,
UNKNOWN,,SKIPPED_ID_UNKNOWN,,,
UNKNOWN,,SKIPPED_ID_UNKNOWN,,,
UNKNOWN,,SKIPPED_ID_UNKNOWN,,,
UNKNOWN,,SKIPPED_ID_UNKNOWN,,,
UNKNOWN,,SKIPPED_ID_UNKNOWN,,,
UNKNOWN,,SKIPPED_ID_UNKNOWN,,,
UNKNOWN,,SKIPPED_ID_UNKNOWN,,,
UNKNOWN,,SKIPPED_ID_UNKNOWN,,,
UNKNOWN,,SKIPPED_ID_UNKNOWN,,,
UNKNOWN,,SKIPPED_ID_UNKNOWN,,,
UNKNOWN,,SKIPPED_ID_UNKNOWN,,,
UNKNOWN,,SKIPPED_ID_UNKNOWN,,,
UNKNOWN,,SKIPPED_ID_UNKNOWN,,,
UNKNOWN,,SKIPPED_ID_UNKNOWN,,,
UNKNOWN,,SKIPPED_ID_UNKNOWN,,,
UNKNOWN,,SKIPPED_ID_UNKNOWN,,,
UNKNOWN,,SKIPPED_ID_UNKNOWN,,,
UNKNOWN,,SKIPPED_ID_UNKNOWN,,,
UNKNOWN,,SKIPPED_ID_UNKNOWN,,,
UNKNOWN,,SKIPPED_ID_UNKNOWN,,,
UNKNOWN,,SKIPPED_ID_UNKNOWN,,,
UNKNOWN,,SKIPPED_ID_UNKNOWN,,,
UNKNOWN,,SKIPPED_ID_UNKNOWN,,,
UNKNOWN,,SKIPPED_ID_UNKNOWN,,,
UNKNOWN,,SKIPPED_ID_UNKNOWN,,,
UNKNOWN,,SKIPPED_ID_UNKNOWN,,,
UNKNOWN,,SKIPPED_ID_UNKNOWN,,,
UNKNOWN,,SKIPPED_ID_UNKNOWN,,,
UNKNOWN,,SKIPPED_ID_UNKNOWN,,,
UNKNOWN,,SKIPPED_ID_UNKNOWN,,,
UNKNOWN,,SKIPPED_ID_UNKNOWN,,,
UNKNOWN,,SKIPPED_ID_UNKNOWN,,,
UNKNOWN,,SKIPPED_ID_UNKNOWN,,,
UNKNOWN,,SKIPPED_ID_UNKNOWN,,,
UNKNOWN,,SKIPPED_ID_UNKNOWN,,,
UNKNOWN,,SKIPPED_ID_UNKNOWN,,,
UNKNOWN,,SKIPPED_ID_UNKNOWN,,,
UNKNOWN,,SKIPPED_ID_UNKNOWN,,,
UNKNOWN,,SKIPPED_ID_UNKNOWN,,,
UNKNOWN,,SKIPPED_ID_UNKNOWN,,,
UNKNOWN,,SKIPPED_ID_UNKNOWN,,,
UNKNOWN,,SKIPPED_ID_UNKNOWN,,,
UNKNOWN,,SKIPPED_ID_UNKNOWN,,,
UNKNOWN,,SKIPPED_ID_UNKNOWN,,,
UNKNOWN,,SKIPPED_ID_UNKNOWN,,,
UNKNOWN,,SKIPPED_ID_UNKNOWN,,,
UNKNOWN,,SKIPPED_ID_UNKNOWN,,,
UNKNOWN,,SKIPPED_ID_UNKNOWN,,,
UNKNOWN,,SKIPPED_ID_UNKNOWN,,,
UNKNOWN,,SKIPPED_ID_UNKNOWN,,,
UNKNOWN,,SKIPPED_ID_UNKNOWN,,,
UNKNOWN,,SKIPPED_ID_UNKNOWN,,,
UNKNOWN,,SKIPPED_ID_UNKNOWN,,,
UNKNOWN,,SKIPPED_ID_UNKNOWN,,,
UNKNOWN,,SKIPPED_ID_UNKNOWN,,,
UNKNOWN,,SKIPPED_ID_UNKNOWN,,,
UNKNOWN,,SKIPPED_ID_UNKNOWN,,,
UNKNOWN,,SKIPPED_ID_UNKNOWN,,,
UNKNOWN,,SKIPPED_ID_UNKNOWN,,,
UNKNOWN,,SKIPPED_ID_UNKNOWN,,,
UNKNOWN,,SKIPPED_ID_UNKNOWN,,,
UNKNOWN,,SKIPPED_ID_UNKNOWN,,,
UNKNOWN,,SKIPPED_ID_UNKNOWN,,,
UNKNOWN,,SKIPPED_ID_UNKNOWN,,,
UNKNOWN,,SKIPPED_ID_UNKNOWN,,,
UNKNOWN,,SKIPPED_ID_UNKNOWN,,,
UNKNOWN,,SKIPPED_ID_UNKNOWN,,,
UNKNOWN,,SKIPPED_ID_UNKNOWN,,,
UNKNOWN,,SKIPPED_ID_UNKNOWN,,,
UNKNOWN,,SKIPPED_ID_UNKNOWN,,,
UNKNOWN,,SKIPPED_ID_UNKNOWN,,,
UNKNOWN,,SKIPPED_ID_UNKNOWN,,,
UNKNOWN,,SKIPPED_ID_UNKNOWN,,,
UNKNOWN,,SKIPPED_ID_UNKNOWN,,,
UNKNOWN,,SKIPPED_ID_UNKNOWN,,,
UNKNOWN,,SKIPPED_ID_UNKNOWN,,,
UNKNOWN,,SKIPPED_ID_UNKNOWN,,,
UNKNOWN,,SKIPPED_ID_UNKNOWN,,,
UNKNOWN,,SKIPPED_ID_UNKNOWN,,,
UNKNOWN,,SKIPPED_ID_UNKNOWN,,,
UNKNOWN,,SKIPPED_ID_UNKNOWN,,,
UNKNOWN,,SKIPPED_ID_UNKNOWN,,,
UNKNOWN,,SKIPPED_ID_UNKNOWN,,,
UNKNOWN,,SKIPPED_ID_UNKNOWN,,,
UNKNOWN,,SKIPPED_ID_UNKNOWN,,,
UNKNOWN,,SKIPPED_ID_UNKNOWN,,,
UNKNOWN,,SKIPPED_ID_UNKNOWN,,,
UNKNOWN,,SKIPPED_ID_UNKNOWN,,,
UNKNOWN,,SKIPPED_ID_UNKNOWN,,,
UNKNOWN,,SKIPPED_ID_UNKNOWN,,,
UNKNOWN,,SKIPPED_ID_UNKNOWN,,,
UNKNOWN,,SKIPPED_ID_UNKNOWN,,,
UNKNOWN,,SKIPPED_ID_UNKNOWN,,,
UNKNOWN,,SKIPPED_ID_UNKNOWN,,,
UNKNOWN,,SKIPPED_ID_UNKNOWN,,,
UNKNOWN,,SKIPPED_ID_UNKNOWN,,,
UNKNOWN,,SKIPPED_ID_UNKNOWN,,,
UNKNOWN,,SKIPPED_ID_UNKNOWN,,,
UNKNOWN,,SKIPPED_ID_UNKNOWN,,,
UNKNOWN,,SKIPPED_ID_UNKNOWN,,,
UNKNOWN,,SKIPPED_ID_UNKNOWN,,,
UNKNOWN,,SKIPPED_ID_UNKNOWN,,,
UNKNOWN,,SKIPPED_ID_UNKNOWN,,,
UNKNOWN,,SKIPPED_ID_UNKNOWN,,,
UNKNOWN,,SKIPPED_ID_UNKNOWN,,,
UNKNOWN,,SKIPPED_ID_UNKNOWN,,,
UNKNOWN,,SKIPPED_ID_UNKNOWN,,,
UNKNOWN,,SKIPPED_ID_UNKNOWN,,,
UNKNOWN,,SKIPPED_ID_UNKNOWN,,,
UNKNOWN,,SKIPPED_ID_UNKNOWN,,,
UNKNOWN,,SKIPPED_ID_UNKNOWN,,,
UNKNOWN,,SKIPPED_ID_UNKNOWN,,,
UNKNOWN,,SKIPPED_ID_UNKNOWN,,,
UNKNOWN,,SKIPPED_ID_UNKNOWN,,,
UNKNOWN,,SKIPPED_ID_UNKNOWN,,,
UNKNOWN,,SKIPPED_ID_UNKNOWN,,,
UNKNOWN,,SKIPPED_ID_UNKNOWN,,,
UNKNOWN,,SKIPPED_ID_UNKNOWN,,,
UNKNOWN,,SKIPPED_ID_UNKNOWN,,,
UNKNOWN,,SKIPPED_ID_UNKNOWN,,,
UNKNOWN,,SKIPPED_ID_UNKNOWN,,,
UNKNOWN,,SKIPPED_ID_UNKNOWN,,,
UNKNOWN,,SKIPPED_ID_UNKNOWN,,,
UNKNOWN,,SKIPPED_ID_UNKNOWN,,,
UNKNOWN,,SKIPPED_ID_UNKNOWN,,,
UNKNOWN,,SKIPPED_ID_UNKNOWN,,,
UNKNOWN,,SKIPPED_ID_UNKNOWN,,,
UNKNOWN,,SKIPPED_ID_UNKNOWN,,,
UNKNOWN,,SKIPPED_ID_UNKNOWN,,,
UNKNOWN,,SKIPPED_ID_UNKNOWN,,,
UNKNOWN,,SKIPPED_ID_UNKNOWN,,,
UNKNOWN,,SKIPPED_ID_UNKNOWN,,,
UNKNOWN,,SKIPPED_ID_UNKNOWN,,,
UNKNOWN,,SKIPPED_ID_UNKNOWN,,,
UNKNOWN,,SKIPPED_ID_UNKNOWN,,,
UNKNOWN,,SKIPPED_ID_UNKNOWN,,,
UNKNOWN,,SKIPPED_ID_UNKNOWN,,,
UNKNOWN,,SKIPPED_ID_UNKNOWN,,,
UNKNOWN,,SKIPPED_ID_UNKNOWN,,,
UNKNOWN,,SKIPPED_ID_UNKNOWN,,,
UNKNOWN,,SKIPPED_ID_UNKNOWN,,,
UNKNOWN,,SKIPPED_ID_UNKNOWN,,,
UNKNOWN,,SKIPPED_ID_UNKNOWN,,,
UNKNOWN,,SKIPPED_ID_UNKNOWN,,,
UNKNOWN,,SKIPPED_ID_UNKNOWN,,,
UNKNOWN,,SKIPPED_ID_UNKNOWN,,,
UNKNOWN,,SKIPPED_ID_UNKNOWN,,,
UNKNOWN,,SKIPPED_ID_UNKNOWN,,,
UNKNOWN,,SKIPPED_ID_UNKNOWN,,,
UNKNOWN,,SKIPPED_ID_UNKNOWN,,,
UNKNOWN,,SKIPPED_ID_UNKNOWN,,,
UNKNOWN,,SKIPPED_ID_UNKNOWN,,,
UNKNOWN,,SKIPPED_ID_UNKNOWN,,,
UNKNOWN,,SKIPPED_ID_UNKNOWN,,,
UNKNOWN,,SKIPPED_ID_UNKNOWN,,,
UNKNOWN,,SKIPPED_ID_UNKNOWN,,,
UNKNOWN,,SKIPPED_ID_UNKNOWN,,,
UNKNOWN,,SKIPPED_ID_UNKNOWN,,,
UNKNOWN,,SKIPPED_ID_UNKNOWN,,,
UNKNOWN,,SKIPPED_ID_UNKNOWN,,,
UNKNOWN,,SKIPPED_ID_UNKNOWN,,,
UNKNOWN,,SKIPPED_ID_UNKNOWN,,,
UNKNOWN,,SKIPPED_ID_UNKNOWN,,,
UNKNOWN,,SKIPPED_ID_UNKNOWN,,,
UNKNOWN,,SKIPPED_ID_UNKNOWN,,,
UNKNOWN,,SKIPPED_ID_UNKNOWN,,,
UNKNOWN,,SKIPPED_ID_UNKNOWN,,,
UNKNOWN,,SKIPPED_ID_UNKNOWN,,,
UNKNOWN,,SKIPPED_ID_UNKNOWN,,,
UNKNOWN,,SKIPPED_ID_UNKNOWN,,,
UNKNOWN,,SKIPPED_ID_UNKNOWN,,,
UNKNOWN,,SKIPPED_ID_UNKNOWN,,,
UNKNOWN,,SKIPPED_ID_UNKNOWN,,,
UNKNOWN,,SKIPPED_ID_UNKNOWN,,,
UNKNOWN,,SKIPPED_ID_UNKNOWN,,,
UNKNOWN,,SKIPPED_ID_UNKNOWN,,,
UNKNOWN,,SKIPPED_ID_UNKNOWN,,,
UNKNOWN,,SKIPPED_ID_UNKNOWN,,,
UNKNOWN,,SKIPPED_ID_UNKNOWN,,,
UNKNOWN,,SKIPPED_ID_UNKNOWN,,,
UNKNOWN,,SKIPPED_ID_UNKNOWN,,,
UNKNOWN,,SKIPPED_ID_UNKNOWN,,,
UNKNOWN,,SKIPPED_ID_UNKNOWN,,,
UNKNOWN,,SKIPPED_ID_UNKNOWN,,,
UNKNOWN,,SKIPPED_ID_UNKNOWN,,,
UNKNOWN,,SKIPPED_ID_UNKNOWN,,,
UNKNOWN,,SKIPPED_ID_UNKNOWN,,,
UNKNOWN,,SKIPPED_ID_UNKNOWN,,,
UNKNOWN,,SKIPPED_ID_UNKNOWN,,,
UNKNOWN,,SKIPPED_ID_UNKNOWN,,,
UNKNOWN,,SKIPPED_ID_UNKNOWN,,,
UNKNOWN,,SKIPPED_ID_UNKNOWN,,,
UNKNOWN,,SKIPPED_ID_UNKNOWN,,,
UNKNOWN,,SKIPPED_ID_UNKNOWN,,,
UNKNOWN,,SKIPPED_ID_UNKNOWN,,,
UNKNOWN,,SKIPPED_ID_UNKNOWN,,,
UNKNOWN,,SKIPPED_ID_UNKNOWN,,,
UNKNOWN,,SKIPPED_ID_UNKNOWN,,,
UNKNOWN,,SKIPPED_ID_UNKNOWN,,,
UNKNOWN,,SKIPPED_ID_UNKNOWN,,,
UNKNOWN,,SKIPPED_ID_UNKNOWN,,,
UNKNOWN,,SKIPPED_ID_UNKNOWN,,,
UNKNOWN,,SKIPPED_ID_UNKNOWN,,,
UNKNOWN,,SKIPPED_ID_UNKNOWN,,,
UNKNOWN,,SKIPPED_ID_UNKNOWN,,,
UNKNOWN,,SKIPPED_ID_UNKNOWN,,,
UNKNOWN,,SKIPPED_ID_UNKNOWN,,,
UNKNOWN,,SKIPPED_ID_UNKNOWN,,,
UNKNOWN,,SKIPPED_ID_UNKNOWN,,,
UNKNOWN,,SKIPPED_ID_UNKNOWN,,,
UNKNOWN,,SKIPPED_ID_UNKNOWN,,,
UNKNOWN,,SKIPPED_ID_UNKNOWN,,,
UNKNOWN,,SKIPPED_ID_UNKNOWN,,,
UNKNOWN,,SKIPPED_ID_UNKNOWN,,,
UNKNOWN,,SKIPPED_ID_UNKNOWN,,,
UNKNOWN,,SKIPPED_ID_UNKNOWN,,,
UNKNOWN,,SKIPPED_ID_UNKNOWN,,,
UNKNOWN,,SKIPPED_ID_UNKNOWN,,,
UNKNOWN,,SKIPPED_ID_UNKNOWN,,,
UNKNOWN,,SKIPPED_ID_UNKNOWN,,,
UNKNOWN,,SKIPPED_ID_UNKNOWN,,,
UNKNOWN,,SKIPPED_ID_UNKNOWN,,,
UNKNOWN,,SKIPPED_ID_UNKNOWN,,,
UNKNOWN,,SKIPPED_ID_UNKNOWN,,,
UNKNOWN,,SKIPPED_ID_UNKNOWN,,,
UNKNOWN,,SKIPPED_ID_UNKNOWN,,,
UNKNOWN,,SKIPPED_ID_UNKNOWN,,,
UNKNOWN,,SKIPPED_ID_UNKNOWN,,,
UNKNOWN,,SKIPPED_ID_UNKNOWN,,,
UNKNOWN,,SKIPPED_ID_UNKNOWN,,,
UNKNOWN,,SKIPPED_ID_UNKNOWN,,,
UNKNOWN,,SKIPPED_ID_UNKNOWN,,,
UNKNOWN,,SKIPPED_ID_UNKNOWN,,,
UNKNOWN,,SKIPPED_ID_UNKNOWN,,,
UNKNOWN,,SKIPPED_ID_UNKNOWN,,,
UNKNOWN,,SKIPPED_ID_UNKNOWN,,,
UNKNOWN,,SKIPPED_ID_UNKNOWN,,,
UNKNOWN,,SKIPPED_ID_UNKNOWN,,,
UNKNOWN,,SKIPPED_ID_UNKNOWN,,,
UNKNOWN,,SKIPPED_ID_UNKNOWN,,,
UNKNOWN,,SKIPPED_ID_UNKNOWN,,,
UNKNOWN,,SKIPPED_ID_UNKNOWN,,,
UNKNOWN,,SKIPPED_ID_UNKNOWN,,,
UNKNOWN,,SKIPPED_ID_UNKNOWN,,,
UNKNOWN,,SKIPPED_ID_UNKNOWN,,,
UNKNOWN,,SKIPPED_ID_UNKNOWN,,,
UNKNOWN,,SKIPPED_ID_UNKNOWN,,,
UNKNOWN,,SKIPPED_ID_UNKNOWN,,,
UNKNOWN,,SKIPPED_ID_UNKNOWN,,,
UNKNOWN,,SKIPPED_ID_UNKNOWN,,,
UNKNOWN,,SKIPPED_ID_UNKNOWN,,,
UNKNOWN,,SKIPPED_ID_UNKNOWN,,,
UNKNOWN,,SKIPPED_ID_UNKNOWN,,,
UNKNOWN,,SKIPPED_ID_UNKNOWN,,,
UNKNOWN,,SKIPPED_ID_UNKNOWN,,,
UNKNOWN,,SKIPPED_ID_UNKNOWN,,,
UNKNOWN,,SKIPPED_ID_UNKNOWN,,,
UNKNOWN,,SKIPPED_ID_UNKNOWN,,,
UNKNOWN,,SKIPPED_ID_UNKNOWN,,,
UNKNOWN,,SKIPPED_ID_UNKNOWN,,,
UNKNOWN,,SKIPPED_ID_UNKNOWN,,,
UNKNOWN,,SKIPPED_ID_UNKNOWN,,,
UNKNOWN,,SKIPPED_ID_UNKNOWN,,,
UNKNOWN,,SKIPPED_ID_UNKNOWN,,,
UNKNOWN,,SKIPPED_ID_UNKNOWN,,,
UNKNOWN,,SKIPPED_ID_UNKNOWN,,,
UNKNOWN,,SKIPPED_ID_UNKNOWN,,,
UNKNOWN,,SKIPPED_ID_UNKNOWN,,,
UNKNOWN,,SKIPPED_ID_UNKNOWN,,,
UNKNOWN,,SKIPPED_ID_UNKNOWN,,,
UNKNOWN,,SKIPPED_ID_UNKNOWN,,,
UNKNOWN,,SKIPPED_ID_UNKNOWN,,,
UNKNOWN,,SKIPPED_ID_UNKNOWN,,,
UNKNOWN,,SKIPPED_ID_UNKNOWN,,,
UNKNOWN,,SKIPPED_ID_UNKNOWN,,,
UNKNOWN,,SKIPPED_ID_UNKNOWN,,,
UNKNOWN,,SKIPPED_ID_UNKNOWN,,,
UNKNOWN,,SKIPPED_ID_UNKNOWN,,,
UNKNOWN,,SKIPPED_ID_UNKNOWN,,,
UNKNOWN,,SKIPPED_ID_UNKNOWN,,,
UNKNOWN,,SKIPPED_ID_UNKNOWN,,,
UNKNOWN,,SKIPPED_ID_UNKNOWN,,,
UNKNOWN,,SKIPPED_ID_UNKNOWN,,,
UNKNOWN,,SKIPPED_ID_UNKNOWN,,,
UNKNOWN,,SKIPPED_ID_UNKNOWN,,,
UNKNOWN,,SKIPPED_ID_UNKNOWN,,,
UNKNOWN,,SKIPPED_ID_UNKNOWN,,,
UNKNOWN,,SKIPPED_ID_UNKNOWN,,,
UNKNOWN,,SKIPPED_ID_UNKNOWN,,,
UNKNOWN,,SKIPPED_ID_UNKNOWN,,,
UNKNOWN,,SKIPPED_ID_UNKNOWN,,,
UNKNOWN,,SKIPPED_ID_UNKNOWN,,,
UNKNOWN,,SKIPPED_ID_UNKNOWN,,,
UNKNOWN,,SKIPPED_ID_UNKNOWN,,,
UNKNOWN,,SKIPPED_ID_UNKNOWN,,,
UNKNOWN,,SKIPPED_ID_UNKNOWN,,,
UNKNOWN,,SKIPPED_ID_UNKNOWN,,,
UNKNOWN,,SKIPPED_ID_UNKNOWN,,,
UNKNOWN,,SKIPPED_ID_UNKNOWN,,,
UNKNOWN,,SKIPPED_ID_UNKNOWN,,,
UNKNOWN,,SKIPPED_ID_UNKNOWN,,,
UNKNOWN,,SKIPPED_ID_UNKNOWN,,,
UNKNOWN,,SKIPPED_ID_UNKNOWN,,,
UNKNOWN,,SKIPPED_ID_UNKNOWN,,,
UNKNOWN,,SKIPPED_ID_UNKNOWN,,,
UNKNOWN,,SKIPPED_ID_UNKNOWN,,,
UNKNOWN,,SKIPPED_ID_UNKNOWN,,,
UNKNOWN,,SKIPPED_ID_UNKNOWN,,,
UNKNOWN,,SKIPPED_ID_UNKNOWN,,,
UNKNOWN,,SKIPPED_ID_UNKNOWN,,,
UNKNOWN,,SKIPPED_ID_UNKNOWN,,,
UNKNOWN,,SKIPPED_ID_UNKNOWN,,,
UNKNOWN,,SKIPPED_ID_UNKNOWN,,,
UNKNOWN,,SKIPPED_ID_UNKNOWN,,,
UNKNOWN,,SKIPPED_ID_UNKNOWN,,,
UNKNOWN,,SKIPPED_ID_UNKNOWN,,,
UNKNOWN,,SKIPPED_ID_UNKNOWN,,,
UNKNOWN,,SKIPPED_ID_UNKNOWN,,,
UNKNOWN,,SKIPPED_ID_UNKNOWN,,,
UNKNOWN,,SKIPPED_ID_UNKNOWN,,,
UNKNOWN,,SKIPPED_ID_UNKNOWN,,,
UNKNOWN,,SKIPPED_ID_UNKNOWN,,,
UNKNOWN,,SKIPPED_ID_UNKNOWN,,,
UNKNOWN,,SKIPPED_ID_UNKNOWN,,,
UNKNOWN,,SKIPPED_ID_UNKNOWN,,,
UNKNOWN,,SKIPPED_ID_UNKNOWN,,,
UNKNOWN,,SKIPPED_ID_UNKNOWN,,,
UNKNOWN,,SKIPPED_ID_UNKNOWN,,,
UNKNOWN,,SKIPPED_ID_UNKNOWN,,,
UNKNOWN,,SKIPPED_ID_UNKNOWN,,,
UNKNOWN,,SKIPPED_ID_UNKNOWN,,,
UNKNOWN,,SKIPPED_ID_UNKNOWN,,,
UNKNOWN,,SKIPPED_ID_UNKNOWN,,,
UNKNOWN,,SKIPPED_ID_UNKNOWN,,,
UNKNOWN,,SKIPPED_ID_UNKNOWN,,,
UNKNOWN,,SKIPPED_ID_UNKNOWN,,,
UNKNOWN,,SKIPPED_ID_UNKNOWN,,,
UNKNOWN,,SKIPPED_ID_UNKNOWN,,,
UNKNOWN,,SKIPPED_ID_UNKNOWN,,,
UNKNOWN,,SKIPPED_ID_UNKNOWN,,,
UNKNOWN,,SKIPPED_ID_UNKNOWN,,,
UNKNOWN,,SKIPPED_ID_UNKNOWN,,,
UNKNOWN,,SKIPPED_ID_UNKNOWN,,,
UNKNOWN,,SKIPPED_ID_UNKNOWN,,,
UNKNOWN,,SKIPPED_ID_UNKNOWN,,,
UNKNOWN,,SKIPPED_ID_UNKNOWN,,,
UNKNOWN,,SKIPPED_ID_UNKNOWN,,,
UNKNOWN,,SKIPPED_ID_UNKNOWN,,,
UNKNOWN,,SKIPPED_ID_UNKNOWN,,,
UNKNOWN,,SKIPPED_ID_UNKNOWN,,,
UNKNOWN,,SKIPPED_ID_UNKNOWN,,,
UNKNOWN,,SKIPPED_ID_UNKNOWN,,,
UNKNOWN,,SKIPPED_ID_UNKNOWN,,,
UNKNOWN,,SKIPPED_ID_UNKNOWN,,,
UNKNOWN,,SKIPPED_ID_UNKNOWN,,,
UNKNOWN,,SKIPPED_ID_UNKNOWN,,,
UNKNOWN,,SKIPPED_ID_UNKNOWN,,,
UNKNOWN,,SKIPPED_ID_UNKNOWN,,,
UNKNOWN,,SKIPPED_ID_UNKNOWN,,,
UNKNOWN,,SKIPPED_ID_UNKNOWN,,,
UNKNOWN,,SKIPPED_ID_UNKNOWN,,,
UNKNOWN,,SKIPPED_ID_UNKNOWN,,,
UNKNOWN,,SKIPPED_ID_UNKNOWN,,,
UNKNOWN,,SKIPPED_ID_UNKNOWN,,,
UNKNOWN,,SKIPPED_ID_UNKNOWN,,,
UNKNOWN,,SKIPPED_ID_UNKNOWN,,,
UNKNOWN,,SKIPPED_ID_UNKNOWN,,,
UNKNOWN,,SKIPPED_ID_UNKNOWN,,,
UNKNOWN,,SKIPPED_ID_UNKNOWN,,,
UNKNOWN,,SKIPPED_ID_UNKNOWN,,,
UNKNOWN,,SKIPPED_ID_UNKNOWN,,,
UNKNOWN,,SKIPPED_ID_UNKNOWN,,,
UNKNOWN,,SKIPPED_ID_UNKNOWN,,,
UNKNOWN,,SKIPPED_ID_UNKNOWN,,,
UNKNOWN,,SKIPPED_ID_UNKNOWN,,,
UNKNOWN,,SKIPPED_ID_UNKNOWN,,,
UNKNOWN,,SKIPPED_ID_UNKNOWN,,,
UNKNOWN,,SKIPPED_ID_UNKNOWN,,,
UNKNOWN,,SKIPPED_ID_UNKNOWN,,,
UNKNOWN,,SKIPPED_ID_UNKNOWN,,,
UNKNOWN,,SKIPPED_ID_UNKNOWN,,,
UNKNOWN,,SKIPPED_ID_UNKNOWN,,,
UNKNOWN,,SKIPPED_ID_UNKNOWN,,,
UNKNOWN,,SKIPPED_ID_UNKNOWN,,,
UNKNOWN,,SKIPPED_ID_UNKNOWN,,,
UNKNOWN,,SKIPPED_ID_UNKNOWN,,,
UNKNOWN,,SKIPPED_ID_UNKNOWN,,,
UNKNOWN,,SKIPPED_ID_UNKNOWN,,,
UNKNOWN,,SKIPPED_ID_UNKNOWN,,,
UNKNOWN,,SKIPPED_ID_UNKNOWN,,,
UNKNOWN,,SKIPPED_ID_UNKNOWN,,,
UNKNOWN,,SKIPPED_ID_UNKNOWN,,,
UNKNOWN,,SKIPPED_ID_UNKNOWN,,,
UNKNOWN,,SKIPPED_ID_UNKNOWN,,,
UNKNOWN,,SKIPPED_ID_UNKNOWN,,,
UNKNOWN,,SKIPPED_ID_UNKNOWN,,,
UNKNOWN,,SKIPPED_ID_UNKNOWN,,,
UNKNOWN,,SKIPPED_ID_UNKNOWN,,,
UNKNOWN,,SKIPPED_ID_UNKNOWN,,,
UNKNOWN,,SKIPPED_ID_UNKNOWN,,,
UNKNOWN,,SKIPPED_ID_UNKNOWN,,,
UNKNOWN,,SKIPPED_ID_UNKNOWN,,,
UNKNOWN,,SKIPPED_ID_UNKNOWN,,,
UNKNOWN,,SKIPPED_ID_UNKNOWN,,,
UNKNOWN,,SKIPPED_ID_UNKNOWN,,,
UNKNOWN,,SKIPPED_ID_UNKNOWN,,,
UNKNOWN,,SKIPPED_ID_UNKNOWN,,,
UNKNOWN,,SKIPPED_ID_UNKNOWN,,,
UNKNOWN,,SKIPPED_ID_UNKNOWN,,,
UNKNOWN,,SKIPPED_ID_UNKNOWN,,,
UNKNOWN,,SKIPPED_ID_UNKNOWN,,,
UNKNOWN,,SKIPPED_ID_UNKNOWN,,,
UNKNOWN,,SKIPPED_ID_UNKNOWN,,,
UNKNOWN,,SKIPPED_ID_UNKNOWN,,,
UNKNOWN,,SKIPPED_ID_UNKNOWN,,,
UNKNOWN,,SKIPPED_ID_UNKNOWN,,,
UNKNOWN,,SKIPPED_ID_UNKNOWN,,,
UNKNOWN,,SKIPPED_ID_UNKNOWN,,,
UNKNOWN,,SKIPPED_ID_UNKNOWN,,,
UNKNOWN,,SKIPPED_ID_UNKNOWN,,,
UNKNOWN,,SKIPPED_ID_UNKNOWN,,,
UNKNOWN,,SKIPPED_ID_UNKNOWN,,,
UNKNOWN,,SKIPPED_ID_UNKNOWN,,,
UNKNOWN,,SKIPPED_ID_UNKNOWN,,,
UNKNOWN,,SKIPPED_ID_UNKNOWN,,,
UNKNOWN,,SKIPPED_ID_UNKNOWN,,,
UNKNOWN,,SKIPPED_ID_UNKNOWN,,,
UNKNOWN,,SKIPPED_ID_UNKNOWN,,,
UNKNOWN,,SKIPPED_ID_UNKNOWN,,,
UNKNOWN,,SKIPPED_ID_UNKNOWN,,,
UNKNOWN,,SKIPPED_ID_UNKNOWN,,,
UNKNOWN,,SKIPPED_ID_UNKNOWN,,,
UNKNOWN,,SKIPPED_ID_UNKNOWN,,,
UNKNOWN,,SKIPPED_ID_UNKNOWN,,,
UNKNOWN,,SKIPPED_ID_UNKNOWN,,,
UNKNOWN,,SKIPPED_ID_UNKNOWN,,,
UNKNOWN,,SKIPPED_ID_UNKNOWN,,,
UNKNOWN,,SKIPPED_ID_UNKNOWN,,,
UNKNOWN,,SKIPPED_ID_UNKNOWN,,,
UNKNOWN,,SKIPPED_ID_UNKNOWN,,,
UNKNOWN,,SKIPPED_ID_UNKNOWN,,,
UNKNOWN,,SKIPPED_ID_UNKNOWN,,,
UNKNOWN,,SKIPPED_ID_UNKNOWN,,,
UNKNOWN,,SKIPPED_ID_UNKNOWN,,,
UNKNOWN,,SKIPPED_ID_UNKNOWN,,,
UNKNOWN,,SKIPPED_ID_UNKNOWN,,,
UNKNOWN,,SKIPPED_ID_UNKNOWN,,,
UNKNOWN,,SKIPPED_ID_UNKNOWN,,,
UNKNOWN,,SKIPPED_ID_UNKNOWN,,,
UNKNOWN,,SKIPPED_ID_UNKNOWN,,,
UNKNOWN,,SKIPPED_ID_UNKNOWN,,,
UNKNOWN,,SKIPPED_ID_UNKNOWN,,,
UNKNOWN,,SKIPPED_ID_UNKNOWN,,,
UNKNOWN,,SKIPPED_ID_UNKNOWN,,,
UNKNOWN,,SKIPPED_ID_UNKNOWN,,,
UNKNOWN,,SKIPPED_ID_UNKNOWN,,,
UNKNOWN,,SKIPPED_ID_UNKNOWN,,,
UNKNOWN,,SKIPPED_ID_UNKNOWN,,,
UNKNOWN,,SKIPPED_ID_UNKNOWN,,,
UNKNOWN,,SKIPPED_ID_UNKNOWN,,,
UNKNOWN,,SKIPPED_ID_UNKNOWN,,,
UNKNOWN,,SKIPPED_ID_UNKNOWN,,,
UNKNOWN,,SKIPPED_ID_UNKNOWN,,,
UNKNOWN,,SKIPPED_ID_UNKNOWN,,,
UNKNOWN,,SKIPPED_ID_UNKNOWN,,,
UNKNOWN,,SKIPPED_ID_UNKNOWN,,,
UNKNOWN,,SKIPPED_ID_UNKNOWN,,,
UNKNOWN,,SKIPPED_ID_UNKNOWN,,,
UNKNOWN,,SKIPPED_ID_UNKNOWN,,,
UNKNOWN,,SKIPPED_ID_UNKNOWN,,,
UNKNOWN,,SKIPPED_ID_UNKNOWN,,,
UNKNOWN,,SKIPPED_ID_UNKNOWN,,,
UNKNOWN,,SKIPPED_ID_UNKNOWN,,,
UNKNOWN,,SKIPPED_ID_UNKNOWN,,,
UNKNOWN,,SKIPPED_ID_UNKNOWN,,,
UNKNOWN,,SKIPPED_ID_UNKNOWN,,,
UNKNOWN,,SKIPPED_ID_UNKNOWN,,,
UNKNOWN,,SKIPPED_ID_UNKNOWN,,,
UNKNOWN,,SKIPPED_ID_UNKNOWN,,,
UNKNOWN,,SKIPPED_ID_UNKNOWN,,,
UNKNOWN,,SKIPPED_ID_UNKNOWN,,,
UNKNOWN,,SKIPPED_ID_UNKNOWN,,,
UNKNOWN,,SKIPPED_ID_UNKNOWN,,,
UNKNOWN,,SKIPPED_ID_UNKNOWN,,,
UNKNOWN,,SKIPPED_ID_UNKNOWN,,,
UNKNOWN,,SKIPPED_ID_UNKNOWN,,,
UNKNOWN,,SKIPPED_ID_UNKNOWN,,,
UNKNOWN,,SKIPPED_ID_UNKNOWN,,,
UNKNOWN,,SKIPPED_ID_UNKNOWN,,,
UNKNOWN,,SKIPPED_ID_UNKNOWN,,,
UNKNOWN,,SKIPPED_ID_UNKNOWN,,,
UNKNOWN,,SKIPPED_ID_UNKNOWN,,,
UNKNOWN,,SKIPPED_ID_UNKNOWN,,,
UNKNOWN,,SKIPPED_ID_UNKNOWN,,,
UNKNOWN,,SKIPPED_ID_UNKNOWN,,,
UNKNOWN,,SKIPPED_ID_UNKNOWN,,,
UNKNOWN,,SKIPPED_ID_UNKNOWN,,,
UNKNOWN,,SKIPPED_ID_UNKNOWN,,,
UNKNOWN,,SKIPPED_ID_UNKNOWN,,,
UNKNOWN,,SKIPPED_ID_UNKNOWN,,,
UNKNOWN,,SKIPPED_ID_UNKNOWN,,,
UNKNOWN,,SKIPPED_ID_UNKNOWN,,,
UNKNOWN,,SKIPPED_ID_UNKNOWN,,,
UNKNOWN,,SKIPPED_ID_UNKNOWN,,,
UNKNOWN,,SKIPPED_ID_UNKNOWN,,,
UNKNOWN,,SKIPPED_ID_UNKNOWN,,,
UNKNOWN,,SKIPPED_ID_UNKNOWN,,,
UNKNOWN,,SKIPPED_ID_UNKNOWN,,,
UNKNOWN,,SKIPPED_ID_UNKNOWN,,,
UNKNOWN,,SKIPPED_ID_UNKNOWN,,,
UNKNOWN,,SKIPPED_ID_UNKNOWN,,,
UNKNOWN,,SKIPPED_ID_UNKNOWN,,,
UNKNOWN,,SKIPPED_ID_UNKNOWN,,,
UNKNOWN,,SKIPPED_ID_UNKNOWN,,,
UNKNOWN,,SKIPPED_ID_UNKNOWN,,,
UNKNOWN,,SKIPPED_ID_UNKNOWN,,,
UNKNOWN,,SKIPPED_ID_UNKNOWN,,,
UNKNOWN,,SKIPPED_ID_UNKNOWN,,,
UNKNOWN,,SKIPPED_ID_UNKNOWN,,,
UNKNOWN,,SKIPPED_ID_UNKNOWN,,,
UNKNOWN,,SKIPPED_ID_UNKNOWN,,,
UNKNOWN,,SKIPPED_ID_UNKNOWN,,,
UNKNOWN,,SKIPPED_ID_UNKNOWN,,,
UNKNOWN,,SKIPPED_ID_UNKNOWN,,,
UNKNOWN,,SKIPPED_ID_UNKNOWN,,,
UNKNOWN,,SKIPPED_ID_UNKNOWN,,,
UNKNOWN,,SKIPPED_ID_UNKNOWN,,,
UNKNOWN,,SKIPPED_ID_UNKNOWN,,,
UNKNOWN,,SKIPPED_ID_UNKNOWN,,,
UNKNOWN,,SKIPPED_ID_UNKNOWN,,,
UNKNOWN,,SKIPPED_ID_UNKNOWN,,,
UNKNOWN,,SKIPPED_ID_UNKNOWN,,,
UNKNOWN,,SKIPPED_ID_UNKNOWN,,,
UNKNOWN,,SKIPPED_ID_UNKNOWN,,,
UNKNOWN,,SKIPPED_ID_UNKNOWN,,,
UNKNOWN,,SKIPPED_ID_UNKNOWN,,,
UNKNOWN,,SKIPPED_ID_UNKNOWN,,,
UNKNOWN,,SKIPPED_ID_UNKNOWN,,,
UNKNOWN,,SKIPPED_ID_UNKNOWN,,,
UNKNOWN,,SKIPPED_ID_UNKNOWN,,,
UNKNOWN,,SKIPPED_ID_UNKNOWN,,,
UNKNOWN,,SKIPPED_ID_UNKNOWN,,,
UNKNOWN,,SKIPPED_ID_UNKNOWN,,,
UNKNOWN,,SKIPPED_ID_UNKNOWN,,,
UNKNOWN,,SKIPPED_ID_UNKNOWN,,,
UNKNOWN,,SKIPPED_ID_UNKNOWN,,,
UNKNOWN,,SKIPPED_ID_UNKNOWN,,,
UNKNOWN,,SKIPPED_ID_UNKNOWN,,,
UNKNOWN,,SKIPPED_ID_UNKNOWN,,,
UNKNOWN,,SKIPPED_ID_UNKNOWN,,,
UNKNOWN,,SKIPPED_ID_UNKNOWN,,,
UNKNOWN,,SKIPPED_ID_UNKNOWN,,,
UNKNOWN,,SKIPPED_ID_UNKNOWN,,,
UNKNOWN,,SKIPPED_ID_UNKNOWN,,,
UNKNOWN,,SKIPPED_ID_UNKNOWN,,,
UNKNOWN,,SKIPPED_ID_UNKNOWN,,,
UNKNOWN,,SKIPPED_ID_UNKNOWN,,,
UNKNOWN,,SKIPPED_ID_UNKNOWN,,,
UNKNOWN,,SKIPPED_ID_UNKNOWN,,,
UNKNOWN,,SKIPPED_ID_UNKNOWN,,,
UNKNOWN,,SKIPPED_ID_UNKNOWN,,,
UNKNOWN,,SKIPPED_ID_UNKNOWN,,,
UNKNOWN,,SKIPPED_ID_UNKNOWN,,,
UNKNOWN,,SKIPPED_ID_UNKNOWN,,,
UNKNOWN,,SKIPPED_ID_UNKNOWN,,,
UNKNOWN,,SKIPPED_ID_UNKNOWN,,,
UNKNOWN,,SKIPPED_ID_UNKNOWN,,,
UNKNOWN,,SKIPPED_ID_UNKNOWN,,,
UNKNOWN,,SKIPPED_ID_UNKNOWN,,,
UNKNOWN,,SKIPPED_ID_UNKNOWN,,,
UNKNOWN,,SKIPPED_ID_UNKNOWN,,,
UNKNOWN,,SKIPPED_ID_UNKNOWN,,,
UNKNOWN,,SKIPPED_ID_UNKNOWN,,,
UNKNOWN,,SKIPPED_ID_UNKNOWN,,,
UNKNOWN,,SKIPPED_ID_UNKNOWN,,,
UNKNOWN,,SKIPPED_ID_UNKNOWN,,,
UNKNOWN,,SKIPPED_ID_UNKNOWN,,,
UNKNOWN,,SKIPPED_ID_UNKNOWN,,,
UNKNOWN,,SKIPPED_ID_UNKNOWN,,,
UNKNOWN,,SKIPPED_ID_UNKNOWN,,,
UNKNOWN,,SKIPPED_ID_UNKNOWN,,,
UNKNOWN,,SKIPPED_ID_UNKNOWN,,,
UNKNOWN,,SKIPPED_ID_UNKNOWN,,,
UNKNOWN,,SKIPPED_ID_UNKNOWN,,,
UNKNOWN,,SKIPPED_ID_UNKNOWN,,,
UNKNOWN,,SKIPPED_ID_UNKNOWN,,,
UNKNOWN,,SKIPPED_ID_UNKNOWN,,,
UNKNOWN,,SKIPPED_ID_UNKNOWN,,,
UNKNOWN,,SKIPPED_ID_UNKNOWN,,,
UNKNOWN,,SKIPPED_ID_UNKNOWN,,,
UNKNOWN,,SKIPPED_ID_UNKNOWN,,,
UNKNOWN,,SKIPPED_ID_UNKNOWN,,,
UNKNOWN,,SKIPPED_ID_UNKNOWN,,,
UNKNOWN,,SKIPPED_ID_UNKNOWN,,,
UNKNOWN,,SKIPPED_ID_UNKNOWN,,,
UNKNOWN,,SKIPPED_ID_UNKNOWN,,,
UNKNOWN,,SKIPPED_ID_UNKNOWN,,,
UNKNOWN,,SKIPPED_ID_UNKNOWN,,,
UNKNOWN,,SKIPPED_ID_UNKNOWN,,,
UNKNOWN,,SKIPPED_ID_UNKNOWN,,,
UNKNOWN,,SKIPPED_ID_UNKNOWN,,,
UNKNOWN,,SKIPPED_ID_UNKNOWN,,,
UNKNOWN,,SKIPPED_ID_UNKNOWN,,,
UNKNOWN,,SKIPPED_ID_UNKNOWN,,,
UNKNOWN,,SKIPPED_ID_UNKNOWN,,,
UNKNOWN,,SKIPPED_ID_UNKNOWN,,,
UNKNOWN,,SKIPPED_ID_UNKNOWN,,,
UNKNOWN,,SKIPPED_ID_UNKNOWN,,,
UNKNOWN,,SKIPPED_ID_UNKNOWN,,,
UNKNOWN,,SKIPPED_ID_UNKNOWN,,,
UNKNOWN,,SKIPPED_ID_UNKNOWN,,,
UNKNOWN,,SKIPPED_ID_UNKNOWN,,,
UNKNOWN,,SKIPPED_ID_UNKNOWN,,,
UNKNOWN,,SKIPPED_ID_UNKNOWN,,,
UNKNOWN,,SKIPPED_ID_UNKNOWN,,,
UNKNOWN,,SKIPPED_ID_UNKNOWN,,,
UNKNOWN,,SKIPPED_ID_UNKNOWN,,,
UNKNOWN,,SKIPPED_ID_UNKNOWN,,,
UNKNOWN,,SKIPPED_ID_UNKNOWN,,,
UNKNOWN,,SKIPPED_ID_UNKNOWN,,,
UNKNOWN,,SKIPPED_ID_UNKNOWN,,,
48503881,,ERROR_PROCESSING,,,
164836049,,ERROR_PROCESSING,,,
275490218,,ERROR_PROCESSING,,,
275491028,,ERROR_PROCESSING,,,
272715773,,ERROR_PROCESSING,,,
27187450,,ERROR_PROCESSING,,,
158657354,,ERROR_PROCESSING,,,
159652365,,ERROR_PROCESSING,,,
63283780,,ERROR_PROCESSING,,,
239229224,,ERROR_PROCESSING,,,
121943952,,ERROR_PROCESSING,,,
137754713,,ERROR_PROCESSING,,,
417676622,,ERROR_PROCESSING,,,
164458488,,ERROR_PROCESSING,,,
122785299,,ERROR_PROCESSING,,,
267749737,,ERROR_PROCESSING,,,
164464070,,ERROR_PROCESSING,,,
138365520,,ERROR_PROCESSING,,,
27081773,,ERROR_PROCESSING,,,
120495446,,ERROR_PROCESSING,,,
27766705,,ERROR_PROCESSING,,,
239287622,,ERROR_PROCESSING,,,
158325998,,ERROR_PROCESSING,,,
159096688,,ERROR_PROCESSING,,,
48217852,,ERROR_PROCESSING,,,
267749620,,ERROR_PROCESSING,,,
299159378,,ERROR_PROCESSING,,,
122066892,,ERROR_PROCESSING,,,
299218299,,ERROR_PROCESSING,,,
158631683,,ERROR_PROCESSING,,,
28448711,,ERROR_PROCESSING,,,
268823307,,ERROR_PROCESSING,,,
120691237,,ERROR_PROCESSING,,,
158217620,,ERROR_PROCESSING,,,
123495874,,ERROR_PROCESSING,,,
159763612,,ERROR_PROCESSING,,,
121603794,,ERROR_PROCESSING,,,
271968263,,ERROR_PROCESSING,,,
27532033,,ERROR_PROCESSING,,,
121329580,,ERROR_PROCESSING,,,
405717754,,ERROR_PROCESSING,,,
139158696,,ERROR_PROCESSING,,,
27916356,,ERROR_PROCESSING,,,
27987264,,ERROR_PROCESSING,,,
268612521,,ERROR_PROCESSING,,,
164886497,,ERROR_PROCESSING,,,
164525250,,ERROR_PROCESSING,,,
299220166,,ERROR_PROCESSING,,,
159647910,,ERROR_PROCESSING,,,
164458714,,ERROR_PROCESSING,,,
164646661,,ERROR_PROCESSING,,,
27776674,,ERROR_PROCESSING,,,
122063936,,ERROR_PROCESSING,,,
424864368,,ERROR_PROCESSING,,,
169082553,,ERROR_PROCESSING,,,
271162671,,ERROR_PROCESSING,,,
122376177,,ERROR_PROCESSING,,,
123129877,,ERROR_PROCESSING,,,
239275865,,ERROR_PROCESSING,,,
270782121,,ERROR_PROCESSING,,,
399825554,,ERROR_PROCESSING,,,
164525743,,ERROR_PROCESSING,,,
137899948,,ERROR_PROCESSING,,,
169556484,,ERROR_PROCESSING,,,
399915645,,ERROR_PROCESSING,,,
137686948,,ERROR_PROCESSING,,,
268387099,,ERROR_PROCESSING,,,
164999822,,ERROR_PROCESSING,,,
164726946,,ERROR_PROCESSING,,,
137903329,,ERROR_PROCESSING,,,
406950324,,ERROR_PROCESSING,,,
273507060,,ERROR_PROCESSING,,,
272491028,,ERROR_PROCESSING,,,
122706631,,ERROR_PROCESSING,,,
120693011,,ERROR_PROCESSING,,,
273141643,,ERROR_PROCESSING,,,
268159861,,ERROR_PROCESSING,,,
158114249,,ERROR_PROCESSING,,,
28361088,,ERROR_PROCESSING,,,
273378026,,ERROR_PROCESSING,,,
158432813,,ERROR_PROCESSING,,,
63214717,,ERROR_PROCESSING,,,
27845000,,ERROR_PROCESSING,,,
267747398,,ERROR_PROCESSING,,,
269263577,,ERROR_PROCESSING,,,
26474039,,ERROR_PROCESSING,,,
237192046,,ERROR_PROCESSING,,,
243272677,,ERROR_PROCESSING,,,
399826741,,ERROR_PROCESSING,,,
184418214,,ERROR_PROCESSING,,,
63373862,,ERROR_PROCESSING,,,
27318774,,ERROR_PROCESSING,,,
27007509,,ERROR_PROCESSING,,,
399954349,,ERROR_PROCESSING,,,
137154728,,ERROR_PROCESSING,,,
237158408,,ERROR_PROCESSING,,,
240178935,,ERROR_PROCESSING,,,
137211068,,ERROR_PROCESSING,,,
298834019,,ERROR_PROCESSING,,,
63005636,,ERROR_PROCESSING,,,
123447451,,ERROR_PROCESSING,,,
424815791,,ERROR_PROCESSING,,,
416279965,,ERROR_PROCESSING,,,
299161524,,ERROR_PROCESSING,,,
271970692,,ERROR_PROCESSING,,,
121943724,,ERROR_PROCESSING,,,
271052158,,ERROR_PROCESSING,,,
290035455,,ERROR_PROCESSING,,,
48448369,,ERROR_PROCESSING,,,
120043084,,ERROR_PROCESSING,,,
273383120,,ERROR_PROCESSING,,,
270615136,,ERROR_PROCESSING,,,
158489095,,ERROR_PROCESSING,,,
273499989,,ERROR_PROCESSING,,,
158487108,,ERROR_PROCESSING,,,
120253745,,ERROR_PROCESSING,,,
264508014,,ERROR_PROCESSING,,,
121114760,,ERROR_PROCESSING,,,
271158747,,ERROR_PROCESSING,,,
158936201,,ERROR_PROCESSING,,,
48352404,,ERROR_PROCESSING,,,
26493559,,ERROR_PROCESSING,,,
121865123,,ERROR_PROCESSING,,,
27186509,,ERROR_PROCESSING,,,
122069243,,ERROR_PROCESSING,,,
271352188,,ERROR_PROCESSING,,,
352011875,,ERROR_PROCESSING,,,
350810590,,ERROR_PROCESSING,,,
138364751,,ERROR_PROCESSING,,,
184166357,,ERROR_PROCESSING,,,
268159158,,ERROR_PROCESSING,,,
159226202,,ERROR_PROCESSING,,,
164727404,,ERROR_PROCESSING,,,
272178989,,ERROR_PROCESSING,,,
63372898,,ERROR_PROCESSING,,,
270954695,,ERROR_PROCESSING,,,
272837755,,ERROR_PROCESSING,,,
272844987,,ERROR_PROCESSING,,,
273875635,,ERROR_PROCESSING,,,
275573748,,ERROR_PROCESSING,,,
120420633,,ERROR_PROCESSING,,,
184167421,,ERROR_PROCESSING,,,
120315151,,ERROR_PROCESSING,,,
272174474,,ERROR_PROCESSING,,,
299028607,,ERROR_PROCESSING,,,
63066101,,ERROR_PROCESSING,,,
120692092,,ERROR_PROCESSING,,,
164464070,,ERROR_PROCESSING,,,
171029578,,ERROR_PROCESSING,,,
120495446,,ERROR_PROCESSING,,,
164557694,,ERROR_PROCESSING,,,
279917282,,ERROR_PROCESSING,,,
123449386,,ERROR_PROCESSING,,,
158270568,,ERROR_PROCESSING,,,
159174926,,ERROR_PROCESSING,,,
271255614,,ERROR_PROCESSING,,,
27397848,,ERROR_PROCESSING,,,
120422519,,ERROR_PROCESSING,,,
159217436,,ERROR_PROCESSING,,,
272840455,,ERROR_PROCESSING,,,
27776674,,ERROR_PROCESSING,,,
416282268,,ERROR_PROCESSING,,,
158486560,,ERROR_PROCESSING,,,
26961214,,ERROR_PROCESSING,,,
121787669,,ERROR_PROCESSING,,,
123309556,,ERROR_PROCESSING,,,
158794459,,ERROR_PROCESSING,,,
138036531,,ERROR_PROCESSING,,,
273237673,,ERROR_PROCESSING,,,
121121775,,ERROR_PROCESSING,,,
159217349,,ERROR_PROCESSING,,,
120252452,,ERROR_PROCESSING,,,
122065885,,ERROR_PROCESSING,,,
273690208,,ERROR_PROCESSING,,,
271354748,,ERROR_PROCESSING,,,
271262203,,ERROR_PROCESSING,,,
121795464,,ERROR_PROCESSING,,,
123415819,,ERROR_PROCESSING,,,
137555411,,ERROR_PROCESSING,,,
137816475,,ERROR_PROCESSING,,,
164557035,,ERROR_PROCESSING,,,
407001624,,ERROR_PROCESSING,,,
360023295,,ERROR_PROCESSING,,,
122450696,,ERROR_PROCESSING,,,
121660904,,ERROR_PROCESSING,,,
158487658,,ERROR_PROCESSING,,,
158553540,,ERROR_PROCESSING,,,
268712158,,ERROR_PROCESSING,,,
121733900,,ERROR_PROCESSING,,,
271355638,,ERROR_PROCESSING,,,
27239111,,ERROR_PROCESSING,,,
121085785,,ERROR_PROCESSING,,,
273377282,,ERROR_PROCESSING,,,
27081773,,ERROR_PROCESSING,,,
120638033,,ERROR_PROCESSING,,,
28159518,,ERROR_PROCESSING,,,
121113728,,ERROR_PROCESSING,,,
159725995,,ERROR_PROCESSING,,,
298897924,,ERROR_PROCESSING,,,
28448998,,ERROR_PROCESSING,,,
272173269,,ERROR_PROCESSING,,,
271355361,,ERROR_PROCESSING,,,
352013661,,ERROR_PROCESSING,,,
27010191,,ERROR_PROCESSING,,,
272085033,,ERROR_PROCESSING,,,
164721250,,ERROR_PROCESSING,,,
399826741,,ERROR_PROCESSING,,,
271752712,,ERROR_PROCESSING,,,
270698316,,ERROR_PROCESSING,,,
137686948,,ERROR_PROCESSING,,,
158725179,,ERROR_PROCESSING,,,
122225232,,ERROR_PROCESSING,,,
158989909,,ERROR_PROCESSING,,,
159642189,,ERROR_PROCESSING,,,
123451768,,ERROR_PROCESSING,,,
121327187,,ERROR_PROCESSING,,,
120693011,,ERROR_PROCESSING,,,
27186509,,ERROR_PROCESSING,,,
27847814,,ERROR_PROCESSING,,,
275493574,,ERROR_PROCESSING,,,
123316380,,ERROR_PROCESSING,,,
121660708,,ERROR_PROCESSING,,,
63372898,,ERROR_PROCESSING,,,
28089606,,ERROR_PROCESSING,,,
159759306,,ERROR_PROCESSING,,,
122712595,,ERROR_PROCESSING,,,
164786172,,ERROR_PROCESSING,,,
121988890,,ERROR_PROCESSING,,,
273591945,,ERROR_PROCESSING,,,
299030528,,ERROR_PROCESSING,,,
159726546,,ERROR_PROCESSING,,,
28361088,,ERROR_PROCESSING,,,
299218776,,ERROR_PROCESSING,,,
270611154,,ERROR_PROCESSING,,,
158792743,,ERROR_PROCESSING,,,
48421060,,ERROR_PROCESSING,,,
271052158,,ERROR_PROCESSING,,,
299217801,,ERROR_PROCESSING,,,
279913760,,ERROR_PROCESSING,,,
28159194,,ERROR_PROCESSING,,,
299028577,,ERROR_PROCESSING,,,
271537714,,ERROR_PROCESSING,,,
351191396,,ERROR_PROCESSING,,,
27084006,,ERROR_PROCESSING,,,
159377404,,ERROR_PROCESSING,,,
122441003,,ERROR_PROCESSING,,,
159386728,,ERROR_PROCESSING,,,
271669616,,ERROR_PROCESSING,,,
159216808,,ERROR_PROCESSING,,,
120105470,,ERROR_PROCESSING,,,
168816237,,ERROR_PROCESSING,,,
123357864,,ERROR_PROCESSING,,,
27082352,,ERROR_PROCESSING,,,
158786851,,ERROR_PROCESSING,,,
267667467,,ERROR_PROCESSING,,,
27456723,,ERROR_PROCESSING,,,
158838278,,ERROR_PROCESSING,,,
424864367,,ERROR_PROCESSING,,,
298969755,,ERROR_PROCESSING,,,
298837729,,ERROR_PROCESSING,,,
63366281,,ERROR_PROCESSING,,,
137556626,,ERROR_PROCESSING,,,
271772050,,ERROR_PROCESSING,,,
267667567,,ERROR_PROCESSING,,,
27766596,,ERROR_PROCESSING,,,
351909600,,ERROR_PROCESSING,,,
417678115,,ERROR_PROCESSING,,,
377873569,,ERROR_PROCESSING,,,
121467823,,ERROR_PROCESSING,,,
27639443,,ERROR_PROCESSING,,,
171510762,,ERROR_PROCESSING,,,
169930145,,ERROR_PROCESSING,,,
123357864,,ERROR_PROCESSING,,,
274198407,,ERROR_PROCESSING,,,
158324245,,ERROR_PROCESSING,,,
275573295,,ERROR_PROCESSING,,,
416283848,,ERROR_PROCESSING,,,
138969239,,ERROR_PROCESSING,,,
138574253,,ERROR_PROCESSING,,,
237158274,,ERROR_PROCESSING,,,
137413972,,ERROR_PROCESSING,,,
272375343,,ERROR_PROCESSING,,,
170236331,,ERROR_PROCESSING,,,
27846348,,ERROR_PROCESSING,,,
360023069,,ERROR_PROCESSING,,,
26817004,,ERROR_PROCESSING,,,
274198958,,ERROR_PROCESSING,,,
164882482,,ERROR_PROCESSING,,,
159382189,,ERROR_PROCESSING,,,
121214078,,ERROR_PROCESSING,,,
299032847,,ERROR_PROCESSING,,,
158326744,,ERROR_PROCESSING,,,
164652245,,ERROR_PROCESSING,,,
273046164,,ERROR_PROCESSING,,,
63005467,,ERROR_PROCESSING,,,
275496016,,ERROR_PROCESSING,,,
416281986,,ERROR_PROCESSING,,,
158987296,,ERROR_PROCESSING,,,
407002705,,ERROR_PROCESSING,,,
159376971,,ERROR_PROCESSING,,,
377782148,,ERROR_PROCESSING,,,
26749051,,ERROR_PROCESSING,,,
137347078,,ERROR_PROCESSING,,,
169181786,,ERROR_PROCESSING,,,
158665571,,ERROR_PROCESSING,,,
417659970,,ERROR_PROCESSING,,,
159177065,,ERROR_PROCESSING,,,
27082730,,ERROR_PROCESSING,,,
243271716,,ERROR_PROCESSING,,,
377909730,,ERROR_PROCESSING,,,
158840095,,ERROR_PROCESSING,,,
171883078,,ERROR_PROCESSING,,,
399860444,,ERROR_PROCESSING,,,
164781761,,ERROR_PROCESSING,,,
273502299,,ERROR_PROCESSING,,,
273874849,,ERROR_PROCESSING,,,
120692095,,ERROR_PROCESSING,,,
27774415,,ERROR_PROCESSING,,,
159579593,,ERROR_PROCESSING,,,
63069779,,ERROR_PROCESSING,,,
164456891,,ERROR_PROCESSING,,,
171882123,,ERROR_PROCESSING,,,
158108219,,ERROR_PROCESSING,,,
269269546,,ERROR_PROCESSING,,,
243271972,,ERROR_PROCESSING,,,
416281238,,ERROR_PROCESSING,,,
27239856,,ERROR_PROCESSING,,,
120960812,,ERROR_PROCESSING,,,
164560223,,ERROR_PROCESSING,,,
121108727,,ERROR_PROCESSING,,,
270698499,,ERROR_PROCESSING,,,
48353636,,ERROR_PROCESSING,,,
399955825,,ERROR_PROCESSING,,,
158927791,,ERROR_PROCESSING,,,
164411478,,ERROR_PROCESSING,,,
270705735,,ERROR_PROCESSING,,,
48448415,,ERROR_PROCESSING,,,
279917678,,ERROR_PROCESSING,,,
269119490,,ERROR_PROCESSING,,,
158490928,,ERROR_PROCESSING,,,
137337090,,ERROR_PROCESSING,,,
122682249,,ERROR_PROCESSING,,,
273773509,,ERROR_PROCESSING,,,
27992970,,ERROR_PROCESSING,,,
159054620,,ERROR_PROCESSING,,,
27188610,,ERROR_PROCESSING,,,
299089652,,ERROR_PROCESSING,,,
137409501,,ERROR_PROCESSING,,,
164674711,,ERROR_PROCESSING,,,
120254625,,ERROR_PROCESSING,,,
399951991,,ERROR_PROCESSING,,,
237188153,,ERROR_PROCESSING,,,
48528770,,ERROR_PROCESSING,,,
137090755,,ERROR_PROCESSING,,,
158839841,,ERROR_PROCESSING,,,
123444694,,ERROR_PROCESSING,,,
122450762,,ERROR_PROCESSING,,,
158554588,,ERROR_PROCESSING,,,
137155210,,ERROR_PROCESSING,,,
138477646,,ERROR_PROCESSING,,,
27847307,,ERROR_PROCESSING,,,
164882868,,ERROR_PROCESSING,,,
27769688,,ERROR_PROCESSING,,,
275490034,,ERROR_PROCESSING,,,
399794329,,ERROR_PROCESSING,,,
406997913,,ERROR_PROCESSING,,,
121865656,,ERROR_PROCESSING,,,
158215347,,ERROR_PROCESSING,,,
164459949,,ERROR_PROCESSING,,,
27534138,,ERROR_PROCESSING,,,
164456041,,ERROR_PROCESSING,,,
27187386,,ERROR_PROCESSING,,,
123359347,,ERROR_PROCESSING,,,
164721759,,ERROR_PROCESSING,,,
394174221,,ERROR_PROCESSING,,,
269271535,,ERROR_PROCESSING,,,
272601375,,ERROR_PROCESSING,,,
138364831,,ERROR_PROCESSING,,,
272943597,,ERROR_PROCESSING,,,
123497954,,ERROR_PROCESSING,,,
158389981,,ERROR_PROCESSING,,,
270788519,,ERROR_PROCESSING,,,
137968594,,ERROR_PROCESSING,,,
28230919,,ERROR_PROCESSING,,,
48448706,,ERROR_PROCESSING,,,
158992508,,ERROR_PROCESSING,,,
27686898,,ERROR_PROCESSING,,,
164524311,,ERROR_PROCESSING,,,
267746315,,ERROR_PROCESSING,,,
158730884,,ERROR_PROCESSING,,,
299030246,,ERROR_PROCESSING,,,
270863576,,ERROR_PROCESSING,,,
378013798,,ERROR_PROCESSING,,,
164552984,,ERROR_PROCESSING,,,
120103325,,ERROR_PROCESSING,,,
121112251,,ERROR_PROCESSING,,,
63452790,,ERROR_PROCESSING,,,
424864367,,ERROR_PROCESSING,,,
158489110,,ERROR_PROCESSING,,,
138569990,,ERROR_PROCESSING,,,
164730843,,ERROR_PROCESSING,,,
159716174,,ERROR_PROCESSING,,,
352011875,,ERROR_PROCESSING,,,
164556761,,ERROR_PROCESSING,,,
184554636,,ERROR_PROCESSING,,,
122066167,,ERROR_PROCESSING,,,
164527695,,ERROR_PROCESSING,,,
27774415,,ERROR_PROCESSING,,,
273590427,,ERROR_PROCESSING,,,
352012126,,ERROR_PROCESSING,,,
120571842,,ERROR_PROCESSING,,,
120961424,,ERROR_PROCESSING,,,
122597057,,ERROR_PROCESSING,,,
273876171,,ERROR_PROCESSING,,,
27456723,,ERROR_PROCESSING,,,
290034635,,ERROR_PROCESSING,,,
63004645,,ERROR_PROCESSING,,,
271355270,,ERROR_PROCESSING,,,
27988995,,ERROR_PROCESSING,,,
417659970,,ERROR_PROCESSING,,,
27082730,,ERROR_PROCESSING,,,
121458495,,ERROR_PROCESSING,,,
171971636,,ERROR_PROCESSING,,,
158722002,,ERROR_PROCESSING,,,
243271716,,ERROR_PROCESSING,,,
137635103,,ERROR_PROCESSING,,,
123129910,,ERROR_PROCESSING,,,
123448077,,ERROR_PROCESSING,,,
47977416,,ERROR_PROCESSING,,,
158983792,,ERROR_PROCESSING,,,
27534458,,ERROR_PROCESSING,,,
271346561,,ERROR_PROCESSING,,,
405717552,,ERROR_PROCESSING,,,
1882972403,,ERROR_PROCESSING,,,
268612417,,ERROR_PROCESSING,,,
239306681,,ERROR_PROCESSING,,,
26749051,,ERROR_PROCESSING,,,
27645404,,ERROR_PROCESSING,,,
122596693,,ERROR_PROCESSING,,,
159452015,,ERROR_PROCESSING,,,
239229234,,ERROR_PROCESSING,,,
63004906,,ERROR_PROCESSING,,,
137411225,,ERROR_PROCESSING,,,
158272820,,ERROR_PROCESSING,,,
164721823,,ERROR_PROCESSING,,,
290034960,,ERROR_PROCESSING,,,
279915941,,ERROR_PROCESSING,,,
159642390,,ERROR_PROCESSING,,,
299158887,,ERROR_PROCESSING,,,
120495880,,ERROR_PROCESSING,,,
158167159,,ERROR_PROCESSING,,,
171879024,,ERROR_PROCESSING,,,
48528473,,ERROR_PROCESSING,,,
120576846,,ERROR_PROCESSING,,,
120254625,,ERROR_PROCESSING,,,
272940104,,ERROR_PROCESSING,,,
158113449,,ERROR_PROCESSING,,,
120498491,,ERROR_PROCESSING,,,
123416041,,ERROR_PROCESSING,,,
138571095,,ERROR_PROCESSING,,,
28357724,,ERROR_PROCESSING,,,
399955825,,ERROR_PROCESSING,,,
158428960,,ERROR_PROCESSING,,,
137548225,,ERROR_PROCESSING,,,
271970605,,ERROR_PROCESSING,,,
159575346,,ERROR_PROCESSING,,,
139155506,,ERROR_PROCESSING,,,
27187386,,ERROR_PROCESSING,,,
137408775,,ERROR_PROCESSING,,,
299156496,,ERROR_PROCESSING,,,
424865156,,ERROR_PROCESSING,,,
405719110,,ERROR_PROCESSING,,,
27011135,,ERROR_PROCESSING,,,
120578185,,ERROR_PROCESSING,,,
158785055,,ERROR_PROCESSING,,,
120424814,,ERROR_PROCESSING,,,
394174412,,ERROR_PROCESSING,,,
158722119,,ERROR_PROCESSING,,,
121108727,,ERROR_PROCESSING,,,
275575525,,ERROR_PROCESSING,,,
120762000,,ERROR_PROCESSING,,,
170346081,,ERROR_PROCESSING,,,
27988327,,ERROR_PROCESSING,,,
171502232,,ERROR_PROCESSING,,,
123496782,,ERROR_PROCESSING,,,
158730471,,ERROR_PROCESSING,,,
164724987,,ERROR_PROCESSING,,,
272602477,,ERROR_PROCESSING,,,
158394902,,ERROR_PROCESSING,,,
270609625,,ERROR_PROCESSING,,,
159725400,,ERROR_PROCESSING,,,
48503953,,ERROR_PROCESSING,,,
271749758,,ERROR_PROCESSING,,,
164559875,,ERROR_PROCESSING,,,
377782363,,ERROR_PROCESSING,,,
273379660,,ERROR_PROCESSING,,,
159396818,,ERROR_PROCESSING,,,
171972797,,ERROR_PROCESSING,,,
27912377,,ERROR_PROCESSING,,,
184417625,,ERROR_PROCESSING,,,
271349932,,ERROR_PROCESSING,,,
273043474,,ERROR_PROCESSING,,,
272366748,,ERROR_PROCESSING,,,
63126862,,ERROR_PROCESSING,,,
184164097,,ERROR_PROCESSING,,,
27188610,,ERROR_PROCESSING,,,
158986490,,ERROR_PROCESSING,,,
417676622,,ERROR_PROCESSING,,,
26583108,,ERROR_PROCESSING,,,
63210391,,ERROR_PROCESSING,,,
279917282,,ERROR_PROCESSING,,,
27082730,,ERROR_PROCESSING,,,
271260980,,ERROR_PROCESSING,,,
159579593,,ERROR_PROCESSING,,,
267673944,,ERROR_PROCESSING,,,
377909730,,ERROR_PROCESSING,,,
164727439,,ERROR_PROCESSING,,,
27645404,,ERROR_PROCESSING,,,
122596693,,ERROR_PROCESSING,,,
121599740,,ERROR_PROCESSING,,,
122684233,,ERROR_PROCESSING,,,
48217457,,ERROR_PROCESSING,,,
159376971,,ERROR_PROCESSING,,,
139106731,,ERROR_PROCESSING,,,
273046164,,ERROR_PROCESSING,,,
164827658,,ERROR_PROCESSING,,,
164652245,,ERROR_PROCESSING,,,
416282268,,ERROR_PROCESSING,,,
378160351,,ERROR_PROCESSING,,,
123309556,,ERROR_PROCESSING,,,
350811132,,ERROR_PROCESSING,,,
268057162,,ERROR_PROCESSING,,,
26817004,,ERROR_PROCESSING,,,
159051209,,ERROR_PROCESSING,,,
158933249,,ERROR_PROCESSING,,,
274198407,,ERROR_PROCESSING,,,
48305629,,ERROR_PROCESSING,,,
159763320,,ERROR_PROCESSING,,,
299033074,,ERROR_PROCESSING,,,
63452790,,ERROR_PROCESSING,,,
172422725,,ERROR_PROCESSING,,,
120960812,,ERROR_PROCESSING,,,
271353794,,ERROR_PROCESSING,,,
164889945,,ERROR_PROCESSING,,,
138969239,,ERROR_PROCESSING,,,
399953998,,ERROR_PROCESSING,,,
352012975,,ERROR_PROCESSING,,,
271354351,,ERROR_PROCESSING,,,
121460918,,ERROR_PROCESSING,,,
271546191,,ERROR_PROCESSING,,,
48216453,,ERROR_PROCESSING,,,
138303317,,ERROR_PROCESSING,,,
164556761,,ERROR_PROCESSING,,,
377873569,,ERROR_PROCESSING,,,
137555923,,ERROR_PROCESSING,,,
121789066,,ERROR_PROCESSING,,,
268060310,,ERROR_PROCESSING,,,
137316027,,ERROR_PROCESSING,,,
424864367,,ERROR_PROCESSING,,,
123409401,,ERROR_PROCESSING,,,
121327187,,ERROR_PROCESSING,,,
48506505,,ERROR_PROCESSING,,,
158630233,,ERROR_PROCESSING,,,
27911400,,ERROR_PROCESSING,,,
158725179,,ERROR_PROCESSING,,,
171510762,,ERROR_PROCESSING,,,
158722379,,ERROR_PROCESSING,,,
63284044,,ERROR_PROCESSING,,,
137218786,,ERROR_PROCESSING,,,
164721250,,ERROR_PROCESSING,,,
271964647,,ERROR_PROCESSING,,,
27642556,,ERROR_PROCESSING,,,
158317824,,ERROR_PROCESSING,,,
121656582,,ERROR_PROCESSING,,,
138364831,,ERROR_PROCESSING,,,
27531978,,ERROR_PROCESSING,,,
164460208,,ERROR_PROCESSING,,,
298785034,,ERROR_PROCESSING,,,
272074477,,ERROR_PROCESSING,,,
271430806,,ERROR_PROCESSING,,,
273681580,,ERROR_PROCESSING,,,
63122956,,ERROR_PROCESSING,,,
48353902,,ERROR_PROCESSING,,,
138888759,,ERROR_PROCESSING,,,
164723136,,ERROR_PROCESSING,,,
158635959,,ERROR_PROCESSING,,,
267991349,,ERROR_PROCESSING,,,
137155210,,ERROR_PROCESSING,,,
164559875,,ERROR_PROCESSING,,,
27847307,,ERROR_PROCESSING,,,
138477646,,ERROR_PROCESSING,,,
120255638,,ERROR_PROCESSING,,,
159725995,,ERROR_PROCESSING,,,
48528770,,ERROR_PROCESSING,,,
274017990,,ERROR_PROCESSING,,,
28361491,,ERROR_PROCESSING,,,
399951991,,ERROR_PROCESSING,,,
120255950,,ERROR_PROCESSING,,,
26540675,,ERROR_PROCESSING,,,
158385035,,ERROR_PROCESSING,,,
184167421,,ERROR_PROCESSING,,,
271762145,,ERROR_PROCESSING,,,
48217868,,ERROR_PROCESSING,,,
279915941,,ERROR_PROCESSING,,,
158729099,,ERROR_PROCESSING,,,
159054620,,ERROR_PROCESSING,,,
273690178,,ERROR_PROCESSING,,,
27992970,,ERROR_PROCESSING,,,
158272257,,ERROR_PROCESSING,,,
26584080,,ERROR_PROCESSING,,,
258202719,,ERROR_PROCESSING,,,
63072565,,ERROR_PROCESSING,,,
120418600,,ERROR_PROCESSING,,,
237191392,,ERROR_PROCESSING,,,
122066280,,ERROR_PROCESSING,,,
399822422,,ERROR_PROCESSING,,,
268704766,,ERROR_PROCESSING,,,
139155506,,ERROR_PROCESSING,,,
120960808,,ERROR_PROCESSING,,,
258349590,,ERROR_PROCESSING,,,
121121775,,ERROR_PROCESSING,,,
269269546,,ERROR_PROCESSING,,,
164558338,,ERROR_PROCESSING,,,
351910733,,ERROR_PROCESSING,,,
267745858,,ERROR_PROCESSING,,,
121214909,,ERROR_PROCESSING,,,
164652245,,ERROR_PROCESSING,,,
184015535,,ERROR_PROCESSING,,,
137414304,,ERROR_PROCESSING,,,
26749051,,ERROR_PROCESSING,,,
63213622,,ERROR_PROCESSING,,,
137089993,,ERROR_PROCESSING,,,
120578688,,ERROR_PROCESSING,,,
159578257,,ERROR_PROCESSING,,,
121785676,,ERROR_PROCESSING,,,
239236731,,ERROR_PROCESSING,,,
122607554,,ERROR_PROCESSING,,,
164827658,,ERROR_PROCESSING,,,
138097531,,ERROR_PROCESSING,,,
352012126,,ERROR_PROCESSING,,,
27534458,,ERROR_PROCESSING,,,
159179987,,ERROR_PROCESSING,,,
164830162,,ERROR_PROCESSING,,,
158983792,,ERROR_PROCESSING,,,
267570317,,ERROR_PROCESSING,,,
123129910,,ERROR_PROCESSING,,,
26583640,,ERROR_PROCESSING,,,
27988995,,ERROR_PROCESSING,,,
271431851,,ERROR_PROCESSING,,,
417659970,,ERROR_PROCESSING,,,
158842046,,ERROR_PROCESSING,,,
243271716,,ERROR_PROCESSING,,,
27911400,,ERROR_PROCESSING,,,
271355270,,ERROR_PROCESSING,,,
352011875,,ERROR_PROCESSING,,,
271671025,,ERROR_PROCESSING,,,
394176812,,ERROR_PROCESSING,,,
350810590,,ERROR_PROCESSING,,,
267749737,,ERROR_PROCESSING,,,
158422963,,ERROR_PROCESSING,,,
123409401,,ERROR_PROCESSING,,,
27774415,,ERROR_PROCESSING,,,
158494327,,ERROR_PROCESSING,,,
272278272,,ERROR_PROCESSING,,,
164556761,,ERROR_PROCESSING,,,
123495874,,ERROR_PROCESSING,,,
271253848,,ERROR_PROCESSING,,,
121732589,,ERROR_PROCESSING,,,
273590427,,ERROR_PROCESSING,,,
270955277,,ERROR_PROCESSING,,,
120252007,,ERROR_PROCESSING,,,
271158887,,ERROR_PROCESSING,,,
158559018,,ERROR_PROCESSING,,,
273866337,,ERROR_PROCESSING,,,
27767452,,ERROR_PROCESSING,,,
267747398,,ERROR_PROCESSING,,,
158114000,,ERROR_PROCESSING,,,
271354351,,ERROR_PROCESSING,,,
158555987,,ERROR_PROCESSING,,,
237192046,,ERROR_PROCESSING,,,
350738817,,ERROR_PROCESSING,,,
158324245,,ERROR_PROCESSING,,,
268057162,,ERROR_PROCESSING,,,
27318774,,ERROR_PROCESSING,,,
164646094,,ERROR_PROCESSING,,,
63452790,,ERROR_PROCESSING,,,
26416803,,ERROR_PROCESSING,,,
350987771,,ERROR_PROCESSING,,,
121123361,,ERROR_PROCESSING,,,
158432813,,ERROR_PROCESSING,,,
63126862,,ERROR_PROCESSING,,,
405717754,,ERROR_PROCESSING,,,
164780824,,ERROR_PROCESSING,,,
158213532,,ERROR_PROCESSING,,,
273130565,,ERROR_PROCESSING,,,
138805992,,ERROR_PROCESSING,,,
273043474,,ERROR_PROCESSING,,,
28361491,,ERROR_PROCESSING,,,
120043638,,ERROR_PROCESSING,,,
352013543,,ERROR_PROCESSING,,,
271349932,,ERROR_PROCESSING,,,
273379660,,ERROR_PROCESSING,,,
123447592,,ERROR_PROCESSING,,,
120763491,,ERROR_PROCESSING,,,
158935283,,ERROR_PROCESSING,,,
27992970,,ERROR_PROCESSING,,,
268302011,,ERROR_PROCESSING,,,
158326424,,ERROR_PROCESSING,,,
123202589,,ERROR_PROCESSING,,,
27913639,,ERROR_PROCESSING,,,
269270853,,ERROR_PROCESSING,,,
298834019,,ERROR_PROCESSING,,,
26748113,,ERROR_PROCESSING,,,
299217986,,ERROR_PROCESSING,,,
268704766,,ERROR_PROCESSING,,,
63286249,,ERROR_PROCESSING,,,
164458639,,ERROR_PROCESSING,,,
399955825,,ERROR_PROCESSING,,,
139155506,,ERROR_PROCESSING,,,
272601590,,ERROR_PROCESSING,,,
48448369,,ERROR_PROCESSING,,,
48503881,,ERROR_PROCESSING,,,
377782430,,ERROR_PROCESSING,,,
27642556,,ERROR_PROCESSING,,,
139036121,,ERROR_PROCESSING,,,
63283780,,ERROR_PROCESSING,,,
164892194,,ERROR_PROCESSING,,,
120418600,,ERROR_PROCESSING,,,
63006978,,ERROR_PROCESSING,,,
399822422,,ERROR_PROCESSING,,,
137969066,,ERROR_PROCESSING,,,
158657354,,ERROR_PROCESSING,,,
279915941,,ERROR_PROCESSING,,,
267991349,,ERROR_PROCESSING,,,
416265126,,ERROR_PROCESSING,,,
290032428,,ERROR_PROCESSING,,,
122785299,,ERROR_PROCESSING,,,
268608781,,ERROR_PROCESSING,,,
138890353,,ERROR_PROCESSING,,,
138365520,,ERROR_PROCESSING,,,
267748934,,ERROR_PROCESSING,,,
164832454,,ERROR_PROCESSING,,,
268823307,,ERROR_PROCESSING,,,
28448711,,ERROR_PROCESSING,,,
184559893,,ERROR_PROCESSING,,,
275568400,,ERROR_PROCESSING,,,
273035189,,ERROR_PROCESSING,,,
48528473,,ERROR_PROCESSING,,,
158489841,,ERROR_PROCESSING,,,
272491981,,ERROR_PROCESSING,,,
27231753,,ERROR_PROCESSING,,,
270857274,,ERROR_PROCESSING,,,
122066892,,ERROR_PROCESSING,,,
27847307,,ERROR_PROCESSING,,,
169556484,,ERROR_PROCESSING,,,
121112251,,ERROR_PROCESSING,,,
399825554,,ERROR_PROCESSING,,,
123496782,,ERROR_PROCESSING,,,
416267321,,ERROR_PROCESSING,,,
159311390,,ERROR_PROCESSING,,,
137557778,,ERROR_PROCESSING,,,
184997417,,ERROR_PROCESSING,,,
159728250,,ERROR_PROCESSING,,,
121734474,,ERROR_PROCESSING,,,
239275865,,ERROR_PROCESSING,,,
158552258,,ERROR_PROCESSING,,,
164555061,,ERROR_PROCESSING,,,
27914290,,ERROR_PROCESSING,,,
28090925,,ERROR_PROCESSING,,,
299220166,,ERROR_PROCESSING,,,
164525250,,ERROR_PROCESSING,,,
27991150,,ERROR_PROCESSING,,,
299087968,,ERROR_PROCESSING,,,
26657021,,ERROR_PROCESSING,,,
237157751,,ERROR_PROCESSING,,,
121603794,,ERROR_PROCESSING,,,
120963454,,ERROR_PROCESSING,,,
164881786,,ERROR_PROCESSING,,,
63066763,,ERROR_PROCESSING,,,
237157729,,ERROR_PROCESSING,,,
158412890,,ERROR_PROCESSING,,,
122298677,,ERROR_PROCESSING,,,
351766445,,ERROR_PROCESSING,,,
424867045,,ERROR_PROCESSING,,,
27990610,,ERROR_PROCESSING,,,
271040560,,ERROR_PROCESSING,,,
416266820,,ERROR_PROCESSING,,,
406951266,,ERROR_PROCESSING,,,
63120475,,ERROR_PROCESSING,,,
123233041,,ERROR_PROCESSING,,,
137410997,,ERROR_PROCESSING,,,
164557694,,ERROR_PROCESSING,,,
48217852,,ERROR_PROCESSING,,,
299159378,,ERROR_PROCESSING,,,
1880502258,,ERROR_PROCESSING,,,
273592350,,ERROR_PROCESSING,,,
138571095,,ERROR_PROCESSING,,,
159105397,,ERROR_PROCESSING,,,
159096688,,ERROR_PROCESSING,,,
121660779,,ERROR_PROCESSING,,,
63010445,,ERROR_PROCESSING,,,
158625100,,ERROR_PROCESSING,,,
26814955,,ERROR_PROCESSING,,,
158416263,,ERROR_PROCESSING,,,
28159518,,ERROR_PROCESSING,,,
123314844,,ERROR_PROCESSING,,,
164458488,,ERROR_PROCESSING,,,
417659078,,ERROR_PROCESSING,,,
137408775,,ERROR_PROCESSING,,,
158169713,,ERROR_PROCESSING,,,
27396869,,ERROR_PROCESSING,,,
405719110,,ERROR_PROCESSING,,,
424865156,,ERROR_PROCESSING,,,
406952542,,ERROR_PROCESSING,,,
164557360,,ERROR_PROCESSING,,,
122065885,,ERROR_PROCESSING,,,
159721015,,ERROR_PROCESSING,,,
164833065,,ERROR_PROCESSING,,,
159106207,,ERROR_PROCESSING,,,
172373693,,ERROR_PROCESSING,,,
158268972,,ERROR_PROCESSING,,,
120044687,,ERROR_PROCESSING,,,
137348987,,ERROR_PROCESSING,,,
299161524,,ERROR_PROCESSING,,,
120424814,,ERROR_PROCESSING,,,
405717552,,ERROR_PROCESSING,,,
120251654,,ERROR_PROCESSING,,,
416279965,,ERROR_PROCESSING,,,
299219860,,ERROR_PROCESSING,,,
272178989,,ERROR_PROCESSING,,,
27390527,,ERROR_PROCESSING,,,
272945038,,ERROR_PROCESSING,,,
121660708,,ERROR_PROCESSING,,,
63372898,,ERROR_PROCESSING,,,
171971636,,ERROR_PROCESSING,,,
264508014,,ERROR_PROCESSING,,,
158394479,,ERROR_PROCESSING,,,
26817284,,ERROR_PROCESSING,,,
123316231,,ERROR_PROCESSING,,,
350810654,,ERROR_PROCESSING,,,
350814607,,ERROR_PROCESSING,,,
121943724,,ERROR_PROCESSING,,,
121462999,,ERROR_PROCESSING,,,
48505882,,ERROR_PROCESSING,,,
271052158,,ERROR_PROCESSING,,,
399953616,,ERROR_PROCESSING,,,
158276273,,ERROR_PROCESSING,,,
48503953,,ERROR_PROCESSING,,,
269263577,,ERROR_PROCESSING,,,
275571117,,ERROR_PROCESSING,,,
158394902,,ERROR_PROCESSING,,,
399826741,,ERROR_PROCESSING,,,
27235573,,ERROR_PROCESSING,,,
164784178,,ERROR_PROCESSING,,,
237158650,,ERROR_PROCESSING,,,
158730471,,ERROR_PROCESSING,,,
137409907,,ERROR_PROCESSING,,,
267749737,,ERROR_PROCESSING,,,
27992902,,ERROR_PROCESSING,,,
164779321,,ERROR_PROCESSING,,,
271671025,,ERROR_PROCESSING,,,
63204326,,ERROR_PROCESSING,,,
169461816,,ERROR_PROCESSING,,,
137483383,,ERROR_PROCESSING,,,
290035649,,ERROR_PROCESSING,,,
273694712,,ERROR_PROCESSING,,,
138569990,,ERROR_PROCESSING,,,
158489110,,ERROR_PROCESSING,,,
416281317,,ERROR_PROCESSING,,,
158625761,,ERROR_PROCESSING,,,
159571280,,ERROR_PROCESSING,,,
406950324,,ERROR_PROCESSING,,,
28450124,,ERROR_PROCESSING,,,
27396284,,ERROR_PROCESSING,,,
275494853,,ERROR_PROCESSING,,,
164999822,,ERROR_PROCESSING,,,
137903329,,ERROR_PROCESSING,,,
159301148,,ERROR_PROCESSING,,,
158983401,,ERROR_PROCESSING,,,
122707140,,ERROR_PROCESSING,,,
158554588,,ERROR_PROCESSING,,,
159051188,,ERROR_PROCESSING,,,
26657091,,ERROR_PROCESSING,,,
27082724,,ERROR_PROCESSING,,,
159580625,,ERROR_PROCESSING,,,
122713286,,ERROR_PROCESSING,,,
270948636,,ERROR_PROCESSING,,,
377915723,,ERROR_PROCESSING,,,
28159518,,ERROR_PROCESSING,,,
27239696,,ERROR_PROCESSING,,,
271960115,,ERROR_PROCESSING,,,
159175206,,ERROR_PROCESSING,,,
121603794,,ERROR_PROCESSING,,,
120573482,,ERROR_PROCESSING,,,
27769688,,ERROR_PROCESSING,,,
159449495,,ERROR_PROCESSING,,,
159389232,,ERROR_PROCESSING,,,
28229515,,ERROR_PROCESSING,,,
268160061,,ERROR_PROCESSING,,,
406952542,,ERROR_PROCESSING,,,
27396869,,ERROR_PROCESSING,,,
120686620,,ERROR_PROCESSING,,,
164557035,,ERROR_PROCESSING,,,
164723619,,ERROR_PROCESSING,,,
123359347,,ERROR_PROCESSING,,,
120425617,,ERROR_PROCESSING,,,
164458714,,ERROR_PROCESSING,,,
271537530,,ERROR_PROCESSING,,,
63212231,,ERROR_PROCESSING,,,
120765183,,ERROR_PROCESSING,,,
399913391,,ERROR_PROCESSING,,,
271262203,,ERROR_PROCESSING,,,
399954605,,ERROR_PROCESSING,,,
121395435,,ERROR_PROCESSING,,,
272601375,,ERROR_PROCESSING,,,
120044687,,ERROR_PROCESSING,,,
272840455,,ERROR_PROCESSING,,,
123492903,,ERROR_PROCESSING,,,
237188565,,ERROR_PROCESSING,,,
63122858,,ERROR_PROCESSING,,,
272841734,,ERROR_PROCESSING,,,
158426969,,ERROR_PROCESSING,,,
377782148,,ERROR_PROCESSING,,,
137556197,,ERROR_PROCESSING,,,
164411478,,ERROR_PROCESSING,,,
27991150,,ERROR_PROCESSING,,,
279915288,,ERROR_PROCESSING,,,
48448415,,ERROR_PROCESSING,,,
123490444,,ERROR_PROCESSING,,,
28090925,,ERROR_PROCESSING,,,
169814632,,ERROR_PROCESSING,,,
298965827,,ERROR_PROCESSING,,,
120961632,,ERROR_PROCESSING,,,
26473621,,ERROR_PROCESSING,,,
274118253,,ERROR_PROCESSING,,,
171029578,,ERROR_PROCESSING,,,
122682249,,ERROR_PROCESSING,,,
377730967,,ERROR_PROCESSING,,,
138097784,,ERROR_PROCESSING,,,
275573429,,ERROR_PROCESSING,,,
237188153,,ERROR_PROCESSING,,,
272180236,,ERROR_PROCESSING,,,
27083727,,ERROR_PROCESSING,,,
164557694,,ERROR_PROCESSING,,,
164674711,,ERROR_PROCESSING,,,
272837755,,ERROR_PROCESSING,,,
27397848,,ERROR_PROCESSING,,,
138969285,,ERROR_PROCESSING,,,
158840095,,ERROR_PROCESSING,,,
159225841,,ERROR_PROCESSING,,,
138972811,,ERROR_PROCESSING,,,
271963778,,ERROR_PROCESSING,,,
159382189,,ERROR_PROCESSING,,,
271546798,,ERROR_PROCESSING,,,
137341066,,ERROR_PROCESSING,,,
27394293,,ERROR_PROCESSING,,,
122062725,,ERROR_PROCESSING,,,
138968107,,ERROR_PROCESSING,,,
122441003,,ERROR_PROCESSING,,,
158487888,,ERROR_PROCESSING,,,
27454084,,ERROR_PROCESSING,,,
271044777,,ERROR_PROCESSING,,,
27186509,,ERROR_PROCESSING,,,
159522175,,ERROR_PROCESSING,,,
271960006,,ERROR_PROCESSING,,,
28361088,,ERROR_PROCESSING,,,
28231454,,ERROR_PROCESSING,,,
121660708,,ERROR_PROCESSING,,,
159046962,,ERROR_PROCESSING,,,
159759306,,ERROR_PROCESSING,,,
122712595,,ERROR_PROCESSING,,,
417679385,,ERROR_PROCESSING,,,
269264648,,ERROR_PROCESSING,,,
270786157,,ERROR_PROCESSING,,,
273874849,,ERROR_PROCESSING,,,
159099716,,ERROR_PROCESSING,,,
28450124,,ERROR_PROCESSING,,,
27396284,,ERROR_PROCESSING,,,
351766517,,ERROR_PROCESSING,,,
399951202,,ERROR_PROCESSING,,,
120042828,,ERROR_PROCESSING,,,
137150277,,ERROR_PROCESSING,,,
158786851,,ERROR_PROCESSING,,,
122375047,,ERROR_PROCESSING,,,
1717079066,,ERROR_PROCESSING,,,
137686948,,ERROR_PROCESSING,,,
138100223,,ERROR_PROCESSING,,,
264508014,,ERROR_PROCESSING,,,
169176157,,ERROR_PROCESSING,,,
298834402,,ERROR_PROCESSING,,,
123444694,,ERROR_PROCESSING,,,
158665380,,ERROR_PROCESSING,,,
123358019,,ERROR_PROCESSING,,,
164725204,,ERROR_PROCESSING,,,
123357864,,ERROR_PROCESSING,,,
271350547,,ERROR_PROCESSING,,,
164890864,,ERROR_PROCESSING,,,
268604336,,ERROR_PROCESSING,,,
27010191,,ERROR_PROCESSING,,,
275571117,,ERROR_PROCESSING,,,
164830125,,ERROR_PROCESSING,,,
237158274,,ERROR_PROCESSING,,,
123495717,,ERROR_PROCESSING,,,
120576846,,ERROR_PROCESSING,,,
158489110,,ERROR_PROCESSING,,,
123358019,,ERROR_PROCESSING,,,
274022334,,ERROR_PROCESSING,,,
138100223,,ERROR_PROCESSING,,,
158838923,,ERROR_PROCESSING,,,
417659212,,ERROR_PROCESSING,,,
159642390,,ERROR_PROCESSING,,,
158725179,,ERROR_PROCESSING,,,
171510762,,ERROR_PROCESSING,,,
299158887,,ERROR_PROCESSING,,,
27843860,,ERROR_PROCESSING,,,
26416742,,ERROR_PROCESSING,,,
120042828,,ERROR_PROCESSING,,,
298897924,,ERROR_PROCESSING,,,
169462917,,ERROR_PROCESSING,,,
399951202,,ERROR_PROCESSING,,,
399951196,,ERROR_PROCESSING,,,
377780790,,ERROR_PROCESSING,,,
272078218,,ERROR_PROCESSING,,,
123495717,,ERROR_PROCESSING,,,
275571117,,ERROR_PROCESSING,,,
424815179,,ERROR_PROCESSING,,,
184299435,,ERROR_PROCESSING,,,
268604336,,ERROR_PROCESSING,,,
123357864,,ERROR_PROCESSING,,,
27391836,,ERROR_PROCESSING,,,
123316231,,ERROR_PROCESSING,,,
123206821,,ERROR_PROCESSING,,,
350814607,,ERROR_PROCESSING,,,
137548281,,ERROR_PROCESSING,,,
26541144,,ERROR_PROCESSING,,,
271430916,,ERROR_PROCESSING,,,
27769737,,ERROR_PROCESSING,,,
237158650,,ERROR_PROCESSING,,,
27006665,,ERROR_PROCESSING,,,
271044777,,ERROR_PROCESSING,,,
138968107,,ERROR_PROCESSING,,,
48503953,,ERROR_PROCESSING,,,
122596693,,ERROR_PROCESSING,,,
48217457,,ERROR_PROCESSING,,,
159102744,,ERROR_PROCESSING,,,
159382189,,ERROR_PROCESSING,,,
139104940,,ERROR_PROCESSING,,,
273502299,,ERROR_PROCESSING,,,
273874849,,ERROR_PROCESSING,,,
158171456,,ERROR_PROCESSING,,,
26750065,,ERROR_PROCESSING,,,
121458206,,ERROR_PROCESSING,,,
269264648,,ERROR_PROCESSING,,,
417679385,,ERROR_PROCESSING,,,
185335907,,ERROR_PROCESSING,,,
377782363,,ERROR_PROCESSING,,,
63213956,,ERROR_PROCESSING,,,
63449012,,ERROR_PROCESSING,,,
27082730,,ERROR_PROCESSING,,,
121660708,,ERROR_PROCESSING,,,
158986490,,ERROR_PROCESSING,,,
417676622,,ERROR_PROCESSING,,,
139106013,,ERROR_PROCESSING,,,
122712179,,ERROR_PROCESSING,,,
137342279,,ERROR_PROCESSING,,,
120961632,,ERROR_PROCESSING,,,
164831457,,ERROR_PROCESSING,,,
28084836,,ERROR_PROCESSING,,,
27233725,,ERROR_PROCESSING,,,
299156353,,ERROR_PROCESSING,,,
164411478,,ERROR_PROCESSING,,,
48448415,,ERROR_PROCESSING,,,
405719110,,ERROR_PROCESSING,,,
123490444,,ERROR_PROCESSING,,,
28159518,,ERROR_PROCESSING,,,
416267321,,ERROR_PROCESSING,,,
158415898,,ERROR_PROCESSING,,,
352007758,,ERROR_PROCESSING,,,
268932150,,ERROR_PROCESSING,,,
275574174,,ERROR_PROCESSING,,,
267746315,,ERROR_PROCESSING,,,
164557694,,ERROR_PROCESSING,,,
184298883,,ERROR_PROCESSING,,,
137151335,,ERROR_PROCESSING,,,
164527695,,ERROR_PROCESSING,,,
237157751,,ERROR_PROCESSING,,,
275573429,,ERROR_PROCESSING,,,
268924036,,ERROR_PROCESSING,,,
138097784,,ERROR_PROCESSING,,,
158486842,,ERROR_PROCESSING,,,
120963454,,ERROR_PROCESSING,,,
399794420,,ERROR_PROCESSING,,,
122066167,,ERROR_PROCESSING,,,
184167421,,ERROR_PROCESSING,,,
27532561,,ERROR_PROCESSING,,,
27769688,,ERROR_PROCESSING,,,
159725995,,ERROR_PROCESSING,,,
270948636,,ERROR_PROCESSING,,,
271960115,,ERROR_PROCESSING,,,
27649489,,ERROR_PROCESSING,,,
137548365,,ERROR_PROCESSING,,,
27239696,,ERROR_PROCESSING,,,
290034635,,ERROR_PROCESSING,,,
279917996,,ERROR_PROCESSING,,,
123233041,,ERROR_PROCESSING,,,
26657091,,ERROR_PROCESSING,,,
121458495,,ERROR_PROCESSING,,,
122707140,,ERROR_PROCESSING,,,
123448077,,ERROR_PROCESSING,,,
47977416,,ERROR_PROCESSING,,,
417660218,,ERROR_PROCESSING,,,
299033164,,ERROR_PROCESSING,,,
158985675,,ERROR_PROCESSING,,,
27009720,,ERROR_PROCESSING,,,
378085713,,ERROR_PROCESSING,,,
405717552,,ERROR_PROCESSING,,,
271164755,,ERROR_PROCESSING,,,
120425617,,ERROR_PROCESSING,,,
399954349,,ERROR_PROCESSING,,,
271163971,,ERROR_PROCESSING,,,
123359347,,ERROR_PROCESSING,,,
159389232,,ERROR_PROCESSING,,,
159452015,,ERROR_PROCESSING,,,
268160061,,ERROR_PROCESSING,,,
123357864,,ERROR_PROCESSING,,,
137409907,,ERROR_PROCESSING,,,
270857293,,ERROR_PROCESSING,,,
271164394,,ERROR_PROCESSING,,,
351803495,,ERROR_PROCESSING,,,
27006665,,ERROR_PROCESSING,,,
351898154,,ERROR_PROCESSING,,,
279917678,,ERROR_PROCESSING,,,
137817355,,ERROR_PROCESSING,,,
158927791,,ERROR_PROCESSING,,,
158664318,,ERROR_PROCESSING,,,
264508014,,ERROR_PROCESSING,,,
122519154,,ERROR_PROCESSING,,,
273590427,,ERROR_PROCESSING,,,
239277658,,ERROR_PROCESSING,,,
184009313,,ERROR_PROCESSING,,,
137483383,,ERROR_PROCESSING,,,
290035649,,ERROR_PROCESSING,,,
158489110,,ERROR_PROCESSING,,,
272180918,,ERROR_PROCESSING,,,
158322622,,ERROR_PROCESSING,,,
27992902,,ERROR_PROCESSING,,,
299089652,,ERROR_PROCESSING,,,
164779321,,ERROR_PROCESSING,,,
417659970,,ERROR_PROCESSING,,,
279917005,,ERROR_PROCESSING,,,
171971636,,ERROR_PROCESSING,,,
298897851,,ERROR_PROCESSING,,,
273138666,,ERROR_PROCESSING,,,
243271716,,ERROR_PROCESSING,,,
48304302,,ERROR_PROCESSING,,,
27390527,,ERROR_PROCESSING,,,
272842268,,ERROR_PROCESSING,,,
121865656,,ERROR_PROCESSING,,,
120688631,,ERROR_PROCESSING,,,
416266465,,ERROR_PROCESSING,,,
138430034,,ERROR_PROCESSING,,,
279913214,,ERROR_PROCESSING,,,
1717079066,,ERROR_PROCESSING,,,
406997913,,ERROR_PROCESSING,,,
27776660,,ERROR_PROCESSING,,,
164721759,,ERROR_PROCESSING,,,
158276273,,ERROR_PROCESSING,,,
158561566,,ERROR_PROCESSING,,,
121462999,,ERROR_PROCESSING,,,
159382189,,ERROR_PROCESSING,,,
271354634,,ERROR_PROCESSING,,,
270779644,,ERROR_PROCESSING,,,
158389981,,ERROR_PROCESSING,,,
122142813,,ERROR_PROCESSING,,,
26817284,,ERROR_PROCESSING,,,
121660779,,ERROR_PROCESSING,,,
28089143,,ERROR_PROCESSING,,,
122682249,,ERROR_PROCESSING,,,
123314844,,ERROR_PROCESSING,,,
121660595,,ERROR_PROCESSING,,,
169560572,,ERROR_PROCESSING,,,
405685914,,ERROR_PROCESSING,,,
273690178,,ERROR_PROCESSING,,,
158838045,,ERROR_PROCESSING,,,
121467823,,ERROR_PROCESSING,,,
137410997,,ERROR_PROCESSING,,,
1880502258,,ERROR_PROCESSING,,,
406951266,,ERROR_PROCESSING,,,
298969755,,ERROR_PROCESSING,,,
120254625,,ERROR_PROCESSING,,,
298836607,,ERROR_PROCESSING,,,
416279965,,ERROR_PROCESSING,,,
299219860,,ERROR_PROCESSING,,,
123451321,,ERROR_PROCESSING,,,
416283848,,ERROR_PROCESSING,,,
63283780,,ERROR_PROCESSING,,,
121108727,,ERROR_PROCESSING,,,
267671250,,ERROR_PROCESSING,,,
137348987,,ERROR_PROCESSING,,,
120044687,,ERROR_PROCESSING,,,
158657354,,ERROR_PROCESSING,,,
399955825,,ERROR_PROCESSING,,,
272605867,,ERROR_PROCESSING,,,
243271945,,ERROR_PROCESSING,,,
239238425,,ERROR_PROCESSING,,,
48503881,,ERROR_PROCESSING,,,
164411478,,ERROR_PROCESSING,,,
158169713,,ERROR_PROCESSING,,,
120686620,,ERROR_PROCESSING,,,
48448415,,ERROR_PROCESSING,,,
27914290,,ERROR_PROCESSING,,,
27233725,,ERROR_PROCESSING,,,
123359347,,ERROR_PROCESSING,,,
121734474,,ERROR_PROCESSING,,,
239275865,,ERROR_PROCESSING,,,
273044848,,ERROR_PROCESSING,,,
237188565,,ERROR_PROCESSING,,,
164458714,,ERROR_PROCESSING,,,
158278132,,ERROR_PROCESSING,,,
273131021,,ERROR_PROCESSING,,,
159311390,,ERROR_PROCESSING,,,
399860444,,ERROR_PROCESSING,,,
27916356,,ERROR_PROCESSING,,,
424867045,,ERROR_PROCESSING,,,
269263219,,ERROR_PROCESSING,,,
416266820,,ERROR_PROCESSING,,,
299032517,,ERROR_PROCESSING,,,
159177065,,ERROR_PROCESSING,,,
158840095,,ERROR_PROCESSING,,,
237157729,,ERROR_PROCESSING,,,
158731243,,ERROR_PROCESSING,,,
121603794,,ERROR_PROCESSING,,,
27769688,,ERROR_PROCESSING,,,
164456891,,ERROR_PROCESSING,,,
405717754,,ERROR_PROCESSING,,,
273129679,,ERROR_PROCESSING,,,
169176340,,ERROR_PROCESSING,,,
26584326,,ERROR_PROCESSING,,,
270525576,,ERROR_PROCESSING,,,
63006978,,ERROR_PROCESSING,,,
267672183,,ERROR_PROCESSING,,,
120317234,,ERROR_PROCESSING,,,
27913951,,ERROR_PROCESSING,,,
159647919,,ERROR_PROCESSING,,,
137315414,,ERROR_PROCESSING,,,
164721250,,ERROR_PROCESSING,,,
137408775,,ERROR_PROCESSING,,,
122706051,,ERROR_PROCESSING,,,
424865156,,ERROR_PROCESSING,,,
272179260,,ERROR_PROCESSING,,,
122065885,,ERROR_PROCESSING,,,
139155506,,ERROR_PROCESSING,,,
272601590,,ERROR_PROCESSING,,,
164460208,,ERROR_PROCESSING,,,
267673013,,ERROR_PROCESSING,,,
158662813,,ERROR_PROCESSING,,,
138571095,,ERROR_PROCESSING,,,
26488618,,ERROR_PROCESSING,,,
120255638,,ERROR_PROCESSING,,,
159449041,,ERROR_PROCESSING,,,
275568400,,ERROR_PROCESSING,,,
268823307,,ERROR_PROCESSING,,,
28448711,,ERROR_PROCESSING,,,
273035189,,ERROR_PROCESSING,,,
184008951,,ERROR_PROCESSING,,,
268608781,,ERROR_PROCESSING,,,
122785299,,ERROR_PROCESSING,,,
164464070,,ERROR_PROCESSING,,,
169081296,,ERROR_PROCESSING,,,
138365520,,ERROR_PROCESSING,,,
138890353,,ERROR_PROCESSING,,,
120495446,,ERROR_PROCESSING,,,
269357457,,ERROR_PROCESSING,,,
123449386,,ERROR_PROCESSING,,,
279915941,,ERROR_PROCESSING,,,
416265126,,ERROR_PROCESSING,,,
158635959,,ERROR_PROCESSING,,,
122225232,,ERROR_PROCESSING,,,
274030824,,ERROR_PROCESSING,,,
158729099,,ERROR_PROCESSING,,,
279918915,,ERROR_PROCESSING,,,
268302011,,ERROR_PROCESSING,,,
158935283,,ERROR_PROCESSING,,,
299030528,,ERROR_PROCESSING,,,
28230011,,ERROR_PROCESSING,,,
299218776,,ERROR_PROCESSING,,,
120255950,,ERROR_PROCESSING,,,
273690178,,ERROR_PROCESSING,,,
138805992,,ERROR_PROCESSING,,,
273376082,,ERROR_PROCESSING,,,
270958237,,ERROR_PROCESSING,,,
123358827,,ERROR_PROCESSING,,,
394175334,,ERROR_PROCESSING,,,
299028577,,ERROR_PROCESSING,,,
184427149,,ERROR_PROCESSING,,,
137900524,,ERROR_PROCESSING,,,
158923465,,ERROR_PROCESSING,,,
48421060,,ERROR_PROCESSING,,,
258349590,,ERROR_PROCESSING,,,
271046907,,ERROR_PROCESSING,,,
158625964,,ERROR_PROCESSING,,,
270696519,,ERROR_PROCESSING,,,
299217986,,ERROR_PROCESSING,,,
406948151,,ERROR_PROCESSING,,,
123496782,,ERROR_PROCESSING,,,
271040678,,ERROR_PROCESSING,,,
123202646,,ERROR_PROCESSING,,,
27913639,,ERROR_PROCESSING,,,
272839596,,ERROR_PROCESSING,,,
237191392,,ERROR_PROCESSING,,,
269270853,,ERROR_PROCESSING,,,
416281317,,ERROR_PROCESSING,,,
121732589,,ERROR_PROCESSING,,,
299028607,,ERROR_PROCESSING,,,
352011765,,ERROR_PROCESSING,,,
137316027,,ERROR_PROCESSING,,,
270955277,,ERROR_PROCESSING,,,
48450369,,ERROR_PROCESSING,,,
159307214,,ERROR_PROCESSING,,,
120689253,,ERROR_PROCESSING,,,
159174926,,ERROR_PROCESSING,,,
184090767,,ERROR_PROCESSING,,,
158171839,,ERROR_PROCESSING,,,
123409401,,ERROR_PROCESSING,,,
164558468,,ERROR_PROCESSING,,,
138569990,,ERROR_PROCESSING,,,
63206513,,ERROR_PROCESSING,,,
27318774,,ERROR_PROCESSING,,,
158486560,,ERROR_PROCESSING,,,
63452790,,ERROR_PROCESSING,,,
123309556,,ERROR_PROCESSING,,,
159217436,,ERROR_PROCESSING,,,
159446957,,ERROR_PROCESSING,,,
271354351,,ERROR_PROCESSING,,,
267747398,,ERROR_PROCESSING,,,
273690421,,ERROR_PROCESSING,,,
137634395,,ERROR_PROCESSING,,,
269263577,,ERROR_PROCESSING,,,
237192046,,ERROR_PROCESSING,,,
399826741,,ERROR_PROCESSING,,,
120252007,,ERROR_PROCESSING,,,
63210324,,ERROR_PROCESSING,,,
27187218,,ERROR_PROCESSING,,,
164555597,,ERROR_PROCESSING,,,
271052158,,ERROR_PROCESSING,,,
299217895,,ERROR_PROCESSING,,,
138097531,,ERROR_PROCESSING,,,
239236731,,ERROR_PROCESSING,,,
137315852,,ERROR_PROCESSING,,,
27645404,,ERROR_PROCESSING,,,
159578257,,ERROR_PROCESSING,,,
121660904,,ERROR_PROCESSING,,,
159581842,,ERROR_PROCESSING,,,
121272493,,ERROR_PROCESSING,,,
378085037,,ERROR_PROCESSING,,,
122294985,,ERROR_PROCESSING,,,
184015535,,ERROR_PROCESSING,,,
350812580,,ERROR_PROCESSING,,,
27847148,,ERROR_PROCESSING,,,
399956098,,ERROR_PROCESSING,,,
352011875,,ERROR_PROCESSING,,,
350810590,,ERROR_PROCESSING,,,
48506505,,ERROR_PROCESSING,,,
268382450,,ERROR_PROCESSING,,,
158842046,,ERROR_PROCESSING,,,
158553540,,ERROR_PROCESSING,,,
63372898,,ERROR_PROCESSING,,,
137488218,,ERROR_PROCESSING,,,
405719849,,ERROR_PROCESSING,,,
164670571,,ERROR_PROCESSING,,,
159179987,,ERROR_PROCESSING,,,
272716728,,ERROR_PROCESSING,,,
352013543,,ERROR_PROCESSING,,,
122785299,,ERROR_PROCESSING,,,
123447592,,ERROR_PROCESSING,,,
138365520,,ERROR_PROCESSING,,,
399915645,,ERROR_PROCESSING,,,
27397848,,ERROR_PROCESSING,,,
138972811,,ERROR_PROCESSING,,,
137342400,,ERROR_PROCESSING,,,
350987771,,ERROR_PROCESSING,,,
26540675,,ERROR_PROCESSING,,,
158432813,,ERROR_PROCESSING,,,
120571842,,ERROR_PROCESSING,,,
399794329,,ERROR_PROCESSING,,,
184554925,,ERROR_PROCESSING,,,
171585303,,ERROR_PROCESSING,,,
48188777,,ERROR_PROCESSING,,,
28230011,,ERROR_PROCESSING,,,
159444082,,ERROR_PROCESSING,,,
121214909,,ERROR_PROCESSING,,,
243272677,,ERROR_PROCESSING,,,
399954349,,ERROR_PROCESSING,,,
169176556,,ERROR_PROCESSING,,,
237159318,,ERROR_PROCESSING,,,
27847307,,ERROR_PROCESSING,,,
272172942,,ERROR_PROCESSING,,,
272840455,,ERROR_PROCESSING,,,
1881571053,,ERROR_PROCESSING,,,
26584080,,ERROR_PROCESSING,,,
164883912,,ERROR_PROCESSING,,,
120418600,,ERROR_PROCESSING,,,
399819857,,ERROR_PROCESSING,,,
63072565,,ERROR_PROCESSING,,,
273681580,,ERROR_PROCESSING,,,
63122956,,ERROR_PROCESSING,,,
158489095,,ERROR_PROCESSING,,,
267673013,,ERROR_PROCESSING,,,
405688133,,ERROR_PROCESSING,,,
271964647,,ERROR_PROCESSING,,,
48448369,,ERROR_PROCESSING,,,
121729607,,ERROR_PROCESSING,,,
137212833,,ERROR_PROCESSING,,,
121865123,,ERROR_PROCESSING,,,
159763595,,ERROR_PROCESSING,,,
137635841,,ERROR_PROCESSING,,,
122069243,,ERROR_PROCESSING,,,
273377282,,ERROR_PROCESSING,,,
27396246,,ERROR_PROCESSING,,,
164832454,,ERROR_PROCESSING,,,
121460918,,ERROR_PROCESSING,,,
267747398,,ERROR_PROCESSING,,,
271253957,,ERROR_PROCESSING,,,
158633475,,ERROR_PROCESSING,,,
394172692,,ERROR_PROCESSING,,,
237192046,,ERROR_PROCESSING,,,
271546191,,ERROR_PROCESSING,,,
169084431,,ERROR_PROCESSING,,,
170236331,,ERROR_PROCESSING,,,
164781116,,ERROR_PROCESSING,,,
299217895,,ERROR_PROCESSING,,,
299033074,,ERROR_PROCESSING,,,
239227652,,ERROR_PROCESSING,,,
290005350,,ERROR_PROCESSING,,,
271967039,,ERROR_PROCESSING,,,
172422725,,ERROR_PROCESSING,,,
274198407,,ERROR_PROCESSING,,,
159763320,,ERROR_PROCESSING,,,
377781254,,ERROR_PROCESSING,,,
158324245,,ERROR_PROCESSING,,,
137686948,,ERROR_PROCESSING,,,
48354224,,ERROR_PROCESSING,,,
268382450,,ERROR_PROCESSING,,,
120693011,,ERROR_PROCESSING,,,
121789066,,ERROR_PROCESSING,,,
268060310,,ERROR_PROCESSING,,,
159654016,,ERROR_PROCESSING,,,
121214185,,ERROR_PROCESSING,,,
63119782,,ERROR_PROCESSING,,,
267749737,,ERROR_PROCESSING,,,
158786851,,ERROR_PROCESSING,,,
169461816,,ERROR_PROCESSING,,,
271671025,,ERROR_PROCESSING,,,
299089587,,ERROR_PROCESSING,,,
137550286,,ERROR_PROCESSING,,,
158484518,,ERROR_PROCESSING,,,
121329580,,ERROR_PROCESSING,,,
271663670,,ERROR_PROCESSING,,,
123495874,,ERROR_PROCESSING,,,
27186509,,ERROR_PROCESSING,,,
267673944,,ERROR_PROCESSING,,,
352011875,,ERROR_PROCESSING,,,
299158887,,ERROR_PROCESSING,,,
350810590,,ERROR_PROCESSING,,,
350738167,,ERROR_PROCESSING,,,
123129877,,ERROR_PROCESSING,,,
159051209,,ERROR_PROCESSING,,,
272845785,,ERROR_PROCESSING,,,
378160351,,ERROR_PROCESSING,,,
351191596,,ERROR_PROCESSING,,,
275570329,,ERROR_PROCESSING,,,
164646094,,ERROR_PROCESSING,,,
158114283,,ERROR_PROCESSING,,,
271046694,,ERROR_PROCESSING,,,
158212755,,ERROR_PROCESSING,,,
417655835,,ERROR_PROCESSING,,,
164525743,,ERROR_PROCESSING,,,
27187218,,ERROR_PROCESSING,,,
120900025,,ERROR_PROCESSING,,,
159441326,,ERROR_PROCESSING,,,
121599740,,ERROR_PROCESSING,,,
268713285,,ERROR_PROCESSING,,,
273132699,,ERROR_PROCESSING,,,
377909767,,ERROR_PROCESSING,,,
271749758,,ERROR_PROCESSING,,,
138431008,,ERROR_PROCESSING,,,
123126460,,ERROR_PROCESSING,,,
164724987,,ERROR_PROCESSING,,,
270609625,,ERROR_PROCESSING,,,
279917678,,ERROR_PROCESSING,,,
158625964,,ERROR_PROCESSING,,,
164458714,,ERROR_PROCESSING,,,
123496782,,ERROR_PROCESSING,,,
272278496,,ERROR_PROCESSING,,,
120960812,,ERROR_PROCESSING,,,
351192037,,ERROR_PROCESSING,,,
171502232,,ERROR_PROCESSING,,,
239275865,,ERROR_PROCESSING,,,
274020852,,ERROR_PROCESSING,,,
164786156,,ERROR_PROCESSING,,,
299089652,,ERROR_PROCESSING,,,
416279912,,ERROR_PROCESSING,,,
63210391,,ERROR_PROCESSING,,,
158554588,,ERROR_PROCESSING,,,
27916356,,ERROR_PROCESSING,,,
121946404,,ERROR_PROCESSING,,,
378012771,,ERROR_PROCESSING,,,
159396818,,ERROR_PROCESSING,,,
171972797,,ERROR_PROCESSING,,,
137342468,,ERROR_PROCESSING,,,
158489787,,ERROR_PROCESSING,,,
121603794,,ERROR_PROCESSING,,,
279918915,,ERROR_PROCESSING,,,
273873718,,ERROR_PROCESSING,,,
351766604,,ERROR_PROCESSING,,,
138571095,,ERROR_PROCESSING,,,
269357457,,ERROR_PROCESSING,,,
138213510,,ERROR_PROCESSING,,,
138216186,,ERROR_PROCESSING,,,
1717079066,,ERROR_PROCESSING,,,
406997913,,ERROR_PROCESSING,,,
28448711,,ERROR_PROCESSING,,,
268823307,,ERROR_PROCESSING,,,
271546110,,ERROR_PROCESSING,,,
169081296,,ERROR_PROCESSING,,,
298961646,,ERROR_PROCESSING,,,
123416041,,ERROR_PROCESSING,,,
48450382,,ERROR_PROCESSING,,,
120254625,,ERROR_PROCESSING,,,
298834402,,ERROR_PROCESSING,,,
123444694,,ERROR_PROCESSING,,,
237188153,,ERROR_PROCESSING,,,
138365520,,ERROR_PROCESSING,,,
164674711,,ERROR_PROCESSING,,,
171879024,,ERROR_PROCESSING,,,
290034960,,ERROR_PROCESSING,,,
138972811,,ERROR_PROCESSING,,,
164726831,,ERROR_PROCESSING,,,
120044687,,ERROR_PROCESSING,,,
170346081,,ERROR_PROCESSING,,,
121108727,,ERROR_PROCESSING,,,
275575525,,ERROR_PROCESSING,,,
298962633,,ERROR_PROCESSING,,,
164725204,,ERROR_PROCESSING,,,
120424814,,ERROR_PROCESSING,,,
120765800,,ERROR_PROCESSING,,,
158785055,,ERROR_PROCESSING,,,
158389981,,ERROR_PROCESSING,,,
137408775,,ERROR_PROCESSING,,,
158218731,,ERROR_PROCESSING,,,
158731868,,ERROR_PROCESSING,,,
424865156,,ERROR_PROCESSING,,,
48506710,,ERROR_PROCESSING,,,
399955825,,ERROR_PROCESSING,,,
164721759,,ERROR_PROCESSING,,,
164892142,,ERROR_PROCESSING,,,
158428960,,ERROR_PROCESSING,,,
298969755,,ERROR_PROCESSING,,,
352011875,,ERROR_PROCESSING,,,
350810590,,ERROR_PROCESSING,,,
27687265,,ERROR_PROCESSING,,,
138569175,,ERROR_PROCESSING,,,
417659970,,ERROR_PROCESSING,,,
158722002,,ERROR_PROCESSING,,,
243271716,,ERROR_PROCESSING,,,
121598758,,ERROR_PROCESSING,,,
159098316,,ERROR_PROCESSING,,,
273876171,,ERROR_PROCESSING,,,
27240575,,ERROR_PROCESSING,,,
159175206,,ERROR_PROCESSING,,,
63004906,,ERROR_PROCESSING,,,
350812580,,ERROR_PROCESSING,,,
279912260,,ERROR_PROCESSING,,,
48419097,,ERROR_PROCESSING,,,
184426431,,ERROR_PROCESSING,,,
27774415,,ERROR_PROCESSING,,,
271346561,,ERROR_PROCESSING,,,
48354835,,ERROR_PROCESSING,,,
239306681,,ERROR_PROCESSING,,,
268612417,,ERROR_PROCESSING,,,
63203294,,ERROR_PROCESSING,,,
270857590,,ERROR_PROCESSING,,,
164555597,,ERROR_PROCESSING,,,
164552984,,ERROR_PROCESSING,,,
27318774,,ERROR_PROCESSING,,,
377782148,,ERROR_PROCESSING,,,
158487028,,ERROR_PROCESSING,,,
272942100,,ERROR_PROCESSING,,,
299217986,,ERROR_PROCESSING,,,
122224871,,ERROR_PROCESSING,,,
26541079,,ERROR_PROCESSING,,,
123492903,,ERROR_PROCESSING,,,
137148674,,ERROR_PROCESSING,,,
267747398,,ERROR_PROCESSING,,,
274031725,,ERROR_PROCESSING,,,
298965827,,ERROR_PROCESSING,,,
271428166,,ERROR_PROCESSING,,,
237158274,,ERROR_PROCESSING,,,
270788519,,ERROR_PROCESSING,,,
184418214,,ERROR_PROCESSING,,,
159304134,,ERROR_PROCESSING,,,
273590427,,ERROR_PROCESSING,,,
416281317,,ERROR_PROCESSING,,,
184247532,,ERROR_PROCESSING,,,
184090767,,ERROR_PROCESSING,,,
158786851,,ERROR_PROCESSING,,,
350737935,,ERROR_PROCESSING,,,
270705258,,ERROR_PROCESSING,,,
270698316,,ERROR_PROCESSING,,,
27846348,,ERROR_PROCESSING,,,
271347291,,ERROR_PROCESSING,,,
159763602,,ERROR_PROCESSING,,,
138569990,,ERROR_PROCESSING,,,
298961646,,ERROR_PROCESSING,,,
137318289,,ERROR_PROCESSING,,,
158215347,,ERROR_PROCESSING,,,
269357457,,ERROR_PROCESSING,,,
158792051,,ERROR_PROCESSING,,,
399794329,,ERROR_PROCESSING,,,
299158887,,ERROR_PROCESSING,,,
120495880,,ERROR_PROCESSING,,,
122450762,,ERROR_PROCESSING,,,
164882868,,ERROR_PROCESSING,,,
158554588,,ERROR_PROCESSING,,,
158839841,,ERROR_PROCESSING,,,
275569784,,ERROR_PROCESSING,,,
120576846,,ERROR_PROCESSING,,,
399821831,,ERROR_PROCESSING,,,
184428068,,ERROR_PROCESSING,,,
123497954,,ERROR_PROCESSING,,,
350814607,,ERROR_PROCESSING,,,
120578185,,ERROR_PROCESSING,,,
26472830,,ERROR_PROCESSING,,,
123496782,,ERROR_PROCESSING,,,
405688133,,ERROR_PROCESSING,,,
158394479,,ERROR_PROCESSING,,,
272601375,,ERROR_PROCESSING,,,
158218591,,ERROR_PROCESSING,,,
26751563,,ERROR_PROCESSING,,,
184085929,,ERROR_PROCESSING,,,
159225367,,ERROR_PROCESSING,,,
267570002,,ERROR_PROCESSING,,,
137408775,,ERROR_PROCESSING,,,
158394902,,ERROR_PROCESSING,,,
26814296,,ERROR_PROCESSING,,,
137558813,,ERROR_PROCESSING,,,
424865156,,ERROR_PROCESSING,,,
123408693,,ERROR_PROCESSING,,,
48353636,,ERROR_PROCESSING,,,
164891482,,ERROR_PROCESSING,,,
270698499,,ERROR_PROCESSING,,,
158730203,,ERROR_PROCESSING,,,
299033092,,ERROR_PROCESSING,,,
243271972,,ERROR_PROCESSING,,,
351909828,,ERROR_PROCESSING,,,
158392088,,ERROR_PROCESSING,,,
158730471,,ERROR_PROCESSING,,,
350813882,,ERROR_PROCESSING,,,
237188153,,ERROR_PROCESSING,,,
268481319,,ERROR_PROCESSING,,,
184554925,,ERROR_PROCESSING,,,
164674711,,ERROR_PROCESSING,,,
164557694,,ERROR_PROCESSING,,,
137409501,,ERROR_PROCESSING,,,
26541175,,ERROR_PROCESSING,,,
267673944,,ERROR_PROCESSING,,,
138972811,,ERROR_PROCESSING,,,
138571095,,ERROR_PROCESSING,,,
184417747,,ERROR_PROCESSING,,,
273582656,,ERROR_PROCESSING,,,
417676622,,ERROR_PROCESSING,,,
27240404,,ERROR_PROCESSING,,,
158171456,,ERROR_PROCESSING,,,
269119490,,ERROR_PROCESSING,,,
122446315,,ERROR_PROCESSING,,,
350810559,,ERROR_PROCESSING,,,
137347078,,ERROR_PROCESSING,,,
158216544,,ERROR_PROCESSING,,,
267569980,,ERROR_PROCESSING,,,
120103325,,ERROR_PROCESSING,,,
158324245,,ERROR_PROCESSING,,,
121112251,,ERROR_PROCESSING,,,
416267321,,ERROR_PROCESSING,,,
274198958,,ERROR_PROCESSING,,,
120253552,,ERROR_PROCESSING,,,
275570329,,ERROR_PROCESSING,,,
299032847,,ERROR_PROCESSING,,,
122596693,,ERROR_PROCESSING,,,
170646917,,ERROR_PROCESSING,,,
272601000,,ERROR_PROCESSING,,,
170346516,,ERROR_PROCESSING,,,
63069779,,ERROR_PROCESSING,,,
48304653,,ERROR_PROCESSING,,,
350737935,,ERROR_PROCESSING,,,
63293562,,ERROR_PROCESSING,,,
164527695,,ERROR_PROCESSING,,,
158725491,,ERROR_PROCESSING,,,
122298677,,ERROR_PROCESSING,,,
63000832,,ERROR_PROCESSING,,,
159521326,,ERROR_PROCESSING,,,
48132154,,ERROR_PROCESSING,,,
239287963,,ERROR_PROCESSING,,,
121660708,,ERROR_PROCESSING,,,
27082730,,ERROR_PROCESSING,,,
27846348,,ERROR_PROCESSING,,,
273685548,,ERROR_PROCESSING,,,
399911496,,ERROR_PROCESSING,,,
171510762,,ERROR_PROCESSING,,,
123447592,,ERROR_PROCESSING,,,
27639443,,ERROR_PROCESSING,,,
298837729,,ERROR_PROCESSING,,,
137556626,,ERROR_PROCESSING,,,
164414655,,ERROR_PROCESSING,,,
138569990,,ERROR_PROCESSING,,,
159654016,,ERROR_PROCESSING,,,
158625100,,ERROR_PROCESSING,,,
351072172,,ERROR_PROCESSING,,,
48354224,,ERROR_PROCESSING,,,
377781254,,ERROR_PROCESSING,,,
27846759,,ERROR_PROCESSING,,,
164891054,,ERROR_PROCESSING,,,
417659078,,ERROR_PROCESSING,,,
237158274,,ERROR_PROCESSING,,,
275571117,,ERROR_PROCESSING,,,
170236331,,ERROR_PROCESSING,,,
63122176,,ERROR_PROCESSING,,,
159649503,,ERROR_PROCESSING,,,
275573295,,ERROR_PROCESSING,,,
164781116,,ERROR_PROCESSING,,,
158789121,,ERROR_PROCESSING,,,
159106207,,ERROR_PROCESSING,,,
164522726,,ERROR_PROCESSING,,,
394172692,,ERROR_PROCESSING,,,
27912642,,ERROR_PROCESSING,,,
158840828,,ERROR_PROCESSING,,,
270611154,,ERROR_PROCESSING,,,
299160628,,ERROR_PROCESSING,,,
164786172,,ERROR_PROCESSING,,,
158326424,,ERROR_PROCESSING,,,
26656435,,ERROR_PROCESSING,,,
122780849,,ERROR_PROCESSING,,,
27847814,,ERROR_PROCESSING,,,
27186509,,ERROR_PROCESSING,,,
123447592,,ERROR_PROCESSING,,,
123316380,,ERROR_PROCESSING,,,
139104940,,ERROR_PROCESSING,,,
158559417,,ERROR_PROCESSING,,,
164652245,,ERROR_PROCESSING,,,
159386728,,ERROR_PROCESSING,,,
271669616,,ERROR_PROCESSING,,,
63120970,,ERROR_PROCESSING,,,
168816237,,ERROR_PROCESSING,,,
399954349,,ERROR_PROCESSING,,,
237158408,,ERROR_PROCESSING,,,
298834019,,ERROR_PROCESSING,,,
399821807,,ERROR_PROCESSING,,,
120578688,,ERROR_PROCESSING,,,
243272677,,ERROR_PROCESSING,,,
48217457,,ERROR_PROCESSING,,,
399912169,,ERROR_PROCESSING,,,
279913760,,ERROR_PROCESSING,,,
377782430,,ERROR_PROCESSING,,,
158489095,,ERROR_PROCESSING,,,
158839043,,ERROR_PROCESSING,,,
26815908,,ERROR_PROCESSING,,,
120253745,,ERROR_PROCESSING,,,
123357864,,ERROR_PROCESSING,,,
63452310,,ERROR_PROCESSING,,,
274198407,,ERROR_PROCESSING,,,
158324245,,ERROR_PROCESSING,,,
268604331,,ERROR_PROCESSING,,,
270611599,,ERROR_PROCESSING,,,
121395761,,ERROR_PROCESSING,,,
123451768,,ERROR_PROCESSING,,,
164832454,,ERROR_PROCESSING,,,
137318075,,ERROR_PROCESSING,,,
121327187,,ERROR_PROCESSING,,,
272078218,,ERROR_PROCESSING,,,
377780790,,ERROR_PROCESSING,,,
137686948,,ERROR_PROCESSING,,,
290032428,,ERROR_PROCESSING,,,
169462917,,ERROR_PROCESSING,,,
271752712,,ERROR_PROCESSING,,,
27529656,,ERROR_PROCESSING,,,
417655814,,ERROR_PROCESSING,,,
27006192,,ERROR_PROCESSING,,,
63074840,,ERROR_PROCESSING,,,
273681580,,ERROR_PROCESSING,,,
407001624,,ERROR_PROCESSING,,,
27990682,,ERROR_PROCESSING,,,
271424111,,ERROR_PROCESSING,,,
123359347,,ERROR_PROCESSING,,,
184471242,,ERROR_PROCESSING,,,
164785771,,ERROR_PROCESSING,,,
63076026,,ERROR_PROCESSING,,,
138575125,,ERROR_PROCESSING,,,
417660218,,ERROR_PROCESSING,,,
121123361,,ERROR_PROCESSING,,,
267669725,,ERROR_PROCESSING,,,
267570317,,ERROR_PROCESSING,,,
405717754,,ERROR_PROCESSING,,,
27769688,,ERROR_PROCESSING,,,
272173269,,ERROR_PROCESSING,,,
159439931,,ERROR_PROCESSING,,,
270615037,,ERROR_PROCESSING,,,
63366291,,ERROR_PROCESSING,,,
28448998,,ERROR_PROCESSING,,,
298897924,,ERROR_PROCESSING,,,
273377282,,ERROR_PROCESSING,,,
394176812,,ERROR_PROCESSING,,,
267749737,,ERROR_PROCESSING,,,
121113728,,ERROR_PROCESSING,,,
158422963,,ERROR_PROCESSING,,,
268712158,,ERROR_PROCESSING,,,
270956861,,ERROR_PROCESSING,,,
158386680,,ERROR_PROCESSING,,,
48217265,,ERROR_PROCESSING,,,
27397848,,ERROR_PROCESSING,,,
27531854,,ERROR_PROCESSING,,,
268924036,,ERROR_PROCESSING,,,
63066101,,ERROR_PROCESSING,,,
122682249,,ERROR_PROCESSING,,,
159768168,,ERROR_PROCESSING,,,
272844987,,ERROR_PROCESSING,,,
273875635,,ERROR_PROCESSING,,,
122066892,,ERROR_PROCESSING,,,
184167421,,ERROR_PROCESSING,,,
271354748,,ERROR_PROCESSING,,,
352013607,,ERROR_PROCESSING,,,
164525743,,ERROR_PROCESSING,,,
138036531,,ERROR_PROCESSING,,,
48503881,,ERROR_PROCESSING,,,
279915521,,ERROR_PROCESSING,,,
121121775,,ERROR_PROCESSING,,,
158559018,,ERROR_PROCESSING,,,
48448415,,ERROR_PROCESSING,,,
164886497,,ERROR_PROCESSING,,,
63283780,,ERROR_PROCESSING,,,
164646661,,ERROR_PROCESSING,,,
120418600,,ERROR_PROCESSING,,,
273373488,,ERROR_PROCESSING,,,
272840455,,ERROR_PROCESSING,,,
399822422,,ERROR_PROCESSING,,,
158657354,,ERROR_PROCESSING,,,
48131702,,ERROR_PROCESSING,,,
159581434,,ERROR_PROCESSING,,,
270615136,,ERROR_PROCESSING,,,
273499989,,ERROR_PROCESSING,,,
273383120,,ERROR_PROCESSING,,,
27645404,,ERROR_PROCESSING,,,
120578688,,ERROR_PROCESSING,,,
27914389,,ERROR_PROCESSING,,,
164460208,,ERROR_PROCESSING,,,
158394286,,ERROR_PROCESSING,,,
271052158,,ERROR_PROCESSING,,,
48217457,,ERROR_PROCESSING,,,
271354634,,ERROR_PROCESSING,,,
164827658,,ERROR_PROCESSING,,,
299161524,,ERROR_PROCESSING,,,
269262974,,ERROR_PROCESSING,,,
158561566,,ERROR_PROCESSING,,,
424815791,,ERROR_PROCESSING,,,
48353902,,ERROR_PROCESSING,,,
159441621,,ERROR_PROCESSING,,,
138430034,,ERROR_PROCESSING,,,
63372898,,ERROR_PROCESSING,,,
158635959,,ERROR_PROCESSING,,,
270954695,,ERROR_PROCESSING,,,
270698316,,ERROR_PROCESSING,,,
27006192,,ERROR_PROCESSING,,,
417655814,,ERROR_PROCESSING,,,
279917005,,ERROR_PROCESSING,,,
138099276,,ERROR_PROCESSING,,,
27988995,,ERROR_PROCESSING,,,
271158747,,ERROR_PROCESSING,,,
164556761,,ERROR_PROCESSING,,,
273378026,,ERROR_PROCESSING,,,
63214717,,ERROR_PROCESSING,,,
351190880,,ERROR_PROCESSING,,,
1717079071,,ERROR_PROCESSING,,,
377915758,,ERROR_PROCESSING,,,
158114249,,ERROR_PROCESSING,,,
137316027,,ERROR_PROCESSING,,,
299158566,,ERROR_PROCESSING,,,
270611401,,ERROR_PROCESSING,,,
123409401,,ERROR_PROCESSING,,,
28227113,,ERROR_PROCESSING,,,
122706631,,ERROR_PROCESSING,,,
158489110,,ERROR_PROCESSING,,,
273507060,,ERROR_PROCESSING,,,
239277658,,ERROR_PROCESSING,,,
121327187,,ERROR_PROCESSING,,,
158729099,,ERROR_PROCESSING,,,
158725179,,ERROR_PROCESSING,,,
123490545,,ERROR_PROCESSING,,,
240178935,,ERROR_PROCESSING,,,
137154728,,ERROR_PROCESSING,,,
271881331,,ERROR_PROCESSING,,,
137817355,,ERROR_PROCESSING,,,
159172027,,ERROR_PROCESSING,,,
170647523,,ERROR_PROCESSING,,,
164778883,,ERROR_PROCESSING,,,
351898154,,ERROR_PROCESSING,,,
63452790,,ERROR_PROCESSING,,,
158270511,,ERROR_PROCESSING,,,
399826741,,ERROR_PROCESSING,,,
48421060,,ERROR_PROCESSING,,,
351910733,,ERROR_PROCESSING,,,
120315006,,ERROR_PROCESSING,,,
168812474,,ERROR_PROCESSING,,,
271354351,,ERROR_PROCESSING,,,
269263577,,ERROR_PROCESSING,,,
122293639,,ERROR_PROCESSING,,,
120692092,,ERROR_PROCESSING,,,
268612521,,ERROR_PROCESSING,,,
417660580,,ERROR_PROCESSING,,,
137637249,,ERROR_PROCESSING,,,
279917282,,ERROR_PROCESSING,,,
172372582,,ERROR_PROCESSING,,,
164525875,,ERROR_PROCESSING,,,
159578156,,ERROR_PROCESSING,,,
27532033,,ERROR_PROCESSING,,,
164559875,,ERROR_PROCESSING,,,
121123361,,ERROR_PROCESSING,,,
164727439,,ERROR_PROCESSING,,,
120420633,,ERROR_PROCESSING,,,
405717754,,ERROR_PROCESSING,,,
270700335,,ERROR_PROCESSING,,,
137685450,,ERROR_PROCESSING,,,
159725995,,ERROR_PROCESSING,,,
120252452,,ERROR_PROCESSING,,,
159379942,,ERROR_PROCESSING,,,
120821730,,ERROR_PROCESSING,,,
122376177,,ERROR_PROCESSING,,,
120422519,,ERROR_PROCESSING,,,
350811132,,ERROR_PROCESSING,,,
416282268,,ERROR_PROCESSING,,,
159647910,,ERROR_PROCESSING,,,
169082553,,ERROR_PROCESSING,,,
159642269,,ERROR_PROCESSING,,,
63283780,,ERROR_PROCESSING,,,
239229224,,ERROR_PROCESSING,,,
271662623,,ERROR_PROCESSING,,,
243271945,,ERROR_PROCESSING,,,
159652365,,ERROR_PROCESSING,,,
164458714,,ERROR_PROCESSING,,,
352012975,,ERROR_PROCESSING,,,
122137575,,ERROR_PROCESSING,,,
138297190,,ERROR_PROCESSING,,,
139155506,,ERROR_PROCESSING,,,
272715773,,ERROR_PROCESSING,,,
123415819,,ERROR_PROCESSING,,,
121121775,,ERROR_PROCESSING,,,
405719110,,ERROR_PROCESSING,,,
164836049,,ERROR_PROCESSING,,,
275490218,,ERROR_PROCESSING,,,
399953998,,ERROR_PROCESSING,,,
123408849,,ERROR_PROCESSING,,,
26541093,,ERROR_PROCESSING,,,
158269049,,ERROR_PROCESSING,,,
164670756,,ERROR_PROCESSING,,,
158217620,,ERROR_PROCESSING,,,
273035189,,ERROR_PROCESSING,,,
267749620,,ERROR_PROCESSING,,,
63211674,,ERROR_PROCESSING,,,
279915941,,ERROR_PROCESSING,,,
158325998,,ERROR_PROCESSING,,,
239287622,,ERROR_PROCESSING,,,
123449386,,ERROR_PROCESSING,,,
158722379,,ERROR_PROCESSING,,,
184998205,,ERROR_PROCESSING,,,
120891972,,ERROR_PROCESSING,,,
164464070,,ERROR_PROCESSING,,,
48506505,,ERROR_PROCESSING,,,
164830167,,ERROR_PROCESSING,,,
48131702,,ERROR_PROCESSING,,,
120317833,,ERROR_PROCESSING,,,
272282253,,ERROR_PROCESSING,,,
273373488,,ERROR_PROCESSING,,,
159180076,,ERROR_PROCESSING,,,
271760755,,ERROR_PROCESSING,,,
120253552,,ERROR_PROCESSING,,,
271261159,,ERROR_PROCESSING,,,
237157859,,ERROR_PROCESSING,,,
138568416,,ERROR_PROCESSING,,,
120103325,,ERROR_PROCESSING,,,
158559018,,ERROR_PROCESSING,,,
27239856,,ERROR_PROCESSING,,,
122447780,,ERROR_PROCESSING,,,
352007758,,ERROR_PROCESSING,,,
158114000,,ERROR_PROCESSING,,,
158626833,,ERROR_PROCESSING,,,
164730843,,ERROR_PROCESSING,,,
137151335,,ERROR_PROCESSING,,,
272597130,,ERROR_PROCESSING,,,
273234664,,ERROR_PROCESSING,,,
120499135,,ERROR_PROCESSING,,,
164527695,,ERROR_PROCESSING,,,
271661839,,ERROR_PROCESSING,,,
121124617,,ERROR_PROCESSING,,,
158170594,,ERROR_PROCESSING,,,
27240404,,ERROR_PROCESSING,,,
270956861,,ERROR_PROCESSING,,,
271351820,,ERROR_PROCESSING,,,
120892579,,ERROR_PROCESSING,,,
48354224,,ERROR_PROCESSING,,,
63368895,,ERROR_PROCESSING,,,
270619260,,ERROR_PROCESSING,,,
158422963,,ERROR_PROCESSING,,,
164886812,,ERROR_PROCESSING,,,
158320130,,ERROR_PROCESSING,,,
27458633,,ERROR_PROCESSING,,,
158216580,,ERROR_PROCESSING,,,
164830162,,ERROR_PROCESSING,,,
164414655,,ERROR_PROCESSING,,,
63366291,,ERROR_PROCESSING,,,
350814622,,ERROR_PROCESSING,,,
299153388,,ERROR_PROCESSING,,,
27649203,,ERROR_PROCESSING,,,
267570317,,ERROR_PROCESSING,,,
158983792,,ERROR_PROCESSING,,,
123129910,,ERROR_PROCESSING,,,
63066410,,ERROR_PROCESSING,,,
138575125,,ERROR_PROCESSING,,,
120105569,,ERROR_PROCESSING,,,
158561894,,ERROR_PROCESSING,,,
158555483,,ERROR_PROCESSING,,,
271424111,,ERROR_PROCESSING,,,
184471242,,ERROR_PROCESSING,,,
121603086,,ERROR_PROCESSING,,,
137411481,,ERROR_PROCESSING,,,
121731834,,ERROR_PROCESSING,,,
159301821,,ERROR_PROCESSING,,,
377781254,,ERROR_PROCESSING,,,
137099260,,ERROR_PROCESSING,,,
164785720,,ERROR_PROCESSING,,,
63068329,,ERROR_PROCESSING,,,
27766596,,ERROR_PROCESSING,,,
120576846,,ERROR_PROCESSING,,,
122597885,,ERROR_PROCESSING,,,
63074840,,ERROR_PROCESSING,,,
137683938,,ERROR_PROCESSING,,,
299029323,,ERROR_PROCESSING,,,
299158887,,ERROR_PROCESSING,,,
48528473,,ERROR_PROCESSING,,,
158489841,,ERROR_PROCESSING,,,
158270841,,ERROR_PROCESSING,,,
258202336,,ERROR_PROCESSING,,,
159451957,,ERROR_PROCESSING,,,
169462917,,ERROR_PROCESSING,,,
164654277,,ERROR_PROCESSING,,,
27082352,,ERROR_PROCESSING,,,
268379849,,ERROR_PROCESSING,,,
138299395,,ERROR_PROCESSING,,,
48304460,,ERROR_PROCESSING,,,
267748934,,ERROR_PROCESSING,,,
164832454,,ERROR_PROCESSING,,,
27846348,,ERROR_PROCESSING,,,
377780790,,ERROR_PROCESSING,,,
258203566,,ERROR_PROCESSING,,,
164892194,,ERROR_PROCESSING,,,
270781284,,ERROR_PROCESSING,,,
264508835,,ERROR_PROCESSING,,,
184299435,,ERROR_PROCESSING,,,
268604331,,ERROR_PROCESSING,,,
26815908,,ERROR_PROCESSING,,,
164458639,,ERROR_PROCESSING,,,
27914389,,ERROR_PROCESSING,,,
377782430,,ERROR_PROCESSING,,,
270854411,,ERROR_PROCESSING,,,
48504464,,ERROR_PROCESSING,,,
399912169,,ERROR_PROCESSING,,,
377871791,,ERROR_PROCESSING,,,
159646433,,ERROR_PROCESSING,,,
399826842,,ERROR_PROCESSING,,,
159050852,,ERROR_PROCESSING,,,
63120970,,ERROR_PROCESSING,,,
164828023,,ERROR_PROCESSING,,,
270704515,,ERROR_PROCESSING,,,
123447592,,ERROR_PROCESSING,,,
158559417,,ERROR_PROCESSING,,,
120105633,,ERROR_PROCESSING,,,
123357893,,ERROR_PROCESSING,,,
264507945,,ERROR_PROCESSING,,,
121214185,,ERROR_PROCESSING,,,
27082730,,ERROR_PROCESSING,,,
158840828,,ERROR_PROCESSING,,,
416282121,,ERROR_PROCESSING,,,
28089143,,ERROR_PROCESSING,,,
48506505,,ERROR_PROCESSING,,,
121275496,,ERROR_PROCESSING,,,
121124617,,ERROR_PROCESSING,,,
158722379,,ERROR_PROCESSING,,,
267667295,,ERROR_PROCESSING,,,
164671623,,ERROR_PROCESSING,,,
138366498,,ERROR_PROCESSING,,,
27649203,,ERROR_PROCESSING,,,
63211674,,ERROR_PROCESSING,,,
273036401,,ERROR_PROCESSING,,,
26541093,,ERROR_PROCESSING,,,
298969755,,ERROR_PROCESSING,,,
158427808,,ERROR_PROCESSING,,,
416283848,,ERROR_PROCESSING,,,
351801933,,ERROR_PROCESSING,,,
158633329,,ERROR_PROCESSING,,,
352012975,,ERROR_PROCESSING,,,
138297190,,ERROR_PROCESSING,,,
120317833,,ERROR_PROCESSING,,,
47976987,,ERROR_PROCESSING,,,
48305629,,ERROR_PROCESSING,,,
271662623,,ERROR_PROCESSING,,,
120314731,,ERROR_PROCESSING,,,
159642269,,ERROR_PROCESSING,,,
122062591,,ERROR_PROCESSING,,,
123417850,,ERROR_PROCESSING,,,
121214078,,ERROR_PROCESSING,,,
169466684,,ERROR_PROCESSING,,,
121731834,,ERROR_PROCESSING,,,
122063843,,ERROR_PROCESSING,,,
120355363,,ERROR_PROCESSING,,,
269032792,,ERROR_PROCESSING,,,
164555597,,ERROR_PROCESSING,,,
164671591,,ERROR_PROCESSING,,,
164828419,,ERROR_PROCESSING,,,
164407908,,ERROR_PROCESSING,,,
399860444,,ERROR_PROCESSING,,,
137685450,,ERROR_PROCESSING,,,
26817863,,ERROR_PROCESSING,,,
270700432,,ERROR_PROCESSING,,,
416279912,,ERROR_PROCESSING,,,
270700335,,ERROR_PROCESSING,,,
48450369,,ERROR_PROCESSING,,,
158984573,,ERROR_PROCESSING,,,
158386765,,ERROR_PROCESSING,,,
158552426,,ERROR_PROCESSING,,,
172372582,,ERROR_PROCESSING,,,
63368895,,ERROR_PROCESSING,,,
351803452,,ERROR_PROCESSING,,,
27912377,,ERROR_PROCESSING,,,
417659456,,ERROR_PROCESSING,,,
239285770,,ERROR_PROCESSING,,,
27686898,,ERROR_PROCESSING,,,
351910733,,ERROR_PROCESSING,,,
158625964,,ERROR_PROCESSING,,,
273045068,,ERROR_PROCESSING,,,
271164778,,ERROR_PROCESSING,,,
158215023,,ERROR_PROCESSING,,,
279917678,,ERROR_PROCESSING,,,
122451550,,ERROR_PROCESSING,,,
137817355,,ERROR_PROCESSING,,,
164560648,,ERROR_PROCESSING,,,
170647523,,ERROR_PROCESSING,,,
122680921,,ERROR_PROCESSING,,,
264507945,,ERROR_PROCESSING,,,
48217868,,ERROR_PROCESSING,,,
336266673,,ERROR_PROCESSING,,,
273036122,,ERROR_PROCESSING,,,
158729099,,ERROR_PROCESSING,,,
159054620,,ERROR_PROCESSING,,,
159580535,,ERROR_PROCESSING,,,
239277658,,ERROR_PROCESSING,,,
275494505,,ERROR_PROCESSING,,,
299158566,,ERROR_PROCESSING,,,
270611401,,ERROR_PROCESSING,,,
158272257,,ERROR_PROCESSING,,,
239225129,,ERROR_PROCESSING,,,
399951991,,ERROR_PROCESSING,,,
48419201,,ERROR_PROCESSING,,,
158630552,,ERROR_PROCESSING,,,
299089652,,ERROR_PROCESSING,,,
48353358,,ERROR_PROCESSING,,,
279917005,,ERROR_PROCESSING,,,
27006192,,ERROR_PROCESSING,,,
138479461,,ERROR_PROCESSING,,,
48421337,,ERROR_PROCESSING,,,
169078948,,ERROR_PROCESSING,,,
270698316,,ERROR_PROCESSING,,,
123231081,,ERROR_PROCESSING,,,
120688631,,ERROR_PROCESSING,,,
48353203,,ERROR_PROCESSING,,,
258349285,,ERROR_PROCESSING,,,
406997913,,ERROR_PROCESSING,,,
158635959,,ERROR_PROCESSING,,,
164721759,,ERROR_PROCESSING,,,
159441621,,ERROR_PROCESSING,,,
120961712,,ERROR_PROCESSING,,,
264508835,,ERROR_PROCESSING,,,
121785939,,ERROR_PROCESSING,,,
271354634,,ERROR_PROCESSING,,,
270779644,,ERROR_PROCESSING,,,
158394286,,ERROR_PROCESSING,,,
27914389,,ERROR_PROCESSING,,,
298785034,,ERROR_PROCESSING,,,
170251516,,ERROR_PROCESSING,,,
26751240,,ERROR_PROCESSING,,,
159763602,,ERROR_PROCESSING,,,
271347291,,ERROR_PROCESSING,,,
399860388,,ERROR_PROCESSING,,,
164830907,,ERROR_PROCESSING,,,
120689253,,ERROR_PROCESSING,,,
159225841,,ERROR_PROCESSING,,,
120420633,,ERROR_PROCESSING,,,
272838324,,ERROR_PROCESSING,,,
272944301,,ERROR_PROCESSING,,,
27455225,,ERROR_PROCESSING,,,
417676802,,ERROR_PROCESSING,,,
139034625,,ERROR_PROCESSING,,,
272942844,,ERROR_PROCESSING,,,
123357476,,ERROR_PROCESSING,,,
28227113,,ERROR_PROCESSING,,,
138425797,,ERROR_PROCESSING,,,
271428166,,ERROR_PROCESSING,,,
120103486,,ERROR_PROCESSING,,,
138366224,,ERROR_PROCESSING,,,
120422519,,ERROR_PROCESSING,,,
274031725,,ERROR_PROCESSING,,,
272942100,,ERROR_PROCESSING,,,
26474039,,ERROR_PROCESSING,,,
123492903,,ERROR_PROCESSING,,,
138960099,,ERROR_PROCESSING,,,
27845000,,ERROR_PROCESSING,,,
158556108,,ERROR_PROCESSING,,,
272279981,,ERROR_PROCESSING,,,
416267321,,ERROR_PROCESSING,,,
139036554,,ERROR_PROCESSING,,,
120819731,,ERROR_PROCESSING,,,
158317637,,ERROR_PROCESSING,,,
158213683,,ERROR_PROCESSING,,,
399913391,,ERROR_PROCESSING,,,
184426431,,ERROR_PROCESSING,,,
272488625,,ERROR_PROCESSING,,,
399954605,,ERROR_PROCESSING,,,
48419097,,ERROR_PROCESSING,,,
120042965,,ERROR_PROCESSING,,,
137638020,,ERROR_PROCESSING,,,
27846759,,ERROR_PROCESSING,,,
159449495,,ERROR_PROCESSING,,,
298892283,,ERROR_PROCESSING,,,
123416515,,ERROR_PROCESSING,,,
164723619,,ERROR_PROCESSING,,,
377908774,,ERROR_PROCESSING,,,
378085037,,ERROR_PROCESSING,,,
394172596,,ERROR_PROCESSING,,,
406952542,,ERROR_PROCESSING,,,
158796434,,ERROR_PROCESSING,,,
350812580,,ERROR_PROCESSING,,,
159175206,,ERROR_PROCESSING,,,
121276933,,ERROR_PROCESSING,,,
270521439,,ERROR_PROCESSING,,,
137096633,,ERROR_PROCESSING,,,
137899873,,ERROR_PROCESSING,,,
279915745,,ERROR_PROCESSING,,,
271042217,,ERROR_PROCESSING,,,
122441491,,ERROR_PROCESSING,,,
273234825,,ERROR_PROCESSING,,,
137402055,,ERROR_PROCESSING,,,
138569175,,ERROR_PROCESSING,,,
158983401,,ERROR_PROCESSING,,,
123408849,,ERROR_PROCESSING,,,
120768052,,ERROR_PROCESSING,,,
63373449,,ERROR_PROCESSING,,,
121786630,,ERROR_PROCESSING,,,
120825510,,ERROR_PROCESSING,,,
120577770,,ERROR_PROCESSING,,,
120973167,,ERROR_PROCESSING,,,
158561566,,ERROR_PROCESSING,,,
121215333,,ERROR_PROCESSING,,,
27187450,,ERROR_PROCESSING,,,
121604440,,ERROR_PROCESSING,,,
164830125,,ERROR_PROCESSING,,,
184417262,,ERROR_PROCESSING,,,
164725204,,ERROR_PROCESSING,,,
121114997,,ERROR_PROCESSING,,,
121734202,,ERROR_PROCESSING,,,
273131025,,ERROR_PROCESSING,,,
273047792,,ERROR_PROCESSING,,,
158931258,,ERROR_PROCESSING,,,
299218299,,ERROR_PROCESSING,,,
271538318,,ERROR_PROCESSING,,,
158665380,,ERROR_PROCESSING,,,
298834402,,ERROR_PROCESSING,,,
351803524,,ERROR_PROCESSING,,,
271546110,,ERROR_PROCESSING,,,
273231214,,ERROR_PROCESSING,,,
1717079066,,ERROR_PROCESSING,,,
138216186,,ERROR_PROCESSING,,,
122225232,,ERROR_PROCESSING,,,
27766705,,ERROR_PROCESSING,,,
164786087,,ERROR_PROCESSING,,,
273873718,,ERROR_PROCESSING,,,
123490545,,ERROR_PROCESSING,,,
279918915,,ERROR_PROCESSING,,,
137340986,,ERROR_PROCESSING,,,
159393734,,ERROR_PROCESSING,,,
27990610,,ERROR_PROCESSING,,,
123408863,,ERROR_PROCESSING,,,
399860218,,ERROR_PROCESSING,,,
158433884,,ERROR_PROCESSING,,,
138433618,,ERROR_PROCESSING,,,
26751527,,ERROR_PROCESSING,,,
239309962,,ERROR_PROCESSING,,,
270958237,,ERROR_PROCESSING,,,
273376082,,ERROR_PROCESSING,,,
299087490,,ERROR_PROCESSING,,,
184300256,,ERROR_PROCESSING,,,
272083995,,ERROR_PROCESSING,,,
274020852,,ERROR_PROCESSING,,,
158551360,,ERROR_PROCESSING,,,
351192037,,ERROR_PROCESSING,,,
273778951,,ERROR_PROCESSING,,,
120762990,,ERROR_PROCESSING,,,
417657148,,ERROR_PROCESSING,,,
298896336,,ERROR_PROCESSING,,,
48451130,,ERROR_PROCESSING,,,
164884002,,ERROR_PROCESSING,,,
272496083,,ERROR_PROCESSING,,,
159226052,,ERROR_PROCESSING,,,
351898154,,ERROR_PROCESSING,,,
120105470,,ERROR_PROCESSING,,,
164884235,,ERROR_PROCESSING,,,
272843763,,ERROR_PROCESSING,,,
158274583,,ERROR_PROCESSING,,,
138431008,,ERROR_PROCESSING,,,
121276638,,ERROR_PROCESSING,,,
122441003,,ERROR_PROCESSING,,,
271537790,,ERROR_PROCESSING,,,
158268972,,ERROR_PROCESSING,,,
417676990,,ERROR_PROCESSING,,,
158789121,,ERROR_PROCESSING,,,
121944984,,ERROR_PROCESSING,,,
137410211,,ERROR_PROCESSING,,,
164781116,,ERROR_PROCESSING,,,
121021644,,ERROR_PROCESSING,,,
63122176,,ERROR_PROCESSING,,,
164833065,,ERROR_PROCESSING,,,
164459883,,ERROR_PROCESSING,,,
27846759,,ERROR_PROCESSING,,,
243271051,,ERROR_PROCESSING,,,
123410927,,ERROR_PROCESSING,,,
137152419,,ERROR_PROCESSING,,,
351072172,,ERROR_PROCESSING,,,
26491504,,ERROR_PROCESSING,,,
138959504,,ERROR_PROCESSING,,,
351908051,,ERROR_PROCESSING,,,
158625100,,ERROR_PROCESSING,,,
158416263,,ERROR_PROCESSING,,,
164458488,,ERROR_PROCESSING,,,
169175503,,ERROR_PROCESSING,,,
138425797,,ERROR_PROCESSING,,,
159654016,,ERROR_PROCESSING,,,
63212809,,ERROR_PROCESSING,,,
268603980,,ERROR_PROCESSING,,,
48217852,,ERROR_PROCESSING,,,
299159378,,ERROR_PROCESSING,,,
137402055,,ERROR_PROCESSING,,,
239287963,,ERROR_PROCESSING,,,
27846348,,ERROR_PROCESSING,,,
377780790,,ERROR_PROCESSING,,,
48132154,,ERROR_PROCESSING,,,
159521326,,ERROR_PROCESSING,,,
272279290,,ERROR_PROCESSING,,,
272843289,,ERROR_PROCESSING,,,
138036952,,ERROR_PROCESSING,,,
164522394,,ERROR_PROCESSING,,,
27186509,,ERROR_PROCESSING,,,
121276933,,ERROR_PROCESSING,,,
299087968,,ERROR_PROCESSING,,,
164881786,,ERROR_PROCESSING,,,
63293562,,ERROR_PROCESSING,,,
159520040,,ERROR_PROCESSING,,,
399825584,,ERROR_PROCESSING,,,
137899873,,ERROR_PROCESSING,,,
27455225,,ERROR_PROCESSING,,,
170646917,,ERROR_PROCESSING,,,
272180958,,ERROR_PROCESSING,,,
272601000,,ERROR_PROCESSING,,,
171971913,,ERROR_PROCESSING,,,
164646534,,ERROR_PROCESSING,,,
27084006,,ERROR_PROCESSING,,,
299220166,,ERROR_PROCESSING,,,
164525250,,ERROR_PROCESSING,,,
164525743,,ERROR_PROCESSING,,,
399825554,,ERROR_PROCESSING,,,
416267321,,ERROR_PROCESSING,,,
28159194,,ERROR_PROCESSING,,,
158213683,,ERROR_PROCESSING,,,
351191396,,ERROR_PROCESSING,,,
164555061,,ERROR_PROCESSING,,,
272944990,,ERROR_PROCESSING,,,
63001143,,ERROR_PROCESSING,,,
26961231,,ERROR_PROCESSING,,,
158625761,,ERROR_PROCESSING,,,
27397848,,ERROR_PROCESSING,,,
159301148,,ERROR_PROCESSING,,,
164999822,,ERROR_PROCESSING,,,
273873718,,ERROR_PROCESSING,,,
121457557,,ERROR_PROCESSING,,,
138096962,,ERROR_PROCESSING,,,
268481319,,ERROR_PROCESSING,,,
273592336,,ERROR_PROCESSING,,,
271159950,,ERROR_PROCESSING,,,
123499118,,ERROR_PROCESSING,,,
63370825,,ERROR_PROCESSING,,,
351192037,,ERROR_PROCESSING,,,
271348323,,ERROR_PROCESSING,,,
122784501,,ERROR_PROCESSING,,,
243272677,,ERROR_PROCESSING,,,
399954349,,ERROR_PROCESSING,,,
272172942,,ERROR_PROCESSING,,,
279913347,,ERROR_PROCESSING,,,
158989438,,ERROR_PROCESSING,,,
164784178,,ERROR_PROCESSING,,,
26814296,,ERROR_PROCESSING,,,
159225367,,ERROR_PROCESSING,,,
48505882,,ERROR_PROCESSING,,,
184085929,,ERROR_PROCESSING,,,
272836943,,ERROR_PROCESSING,,,
26751563,,ERROR_PROCESSING,,,
121276638,,ERROR_PROCESSING,,,
138297129,,ERROR_PROCESSING,,,
158394479,,ERROR_PROCESSING,,,
158489095,,ERROR_PROCESSING,,,
405688133,,ERROR_PROCESSING,,,
272597196,,ERROR_PROCESSING,,,
26656768,,ERROR_PROCESSING,,,
350814607,,ERROR_PROCESSING,,,
120043084,,ERROR_PROCESSING,,,
185062313,,ERROR_PROCESSING,,,
63282889,,ERROR_PROCESSING,,,
273132601,,ERROR_PROCESSING,,,
138433618,,ERROR_PROCESSING,,,
298897924,,ERROR_PROCESSING,,,
184428068,,ERROR_PROCESSING,,,
121123737,,ERROR_PROCESSING,,,
158170594,,ERROR_PROCESSING,,,
299087490,,ERROR_PROCESSING,,,
159393734,,ERROR_PROCESSING,,,
158792051,,ERROR_PROCESSING,,,
268935452,,ERROR_PROCESSING,,,
158387462,,ERROR_PROCESSING,,,
27396246,,ERROR_PROCESSING,,,
137151335,,ERROR_PROCESSING,,,
298961646,,ERROR_PROCESSING,,,
164522394,,ERROR_PROCESSING,,,
272716728,,ERROR_PROCESSING,,,
237189544,,ERROR_PROCESSING,,,
48353358,,ERROR_PROCESSING,,,
298897851,,ERROR_PROCESSING,,,
137899873,,ERROR_PROCESSING,,,
416266465,,ERROR_PROCESSING,,,
137402055,,ERROR_PROCESSING,,,
164828012,,ERROR_PROCESSING,,,
258349285,,ERROR_PROCESSING,,,
137401986,,ERROR_PROCESSING,,,
159098316,,ERROR_PROCESSING,,,
264508613,,ERROR_PROCESSING,,,
27390527,,ERROR_PROCESSING,,,
48421337,,ERROR_PROCESSING,,,
399956098,,ERROR_PROCESSING,,,
270705374,,ERROR_PROCESSING,,,
137484431,,ERROR_PROCESSING,,,
164557035,,ERROR_PROCESSING,,,
120686620,,ERROR_PROCESSING,,,
378085037,,ERROR_PROCESSING,,,
258203303,,ERROR_PROCESSING,,,
243271945,,ERROR_PROCESSING,,,
184426431,,ERROR_PROCESSING,,,
267989857,,ERROR_PROCESSING,,,
138297607,,ERROR_PROCESSING,,,
27187218,,ERROR_PROCESSING,,,
164555597,,ERROR_PROCESSING,,,
159217349,,ERROR_PROCESSING,,,
158561566,,ERROR_PROCESSING,,,
48131596,,ERROR_PROCESSING,,,
138960099,,ERROR_PROCESSING,,,
123416515,,ERROR_PROCESSING,,,
121215710,,ERROR_PROCESSING,,,
272942100,,ERROR_PROCESSING,,,
237188565,,ERROR_PROCESSING,,,
158434144,,ERROR_PROCESSING,,,
159217436,,ERROR_PROCESSING,,,
158551888,,ERROR_PROCESSING,,,
122680921,,ERROR_PROCESSING,,,
417676990,,ERROR_PROCESSING,,,
121786521,,ERROR_PROCESSING,,,
158486560,,ERROR_PROCESSING,,,
275494505,,ERROR_PROCESSING,,,
158843824,,ERROR_PROCESSING,,,
48304302,,ERROR_PROCESSING,,,
336266673,,ERROR_PROCESSING,,,
158270568,,ERROR_PROCESSING,,,
48419201,,ERROR_PROCESSING,,,
137152419,,ERROR_PROCESSING,,,
138641300,,ERROR_PROCESSING,,,
48450369,,ERROR_PROCESSING,,,
27992902,,ERROR_PROCESSING,,,
271347296,,ERROR_PROCESSING,,,
123357476,,ERROR_PROCESSING,,,
138425797,,ERROR_PROCESSING,,,
272839596,,ERROR_PROCESSING,,,
271539239,,ERROR_PROCESSING,,,
159721091,,ERROR_PROCESSING,,,
158551360,,ERROR_PROCESSING,,,
159377404,,ERROR_PROCESSING,,,
268160366,,ERROR_PROCESSING,,,
121602473,,ERROR_PROCESSING,,,
298896336,,ERROR_PROCESSING,,,
123417850,,ERROR_PROCESSING,,,
159216808,,ERROR_PROCESSING,,,
299217801,,ERROR_PROCESSING,,,
158625964,,ERROR_PROCESSING,,,
158844032,,ERROR_PROCESSING,,,
164884235,,ERROR_PROCESSING,,,
159442087,,ERROR_PROCESSING,,,
158792743,,ERROR_PROCESSING,,,
399794186,,ERROR_PROCESSING,,,
48421060,,ERROR_PROCESSING,,,
120693914,,ERROR_PROCESSING,,,
271046907,,ERROR_PROCESSING,,,
121333305,,ERROR_PROCESSING,,,
184427149,,ERROR_PROCESSING,,,
137900524,,ERROR_PROCESSING,,,
269032792,,ERROR_PROCESSING,,,
121943923,,ERROR_PROCESSING,,,
299028577,,ERROR_PROCESSING,,,
158388625,,ERROR_PROCESSING,,,
351803495,,ERROR_PROCESSING,,,
120627712,,ERROR_PROCESSING,,,
137549134,,ERROR_PROCESSING,,,
273376082,,ERROR_PROCESSING,,,
270958237,,ERROR_PROCESSING,,,
271259677,,ERROR_PROCESSING,,,
27990610,,ERROR_PROCESSING,,,
299218776,,ERROR_PROCESSING,,,
273690178,,ERROR_PROCESSING,,,
299030528,,ERROR_PROCESSING,,,
159726546,,ERROR_PROCESSING,,,
28230011,,ERROR_PROCESSING,,,
26657021,,ERROR_PROCESSING,,,
272719153,,ERROR_PROCESSING,,,
158984573,,ERROR_PROCESSING,,,
158552426,,ERROR_PROCESSING,,,
137636895,,ERROR_PROCESSING,,,
299087490,,ERROR_PROCESSING,,,
159440697,,ERROR_PROCESSING,,,
273873718,,ERROR_PROCESSING,,,
273378908,,ERROR_PROCESSING,,,
123445166,,ERROR_PROCESSING,,,
274030824,,ERROR_PROCESSING,,,
120688631,,ERROR_PROCESSING,,,
1717079066,,ERROR_PROCESSING,,,
138216186,,ERROR_PROCESSING,,,
159642189,,ERROR_PROCESSING,,,
406951266,,ERROR_PROCESSING,,,
273231214,,ERROR_PROCESSING,,,
138968338,,ERROR_PROCESSING,,,
279917005,,ERROR_PROCESSING,,,
171968443,,ERROR_PROCESSING,,,
272179260,,ERROR_PROCESSING,,,
122706051,,ERROR_PROCESSING,,,
159381747,,ERROR_PROCESSING,,,
270521167,,ERROR_PROCESSING,,,
164728985,,ERROR_PROCESSING,,,
122507231,,ERROR_PROCESSING,,,
121022533,,ERROR_PROCESSING,,,
137217372,,ERROR_PROCESSING,,,
168811794,,ERROR_PROCESSING,,,
158552258,,ERROR_PROCESSING,,,
394172596,,ERROR_PROCESSING,,,
416267321,,ERROR_PROCESSING,,,
164525743,,ERROR_PROCESSING,,,
352007758,,ERROR_PROCESSING,,,
158114283,,ERROR_PROCESSING,,,
271046694,,ERROR_PROCESSING,,,
158213683,,ERROR_PROCESSING,,,
275570329,,ERROR_PROCESSING,,,
258203303,,ERROR_PROCESSING,,,
399826842,,ERROR_PROCESSING,,,
272845785,,ERROR_PROCESSING,,,
272601000,,ERROR_PROCESSING,,,
159050852,,ERROR_PROCESSING,,,
120420344,,ERROR_PROCESSING,,,
122441491,,ERROR_PROCESSING,,,
120963454,,ERROR_PROCESSING,,,
399794420,,ERROR_PROCESSING,,,
417679385,,ERROR_PROCESSING,,,
26417717,,ERROR_PROCESSING,,,
272279290,,ERROR_PROCESSING,,,
237157751,,ERROR_PROCESSING,,,
120105633,,ERROR_PROCESSING,,,
123362984,,ERROR_PROCESSING,,,
121603761,,ERROR_PROCESSING,,,
237189544,,ERROR_PROCESSING,,,
351911398,,ERROR_PROCESSING,,,
137683938,,ERROR_PROCESSING,,,
137152419,,ERROR_PROCESSING,,,
272183546,,ERROR_PROCESSING,,,
120495241,,ERROR_PROCESSING,,,
63119782,,ERROR_PROCESSING,,,
123357476,,ERROR_PROCESSING,,,
164414655,,ERROR_PROCESSING,,,
63212809,,ERROR_PROCESSING,,,
123130285,,ERROR_PROCESSING,,,
28230581,,ERROR_PROCESSING,,,
138299395,,ERROR_PROCESSING,,,
26752863,,ERROR_PROCESSING,,,
48354224,,ERROR_PROCESSING,,,
159096688,,ERROR_PROCESSING,,,
123499226,,ERROR_PROCESSING,,,
377781254,,ERROR_PROCESSING,,,
399826020,,ERROR_PROCESSING,,,
271759028,,ERROR_PROCESSING,,,
63009789,,ERROR_PROCESSING,,,
270781284,,ERROR_PROCESSING,,,
417676990,,ERROR_PROCESSING,,,
121943952,,ERROR_PROCESSING,,,
137150039,,ERROR_PROCESSING,,,
258203566,,ERROR_PROCESSING,,,
158172348,,ERROR_PROCESSING,,,
239227652,,ERROR_PROCESSING,,,
299154193,,ERROR_PROCESSING,,,
267989857,,ERROR_PROCESSING,,,
169084431,,ERROR_PROCESSING,,,
164658882,,ERROR_PROCESSING,,,
394172692,,ERROR_PROCESSING,,,
121215710,,ERROR_PROCESSING,,,
407001589,,ERROR_PROCESSING,,,
271253957,,ERROR_PROCESSING,,,
158320130,,ERROR_PROCESSING,,,
268483792,,ERROR_PROCESSING,,,
377780790,,ERROR_PROCESSING,,,
122069243,,ERROR_PROCESSING,,,
184014439,,ERROR_PROCESSING,,,
164413187,,ERROR_PROCESSING,,,
267746941,,ERROR_PROCESSING,,,
137635841,,ERROR_PROCESSING,,,
137627194,,ERROR_PROCESSING,,,
159393734,,ERROR_PROCESSING,,,
122300177,,ERROR_PROCESSING,,,
123413463,,ERROR_PROCESSING,,,
159763595,,ERROR_PROCESSING,,,
27082724,,ERROR_PROCESSING,,,
158936201,,ERROR_PROCESSING,,,
48352404,,ERROR_PROCESSING,,,
137212833,,ERROR_PROCESSING,,,
350814622,,ERROR_PROCESSING,,,
121660826,,ERROR_PROCESSING,,,
350814607,,ERROR_PROCESSING,,,
164884235,,ERROR_PROCESSING,,,
121943724,,ERROR_PROCESSING,,,
290035455,,ERROR_PROCESSING,,,
120693914,,ERROR_PROCESSING,,,
138214174,,ERROR_PROCESSING,,,
158487108,,ERROR_PROCESSING,,,
120105569,,ERROR_PROCESSING,,,
158219569,,ERROR_PROCESSING,,,
267673013,,ERROR_PROCESSING,,,
123316231,,ERROR_PROCESSING,,,
158489095,,ERROR_PROCESSING,,,
123230993,,ERROR_PROCESSING,,,
121458707,,ERROR_PROCESSING,,,
158551360,,ERROR_PROCESSING,,,
159721091,,ERROR_PROCESSING,,,
123447451,,ERROR_PROCESSING,,,
137099260,,ERROR_PROCESSING,,,
298896336,,ERROR_PROCESSING,,,
184085929,,ERROR_PROCESSING,,,
159180076,,ERROR_PROCESSING,,,
271760755,,ERROR_PROCESSING,,,
1881571053,,ERROR_PROCESSING,,,
164883912,,ERROR_PROCESSING,,,
121020728,,ERROR_PROCESSING,,,
169176556,,ERROR_PROCESSING,,,
399954349,,ERROR_PROCESSING,,,
272282253,,ERROR_PROCESSING,,,
272172942,,ERROR_PROCESSING,,,
299028577,,ERROR_PROCESSING,,,
123416753,,ERROR_PROCESSING,,,
243272677,,ERROR_PROCESSING,,,
158388163,,ERROR_PROCESSING,,,
237158650,,ERROR_PROCESSING,,,
299217801,,ERROR_PROCESSING,,,
171585303,,ERROR_PROCESSING,,,
48188777,,ERROR_PROCESSING,,,
159444082,,ERROR_PROCESSING,,,
272597130,,ERROR_PROCESSING,,,
184554925,,ERROR_PROCESSING,,,
273376082,,ERROR_PROCESSING,,,
137342400,,ERROR_PROCESSING,,,
158984916,,ERROR_PROCESSING,,,
26473621,,ERROR_PROCESSING,,,
399915645,,ERROR_PROCESSING,,,
159580705,,ERROR_PROCESSING,,,
63126862,,ERROR_PROCESSING,,,
406950324,,ERROR_PROCESSING,,,
26962715,,ERROR_PROCESSING,,,
138297129,,ERROR_PROCESSING,,,
121215807,,ERROR_PROCESSING,,,
158272820,,ERROR_PROCESSING,,,
159177232,,ERROR_PROCESSING,,,
164529393,,ERROR_PROCESSING,,,
271164755,,ERROR_PROCESSING,,,
271424111,,ERROR_PROCESSING,,,
164781116,,ERROR_PROCESSING,,,
121731834,,ERROR_PROCESSING,,,
1882972403,,ERROR_PROCESSING,,,
27531978,,ERROR_PROCESSING,,,
417660218,,ERROR_PROCESSING,,,
63068329,,ERROR_PROCESSING,,,
164785720,,ERROR_PROCESSING,,,
47977416,,ERROR_PROCESSING,,,
63126989,,ERROR_PROCESSING,,,
158170594,,ERROR_PROCESSING,,,
123415040,,ERROR_PROCESSING,,,
158322085,,ERROR_PROCESSING,,,
121214185,,ERROR_PROCESSING,,,
63070427,,ERROR_PROCESSING,,,
270695184,,ERROR_PROCESSING,,,
28089143,,ERROR_PROCESSING,,,
137626872,,ERROR_PROCESSING,,,
27649489,,ERROR_PROCESSING,,,
137548365,,ERROR_PROCESSING,,,
27396246,,ERROR_PROCESSING,,,
123201193,,ERROR_PROCESSING,,,
290034635,,ERROR_PROCESSING,,,
170346220,,ERROR_PROCESSING,,,
120964116,,ERROR_PROCESSING,,,
27914560,,ERROR_PROCESSING,,,
290033595,,ERROR_PROCESSING,,,
268924036,,ERROR_PROCESSING,,,
164527695,,ERROR_PROCESSING,,,
271661839,,ERROR_PROCESSING,,,
360022783,,ERROR_PROCESSING,,,
184556217,,ERROR_PROCESSING,,,
184298883,,ERROR_PROCESSING,,,
158730884,,ERROR_PROCESSING,,,
122784501,,ERROR_PROCESSING,,,
158555987,,ERROR_PROCESSING,,,
123231917,,ERROR_PROCESSING,,,
275574174,,ERROR_PROCESSING,,,
272275278,,ERROR_PROCESSING,,,
164524311,,ERROR_PROCESSING,,,
267745858,,ERROR_PROCESSING,,,
184015844,,ERROR_PROCESSING,,,
268932150,,ERROR_PROCESSING,,,
158989438,,ERROR_PROCESSING,,,
120421638,,ERROR_PROCESSING,,,
164646094,,ERROR_PROCESSING,,,
121465371,,ERROR_PROCESSING,,,
158992508,,ERROR_PROCESSING,,,
137342279,,ERROR_PROCESSING,,,
122712179,,ERROR_PROCESSING,,,
27777414,,ERROR_PROCESSING,,,
139106013,,ERROR_PROCESSING,,,
123357893,,ERROR_PROCESSING,,,
299089652,,ERROR_PROCESSING,,,
63449012,,ERROR_PROCESSING,,,
299089587,,ERROR_PROCESSING,,,
63213956,,ERROR_PROCESSING,,,
350738167,,ERROR_PROCESSING,,,
399825584,,ERROR_PROCESSING,,,
120043638,,ERROR_PROCESSING,,,
120105003,,ERROR_PROCESSING,,,
267673944,,ERROR_PROCESSING,,,
123447592,,ERROR_PROCESSING,,,
139104940,,ERROR_PROCESSING,,,
158171456,,ERROR_PROCESSING,,,
137817056,,ERROR_PROCESSING,,,
120686458,,ERROR_PROCESSING,,,
171971913,,ERROR_PROCESSING,,,
272269239,,ERROR_PROCESSING,,,
164646534,,ERROR_PROCESSING,,,
27644083,,ERROR_PROCESSING,,,
258348597,,ERROR_PROCESSING,,,
26541144,,ERROR_PROCESSING,,,
271430916,,ERROR_PROCESSING,,,
27769737,,ERROR_PROCESSING,,,
27391836,,ERROR_PROCESSING,,,
270862497,,ERROR_PROCESSING,,,
158722119,,ERROR_PROCESSING,,,
405688133,,ERROR_PROCESSING,,,
27776660,,ERROR_PROCESSING,,,
63452310,,ERROR_PROCESSING,,,
243271051,,ERROR_PROCESSING,,,
268604331,,ERROR_PROCESSING,,,
299156496,,ERROR_PROCESSING,,,
27454084,,ERROR_PROCESSING,,,
26583944,,ERROR_PROCESSING,,,
272078218,,ERROR_PROCESSING,,,
406997913,,ERROR_PROCESSING,,,
164654277,,ERROR_PROCESSING,,,
164721823,,ERROR_PROCESSING,,,
121333541,,ERROR_PROCESSING,,,
299158887,,ERROR_PROCESSING,,,
268379849,,ERROR_PROCESSING,,,
164781761,,ERROR_PROCESSING,,,
399860218,,ERROR_PROCESSING,,,
26584326,,ERROR_PROCESSING,,,
164786087,,ERROR_PROCESSING,,,
120689253,,ERROR_PROCESSING,,,
158665571,,ERROR_PROCESSING,,,
63368895,,ERROR_PROCESSING,,,
169081296,,ERROR_PROCESSING,,,
123450224,,ERROR_PROCESSING,,,
270619260,,ERROR_PROCESSING,,,
137685450,,ERROR_PROCESSING,,,
399860444,,ERROR_PROCESSING,,,
269263219,,ERROR_PROCESSING,,,
416281986,,ERROR_PROCESSING,,,
158987296,,ERROR_PROCESSING,,,
159376971,,ERROR_PROCESSING,,,
48451130,,ERROR_PROCESSING,,,
121215172,,ERROR_PROCESSING,,,
169466684,,ERROR_PROCESSING,,,
273044848,,ERROR_PROCESSING,,,
164785720,,ERROR_PROCESSING,,,
158664221,,ERROR_PROCESSING,,,
158934047,,ERROR_PROCESSING,,,
48506742,,ERROR_PROCESSING,,,
299217986,,ERROR_PROCESSING,,,
164882482,,ERROR_PROCESSING,,,
123312978,,ERROR_PROCESSING,,,
120578712,,ERROR_PROCESSING,,,
121604440,,ERROR_PROCESSING,,,
350812580,,ERROR_PROCESSING,,,
120577770,,ERROR_PROCESSING,,,
27988327,,ERROR_PROCESSING,,,
416283848,,ERROR_PROCESSING,,,
271046140,,ERROR_PROCESSING,,,
298969755,,ERROR_PROCESSING,,,
267667567,,ERROR_PROCESSING,,,
63211674,,ERROR_PROCESSING,,,
28357724,,ERROR_PROCESSING,,,
417678115,,ERROR_PROCESSING,,,
299218775,,ERROR_PROCESSING,,,
240179452,,ERROR_PROCESSING,,,
158423850,,ERROR_PROCESSING,,,
158838045,,ERROR_PROCESSING,,,
267667467,,ERROR_PROCESSING,,,
169560572,,ERROR_PROCESSING,,,
239289191,,ERROR_PROCESSING,,,
137689252,,ERROR_PROCESSING,,,
27914560,,ERROR_PROCESSING,,,
27649489,,ERROR_PROCESSING,,,
158838278,,ERROR_PROCESSING,,,
48506505,,ERROR_PROCESSING,,,
158660814,,ERROR_PROCESSING,,,
164834500,,ERROR_PROCESSING,,,
394174221,,ERROR_PROCESSING,,,
298785034,,ERROR_PROCESSING,,,
351799800,,ERROR_PROCESSING,,,
158389981,,ERROR_PROCESSING,,,
240177285,,ERROR_PROCESSING,,,
258348597,,ERROR_PROCESSING,,,
27769737,,ERROR_PROCESSING,,,
270779644,,ERROR_PROCESSING,,,
48504464,,ERROR_PROCESSING,,,
120317234,,ERROR_PROCESSING,,,
164456041,,ERROR_PROCESSING,,,
158561566,,ERROR_PROCESSING,,,
27776660,,ERROR_PROCESSING,,,
122707371,,ERROR_PROCESSING,,,
164721759,,ERROR_PROCESSING,,,
159441621,,ERROR_PROCESSING,,,
298892283,,ERROR_PROCESSING,,,
138430034,,ERROR_PROCESSING,,,
360023124,,ERROR_PROCESSING,,,
122714267,,ERROR_PROCESSING,,,
406997913,,ERROR_PROCESSING,,,
158789380,,ERROR_PROCESSING,,,
120764338,,ERROR_PROCESSING,,,
48450369,,ERROR_PROCESSING,,,
120105003,,ERROR_PROCESSING,,,
26539443,,ERROR_PROCESSING,,,
27847148,,ERROR_PROCESSING,,,
394177315,,ERROR_PROCESSING,,,
48528770,,ERROR_PROCESSING,,,
48304302,,ERROR_PROCESSING,,,
273138666,,ERROR_PROCESSING,,,
27988995,,ERROR_PROCESSING,,,
120899945,,ERROR_PROCESSING,,,
123357893,,ERROR_PROCESSING,,,
120255638,,ERROR_PROCESSING,,,
137319097,,ERROR_PROCESSING,,,
137307173,,ERROR_PROCESSING,,,
164654277,,ERROR_PROCESSING,,,
26583618,,ERROR_PROCESSING,,,
272180918,,ERROR_PROCESSING,,,
273036122,,ERROR_PROCESSING,,,
299089652,,ERROR_PROCESSING,,,
27777414,,ERROR_PROCESSING,,,
138105005,,ERROR_PROCESSING,,,
120255950,,ERROR_PROCESSING,,,
184009313,,ERROR_PROCESSING,,,
27458799,,ERROR_PROCESSING,,,
48353358,,ERROR_PROCESSING,,,
164892125,,ERROR_PROCESSING,,,
158490928,,ERROR_PROCESSING,,,
28227113,,ERROR_PROCESSING,,,
416279912,,ERROR_PROCESSING,,,
158729099,,ERROR_PROCESSING,,,
279918915,,ERROR_PROCESSING,,,
264507945,,ERROR_PROCESSING,,,
158631520,,ERROR_PROCESSING,,,
158270841,,ERROR_PROCESSING,,,
237191392,,ERROR_PROCESSING,,,
350738817,,ERROR_PROCESSING,,,
351898154,,ERROR_PROCESSING,,,
258202719,,ERROR_PROCESSING,,,
158984590,,ERROR_PROCESSING,,,
279917678,,ERROR_PROCESSING,,,
120899838,,ERROR_PROCESSING,,,
120960808,,ERROR_PROCESSING,,,
139036554,,ERROR_PROCESSING,,,
138219758,,ERROR_PROCESSING,,,
416281238,,ERROR_PROCESSING,,,
164560223,,ERROR_PROCESSING,,,
270857293,,ERROR_PROCESSING,,,
121865605,,ERROR_PROCESSING,,,
28230919,,ERROR_PROCESSING,,,
123410927,,ERROR_PROCESSING,,,
275494853,,ERROR_PROCESSING,,,
164999822,,ERROR_PROCESSING,,,
137903329,,ERROR_PROCESSING,,,
158631520,,ERROR_PROCESSING,,,
272596372,,ERROR_PROCESSING,,,
120043638,,ERROR_PROCESSING,,,
158625761,,ERROR_PROCESSING,,,
138425797,,ERROR_PROCESSING,,,
164892125,,ERROR_PROCESSING,,,
159571280,,ERROR_PROCESSING,,,
268159861,,ERROR_PROCESSING,,,
273694712,,ERROR_PROCESSING,,,
350813882,,ERROR_PROCESSING,,,
350987771,,ERROR_PROCESSING,,,
63204326,,ERROR_PROCESSING,,,
273036122,,ERROR_PROCESSING,,,
271162715,,ERROR_PROCESSING,,,
27843776,,ERROR_PROCESSING,,,
351909828,,ERROR_PROCESSING,,,
158730471,,ERROR_PROCESSING,,,
269030207,,ERROR_PROCESSING,,,
299033092,,ERROR_PROCESSING,,,
121944984,,ERROR_PROCESSING,,,
158984590,,ERROR_PROCESSING,,,
158394902,,ERROR_PROCESSING,,,
27318774,,ERROR_PROCESSING,,,
164891482,,ERROR_PROCESSING,,,
350738817,,ERROR_PROCESSING,,,
243271051,,ERROR_PROCESSING,,,
122707371,,ERROR_PROCESSING,,,
121734006,,ERROR_PROCESSING,,,
158218591,,ERROR_PROCESSING,,,
159225367,,ERROR_PROCESSING,,,
164460740,,ERROR_PROCESSING,,,
267570002,,ERROR_PROCESSING,,,
48505882,,ERROR_PROCESSING,,,
271767300,,ERROR_PROCESSING,,,
48448369,,ERROR_PROCESSING,,,
159305424,,ERROR_PROCESSING,,,
405688133,,ERROR_PROCESSING,,,
137402055,,ERROR_PROCESSING,,,
299089587,,ERROR_PROCESSING,,,
122781795,,ERROR_PROCESSING,,,
272945038,,ERROR_PROCESSING,,,
48421337,,ERROR_PROCESSING,,,
120105003,,ERROR_PROCESSING,,,
121276933,,ERROR_PROCESSING,,,
27847148,,ERROR_PROCESSING,,,
26539443,,ERROR_PROCESSING,,,
268159158,,ERROR_PROCESSING,,,
298961646,,ERROR_PROCESSING,,,
122714267,,ERROR_PROCESSING,,,
27006340,,ERROR_PROCESSING,,,
48353358,,ERROR_PROCESSING,,,
158792051,,ERROR_PROCESSING,,,
137899873,,ERROR_PROCESSING,,,
399825584,,ERROR_PROCESSING,,,
350738167,,ERROR_PROCESSING,,,
158275161,,ERROR_PROCESSING,,,
158789121,,ERROR_PROCESSING,,,
120496423,,ERROR_PROCESSING,,,
63370825,,ERROR_PROCESSING,,,
164781116,,ERROR_PROCESSING,,,
159106207,,ERROR_PROCESSING,,,
164522726,,ERROR_PROCESSING,,,
273131025,,ERROR_PROCESSING,,,
172373693,,ERROR_PROCESSING,,,
120973167,,ERROR_PROCESSING,,,
164833065,,ERROR_PROCESSING,,,
137892408,,ERROR_PROCESSING,,,
63065911,,ERROR_PROCESSING,,,
158989438,,ERROR_PROCESSING,,,
27843707,,ERROR_PROCESSING,,,
164891054,,ERROR_PROCESSING,,,
417659078,,ERROR_PROCESSING,,,
164832455,,ERROR_PROCESSING,,,
27913951,,ERROR_PROCESSING,,,
158416263,,ERROR_PROCESSING,,,
26814955,,ERROR_PROCESSING,,,
164458488,,ERROR_PROCESSING,,,
63126862,,ERROR_PROCESSING,,,
273231214,,ERROR_PROCESSING,,,
158423850,,ERROR_PROCESSING,,,
239289191,,ERROR_PROCESSING,,,
48217852,,ERROR_PROCESSING,,,
273238089,,ERROR_PROCESSING,,,
299159378,,ERROR_PROCESSING,,,
299218775,,ERROR_PROCESSING,,,
399911496,,ERROR_PROCESSING,,,
120572779,,ERROR_PROCESSING,,,
271046140,,ERROR_PROCESSING,,,
121214185,,ERROR_PROCESSING,,,
28448711,,ERROR_PROCESSING,,,
138433618,,ERROR_PROCESSING,,,
123495874,,ERROR_PROCESSING,,,
48132154,,ERROR_PROCESSING,,,
123450224,,ERROR_PROCESSING,,,
122298677,,ERROR_PROCESSING,,,
158984573,,ERROR_PROCESSING,,,
158170594,,ERROR_PROCESSING,,,
299087490,,ERROR_PROCESSING,,,
274126997,,ERROR_PROCESSING,,,
121013472,,ERROR_PROCESSING,,,
164881786,,ERROR_PROCESSING,,,
416279912,,ERROR_PROCESSING,,,
159520040,,ERROR_PROCESSING,,,
350737935,,ERROR_PROCESSING,,,
27396246,,ERROR_PROCESSING,,,
120578889,,ERROR_PROCESSING,,,
27987264,,ERROR_PROCESSING,,,
399860218,,ERROR_PROCESSING,,,
299220166,,ERROR_PROCESSING,,,
164525250,,ERROR_PROCESSING,,,
28090925,,ERROR_PROCESSING,,,
158934047,,ERROR_PROCESSING,,,
269032792,,ERROR_PROCESSING,,,
28159758,,ERROR_PROCESSING,,,
184469205,,ERROR_PROCESSING,,,
138636741,,ERROR_PROCESSING,,,
27913639,,ERROR_PROCESSING,,,
138297129,,ERROR_PROCESSING,,,
158555987,,ERROR_PROCESSING,,,
184997417,,ERROR_PROCESSING,,,
137557778,,ERROR_PROCESSING,,,
399825554,,ERROR_PROCESSING,,,
63453366,,ERROR_PROCESSING,,,
137899948,,ERROR_PROCESSING,,,
123417850,,ERROR_PROCESSING,,,
120317234,,ERROR_PROCESSING,,,
48506710,,ERROR_PROCESSING,,,
27010191,,ERROR_PROCESSING,,,
271350547,,ERROR_PROCESSING,,,
243271051,,ERROR_PROCESSING,,,
121734202,,ERROR_PROCESSING,,,
158931258,,ERROR_PROCESSING,,,
164721250,,ERROR_PROCESSING,,,
158561566,,ERROR_PROCESSING,,,
138299395,,ERROR_PROCESSING,,,
268379849,,ERROR_PROCESSING,,,
48528770,,ERROR_PROCESSING,,,
158489897,,ERROR_PROCESSING,,,
123444694,,ERROR_PROCESSING,,,
169176157,,ERROR_PROCESSING,,,
121333541,,ERROR_PROCESSING,,,
137683938,,ERROR_PROCESSING,,,
48304302,,ERROR_PROCESSING,,,
27006340,,ERROR_PROCESSING,,,
273875149,,ERROR_PROCESSING,,,
48450382,,ERROR_PROCESSING,,,
26583944,,ERROR_PROCESSING,,,
28230581,,ERROR_PROCESSING,,,
405686888,,ERROR_PROCESSING,,,
158489787,,ERROR_PROCESSING,,,
27396284,,ERROR_PROCESSING,,,
270786157,,ERROR_PROCESSING,,,
399825584,,ERROR_PROCESSING,,,
159759306,,ERROR_PROCESSING,,,
279918915,,ERROR_PROCESSING,,,
350738167,,ERROR_PROCESSING,,,
123357893,,ERROR_PROCESSING,,,
122441491,,ERROR_PROCESSING,,,
299089587,,ERROR_PROCESSING,,,
121946404,,ERROR_PROCESSING,,,
63204022,,ERROR_PROCESSING,,,
272279290,,ERROR_PROCESSING,,,
120893436,,ERROR_PROCESSING,,,
269030207,,ERROR_PROCESSING,,,
27644083,,ERROR_PROCESSING,,,
258349590,,ERROR_PROCESSING,,,
120960808,,ERROR_PROCESSING,,,
158213683,,ERROR_PROCESSING,,,
417655835,,ERROR_PROCESSING,,,
258348597,,ERROR_PROCESSING,,,
122450088,,ERROR_PROCESSING,,,
27454084,,ERROR_PROCESSING,,,
27843776,,ERROR_PROCESSING,,,
159050852,,ERROR_PROCESSING,,,
273681023,,ERROR_PROCESSING,,,
122441003,,ERROR_PROCESSING,,,
272269239,,ERROR_PROCESSING,,,
27394293,,ERROR_PROCESSING,,,
258202719,,ERROR_PROCESSING,,,
48504464,,ERROR_PROCESSING,,,
351191596,,ERROR_PROCESSING,,,
271546798,,ERROR_PROCESSING,,,
120689253,,ERROR_PROCESSING,,,
138969285,,ERROR_PROCESSING,,,
271963778,,ERROR_PROCESSING,,,
27083727,,ERROR_PROCESSING,,,
272180236,,ERROR_PROCESSING,,,
171029578,,ERROR_PROCESSING,,,
274118253,,ERROR_PROCESSING,,,
290033595,,ERROR_PROCESSING,,,
159174926,,ERROR_PROCESSING,,,
298965827,,ERROR_PROCESSING,,,
120973167,,ERROR_PROCESSING,,,
28159758,,ERROR_PROCESSING,,,
169814632,,ERROR_PROCESSING,,,
158989438,,ERROR_PROCESSING,,,
164882482,,ERROR_PROCESSING,,,
123309556,,ERROR_PROCESSING,,,
184015844,,ERROR_PROCESSING,,,
377782148,,ERROR_PROCESSING,,,
63204017,,ERROR_PROCESSING,,,
137556197,,ERROR_PROCESSING,,,
272841734,,ERROR_PROCESSING,,,
123231917,,ERROR_PROCESSING,,,
273373582,,ERROR_PROCESSING,,,
158487028,,ERROR_PROCESSING,,,
399913391,,ERROR_PROCESSING,,,
27531978,,ERROR_PROCESSING,,,
63068329,,ERROR_PROCESSING,,,
48419097,,ERROR_PROCESSING,,,
164785720,,ERROR_PROCESSING,,,
275569511,,ERROR_PROCESSING,,,
63212231,,ERROR_PROCESSING,,,
158843826,,ERROR_PROCESSING,,,
164723619,,ERROR_PROCESSING,,,
406952542,,ERROR_PROCESSING,,,
27396869,,ERROR_PROCESSING,,,
158796434,,ERROR_PROCESSING,,,
27843707,,ERROR_PROCESSING,,,
350812580,,ERROR_PROCESSING,,,
279912260,,ERROR_PROCESSING,,,
26962715,,ERROR_PROCESSING,,,
121215807,,ERROR_PROCESSING,,,
121660904,,ERROR_PROCESSING,,,
159449495,,ERROR_PROCESSING,,,
138297129,,ERROR_PROCESSING,,,
159393734,,ERROR_PROCESSING,,,
27396246,,ERROR_PROCESSING,,,
123201193,,ERROR_PROCESSING,,,
138222081,,ERROR_PROCESSING,,,
137626872,,ERROR_PROCESSING,,,
377915723,,ERROR_PROCESSING,,,
350814622,,ERROR_PROCESSING,,,
399860218,,ERROR_PROCESSING,,,
170346220,,ERROR_PROCESSING,,,
123415040,,ERROR_PROCESSING,,,
158170594,,ERROR_PROCESSING,,,
158983401,,ERROR_PROCESSING,,,
269269546,,ERROR_PROCESSING,,,
158427808,,ERROR_PROCESSING,,,
123416753,,ERROR_PROCESSING,,,
121333305,,ERROR_PROCESSING,,,
27532128,,ERROR_PROCESSING,,,
159574927,,ERROR_PROCESSING,,,
351803495,,ERROR_PROCESSING,,,
120962548,,ERROR_PROCESSING,,,
159172027,,ERROR_PROCESSING,,,
271424795,,ERROR_PROCESSING,,,
272282253,,ERROR_PROCESSING,,,
158270511,,ERROR_PROCESSING,,,
271760755,,ERROR_PROCESSING,,,
28084836,,ERROR_PROCESSING,,,
299158566,,ERROR_PROCESSING,,,
158272257,,ERROR_PROCESSING,,,
269029175,,ERROR_PROCESSING,,,
27532561,,ERROR_PROCESSING,,,
48217868,,ERROR_PROCESSING,,,
158218178,,ERROR_PROCESSING,,,
159054620,,ERROR_PROCESSING,,,
122442334,,ERROR_PROCESSING,,,
272597130,,ERROR_PROCESSING,,,
399951991,,ERROR_PROCESSING,,,
27082724,,ERROR_PROCESSING,,,
26657091,,ERROR_PROCESSING,,,
274017990,,ERROR_PROCESSING,,,
27231753,,ERROR_PROCESSING,,,
279917005,,ERROR_PROCESSING,,,
27847307,,ERROR_PROCESSING,,,
169081296,,ERROR_PROCESSING,,,
123413463,,ERROR_PROCESSING,,,
267991349,,ERROR_PROCESSING,,,
27769688,,ERROR_PROCESSING,,,
158552426,,ERROR_PROCESSING,,,
120688631,,ERROR_PROCESSING,,,
164413187,,ERROR_PROCESSING,,,
290032428,,ERROR_PROCESSING,,,
121865656,,ERROR_PROCESSING,,,
164886812,,ERROR_PROCESSING,,,
158320130,,ERROR_PROCESSING,,,
184014439,,ERROR_PROCESSING,,,
272083644,,ERROR_PROCESSING,,,
28234096,,ERROR_PROCESSING,,,
27534138,,ERROR_PROCESSING,,,
159726559,,ERROR_PROCESSING,,,
271877680,,ERROR_PROCESSING,,,
138888759,,ERROR_PROCESSING,,,
121731834,,ERROR_PROCESSING,,,
121458707,,ERROR_PROCESSING,,,
28229515,,ERROR_PROCESSING,,,
48353902,,ERROR_PROCESSING,,,
137099260,,ERROR_PROCESSING,,,
271430806,,ERROR_PROCESSING,,,
272074477,,ERROR_PROCESSING,,,
123230993,,ERROR_PROCESSING,,,
138364831,,ERROR_PROCESSING,,,
164828419,,ERROR_PROCESSING,,,
158394286,,ERROR_PROCESSING,,,
169180792,,ERROR_PROCESSING,,,
184296619,,ERROR_PROCESSING,,,
63284044,,ERROR_PROCESSING,,,
137218786,,ERROR_PROCESSING,,,
122297877,,ERROR_PROCESSING,,,
275494505,,ERROR_PROCESSING,,,
158269049,,ERROR_PROCESSING,,,
164670756,,ERROR_PROCESSING,,,
123130285,,ERROR_PROCESSING,,,
121603852,,ERROR_PROCESSING,,,
137555923,,ERROR_PROCESSING,,,
48419201,,ERROR_PROCESSING,,,
27843860,,ERROR_PROCESSING,,,
122137575,,ERROR_PROCESSING,,,
138969239,,ERROR_PROCESSING,,,
399953998,,ERROR_PROCESSING,,,
164658882,,ERROR_PROCESSING,,,
164889945,,ERROR_PROCESSING,,,
258203566,,ERROR_PROCESSING,,,
158172348,,ERROR_PROCESSING,,,
270781284,,ERROR_PROCESSING,,,
271353794,,ERROR_PROCESSING,,,
417676990,,ERROR_PROCESSING,,,
272375343,,ERROR_PROCESSING,,,
299154193,,ERROR_PROCESSING,,,
164557035,,ERROR_PROCESSING,,,
159642269,,ERROR_PROCESSING,,,
268383727,,ERROR_PROCESSING,,,
123499226,,ERROR_PROCESSING,,,
158933249,,ERROR_PROCESSING,,,
63009789,,ERROR_PROCESSING,,,
48305629,,ERROR_PROCESSING,,,
243271945,,ERROR_PROCESSING,,,
399826020,,ERROR_PROCESSING,,,
28364164,,ERROR_PROCESSING,,,
122063843,,ERROR_PROCESSING,,,
26817004,,ERROR_PROCESSING,,,
350811132,,ERROR_PROCESSING,,,
27533282,,ERROR_PROCESSING,,,
416282268,,ERROR_PROCESSING,,,
273046164,,ERROR_PROCESSING,,,
271253308,,ERROR_PROCESSING,,,
139106731,,ERROR_PROCESSING,,,
171971913,,ERROR_PROCESSING,,,
27767452,,ERROR_PROCESSING,,,
168811794,,ERROR_PROCESSING,,,
158419284,,ERROR_PROCESSING,,,
159379942,,ERROR_PROCESSING,,,
273378480,,ERROR_PROCESSING,,,
28231454,,ERROR_PROCESSING,,,
158840095,,ERROR_PROCESSING,,,
121603761,,ERROR_PROCESSING,,,
164522394,,ERROR_PROCESSING,,,
138644215,,ERROR_PROCESSING,,,
48450369,,ERROR_PROCESSING,,,
417660580,,ERROR_PROCESSING,,,
26417717,,ERROR_PROCESSING,,,
120105633,,ERROR_PROCESSING,,,
273874849,,ERROR_PROCESSING,,,
159579593,,ERROR_PROCESSING,,,
271260980,,ERROR_PROCESSING,,,
279917282,,ERROR_PROCESSING,,,
417655814,,ERROR_PROCESSING,,,
138968338,,ERROR_PROCESSING,,,
27231753,,ERROR_PROCESSING,,,
48528473,,ERROR_PROCESSING,,,
272491981,,ERROR_PROCESSING,,,
121124617,,ERROR_PROCESSING,,,
377780790,,ERROR_PROCESSING,,,
290032428,,ERROR_PROCESSING,,,
123445166,,ERROR_PROCESSING,,,
28357724,,ERROR_PROCESSING,,,
122507231,,ERROR_PROCESSING,,,
120317833,,ERROR_PROCESSING,,,
137969066,,ERROR_PROCESSING,,,
121022533,,ERROR_PROCESSING,,,
164892194,,ERROR_PROCESSING,,,
271760755,,ERROR_PROCESSING,,,
159381747,,ERROR_PROCESSING,,,
139036121,,ERROR_PROCESSING,,,
28234096,,ERROR_PROCESSING,,,
270521167,,ERROR_PROCESSING,,,
27011135,,ERROR_PROCESSING,,,
121461701,,ERROR_PROCESSING,,,
158427808,,ERROR_PROCESSING,,,
416279965,,ERROR_PROCESSING,,,
121604440,,ERROR_PROCESSING,,,
27988327,,ERROR_PROCESSING,,,
123206821,,ERROR_PROCESSING,,,
158839043,,ERROR_PROCESSING,,,
158664221,,ERROR_PROCESSING,,,
272484980,,ERROR_PROCESSING,,,
27532128,,ERROR_PROCESSING,,,
158388163,,ERROR_PROCESSING,,,
158388625,,ERROR_PROCESSING,,,
399912169,,ERROR_PROCESSING,,,
351060274,,ERROR_PROCESSING,,,
164828419,,ERROR_PROCESSING,,,
164884235,,ERROR_PROCESSING,,,
399794186,,ERROR_PROCESSING,,,
48451130,,ERROR_PROCESSING,,,
298896336,,ERROR_PROCESSING,,,
122068161,,ERROR_PROCESSING,,,
27914290,,ERROR_PROCESSING,,,
169466684,,ERROR_PROCESSING,,,
271545939,,ERROR_PROCESSING,,,
298834019,,ERROR_PROCESSING,,,
48503953,,ERROR_PROCESSING,,,
26748113,,ERROR_PROCESSING,,,
268160366,,ERROR_PROCESSING,,,
137099260,,ERROR_PROCESSING,,,
159721091,,ERROR_PROCESSING,,,
158551360,,ERROR_PROCESSING,,,
158326424,,ERROR_PROCESSING,,,
164726946,,ERROR_PROCESSING,,,
158552426,,ERROR_PROCESSING,,,
269029175,,ERROR_PROCESSING,,,
63368895,,ERROR_PROCESSING,,,
158320130,,ERROR_PROCESSING,,,
164886812,,ERROR_PROCESSING,,,
158559417,,ERROR_PROCESSING,,,
406950324,,ERROR_PROCESSING,,,
271349932,,ERROR_PROCESSING,,,
416266820,,ERROR_PROCESSING,,,
27990610,,ERROR_PROCESSING,,,
273043474,,ERROR_PROCESSING,,,
158840828,,ERROR_PROCESSING,,,
158393923,,ERROR_PROCESSING,,,
299160628,,ERROR_PROCESSING,,,
63126862,,ERROR_PROCESSING,,,
164786087,,ERROR_PROCESSING,,,
26416803,,ERROR_PROCESSING,,,
417676622,,ERROR_PROCESSING,,,
258203566,,ERROR_PROCESSING,,,
270781284,,ERROR_PROCESSING,,,
121786521,,ERROR_PROCESSING,,,
139036554,,ERROR_PROCESSING,,,
48131702,,ERROR_PROCESSING,,,
268057162,,ERROR_PROCESSING,,,
159581434,,ERROR_PROCESSING,,,
28230919,,ERROR_PROCESSING,,,
158552258,,ERROR_PROCESSING,,,
352013607,,ERROR_PROCESSING,,,
27767452,,ERROR_PROCESSING,,,
158434144,,ERROR_PROCESSING,,,
121215710,,ERROR_PROCESSING,,,
164456037,,ERROR_PROCESSING,,,
273866337,,ERROR_PROCESSING,,,
120629799,,ERROR_PROCESSING,,,
352007758,,ERROR_PROCESSING,,,
123362984,,ERROR_PROCESSING,,,
123357476,,ERROR_PROCESSING,,,
28227113,,ERROR_PROCESSING,,,
48419201,,ERROR_PROCESSING,,,
268492383,,ERROR_PROCESSING,,,
158270841,,ERROR_PROCESSING,,,
122673489,,ERROR_PROCESSING,,,
272278272,,ERROR_PROCESSING,,,
169083837,,ERROR_PROCESSING,,,
399794420,,ERROR_PROCESSING,,,
138105005,,ERROR_PROCESSING,,,
138217479,,ERROR_PROCESSING,,,
275494505,,ERROR_PROCESSING,,,
137401986,,ERROR_PROCESSING,,,
267749737,,ERROR_PROCESSING,,,
120105633,,ERROR_PROCESSING,,,
271671025,,ERROR_PROCESSING,,,
63288941,,ERROR_PROCESSING,,,
169461816,,ERROR_PROCESSING,,,
416266465,,ERROR_PROCESSING,,,
270695341,,ERROR_PROCESSING,,,
158662352,,ERROR_PROCESSING,,,
268060194,,ERROR_PROCESSING,,,
26583640,,ERROR_PROCESSING,,,
298897851,,ERROR_PROCESSING,,,
271431851,,ERROR_PROCESSING,,,
158983792,,ERROR_PROCESSING,,,
123129910,,ERROR_PROCESSING,,,
184009076,,ERROR_PROCESSING,,,
237189544,,ERROR_PROCESSING,,,
159439931,,ERROR_PROCESSING,,,
123233041,,ERROR_PROCESSING,,,
394172596,,ERROR_PROCESSING,,,
405717552,,ERROR_PROCESSING,,,
138297607,,ERROR_PROCESSING,,,
137089993,,ERROR_PROCESSING,,,
63213622,,ERROR_PROCESSING,,,
158555483,,ERROR_PROCESSING,,,
298892283,,ERROR_PROCESSING,,,
399826842,,ERROR_PROCESSING,,,
258203303,,ERROR_PROCESSING,,,
137484431,,ERROR_PROCESSING,,,
270705374,,ERROR_PROCESSING,,,
272842291,,ERROR_PROCESSING,,,
272597196,,ERROR_PROCESSING,,,
48451130,,ERROR_PROCESSING,,,
169180792,,ERROR_PROCESSING,,,
272943597,,ERROR_PROCESSING,,,
63282889,,ERROR_PROCESSING,,,
185062313,,ERROR_PROCESSING,,,
26656768,,ERROR_PROCESSING,,,
269271535,,ERROR_PROCESSING,,,
28234022,,ERROR_PROCESSING,,,
394174221,,ERROR_PROCESSING,,,
164785720,,ERROR_PROCESSING,,,
26538999,,ERROR_PROCESSING,,,
158664221,,ERROR_PROCESSING,,,
158561566,,ERROR_PROCESSING,,,
27990682,,ERROR_PROCESSING,,,
27534138,,ERROR_PROCESSING,,,
272836943,,ERROR_PROCESSING,,,
138888759,,ERROR_PROCESSING,,,
275490034,,ERROR_PROCESSING,,,
164786087,,ERROR_PROCESSING,,,
268935452,,ERROR_PROCESSING,,,
158387462,,ERROR_PROCESSING,,,
159393734,,ERROR_PROCESSING,,,
159573412,,ERROR_PROCESSING,,,
137155210,,ERROR_PROCESSING,,,
138219367,,ERROR_PROCESSING,,,
271164596,,ERROR_PROCESSING,,,
28448998,,ERROR_PROCESSING,,,
158320130,,ERROR_PROCESSING,,,
48528770,,ERROR_PROCESSING,,,
48304302,,ERROR_PROCESSING,,,
273592336,,ERROR_PROCESSING,,,
271159950,,ERROR_PROCESSING,,,
158322622,,ERROR_PROCESSING,,,
158218214,,ERROR_PROCESSING,,,
138096962,,ERROR_PROCESSING,,,
123490545,,ERROR_PROCESSING,,,
121660143,,ERROR_PROCESSING,,,
63001143,,ERROR_PROCESSING,,,
27531854,,ERROR_PROCESSING,,,
137337090,,ERROR_PROCESSING,,,
120421638,,ERROR_PROCESSING,,,
351898154,,ERROR_PROCESSING,,,
120578712,,ERROR_PROCESSING,,,
120105470,,ERROR_PROCESSING,,,
120899838,,ERROR_PROCESSING,,,
270705735,,ERROR_PROCESSING,,,
121604440,,ERROR_PROCESSING,,,
120577770,,ERROR_PROCESSING,,,
158927791,,ERROR_PROCESSING,,,
279913347,,ERROR_PROCESSING,,,
158664318,,ERROR_PROCESSING,,,
122784501,,ERROR_PROCESSING,,,
271348323,,ERROR_PROCESSING,,,
272282253,,ERROR_PROCESSING,,,
121865605,,ERROR_PROCESSING,,,
271760755,,ERROR_PROCESSING,,,
138431008,,ERROR_PROCESSING,,,
164456891,,ERROR_PROCESSING,,,
279917282,,ERROR_PROCESSING,,,
27530849,,ERROR_PROCESSING,,,
171882123,,ERROR_PROCESSING,,,
158731243,,ERROR_PROCESSING,,,
120692092,,ERROR_PROCESSING,,,
138644215,,ERROR_PROCESSING,,,
27847814,,ERROR_PROCESSING,,,
184090767,,ERROR_PROCESSING,,,
272843289,,ERROR_PROCESSING,,,
272279290,,ERROR_PROCESSING,,,
377909730,,ERROR_PROCESSING,,,
171883078,,ERROR_PROCESSING,,,
158840095,,ERROR_PROCESSING,,,
123357893,,ERROR_PROCESSING,,,
122441491,,ERROR_PROCESSING,,,
271042217,,ERROR_PROCESSING,,,
138219428,,ERROR_PROCESSING,,,
299032517,,ERROR_PROCESSING,,,
159177065,,ERROR_PROCESSING,,,
120252452,,ERROR_PROCESSING,,,
399826842,,ERROR_PROCESSING,,,
169181786,,ERROR_PROCESSING,,,
137757057,,ERROR_PROCESSING,,,
267989336,,ERROR_PROCESSING,,,
272944990,,ERROR_PROCESSING,,,
28159194,,ERROR_PROCESSING,,,
139106731,,ERROR_PROCESSING,,,
159376971,,ERROR_PROCESSING,,,
275496016,,ERROR_PROCESSING,,,
158213683,,ERROR_PROCESSING,,,
258348597,,ERROR_PROCESSING,,,
48504464,,ERROR_PROCESSING,,,
158326744,,ERROR_PROCESSING,,,
164882482,,ERROR_PROCESSING,,,
164460347,,ERROR_PROCESSING,,,
123490277,,ERROR_PROCESSING,,,
171971913,,ERROR_PROCESSING,,,
272180958,,ERROR_PROCESSING,,,
350811132,,ERROR_PROCESSING,,,
298892283,,ERROR_PROCESSING,,,
164646534,,ERROR_PROCESSING,,,
164459883,,ERROR_PROCESSING,,,
272375343,,ERROR_PROCESSING,,,
164723619,,ERROR_PROCESSING,,,
138574253,,ERROR_PROCESSING,,,
158796434,,ERROR_PROCESSING,,,
137413972,,ERROR_PROCESSING,,,
271885110,,ERROR_PROCESSING,,,
270781284,,ERROR_PROCESSING,,,
139036554,,ERROR_PROCESSING,,,
399953998,,ERROR_PROCESSING,,,
137410211,,ERROR_PROCESSING,,,
267671250,,ERROR_PROCESSING,,,
164654277,,ERROR_PROCESSING,,,
169561256,,ERROR_PROCESSING,,,
268603980,,ERROR_PROCESSING,,,
377873569,,ERROR_PROCESSING,,,
27530621,,ERROR_PROCESSING,,,
169930145,,ERROR_PROCESSING,,,
138105005,,ERROR_PROCESSING,,,
268379849,,ERROR_PROCESSING,,,
123408849,,ERROR_PROCESSING,,,
63366281,,ERROR_PROCESSING,,,
271772050,,ERROR_PROCESSING,,,
28230581,,ERROR_PROCESSING,,,
169175503,,ERROR_PROCESSING,,,
120891972,,ERROR_PROCESSING,,,
158838045,,ERROR_PROCESSING,,,
405685914,,ERROR_PROCESSING,,,
351908051,,ERROR_PROCESSING,,,
184296619,,ERROR_PROCESSING,,,
137218786,,ERROR_PROCESSING,,,
158986490,,ERROR_PROCESSING,,,
417676622,,ERROR_PROCESSING,,,
158552426,,ERROR_PROCESSING,,,
27532033,,ERROR_PROCESSING,,,
299087490,,ERROR_PROCESSING,,,
184300256,,ERROR_PROCESSING,,,
138433618,,ERROR_PROCESSING,,,
272366748,,ERROR_PROCESSING,,,
184417625,,ERROR_PROCESSING,,,
269029175,,ERROR_PROCESSING,,,
377782363,,ERROR_PROCESSING,,,
164786087,,ERROR_PROCESSING,,,
164726946,,ERROR_PROCESSING,,,
164999822,,ERROR_PROCESSING,,,
137340986,,ERROR_PROCESSING,,,
237158408,,ERROR_PROCESSING,,,
158664221,,ERROR_PROCESSING,,,
158274583,,ERROR_PROCESSING,,,
298834019,,ERROR_PROCESSING,,,
121276638,,ERROR_PROCESSING,,,
48503953,,ERROR_PROCESSING,,,
159226052,,ERROR_PROCESSING,,,
272843763,,ERROR_PROCESSING,,,
272602477,,ERROR_PROCESSING,,,
164455792,,ERROR_PROCESSING,,,
48451130,,ERROR_PROCESSING,,,
123499118,,ERROR_PROCESSING,,,
164884002,,ERROR_PROCESSING,,,
272496083,,ERROR_PROCESSING,,,
273778951,,ERROR_PROCESSING,,,
122784501,,ERROR_PROCESSING,,,
123206821,,ERROR_PROCESSING,,,
28234022,,ERROR_PROCESSING,,,
298896336,,ERROR_PROCESSING,,,
120253745,,ERROR_PROCESSING,,,
184417262,,ERROR_PROCESSING,,,
27011135,,ERROR_PROCESSING,,,
120043084,,ERROR_PROCESSING,,,
272596598,,ERROR_PROCESSING,,,
122070274,,ERROR_PROCESSING,,,
27534138,,ERROR_PROCESSING,,,
120578712,,ERROR_PROCESSING,,,
120421638,,ERROR_PROCESSING,,,
27187386,,ERROR_PROCESSING,,,
121604440,,ERROR_PROCESSING,,,
164884235,,ERROR_PROCESSING,,,
120577770,,ERROR_PROCESSING,,,
271970605,,ERROR_PROCESSING,,,
275571034,,ERROR_PROCESSING,,,
271669275,,ERROR_PROCESSING,,,
122445076,,ERROR_PROCESSING,,,
121395761,,ERROR_PROCESSING,,,
273231214,,ERROR_PROCESSING,,,
351803524,,ERROR_PROCESSING,,,
399951196,,ERROR_PROCESSING,,,
271255413,,ERROR_PROCESSING,,,
158838923,,ERROR_PROCESSING,,,
417659212,,ERROR_PROCESSING,,,
159642390,,ERROR_PROCESSING,,,
185057567,,ERROR_PROCESSING,,,
271433874,,ERROR_PROCESSING,,,
377908774,,ERROR_PROCESSING,,,
123416515,,ERROR_PROCESSING,,,
299161524,,ERROR_PROCESSING,,,
120042965,,ERROR_PROCESSING,,,
164646534,,ERROR_PROCESSING,,,
298892283,,ERROR_PROCESSING,,,
158985675,,ERROR_PROCESSING,,,
63213622,,ERROR_PROCESSING,,,
417660218,,ERROR_PROCESSING,,,
26582909,,ERROR_PROCESSING,,,
158317637,,ERROR_PROCESSING,,,
405717552,,ERROR_PROCESSING,,,
171974763,,ERROR_PROCESSING,,,
63373449,,ERROR_PROCESSING,,,
27534458,,ERROR_PROCESSING,,,
121786630,,ERROR_PROCESSING,,,
279917996,,ERROR_PROCESSING,,,
272707494,,ERROR_PROCESSING,,,
137402055,,ERROR_PROCESSING,,,
48217852,,ERROR_PROCESSING,,,
271042217,,ERROR_PROCESSING,,,
27530621,,ERROR_PROCESSING,,,
299159378,,ERROR_PROCESSING,,,
273234825,,ERROR_PROCESSING,,,
123448077,,ERROR_PROCESSING,,,
271431851,,ERROR_PROCESSING,,,
137899873,,ERROR_PROCESSING,,,
271355270,,ERROR_PROCESSING,,,
122597057,,ERROR_PROCESSING,,,
169461816,,ERROR_PROCESSING,,,
271671025,,ERROR_PROCESSING,,,
120105003,,ERROR_PROCESSING,,,
164458488,,ERROR_PROCESSING,,,
267749737,,ERROR_PROCESSING,,,
121276933,,ERROR_PROCESSING,,,
158322296,,ERROR_PROCESSING,,,
27846348,,ERROR_PROCESSING,,,
27774415,,ERROR_PROCESSING,,,
138425797,,ERROR_PROCESSING,,,
28227113,,ERROR_PROCESSING,,,
184554636,,ERROR_PROCESSING,,,
164881786,,ERROR_PROCESSING,,,
122066167,,ERROR_PROCESSING,,,
48419201,,ERROR_PROCESSING,,,
272489533,,ERROR_PROCESSING,,,
123410927,,ERROR_PROCESSING,,,
158486842,,ERROR_PROCESSING,,,
417676802,,ERROR_PROCESSING,,,
139034625,,ERROR_PROCESSING,,,
27530849,,ERROR_PROCESSING,,,
351190880,,ERROR_PROCESSING,,,
273036122,,ERROR_PROCESSING,,,
159716174,,ERROR_PROCESSING,,,
138105005,,ERROR_PROCESSING,,,
399860388,,ERROR_PROCESSING,,,
275494505,,ERROR_PROCESSING,,,
399825554,,ERROR_PROCESSING,,,
139036554,,ERROR_PROCESSING,,,
270863576,,ERROR_PROCESSING,,,
121944984,,ERROR_PROCESSING,,,
258203303,,ERROR_PROCESSING,,,
26474039,,ERROR_PROCESSING,,,
267746315,,ERROR_PROCESSING,,,
158555987,,ERROR_PROCESSING,,,
267989336,,ERROR_PROCESSING,,,
159727092,,ERROR_PROCESSING,,,
27845000,,ERROR_PROCESSING,,,
164524311,,ERROR_PROCESSING,,,
164831457,,ERROR_PROCESSING,,,
120103486,,ERROR_PROCESSING,,,
158992508,,ERROR_PROCESSING,,,
137968594,,ERROR_PROCESSING,,,
299220166,,ERROR_PROCESSING,,,
164525250,,ERROR_PROCESSING,,,
164886497,,ERROR_PROCESSING,,,
164646661,,ERROR_PROCESSING,,,
121465371,,ERROR_PROCESSING,,,
299156353,,ERROR_PROCESSING,,,
48353203,,ERROR_PROCESSING,,,
164828012,,ERROR_PROCESSING,,,
272178989,,ERROR_PROCESSING,,,
159397031,,ERROR_PROCESSING,,,
258349285,,ERROR_PROCESSING,,,
27240575,,ERROR_PROCESSING,,,
138364751,,ERROR_PROCESSING,,,
268159158,,ERROR_PROCESSING,,,
27774043,,ERROR_PROCESSING,,,
271352188,,ERROR_PROCESSING,,,
48421337,,ERROR_PROCESSING,,,
48352404,,ERROR_PROCESSING,,,
271769940,,ERROR_PROCESSING,,,
237189544,,ERROR_PROCESSING,,,
121660826,,ERROR_PROCESSING,,,
48353358,,ERROR_PROCESSING,,,
26488618,,ERROR_PROCESSING,,,
120495880,,ERROR_PROCESSING,,,
48528473,,ERROR_PROCESSING,,,
169459324,,ERROR_PROCESSING,,,
159649595,,ERROR_PROCESSING,,,
27687265,,ERROR_PROCESSING,,,
351056774,,ERROR_PROCESSING,,,
159050004,,ERROR_PROCESSING,,,
272270522,,ERROR_PROCESSING,,,
27014562,,ERROR_PROCESSING,,,
267673013,,ERROR_PROCESSING,,,
120578185,,ERROR_PROCESSING,,,
394172596,,ERROR_PROCESSING,,,
121943724,,ERROR_PROCESSING,,,
48448369,,ERROR_PROCESSING,,,
164892194,,ERROR_PROCESSING,,,
158555987,,ERROR_PROCESSING,,,
258203303,,ERROR_PROCESSING,,,
120420344,,ERROR_PROCESSING,,,
63005636,,ERROR_PROCESSING,,,
159050852,,ERROR_PROCESSING,,,
271958892,,ERROR_PROCESSING,,,
122680921,,ERROR_PROCESSING,,,
28230919,,ERROR_PROCESSING,,,
137211068,,ERROR_PROCESSING,,,
271164778,,ERROR_PROCESSING,,,
158394902,,ERROR_PROCESSING,,,
138431522,,ERROR_PROCESSING,,,
63373862,,ERROR_PROCESSING,,,
164883912,,ERROR_PROCESSING,,,
27007509,,ERROR_PROCESSING,,,
158215023,,ERROR_PROCESSING,,,
273045068,,ERROR_PROCESSING,,,
158730471,,ERROR_PROCESSING,,,
417659456,,ERROR_PROCESSING,,,
239285770,,ERROR_PROCESSING,,,
121215710,,ERROR_PROCESSING,,,
158388163,,ERROR_PROCESSING,,,
158432813,,ERROR_PROCESSING,,,
137683938,,ERROR_PROCESSING,,,
158270841,,ERROR_PROCESSING,,,
169079027,,ERROR_PROCESSING,,,
48188777,,ERROR_PROCESSING,,,
123357476,,ERROR_PROCESSING,,,
159444082,,ERROR_PROCESSING,,,
268159861,,ERROR_PROCESSING,,,
239225129,,ERROR_PROCESSING,,,
272491028,,ERROR_PROCESSING,,,
159580535,,ERROR_PROCESSING,,,
159580705,,ERROR_PROCESSING,,,
138299395,,ERROR_PROCESSING,,,
406950324,,ERROR_PROCESSING,,,
352013543,,ERROR_PROCESSING,,,
139036617,,ERROR_PROCESSING,,,
28089606,,ERROR_PROCESSING,,,
122713147,,ERROR_PROCESSING,,,
268387099,,ERROR_PROCESSING,,,
336266673,,ERROR_PROCESSING,,,
120825566,,ERROR_PROCESSING,,,
137899948,,ERROR_PROCESSING,,,
164407908,,ERROR_PROCESSING,,,
164884235,,ERROR_PROCESSING,,,
120105569,,ERROR_PROCESSING,,,
269032792,,ERROR_PROCESSING,,,
122443195,,ERROR_PROCESSING,,,
159721091,,ERROR_PROCESSING,,,
158551360,,ERROR_PROCESSING,,,
123129877,,ERROR_PROCESSING,,,
239273090,,ERROR_PROCESSING,,,
138430864,,ERROR_PROCESSING,,,
298896336,,ERROR_PROCESSING,,,
120253552,,ERROR_PROCESSING,,,
271162671,,ERROR_PROCESSING,,,
158212755,,ERROR_PROCESSING,,,
158984573,,ERROR_PROCESSING,,,
63368895,,ERROR_PROCESSING,,,
416279912,,ERROR_PROCESSING,,,
164730843,,ERROR_PROCESSING,,,
270700432,,ERROR_PROCESSING,,,
271968263,,ERROR_PROCESSING,,,
27990610,,ERROR_PROCESSING,,,
159763612,,ERROR_PROCESSING,,,
299028607,,ERROR_PROCESSING,,,
164522561,,ERROR_PROCESSING,,,
123495874,,ERROR_PROCESSING,,,
26817863,,ERROR_PROCESSING,,,
350814622,,ERROR_PROCESSING,,,
399860218,,ERROR_PROCESSING,,,
273036401,,ERROR_PROCESSING,,,
158983792,,ERROR_PROCESSING,,,
123129910,,ERROR_PROCESSING,,,
267667295,,ERROR_PROCESSING,,,
270955259,,ERROR_PROCESSING,,,
48354224,,ERROR_PROCESSING,,,
120106432,,ERROR_PROCESSING,,,
28357724,,ERROR_PROCESSING,,,
159096688,,ERROR_PROCESSING,,,
290005350,,ERROR_PROCESSING,,,
159180076,,ERROR_PROCESSING,,,
137754713,,ERROR_PROCESSING,,,
120314731,,ERROR_PROCESSING,,,
120317833,,ERROR_PROCESSING,,,
120571308,,ERROR_PROCESSING,,,
377781254,,ERROR_PROCESSING,,,
47976987,,ERROR_PROCESSING,,,
27988327,,ERROR_PROCESSING,,,
394172692,,ERROR_PROCESSING,,,
158633329,,ERROR_PROCESSING,,,
351801933,,ERROR_PROCESSING,,,
271966200,,ERROR_PROCESSING,,,
270704515,,ERROR_PROCESSING,,,
159216808,,ERROR_PROCESSING,,,
120420344,,ERROR_PROCESSING,,,
120960812,,ERROR_PROCESSING,,,
158494681,,ERROR_PROCESSING,,,
377871791,,ERROR_PROCESSING,,,
158625964,,ERROR_PROCESSING,,,
164522394,,ERROR_PROCESSING,,,
28361088,,ERROR_PROCESSING,,,
123358827,,ERROR_PROCESSING,,,
159099116,,ERROR_PROCESSING,,,
273591945,,ERROR_PROCESSING,,,
137547023,,ERROR_PROCESSING,,,
48353358,,ERROR_PROCESSING,,,
159046962,,ERROR_PROCESSING,,,
399825584,,ERROR_PROCESSING,,,
164828012,,ERROR_PROCESSING,,,
122712595,,ERROR_PROCESSING,,,
258349285,,ERROR_PROCESSING,,,
159440697,,ERROR_PROCESSING,,,
159054620,,ERROR_PROCESSING,,,
48421337,,ERROR_PROCESSING,,,
27774043,,ERROR_PROCESSING,,,
138299395,,ERROR_PROCESSING,,,
48304460,,ERROR_PROCESSING,,,
123231081,,ERROR_PROCESSING,,,
159451957,,ERROR_PROCESSING,,,
336266673,,ERROR_PROCESSING,,,
137683938,,ERROR_PROCESSING,,,
299029323,,ERROR_PROCESSING,,,
137152419,,ERROR_PROCESSING,,,
159449041,,ERROR_PROCESSING,,,
27639443,,ERROR_PROCESSING,,,
26488618,,ERROR_PROCESSING,,,
123444694,,ERROR_PROCESSING,,,
270787590,,ERROR_PROCESSING,,,
271763415,,ERROR_PROCESSING,,,
164721250,,ERROR_PROCESSING,,,
27912642,,ERROR_PROCESSING,,,
27014562,,ERROR_PROCESSING,,,
243271051,,ERROR_PROCESSING,,,
137899939,,ERROR_PROCESSING,,,
267672183,,ERROR_PROCESSING,,,
158394235,,ERROR_PROCESSING,,,
272085033,,ERROR_PROCESSING,,,
122680921,,ERROR_PROCESSING,,,
159376971,,ERROR_PROCESSING,,,
417676990,,ERROR_PROCESSING,,,
416279912,,ERROR_PROCESSING,,,
299153388,,ERROR_PROCESSING,,,
405719849,,ERROR_PROCESSING,,,
159450182,,ERROR_PROCESSING,,,
164670571,,ERROR_PROCESSING,,,
27396246,,ERROR_PROCESSING,,,
27458633,,ERROR_PROCESSING,,,
399956098,,ERROR_PROCESSING,,,
137545963,,ERROR_PROCESSING,,,
158984573,,ERROR_PROCESSING,,,
271355638,,ERROR_PROCESSING,,,
27239111,,ERROR_PROCESSING,,,
158170594,,ERROR_PROCESSING,,,
158553540,,ERROR_PROCESSING,,,
158933249,,ERROR_PROCESSING,,,
137411481,,ERROR_PROCESSING,,,
164557035,,ERROR_PROCESSING,,,
121731834,,ERROR_PROCESSING,,,
138645719,,ERROR_PROCESSING,,,
290005350,,ERROR_PROCESSING,,,
137151294,,ERROR_PROCESSING,,,
123417850,,ERROR_PROCESSING,,,
137555411,,ERROR_PROCESSING,,,
137816475,,ERROR_PROCESSING,,,
121603086,,ERROR_PROCESSING,,,
26472830,,ERROR_PROCESSING,,,
299217895,,ERROR_PROCESSING,,,
120693914,,ERROR_PROCESSING,,,
120105569,,ERROR_PROCESSING,,,
63066410,,ERROR_PROCESSING,,,
271262203,,ERROR_PROCESSING,,,
158561894,,ERROR_PROCESSING,,,
138297129,,ERROR_PROCESSING,,,
273373582,,ERROR_PROCESSING,,,
273690208,,ERROR_PROCESSING,,,
273237673,,ERROR_PROCESSING,,,
158989438,,ERROR_PROCESSING,,,
164555597,,ERROR_PROCESSING,,,
121465404,,ERROR_PROCESSING,,,
377782148,,ERROR_PROCESSING,,,
26961214,,ERROR_PROCESSING,,,
123309556,,ERROR_PROCESSING,,,
159180076,,ERROR_PROCESSING,,,
237157859,,ERROR_PROCESSING,,,
121214078,,ERROR_PROCESSING,,,
138568416,,ERROR_PROCESSING,,,
271261159,,ERROR_PROCESSING,,,
164830167,,ERROR_PROCESSING,,,
158551888,,ERROR_PROCESSING,,,
159174926,,ERROR_PROCESSING,,,
138568968,,ERROR_PROCESSING,,,
164558468,,ERROR_PROCESSING,,,
27240404,,ERROR_PROCESSING,,,
164527012,,ERROR_PROCESSING,,,
299028607,,ERROR_PROCESSING,,,
272174474,,ERROR_PROCESSING,,,
352011765,,ERROR_PROCESSING,,,
272837755,,ERROR_PROCESSING,,,
48450369,,ERROR_PROCESSING,,,
138969285,,ERROR_PROCESSING,,,
275573748,,ERROR_PROCESSING,,,
268924036,,ERROR_PROCESSING,,,
275573429,,ERROR_PROCESSING,,,
171029578,,ERROR_PROCESSING,,,
27532561,,ERROR_PROCESSING,,,
137151335,,ERROR_PROCESSING,,,
417676802,,ERROR_PROCESSING,,,
184298883,,ERROR_PROCESSING,,,
271963778,,ERROR_PROCESSING,,,
27083727,,ERROR_PROCESSING,,,
184167421,,ERROR_PROCESSING,,,
399860388,,ERROR_PROCESSING,,,
123408849,,ERROR_PROCESSING,,,
416266820,,ERROR_PROCESSING,,,
184015844,,ERROR_PROCESSING,,,
120960808,,ERROR_PROCESSING,,,
137556197,,ERROR_PROCESSING,,,
158213683,,ERROR_PROCESSING,,,
121121775,,ERROR_PROCESSING,,,
27532128,,ERROR_PROCESSING,,,
120103486,,ERROR_PROCESSING,,,
169814632,,ERROR_PROCESSING,,,
48448415,,ERROR_PROCESSING,,,
258202719,,ERROR_PROCESSING,,,
121465371,,ERROR_PROCESSING,,,
27914290,,ERROR_PROCESSING,,,
352007758,,ERROR_PROCESSING,,,
28084836,,ERROR_PROCESSING,,,
27233725,,ERROR_PROCESSING,,,
299156353,,ERROR_PROCESSING,,,
123416515,,ERROR_PROCESSING,,,
164723619,,ERROR_PROCESSING,,,
378085713,,ERROR_PROCESSING,,,
123359347,,ERROR_PROCESSING,,,
406952542,,ERROR_PROCESSING,,,
27396869,,ERROR_PROCESSING,,,
158796434,,ERROR_PROCESSING,,,
26962715,,ERROR_PROCESSING,,,
268160061,,ERROR_PROCESSING,,,
298892283,,ERROR_PROCESSING,,,
159449495,,ERROR_PROCESSING,,,
27009720,,ERROR_PROCESSING,,,
399913391,,ERROR_PROCESSING,,,
27531978,,ERROR_PROCESSING,,,
299033164,,ERROR_PROCESSING,,,
63068329,,ERROR_PROCESSING,,,
164785720,,ERROR_PROCESSING,,,
417660218,,ERROR_PROCESSING,,,
271163971,,ERROR_PROCESSING,,,
416279965,,ERROR_PROCESSING,,,
271164755,,ERROR_PROCESSING,,,
159725995,,ERROR_PROCESSING,,,
26657091,,ERROR_PROCESSING,,,
48528770,,ERROR_PROCESSING,,,
137155210,,ERROR_PROCESSING,,,
158983401,,ERROR_PROCESSING,,,
27769688,,ERROR_PROCESSING,,,
158112888,,ERROR_PROCESSING,,,
27239696,,ERROR_PROCESSING,,,
271960115,,ERROR_PROCESSING,,,
170346220,,ERROR_PROCESSING,,,
28159518,,ERROR_PROCESSING,,,
184299435,,ERROR_PROCESSING,,,
27391836,,ERROR_PROCESSING,,,
121734202,,ERROR_PROCESSING,,,
123357864,,ERROR_PROCESSING,,,
271430916,,ERROR_PROCESSING,,,
122070274,,ERROR_PROCESSING,,,
120578712,,ERROR_PROCESSING,,,
351898154,,ERROR_PROCESSING,,,
424815179,,ERROR_PROCESSING,,,
121604440,,ERROR_PROCESSING,,,
120577770,,ERROR_PROCESSING,,,
268604336,,ERROR_PROCESSING,,,
27010191,,ERROR_PROCESSING,,,
271350547,,ERROR_PROCESSING,,,
164890864,,ERROR_PROCESSING,,,
267667467,,ERROR_PROCESSING,,,
123490545,,ERROR_PROCESSING,,,
26416742,,ERROR_PROCESSING,,,
122445076,,ERROR_PROCESSING,,,
351803524,,ERROR_PROCESSING,,,
272078218,,ERROR_PROCESSING,,,
405686888,,ERROR_PROCESSING,,,
377780790,,ERROR_PROCESSING,,,
274022334,,ERROR_PROCESSING,,,
268379849,,ERROR_PROCESSING,,,
267667567,,ERROR_PROCESSING,,,
164654277,,ERROR_PROCESSING,,,
169462917,,ERROR_PROCESSING,,,
417659212,,ERROR_PROCESSING,,,
121333541,,ERROR_PROCESSING,,,
377873569,,ERROR_PROCESSING,,,
123357893,,ERROR_PROCESSING,,,
377909730,,ERROR_PROCESSING,,,
28231454,,ERROR_PROCESSING,,,
273874849,,ERROR_PROCESSING,,,
123408863,,ERROR_PROCESSING,,,
26750065,,ERROR_PROCESSING,,,
273502299,,ERROR_PROCESSING,,,
27396284,,ERROR_PROCESSING,,,
139104940,,ERROR_PROCESSING,,,
138430034,,ERROR_PROCESSING,,,
185335907,,ERROR_PROCESSING,,,
159759306,,ERROR_PROCESSING,,,
269264648,,ERROR_PROCESSING,,,
158664221,,ERROR_PROCESSING,,,
158561566,,ERROR_PROCESSING,,,
122441003,,ERROR_PROCESSING,,,
138968107,,ERROR_PROCESSING,,,
272269239,,ERROR_PROCESSING,,,
48504464,,ERROR_PROCESSING,,,
164882482,,ERROR_PROCESSING,,,
120105470,,ERROR_PROCESSING,,,
159382189,,ERROR_PROCESSING,,,
271546798,,ERROR_PROCESSING,,,
164455792,,ERROR_PROCESSING,,,
159376971,,ERROR_PROCESSING,,,
48451130,,ERROR_PROCESSING,,,
271044777,,ERROR_PROCESSING,,,
48217457,,ERROR_PROCESSING,,,
164884002,,ERROR_PROCESSING,,,
123499118,,ERROR_PROCESSING,,,
158487888,,ERROR_PROCESSING,,,
399821807,,ERROR_PROCESSING,,,
137892408,,ERROR_PROCESSING,,,
164884235,,ERROR_PROCESSING,,,
164833065,,ERROR_PROCESSING,,,
158657354,,ERROR_PROCESSING,,,
28229515,,ERROR_PROCESSING,,,
272605867,,ERROR_PROCESSING,,,
122376998,,ERROR_PROCESSING,,,
405719110,,ERROR_PROCESSING,,,
63283780,,ERROR_PROCESSING,,,
158169713,,ERROR_PROCESSING,,,
27916356,,ERROR_PROCESSING,,,
239238425,,ERROR_PROCESSING,,,
28234096,,ERROR_PROCESSING,,,
48503881,,ERROR_PROCESSING,,,
137317096,,ERROR_PROCESSING,,,
416279965,,ERROR_PROCESSING,,,
243271945,,ERROR_PROCESSING,,,
172373693,,ERROR_PROCESSING,,,
27231753,,ERROR_PROCESSING,,,
299159378,,ERROR_PROCESSING,,,
299218775,,ERROR_PROCESSING,,,
271046140,,ERROR_PROCESSING,,,
123408849,,ERROR_PROCESSING,,,
298836607,,ERROR_PROCESSING,,,
158416263,,ERROR_PROCESSING,,,
26814955,,ERROR_PROCESSING,,,
122066949,,ERROR_PROCESSING,,,
164458488,,ERROR_PROCESSING,,,
121276933,,ERROR_PROCESSING,,,
350813835,,ERROR_PROCESSING,,,
158423850,,ERROR_PROCESSING,,,
158492133,,ERROR_PROCESSING,,,
290032428,,ERROR_PROCESSING,,,
27769688,,ERROR_PROCESSING,,,
169560572,,ERROR_PROCESSING,,,
164881786,,ERROR_PROCESSING,,,
123410927,,ERROR_PROCESSING,,,
27532561,,ERROR_PROCESSING,,,
158731243,,ERROR_PROCESSING,,,
269029175,,ERROR_PROCESSING,,,
272708868,,ERROR_PROCESSING,,,
27987264,,ERROR_PROCESSING,,,
120043638,,ERROR_PROCESSING,,,
169176340,,ERROR_PROCESSING,,,
26584326,,ERROR_PROCESSING,,,
273129679,,ERROR_PROCESSING,,,
272366748,,ERROR_PROCESSING,,,
416266820,,ERROR_PROCESSING,,,
424867045,,ERROR_PROCESSING,,,
121123361,,ERROR_PROCESSING,,,
299160628,,ERROR_PROCESSING,,,
299032517,,ERROR_PROCESSING,,,
405717754,,ERROR_PROCESSING,,,
137557778,,ERROR_PROCESSING,,,
159728250,,ERROR_PROCESSING,,,
417660218,,ERROR_PROCESSING,,,
399825554,,ERROR_PROCESSING,,,
273131021,,ERROR_PROCESSING,,,
299220166,,ERROR_PROCESSING,,,
28084836,,ERROR_PROCESSING,,,
27914290,,ERROR_PROCESSING,,,
164460347,,ERROR_PROCESSING,,,
28090925,,ERROR_PROCESSING,,,
158934047,,ERROR_PROCESSING,,,
123490277,,ERROR_PROCESSING,,,
164646534,,ERROR_PROCESSING,,,
239277658,,ERROR_PROCESSING,,,
158489110,,ERROR_PROCESSING,,,
290035649,,ERROR_PROCESSING,,,
28231454,,ERROR_PROCESSING,,,
63204326,,ERROR_PROCESSING,,,
158218214,,ERROR_PROCESSING,,,
272180918,,ERROR_PROCESSING,,,
299087490,,ERROR_PROCESSING,,,
273036122,,ERROR_PROCESSING,,,
123490545,,ERROR_PROCESSING,,,
275494853,,ERROR_PROCESSING,,,
164999822,,ERROR_PROCESSING,,,
137903329,,ERROR_PROCESSING,,,
121660143,,ERROR_PROCESSING,,,
158631520,,ERROR_PROCESSING,,,
273874849,,ERROR_PROCESSING,,,
184009313,,ERROR_PROCESSING,,,
272078218,,ERROR_PROCESSING,,,
158625761,,ERROR_PROCESSING,,,
164892125,,ERROR_PROCESSING,,,
159571280,,ERROR_PROCESSING,,,
27774415,,ERROR_PROCESSING,,,
351898154,,ERROR_PROCESSING,,,
120421638,,ERROR_PROCESSING,,,
158984590,,ERROR_PROCESSING,,,
27533282,,ERROR_PROCESSING,,,
350738817,,ERROR_PROCESSING,,,
394172596,,ERROR_PROCESSING,,,
121276638,,ERROR_PROCESSING,,,
28364164,,ERROR_PROCESSING,,,
158555987,,ERROR_PROCESSING,,,
137817355,,ERROR_PROCESSING,,,
271164394,,ERROR_PROCESSING,,,
121865605,,ERROR_PROCESSING,,,
27767452,,ERROR_PROCESSING,,,
27006665,,ERROR_PROCESSING,,,
120043084,,ERROR_PROCESSING,,,
123499118,,ERROR_PROCESSING,,,
26817284,,ERROR_PROCESSING,,,
120578688,,ERROR_PROCESSING,,,
158561566,,ERROR_PROCESSING,,,
268383727,,ERROR_PROCESSING,,,
122302031,,ERROR_PROCESSING,,,
48505882,,ERROR_PROCESSING,,,
272842268,,ERROR_PROCESSING,,,
279913214,,ERROR_PROCESSING,,,
138430034,,ERROR_PROCESSING,,,
271355270,,ERROR_PROCESSING,,,
279917005,,ERROR_PROCESSING,,,
158387462,,ERROR_PROCESSING,,,
137150544,,ERROR_PROCESSING,,,
171971636,,ERROR_PROCESSING,,,
264508014,,ERROR_PROCESSING,,,
27534458,,ERROR_PROCESSING,,,
394177315,,ERROR_PROCESSING,,,
48304302,,ERROR_PROCESSING,,,
272945038,,ERROR_PROCESSING,,,
394172692,,ERROR_PROCESSING,,,
267747398,,ERROR_PROCESSING,,,
273690421,,ERROR_PROCESSING,,,
121215710,,ERROR_PROCESSING,,,
159446957,,ERROR_PROCESSING,,,
158626833,,ERROR_PROCESSING,,,
158388163,,ERROR_PROCESSING,,,
27187218,,ERROR_PROCESSING,,,
164555597,,ERROR_PROCESSING,,,
63210324,,ERROR_PROCESSING,,,
273866337,,ERROR_PROCESSING,,,
48131596,,ERROR_PROCESSING,,,
121465404,,ERROR_PROCESSING,,,
159180076,,ERROR_PROCESSING,,,
351191596,,ERROR_PROCESSING,,,
121786521,,ERROR_PROCESSING,,,
27318774,,ERROR_PROCESSING,,,
377781254,,ERROR_PROCESSING,,,
268057162,,ERROR_PROCESSING,,,
123362050,,ERROR_PROCESSING,,,
273681023,,ERROR_PROCESSING,,,
122673489,,ERROR_PROCESSING,,,
272278272,,ERROR_PROCESSING,,,
158171839,,ERROR_PROCESSING,,,
48354224,,ERROR_PROCESSING,,,
48451491,,ERROR_PROCESSING,,,
158660363,,ERROR_PROCESSING,,,
122298422,,ERROR_PROCESSING,,,
416281317,,ERROR_PROCESSING,,,
406950324,,ERROR_PROCESSING,,,
164558468,,ERROR_PROCESSING,,,
123357476,,ERROR_PROCESSING,,,
164414655,,ERROR_PROCESSING,,,
164527012,,ERROR_PROCESSING,,,
270955277,,ERROR_PROCESSING,,,
138569990,,ERROR_PROCESSING,,,
184090767,,ERROR_PROCESSING,,,
48450369,,ERROR_PROCESSING,,,
299153388,,ERROR_PROCESSING,,,
158983792,,ERROR_PROCESSING,,,
123129910,,ERROR_PROCESSING,,,
350814622,,ERROR_PROCESSING,,,
350810590,,ERROR_PROCESSING,,,
121124617,,ERROR_PROCESSING,,,
159098316,,ERROR_PROCESSING,,,
352011875,,ERROR_PROCESSING,,,
399956098,,ERROR_PROCESSING,,,
63288941,,ERROR_PROCESSING,,,
273875149,,ERROR_PROCESSING,,,
27911400,,ERROR_PROCESSING,,,
158842046,,ERROR_PROCESSING,,,
268382450,,ERROR_PROCESSING,,,
120317833,,ERROR_PROCESSING,,,
120253552,,ERROR_PROCESSING,,,
270705374,,ERROR_PROCESSING,,,
184015535,,ERROR_PROCESSING,,,
275570329,,ERROR_PROCESSING,,,
159581842,,ERROR_PROCESSING,,,
394172596,,ERROR_PROCESSING,,,
138097531,,ERROR_PROCESSING,,,
350812580,,ERROR_PROCESSING,,,
299217895,,ERROR_PROCESSING,,,
121603086,,ERROR_PROCESSING,,,
121943724,,ERROR_PROCESSING,,,
138297607,,ERROR_PROCESSING,,,
120105569,,ERROR_PROCESSING,,,
158555483,,ERROR_PROCESSING,,,
158561894,,ERROR_PROCESSING,,,
138365520,,ERROR_PROCESSING,,,
169081296,,ERROR_PROCESSING,,,
48304460,,ERROR_PROCESSING,,,
184008951,,ERROR_PROCESSING,,,
258202336,,ERROR_PROCESSING,,,
138571095,,ERROR_PROCESSING,,,
274030824,,ERROR_PROCESSING,,,
159096688,,ERROR_PROCESSING,,,
158559861,,ERROR_PROCESSING,,,
269357457,,ERROR_PROCESSING,,,
272491981,,ERROR_PROCESSING,,,
158662813,,ERROR_PROCESSING,,,
268823307,,ERROR_PROCESSING,,,
275568400,,ERROR_PROCESSING,,,
184559893,,ERROR_PROCESSING,,,
272601590,,ERROR_PROCESSING,,,
272179260,,ERROR_PROCESSING,,,
270525576,,ERROR_PROCESSING,,,
164892194,,ERROR_PROCESSING,,,
159381747,,ERROR_PROCESSING,,,
27843707,,ERROR_PROCESSING,,,
137408775,,ERROR_PROCESSING,,,
27913951,,ERROR_PROCESSING,,,
164728985,,ERROR_PROCESSING,,,
424865156,,ERROR_PROCESSING,,,
137558813,,ERROR_PROCESSING,,,
270521167,,ERROR_PROCESSING,,,
271040678,,ERROR_PROCESSING,,,
406948151,,ERROR_PROCESSING,,,
298896336,,ERROR_PROCESSING,,,
122068161,,ERROR_PROCESSING,,,
270782121,,ERROR_PROCESSING,,,
272839596,,ERROR_PROCESSING,,,
26748113,,ERROR_PROCESSING,,,
268160366,,ERROR_PROCESSING,,,
27913639,,ERROR_PROCESSING,,,
159050852,,ERROR_PROCESSING,,,
159721091,,ERROR_PROCESSING,,,
120420344,,ERROR_PROCESSING,,,
158551360,,ERROR_PROCESSING,,,
158552258,,ERROR_PROCESSING,,,
137900524,,ERROR_PROCESSING,,,
184427149,,ERROR_PROCESSING,,,
158494681,,ERROR_PROCESSING,,,
158388625,,ERROR_PROCESSING,,,
164884235,,ERROR_PROCESSING,,,
123496782,,ERROR_PROCESSING,,,
27990610,,ERROR_PROCESSING,,,
273043474,,ERROR_PROCESSING,,,
158393923,,ERROR_PROCESSING,,,
63126862,,ERROR_PROCESSING,,,
159099116,,ERROR_PROCESSING,,,
26416803,,ERROR_PROCESSING,,,
158270841,,ERROR_PROCESSING,,,
279918915,,ERROR_PROCESSING,,,
268302011,,ERROR_PROCESSING,,,
159440697,,ERROR_PROCESSING,,,
137892978,,ERROR_PROCESSING,,,
137636895,,ERROR_PROCESSING,,,
158935283,,ERROR_PROCESSING,,,
271349932,,ERROR_PROCESSING,,,
164414655,,ERROR_PROCESSING,,,
123130285,,ERROR_PROCESSING,,,
268060310,,ERROR_PROCESSING,,,
137152419,,ERROR_PROCESSING,,,
122294261,,ERROR_PROCESSING,,,
63119782,,ERROR_PROCESSING,,,
48450369,,ERROR_PROCESSING,,,
158786851,,ERROR_PROCESSING,,,
63284044,,ERROR_PROCESSING,,,
120106432,,ERROR_PROCESSING,,,
27006340,,ERROR_PROCESSING,,,
48354224,,ERROR_PROCESSING,,,
122375047,,ERROR_PROCESSING,,,
159654016,,ERROR_PROCESSING,,,
158172348,,ERROR_PROCESSING,,,
271967039,,ERROR_PROCESSING,,,
237158274,,ERROR_PROCESSING,,,
417676990,,ERROR_PROCESSING,,,
271353794,,ERROR_PROCESSING,,,
164781116,,ERROR_PROCESSING,,,
120314731,,ERROR_PROCESSING,,,
299154193,,ERROR_PROCESSING,,,
170236331,,ERROR_PROCESSING,,,
120571308,,ERROR_PROCESSING,,,
158933249,,ERROR_PROCESSING,,,
63009789,,ERROR_PROCESSING,,,
48305629,,ERROR_PROCESSING,,,
399826020,,ERROR_PROCESSING,,,
271546191,,ERROR_PROCESSING,,,
63365721,,ERROR_PROCESSING,,,
271253957,,ERROR_PROCESSING,,,
164555597,,ERROR_PROCESSING,,,
138969239,,ERROR_PROCESSING,,,
158664692,,ERROR_PROCESSING,,,
164658882,,ERROR_PROCESSING,,,
351801933,,ERROR_PROCESSING,,,
169084431,,ERROR_PROCESSING,,,
273046164,,ERROR_PROCESSING,,,
377782184,,ERROR_PROCESSING,,,
27454084,,ERROR_PROCESSING,,,
137217372,,ERROR_PROCESSING,,,
27843776,,ERROR_PROCESSING,,,
268713285,,ERROR_PROCESSING,,,
169931288,,ERROR_PROCESSING,,,
26817004,,ERROR_PROCESSING,,,
122443195,,ERROR_PROCESSING,,,
272845785,,ERROR_PROCESSING,,,
120355363,,ERROR_PROCESSING,,,
120253552,,ERROR_PROCESSING,,,
27318774,,ERROR_PROCESSING,,,
271046694,,ERROR_PROCESSING,,,
158114283,,ERROR_PROCESSING,,,
351191596,,ERROR_PROCESSING,,,
275570329,,ERROR_PROCESSING,,,
159098316,,ERROR_PROCESSING,,,
351803452,,ERROR_PROCESSING,,,
122712595,,ERROR_PROCESSING,,,
271260980,,ERROR_PROCESSING,,,
159579593,,ERROR_PROCESSING,,,
158984573,,ERROR_PROCESSING,,,
271663670,,ERROR_PROCESSING,,,
416279912,,ERROR_PROCESSING,,,
158484518,,ERROR_PROCESSING,,,
137550286,,ERROR_PROCESSING,,,
122298563,,ERROR_PROCESSING,,,
159046962,,ERROR_PROCESSING,,,
164522394,,ERROR_PROCESSING,,,
121603761,,ERROR_PROCESSING,,,
164522561,,ERROR_PROCESSING,,,
28361088,,ERROR_PROCESSING,,,
27913639,,ERROR_PROCESSING,,,
122066280,,ERROR_PROCESSING,,,
28159758,,ERROR_PROCESSING,,,
169176556,,ERROR_PROCESSING,,,
63072565,,ERROR_PROCESSING,,,
26584080,,ERROR_PROCESSING,,,
164883912,,ERROR_PROCESSING,,,
269269546,,ERROR_PROCESSING,,,
268704766,,ERROR_PROCESSING,,,
164674711,,ERROR_PROCESSING,,,
159395366,,ERROR_PROCESSING,,,
138972811,,ERROR_PROCESSING,,,
272837755,,ERROR_PROCESSING,,,
48188777,,ERROR_PROCESSING,,,
159444082,,ERROR_PROCESSING,,,
171585303,,ERROR_PROCESSING,,,
184554925,,ERROR_PROCESSING,,,
122442334,,ERROR_PROCESSING,,,
399951991,,ERROR_PROCESSING,,,
237188153,,ERROR_PROCESSING,,,
158272257,,ERROR_PROCESSING,,,
27992970,,ERROR_PROCESSING,,,
336266673,,ERROR_PROCESSING,,,
120825566,,ERROR_PROCESSING,,,
159054620,,ERROR_PROCESSING,,,
267991349,,ERROR_PROCESSING,,,
164828012,,ERROR_PROCESSING,,,
123231081,,ERROR_PROCESSING,,,
158487890,,ERROR_PROCESSING,,,
159397031,,ERROR_PROCESSING,,,
258349285,,ERROR_PROCESSING,,,
48421337,,ERROR_PROCESSING,,,
28448711,,ERROR_PROCESSING,,,
27082724,,ERROR_PROCESSING,,,
274017990,,ERROR_PROCESSING,,,
121660826,,ERROR_PROCESSING,,,
48353358,,ERROR_PROCESSING,,,
158554588,,ERROR_PROCESSING,,,
27847307,,ERROR_PROCESSING,,,
137627194,,ERROR_PROCESSING,,,
123413463,,ERROR_PROCESSING,,,
137900524,,ERROR_PROCESSING,,,
272074477,,ERROR_PROCESSING,,,
272601375,,ERROR_PROCESSING,,,
267673013,,ERROR_PROCESSING,,,
159050004,,ERROR_PROCESSING,,,
138364831,,ERROR_PROCESSING,,,
271262203,,ERROR_PROCESSING,,,
158625964,,ERROR_PROCESSING,,,
271964647,,ERROR_PROCESSING,,,
27913951,,ERROR_PROCESSING,,,
164557035,,ERROR_PROCESSING,,,
63122956,,ERROR_PROCESSING,,,
271430806,,ERROR_PROCESSING,,,
405688133,,ERROR_PROCESSING,,,
405719448,,ERROR_PROCESSING,,,
272488625,,ERROR_PROCESSING,,,
27014562,,ERROR_PROCESSING,,,
48419097,,ERROR_PROCESSING,,,
27912642,,ERROR_PROCESSING,,,
158317637,,ERROR_PROCESSING,,,
28230919,,ERROR_PROCESSING,,,
48354835,,ERROR_PROCESSING,,,
158843826,,ERROR_PROCESSING,,,
268612417,,ERROR_PROCESSING,,,
239306681,,ERROR_PROCESSING,,,
164529393,,ERROR_PROCESSING,,,
120043084,,ERROR_PROCESSING,,,
377908774,,ERROR_PROCESSING,,,
350812580,,ERROR_PROCESSING,,,
121215807,,ERROR_PROCESSING,,,
137899873,,ERROR_PROCESSING,,,
271355270,,ERROR_PROCESSING,,,
122597057,,ERROR_PROCESSING,,,
273876171,,ERROR_PROCESSING,,,
350810590,,ERROR_PROCESSING,,,
158322296,,ERROR_PROCESSING,,,
158322085,,ERROR_PROCESSING,,,
159098316,,ERROR_PROCESSING,,,
123415040,,ERROR_PROCESSING,,,
27534458,,ERROR_PROCESSING,,,
122442545,,ERROR_PROCESSING,,,
121786630,,ERROR_PROCESSING,,,
137402055,,ERROR_PROCESSING,,,
137635103,,ERROR_PROCESSING,,,
264508014,,ERROR_PROCESSING,,,
27639443,,ERROR_PROCESSING,,,
158170594,,ERROR_PROCESSING,,,
120689253,,ERROR_PROCESSING,,,
270705258,,ERROR_PROCESSING,,,
159716174,,ERROR_PROCESSING,,,
121214185,,ERROR_PROCESSING,,,
159654016,,ERROR_PROCESSING,,,
159763602,,ERROR_PROCESSING,,,
271347291,,ERROR_PROCESSING,,,
138569990,,ERROR_PROCESSING,,,
184247532,,ERROR_PROCESSING,,,
27774415,,ERROR_PROCESSING,,,
138425797,,ERROR_PROCESSING,,,
416281317,,ERROR_PROCESSING,,,
290033595,,ERROR_PROCESSING,,,
137903329,,ERROR_PROCESSING,,,
139034625,,ERROR_PROCESSING,,,
48450369,,ERROR_PROCESSING,,,
164999822,,ERROR_PROCESSING,,,
184090767,,ERROR_PROCESSING,,,
158992508,,ERROR_PROCESSING,,,
274031725,,ERROR_PROCESSING,,,
164555597,,ERROR_PROCESSING,,,
27318774,,ERROR_PROCESSING,,,
27007509,,ERROR_PROCESSING,,,
270788519,,ERROR_PROCESSING,,,
184418214,,ERROR_PROCESSING,,,
164781116,,ERROR_PROCESSING,,,
171971913,,ERROR_PROCESSING,,,
121944984,,ERROR_PROCESSING,,,
267747398,,ERROR_PROCESSING,,,
26474039,,ERROR_PROCESSING,,,
158555987,,ERROR_PROCESSING,,,
26541079,,ERROR_PROCESSING,,,
237192046,,ERROR_PROCESSING,,,
27845000,,ERROR_PROCESSING,,,
120043638,,ERROR_PROCESSING,,,
27987264,,ERROR_PROCESSING,,,
184417625,,ERROR_PROCESSING,,,
158489787,,ERROR_PROCESSING,,,
137342468,,ERROR_PROCESSING,,,
171972797,,ERROR_PROCESSING,,,
164881786,,ERROR_PROCESSING,,,
350738167,,ERROR_PROCESSING,,,
399825584,,ERROR_PROCESSING,,,
158631520,,ERROR_PROCESSING,,,
299089587,,ERROR_PROCESSING,,,
299087490,,ERROR_PROCESSING,,,
164786156,,ERROR_PROCESSING,,,
138433618,,ERROR_PROCESSING,,,
272366748,,ERROR_PROCESSING,,,
121946404,,ERROR_PROCESSING,,,
120893436,,ERROR_PROCESSING,,,
123496782,,ERROR_PROCESSING,,,
399825554,,ERROR_PROCESSING,,,
417655835,,ERROR_PROCESSING,,,
272496083,,ERROR_PROCESSING,,,
405688133,,ERROR_PROCESSING,,,
272278496,,ERROR_PROCESSING,,,
138431008,,ERROR_PROCESSING,,,
158274583,,ERROR_PROCESSING,,,
377909767,,ERROR_PROCESSING,,,
273132699,,ERROR_PROCESSING,,,
158625964,,ERROR_PROCESSING,,,
299220166,,ERROR_PROCESSING,,,
164525250,,ERROR_PROCESSING,,,
159226052,,ERROR_PROCESSING,,,
164724987,,ERROR_PROCESSING,,,
272602477,,ERROR_PROCESSING,,,
48506710,,ERROR_PROCESSING,,,
290005350,,ERROR_PROCESSING,,,
120317234,,ERROR_PROCESSING,,,
424865156,,ERROR_PROCESSING,,,
158731868,,ERROR_PROCESSING,,,
27187386,,ERROR_PROCESSING,,,
137408775,,ERROR_PROCESSING,,,
158218731,,ERROR_PROCESSING,,,
164892142,,ERROR_PROCESSING,,,
158428960,,ERROR_PROCESSING,,,
243271051,,ERROR_PROCESSING,,,
158727691,,ERROR_PROCESSING,,,
164726831,,ERROR_PROCESSING,,,
170346081,,ERROR_PROCESSING,,,
158931258,,ERROR_PROCESSING,,,
158785055,,ERROR_PROCESSING,,,
298962633,,ERROR_PROCESSING,,,
394174412,,ERROR_PROCESSING,,,
268823307,,ERROR_PROCESSING,,,
28448711,,ERROR_PROCESSING,,,
169081296,,ERROR_PROCESSING,,,
158113449,,ERROR_PROCESSING,,,
158489897,,ERROR_PROCESSING,,,
299159378,,ERROR_PROCESSING,,,
48217852,,ERROR_PROCESSING,,,
290034960,,ERROR_PROCESSING,,,
270619260,,ERROR_PROCESSING,,,
269357457,,ERROR_PROCESSING,,,
138213510,,ERROR_PROCESSING,,,
138571095,,ERROR_PROCESSING,,,
122785299,,ERROR_PROCESSING,,,
120105003,,ERROR_PROCESSING,,,
164458488,,ERROR_PROCESSING,,,
271546110,,ERROR_PROCESSING,,,
273231214,,ERROR_PROCESSING,,,
138365520,,ERROR_PROCESSING,,,
48132154,,ERROR_PROCESSING,,,
123450224,,ERROR_PROCESSING,,,
63000832,,ERROR_PROCESSING,,,
159521326,,ERROR_PROCESSING,,,
272279290,,ERROR_PROCESSING,,,
28227113,,ERROR_PROCESSING,,,
377909730,,ERROR_PROCESSING,,,
122441491,,ERROR_PROCESSING,,,
27846348,,ERROR_PROCESSING,,,
121013472,,ERROR_PROCESSING,,,
239287963,,ERROR_PROCESSING,,,
63293562,,ERROR_PROCESSING,,,
159520040,,ERROR_PROCESSING,,,
171882123,,ERROR_PROCESSING,,,
48304653,,ERROR_PROCESSING,,,
350737935,,ERROR_PROCESSING,,,
63069779,,ERROR_PROCESSING,,,
159759306,,ERROR_PROCESSING,,,
120578889,,ERROR_PROCESSING,,,
399860218,,ERROR_PROCESSING,,,
350812580,,ERROR_PROCESSING,,,
159050690,,ERROR_PROCESSING,,,
164882482,,ERROR_PROCESSING,,,
274198958,,ERROR_PROCESSING,,,
120105470,,ERROR_PROCESSING,,,
272180958,,ERROR_PROCESSING,,,
170346516,,ERROR_PROCESSING,,,
122441003,,ERROR_PROCESSING,,,
350810559,,ERROR_PROCESSING,,,
159376971,,ERROR_PROCESSING,,,
267569980,,ERROR_PROCESSING,,,
275496016,,ERROR_PROCESSING,,,
158213683,,ERROR_PROCESSING,,,
275570329,,ERROR_PROCESSING,,,
120496423,,ERROR_PROCESSING,,,
275573295,,ERROR_PROCESSING,,,
164781116,,ERROR_PROCESSING,,,
377781254,,ERROR_PROCESSING,,,
27912642,,ERROR_PROCESSING,,,
164785720,,ERROR_PROCESSING,,,
27010191,,ERROR_PROCESSING,,,
394172692,,ERROR_PROCESSING,,,
120973167,,ERROR_PROCESSING,,,
159649503,,ERROR_PROCESSING,,,
170236331,,ERROR_PROCESSING,,,
137413972,,ERROR_PROCESSING,,,
27774043,,ERROR_PROCESSING,,,
273234825,,ERROR_PROCESSING,,,
28230581,,ERROR_PROCESSING,,,
169175503,,ERROR_PROCESSING,,,
351072172,,ERROR_PROCESSING,,,
267667467,,ERROR_PROCESSING,,,
351908051,,ERROR_PROCESSING,,,
158786851,,ERROR_PROCESSING,,,
120689253,,ERROR_PROCESSING,,,
377873569,,ERROR_PROCESSING,,,
48354224,,ERROR_PROCESSING,,,
26488618,,ERROR_PROCESSING,,,
27639443,,ERROR_PROCESSING,,,
399911496,,ERROR_PROCESSING,,,
273685548,,ERROR_PROCESSING,,,
159654016,,ERROR_PROCESSING,,,
121214185,,ERROR_PROCESSING,,,
122515955,,ERROR_PROCESSING,,,
120572779,,ERROR_PROCESSING,,,
137556626,,ERROR_PROCESSING,,,
298837729,,ERROR_PROCESSING,,,
121734006,,ERROR_PROCESSING,,,
164460740,,ERROR_PROCESSING,,,
267570002,,ERROR_PROCESSING,,,
164723619,,ERROR_PROCESSING,,,
158796434,,ERROR_PROCESSING,,,
272836943,,ERROR_PROCESSING,,,
272943597,,ERROR_PROCESSING,,,
26472830,,ERROR_PROCESSING,,,
63282889,,ERROR_PROCESSING,,,
26656768,,ERROR_PROCESSING,,,
158660814,,ERROR_PROCESSING,,,
272601375,,ERROR_PROCESSING,,,
405688133,,ERROR_PROCESSING,,,
394174221,,ERROR_PROCESSING,,,
351799800,,ERROR_PROCESSING,,,
159305424,,ERROR_PROCESSING,,,
158554588,,ERROR_PROCESSING,,,
137155210,,ERROR_PROCESSING,,,
164654277,,ERROR_PROCESSING,,,
169457234,,ERROR_PROCESSING,,,
275569784,,ERROR_PROCESSING,,,
158215347,,ERROR_PROCESSING,,,
28159518,,ERROR_PROCESSING,,,
298961646,,ERROR_PROCESSING,,,
159393734,,ERROR_PROCESSING,,,
279918915,,ERROR_PROCESSING,,,
273582656,,ERROR_PROCESSING,,,
184554925,,ERROR_PROCESSING,,,
269119490,,ERROR_PROCESSING,,,
171029578,,ERROR_PROCESSING,,,
299028607,,ERROR_PROCESSING,,,
271159950,,ERROR_PROCESSING,,,
273592336,,ERROR_PROCESSING,,,
123231081,,ERROR_PROCESSING,,,
123357893,,ERROR_PROCESSING,,,
138972811,,ERROR_PROCESSING,,,
26541175,,ERROR_PROCESSING,,,
138096962,,ERROR_PROCESSING,,,
137409501,,ERROR_PROCESSING,,,
121731834,,ERROR_PROCESSING,,,
271348323,,ERROR_PROCESSING,,,
158392088,,ERROR_PROCESSING,,,
158108219,,ERROR_PROCESSING,,,
258348597,,ERROR_PROCESSING,,,
137558813,,ERROR_PROCESSING,,,
258202719,,ERROR_PROCESSING,,,
120317234,,ERROR_PROCESSING,,,
120899838,,ERROR_PROCESSING,,,
48353636,,ERROR_PROCESSING,,,
27458633,,ERROR_PROCESSING,,,
137545963,,ERROR_PROCESSING,,,
268712158,,ERROR_PROCESSING,,,
158662352,,ERROR_PROCESSING,,,
416266465,,ERROR_PROCESSING,,,
123231081,,ERROR_PROCESSING,,,
27239111,,ERROR_PROCESSING,,,
158487658,,ERROR_PROCESSING,,,
27769688,,ERROR_PROCESSING,,,
272840455,,ERROR_PROCESSING,,,
298897851,,ERROR_PROCESSING,,,
267669725,,ERROR_PROCESSING,,,
27847307,,ERROR_PROCESSING,,,
138477646,,ERROR_PROCESSING,,,
159725995,,ERROR_PROCESSING,,,
159439931,,ERROR_PROCESSING,,,
270615037,,ERROR_PROCESSING,,,
63066410,,ERROR_PROCESSING,,,
63076026,,ERROR_PROCESSING,,,
28234022,,ERROR_PROCESSING,,,
138364831,,ERROR_PROCESSING,,,
271262203,,ERROR_PROCESSING,,,
164785771,,ERROR_PROCESSING,,,
417660218,,ERROR_PROCESSING,,,
137411481,,ERROR_PROCESSING,,,
121731834,,ERROR_PROCESSING,,,
164557035,,ERROR_PROCESSING,,,
407001624,,ERROR_PROCESSING,,,
123359347,,ERROR_PROCESSING,,,
27534138,,ERROR_PROCESSING,,,
164411478,,ERROR_PROCESSING,,,
48448415,,ERROR_PROCESSING,,,
158175366,,ERROR_PROCESSING,,,
48131702,,ERROR_PROCESSING,,,
159581434,,ERROR_PROCESSING,,,
164830167,,ERROR_PROCESSING,,,
158551888,,ERROR_PROCESSING,,,
243271945,,ERROR_PROCESSING,,,
273373488,,ERROR_PROCESSING,,,
164456037,,ERROR_PROCESSING,,,
158434144,,ERROR_PROCESSING,,,
269269546,,ERROR_PROCESSING,,,
352007758,,ERROR_PROCESSING,,,
120629799,,ERROR_PROCESSING,,,
164522394,,ERROR_PROCESSING,,,
268924036,,ERROR_PROCESSING,,,
159768168,,ERROR_PROCESSING,,,
399951991,,ERROR_PROCESSING,,,
272174474,,ERROR_PROCESSING,,,
63066101,,ERROR_PROCESSING,,,
184167421,,ERROR_PROCESSING,,,
48419201,,ERROR_PROCESSING,,,
27532033,,ERROR_PROCESSING,,,
272837755,,ERROR_PROCESSING,,,
272844987,,ERROR_PROCESSING,,,
273875635,,ERROR_PROCESSING,,,
275573748,,ERROR_PROCESSING,,,
27992970,,ERROR_PROCESSING,,,
48217265,,ERROR_PROCESSING,,,
399794420,,ERROR_PROCESSING,,,
270956861,,ERROR_PROCESSING,,,
159054620,,ERROR_PROCESSING,,,
122682249,,ERROR_PROCESSING,,,
138568968,,ERROR_PROCESSING,,,
27531854,,ERROR_PROCESSING,,,
377871791,,ERROR_PROCESSING,,,
271354634,,ERROR_PROCESSING,,,
273046164,,ERROR_PROCESSING,,,
399912169,,ERROR_PROCESSING,,,
48217457,,ERROR_PROCESSING,,,
164828419,,ERROR_PROCESSING,,,
168816237,,ERROR_PROCESSING,,,
159382189,,ERROR_PROCESSING,,,
63120970,,ERROR_PROCESSING,,,
270704515,,ERROR_PROCESSING,,,
121214078,,ERROR_PROCESSING,,,
159216808,,ERROR_PROCESSING,,,
27530849,,ERROR_PROCESSING,,,
120688631,,ERROR_PROCESSING,,,
158552426,,ERROR_PROCESSING,,,
26656435,,ERROR_PROCESSING,,,
159579593,,ERROR_PROCESSING,,,
122712595,,ERROR_PROCESSING,,,
164786172,,ERROR_PROCESSING,,,
273874849,,ERROR_PROCESSING,,,
273502299,,ERROR_PROCESSING,,,
27847814,,ERROR_PROCESSING,,,
270611154,,ERROR_PROCESSING,,,
139104940,,ERROR_PROCESSING,,,
158840828,,ERROR_PROCESSING,,,
28361088,,ERROR_PROCESSING,,,
273591945,,ERROR_PROCESSING,,,
169175503,,ERROR_PROCESSING,,,
137547023,,ERROR_PROCESSING,,,
159046962,,ERROR_PROCESSING,,,
279917005,,ERROR_PROCESSING,,,
299029323,,ERROR_PROCESSING,,,
27529656,,ERROR_PROCESSING,,,
417655814,,ERROR_PROCESSING,,,
27530621,,ERROR_PROCESSING,,,
272078218,,ERROR_PROCESSING,,,
377780790,,ERROR_PROCESSING,,,
63284044,,ERROR_PROCESSING,,,
169462917,,ERROR_PROCESSING,,,
123445166,,ERROR_PROCESSING,,,
122515768,,ERROR_PROCESSING,,,
159451957,,ERROR_PROCESSING,,,
122375047,,ERROR_PROCESSING,,,
158394235,,ERROR_PROCESSING,,,
137817355,,ERROR_PROCESSING,,,
121022533,,ERROR_PROCESSING,,,
158933249,,ERROR_PROCESSING,,,
352013661,,ERROR_PROCESSING,,,
299161524,,ERROR_PROCESSING,,,
270611599,,ERROR_PROCESSING,,,
138969239,,ERROR_PROCESSING,,,
121461701,,ERROR_PROCESSING,,,
158427808,,ERROR_PROCESSING,,,
120693914,,ERROR_PROCESSING,,,
26815908,,ERROR_PROCESSING,,,
123357864,,ERROR_PROCESSING,,,
121333305,,ERROR_PROCESSING,,,
158839043,,ERROR_PROCESSING,,,
351803495,,ERROR_PROCESSING,,,
399826842,,ERROR_PROCESSING,,,
122063843,,ERROR_PROCESSING,,,
169082553,,ERROR_PROCESSING,,,
271162671,,ERROR_PROCESSING,,,
378085713,,ERROR_PROCESSING,,,
169556484,,ERROR_PROCESSING,,,
164407908,,ERROR_PROCESSING,,,
121215710,,ERROR_PROCESSING,,,
273231214,,ERROR_PROCESSING,,,
273875635,,ERROR_PROCESSING,,,
137815803,,ERROR_PROCESSING,,,
270700432,,ERROR_PROCESSING,,,
405717754,,ERROR_PROCESSING,,,
63126862,,ERROR_PROCESSING,,,
271968263,,ERROR_PROCESSING,,,
27532033,,ERROR_PROCESSING,,,
273043474,,ERROR_PROCESSING,,,
123357476,,ERROR_PROCESSING,,,
123362984,,ERROR_PROCESSING,,,
159763612,,ERROR_PROCESSING,,,
417660580,,ERROR_PROCESSING,,,
268612521,,ERROR_PROCESSING,,,
273379660,,ERROR_PROCESSING,,,
27531854,,ERROR_PROCESSING,,,
120105633,,ERROR_PROCESSING,,,
159578156,,ERROR_PROCESSING,,,
164525875,,ERROR_PROCESSING,,,
63368895,,ERROR_PROCESSING,,,
399794420,,ERROR_PROCESSING,,,
267667295,,ERROR_PROCESSING,,,
158625687,,ERROR_PROCESSING,,,
159096688,,ERROR_PROCESSING,,,
28357724,,ERROR_PROCESSING,,,
273036401,,ERROR_PROCESSING,,,
158269049,,ERROR_PROCESSING,,,
121603852,,ERROR_PROCESSING,,,
237189544,,ERROR_PROCESSING,,,
28448998,,ERROR_PROCESSING,,,
122066892,,ERROR_PROCESSING,,,
137151335,,ERROR_PROCESSING,,,
267749620,,ERROR_PROCESSING,,,
48528473,,ERROR_PROCESSING,,,
27988327,,ERROR_PROCESSING,,,
164836049,,ERROR_PROCESSING,,,
352007758,,ERROR_PROCESSING,,,
158633329,,ERROR_PROCESSING,,,
48503881,,ERROR_PROCESSING,,,
271662623,,ERROR_PROCESSING,,,
258203566,,ERROR_PROCESSING,,,
164892194,,ERROR_PROCESSING,,,
63283780,,ERROR_PROCESSING,,,
405719110,,ERROR_PROCESSING,,,
239229224,,ERROR_PROCESSING,,,
159642269,,ERROR_PROCESSING,,,
122062591,,ERROR_PROCESSING,,,
158657354,,ERROR_PROCESSING,,,
159652365,,ERROR_PROCESSING,,,
258203303,,ERROR_PROCESSING,,,
405719252,,ERROR_PROCESSING,,,
243271945,,ERROR_PROCESSING,,,
47976987,,ERROR_PROCESSING,,,
27006192,,ERROR_PROCESSING,,,
48352404,,ERROR_PROCESSING,,,
159171904,,ERROR_PROCESSING,,,
271158747,,ERROR_PROCESSING,,,
138430034,,ERROR_PROCESSING,,,
138099276,,ERROR_PROCESSING,,,
158983792,,ERROR_PROCESSING,,,
122300177,,ERROR_PROCESSING,,,
123129910,,ERROR_PROCESSING,,,
279917005,,ERROR_PROCESSING,,,
120688631,,ERROR_PROCESSING,,,
164413187,,ERROR_PROCESSING,,,
272178989,,ERROR_PROCESSING,,,
164886812,,ERROR_PROCESSING,,,
158320130,,ERROR_PROCESSING,,,
271352188,,ERROR_PROCESSING,,,
269262974,,ERROR_PROCESSING,,,
159726559,,ERROR_PROCESSING,,,
299161524,,ERROR_PROCESSING,,,
158487005,,ERROR_PROCESSING,,,
121458707,,ERROR_PROCESSING,,,
123447451,,ERROR_PROCESSING,,,
158561566,,ERROR_PROCESSING,,,
273383120,,ERROR_PROCESSING,,,
271354634,,ERROR_PROCESSING,,,
121943724,,ERROR_PROCESSING,,,
351898154,,ERROR_PROCESSING,,,
164884235,,ERROR_PROCESSING,,,
267989336,,ERROR_PROCESSING,,,
48451562,,ERROR_PROCESSING,,,
417659456,,ERROR_PROCESSING,,,
267746315,,ERROR_PROCESSING,,,
121333305,,ERROR_PROCESSING,,,
168812474,,ERROR_PROCESSING,,,
351803495,,ERROR_PROCESSING,,,
158388163,,ERROR_PROCESSING,,,
120962548,,ERROR_PROCESSING,,,
137817355,,ERROR_PROCESSING,,,
271881331,,ERROR_PROCESSING,,,
28230919,,ERROR_PROCESSING,,,
158551360,,ERROR_PROCESSING,,,
137211068,,ERROR_PROCESSING,,,
298896336,,ERROR_PROCESSING,,,
122451550,,ERROR_PROCESSING,,,
63373862,,ERROR_PROCESSING,,,
158215023,,ERROR_PROCESSING,,,
164778883,,ERROR_PROCESSING,,,
377780790,,ERROR_PROCESSING,,,
239277658,,ERROR_PROCESSING,,,
273507060,,ERROR_PROCESSING,,,
122706631,,ERROR_PROCESSING,,,
159580705,,ERROR_PROCESSING,,,
159580535,,ERROR_PROCESSING,,,
27847814,,ERROR_PROCESSING,,,
406950324,,ERROR_PROCESSING,,,
299158566,,ERROR_PROCESSING,,,
139036617,,ERROR_PROCESSING,,,
28089606,,ERROR_PROCESSING,,,
122673489,,ERROR_PROCESSING,,,
122515768,,ERROR_PROCESSING,,,
268387099,,ERROR_PROCESSING,,,
158218178,,ERROR_PROCESSING,,,
164730843,,ERROR_PROCESSING,,,
158270841,,ERROR_PROCESSING,,,
158114249,,ERROR_PROCESSING,,,
377915758,,ERROR_PROCESSING,,,
239225129,,ERROR_PROCESSING,,,
158489110,,ERROR_PROCESSING,,,
271164778,,ERROR_PROCESSING,,,
122451550,,ERROR_PROCESSING,,,
63373862,,ERROR_PROCESSING,,,
137817355,,ERROR_PROCESSING,,,
121020728,,ERROR_PROCESSING,,,
137211068,,ERROR_PROCESSING,,,
271256817,,ERROR_PROCESSING,,,
137154728,,ERROR_PROCESSING,,,
122680921,,ERROR_PROCESSING,,,
123416753,,ERROR_PROCESSING,,,
269263577,,ERROR_PROCESSING,,,
123416515,,ERROR_PROCESSING,,,
351803495,,ERROR_PROCESSING,,,
158388163,,ERROR_PROCESSING,,,
164555597,,ERROR_PROCESSING,,,
273045068,,ERROR_PROCESSING,,,
399826741,,ERROR_PROCESSING,,,
158561566,,ERROR_PROCESSING,,,
164828419,,ERROR_PROCESSING,,,
169079027,,ERROR_PROCESSING,,,
273141643,,ERROR_PROCESSING,,,
122442334,,ERROR_PROCESSING,,,
63214717,,ERROR_PROCESSING,,,
137903329,,ERROR_PROCESSING,,,
48450369,,ERROR_PROCESSING,,,
164999822,,ERROR_PROCESSING,,,
273378026,,ERROR_PROCESSING,,,
158984916,,ERROR_PROCESSING,,,
28089606,,ERROR_PROCESSING,,,
27455225,,ERROR_PROCESSING,,,
158552426,,ERROR_PROCESSING,,,
122375047,,ERROR_PROCESSING,,,
268387099,,ERROR_PROCESSING,,,
159580705,,ERROR_PROCESSING,,,
272491028,,ERROR_PROCESSING,,,
239277658,,ERROR_PROCESSING,,,
299158566,,ERROR_PROCESSING,,,
273234825,,ERROR_PROCESSING,,,
406950324,,ERROR_PROCESSING,,,
159098316,,ERROR_PROCESSING,,,
48421337,,ERROR_PROCESSING,,,
271352188,,ERROR_PROCESSING,,,
122712595,,ERROR_PROCESSING,,,
264508014,,ERROR_PROCESSING,,,
267746941,,ERROR_PROCESSING,,,
164828012,,ERROR_PROCESSING,,,
120688631,,ERROR_PROCESSING,,,
270954695,,ERROR_PROCESSING,,,
63372898,,ERROR_PROCESSING,,,
159226202,,ERROR_PROCESSING,,,
272178989,,ERROR_PROCESSING,,,
48353358,,ERROR_PROCESSING,,,
28227113,,ERROR_PROCESSING,,,
279917005,,ERROR_PROCESSING,,,
123413463,,ERROR_PROCESSING,,,
159046962,,ERROR_PROCESSING,,,
27006192,,ERROR_PROCESSING,,,
26493559,,ERROR_PROCESSING,,,
48352404,,ERROR_PROCESSING,,,
158427808,,ERROR_PROCESSING,,,
271354634,,ERROR_PROCESSING,,,
158394286,,ERROR_PROCESSING,,,
290035455,,ERROR_PROCESSING,,,
271052158,,ERROR_PROCESSING,,,
120693914,,ERROR_PROCESSING,,,
121943724,,ERROR_PROCESSING,,,
270615136,,ERROR_PROCESSING,,,
123230993,,ERROR_PROCESSING,,,
273499989,,ERROR_PROCESSING,,,
158219569,,ERROR_PROCESSING,,,
424815791,,ERROR_PROCESSING,,,
123447451,,ERROR_PROCESSING,,,
271970692,,ERROR_PROCESSING,,,
299218299,,ERROR_PROCESSING,,,
120495241,,ERROR_PROCESSING,,,
164458488,,ERROR_PROCESSING,,,
123130285,,ERROR_PROCESSING,,,
27081773,,ERROR_PROCESSING,,,
299159378,,ERROR_PROCESSING,,,
48217852,,ERROR_PROCESSING,,,
158325998,,ERROR_PROCESSING,,,
159096688,,ERROR_PROCESSING,,,
239287622,,ERROR_PROCESSING,,,
27766705,,ERROR_PROCESSING,,,
123499226,,ERROR_PROCESSING,,,
399826020,,ERROR_PROCESSING,,,
158172348,,ERROR_PROCESSING,,,
417676990,,ERROR_PROCESSING,,,
271662623,,ERROR_PROCESSING,,,
299154193,,ERROR_PROCESSING,,,
159642269,,ERROR_PROCESSING,,,
275491028,,ERROR_PROCESSING,,,
275490218,,ERROR_PROCESSING,,,
164658882,,ERROR_PROCESSING,,,
272715773,,ERROR_PROCESSING,,,
407001589,,ERROR_PROCESSING,,,
120044687,,ERROR_PROCESSING,,,
137900524,,ERROR_PROCESSING,,,
239275865,,ERROR_PROCESSING,,,
158552258,,ERROR_PROCESSING,,,
269032792,,ERROR_PROCESSING,,,
271262203,,ERROR_PROCESSING,,,
351192037,,ERROR_PROCESSING,,,
164458714,,ERROR_PROCESSING,,,
169556484,,ERROR_PROCESSING,,,
164525250,,ERROR_PROCESSING,,,
158625964,,ERROR_PROCESSING,,,
299220166,,ERROR_PROCESSING,,,
271162671,,ERROR_PROCESSING,,,
27776674,,ERROR_PROCESSING,,,
424864368,,ERROR_PROCESSING,,,
399825554,,ERROR_PROCESSING,,,
159647910,,ERROR_PROCESSING,,,
164557035,,ERROR_PROCESSING,,,
270782121,,ERROR_PROCESSING,,,
122063843,,ERROR_PROCESSING,,,
158984573,,ERROR_PROCESSING,,,
121603794,,ERROR_PROCESSING,,,
27397848,,ERROR_PROCESSING,,,
139158696,,ERROR_PROCESSING,,,
121603761,,ERROR_PROCESSING,,,
164522394,,ERROR_PROCESSING,,,
27987264,,ERROR_PROCESSING,,,
159763612,,ERROR_PROCESSING,,,
27916356,,ERROR_PROCESSING,,,
123362984,,ERROR_PROCESSING,,,
26817863,,ERROR_PROCESSING,,,
416279912,,ERROR_PROCESSING,,,
164881786,,ERROR_PROCESSING,,,
271968263,,ERROR_PROCESSING,,,
122515768,,ERROR_PROCESSING,,,
122136712,,ERROR_PROCESSING,,,
169462917,,ERROR_PROCESSING,,,
48354224,,ERROR_PROCESSING,,,
137686948,,ERROR_PROCESSING,,,
122375047,,ERROR_PROCESSING,,,
164886812,,ERROR_PROCESSING,,,
138299395,,ERROR_PROCESSING,,,
48304460,,ERROR_PROCESSING,,,
158320130,,ERROR_PROCESSING,,,
377780790,,ERROR_PROCESSING,,,
159642189,,ERROR_PROCESSING,,,
406950324,,ERROR_PROCESSING,,,
164414655,,ERROR_PROCESSING,,,
137683938,,ERROR_PROCESSING,,,
169932440,,ERROR_PROCESSING,,,
271752712,,ERROR_PROCESSING,,,
27010191,,ERROR_PROCESSING,,,
394172692,,ERROR_PROCESSING,,,
26815908,,ERROR_PROCESSING,,,
158388163,,ERROR_PROCESSING,,,
159381747,,ERROR_PROCESSING,,,
164728985,,ERROR_PROCESSING,,,
271355361,,ERROR_PROCESSING,,,
377781254,,ERROR_PROCESSING,,,
184299435,,ERROR_PROCESSING,,,
27846759,,ERROR_PROCESSING,,,
121602473,,ERROR_PROCESSING,,,
159050852,,ERROR_PROCESSING,,,
158551360,,ERROR_PROCESSING,,,
120253552,,ERROR_PROCESSING,,,
63120970,,ERROR_PROCESSING,,,
298896336,,ERROR_PROCESSING,,,
122068161,,ERROR_PROCESSING,,,
275570329,,ERROR_PROCESSING,,,
271669616,,ERROR_PROCESSING,,,
28230919,,ERROR_PROCESSING,,,
399912169,,ERROR_PROCESSING,,,
416267321,,ERROR_PROCESSING,,,
279913760,,ERROR_PROCESSING,,,
121943724,,ERROR_PROCESSING,,,
164884235,,ERROR_PROCESSING,,,
399794186,,ERROR_PROCESSING,,,
121943923,,ERROR_PROCESSING,,,
271537714,,ERROR_PROCESSING,,,
122441003,,ERROR_PROCESSING,,,
158388625,,ERROR_PROCESSING,,,
120627712,,ERROR_PROCESSING,,,
121660708,,ERROR_PROCESSING,,,
273591945,,ERROR_PROCESSING,,,
159046962,,ERROR_PROCESSING,,,
159759306,,ERROR_PROCESSING,,,
137220387,,ERROR_PROCESSING,,,
158840828,,ERROR_PROCESSING,,,
158393923,,ERROR_PROCESSING,,,
275493574,,ERROR_PROCESSING,,,
158559417,,ERROR_PROCESSING,,,
27186509,,ERROR_PROCESSING,,,
122712595,,ERROR_PROCESSING,,,
159217349,,ERROR_PROCESSING,,,
120629799,,ERROR_PROCESSING,,,
138036531,,ERROR_PROCESSING,,,
48131596,,ERROR_PROCESSING,,,
122447780,,ERROR_PROCESSING,,,
352007758,,ERROR_PROCESSING,,,
271354748,,ERROR_PROCESSING,,,
137348756,,ERROR_PROCESSING,,,
121215710,,ERROR_PROCESSING,,,
158626833,,ERROR_PROCESSING,,,
399826842,,ERROR_PROCESSING,,,
272840455,,ERROR_PROCESSING,,,
158551888,,ERROR_PROCESSING,,,
273373488,,ERROR_PROCESSING,,,
158794459,,ERROR_PROCESSING,,,
159180076,,ERROR_PROCESSING,,,
121786521,,ERROR_PROCESSING,,,
271261159,,ERROR_PROCESSING,,,
137558813,,ERROR_PROCESSING,,,
138568416,,ERROR_PROCESSING,,,
27240404,,ERROR_PROCESSING,,,
120105633,,ERROR_PROCESSING,,,
270956861,,ERROR_PROCESSING,,,
27397848,,ERROR_PROCESSING,,,
271255614,,ERROR_PROCESSING,,,
158843824,,ERROR_PROCESSING,,,
399794420,,ERROR_PROCESSING,,,
158270568,,ERROR_PROCESSING,,,
159096688,,ERROR_PROCESSING,,,
48451491,,ERROR_PROCESSING,,,
164557694,,ERROR_PROCESSING,,,
275573748,,ERROR_PROCESSING,,,
272837755,,ERROR_PROCESSING,,,
270619260,,ERROR_PROCESSING,,,
137151335,,ERROR_PROCESSING,,,
63368895,,ERROR_PROCESSING,,,
123357476,,ERROR_PROCESSING,,,
171585303,,ERROR_PROCESSING,,,
272174474,,ERROR_PROCESSING,,,
184554925,,ERROR_PROCESSING,,,
171029578,,ERROR_PROCESSING,,,
298897924,,ERROR_PROCESSING,,,
237189544,,ERROR_PROCESSING,,,
28159518,,ERROR_PROCESSING,,,
350814622,,ERROR_PROCESSING,,,
158986227,,ERROR_PROCESSING,,,
299153388,,ERROR_PROCESSING,,,
272173269,,ERROR_PROCESSING,,,
27239111,,ERROR_PROCESSING,,,
27766705,,ERROR_PROCESSING,,,
273377282,,ERROR_PROCESSING,,,
258203566,,ERROR_PROCESSING,,,
164557035,,ERROR_PROCESSING,,,
122784501,,ERROR_PROCESSING,,,
270782121,,ERROR_PROCESSING,,,
360023295,,ERROR_PROCESSING,,,
258203303,,ERROR_PROCESSING,,,
121795464,,ERROR_PROCESSING,,,
158552258,,ERROR_PROCESSING,,,
158561894,,ERROR_PROCESSING,,,
271262203,,ERROR_PROCESSING,,,
394172596,,ERROR_PROCESSING,,,
164723619,,ERROR_PROCESSING,,,
158796434,,ERROR_PROCESSING,,,
121603086,,ERROR_PROCESSING,,,
27992970,,ERROR_PROCESSING,,,
159054620,,ERROR_PROCESSING,,,
299089587,,ERROR_PROCESSING,,,
27188610,,ERROR_PROCESSING,,,
268924036,,ERROR_PROCESSING,,,
63001143,,ERROR_PROCESSING,,,
122446315,,ERROR_PROCESSING,,,
138097834,,ERROR_PROCESSING,,,
137337090,,ERROR_PROCESSING,,,
399951991,,ERROR_PROCESSING,,,
184556217,,ERROR_PROCESSING,,,
164892125,,ERROR_PROCESSING,,,
399825584,,ERROR_PROCESSING,,,
273773509,,ERROR_PROCESSING,,,
158631520,,ERROR_PROCESSING,,,
350738817,,ERROR_PROCESSING,,,
279913347,,ERROR_PROCESSING,,,
399822422,,ERROR_PROCESSING,,,
258202719,,ERROR_PROCESSING,,,
158984590,,ERROR_PROCESSING,,,
269269546,,ERROR_PROCESSING,,,
120899838,,ERROR_PROCESSING,,,
120418600,,ERROR_PROCESSING,,,
120960808,,ERROR_PROCESSING,,,
27239856,,ERROR_PROCESSING,,,
243271972,,ERROR_PROCESSING,,,
270698499,,ERROR_PROCESSING,,,
158730203,,ERROR_PROCESSING,,,
122784501,,ERROR_PROCESSING,,,
164834500,,ERROR_PROCESSING,,,
417660218,,ERROR_PROCESSING,,,
405688133,,ERROR_PROCESSING,,,
272597196,,ERROR_PROCESSING,,,
272943597,,ERROR_PROCESSING,,,
159225367,,ERROR_PROCESSING,,,
164460740,,ERROR_PROCESSING,,,
164456041,,ERROR_PROCESSING,,,
273681580,,ERROR_PROCESSING,,,
243271051,,ERROR_PROCESSING,,,
138364831,,ERROR_PROCESSING,,,
138477646,,ERROR_PROCESSING,,,
120764338,,ERROR_PROCESSING,,,
158792051,,ERROR_PROCESSING,,,
27847307,,ERROR_PROCESSING,,,
268935452,,ERROR_PROCESSING,,,
158387462,,ERROR_PROCESSING,,,
120105003,,ERROR_PROCESSING,,,
120043638,,ERROR_PROCESSING,,,
298961646,,ERROR_PROCESSING,,,
394177315,,ERROR_PROCESSING,,,
158839841,,ERROR_PROCESSING,,,
137090755,,ERROR_PROCESSING,,,
270699185,,ERROR_PROCESSING,,,
120899945,,ERROR_PROCESSING,,,
164882868,,ERROR_PROCESSING,,,
273231214,,ERROR_PROCESSING,,,
137155210,,ERROR_PROCESSING,,,
27649203,,ERROR_PROCESSING,,,
138969239,,ERROR_PROCESSING,,,
264508835,,ERROR_PROCESSING,,,
137413972,,ERROR_PROCESSING,,,
274198407,,ERROR_PROCESSING,,,
360023069,,ERROR_PROCESSING,,,
158324245,,ERROR_PROCESSING,,,
158555987,,ERROR_PROCESSING,,,
158933249,,ERROR_PROCESSING,,,
158789121,,ERROR_PROCESSING,,,
137410211,,ERROR_PROCESSING,,,
164781116,,ERROR_PROCESSING,,,
159654016,,ERROR_PROCESSING,,,
122515955,,ERROR_PROCESSING,,,
351909600,,ERROR_PROCESSING,,,
27766596,,ERROR_PROCESSING,,,
267667567,,ERROR_PROCESSING,,,
424864367,,ERROR_PROCESSING,,,
268603980,,ERROR_PROCESSING,,,
171510762,,ERROR_PROCESSING,,,
299218775,,ERROR_PROCESSING,,,
158170594,,ERROR_PROCESSING,,,
377873569,,ERROR_PROCESSING,,,
267667467,,ERROR_PROCESSING,,,
158423850,,ERROR_PROCESSING,,,
272078218,,ERROR_PROCESSING,,,
27774415,,ERROR_PROCESSING,,,
138036952,,ERROR_PROCESSING,,,
164781761,,ERROR_PROCESSING,,,
139104940,,ERROR_PROCESSING,,,
171882123,,ERROR_PROCESSING,,,
63293562,,ERROR_PROCESSING,,,
159520040,,ERROR_PROCESSING,,,
271355270,,ERROR_PROCESSING,,,
159579593,,ERROR_PROCESSING,,,
377909730,,ERROR_PROCESSING,,,
159375845,,ERROR_PROCESSING,,,
239287963,,ERROR_PROCESSING,,,
27082730,,ERROR_PROCESSING,,,
27846348,,ERROR_PROCESSING,,,
27534458,,ERROR_PROCESSING,,,
164527535,,ERROR_PROCESSING,,,
159521326,,ERROR_PROCESSING,,,
272843289,,ERROR_PROCESSING,,,
159376971,,ERROR_PROCESSING,,,
407002705,,ERROR_PROCESSING,,,
416281986,,ERROR_PROCESSING,,,
275496016,,ERROR_PROCESSING,,,
63005467,,ERROR_PROCESSING,,,
123499118,,ERROR_PROCESSING,,,
121215172,,ERROR_PROCESSING,,,
26817004,,ERROR_PROCESSING,,,
27686898,,ERROR_PROCESSING,,,
272944990,,ERROR_PROCESSING,,,
158934047,,ERROR_PROCESSING,,,
122596693,,ERROR_PROCESSING,,,
48506742,,ERROR_PROCESSING,,,
164652245,,ERROR_PROCESSING,,,
299032847,,ERROR_PROCESSING,,,
120960808,,ERROR_PROCESSING,,,
184417262,,ERROR_PROCESSING,,,
164892194,,ERROR_PROCESSING,,,
273047792,,ERROR_PROCESSING,,,
139155506,,ERROR_PROCESSING,,,
158931258,,ERROR_PROCESSING,,,
120577770,,ERROR_PROCESSING,,,
159575346,,ERROR_PROCESSING,,,
299217895,,ERROR_PROCESSING,,,
399955825,,ERROR_PROCESSING,,,
120317234,,ERROR_PROCESSING,,,
258202719,,ERROR_PROCESSING,,,
121604440,,ERROR_PROCESSING,,,
27187386,,ERROR_PROCESSING,,,
271546110,,ERROR_PROCESSING,,,
405686888,,ERROR_PROCESSING,,,
269357457,,ERROR_PROCESSING,,,
138213510,,ERROR_PROCESSING,,,
279915941,,ERROR_PROCESSING,,,
48528473,,ERROR_PROCESSING,,,
164654277,,ERROR_PROCESSING,,,
171879024,,ERROR_PROCESSING,,,
121333541,,ERROR_PROCESSING,,,
123408849,,ERROR_PROCESSING,,,
272940104,,ERROR_PROCESSING,,,
272366748,,ERROR_PROCESSING,,,
273379660,,ERROR_PROCESSING,,,
271349932,,ERROR_PROCESSING,,,
48528770,,ERROR_PROCESSING,,,
164559875,,ERROR_PROCESSING,,,
123357893,,ERROR_PROCESSING,,,
26583108,,ERROR_PROCESSING,,,
63210391,,ERROR_PROCESSING,,,
137155210,,ERROR_PROCESSING,,,
184300256,,ERROR_PROCESSING,,,
184164097,,ERROR_PROCESSING,,,
164786087,,ERROR_PROCESSING,,,
137340986,,ERROR_PROCESSING,,,
279918915,,ERROR_PROCESSING,,,
184417625,,ERROR_PROCESSING,,,
273043474,,ERROR_PROCESSING,,,
120043638,,ERROR_PROCESSING,,,
159396818,,ERROR_PROCESSING,,,
120686458,,ERROR_PROCESSING,,,
270609625,,ERROR_PROCESSING,,,
48504464,,ERROR_PROCESSING,,,
272602477,,ERROR_PROCESSING,,,
272843763,,ERROR_PROCESSING,,,
271749758,,ERROR_PROCESSING,,,
138431008,,ERROR_PROCESSING,,,
273778951,,ERROR_PROCESSING,,,
171502232,,ERROR_PROCESSING,,,
164455792,,ERROR_PROCESSING,,,
164884002,,ERROR_PROCESSING,,,
258348597,,ERROR_PROCESSING,,,
267667467,,ERROR_PROCESSING,,,
123490545,,ERROR_PROCESSING,,,
264507945,,ERROR_PROCESSING,,,
184090767,,ERROR_PROCESSING,,,
417676802,,ERROR_PROCESSING,,,
123409401,,ERROR_PROCESSING,,,
184247532,,ERROR_PROCESSING,,,
273590427,,ERROR_PROCESSING,,,
48353358,,ERROR_PROCESSING,,,
27774415,,ERROR_PROCESSING,,,
159763602,,ERROR_PROCESSING,,,
399860388,,ERROR_PROCESSING,,,
271347291,,ERROR_PROCESSING,,,
267667567,,ERROR_PROCESSING,,,
120689253,,ERROR_PROCESSING,,,
164556761,,ERROR_PROCESSING,,,
159716174,,ERROR_PROCESSING,,,
271354351,,ERROR_PROCESSING,,,
158555987,,ERROR_PROCESSING,,,
299030246,,ERROR_PROCESSING,,,
123231917,,ERROR_PROCESSING,,,
164524311,,ERROR_PROCESSING,,,
27686898,,ERROR_PROCESSING,,,
267745858,,ERROR_PROCESSING,,,
139036554,,ERROR_PROCESSING,,,
270863576,,ERROR_PROCESSING,,,
351898154,,ERROR_PROCESSING,,,
63452790,,ERROR_PROCESSING,,,
48448706,,ERROR_PROCESSING,,,
274031725,,ERROR_PROCESSING,,,
137638020,,ERROR_PROCESSING,,,
158561566,,ERROR_PROCESSING,,,
120973167,,ERROR_PROCESSING,,,
298892283,,ERROR_PROCESSING,,,
137411225,,ERROR_PROCESSING,,,
63004906,,ERROR_PROCESSING,,,
164882482,,ERROR_PROCESSING,,,
239229234,,ERROR_PROCESSING,,,
350812580,,ERROR_PROCESSING,,,
159177232,,ERROR_PROCESSING,,,
159376971,,ERROR_PROCESSING,,,
164827658,,ERROR_PROCESSING,,,
164529393,,ERROR_PROCESSING,,,
271346561,,ERROR_PROCESSING,,,
27914389,,ERROR_PROCESSING,,,
27645404,,ERROR_PROCESSING,,,
26749051,,ERROR_PROCESSING,,,
48419097,,ERROR_PROCESSING,,,
164785720,,ERROR_PROCESSING,,,
271042217,,ERROR_PROCESSING,,,
273234825,,ERROR_PROCESSING,,,
377909730,,ERROR_PROCESSING,,,
158722002,,ERROR_PROCESSING,,,
137635103,,ERROR_PROCESSING,,,
169175503,,ERROR_PROCESSING,,,
243271716,,ERROR_PROCESSING,,,
27988995,,ERROR_PROCESSING,,,
417659970,,ERROR_PROCESSING,,,
27534458,,ERROR_PROCESSING,,,
63373449,,ERROR_PROCESSING,,,
158837572,,ERROR_PROCESSING,,,
27766596,,ERROR_PROCESSING,,,
123201193,,ERROR_PROCESSING,,,
27456723,,ERROR_PROCESSING,,,
122597057,,ERROR_PROCESSING,,,
120964116,,ERROR_PROCESSING,,,
138430034,,ERROR_PROCESSING,,,
63004645,,ERROR_PROCESSING,,,
123129910,,ERROR_PROCESSING,,,
158983792,,ERROR_PROCESSING,,,
271355270,,ERROR_PROCESSING,,,
63126862,,ERROR_PROCESSING,,,
27847307,,ERROR_PROCESSING,,,
138477646,,ERROR_PROCESSING,,,
122300177,,ERROR_PROCESSING,,,
274017990,,ERROR_PROCESSING,,,
158324326,,ERROR_PROCESSING,,,
121660826,,ERROR_PROCESSING,,,
164886812,,ERROR_PROCESSING,,,
158320130,,ERROR_PROCESSING,,,
27649489,,ERROR_PROCESSING,,,
271349932,,ERROR_PROCESSING,,,
184014439,,ERROR_PROCESSING,,,
48528770,,ERROR_PROCESSING,,,
48353203,,ERROR_PROCESSING,,,
267991349,,ERROR_PROCESSING,,,
123231081,,ERROR_PROCESSING,,,
137155210,,ERROR_PROCESSING,,,
164723136,,ERROR_PROCESSING,,,
121458707,,ERROR_PROCESSING,,,
120961712,,ERROR_PROCESSING,,,
273681580,,ERROR_PROCESSING,,,
137099260,,ERROR_PROCESSING,,,
271430806,,ERROR_PROCESSING,,,
121785939,,ERROR_PROCESSING,,,
158317824,,ERROR_PROCESSING,,,
378085713,,ERROR_PROCESSING,,,
272074477,,ERROR_PROCESSING,,,
138364831,,ERROR_PROCESSING,,,
267673013,,ERROR_PROCESSING,,,
268704766,,ERROR_PROCESSING,,,
417659456,,ERROR_PROCESSING,,,
48451562,,ERROR_PROCESSING,,,
268160366,,ERROR_PROCESSING,,,
164558338,,ERROR_PROCESSING,,,
269269546,,ERROR_PROCESSING,,,
158664331,,ERROR_PROCESSING,,,
352007758,,ERROR_PROCESSING,,,
299217986,,ERROR_PROCESSING,,,
405688133,,ERROR_PROCESSING,,,
164892194,,ERROR_PROCESSING,,,
271760755,,ERROR_PROCESSING,,,
158215023,,ERROR_PROCESSING,,,
164883912,,ERROR_PROCESSING,,,
169176556,,ERROR_PROCESSING,,,
272282253,,ERROR_PROCESSING,,,
159050852,,ERROR_PROCESSING,,,
120420344,,ERROR_PROCESSING,,,
27992970,,ERROR_PROCESSING,,,
399794420,,ERROR_PROCESSING,,,
48217868,,ERROR_PROCESSING,,,
159580535,,ERROR_PROCESSING,,,
158170594,,ERROR_PROCESSING,,,
159444082,,ERROR_PROCESSING,,,
272597130,,ERROR_PROCESSING,,,
399951991,,ERROR_PROCESSING,,,
184554925,,ERROR_PROCESSING,,,
159225155,,ERROR_PROCESSING,,,
271762145,,ERROR_PROCESSING,,,
158630552,,ERROR_PROCESSING,,,
158385035,,ERROR_PROCESSING,,,
158270841,,ERROR_PROCESSING,,,
137151335,,ERROR_PROCESSING,,,
48528473,,ERROR_PROCESSING,,,
26540675,,ERROR_PROCESSING,,,
158114283,,ERROR_PROCESSING,,,
159376971,,ERROR_PROCESSING,,,
271046694,,ERROR_PROCESSING,,,
275570329,,ERROR_PROCESSING,,,
378160351,,ERROR_PROCESSING,,,
164652245,,ERROR_PROCESSING,,,
121214078,,ERROR_PROCESSING,,,
26817004,,ERROR_PROCESSING,,,
122596693,,ERROR_PROCESSING,,,
399826842,,ERROR_PROCESSING,,,
272845785,,ERROR_PROCESSING,,,
159051209,,ERROR_PROCESSING,,,
164781116,,ERROR_PROCESSING,,,
120355363,,ERROR_PROCESSING,,,
168811794,,ERROR_PROCESSING,,,
273046164,,ERROR_PROCESSING,,,
164407908,,ERROR_PROCESSING,,,
164882482,,ERROR_PROCESSING,,,
275486985,,ERROR_PROCESSING,,,
27777414,,ERROR_PROCESSING,,,
27082730,,ERROR_PROCESSING,,,
123129910,,ERROR_PROCESSING,,,
158983792,,ERROR_PROCESSING,,,
137550286,,ERROR_PROCESSING,,,
158386765,,ERROR_PROCESSING,,,
377909730,,ERROR_PROCESSING,,,
271260980,,ERROR_PROCESSING,,,
159579593,,ERROR_PROCESSING,,,
26417717,,ERROR_PROCESSING,,,
351803452,,ERROR_PROCESSING,,,
267673944,,ERROR_PROCESSING,,,
121275496,,ERROR_PROCESSING,,,
121124617,,ERROR_PROCESSING,,,
377780790,,ERROR_PROCESSING,,,
267667567,,ERROR_PROCESSING,,,
63284044,,ERROR_PROCESSING,,,
267667295,,ERROR_PROCESSING,,,
122673489,,ERROR_PROCESSING,,,
120106432,,ERROR_PROCESSING,,,
48354224,,ERROR_PROCESSING,,,
377873569,,ERROR_PROCESSING,,,
267667467,,ERROR_PROCESSING,,,
171510762,,ERROR_PROCESSING,,,
298961646,,ERROR_PROCESSING,,,
164671623,,ERROR_PROCESSING,,,
164730843,,ERROR_PROCESSING,,,
350814495,,ERROR_PROCESSING,,,
27988995,,ERROR_PROCESSING,,,
63119782,,ERROR_PROCESSING,,,
164414655,,ERROR_PROCESSING,,,
424864367,,ERROR_PROCESSING,,,
350814622,,ERROR_PROCESSING,,,
138969239,,ERROR_PROCESSING,,,
27769737,,ERROR_PROCESSING,,,
158633329,,ERROR_PROCESSING,,,
169084431,,ERROR_PROCESSING,,,
48216453,,ERROR_PROCESSING,,,
394172692,,ERROR_PROCESSING,,,
120105569,,ERROR_PROCESSING,,,
271253957,,ERROR_PROCESSING,,,
120317833,,ERROR_PROCESSING,,,
159763320,,ERROR_PROCESSING,,,
184299435,,ERROR_PROCESSING,,,
158324245,,ERROR_PROCESSING,,,
377781254,,ERROR_PROCESSING,,,
274198407,,ERROR_PROCESSING,,,
48305629,,ERROR_PROCESSING,,,
158933249,,ERROR_PROCESSING,,,
47976987,,ERROR_PROCESSING,,,
270781284,,ERROR_PROCESSING,,,
271353794,,ERROR_PROCESSING,,,
172422725,,ERROR_PROCESSING,,,
299033074,,ERROR_PROCESSING,,,
122062591,,ERROR_PROCESSING,,,
158625964,,ERROR_PROCESSING,,,
63286249,,ERROR_PROCESSING,,,
184427149,,ERROR_PROCESSING,,,
158923465,,ERROR_PROCESSING,,,
137900524,,ERROR_PROCESSING,,,
138364831,,ERROR_PROCESSING,,,
272839596,,ERROR_PROCESSING,,,
26748113,,ERROR_PROCESSING,,,
269270853,,ERROR_PROCESSING,,,
299217986,,ERROR_PROCESSING,,,
164828023,,ERROR_PROCESSING,,,
272366748,,ERROR_PROCESSING,,,
273379660,,ERROR_PROCESSING,,,
271349932,,ERROR_PROCESSING,,,
158552426,,ERROR_PROCESSING,,,
123231081,,ERROR_PROCESSING,,,
336266673,,ERROR_PROCESSING,,,
137636895,,ERROR_PROCESSING,,,
159440697,,ERROR_PROCESSING,,,
164780824,,ERROR_PROCESSING,,,
63126862,,ERROR_PROCESSING,,,
138477646,,ERROR_PROCESSING,,,
164559875,,ERROR_PROCESSING,,,
26416803,,ERROR_PROCESSING,,,
171098231,,ERROR_PROCESSING,,,
273043474,,ERROR_PROCESSING,,,
138805992,,ERROR_PROCESSING,,,
273130565,,ERROR_PROCESSING,,,
158213532,,ERROR_PROCESSING,,,
416282121,,ERROR_PROCESSING,,,
28230011,,ERROR_PROCESSING,,,
120254625,,ERROR_PROCESSING,,,
273035189,,ERROR_PROCESSING,,,
399951991,,ERROR_PROCESSING,,,
184559893,,ERROR_PROCESSING,,,
299029323,,ERROR_PROCESSING,,,
270857274,,ERROR_PROCESSING,,,
48353358,,ERROR_PROCESSING,,,
138968338,,ERROR_PROCESSING,,,
272491981,,ERROR_PROCESSING,,,
123445166,,ERROR_PROCESSING,,,
164828012,,ERROR_PROCESSING,,,
258202336,,ERROR_PROCESSING,,,
274030824,,ERROR_PROCESSING,,,
159451957,,ERROR_PROCESSING,,,
159054620,,ERROR_PROCESSING,,,
258349285,,ERROR_PROCESSING,,,
416265126,,ERROR_PROCESSING,,,
27914560,,ERROR_PROCESSING,,,
138890353,,ERROR_PROCESSING,,,
169081296,,ERROR_PROCESSING,,,
268608781,,ERROR_PROCESSING,,,
28089143,,ERROR_PROCESSING,,,
164892194,,ERROR_PROCESSING,,,
123313142,,ERROR_PROCESSING,,,
273681580,,ERROR_PROCESSING,,,
399955825,,ERROR_PROCESSING,,,
158394235,,ERROR_PROCESSING,,,
243271945,,ERROR_PROCESSING,,,
139155506,,ERROR_PROCESSING,,,
272179260,,ERROR_PROCESSING,,,
121108727,,ERROR_PROCESSING,,,
27642556,,ERROR_PROCESSING,,,
120688631,,ERROR_PROCESSING,,,
406997913,,ERROR_PROCESSING,,,
120892579,,ERROR_PROCESSING,,,
416266465,,ERROR_PROCESSING,,,
159579593,,ERROR_PROCESSING,,,
27911400,,ERROR_PROCESSING,,,
27534458,,ERROR_PROCESSING,,,
159098316,,ERROR_PROCESSING,,,
63288941,,ERROR_PROCESSING,,,
158216580,,ERROR_PROCESSING,,,
399956098,,ERROR_PROCESSING,,,
159179987,,ERROR_PROCESSING,,,
164830162,,ERROR_PROCESSING,,,
352012126,,ERROR_PROCESSING,,,
27318774,,ERROR_PROCESSING,,,
298897851,,ERROR_PROCESSING,,,
417659970,,ERROR_PROCESSING,,,
271355270,,ERROR_PROCESSING,,,
158983792,,ERROR_PROCESSING,,,
123129910,,ERROR_PROCESSING,,,
243271716,,ERROR_PROCESSING,,,
279917005,,ERROR_PROCESSING,,,
159578257,,ERROR_PROCESSING,,,
26749051,,ERROR_PROCESSING,,,
158555483,,ERROR_PROCESSING,,,
239236731,,ERROR_PROCESSING,,,
271354634,,ERROR_PROCESSING,,,
299217895,,ERROR_PROCESSING,,,
121731834,,ERROR_PROCESSING,,,
121214078,,ERROR_PROCESSING,,,
26817004,,ERROR_PROCESSING,,,
137414304,,ERROR_PROCESSING,,,
159301821,,ERROR_PROCESSING,,,
27776660,,ERROR_PROCESSING,,,
268057162,,ERROR_PROCESSING,,,
158555987,,ERROR_PROCESSING,,,
137817355,,ERROR_PROCESSING,,,
164830167,,ERROR_PROCESSING,,,
158933249,,ERROR_PROCESSING,,,
123417850,,ERROR_PROCESSING,,,
237157859,,ERROR_PROCESSING,,,
273866337,,ERROR_PROCESSING,,,
138969239,,ERROR_PROCESSING,,,
27187218,,ERROR_PROCESSING,,,
271158887,,ERROR_PROCESSING,,,
416281238,,ERROR_PROCESSING,,,
121333305,,ERROR_PROCESSING,,,
351803495,,ERROR_PROCESSING,,,
158114000,,ERROR_PROCESSING,,,
164456037,,ERROR_PROCESSING,,,
271354351,,ERROR_PROCESSING,,,
159043952,,ERROR_PROCESSING,,,
158434144,,ERROR_PROCESSING,,,
164730843,,ERROR_PROCESSING,,,
48419201,,ERROR_PROCESSING,,,
416279912,,ERROR_PROCESSING,,,
299089652,,ERROR_PROCESSING,,,
48450369,,ERROR_PROCESSING,,,
164556761,,ERROR_PROCESSING,,,
271253848,,ERROR_PROCESSING,,,
27774415,,ERROR_PROCESSING,,,
122714267,,ERROR_PROCESSING,,,
239277658,,ERROR_PROCESSING,,,
273590427,,ERROR_PROCESSING,,,
120499135,,ERROR_PROCESSING,,,
158494327,,ERROR_PROCESSING,,,
267673944,,ERROR_PROCESSING,,,
275494505,,ERROR_PROCESSING,,,
63284044,,ERROR_PROCESSING,,,
122673489,,ERROR_PROCESSING,,,
158984573,,ERROR_PROCESSING,,,
272278272,,ERROR_PROCESSING,,,
120578712,,ERROR_PROCESSING,,,
48505882,,ERROR_PROCESSING,,,
121462999,,ERROR_PROCESSING,,,
350812580,,ERROR_PROCESSING,,,
121943724,,ERROR_PROCESSING,,,
120105470,,ERROR_PROCESSING,,,
120577770,,ERROR_PROCESSING,,,
158276273,,ERROR_PROCESSING,,,
158561566,,ERROR_PROCESSING,,,
399953616,,ERROR_PROCESSING,,,
122707371,,ERROR_PROCESSING,,,
122441003,,ERROR_PROCESSING,,,
158660814,,ERROR_PROCESSING,,,
271052158,,ERROR_PROCESSING,,,
120043084,,ERROR_PROCESSING,,,
350810654,,ERROR_PROCESSING,,,
272945038,,ERROR_PROCESSING,,,
48304302,,ERROR_PROCESSING,,,
121123737,,ERROR_PROCESSING,,,
272178989,,ERROR_PROCESSING,,,
137307173,,ERROR_PROCESSING,,,
63372898,,ERROR_PROCESSING,,,
138430034,,ERROR_PROCESSING,,,
122714267,,ERROR_PROCESSING,,,
159393734,,ERROR_PROCESSING,,,
159759306,,ERROR_PROCESSING,,,
26539443,,ERROR_PROCESSING,,,
264508613,,ERROR_PROCESSING,,,
27390527,,ERROR_PROCESSING,,,
27847148,,ERROR_PROCESSING,,,
184009313,,ERROR_PROCESSING,,,
159571280,,ERROR_PROCESSING,,,
164786087,,ERROR_PROCESSING,,,
417679385,,ERROR_PROCESSING,,,
123490545,,ERROR_PROCESSING,,,
137903329,,ERROR_PROCESSING,,,
275494853,,ERROR_PROCESSING,,,
184090767,,ERROR_PROCESSING,,,
164999822,,ERROR_PROCESSING,,,
121457557,,ERROR_PROCESSING,,,
164779321,,ERROR_PROCESSING,,,
63204326,,ERROR_PROCESSING,,,
120689253,,ERROR_PROCESSING,,,
272180918,,ERROR_PROCESSING,,,
137687119,,ERROR_PROCESSING,,,
27992902,,ERROR_PROCESSING,,,
137483383,,ERROR_PROCESSING,,,
406950324,,ERROR_PROCESSING,,,
399826741,,ERROR_PROCESSING,,,
137409907,,ERROR_PROCESSING,,,
121865605,,ERROR_PROCESSING,,,
269263577,,ERROR_PROCESSING,,,
27010191,,ERROR_PROCESSING,,,
158664221,,ERROR_PROCESSING,,,
158388163,,ERROR_PROCESSING,,,
271350547,,ERROR_PROCESSING,,,
351898154,,ERROR_PROCESSING,,,
27235573,,ERROR_PROCESSING,,,
158412890,,ERROR_PROCESSING,,,
122441491,,ERROR_PROCESSING,,,
399860218,,ERROR_PROCESSING,,,
26584326,,ERROR_PROCESSING,,,
164881786,,ERROR_PROCESSING,,,
26473621,,ERROR_PROCESSING,,,
279918915,,ERROR_PROCESSING,,,
123490277,,ERROR_PROCESSING,,,
158552258,,ERROR_PROCESSING,,,
169556484,,ERROR_PROCESSING,,,
299220166,,ERROR_PROCESSING,,,
164723619,,ERROR_PROCESSING,,,
164525250,,ERROR_PROCESSING,,,
28090925,,ERROR_PROCESSING,,,
158796434,,ERROR_PROCESSING,,,
164460347,,ERROR_PROCESSING,,,
399825554,,ERROR_PROCESSING,,,
299217801,,ERROR_PROCESSING,,,
159311390,,ERROR_PROCESSING,,,
164458714,,ERROR_PROCESSING,,,
164555061,,ERROR_PROCESSING,,,
239275865,,ERROR_PROCESSING,,,
137557778,,ERROR_PROCESSING,,,
299028577,,ERROR_PROCESSING,,,
122065885,,ERROR_PROCESSING,,,
172373693,,ERROR_PROCESSING,,,
299219860,,ERROR_PROCESSING,,,
120317234,,ERROR_PROCESSING,,,
121021644,,ERROR_PROCESSING,,,
164833065,,ERROR_PROCESSING,,,
159721015,,ERROR_PROCESSING,,,
122376998,,ERROR_PROCESSING,,,
298892283,,ERROR_PROCESSING,,,
164459883,,ERROR_PROCESSING,,,
164557360,,ERROR_PROCESSING,,,
158838045,,ERROR_PROCESSING,,,
123449386,,ERROR_PROCESSING,,,
269357457,,ERROR_PROCESSING,,,
273592350,,ERROR_PROCESSING,,,
351908051,,ERROR_PROCESSING,,,
159105397,,ERROR_PROCESSING,,,
239289191,,ERROR_PROCESSING,,,
164458488,,ERROR_PROCESSING,,,
26814955,,ERROR_PROCESSING,,,
120495446,,ERROR_PROCESSING,,,
63010445,,ERROR_PROCESSING,,,
63120475,,ERROR_PROCESSING,,,
123408849,,ERROR_PROCESSING,,,
406951266,,ERROR_PROCESSING,,,
1880502258,,ERROR_PROCESSING,,,
299159378,,ERROR_PROCESSING,,,
48217852,,ERROR_PROCESSING,,,
159096688,,ERROR_PROCESSING,,,
137410997,,ERROR_PROCESSING,,,
350738167,,ERROR_PROCESSING,,,
417679385,,ERROR_PROCESSING,,,
399825584,,ERROR_PROCESSING,,,
159046962,,ERROR_PROCESSING,,,
27186509,,ERROR_PROCESSING,,,
28361088,,ERROR_PROCESSING,,,
27396284,,ERROR_PROCESSING,,,
139104940,,ERROR_PROCESSING,,,
123408863,,ERROR_PROCESSING,,,
158433884,,ERROR_PROCESSING,,,
271960006,,ERROR_PROCESSING,,,
159522175,,ERROR_PROCESSING,,,
27992902,,ERROR_PROCESSING,,,
122712595,,ERROR_PROCESSING,,,
299087490,,ERROR_PROCESSING,,,
120762990,,ERROR_PROCESSING,,,
417657148,,ERROR_PROCESSING,,,
27644083,,ERROR_PROCESSING,,,
123499118,,ERROR_PROCESSING,,,
120043084,,ERROR_PROCESSING,,,
137817056,,ERROR_PROCESSING,,,
120421638,,ERROR_PROCESSING,,,
159226052,,ERROR_PROCESSING,,,
137341066,,ERROR_PROCESSING,,,
271546798,,ERROR_PROCESSING,,,
120105470,,ERROR_PROCESSING,,,
158274583,,ERROR_PROCESSING,,,
159174942,,ERROR_PROCESSING,,,
121276638,,ERROR_PROCESSING,,,
27010191,,ERROR_PROCESSING,,,
243271051,,ERROR_PROCESSING,,,
271350547,,ERROR_PROCESSING,,,
121215333,,ERROR_PROCESSING,,,
159643991,,ERROR_PROCESSING,,,
123495717,,ERROR_PROCESSING,,,
164830125,,ERROR_PROCESSING,,,
275571117,,ERROR_PROCESSING,,,
271430916,,ERROR_PROCESSING,,,
121114997,,ERROR_PROCESSING,,,
164781116,,ERROR_PROCESSING,,,
267989857,,ERROR_PROCESSING,,,
273874849,,ERROR_PROCESSING,,,
27391836,,ERROR_PROCESSING,,,
158986028,,ERROR_PROCESSING,,,
121734202,,ERROR_PROCESSING,,,
138100223,,ERROR_PROCESSING,,,
122375047,,ERROR_PROCESSING,,,
121214185,,ERROR_PROCESSING,,,
159654016,,ERROR_PROCESSING,,,
123358019,,ERROR_PROCESSING,,,
264508613,,ERROR_PROCESSING,,,
27390527,,ERROR_PROCESSING,,,
399951202,,ERROR_PROCESSING,,,
120693011,,ERROR_PROCESSING,,,
26583944,,ERROR_PROCESSING,,,
272078218,,ERROR_PROCESSING,,,
137686948,,ERROR_PROCESSING,,,
137903329,,ERROR_PROCESSING,,,
164999822,,ERROR_PROCESSING,,,
158317637,,ERROR_PROCESSING,,,
399825554,,ERROR_PROCESSING,,,
271537530,,ERROR_PROCESSING,,,
271164755,,ERROR_PROCESSING,,,
164557035,,ERROR_PROCESSING,,,
399913391,,ERROR_PROCESSING,,,
405688133,,ERROR_PROCESSING,,,
417660218,,ERROR_PROCESSING,,,
120042965,,ERROR_PROCESSING,,,
159389232,,ERROR_PROCESSING,,,
138297129,,ERROR_PROCESSING,,,
121215807,,ERROR_PROCESSING,,,
159449495,,ERROR_PROCESSING,,,
164525250,,ERROR_PROCESSING,,,
164723619,,ERROR_PROCESSING,,,
299220166,,ERROR_PROCESSING,,,
406952542,,ERROR_PROCESSING,,,
27396869,,ERROR_PROCESSING,,,
138222081,,ERROR_PROCESSING,,,
137626872,,ERROR_PROCESSING,,,
273377282,,ERROR_PROCESSING,,,
27396246,,ERROR_PROCESSING,,,
28159518,,ERROR_PROCESSING,,,
158322296,,ERROR_PROCESSING,,,
121276933,,ERROR_PROCESSING,,,
270948636,,ERROR_PROCESSING,,,
122713286,,ERROR_PROCESSING,,,
164881786,,ERROR_PROCESSING,,,
279915745,,ERROR_PROCESSING,,,
122682991,,ERROR_PROCESSING,,,
122707140,,ERROR_PROCESSING,,,
158983401,,ERROR_PROCESSING,,,
158170594,,ERROR_PROCESSING,,,
120768052,,ERROR_PROCESSING,,,
158322085,,ERROR_PROCESSING,,,
159051188,,ERROR_PROCESSING,,,
406951266,,ERROR_PROCESSING,,,
270695184,,ERROR_PROCESSING,,,
121786630,,ERROR_PROCESSING,,,
120825510,,ERROR_PROCESSING,,,
122450207,,ERROR_PROCESSING,,,
184298883,,ERROR_PROCESSING,,,
299159378,,ERROR_PROCESSING,,,
271963778,,ERROR_PROCESSING,,,
48217852,,ERROR_PROCESSING,,,
27083727,,ERROR_PROCESSING,,,
164557694,,ERROR_PROCESSING,,,
290033595,,ERROR_PROCESSING,,,
123410927,,ERROR_PROCESSING,,,
26473621,,ERROR_PROCESSING,,,
27397848,,ERROR_PROCESSING,,,
272837755,,ERROR_PROCESSING,,,
164458488,,ERROR_PROCESSING,,,
268924036,,ERROR_PROCESSING,,,
138097784,,ERROR_PROCESSING,,,
171029578,,ERROR_PROCESSING,,,
158989438,,ERROR_PROCESSING,,,
121465371,,ERROR_PROCESSING,,,
27991150,,ERROR_PROCESSING,,,
164646534,,ERROR_PROCESSING,,,
272840455,,ERROR_PROCESSING,,,
169814632,,ERROR_PROCESSING,,,
27769688,,ERROR_PROCESSING,,,
26474039,,ERROR_PROCESSING,,,
158556108,,ERROR_PROCESSING,,,
137556197,,ERROR_PROCESSING,,,
137099260,,ERROR_PROCESSING,,,
158415898,,ERROR_PROCESSING,,,
120819731,,ERROR_PROCESSING,,,
63122858,,ERROR_PROCESSING,,,
121944984,,ERROR_PROCESSING,,,
137410997,,ERROR_PROCESSING,,,
138366498,,ERROR_PROCESSING,,,
1880502258,,ERROR_PROCESSING,,,
138969285,,ERROR_PROCESSING,,,
273238089,,ERROR_PROCESSING,,,
243271716,,ERROR_PROCESSING,,,
406951266,,ERROR_PROCESSING,,,
27769688,,ERROR_PROCESSING,,,
298837729,,ERROR_PROCESSING,,,
28089143,,ERROR_PROCESSING,,,
121660779,,ERROR_PROCESSING,,,
27396246,,ERROR_PROCESSING,,,
158786851,,ERROR_PROCESSING,,,
239289191,,ERROR_PROCESSING,,,
138216186,,ERROR_PROCESSING,,,
1717079066,,ERROR_PROCESSING,,,
417659078,,ERROR_PROCESSING,,,
237158274,,ERROR_PROCESSING,,,
27843707,,ERROR_PROCESSING,,,
299219860,,ERROR_PROCESSING,,,
416283848,,ERROR_PROCESSING,,,
377782148,,ERROR_PROCESSING,,,
158275161,,ERROR_PROCESSING,,,
123417308,,ERROR_PROCESSING,,,
171968443,,ERROR_PROCESSING,,,
159106207,,ERROR_PROCESSING,,,
164522726,,ERROR_PROCESSING,,,
121734474,,ERROR_PROCESSING,,,
350810559,,ERROR_PROCESSING,,,
239275865,,ERROR_PROCESSING,,,
184997417,,ERROR_PROCESSING,,,
273044848,,ERROR_PROCESSING,,,
267569980,,ERROR_PROCESSING,,,
121112251,,ERROR_PROCESSING,,,
164458714,,ERROR_PROCESSING,,,
158216544,,ERROR_PROCESSING,,,
159311390,,ERROR_PROCESSING,,,
63212231,,ERROR_PROCESSING,,,
159050690,,ERROR_PROCESSING,,,
137634508,,ERROR_PROCESSING,,,
137899948,,ERROR_PROCESSING,,,
123417850,,ERROR_PROCESSING,,,
138636741,,ERROR_PROCESSING,,,
48304653,,ERROR_PROCESSING,,,
351057636,,ERROR_PROCESSING,,,
121603794,,ERROR_PROCESSING,,,
158984573,,ERROR_PROCESSING,,,
273035189,,ERROR_PROCESSING,,,
273873718,,ERROR_PROCESSING,,,
399860218,,ERROR_PROCESSING,,,
123495874,,ERROR_PROCESSING,,,
28230011,,ERROR_PROCESSING,,,
399860444,,ERROR_PROCESSING,,,
27916356,,ERROR_PROCESSING,,,
269263219,,ERROR_PROCESSING,,,
271040560,,ERROR_PROCESSING,,,
274126997,,ERROR_PROCESSING,,,
63066763,,ERROR_PROCESSING,,,
416279912,,ERROR_PROCESSING,,,
279917678,,ERROR_PROCESSING,,,
48353636,,ERROR_PROCESSING,,,
123408693,,ERROR_PROCESSING,,,
164891482,,ERROR_PROCESSING,,,
137409907,,ERROR_PROCESSING,,,
270857293,,ERROR_PROCESSING,,,
237188565,,ERROR_PROCESSING,,,
272942100,,ERROR_PROCESSING,,,
158108219,,ERROR_PROCESSING,,,
269030207,,ERROR_PROCESSING,,,
299033092,,ERROR_PROCESSING,,,
158392088,,ERROR_PROCESSING,,,
27187218,,ERROR_PROCESSING,,,
158730471,,ERROR_PROCESSING,,,
351909828,,ERROR_PROCESSING,,,
417655835,,ERROR_PROCESSING,,,
137483383,,ERROR_PROCESSING,,,
123444694,,ERROR_PROCESSING,,,
352013543,,ERROR_PROCESSING,,,
273694712,,ERROR_PROCESSING,,,
237188153,,ERROR_PROCESSING,,,
271162715,,ERROR_PROCESSING,,,
299089652,,ERROR_PROCESSING,,,
164674711,,ERROR_PROCESSING,,,
164779321,,ERROR_PROCESSING,,,
122519154,,ERROR_PROCESSING,,,
336266673,,ERROR_PROCESSING,,,
350738167,,ERROR_PROCESSING,,,
158432813,,ERROR_PROCESSING,,,
268159861,,ERROR_PROCESSING,,,
272596372,,ERROR_PROCESSING,,,
26539443,,ERROR_PROCESSING,,,
27390527,,ERROR_PROCESSING,,,
27847148,,ERROR_PROCESSING,,,
158215347,,ERROR_PROCESSING,,,
164459949,,ERROR_PROCESSING,,,
164828012,,ERROR_PROCESSING,,,
137348863,,ERROR_PROCESSING,,,
268382450,,ERROR_PROCESSING,,,
258349285,,ERROR_PROCESSING,,,
406997913,,ERROR_PROCESSING,,,
122714267,,ERROR_PROCESSING,,,
120495880,,ERROR_PROCESSING,,,
48353358,,ERROR_PROCESSING,,,
137319097,,ERROR_PROCESSING,,,
158554588,,ERROR_PROCESSING,,,
273138666,,ERROR_PROCESSING,,,
399821831,,ERROR_PROCESSING,,,
120254625,,ERROR_PROCESSING,,,
268159158,,ERROR_PROCESSING,,,
26472830,,ERROR_PROCESSING,,,
299217895,,ERROR_PROCESSING,,,
120578185,,ERROR_PROCESSING,,,
270779644,,ERROR_PROCESSING,,,
158389981,,ERROR_PROCESSING,,,
120960812,,ERROR_PROCESSING,,,
159305424,,ERROR_PROCESSING,,,
158660814,,ERROR_PROCESSING,,,
121108727,,ERROR_PROCESSING,,,
27776660,,ERROR_PROCESSING,,,
399955825,,ERROR_PROCESSING,,,
158218591,,ERROR_PROCESSING,,,
164721759,,ERROR_PROCESSING,,,
122707371,,ERROR_PROCESSING,,,
158276273,,ERROR_PROCESSING,,,
121462999,,ERROR_PROCESSING,,,
48448369,,ERROR_PROCESSING,,,
271767300,,ERROR_PROCESSING,,,
120686620,,ERROR_PROCESSING,,,
237158650,,ERROR_PROCESSING,,,
120103325,,ERROR_PROCESSING,,,
63204017,,ERROR_PROCESSING,,,
123309556,,ERROR_PROCESSING,,,
158415898,,ERROR_PROCESSING,,,
268932150,,ERROR_PROCESSING,,,
275574174,,ERROR_PROCESSING,,,
273373582,,ERROR_PROCESSING,,,
122224871,,ERROR_PROCESSING,,,
137342279,,ERROR_PROCESSING,,,
298965827,,ERROR_PROCESSING,,,
28159758,,ERROR_PROCESSING,,,
159304134,,ERROR_PROCESSING,,,
159180076,,ERROR_PROCESSING,,,
416281317,,ERROR_PROCESSING,,,
138097784,,ERROR_PROCESSING,,,
290033595,,ERROR_PROCESSING,,,
274118253,,ERROR_PROCESSING,,,
159174926,,ERROR_PROCESSING,,,
164557694,,ERROR_PROCESSING,,,
138969285,,ERROR_PROCESSING,,,
272180236,,ERROR_PROCESSING,,,
270695184,,ERROR_PROCESSING,,,
158322085,,ERROR_PROCESSING,,,
350814622,,ERROR_PROCESSING,,,
122442545,,ERROR_PROCESSING,,,
158170594,,ERROR_PROCESSING,,,
121458495,,ERROR_PROCESSING,,,
122707140,,ERROR_PROCESSING,,,
47977416,,ERROR_PROCESSING,,,
121598758,,ERROR_PROCESSING,,,
377915723,,ERROR_PROCESSING,,,
159580625,,ERROR_PROCESSING,,,
120961424,,ERROR_PROCESSING,,,
270948636,,ERROR_PROCESSING,,,
137626872,,ERROR_PROCESSING,,,
138222081,,ERROR_PROCESSING,,,
27649489,,ERROR_PROCESSING,,,
137548365,,ERROR_PROCESSING,,,
290034635,,ERROR_PROCESSING,,,
27396246,,ERROR_PROCESSING,,,
184085929,,ERROR_PROCESSING,,,
138297129,,ERROR_PROCESSING,,,
159389232,,ERROR_PROCESSING,,,
137150599,,ERROR_PROCESSING,,,
267673013,,ERROR_PROCESSING,,,
120105569,,ERROR_PROCESSING,,,
275569511,,ERROR_PROCESSING,,,
123316231,,ERROR_PROCESSING,,,
405719448,,ERROR_PROCESSING,,,
121660904,,ERROR_PROCESSING,,,
121112251,,ERROR_PROCESSING,,,
350814607,,ERROR_PROCESSING,,,
138214174,,ERROR_PROCESSING,,,
63212231,,ERROR_PROCESSING,,,
48354835,,ERROR_PROCESSING,,,
158843826,,ERROR_PROCESSING,,,
27006340,,ERROR_PROCESSING,,,
399951202,,ERROR_PROCESSING,,,
138299395,,ERROR_PROCESSING,,,
26583944,,ERROR_PROCESSING,,,
171971636,,ERROR_PROCESSING,,,
123416041,,ERROR_PROCESSING,,,
48450382,,ERROR_PROCESSING,,,
27847148,,ERROR_PROCESSING,,,
123444694,,ERROR_PROCESSING,,,
63212809,,ERROR_PROCESSING,,,
158489897,,ERROR_PROCESSING,,,
158113449,,ERROR_PROCESSING,,,
123447592,,ERROR_PROCESSING,,,
290034960,,ERROR_PROCESSING,,,
138100223,,ERROR_PROCESSING,,,
169176157,,ERROR_PROCESSING,,,
299158887,,ERROR_PROCESSING,,,
137683938,,ERROR_PROCESSING,,,
164652245,,ERROR_PROCESSING,,,
158785055,,ERROR_PROCESSING,,,
159051209,,ERROR_PROCESSING,,,
120424814,,ERROR_PROCESSING,,,
298962633,,ERROR_PROCESSING,,,
137548281,,ERROR_PROCESSING,,,
120765800,,ERROR_PROCESSING,,,
394174412,,ERROR_PROCESSING,,,
158730471,,ERROR_PROCESSING,,,
26541144,,ERROR_PROCESSING,,,
27769737,,ERROR_PROCESSING,,,
158731868,,ERROR_PROCESSING,,,
158394902,,ERROR_PROCESSING,,,
123495717,,ERROR_PROCESSING,,,
275571117,,ERROR_PROCESSING,,,
164721250,,ERROR_PROCESSING,,,
158218731,,ERROR_PROCESSING,,,
243271051,,ERROR_PROCESSING,,,
164892142,,ERROR_PROCESSING,,,
158428960,,ERROR_PROCESSING,,,
120420344,,ERROR_PROCESSING,,,
159050852,,ERROR_PROCESSING,,,
272601000,,ERROR_PROCESSING,,,
164724987,,ERROR_PROCESSING,,,
27394293,,ERROR_PROCESSING,,,
27454084,,ERROR_PROCESSING,,,
120578185,,ERROR_PROCESSING,,,
417655835,,ERROR_PROCESSING,,,
158324245,,ERROR_PROCESSING,,,
123496782,,ERROR_PROCESSING,,,
416267321,,ERROR_PROCESSING,,,
27644083,,ERROR_PROCESSING,,,
120960812,,ERROR_PROCESSING,,,
27843776,,ERROR_PROCESSING,,,
63449012,,ERROR_PROCESSING,,,
120495880,,ERROR_PROCESSING,,,
299089587,,ERROR_PROCESSING,,,
121660708,,ERROR_PROCESSING,,,
139106013,,ERROR_PROCESSING,,,
122712179,,ERROR_PROCESSING,,,
63204022,,ERROR_PROCESSING,,,
158171456,,ERROR_PROCESSING,,,
237157751,,ERROR_PROCESSING,,,
350738167,,ERROR_PROCESSING,,,
399825584,,ERROR_PROCESSING,,,
63213956,,ERROR_PROCESSING,,,
270786157,,ERROR_PROCESSING,,,
164646661,,ERROR_PROCESSING,,,
299033074,,ERROR_PROCESSING,,,
239227652,,ERROR_PROCESSING,,,
164886497,,ERROR_PROCESSING,,,
270781284,,ERROR_PROCESSING,,,
122374509,,ERROR_PROCESSING,,,
172422725,,ERROR_PROCESSING,,,
164652841,,ERROR_PROCESSING,,,
274198407,,ERROR_PROCESSING,,,
63452310,,ERROR_PROCESSING,,,
159763320,,ERROR_PROCESSING,,,
268604331,,ERROR_PROCESSING,,,
158657354,,ERROR_PROCESSING,,,
405719252,,ERROR_PROCESSING,,,
158324245,,ERROR_PROCESSING,,,
48216453,,ERROR_PROCESSING,,,
123235018,,ERROR_PROCESSING,,,
123415819,,ERROR_PROCESSING,,,
164889945,,ERROR_PROCESSING,,,
267989857,,ERROR_PROCESSING,,,
48503881,,ERROR_PROCESSING,,,
164836049,,ERROR_PROCESSING,,,
399953998,,ERROR_PROCESSING,,,
272375343,,ERROR_PROCESSING,,,
121789066,,ERROR_PROCESSING,,,
267749620,,ERROR_PROCESSING,,,
350810590,,ERROR_PROCESSING,,,
27843860,,ERROR_PROCESSING,,,
184296619,,ERROR_PROCESSING,,,
122066892,,ERROR_PROCESSING,,,
137555923,,ERROR_PROCESSING,,,
137218786,,ERROR_PROCESSING,,,
158625687,,ERROR_PROCESSING,,,
137089954,,ERROR_PROCESSING,,,
120891972,,ERROR_PROCESSING,,,
164832454,,ERROR_PROCESSING,,,
120692092,,ERROR_PROCESSING,,,
271671025,,ERROR_PROCESSING,,,
267673944,,ERROR_PROCESSING,,,
26417717,,ERROR_PROCESSING,,,
123447592,,ERROR_PROCESSING,,,
267749737,,ERROR_PROCESSING,,,
279917282,,ERROR_PROCESSING,,,
158840095,,ERROR_PROCESSING,,,
164525875,,ERROR_PROCESSING,,,
121123361,,ERROR_PROCESSING,,,
271431851,,ERROR_PROCESSING,,,
121329580,,ERROR_PROCESSING,,,
164727439,,ERROR_PROCESSING,,,
405717754,,ERROR_PROCESSING,,,
138644215,,ERROR_PROCESSING,,,
271253308,,ERROR_PROCESSING,,,
139106731,,ERROR_PROCESSING,,,
159441326,,ERROR_PROCESSING,,,
273378480,,ERROR_PROCESSING,,,
120252452,,ERROR_PROCESSING,,,
159379942,,ERROR_PROCESSING,,,
168811794,,ERROR_PROCESSING,,,
158419284,,ERROR_PROCESSING,,,
63213622,,ERROR_PROCESSING,,,
350811132,,ERROR_PROCESSING,,,
171971913,,ERROR_PROCESSING,,,
120821730,,ERROR_PROCESSING,,,
399826842,,ERROR_PROCESSING,,,
164646534,,ERROR_PROCESSING,,,
159051209,,ERROR_PROCESSING,,,
416282268,,ERROR_PROCESSING,,,
378160351,,ERROR_PROCESSING,,,
164652245,,ERROR_PROCESSING,,,
137342400,,ERROR_PROCESSING,,,
26540675,,ERROR_PROCESSING,,,
272597130,,ERROR_PROCESSING,,,
121395761,,ERROR_PROCESSING,,,
399915645,,ERROR_PROCESSING,,,
416267321,,ERROR_PROCESSING,,,
399954349,,ERROR_PROCESSING,,,
272282253,,ERROR_PROCESSING,,,
272172942,,ERROR_PROCESSING,,,
271424795,,ERROR_PROCESSING,,,
399822422,,ERROR_PROCESSING,,,
164646094,,ERROR_PROCESSING,,,
120421638,,ERROR_PROCESSING,,,
1881571053,,ERROR_PROCESSING,,,
27233725,,ERROR_PROCESSING,,,
158270511,,ERROR_PROCESSING,,,
271760755,,ERROR_PROCESSING,,,
120315006,,ERROR_PROCESSING,,,
120253745,,ERROR_PROCESSING,,,
48451562,,ERROR_PROCESSING,,,
159574927,,ERROR_PROCESSING,,,
243272677,,ERROR_PROCESSING,,,
27532128,,ERROR_PROCESSING,,,
273500946,,ERROR_PROCESSING,,,
158489095,,ERROR_PROCESSING,,,
120578688,,ERROR_PROCESSING,,,
169180792,,ERROR_PROCESSING,,,
271877680,,ERROR_PROCESSING,,,
27534138,,ERROR_PROCESSING,,,
121656582,,ERROR_PROCESSING,,,
271424111,,ERROR_PROCESSING,,,
299161524,,ERROR_PROCESSING,,,
138888759,,ERROR_PROCESSING,,,
159726559,,ERROR_PROCESSING,,,
273681580,,ERROR_PROCESSING,,,
237158408,,ERROR_PROCESSING,,,
48353902,,ERROR_PROCESSING,,,
158487005,,ERROR_PROCESSING,,,
164726946,,ERROR_PROCESSING,,,
122069243,,ERROR_PROCESSING,,,
272083644,,ERROR_PROCESSING,,,
184014439,,ERROR_PROCESSING,,,
120693011,,ERROR_PROCESSING,,,
158320130,,ERROR_PROCESSING,,,
121865656,,ERROR_PROCESSING,,,
137212833,,ERROR_PROCESSING,,,
159171904,,ERROR_PROCESSING,,,
122300177,,ERROR_PROCESSING,,,
159763595,,ERROR_PROCESSING,,,
137635841,,ERROR_PROCESSING,,,
275490034,,ERROR_PROCESSING,,,
158729099,,ERROR_PROCESSING,,,
158386680,,ERROR_PROCESSING,,,
137218786,,ERROR_PROCESSING,,,
48217265,,ERROR_PROCESSING,,,
264507945,,ERROR_PROCESSING,,,
169083837,,ERROR_PROCESSING,,,
275494505,,ERROR_PROCESSING,,,
28227113,,ERROR_PROCESSING,,,
120891972,,ERROR_PROCESSING,,,
63206513,,ERROR_PROCESSING,,,
138217479,,ERROR_PROCESSING,,,
121732589,,ERROR_PROCESSING,,,
138105005,,ERROR_PROCESSING,,,
120315151,,ERROR_PROCESSING,,,
137316027,,ERROR_PROCESSING,,,
120255950,,ERROR_PROCESSING,,,
164556761,,ERROR_PROCESSING,,,
48419201,,ERROR_PROCESSING,,,
268492383,,ERROR_PROCESSING,,,
271354351,,ERROR_PROCESSING,,,
164456037,,ERROR_PROCESSING,,,
27767452,,ERROR_PROCESSING,,,
158434144,,ERROR_PROCESSING,,,
138960099,,ERROR_PROCESSING,,,
279915521,,ERROR_PROCESSING,,,
123415819,,ERROR_PROCESSING,,,
27006665,,ERROR_PROCESSING,,,
399953998,,ERROR_PROCESSING,,,
121121775,,ERROR_PROCESSING,,,
139036554,,ERROR_PROCESSING,,,
164646661,,ERROR_PROCESSING,,,
158175366,,ERROR_PROCESSING,,,
164886497,,ERROR_PROCESSING,,,
158486560,,ERROR_PROCESSING,,,
122374509,,ERROR_PROCESSING,,,
63452790,,ERROR_PROCESSING,,,
28364164,,ERROR_PROCESSING,,,
159217436,,ERROR_PROCESSING,,,
237191392,,ERROR_PROCESSING,,,
350811132,,ERROR_PROCESSING,,,
298892283,,ERROR_PROCESSING,,,
159441621,,ERROR_PROCESSING,,,
137414304,,ERROR_PROCESSING,,,
407001624,,ERROR_PROCESSING,,,
405717552,,ERROR_PROCESSING,,,
378085037,,ERROR_PROCESSING,,,
272842291,,ERROR_PROCESSING,,,
239236731,,ERROR_PROCESSING,,,
137315852,,ERROR_PROCESSING,,,
120252452,,ERROR_PROCESSING,,,
159452015,,ERROR_PROCESSING,,,
27645404,,ERROR_PROCESSING,,,
164460208,,ERROR_PROCESSING,,,
298785034,,ERROR_PROCESSING,,,
159578257,,ERROR_PROCESSING,,,
63213622,,ERROR_PROCESSING,,,
137089993,,ERROR_PROCESSING,,,
267669725,,ERROR_PROCESSING,,,
271042217,,ERROR_PROCESSING,,,
137488218,,ERROR_PROCESSING,,,
27843860,,ERROR_PROCESSING,,,
271431851,,ERROR_PROCESSING,,,
26583640,,ERROR_PROCESSING,,,
298897851,,ERROR_PROCESSING,,,
120255638,,ERROR_PROCESSING,,,
268060194,,ERROR_PROCESSING,,,
159725995,,ERROR_PROCESSING,,,
159179987,,ERROR_PROCESSING,,,
272716728,,ERROR_PROCESSING,,,
184009076,,ERROR_PROCESSING,,,
271671025,,ERROR_PROCESSING,,,
169461816,,ERROR_PROCESSING,,,
120692092,,ERROR_PROCESSING,,,
394176812,,ERROR_PROCESSING,,,
120495446,,ERROR_PROCESSING,,,
164464070,,ERROR_PROCESSING,,,
267749737,,ERROR_PROCESSING,,,
121113728,,ERROR_PROCESSING,,,
158635959,,ERROR_PROCESSING,,,
158487658,,ERROR_PROCESSING,,,
279917282,,ERROR_PROCESSING,,,
123449386,,ERROR_PROCESSING,,,
158662352,,ERROR_PROCESSING,,,
270695341,,ERROR_PROCESSING,,,
416266465,,ERROR_PROCESSING,,,
122706051,,ERROR_PROCESSING,,,
159647219,,ERROR_PROCESSING,,,
139155506,,ERROR_PROCESSING,,,
120253745,,ERROR_PROCESSING,,,
120577770,,ERROR_PROCESSING,,,
123206821,,ERROR_PROCESSING,,,
164458714,,ERROR_PROCESSING,,,
137969066,,ERROR_PROCESSING,,,
120578712,,ERROR_PROCESSING,,,
139036121,,ERROR_PROCESSING,,,
27011135,,ERROR_PROCESSING,,,
28234096,,ERROR_PROCESSING,,,
137315414,,ERROR_PROCESSING,,,
159647919,,ERROR_PROCESSING,,,
121604440,,ERROR_PROCESSING,,,
27990610,,ERROR_PROCESSING,,,
352013661,,ERROR_PROCESSING,,,
121395761,,ERROR_PROCESSING,,,
123451768,,ERROR_PROCESSING,,,
268608781,,ERROR_PROCESSING,,,
121327187,,ERROR_PROCESSING,,,
48506505,,ERROR_PROCESSING,,,
138890353,,ERROR_PROCESSING,,,
279915941,,ERROR_PROCESSING,,,
158725179,,ERROR_PROCESSING,,,
416265126,,ERROR_PROCESSING,,,
137689252,,ERROR_PROCESSING,,,
122225232,,ERROR_PROCESSING,,,
123445166,,ERROR_PROCESSING,,,
290032428,,ERROR_PROCESSING,,,
63211674,,ERROR_PROCESSING,,,
138968338,,ERROR_PROCESSING,,,
27231753,,ERROR_PROCESSING,,,
273035189,,ERROR_PROCESSING,,,
299030528,,ERROR_PROCESSING,,,
137685450,,ERROR_PROCESSING,,,
299218776,,ERROR_PROCESSING,,,
273690178,,ERROR_PROCESSING,,,
138805992,,ERROR_PROCESSING,,,
273376082,,ERROR_PROCESSING,,,
164559875,,ERROR_PROCESSING,,,
270958237,,ERROR_PROCESSING,,,
299160628,,ERROR_PROCESSING,,,
164786087,,ERROR_PROCESSING,,,
269029175,,ERROR_PROCESSING,,,
417676622,,ERROR_PROCESSING,,,
164726946,,ERROR_PROCESSING,,,
158326424,,ERROR_PROCESSING,,,
159386728,,ERROR_PROCESSING,,,
138888759,,ERROR_PROCESSING,,,
237158408,,ERROR_PROCESSING,,,
158664221,,ERROR_PROCESSING,,,
269270853,,ERROR_PROCESSING,,,
298834019,,ERROR_PROCESSING,,,
271545939,,ERROR_PROCESSING,,,
48503953,,ERROR_PROCESSING,,,
299028577,,ERROR_PROCESSING,,,
272484980,,ERROR_PROCESSING,,,
158923465,,ERROR_PROCESSING,,,
399821807,,ERROR_PROCESSING,,,
399826741,,ERROR_PROCESSING,,,
48451130,,ERROR_PROCESSING,,,
48421060,,ERROR_PROCESSING,,,
48217457,,ERROR_PROCESSING,,,
271046907,,ERROR_PROCESSING,,,
299217801,,ERROR_PROCESSING,,,
270696519,,ERROR_PROCESSING,,,
139106731,,ERROR_PROCESSING,,,
299032847,,ERROR_PROCESSING,,,
158326744,,ERROR_PROCESSING,,,
159452015,,ERROR_PROCESSING,,,
122596693,,ERROR_PROCESSING,,,
399826842,,ERROR_PROCESSING,,,
170646917,,ERROR_PROCESSING,,,
272601000,,ERROR_PROCESSING,,,
171971913,,ERROR_PROCESSING,,,
272944990,,ERROR_PROCESSING,,,
350811132,,ERROR_PROCESSING,,,
137757057,,ERROR_PROCESSING,,,
169181786,,ERROR_PROCESSING,,,
159646433,,ERROR_PROCESSING,,,
405717552,,ERROR_PROCESSING,,,
416267321,,ERROR_PROCESSING,,,
158278132,,ERROR_PROCESSING,,,
351766445,,ERROR_PROCESSING,,,
272843289,,ERROR_PROCESSING,,,
416266820,,ERROR_PROCESSING,,,
123233041,,ERROR_PROCESSING,,,
138219428,,ERROR_PROCESSING,,,
159177065,,ERROR_PROCESSING,,,
27082730,,ERROR_PROCESSING,,,
351190880,,ERROR_PROCESSING,,,
279917282,,ERROR_PROCESSING,,,
164557694,,ERROR_PROCESSING,,,
158840095,,ERROR_PROCESSING,,,
171883078,,ERROR_PROCESSING,,,
27530849,,ERROR_PROCESSING,,,
164456891,,ERROR_PROCESSING,,,
158171456,,ERROR_PROCESSING,,,
138644215,,ERROR_PROCESSING,,,
158725491,,ERROR_PROCESSING,,,
28227113,,ERROR_PROCESSING,,,
237157751,,ERROR_PROCESSING,,,
120105633,,ERROR_PROCESSING,,,
350813835,,ERROR_PROCESSING,,,
121660595,,ERROR_PROCESSING,,,
158625100,,ERROR_PROCESSING,,,
122066949,,ERROR_PROCESSING,,,
184296619,,ERROR_PROCESSING,,,
158492133,,ERROR_PROCESSING,,,
299158887,,ERROR_PROCESSING,,,
27530621,,ERROR_PROCESSING,,,
169930145,,ERROR_PROCESSING,,,
121467823,,ERROR_PROCESSING,,,
137218786,,ERROR_PROCESSING,,,
268603980,,ERROR_PROCESSING,,,
417655814,,ERROR_PROCESSING,,,
63366281,,ERROR_PROCESSING,,,
120576846,,ERROR_PROCESSING,,,
271772050,,ERROR_PROCESSING,,,
122605691,,ERROR_PROCESSING,,,
298836607,,ERROR_PROCESSING,,,
123451321,,ERROR_PROCESSING,,,
120251654,,ERROR_PROCESSING,,,
137410211,,ERROR_PROCESSING,,,
416279965,,ERROR_PROCESSING,,,
267671250,,ERROR_PROCESSING,,,
27846759,,ERROR_PROCESSING,,,
239306681,,ERROR_PROCESSING,,,
271885110,,ERROR_PROCESSING,,,
270781284,,ERROR_PROCESSING,,,
158169713,,ERROR_PROCESSING,,,
138574253,,ERROR_PROCESSING,,,
258203566,,ERROR_PROCESSING,,,
399953998,,ERROR_PROCESSING,,,
405719110,,ERROR_PROCESSING,,,
63122176,,ERROR_PROCESSING,,,
272375343,,ERROR_PROCESSING,,,
271164596,,ERROR_PROCESSING,,,
138219367,,ERROR_PROCESSING,,,
164882868,,ERROR_PROCESSING,,,
417676622,,ERROR_PROCESSING,,,
158839841,,ERROR_PROCESSING,,,
184428068,,ERROR_PROCESSING,,,
158320130,,ERROR_PROCESSING,,,
121865656,,ERROR_PROCESSING,,,
164886812,,ERROR_PROCESSING,,,
159573412,,ERROR_PROCESSING,,,
270618386,,ERROR_PROCESSING,,,
268935452,,ERROR_PROCESSING,,,
275490034,,ERROR_PROCESSING,,,
48503953,,ERROR_PROCESSING,,,
26751563,,ERROR_PROCESSING,,,
169180792,,ERROR_PROCESSING,,,
184085929,,ERROR_PROCESSING,,,
27534138,,ERROR_PROCESSING,,,
273592336,,ERROR_PROCESSING,,,
27990682,,ERROR_PROCESSING,,,
350814607,,ERROR_PROCESSING,,,
399954349,,ERROR_PROCESSING,,,
138888759,,ERROR_PROCESSING,,,
272597196,,ERROR_PROCESSING,,,
26538999,,ERROR_PROCESSING,,,
424865156,,ERROR_PROCESSING,,,
122142813,,ERROR_PROCESSING,,,
158394479,,ERROR_PROCESSING,,,
123316231,,ERROR_PROCESSING,,,
269271535,,ERROR_PROCESSING,,,
28234022,,ERROR_PROCESSING,,,
122374620,,ERROR_PROCESSING,,,
270698499,,ERROR_PROCESSING,,,
158730203,,ERROR_PROCESSING,,,
237158650,,ERROR_PROCESSING,,,
120103325,,ERROR_PROCESSING,,,
243271972,,ERROR_PROCESSING,,,
27011135,,ERROR_PROCESSING,,,
27239856,,ERROR_PROCESSING,,,
270705735,,ERROR_PROCESSING,,,
271760755,,ERROR_PROCESSING,,,
26814296,,ERROR_PROCESSING,,,
279913347,,ERROR_PROCESSING,,,
272282253,,ERROR_PROCESSING,,,
271661839,,ERROR_PROCESSING,,,
164527695,,ERROR_PROCESSING,,,
63001143,,ERROR_PROCESSING,,,
122446315,,ERROR_PROCESSING,,,
290035649,,ERROR_PROCESSING,,,
272597130,,ERROR_PROCESSING,,,
268481319,,ERROR_PROCESSING,,,
158489110,,ERROR_PROCESSING,,,
158112888,,ERROR_PROCESSING,,,
271431851,,ERROR_PROCESSING,,,
138644215,,ERROR_PROCESSING,,,
159175206,,ERROR_PROCESSING,,,
169461816,,ERROR_PROCESSING,,,
272707494,,ERROR_PROCESSING,,,
271671025,,ERROR_PROCESSING,,,
123233041,,ERROR_PROCESSING,,,
27006192,,ERROR_PROCESSING,,,
267749737,,ERROR_PROCESSING,,,
63373449,,ERROR_PROCESSING,,,
138569175,,ERROR_PROCESSING,,,
417659970,,ERROR_PROCESSING,,,
271042217,,ERROR_PROCESSING,,,
123448077,,ERROR_PROCESSING,,,
158840095,,ERROR_PROCESSING,,,
63130782,,ERROR_PROCESSING,,,
273234825,,ERROR_PROCESSING,,,
158722002,,ERROR_PROCESSING,,,
243271716,,ERROR_PROCESSING,,,
26582909,,ERROR_PROCESSING,,,
184426431,,ERROR_PROCESSING,,,
120044687,,ERROR_PROCESSING,,,
121395435,,ERROR_PROCESSING,,,
158985675,,ERROR_PROCESSING,,,
299033164,,ERROR_PROCESSING,,,
270779644,,ERROR_PROCESSING,,,
271346561,,ERROR_PROCESSING,,,
405717552,,ERROR_PROCESSING,,,
158389981,,ERROR_PROCESSING,,,
63004906,,ERROR_PROCESSING,,,
269263577,,ERROR_PROCESSING,,,
171974763,,ERROR_PROCESSING,,,
123359347,,ERROR_PROCESSING,,,
164721759,,ERROR_PROCESSING,,,
159452015,,ERROR_PROCESSING,,,
298892283,,ERROR_PROCESSING,,,
63213622,,ERROR_PROCESSING,,,
299217801,,ERROR_PROCESSING,,,
137968594,,ERROR_PROCESSING,,,
138366224,,ERROR_PROCESSING,,,
137219378,,ERROR_PROCESSING,,,
120961632,,ERROR_PROCESSING,,,
164411478,,ERROR_PROCESSING,,,
271428166,,ERROR_PROCESSING,,,
272080244,,ERROR_PROCESSING,,,
299028577,,ERROR_PROCESSING,,,
48448415,,ERROR_PROCESSING,,,
279917678,,ERROR_PROCESSING,,,
164458714,,ERROR_PROCESSING,,,
139036554,,ERROR_PROCESSING,,,
159727092,,ERROR_PROCESSING,,,
272942100,,ERROR_PROCESSING,,,
267989336,,ERROR_PROCESSING,,,
237188565,,ERROR_PROCESSING,,,
123492903,,ERROR_PROCESSING,,,
267746315,,ERROR_PROCESSING,,,
299089652,,ERROR_PROCESSING,,,
351190880,,ERROR_PROCESSING,,,
399860388,,ERROR_PROCESSING,,,
138105005,,ERROR_PROCESSING,,,
273590427,,ERROR_PROCESSING,,,
28227113,,ERROR_PROCESSING,,,
377730967,,ERROR_PROCESSING,,,
275494505,,ERROR_PROCESSING,,,
417676802,,ERROR_PROCESSING,,,
272489533,,ERROR_PROCESSING,,,
184554636,,ERROR_PROCESSING,,,
164884002,,ERROR_PROCESSING,,,
164455792,,ERROR_PROCESSING,,,
48451130,,ERROR_PROCESSING,,,
164828419,,ERROR_PROCESSING,,,
158487888,,ERROR_PROCESSING,,,
351192037,,ERROR_PROCESSING,,,
171502232,,ERROR_PROCESSING,,,
273778951,,ERROR_PROCESSING,,,
298834019,,ERROR_PROCESSING,,,
274020852,,ERROR_PROCESSING,,,
271749758,,ERROR_PROCESSING,,,
158664221,,ERROR_PROCESSING,,,
27534138,,ERROR_PROCESSING,,,
271877680,,ERROR_PROCESSING,,,
272843763,,ERROR_PROCESSING,,,
270609625,,ERROR_PROCESSING,,,
121865656,,ERROR_PROCESSING,,,
159396818,,ERROR_PROCESSING,,,
121458206,,ERROR_PROCESSING,,,
137340986,,ERROR_PROCESSING,,,
158552426,,ERROR_PROCESSING,,,
164786087,,ERROR_PROCESSING,,,
275490034,,ERROR_PROCESSING,,,
273873718,,ERROR_PROCESSING,,,
184300256,,ERROR_PROCESSING,,,
269119490,,ERROR_PROCESSING,,,
63210391,,ERROR_PROCESSING,,,
164726946,,ERROR_PROCESSING,,,
417676622,,ERROR_PROCESSING,,,
399860444,,ERROR_PROCESSING,,,
378012771,,ERROR_PROCESSING,,,
298969755,,ERROR_PROCESSING,,,
298834402,,ERROR_PROCESSING,,,
271255413,,ERROR_PROCESSING,,,
138366498,,ERROR_PROCESSING,,,
185057567,,ERROR_PROCESSING,,,
271433874,,ERROR_PROCESSING,,,
171879024,,ERROR_PROCESSING,,,
158838923,,ERROR_PROCESSING,,,
159642390,,ERROR_PROCESSING,,,
1717079066,,ERROR_PROCESSING,,,
138216186,,ERROR_PROCESSING,,,
268935452,,ERROR_PROCESSING,,,
399951196,,ERROR_PROCESSING,,,
351766517,,ERROR_PROCESSING,,,
28089143,,ERROR_PROCESSING,,,
271669275,,ERROR_PROCESSING,,,
27990682,,ERROR_PROCESSING,,,
399955825,,ERROR_PROCESSING,,,
275571034,,ERROR_PROCESSING,,,
164890864,,ERROR_PROCESSING,,,
271970605,,ERROR_PROCESSING,,,
273047792,,ERROR_PROCESSING,,,
123357864,,ERROR_PROCESSING,,,
123206821,,ERROR_PROCESSING,,,
121108727,,ERROR_PROCESSING,,,
275575525,,ERROR_PROCESSING,,,
164725204,,ERROR_PROCESSING,,,
416283848,,ERROR_PROCESSING,,,
272596598,,ERROR_PROCESSING,,,
27011135,,ERROR_PROCESSING,,,
184417262,,ERROR_PROCESSING,,,
164556761,,ERROR_PROCESSING,,,
122298563,,ERROR_PROCESSING,,,
273376082,,ERROR_PROCESSING,,,
270700335,,ERROR_PROCESSING,,,
416279912,,ERROR_PROCESSING,,,
137685450,,ERROR_PROCESSING,,,
26817863,,ERROR_PROCESSING,,,
123495874,,ERROR_PROCESSING,,,
164522561,,ERROR_PROCESSING,,,
123409401,,ERROR_PROCESSING,,,
122293639,,ERROR_PROCESSING,,,
399860218,,ERROR_PROCESSING,,,
27240404,,ERROR_PROCESSING,,,
299089652,,ERROR_PROCESSING,,,
137637249,,ERROR_PROCESSING,,,
172372582,,ERROR_PROCESSING,,,
158984573,,ERROR_PROCESSING,,,
239273090,,ERROR_PROCESSING,,,
138430864,,ERROR_PROCESSING,,,
123129877,,ERROR_PROCESSING,,,
122443195,,ERROR_PROCESSING,,,
122450696,,ERROR_PROCESSING,,,
121660904,,ERROR_PROCESSING,,,
121112251,,ERROR_PROCESSING,,,
159647910,,ERROR_PROCESSING,,,
48421060,,ERROR_PROCESSING,,,
377782184,,ERROR_PROCESSING,,,
137899948,,ERROR_PROCESSING,,,
120900025,,ERROR_PROCESSING,,,
121599740,,ERROR_PROCESSING,,,
269032792,,ERROR_PROCESSING,,,
352012975,,ERROR_PROCESSING,,,
121460918,,ERROR_PROCESSING,,,
138297190,,ERROR_PROCESSING,,,
158633475,,ERROR_PROCESSING,,,
272715773,,ERROR_PROCESSING,,,
164827658,,ERROR_PROCESSING,,,
275490218,,ERROR_PROCESSING,,,
158664692,,ERROR_PROCESSING,,,
137754713,,ERROR_PROCESSING,,,
123309556,,ERROR_PROCESSING,,,
290005350,,ERROR_PROCESSING,,,
120973167,,ERROR_PROCESSING,,,
158325998,,ERROR_PROCESSING,,,
159174926,,ERROR_PROCESSING,,,
239287622,,ERROR_PROCESSING,,,
399860444,,ERROR_PROCESSING,,,
158722379,,ERROR_PROCESSING,,,
269357457,,ERROR_PROCESSING,,,
122225232,,ERROR_PROCESSING,,,
48506505,,ERROR_PROCESSING,,,
164464070,,ERROR_PROCESSING,,,
352012126,,ERROR_PROCESSING,,,
26541093,,ERROR_PROCESSING,,,
158217620,,ERROR_PROCESSING,,,
63211674,,ERROR_PROCESSING,,,
122294261,,ERROR_PROCESSING,,,
378085037,,ERROR_PROCESSING,,,
424815791,,ERROR_PROCESSING,,,
63005636,,ERROR_PROCESSING,,,
168811723,,ERROR_PROCESSING,,,
159441621,,ERROR_PROCESSING,,,
270615136,,ERROR_PROCESSING,,,
27014562,,ERROR_PROCESSING,,,
273499989,,ERROR_PROCESSING,,,
159050004,,ERROR_PROCESSING,,,
272270522,,ERROR_PROCESSING,,,
164460208,,ERROR_PROCESSING,,,
27914389,,ERROR_PROCESSING,,,
258349590,,ERROR_PROCESSING,,,
271052158,,ERROR_PROCESSING,,,
48448369,,ERROR_PROCESSING,,,
121729607,,ERROR_PROCESSING,,,
271769940,,ERROR_PROCESSING,,,
121865123,,ERROR_PROCESSING,,,
27687265,,ERROR_PROCESSING,,,
28230919,,ERROR_PROCESSING,,,
48353358,,ERROR_PROCESSING,,,
120255638,,ERROR_PROCESSING,,,
159397031,,ERROR_PROCESSING,,,
63372898,,ERROR_PROCESSING,,,
279915941,,ERROR_PROCESSING,,,
158635959,,ERROR_PROCESSING,,,
270954695,,ERROR_PROCESSING,,,
158487890,,ERROR_PROCESSING,,,
48421337,,ERROR_PROCESSING,,,
270698316,,ERROR_PROCESSING,,,
138364751,,ERROR_PROCESSING,,,
268159158,,ERROR_PROCESSING,,,
27240575,,ERROR_PROCESSING,,,
270611401,,ERROR_PROCESSING,,,
158729099,,ERROR_PROCESSING,,,
264507945,,ERROR_PROCESSING,,,
122713147,,ERROR_PROCESSING,,,
164559875,,ERROR_PROCESSING,,,
273378026,,ERROR_PROCESSING,,,
350987771,,ERROR_PROCESSING,,,
63214717,,ERROR_PROCESSING,,,
159395366,,ERROR_PROCESSING,,,
158432813,,ERROR_PROCESSING,,,
120420633,,ERROR_PROCESSING,,,
268159861,,ERROR_PROCESSING,,,
169079027,,ERROR_PROCESSING,,,
120255950,,ERROR_PROCESSING,,,
272279981,,ERROR_PROCESSING,,,
399826741,,ERROR_PROCESSING,,,
158394902,,ERROR_PROCESSING,,,
271763415,,ERROR_PROCESSING,,,
164721250,,ERROR_PROCESSING,,,
351910733,,ERROR_PROCESSING,,,
273045068,,ERROR_PROCESSING,,,
269263577,,ERROR_PROCESSING,,,
138960099,,ERROR_PROCESSING,,,
240178935,,ERROR_PROCESSING,,,
237159318,,ERROR_PROCESSING,,,
137154728,,ERROR_PROCESSING,,,
122066280,,ERROR_PROCESSING,,,
271958892,,ERROR_PROCESSING,,,
237191392,,ERROR_PROCESSING,,,
170647523,,ERROR_PROCESSING,,,
27007509,,ERROR_PROCESSING,,,
138431522,,ERROR_PROCESSING,,,
158730471,,ERROR_PROCESSING,,,
399819857,,ERROR_PROCESSING,,,
271164778,,ERROR_PROCESSING,,,
271424111,,ERROR_PROCESSING,,,
137899948,,ERROR_PROCESSING,,,
137555411,,ERROR_PROCESSING,,,
184471242,,ERROR_PROCESSING,,,
137816475,,ERROR_PROCESSING,,,
158561894,,ERROR_PROCESSING,,,
158489095,,ERROR_PROCESSING,,,
138575125,,ERROR_PROCESSING,,,
138297129,,ERROR_PROCESSING,,,
121660904,,ERROR_PROCESSING,,,
122450696,,ERROR_PROCESSING,,,
158324245,,ERROR_PROCESSING,,,
121272493,,ERROR_PROCESSING,,,
159581842,,ERROR_PROCESSING,,,
273377282,,ERROR_PROCESSING,,,
352011875,,ERROR_PROCESSING,,,
298961646,,ERROR_PROCESSING,,,
27396246,,ERROR_PROCESSING,,,
350810590,,ERROR_PROCESSING,,,
158422963,,ERROR_PROCESSING,,,
158553540,,ERROR_PROCESSING,,,
158842046,,ERROR_PROCESSING,,,
271355638,,ERROR_PROCESSING,,,
164527695,,ERROR_PROCESSING,,,
299153388,,ERROR_PROCESSING,,,
272173269,,ERROR_PROCESSING,,,
350814622,,ERROR_PROCESSING,,,
63366291,,ERROR_PROCESSING,,,
123495874,,ERROR_PROCESSING,,,
298897924,,ERROR_PROCESSING,,,
299028607,,ERROR_PROCESSING,,,
352011765,,ERROR_PROCESSING,,,
399794329,,ERROR_PROCESSING,,,
164527012,,ERROR_PROCESSING,,,
416279912,,ERROR_PROCESSING,,,
48451491,,ERROR_PROCESSING,,,
138969285,,ERROR_PROCESSING,,,
27397848,,ERROR_PROCESSING,,,
27240404,,ERROR_PROCESSING,,,
158660363,,ERROR_PROCESSING,,,
271261159,,ERROR_PROCESSING,,,
158989438,,ERROR_PROCESSING,,,
164646094,,ERROR_PROCESSING,,,
138568416,,ERROR_PROCESSING,,,
164652245,,ERROR_PROCESSING,,,
123309556,,ERROR_PROCESSING,,,
159180076,,ERROR_PROCESSING,,,
377782148,,ERROR_PROCESSING,,,
26961214,,ERROR_PROCESSING,,,
272172942,,ERROR_PROCESSING,,,
399954349,,ERROR_PROCESSING,,,
272840455,,ERROR_PROCESSING,,,
267747398,,ERROR_PROCESSING,,,
158626833,,ERROR_PROCESSING,,,
237192046,,ERROR_PROCESSING,,,
271354748,,ERROR_PROCESSING,,,
243272677,,ERROR_PROCESSING,,,
273690208,,ERROR_PROCESSING,,,
138036531,,ERROR_PROCESSING,,,
122447780,,ERROR_PROCESSING,,,
273237673,,ERROR_PROCESSING,,,
63370825,,ERROR_PROCESSING,,,
158559018,,ERROR_PROCESSING,,,
350737935,,ERROR_PROCESSING,,,
399825584,,ERROR_PROCESSING,,,
27186509,,ERROR_PROCESSING,,,
123447592,,ERROR_PROCESSING,,,
158935283,,ERROR_PROCESSING,,,
121865123,,ERROR_PROCESSING,,,
27846348,,ERROR_PROCESSING,,,
394175334,,ERROR_PROCESSING,,,
123358827,,ERROR_PROCESSING,,,
159099116,,ERROR_PROCESSING,,,
158494681,,ERROR_PROCESSING,,,
48448369,,ERROR_PROCESSING,,,
258349590,,ERROR_PROCESSING,,,
164525743,,ERROR_PROCESSING,,,
271767300,,ERROR_PROCESSING,,,
279913760,,ERROR_PROCESSING,,,
271669616,,ERROR_PROCESSING,,,
120418600,,ERROR_PROCESSING,,,
271966200,,ERROR_PROCESSING,,,
406948151,,ERROR_PROCESSING,,,
123202589,,ERROR_PROCESSING,,,
159050852,,ERROR_PROCESSING,,,
399822422,,ERROR_PROCESSING,,,
63452310,,ERROR_PROCESSING,,,
272085033,,ERROR_PROCESSING,,,
243271051,,ERROR_PROCESSING,,,
267672183,,ERROR_PROCESSING,,,
268604331,,ERROR_PROCESSING,,,
137899939,,ERROR_PROCESSING,,,
264508835,,ERROR_PROCESSING,,,
164721250,,ERROR_PROCESSING,,,
271763415,,ERROR_PROCESSING,,,
270787590,,ERROR_PROCESSING,,,
377782430,,ERROR_PROCESSING,,,
164458639,,ERROR_PROCESSING,,,
271752712,,ERROR_PROCESSING,,,
26488618,,ERROR_PROCESSING,,,
350987771,,ERROR_PROCESSING,,,
158662813,,ERROR_PROCESSING,,,
159449041,,ERROR_PROCESSING,,,
27687265,,ERROR_PROCESSING,,,
158432813,,ERROR_PROCESSING,,,
63074840,,ERROR_PROCESSING,,,
123444694,,ERROR_PROCESSING,,,
352013543,,ERROR_PROCESSING,,,
27240575,,ERROR_PROCESSING,,,
158989909,,ERROR_PROCESSING,,,
138299395,,ERROR_PROCESSING,,,
164832454,,ERROR_PROCESSING,,,
48304460,,ERROR_PROCESSING,,,
27774043,,ERROR_PROCESSING,,,
158559861,,ERROR_PROCESSING,,,
138959504,,ERROR_PROCESSING,,,
164721250,,ERROR_PROCESSING,,,
123415819,,ERROR_PROCESSING,,,
270854411,,ERROR_PROCESSING,,,
399953998,,ERROR_PROCESSING,,,
352013661,,ERROR_PROCESSING,,,
122374509,,ERROR_PROCESSING,,,
351804260,,ERROR_PROCESSING,,,
63452310,,ERROR_PROCESSING,,,
158668572,,ERROR_PROCESSING,,,
271052158,,ERROR_PROCESSING,,,
268604331,,ERROR_PROCESSING,,,
158394235,,ERROR_PROCESSING,,,
272085033,,ERROR_PROCESSING,,,
237191392,,ERROR_PROCESSING,,,
299158887,,ERROR_PROCESSING,,,
27082352,,ERROR_PROCESSING,,,
279915941,,ERROR_PROCESSING,,,
158725179,,ERROR_PROCESSING,,,
158729099,,ERROR_PROCESSING,,,
416265126,,ERROR_PROCESSING,,,
137218786,,ERROR_PROCESSING,,,
137089954,,ERROR_PROCESSING,,,
158989909,,ERROR_PROCESSING,,,
121327187,,ERROR_PROCESSING,,,
267748934,,ERROR_PROCESSING,,,
164832454,,ERROR_PROCESSING,,,
63074840,,ERROR_PROCESSING,,,
122597885,,ERROR_PROCESSING,,,
268379849,,ERROR_PROCESSING,,,
120255950,,ERROR_PROCESSING,,,
164654277,,ERROR_PROCESSING,,,
158489841,,ERROR_PROCESSING,,,
299029323,,ERROR_PROCESSING,,,
123357893,,ERROR_PROCESSING,,,
164559875,,ERROR_PROCESSING,,,
123358827,,ERROR_PROCESSING,,,
164780824,,ERROR_PROCESSING,,,
120255638,,ERROR_PROCESSING,,,
158171456,,ERROR_PROCESSING,,,
416282121,,ERROR_PROCESSING,,,
270611154,,ERROR_PROCESSING,,,
120692092,,ERROR_PROCESSING,,,
27847814,,ERROR_PROCESSING,,,
123447592,,ERROR_PROCESSING,,,
120763491,,ERROR_PROCESSING,,,
158635959,,ERROR_PROCESSING,,,
279917282,,ERROR_PROCESSING,,,
164786172,,ERROR_PROCESSING,,,
350811132,,ERROR_PROCESSING,,,
159441621,,ERROR_PROCESSING,,,
28230919,,ERROR_PROCESSING,,,
159646433,,ERROR_PROCESSING,,,
159386728,,ERROR_PROCESSING,,,
299217986,,ERROR_PROCESSING,,,
270704515,,ERROR_PROCESSING,,,
48504464,,ERROR_PROCESSING,,,
269263577,,ERROR_PROCESSING,,,
168816237,,ERROR_PROCESSING,,,
123202646,,ERROR_PROCESSING,,,
139106731,,ERROR_PROCESSING,,,
48217457,,ERROR_PROCESSING,,,
258349590,,ERROR_PROCESSING,,,
258348597,,ERROR_PROCESSING,,,
377871791,,ERROR_PROCESSING,,,
120252452,,ERROR_PROCESSING,,,
239285770,,ERROR_PROCESSING,,,
298785034,,ERROR_PROCESSING,,,
164460208,,ERROR_PROCESSING,,,
158923465,,ERROR_PROCESSING,,,
123409401,,ERROR_PROCESSING,,,
27912377,,ERROR_PROCESSING,,,
48506505,,ERROR_PROCESSING,,,
159174926,,ERROR_PROCESSING,,,
48217265,,ERROR_PROCESSING,,,
158386680,,ERROR_PROCESSING,,,
137689252,,ERROR_PROCESSING,,,
271351820,,ERROR_PROCESSING,,,
272844987,,ERROR_PROCESSING,,,
164556761,,ERROR_PROCESSING,,,
63211674,,ERROR_PROCESSING,,,
273875635,,ERROR_PROCESSING,,,
27188610,,ERROR_PROCESSING,,,
184167421,,ERROR_PROCESSING,,,
273234664,,ERROR_PROCESSING,,,
121732589,,ERROR_PROCESSING,,,
299028607,,ERROR_PROCESSING,,,
63066101,,ERROR_PROCESSING,,,
164527695,,ERROR_PROCESSING,,,
120252007,,ERROR_PROCESSING,,,
159647219,,ERROR_PROCESSING,,,
273237673,,ERROR_PROCESSING,,,
159043952,,ERROR_PROCESSING,,,
273690208,,ERROR_PROCESSING,,,
164830167,,ERROR_PROCESSING,,,
164646094,,ERROR_PROCESSING,,,
26961214,,ERROR_PROCESSING,,,
123309556,,ERROR_PROCESSING,,,
121731834,,ERROR_PROCESSING,,,
407001624,,ERROR_PROCESSING,,,
138888759,,ERROR_PROCESSING,,,
137411481,,ERROR_PROCESSING,,,
121660904,,ERROR_PROCESSING,,,
122450696,,ERROR_PROCESSING,,,
159301821,,ERROR_PROCESSING,,,
27988327,,ERROR_PROCESSING,,,
63068329,,ERROR_PROCESSING,,,
164785720,,ERROR_PROCESSING,,,
63066410,,ERROR_PROCESSING,,,
138575125,,ERROR_PROCESSING,,,
137555411,,ERROR_PROCESSING,,,
184471242,,ERROR_PROCESSING,,,
137816475,,ERROR_PROCESSING,,,
164827658,,ERROR_PROCESSING,,,
271424111,,ERROR_PROCESSING,,,
121785676,,ERROR_PROCESSING,,,
159725995,,ERROR_PROCESSING,,,
137685450,,ERROR_PROCESSING,,,
63366291,,ERROR_PROCESSING,,,
159179987,,ERROR_PROCESSING,,,
267570317,,ERROR_PROCESSING,,,
27649203,,ERROR_PROCESSING,,,
158487658,,ERROR_PROCESSING,,,
158553540,,ERROR_PROCESSING,,,
268712158,,ERROR_PROCESSING,,,
271355638,,ERROR_PROCESSING,,,
28357724,,ERROR_PROCESSING,,,
158422963,,ERROR_PROCESSING,,,
27458633,,ERROR_PROCESSING,,,
121113728,,ERROR_PROCESSING,,,
268159861,,ERROR_PROCESSING,,,
239225129,,ERROR_PROCESSING,,,
158114249,,ERROR_PROCESSING,,,
120255950,,ERROR_PROCESSING,,,
158270841,,ERROR_PROCESSING,,,
350987771,,ERROR_PROCESSING,,,
137550938,,ERROR_PROCESSING,,,
159225155,,ERROR_PROCESSING,,,
158432813,,ERROR_PROCESSING,,,
273036122,,ERROR_PROCESSING,,,
158385035,,ERROR_PROCESSING,,,
299089652,,ERROR_PROCESSING,,,
158729099,,ERROR_PROCESSING,,,
270611401,,ERROR_PROCESSING,,,
137089954,,ERROR_PROCESSING,,,
27774415,,ERROR_PROCESSING,,,
273507060,,ERROR_PROCESSING,,,
122706631,,ERROR_PROCESSING,,,
164832454,,ERROR_PROCESSING,,,
164646661,,ERROR_PROCESSING,,,
164886497,,ERROR_PROCESSING,,,
164778883,,ERROR_PROCESSING,,,
158215023,,ERROR_PROCESSING,,,
27007509,,ERROR_PROCESSING,,,
120418600,,ERROR_PROCESSING,,,
237159318,,ERROR_PROCESSING,,,
28230919,,ERROR_PROCESSING,,,
63452310,,ERROR_PROCESSING,,,
239306681,,ERROR_PROCESSING,,,
170647523,,ERROR_PROCESSING,,,
237191392,,ERROR_PROCESSING,,,
399822422,,ERROR_PROCESSING,,,
417659456,,ERROR_PROCESSING,,,
239285770,,ERROR_PROCESSING,,,
158664331,,ERROR_PROCESSING,,,
279917678,,ERROR_PROCESSING,,,
121214909,,ERROR_PROCESSING,,,
351910733,,ERROR_PROCESSING,,,
164558338,,ERROR_PROCESSING,,,
48448369,,ERROR_PROCESSING,,,
121656582,,ERROR_PROCESSING,,,
171974763,,ERROR_PROCESSING,,,
158317824,,ERROR_PROCESSING,,,
170251516,,ERROR_PROCESSING,,,
273383120,,ERROR_PROCESSING,,,
164721759,,ERROR_PROCESSING,,,
26751240,,ERROR_PROCESSING,,,
120578688,,ERROR_PROCESSING,,,
27914389,,ERROR_PROCESSING,,,
164460208,,ERROR_PROCESSING,,,
298785034,,ERROR_PROCESSING,,,
63213622,,ERROR_PROCESSING,,,
63005636,,ERROR_PROCESSING,,,
159441621,,ERROR_PROCESSING,,,
270779644,,ERROR_PROCESSING,,,
299161524,,ERROR_PROCESSING,,,
158389981,,ERROR_PROCESSING,,,
120105003,,ERROR_PROCESSING,,,
271671025,,ERROR_PROCESSING,,,
270698316,,ERROR_PROCESSING,,,
27456723,,ERROR_PROCESSING,,,
138364751,,ERROR_PROCESSING,,,
267749737,,ERROR_PROCESSING,,,
268159158,,ERROR_PROCESSING,,,
184166357,,ERROR_PROCESSING,,,
123447592,,ERROR_PROCESSING,,,
164723136,,ERROR_PROCESSING,,,
48353203,,ERROR_PROCESSING,,,
27082352,,ERROR_PROCESSING,,,
406997913,,ERROR_PROCESSING,,,
271158747,,ERROR_PROCESSING,,,
271431851,,ERROR_PROCESSING,,,
122139228,,ERROR_PROCESSING,,,
120255638,,ERROR_PROCESSING,,,
158324326,,ERROR_PROCESSING,,,
121865123,,ERROR_PROCESSING,,,
27534458,,ERROR_PROCESSING,,,
47976987,,ERROR_PROCESSING,,,
158657354,,ERROR_PROCESSING,,,
159652365,,ERROR_PROCESSING,,,
158324245,,ERROR_PROCESSING,,,
63283780,,ERROR_PROCESSING,,,
239229224,,ERROR_PROCESSING,,,
299033074,,ERROR_PROCESSING,,,
164646094,,ERROR_PROCESSING,,,
416283848,,ERROR_PROCESSING,,,
27187386,,ERROR_PROCESSING,,,
290005350,,ERROR_PROCESSING,,,
137754713,,ERROR_PROCESSING,,,
158633329,,ERROR_PROCESSING,,,
48503881,,ERROR_PROCESSING,,,
164836049,,ERROR_PROCESSING,,,
138297190,,ERROR_PROCESSING,,,
352012975,,ERROR_PROCESSING,,,
120253745,,ERROR_PROCESSING,,,
48216453,,ERROR_PROCESSING,,,
267749620,,ERROR_PROCESSING,,,
63211674,,ERROR_PROCESSING,,,
122066892,,ERROR_PROCESSING,,,
121789066,,ERROR_PROCESSING,,,
28089143,,ERROR_PROCESSING,,,
26541093,,ERROR_PROCESSING,,,
273036401,,ERROR_PROCESSING,,,
352011875,,ERROR_PROCESSING,,,
298969755,,ERROR_PROCESSING,,,
121395761,,ERROR_PROCESSING,,,
48506505,,ERROR_PROCESSING,,,
158630233,,ERROR_PROCESSING,,,
138366498,,ERROR_PROCESSING,,,
28357724,,ERROR_PROCESSING,,,
267667295,,ERROR_PROCESSING,,,
158722379,,ERROR_PROCESSING,,,
63368895,,ERROR_PROCESSING,,,
172372582,,ERROR_PROCESSING,,,
269029175,,ERROR_PROCESSING,,,
164525875,,ERROR_PROCESSING,,,
164726946,,ERROR_PROCESSING,,,
267673944,,ERROR_PROCESSING,,,
399860444,,ERROR_PROCESSING,,,
268612521,,ERROR_PROCESSING,,,
27912377,,ERROR_PROCESSING,,,
123495874,,ERROR_PROCESSING,,,
137685450,,ERROR_PROCESSING,,,
27532033,,ERROR_PROCESSING,,,
270700335,,ERROR_PROCESSING,,,
270700432,,ERROR_PROCESSING,,,
267747398,,ERROR_PROCESSING,,,
424865156,,ERROR_PROCESSING,,,
237192046,,ERROR_PROCESSING,,,
164407908,,ERROR_PROCESSING,,,
137899948,,ERROR_PROCESSING,,,
271424111,,ERROR_PROCESSING,,,
169466684,,ERROR_PROCESSING,,,
122376177,,ERROR_PROCESSING,,,
123129877,,ERROR_PROCESSING,,,
237158408,,ERROR_PROCESSING,,,
159051209,,ERROR_PROCESSING,,,
298834019,,ERROR_PROCESSING,,,
273231214,,ERROR_PROCESSING,,,
399951202,,ERROR_PROCESSING,,,
27081773,,ERROR_PROCESSING,,,
120042828,,ERROR_PROCESSING,,,
138216186,,ERROR_PROCESSING,,,
290034960,,ERROR_PROCESSING,,,
159642390,,ERROR_PROCESSING,,,
122225232,,ERROR_PROCESSING,,,
271538318,,ERROR_PROCESSING,,,
298834402,,ERROR_PROCESSING,,,
123358019,,ERROR_PROCESSING,,,
158113449,,ERROR_PROCESSING,,,
27011135,,ERROR_PROCESSING,,,
158785055,,ERROR_PROCESSING,,,
164725204,,ERROR_PROCESSING,,,
394174412,,ERROR_PROCESSING,,,
237158650,,ERROR_PROCESSING,,,
273131025,,ERROR_PROCESSING,,,
158986028,,ERROR_PROCESSING,,,
170346081,,ERROR_PROCESSING,,,
123206821,,ERROR_PROCESSING,,,
27187450,,ERROR_PROCESSING,,,
158428960,,ERROR_PROCESSING,,,
137548225,,ERROR_PROCESSING,,,
271970605,,ERROR_PROCESSING,,,
123495717,,ERROR_PROCESSING,,,
137408775,,ERROR_PROCESSING,,,
159643991,,ERROR_PROCESSING,,,
424865156,,ERROR_PROCESSING,,,
164724987,,ERROR_PROCESSING,,,
48421060,,ERROR_PROCESSING,,,
298896336,,ERROR_PROCESSING,,,
122062725,,ERROR_PROCESSING,,,
27776674,,ERROR_PROCESSING,,,
159226052,,ERROR_PROCESSING,,,
159174942,,ERROR_PROCESSING,,,
48503953,,ERROR_PROCESSING,,,
158551360,,ERROR_PROCESSING,,,
159721091,,ERROR_PROCESSING,,,
158274583,,ERROR_PROCESSING,,,
417657148,,ERROR_PROCESSING,,,
351192037,,ERROR_PROCESSING,,,
274020852,,ERROR_PROCESSING,,,
123316231,,ERROR_PROCESSING,,,
121112251,,ERROR_PROCESSING,,,
350814607,,ERROR_PROCESSING,,,
272496083,,ERROR_PROCESSING,,,
138214174,,ERROR_PROCESSING,,,
123496782,,ERROR_PROCESSING,,,
239309962,,ERROR_PROCESSING,,,
27990610,,ERROR_PROCESSING,,,
26751527,,ERROR_PROCESSING,,,
138433618,,ERROR_PROCESSING,,,
158489110,,ERROR_PROCESSING,,,
158433884,,ERROR_PROCESSING,,,
272083995,,ERROR_PROCESSING,,,
299087490,,ERROR_PROCESSING,,,
121660708,,ERROR_PROCESSING,,,
158986490,,ERROR_PROCESSING,,,
271427581,,ERROR_PROCESSING,,,
417676622,,ERROR_PROCESSING,,,
417679385,,ERROR_PROCESSING,,,
270958237,,ERROR_PROCESSING,,,
273376082,,ERROR_PROCESSING,,,
273873718,,ERROR_PROCESSING,,,
377782363,,ERROR_PROCESSING,,,
159099716,,ERROR_PROCESSING,,,
171972797,,ERROR_PROCESSING,,,
351191396,,ERROR_PROCESSING,,,
27845000,,ERROR_PROCESSING,,,
26474039,,ERROR_PROCESSING,,,
237188565,,ERROR_PROCESSING,,,
123492903,,ERROR_PROCESSING,,,
267746315,,ERROR_PROCESSING,,,
272942100,,ERROR_PROCESSING,,,
121215710,,ERROR_PROCESSING,,,
378013798,,ERROR_PROCESSING,,,
28159194,,ERROR_PROCESSING,,,
158426969,,ERROR_PROCESSING,,,
121944984,,ERROR_PROCESSING,,,
158730471,,ERROR_PROCESSING,,,
158415898,,ERROR_PROCESSING,,,
158394902,,ERROR_PROCESSING,,,
279915288,,ERROR_PROCESSING,,,
272279981,,ERROR_PROCESSING,,,
271428166,,ERROR_PROCESSING,,,
270788519,,ERROR_PROCESSING,,,
123490444,,ERROR_PROCESSING,,,
137968594,,ERROR_PROCESSING,,,
137219378,,ERROR_PROCESSING,,,
138960099,,ERROR_PROCESSING,,,
138366224,,ERROR_PROCESSING,,,
139034625,,ERROR_PROCESSING,,,
272942844,,ERROR_PROCESSING,,,
26473621,,ERROR_PROCESSING,,,
272944301,,ERROR_PROCESSING,,,
184554636,,ERROR_PROCESSING,,,
28089606,,ERROR_PROCESSING,,,
27455225,,ERROR_PROCESSING,,,
122066167,,ERROR_PROCESSING,,,
137151626,,ERROR_PROCESSING,,,
138425797,,ERROR_PROCESSING,,,
377730967,,ERROR_PROCESSING,,,
416281317,,ERROR_PROCESSING,,,
122607324,,ERROR_PROCESSING,,,
164830907,,ERROR_PROCESSING,,,
63212809,,ERROR_PROCESSING,,,
123357476,,ERROR_PROCESSING,,,
138569990,,ERROR_PROCESSING,,,
164557694,,ERROR_PROCESSING,,,
272838324,,ERROR_PROCESSING,,,
120495880,,ERROR_PROCESSING,,,
138569175,,ERROR_PROCESSING,,,
137402055,,ERROR_PROCESSING,,,
123448077,,ERROR_PROCESSING,,,
123233041,,ERROR_PROCESSING,,,
237189544,,ERROR_PROCESSING,,,
159051188,,ERROR_PROCESSING,,,
158322296,,ERROR_PROCESSING,,,
28230581,,ERROR_PROCESSING,,,
237157751,,ERROR_PROCESSING,,,
273876171,,ERROR_PROCESSING,,,
120963454,,ERROR_PROCESSING,,,
137899873,,ERROR_PROCESSING,,,
120573482,,ERROR_PROCESSING,,,
270521439,,ERROR_PROCESSING,,,
159389232,,ERROR_PROCESSING,,,
258203303,,ERROR_PROCESSING,,,
159452015,,ERROR_PROCESSING,,,
377908774,,ERROR_PROCESSING,,,
405719110,,ERROR_PROCESSING,,,
120686620,,ERROR_PROCESSING,,,
378085037,,ERROR_PROCESSING,,,
394172596,,ERROR_PROCESSING,,,
405717552,,ERROR_PROCESSING,,,
120425617,,ERROR_PROCESSING,,,
120578185,,ERROR_PROCESSING,,,
158317637,,ERROR_PROCESSING,,,
416267321,,ERROR_PROCESSING,,,
48354835,,ERROR_PROCESSING,,,
239306681,,ERROR_PROCESSING,,,
268612417,,ERROR_PROCESSING,,,
120765183,,ERROR_PROCESSING,,,
121395435,,ERROR_PROCESSING,,,
399954605,,ERROR_PROCESSING,,,
272488625,,ERROR_PROCESSING,,,
184426431,,ERROR_PROCESSING,,,
48353636,,ERROR_PROCESSING,,,
158927791,,ERROR_PROCESSING,,,
243272677,,ERROR_PROCESSING,,,
26814296,,ERROR_PROCESSING,,,
270705735,,ERROR_PROCESSING,,,
164784178,,ERROR_PROCESSING,,,
158108219,,ERROR_PROCESSING,,,
237158650,,ERROR_PROCESSING,,,
377782148,,ERROR_PROCESSING,,,
272172942,,ERROR_PROCESSING,,,
273373582,,ERROR_PROCESSING,,,
122374620,,ERROR_PROCESSING,,,
399954349,,ERROR_PROCESSING,,,
271348323,,ERROR_PROCESSING,,,
137409501,,ERROR_PROCESSING,,,
138096962,,ERROR_PROCESSING,,,
138969285,,ERROR_PROCESSING,,,
273592336,,ERROR_PROCESSING,,,
271159950,,ERROR_PROCESSING,,,
268481319,,ERROR_PROCESSING,,,
269119490,,ERROR_PROCESSING,,,
26961231,,ERROR_PROCESSING,,,
138216186,,ERROR_PROCESSING,,,
1717079066,,ERROR_PROCESSING,,,
184417747,,ERROR_PROCESSING,,,
159393734,,ERROR_PROCESSING,,,
275490034,,ERROR_PROCESSING,,,
121865656,,ERROR_PROCESSING,,,
158215347,,ERROR_PROCESSING,,,
184428068,,ERROR_PROCESSING,,,
273132601,,ERROR_PROCESSING,,,
158554588,,ERROR_PROCESSING,,,
123357864,,ERROR_PROCESSING,,,
123316231,,ERROR_PROCESSING,,,
269271535,,ERROR_PROCESSING,,,
28234022,,ERROR_PROCESSING,,,
272601375,,ERROR_PROCESSING,,,
122142813,,ERROR_PROCESSING,,,
185062313,,ERROR_PROCESSING,,,
63282889,,ERROR_PROCESSING,,,
26656768,,ERROR_PROCESSING,,,
350810654,,ERROR_PROCESSING,,,
120693914,,ERROR_PROCESSING,,,
63212231,,ERROR_PROCESSING,,,
184085929,,ERROR_PROCESSING,,,
27534138,,ERROR_PROCESSING,,,
121462999,,ERROR_PROCESSING,,,
272836943,,ERROR_PROCESSING,,,
158489095,,ERROR_PROCESSING,,,
158276273,,ERROR_PROCESSING,,,
26751563,,ERROR_PROCESSING,,,
399953616,,ERROR_PROCESSING,,,
63212809,,ERROR_PROCESSING,,,
123444694,,ERROR_PROCESSING,,,
63366281,,ERROR_PROCESSING,,,
298837729,,ERROR_PROCESSING,,,
406951266,,ERROR_PROCESSING,,,
137556626,,ERROR_PROCESSING,,,
271772050,,ERROR_PROCESSING,,,
137152419,,ERROR_PROCESSING,,,
27639443,,ERROR_PROCESSING,,,
169930145,,ERROR_PROCESSING,,,
138959504,,ERROR_PROCESSING,,,
158786851,,ERROR_PROCESSING,,,
351908051,,ERROR_PROCESSING,,,
159105397,,ERROR_PROCESSING,,,
26491504,,ERROR_PROCESSING,,,
28230581,,ERROR_PROCESSING,,,
121660779,,ERROR_PROCESSING,,,
169175503,,ERROR_PROCESSING,,,
123314844,,ERROR_PROCESSING,,,
158625100,,ERROR_PROCESSING,,,
138574253,,ERROR_PROCESSING,,,
271428166,,ERROR_PROCESSING,,,
417676990,,ERROR_PROCESSING,,,
272375343,,ERROR_PROCESSING,,,
170236331,,ERROR_PROCESSING,,,
63122176,,ERROR_PROCESSING,,,
123359347,,ERROR_PROCESSING,,,
27846759,,ERROR_PROCESSING,,,
164557360,,ERROR_PROCESSING,,,
158268972,,ERROR_PROCESSING,,,
271537790,,ERROR_PROCESSING,,,
237188565,,ERROR_PROCESSING,,,
120044687,,ERROR_PROCESSING,,,
275573295,,ERROR_PROCESSING,,,
299219860,,ERROR_PROCESSING,,,
123451321,,ERROR_PROCESSING,,,
120251654,,ERROR_PROCESSING,,,
164458714,,ERROR_PROCESSING,,,
158213683,,ERROR_PROCESSING,,,
28159194,,ERROR_PROCESSING,,,
159311390,,ERROR_PROCESSING,,,
416267321,,ERROR_PROCESSING,,,
121734474,,ERROR_PROCESSING,,,
26474039,,ERROR_PROCESSING,,,
120960812,,ERROR_PROCESSING,,,
351191396,,ERROR_PROCESSING,,,
27845000,,ERROR_PROCESSING,,,
169181786,,ERROR_PROCESSING,,,
137347078,,ERROR_PROCESSING,,,
27084006,,ERROR_PROCESSING,,,
272180958,,ERROR_PROCESSING,,,
170646917,,ERROR_PROCESSING,,,
272601000,,ERROR_PROCESSING,,,
170346516,,ERROR_PROCESSING,,,
164411478,,ERROR_PROCESSING,,,
274198958,,ERROR_PROCESSING,,,
164525743,,ERROR_PROCESSING,,,
27394293,,ERROR_PROCESSING,,,
158326744,,ERROR_PROCESSING,,,
120686620,,ERROR_PROCESSING,,,
299087968,,ERROR_PROCESSING,,,
271959909,,ERROR_PROCESSING,,,
237157751,,ERROR_PROCESSING,,,
121603794,,ERROR_PROCESSING,,,
63069779,,ERROR_PROCESSING,,,
120963454,,ERROR_PROCESSING,,,
159177065,,ERROR_PROCESSING,,,
158412890,,ERROR_PROCESSING,,,
158840095,,ERROR_PROCESSING,,,
171883078,,ERROR_PROCESSING,,,
122441491,,ERROR_PROCESSING,,,
237157729,,ERROR_PROCESSING,,,
164522394,,ERROR_PROCESSING,,,
28361088,,ERROR_PROCESSING,,,
272279290,,ERROR_PROCESSING,,,
272719153,,ERROR_PROCESSING,,,
123316380,,ERROR_PROCESSING,,,
158935283,,ERROR_PROCESSING,,,
26657021,,ERROR_PROCESSING,,,
269029175,,ERROR_PROCESSING,,,
137149476,,ERROR_PROCESSING,,,
268302011,,ERROR_PROCESSING,,,
158326424,,ERROR_PROCESSING,,,
121988890,,ERROR_PROCESSING,,,
270958237,,ERROR_PROCESSING,,,
299087490,,ERROR_PROCESSING,,,
159726546,,ERROR_PROCESSING,,,
123495874,,ERROR_PROCESSING,,,
158393923,,ERROR_PROCESSING,,,
299030528,,ERROR_PROCESSING,,,
273690178,,ERROR_PROCESSING,,,
27990610,,ERROR_PROCESSING,,,
271259677,,ERROR_PROCESSING,,,
299218776,,ERROR_PROCESSING,,,
48421060,,ERROR_PROCESSING,,,
271046907,,ERROR_PROCESSING,,,
159442087,,ERROR_PROCESSING,,,
164884235,,ERROR_PROCESSING,,,
158792743,,ERROR_PROCESSING,,,
137899948,,ERROR_PROCESSING,,,
299217801,,ERROR_PROCESSING,,,
158489095,,ERROR_PROCESSING,,,
299028577,,ERROR_PROCESSING,,,
159377404,,ERROR_PROCESSING,,,
268160366,,ERROR_PROCESSING,,,
237158408,,ERROR_PROCESSING,,,
27913639,,ERROR_PROCESSING,,,
159721091,,ERROR_PROCESSING,,,
298834019,,ERROR_PROCESSING,,,
121276638,,ERROR_PROCESSING,,,
271539239,,ERROR_PROCESSING,,,
28090925,,ERROR_PROCESSING,,,
298896336,,ERROR_PROCESSING,,,
122068161,,ERROR_PROCESSING,,,
139036121,,ERROR_PROCESSING,,,
159647919,,ERROR_PROCESSING,,,
28234096,,ERROR_PROCESSING,,,
270521167,,ERROR_PROCESSING,,,
159381747,,ERROR_PROCESSING,,,
171968443,,ERROR_PROCESSING,,,
399954349,,ERROR_PROCESSING,,,
120578688,,ERROR_PROCESSING,,,
243272677,,ERROR_PROCESSING,,,
273131025,,ERROR_PROCESSING,,,
272601590,,ERROR_PROCESSING,,,
120253745,,ERROR_PROCESSING,,,
268823307,,ERROR_PROCESSING,,,
275568400,,ERROR_PROCESSING,,,
138216186,,ERROR_PROCESSING,,,
1717079066,,ERROR_PROCESSING,,,
290032428,,ERROR_PROCESSING,,,
273378908,,ERROR_PROCESSING,,,
122136712,,ERROR_PROCESSING,,,
122225232,,ERROR_PROCESSING,,,
121395761,,ERROR_PROCESSING,,,
122785299,,ERROR_PROCESSING,,,
120693011,,ERROR_PROCESSING,,,
138365520,,ERROR_PROCESSING,,,
273231214,,ERROR_PROCESSING,,,
63213622,,ERROR_PROCESSING,,,
121795464,,ERROR_PROCESSING,,,
137089993,,ERROR_PROCESSING,,,
48448369,,ERROR_PROCESSING,,,
48503881,,ERROR_PROCESSING,,,
164525743,,ERROR_PROCESSING,,,
158324245,,ERROR_PROCESSING,,,
138297607,,ERROR_PROCESSING,,,
394172596,,ERROR_PROCESSING,,,
138097531,,ERROR_PROCESSING,,,
378085037,,ERROR_PROCESSING,,,
137484431,,ERROR_PROCESSING,,,
270705374,,ERROR_PROCESSING,,,
184015535,,ERROR_PROCESSING,,,
158657354,,ERROR_PROCESSING,,,
184426431,,ERROR_PROCESSING,,,
158842046,,ERROR_PROCESSING,,,
121733900,,ERROR_PROCESSING,,,
121085785,,ERROR_PROCESSING,,,
137899873,,ERROR_PROCESSING,,,
352011875,,ERROR_PROCESSING,,,
271671025,,ERROR_PROCESSING,,,
169461816,,ERROR_PROCESSING,,,
394176812,,ERROR_PROCESSING,,,
267749737,,ERROR_PROCESSING,,,
350810590,,ERROR_PROCESSING,,,
137401986,,ERROR_PROCESSING,,,
268159158,,ERROR_PROCESSING,,,
120638033,,ERROR_PROCESSING,,,
121276933,,ERROR_PROCESSING,,,
158986227,,ERROR_PROCESSING,,,
272716728,,ERROR_PROCESSING,,,
121865123,,ERROR_PROCESSING,,,
298897924,,ERROR_PROCESSING,,,
137402055,,ERROR_PROCESSING,,,
26583640,,ERROR_PROCESSING,,,
264508014,,ERROR_PROCESSING,,,
271431851,,ERROR_PROCESSING,,,
121123361,,ERROR_PROCESSING,,,
350987771,,ERROR_PROCESSING,,,
138641300,,ERROR_PROCESSING,,,
158432813,,ERROR_PROCESSING,,,
405717754,,ERROR_PROCESSING,,,
120420633,,ERROR_PROCESSING,,,
120315151,,ERROR_PROCESSING,,,
268159861,,ERROR_PROCESSING,,,
123357476,,ERROR_PROCESSING,,,
271347296,,ERROR_PROCESSING,,,
270955277,,ERROR_PROCESSING,,,
352013543,,ERROR_PROCESSING,,,
138425797,,ERROR_PROCESSING,,,
28450124,,ERROR_PROCESSING,,,
63206513,,ERROR_PROCESSING,,,
123410927,,ERROR_PROCESSING,,,
158843824,,ERROR_PROCESSING,,,
138959504,,ERROR_PROCESSING,,,
120422519,,ERROR_PROCESSING,,,
28364164,,ERROR_PROCESSING,,,
159217436,,ERROR_PROCESSING,,,
27318774,,ERROR_PROCESSING,,,
164646661,,ERROR_PROCESSING,,,
158794459,,ERROR_PROCESSING,,,
27235573,,ERROR_PROCESSING,,,
121787669,,ERROR_PROCESSING,,,
159051209,,ERROR_PROCESSING,,,
48131596,,ERROR_PROCESSING,,,
184418214,,ERROR_PROCESSING,,,
27767452,,ERROR_PROCESSING,,,
267747398,,ERROR_PROCESSING,,,
138960099,,ERROR_PROCESSING,,,
63122956,,ERROR_PROCESSING,,,
137687477,,ERROR_PROCESSING,,,
122450696,,ERROR_PROCESSING,,,
121660904,,ERROR_PROCESSING,,,
48353902,,ERROR_PROCESSING,,,
184088195,,ERROR_PROCESSING,,,
406952542,,ERROR_PROCESSING,,,
350814607,,ERROR_PROCESSING,,,
27396869,,ERROR_PROCESSING,,,
138214174,,ERROR_PROCESSING,,,
138888759,,ERROR_PROCESSING,,,
48421060,,ERROR_PROCESSING,,,
184085929,,ERROR_PROCESSING,,,
271964647,,ERROR_PROCESSING,,,
169180792,,ERROR_PROCESSING,,,
158489095,,ERROR_PROCESSING,,,
158219569,,ERROR_PROCESSING,,,
159763595,,ERROR_PROCESSING,,,
121114760,,ERROR_PROCESSING,,,
270958237,,ERROR_PROCESSING,,,
137627194,,ERROR_PROCESSING,,,
123413463,,ERROR_PROCESSING,,,
137635841,,ERROR_PROCESSING,,,
137212833,,ERROR_PROCESSING,,,
27082724,,ERROR_PROCESSING,,,
28159518,,ERROR_PROCESSING,,,
121327187,,ERROR_PROCESSING,,,
268483792,,ERROR_PROCESSING,,,
158725179,,ERROR_PROCESSING,,,
159226202,,ERROR_PROCESSING,,,
273035189,,ERROR_PROCESSING,,,
164727404,,ERROR_PROCESSING,,,
267746941,,ERROR_PROCESSING,,,
159393734,,ERROR_PROCESSING,,,
159174926,,ERROR_PROCESSING,,,
399915645,,ERROR_PROCESSING,,,
158984916,,ERROR_PROCESSING,,,
122225232,,ERROR_PROCESSING,,,
122442334,,ERROR_PROCESSING,,,
27769688,,ERROR_PROCESSING,,,
27990610,,ERROR_PROCESSING,,,
27083727,,ERROR_PROCESSING,,,
137342400,,ERROR_PROCESSING,,,
120315006,,ERROR_PROCESSING,,,
399826741,,ERROR_PROCESSING,,,
48217457,,ERROR_PROCESSING,,,
1881571053,,ERROR_PROCESSING,,,
27991150,,ERROR_PROCESSING,,,
26584080,,ERROR_PROCESSING,,,
123309556,,ERROR_PROCESSING,,,
63072565,,ERROR_PROCESSING,,,
272172942,,ERROR_PROCESSING,,,
399954349,,ERROR_PROCESSING,,,
122066280,,ERROR_PROCESSING,,,
164522394,,ERROR_PROCESSING,,,
272279290,,ERROR_PROCESSING,,,
351911398,,ERROR_PROCESSING,,,
122441491,,ERROR_PROCESSING,,,
121329580,,ERROR_PROCESSING,,,
279917282,,ERROR_PROCESSING,,,
27396284,,ERROR_PROCESSING,,,
122293639,,ERROR_PROCESSING,,,
378085037,,ERROR_PROCESSING,,,
416282268,,ERROR_PROCESSING,,,
416267321,,ERROR_PROCESSING,,,
122063936,,ERROR_PROCESSING,,,
123357864,,ERROR_PROCESSING,,,
350811132,,ERROR_PROCESSING,,,
121599740,,ERROR_PROCESSING,,,
120252452,,ERROR_PROCESSING,,,
122684233,,ERROR_PROCESSING,,,
137217372,,ERROR_PROCESSING,,,
258349590,,ERROR_PROCESSING,,,
164525743,,ERROR_PROCESSING,,,
159441326,,ERROR_PROCESSING,,,
121121775,,ERROR_PROCESSING,,,
164658882,,ERROR_PROCESSING,,,
164889945,,ERROR_PROCESSING,,,
123415819,,ERROR_PROCESSING,,,
164721250,,ERROR_PROCESSING,,,
399953998,,ERROR_PROCESSING,,,
122065885,,ERROR_PROCESSING,,,
407001589,,ERROR_PROCESSING,,,
121460918,,ERROR_PROCESSING,,,
271774166,,ERROR_PROCESSING,,,
271546191,,ERROR_PROCESSING,,,
138960099,,ERROR_PROCESSING,,,
63009789,,ERROR_PROCESSING,,,
271759028,,ERROR_PROCESSING,,,
399826020,,ERROR_PROCESSING,,,
299154193,,ERROR_PROCESSING,,,
239227652,,ERROR_PROCESSING,,,
158172348,,ERROR_PROCESSING,,,
417676990,,ERROR_PROCESSING,,,
122374509,,ERROR_PROCESSING,,,
63212809,,ERROR_PROCESSING,,,
26752863,,ERROR_PROCESSING,,,
120495446,,ERROR_PROCESSING,,,
28230581,,ERROR_PROCESSING,,,
164464070,,ERROR_PROCESSING,,,
158325998,,ERROR_PROCESSING,,,
137218786,,ERROR_PROCESSING,,,
137555923,,ERROR_PROCESSING,,,
137152419,,ERROR_PROCESSING,,,
272183546,,ERROR_PROCESSING,,,
120420633,,ERROR_PROCESSING,,,
299218299,,ERROR_PROCESSING,,,
268060310,,ERROR_PROCESSING,,,
158631683,,ERROR_PROCESSING,,,
158217620,,ERROR_PROCESSING,,,
120691237,,ERROR_PROCESSING,,,
123130285,,ERROR_PROCESSING,,,
158487888,,ERROR_PROCESSING,,,
120960812,,ERROR_PROCESSING,,,
27843776,,ERROR_PROCESSING,,,
159646433,,ERROR_PROCESSING,,,
270779644,,ERROR_PROCESSING,,,
27454084,,ERROR_PROCESSING,,,
271044777,,ERROR_PROCESSING,,,
158389981,,ERROR_PROCESSING,,,
123126460,,ERROR_PROCESSING,,,
159382189,,ERROR_PROCESSING,,,
48504464,,ERROR_PROCESSING,,,
27394293,,ERROR_PROCESSING,,,
164721759,,ERROR_PROCESSING,,,
138968107,,ERROR_PROCESSING,,,
272269239,,ERROR_PROCESSING,,,
350738817,,ERROR_PROCESSING,,,
269264648,,ERROR_PROCESSING,,,
406997913,,ERROR_PROCESSING,,,
63213956,,ERROR_PROCESSING,,,
299028607,,ERROR_PROCESSING,,,
159396818,,ERROR_PROCESSING,,,
158171456,,ERROR_PROCESSING,,,
273874849,,ERROR_PROCESSING,,,
121458206,,ERROR_PROCESSING,,,
138644215,,ERROR_PROCESSING,,,
139106013,,ERROR_PROCESSING,,,
27777414,,ERROR_PROCESSING,,,
237188153,,ERROR_PROCESSING,,,
122712179,,ERROR_PROCESSING,,,
123447592,,ERROR_PROCESSING,,,
28231454,,ERROR_PROCESSING,,,
164674711,,ERROR_PROCESSING,,,
63449012,,ERROR_PROCESSING,,,
171883078,,ERROR_PROCESSING,,,
123357893,,ERROR_PROCESSING,,,
158840095,,ERROR_PROCESSING,,,
299158887,,ERROR_PROCESSING,,,
299089652,,ERROR_PROCESSING,,,
158167159,,ERROR_PROCESSING,,,
164721823,,ERROR_PROCESSING,,,
169176157,,ERROR_PROCESSING,,,
158554588,,ERROR_PROCESSING,,,
164654277,,ERROR_PROCESSING,,,
120254625,,ERROR_PROCESSING,,,
120576846,,ERROR_PROCESSING,,,
123444694,,ERROR_PROCESSING,,,
164832454,,ERROR_PROCESSING,,,
268379849,,ERROR_PROCESSING,,,
120498491,,ERROR_PROCESSING,,,
405686888,,ERROR_PROCESSING,,,
351766604,,ERROR_PROCESSING,,,
184296619,,ERROR_PROCESSING,,,
399955825,,ERROR_PROCESSING,,,
164890864,,ERROR_PROCESSING,,,
268604336,,ERROR_PROCESSING,,,
279917678,,ERROR_PROCESSING,,,
299156496,,ERROR_PROCESSING,,,
27769737,,ERROR_PROCESSING,,,
26541144,,ERROR_PROCESSING,,,
63452310,,ERROR_PROCESSING,,,
123357864,,ERROR_PROCESSING,,,
158722119,,ERROR_PROCESSING,,,
350738167,,ERROR_PROCESSING,,,
268604331,,ERROR_PROCESSING,,,
120762000,,ERROR_PROCESSING,,,
270862497,,ERROR_PROCESSING,,,
121108727,,ERROR_PROCESSING,,,
159580625,,ERROR_PROCESSING,,,
120571842,,ERROR_PROCESSING,,,
120961424,,ERROR_PROCESSING,,,
121865656,,ERROR_PROCESSING,,,
377915723,,ERROR_PROCESSING,,,
170346220,,ERROR_PROCESSING,,,
137548365,,ERROR_PROCESSING,,,
27239696,,ERROR_PROCESSING,,,
290034635,,ERROR_PROCESSING,,,
271960115,,ERROR_PROCESSING,,,
27649489,,ERROR_PROCESSING,,,
158786851,,ERROR_PROCESSING,,,
275490034,,ERROR_PROCESSING,,,
267991349,,ERROR_PROCESSING,,,
27769688,,ERROR_PROCESSING,,,
27847307,,ERROR_PROCESSING,,,
121458495,,ERROR_PROCESSING,,,
417659970,,ERROR_PROCESSING,,,
158726129,,ERROR_PROCESSING,,,
63126989,,ERROR_PROCESSING,,,
47977416,,ERROR_PROCESSING,,,
158722002,,ERROR_PROCESSING,,,
243271716,,ERROR_PROCESSING,,,
158837572,,ERROR_PROCESSING,,,
399860444,,ERROR_PROCESSING,,,
63070427,,ERROR_PROCESSING,,,
26657091,,ERROR_PROCESSING,,,
1882972403,,ERROR_PROCESSING,,,
159177232,,ERROR_PROCESSING,,,
63212231,,ERROR_PROCESSING,,,
164785720,,ERROR_PROCESSING,,,
63068329,,ERROR_PROCESSING,,,
27531978,,ERROR_PROCESSING,,,
28229515,,ERROR_PROCESSING,,,
26962715,,ERROR_PROCESSING,,,
268160061,,ERROR_PROCESSING,,,
271877680,,ERROR_PROCESSING,,,
27534138,,ERROR_PROCESSING,,,
237158274,,ERROR_PROCESSING,,,
121731834,,ERROR_PROCESSING,,,
271424111,,ERROR_PROCESSING,,,
48448415,,ERROR_PROCESSING,,,
137342279,,ERROR_PROCESSING,,,
298965827,,ERROR_PROCESSING,,,
28159758,,ERROR_PROCESSING,,,
48448706,,ERROR_PROCESSING,,,
272275278,,ERROR_PROCESSING,,,
275574174,,ERROR_PROCESSING,,,
299030246,,ERROR_PROCESSING,,,
268704766,,ERROR_PROCESSING,,,
122224871,,ERROR_PROCESSING,,,
158730884,,ERROR_PROCESSING,,,
416283848,,ERROR_PROCESSING,,,
120103325,,ERROR_PROCESSING,,,
164552984,,ERROR_PROCESSING,,,
184015844,,ERROR_PROCESSING,,,
268932150,,ERROR_PROCESSING,,,
377782148,,ERROR_PROCESSING,,,
267745858,,ERROR_PROCESSING,,,
298969755,,ERROR_PROCESSING,,,
272180236,,ERROR_PROCESSING,,,
138969285,,ERROR_PROCESSING,,,
27992970,,ERROR_PROCESSING,,,
274118253,,ERROR_PROCESSING,,,
271661839,,ERROR_PROCESSING,,,
360022783,,ERROR_PROCESSING,,,
275573429,,ERROR_PROCESSING,,,
158839841,,ERROR_PROCESSING,,,
123233041,,ERROR_PROCESSING,,,
158635959,,ERROR_PROCESSING,,,
137319097,,ERROR_PROCESSING,,,
164882868,,ERROR_PROCESSING,,,
273138666,,ERROR_PROCESSING,,,
360023124,,ERROR_PROCESSING,,,
406997913,,ERROR_PROCESSING,,,
399794329,,ERROR_PROCESSING,,,
268060194,,ERROR_PROCESSING,,,
27911400,,ERROR_PROCESSING,,,
158171456,,ERROR_PROCESSING,,,
164459949,,ERROR_PROCESSING,,,
159098652,,ERROR_PROCESSING,,,
159452015,,ERROR_PROCESSING,,,
164721759,,ERROR_PROCESSING,,,
27776660,,ERROR_PROCESSING,,,
298785034,,ERROR_PROCESSING,,,
164834500,,ERROR_PROCESSING,,,
159441621,,ERROR_PROCESSING,,,
26817284,,ERROR_PROCESSING,,,
159646433,,ERROR_PROCESSING,,,
270779644,,ERROR_PROCESSING,,,
405717552,,ERROR_PROCESSING,,,
158389981,,ERROR_PROCESSING,,,
269030207,,ERROR_PROCESSING,,,
243271972,,ERROR_PROCESSING,,,
416281238,,ERROR_PROCESSING,,,
138219758,,ERROR_PROCESSING,,,
123496782,,ERROR_PROCESSING,,,
158730471,,ERROR_PROCESSING,,,
270857293,,ERROR_PROCESSING,,,
158730203,,ERROR_PROCESSING,,,
350738817,,ERROR_PROCESSING,,,
123408693,,ERROR_PROCESSING,,,
268057162,,ERROR_PROCESSING,,,
28230919,,ERROR_PROCESSING,,,
158394902,,ERROR_PROCESSING,,,
279917678,,ERROR_PROCESSING,,,
158984590,,ERROR_PROCESSING,,,
164892125,,ERROR_PROCESSING,,,
27458799,,ERROR_PROCESSING,,,
63205796,,ERROR_PROCESSING,,,
158631520,,ERROR_PROCESSING,,,
137349536,,ERROR_PROCESSING,,,
299089652,,ERROR_PROCESSING,,,
350810590,,ERROR_PROCESSING,,,
299158887,,ERROR_PROCESSING,,,
273036122,,ERROR_PROCESSING,,,
158729099,,ERROR_PROCESSING,,,
352011875,,ERROR_PROCESSING,,,
26583618,,ERROR_PROCESSING,,,
158270841,,ERROR_PROCESSING,,,
264507945,,ERROR_PROCESSING,,,
120576846,,ERROR_PROCESSING,,,
290035649,,ERROR_PROCESSING,,,
273694712,,ERROR_PROCESSING,,,
158489110,,ERROR_PROCESSING,,,
48503953,,ERROR_PROCESSING,,,
48506742,,ERROR_PROCESSING,,,
158934047,,ERROR_PROCESSING,,,
27914290,,ERROR_PROCESSING,,,
169466684,,ERROR_PROCESSING,,,
299032847,,ERROR_PROCESSING,,,
121112251,,ERROR_PROCESSING,,,
267745858,,ERROR_PROCESSING,,,
407002705,,ERROR_PROCESSING,,,
184997417,,ERROR_PROCESSING,,,
159728250,,ERROR_PROCESSING,,,
273044848,,ERROR_PROCESSING,,,
63066763,,ERROR_PROCESSING,,,
158986490,,ERROR_PROCESSING,,,
417676622,,ERROR_PROCESSING,,,
122298677,,ERROR_PROCESSING,,,
424867045,,ERROR_PROCESSING,,,
269263219,,ERROR_PROCESSING,,,
399860444,,ERROR_PROCESSING,,,
28361491,,ERROR_PROCESSING,,,
164527535,,ERROR_PROCESSING,,,
271040560,,ERROR_PROCESSING,,,
416266820,,ERROR_PROCESSING,,,
120692095,,ERROR_PROCESSING,,,
158725491,,ERROR_PROCESSING,,,
416281317,,ERROR_PROCESSING,,,
137685450,,ERROR_PROCESSING,,,
270619260,,ERROR_PROCESSING,,,
63368895,,ERROR_PROCESSING,,,
63211674,,ERROR_PROCESSING,,,
28357724,,ERROR_PROCESSING,,,
158423850,,ERROR_PROCESSING,,,
240179452,,ERROR_PROCESSING,,,
158838278,,ERROR_PROCESSING,,,
121124617,,ERROR_PROCESSING,,,
164527695,,ERROR_PROCESSING,,,
271661839,,ERROR_PROCESSING,,,
27914560,,ERROR_PROCESSING,,,
298969755,,ERROR_PROCESSING,,,
271046140,,ERROR_PROCESSING,,,
48506505,,ERROR_PROCESSING,,,
351909600,,ERROR_PROCESSING,,,
299218775,,ERROR_PROCESSING,,,
417678115,,ERROR_PROCESSING,,,
137689252,,ERROR_PROCESSING,,,
27988327,,ERROR_PROCESSING,,,
159106207,,ERROR_PROCESSING,,,
27531978,,ERROR_PROCESSING,,,
120103325,,ERROR_PROCESSING,,,
416283848,,ERROR_PROCESSING,,,
416279965,,ERROR_PROCESSING,,,
27011135,,ERROR_PROCESSING,,,
27642556,,ERROR_PROCESSING,,,
417659078,,ERROR_PROCESSING,,,
158169713,,ERROR_PROCESSING,,,
405719110,,ERROR_PROCESSING,,,
159647219,,ERROR_PROCESSING,,,
27843707,,ERROR_PROCESSING,,,
120317833,,ERROR_PROCESSING,,,
