target_id,period,true_label,prob_joint,prob_1d,prob_2d,disagreement
10657406,34.1732156,CANDIDATE,0.06715714,0.07278460264205933,0.061529677361249924,0.011254929
11651712,14.53260546,CANDIDATE,0.20925747,0.2392827868461609,0.1792321503162384,0.060050644
11285870,4.48494315,CANDIDATE,0.12880132,0.15950773656368256,0.0980948954820633,0.061412834
10601284,5.349553819,CANDIDATE,0.12737465,0.16863469779491425,0.08611460030078888,0.08252009
10528068,158.6850022,CANDIDATE,0.3058951,0.37264153361320496,0.23914864659309387,0.13349287
11457726,6.22161107,CANDIDATE,0.14245102,0.1911713033914566,0.09373073279857635,0.09744056
10963242,6.1469956,CANDIDATE,0.48521692,0.5510187745094299,0.41941505670547485,0.13160369
11601584,51.8098276,CANDIDATE,0.20620856,0.28240031003952026,0.13001680374145508,0.15238349
10388286,1.682695938,CANDIDATE,0.10419283,0.11172857880592346,0.09665708243846893,0.015071496
11288505,19.80787763,CANDIDATE,0.18581817,0.20886842906475067,0.1627679020166397,0.046100527
10388286,1.682695938,CANDIDATE,0.08828342,0.0986594706773758,0.07790736854076385,0.020752102
10937029,4.030466786,CANDIDATE,0.11134709,0.11399386078119278,0.10870031267404556,0.005293548
11122894,74.92768653,CANDIDATE,0.05864036,0.07979930192232132,0.03748141974210739,0.04231788
10525077,11.006795,CANDIDATE,0.106710024,0.12379059195518494,0.08962945640087128,0.034161143
10538176,12.69905011,CANDIDATE,0.12597485,0.14165833592414856,0.11029136180877686,0.03136698
10214162,17.42393582,CANDIDATE,0.21044862,0.2231280505657196,0.1977691948413849,0.025358856
11611275,6.94245216,CANDIDATE,0.14668839,0.18135419487953186,0.11202258616685867,0.0693316
11250587,7.256962446,CANDIDATE,0.11547287,0.12204483151435852,0.10890090465545654,0.013143934
10910878,16.06864674,CANDIDATE,0.16514754,0.2168135941028595,0.11348149180412292,0.10333211
10157458,7.33685101,CANDIDATE,0.17546989,0.21658214926719666,0.13435763120651245,0.082224526
10577994,8.1808949,CANDIDATE,0.15863597,0.19094279408454895,0.12632915377616882,0.06461363
11455181,10.9294815,CANDIDATE,0.2469859,0.3602584898471832,0.13371330499649048,0.22654517
10684670,3.78861833,CANDIDATE,0.17172134,0.19616079330444336,0.14728188514709473,0.04887891
10795103,214.3120439,CANDIDATE,0.23965465,0.31087738275527954,0.16843190789222717,0.14244547
10123064,4.243748097,CANDIDATE,0.15000154,0.15071503818035126,0.14928804337978363,0.0014269948
10253547,59.9809868,CANDIDATE,0.104153246,0.10568685829639435,0.10261963307857513,0.0030672252
10153855,1.06378861,CANDIDATE,0.040309,0.0682656317949295,0.012352369725704193,0.055913262
11015323,34.18884323,CANDIDATE,0.18953578,0.19036176800727844,0.1887097954750061,0.0016519576
11394027,14.38682567,CANDIDATE,0.083615676,0.0938924103975296,0.07333894073963165,0.02055347
10098844,47.4497134,CANDIDATE,0.24144888,0.2973349690437317,0.18556280434131622,0.11177216
10864656,52.5008645,CANDIDATE,0.120477535,0.16255906224250793,0.07839600741863251,0.08416305
11551692,7.834433676,CANDIDATE,0.12200288,0.137128546833992,0.10687720775604248,0.030251332
10879038,4.8538404,CANDIDATE,0.23316908,0.2883983850479126,0.177939772605896,0.1104586
10028535,0.663085361,CANDIDATE,0.064928666,0.06857229024171829,0.06128504127264023,0.007287249
10554999,6.400157105,CANDIDATE,0.27706215,0.35793474316596985,0.19618955254554749,0.16174518
10963065,2.465024332,CANDIDATE,0.119274125,0.13037210702896118,0.10817614197731018,0.022195965
10028535,0.663085361,CANDIDATE,0.0362324,0.06342141330242157,0.009043388068675995,0.054378025
10330115,13.21409607,CANDIDATE,0.18161015,0.18501093983650208,0.1782093644142151,0.0068015754
10525077,11.006795,CANDIDATE,0.20073803,0.2637791037559509,0.13769693672657013,0.12608218
11122894,74.92768653,CANDIDATE,0.11835628,0.1440911889076233,0.09262137860059738,0.051469803
10538176,12.69905011,CANDIDATE,0.17449076,0.1966797113418579,0.1523018181324005,0.044377893
10874614,3.234699282,CANDIDATE,0.05698224,0.06392861902713776,0.050035860389471054,0.013892762
11125797,58.1263775,CANDIDATE,0.09518059,0.0968572199344635,0.09350396692752838,0.003353253
11391018,30.360445359,CANDIDATE,0.020297348,0.054268769919872284,0.0,0.06794284
10213902,59.6222627,CANDIDATE,0.13798422,0.15029223263263702,0.1256761997938156,0.02461604
10779233,201.118319,CANDIDATE,0.03403326,0.06790358573198318,0.0001629367470741272,0.06774065
10525027,3.27344784,CANDIDATE,0.068640165,0.07279233634471893,0.0644879937171936,0.008304335
10587105,1.980356674,CANDIDATE,0.17456698,0.18397170305252075,0.16516226530075073,0.018809438
11253711,17.79108667,CANDIDATE,0.10305429,0.1606035977602005,0.04550498351454735,0.11509862
10397751,3.4462125,CANDIDATE,0.157028,0.1727597862482071,0.14129622280597687,0.031463556
10717241,12.37646897,CANDIDATE,0.05891965,0.06437236070632935,0.05346693471074104,0.01090543
10586004,15.79196594,CANDIDATE,0.24430683,0.30268895626068115,0.1859247237443924,0.11676422
10718726,3.595769013,CANDIDATE,0.1210494,0.1553507298231125,0.08674806356430054,0.06860266
10666592,2.204735417,CANDIDATE,0.062012438,0.08685259521007538,0.037172283977270126,0.049680308
10328458,2.352273912,CANDIDATE,0.20236507,0.24287986755371094,0.16185027360916138,0.08102958
11153539,4.49876511,CANDIDATE,0.024463601,0.049180254340171814,0.0,0.049433302
11624249,1.82708193,CANDIDATE,0.22867876,0.2967894673347473,0.16056805849075317,0.1362214
10395381,17.6717714,CANDIDATE,0.0069975373,0.06400088965892792,0.0,0.1140067
11403339,4.79029482,CANDIDATE,0.110434264,0.1360267996788025,0.08484172821044922,0.05118507
11014932,6.88595222,CANDIDATE,0.19221807,0.212046816945076,0.17238931357860565,0.039657503
10526549,9.27358173,CANDIDATE,0.22930294,0.3027021288871765,0.15590375661849976,0.14679836
11015108,39.30944096,CANDIDATE,0.14937276,0.18129780888557434,0.11744771152734756,0.06385009
11493431,2.343230566,CANDIDATE,0.14877108,0.17469650506973267,0.12284564971923828,0.051850848
10723750,50.79034648,CANDIDATE,0.05265687,0.07550669461488724,0.029807046055793762,0.04569965
10001368,4.76831033,CANDIDATE,0.11322431,0.13328516483306885,0.09316346049308777,0.040121704
11507101,38.3775486,CANDIDATE,0.28195912,0.3798138499259949,0.18410439789295197,0.19570944
11121752,3.93083997,CANDIDATE,0.14104742,0.18255135416984558,0.0995434820652008,0.083007865
10027323,5.92365747,CANDIDATE,0.18998046,0.2001885175704956,0.17977240681648254,0.020416126
10426656,6.05729966,CANDIDATE,0.29861316,0.3832789659500122,0.2139473557472229,0.16933161
11129258,25.384175,CANDIDATE,0.069354825,0.07633166015148163,0.06237798556685448,0.013953678
11391957,8.35389523,CANDIDATE,0.12772204,0.13682007789611816,0.1186239942908287,0.018196091
10662202,21.67699193,CANDIDATE,0.0956962,0.10819754749536514,0.08319485932588577,0.025002688
11612280,9.4061364,CANDIDATE,0.20413448,0.26741302013397217,0.14085595309734344,0.12655705
11565924,13.32191461,CANDIDATE,0.117870644,0.12951764464378357,0.10622364282608032,0.023293994
11560897,35.9682692,CANDIDATE,0.10531893,0.1252909004688263,0.08534695208072662,0.03994394
10130039,12.75800092,CANDIDATE,0.07444825,0.07595622539520264,0.07294027507305145,0.0030159578
11074541,29.88487723,CANDIDATE,0.09620862,0.11121828854084015,0.08119894564151764,0.030019343
10619192,1.485710994,CANDIDATE,0.06532391,0.08456895500421524,0.046078868210315704,0.038490087
11037335,40.7150498,CANDIDATE,0.2722386,0.37401434779167175,0.17046287655830383,0.20355147
11449844,38.47876629,CANDIDATE,0.073333345,0.08978208899497986,0.056884605437517166,0.03289748
10723750,50.79034648,CANDIDATE,0.08035752,0.09815622866153717,0.06255881488323212,0.035597414
10337258,13.28536452,CANDIDATE,0.096341066,0.12068182229995728,0.07200030982494354,0.048681505
10549023,14.36270451,CANDIDATE,0.1407247,0.14844650030136108,0.13300290703773499,0.015443578
10549023,14.36270451,CANDIDATE,0.19778961,0.2410396933555603,0.15453952550888062,0.08650017
10489345,1.003931703,CANDIDATE,0.13518128,0.16268259286880493,0.10767996311187744,0.055002637
11446443,2.470613377,CANDIDATE,0.026528258,0.04684581607580185,0.006210699677467346,0.040635116
11121752,3.93083997,CANDIDATE,0.21397558,0.25712528824806213,0.17082585394382477,0.08629944
10978763,4.97760447,CANDIDATE,0.13334523,0.14774242043495178,0.11894804239273071,0.02879437
11389771,2.508553286,CANDIDATE,0.16117084,0.19864842295646667,0.12369326502084732,0.07495515
11509504,2.61576515,CANDIDATE,0.21730796,0.26014137268066406,0.1744745373725891,0.08566682
11547505,0.938466959,CANDIDATE,0.18387032,0.1976451575756073,0.17009547352790833,0.027549684
10158729,58.601926,CANDIDATE,0.23687148,0.3449980616569519,0.12874488532543182,0.21625319
10723367,19.9865916,CANDIDATE,0.33448556,0.4361110031604767,0.23286011815071106,0.20325089
10600261,52.8148051,CANDIDATE,0.2756032,0.36873266100883484,0.18247374892234802,0.1862589
11134879,4.30165843,CANDIDATE,0.08140699,0.11138512939214706,0.05142884701490402,0.059956282
10123064,4.243748097,CANDIDATE,0.112757646,0.12030938267707825,0.10520590841770172,0.015103482
10684670,3.78861833,CANDIDATE,0.12623778,0.15244394540786743,0.10003162175416946,0.052412316
10599206,18.42794957,CANDIDATE,0.17797682,0.2236427217721939,0.1323109120130539,0.09133181
10404582,37.8658964,CANDIDATE,0.200919,0.25673699378967285,0.14510102570056915,0.11163595
10854768,10.1171684,CANDIDATE,0.1533019,0.194957435131073,0.11164635419845581,0.08331107
10583066,6.02930329,CANDIDATE,0.07936983,0.09017589688301086,0.06856375932693481,0.021612145
10878263,7.170710381,CANDIDATE,0.08628568,0.10159176588058472,0.07097959518432617,0.03061217
10810838,56.35407916,CANDIDATE,0.09718191,0.12483088672161102,0.06953293085098267,0.055297963
10875245,4.90144976,CANDIDATE,0.12855594,0.14027293026447296,0.11683894693851471,0.023433976
11498128,106.247882,CANDIDATE,0.2078436,0.24973547458648682,0.16595172882080078,0.08378373
11497958,5.841636615,CANDIDATE,0.11095909,0.13148380815982819,0.09043437242507935,0.041049443
11601584,51.8098276,CANDIDATE,0.13025008,0.15062353014945984,0.10987664014101028,0.040746883
11414511,2.816504904,CANDIDATE,0.011688916,0.04383675009012222,0.0,0.064295664
10793172,12.0999065,CANDIDATE,0.2794942,0.2968611717224121,0.26212722063064575,0.03473398
11457726,6.22161107,CANDIDATE,0.1966246,0.23371031880378723,0.1595388948917389,0.07417142
10528068,158.6850022,CANDIDATE,0.10535686,0.1358722448348999,0.0748414695262909,0.061030768
10154388,12.06222962,CANDIDATE,0.15290654,0.16321417689323425,0.14259889721870422,0.02061528
10154388,12.06222962,CANDIDATE,0.12590848,0.17583207786083221,0.0759848803281784,0.099847205
11359879,4.942783419,CANDIDATE,0.11992002,0.20538824796676636,0.03445180505514145,0.17093644
11134879,4.30165843,CANDIDATE,0.06499766,0.07719818502664566,0.05279713124036789,0.024401054
11656918,62.1385979,CANDIDATE,0.15869103,0.1942598521709442,0.1231222078204155,0.07113765
10686864,2.97041801,CANDIDATE,0.13838229,0.13865020871162415,0.13811436295509338,0.0005358383
11090556,2.7881793,CANDIDATE,0.10809114,0.1476442962884903,0.06853798031806946,0.07910632
10779233,201.118319,CANDIDATE,0.05683214,0.06549734622240067,0.04816693067550659,0.017330416
10525027,3.27344784,CANDIDATE,0.046936724,0.0607818067073822,0.03309164196252823,0.027690161
10854768,10.1171684,CANDIDATE,0.13046645,0.1679907590150833,0.09294213354587555,0.07504862
10332883,1.151166776,CANDIDATE,0.12808144,0.1561371237039566,0.10002575814723969,0.056111358
10874614,3.234699282,CANDIDATE,0.08546087,0.08619777858257294,0.08472396433353424,0.0014738068
11391018,30.360445359,CANDIDATE,0.07105074,0.08731876313686371,0.054782718420028687,0.032536045
11499192,4.13592927,CANDIDATE,0.16156404,0.20011740922927856,0.12301067262887955,0.07710673
10098844,47.4497134,CANDIDATE,0.2560491,0.37443429231643677,0.13766388595104218,0.23677042
11074835,6.03355539,CANDIDATE,0.23328307,0.3226439356803894,0.14392220973968506,0.17872173
10059645,6.49441464,CANDIDATE,0.13811977,0.161113440990448,0.1151261031627655,0.045987345
11192998,7.650243513,CANDIDATE,0.12202798,0.1290576159954071,0.11499834060668945,0.014059275
11650401,3.94660745,CANDIDATE,0.14487737,0.16171574592590332,0.12803900241851807,0.03367676
10272442,24.5434566,CANDIDATE,0.18369731,0.21779587864875793,0.14959874749183655,0.06819712
10879038,4.8538404,CANDIDATE,0.19883886,0.2512460947036743,0.14643163979053497,0.10481444
10864656,52.5008645,CANDIDATE,0.14272924,0.18431147933006287,0.10114698857069016,0.0831645
10908248,39.859505,CANDIDATE,0.19112737,0.2203478068113327,0.16190694272518158,0.058440864
11414511,2.816504904,CANDIDATE,0.006093333,0.05765592306852341,0.0,0.10312518
10001368,4.76831033,CANDIDATE,0.104793854,0.12915541231632233,0.08043229579925537,0.04872311
11547513,5.317440164,CANDIDATE,0.16680057,0.17341580986976624,0.1601853370666504,0.013230488
11493431,2.343230566,CANDIDATE,0.12520841,0.14603491127490997,0.10438190400600433,0.041653007
11295426,5.398752862,CANDIDATE,0.115408234,0.12782645225524902,0.10299000889062881,0.02483645
10975146,0.63133171,CANDIDATE,0.15990974,0.17293189465999603,0.14688758552074432,0.026044317
11656246,18.11473813,CANDIDATE,0.24147841,0.3571071922779083,0.1258496344089508,0.23125756
10526887,1.450889836,CANDIDATE,0.13457942,0.1730974018573761,0.09606143832206726,0.077035956
10965588,62.8917493,CANDIDATE,0.090876974,0.10423928499221802,0.0775146633386612,0.026724622
10024701,14.37504582,CANDIDATE,0.054507036,0.08208707720041275,0.026926996186375618,0.05516008
10024701,14.37504582,CANDIDATE,0.09046284,0.09447941184043884,0.08644627034664154,0.008033134
10586208,23.58444746,CANDIDATE,0.21171512,0.2569704055786133,0.1664598137140274,0.09051061
11253711,17.79108667,CANDIDATE,0.098903745,0.13571614027023315,0.06209135055541992,0.07362479
11337566,7.12815163,CANDIDATE,0.15999366,0.17144377529621124,0.1485435515642166,0.022900216
10790387,117.93110803,CANDIDATE,0.10662144,0.15591727197170258,0.05732559785246849,0.09859168
11403339,4.79029482,CANDIDATE,0.10711918,0.14490212500095367,0.06933623552322388,0.07556589
10973814,44.8520997,CANDIDATE,0.16319227,0.18140755593776703,0.14497698843479156,0.036430568
10395381,17.6717714,CANDIDATE,0.09690732,0.12074828892946243,0.073066346347332,0.047681943
10328458,2.352273912,CANDIDATE,0.23080225,0.27598339319229126,0.18562111258506775,0.09036227
10713616,83.5781976,CANDIDATE,0.12146083,0.14745455980300903,0.09546711295843124,0.05198744
10489345,1.003931703,CANDIDATE,0.124996506,0.15775425732135773,0.09223875403404236,0.0655155
11308499,3.28192056,CANDIDATE,0.0679523,0.10618197917938232,0.02972261607646942,0.07645936
10264660,6.790120801,CANDIDATE,0.07985745,0.1050286740064621,0.054686229676008224,0.050342448
10730034,2.633852528,CANDIDATE,0.12847088,0.14155232906341553,0.11538943648338318,0.026162893
10973664,5.40426917,CANDIDATE,0.0918283,0.09419728815555573,0.08945931494235992,0.004737973
10872983,11.09432054,CANDIDATE,0.18251002,0.2512839436531067,0.11373608559370041,0.13754787
10552611,7.0106324,CANDIDATE,0.062188637,0.08710027486085892,0.03727699816226959,0.049823277
11389771,2.508553286,CANDIDATE,0.18995294,0.2014879435300827,0.17841793596744537,0.023070008
11187837,17.60461401,CANDIDATE,0.0121306,0.06362790614366531,0.0,0.10299461
10063802,120.0183551,CANDIDATE,0.12289417,0.1306430548429489,0.11514528095722198,0.015497774
10591855,1.574090323,CANDIDATE,0.0973314,0.10087210685014725,0.0937906876206398,0.007081419
10019708,3.268695042,CANDIDATE,0.0558704,0.08800006657838821,0.023740731179714203,0.064259335
11017901,7.794302043,CANDIDATE,0.100568704,0.11802513897418976,0.08311226963996887,0.034912877
10407482,6.30558387,CANDIDATE,0.11123491,0.1176907867193222,0.10477903485298157,0.012911752
10006581,40.1097817,CANDIDATE,0.02180858,0.027573416009545326,0.01604374311864376,0.011529673
10676014,16.78175788,CANDIDATE,0.07287881,0.10905683040618896,0.0367007851600647,0.072356045
10006581,40.1097817,CANDIDATE,0.15518366,0.1709924340248108,0.13937488198280334,0.031617567
10022908,6.99130452,CANDIDATE,0.18146275,0.18687273561954498,0.1760527640581131,0.010819972
10965008,81.1701587,CANDIDATE,0.22764206,0.272835910320282,0.18244820833206177,0.0903877
10004519,9.80321143,CANDIDATE,0.1929653,0.2006853222846985,0.18524527549743652,0.015440062
11403389,45.0909201,CANDIDATE,0.052885696,0.07649538666009903,0.029276007786393166,0.047219377
11037335,40.7150498,CANDIDATE,0.0709726,0.12062277644872665,0.021322421729564667,0.099300355
11391018,30.360445359,CANDIDATE,0.06180156,0.08866266906261444,0.0349404476583004,0.053722225
11359879,4.942783419,CANDIDATE,0.03570036,0.10127312690019608,0.0,0.13114554
11298298,5.248667607,CANDIDATE,0.05628416,0.08484172821044922,0.027726586908102036,0.057115145
11129738,2.613020421,CANDIDATE,0.103747584,0.14572489261627197,0.06177028268575668,0.0839546
11656918,62.1385979,CANDIDATE,0.1550144,0.19741171598434448,0.11261707544326782,0.08479463
10854768,10.1171684,CANDIDATE,0.11296442,0.13463632762432098,0.09129251539707184,0.04334382
10779233,201.118319,CANDIDATE,0.029929586,0.05265404284000397,0.007205130532383919,0.04544891
11100383,12.92489803,CANDIDATE,0.06844875,0.0949290469288826,0.0419684574007988,0.05296059
10123064,4.243748097,CANDIDATE,0.12401281,0.15608854591846466,0.09193708002567291,0.064151466
11122894,74.92768653,CANDIDATE,0.1304415,0.14419788122177124,0.11668512225151062,0.027512752
10525077,11.006795,CANDIDATE,0.11576211,0.13958320021629333,0.09194101393222809,0.047642186
10468940,2.936527336,CANDIDATE,0.08468362,0.09074972569942474,0.07861751317977905,0.01213222
10538176,12.69905011,CANDIDATE,0.15504608,0.17810262739658356,0.131989523768425,0.04611311
11134879,4.30165843,CANDIDATE,0.102238014,0.10472485423088074,0.09975117444992065,0.004973687
11135308,1.877878538,CANDIDATE,0.16117366,0.1896665245294571,0.13268078863620758,0.05698573
10793172,12.0999065,CANDIDATE,0.22978172,0.33474767208099365,0.12481576204299927,0.20993191
10272442,24.5434566,CANDIDATE,0.12866862,0.13087113201618195,0.12646611034870148,0.004405029
10793172,12.0999065,CANDIDATE,0.05124401,0.0777600109577179,0.02472800761461258,0.053032003
10154388,12.06222962,CANDIDATE,0.28607354,0.3531998097896576,0.21894726157188416,0.13425256
11090556,2.7881793,CANDIDATE,0.16335113,0.17643898725509644,0.15026327967643738,0.026175722
10908248,39.859505,CANDIDATE,0.29767022,0.4135872721672058,0.18175314366817474,0.23183414
11090556,2.7881793,CANDIDATE,0.16257738,0.1887485384941101,0.13640621304512024,0.05234234
10063208,9.3281912,CANDIDATE,0.14159413,0.19678078591823578,0.08640746772289276,0.11037331
10123064,4.243748097,CANDIDATE,0.1906001,0.19930130243301392,0.18189889192581177,0.017402396
10779233,201.118319,CANDIDATE,0.028709818,0.06092839315533638,0.0,0.06443715
10513530,16.54967098,CANDIDATE,0.26794624,0.35608893632888794,0.17980355024337769,0.17628539
11241912,14.42735088,CANDIDATE,0.21279602,0.28375184535980225,0.14184017479419708,0.14191169
10404582,37.8658964,CANDIDATE,0.10355109,0.11449550837278366,0.09260667115449905,0.021888837
10878263,7.170710381,CANDIDATE,0.086165726,0.08771838992834091,0.08461306244134903,0.0031053275
10583066,6.02930329,CANDIDATE,0.066477224,0.06949561834335327,0.06345883011817932,0.006036788
11074835,6.03355539,CANDIDATE,0.2944481,0.409524142742157,0.17937205731868744,0.2301521
10005788,10.99470891,CANDIDATE,0.04924718,0.11972835659980774,0.0,0.14096236
11414511,2.816504904,CANDIDATE,0.03386159,0.053925152868032455,0.013798024505376816,0.04012713
11650401,3.94660745,CANDIDATE,0.2906849,0.36617064476013184,0.21519915759563446,0.1509715
11521793,27.08239734,CANDIDATE,0.19491005,0.26251643896102905,0.12730365991592407,0.13521278
11499192,4.13592927,CANDIDATE,0.05955761,0.08777494728565216,0.03134026750922203,0.056434684
11498128,106.247882,CANDIDATE,0.15100089,0.16433866322040558,0.1376631110906601,0.026675545
10332883,1.151166776,CANDIDATE,0.06784311,0.08956874907016754,0.04611746966838837,0.04345128
11288505,19.80787763,CANDIDATE,0.14932187,0.17061814665794373,0.1280255913734436,0.042592548
11285870,4.48494315,CANDIDATE,0.23563945,0.24623310565948486,0.2250458002090454,0.02118732
11415243,168.81133,CANDIDATE,0.056096572,0.09288262575864792,0.019310519099235535,0.07357211
10098844,47.4497134,CANDIDATE,0.32172891,0.403228223323822,0.24022962152957916,0.16299859
10122255,27.6652847,CANDIDATE,0.1036725,0.12154814600944519,0.08579684793949127,0.03575129
11611600,1.219568047,CANDIDATE,0.13491908,0.13864766061306,0.1311904937028885,0.0074571744
11121752,3.93083997,CANDIDATE,0.22879831,0.27834048867225647,0.1792561560869217,0.099084325
11019987,6.9131732,CANDIDATE,0.12829448,0.15071965754032135,0.10586930811405182,0.044850342
10453588,68.8861017,CANDIDATE,0.24139994,0.30835744738578796,0.17444244027137756,0.133915
11389771,2.508553286,CANDIDATE,0.09609556,0.10926081985235214,0.0829303041100502,0.026330516
10024701,14.37504582,CANDIDATE,0.12524101,0.1264691799879074,0.12401284277439117,0.0024563298
10730070,7.61758198,CANDIDATE,0.17649733,0.1822647750377655,0.1707298755645752,0.0115348995
10552611,7.0106324,CANDIDATE,0.13337778,0.1633349061012268,0.10342064499855042,0.05991426
10965588,62.8917493,CANDIDATE,0.13502145,0.14740121364593506,0.12264169007539749,0.024759516
10723750,50.79034648,CANDIDATE,0.115944184,0.1269703209400177,0.10491805523633957,0.022052258
11337566,7.12815163,CANDIDATE,0.18508865,0.2347959727048874,0.1353813260793686,0.099414654
10089911,6.96704926,CANDIDATE,0.09838912,0.11525026708841324,0.08152797073125839,0.033722296
10063802,120.0183551,CANDIDATE,0.11210977,0.12579071521759033,0.09842883050441742,0.027361877
11133306,41.74598855,CANDIDATE,0.04779636,0.0894407257437706,0.006151996552944183,0.08328873
11446443,2.470613377,CANDIDATE,0.03594452,0.07942365109920502,0.0,0.08695826
10166274,3.353732008,CANDIDATE,0.16761498,0.17747053503990173,0.157759428024292,0.019711122
11017901,7.794302043,CANDIDATE,0.06997996,0.08664805442094803,0.05331186205148697,0.033336192
10615440,10.8118317,CANDIDATE,0.18535613,0.20399239659309387,0.16671985387802124,0.037272535
10328458,2.352273912,CANDIDATE,0.17578623,0.20051619410514832,0.15105625987052917,0.049459927
11403339,4.79029482,CANDIDATE,0.14214069,0.16524440050125122,0.11903697997331619,0.046207413
10545066,19.7830259,CANDIDATE,0.08251778,0.09125456213951111,0.07378099858760834,0.017473571
10395381,17.6717714,CANDIDATE,0.27880755,0.37689289450645447,0.1807222068309784,0.19617069
10748390,4.887803076,CANDIDATE,0.035503015,0.05867800861597061,0.012328019365668297,0.04634999
10022908,6.99130452,CANDIDATE,0.060024016,0.0669977068901062,0.05305032059550285,0.01394739
11391957,8.35389523,CANDIDATE,0.07778882,0.10593618452548981,0.04964146390557289,0.056294717
10965008,81.1701587,CANDIDATE,0.06863886,0.11018763482570648,0.02709008753299713,0.08309755
11295426,5.398752862,CANDIDATE,0.12972578,0.15856711566448212,0.10088445246219635,0.05768267
11189311,81.4160138,CANDIDATE,0.050444644,0.07142896950244904,0.029460322111845016,0.041968644
11444514,66.373298,CANDIDATE,0.26436183,0.32159414887428284,0.20712952315807343,0.11446462
10854546,2.168451063,CANDIDATE,0.14843519,0.17840522527694702,0.11846516281366348,0.059940055
11547513,5.317440164,CANDIDATE,0.13604169,0.1406886726617813,0.13139469921588898,0.009293966
10158729,58.601926,CANDIDATE,0.21849051,0.2672836184501648,0.16969740390777588,0.0975862
10004519,9.80321143,CANDIDATE,0.17920662,0.20281749963760376,0.15559574961662292,0.04722175
10872983,11.09432054,CANDIDATE,0.22899863,0.29411736130714417,0.1638799011707306,0.13023746
10975146,0.63133171,CANDIDATE,0.10054927,0.10954031348228455,0.09155823290348053,0.01798208
11493431,2.343230566,CANDIDATE,0.14218436,0.15364715456962585,0.1307215690612793,0.022925593
10407482,6.30558387,CANDIDATE,0.112878226,0.156386598944664,0.0693698525428772,0.087016754
10006581,40.1097817,CANDIDATE,0.23389445,0.30417805910110474,0.16361083090305328,0.14056724
10019708,3.268695042,CANDIDATE,0.06447532,0.10271090269088745,0.02623974159359932,0.07647116
10676014,16.78175788,CANDIDATE,0.06449812,0.0851280689239502,0.04386816918849945,0.0412599
10676014,16.78175788,CANDIDATE,0.08903549,0.09711238741874695,0.08095858991146088,0.016153805
10328458,2.352273912,CANDIDATE,0.120668575,0.1549064964056015,0.08643065392971039,0.06847585
11187837,17.60461401,CANDIDATE,0.17638025,0.1844901293516159,0.16827036440372467,0.016219765
10653179,47.1607932,CANDIDATE,0.079286784,0.11041483283042908,0.048158738762140274,0.06225609
10395381,17.6717714,CANDIDATE,0.033001907,0.0654769316315651,0.0005268827080726624,0.06495005
11403339,4.79029482,CANDIDATE,0.15683591,0.23332317173480988,0.0803486555814743,0.15297452
10790387,117.93110803,CANDIDATE,0.15961927,0.19503253698349,0.12420600652694702,0.07082654
10713616,83.5781976,CANDIDATE,0.105792426,0.15710701048374176,0.054477840662002563,0.10262917
10857519,2.053341891,CANDIDATE,0.106329225,0.12002384662628174,0.09263460338115692,0.02738925
10253547,59.9809868,CANDIDATE,0.25151116,0.3555009961128235,0.14752130210399628,0.20797971
11455181,10.9294815,CANDIDATE,0.39191145,0.539438009262085,0.24438489973545074,0.2950531
10795103,214.3120439,CANDIDATE,0.15171719,0.1618550419807434,0.14157932996749878,0.02027572
11015323,34.18884323,CANDIDATE,0.23363452,0.2705053389072418,0.19676369428634644,0.07374163
11394027,14.38682567,CANDIDATE,0.29828364,0.3793201744556427,0.2172470986843109,0.16207308
11512246,7.10695741,CANDIDATE,0.121102676,0.14703398942947388,0.09517135471105576,0.051862642
10963242,6.1469956,CANDIDATE,0.26138827,0.2878807783126831,0.2348957657814026,0.052985027
10388286,1.682695938,CANDIDATE,0.10407806,0.14954718947410583,0.05860893800854683,0.09093825
10854768,10.1171684,CANDIDATE,0.24056254,0.30091115832328796,0.18021391332149506,0.12069725
10055126,9.17617167,CANDIDATE,0.115339465,0.14329922199249268,0.08737970888614655,0.055919506
10386984,1.287076693,CANDIDATE,0.25496003,0.2563939094543457,0.25352615118026733,0.0028677732
10714072,8.40693068,CANDIDATE,0.11759756,0.12975072860717773,0.10544439405202866,0.024306327
11134879,4.30165843,CANDIDATE,0.07255243,0.07429450750350952,0.07081034779548645,0.0034841672
10538176,12.69905011,CANDIDATE,0.19838518,0.22379642724990845,0.17297393083572388,0.05082248
10214162,17.42393582,CANDIDATE,0.30014133,0.3837064802646637,0.21657618880271912,0.16713029
10214162,17.42393582,CANDIDATE,0.37120944,0.4944387674331665,0.24798011779785156,0.24645863
10525077,11.006795,CANDIDATE,0.19138865,0.24842339754104614,0.134353905916214,0.11406948
10880507,6.4802138,CANDIDATE,0.06184072,0.0752088725566864,0.0484725683927536,0.026736304
11122894,74.92768653,CANDIDATE,0.11265693,0.11325451731681824,0.1120593398809433,0.0011951774
11601584,51.8098276,CANDIDATE,0.18099488,0.24683105945587158,0.11515871435403824,0.13167234
10285631,18.68405716,CANDIDATE,0.13237448,0.1628131866455078,0.10193576663732529,0.060877427
10136549,9.69315023,CANDIDATE,0.14253412,0.1603473424911499,0.12472090125083923,0.03562645
11288505,19.80787763,CANDIDATE,0.3058008,0.3705001175403595,0.24110147356987,0.12939866
11461433,1.916940872,CANDIDATE,0.1252223,0.13585907220840454,0.1145855188369751,0.021273553
11414511,2.816504904,CANDIDATE,0.02437874,0.05546362325549126,0.0,0.062169768
10601284,5.349553819,CANDIDATE,0.31682745,0.40939515829086304,0.22425974905490875,0.1851354
11554435,9.43414171,CANDIDATE,0.030441703,0.037492215633392334,0.02339118905365467,0.014101028
11336883,7.16893064,CANDIDATE,0.06468129,0.0963449776172638,0.0330176055431366,0.06332737
11415243,168.81133,CANDIDATE,0.111380935,0.11678369343280792,0.10597817599773407,0.01080551
10028535,0.663085361,CANDIDATE,0.015477605,0.04950026795268059,0.0,0.068045326
10010440,53.5991459,CANDIDATE,0.20466194,0.21776670217514038,0.1915571689605713,0.026209548
10963065,2.465024332,CANDIDATE,0.16378984,0.17273598909378052,0.15484368801116943,0.017892301
11179076,48.4313003,CANDIDATE,0.15063958,0.15075695514678955,0.15052220225334167,0.0002347529
11046458,3.311864148,CANDIDATE,0.054051027,0.0911954939365387,0.016906559467315674,0.074288934
11551692,7.834433676,CANDIDATE,0.1613682,0.22924984991550446,0.09348656237125397,0.13576329
11285870,4.48494315,CANDIDATE,0.0700257,0.07050838321447372,0.0695430114865303,0.0009653717
10937029,4.030466786,CANDIDATE,0.20733233,0.2437375783920288,0.17092707753181458,0.0728105
11455428,22.1270885,CANDIDATE,0.07189938,0.09604214876890182,0.047756604850292206,0.048285544
10063208,9.3281912,CANDIDATE,0.15880051,0.19205573201179504,0.12554529309272766,0.06651045
10353968,9.07098164,CANDIDATE,0.08965792,0.1364973485469818,0.04281848669052124,0.09367886
11450414,12.7983174,CANDIDATE,0.029147537,0.06849145144224167,0.0,0.078687824
10910878,16.06864674,CANDIDATE,0.15147723,0.1612812876701355,0.14167317748069763,0.019608095
11253827,88.5122014,CANDIDATE,0.090029985,0.10713161528110504,0.07292835414409637,0.03420326
11037335,40.7150498,CANDIDATE,0.11466968,0.1406916081905365,0.0886477530002594,0.052043848
10028792,114.73658,CANDIDATE,0.11843331,0.16389065980911255,0.07297596335411072,0.090914704
10748390,4.887803076,CANDIDATE,0.09682837,0.11131983995437622,0.0823369026184082,0.028982937
10916600,5.57654782,CANDIDATE,0.116815716,0.15543590486049652,0.07819552719593048,0.077240385
10545066,19.7830259,CANDIDATE,0.053776965,0.09131298214197159,0.01624094694852829,0.075072035
10587105,1.980356674,CANDIDATE,0.055164568,0.0823993906378746,0.027929747477173805,0.05446964
10130039,12.75800092,CANDIDATE,0.08377667,0.10264246165752411,0.0649108737707138,0.03773158
10619192,1.485710994,CANDIDATE,0.076559916,0.10733558237552643,0.04578424617648125,0.06155134
11624249,1.82708193,CANDIDATE,0.15694767,0.17761319875717163,0.13628214597702026,0.041331045
11391957,8.35389523,CANDIDATE,0.0881972,0.09345929324626923,0.08293510973453522,0.010524176
10454632,20.16037858,CANDIDATE,0.070843376,0.09804599732160568,0.043640755116939545,0.054405242
10212441,15.0447098,CANDIDATE,0.12317097,0.14039984345436096,0.10594210028648376,0.034457736
11624249,1.82708193,CANDIDATE,0.1229817,0.153793603181839,0.09216978400945663,0.061623827
10453588,68.8861017,CANDIDATE,0.18454148,0.25470274686813354,0.11438022553920746,0.1403225
10526549,9.27358173,CANDIDATE,0.2517067,0.31699854135513306,0.18641482293605804,0.13058373
10350571,31.5925809,CANDIDATE,0.14453763,0.1699710339307785,0.11910422146320343,0.050866812
11121752,3.93083997,CANDIDATE,0.13066912,0.14395050704479218,0.11738772690296173,0.026562788
10777591,6.10968225,CANDIDATE,0.120595075,0.15383470058441162,0.08735545724630356,0.066479236
10586004,15.79196594,CANDIDATE,0.18302836,0.185601145029068,0.18045556545257568,0.0051455647
10002866,3.936993144,CANDIDATE,0.07725972,0.07868160307407379,0.07583783566951752,0.00284376
10397751,3.4462125,CANDIDATE,0.15356164,0.2118009775876999,0.09532229602336884,0.11647868
10337517,7.053934488,CANDIDATE,0.1747488,0.2278166264295578,0.12168096005916595,0.10613567
10717241,12.37646897,CANDIDATE,0.099572524,0.11057528108358383,0.0885697677731514,0.022005513
11133306,41.74598855,CANDIDATE,0.22910677,0.29471850395202637,0.1634950190782547,0.1312235
11446443,2.470613377,CANDIDATE,0.04373893,0.06274504959583282,0.024732815101742744,0.038012233
10881457,84.704139,CANDIDATE,0.18623826,0.21788862347602844,0.15458789467811584,0.06330072
10723750,50.79034648,CANDIDATE,0.09038963,0.11615130305290222,0.06462796032428741,0.05152335
11547505,0.938466959,CANDIDATE,0.22481373,0.241607666015625,0.20801979303359985,0.033587873
11037335,40.7150498,CANDIDATE,0.29482958,0.34853142499923706,0.24112772941589355,0.107403696
11129258,25.384175,CANDIDATE,0.10342012,0.11315026879310608,0.09368997812271118,0.01946029
11037511,3.11604194,CANDIDATE,0.18468374,0.19933773577213287,0.17002974450588226,0.029307991
10666592,2.204735417,CANDIDATE,0.03631127,0.07105386257171631,0.001568671315908432,0.069485195
10337258,13.28536452,CANDIDATE,0.110208504,0.12163405120372772,0.09878295660018921,0.022851102
10141900,6.50327035,CANDIDATE,0.19020146,0.20963598787784576,0.1707669347524643,0.038869053
10872983,11.09432054,CANDIDATE,0.29151496,0.34670665860176086,0.2363232672214508,0.11038338
10158729,58.601926,CANDIDATE,0.18659523,0.23555147647857666,0.13763898611068726,0.09791248
10122538,12.2854718,CANDIDATE,0.1354775,0.1756724715232849,0.09528252482414246,0.080389954
10549023,14.36270451,CANDIDATE,0.16603152,0.231211856007576,0.10085119307041168,0.13036066
10904857,3.120828136,CANDIDATE,0.020660002,0.05289895832538605,0.0,0.06447791
11074541,29.88487723,CANDIDATE,0.10911044,0.1129169762134552,0.10530389845371246,0.0076130778
10723367,19.9865916,CANDIDATE,0.32956088,0.43918779492378235,0.21993395686149597,0.21925382
10489345,1.003931703,CANDIDATE,0.15429582,0.1756974309682846,0.13289420306682587,0.042803228
10723367,19.9865916,CANDIDATE,0.32770884,0.44273167848587036,0.21268600225448608,0.23004568
11337833,51.3011844,CANDIDATE,0.09882952,0.1052996814250946,0.09235936403274536,0.012940317
10027323,5.92365747,CANDIDATE,0.1180572,0.1591394692659378,0.07697492837905884,0.08216455
10662202,21.67699193,CANDIDATE,0.11051972,0.1374034583568573,0.08363599330186844,0.053767458
10978763,4.97760447,CANDIDATE,0.030271532,0.052211739122867584,0.00833132304251194,0.043880418
10978763,4.97760447,CANDIDATE,0.05256269,0.057431746274232864,0.047693636268377304,0.00973811
11046458,3.311864148,CANDIDATE,0.05337147,0.07573222368955612,0.031010719016194344,0.044721503
10340423,18.79418506,CANDIDATE,0.17727453,0.23054556548595428,0.12400348484516144,0.10654208
10990917,11.04605365,CANDIDATE,0.20907278,0.21771541237831116,0.20043015480041504,0.017285258
11403389,45.0909201,CANDIDATE,0.19453512,0.2670363187789917,0.12203393876552582,0.14500237
10332883,1.151166776,CANDIDATE,0.07296435,0.08358501642942429,0.06234367936849594,0.021241337
11308499,3.28192056,CANDIDATE,0.16409728,0.2014082372188568,0.12678632140159607,0.07462193
11499228,19.7919389,CANDIDATE,0.086814426,0.11522820591926575,0.05840064957737923,0.056827553
10018233,16.2959916,CANDIDATE,0.29779416,0.3398502469062805,0.2557380795478821,0.08411214
10858832,5.263415218,CANDIDATE,0.041621678,0.056228797882795334,0.027014557272195816,0.02921424
11017901,7.794302043,CANDIDATE,0.11567226,0.1538211554288864,0.0775233656167984,0.07629779
10842192,9.33648141,CANDIDATE,0.011159661,0.047214921563863754,0.0,0.07211052
10024701,14.37504582,CANDIDATE,0.09749629,0.10519278049468994,0.08979980647563934,0.015392974
10353968,9.07098164,CANDIDATE,0.07469093,0.10512726753950119,0.044254593551158905,0.060872674
10591855,1.574090323,CANDIDATE,0.13955267,0.14554676413536072,0.13355857133865356,0.011988185
10965008,81.1701587,CANDIDATE,0.110640116,0.12809905409812927,0.09318117052316666,0.03491789
10384798,38.505224,CANDIDATE,0.32217172,0.41216689348220825,0.2321765422821045,0.17999035
11189311,81.4160138,CANDIDATE,0.10370011,0.11565232276916504,0.09174789488315582,0.023904428
10616679,8.600099313,CANDIDATE,0.111256436,0.1142093762755394,0.1083034947514534,0.0059058815
10604335,11.00817635,CANDIDATE,0.13083565,0.14343608915805817,0.11823521554470062,0.025200874
10724369,55.6391882,CANDIDATE,0.3338251,0.36220136284828186,0.30544885993003845,0.056752488
10724369,55.6391882,CANDIDATE,0.24164,0.3063505291938782,0.17692947387695312,0.12942104
10586208,23.58444746,CANDIDATE,0.08465775,0.0897495448589325,0.07956595718860626,0.010183588
11656246,18.11473813,CANDIDATE,0.06529957,0.07961946725845337,0.05097967013716698,0.0286398
10975146,0.63133171,CANDIDATE,0.044923007,0.06521151214838028,0.024634504690766335,0.040577006
11194032,28.51117639,CANDIDATE,0.113385364,0.13216838240623474,0.09460234642028809,0.03756603
11569782,2.787874175,CANDIDATE,0.0149833355,0.04888332635164261,0.0,0.067799985
10973814,44.8520997,CANDIDATE,0.16223529,0.20435838401317596,0.12011219561100006,0.084246196
10329835,1.52373073,CANDIDATE,0.11166089,0.13809318840503693,0.08522859215736389,0.052864596
11254382,2.05388477,CANDIDATE,0.10535522,0.13093845546245575,0.0797719806432724,0.051166467
10880507,6.4802138,CANDIDATE,0.2052537,0.2744271159172058,0.1360802948474884,0.13834684
10653179,47.1607932,CANDIDATE,0.05923638,0.07698196172714233,0.04149079695343971,0.03549117
10384798,38.505224,CANDIDATE,0.12502554,0.13549655675888062,0.11455453187227249,0.020942017
10790387,117.93110803,CANDIDATE,0.23301496,0.27822616696357727,0.18780376017093658,0.0904224
11457726,6.22161107,CANDIDATE,0.16304576,0.19786222279071808,0.1282293051481247,0.06963291
11303322,38.1303324,CANDIDATE,0.1916138,0.234655499458313,0.14857208728790283,0.08608341
10604335,11.00817635,CANDIDATE,0.116071284,0.12322557717561722,0.1089169904589653,0.014308587
11100383,12.92489803,CANDIDATE,0.09174421,0.10217587649822235,0.08131253719329834,0.020863332
10857519,2.053341891,CANDIDATE,0.06529118,0.07773739099502563,0.05284497141838074,0.02489242
11244682,3.490785878,CANDIDATE,0.034492776,0.07142357528209686,0.0,0.07386161
10064256,5.95958637,CANDIDATE,0.13653459,0.1418064832687378,0.13126268982887268,0.010543808
11192998,7.650243513,CANDIDATE,0.10849118,0.1467163860797882,0.07026597857475281,0.076450415
11135308,1.877878538,CANDIDATE,0.27899635,0.3614495098590851,0.19654318690299988,0.16490632
10713616,83.5781976,CANDIDATE,0.2111701,0.31570571660995483,0.10663450509309769,0.2090712
10318874,2.508057497,CANDIDATE,0.12245614,0.1373712420463562,0.1075410395860672,0.02983021
11413812,5.65378163,CANDIDATE,0.23334272,0.28913742303848267,0.17754803597927094,0.11158938
10154388,12.06222962,CANDIDATE,0.07065072,0.13184969127178192,0.009451746940612793,0.122397944
11037818,259.34304,CANDIDATE,0.28729653,0.3747348487377167,0.19985821843147278,0.17487663
10070468,1.68189051,CANDIDATE,0.15681078,0.20290541648864746,0.11071612685918808,0.0921893
10662202,21.67699193,CANDIDATE,0.10201203,0.10755184292793274,0.09647221863269806,0.011079632
10070468,1.68189051,CANDIDATE,0.2678493,0.3371286392211914,0.19856996834278107,0.13855866
11037818,259.34304,CANDIDATE,0.057069536,0.0780402272939682,0.036098845303058624,0.041941382
10863608,8.07127043,CANDIDATE,0.35178965,0.47456416487693787,0.22901514172554016,0.24554901
10059645,6.49441464,CANDIDATE,0.1598061,0.16684629023075104,0.1527659147977829,0.014080383
11614617,24.7577652,CANDIDATE,0.26198396,0.3331657350063324,0.1908021867275238,0.14236355
11236244,11.32269749,CANDIDATE,0.10516996,0.1369539201259613,0.07338600605726242,0.06356791
10272442,24.5434566,CANDIDATE,0.05894663,0.08817148953676224,0.02972177229821682,0.05844972
10004519,9.80321143,CANDIDATE,0.062018093,0.06524346768856049,0.05879271402955055,0.0064507574
10531955,2.344512589,CANDIDATE,0.1146175,0.1399548500776291,0.0892801433801651,0.050674714
11568987,15.95995611,CANDIDATE,0.15440506,0.16195082664489746,0.1468592882156372,0.015091553
10064256,5.95958637,CANDIDATE,0.117562935,0.13509979844093323,0.10002607852220535,0.035073712
11295426,5.398752862,CANDIDATE,0.19677307,0.21156984567642212,0.1819762885570526,0.029593557
10600261,52.8148051,CANDIDATE,0.09719681,0.11543022096157074,0.07896339893341064,0.036466815
11495458,10.45839865,CANDIDATE,0.06855247,0.08448776602745056,0.05261717736721039,0.03187059
11241912,14.42735088,CANDIDATE,0.14611411,0.1467389464378357,0.14548927545547485,0.0012496859
11075429,23.9210408,CANDIDATE,0.169979,0.1765928864479065,0.16336512565612793,0.013227761
11176127,10.47548084,CANDIDATE,0.22142798,0.23772963881492615,0.2051263153553009,0.03260331
10583066,6.02930329,CANDIDATE,0.23556994,0.28227582573890686,0.18886405229568481,0.09341176
10166274,3.353732008,CANDIDATE,0.13541633,0.16978318989276886,0.10104946792125702,0.06873373
10924562,18.6052046,CANDIDATE,0.057170756,0.07262612879276276,0.041715383529663086,0.030910745
10599206,18.42794957,CANDIDATE,0.0781392,0.10394863784313202,0.052329760044813156,0.05161888
10748390,4.887803076,CANDIDATE,0.05904419,0.08410556614398956,0.03398281708359718,0.050122745
10797460,9.48803557,CANDIDATE,0.17364728,0.2214696705341339,0.12582489848136902,0.09564476
11075737,2.586639524,CANDIDATE,0.10820617,0.13952891528606415,0.07688342034816742,0.0626455
11497958,5.841636615,CANDIDATE,0.16066796,0.1955207884311676,0.12581512331962585,0.06970565
10881457,84.704139,CANDIDATE,0.18004867,0.27916908264160156,0.0809282660484314,0.19824082
11521793,27.08239734,CANDIDATE,0.20310004,0.28679370880126953,0.11940635740756989,0.16738737
10397751,3.4462125,CANDIDATE,0.09789325,0.10778023302555084,0.08800627291202545,0.01977396
10909127,3.17059731,CANDIDATE,0.12726735,0.14726832509040833,0.1072663739323616,0.040001944
11253711,17.79108667,CANDIDATE,0.08596038,0.15873101353645325,0.013189747929573059,0.14554127
11133306,41.74598855,CANDIDATE,0.31533563,0.47765475511550903,0.15301652252674103,0.32463822
11284772,4.50158249,CANDIDATE,0.079108916,0.08334949612617493,0.0748683363199234,0.00848116
10810838,56.35407916,CANDIDATE,0.22395246,0.2515600621700287,0.19634485244750977,0.055215225
10453588,68.8861017,CANDIDATE,0.24635929,0.34062039852142334,0.1520981639623642,0.18852225
10916600,5.57654782,CANDIDATE,0.12481249,0.16011720895767212,0.08950777351856232,0.07060943
11612280,9.4061364,CANDIDATE,0.11980842,0.16067081689834595,0.07894602417945862,0.081724785
10018233,16.2959916,CANDIDATE,0.18861957,0.26380106806755066,0.11343806982040405,0.150363
11499228,19.7919389,CANDIDATE,0.098779425,0.12221062928438187,0.07534822076559067,0.04686241
10063208,9.3281912,CANDIDATE,0.18254846,0.22233520448207855,0.1427617222070694,0.07957348
11410904,3.53232429,CANDIDATE,0.10686867,0.12525475025177002,0.08848258852958679,0.03677217
10864656,52.5008645,CANDIDATE,0.20401347,0.2443075329065323,0.16371940076351166,0.08058813
10353968,9.07098164,CANDIDATE,0.12364216,0.12727223336696625,0.12001208961009979,0.0072601438
11177676,47.0320478,CANDIDATE,0.120926,0.13203363120555878,0.10981836915016174,0.022215262
11415243,168.81133,CANDIDATE,0.061074022,0.11592461168766022,0.0062234289944171906,0.10970119
11046458,3.311864148,CANDIDATE,0.05873257,0.06301270425319672,0.05445243418216705,0.00856027
11449844,38.47876629,CANDIDATE,0.08632607,0.0927252322435379,0.07992690801620483,0.012798317
10094670,22.06402,CANDIDATE,0.12033123,0.15508738160133362,0.08557507395744324,0.0695123
10332883,1.151166776,CANDIDATE,0.12225115,0.12552036345005035,0.11898194253444672,0.006538421
10337517,7.053934488,CANDIDATE,0.16774799,0.18267247080802917,0.15282350778579712,0.029848948
10525027,3.27344784,CANDIDATE,0.07695251,0.08107930421829224,0.07282571494579315,0.008253582
11043167,44.9306706,CANDIDATE,0.10029267,0.11688943207263947,0.0836959034204483,0.033193536
11414465,2.94194296,CANDIDATE,0.08386802,0.10323655605316162,0.06449948251247406,0.03873708
10019643,21.34736612,CANDIDATE,0.09094606,0.11189684271812439,0.06999528408050537,0.04190155
11015108,39.30944096,CANDIDATE,0.08876398,0.12311919778585434,0.05440876632928848,0.06871043
10880507,6.4802138,CANDIDATE,0.13386051,0.1823652982711792,0.0853557288646698,0.09700957
10329835,1.52373073,CANDIDATE,0.09990125,0.11278021335601807,0.08702228963375092,0.025757931
10132832,16.07673148,CANDIDATE,0.19581579,0.2556907534599304,0.13594083487987518,0.1197499
10730703,5.60013327,CANDIDATE,0.21752554,0.24105362594127655,0.19399745762348175,0.04705617
11100383,12.92489803,CANDIDATE,0.023844417,0.04245676100254059,0.0052320752292871475,0.037224684
11507101,38.3775486,CANDIDATE,0.14032647,0.17174020409584045,0.10891273617744446,0.062827475
10528068,158.6850022,CANDIDATE,0.18221742,0.20907078683376312,0.1553640514612198,0.053706735
10227020,14.78767172,CANDIDATE,0.21528667,0.2764856815338135,0.15408766269683838,0.122398004
10227020,14.78767172,CANDIDATE,0.27964434,0.3605049252510071,0.198783740401268,0.1617212
10024051,0.577369336,CANDIDATE,0.14702038,0.15855436027050018,0.1354864090681076,0.023067951
10905746,9.8786461,CANDIDATE,0.05332883,0.06602533906698227,0.04063232243061066,0.025393017
11517719,2.495780169,CANDIDATE,0.02812432,0.07462749630212784,0.0,0.09300635
11569782,2.787874175,CANDIDATE,0.020410618,0.07167790085077286,0.0,0.10253456
10717220,21.0907909,CANDIDATE,0.12063971,0.14711932837963104,0.09416009485721588,0.052959234
11194032,28.51117639,CANDIDATE,0.09700225,0.10700473189353943,0.08699977397918701,0.020004965
11414465,2.94194296,CANDIDATE,0.06755782,0.09689496457576752,0.03822067379951477,0.058674287
10718726,3.595769013,CANDIDATE,0.074585766,0.07971611618995667,0.06945541501045227,0.010260709
11153539,4.49876511,CANDIDATE,0.23445971,0.2940061092376709,0.17491330206394196,0.119092815
10407482,6.30558387,CANDIDATE,0.08832049,0.10656183212995529,0.07007915526628494,0.036482677
10253547,59.9809868,CANDIDATE,0.27462444,0.32540905475616455,0.22383981943130493,0.10156922
10863608,8.07127043,CANDIDATE,0.22826819,0.273563027381897,0.18297335505485535,0.09058968
10662202,21.67699193,CANDIDATE,0.10237025,0.11402413249015808,0.09071636199951172,0.023307778
11259686,34.4359387,CANDIDATE,0.20645607,0.23016750812530518,0.18274462223052979,0.0474229
11394027,14.38682567,CANDIDATE,0.2007397,0.2274968922138214,0.17398250102996826,0.05351439
11250587,7.256962446,CANDIDATE,0.19732618,0.2285219132900238,0.1661304533481598,0.06239146
11250587,7.256962446,CANDIDATE,0.19674966,0.24902641773223877,0.1444728970527649,0.10455351
10004519,9.80321143,CANDIDATE,0.11871865,0.12450413405895233,0.11293315887451172,0.011570983
10531955,2.344512589,CANDIDATE,0.12293543,0.12468336522579193,0.1211874932050705,0.0034958795
10203349,17.14648756,CANDIDATE,0.23215882,0.2935211658477783,0.1707964688539505,0.122724704
10934674,16.54295261,CANDIDATE,0.09509459,0.1158318817615509,0.0743573009967804,0.04147458
11236244,11.32269749,CANDIDATE,0.1714062,0.18027076125144958,0.16254162788391113,0.017729148
11193263,6.91134223,CANDIDATE,0.056260254,0.06030203029513359,0.0522184781730175,0.008083552
11442793,331.5972732,CANDIDATE,0.08366993,0.10483196377754211,0.06250789761543274,0.042324066
10713616,83.5781976,CANDIDATE,0.076083444,0.10353502631187439,0.04863186553120613,0.054903157
10153855,1.06378861,CANDIDATE,0.042428967,0.06949275732040405,0.015365174040198326,0.054127585
10669994,2.71603664,CANDIDATE,0.25874716,0.317684143781662,0.1998101770877838,0.11787397
10386984,1.287076693,CANDIDATE,0.09256849,0.11696787178516388,0.06816910207271576,0.04879877
10330115,13.21409607,CANDIDATE,0.13282564,0.1391422003507614,0.12650908529758453,0.012633108
10585738,0.636424848,CANDIDATE,0.24248856,0.33712583780288696,0.14785128831863403,0.18927455
10554999,6.400157105,CANDIDATE,0.12827742,0.14309018850326538,0.11346465349197388,0.029625535
11600889,0.669310092,CANDIDATE,0.08498131,0.08722522109746933,0.08273739367723465,0.0044878274
10318874,2.508057497,CANDIDATE,0.10086833,0.10553181171417236,0.09620484709739685,0.009326972
10397751,3.4462125,CANDIDATE,0.13693054,0.13780419528484344,0.13605688512325287,0.0017473102
10601284,5.349553819,CANDIDATE,0.2109157,0.23728936910629272,0.18454203009605408,0.052747324
11554435,9.43414171,CANDIDATE,0.035253707,0.05651984363794327,0.013987569138407707,0.042532276
10881457,84.704139,CANDIDATE,0.20821646,0.27511394023895264,0.14131897687911987,0.13379496
10386922,26.62941953,CANDIDATE,0.08410353,0.09493186324834824,0.07327520102262497,0.021656662
10489206,4.164384505,CANDIDATE,0.031372316,0.05186095088720322,0.010883679613471031,0.040977273
11193263,6.91134223,CANDIDATE,0.058131374,0.07768376171588898,0.03857899084687233,0.039104767
11284772,4.50158249,CANDIDATE,0.08468002,0.08987682312726974,0.07948321849107742,0.010393605
11176127,10.47548084,CANDIDATE,0.10149487,0.12679168581962585,0.07619805634021759,0.050593637
10285631,18.68405716,CANDIDATE,0.12799436,0.1319219172000885,0.1240667998790741,0.00785511
11455428,22.1270885,CANDIDATE,0.06731667,0.0811561644077301,0.05347718670964241,0.027678974
11502867,3.217518511,CANDIDATE,0.08425029,0.0913369357585907,0.07716365158557892,0.014173277
11495458,10.45839865,CANDIDATE,0.14016536,0.1526961326599121,0.12763458490371704,0.025061563
11295426,5.398752862,CANDIDATE,0.11115768,0.12285752594470978,0.09945783019065857,0.023399696
10669994,2.71603664,CANDIDATE,0.21126117,0.2875521779060364,0.13497017323970795,0.15258199
10328393,7.62635494,CANDIDATE,0.042993523,0.061713047325611115,0.02427399903535843,0.03743905
10545066,19.7830259,CANDIDATE,0.097151674,0.15957798063755035,0.0347253680229187,0.12485261
10166274,3.353732008,CANDIDATE,0.1554529,0.18885567784309387,0.12205012887716293,0.06680556
10577994,8.1808949,CANDIDATE,0.1466909,0.17721132934093475,0.1161704808473587,0.06104084
11518142,240.7990472,CANDIDATE,0.11738247,0.14362911880016327,0.09113581478595734,0.052493297
10360722,163.692336,CANDIDATE,0.22753096,0.27332618832588196,0.18173573911190033,0.09159044
11518142,240.7990472,CANDIDATE,0.2681338,0.2887158691883087,0.24755170941352844,0.041164145
10384798,38.505224,CANDIDATE,0.28050503,0.3768235146999359,0.18418654799461365,0.19263697
10904857,3.120828136,CANDIDATE,0.074989334,0.10263931751251221,0.04733934625983238,0.055299975
10525027,3.27344784,CANDIDATE,0.08247338,0.08296602964401245,0.08198073506355286,0.0009852946
10187017,16.145671932,CANDIDATE,0.03339855,0.05960709601640701,0.007190005853772163,0.05241709
10616679,8.600099313,CANDIDATE,0.07828788,0.08955229818820953,0.06702345609664917,0.022528835
10686864,2.97041801,CANDIDATE,0.13565378,0.16667623817920685,0.10463131964206696,0.062044926
10329835,1.52373073,CANDIDATE,0.18439138,0.19969943165779114,0.16908332705497742,0.03061612
11337833,51.3011844,CANDIDATE,0.057664856,0.06759587675333023,0.04773383587598801,0.01986204
10666592,2.204735417,CANDIDATE,0.042817112,0.06784845888614655,0.01778576150536537,0.0500627
11415243,168.81133,CANDIDATE,0.01962963,0.061832018196582794,0.0,0.08440478
11410904,3.53232429,CANDIDATE,0.07689235,0.10064899176359177,0.053135715425014496,0.047513276
11410904,3.53232429,CANDIDATE,0.2293762,0.278557687997818,0.1801947057247162,0.09836297
10024051,0.577369336,CANDIDATE,0.10425649,0.1415393352508545,0.06697364151477814,0.07456569
10879038,4.8538404,CANDIDATE,0.17559648,0.17950674891471863,0.17168620228767395,0.007820532
11037511,3.11604194,CANDIDATE,0.1405944,0.17037901282310486,0.11080977320671082,0.059569232
10864656,52.5008645,CANDIDATE,0.26144418,0.31227898597717285,0.21060936152935028,0.10166964
10094670,22.06402,CANDIDATE,0.15856187,0.1700419783592224,0.14708176255226135,0.02296023
10717220,21.0907909,CANDIDATE,0.06117957,0.08865787833929062,0.03370126336812973,0.054956615
10063208,9.3281912,CANDIDATE,0.14961694,0.20421433448791504,0.09501954168081284,0.1091948
10990917,11.04605365,CANDIDATE,0.17738573,0.1786659061908722,0.1761055588722229,0.0025603622
10916600,5.57654782,CANDIDATE,0.11262341,0.13078604638576508,0.09446077048778534,0.036325283
11612280,9.4061364,CANDIDATE,0.1663487,0.2188280075788498,0.11386938393115997,0.104958616
10875245,4.90144976,CANDIDATE,0.14415874,0.18478314578533173,0.10353432595729828,0.08124882
10002866,3.936993144,CANDIDATE,0.055596918,0.08246176689863205,0.028732068836688995,0.053729698
10795103,214.3120439,CANDIDATE,0.17032121,0.22018414735794067,0.12045828253030777,0.09972586
10684670,3.78861833,CANDIDATE,0.17900605,0.20409487187862396,0.15391723811626434,0.050177626
10604335,11.00817635,CANDIDATE,0.08372233,0.08911193162202835,0.07833272963762283,0.010779202
11455181,10.9294815,CANDIDATE,0.16836785,0.18749240040779114,0.1492432951927185,0.038249105
11623629,81.737872,CANDIDATE,0.102079995,0.1204838901758194,0.08367609977722168,0.036807798
11499228,19.7919389,CANDIDATE,0.1389791,0.1491144448518753,0.1288437694311142,0.020270668
10130039,12.75800092,CANDIDATE,0.12544641,0.14066864550113678,0.1102241724729538,0.03044448
10227020,14.78767172,CANDIDATE,0.19275849,0.22538399696350098,0.1601329743862152,0.06525102
10329835,1.52373073,CANDIDATE,0.10967548,0.13335435092449188,0.085996612906456,0.047357745
10730703,5.60013327,CANDIDATE,0.25564137,0.27605053782463074,0.23523220419883728,0.04081835
10132832,16.07673148,CANDIDATE,0.4027962,0.4830753207206726,0.3225170969963074,0.16055822
10730703,5.60013327,CANDIDATE,0.12003808,0.16046610474586487,0.07961004972457886,0.08085605
10132832,16.07673148,CANDIDATE,0.3313499,0.4057052731513977,0.2569945454597473,0.1487107
11359879,4.942783419,CANDIDATE,0.04414085,0.06734809279441833,0.0209336020052433,0.046414495
11517719,2.495780169,CANDIDATE,0.02884864,0.06642846018075943,0.0,0.07515964
10528068,158.6850022,CANDIDATE,0.1600817,0.17914292216300964,0.14102047681808472,0.038122453
11414465,2.94194296,CANDIDATE,0.04241058,0.08913330733776093,0.0,0.093445465
11517719,2.495780169,CANDIDATE,0.09033994,0.09584517776966095,0.08483469486236572,0.011010475
10028792,114.73658,CANDIDATE,0.27443835,0.3694828748703003,0.17939382791519165,0.19008906
10212441,15.0447098,CANDIDATE,0.12294265,0.14499160647392273,0.10089369118213654,0.044097915
10454632,20.16037858,CANDIDATE,0.04819851,0.04876462370157242,0.04763239622116089,0.0011322275
10337517,7.053934488,CANDIDATE,0.15888967,0.19847749173641205,0.11930184066295624,0.07917566
11600889,0.669310092,CANDIDATE,0.13419615,0.15463703870773315,0.1137552559375763,0.040881775
11284772,4.50158249,CANDIDATE,0.16393933,0.18423797190189362,0.1436406821012497,0.04059729
10019708,3.268695042,CANDIDATE,0.06644212,0.12389129400253296,0.008992943912744522,0.11489835
11554435,9.43414171,CANDIDATE,0.10140689,0.12964415550231934,0.07316961884498596,0.056474537
10531955,2.344512589,CANDIDATE,0.10733873,0.13772422075271606,0.0769532322883606,0.06077098
10585738,0.636424848,CANDIDATE,0.18600546,0.25275903940200806,0.11925188452005386,0.13350715
11187837,17.60461401,CANDIDATE,0.156596,0.19913341104984283,0.11405859887599945,0.08507482
10337258,13.28536452,CANDIDATE,0.088373154,0.09073831140995026,0.0860079973936081,0.0047303066
11253827,88.5122014,CANDIDATE,0.08745902,0.08779923617839813,0.08711880445480347,0.0006804243
11450414,12.7983174,CANDIDATE,0.21224931,0.2777138948440552,0.1467847377061844,0.13092914
11250587,7.256962446,CANDIDATE,0.1482936,0.17685653269290924,0.11973066627979279,0.057125866
10318874,2.508057497,CANDIDATE,0.14405276,0.1790902465581894,0.10901527106761932,0.070074975
11455428,22.1270885,CANDIDATE,0.088647835,0.10874111950397491,0.06855455040931702,0.04018656
10064256,5.95958637,CANDIDATE,0.09392769,0.12789973616600037,0.05995563790202141,0.0679441
11495458,10.45839865,CANDIDATE,0.12907667,0.13403885066509247,0.1241144984960556,0.00992436
10577994,8.1808949,CANDIDATE,0.2500299,0.3147754371166229,0.1852843463420868,0.12949108
10910878,16.06864674,CANDIDATE,0.15686764,0.15972167253494263,0.15401360392570496,0.0057080835
11193263,6.91134223,CANDIDATE,0.2609863,0.3474046587944031,0.17456792294979095,0.17283675
10426656,6.05729966,CANDIDATE,0.3015661,0.4042012393474579,0.19893094897270203,0.20527028
10531955,2.344512589,CANDIDATE,0.16791965,0.17479100823402405,0.1610482931137085,0.013742715
11015323,34.18884323,CANDIDATE,0.20112684,0.2717059552669525,0.13054773211479187,0.14115824
11259686,34.4359387,CANDIDATE,0.10073912,0.13707150518894196,0.06440673768520355,0.072664775
10489206,4.164384505,CANDIDATE,0.052326053,0.08733069896697998,0.017321407794952393,0.07000929
10489206,4.164384505,CANDIDATE,0.105275325,0.1179967001080513,0.09255395084619522,0.02544275
10318874,2.508057497,CANDIDATE,0.074750856,0.08604197949171066,0.06345973163843155,0.022582248
10526549,9.27358173,CANDIDATE,0.16937385,0.1963885873556137,0.14235912263393402,0.054029465
10386984,1.287076693,CANDIDATE,0.19462967,0.2345540076494217,0.15470533072948456,0.07984867
10285631,18.68405716,CANDIDATE,0.12961575,0.15798649191856384,0.10124500840902328,0.05674149
10285631,18.68405716,CANDIDATE,0.16714405,0.17239749431610107,0.16189059615135193,0.010506883
10669994,2.71603664,CANDIDATE,0.1594251,0.20544765889644623,0.11340253055095673,0.09204513
11551692,7.834433676,CANDIDATE,0.10876298,0.1121070384979248,0.10541892051696777,0.0066881105
11518142,240.7990472,CANDIDATE,0.29094183,0.31791916489601135,0.2639645040035248,0.05395466
10360722,163.692336,CANDIDATE,0.27308348,0.35602033138275146,0.19014663994312286,0.16587368
10360722,163.692336,CANDIDATE,0.31073305,0.3860187828540802,0.23544731736183167,0.15057148
10963065,2.465024332,CANDIDATE,0.045237213,0.0770929604768753,0.013381466269493103,0.063711494
11497977,4.79860021,CANDIDATE,0.14055361,0.18158473074436188,0.09952248632907867,0.08206225
11460462,5.03728033,CANDIDATE,0.118425556,0.13089652359485626,0.10595458745956421,0.024941936
10717220,21.0907909,CANDIDATE,0.12237921,0.133531391620636,0.11122703552246094,0.022304364
10094670,22.06402,CANDIDATE,0.1446301,0.16877242922782898,0.1204877719283104,0.048284665
11569782,2.787874175,CANDIDATE,0.054869864,0.08420437574386597,0.025535354390740395,0.05866902
11283615,1.289590179,CANDIDATE,0.09687129,0.11050297319889069,0.0832396000623703,0.027263366
10340423,18.79418506,CANDIDATE,0.16396685,0.19210386276245117,0.1358298361301422,0.05627402
10340423,18.79418506,CANDIDATE,0.21564509,0.26201289892196655,0.16927726566791534,0.09273565
11244137,2.03387483,CANDIDATE,0.1780743,0.252414345741272,0.10373426228761673,0.14868008
11194032,28.51117639,CANDIDATE,0.102024525,0.10523641109466553,0.09881263971328735,0.006423779
11547513,5.317440164,CANDIDATE,0.12757087,0.15809404850006104,0.09704768657684326,0.061046354
11656246,18.11473813,CANDIDATE,0.12630318,0.1796736717224121,0.07293269038200378,0.106740974
10990917,11.04605365,CANDIDATE,0.11625023,0.12704624235630035,0.105454221367836,0.021592021
10600955,65.6480892,CANDIDATE,0.15804288,0.17896951735019684,0.1371162384748459,0.041853286
10842192,9.33648141,CANDIDATE,0.0763128,0.07902202010154724,0.07360358536243439,0.005418442
10616679,8.600099313,CANDIDATE,0.055692587,0.10854370892047882,0.0028414689004421234,0.10570224
10842192,9.33648141,CANDIDATE,0.06599055,0.10412873327732086,0.027852371335029602,0.07627636
10854546,2.168451063,CANDIDATE,0.17665692,0.19537033140659332,0.1579435020685196,0.037426822
10384798,38.505224,CANDIDATE,0.14114457,0.16080628335475922,0.12148286402225494,0.039323427
10854555,2.525591777,CANDIDATE,0.1604203,0.16391056776046753,0.15693002939224243,0.0069805533
10874614,3.234699282,CANDIDATE,0.05104584,0.0760611891746521,0.026030492037534714,0.050030693
10653179,47.1607932,CANDIDATE,0.08300115,0.09274899959564209,0.07325330376625061,0.019495688
10018233,16.2959916,CANDIDATE,0.09339358,0.09840971231460571,0.088377445936203,0.010032266
10686864,2.97041801,CANDIDATE,0.16290615,0.185956209897995,0.13985610008239746,0.04610011
10857519,2.053341891,CANDIDATE,0.06772785,0.07474550604820251,0.06071019545197487,0.014035307
10724369,55.6391882,CANDIDATE,0.23156641,0.3058989942073822,0.1572338342666626,0.14866517
11569782,2.787874175,CANDIDATE,0.10638819,0.12391354143619537,0.0888628363609314,0.035050705
11414465,2.94194296,CANDIDATE,0.10039447,0.12250014394521713,0.07828880101442337,0.044211343
11359879,4.942783419,CANDIDATE,0.05180771,0.0656760185956955,0.0379393994808197,0.027736615
11457726,6.22161107,CANDIDATE,0.045757707,0.07143276929855347,0.02008264698088169,0.05135012
11194032,28.51117639,CANDIDATE,0.16918047,0.18487052619457245,0.15349040925502777,0.031380124
10615440,10.8118317,CANDIDATE,0.12659027,0.13224701583385468,0.12093351781368256,0.011313498
10063802,120.0183551,CANDIDATE,0.11648366,0.13939327001571655,0.09357405453920364,0.045819208
10795103,214.3120439,CANDIDATE,0.15646751,0.1856352984905243,0.1272997260093689,0.058335565
10604335,11.00817635,CANDIDATE,0.06432769,0.0999881699681282,0.028667204082012177,0.071320966
11455181,10.9294815,CANDIDATE,0.18918388,0.2463551163673401,0.13201263546943665,0.11434247
10875245,4.90144976,CANDIDATE,0.13241717,0.1687404215335846,0.09609392285346985,0.07264649
11342416,25.3690868,CANDIDATE,0.1044734,0.12331657111644745,0.08563022315502167,0.037686348
11254382,2.05388477,CANDIDATE,0.14631908,0.17642465233802795,0.11621350795030594,0.060211137
11254382,2.05388477,CANDIDATE,0.1557589,0.1628572940826416,0.14866051077842712,0.014196776
10122255,27.6652847,CANDIDATE,0.22671954,0.3242763876914978,0.12916268408298492,0.19511372
11303322,38.1303324,CANDIDATE,0.28651857,0.3540765643119812,0.21896059811115265,0.13511595
11303322,38.1303324,CANDIDATE,0.15570188,0.1656908392906189,0.14571291208267212,0.019977935
10089911,6.96704926,CANDIDATE,0.10609092,0.11045680940151215,0.1017250269651413,0.008731775
11622600,82.5341188,CANDIDATE,0.13553709,0.1622990369796753,0.10877513140439987,0.053523913
11189311,81.4160138,CANDIDATE,0.07904717,0.08294518291950226,0.07514916360378265,0.0077960193
10018233,16.2959916,CANDIDATE,0.2868911,0.4318307340145111,0.14195147156715393,0.28987926
10600261,52.8148051,CANDIDATE,0.26068094,0.34034064412117004,0.18102124333381653,0.1593194
11244682,3.490785878,CANDIDATE,0.031831812,0.04589848220348358,0.017765142023563385,0.02813334
11244682,3.490785878,CANDIDATE,0.044585176,0.08126161992549896,0.007908735424280167,0.07335288
11241912,14.42735088,CANDIDATE,0.22596082,0.296345591545105,0.15557605028152466,0.14076954
11135308,1.877878538,CANDIDATE,0.28550753,0.3526826500892639,0.2183324098587036,0.13435026
11135308,1.877878538,CANDIDATE,0.31272826,0.3932792842388153,0.2321772277355194,0.16110206
11176127,10.47548084,CANDIDATE,0.33314133,0.42639726400375366,0.2398853898048401,0.18651186
10404582,37.8658964,CANDIDATE,0.2199972,0.3098205327987671,0.13017386198043823,0.17964669
10599206,18.42794957,CANDIDATE,0.269554,0.2800047993659973,0.2591031789779663,0.020901635
11413812,5.65378163,CANDIDATE,0.15902995,0.2058044821023941,0.11225540935993195,0.09354908
10064256,5.95958637,CANDIDATE,0.12573229,0.14452531933784485,0.10693924874067307,0.037586078
11413812,5.65378163,CANDIDATE,0.31454733,0.39715835452079773,0.23193630576133728,0.16522206
11521793,27.08239734,CANDIDATE,0.16732095,0.1771259605884552,0.15751594305038452,0.019610018
11187837,17.60461401,CANDIDATE,0.09604852,0.10100287199020386,0.09109416604042053,0.0099086985
11498128,106.247882,CANDIDATE,0.24970336,0.32014766335487366,0.1792590618133545,0.14088859
11614617,24.7577652,CANDIDATE,0.14811702,0.17150568962097168,0.12472835928201675,0.046777323
10513530,16.54967098,CANDIDATE,0.07797065,0.07868394255638123,0.07725735008716583,0.001426585
11614617,24.7577652,CANDIDATE,0.16758302,0.22548988461494446,0.10967615246772766,0.115813725
11037818,259.34304,CANDIDATE,0.2616316,0.3529350757598877,0.17032814025878906,0.18260694
10070468,1.68189051,CANDIDATE,0.25814217,0.33694323897361755,0.17934110760688782,0.15760212
10019708,3.268695042,CANDIDATE,0.11024744,0.15591026842594147,0.06458461284637451,0.091325656
11125613,9.99115241,CANDIDATE,0.11014902,0.11404900252819061,0.10624903440475464,0.007799968
11568987,15.95995611,CANDIDATE,0.14478752,0.15760348737239838,0.1319715529680252,0.025631927
11568987,15.95995611,CANDIDATE,0.18708575,0.20833386480808258,0.1658376306295395,0.042496227
10005788,10.99470891,CANDIDATE,0.1169383,0.1263830065727234,0.10749358683824539,0.018889427
10863608,8.07127043,CANDIDATE,0.045833085,0.07439267635345459,0.017273493111133575,0.057119183
10337258,13.28536452,CANDIDATE,0.045326788,0.06521376967430115,0.025439808145165443,0.03977396
10526549,9.27358173,CANDIDATE,0.21148306,0.30831173062324524,0.11465439200401306,0.19365734
10453588,68.8861017,CANDIDATE,0.40177348,0.5531664490699768,0.2503805160522461,0.30278593
10797460,9.48803557,CANDIDATE,0.17789401,0.2193908840417862,0.13639713823795319,0.08299374
11253711,17.79108667,CANDIDATE,0.14336017,0.176670104265213,0.11005023866891861,0.06661986
11176127,10.47548084,CANDIDATE,0.21847211,0.2913690209388733,0.14557519555091858,0.14579383
10797460,9.48803557,CANDIDATE,0.116335094,0.12912136316299438,0.1035488173365593,0.025572553
11133306,41.74598855,CANDIDATE,0.16141264,0.2458566129207611,0.07696866989135742,0.16888794
10669994,2.71603664,CANDIDATE,0.121662445,0.21589046716690063,0.027434416115283966,0.18845606
10426656,6.05729966,CANDIDATE,0.3001378,0.40432703495025635,0.1959485560655594,0.20837846
10909127,3.17059731,CANDIDATE,0.13335915,0.14297766983509064,0.12374062836170197,0.019237034
11075737,2.586639524,CANDIDATE,0.16139172,0.1779005080461502,0.144882932305336,0.033017583
11298298,5.248667607,CANDIDATE,0.03706959,0.0657937303185463,0.008345449343323708,0.05744828
10059645,6.49441464,CANDIDATE,0.1661042,0.1812528669834137,0.15095552802085876,0.030297332
11236244,11.32269749,CANDIDATE,0.11040072,0.12534338235855103,0.09545806050300598,0.02988533
11193263,6.91134223,CANDIDATE,0.23169944,0.29977449774742126,0.1636243760585785,0.13615012
10190777,1.411230023,CANDIDATE,0.09475432,0.10502542555332184,0.08448322117328644,0.020542197
10863608,8.07127043,CANDIDATE,0.26122236,0.29262471199035645,0.22982001304626465,0.0628047
11177707,124.4197175,CANDIDATE,0.18017878,0.22223824262619019,0.13811931014060974,0.08411894
10098844,47.4497134,CANDIDATE,0.18537493,0.20473286509513855,0.16601699590682983,0.038715877
11512246,7.10695741,CANDIDATE,0.10557713,0.12506496906280518,0.08608930557966232,0.038975656
11547513,5.317440164,CANDIDATE,0.09373729,0.10111252218484879,0.08636205643415451,0.014750466
11611275,6.94245216,CANDIDATE,0.19510607,0.20954829454421997,0.1806638538837433,0.02888444
11254382,2.05388477,CANDIDATE,0.11257764,0.12042936682701111,0.1047259122133255,0.015703455
10153855,1.06378861,CANDIDATE,0.04574941,0.05695261061191559,0.03454621136188507,0.0224064
11303322,38.1303324,CANDIDATE,0.15819225,0.1924191117286682,0.12396537512540817,0.068453744
10554999,6.400157105,CANDIDATE,0.13183677,0.19486947357654572,0.068804070353508,0.1260654
11189311,81.4160138,CANDIDATE,0.08917758,0.09969811141490936,0.07865704596042633,0.021041073
11189311,81.4160138,CANDIDATE,0.069163896,0.07663969695568085,0.06168809160590172,0.014951609
10863608,8.07127043,CANDIDATE,0.3712644,0.5120100975036621,0.23051871359348297,0.28149137
10714072,8.40693068,CANDIDATE,0.12637424,0.13028991222381592,0.1224585697054863,0.00783135
10055126,9.17617167,CANDIDATE,0.31133693,0.40621238946914673,0.21646146476268768,0.18975094
10779233,201.118319,CANDIDATE,0.07428454,0.08264022320508957,0.0659288540482521,0.01671137
11126381,33.7888028,CANDIDATE,0.10422746,0.10757984220981598,0.10087507963180542,0.0067047626
10657406,34.1732156,CANDIDATE,0.07820151,0.11351221799850464,0.042890798300504684,0.07062142
10880507,6.4802138,CANDIDATE,0.084154576,0.10220596194267273,0.06610319018363953,0.03610277
10965588,62.8917493,CANDIDATE,0.14211401,0.16875217854976654,0.1154758483171463,0.053276338
11651712,14.53260546,CANDIDATE,0.20642553,0.2934266924858093,0.11942438781261444,0.17400229
11127479,2.12821621,CANDIDATE,0.15100937,0.20237603783607483,0.09964268654584885,0.10273336
11236244,11.32269749,CANDIDATE,0.15550998,0.1565849483013153,0.15443500876426697,0.0021499544
11298298,5.248667607,CANDIDATE,0.05557912,0.09405875951051712,0.017099477350711823,0.07695928
11391018,30.360445359,CANDIDATE,0.11026611,0.114427849650383,0.10610437393188477,0.008323483
11656246,18.11473813,CANDIDATE,0.17005098,0.19944703578948975,0.14065492153167725,0.0587921
10019643,21.34736612,CANDIDATE,0.12963085,0.17416900396347046,0.085092693567276,0.08907631
10842192,9.33648141,CANDIDATE,0.11444854,0.12428389489650726,0.10461318492889404,0.01967071
11461433,1.916940872,CANDIDATE,0.010523101,0.04441113770008087,0.0,0.06777607
11176127,10.47548084,CANDIDATE,0.06497992,0.0814831480383873,0.0484766885638237,0.03300646
11125797,58.1263775,CANDIDATE,0.11193392,0.12171073257923126,0.1021571010351181,0.019553632
10213902,59.6222627,CANDIDATE,0.1308126,0.1325005739927292,0.12912462651729584,0.00337594
10136549,9.69315023,CANDIDATE,0.25021493,0.3254769444465637,0.1749529242515564,0.15052402
10653179,47.1607932,CANDIDATE,0.10495644,0.14033237099647522,0.06958051025867462,0.07075187
11043167,44.9306706,CANDIDATE,0.12255729,0.1910838484764099,0.05403073877096176,0.1370531
11497958,5.841636615,CANDIDATE,0.2226228,0.27005887031555176,0.17518673837184906,0.09487212
10063802,120.0183551,CANDIDATE,0.10166868,0.11398497223854065,0.08935238420963287,0.024632588
11046458,3.311864148,CANDIDATE,0.05701921,0.05827319622039795,0.05576522648334503,0.0025079697
11179076,48.4313003,CANDIDATE,0.15571037,0.21563397347927094,0.09578676521778107,0.119847216
10857519,2.053341891,CANDIDATE,0.056276355,0.08848708868026733,0.024065617471933365,0.064421475
10010440,53.5991459,CANDIDATE,0.31879032,0.4121999442577362,0.22538068890571594,0.18681924
10857519,2.053341891,CANDIDATE,0.078274064,0.08944917470216751,0.0670989528298378,0.022350222
10353968,9.07098164,CANDIDATE,0.056729563,0.06654821336269379,0.04691091179847717,0.019637302
10340423,18.79418506,CANDIDATE,0.095531374,0.11037440598011017,0.08068834245204926,0.029686064
10724369,55.6391882,CANDIDATE,0.16176964,0.1888102889060974,0.13472899794578552,0.0540813
10123064,4.243748097,CANDIDATE,0.12399866,0.1424216330051422,0.10557567328214645,0.036845967
10858832,5.263415218,CANDIDATE,0.067775615,0.07043498754501343,0.06511624157428741,0.005318746
10810838,56.35407916,CANDIDATE,0.028377132,0.04850652813911438,0.008247734978795052,0.040258795
11298298,5.248667607,CANDIDATE,0.056791965,0.09794406592845917,0.01563986763358116,0.082304195
10924562,18.6052046,CANDIDATE,0.24337508,0.34846800565719604,0.13828213512897491,0.21018589
11037818,259.34304,CANDIDATE,0.25175986,0.3338136076927185,0.16970612108707428,0.16410747
10070468,1.68189051,CANDIDATE,0.3138512,0.40953415632247925,0.2181682586669922,0.1913659
10328393,7.62635494,CANDIDATE,0.012696548,0.06151920557022095,0.0,0.09764531
11502867,3.217518511,CANDIDATE,0.022931311,0.05085150897502899,0.0,0.055840395
11403389,45.0909201,CANDIDATE,0.0618796,0.0740446075797081,0.049714595079422,0.024330013
10793172,12.0999065,CANDIDATE,0.33433715,0.44232282042503357,0.22635146975517273,0.21597135
10777591,6.10968225,CANDIDATE,0.058437813,0.10970406234264374,0.007171567529439926,0.10253249
11308499,3.28192056,CANDIDATE,0.10242292,0.13660308718681335,0.06824275106191635,0.06836034
10350571,31.5925809,CANDIDATE,0.2091745,0.2359863519668579,0.1823626458644867,0.05362372
10600261,52.8148051,CANDIDATE,0.20152386,0.2614257335662842,0.14162199199199677,0.119803734
11014932,6.88595222,CANDIDATE,0.3723052,0.4278990626335144,0.3167113661766052,0.11118768
10018233,16.2959916,CANDIDATE,0.26287943,0.34133991599082947,0.1844189465045929,0.15692098
10797460,9.48803557,CANDIDATE,0.1022567,0.13621848821640015,0.06829491257667542,0.06792358
10386922,26.62941953,CANDIDATE,0.10014162,0.10551068186759949,0.09477256238460541,0.0107381195
11389771,2.508553286,CANDIDATE,0.09132264,0.10007776319980621,0.08256751298904419,0.01751025
10881457,84.704139,CANDIDATE,0.11198105,0.16801929473876953,0.05594281107187271,0.112076476
10591855,1.574090323,CANDIDATE,0.17161672,0.20239919424057007,0.140834242105484,0.061564952
10599206,18.42794957,CANDIDATE,0.43609825,0.45633935928344727,0.41585713624954224,0.040482253
10122255,27.6652847,CANDIDATE,0.14865042,0.22914409637451172,0.06815674155950546,0.16098736
10397751,3.4462125,CANDIDATE,0.15358739,0.17477355897426605,0.1324012130498886,0.042372353
11521793,27.08239734,CANDIDATE,0.077337146,0.09253828972578049,0.062136001884937286,0.030402288
10059645,6.49441464,CANDIDATE,0.12938787,0.16402852535247803,0.09474721550941467,0.06928131
11521793,27.08239734,CANDIDATE,0.167791,0.23678454756736755,0.09879744797945023,0.13798709
11614617,24.7577652,CANDIDATE,0.2055762,0.24788333475589752,0.1632690578699112,0.08461427
11509504,2.61576515,CANDIDATE,0.16137066,0.19175207614898682,0.13098925352096558,0.060762823
10909127,3.17059731,CANDIDATE,0.17863907,0.1823417842388153,0.17493635416030884,0.007405445
11547505,0.938466959,CANDIDATE,0.14859429,0.19845890998840332,0.09872967004776001,0.09972925
11568987,15.95995611,CANDIDATE,0.059081595,0.05965789034962654,0.05850530043244362,0.0011525899
11569782,2.787874175,CANDIDATE,0.08390057,0.11875485628843307,0.04904628545045853,0.06970857
10141900,6.50327035,CANDIDATE,0.20571712,0.23799577355384827,0.17343845963478088,0.064557314
11403339,4.79029482,CANDIDATE,0.11451006,0.12313569337129593,0.10588442534208298,0.017251268
10395381,17.6717714,CANDIDATE,0.16232806,0.17022760212421417,0.15442852675914764,0.015799075
10328458,2.352273912,CANDIDATE,0.1767163,0.209830641746521,0.14360195398330688,0.06622868
11194032,28.51117639,CANDIDATE,0.18816438,0.21364086866378784,0.16268789768218994,0.05095298
10718726,3.595769013,CANDIDATE,0.23753023,0.24942202866077423,0.22563843429088593,0.023783594
10934674,16.54295261,CANDIDATE,0.11344824,0.12117016315460205,0.10572631657123566,0.015443839
11090556,2.7881793,CANDIDATE,0.14673056,0.18926557898521423,0.10419554263353348,0.08507003
11241912,14.42735088,CANDIDATE,0.14672883,0.19411057233810425,0.0993470847606659,0.09476348
11244682,3.490785878,CANDIDATE,0.041818324,0.0676659494638443,0.015970703214406967,0.051695243
11241912,14.42735088,CANDIDATE,0.30083463,0.3547302782535553,0.24693897366523743,0.10779129
11493431,2.343230566,CANDIDATE,0.1674959,0.20590761303901672,0.12908419966697693,0.076823406
11135308,1.877878538,CANDIDATE,0.22225079,0.27703794836997986,0.16746363043785095,0.109574325
11565924,13.32191461,CANDIDATE,0.2212546,0.24822832643985748,0.19428087770938873,0.05394745
10662202,21.67699193,CANDIDATE,0.12091326,0.12532657384872437,0.11649994552135468,0.008826636
10122255,27.6652847,CANDIDATE,0.038224276,0.06351274251937866,0.012935813516378403,0.050576925
11560897,35.9682692,CANDIDATE,0.19635637,0.23322071135044098,0.15949203073978424,0.07372867
11413812,5.65378163,CANDIDATE,0.15485781,0.20109900832176208,0.10861662030220032,0.092482395
11253827,88.5122014,CANDIDATE,0.055580143,0.0749402865767479,0.0362199991941452,0.03872029
11100383,12.92489803,CANDIDATE,0.03886485,0.05763901770114899,0.020090682432055473,0.037548337
11517719,2.495780169,CANDIDATE,0.04253679,0.06590684503316879,0.01916673593223095,0.04674011
10024051,0.577369336,CANDIDATE,0.20229822,0.22914935648441315,0.17544709146022797,0.053702258
11450414,12.7983174,CANDIDATE,0.17122693,0.19893516600131989,0.14351870119571686,0.055416472
10019643,21.34736612,CANDIDATE,0.15733184,0.21530815958976746,0.09935551881790161,0.11595265
10337517,7.053934488,CANDIDATE,0.03427937,0.08277492225170135,0.0,0.096991114
10337517,7.053934488,CANDIDATE,0.21796511,0.3066861629486084,0.12924405932426453,0.17744209
10666592,2.204735417,CANDIDATE,0.09674116,0.13302144408226013,0.0604608878493309,0.07256055
10468940,2.936527336,CANDIDATE,0.13701263,0.16773536801338196,0.10628989338874817,0.061445467
10531955,2.344512589,CANDIDATE,0.18177432,0.19149017333984375,0.17205846309661865,0.019431695
10916600,5.57654782,CANDIDATE,0.11227687,0.12618766725063324,0.09836606681346893,0.0278216
10153855,1.06378861,CANDIDATE,0.05300659,0.06912096589803696,0.03689221292734146,0.032228753
10916600,5.57654782,CANDIDATE,0.12793462,0.13407443463802338,0.12179480493068695,0.01227963
10318874,2.508057497,CANDIDATE,0.08846424,0.10225939750671387,0.07466907799243927,0.02759032
11624249,1.82708193,CANDIDATE,0.10952938,0.11676980555057526,0.10228896141052246,0.014480837
10730703,5.60013327,CANDIDATE,0.13077839,0.14726977050304413,0.11428700387477875,0.032982774
10554999,6.400157105,CANDIDATE,0.33041796,0.41115468740463257,0.2496812343597412,0.16147347
10132832,16.07673148,CANDIDATE,0.1638072,0.18140408396720886,0.14621031284332275,0.03519377
10905746,9.8786461,CANDIDATE,0.053070944,0.06545713543891907,0.04068474844098091,0.02477239
11074178,14.30517579,CANDIDATE,0.084841914,0.09649002552032471,0.07319380342960358,0.023296222
11253827,88.5122014,CANDIDATE,0.09503233,0.09662280976772308,0.09344184398651123,0.0031809658
11450414,12.7983174,CANDIDATE,0.46735078,0.5387299656867981,0.3959715962409973,0.14275835
10122538,12.2854718,CANDIDATE,0.12176248,0.13106290996074677,0.11246204376220703,0.018600866
10908248,39.859505,CANDIDATE,0.17295943,0.1940682977437973,0.15185056626796722,0.04221774
10723367,19.9865916,CANDIDATE,0.28070757,0.38675785064697266,0.17465730011463165,0.21210054
10810838,56.35407916,CANDIDATE,0.12869358,0.1455521285533905,0.11183503270149231,0.03371709
11284772,4.50158249,CANDIDATE,0.04979418,0.07997320592403412,0.01961514912545681,0.06035806
11074835,6.03355539,CANDIDATE,0.23413791,0.25609689950942993,0.21217891573905945,0.043917984
10978763,4.97760447,CANDIDATE,0.083251566,0.09436530619859695,0.07213782519102097,0.022227481
10130039,12.75800092,CANDIDATE,0.122598685,0.1372295320034027,0.10796783864498138,0.0292617
10858832,5.263415218,CANDIDATE,0.14756252,0.14777423441410065,0.14735080301761627,0.0004234314
11495458,10.45839865,CANDIDATE,0.10910754,0.11840485781431198,0.09981022030115128,0.018594638
11043167,44.9306706,CANDIDATE,0.23089768,0.2751915752887726,0.18660378456115723,0.08858779
10332883,1.151166776,CANDIDATE,0.11422909,0.1400136947631836,0.08844448626041412,0.05156921
11612280,9.4061364,CANDIDATE,0.26698226,0.3591923713684082,0.17477214336395264,0.18442023
11129258,25.384175,CANDIDATE,0.106565066,0.14300401508808136,0.07012611627578735,0.07287789
11601584,51.8098276,CANDIDATE,0.12645034,0.147231787443161,0.10566890239715576,0.041562878
11410904,3.53232429,CANDIDATE,0.08569215,0.10247467458248138,0.06890963017940521,0.033565044
10227020,14.78767172,CANDIDATE,0.29200506,0.40104302763938904,0.18296709656715393,0.21807593
11497958,5.841636615,CANDIDATE,0.018698746,0.051585517823696136,0.0,0.06577355
11499228,19.7919389,CANDIDATE,0.061408125,0.06933099031448364,0.05348525941371918,0.01584573
11019987,6.9131732,CANDIDATE,0.14091963,0.17644427716732025,0.10539497435092926,0.0710493
11308499,3.28192056,CANDIDATE,0.2319506,0.2824798822402954,0.18142129480838776,0.101058595
11611600,1.219568047,CANDIDATE,0.2159217,0.24085596203804016,0.19098743796348572,0.04986854
10386984,1.287076693,CANDIDATE,0.15053803,0.17693182826042175,0.12414422631263733,0.052787602
10285631,18.68405716,CANDIDATE,0.11343431,0.1249033734202385,0.10196524113416672,0.022938132
10386984,1.287076693,CANDIDATE,0.17122948,0.2046419382095337,0.13781702518463135,0.06682491
10904857,3.120828136,CANDIDATE,0.085516535,0.11814448982477188,0.05288857966661453,0.06525591
10577994,8.1808949,CANDIDATE,0.34385657,0.3894443213939667,0.2982688248157501,0.09117548
10591855,1.574090323,CANDIDATE,0.12829362,0.17061641812324524,0.08597081899642944,0.08464559
10360722,163.692336,CANDIDATE,0.12475257,0.13943788409233093,0.11006726324558258,0.029370628
10386922,26.62941953,CANDIDATE,0.12944084,0.1406993418931961,0.11818234622478485,0.022517003
10214162,17.42393582,CANDIDATE,0.24566254,0.296546995639801,0.19477808475494385,0.101768926
10730070,7.61758198,CANDIDATE,0.2758946,0.30351021885871887,0.24827900528907776,0.0552312
10328393,7.62635494,CANDIDATE,0.081006326,0.08103612810373306,0.08097652345895767,5.9604645e-05
10526887,1.450889836,CANDIDATE,0.32888305,0.43368738889694214,0.2240787297487259,0.20960864
10924562,18.6052046,CANDIDATE,0.121232435,0.1383763700723648,0.10408850014209747,0.03428787
10166274,3.353732008,CANDIDATE,0.18304217,0.19505712389945984,0.17102721333503723,0.024029896
11444514,66.373298,CANDIDATE,0.088177145,0.1101338192820549,0.0662204697728157,0.04391335
11250587,7.256962446,CANDIDATE,0.088647865,0.09418196231126785,0.08311376720666885,0.011068195
10963242,6.1469956,CANDIDATE,0.027391048,0.058625515550374985,0.0,0.062468935
10489206,4.164384505,CANDIDATE,0.1286994,0.1298912763595581,0.1275075376033783,0.0023837537
11037335,40.7150498,CANDIDATE,0.112249635,0.13611634075641632,0.08838292956352234,0.04773341
11403389,45.0909201,CANDIDATE,0.15578917,0.17833149433135986,0.13324683904647827,0.045084655
11502867,3.217518511,CANDIDATE,0.06173805,0.07340391725301743,0.050072185695171356,0.023331732
11295426,5.398752862,CANDIDATE,0.14047945,0.14546924829483032,0.13548964262008667,0.009979591
10329835,1.52373073,CANDIDATE,0.21330118,0.2500167489051819,0.1765856295824051,0.07343111
10004519,9.80321143,CANDIDATE,0.19238624,0.23636341094970703,0.14840906858444214,0.087954335
11455428,22.1270885,CANDIDATE,0.10299487,0.11475682258605957,0.09123291075229645,0.023523912
11455428,22.1270885,CANDIDATE,0.03183547,0.0776137113571167,0.0,0.091556475
10934674,16.54295261,CANDIDATE,0.017041234,0.049061067402362823,0.0,0.06403966
11337372,6.53194024,CANDIDATE,0.14878502,0.18062403798103333,0.11694600433111191,0.06367804
10407482,6.30558387,CANDIDATE,0.09778354,0.12329207360744476,0.07227501273155212,0.05101707
10904857,3.120828136,CANDIDATE,0.024883514,0.09239792078733444,0.0,0.13502881
11518142,240.7990472,CANDIDATE,0.072411336,0.07920831441879272,0.06561435759067535,0.013593957
11259686,34.4359387,CANDIDATE,0.15296961,0.176080122590065,0.1298591047525406,0.046221018
11554435,9.43414171,CANDIDATE,0.08488541,0.11536122858524323,0.05440958961844444,0.060951643
11554435,9.43414171,CANDIDATE,0.03458318,0.07164701819419861,0.0,0.074127674
10718726,3.595769013,CANDIDATE,0.22041912,0.232811838388443,0.20802640914916992,0.024785414
10963065,2.465024332,CANDIDATE,0.1794263,0.1821010410785675,0.17675155401229858,0.005349472
10713616,83.5781976,CANDIDATE,0.11368419,0.13905146718025208,0.0883169174194336,0.05073455
10730034,2.633852528,CANDIDATE,0.092379965,0.1040707677602768,0.08068916201591492,0.023381606
10264660,6.790120801,CANDIDATE,0.04007148,0.05521948263049126,0.024923477321863174,0.030296005
11551692,7.834433676,CANDIDATE,0.041534707,0.06272187829017639,0.020347539335489273,0.042374335
10973664,5.40426917,CANDIDATE,0.028969677,0.06407283246517181,0.0,0.070206314
10024051,0.577369336,CANDIDATE,0.1828071,0.26043859124183655,0.10517561435699463,0.15526298
10024051,0.577369336,CANDIDATE,0.3337067,0.46309947967529297,0.20431393384933472,0.25878555
11623629,81.737872,CANDIDATE,0.07854279,0.08955658972263336,0.06752899289131165,0.022027597
11622600,82.5341188,CANDIDATE,0.15583417,0.1707056760787964,0.1409626603126526,0.029743023
10875245,4.90144976,CANDIDATE,0.101944484,0.1188814789056778,0.08500748872756958,0.033873983
11450414,12.7983174,CANDIDATE,0.42481783,0.5801360607147217,0.26949959993362427,0.3106365
11253827,88.5122014,CANDIDATE,0.06059097,0.06626437604427338,0.05491756647825241,0.01134681
10337517,7.053934488,CANDIDATE,0.28172547,0.37800493836402893,0.18544599413871765,0.19255894
10554999,6.400157105,CANDIDATE,0.06315561,0.09902090579271317,0.027290306985378265,0.0717306
10468940,2.936527336,CANDIDATE,0.1575449,0.18963375687599182,0.1254560351371765,0.06417771
10587105,1.980356674,CANDIDATE,0.13611998,0.14594298601150513,0.1262969672679901,0.019646011
11288505,19.80787763,CANDIDATE,0.2998748,0.38965046405792236,0.21009916067123413,0.1795513
10916600,5.57654782,CANDIDATE,0.18486317,0.20512065291404724,0.16460567712783813,0.04051499
11359879,4.942783419,CANDIDATE,0.054887924,0.07429920881986618,0.03547663986682892,0.038822565
11285870,4.48494315,CANDIDATE,0.24066968,0.3123512864112854,0.16898807883262634,0.14336321
10227020,14.78767172,CANDIDATE,0.12909016,0.1836417317390442,0.07453858852386475,0.109103136
11410904,3.53232429,CANDIDATE,0.029840788,0.08736815303564072,0.0,0.11505473
10153855,1.06378861,CANDIDATE,0.079215266,0.08910228312015533,0.06932824850082397,0.019774035
10686864,2.97041801,CANDIDATE,0.13537595,0.13563194870948792,0.1351199448108673,0.00051199645
11517719,2.495780169,CANDIDATE,0.08299792,0.09384661912918091,0.07214921712875366,0.02169741
11298298,5.248667607,CANDIDATE,0.057267062,0.08164516091346741,0.03288896009325981,0.048756205
11193263,6.91134223,CANDIDATE,0.2165502,0.2734225392341614,0.15967786312103271,0.11374466
11499192,4.13592927,CANDIDATE,0.12521745,0.12850850820541382,0.12192639708518982,0.006582111
10538176,12.69905011,CANDIDATE,0.24123965,0.30967116355895996,0.17280812561511993,0.13686305
10854555,2.525591777,CANDIDATE,0.03954402,0.06941495835781097,0.00967307761311531,0.059741884
10525077,11.006795,CANDIDATE,0.17942123,0.21152746677398682,0.14731499552726746,0.064212486
10187017,16.145671932,CANDIDATE,0.052013885,0.07361099123954773,0.030416779220104218,0.043194212
11122894,74.92768653,CANDIDATE,0.11416277,0.116228386759758,0.11209715902805328,0.004131235
11612280,9.4061364,CANDIDATE,0.16234744,0.17641770839691162,0.1482771635055542,0.028140545
11612280,9.4061364,CANDIDATE,0.23574182,0.31624481081962585,0.15523883700370789,0.16100597
10600955,65.6480892,CANDIDATE,0.23805402,0.346439003944397,0.12966904044151306,0.21676996
11244137,2.03387483,CANDIDATE,0.13772842,0.1460542231798172,0.12940262258052826,0.0166516
11460462,5.03728033,CANDIDATE,0.1384727,0.1573021560907364,0.11964325606822968,0.037658907
10730703,5.60013327,CANDIDATE,0.047494087,0.0745009034872055,0.020487267524003983,0.05401364
10132832,16.07673148,CANDIDATE,0.08939713,0.0923326388001442,0.0864616259932518,0.005871013
10669994,2.71603664,CANDIDATE,0.11348622,0.12762154638767242,0.09935089945793152,0.028270654
11394027,14.38682567,CANDIDATE,0.17378384,0.20074452459812164,0.14682315289974213,0.05392137
10158729,58.601926,CANDIDATE,0.19296387,0.25035160779953003,0.13557612895965576,0.11477548
10386984,1.287076693,CANDIDATE,0.17556028,0.18020641803741455,0.17091414332389832,0.00929226
11444514,66.373298,CANDIDATE,0.19701692,0.2680369019508362,0.12599694728851318,0.14203994
10904857,3.120828136,CANDIDATE,0.07539608,0.09585657715797424,0.05493559315800667,0.04092098
10190777,1.411230023,CANDIDATE,0.056654718,0.06869108229875565,0.04461835324764252,0.024072729
10526887,1.450889836,CANDIDATE,0.2747747,0.3542293310165405,0.19532005488872528,0.15890929
10577994,8.1808949,CANDIDATE,0.26885507,0.2746445834636688,0.26306554675102234,0.011579052
10577994,8.1808949,CANDIDATE,0.17309038,0.23213493824005127,0.11404582858085632,0.11808912
11518142,240.7990472,CANDIDATE,0.18368426,0.21997545659542084,0.14739306271076202,0.07258239
10730070,7.61758198,CANDIDATE,0.032235727,0.07428471744060516,0.0,0.08409798
10094670,22.06402,CANDIDATE,0.17373578,0.19879871606826782,0.14867284893989563,0.05012586
10717220,21.0907909,CANDIDATE,0.10981481,0.12438428401947021,0.09524533152580261,0.029138952
10718726,3.595769013,CANDIDATE,0.13005534,0.1568896472454071,0.10322102904319763,0.05366862
11337566,7.12815163,CANDIDATE,0.116302826,0.14025205373764038,0.09235359728336334,0.04789845
11611600,1.219568047,CANDIDATE,0.22704993,0.2757580280303955,0.1783418506383896,0.09741616
10964440,19.12947603,CANDIDATE,0.14026341,0.16055446863174438,0.1199723482131958,0.040582128
10388286,1.682695938,CANDIDATE,0.090517424,0.0991063192486763,0.08192852884531021,0.01717779
11019987,6.9131732,CANDIDATE,0.094541,0.10118401050567627,0.08789798617362976,0.013286024
10973664,5.40426917,CANDIDATE,0.0395519,0.07396022975444794,0.00514356791973114,0.06881666
10264660,6.790120801,CANDIDATE,0.051350445,0.08792418241500854,0.01477670669555664,0.073147476
10730034,2.633852528,CANDIDATE,0.16928335,0.1925850808620453,0.14598160982131958,0.04660348
11121752,3.93083997,CANDIDATE,0.07059391,0.07765746861696243,0.0635303482413292,0.01412712
10122255,27.6652847,CANDIDATE,0.35498345,0.4955233335494995,0.21444357931613922,0.28107974
11455428,22.1270885,CANDIDATE,0.1095182,0.12732410430908203,0.09171228855848312,0.035611823
10285631,18.68405716,CANDIDATE,0.13467553,0.16554240882396698,0.10380865633487701,0.061733745
10019708,3.268695042,CANDIDATE,0.054896493,0.08434319496154785,0.02544979378581047,0.058893397
10360722,163.692336,CANDIDATE,0.24716744,0.3548303544521332,0.13950452208518982,0.21532583
11446443,2.470613377,CANDIDATE,0.018483462,0.0674910768866539,0.0,0.098015234
10723750,50.79034648,CANDIDATE,0.07495216,0.08647662401199341,0.06342770159244537,0.023048915
11187837,17.60461401,CANDIDATE,0.1415089,0.15291047096252441,0.1301073431968689,0.022803113
11554435,9.43414171,CANDIDATE,0.08551094,0.09771177172660828,0.07331010699272156,0.024401657
11414465,2.94194296,CANDIDATE,0.13019651,0.1398756355047226,0.12051738798618317,0.019358248
11259686,34.4359387,CANDIDATE,0.13485707,0.14977705478668213,0.11993709951639175,0.029839948
11259686,34.4359387,CANDIDATE,0.11923115,0.14199042320251465,0.0964718759059906,0.045518547
11250587,7.256962446,CANDIDATE,0.12587224,0.1408194899559021,0.11092499643564224,0.029894486
10489206,4.164384505,CANDIDATE,0.0816948,0.09284266829490662,0.07054692506790161,0.022295736
11391957,8.35389523,CANDIDATE,0.16222778,0.18677625060081482,0.1376793086528778,0.049096942
10842192,9.33648141,CANDIDATE,0.12009882,0.15682974457740784,0.08336789906024933,0.07346185
11414511,2.816504904,CANDIDATE,0.022501595,0.06319227069616318,0.0,0.08138135
11651712,14.53260546,CANDIDATE,0.38280126,0.5572293400764465,0.20837318897247314,0.34885615
11497958,5.841636615,CANDIDATE,0.22142817,0.2290944904088974,0.2137618511915207,0.015332639
10657406,34.1732156,CANDIDATE,0.01663793,0.03316466510295868,0.00011119432747364044,0.033053473
11189311,81.4160138,CANDIDATE,0.06280972,0.07266758382320404,0.05295185744762421,0.019715726
10055126,9.17617167,CANDIDATE,0.13239932,0.16877904534339905,0.09601959586143494,0.07275944
10064256,5.95958637,CANDIDATE,0.03656836,0.044506628066301346,0.0286300890147686,0.015876539
10714072,8.40693068,CANDIDATE,0.021579146,0.06161336973309517,0.0,0.08006845
10552611,7.0106324,CANDIDATE,0.18083578,0.195917010307312,0.1657545566558838,0.030162439
11622600,82.5341188,CANDIDATE,0.14143553,0.1867593228816986,0.09611174464225769,0.09064758
10340423,18.79418506,CANDIDATE,0.115273476,0.14252051711082458,0.08802642673254013,0.054494098
11623629,81.737872,CANDIDATE,0.17103902,0.22994115948677063,0.11213687807321548,0.117804274
10724369,55.6391882,CANDIDATE,0.12273746,0.12725886702537537,0.11821605265140533,0.009042814
11017901,7.794302043,CANDIDATE,0.10841339,0.10932175815105438,0.10750502347946167,0.0018167421
11656246,18.11473813,CANDIDATE,0.14878835,0.1748449206352234,0.1227317750453949,0.05211314
10795103,214.3120439,CANDIDATE,0.103625186,0.12677454948425293,0.0804758295416832,0.046298712
11656246,18.11473813,CANDIDATE,0.2087421,0.2922857999801636,0.12519840896129608,0.16708738
11455181,10.9294815,CANDIDATE,0.07967777,0.08425779640674591,0.07509773969650269,0.009160049
11253827,88.5122014,CANDIDATE,0.18163626,0.19067582488059998,0.17259669303894043,0.018079132
10157458,7.33685101,CANDIDATE,0.36170468,0.4576738178730011,0.26573553681373596,0.19193828
11611275,6.94245216,CANDIDATE,0.2071661,0.2769232392311096,0.13740895688533783,0.1395143
11450414,12.7983174,CANDIDATE,0.28013816,0.36830663681030273,0.19196969270706177,0.17633694
11512246,7.10695741,CANDIDATE,0.09873304,0.1025732234120369,0.09489285200834274,0.0076803714
10653179,47.1607932,CANDIDATE,0.02500836,0.06716198474168777,0.0,0.08430725
10600955,65.6480892,CANDIDATE,0.17451398,0.26121848821640015,0.0878094732761383,0.17340901
11254382,2.05388477,CANDIDATE,0.12079181,0.14473380148410797,0.09684981405735016,0.047883995
10006581,40.1097817,CANDIDATE,0.18228945,0.22552424669265747,0.13905465602874756,0.08646958
11303322,38.1303324,CANDIDATE,0.1269333,0.15010541677474976,0.10376119613647461,0.046344213
11460462,5.03728033,CANDIDATE,0.22668326,0.23778602480888367,0.21558049321174622,0.022205532
10857519,2.053341891,CANDIDATE,0.10754836,0.11172662675380707,0.10337010025978088,0.008356534
11244137,2.03387483,CANDIDATE,0.1525438,0.17700856924057007,0.12807902693748474,0.04892955
10810838,56.35407916,CANDIDATE,0.19742677,0.25583064556121826,0.13902288675308228,0.11680776
10010440,53.5991459,CANDIDATE,0.26555604,0.29990366101264954,0.2312084138393402,0.06869525
11298298,5.248667607,CANDIDATE,0.043643057,0.06266413629055023,0.024621980264782906,0.038042154
11179076,48.4313003,CANDIDATE,0.0930336,0.14391419291496277,0.042153000831604004,0.10176119
10854768,10.1171684,CANDIDATE,0.1256873,0.1565302312374115,0.09484437108039856,0.061685868
10187017,16.145671932,CANDIDATE,0.06599826,0.07583862543106079,0.05615789815783501,0.019680731
10136549,9.69315023,CANDIDATE,0.2270991,0.2774065434932709,0.17679166793823242,0.100614876
10213902,59.6222627,CANDIDATE,0.15129067,0.19150176644325256,0.11107957363128662,0.080422185
11461433,1.916940872,CANDIDATE,0.1695545,0.17454826831817627,0.1645607352256775,0.009987533
10854555,2.525591777,CANDIDATE,0.09819251,0.10609185695648193,0.09029316902160645,0.015798688
11134879,4.30165843,CANDIDATE,0.064609446,0.08810203522443771,0.041116856038570404,0.04698518
11125797,58.1263775,CANDIDATE,0.10022127,0.11569486558437347,0.08474767208099365,0.030947194
10717241,12.37646897,CANDIDATE,0.08752265,0.10440272092819214,0.07064257562160492,0.033760153
11614617,24.7577652,CANDIDATE,0.24680702,0.3078477382659912,0.1857663094997406,0.12208142
10909127,3.17059731,CANDIDATE,0.12960295,0.14781539142131805,0.11139051616191864,0.036424875
11403389,45.0909201,CANDIDATE,0.11969965,0.14065207540988922,0.09874722361564636,0.041904844
10526549,9.27358173,CANDIDATE,0.1372509,0.17562435567378998,0.0988774448633194,0.07674691
11568987,15.95995611,CANDIDATE,0.10705653,0.11782203614711761,0.09629102051258087,0.021531008
11014932,6.88595222,CANDIDATE,0.3124098,0.341575562953949,0.2832440137863159,0.058331534
11176166,9.8788502,CANDIDATE,0.22307582,0.30233311653137207,0.14381854236125946,0.15851456
10777591,6.10968225,CANDIDATE,0.18251352,0.2013762891292572,0.1636507511138916,0.037725523
10990917,11.04605365,CANDIDATE,0.1821849,0.18798086047172546,0.1763889491558075,0.011591896
10586004,15.79196594,CANDIDATE,0.09610109,0.10272569209337234,0.08947648853063583,0.013249204
10384798,38.505224,CANDIDATE,0.15227444,0.16533750295639038,0.13921138644218445,0.026126131
10904857,3.120828136,CANDIDATE,0.08066967,0.106517493724823,0.05482185259461403,0.051695637
10600261,52.8148051,CANDIDATE,0.19911507,0.27801352739334106,0.12021660804748535,0.15779692
10591855,1.574090323,CANDIDATE,0.08740842,0.10222214460372925,0.07259470224380493,0.02962745
10600261,52.8148051,CANDIDATE,0.23928085,0.2769539952278137,0.20160770416259766,0.07534629
10616679,8.600099313,CANDIDATE,0.07189704,0.08379058539867401,0.06000348553061485,0.023787104
11244682,3.490785878,CANDIDATE,0.114584334,0.1182049810886383,0.11096368730068207,0.007241294
11135308,1.877878538,CANDIDATE,0.28311735,0.34271129965782166,0.22352340817451477,0.11918789
10872983,11.09432054,CANDIDATE,0.041981623,0.08145415782928467,0.002509087324142456,0.07894507
10426656,6.05729966,CANDIDATE,0.09960613,0.10438922047615051,0.09482303261756897,0.009566195
11308499,3.28192056,CANDIDATE,0.29303458,0.4187541902065277,0.16731497645378113,0.2514392
10599206,18.42794957,CANDIDATE,0.18813758,0.2390972226858139,0.13717792928218842,0.101919286
10599206,18.42794957,CANDIDATE,0.23175469,0.30596572160720825,0.15754365921020508,0.14842206
10190777,1.411230023,CANDIDATE,0.11725695,0.14395460486412048,0.09055928885936737,0.05339531
11413812,5.65378163,CANDIDATE,0.18195745,0.24321646988391876,0.12069843709468842,0.12251804
11560897,35.9682692,CANDIDATE,0.12960784,0.14533792436122894,0.11387775838375092,0.03146016
10070468,1.68189051,CANDIDATE,0.18381171,0.26461082696914673,0.10301260650157928,0.1615982
11037818,259.34304,CANDIDATE,0.12338581,0.159647136926651,0.08712448179721832,0.07252266
11565924,13.32191461,CANDIDATE,0.11370402,0.13018205761909485,0.09722597897052765,0.03295608
11521793,27.08239734,CANDIDATE,0.19746843,0.21535438299179077,0.17958247661590576,0.03577189
10059645,6.49441464,CANDIDATE,0.11963263,0.1592390388250351,0.08002622425556183,0.07921281
11403389,45.0909201,CANDIDATE,0.077514894,0.07863090932369232,0.07639887928962708,0.00223203
11650401,3.94660745,CANDIDATE,0.28187007,0.36744269728660583,0.19629743695259094,0.17114528
10059645,6.49441464,CANDIDATE,0.16509852,0.20098528265953064,0.12921175360679626,0.07177354
11074541,29.88487723,CANDIDATE,0.1364854,0.150955468416214,0.1220153272151947,0.028940149
10878263,7.170710381,CANDIDATE,0.11809102,0.1284559965133667,0.10772604495286942,0.020729944
11241912,14.42735088,CANDIDATE,0.21184707,0.25121232867240906,0.17248180508613586,0.07873051
10591855,1.574090323,CANDIDATE,0.14870897,0.15568135678768158,0.14173658192157745,0.013944767
10122255,27.6652847,CANDIDATE,0.1264553,0.15304535627365112,0.09986526519060135,0.053180084
10337258,13.28536452,CANDIDATE,0.073563,0.07734028995037079,0.0697857141494751,0.0075545684
10604335,11.00817635,CANDIDATE,0.11014336,0.11587466299533844,0.10441206395626068,0.011462599
10141900,6.50327035,CANDIDATE,0.21996936,0.30312225222587585,0.13681647181510925,0.16630578
10797460,9.48803557,CANDIDATE,0.17683046,0.18903233110904694,0.16462858021259308,0.02440375
11308499,3.28192056,CANDIDATE,0.22134845,0.3020924925804138,0.1406043916940689,0.16148812
11509504,2.61576515,CANDIDATE,0.05515986,0.0670684427022934,0.04325127229094505,0.023817174
10586208,23.58444746,CANDIDATE,0.13885099,0.1718231588602066,0.1058788150548935,0.065944344
11244137,2.03387483,CANDIDATE,0.25742987,0.31789711117744446,0.1969626247882843,0.120934494
10454632,20.16037858,CANDIDATE,0.07586228,0.10249049961566925,0.0492340624332428,0.053256437
10212441,15.0447098,CANDIDATE,0.26704472,0.33403581380844116,0.2000536173582077,0.13398221
11283615,1.289590179,CANDIDATE,0.116318986,0.13562612235546112,0.09701184928417206,0.038614273
11460462,5.03728033,CANDIDATE,0.1339511,0.1477561891078949,0.1201460063457489,0.02761019
11497977,4.79860021,CANDIDATE,0.13014914,0.15101158618927002,0.10928668826818466,0.041724905
10600955,65.6480892,CANDIDATE,0.30446956,0.37531018257141113,0.23362892866134644,0.14168127
10973814,44.8520997,CANDIDATE,0.14460607,0.1699635088443756,0.11924862861633301,0.050714888
10028792,114.73658,CANDIDATE,0.08341259,0.09149129688739777,0.07533387839794159,0.016157426
10858832,5.263415218,CANDIDATE,0.081560515,0.0847063809633255,0.07841464877128601,0.006291732
10910878,16.06864674,CANDIDATE,0.15511562,0.16216319799423218,0.14806804060935974,0.01409515
11153539,4.49876511,CANDIDATE,0.24807267,0.34010109305381775,0.15604424476623535,0.18405683
11037511,3.11604194,CANDIDATE,0.121291526,0.14689040184020996,0.09569264948368073,0.051197752
10874614,3.234699282,CANDIDATE,0.06340368,0.0872516930103302,0.03955566883087158,0.047696028
10854555,2.525591777,CANDIDATE,0.22799419,0.23912005126476288,0.2168683260679245,0.022251725
11394027,14.38682567,CANDIDATE,0.09371123,0.1301458477973938,0.05727660283446312,0.07286925
11337833,51.3011844,CANDIDATE,0.18064402,0.2125023603439331,0.14878568053245544,0.06371668
11015108,39.30944096,CANDIDATE,0.08448154,0.10322201251983643,0.06574106216430664,0.037480958
10253547,59.9809868,CANDIDATE,0.2303926,0.26123887300491333,0.19954633712768555,0.06169255
10329835,1.52373073,CANDIDATE,0.13330682,0.1360720694065094,0.13054156303405762,0.005530499
10213902,59.6222627,CANDIDATE,0.18118761,0.2389880120754242,0.12338721007108688,0.11560081
10963065,2.465024332,CANDIDATE,0.10011242,0.12233391404151917,0.07789093255996704,0.044442974
10203349,17.14648756,CANDIDATE,0.3194625,0.4030958414077759,0.2358291745185852,0.16726668
11551692,7.834433676,CANDIDATE,0.05176097,0.06731285899877548,0.03620908409357071,0.031103779
11507101,38.3775486,CANDIDATE,0.24366826,0.2816087007522583,0.20572781562805176,0.0758809
10002866,3.936993144,CANDIDATE,0.07092916,0.07337430119514465,0.06848402321338654,0.004890278
10388286,1.682695938,CANDIDATE,0.06080098,0.0648772194981575,0.05672474205493927,0.008152477
11554435,9.43414171,CANDIDATE,0.14247741,0.15913154184818268,0.1258232742547989,0.033308275
11457726,6.22161107,CANDIDATE,0.1424345,0.18162409961223602,0.10324488580226898,0.07837922
10937029,4.030466786,CANDIDATE,0.061719574,0.13607445359230042,0.0,0.14870977
10454632,20.16037858,CANDIDATE,0.06888192,0.11371442675590515,0.024049416184425354,0.08966501
10212441,15.0447098,CANDIDATE,0.18339972,0.24755218625068665,0.11924725770950317,0.12830493
11449844,38.47876629,CANDIDATE,0.0468442,0.08062869310379028,0.01305970549583435,0.06756899
11037335,40.7150498,CANDIDATE,0.16226645,0.1835695505142212,0.1409633457660675,0.04260619
10657406,34.1732156,CANDIDATE,0.057456687,0.1318574845790863,0.0,0.14880158
11037511,3.11604194,CANDIDATE,0.21510862,0.2490825206041336,0.18113471567630768,0.067947805
11611275,6.94245216,CANDIDATE,0.050593946,0.060673367232084274,0.04051452502608299,0.020158842
10489345,1.003931703,CANDIDATE,0.15430635,0.17746509611606598,0.1311476081609726,0.04631748
10601284,5.349553819,CANDIDATE,0.23047519,0.2960270643234253,0.1649233102798462,0.13110375
11015323,34.18884323,CANDIDATE,0.27710667,0.340923547744751,0.21328981220722198,0.12763372
11499228,19.7919389,CANDIDATE,0.18470447,0.1994571089744568,0.16995182633399963,0.029505268
11015323,34.18884323,CANDIDATE,0.22601303,0.321535587310791,0.1304904818534851,0.1910451
10157458,7.33685101,CANDIDATE,0.15050496,0.16542001068592072,0.13558991253376007,0.029830098
10963242,6.1469956,CANDIDATE,0.1693763,0.22365617752075195,0.11509641259908676,0.10855977
11622600,82.5341188,CANDIDATE,0.11134737,0.15491650998592377,0.06777822971343994,0.08713829
10028535,0.663085361,CANDIDATE,0.12427967,0.1323622763156891,0.11619706451892853,0.01616522
10002866,3.936993144,CANDIDATE,0.07676048,0.10159052908420563,0.05193043127655983,0.049660094
11495458,10.45839865,CANDIDATE,0.065383375,0.07181946933269501,0.05894727632403374,0.012872197
10916600,5.57654782,CANDIDATE,0.063985765,0.08893200010061264,0.039039529860019684,0.049892467
11601584,51.8098276,CANDIDATE,0.08645335,0.09390054643154144,0.0790061503648758,0.014894389
11565924,13.32191461,CANDIDATE,0.17076118,0.18201151490211487,0.15951085090637207,0.022500664
10723367,19.9865916,CANDIDATE,0.15253948,0.21507972478866577,0.0899992287158966,0.1250805
10027323,5.92365747,CANDIDATE,0.14613086,0.14787253737449646,0.14438918232917786,0.003483355
11560897,35.9682692,CANDIDATE,0.1978432,0.259085476398468,0.13660091161727905,0.122484565
10027323,5.92365747,CANDIDATE,0.13974313,0.17812861502170563,0.10135765373706818,0.07677096
10978763,4.97760447,CANDIDATE,0.023556247,0.08844231814146042,0.0,0.12977214
10587105,1.980356674,CANDIDATE,0.16808853,0.19624294340610504,0.13993410766124725,0.056308836
11125613,9.99115241,CANDIDATE,0.12678015,0.14886604249477386,0.10469426214694977,0.044171773
11129258,25.384175,CANDIDATE,0.049250774,0.0699593648314476,0.028542181476950645,0.041417185
11509504,2.61576515,CANDIDATE,0.029963678,0.0573759600520134,0.0025513935834169388,0.05482457
10666592,2.204735417,CANDIDATE,0.03767332,0.049569010734558105,0.025777628645300865,0.023791384
10666592,2.204735417,CANDIDATE,0.067443974,0.0905284509062767,0.04435949772596359,0.046168953
10730034,2.633852528,CANDIDATE,0.06688731,0.10111713409423828,0.03265749290585518,0.06845964
10264660,6.790120801,CANDIDATE,0.049264163,0.08655661344528198,0.011971712112426758,0.0745849
10973664,5.40426917,CANDIDATE,0.055447858,0.05924574285745621,0.051649972796440125,0.00759577
11410904,3.53232429,CANDIDATE,0.13318424,0.1423199623823166,0.12404851615428925,0.018271454
11284772,4.50158249,CANDIDATE,0.108848296,0.13315445184707642,0.08454214036464691,0.04861232
11517719,2.495780169,CANDIDATE,0.021433486,0.03586014360189438,0.007006829604506493,0.028853312
10549023,14.36270451,CANDIDATE,0.16461192,0.2209940403699875,0.10822980105876923,0.11276425
11014932,6.88595222,CANDIDATE,0.16537301,0.20439794659614563,0.126348078250885,0.07804985
11192998,7.650243513,CANDIDATE,0.113275185,0.12433265149593353,0.10221771895885468,0.022114933
10330115,13.21409607,CANDIDATE,0.09941859,0.12895938754081726,0.06987778842449188,0.059081607
10318874,2.508057497,CANDIDATE,0.0606409,0.07079124450683594,0.05049055814743042,0.020300686
11253711,17.79108667,CANDIDATE,0.10453518,0.11305969953536987,0.09601065516471863,0.017049052
10190777,1.411230023,CANDIDATE,0.051617343,0.07121215760707855,0.03202252835035324,0.03918963
10526887,1.450889836,CANDIDATE,0.13826229,0.16025139391422272,0.1162731796503067,0.043978207
10924562,18.6052046,CANDIDATE,0.24993058,0.3280947208404541,0.17176644504070282,0.15632826
10788461,9.2075634,CANDIDATE,0.06945657,0.10528083145618439,0.0336323082447052,0.07164852
10130039,12.75800092,CANDIDATE,0.10182357,0.11018587648868561,0.09346126019954681,0.016724624
10130039,12.75800092,CANDIDATE,0.08022559,0.08442607522010803,0.0760250985622406,0.008400984
10619192,1.485710994,CANDIDATE,0.057582967,0.08764590322971344,0.027520030736923218,0.060125872
10531955,2.344512589,CANDIDATE,0.22811697,0.3093637228012085,0.1468702107667923,0.16249353
10619192,1.485710994,CANDIDATE,0.020727467,0.05571608617901802,0.0,0.06997724
11075429,23.9210408,CANDIDATE,0.15876713,0.17910979688167572,0.13842447102069855,0.040685333
11624249,1.82708193,CANDIDATE,0.020171775,0.09709576517343521,0.0,0.15384798
10730703,5.60013327,CANDIDATE,0.14875184,0.17898119986057281,0.11852248013019562,0.060458712
10132832,16.07673148,CANDIDATE,0.2992483,0.38552963733673096,0.21296696364879608,0.17256269
11614617,24.7577652,CANDIDATE,0.15589972,0.19483646750450134,0.1169629618525505,0.07787351
10213902,59.6222627,CANDIDATE,0.18419483,0.27820906043052673,0.09018060564994812,0.18802845
10187017,16.145671932,CANDIDATE,0.08741024,0.13207006454467773,0.04275042191147804,0.08931964
10525027,3.27344784,CANDIDATE,0.041465126,0.07451923936605453,0.008411012589931488,0.06610823
11015108,39.30944096,CANDIDATE,0.0947686,0.12818624079227448,0.06135095655918121,0.066835284
11498128,106.247882,CANDIDATE,0.09742373,0.11069115251302719,0.08415631204843521,0.02653484
11493431,2.343230566,CANDIDATE,0.06378855,0.0679665356874466,0.05961056053638458,0.008355975
10001368,4.76831033,CANDIDATE,0.14132416,0.1476213037967682,0.13502702116966248,0.012594275
10089911,6.96704926,CANDIDATE,0.12305012,0.13175660371780396,0.11434364318847656,0.017412968
11177676,47.0320478,CANDIDATE,0.18268806,0.19360306859016418,0.1717730462551117,0.021830007
10854546,2.168451063,CANDIDATE,0.11798017,0.13094958662986755,0.1050107479095459,0.025938831
11568987,15.95995611,CANDIDATE,0.103114024,0.10458007454872131,0.10164797306060791,0.002932094
11507101,38.3775486,CANDIDATE,0.1462206,0.16640612483024597,0.12603506445884705,0.040371053
10272442,24.5434566,CANDIDATE,0.2106351,0.2683596611022949,0.152910515666008,0.11544915
11288051,13.82142084,CANDIDATE,0.17983055,0.20815050601959229,0.1515105962753296,0.056639925
10154388,12.06222962,CANDIDATE,0.25446615,0.3283027708530426,0.18062952160835266,0.14767325
11090556,2.7881793,CANDIDATE,0.15795858,0.19163033366203308,0.12428683787584305,0.06734349
10864656,52.5008645,CANDIDATE,0.1375894,0.15398192405700684,0.12119685858488083,0.032785073
11135308,1.877878538,CANDIDATE,0.22188146,0.2803620994091034,0.1634008288383484,0.11696128
10586208,23.58444746,CANDIDATE,0.20519483,0.2652142643928528,0.14517539739608765,0.12003888
10879038,4.8538404,CANDIDATE,0.10726384,0.13585379719734192,0.07867388427257538,0.057179905
11244682,3.490785878,CANDIDATE,0.073938675,0.12498205900192261,0.022895291447639465,0.10208677
11656918,62.1385979,CANDIDATE,0.046823125,0.07386276125907898,0.019783489406108856,0.05407927
10404582,37.8658964,CANDIDATE,0.09702846,0.11626699566841125,0.07778991758823395,0.038477078
11153539,4.49876511,CANDIDATE,0.2444856,0.3515070676803589,0.13746413588523865,0.21404293
10404582,37.8658964,CANDIDATE,0.28435454,0.36483630537986755,0.20387277007102966,0.16096352
10328458,2.352273912,CANDIDATE,0.14028862,0.1628722846508026,0.11770495772361755,0.045167327
10615440,10.8118317,CANDIDATE,0.14307642,0.18685954809188843,0.0992932990193367,0.08756624
11194032,28.51117639,CANDIDATE,0.056724884,0.0710541307926178,0.04239563271403313,0.028658502
11569782,2.787874175,CANDIDATE,0.07555171,0.09067168086767197,0.060431741178035736,0.03023994
11413812,5.65378163,CANDIDATE,0.20991206,0.2616501748561859,0.15817394852638245,0.10347624
10395381,17.6717714,CANDIDATE,0.27540627,0.327544629573822,0.22326791286468506,0.10427672
10973814,44.8520997,CANDIDATE,0.18849409,0.1946563869714737,0.18233178555965424,0.012324601
11403339,4.79029482,CANDIDATE,0.10865596,0.12014816701412201,0.09716375172138214,0.022984415
10157458,7.33685101,CANDIDATE,0.04568389,0.07277816534042358,0.01858961395919323,0.054188553
10018233,16.2959916,CANDIDATE,0.19634435,0.24411961436271667,0.14856907725334167,0.09555055
10684670,3.78861833,CANDIDATE,0.12231942,0.14426176249980927,0.10037708282470703,0.043884687
11611275,6.94245216,CANDIDATE,0.073375,0.08492900431156158,0.06182100251317024,0.023107998
11650401,3.94660745,CANDIDATE,0.27802104,0.388993501663208,0.16704857349395752,0.22194491
10793172,12.0999065,CANDIDATE,0.17737682,0.22421827912330627,0.13053536415100098,0.09368291
10854546,2.168451063,CANDIDATE,0.13923374,0.18040120601654053,0.09806626290082932,0.08233495
10905746,9.8786461,CANDIDATE,0.11862598,0.12098918855190277,0.1162627786397934,0.0047264174
11623629,81.737872,CANDIDATE,0.15908828,0.16064441204071045,0.15753215551376343,0.0031122714
11389771,2.508553286,CANDIDATE,0.062675,0.07104925811290741,0.054300736635923386,0.016748525
10528068,158.6850022,CANDIDATE,0.16413946,0.20093049108982086,0.12734843790531158,0.073582046
10019643,21.34736612,CANDIDATE,0.1117458,0.1177491843700409,0.10574240982532501,0.012006782
10797460,9.48803557,CANDIDATE,0.11953425,0.15126469731330872,0.08780378848314285,0.06346092
10657406,34.1732156,CANDIDATE,0.08135966,0.09800358861684799,0.06471573561429977,0.033287853
10878263,7.170710381,CANDIDATE,0.04804963,0.08368280529975891,0.012416452169418335,0.07126635
10583066,6.02930329,CANDIDATE,0.24157523,0.2584598958492279,0.22469055652618408,0.033769354
11449844,38.47876629,CANDIDATE,0.06510828,0.11051344871520996,0.019703105092048645,0.09081034
11509504,2.61576515,CANDIDATE,0.13147423,0.1468551903963089,0.11609326303005219,0.030761935
10676014,16.78175788,CANDIDATE,0.015248272,0.06410402059555054,0.0,0.097711496
10585738,0.636424848,CANDIDATE,0.092324704,0.10400646179914474,0.0806429460644722,0.023363516
10842192,9.33648141,CANDIDATE,0.047134276,0.060147400945425034,0.03412115201354027,0.026026249
11017901,7.794302043,CANDIDATE,0.11215474,0.13691282272338867,0.08739665150642395,0.04951617
10005788,10.99470891,CANDIDATE,0.074491724,0.09658268839120865,0.05240076035261154,0.044181928
11600889,0.669310092,CANDIDATE,0.0775114,0.10979066789150238,0.0452321358025074,0.06455853
10973664,5.40426917,CANDIDATE,0.059116237,0.09586659073829651,0.022365882992744446,0.07350071
10965008,81.1701587,CANDIDATE,0.08008262,0.12413541972637177,0.03602981194853783,0.08810561
10123064,4.243748097,CANDIDATE,0.05682586,0.06125803664326668,0.05239368602633476,0.008864351
10264660,6.790120801,CANDIDATE,0.04557486,0.08284309506416321,0.008306622505187988,0.07453647
10730034,2.633852528,CANDIDATE,0.09824195,0.11026805639266968,0.08621583878993988,0.024052225
10513530,16.54967098,CANDIDATE,0.10886219,0.14007578790187836,0.0776485949754715,0.062427185
10340423,18.79418506,CANDIDATE,0.13939822,0.22446538507938385,0.05433104932308197,0.17013434
11547513,5.317440164,CANDIDATE,0.14175867,0.15157940983772278,0.1319379210472107,0.019641481
11176127,10.47548084,CANDIDATE,0.23320366,0.3079186677932739,0.1584886610507965,0.14943
11189311,81.4160138,CANDIDATE,0.098404445,0.10052404552698135,0.09628484398126602,0.0042392015
11560897,35.9682692,CANDIDATE,0.1946333,0.23046089708805084,0.158805713057518,0.07165518
10552611,7.0106324,CANDIDATE,0.13083684,0.13458092510700226,0.12709276378154755,0.007488154
10024701,14.37504582,CANDIDATE,0.09022162,0.10643346607685089,0.07400977611541748,0.032423683
11565924,13.32191461,CANDIDATE,0.18538754,0.22561068832874298,0.1451643854379654,0.0804463
10328393,7.62635494,CANDIDATE,0.17156117,0.1799517273902893,0.16317060589790344,0.016781121
11254382,2.05388477,CANDIDATE,0.14077322,0.18251582980155945,0.09903060644865036,0.08348523
10863608,8.07127043,CANDIDATE,0.25250813,0.30449211597442627,0.20052415132522583,0.10396795
10006581,40.1097817,CANDIDATE,0.21026473,0.28740453720092773,0.1331249177455902,0.15427963
10526887,1.450889836,CANDIDATE,0.21140449,0.237741619348526,0.18506735563278198,0.05267428
10022908,6.99130452,CANDIDATE,0.09659025,0.1196935847401619,0.07348691672086716,0.046206668
10005788,10.99470891,CANDIDATE,0.14342304,0.17334133386611938,0.11350474506616592,0.05983658
10022908,6.99130452,CANDIDATE,0.20345527,0.2452680617570877,0.16164247691631317,0.08362559
11391018,30.360445359,CANDIDATE,0.047758922,0.061359141021966934,0.034158702939748764,0.027200438
11236244,11.32269749,CANDIDATE,0.054509457,0.08484910428524017,0.024169813841581345,0.060679287
11303322,38.1303324,CANDIDATE,0.18044603,0.2142479121685028,0.14664414525032043,0.06760378
10513530,16.54967098,CANDIDATE,0.27824727,0.3408171534538269,0.2156773805618286,0.12513977
11502867,3.217518511,CANDIDATE,0.044943944,0.08999629318714142,0.0,0.09010471
10790387,117.93110803,CANDIDATE,0.23163415,0.23997867107391357,0.2232896387577057,0.016689047
10779233,201.118319,CANDIDATE,0.11813572,0.12293623387813568,0.11333520710468292,0.009601019
11192998,7.650243513,CANDIDATE,0.16989483,0.17052432894706726,0.16926532983779907,0.0012589991
11014932,6.88595222,CANDIDATE,0.28313616,0.3740258812904358,0.1922464221715927,0.18177947
10098844,47.4497134,CANDIDATE,0.2522982,0.27451637387275696,0.2300800383090973,0.044436336
10965588,62.8917493,CANDIDATE,0.14027868,0.15695320069789886,0.12360416352748871,0.03334903
10857519,2.053341891,CANDIDATE,0.108217135,0.1167970597743988,0.09963721036911011,0.017159857
10063802,120.0183551,CANDIDATE,0.10082008,0.10642057657241821,0.09521958231925964,0.011200987
10063802,120.0183551,CANDIDATE,0.11837179,0.14051365852355957,0.0962299332022667,0.044283718
10975146,0.63133171,CANDIDATE,0.09553156,0.10658787935972214,0.08447524160146713,0.022112638
10386922,26.62941953,CANDIDATE,0.11197515,0.15973307192325592,0.0642172247171402,0.09551584
10330115,13.21409607,CANDIDATE,0.043640636,0.07554402202367783,0.011737249791622162,0.06380677
10604335,11.00817635,CANDIDATE,0.1143962,0.13342240452766418,0.09536998718976974,0.038052425
10070468,1.68189051,CANDIDATE,0.21759017,0.31305402517318726,0.12212631106376648,0.19092771
11037818,259.34304,CANDIDATE,0.27719584,0.36530473828315735,0.1890869438648224,0.1762178
10002866,3.936993144,CANDIDATE,0.08731229,0.1068791002035141,0.06774547696113586,0.039133616
11498128,106.247882,CANDIDATE,0.29983893,0.4138895273208618,0.1857883483171463,0.22810116
11650401,3.94660745,CANDIDATE,0.09984753,0.12610436975955963,0.07359069585800171,0.05251368
10272442,24.5434566,CANDIDATE,0.18203402,0.19707073271274567,0.1669972985982895,0.030073434
10793172,12.0999065,CANDIDATE,0.07648276,0.13720346987247467,0.015762045979499817,0.121441424
10272442,24.5434566,CANDIDATE,0.109556034,0.1167890727519989,0.10232299566268921,0.014466077
10089911,6.96704926,CANDIDATE,0.10399332,0.1435638666152954,0.06442277133464813,0.0791411
10063208,9.3281912,CANDIDATE,0.102160454,0.1452857255935669,0.05903518944978714,0.08625053
10973814,44.8520997,CANDIDATE,0.15399377,0.19141903519630432,0.11656849831342697,0.074850544
10028792,114.73658,CANDIDATE,0.047425088,0.06750264018774033,0.027347536757588387,0.0401551
11656918,62.1385979,CANDIDATE,0.26401028,0.36661067605018616,0.1614098846912384,0.20520079
11415243,168.81133,CANDIDATE,0.06232105,0.07086130976676941,0.05378079041838646,0.017080516
10010440,53.5991459,CANDIDATE,0.040121436,0.07817128300666809,0.0020715929567813873,0.07609969
11177676,47.0320478,CANDIDATE,0.15766555,0.17298613488674164,0.14234496653079987,0.030641168
10615440,10.8118317,CANDIDATE,0.1299426,0.16665533185005188,0.09322986751794815,0.07342546
11461433,1.916940872,CANDIDATE,0.28026494,0.28633683919906616,0.27419304847717285,0.012143776
10404582,37.8658964,CANDIDATE,0.3593174,0.37027353048324585,0.3483612537384033,0.021912307
11043167,44.9306706,CANDIDATE,0.25264704,0.2991349995136261,0.2061590850353241,0.09297593
10187017,16.145671932,CANDIDATE,0.24728115,0.29092150926589966,0.20364078879356384,0.087280735
10212441,15.0447098,CANDIDATE,0.17743403,0.20795851945877075,0.14690953493118286,0.061048992
10454632,20.16037858,CANDIDATE,0.052641112,0.0911622941493988,0.01411992684006691,0.07704237
10136549,9.69315023,CANDIDATE,0.26184687,0.324903666973114,0.1987900733947754,0.1261136
10468940,2.936527336,CANDIDATE,0.11547839,0.18195226788520813,0.04900450259447098,0.13294777
10616679,8.600099313,CANDIDATE,0.114912026,0.11641968041658401,0.11340437084436417,0.0030153096
10872983,11.09432054,CANDIDATE,0.34070325,0.4846489429473877,0.19675755500793457,0.2878914
10019643,21.34736612,CANDIDATE,0.2583737,0.31586208939552307,0.2008853256702423,0.11497678
10909127,3.17059731,CANDIDATE,0.19285892,0.19914847612380981,0.18656936287879944,0.012579113
10854546,2.168451063,CANDIDATE,0.24370371,0.2778654396533966,0.20954197645187378,0.06832346
10384798,38.505224,CANDIDATE,0.18579364,0.24430197477340698,0.12728530168533325,0.11701668
10714072,8.40693068,CANDIDATE,0.104315214,0.11732243001461029,0.09130799770355225,0.02601444
11337833,51.3011844,CANDIDATE,0.2162126,0.2445228546857834,0.18790234625339508,0.05662051
10154388,12.06222962,CANDIDATE,0.13858233,0.18218949437141418,0.09497517347335815,0.08721432
10055126,9.17617167,CANDIDATE,0.19065318,0.22807787358760834,0.15322847664356232,0.074849404
11090556,2.7881793,CANDIDATE,0.012368177,0.06782753765583038,0.0,0.11091872
11623629,81.737872,CANDIDATE,0.032980982,0.06872332096099854,0.0,0.071484685
10973814,44.8520997,CANDIDATE,0.13992533,0.14959460496902466,0.1302560567855835,0.019338563
11037511,3.11604194,CANDIDATE,0.17978862,0.18642818927764893,0.17314904928207397,0.013279125
10586208,23.58444746,CANDIDATE,0.23772703,0.2655017375946045,0.20995233952999115,0.055549383
10990917,11.04605365,CANDIDATE,0.10104093,0.11534088850021362,0.08674097061157227,0.02859991
10583066,6.02930329,CANDIDATE,0.15005833,0.15635667741298676,0.14375998079776764,0.012596697
11512246,7.10695741,CANDIDATE,0.23736954,0.2742403447628021,0.20049872994422913,0.07374163
10878263,7.170710381,CANDIDATE,0.054160915,0.08798477798700333,0.020337052643299103,0.067647725
10878263,7.170710381,CANDIDATE,0.06353646,0.06542596966028214,0.061646945774555206,0.003779024
10583066,6.02930329,CANDIDATE,0.2984992,0.39472663402557373,0.2022717446088791,0.1924549
11017901,7.794302043,CANDIDATE,0.0945615,0.10829837620258331,0.08082462847232819,0.02747374
10854768,10.1171684,CANDIDATE,0.1118874,0.11905045062303543,0.10472435504198074,0.014326096
10006581,40.1097817,CANDIDATE,0.14111625,0.16301977634429932,0.11921271681785583,0.043807052
10965008,81.1701587,CANDIDATE,0.08826401,0.11950524151325226,0.05702277645468712,0.06248247
11018648,32.62876672,CANDIDATE,0.08306668,0.12833406031131744,0.037799298763275146,0.09053476
11134879,4.30165843,CANDIDATE,0.06708292,0.09609419107437134,0.0380716472864151,0.058022548
10934674,16.54295261,CANDIDATE,0.12599275,0.1356566846370697,0.11632879823446274,0.019327894
11547513,5.317440164,CANDIDATE,0.1090047,0.1110384464263916,0.10697095096111298,0.0040674955
10141900,6.50327035,CANDIDATE,0.14514546,0.17032907903194427,0.11996184289455414,0.05036723
10552611,7.0106324,CANDIDATE,0.1369756,0.1474912464618683,0.12645995616912842,0.021031305
10965588,62.8917493,CANDIDATE,0.06079419,0.08600309491157532,0.03558528423309326,0.05041781
10552611,7.0106324,CANDIDATE,0.02884547,0.056563012301921844,0.0011279266327619553,0.055435088
11073351,2.820190603,CANDIDATE,0.08415206,0.11098146438598633,0.057322654873132706,0.053658806
11192998,7.650243513,CANDIDATE,0.1362219,0.1625421792268753,0.10990162193775177,0.05264055
10386922,26.62941953,CANDIDATE,0.111128844,0.15315067768096924,0.06910701096057892,0.084043674
10676014,16.78175788,CANDIDATE,0.052519944,0.09347550570964813,0.011564377695322037,0.08191113
10022908,6.99130452,CANDIDATE,0.13351578,0.15467987954616547,0.1123516708612442,0.04232821
10513530,16.54967098,CANDIDATE,0.21394582,0.2677117586135864,0.16017989814281464,0.10753185
10730070,7.61758198,CANDIDATE,0.104877405,0.11038069427013397,0.09937411546707153,0.011006586
10790387,117.93110803,CANDIDATE,0.1280484,0.1590840071439743,0.09701280295848846,0.062071204
10777591,6.10968225,CANDIDATE,0.24221148,0.3364781439304352,0.14794480800628662,0.18853335
11611600,1.219568047,CANDIDATE,0.10788229,0.15593110024929047,0.05983348563313484,0.09609761
10005788,10.99470891,CANDIDATE,0.1746607,0.17519530653953552,0.17412608861923218,0.0010692328
10790387,117.93110803,CANDIDATE,0.13367288,0.1513172686100006,0.11602848023176193,0.035288796
10350571,31.5925809,CANDIDATE,0.20342723,0.21127089858055115,0.1955835521221161,0.015687332
11502867,3.217518511,CANDIDATE,0.08089727,0.10465720295906067,0.05713734030723572,0.047519863
11414511,2.816504904,CANDIDATE,0.020125031,0.061677463352680206,0.0,0.083104864
10724369,55.6391882,CANDIDATE,0.228913,0.25040555000305176,0.2074204385280609,0.04298511
10975146,0.63133171,CANDIDATE,0.16183305,0.18540611863136292,0.13825997710227966,0.04714614
10063802,120.0183551,CANDIDATE,0.11029094,0.13854536414146423,0.08203651756048203,0.05650884
10975146,0.63133171,CANDIDATE,0.06338511,0.07560165971517563,0.05116855353116989,0.024433106
11192998,7.650243513,CANDIDATE,0.16295339,0.20026010274887085,0.1256466805934906,0.074613415
10024701,14.37504582,CANDIDATE,0.0984871,0.1219680905342102,0.07500611245632172,0.046961978
10545066,19.7830259,CANDIDATE,0.13613841,0.14618901908397675,0.12608779966831207,0.020101227
10328393,7.62635494,CANDIDATE,0.10490213,0.12663771212100983,0.08316655457019806,0.043471165
10064256,5.95958637,CANDIDATE,0.0059571033,0.050643399357795715,0.0,0.08937259
11153539,4.49876511,CANDIDATE,0.28284115,0.3680090010166168,0.19767329096794128,0.17033571
10615440,10.8118317,CANDIDATE,0.10167409,0.12767162919044495,0.07567655295133591,0.05199507
10010440,53.5991459,CANDIDATE,0.20549373,0.27180081605911255,0.13918666541576385,0.13261414
11414465,2.94194296,CANDIDATE,0.07431316,0.10725463181734085,0.04137168079614639,0.06588295
10028792,114.73658,CANDIDATE,0.17090409,0.1891288161277771,0.15267935395240784,0.036449462
11449844,38.47876629,CANDIDATE,0.11834761,0.12017028033733368,0.11652493476867676,0.0036453381
10910878,16.06864674,CANDIDATE,0.14558573,0.14562606811523438,0.14554539322853088,8.0659986e-05
10136549,9.69315023,CANDIDATE,0.28464487,0.4001893997192383,0.1691003441810608,0.23108906
10454632,20.16037858,CANDIDATE,0.037252013,0.06372478604316711,0.0107792429625988,0.05294554
10212441,15.0447098,CANDIDATE,0.064058356,0.07823535799980164,0.049881353974342346,0.028354004
11391957,8.35389523,CANDIDATE,0.18669571,0.213132843375206,0.16025857627391815,0.052874275
10854555,2.525591777,CANDIDATE,0.09539288,0.11785193532705307,0.07293383032083511,0.044918105
11461433,1.916940872,CANDIDATE,0.15441607,0.1678326427936554,0.14099949598312378,0.026833132
10253547,59.9809868,CANDIDATE,0.04352558,0.05877121165394783,0.028279948979616165,0.030491263
10253547,59.9809868,CANDIDATE,0.32730106,0.45395779609680176,0.20064431428909302,0.25331348
11121752,3.93083997,CANDIDATE,0.2512298,0.2823435366153717,0.2201160490512848,0.062227473
10002866,3.936993144,CANDIDATE,0.064799465,0.08561044931411743,0.043988484889268875,0.04162196
11507101,38.3775486,CANDIDATE,0.20457396,0.28371044993400574,0.12543746829032898,0.15827298
11394027,14.38682567,CANDIDATE,0.21100065,0.21962988376617432,0.20237141847610474,0.01725848
10858832,5.263415218,CANDIDATE,0.08299484,0.08520080149173737,0.08078888058662415,0.0044119135
10600955,65.6480892,CANDIDATE,0.36385295,0.44087541103363037,0.28683048486709595,0.15404491
10963242,6.1469956,CANDIDATE,0.25313845,0.3551926910877228,0.15108421444892883,0.20410846
11283615,1.289590179,CANDIDATE,0.15190019,0.16694049537181854,0.13685987889766693,0.030080609
10203349,17.14648756,CANDIDATE,0.19196764,0.2727402448654175,0.11119504272937775,0.16154519
10723750,50.79034648,CANDIDATE,0.09972967,0.10589824616909027,0.0935610979795456,0.012337141
11460462,5.03728033,CANDIDATE,0.17444377,0.19208088517189026,0.15680664777755737,0.035274237
10203349,17.14648756,CANDIDATE,0.31915957,0.43390515446662903,0.2044139802455902,0.22949117
11497977,4.79860021,CANDIDATE,0.27208316,0.32845762372016907,0.21570870280265808,0.112748936
11015108,39.30944096,CANDIDATE,0.13714874,0.1663137674331665,0.10798371583223343,0.058330044
11250587,7.256962446,CANDIDATE,0.19352378,0.20155012607574463,0.1854974329471588,0.016052678
10028535,0.663085361,CANDIDATE,0.11020898,0.12237641960382462,0.09804154187440872,0.024334878
11244137,2.03387483,CANDIDATE,0.25295573,0.3468638062477112,0.15904764831066132,0.18781617
10089911,6.96704926,CANDIDATE,0.12509978,0.12975138425827026,0.12044816464185715,0.009303227
11446443,2.470613377,CANDIDATE,0.035662606,0.07653798162937164,0.0,0.08175075
10937029,4.030466786,CANDIDATE,0.109312646,0.13265568017959595,0.08596961945295334,0.046686053
10937029,4.030466786,CANDIDATE,0.10235146,0.10382898151874542,0.1008739322423935,0.0029550493
11622600,82.5341188,CANDIDATE,0.16791598,0.1975494623184204,0.13828250765800476,0.059266962
11037511,3.11604194,CANDIDATE,0.16854279,0.201091930270195,0.13599364459514618,0.06509828
11259686,34.4359387,CANDIDATE,0.08816887,0.12839284539222717,0.04794488102197647,0.08044797
10717220,21.0907909,CANDIDATE,0.05996876,0.07390005886554718,0.0460374616086483,0.027862594
10094670,22.06402,CANDIDATE,0.14854667,0.16044828295707703,0.13664504885673523,0.023803249
11449844,38.47876629,CANDIDATE,0.09478294,0.09590186178684235,0.0936640202999115,0.002237834
11512246,7.10695741,CANDIDATE,0.23519917,0.31082868576049805,0.1595696359872818,0.15125906
11518142,240.7990472,CANDIDATE,0.24040644,0.32893872261047363,0.15187415480613708,0.17706457
11507101,38.3775486,CANDIDATE,0.24126486,0.3281055688858032,0.15442417562007904,0.17368138
11015323,34.18884323,CANDIDATE,0.15669014,0.18323835730552673,0.13014191389083862,0.05309646
10854546,2.168451063,CANDIDATE,0.17289439,0.17308630049228668,0.17270247638225555,0.0003838241
10158729,58.601926,CANDIDATE,0.041314837,0.060155101120471954,0.02247457206249237,0.03768053
10468940,2.936527336,CANDIDATE,0.10888043,0.11239859461784363,0.10536226630210876,0.007036321
10601284,5.349553819,CANDIDATE,0.30655923,0.4040282964706421,0.20909017324447632,0.19493811
10601284,5.349553819,CANDIDATE,0.17973287,0.2316945195198059,0.12777122855186462,0.1039233
10963065,2.465024332,CANDIDATE,0.12977396,0.1381281167268753,0.12141980230808258,0.016708307
10055126,9.17617167,CANDIDATE,0.1319671,0.16264674067497253,0.10128744691610336,0.0613593
11337833,51.3011844,CANDIDATE,0.1921603,0.20867818593978882,0.17564240097999573,0.03303577
11015108,39.30944096,CANDIDATE,0.13365968,0.14194506406784058,0.12537428736686707,0.016570762
11551692,7.834433676,CANDIDATE,0.03243401,0.05426013469696045,0.010607881471514702,0.043652255
10388286,1.682695938,CANDIDATE,0.085403256,0.08747987449169159,0.08332663774490356,0.0041532293
10714072,8.40693068,CANDIDATE,0.08024769,0.09374876320362091,0.06674662232398987,0.027002133
10549023,14.36270451,CANDIDATE,0.1922247,0.1933342069387436,0.19111518561840057,0.0022190213
10141900,6.50327035,CANDIDATE,0.24099195,0.27551451325416565,0.20646938681602478,0.06904514
10330115,13.21409607,CANDIDATE,0.067153566,0.10538268089294434,0.028924454003572464,0.07645822
10669994,2.71603664,CANDIDATE,0.21853341,0.2889842391014099,0.14808259904384613,0.14090163
10027323,5.92365747,CANDIDATE,0.10085441,0.1592528223991394,0.042455993592739105,0.116796836
11125613,9.99115241,CANDIDATE,0.11264636,0.11779262125492096,0.1075001060962677,0.010292523
11193263,6.91134223,CANDIDATE,0.10993797,0.11923614144325256,0.10063980519771576,0.018596344
10585852,8.57504983,CANDIDATE,0.18658471,0.21318216621875763,0.15998725593090057,0.053194918
10525077,11.006795,CANDIDATE,0.23850752,0.3115895390510559,0.16542550921440125,0.14616404
11122894,74.92768653,CANDIDATE,0.15337373,0.15471595525741577,0.15203151106834412,0.0026844442
10666592,2.204735417,CANDIDATE,0.052635014,0.08556471765041351,0.019705310463905334,0.06585941
11624249,1.82708193,CANDIDATE,0.12900938,0.1334763765335083,0.12454238533973694,0.008933999
10538176,12.69905011,CANDIDATE,0.22497685,0.2618057429790497,0.18814796209335327,0.07365778
11075429,23.9210408,CANDIDATE,0.19802487,0.23862826824188232,0.15742146968841553,0.08120679
11288505,19.80787763,CANDIDATE,0.3988246,0.516192615032196,0.2814565896987915,0.23473604
10330115,13.21409607,CANDIDATE,0.118856005,0.13089385628700256,0.10681815445423126,0.024075694
11075737,2.586639524,CANDIDATE,0.041993428,0.046771734952926636,0.03721512109041214,0.009556614
10723367,19.9865916,CANDIDATE,0.33105043,0.4709750711917877,0.1911257803440094,0.2798493
11285870,4.48494315,CANDIDATE,0.38443807,0.47041839361190796,0.2984577417373657,0.17196062
10748390,4.887803076,CANDIDATE,0.07176415,0.08332093060016632,0.06020736321806908,0.023113571
10924562,18.6052046,CANDIDATE,0.1077744,0.15429633855819702,0.06125246360898018,0.09304387
10190777,1.411230023,CANDIDATE,0.08217006,0.12375499308109283,0.04058513045310974,0.08316986
10978763,4.97760447,CANDIDATE,0.04825269,0.06899131834506989,0.027514059096574783,0.041477263
11133306,41.74598855,CANDIDATE,0.22853023,0.25823143124580383,0.1988290250301361,0.059402406
10587105,1.980356674,CANDIDATE,0.09291473,0.10744897276163101,0.07838048785924911,0.029068485
10730070,7.61758198,CANDIDATE,0.12299662,0.13449697196483612,0.11149626970291138,0.023000702
11129258,25.384175,CANDIDATE,0.04049759,0.05778428167104721,0.023210899904370308,0.03457338
10513530,16.54967098,CANDIDATE,0.12922221,0.14108029007911682,0.11736413836479187,0.023716152
10350571,31.5925809,CANDIDATE,0.13605627,0.16387280821800232,0.10823974758386612,0.055633053
10453588,68.8861017,CANDIDATE,0.25626212,0.3183969557285309,0.19412729144096375,0.12426967
10130039,12.75800092,CANDIDATE,0.051307388,0.05499262735247612,0.04762214794754982,0.0073704794
10005788,10.99470891,CANDIDATE,0.17205288,0.1891930103302002,0.15491273999214172,0.034280285
10619192,1.485710994,CANDIDATE,0.074035995,0.11009599268436432,0.03797599673271179,0.072119996
11611600,1.219568047,CANDIDATE,0.18040179,0.22862692177295685,0.13217665255069733,0.09645026
10777591,6.10968225,CANDIDATE,0.1321724,0.19755685329437256,0.0667879581451416,0.1307689
10019065,52.6298542,CANDIDATE,0.09929486,0.10824595391750336,0.09034377336502075,0.017902173
11259686,34.4359387,CANDIDATE,0.10275487,0.1076725572347641,0.0978371798992157,0.009835377
11517719,2.495780169,CANDIDATE,0.028147807,0.05965006351470947,0.0,0.063004516
11193263,6.91134223,CANDIDATE,0.22777468,0.30611979961395264,0.1494295597076416,0.15669023
10059645,6.49441464,CANDIDATE,0.21721824,0.24368390440940857,0.1907525658607483,0.05293134
10718726,3.595769013,CANDIDATE,0.30220217,0.37338346242904663,0.23102086782455444,0.14236258
11624249,1.82708193,CANDIDATE,0.1291679,0.13967907428741455,0.11865672469139099,0.021022357
11554435,9.43414171,CANDIDATE,0.035658404,0.05907892435789108,0.01223788596689701,0.046841037
10531955,2.344512589,CANDIDATE,0.16387156,0.20525620877742767,0.1224869042634964,0.08276931
10722485,7.84931877,CANDIDATE,0.26031113,0.36182644963264465,0.1587958037853241,0.20303063
11402995,10.06083238,CANDIDATE,0.22246712,0.2761423587799072,0.16879187524318695,0.1073505
10290666,5.45849914,CANDIDATE,0.1588639,0.1961844265460968,0.12154337763786316,0.07464105
11455428,22.1270885,CANDIDATE,0.11716128,0.12269347906112671,0.11162908375263214,0.011064403
10318874,2.508057497,CANDIDATE,0.098929584,0.10203363001346588,0.09582553803920746,0.0062080994
11127479,2.12821621,CANDIDATE,0.11880125,0.12266863882541656,0.11493386328220367,0.007734768
10669994,2.71603664,CANDIDATE,0.11191551,0.12313877791166306,0.10069223493337631,0.022446543
11651712,14.53260546,CANDIDATE,0.1570319,0.19487228989601135,0.1191914975643158,0.075680785
10132832,16.07673148,CANDIDATE,0.058607414,0.0726504847407341,0.044564343988895416,0.02808614
10730703,5.60013327,CANDIDATE,0.19668528,0.21080021560192108,0.18257035315036774,0.028229862
10656823,8.30783912,CANDIDATE,0.07690513,0.08604509383440018,0.06776516884565353,0.018279925
10020423,7.448375935,FALSE_POSITIVE,0.01664763,0.05805979669094086,0.0,0.082824335
10000941,2.5738437,CANDIDATE,0.12132644,0.1255318820476532,0.11712098866701126,0.008410901
11126381,33.7888028,CANDIDATE,0.03753728,0.08839838206768036,0.0,0.1017222
10386984,1.287076693,CANDIDATE,0.15511431,0.18677732348442078,0.12345129251480103,0.06332602
10864531,83.4887405,CANDIDATE,0.08844892,0.11120293289422989,0.0656949058175087,0.045508027
11129258,25.384175,CANDIDATE,0.10618937,0.11881321668624878,0.09356552362442017,0.025247693
11125797,58.1263775,CANDIDATE,0.06961854,0.07272549718618393,0.06651157885789871,0.0062139183
10843590,18.87022157,CANDIDATE,0.1461579,0.1600983887910843,0.1322174221277237,0.02788096
11284772,4.50158249,CANDIDATE,0.13609715,0.13996587693691254,0.13222841918468475,0.0077374503
10454632,20.16037858,CANDIDATE,0.11713216,0.12235475331544876,0.11190956085920334,0.010445192
11601584,51.8098276,CANDIDATE,0.2812745,0.3207031190395355,0.24184587597846985,0.07885726
10212441,15.0447098,CANDIDATE,0.14362955,0.18087370693683624,0.10638539493083954,0.074488305
11554435,9.43414171,CANDIDATE,0.114316665,0.15833663940429688,0.07029668986797333,0.08803996
10600261,52.8148051,CANDIDATE,0.17918219,0.23861859738826752,0.11974577605724335,0.11887282
11495458,10.45839865,CANDIDATE,0.08418512,0.09692390263080597,0.07144634425640106,0.025477566
10904857,3.120828136,CANDIDATE,0.028387863,0.07327474653720856,0.0,0.08977377
10904857,3.120828136,CANDIDATE,0.055006854,0.07095928490161896,0.03905442729592323,0.031904854
10744335,4.59726613,CANDIDATE,0.23379591,0.30632227659225464,0.16126954555511475,0.14505273
10599206,18.42794957,CANDIDATE,0.15119019,0.15123295783996582,0.15114742517471313,8.554757e-05
10577994,8.1808949,CANDIDATE,0.2571625,0.3219850957393646,0.1923399269580841,0.12964517
11304958,41.43958662,CANDIDATE,0.10544601,0.12008598446846008,0.0908060371875763,0.029279955
11455428,22.1270885,CANDIDATE,0.07060698,0.07222874462604523,0.06898520886898041,0.0032435283
10978763,4.97760447,CANDIDATE,0.06362956,0.06758061051368713,0.05967850983142853,0.007902101
10468885,0.664074145,CANDIDATE,0.0944392,0.1282937228679657,0.06058467924594879,0.06770904
10386984,1.287076693,CANDIDATE,0.14659405,0.16857114434242249,0.12461694329977036,0.04395421
10723367,19.9865916,CANDIDATE,0.17248742,0.19711753726005554,0.14785730838775635,0.049260236
11410904,3.53232429,CANDIDATE,0.038122334,0.08228012919425964,0.0,0.08831559
11401755,16.23191704,CANDIDATE,0.21017034,0.23223328590393066,0.18810740113258362,0.0441259
11499228,19.7919389,CANDIDATE,0.16528584,0.18448276817798615,0.14608891308307648,0.038393863
10905239,3.487688776,CANDIDATE,0.07093394,0.10573916137218475,0.03612871095538139,0.069610454
11612280,9.4061364,CANDIDATE,0.20367703,0.24210132658481598,0.16525273025035858,0.076848604
10285631,18.68405716,CANDIDATE,0.20248137,0.2063484787940979,0.19861426949501038,0.0077342093
10916600,5.57654782,CANDIDATE,0.12592803,0.14132729172706604,0.11052875965833664,0.03079854
10360722,163.692336,CANDIDATE,0.324433,0.4149412512779236,0.2339247316122055,0.18101653
11037335,40.7150498,CANDIDATE,0.14138028,0.1856323629617691,0.09712819755077362,0.08850417
10963242,6.1469956,CANDIDATE,0.15923883,0.16545778512954712,0.15301987528800964,0.012437925
10337517,7.053934488,CANDIDATE,0.26753747,0.2898043394088745,0.24527060985565186,0.044533715
11414465,2.94194296,CANDIDATE,0.06799781,0.12959933280944824,0.006396286189556122,0.123203054
10489206,4.164384505,CANDIDATE,0.07214755,0.09358881413936615,0.05070628225803375,0.042882532
11027624,394.6249514,CANDIDATE,0.20754252,0.26199325919151306,0.15309177339076996,0.10890149
11086270,12.69104387,CANDIDATE,0.21983342,0.3082008361816406,0.13146600127220154,0.17673483
10153855,1.06378861,CANDIDATE,0.02095254,0.06043263524770737,0.0,0.078960195
10329835,1.52373073,CANDIDATE,0.15140244,0.1570950448513031,0.1457098424434662,0.011385202
11508644,14.2563272,CANDIDATE,0.27393746,0.382207453250885,0.16566748917102814,0.21653995
11551692,7.834433676,CANDIDATE,0.056986775,0.0613960437476635,0.05257750675082207,0.008818537
10916600,5.57654782,CANDIDATE,0.085138604,0.1028076708316803,0.0674695372581482,0.035338134
10963065,2.465024332,CANDIDATE,0.118104674,0.1399977207183838,0.09621162712574005,0.043786086
10554999,6.400157105,CANDIDATE,0.12121432,0.1414257287979126,0.10100291669368744,0.040422812
10080248,14.8783945,CANDIDATE,0.12879872,0.13700231909751892,0.12059512734413147,0.016407184
10337517,7.053934488,CANDIDATE,0.3046084,0.4074244797229767,0.20179232954978943,0.20563214
10094670,22.06402,CANDIDATE,0.20231833,0.20752176642417908,0.19711488485336304,0.010406882
10717220,21.0907909,CANDIDATE,0.1063747,0.1359003633260727,0.07684904336929321,0.059051313
10024051,0.577369336,CANDIDATE,0.23195818,0.282909095287323,0.1810072660446167,0.10190183
11253827,88.5122014,CANDIDATE,0.10127191,0.13564197719097137,0.06690184772014618,0.06874013
11656246,18.11473813,CANDIDATE,0.074323356,0.12492486834526062,0.023721840232610703,0.10120303
11253827,88.5122014,CANDIDATE,0.080203876,0.08752728998661041,0.07288046181201935,0.014646828
11450414,12.7983174,CANDIDATE,0.18127248,0.237762913107872,0.12478204071521759,0.112980865
11450414,12.7983174,CANDIDATE,0.31931323,0.41893744468688965,0.2196890264749527,0.1992484
10670119,14.87149773,CANDIDATE,0.04941639,0.05455281585454941,0.04427996277809143,0.010272853
10722485,7.84931877,CANDIDATE,0.29557207,0.3866092264652252,0.20453491806983948,0.18207431
10122255,27.6652847,CANDIDATE,0.15759724,0.1873251497745514,0.12786933779716492,0.059455805
11254382,2.05388477,CANDIDATE,0.0704029,0.09198886156082153,0.04881693050265312,0.043171935
10122255,27.6652847,CANDIDATE,0.21462631,0.24847617745399475,0.180776447057724,0.06769973
11303322,38.1303324,CANDIDATE,0.15598314,0.17266005277633667,0.1393062174320221,0.033353843
10020423,7.448375935,FALSE_POSITIVE,0.017811405,0.06047558784484863,0.0,0.08532837
11391018,30.360445359,CANDIDATE,0.08671373,0.10213350504636765,0.07129395753145218,0.030839548
10656823,8.30783912,CANDIDATE,0.13226716,0.1685791313648224,0.09595518559217453,0.07262395
10289119,16.10474503,CANDIDATE,0.20550627,0.2398509681224823,0.17116156220436096,0.06868939
10965588,62.8917493,CANDIDATE,0.11649993,0.1316443532705307,0.10135550796985626,0.030288853
10779233,201.118319,CANDIDATE,0.10113786,0.13030463457107544,0.07197108119726181,0.05833356
11241912,14.42735088,CANDIDATE,0.113558784,0.12076430767774582,0.106353260576725,0.014411047
10059645,6.49441464,CANDIDATE,0.18592957,0.22380287945270538,0.1480562537908554,0.07574663
11259686,34.4359387,CANDIDATE,0.13224009,0.13542398810386658,0.1290561854839325,0.0063678026
10026502,101.952048,CANDIDATE,0.33011702,0.4766911268234253,0.18354292213916779,0.2931482
10982872,4.761705895,CANDIDATE,0.06397676,0.07100310921669006,0.0569504089653492,0.0140526965
11521793,27.08239734,CANDIDATE,0.061979286,0.06535233557224274,0.05860624089837074,0.006746091
10925104,8.041347775,CANDIDATE,0.02500623,0.04785841703414917,0.0021540429443120956,0.045704376
11236244,11.32269749,CANDIDATE,0.10595343,0.11219873279333115,0.09970813244581223,0.0124906
10068659,11.47685263,CANDIDATE,0.20505063,0.23076437413692474,0.17933689057826996,0.051427484
10272640,3.770551475,CANDIDATE,0.060471613,0.08200150728225708,0.03894171863794327,0.043059792
10842192,9.33648141,CANDIDATE,0.022469241,0.06830842792987823,0.0,0.09167837
10464050,4.469754641,CANDIDATE,0.119800426,0.12321643531322479,0.11638441681861877,0.0068320185
11176127,10.47548084,CANDIDATE,0.18120758,0.23936837911605835,0.12304679304361343,0.11632158
10744335,4.59726613,CANDIDATE,0.17019892,0.20047931373119354,0.1399185210466385,0.0605608
11308499,3.28192056,CANDIDATE,0.14043017,0.1554463803768158,0.1254139542579651,0.030032434
11074178,14.30517579,CANDIDATE,0.10727539,0.12691465020179749,0.08763612061738968,0.039278537
10600261,52.8148051,CANDIDATE,0.09008784,0.09120626747608185,0.0889694094657898,0.0022368655
10089911,6.96704926,CANDIDATE,0.07695651,0.09829996526241302,0.05561305582523346,0.04268691
10064256,5.95958637,CANDIDATE,0.0900531,0.0941118597984314,0.08599433302879333,0.008117534
11241912,14.42735088,CANDIDATE,0.15312262,0.18515421450138092,0.12109102308750153,0.064063184
10591855,1.574090323,CANDIDATE,0.23651817,0.25159862637519836,0.2214377224445343,0.030160904
10123064,4.243748097,CANDIDATE,0.08031199,0.10876420885324478,0.0518597736954689,0.056904435
10577994,8.1808949,CANDIDATE,0.20463385,0.24384306371212006,0.1654246300458908,0.07841843
11304958,41.43958662,CANDIDATE,0.04021181,0.0865669921040535,0.0,0.09271036
10599206,18.42794957,CANDIDATE,0.2950321,0.39898478984832764,0.19107945263385773,0.20790532
10340423,18.79418506,CANDIDATE,0.22608465,0.26688358187675476,0.18528571724891663,0.08159788
11360805,26.7838935,CANDIDATE,0.1387748,0.13920994102954865,0.13833965361118317,0.00087029487
10593626,289.864067,CANDIDATE,0.07270041,0.10617567598819733,0.03922514617443085,0.06695053
10676014,16.78175788,CANDIDATE,0.117208995,0.12052597850561142,0.11389201134443283,0.006633967
10864531,83.4887405,CANDIDATE,0.02778812,0.0617801770567894,0.0,0.06798411
11521793,27.08239734,CANDIDATE,0.21763636,0.2747679352760315,0.1605047881603241,0.11426315
11403389,45.0909201,CANDIDATE,0.092171215,0.13582992553710938,0.04851250350475311,0.08731742
10329196,85.7567919,CANDIDATE,0.3224817,0.4169941544532776,0.2279692441225052,0.1890249
10964440,19.12947603,CANDIDATE,0.19233055,0.22737020254135132,0.15729090571403503,0.070079304
11298298,5.248667607,CANDIDATE,0.06032306,0.06277061998844147,0.05787550285458565,0.0048951134
11298298,5.248667607,CANDIDATE,0.025765216,0.06865522265434265,0.0,0.08578002
11086270,12.69104387,CANDIDATE,0.19111863,0.23988713324069977,0.14235012233257294,0.09753701
11389771,2.508553286,CANDIDATE,0.1371408,0.14969053864479065,0.12459105998277664,0.025099471
11401182,0.927859786,CANDIDATE,0.081919,0.08501541614532471,0.07882258296012878,0.006192833
11080405,25.1933989,CANDIDATE,0.22150628,0.30618900060653687,0.13682356476783752,0.16936544
10810838,56.35407916,CANDIDATE,0.2525005,0.2783381938934326,0.22666281461715698,0.051675364
10057494,2.41810158,CANDIDATE,0.10599758,0.12030003219842911,0.09169512242078781,0.02860491
11612280,9.4061364,CANDIDATE,0.15220718,0.15554773807525635,0.14886662364006042,0.006681107
11453592,2.8867624,CANDIDATE,0.1004408,0.11511822044849396,0.08576337993144989,0.029354833
10857519,2.053341891,CANDIDATE,0.12595043,0.13085293769836426,0.12104791402816772,0.009805024
11189311,81.4160138,CANDIDATE,0.059897367,0.08432644605636597,0.03546828776597977,0.048858162
10905239,3.487688776,CANDIDATE,0.07967576,0.08285833150148392,0.07649318128824234,0.00636515
10018233,16.2959916,CANDIDATE,0.072014764,0.08462891727685928,0.059400610625743866,0.025228307
10604335,11.00817635,CANDIDATE,0.08176548,0.08182583749294281,0.08170512318611145,0.000120706856
10797460,9.48803557,CANDIDATE,0.19776358,0.2086138278245926,0.18691332638263702,0.021700501
11497958,5.841636615,CANDIDATE,0.21888591,0.23090875148773193,0.20686307549476624,0.02404569
10266615,10.94026745,CANDIDATE,0.07465297,0.10304853320121765,0.04625740647315979,0.056791127
10793172,12.0999065,CANDIDATE,0.28917125,0.386481910943985,0.19186058640480042,0.19462132
10454313,4.221626193,CANDIDATE,0.118343376,0.14219680428504944,0.0944899469614029,0.047706857
10984090,3.709214104,CANDIDATE,0.16228029,0.1687387079000473,0.15582187473773956,0.012916833
11493431,2.343230566,CANDIDATE,0.15861657,0.19928637146949768,0.11794677376747131,0.081339605
11614617,24.7577652,CANDIDATE,0.13143174,0.13548064231872559,0.12738284468650818,0.00809779
10024051,0.577369336,CANDIDATE,0.076684274,0.0970631018280983,0.05630544573068619,0.040757656
11090556,2.7881793,CANDIDATE,0.1818948,0.2575361728668213,0.10625343024730682,0.15128273
10001368,4.76831033,CANDIDATE,0.120825484,0.13232609629631042,0.1093248650431633,0.023001239
11569782,2.787874175,CANDIDATE,0.07278677,0.09451387822628021,0.05105965957045555,0.043454222
11568987,15.95995611,CANDIDATE,0.103261165,0.11490802466869354,0.09161430597305298,0.023293726
10670119,14.87149773,CANDIDATE,0.03530039,0.0803336575627327,0.0,0.09006654
11656246,18.11473813,CANDIDATE,0.25678474,0.34138673543930054,0.17218275368213654,0.16920397
10990917,11.04605365,CANDIDATE,0.19158539,0.24076028168201447,0.1424105018377304,0.09834977
11337372,6.53194024,CANDIDATE,0.25470704,0.3375885486602783,0.17182552814483643,0.16576304
11194032,28.51117639,CANDIDATE,0.053167153,0.056096628308296204,0.05023767799139023,0.0058589503
10384798,38.505224,CANDIDATE,0.16948965,0.2143387496471405,0.1246405616402626,0.08969818
11244682,3.490785878,CANDIDATE,0.041560505,0.061281997710466385,0.02183901146054268,0.039442986
11361646,7.97420583,CANDIDATE,0.15037882,0.19244295358657837,0.10831469297409058,0.08412826
10616679,8.600099313,CANDIDATE,0.0354236,0.0524182990193367,0.018428897485136986,0.033989403
11135308,1.877878538,CANDIDATE,0.24943322,0.36264073848724365,0.13622568547725677,0.22641507
10857519,2.053341891,CANDIDATE,0.10820356,0.10895712673664093,0.10744999349117279,0.0015071332
11189311,81.4160138,CANDIDATE,0.111613706,0.11822427809238434,0.10500313341617584,0.013221145
10328458,2.352273912,CANDIDATE,0.13457517,0.17496584355831146,0.0941845029592514,0.08078133
11403339,4.79029482,CANDIDATE,0.16420768,0.1989758163690567,0.1294395476579666,0.06953626
10395381,17.6717714,CANDIDATE,0.12704599,0.1643790453672409,0.08971293270587921,0.074666105
11413812,5.65378163,CANDIDATE,0.3294502,0.4373675286769867,0.22153285145759583,0.21583468
10653179,47.1607932,CANDIDATE,0.06966268,0.09321308135986328,0.046112287789583206,0.04710079
11455428,22.1270885,CANDIDATE,0.036265787,0.08235543221235275,0.0,0.09217929
11241912,14.42735088,CANDIDATE,0.22680648,0.23123297095298767,0.22237998247146606,0.008853003
10599206,18.42794957,CANDIDATE,0.1464756,0.19556334614753723,0.09738785028457642,0.0981755
11176127,10.47548084,CANDIDATE,0.22908072,0.27568137645721436,0.1824800670146942,0.093201295
10122255,27.6652847,CANDIDATE,0.2283314,0.3120426833629608,0.1446201205253601,0.16742258
10925104,8.041347775,CANDIDATE,0.0983313,0.0996098443865776,0.09705276042222977,0.002557084
10187159,7.96431492,CANDIDATE,0.07587982,0.07819005846977234,0.07356958091259003,0.0046204776
10024701,14.37504582,CANDIDATE,0.08285961,0.10371793061494827,0.062001295387744904,0.041716635
10600261,52.8148051,CANDIDATE,0.28560823,0.38856008648872375,0.18265637755393982,0.2059037
10064256,5.95958637,CANDIDATE,0.04470804,0.10131023824214935,0.0,0.11320439
11521793,27.08239734,CANDIDATE,0.13691676,0.16142524778842926,0.11240826547145844,0.04901699
10724369,55.6391882,CANDIDATE,0.09775884,0.12853744626045227,0.06698023527860641,0.061557204
11554435,9.43414171,CANDIDATE,0.1158891,0.13197703659534454,0.09980116784572601,0.03217587
11414511,2.816504904,CANDIDATE,0.012649831,0.06514979153871536,0.0,0.104999915
10873260,5.852968845,CANDIDATE,0.024874857,0.054098471999168396,0.0,0.058447234
11129738,2.613020421,CANDIDATE,0.13659194,0.16233175992965698,0.11085211485624313,0.051479653
10059645,6.49441464,CANDIDATE,0.1506582,0.160601407289505,0.14071500301361084,0.01988639
11308499,3.28192056,CANDIDATE,0.08893498,0.09739241749048233,0.08047754317522049,0.016914874
10599206,18.42794957,CANDIDATE,0.26466894,0.37659624218940735,0.15274164080619812,0.2238546
11308499,3.28192056,CANDIDATE,0.05558157,0.06537820398807526,0.04578493908047676,0.019593261
10854768,10.1171684,CANDIDATE,0.2219331,0.2680553197860718,0.17581087350845337,0.09224443
10386984,1.287076693,CANDIDATE,0.122298256,0.16144701838493347,0.0831495001912117,0.07829751
10329196,85.7567919,CANDIDATE,0.25153986,0.30795782804489136,0.1951218992471695,0.11283592
10591855,1.574090323,CANDIDATE,0.16138858,0.1675555408000946,0.1552216112613678,0.01233393
10591855,1.574090323,CANDIDATE,0.16559266,0.1821230947971344,0.14906221628189087,0.03306087
10600261,52.8148051,CANDIDATE,0.09013489,0.10108146071434021,0.07918831706047058,0.021893136
11134879,4.30165843,CANDIDATE,0.10990685,0.13354641199111938,0.08626729249954224,0.047279112
10593626,289.864067,CANDIDATE,0.18547803,0.19190803170204163,0.17904803156852722,0.01286
10863608,8.07127043,CANDIDATE,0.075740844,0.07760626822710037,0.07387541979551315,0.0037308484
10987985,16.01308419,CANDIDATE,0.052505717,0.055203888565301895,0.04980754479765892,0.005396344
10006581,40.1097817,CANDIDATE,0.1184888,0.12807714939117432,0.10890046507120132,0.019176677
11074178,14.30517579,CANDIDATE,0.11512623,0.1183519959449768,0.1119004637002945,0.0064515397
11403389,45.0909201,CANDIDATE,0.121644184,0.14524134993553162,0.09804701805114746,0.047194324
11403389,45.0909201,CANDIDATE,0.12687656,0.13110551238059998,0.12264762073755264,0.008457884
10059645,6.49441464,CANDIDATE,0.17683151,0.21368005871772766,0.13998296856880188,0.07369709
11032227,7.19304935,CANDIDATE,0.1606353,0.19870340824127197,0.12256720662117004,0.076136194
11236244,11.32269749,CANDIDATE,0.19361594,0.2779603898525238,0.10927149653434753,0.1686889
10068659,11.47685263,CANDIDATE,0.2798494,0.3298742473125458,0.22982457280158997,0.10004969
10272640,3.770551475,CANDIDATE,0.075024225,0.09999799728393555,0.05005045235157013,0.049947545
11298298,5.248667607,CANDIDATE,0.2097674,0.27214887738227844,0.14738592505455017,0.124762945
11656246,18.11473813,CANDIDATE,0.06040409,0.0916537493467331,0.029154429212212563,0.06249932
10984090,3.709214104,CANDIDATE,0.07461268,0.07994723320007324,0.06927812099456787,0.01066912
11444514,66.373298,CANDIDATE,0.17877491,0.19645056128501892,0.16109925508499146,0.03535132
11358389,10.66489514,CANDIDATE,0.13231398,0.17547471821308136,0.0891532450914383,0.08632148
11348997,5.132486123,CANDIDATE,0.14902198,0.1658659726381302,0.13217799365520477,0.033687986
10909127,3.17059731,CANDIDATE,0.15482493,0.17364023625850677,0.13600961863994598,0.03763061
11569782,2.787874175,CANDIDATE,0.08758575,0.09837056696414948,0.07680092751979828,0.02156964
11656721,13.64617478,CANDIDATE,0.113859825,0.1376214325428009,0.09009820967912674,0.04752323
10810838,56.35407916,CANDIDATE,0.18093626,0.2175290286540985,0.14434349536895752,0.07318552
10810838,56.35407916,CANDIDATE,0.120721295,0.17078138887882233,0.07066120207309723,0.10012019
10990917,11.04605365,CANDIDATE,0.10270665,0.11972065269947052,0.0856926441192627,0.034028016
11194032,28.51117639,CANDIDATE,0.04662501,0.06856624782085419,0.024683771654963493,0.043882478
11401182,0.927859786,CANDIDATE,0.13206553,0.16944491863250732,0.09468614310026169,0.07475878
11080405,25.1933989,CANDIDATE,0.17304933,0.2747090756893158,0.0713895931839943,0.20331948
10384798,38.505224,CANDIDATE,0.1468624,0.1550021916627884,0.13872261345386505,0.016279586
10653179,47.1607932,CANDIDATE,0.03539224,0.0646156445145607,0.00616883672773838,0.058446806
10933561,31.51779463,CANDIDATE,0.23210438,0.3140665888786316,0.1501421481370926,0.16392446
10616679,8.600099313,CANDIDATE,0.06644961,0.08749896287918091,0.045400265604257584,0.042098694
11019987,6.9131732,CANDIDATE,0.038090874,0.07607877999544144,0.0001029670238494873,0.07597581
10857519,2.053341891,CANDIDATE,0.11482091,0.11905424296855927,0.11058758199214935,0.0084666535
10154388,12.06222962,CANDIDATE,0.1302314,0.14724239706993103,0.11322039365768433,0.034021996
10964440,19.12947603,CANDIDATE,0.118879355,0.12764917314052582,0.11010953783988953,0.017539628
11497958,5.841636615,CANDIDATE,0.1816294,0.18206101655960083,0.18119779229164124,0.00086323917
10471515,3.7847507,CANDIDATE,0.09833909,0.11541014909744263,0.08126802742481232,0.034142114
11037818,259.34304,CANDIDATE,0.23529127,0.27911341190338135,0.19146914780139923,0.08764426
10070468,1.68189051,CANDIDATE,0.055831403,0.09159364551305771,0.02006915956735611,0.071524486
11656246,18.11473813,CANDIDATE,0.15394004,0.18507590889930725,0.12280416488647461,0.062271737
10004738,56.4758069,CANDIDATE,0.06848704,0.08573068678379059,0.05124339461326599,0.034487292
11572193,10.6761592,CANDIDATE,0.11188243,0.14941395819187164,0.07435090839862823,0.07506305
10337517,7.053934488,CANDIDATE,0.11089964,0.1266496479511261,0.09514963626861572,0.031500004
11361646,7.97420583,CANDIDATE,0.19331568,0.2138524353504181,0.1727789342403412,0.0410735
10265898,1.260258822,CANDIDATE,0.11937815,0.1363709270954132,0.10238536447286606,0.03398557
10858691,1.796320953,CANDIDATE,0.2002708,0.2598884701728821,0.1406531184911728,0.11923537
10990886,11.023474798,CANDIDATE,0.14003542,0.14498001337051392,0.13509082794189453,0.009889185
11153121,14.97031664,CANDIDATE,0.10129982,0.10557237267494202,0.09702727198600769,0.008545108
11650401,3.94660745,CANDIDATE,0.121296614,0.19250747561454773,0.05008576065301895,0.14242171
11337372,6.53194024,CANDIDATE,0.22450079,0.3317907154560089,0.11721086502075195,0.21457985
10916600,5.57654782,CANDIDATE,0.16492292,0.19877570867538452,0.13107013702392578,0.06770558
10018233,16.2959916,CANDIDATE,0.11331134,0.1332436203956604,0.09337906539440155,0.039864555
10604335,11.00817635,CANDIDATE,0.1255924,0.12735161185264587,0.12383317202329636,0.0035184473
11189311,81.4160138,CANDIDATE,0.086492725,0.10337725281715393,0.06960819661617279,0.033769056
11460018,4.280963604,CANDIDATE,0.087921284,0.12187083065509796,0.05397174134850502,0.067899086
11554435,9.43414171,CANDIDATE,0.09232219,0.11984303593635559,0.06480135023593903,0.055041686
10000941,2.5738437,CANDIDATE,0.02318182,0.058924198150634766,0.0,0.07148475
11126381,33.7888028,CANDIDATE,0.16225897,0.1814698427915573,0.14304809272289276,0.03842175
11521793,27.08239734,CANDIDATE,0.12681274,0.13397306203842163,0.11965242028236389,0.014320642
10587105,1.980356674,CANDIDATE,0.14084974,0.1760254204273224,0.10567405819892883,0.07035136
11127479,2.12821621,CANDIDATE,0.1606654,0.1839335709810257,0.13739721477031708,0.046536364
11288505,19.80787763,CANDIDATE,0.31842852,0.41929614543914795,0.21756088733673096,0.20173526
11285870,4.48494315,CANDIDATE,0.17302153,0.1931418627500534,0.15290118753910065,0.040240675
11284772,4.50158249,CANDIDATE,0.18938069,0.20738795399665833,0.1713734269142151,0.036014542
11259686,34.4359387,CANDIDATE,0.12313122,0.14107096195220947,0.10519148409366608,0.035879478
10718726,3.595769013,CANDIDATE,0.11419066,0.12514615058898926,0.10323517769575119,0.021910965
11402995,10.06083238,CANDIDATE,0.30704197,0.4025593400001526,0.2115246206521988,0.1910347
11187436,5.90741476,CANDIDATE,0.07076131,0.09287822246551514,0.04864439740777016,0.04423382
10873260,5.852968845,CANDIDATE,0.1762256,0.18710443377494812,0.16534677147865295,0.021757677
11495458,10.45839865,CANDIDATE,0.09983858,0.11636451631784439,0.08331263810396194,0.03305188
10187159,7.96431492,CANDIDATE,0.037846837,0.07964517176151276,0.0,0.08359666
10813132,4.76702759,CANDIDATE,0.10506724,0.12483905255794525,0.0852954238653183,0.039543636
10577994,8.1808949,CANDIDATE,0.10551424,0.16066831350326538,0.05036017671227455,0.11030813
11241912,14.42735088,CANDIDATE,0.27119583,0.37347954511642456,0.1689121276140213,0.2045674
11455428,22.1270885,CANDIDATE,0.082101196,0.09089730679988861,0.07330508530139923,0.017592214
10227020,14.78767172,CANDIDATE,0.15368395,0.17025932669639587,0.13710856437683105,0.033150747
10019065,52.6298542,CANDIDATE,0.1277423,0.1538410782814026,0.10164353251457214,0.052197553
11401755,16.23191704,CANDIDATE,0.1621605,0.18137048184871674,0.14295051991939545,0.03841997
11193263,6.91134223,CANDIDATE,0.17625089,0.22327861189842224,0.12922316789627075,0.09405543
10531955,2.344512589,CANDIDATE,0.16865994,0.18094202876091003,0.1563778519630432,0.024564192
10386984,1.287076693,CANDIDATE,0.10899942,0.11373602598905563,0.1042628213763237,0.009473205
11179076,48.4313003,CANDIDATE,0.16294311,0.1992720365524292,0.12661418318748474,0.07265784
11015108,39.30944096,CANDIDATE,0.11959513,0.12180650234222412,0.11738376319408417,0.004422739
10577994,8.1808949,CANDIDATE,0.22271782,0.29049816727638245,0.1549374759197235,0.1355607
10843590,18.87022157,CANDIDATE,0.14180644,0.17115449905395508,0.11245837807655334,0.05869613
11336883,7.16893064,CANDIDATE,0.13213782,0.1704377979040146,0.09383784234523773,0.076599956
10904857,3.120828136,CANDIDATE,0.08492409,0.1120910495519638,0.05775712430477142,0.054333925
10549023,14.36270451,CANDIDATE,0.20681505,0.24260137975215912,0.1710287183523178,0.07157266
11122894,74.92768653,CANDIDATE,0.053784974,0.06394486129283905,0.04362509027123451,0.020319767
10318874,2.508057497,CANDIDATE,0.0934601,0.09399177134037018,0.09292842447757721,0.0010633469
10525077,11.006795,CANDIDATE,0.28157166,0.38059133291244507,0.18255198001861572,0.19803937
10669994,2.71603664,CANDIDATE,0.08389246,0.11542145907878876,0.052363451570272446,0.06305801
10538176,12.69905011,CANDIDATE,0.17836903,0.18521574139595032,0.171522319316864,0.013693422
10329835,1.52373073,CANDIDATE,0.18646696,0.1993098258972168,0.17362409830093384,0.025685728
11027624,394.6249514,CANDIDATE,0.22443528,0.29280728101730347,0.15606330335140228,0.13674396
10933561,31.51779463,CANDIDATE,0.1894933,0.2308177649974823,0.14816883206367493,0.08264893
10653179,47.1607932,CANDIDATE,0.063222475,0.10035640001296997,0.026088550686836243,0.07426785
10682541,4.99677968,CANDIDATE,0.06457272,0.06777621805667877,0.06136922538280487,0.0064069927
11403530,3.61460332,CANDIDATE,0.035263017,0.07622882723808289,0.0,0.08193161
11612280,9.4061364,CANDIDATE,0.19256923,0.26755064725875854,0.11758780479431152,0.14996284
10388286,1.682695938,CANDIDATE,0.04833256,0.07200560718774796,0.02465951256453991,0.047346096
10857519,2.053341891,CANDIDATE,0.0576835,0.0667322427034378,0.048634763807058334,0.018097475
11518142,240.7990472,CANDIDATE,0.13650787,0.159696564078331,0.11331917345523834,0.046377398
10717220,21.0907909,CANDIDATE,0.06458228,0.06845082342624664,0.060713741928339005,0.007737078
10094670,22.06402,CANDIDATE,0.16515149,0.16681089997291565,0.1634920835494995,0.0033188015
11358389,10.66489514,CANDIDATE,0.19012187,0.2890470325946808,0.09119672328233719,0.1978503
11656721,13.64617478,CANDIDATE,0.20556381,0.242507204413414,0.16862042248249054,0.073886774
11499228,19.7919389,CANDIDATE,0.12632124,0.13662052154541016,0.11602196097373962,0.020598568
10916600,5.57654782,CANDIDATE,0.09425514,0.1161363497376442,0.07237393409013748,0.043762416
10153855,1.06378861,CANDIDATE,0.036495715,0.07716116309165955,0.0,0.081330895
10153855,1.06378861,CANDIDATE,0.091130175,0.09625392407178879,0.08600642532110214,0.010247499
10858691,1.796320953,CANDIDATE,0.019749353,0.031302519142627716,0.008196184411644936,0.023106337
10001893,34.99498509076237,CANDIDATE,0.36109605,0.5001639127731323,0.22202816605567932,0.27813578
10265898,1.260258822,CANDIDATE,0.10128951,0.12719115614891052,0.0753878727555275,0.051803276
11612280,9.4061364,CANDIDATE,0.2254619,0.27220773696899414,0.17871607840061188,0.09349164
10554999,6.400157105,CANDIDATE,0.13941841,0.1972895860671997,0.08154723048210144,0.11574236
10028535,0.663085361,CANDIDATE,0.011670939,0.061204466968774796,0.0,0.099067055
11391957,8.35389523,CANDIDATE,0.0986722,0.10627548396587372,0.09106892347335815,0.015206568
10554999,6.400157105,CANDIDATE,0.17142108,0.22373011708259583,0.1191120445728302,0.10461807
11189311,81.4160138,CANDIDATE,0.054615397,0.07760945707559586,0.031621336936950684,0.04598812
11360571,77.2550726,CANDIDATE,0.10991361,0.11611678451299667,0.10371043533086777,0.012406349
11572193,10.6761592,CANDIDATE,0.1246709,0.1574167013168335,0.09192510694265366,0.06549159
11121752,3.93083997,CANDIDATE,0.24573418,0.2959383428096771,0.1955300271511078,0.10040833
10080248,14.8783945,CANDIDATE,0.21262394,0.27752983570098877,0.14771802723407745,0.12981182
11508644,14.2563272,CANDIDATE,0.18730003,0.22444288432598114,0.150157168507576,0.07428571
11414465,2.94194296,CANDIDATE,0.05898928,0.10001984238624573,0.017958715558052063,0.08206113
11250587,7.256962446,CANDIDATE,0.11254724,0.1421143114566803,0.08298016339540482,0.059134156
11450414,12.7983174,CANDIDATE,0.41655818,0.5067375302314758,0.32637882232666016,0.18035874
10024051,0.577369336,CANDIDATE,0.07838909,0.0967998206615448,0.059978362172842026,0.036821462
10723750,50.79034648,CANDIDATE,0.098603435,0.12966687977313995,0.0675399899482727,0.062126897
11446443,2.470613377,CANDIDATE,0.03242597,0.06607767939567566,0.0,0.06730341
10337517,7.053934488,CANDIDATE,0.17614643,0.23546719551086426,0.1168256625533104,0.11864154
11253827,88.5122014,CANDIDATE,0.1263942,0.14430972933769226,0.10847866535186768,0.035831057
11244682,3.490785878,CANDIDATE,0.08356434,0.10081812739372253,0.06631055474281311,0.034507573
11493431,2.343230566,CANDIDATE,0.170627,0.1802469789981842,0.16100701689720154,0.019239962
11135308,1.877878538,CANDIDATE,0.18372537,0.22266924381256104,0.14478150010108948,0.07788773
10872983,11.09432054,CANDIDATE,0.14721237,0.15847338736057281,0.13595135509967804,0.022522025
11192998,7.650243513,CANDIDATE,0.17058158,0.19162645936012268,0.14953669905662537,0.042089768
10063802,120.0183551,CANDIDATE,0.14152902,0.1500919908285141,0.1329660564661026,0.017125942
11569782,2.787874175,CANDIDATE,0.14449546,0.17077544331550598,0.11821546405553818,0.052559987
11413812,5.65378163,CANDIDATE,0.16490278,0.22711679339408875,0.10268876701593399,0.12442802
10975146,0.63133171,CANDIDATE,0.11176983,0.13785573840141296,0.0856839269399643,0.05217181
11194032,28.51117639,CANDIDATE,0.06731199,0.08898170292377472,0.045642271637916565,0.04333943
11547513,5.317440164,CANDIDATE,0.13508831,0.13580599427223206,0.1343706250190735,0.0014353544
10593626,289.864067,CANDIDATE,0.109142795,0.1298910677433014,0.08839452266693115,0.041496545
11090556,2.7881793,CANDIDATE,0.19288339,0.19894051551818848,0.18682625889778137,0.0121142715
10864531,83.4887405,CANDIDATE,0.094311185,0.10920499265193939,0.07941737771034241,0.029787615
10513530,16.54967098,CANDIDATE,0.2041253,0.22408482432365417,0.18416577577590942,0.039919063
11614617,24.7577652,CANDIDATE,0.12291539,0.15190741419792175,0.09392336010932922,0.057984047
10513530,16.54967098,CANDIDATE,0.034297723,0.07916642725467682,0.0,0.0897374
10328458,2.352273912,CANDIDATE,0.17951632,0.18716667592525482,0.17186595499515533,0.015300721
10843590,18.87022157,CANDIDATE,0.06605107,0.06680861115455627,0.06529353559017181,0.001515083
11568987,15.95995611,CANDIDATE,0.08534555,0.09852339327335358,0.07216770946979523,0.026355684
10005788,10.99470891,CANDIDATE,0.21618159,0.2561922073364258,0.1761709600687027,0.08002126
10790387,117.93110803,CANDIDATE,0.14503583,0.17841719090938568,0.11165447533130646,0.066762716
10005788,10.99470891,CANDIDATE,0.030459777,0.06445050239562988,0.0,0.06798146
10022908,6.99130452,CANDIDATE,0.20518148,0.2806375324726105,0.12972542643547058,0.1509121
11403339,4.79029482,CANDIDATE,0.1416685,0.16027270257472992,0.12306429445743561,0.0372084
10395381,17.6717714,CANDIDATE,0.21794492,0.23989135026931763,0.19599848985671997,0.043892875
10722485,7.84931877,CANDIDATE,0.20415913,0.31673651933670044,0.09158173203468323,0.22515479
10063802,120.0183551,CANDIDATE,0.14226963,0.15272074937820435,0.1318185031414032,0.020902261
10793172,12.0999065,CANDIDATE,0.30092305,0.39824485778808594,0.20360125601291656,0.19464359
10000941,2.5738437,CANDIDATE,0.05294054,0.08612190186977386,0.019759178161621094,0.06636272
10020423,7.448375935,FALSE_POSITIVE,0.019326447,0.10099971294403076,0.0,0.16334653
10797460,9.48803557,CANDIDATE,0.09727002,0.10939498245716095,0.08514505624771118,0.024249919
10552611,7.0106324,CANDIDATE,0.14396293,0.15542657673358917,0.13249929249286652,0.022927277
11389771,2.508553286,CANDIDATE,0.10029317,0.1129109263420105,0.08767540752887726,0.025235511
10019065,52.6298542,CANDIDATE,0.10952778,0.12787576019763947,0.09117980301380157,0.036695957
10018233,16.2959916,CANDIDATE,0.15850247,0.23230165243148804,0.08470328897237778,0.14759837
11017901,7.794302043,CANDIDATE,0.01661081,0.046113185584545135,0.0,0.059004746
10187159,7.96431492,CANDIDATE,0.13006487,0.14893686771392822,0.11119288206100464,0.037743993
10965008,81.1701587,CANDIDATE,0.20243618,0.30159223079681396,0.10328013449907303,0.19831209
10676014,16.78175788,CANDIDATE,0.061704114,0.09712286293506622,0.026285365223884583,0.0708375
10404582,37.8658964,CANDIDATE,0.1897711,0.24625234305858612,0.1332898586988449,0.11296248
11176127,10.47548084,CANDIDATE,0.16742773,0.19442421197891235,0.1404312551021576,0.05399295
10937029,4.030466786,CANDIDATE,0.08365509,0.10807913541793823,0.05923104286193848,0.048848093
10340423,18.79418506,CANDIDATE,0.17293668,0.21378403902053833,0.13208931684494019,0.08169473
11153121,14.97031664,CANDIDATE,0.10754692,0.11574418097734451,0.09934965521097183,0.016394526
10001893,43.89306971145861,CANDIDATE,0.36199582,0.5247008800506592,0.19929078221321106,0.32541007
10123064,4.243748097,CANDIDATE,0.12384062,0.13008107244968414,0.11760017275810242,0.0124809
10670119,14.87149773,CANDIDATE,0.12535821,0.13280224800109863,0.11791417747735977,0.014888063
10585852,8.57504983,CANDIDATE,0.24911152,0.2701643705368042,0.22805868089199066,0.042105675
10878263,7.170710381,CANDIDATE,0.1127653,0.13651716709136963,0.08901342004537582,0.047503754
10583066,6.02930329,CANDIDATE,0.21505953,0.283256471157074,0.14686261117458344,0.13639385
10854546,2.168451063,CANDIDATE,0.19114316,0.2189047783613205,0.16338153183460236,0.055523247
11361646,7.97420583,CANDIDATE,0.14406995,0.18627643585205078,0.10186347365379333,0.08441296
10271806,5.924993927,CANDIDATE,0.15259556,0.1589706838130951,0.14622044563293457,0.012750223
10854546,2.168451063,CANDIDATE,0.13177857,0.1704435646533966,0.09311357885599136,0.07732998
10842192,9.33648141,CANDIDATE,0.10407784,0.11996358633041382,0.08819209039211273,0.031771496
10601284,5.349553819,CANDIDATE,0.15852305,0.2122786045074463,0.10476750135421753,0.1075111
11414511,2.816504904,CANDIDATE,0.042859033,0.08467079699039459,0.0010472685098648071,0.08362353
11498128,106.247882,CANDIDATE,0.2780679,0.3774537444114685,0.17868202924728394,0.1987717
11508644,14.2563272,CANDIDATE,0.23376897,0.3292163014411926,0.138321653008461,0.19089463
11572193,10.6761592,CANDIDATE,0.123041965,0.1297995001077652,0.11628443002700806,0.0135150775
10080248,14.8783945,CANDIDATE,0.15305232,0.161773681640625,0.1443309485912323,0.017442748
10854768,10.1171684,CANDIDATE,0.07414878,0.09060423076152802,0.05769333243370056,0.0329109
10615440,10.8118317,CANDIDATE,0.090721875,0.10745099186897278,0.0739927589893341,0.03345824
10404582,37.8658964,CANDIDATE,0.18580739,0.24495536088943481,0.12665942311286926,0.11829594
10615440,10.8118317,CANDIDATE,0.19583012,0.2144787311553955,0.17718151211738586,0.03729722
10586208,23.58444746,CANDIDATE,0.1587199,0.18651077151298523,0.13092902302742004,0.05558175
11656918,62.1385979,CANDIDATE,0.22659844,0.27474716305732727,0.17844972014427185,0.09629745
11391018,30.360445359,CANDIDATE,0.020572586,0.05678051710128784,0.0,0.072415866
11134879,4.30165843,CANDIDATE,0.06238931,0.07412552833557129,0.05065309628844261,0.023472428
11080405,25.1933989,CANDIDATE,0.07205425,0.07506798952817917,0.06904051452875137,0.006027475
10779233,201.118319,CANDIDATE,0.058610387,0.1106371060013771,0.006583668291568756,0.10405344
10973814,44.8520997,CANDIDATE,0.15560292,0.16678784787654877,0.14441798627376556,0.022369869
10933561,31.51779463,CANDIDATE,0.17691532,0.22684553265571594,0.126985102891922,0.09986043
11254382,2.05388477,CANDIDATE,0.13161017,0.1519232541322708,0.11129708588123322,0.04062616
10863608,8.07127043,CANDIDATE,0.1857153,0.24990545213222504,0.12152515351772308,0.1283803
10253547,59.9809868,CANDIDATE,0.24476767,0.29023605585098267,0.19929927587509155,0.090936765
10098844,47.4497134,CANDIDATE,0.12680359,0.16734999418258667,0.08625718206167221,0.08109282
11394027,14.38682567,CANDIDATE,0.10679812,0.1333537995815277,0.08024244010448456,0.053111352
10965588,62.8917493,CANDIDATE,0.17178516,0.19331756234169006,0.15025275945663452,0.043064818
10203349,17.14648756,CANDIDATE,0.25565672,0.30236753821372986,0.20894590020179749,0.09342162
11358389,10.66489514,CANDIDATE,0.15020825,0.1502942144870758,0.1501222848892212,0.0001719147
11075429,23.9210408,CANDIDATE,0.15684405,0.15932711958885193,0.15436097979545593,0.0049661547
10089911,6.96704926,CANDIDATE,0.07308067,0.07739429920911789,0.06876703351736069,0.008627266
10089911,6.96704926,CANDIDATE,0.12245131,0.13961058855056763,0.10529203712940216,0.034318544
10272442,24.5434566,CANDIDATE,0.25906605,0.33597415685653687,0.18215793371200562,0.15381622
11303322,38.1303324,CANDIDATE,0.17714909,0.21204672753810883,0.14225144684314728,0.06979529
11236244,11.32269749,CANDIDATE,0.16538829,0.17949515581130981,0.1512814164161682,0.028213754
10666592,2.204735417,CANDIDATE,0.056274153,0.08928192406892776,0.02326638251543045,0.06601554
10619192,1.485710994,CANDIDATE,0.057808347,0.06995844841003418,0.04565824568271637,0.024300203
10130039,12.75800092,CANDIDATE,0.10119325,0.11309550702571869,0.08929099142551422,0.023804516
10329835,1.52373073,CANDIDATE,0.15355861,0.17229029536247253,0.1348269283771515,0.03746336
10593626,289.864067,CANDIDATE,0.1279953,0.13878700137138367,0.11720359325408936,0.021583408
10005758,134.4785189,CANDIDATE,0.12298973,0.12803581357002258,0.11794363707304001,0.010092184
11288051,13.82142084,CANDIDATE,0.2135967,0.2626116871833801,0.16458170115947723,0.09802999
10790387,117.93110803,CANDIDATE,0.29367885,0.3823670744895935,0.20499064028263092,0.17737642
10843590,18.87022157,CANDIDATE,0.1603448,0.20238247513771057,0.11830712109804153,0.08407535
11177676,47.0320478,CANDIDATE,0.16163495,0.1992415189743042,0.12402838468551636,0.075213134
10158729,58.601926,CANDIDATE,0.08061621,0.09029647707939148,0.07093594968318939,0.01936052
10418224,6.8731664,CANDIDATE,0.087875195,0.09319210797548294,0.0825582817196846,0.010633826
10963065,2.465024332,CANDIDATE,0.16384979,0.1857125163078308,0.14198705554008484,0.043725453
10330115,13.21409607,CANDIDATE,0.08216122,0.08363819867372513,0.08068423718214035,0.0029539615
10975146,0.63133171,CANDIDATE,0.12930632,0.1501651108264923,0.10844751447439194,0.041717604
11304958,41.43958662,CANDIDATE,0.10760314,0.13221442699432373,0.08299184590578079,0.04922259
11551692,7.834433676,CANDIDATE,0.0660217,0.09335766732692719,0.038685739040374756,0.054671932
10583761,2.685054445,CANDIDATE,0.10757216,0.11541643738746643,0.09972788393497467,0.01568856
11621223,4.903321801,CANDIDATE,0.09872391,0.11136606335639954,0.08608175814151764,0.025284298
10130039,12.75800092,CANDIDATE,0.1274478,0.14719176292419434,0.10770384222269058,0.039487913
11017901,7.794302043,CANDIDATE,0.079160996,0.08694620430469513,0.0713757872581482,0.01557041
11401767,20.0545282,CANDIDATE,0.12626566,0.16460701823234558,0.0879243016242981,0.07668272
11499228,19.7919389,CANDIDATE,0.1475528,0.1759396493434906,0.11916595697402954,0.056773692
10666592,2.204735417,CANDIDATE,0.08941126,0.12573255598545074,0.05308996140956879,0.072642595
10019065,52.6298542,CANDIDATE,0.12082056,0.1352117657661438,0.10642935335636139,0.028782405
10489206,4.164384505,CANDIDATE,0.06429581,0.06607966125011444,0.06251196563243866,0.0035676956
11037335,40.7150498,CANDIDATE,0.09164175,0.09715214371681213,0.08613134920597076,0.011020787
10965008,81.1701587,CANDIDATE,0.13246539,0.1633494794368744,0.10158130526542664,0.061768174
11391957,8.35389523,CANDIDATE,0.112470545,0.12315402925014496,0.10178706049919128,0.021366961
10214162,17.42393582,CANDIDATE,0.31182268,0.364011287689209,0.2596340775489807,0.10437721
11253827,88.5122014,CANDIDATE,0.0986311,0.10446779429912567,0.09279440343379974,0.011673391
11121752,3.93083997,CANDIDATE,0.21927488,0.27223584055900574,0.16631391644477844,0.105921924
10285631,18.68405716,CANDIDATE,0.10346204,0.10640843957662582,0.10051564127206802,0.0058927983
10027323,5.92365747,CANDIDATE,0.12341076,0.14344461262226105,0.10337691009044647,0.040067695
10873260,5.852968845,CANDIDATE,0.21604525,0.2489037811756134,0.18318670988082886,0.065717086
10656823,8.30783912,CANDIDATE,0.116863534,0.14578530192375183,0.08794177323579788,0.05784352
10723750,50.79034648,CANDIDATE,0.121564396,0.1330159604549408,0.11011283099651337,0.022903137
10963242,6.1469956,CANDIDATE,0.11311226,0.12897521257400513,0.09724931418895721,0.031725906
10552611,7.0106324,CANDIDATE,0.12341525,0.14293205738067627,0.10389842838048935,0.039033636
10000941,2.5738437,CANDIDATE,0.075747944,0.14340025186538696,0.008095644414424896,0.1353046
10360722,163.692336,CANDIDATE,0.25014228,0.33831384778022766,0.16197070479393005,0.17634314
11446443,2.470613377,CANDIDATE,0.056843575,0.09885916113853455,0.014827985316514969,0.08403118
10601284,5.349553819,CANDIDATE,0.17985727,0.20629942417144775,0.15341511368751526,0.052884325
10905911,1.34155642,CANDIDATE,0.10029162,0.11934617906808853,0.0812370553612709,0.038109124
11073351,2.820190603,CANDIDATE,0.22650684,0.26619020104408264,0.18682348728179932,0.07936672
11090765,21.21712312,CANDIDATE,0.13959488,0.19631430506706238,0.08287546783685684,0.11343883
11361646,7.97420583,CANDIDATE,0.18088923,0.2135564386844635,0.14822202920913696,0.065334395
10989274,16.17803,CANDIDATE,0.083561555,0.08613131940364838,0.08099178969860077,0.0051395297
11288505,19.80787763,CANDIDATE,0.29706675,0.37876689434051514,0.21536660194396973,0.16340029
10080248,14.8783945,CANDIDATE,0.13362123,0.13867972791194916,0.12856273353099823,0.010117002
11284772,4.50158249,CANDIDATE,0.16065039,0.17781762778759003,0.14348314702510834,0.03433448
11601584,51.8098276,CANDIDATE,0.112345465,0.11419147253036499,0.11049945652484894,0.003692016
11285870,4.48494315,CANDIDATE,0.20645726,0.23834210634231567,0.1745724081993103,0.06376971
11410904,3.53232429,CANDIDATE,0.02545201,0.04698418080806732,0.003919839859008789,0.04306434
10723367,19.9865916,CANDIDATE,0.20605364,0.2340860664844513,0.17802122235298157,0.056064844
11508644,14.2563272,CANDIDATE,0.2248937,0.3139823377132416,0.13580507040023804,0.17817727
11337833,51.3011844,CANDIDATE,0.16177766,0.2077406942844391,0.11581461876630783,0.09192608
10978763,4.97760447,CANDIDATE,0.09288564,0.09984946250915527,0.08592182397842407,0.013927631
11015323,34.18884323,CANDIDATE,0.14770856,0.16611027717590332,0.1293068528175354,0.03680343
11442793,331.5972732,CANDIDATE,0.10327097,0.1471792459487915,0.059362687170505524,0.087816566
11018648,32.62876672,CANDIDATE,0.23929833,0.2694524824619293,0.20914417505264282,0.060308322
11495458,10.45839865,CANDIDATE,0.06073082,0.10670732706785202,0.014754310250282288,0.09195302
10910878,16.06864674,CANDIDATE,0.18656464,0.23601287603378296,0.13711640238761902,0.09889646
11129258,25.384175,CANDIDATE,0.057610024,0.08358830213546753,0.031631745398044586,0.05195656
10937029,4.030466786,CANDIDATE,0.16075575,0.20258328318595886,0.1189282238483429,0.08365507
11037511,3.11604194,CANDIDATE,0.19549327,0.20506905019283295,0.18591748178005219,0.019151568
11037511,3.11604194,CANDIDATE,0.17390262,0.21422763168811798,0.1335776001214981,0.080650024
10583066,6.02930329,CANDIDATE,0.21246447,0.2665276527404785,0.1584012806415558,0.10812637
10878263,7.170710381,CANDIDATE,0.062364835,0.12106480449438095,0.003664866089820862,0.11739994
11449844,38.47876629,CANDIDATE,0.05061239,0.08640412986278534,0.014820650219917297,0.07158348
11069176,15.3789014,CANDIDATE,0.08344874,0.10364950448274612,0.06324797123670578,0.040401533
10858691,1.796320953,CANDIDATE,0.3019661,0.3398050367832184,0.2641271650791168,0.07567786
10265898,1.260258822,CANDIDATE,0.21028793,0.2783370018005371,0.14223885536193848,0.13609815
11153121,14.97031664,CANDIDATE,0.14963494,0.18164150416851044,0.11762838065624237,0.06401312
11394027,14.38682567,CANDIDATE,0.18578912,0.20994138717651367,0.1616368591785431,0.048304528
10253547,59.9809868,CANDIDATE,0.33206782,0.43436869978904724,0.22976693511009216,0.20460178
11015108,39.30944096,CANDIDATE,0.065142855,0.09669870883226395,0.033587001264095306,0.06311171
10002866,3.936993144,CANDIDATE,0.087878175,0.09784461557865143,0.07791173458099365,0.019932874
10905239,3.487688776,CANDIDATE,0.120927304,0.1407247930765152,0.10112981498241425,0.03959497
11656721,13.64617478,CANDIDATE,0.23741254,0.25498342514038086,0.21984165906906128,0.03514178
10002866,3.936993144,CANDIDATE,0.033476807,0.06077514961361885,0.006178464740514755,0.054596685
10730703,5.60013327,CANDIDATE,0.06950094,0.09168069064617157,0.04732118546962738,0.044359505
10132832,16.07673148,CANDIDATE,0.15250771,0.16592025756835938,0.13909515738487244,0.026825085
10272442,24.5434566,CANDIDATE,0.19216478,0.24828170239925385,0.1360478550195694,0.11223384
11507101,38.3775486,CANDIDATE,0.111266844,0.13131341338157654,0.09122028201818466,0.040093124
10531955,2.344512589,CANDIDATE,0.13837431,0.16171416640281677,0.11503445357084274,0.04667972
11015323,34.18884323,CANDIDATE,0.07150221,0.07865618914365768,0.06434822827577591,0.014307961
10203349,17.14648756,CANDIDATE,0.21468922,0.24419906735420227,0.18517938256263733,0.0590197
10663396,23.8990075,CANDIDATE,0.15506561,0.21830329298973083,0.09182792156934738,0.12647538
10028792,114.73658,CANDIDATE,0.07165468,0.08198967576026917,0.06131967902183533,0.020669997
11656918,62.1385979,CANDIDATE,0.13733965,0.1702544093132019,0.10442489385604858,0.06582951
10028792,114.73658,CANDIDATE,0.15327185,0.20134006440639496,0.10520364344120026,0.09613642
11403044,4.125543472,CANDIDATE,0.14634068,0.1729748547077179,0.11970651149749756,0.053268336
11517719,2.495780169,CANDIDATE,0.085430115,0.11203531920909882,0.05882491171360016,0.053210407
10318874,2.508057497,CANDIDATE,0.027961243,0.0484611839056015,0.007461300119757652,0.040999886
10525077,11.006795,CANDIDATE,0.10564344,0.10961586236953735,0.1016710102558136,0.00794486
11086270,12.69104387,CANDIDATE,0.20662715,0.26465174555778503,0.14860254526138306,0.11604919
11122894,74.92768653,CANDIDATE,0.14540039,0.18764162063598633,0.10315915942192078,0.08448247
11080405,25.1933989,CANDIDATE,0.13968277,0.16579145193099976,0.1135740876197815,0.052217364
10212441,15.0447098,CANDIDATE,0.3152248,0.4368423819541931,0.19360719621181488,0.2432352
10454632,20.16037858,CANDIDATE,0.072987735,0.11108490824699402,0.034890562295913696,0.076194346
11153539,4.49876511,CANDIDATE,0.17749895,0.20760022103786469,0.14739768207073212,0.06020253
10454632,20.16037858,CANDIDATE,0.06868143,0.07383706420660019,0.06352578848600388,0.010311276
11624249,1.82708193,CANDIDATE,0.16005616,0.17066417634487152,0.14944814145565033,0.021216042
10212441,15.0447098,CANDIDATE,0.22342224,0.309226930141449,0.1376175582408905,0.17160939
11304958,41.43958662,CANDIDATE,0.07661387,0.07702875882387161,0.0761989876627922,0.00082977116
10022908,6.99130452,CANDIDATE,0.1661098,0.19106750190258026,0.14115209877490997,0.04991541
11401755,16.23191704,CANDIDATE,0.22087814,0.23903751373291016,0.20271876454353333,0.036318764
11037335,40.7150498,CANDIDATE,0.22155802,0.2912198305130005,0.15189619362354279,0.13932365
11391957,8.35389523,CANDIDATE,0.15616988,0.17133298516273499,0.14100676774978638,0.030326217
10272640,3.770551475,CANDIDATE,0.06510023,0.0844428688287735,0.04575759544968605,0.03868527
10130039,12.75800092,CANDIDATE,0.1091442,0.12526482343673706,0.09302357584238052,0.032241255
10068659,11.47685263,CANDIDATE,0.2034,0.2672376036643982,0.13956239819526672,0.12767519
11250587,7.256962446,CANDIDATE,0.1690388,0.1767837405204773,0.1612938642501831,0.015489891
10619192,1.485710994,CANDIDATE,0.06088936,0.06516331434249878,0.05661540478467941,0.00854791
11121752,3.93083997,CANDIDATE,0.120308205,0.15775926411151886,0.082857146859169,0.07490212
10329196,85.7567919,CANDIDATE,0.255355,0.34056544303894043,0.17014454305171967,0.17042091
11288051,13.82142084,CANDIDATE,0.26139328,0.35835975408554077,0.164426788687706,0.19393298
11414465,2.94194296,CANDIDATE,0.029698942,0.07614532113075256,0.0,0.092892766
10723750,50.79034648,CANDIDATE,0.0746543,0.07576295733451843,0.07354564964771271,0.0022173151
10330115,13.21409607,CANDIDATE,0.124930106,0.13614621758460999,0.11371398717164993,0.022432238
10028535,0.663085361,CANDIDATE,0.032706063,0.061383143067359924,0.004028983414173126,0.05735416
10330115,13.21409607,CANDIDATE,0.14674392,0.16352397203445435,0.12996387481689453,0.033560112
11446443,2.470613377,CANDIDATE,0.027676146,0.04275711253285408,0.012595180422067642,0.030161932
10063802,120.0183551,CANDIDATE,0.12128882,0.1538938283920288,0.08868381381034851,0.06521002
10289119,16.10474503,CANDIDATE,0.18784866,0.2153659164905548,0.16033139824867249,0.05503451
10656823,8.30783912,CANDIDATE,0.14320898,0.14780046045780182,0.13861750066280365,0.00918296
11402995,10.06083238,CANDIDATE,0.28610384,0.3740098774433136,0.19819781184196472,0.17581207
10666592,2.204735417,CANDIDATE,0.049487103,0.07119233906269073,0.02778187021613121,0.043410465
10717220,21.0907909,CANDIDATE,0.09491846,0.10313569009304047,0.08670122921466827,0.01643446
10460984,10.94577783,CANDIDATE,0.08381333,0.10982972383499146,0.057796940207481384,0.052032784
10158729,58.601926,CANDIDATE,0.19825916,0.2563338577747345,0.1401844471693039,0.11614942
10026502,101.952048,CANDIDATE,0.2415438,0.32590287923812866,0.15718470513820648,0.16871819
10925104,8.041347775,CANDIDATE,0.12347853,0.13835379481315613,0.10860326141119003,0.02975054
11547513,5.317440164,CANDIDATE,0.116449185,0.12885437905788422,0.10404399037361145,0.024810396
10027323,5.92365747,CANDIDATE,0.26875356,0.3229941129684448,0.21451300382614136,0.108481094
11518142,240.7990472,CANDIDATE,0.256898,0.40478983521461487,0.1090061366558075,0.2957837
10388286,1.682695938,CANDIDATE,0.110677004,0.11781533062458038,0.10353867709636688,0.0142766535
10358759,10.3392408,CANDIDATE,0.19663025,0.265196830034256,0.12806367874145508,0.13713315
11015323,34.18884323,CANDIDATE,0.12914687,0.15111234784126282,0.10718140006065369,0.04393094
10203349,17.14648756,CANDIDATE,0.20184922,0.2028106451034546,0.2008877992630005,0.0019228458
10549023,14.36270451,CANDIDATE,0.13747706,0.1677020788192749,0.10725203156471252,0.060450047
10858691,1.796320953,CANDIDATE,0.13471523,0.15045656263828278,0.11897389590740204,0.031482674
10265898,1.260258822,CANDIDATE,0.14850047,0.19335287809371948,0.10364806652069092,0.08970481
11193263,6.91134223,CANDIDATE,0.363907,0.45338237285614014,0.27443164587020874,0.1789507
11337833,51.3011844,CANDIDATE,0.11522011,0.13769036531448364,0.09274984896183014,0.04494051
10253547,59.9809868,CANDIDATE,0.18138969,0.23887914419174194,0.12390023469924927,0.1149789
11394027,14.38682567,CANDIDATE,0.15395671,0.1611865609884262,0.14672686159610748,0.014459707
10601284,5.349553819,CANDIDATE,0.25890756,0.320995032787323,0.19682008028030396,0.12417496
11018648,32.62876672,CANDIDATE,0.27301738,0.3182300329208374,0.22780472040176392,0.09042531
11037511,3.11604194,CANDIDATE,0.1658261,0.17590101063251495,0.15575118362903595,0.02014982
10525077,11.006795,CANDIDATE,0.14274159,0.17106397449970245,0.11441920697689056,0.056644768
11073351,2.820190603,CANDIDATE,0.15100096,0.17180046439170837,0.13020145893096924,0.041599005
10027247,86.829519,CANDIDATE,0.109643504,0.13146235048770905,0.08782465755939484,0.043637685
11122894,74.92768653,CANDIDATE,0.18061559,0.22735105454921722,0.1338801234960556,0.09347094
10937029,4.030466786,CANDIDATE,0.17190084,0.20191527903079987,0.1418863981962204,0.060028873
11449844,38.47876629,CANDIDATE,0.08433228,0.09566745162010193,0.07299710810184479,0.022670351
11449844,38.47876629,CANDIDATE,0.040669736,0.07472345232963562,0.006616014987230301,0.06810744
10669994,2.71603664,CANDIDATE,0.11430802,0.17007005214691162,0.05854598805308342,0.11152407
11015108,39.30944096,CANDIDATE,0.12669817,0.15336769819259644,0.1000286340713501,0.05333907
11498128,106.247882,CANDIDATE,0.26815823,0.3838461637496948,0.15247029066085815,0.23137587
11015108,39.30944096,CANDIDATE,0.07447472,0.1288977563381195,0.020051680505275726,0.10884608
10002866,3.936993144,CANDIDATE,0.094188035,0.0948265939950943,0.09354947507381439,0.0012771115
10203349,17.14648756,CANDIDATE,0.06913315,0.0735003650188446,0.06476593017578125,0.008734442
11401182,0.927859786,CANDIDATE,0.17321238,0.20110026001930237,0.1453244984149933,0.05577577
11086270,12.69104387,CANDIDATE,0.2769603,0.3475516736507416,0.20636895298957825,0.14118272
11027624,394.6249514,CANDIDATE,0.14268775,0.16304948925971985,0.12232600897550583,0.040723488
11288505,19.80787763,CANDIDATE,0.19142577,0.23764915764331818,0.1452023833990097,0.09244678
11507101,38.3775486,CANDIDATE,0.19887124,0.26479393243789673,0.13294854760169983,0.1318454
10189546,24.61480613,CANDIDATE,0.07096512,0.10807818919420242,0.033852048218250275,0.07422614
11507101,38.3775486,CANDIDATE,0.22283307,0.27612408995628357,0.16954204440116882,0.106582046
11601584,51.8098276,CANDIDATE,0.14703248,0.1670946478843689,0.1269703209400177,0.040124312
10253547,59.9809868,CANDIDATE,0.16842976,0.20064686238765717,0.13621266186237335,0.06443421
11285870,4.48494315,CANDIDATE,0.1757349,0.21455620229244232,0.13691361248493195,0.0776426
10227020,14.78767172,CANDIDATE,0.29119506,0.3834781050682068,0.19891200959682465,0.18456611
10617017,13.15140223,CANDIDATE,0.14545363,0.15544424951076508,0.13546301424503326,0.019981243
10601284,5.349553819,CANDIDATE,0.14928709,0.19664278626441956,0.1019313856959343,0.09471141
10587105,1.980356674,CANDIDATE,0.10601961,0.10941530764102936,0.10262390971183777,0.006791398
10984090,3.709214104,CANDIDATE,0.14544526,0.19606763124465942,0.09482287615537643,0.10124476
10028792,114.73658,CANDIDATE,0.14995904,0.18314248323440552,0.11677560210227966,0.06636689
10905239,3.487688776,CANDIDATE,0.07660721,0.09620510041713715,0.05700932815670967,0.03919577
10910878,16.06864674,CANDIDATE,0.14899573,0.16113963723182678,0.13685181736946106,0.024287835
11656721,13.64617478,CANDIDATE,0.042191565,0.08018315583467484,0.004199974238872528,0.07598318
10404582,37.8658964,CANDIDATE,0.24928583,0.32911890745162964,0.16945277154445648,0.15966612
11153539,4.49876511,CANDIDATE,0.16358219,0.218016117811203,0.10914825648069382,0.10886787
11153539,4.49876511,CANDIDATE,0.30295125,0.38477766513824463,0.2211248129606247,0.16365287
10454632,20.16037858,CANDIDATE,0.04594069,0.0871327817440033,0.004748601466417313,0.08238418
10212441,15.0447098,CANDIDATE,0.1446091,0.18585780262947083,0.1033603847026825,0.08249742
11453592,2.8867624,CANDIDATE,0.14525646,0.16217774152755737,0.12833517789840698,0.03384257
10975146,0.63133171,CANDIDATE,0.15623903,0.17882807552814484,0.13364998996257782,0.045178078
10329196,85.7567919,CANDIDATE,0.03794845,0.06689594686031342,0.009000945836305618,0.057895005
11650401,3.94660745,CANDIDATE,0.30279714,0.3868987560272217,0.2186955362558365,0.1682032
11192998,7.650243513,CANDIDATE,0.13064493,0.13502012193202972,0.12626974284648895,0.008750372
11192998,7.650243513,CANDIDATE,0.25353694,0.3579891622066498,0.14908471703529358,0.20890445
10063802,120.0183551,CANDIDATE,0.07118857,0.0787077397108078,0.06366939842700958,0.015038349
10329469,55.8224775,CANDIDATE,0.15444362,0.17819499969482422,0.1306922435760498,0.04750275
10864531,83.4887405,CANDIDATE,0.13810757,0.15446799993515015,0.12174713611602783,0.032720864
11389771,2.508553286,CANDIDATE,0.07315816,0.07821252942085266,0.06810379028320312,0.010108747
10965008,81.1701587,CANDIDATE,0.24504955,0.3210340142250061,0.16906508803367615,0.15196893
11401755,16.23191704,CANDIDATE,0.16832004,0.19801129400730133,0.1386287957429886,0.0593825
10790387,117.93110803,CANDIDATE,0.17661628,0.17741422355175018,0.1758183389902115,0.0015958846
10022908,6.99130452,CANDIDATE,0.15308532,0.16439856588840485,0.1417720764875412,0.02262649
10513530,16.54967098,CANDIDATE,0.17343654,0.17615172266960144,0.17072135210037231,0.0054303855
10604335,11.00817635,CANDIDATE,0.093570516,0.1027747243642807,0.08436630666255951,0.018408425
10070468,1.68189051,CANDIDATE,0.23975082,0.27017560601234436,0.20932602882385254,0.060849592
11037818,259.34304,CANDIDATE,0.23821302,0.3286589980125427,0.1477670520544052,0.18089193
10005788,10.99470891,CANDIDATE,0.12974632,0.14388471841812134,0.11560791730880737,0.028276794
10619192,1.485710994,CANDIDATE,0.058376916,0.112281933426857,0.004471898078918457,0.107810035
10744335,4.59726613,CANDIDATE,0.4213752,0.556090235710144,0.2866601347923279,0.2694301
11017901,7.794302043,CANDIDATE,0.06360979,0.08879212290048599,0.0384274497628212,0.050364673
11356260,8.50698069,CANDIDATE,0.11999081,0.13346858322620392,0.10651303827762604,0.026955552
10272640,3.770551475,CANDIDATE,0.07276414,0.11516961455345154,0.03035866841673851,0.08481095
10130039,12.75800092,CANDIDATE,0.10023116,0.12814566493034363,0.07231665402650833,0.05582902
10068659,11.47685263,CANDIDATE,0.0025705625,0.04039657115936279,0.0,0.07565202
11497977,4.79860021,CANDIDATE,0.07172142,0.0925130844116211,0.050929758697748184,0.041583322
11283615,1.289590179,CANDIDATE,0.081801,0.08920812606811523,0.0743938684463501,0.01481425
11547513,5.317440164,CANDIDATE,0.07462677,0.08039528131484985,0.06885826587677002,0.011537008
10925104,8.041347775,CANDIDATE,0.14750479,0.15172523260116577,0.14328435063362122,0.0084408745
10975146,0.63133171,CANDIDATE,0.15430625,0.18123069405555725,0.1273818016052246,0.053848907
11493431,2.343230566,CANDIDATE,0.12904626,0.1375870406627655,0.12050548940896988,0.017081544
10187159,7.96431492,CANDIDATE,0.06289879,0.08571057766675949,0.040087006986141205,0.045623574
10026502,101.952048,CANDIDATE,0.14055021,0.1645319014787674,0.11656852066516876,0.04796338
10552611,7.0106324,CANDIDATE,0.08519453,0.10597460716962814,0.06441444903612137,0.041560158
11342416,25.3690868,CANDIDATE,0.098283164,0.129670187830925,0.06689614057540894,0.06277405
10154388,12.06222962,CANDIDATE,0.23071554,0.2830197215080261,0.17841137945652008,0.104608335
10027323,5.92365747,CANDIDATE,0.038529664,0.08981014788150787,0.0,0.10256097
10790387,117.93110803,CANDIDATE,0.10362146,0.11122031509876251,0.0960226058959961,0.015197717
10909127,3.17059731,CANDIDATE,0.02781581,0.07762998342514038,0.0,0.099628344
10020423,7.448375935,FALSE_POSITIVE,0.011581396,0.05487072095274925,0.0,0.08657865
10384798,38.505224,CANDIDATE,0.19589849,0.26621538400650024,0.12558159232139587,0.14063379
10289119,16.10474503,CANDIDATE,0.089638196,0.12957468628883362,0.04970170557498932,0.07987298
10328458,2.352273912,CANDIDATE,0.12865481,0.16907641291618347,0.08823321014642715,0.080843195
10666592,2.204735417,CANDIDATE,0.041977037,0.0492858961224556,0.034668177366256714,0.0146177225
11403339,4.79029482,CANDIDATE,0.058033157,0.10301986336708069,0.013046450912952423,0.08997341
11402995,10.06083238,CANDIDATE,0.19444373,0.25295403599739075,0.13593342900276184,0.11702062
10722485,7.84931877,CANDIDATE,0.10221514,0.18806374073028564,0.016366541385650635,0.1716972
10395381,17.6717714,CANDIDATE,0.2160631,0.2611677646636963,0.17095842957496643,0.09020935
10878263,7.170710381,CANDIDATE,0.10676993,0.13214300572872162,0.08139684796333313,0.05074615
10583066,6.02930329,CANDIDATE,0.2055629,0.2544171214103699,0.15670867264270782,0.09770846
10854768,10.1171684,CANDIDATE,0.21690257,0.24002061784267426,0.19378452003002167,0.046236098
11572193,10.6761592,CANDIDATE,0.14759465,0.16117820143699646,0.13401108980178833,0.027167112
10006581,40.1097817,CANDIDATE,0.31423774,0.4056309163570404,0.22284457087516785,0.18278635
11391018,30.360445359,CANDIDATE,0.036001705,0.0659913644194603,0.006012046709656715,0.059979316
11134879,4.30165843,CANDIDATE,0.03303154,0.06603266298770905,3.0424445867538452e-05,0.066002235
11656918,62.1385979,CANDIDATE,0.19777471,0.22215692698955536,0.17339248955249786,0.048764437
11125613,9.99115241,CANDIDATE,0.11717667,0.12696178257465363,0.10739155113697052,0.019570231
10779233,201.118319,CANDIDATE,0.021531904,0.054479002952575684,0.0,0.0658942
10272442,24.5434566,CANDIDATE,0.20677054,0.2651582360267639,0.14838282763957977,0.116775416
10670119,14.87149773,CANDIDATE,0.035032563,0.03855995088815689,0.031505174934864044,0.007054776
10585852,8.57504983,CANDIDATE,0.13144614,0.14532481133937836,0.11756746470928192,0.027757354
10098844,47.4497134,CANDIDATE,0.13724983,0.17035812139511108,0.10414153337478638,0.06621658
10001893,30.96470094296443,CANDIDATE,0.39664906,0.5310711860656738,0.26222696900367737,0.2688442
10854546,2.168451063,CANDIDATE,0.18334256,0.20891717076301575,0.15776795148849487,0.051149234
11015323,34.18884323,CANDIDATE,0.1705501,0.17356863617897034,0.1675315499305725,0.006037101
10724369,55.6391882,CANDIDATE,0.13513534,0.16656309366226196,0.10370758920907974,0.0628555
10586208,23.58444746,CANDIDATE,0.14079753,0.14199520647525787,0.13959984481334686,0.0023953617
10583066,6.02930329,CANDIDATE,0.17885704,0.2525080144405365,0.10520607978105545,0.14730193
10984090,3.709214104,CANDIDATE,0.20139553,0.22563821077346802,0.1771528422832489,0.048485383
11358389,10.66489514,CANDIDATE,0.110137485,0.11782756447792053,0.10244740545749664,0.015380159
10615440,10.8118317,CANDIDATE,0.095607646,0.1004110798239708,0.09080421179533005,0.009606868
11177707,124.4197175,CANDIDATE,0.1264999,0.17995135486125946,0.07304845750331879,0.1069029
10064256,5.95958637,CANDIDATE,0.17629872,0.19876235723495483,0.15383508801460266,0.04492727
11656918,62.1385979,CANDIDATE,0.2154933,0.28064239025115967,0.15034422278404236,0.13029817
10973814,44.8520997,CANDIDATE,0.19109696,0.2375296652317047,0.14466425776481628,0.092865415
10973814,44.8520997,CANDIDATE,0.09193882,0.12218418717384338,0.0616934634745121,0.06049072
10123064,4.243748097,CANDIDATE,0.11554752,0.12990409135818481,0.1011909544467926,0.02871313
10404582,37.8658964,CANDIDATE,0.1636378,0.21199630200862885,0.11527930200099945,0.09671701
10910878,16.06864674,CANDIDATE,0.16889274,0.19211596250534058,0.14566951990127563,0.046446428
10593535,20.9254083,CANDIDATE,0.12926197,0.1585005521774292,0.10002338886260986,0.058477163
11027624,394.6249514,CANDIDATE,0.045722432,0.04878668487071991,0.04265817999839783,0.006128505
11461844,13.6823798,CANDIDATE,0.07647208,0.09611167013645172,0.05683249607682228,0.03927917
10272442,24.5434566,CANDIDATE,0.25223148,0.3433460593223572,0.16111688315868378,0.18222919
11401182,0.927859786,CANDIDATE,0.19908497,0.2623624801635742,0.13580743968486786,0.12655506
11414511,2.816504904,CANDIDATE,0.014591043,0.06314501166343689,0.0,0.09710794
11498128,106.247882,CANDIDATE,0.28222415,0.3819079101085663,0.1825403869152069,0.19936751
10089911,6.96704926,CANDIDATE,0.09148561,0.09696200489997864,0.08600921928882599,0.010952793
10709622,51.3283527,CANDIDATE,0.100328386,0.12884162366390228,0.07181514799594879,0.057026476
10024701,14.37504582,CANDIDATE,0.062660374,0.08118541538715363,0.044135335832834244,0.037050076
11127479,2.12821621,CANDIDATE,0.042647004,0.06589793413877487,0.019396072253584862,0.046501864
10676014,16.78175788,CANDIDATE,0.03984175,0.08787330240011215,0.0,0.09606311
11126381,33.7888028,CANDIDATE,0.05031544,0.05301262438297272,0.04761825501918793,0.0053943694
10513530,16.54967098,CANDIDATE,0.13000968,0.1334024965763092,0.12661686539649963,0.006785646
10000941,2.5738437,CANDIDATE,0.073976666,0.08227468281984329,0.06567864865064621,0.016596034
11129258,25.384175,CANDIDATE,0.09826428,0.11410614848136902,0.0824224054813385,0.03168375
11187436,5.90741476,CANDIDATE,0.12666051,0.16224642097949982,0.09107460081577301,0.07117182
10878263,7.170710381,CANDIDATE,0.027713703,0.06820304691791534,0.0,0.08097869
10583066,6.02930329,CANDIDATE,0.17713542,0.22798870503902435,0.12628214061260223,0.10170656
10005788,10.99470891,CANDIDATE,0.114754565,0.1225450336933136,0.1069640964269638,0.015580937
11497958,5.841636615,CANDIDATE,0.033044115,0.05840155482292175,0.00768667459487915,0.05071488
10006581,40.1097817,CANDIDATE,0.17326519,0.20980268716812134,0.1367276906967163,0.07307498
10872983,11.09432054,CANDIDATE,0.2332584,0.30406421422958374,0.1624525636434555,0.14161167
10872983,11.09432054,CANDIDATE,0.2537132,0.2940990626811981,0.2133273184299469,0.080771744
10122538,12.2854718,CANDIDATE,0.082725815,0.09006999433040619,0.07538163661956787,0.014688358
10813132,4.76702759,CANDIDATE,0.059628267,0.11332613229751587,0.005930397659540176,0.10739574
10600261,52.8148051,CANDIDATE,0.14354222,0.1755991280078888,0.11148529499769211,0.06411384
10019065,52.6298542,CANDIDATE,0.091810815,0.10343815386295319,0.0801834762096405,0.02325467
10723367,19.9865916,CANDIDATE,0.33814216,0.4648059606552124,0.2114783525466919,0.2533276
11389771,2.508553286,CANDIDATE,0.09796064,0.1126808375120163,0.08324044942855835,0.029440388
10978763,4.97760447,CANDIDATE,0.08403169,0.08744442462921143,0.0806189626455307,0.0068254545
11401767,20.0545282,CANDIDATE,0.16669504,0.1800381988286972,0.15335188806056976,0.026686318
10599206,18.42794957,CANDIDATE,0.20945992,0.278260737657547,0.14065909385681152,0.13760163
10059645,6.49441464,CANDIDATE,0.1273676,0.13518691062927246,0.11954829096794128,0.015638612
11621223,4.903321801,CANDIDATE,0.12930784,0.16834667325019836,0.09026899188756943,0.07807769
10583761,2.685054445,CANDIDATE,0.13242868,0.16041606664657593,0.10444128513336182,0.055974774
11656918,62.1385979,CANDIDATE,0.093003556,0.10243983566761017,0.08356727659702301,0.018872552
10468885,0.664074145,CANDIDATE,0.15686546,0.19015248119831085,0.12357844412326813,0.06657404
10395381,17.6717714,CANDIDATE,0.12873957,0.13332049548625946,0.12415863573551178,0.00916186
11403339,4.79029482,CANDIDATE,0.13873577,0.15064570307731628,0.12682583928108215,0.023819856
10418224,6.8731664,CANDIDATE,0.111588396,0.11377863585948944,0.10939815640449524,0.004380487
10006581,40.1097817,CANDIDATE,0.09320439,0.10610300302505493,0.08030577003955841,0.025797233
10328458,2.352273912,CANDIDATE,0.1134344,0.17769375443458557,0.049175046384334564,0.1285187
11624249,1.82708193,CANDIDATE,0.0774378,0.10244117677211761,0.05243443325161934,0.05000674
11336883,7.16893064,CANDIDATE,0.14936464,0.14974239468574524,0.14898687601089478,0.0007555038
10843590,18.87022157,CANDIDATE,0.15390143,0.16198034584522247,0.14582251012325287,0.016157828
11192998,7.650243513,CANDIDATE,0.16048615,0.18323305249214172,0.13773924112319946,0.045493804
10005758,134.4785189,CANDIDATE,0.15134493,0.18874943256378174,0.11394041776657104,0.074809015
10024701,14.37504582,CANDIDATE,0.072921306,0.09452280402183533,0.051319804042577744,0.043203004
11493431,2.343230566,CANDIDATE,0.18551525,0.19766265153884888,0.17336785793304443,0.024294794
10272442,24.5434566,CANDIDATE,0.1349337,0.1355130970478058,0.13435429334640503,0.0011587888
10965588,62.8917493,CANDIDATE,0.17589545,0.2018367499113083,0.149954155087471,0.051882602
10682541,4.99677968,CANDIDATE,0.14587292,0.1513732224702835,0.1403726190328598,0.011000611
10854546,2.168451063,CANDIDATE,0.13744865,0.17023594677448273,0.10466136038303375,0.06557458
10098844,47.4497134,CANDIDATE,0.11729623,0.14270566403865814,0.09188678860664368,0.050818875
11414511,2.816504904,CANDIDATE,0.04326827,0.057717956602573395,0.028818583115935326,0.028899375
11414511,2.816504904,CANDIDATE,0.058001272,0.09226498752832413,0.023737557232379913,0.06852743
10975146,0.63133171,CANDIDATE,0.14496768,0.18335473537445068,0.10658061504364014,0.07677413
11403044,4.125543472,CANDIDATE,0.14490852,0.1977318972349167,0.09208513796329498,0.10564675
10963065,2.465024332,CANDIDATE,0.17717165,0.21687978506088257,0.1374635100364685,0.07941626
11403530,3.61460332,CANDIDATE,0.18048204,0.2221474051475525,0.1388166844844818,0.08333072
11551692,7.834433676,CANDIDATE,0.056012575,0.06090362370014191,0.05112152546644211,0.009782098
10586208,23.58444746,CANDIDATE,0.15956125,0.1890309602022171,0.13009153306484222,0.058939427
11090556,2.7881793,CANDIDATE,0.22089648,0.27051427960395813,0.1712786853313446,0.0992356
10779233,201.118319,CANDIDATE,0.14355521,0.1441647708415985,0.14294564723968506,0.0012191236
10790387,117.93110803,CANDIDATE,0.049859297,0.051824282854795456,0.04789431020617485,0.0039299726
10973814,44.8520997,CANDIDATE,0.059994616,0.08090569078922272,0.03908354416489601,0.041822143
11656246,18.11473813,CANDIDATE,0.15400238,0.17438454926013947,0.1336202174425125,0.04076433
11391018,30.360445359,CANDIDATE,0.09712067,0.11551892757415771,0.07872241735458374,0.036796503
11069176,15.3789014,CANDIDATE,0.10206609,0.11346179246902466,0.0906703919172287,0.022791393
10154388,12.06222962,CANDIDATE,0.14182265,0.15912078320980072,0.12452451884746552,0.034596264
10552611,7.0106324,CANDIDATE,0.11499099,0.12000568211078644,0.10997629165649414,0.01002939
10963242,6.1469956,CANDIDATE,0.10476684,0.11998578161001205,0.08954789489507675,0.030437887
10793172,12.0999065,CANDIDATE,0.2706699,0.3753432333469391,0.16599658131599426,0.20934665
10089911,6.96704926,CANDIDATE,0.08812001,0.09760946035385132,0.07863056659698486,0.018978901
11650401,3.94660745,CANDIDATE,0.28093433,0.3299262821674347,0.23194238543510437,0.0979839
11403389,45.0909201,CANDIDATE,0.08520613,0.11385616660118103,0.056556086987257004,0.057300083
10854768,10.1171684,CANDIDATE,0.12896208,0.19354522228240967,0.06437894701957703,0.12916628
11017901,7.794302043,CANDIDATE,0.05454421,0.08601538836956024,0.02307302877306938,0.06294236
10854768,10.1171684,CANDIDATE,0.27100405,0.34493979811668396,0.19706830382347107,0.1478715
11508644,14.2563272,CANDIDATE,0.16889167,0.22183360159397125,0.11594973504543304,0.105883874
11308499,3.28192056,CANDIDATE,0.13863835,0.19042617082595825,0.08685051649808884,0.10357566
10615440,10.8118317,CANDIDATE,0.05285461,0.06117677688598633,0.04453244060277939,0.016644336
10080248,14.8783945,CANDIDATE,0.11856646,0.13876889646053314,0.09836402535438538,0.04040487
11360571,77.2550726,CANDIDATE,0.112960674,0.136045902967453,0.08987543731927872,0.046170473
11134879,4.30165843,CANDIDATE,0.12265812,0.12515294551849365,0.12016329169273376,0.0049896464
10965008,81.1701587,CANDIDATE,0.21351948,0.26030847430229187,0.16673049330711365,0.093577966
11134879,4.30165843,CANDIDATE,0.0075283134,0.050582773983478546,0.0,0.08610892
11547505,0.938466959,CANDIDATE,0.14763351,0.18499085307121277,0.11027615517377853,0.074714705
10123064,4.243748097,CANDIDATE,0.06528117,0.10239230841398239,0.02817002683877945,0.07422228
10989274,16.17803,CANDIDATE,0.124220684,0.1275198757648468,0.12092149257659912,0.0065983757
11090765,21.21712312,CANDIDATE,0.08200843,0.12728744745254517,0.03672940284013748,0.09055805
10591855,1.574090323,CANDIDATE,0.13518019,0.17691850662231445,0.09344186633825302,0.08347665
10271806,5.924993927,CANDIDATE,0.10437074,0.11032439768314362,0.09841708838939667,0.011907317
10905911,1.34155642,CANDIDATE,0.11271334,0.13624773919582367,0.08917893469333649,0.047068797
10214162,17.42393582,CANDIDATE,0.30426684,0.4009242057800293,0.20760945975780487,0.19331476
10982872,4.761705895,CANDIDATE,0.12179114,0.14857760071754456,0.09500467777252197,0.05357293
10122538,12.2854718,CANDIDATE,0.08461153,0.09382972121238708,0.07539333403110504,0.018436395
10158729,58.601926,CANDIDATE,0.24971616,0.34469839930534363,0.15473392605781555,0.18996449
10158729,58.601926,CANDIDATE,0.23520456,0.32103127241134644,0.14937786757946014,0.17165339
10489345,1.003931703,CANDIDATE,0.16307916,0.17210185527801514,0.15405645966529846,0.01804541
10601284,5.349553819,CANDIDATE,0.31805462,0.40656161308288574,0.2295476347208023,0.17701396
11401767,20.0545282,CANDIDATE,0.3266936,0.44504645466804504,0.20834073424339294,0.2367057
10577994,8.1808949,CANDIDATE,0.25889242,0.3318084478378296,0.18597640097141266,0.14583203
10549023,14.36270451,CANDIDATE,0.14903137,0.20618899166584015,0.09187375009059906,0.11431525
10978763,4.97760447,CANDIDATE,0.08448371,0.09020863473415375,0.07875879108905792,0.011449844
10723367,19.9865916,CANDIDATE,0.24208388,0.31982696056365967,0.1643407791852951,0.1554862
10937029,4.030466786,CANDIDATE,0.1703125,0.17638352513313293,0.1642414629459381,0.012142062
11129258,25.384175,CANDIDATE,0.110343434,0.12771405279636383,0.09297281503677368,0.034741245
10676014,16.78175788,CANDIDATE,0.01672781,0.050776563584804535,0.0,0.06809751
10587105,1.980356674,CANDIDATE,0.15349452,0.17079925537109375,0.1361897885799408,0.03460946
11129738,2.613020421,CANDIDATE,0.17221652,0.19799277186393738,0.1464402675628662,0.05155249
11037335,40.7150498,CANDIDATE,0.13166118,0.15573260188102722,0.10758975148200989,0.048142843
10005758,134.4785189,CANDIDATE,0.09299842,0.09782133996486664,0.08817550539970398,0.009645827
11121752,3.93083997,CANDIDATE,0.12970199,0.13491034507751465,0.12449362874031067,0.010416709
10253547,59.9809868,CANDIDATE,0.13612744,0.1726243793964386,0.09963050484657288,0.072993875
11121752,3.93083997,CANDIDATE,0.16546945,0.22033849358558655,0.11060040444135666,0.1097381
11394027,14.38682567,CANDIDATE,0.21539202,0.23335400223731995,0.19743004441261292,0.035923958
10203349,17.14648756,CANDIDATE,0.3730167,0.4390605390071869,0.30697283148765564,0.13208771
10723750,50.79034648,CANDIDATE,0.07903846,0.08361484110355377,0.07446208596229553,0.009152763
10723750,50.79034648,CANDIDATE,0.11056205,0.12063407897949219,0.1004900187253952,0.020144068
10965588,62.8917493,CANDIDATE,0.057257183,0.08321172744035721,0.03130263835191727,0.051909093
10330115,13.21409607,CANDIDATE,0.06409436,0.11434780061244965,0.013840917497873306,0.10050688
10593626,289.864067,CANDIDATE,0.09452957,0.1046866923570633,0.08437244594097137,0.020314254
11360805,26.7838935,CANDIDATE,0.07753239,0.11551989614963531,0.039544880390167236,0.075975016
11446443,2.470613377,CANDIDATE,0.059456825,0.08643974363803864,0.03247390314936638,0.053965844
11259686,34.4359387,CANDIDATE,0.09968241,0.1341770887374878,0.0651877373456955,0.068989344
11074835,6.03355539,CANDIDATE,0.20592467,0.23293174803256989,0.17891760170459747,0.054014146
10987985,16.01308419,CANDIDATE,0.095570736,0.12159992754459381,0.06954154372215271,0.052058376
10583761,2.685054445,CANDIDATE,0.08016963,0.0803515762090683,0.07998768985271454,0.0003638789
11621223,4.903321801,CANDIDATE,0.12228003,0.14070893824100494,0.10385112464427948,0.036857806
10908248,39.859505,CANDIDATE,0.15327133,0.17749229073524475,0.1290503740310669,0.04844193
11624249,1.82708193,CANDIDATE,0.17179239,0.19104358553886414,0.15254119038581848,0.038502403
11032227,7.19304935,CANDIDATE,0.3465092,0.433506041765213,0.259512335062027,0.17399369
10464050,4.469754641,CANDIDATE,0.04542508,0.07588548958301544,0.014964668080210686,0.060920823
11391957,8.35389523,CANDIDATE,0.0931056,0.09334804862737656,0.09286314994096756,0.0004848987
11074178,14.30517579,CANDIDATE,0.0711688,0.07499033212661743,0.06734727323055267,0.0076430663
10418224,6.8731664,CANDIDATE,0.11252612,0.114848792552948,0.11020344495773315,0.004645355
11348997,5.132486123,CANDIDATE,0.11244018,0.1441393345594406,0.0807410180568695,0.06339831
10266615,10.94026745,CANDIDATE,0.11132107,0.13028544187545776,0.09235668927431107,0.03792876
11090556,2.7881793,CANDIDATE,0.09671139,0.11687630414962769,0.07654647529125214,0.04032983
10024051,0.577369336,CANDIDATE,0.015401657,0.06261672079563141,0.0,0.09443013
10454313,4.221626193,CANDIDATE,0.20614171,0.25576868653297424,0.1565147340297699,0.099253945
11037511,3.11604194,CANDIDATE,0.14103088,0.1575699746608734,0.12449178099632263,0.0330782
11153539,4.49876511,CANDIDATE,0.13429137,0.17523610591888428,0.09334662556648254,0.08188947
10057494,2.41810158,CANDIDATE,0.09436115,0.11153338849544525,0.07718890905380249,0.03434448
11015108,39.30944096,CANDIDATE,0.22094902,0.22618785500526428,0.21571019291877747,0.010477662
10028535,0.663085361,CANDIDATE,0.08353849,0.0923011526465416,0.0747758224606514,0.01752533
10388286,1.682695938,CANDIDATE,0.079185076,0.08978172391653061,0.06858842819929123,0.021193296
11080405,25.1933989,CANDIDATE,0.20894045,0.25999918580055237,0.1578817069530487,0.10211747
11288505,19.80787763,CANDIDATE,0.12768932,0.16968436539173126,0.08569426834583282,0.0839901
10471515,3.7847507,CANDIDATE,0.19435036,0.22548243403434753,0.16321828961372375,0.062264152
11507101,38.3775486,CANDIDATE,0.19267288,0.22937896847724915,0.15596678853034973,0.07341218
11551692,7.834433676,CANDIDATE,0.021674199,0.040542542934417725,0.0028058551251888275,0.037736688
11285870,4.48494315,CANDIDATE,0.16756907,0.24120797216892242,0.09393016993999481,0.1472778
11403044,4.125543472,CANDIDATE,0.16861415,0.2131829559803009,0.12404533475637436,0.08913763
10963065,2.465024332,CANDIDATE,0.14398143,0.16398805379867554,0.12397480010986328,0.040013246
11337833,51.3011844,CANDIDATE,0.2782021,0.3402966260910034,0.2161075323820114,0.12418911
10718726,3.595769013,CANDIDATE,0.22494978,0.25538551807403564,0.19451403617858887,0.060871497
10028792,114.73658,CANDIDATE,0.027209181,0.034894611686468124,0.019523750990629196,0.015370861
10004738,56.4758069,CANDIDATE,0.103050955,0.11354082077741623,0.09256108850240707,0.020979732
10214162,17.42393582,CANDIDATE,0.19051768,0.2265840768814087,0.15445128083229065,0.0721328
10525077,11.006795,CANDIDATE,0.09145106,0.09571672976016998,0.08718538284301758,0.008531347
10905911,1.34155642,CANDIDATE,0.035569735,0.06505832076072693,0.006081152707338333,0.058977164
10525077,11.006795,CANDIDATE,0.06393167,0.10078113526105881,0.02708219736814499,0.07369894
11122894,74.92768653,CANDIDATE,0.14675644,0.1737506091594696,0.11976226419210434,0.053988352
11122894,74.92768653,CANDIDATE,0.14678833,0.1572408378124237,0.1363358199596405,0.020905025
11090765,21.21712312,CANDIDATE,0.18143016,0.2118832767009735,0.15097704529762268,0.060906224
11361646,7.97420583,CANDIDATE,0.11800761,0.1338810920715332,0.10213412344455719,0.03174697
10989274,16.17803,CANDIDATE,0.119330764,0.16189558804035187,0.07676593959331512,0.08512964
11449844,38.47876629,CANDIDATE,0.065136075,0.0774444192647934,0.05282772704958916,0.024616696
10271806,5.924993927,CANDIDATE,0.02412451,0.0704677402973175,0.0,0.09268645
10454632,20.16037858,CANDIDATE,0.02263025,0.04619242995977402,0.0,0.04712436
10538176,12.69905011,CANDIDATE,0.2756759,0.37142661213874817,0.17992517352104187,0.19150144
10212441,15.0447098,CANDIDATE,0.18687582,0.2312992513179779,0.1424523890018463,0.08884686
10538176,12.69905011,CANDIDATE,0.26123047,0.3627442717552185,0.1597166657447815,0.2030276
11337372,6.53194024,CANDIDATE,0.13681662,0.17505133152008057,0.09858191013336182,0.07646943
10388286,1.682695938,CANDIDATE,0.121832184,0.12967491149902344,0.11398945748806,0.015685454
11612280,9.4061364,CANDIDATE,0.122308366,0.15686747431755066,0.08774925768375397,0.069118224
11153121,14.97031664,CANDIDATE,0.17949761,0.19020090997219086,0.16879431903362274,0.021406591
10990886,11.023474798,CANDIDATE,0.158407,0.1735420525074005,0.14327195286750793,0.030270107
11069176,15.3789014,CANDIDATE,0.07262526,0.07939213514328003,0.0658583790063858,0.013533764
10002866,3.936993144,CANDIDATE,0.06478516,0.09914428740739822,0.030426032841205597,0.068718255
11460018,4.280963604,CANDIDATE,0.26481014,0.2922453284263611,0.23737496137619019,0.054870352
10793172,12.0999065,CANDIDATE,0.208357,0.2506953179836273,0.16601867973804474,0.084676646
10963242,6.1469956,CANDIDATE,0.26835036,0.3385921120643616,0.19810861349105835,0.1404835
11601584,51.8098276,CANDIDATE,0.303675,0.31141403317451477,0.2959359586238861,0.01547806
10723367,19.9865916,CANDIDATE,0.21607025,0.26861250400543213,0.16352799534797668,0.105084494
10158729,58.601926,CANDIDATE,0.33337995,0.4826180636882782,0.1841418445110321,0.29847622
10489345,1.003931703,CANDIDATE,0.098622076,0.11132708191871643,0.08591707050800323,0.025410011
10489345,1.003931703,CANDIDATE,0.14141688,0.1490679383277893,0.1337658166885376,0.015302114
10386984,1.287076693,CANDIDATE,0.18093182,0.20724047720432281,0.15462316572666168,0.05261732
11129738,2.613020421,CANDIDATE,0.21603487,0.22131946682929993,0.2107502818107605,0.010569185
11015323,34.18884323,CANDIDATE,0.044541877,0.11130771040916443,0.0,0.13353166
10978763,4.97760447,CANDIDATE,0.019560155,0.07419901341199875,0.0,0.10927772
10549023,14.36270451,CANDIDATE,0.17324209,0.17326712608337402,0.1732170581817627,5.0053e-05
10289119,16.10474503,CANDIDATE,0.1494634,0.16330188512802124,0.13562491536140442,0.027676955
10330115,13.21409607,CANDIDATE,0.11112813,0.11728304624557495,0.1049732118844986,0.012309834
10122538,12.2854718,CANDIDATE,0.19075982,0.2119992971420288,0.16952034831047058,0.04247894
10358759,10.3392408,CANDIDATE,0.1648204,0.2080409824848175,0.12159981578588486,0.086441174
10006581,40.1097817,CANDIDATE,0.17709672,0.22730223834514618,0.12689121067523956,0.100411035
11624249,1.82708193,CANDIDATE,0.17325467,0.18177837133407593,0.164730966091156,0.017047405
11037335,40.7150498,CANDIDATE,0.20365834,0.2806001305580139,0.12671655416488647,0.15388358
11037335,40.7150498,CANDIDATE,0.21866448,0.24408584833145142,0.1932431161403656,0.050842732
10460984,10.94577783,CANDIDATE,0.12832794,0.16053467988967896,0.09612119197845459,0.06441349
10925104,8.041347775,CANDIDATE,0.06797772,0.09560735523700714,0.04034808278083801,0.05525927
10982872,4.761705895,CANDIDATE,0.095502235,0.1015830859541893,0.08942138403654099,0.012161702
10026502,101.952048,CANDIDATE,0.2035068,0.28702694177627563,0.1199866533279419,0.16704029
10723367,19.9865916,CANDIDATE,0.12782572,0.1585792601108551,0.09707218408584595,0.061507076
11032227,7.19304935,CANDIDATE,0.11705856,0.1415107548236847,0.09260636568069458,0.04890438
11356260,8.50698069,CANDIDATE,0.149818,0.1605829894542694,0.13905301690101624,0.021529973
10464050,4.469754641,CANDIDATE,0.08777299,0.11390171945095062,0.06164425238966942,0.05225747
11121752,3.93083997,CANDIDATE,0.15633559,0.2242802083492279,0.08839097619056702,0.13588923
10978763,4.97760447,CANDIDATE,0.09865649,0.1037689745426178,0.09354400634765625,0.010224976
10272640,3.770551475,CANDIDATE,0.09800897,0.10477567464113235,0.09124226123094559,0.013533413
10068659,11.47685263,CANDIDATE,0.10509735,0.12082269787788391,0.08937200903892517,0.03145068
11455428,22.1270885,CANDIDATE,0.032588203,0.05262359231710434,0.012552812695503235,0.04007078
11253827,88.5122014,CANDIDATE,0.01883239,0.061723969876766205,0.0,0.08578316
11446443,2.470613377,CANDIDATE,0.01867376,0.04321183264255524,0.0,0.049076147
10723750,50.79034648,CANDIDATE,0.21678849,0.25683557987213135,0.17674140632152557,0.08009416
10024701,14.37504582,CANDIDATE,0.05271333,0.08575576543807983,0.019670892506837845,0.06608488
11450414,12.7983174,CANDIDATE,0.3634216,0.48873019218444824,0.23811297118663788,0.25061724
11554435,9.43414171,CANDIDATE,0.076205865,0.0912882536649704,0.061123475432395935,0.030164778
11360805,26.7838935,CANDIDATE,0.18416761,0.21358439326286316,0.15475082397460938,0.05883357
11499192,4.13592927,CANDIDATE,0.14040332,0.18145236372947693,0.09935426712036133,0.0820981
11624249,1.82708193,CANDIDATE,0.091949455,0.10748761892318726,0.07641129195690155,0.031076334
10329469,55.8224775,CANDIDATE,0.26957753,0.35406777262687683,0.18508729338645935,0.1689805
10587105,1.980356674,CANDIDATE,0.19410627,0.21783101558685303,0.17038151621818542,0.0474495
10910878,16.06864674,CANDIDATE,0.21617371,0.23837284743785858,0.193974569439888,0.044398278
11129258,25.384175,CANDIDATE,0.08765164,0.10576249659061432,0.06954078376293182,0.036221705
10329196,85.7567919,CANDIDATE,0.11095285,0.15854322910308838,0.0633624717593193,0.09518075
11391957,8.35389523,CANDIDATE,0.123723954,0.14886006712913513,0.09858784079551697,0.05027222
10028792,114.73658,CANDIDATE,0.19466658,0.20953144133090973,0.17980171740055084,0.029729724
10189546,24.61480613,CANDIDATE,0.11729494,0.12984195351600647,0.10474792122840881,0.02509404
10617017,13.15140223,CANDIDATE,0.1437209,0.18061581254005432,0.10682597011327744,0.07378985
10709622,51.3283527,CANDIDATE,0.26785365,0.3000934422016144,0.2356138527393341,0.06447959
10214162,17.42393582,CANDIDATE,0.044407275,0.07866343855857849,0.010151110589504242,0.06851233
10964440,19.12947603,CANDIDATE,0.16257995,0.19115331768989563,0.1340065896511078,0.057146728
10471515,3.7847507,CANDIDATE,0.16303186,0.18125765025615692,0.14480607211589813,0.03645158
11401182,0.927859786,CANDIDATE,0.11029133,0.1421610563993454,0.07842160761356354,0.06373944
10130039,12.75800092,CANDIDATE,0.048210762,0.06515838950872421,0.03126313537359238,0.03389525
10619192,1.485710994,CANDIDATE,0.022345537,0.07066536694765091,0.0,0.096639656
11337566,7.12815163,CANDIDATE,0.1494311,0.16492483019828796,0.13393735885620117,0.030987486
11449844,38.47876629,CANDIDATE,0.031000137,0.07746687531471252,0.0,0.092933476
10593535,20.9254083,CANDIDATE,0.040053893,0.0764627754688263,0.0036450140178203583,0.07281776
10212441,15.0447098,CANDIDATE,0.16537037,0.2005755603313446,0.1301651895046234,0.070410356
10337517,7.053934488,CANDIDATE,0.117229685,0.1831837296485901,0.051275648176670074,0.13190807
10454632,20.16037858,CANDIDATE,0.07996056,0.08796553313732147,0.0719555914402008,0.016009942
11461844,13.6823798,CANDIDATE,0.17491587,0.20905405282974243,0.14077767729759216,0.068276376
10963242,6.1469956,CANDIDATE,0.13607836,0.15233348309993744,0.11982323229312897,0.03251025
11288505,19.80787763,CANDIDATE,0.21966526,0.24763140082359314,0.19169911742210388,0.05593227
10916600,5.57654782,CANDIDATE,0.16135342,0.17620891332626343,0.1464979350566864,0.02971097
11453592,2.8867624,CANDIDATE,0.18313397,0.19930148124694824,0.16696646809577942,0.032335
11650401,3.94660745,CANDIDATE,0.23801903,0.28345638513565063,0.1925816833972931,0.09087472
10057494,2.41810158,CANDIDATE,0.08001077,0.08792146295309067,0.07210008054971695,0.015821382
10002866,3.936993144,CANDIDATE,0.11693743,0.1221947968006134,0.1116800606250763,0.010514736
10984090,3.709214104,CANDIDATE,0.15677136,0.15961843729019165,0.15392428636550903,0.005694151
10454313,4.221626193,CANDIDATE,0.33863366,0.4394926428794861,0.23777467012405396,0.20171796
10028535,0.663085361,CANDIDATE,0.09462452,0.09641081094741821,0.09283822774887085,0.0035725757
10266615,10.94026745,CANDIDATE,0.15326977,0.16499845683574677,0.14154107868671417,0.023457386
11348997,5.132486123,CANDIDATE,0.19394682,0.23420482873916626,0.15368881821632385,0.08051602
11285870,4.48494315,CANDIDATE,0.2065402,0.21888813376426697,0.19419226050376892,0.024695888
10904857,3.120828136,CANDIDATE,0.07309403,0.09315140545368195,0.053036656230688095,0.040114753
11460018,4.280963604,CANDIDATE,0.33591187,0.43440988659858704,0.23741385340690613,0.19699603
10214162,17.42393582,CANDIDATE,0.20662077,0.24805501103401184,0.16518652439117432,0.082868494
10666592,2.204735417,CANDIDATE,0.07027142,0.10685697942972183,0.03368585556745529,0.073171124
10531955,2.344512589,CANDIDATE,0.16349997,0.1638891100883484,0.16311082243919373,0.00077830255
11153539,4.49876511,CANDIDATE,0.21172433,0.2520368993282318,0.17141175270080566,0.080625154
10538176,12.69905011,CANDIDATE,0.37800273,0.4560898542404175,0.299915611743927,0.15617421
10525077,11.006795,CANDIDATE,0.13924837,0.18427345156669617,0.09422329068183899,0.09005015
11122894,74.92768653,CANDIDATE,0.10926133,0.12396606057882309,0.09455659240484238,0.029409468
10963065,2.465024332,CANDIDATE,0.06258918,0.06838743388652802,0.05679093673825264,0.011596493
11015108,39.30944096,CANDIDATE,0.13219975,0.16404235363006592,0.10035713762044907,0.06368522
10027247,86.829519,CANDIDATE,0.10219797,0.12712359428405762,0.07727234065532684,0.049851254
11551692,7.834433676,CANDIDATE,0.06999726,0.0841340571641922,0.05586046352982521,0.02827359
11601584,51.8098276,CANDIDATE,0.15768369,0.17973792552947998,0.13562944531440735,0.04410848
11507101,38.3775486,CANDIDATE,0.31393987,0.41434234380722046,0.21353740990161896,0.20080492
10388286,1.682695938,CANDIDATE,0.04248659,0.08814564347267151,0.0,0.09131811
10154388,12.06222962,CANDIDATE,0.1342484,0.1515374481678009,0.11695936322212219,0.034578092
10027323,5.92365747,CANDIDATE,0.21191126,0.28488534688949585,0.13893719017505646,0.14594814
11337833,51.3011844,CANDIDATE,0.122632034,0.14297400414943695,0.1022900640964508,0.040683933
10004738,56.4758069,CANDIDATE,0.093635015,0.14043459296226501,0.04683544486761093,0.09359914
10318874,2.508057497,CANDIDATE,0.081166714,0.09040375053882599,0.0719296783208847,0.018474072
10006581,40.1097817,CANDIDATE,0.32969034,0.4495452046394348,0.2098354697227478,0.23970975
10358759,10.3392408,CANDIDATE,0.18787569,0.27314072847366333,0.10261064767837524,0.17053008
10676014,16.78175788,CANDIDATE,0.071947806,0.08397144079208374,0.05992416664958,0.024047278
10460984,10.94577783,CANDIDATE,0.059600703,0.06393331289291382,0.055268097668886185,0.0086652115
10965588,62.8917493,CANDIDATE,0.10142614,0.10395745933055878,0.09889481961727142,0.005062647
10549023,14.36270451,CANDIDATE,0.22138332,0.26609429717063904,0.1766723394393921,0.08942196
10290666,5.45849914,CANDIDATE,0.31125617,0.36484387516975403,0.25766846537590027,0.107175425
11187436,5.90741476,CANDIDATE,0.069165446,0.11121294647455215,0.02711794525384903,0.084095
11402995,10.06083238,CANDIDATE,0.12208172,0.13120852410793304,0.11295491456985474,0.01825361
10872983,11.09432054,CANDIDATE,0.02308044,0.052222080528736115,0.0,0.058283284
11192998,7.650243513,CANDIDATE,0.21768863,0.25579899549484253,0.1795782744884491,0.07622073
11298298,5.248667607,CANDIDATE,0.04243298,0.05994531512260437,0.024920642375946045,0.035024673
11389771,2.508553286,CANDIDATE,0.17842376,0.1907341480255127,0.16611337661743164,0.024620786
10587105,1.980356674,CANDIDATE,0.15168288,0.16015775501728058,0.14320801198482513,0.01694975
10329469,55.8224775,CANDIDATE,0.19317794,0.2443046271800995,0.14205124974250793,0.10225336
11521793,27.08239734,CANDIDATE,0.08815968,0.11701033264398575,0.05930902808904648,0.057701305
10513530,16.54967098,CANDIDATE,0.13493708,0.1539861112833023,0.11588804423809052,0.038098074
10328458,2.352273912,CANDIDATE,0.21331109,0.24373584985733032,0.18288633227348328,0.060849503
10404582,37.8658964,CANDIDATE,0.13603544,0.16720637679100037,0.10486450791358948,0.06234187
10328458,2.352273912,CANDIDATE,0.13069172,0.1340816169977188,0.12730182707309723,0.0067797825
10005788,10.99470891,CANDIDATE,0.084675126,0.0996040552854538,0.06974619626998901,0.029857859
11403339,4.79029482,CANDIDATE,0.14989671,0.1799158751964569,0.11987754702568054,0.06003832
10395381,17.6717714,CANDIDATE,0.13748631,0.1709359586238861,0.10403666645288467,0.066899285
11336883,7.16893064,CANDIDATE,0.11748531,0.13032379746437073,0.10464681684970856,0.02567698
10395381,17.6717714,CANDIDATE,0.110667706,0.1820710152387619,0.03926439583301544,0.14280662
11403339,4.79029482,CANDIDATE,0.11658889,0.14271584153175354,0.09046193957328796,0.05225391
11241912,14.42735088,CANDIDATE,0.14574113,0.17634820938110352,0.11513405293226242,0.061214164
11498128,106.247882,CANDIDATE,0.38862115,0.5164676904678345,0.2607746124267578,0.25569308
11493431,2.343230566,CANDIDATE,0.1433517,0.15467633306980133,0.13202707469463348,0.022649258
11356260,8.50698069,CANDIDATE,0.11118074,0.11875433474779129,0.10360714048147202,0.015147194
10001368,4.76831033,CANDIDATE,0.19304083,0.22118863463401794,0.1648930311203003,0.05629561
10001368,4.76831033,CANDIDATE,0.1393686,0.15224896371364594,0.12648822367191315,0.02576074
11401755,16.23191704,CANDIDATE,0.14123228,0.15772020816802979,0.12474435567855835,0.03297586
10024701,14.37504582,CANDIDATE,0.06812694,0.0761018842458725,0.06015199050307274,0.015949897
10468885,0.664074145,CANDIDATE,0.2725646,0.27433133125305176,0.27079784870147705,0.0035334975
11414511,2.816504904,CANDIDATE,0.04249212,0.0736161544919014,0.01136808656156063,0.06224807
10793172,12.0999065,CANDIDATE,0.15311228,0.17217789590358734,0.13404665887355804,0.03813123
11650401,3.94660745,CANDIDATE,0.21042123,0.2626037001609802,0.15823876857757568,0.104364924
10098844,47.4497134,CANDIDATE,0.23146948,0.30366313457489014,0.1592758297920227,0.1443873
10098844,47.4497134,CANDIDATE,0.14733659,0.14968109130859375,0.14499208331108093,0.0046890005
11189311,81.4160138,CANDIDATE,0.12213993,0.13226883113384247,0.11201103031635284,0.020257793
10063802,120.0183551,CANDIDATE,0.16318302,0.1641312837600708,0.16223475337028503,0.0018965304
10089911,6.96704926,CANDIDATE,0.1365412,0.1377291977405548,0.1353532075881958,0.002376005
10028535,0.663085361,CANDIDATE,0.107768685,0.1225401908159256,0.09299717843532562,0.029543012
11403530,3.61460332,CANDIDATE,0.11756889,0.1759256273508072,0.05921214818954468,0.11671348
10586004,15.79196594,CANDIDATE,0.103474,0.13386791944503784,0.07308007776737213,0.06078784
10709622,51.3283527,CANDIDATE,0.28432757,0.39459770917892456,0.17405740916728973,0.22054031
10617017,13.15140223,CANDIDATE,0.1126038,0.13020795583724976,0.09499964118003845,0.035208307
10615440,10.8118317,CANDIDATE,0.13961667,0.1427791714668274,0.13645416498184204,0.0063250065
10122255,27.6652847,CANDIDATE,0.1955291,0.28049758076667786,0.11056062579154968,0.16993695
10189546,24.61480613,CANDIDATE,0.1661597,0.17456386983394623,0.1577555388212204,0.016808331
10022908,6.99130452,CANDIDATE,0.18385454,0.19396868348121643,0.17374038696289062,0.020228297
11027624,394.6249514,CANDIDATE,0.09665014,0.13897763192653656,0.05432264506816864,0.08465499
11461844,13.6823798,CANDIDATE,0.08677316,0.09140770137310028,0.08213861286640167,0.009269096
11391018,30.360445359,CANDIDATE,0.08106792,0.11527763307094574,0.046858202666044235,0.068419434
11090556,2.7881793,CANDIDATE,0.3871493,0.44801783561706543,0.32628077268600464,0.12173706
10593535,20.9254083,CANDIDATE,0.32214317,0.4414913058280945,0.20279501378536224,0.2386963
10779233,201.118319,CANDIDATE,0.075640835,0.0942336767911911,0.057047996670007706,0.037185676
10779233,201.118319,CANDIDATE,0.053236265,0.06003910303115845,0.046433426439762115,0.013605677
10717241,12.37646897,CANDIDATE,0.09258768,0.11321525275707245,0.07196010649204254,0.04125514
10854546,2.168451063,CANDIDATE,0.1264945,0.13322769105434418,0.11976130306720734,0.013466395
10793172,12.0999065,CANDIDATE,0.38870466,0.5235623121261597,0.2538469731807709,0.26971537
10653179,47.1607932,CANDIDATE,0.06525445,0.08427847921848297,0.046230416744947433,0.038048066
11547513,5.317440164,CANDIDATE,0.14280967,0.14383506774902344,0.14178428053855896,0.0020507723
10027247,86.829519,CANDIDATE,0.11639847,0.12572751939296722,0.10706941783428192,0.018658109
11360571,77.2550726,CANDIDATE,0.1310327,0.15860271453857422,0.10346269607543945,0.055140026
10857519,2.053341891,CANDIDATE,0.06204062,0.07065114378929138,0.053430091589689255,0.017221056
10154388,12.06222962,CANDIDATE,0.09140321,0.10016054660081863,0.08264587074518204,0.017514676
10388286,1.682695938,CANDIDATE,0.14475848,0.15005451440811157,0.1394624412059784,0.010592088
11074541,29.88487723,CANDIDATE,0.10295298,0.12393946200609207,0.08196649700403214,0.041972965
10586208,23.58444746,CANDIDATE,0.18314523,0.2583444118499756,0.10794602334499359,0.1503984
10854768,10.1171684,CANDIDATE,0.15866259,0.17698240280151367,0.14034277200698853,0.03663964
11090556,2.7881793,CANDIDATE,0.15427397,0.17903435230255127,0.12951359152793884,0.049520776
10973814,44.8520997,CANDIDATE,0.08485455,0.10393036156892776,0.06577873975038528,0.03815162
11134879,4.30165843,CANDIDATE,0.061671983,0.0619669072329998,0.061377059668302536,0.00058984756
10123064,4.243748097,CANDIDATE,0.1635475,0.17267955839633942,0.15441544353961945,0.018264115
10123064,4.243748097,CANDIDATE,0.09589552,0.11128772795200348,0.08050331473350525,0.030784413
11612280,9.4061364,CANDIDATE,0.24713257,0.2896614372730255,0.20460370182991028,0.08505772
10285631,18.68405716,CANDIDATE,0.11001324,0.1317138969898224,0.08831258118152618,0.043401316
11518142,240.7990472,CANDIDATE,0.08691242,0.09619884192943573,0.07762600481510162,0.01857283
11495458,10.45839865,CANDIDATE,0.03621002,0.06320801377296448,0.00921202078461647,0.053995997
11360805,26.7838935,CANDIDATE,0.1662635,0.20689764618873596,0.12562936544418335,0.08126827
10864531,83.4887405,CANDIDATE,0.096713915,0.10756811499595642,0.08585971593856812,0.021708392
10797460,9.48803557,CANDIDATE,0.0994521,0.11100107431411743,0.08790312707424164,0.023097955
10669994,2.71603664,CANDIDATE,0.22379711,0.2909691035747528,0.15662512183189392,0.13434398
10669994,2.71603664,CANDIDATE,0.23272955,0.24362890422344208,0.22183020412921906,0.0217987
11449844,38.47876629,CANDIDATE,0.031170469,0.05992557108402252,0.0024153664708137512,0.057510205
10360722,163.692336,CANDIDATE,0.24603724,0.31075942516326904,0.18131506443023682,0.12944438
10329469,55.8224775,CANDIDATE,0.22653651,0.30805644392967224,0.14501658082008362,0.16303986
11250587,7.256962446,CANDIDATE,0.17536072,0.18090613186359406,0.1698153167963028,0.011090815
10468885,0.664074145,CANDIDATE,0.27348986,0.38052141666412354,0.16645830869674683,0.21406312
11193263,6.91134223,CANDIDATE,0.20370293,0.23504573106765747,0.1723601222038269,0.0626856
11193263,6.91134223,CANDIDATE,0.33323625,0.41628703474998474,0.25018545985221863,0.16610159
10489206,4.164384505,CANDIDATE,0.12361288,0.124171681702137,0.12305407971143723,0.001117602
10464050,4.469754641,CANDIDATE,0.019556316,0.0713447704911232,0.0,0.103576906
11356260,8.50698069,CANDIDATE,0.20516787,0.2128860354423523,0.1974497139453888,0.015436307
11284772,4.50158249,CANDIDATE,0.12893866,0.17549608647823334,0.0823812335729599,0.09311486
10744335,4.59726613,CANDIDATE,0.1326087,0.19451314210891724,0.07070425152778625,0.12380889
10904857,3.120828136,CANDIDATE,0.07084352,0.10021217167377472,0.04147486388683319,0.05873731
10982872,4.761705895,CANDIDATE,0.10860033,0.13161061704158783,0.08559004962444305,0.04602056
11135308,1.877878538,CANDIDATE,0.26658562,0.33674779534339905,0.19642344117164612,0.14032435
11518142,240.7990472,CANDIDATE,0.19746763,0.27117812633514404,0.12375710904598236,0.14742103
11244682,3.490785878,CANDIDATE,0.07194723,0.08595186471939087,0.05794259533286095,0.028009273
11342416,25.3690868,CANDIDATE,0.13248885,0.17936325073242188,0.08561444282531738,0.093748815
11413812,5.65378163,CANDIDATE,0.14000475,0.1442764848470688,0.13573302328586578,0.008543454
10318874,2.508057497,CANDIDATE,0.12430106,0.13367345929145813,0.11492865532636642,0.018744811
10024051,0.577369336,CANDIDATE,0.2259086,0.3198215961456299,0.13199563324451447,0.18782595
11614617,24.7577652,CANDIDATE,0.20835517,0.260413259267807,0.15629708766937256,0.10411619
11015108,39.30944096,CANDIDATE,0.11595986,0.12480323761701584,0.10711648315191269,0.017686754
11250587,7.256962446,CANDIDATE,0.08287371,0.11547797918319702,0.050269436091184616,0.06520855
10020423,7.448375935,FALSE_POSITIVE,0.04252065,0.05668192729353905,0.028359372168779373,0.028322555
10722485,7.84931877,CANDIDATE,0.17580964,0.2608766257762909,0.09074264019727707,0.170134
10531955,2.344512589,CANDIDATE,0.06200106,0.07695675641298294,0.04704536497592926,0.029911391
11507101,38.3775486,CANDIDATE,0.19517952,0.26639825105667114,0.12396080791950226,0.14243743
11568987,15.95995611,CANDIDATE,0.11774884,0.12236831337213516,0.11312936991453171,0.009238943
10718726,3.595769013,CANDIDATE,0.17867696,0.2196248322725296,0.13772909343242645,0.08189575
10290666,5.45849914,CANDIDATE,0.2600564,0.3396051824092865,0.180507630109787,0.15909755
11414465,2.94194296,CANDIDATE,0.14881773,0.2050110399723053,0.09262441843748093,0.11238663
11259686,34.4359387,CANDIDATE,0.11625556,0.13143940269947052,0.10107171535491943,0.03036768
11414465,2.94194296,CANDIDATE,0.08549825,0.09623563289642334,0.07476086914539337,0.021474756
11517719,2.495780169,CANDIDATE,0.016060863,0.05002124607563019,0.0,0.06792077
10271806,5.924993927,CANDIDATE,0.069070056,0.06920754164457321,0.06893257051706314,0.00027497113
10330115,13.21409607,CANDIDATE,0.15602091,0.1769815981388092,0.13506022095680237,0.041921385
11394027,14.38682567,CANDIDATE,0.12630913,0.16552020609378815,0.08709804713726044,0.07842215
10329835,1.52373073,CANDIDATE,0.16147242,0.18166056275367737,0.1412842869758606,0.04037627
10253547,59.9809868,CANDIDATE,0.076058686,0.08121511340141296,0.0709022581577301,0.010312848
10153855,1.06378861,CANDIDATE,0.061256498,0.07991918921470642,0.042593806982040405,0.037325382
10670119,14.87149773,CANDIDATE,0.09323711,0.11194099485874176,0.07453322410583496,0.03740777
11254382,2.05388477,CANDIDATE,0.1570458,0.18012285232543945,0.13396874070167542,0.04615411
10227020,14.78767172,CANDIDATE,0.24700294,0.3201407492160797,0.17386513948440552,0.14627561
10554999,6.400157105,CANDIDATE,0.094590105,0.10343319177627563,0.08574701845645905,0.017686166
10730703,5.60013327,CANDIDATE,0.1610013,0.18800146877765656,0.13400112092494965,0.054000355
10132832,16.07673148,CANDIDATE,0.2177205,0.29219478368759155,0.14324618875980377,0.14894861
11303322,38.1303324,CANDIDATE,0.15333065,0.16533704102039337,0.1413242667913437,0.024012767
11177707,124.4197175,CANDIDATE,0.19338442,0.27831146121025085,0.10845737904310226,0.16985409
10340423,18.79418506,CANDIDATE,0.1648644,0.19707214832305908,0.13265666365623474,0.06441548
10717220,21.0907909,CANDIDATE,0.09113245,0.10980641841888428,0.07245847582817078,0.037347943
10094670,22.06402,CANDIDATE,0.13743132,0.14363974332809448,0.1312229037284851,0.01241684
10094670,22.06402,CANDIDATE,0.08972085,0.09295601397752762,0.08648569136857986,0.0064703226
10454313,4.221626193,CANDIDATE,0.05044622,0.07174591720104218,0.029146526008844376,0.042599387
10937029,4.030466786,CANDIDATE,0.12153054,0.13125775754451752,0.1118033230304718,0.019454435
10266615,10.94026745,CANDIDATE,0.08504931,0.08740076422691345,0.08269785344600677,0.004702911
11253827,88.5122014,CANDIDATE,0.06642073,0.07371153682470322,0.05912991613149643,0.014581621
11450414,12.7983174,CANDIDATE,0.13539197,0.14012110233306885,0.13066282868385315,0.009458266
10057494,2.41810158,CANDIDATE,0.074453615,0.07562507688999176,0.0732821524143219,0.0023429245
10601284,5.349553819,CANDIDATE,0.1350976,0.16085724532604218,0.1093379408121109,0.051519312
10842192,9.33648141,CANDIDATE,0.12041009,0.12537258863449097,0.11544759571552277,0.009925
11499228,19.7919389,CANDIDATE,0.122801736,0.12855330109596252,0.1170501634478569,0.011503145
11461844,13.6823798,CANDIDATE,0.14027114,0.1638365387916565,0.1167057454586029,0.0471308
10593535,20.9254083,CANDIDATE,0.36220327,0.4825952649116516,0.24181129038333893,0.24078396
11410904,3.53232429,CANDIDATE,0.028553182,0.06210274249315262,0.0,0.067099124
11446443,2.470613377,CANDIDATE,0.050695263,0.06141578033566475,0.039974745362997055,0.021441035
10577994,8.1808949,CANDIDATE,0.15894325,0.1787862777709961,0.13910022377967834,0.039686054
10709622,51.3283527,CANDIDATE,0.38462242,0.5092164874076843,0.2600283622741699,0.24918815
10468885,0.664074145,CANDIDATE,0.15425104,0.1697823703289032,0.13871970772743225,0.031062663
11621223,4.903321801,CANDIDATE,0.16776057,0.21538884937763214,0.12013228237628937,0.09525657
10583761,2.685054445,CANDIDATE,0.09867144,0.10499344766139984,0.09234942495822906,0.012644015
11304958,41.43958662,CANDIDATE,0.15206215,0.18464653193950653,0.1194777637720108,0.06516876
11017901,7.794302043,CANDIDATE,0.061188508,0.0652455985546112,0.05713141709566116,0.008114181
11037818,259.34304,CANDIDATE,0.3213206,0.4233993887901306,0.21924181282520294,0.20415756
10464050,4.469754641,CANDIDATE,0.07549814,0.08184943348169327,0.06914684921503067,0.012702584
10070468,1.68189051,CANDIDATE,0.36676314,0.5224140286445618,0.21111227571964264,0.31130174
10965008,81.1701587,CANDIDATE,0.0859563,0.0918065756559372,0.08010601997375488,0.011700563
11403389,45.0909201,CANDIDATE,0.12695321,0.15309318900108337,0.10081324726343155,0.052279934
10489206,4.164384505,CANDIDATE,0.07700661,0.07971503585577011,0.0742981806397438,0.005416855
11308499,3.28192056,CANDIDATE,0.24169071,0.26326850056648254,0.22011291980743408,0.04315558
11288051,13.82142084,CANDIDATE,0.12707637,0.1309814602136612,0.12317128479480743,0.007810168
10005758,134.4785189,CANDIDATE,0.26492158,0.33818215131759644,0.19166100025177002,0.14652115
10285631,18.68405716,CANDIDATE,0.14446928,0.17240777611732483,0.11653077602386475,0.055876993
10122255,27.6652847,CANDIDATE,0.0966364,0.09718675911426544,0.0960860401391983,0.0011007115
11176127,10.47548084,CANDIDATE,0.020247512,0.11894205957651138,0.0,0.1973891
10591855,1.574090323,CANDIDATE,0.083533965,0.09955200552940369,0.06751592457294464,0.032036074
10360722,163.692336,CANDIDATE,0.114688136,0.11758778989315033,0.11178848147392273,0.005799301
10797460,9.48803557,CANDIDATE,0.1597942,0.1823856085538864,0.13720278441905975,0.045182824
10552611,7.0106324,CANDIDATE,0.14340575,0.1526241898536682,0.13418731093406677,0.018436879
11360805,26.7838935,CANDIDATE,0.14069559,0.20016419887542725,0.08122698217630386,0.11893721
10656823,8.30783912,CANDIDATE,0.1447785,0.1548340767621994,0.13472293317317963,0.020111144
10863608,8.07127043,CANDIDATE,0.15619206,0.18186470866203308,0.13051941990852356,0.051345274
11614617,24.7577652,CANDIDATE,0.23000275,0.2712899446487427,0.18871556222438812,0.082574375
11236244,11.32269749,CANDIDATE,0.10076783,0.10796146094799042,0.09357419610023499,0.014387265
11656246,18.11473813,CANDIDATE,0.12358163,0.1570015400648117,0.09016172587871552,0.066839814
10290666,5.45849914,CANDIDATE,0.23806414,0.28379714488983154,0.19233113527297974,0.091465995
11037818,259.34304,CANDIDATE,0.22100227,0.27181461453437805,0.17018990218639374,0.10162472
10070468,1.68189051,CANDIDATE,0.24834391,0.34404832124710083,0.1526394933462143,0.19140884
11568987,15.95995611,CANDIDATE,0.07759094,0.07864651083946228,0.07653537392616272,0.0021111295
10790387,117.93110803,CANDIDATE,0.13644844,0.14268162846565247,0.13021525740623474,0.012466386
10909127,3.17059731,CANDIDATE,0.095494755,0.1070912629365921,0.08389824628829956,0.023193017
11244682,3.490785878,CANDIDATE,0.03891201,0.06674771755933762,0.011076301336288452,0.055671416
10982872,4.761705895,CANDIDATE,0.10267229,0.13119418919086456,0.07415038347244263,0.0570438
11135308,1.877878538,CANDIDATE,0.15547043,0.2717669904232025,0.039173878729343414,0.2325931
10586208,23.58444746,CANDIDATE,0.10575032,0.13631218671798706,0.07518846541643143,0.061123714
10460984,10.94577783,CANDIDATE,0.12458796,0.15287652611732483,0.09629939496517181,0.05657713
10973814,44.8520997,CANDIDATE,0.16125582,0.19174645841121674,0.1307651847600937,0.06098128
10358759,10.3392408,CANDIDATE,0.1918408,0.2121528685092926,0.17152872681617737,0.04062414
10064256,5.95958637,CANDIDATE,0.08583516,0.11777855455875397,0.05389176681637764,0.063886784
11413812,5.65378163,CANDIDATE,0.063447274,0.0919792652130127,0.03491528704762459,0.057063974
11401767,20.0545282,CANDIDATE,0.24686098,0.323710560798645,0.17001140117645264,0.15369916
10064256,5.95958637,CANDIDATE,0.028500715,0.04170660674571991,0.015294823795557022,0.026411783
10975146,0.63133171,CANDIDATE,0.09592262,0.10691653937101364,0.08492869883775711,0.02198784
11254382,2.05388477,CANDIDATE,0.17680101,0.20057302713394165,0.15302899479866028,0.04754404
11069176,15.3789014,CANDIDATE,0.040438395,0.06407506763935089,0.01680171862244606,0.047273353
10604335,11.00817635,CANDIDATE,0.18231706,0.1864463984966278,0.17818772792816162,0.008258671
10604335,11.00817635,CANDIDATE,0.13725656,0.13729505240917206,0.13721807301044464,7.69794e-05
11303322,38.1303324,CANDIDATE,0.2190213,0.27839159965515137,0.1596510112285614,0.11874058
10272442,24.5434566,CANDIDATE,0.06928214,0.09417831897735596,0.04438595846295357,0.049792357
10132832,16.07673148,CANDIDATE,0.22962841,0.2873712480068207,0.17188557982444763,0.11548565
10730703,5.60013327,CANDIDATE,0.12553415,0.1653900146484375,0.08567828685045242,0.07971172
11517719,2.495780169,CANDIDATE,0.028265981,0.05691252648830414,0.0,0.057293087
11192998,7.650243513,CANDIDATE,0.15569219,0.17562459409236908,0.13575978577136993,0.0398648
11298298,5.248667607,CANDIDATE,0.054665364,0.09018708020448685,0.01914364844560623,0.07104343
10059645,6.49441464,CANDIDATE,0.20951548,0.22905674576759338,0.18997421860694885,0.039082527
11656918,62.1385979,CANDIDATE,0.11173991,0.11198606342077255,0.11149375885725021,0.00049230456
11442793,331.5972732,CANDIDATE,0.10486339,0.11032366752624512,0.09940311312675476,0.010920547
11194032,28.51117639,CANDIDATE,0.1442327,0.15709593892097473,0.1313694715499878,0.025726475
11600889,0.669310092,CANDIDATE,0.13474649,0.14536228775978088,0.12413070350885391,0.021231577
11569782,2.787874175,CANDIDATE,0.10366047,0.11693103611469269,0.0903899073600769,0.026541136
10027247,86.829519,CANDIDATE,0.12585393,0.13420222699642181,0.11750562489032745,0.016696595
10724369,55.6391882,CANDIDATE,0.15529485,0.18697455525398254,0.12361515313386917,0.063359395
10585738,0.636424848,CANDIDATE,0.1399353,0.17882096767425537,0.10104963928461075,0.07777132
11090765,21.21712312,CANDIDATE,0.13146621,0.15598037838935852,0.10695204138755798,0.049028337
10384798,38.505224,CANDIDATE,0.2000233,0.26684343814849854,0.1332031637430191,0.13364026
10384798,38.505224,CANDIDATE,0.26334932,0.3229312300682068,0.20376741886138916,0.119163804
10600261,52.8148051,CANDIDATE,0.16502373,0.21643829345703125,0.11360915750265121,0.10282914
11086270,12.69104387,CANDIDATE,0.112884745,0.12526924908161163,0.10050024092197418,0.024769016
10018233,16.2959916,CANDIDATE,0.23038684,0.2320379763841629,0.22873570024967194,0.0033022761
10616679,8.600099313,CANDIDATE,0.08285706,0.09214895963668823,0.07356515526771545,0.018583812
10842192,9.33648141,CANDIDATE,0.07536561,0.09189913421869278,0.058832086622714996,0.033067048
10616679,8.600099313,CANDIDATE,0.08213338,0.08811359852552414,0.07615316659212112,0.011960432
10617017,13.15140223,CANDIDATE,0.17420575,0.1877920925617218,0.16061940789222717,0.027172677
10599206,18.42794957,CANDIDATE,0.049698945,0.07053381204605103,0.028864074498414993,0.04166974
11497958,5.841636615,CANDIDATE,0.14928421,0.1878517121076584,0.11071671545505524,0.077135
11410904,3.53232429,CANDIDATE,0.054527607,0.0938766747713089,0.015178538858890533,0.078698136
10189546,24.61480613,CANDIDATE,0.10530336,0.1277858018875122,0.08282092213630676,0.04496488
11403044,4.125543472,CANDIDATE,0.08298822,0.08852088451385498,0.0774555504322052,0.0110653415
10266615,10.94026745,CANDIDATE,0.083086245,0.08359401673078537,0.08257847279310226,0.0010155439
10454313,4.221626193,CANDIDATE,0.19415751,0.2262742966413498,0.16204072535037994,0.06423357
10340423,18.79418506,CANDIDATE,0.24302079,0.32136276364326477,0.16467881202697754,0.15668394
10057494,2.41810158,CANDIDATE,0.108414546,0.11093460768461227,0.10589448362588882,0.005040124
10810838,56.35407916,CANDIDATE,0.1627201,0.1667955070734024,0.1586446911096573,0.008150816
10990917,11.04605365,CANDIDATE,0.16555446,0.23688244819641113,0.09422647953033447,0.14265597
10724369,55.6391882,CANDIDATE,0.107802846,0.12262597680091858,0.09297971427440643,0.029646255
10990917,11.04605365,CANDIDATE,0.4045136,0.4613470137119293,0.3476801812648773,0.11366685
10905239,3.487688776,CANDIDATE,0.12264324,0.1300681233406067,0.11521835625171661,0.014849775
10583066,6.02930329,CANDIDATE,0.12665768,0.1469966471195221,0.10631871223449707,0.040677927
10878263,7.170710381,CANDIDATE,0.04830399,0.05055523291230202,0.04605275020003319,0.0045024827
11568987,15.95995611,CANDIDATE,0.10021695,0.10225719213485718,0.09817670285701752,0.0040804967
10909127,3.17059731,CANDIDATE,0.23220484,0.27245596051216125,0.19195371866226196,0.08050224
10854546,2.168451063,CANDIDATE,0.1489667,0.18425782024860382,0.11367557942867279,0.07058223
10779233,201.118319,CANDIDATE,0.036969874,0.0874740481376648,0.0,0.10100835
11614617,24.7577652,CANDIDATE,0.22054626,0.298117458820343,0.1429750770330429,0.15514237
10005758,134.4785189,CANDIDATE,0.13507314,0.14591547846794128,0.12423080205917358,0.021684669
10418224,6.8731664,CANDIDATE,0.06396756,0.08551395684480667,0.04242116957902908,0.043092787
11547513,5.317440164,CANDIDATE,0.08533667,0.08974860608577728,0.08092473447322845,0.008823879
11176127,10.47548084,CANDIDATE,0.10374257,0.17282429337501526,0.03466085344552994,0.13816343
10797460,9.48803557,CANDIDATE,0.13144343,0.15228046476840973,0.11060638725757599,0.041674078
11176127,10.47548084,CANDIDATE,0.26787776,0.3628043830394745,0.1729511320590973,0.18985324
11413812,5.65378163,CANDIDATE,0.16940007,0.17103761434555054,0.16776251792907715,0.0032750964
10653179,47.1607932,CANDIDATE,0.09237075,0.11717429757118225,0.06756719946861267,0.04960709
11032227,7.19304935,CANDIDATE,0.3528111,0.5075798034667969,0.19804240763187408,0.30953738
11621223,4.903321801,CANDIDATE,0.18715532,0.22591795027256012,0.1483926922082901,0.077525266
10583761,2.685054445,CANDIDATE,0.12340708,0.1407337486743927,0.10608041286468506,0.034653343
10987985,16.01308419,CANDIDATE,0.08040951,0.08609773218631744,0.07472129166126251,0.011376448
11518142,240.7990472,CANDIDATE,0.15310614,0.17125606536865234,0.1349562108516693,0.036299847
11244682,3.490785878,CANDIDATE,0.054992378,0.07444722950458527,0.03553752601146698,0.038909707
10857519,2.053341891,CANDIDATE,0.110342845,0.11981529742479324,0.10087039321660995,0.018944904
11135308,1.877878538,CANDIDATE,0.36202416,0.4929211139678955,0.23112720251083374,0.2617939
10863608,8.07127043,CANDIDATE,0.2488983,0.31519919633865356,0.18259739875793457,0.1326018
10863608,8.07127043,CANDIDATE,0.25178134,0.3196788430213928,0.18388384580612183,0.135795
11568987,15.95995611,CANDIDATE,0.1217564,0.13024760782718658,0.11326518654823303,0.016982414
10022908,6.99130452,CANDIDATE,0.104485065,0.11591070890426636,0.09305942058563232,0.022851288
11401767,20.0545282,CANDIDATE,0.38423708,0.5200204849243164,0.24845367670059204,0.2715668
11037818,259.34304,CANDIDATE,0.14995095,0.15393510460853577,0.1459667980670929,0.007968314
10070468,1.68189051,CANDIDATE,0.120518655,0.12297407537698746,0.11806323379278183,0.0049108416
11614617,24.7577652,CANDIDATE,0.16618654,0.22034615278244019,0.11202692240476608,0.10831924
10460984,10.94577783,CANDIDATE,0.114731625,0.13334301114082336,0.09612024575471878,0.037222758
11250587,7.256962446,CANDIDATE,0.12779668,0.156620591878891,0.09897276759147644,0.05764783
11236244,11.32269749,CANDIDATE,0.20159091,0.22852540016174316,0.17465642094612122,0.053868987
10813132,4.76702759,CANDIDATE,0.09937849,0.11048652231693268,0.08827045559883118,0.022216067
11403389,45.0909201,CANDIDATE,0.108509205,0.12262565642595291,0.09439275413751602,0.028232902
10797460,9.48803557,CANDIDATE,0.13482589,0.13618533313274384,0.133466437458992,0.0027189031
11308499,3.28192056,CANDIDATE,0.22470397,0.2877271771430969,0.16168077290058136,0.12604639
10873260,5.852968845,CANDIDATE,0.16031392,0.16172245144844055,0.15890538692474365,0.0028170645
11187436,5.90741476,CANDIDATE,0.07021416,0.0987689346075058,0.041659384965896606,0.05710955
11413812,5.65378163,CANDIDATE,0.30712503,0.439953088760376,0.17429697513580322,0.2656561
10122255,27.6652847,CANDIDATE,0.16906671,0.21312527358531952,0.12500815093517303,0.08811712
10063802,120.0183551,CANDIDATE,0.1851645,0.18943044543266296,0.1808985471725464,0.008531898
10591855,1.574090323,CANDIDATE,0.09150644,0.10811590403318405,0.07489696890115738,0.033218935
11135308,1.877878538,CANDIDATE,0.24957503,0.33513143658638,0.1640186309814453,0.1711128
11189311,81.4160138,CANDIDATE,0.07436872,0.08064611256122589,0.06809133291244507,0.012554772
11244682,3.490785878,CANDIDATE,0.09101861,0.12330107390880585,0.05873614177107811,0.064564936
10064256,5.95958637,CANDIDATE,0.07379565,0.10295858979225159,0.04463270679116249,0.05832588
11090765,21.21712312,CANDIDATE,0.14783145,0.16581113636493683,0.12985177338123322,0.035959363
10989274,16.17803,CANDIDATE,0.22998247,0.24322009086608887,0.21674484014511108,0.026475266
11303322,38.1303324,CANDIDATE,0.21991514,0.2825942635536194,0.1572360098361969,0.12535825
10604335,11.00817635,CANDIDATE,0.12872216,0.12889139354228973,0.12855292856693268,0.00033845752
11073351,2.820190603,CANDIDATE,0.16697194,0.17247414588928223,0.1614697277545929,0.011004403
11241912,14.42735088,CANDIDATE,0.32927907,0.41951584815979004,0.2390422821044922,0.18047357
10513530,16.54967098,CANDIDATE,0.30556372,0.3798789381980896,0.23124849796295166,0.14863044
10905911,1.34155642,CANDIDATE,0.109267995,0.11251205205917358,0.10602393746376038,0.006488107
11498128,106.247882,CANDIDATE,0.30048543,0.39547669887542725,0.20549415051937103,0.18998256
10842192,9.33648141,CANDIDATE,0.08323357,0.10483582317829132,0.06163132190704346,0.0432045
11442793,331.5972732,CANDIDATE,0.21329682,0.25155049562454224,0.17504313588142395,0.07650737
11497958,5.841636615,CANDIDATE,0.1433237,0.17932622134685516,0.10732118785381317,0.07200503
11360571,77.2550726,CANDIDATE,0.10768351,0.13935762643814087,0.07600938528776169,0.06334825
10227020,14.78767172,CANDIDATE,0.2865422,0.3620074987411499,0.21107690036296844,0.15093061
10004738,56.4758069,CANDIDATE,0.061222017,0.07240550220012665,0.05003853514790535,0.022366963
11254382,2.05388477,CANDIDATE,0.119403146,0.1277005523443222,0.11110574007034302,0.016594805
10005788,10.99470891,CANDIDATE,0.123893395,0.14024706184864044,0.10753972828388214,0.032707326
10724369,55.6391882,CANDIDATE,0.16570684,0.17873679101467133,0.15267689526081085,0.026059888
11521793,27.08239734,CANDIDATE,0.06903732,0.09878189861774445,0.03929273784160614,0.059489165
11460018,4.280963604,CANDIDATE,0.20546077,0.2540988624095917,0.15682266652584076,0.0972762
11018648,32.62876672,CANDIDATE,0.19690992,0.2009371519088745,0.1928826868534088,0.00805445
11569782,2.787874175,CANDIDATE,0.060728468,0.07382149249315262,0.04763544350862503,0.026186049
10990886,11.023474798,CANDIDATE,0.15004139,0.17365418374538422,0.12642858922481537,0.047225595
11569782,2.787874175,CANDIDATE,0.04255864,0.05849093198776245,0.026626350358128548,0.03186458
10265898,1.260258822,CANDIDATE,0.09802906,0.12407457828521729,0.07198354601860046,0.05209104
10340423,18.79418506,CANDIDATE,0.22742105,0.31188255548477173,0.14295952022075653,0.16892305
10858691,1.796320953,CANDIDATE,0.14047137,0.15410850942134857,0.1268342286348343,0.027274273
10810838,56.35407916,CANDIDATE,0.12768579,0.17176401615142822,0.08360756188631058,0.08815645
11069176,15.3789014,CANDIDATE,0.07699767,0.08878004550933838,0.06521528959274292,0.023564756
10404582,37.8658964,CANDIDATE,0.17504324,0.2271082103252411,0.12297827005386353,0.10412993
11194032,28.51117639,CANDIDATE,0.03599845,0.08200022578239441,0.0,0.092003554
11194032,28.51117639,CANDIDATE,0.10802015,0.11617730557918549,0.09986299276351929,0.016314313
11656721,13.64617478,CANDIDATE,0.07213598,0.08777065575122833,0.056501299142837524,0.031269357
10616679,8.600099313,CANDIDATE,0.078457944,0.08448460698127747,0.072431281208992,0.012053333
11303322,38.1303324,CANDIDATE,0.23149703,0.311461865901947,0.15153220295906067,0.15992966
10384798,38.505224,CANDIDATE,0.22290753,0.270797461271286,0.1750175952911377,0.09577987
10018233,16.2959916,CANDIDATE,0.13721123,0.16871201992034912,0.1057104542851448,0.06300156
10018233,16.2959916,CANDIDATE,0.036280185,0.05022928863763809,0.022331083193421364,0.027898204
10663396,23.8990075,CANDIDATE,0.1242339,0.14253488183021545,0.10593292117118835,0.03660196
10842192,9.33648141,CANDIDATE,0.066311,0.07807458937168121,0.05454741790890694,0.023527168
11348997,5.132486123,CANDIDATE,0.07915025,0.08991646766662598,0.06838403642177582,0.021532431
11254382,2.05388477,CANDIDATE,0.1519573,0.17166709899902344,0.13224750757217407,0.039419584
10189546,24.61480613,CANDIDATE,0.07520417,0.08410755544900894,0.06630078703165054,0.017806768
11403044,4.125543472,CANDIDATE,0.28087747,0.3926166594028473,0.16913828253746033,0.22347836
11298298,5.248667607,CANDIDATE,0.068191804,0.09011650085449219,0.04626711085438728,0.043849386
10471515,3.7847507,CANDIDATE,0.0038676602,0.03386414796113968,0.0,0.059992973
11403530,3.61460332,CANDIDATE,0.12743257,0.1377895325422287,0.1170756071805954,0.020713933
10990917,11.04605365,CANDIDATE,0.10842108,0.13481636345386505,0.08202579617500305,0.052790567
10340423,18.79418506,CANDIDATE,0.15523526,0.1875704675912857,0.12290005385875702,0.06467041
10682541,4.99677968,CANDIDATE,0.18927819,0.2046661078929901,0.17389026284217834,0.030775845
11356260,8.50698069,CANDIDATE,0.16451436,0.19716790318489075,0.13186082243919373,0.06530708
10360722,163.692336,CANDIDATE,0.2795056,0.36621713638305664,0.1927940845489502,0.17342305
11495458,10.45839865,CANDIDATE,0.07098672,0.09830866754055023,0.04366476833820343,0.0546439
11032227,7.19304935,CANDIDATE,0.28158692,0.2838361859321594,0.27933764457702637,0.0044985414
10904857,3.120828136,CANDIDATE,0.053450137,0.0618848018348217,0.045015472918748856,0.016869329
11037511,3.11604194,CANDIDATE,0.17314884,0.22087018191814423,0.1254274994134903,0.09544268
10027323,5.92365747,CANDIDATE,0.14785632,0.17481204867362976,0.12090059369802475,0.053911462
10669994,2.71603664,CANDIDATE,0.17263155,0.2086286097764969,0.1366344839334488,0.07199412
11518142,240.7990472,CANDIDATE,0.10743695,0.14073814451694489,0.07413575053215027,0.06660239
10285631,18.68405716,CANDIDATE,0.14839303,0.1574508547782898,0.13933521509170532,0.018115625
10329469,55.8224775,CANDIDATE,0.27597207,0.3612039089202881,0.19074022769927979,0.17046368
11193263,6.91134223,CANDIDATE,0.16886398,0.23054374754428864,0.10718421638011932,0.12335952
10909127,3.17059731,CANDIDATE,0.11272342,0.12487011402845383,0.1005767211318016,0.024293393
10489206,4.164384505,CANDIDATE,0.053512752,0.09017647057771683,0.016849033534526825,0.07332744
11284772,4.50158249,CANDIDATE,0.10113786,0.11788088083267212,0.08439484238624573,0.033486046
10718726,3.595769013,CANDIDATE,0.15870129,0.21882416307926178,0.09857840836048126,0.12024576
10666592,2.204735417,CANDIDATE,0.050407782,0.07257428765296936,0.028241276741027832,0.04433301
11337833,51.3011844,CANDIDATE,0.17394057,0.1882878541946411,0.15959328413009644,0.02869457
10916600,5.57654782,CANDIDATE,0.060676686,0.07235746085643768,0.048995908349752426,0.023361556
11187436,5.90741476,CANDIDATE,0.025404647,0.05796211212873459,0.0,0.06511493
10318874,2.508057497,CANDIDATE,0.09949728,0.12193994224071503,0.07705461978912354,0.044885315
10318874,2.508057497,CANDIDATE,0.031543616,0.07095511257648468,0.0,0.07882299
10212441,15.0447098,CANDIDATE,0.1391638,0.1612384021282196,0.11708921939134598,0.044149175
10454632,20.16037858,CANDIDATE,0.056834485,0.10398155450820923,0.009687412530183792,0.094294146
10070468,1.68189051,CANDIDATE,0.124811016,0.1361483335494995,0.11347369104623795,0.02267465
11037818,259.34304,CANDIDATE,0.04952014,0.050259172916412354,0.048781104385852814,0.0014780685
11342416,25.3690868,CANDIDATE,0.09523881,0.10933901369571686,0.08113861083984375,0.028200403
10002866,3.936993144,CANDIDATE,0.0807625,0.10892866551876068,0.0525963269174099,0.056332342
10813132,4.76702759,CANDIDATE,0.096158184,0.11793224513530731,0.07438412308692932,0.043548122
10187159,7.96431492,CANDIDATE,0.12317166,0.12581244111061096,0.1205308735370636,0.005281575
10337517,7.053934488,CANDIDATE,0.10405844,0.11852546781301498,0.08959140628576279,0.028934062
10130039,12.75800092,CANDIDATE,0.111654095,0.12920556962490082,0.09410262107849121,0.03510295
11250587,7.256962446,CANDIDATE,0.091148406,0.09480929374694824,0.08748751878738403,0.0073217675
10531955,2.344512589,CANDIDATE,0.12693378,0.1423070728778839,0.11156049370765686,0.030746587
10531955,2.344512589,CANDIDATE,0.16808681,0.18580040335655212,0.15037322044372559,0.035427198
10619192,1.485710994,CANDIDATE,0.085933976,0.10775575041770935,0.06411220133304596,0.043643557
11460018,4.280963604,CANDIDATE,0.2582288,0.3583265542984009,0.15813104808330536,0.20019552
11554435,9.43414171,CANDIDATE,0.10866511,0.13592267036437988,0.08140755444765091,0.05451511
10724369,55.6391882,CANDIDATE,0.11991529,0.2105722427368164,0.029258333146572113,0.18131392
10910878,16.06864674,CANDIDATE,0.077917725,0.0929890125989914,0.06284643709659576,0.030142568
11517719,2.495780169,CANDIDATE,0.08864468,0.11408144980669022,0.06320791691541672,0.050873533
11253827,88.5122014,CANDIDATE,0.06993365,0.09886742383241653,0.0409998819231987,0.05786754
10585852,8.57504983,CANDIDATE,0.14390384,0.16064731776714325,0.12716035544872284,0.033486955
10001893,13.629532996789859,CANDIDATE,0.26171246,0.32928186655044556,0.19414305686950684,0.1351388
11450414,12.7983174,CANDIDATE,0.16500029,0.2065415233373642,0.12345905601978302,0.08308246
10990886,11.023474798,CANDIDATE,0.09220736,0.09225942194461823,0.09215529263019562,0.000104129314
10329835,1.52373073,CANDIDATE,0.16280638,0.1837978959083557,0.14181485772132874,0.041983046
10329835,1.52373073,CANDIDATE,0.18668658,0.19472813606262207,0.17864501476287842,0.016083121
11455428,22.1270885,CANDIDATE,0.060837336,0.10513707995414734,0.01653759554028511,0.08859948
10730703,5.60013327,CANDIDATE,0.15857723,0.2053537219762802,0.11180074512958527,0.09355298
11410904,3.53232429,CANDIDATE,0.09766455,0.10668258368968964,0.08864651620388031,0.01803606
10271806,5.924993927,CANDIDATE,0.16352618,0.17084363102912903,0.15620872378349304,0.014634922
10132832,16.07673148,CANDIDATE,0.16730566,0.16877985000610352,0.16583147644996643,0.0029483736
10004738,56.4758069,CANDIDATE,0.104794554,0.14576907455921173,0.06382003426551819,0.08194905
11360571,77.2550726,CANDIDATE,0.12136997,0.14001494646072388,0.10272499918937683,0.037289947
10227020,14.78767172,CANDIDATE,0.22979787,0.3067176342010498,0.15287810564041138,0.15383951
11572193,10.6761592,CANDIDATE,0.116554536,0.11868926882743835,0.11441980302333832,0.004269466
10709622,51.3283527,CANDIDATE,0.28063673,0.3491223454475403,0.21215111017227173,0.13697122
11403530,3.61460332,CANDIDATE,0.16527782,0.1930922567844391,0.13746339082717896,0.055628866
10471515,3.7847507,CANDIDATE,0.062267374,0.07430946081876755,0.050225287675857544,0.024084173
10094670,22.06402,CANDIDATE,0.15996836,0.17366145551204681,0.14627526700496674,0.027386181
10717220,21.0907909,CANDIDATE,0.028612245,0.035867106169462204,0.021357383579015732,0.014509723
10933561,31.51779463,CANDIDATE,0.10663058,0.12510481476783752,0.08815634250640869,0.03694848
10593535,20.9254083,CANDIDATE,0.2446828,0.3335767388343811,0.155788853764534,0.1777879
11517719,2.495780169,CANDIDATE,0.055382606,0.12496992945671082,0.0,0.13917466
11461844,13.6823798,CANDIDATE,0.22045888,0.22155466675758362,0.21936309337615967,0.0021915585
10682541,4.99677968,CANDIDATE,0.11567323,0.12567391991615295,0.10567253082990646,0.020001397
11015323,34.18884323,CANDIDATE,0.11425051,0.13727325201034546,0.09122776985168457,0.046045482
11499228,19.7919389,CANDIDATE,0.1951756,0.20402555167675018,0.18632565438747406,0.017699897
11075737,2.586639524,CANDIDATE,0.15997896,0.16017566621303558,0.15978224575519562,0.00039342046
10132832,16.07673148,CANDIDATE,0.21437873,0.29655027389526367,0.13220718502998352,0.16434309
10153855,1.06378861,CANDIDATE,0.07998482,0.10716676712036133,0.05280287563800812,0.05436389
10730703,5.60013327,CANDIDATE,0.1609728,0.20816361904144287,0.11378199607133865,0.094381616
11410904,3.53232429,CANDIDATE,0.06917792,0.09916405379772186,0.03919178247451782,0.059972275
10386984,1.287076693,CANDIDATE,0.12962307,0.1517193764448166,0.1075267642736435,0.044192612
10554999,6.400157105,CANDIDATE,0.2526104,0.3807825446128845,0.12443824112415314,0.2563443
11348997,5.132486123,CANDIDATE,0.15797448,0.1581527292728424,0.1577962338924408,0.00035651028
11358389,10.66489514,CANDIDATE,0.071026556,0.07448288798332214,0.06757022440433502,0.006912671
11177707,124.4197175,CANDIDATE,0.208708,0.2938203811645508,0.12359561026096344,0.17022479
10663396,23.8990075,CANDIDATE,0.1574377,0.18710169196128845,0.1277737021446228,0.059327982
10471515,3.7847507,CANDIDATE,0.18891841,0.1902206838130951,0.18761613965034485,0.0026045293
10266615,10.94026745,CANDIDATE,0.1370029,0.15576300024986267,0.11824280023574829,0.0375202
10266615,10.94026745,CANDIDATE,0.07948771,0.09312185645103455,0.06585356593132019,0.02726829
10454313,4.221626193,CANDIDATE,0.18122534,0.21088120341300964,0.15156948566436768,0.059311703
10094670,22.06402,CANDIDATE,0.1417544,0.18002934753894806,0.10347945988178253,0.07654989
10454313,4.221626193,CANDIDATE,0.16917309,0.22917628288269043,0.10916990786790848,0.12000637
11656721,13.64617478,CANDIDATE,0.22322501,0.2708205580711365,0.17562946677207947,0.09519109
11046458,3.311864148,CANDIDATE,0.025674403,0.04603414610028267,0.0053146593272686005,0.040719487
10057494,2.41810158,CANDIDATE,0.13237657,0.15283212065696716,0.11192101240158081,0.040911116
10057494,2.41810158,CANDIDATE,0.07988719,0.0812460407614708,0.07852833718061447,0.0027177036
10990917,11.04605365,CANDIDATE,0.18039514,0.24901710450649261,0.11177317798137665,0.13724393
10353968,9.07098164,CANDIDATE,0.08990024,0.09204252809286118,0.08775795251131058,0.0042845756
11499192,4.13592927,CANDIDATE,0.32497388,0.36857300996780396,0.2813747525215149,0.08719826
10384798,38.505224,CANDIDATE,0.29654214,0.3892344832420349,0.20384979248046875,0.1853847
10468940,2.936527336,CANDIDATE,0.15816031,0.21574696898460388,0.10057365149259567,0.115173325
11288505,19.80787763,CANDIDATE,0.27496806,0.33832281827926636,0.21161329746246338,0.12670954
10616679,8.600099313,CANDIDATE,0.047550615,0.05462628975510597,0.040474940091371536,0.01415135
10686864,2.97041801,CANDIDATE,0.093398914,0.10426698625087738,0.08253084123134613,0.021736145
11348997,5.132486123,CANDIDATE,0.15865651,0.15942928194999695,0.15788373351097107,0.0015455335
11285870,4.48494315,CANDIDATE,0.15706669,0.2120712548494339,0.10206212103366852,0.110009134
11298298,5.248667607,CANDIDATE,0.0936495,0.10170082747936249,0.0855981707572937,0.01610265
10190777,1.411230023,CANDIDATE,0.022746474,0.040547825396060944,0.004945119842886925,0.035602707
11402995,10.06083238,CANDIDATE,0.2841676,0.387204110622406,0.18113107979297638,0.20607302
11460018,4.280963604,CANDIDATE,0.1255551,0.153326153755188,0.09778403490781784,0.055542126
11359879,4.942783419,CANDIDATE,0.045893177,0.08354941010475159,0.008236944675445557,0.075312465
11601584,51.8098276,CANDIDATE,0.10276093,0.10858213901519775,0.09693972766399384,0.011642419
10525077,11.006795,CANDIDATE,0.32002956,0.34084147214889526,0.2992176413536072,0.041623846
11122894,74.92768653,CANDIDATE,0.210452,0.2265336513519287,0.1943703591823578,0.032163277
11073351,2.820190603,CANDIDATE,0.15574287,0.17424967885017395,0.13723605871200562,0.037013613
11086270,12.69104387,CANDIDATE,0.16376436,0.22636711597442627,0.10116159915924072,0.12520552
10990886,11.023474798,CANDIDATE,0.16899814,0.1741761565208435,0.16382011771202087,0.010356039
10538176,12.69905011,CANDIDATE,0.16522282,0.1820591688156128,0.14838647842407227,0.033672698
10858691,1.796320953,CANDIDATE,0.100494884,0.10106271505355835,0.09992705285549164,0.0011356696
11401755,16.23191704,CANDIDATE,0.18606794,0.21082177758216858,0.16131410002708435,0.049507692
10265898,1.260258822,CANDIDATE,0.095847465,0.09977900981903076,0.09191592037677765,0.007863082
10875245,4.90144976,CANDIDATE,0.16598536,0.17144536972045898,0.1605253517627716,0.010920018
10604335,11.00817635,CANDIDATE,0.09322485,0.12289673089981079,0.06355297565460205,0.059343748
10795103,214.3120439,CANDIDATE,0.13459738,0.1411769688129425,0.12801778316497803,0.013159178
11455181,10.9294815,CANDIDATE,0.20949748,0.24769622087478638,0.17129874229431152,0.07639748
10905239,3.487688776,CANDIDATE,0.08144108,0.10201694071292877,0.06086522713303566,0.04115171
10004738,56.4758069,CANDIDATE,0.11925044,0.15259870886802673,0.08590216934680939,0.06669655
10880507,6.4802138,CANDIDATE,0.18881641,0.25440266728401184,0.12323015928268433,0.13117251
11125613,9.99115241,CANDIDATE,0.1219245,0.14219187200069427,0.10165712237358093,0.040534742
11018648,32.62876672,CANDIDATE,0.12490798,0.128439262509346,0.12137669324874878,0.0070625693
10982872,4.761705895,CANDIDATE,0.12857336,0.14707732200622559,0.1100694015622139,0.037007913
10982872,4.761705895,CANDIDATE,0.1507948,0.16906680166721344,0.1325228065252304,0.036544003
11129738,2.613020421,CANDIDATE,0.15634084,0.19466714560985565,0.11801452934741974,0.07665262
11074541,29.88487723,CANDIDATE,0.16245094,0.18304729461669922,0.14185458421707153,0.041192725
11444514,66.373298,CANDIDATE,0.25333557,0.3175884485244751,0.18908268213272095,0.12850575
11037335,40.7150498,CANDIDATE,0.25833634,0.3428639769554138,0.17380869388580322,0.16905528
10064256,5.95958637,CANDIDATE,0.15241675,0.1719702035188675,0.13286329805850983,0.039106905
11304958,41.43958662,CANDIDATE,0.1755567,0.22206951677799225,0.12904389202594757,0.09302563
10019708,3.268695042,CANDIDATE,0.04963347,0.07820826768875122,0.021058669313788414,0.0571496
11622600,82.5341188,CANDIDATE,0.20133023,0.2120589315891266,0.19060152769088745,0.021457389
11027624,394.6249514,CANDIDATE,0.23205386,0.32127490639686584,0.14283281564712524,0.17844208
10730070,7.61758198,CANDIDATE,0.072014436,0.07264465093612671,0.07138422131538391,0.0012604222
11187837,17.60461401,CANDIDATE,0.15864086,0.1743675172328949,0.14291420578956604,0.031453304
10662202,21.67699193,CANDIDATE,0.120577365,0.14555606245994568,0.09559866040945053,0.04995741
10337258,13.28536452,CANDIDATE,0.12569246,0.14843307435512543,0.10295183956623077,0.045481227
10873260,5.852968845,CANDIDATE,0.13036336,0.1575912982225418,0.10313542187213898,0.054455884
11288051,13.82142084,CANDIDATE,0.18554197,0.2519204616546631,0.11916346848011017,0.13275701
11019987,6.9131732,CANDIDATE,0.13292424,0.1518109142780304,0.11403756588697433,0.037773356
10397751,3.4462125,CANDIDATE,0.09946035,0.11088429391384125,0.08803640305995941,0.022847898
10122255,27.6652847,CANDIDATE,0.21089439,0.2583373188972473,0.1634514480829239,0.094885886
10489345,1.003931703,CANDIDATE,0.19166489,0.19401931762695312,0.1893104612827301,0.0047088712
11611600,1.219568047,CANDIDATE,0.081224926,0.10380611568689346,0.05864373594522476,0.04516238
11032227,7.19304935,CANDIDATE,0.030463172,0.04877147823572159,0.012154867872595787,0.03661661
11121752,3.93083997,CANDIDATE,0.10275511,0.1515810638666153,0.05392914637923241,0.09765192
10586004,15.79196594,CANDIDATE,0.15530623,0.18138444423675537,0.12922802567481995,0.05215642
10526549,9.27358173,CANDIDATE,0.24419414,0.35104963183403015,0.13733863830566406,0.213711
11547505,0.938466959,CANDIDATE,0.28263602,0.3620619773864746,0.20321007072925568,0.15885189
10600955,65.6480892,CANDIDATE,0.15676078,0.17933353781700134,0.13418802618980408,0.045145504
10723750,50.79034648,CANDIDATE,0.19097902,0.2062489092350006,0.17570912837982178,0.030539766
10669994,2.71603664,CANDIDATE,0.33272663,0.4780830144882202,0.18737022578716278,0.2907128
11283615,1.289590179,CANDIDATE,0.03858288,0.05675069987773895,0.020415062084794044,0.036335636
11497977,4.79860021,CANDIDATE,0.06902478,0.0705995112657547,0.06745004653930664,0.0031494722
10656823,8.30783912,CANDIDATE,0.06232382,0.07509392499923706,0.04955371469259262,0.02554021
11460462,5.03728033,CANDIDATE,0.16743152,0.1739046573638916,0.16095837950706482,0.012946278
11360805,26.7838935,CANDIDATE,0.0989126,0.10335533320903778,0.09446986019611359,0.008885466
10987985,16.01308419,CANDIDATE,0.07688775,0.0792539119720459,0.07452158629894257,0.0047323257
11244137,2.03387483,CANDIDATE,0.24073473,0.33160099387168884,0.1498684585094452,0.18173255
11360805,26.7838935,CANDIDATE,0.061165128,0.08907506614923477,0.033255189657211304,0.055819873
10717241,12.37646897,CANDIDATE,0.078843065,0.08066722750663757,0.07701890170574188,0.0036483258
11337566,7.12815163,CANDIDATE,0.15165153,0.17843875288963318,0.12486431002616882,0.053574443
11446443,2.470613377,CANDIDATE,0.06492853,0.1198895126581192,0.009967554360628128,0.109921955
11650401,3.94660745,CANDIDATE,0.22766547,0.2706511914730072,0.18467974662780762,0.08597143
11193263,6.91134223,CANDIDATE,0.12303497,0.141270712018013,0.10479922592639923,0.036471494
10426656,6.05729966,CANDIDATE,0.17575455,0.20530152320861816,0.14620757102966309,0.05909396
10881457,84.704139,CANDIDATE,0.21683505,0.2607989013195038,0.1728711873292923,0.08792772
11391957,8.35389523,CANDIDATE,0.06790153,0.09967212378978729,0.036130934953689575,0.06354119
10464050,4.469754641,CANDIDATE,0.06702157,0.10582569241523743,0.02821744978427887,0.07760824
10662202,21.67699193,CANDIDATE,0.047668364,0.07619251310825348,0.019144218415021896,0.05704829
10464050,4.469754641,CANDIDATE,0.047622386,0.07022818922996521,0.025016579777002335,0.045211613
10397751,3.4462125,CANDIDATE,0.18216544,0.2440488338470459,0.12028205394744873,0.12376678
10854555,2.525591777,CANDIDATE,0.118669465,0.13440033793449402,0.10293859243392944,0.031461753
10933561,31.51779463,CANDIDATE,0.12986633,0.16203443706035614,0.09769822657108307,0.0643362
10616679,8.600099313,CANDIDATE,0.11368727,0.11805890500545502,0.10931563377380371,0.008743271
10779233,201.118319,CANDIDATE,0.054745145,0.12000426650047302,0.0,0.13051824
11414511,2.816504904,CANDIDATE,0.058036968,0.09761343896389008,0.01846049726009369,0.07915294
10384798,38.505224,CANDIDATE,0.17510617,0.19563263654708862,0.15457969903945923,0.041052938
11499192,4.13592927,CANDIDATE,0.16115965,0.17817378044128418,0.14414551854133606,0.034028254
10587105,1.980356674,CANDIDATE,0.1309115,0.13985741138458252,0.12196558713912964,0.017891817
11391018,30.360445359,CANDIDATE,0.03930988,0.06349268555641174,0.015127073973417282,0.048365615
10714072,8.40693068,CANDIDATE,0.07464619,0.09507513791322708,0.05421724170446396,0.040857896
10686864,2.97041801,CANDIDATE,0.17759174,0.21208490431308746,0.14309857785701752,0.068986334
10055126,9.17617167,CANDIDATE,0.0666014,0.07452454417943954,0.05867826193571091,0.015846282
10094670,22.06402,CANDIDATE,0.14832404,0.1803482174873352,0.11629986763000488,0.06404836
10332883,1.151166776,CANDIDATE,0.08990451,0.0909881740808487,0.08882084488868713,0.0021673217
11403530,3.61460332,CANDIDATE,0.1288152,0.17070627212524414,0.08692413568496704,0.08378213
11358389,10.66489514,CANDIDATE,0.12403159,0.1514071673154831,0.09665600955486298,0.054751165
10925104,8.041347775,CANDIDATE,0.0766013,0.0989956334233284,0.054206959903240204,0.044788674
10990917,11.04605365,CANDIDATE,0.17625749,0.18377065658569336,0.16874432563781738,0.015026316
11512246,7.10695741,CANDIDATE,0.18204261,0.1945715993642807,0.16951362788677216,0.025057971
10682541,4.99677968,CANDIDATE,0.15631598,0.16615355014801025,0.14647841453552246,0.01967515
10098844,47.4497134,CANDIDATE,0.07202467,0.08206295967102051,0.06198638305068016,0.02007658
11455181,10.9294815,CANDIDATE,0.36228433,0.5127286911010742,0.2118399441242218,0.30088878
10604335,11.00817635,CANDIDATE,0.101520546,0.10654404759407043,0.09649704396724701,0.010047004
10585852,8.57504983,CANDIDATE,0.17617963,0.18625426292419434,0.1661050021648407,0.020149276
11253827,88.5122014,CANDIDATE,0.047001887,0.08355088531970978,0.010452885180711746,0.073098004
10123064,4.243748097,CANDIDATE,0.16908504,0.17713317275047302,0.1610369086265564,0.016096264
10795103,214.3120439,CANDIDATE,0.0717723,0.07496314495801926,0.06858145445585251,0.0063816905
11100383,12.92489803,CANDIDATE,0.0634862,0.08248000591993332,0.04449240118265152,0.037987605
10875245,4.90144976,CANDIDATE,0.09866294,0.1210249662399292,0.07630091905593872,0.044724055
11450414,12.7983174,CANDIDATE,0.23166427,0.28639423847198486,0.17693430185317993,0.10945994
10908248,39.859505,CANDIDATE,0.03516619,0.06509742140769958,0.005234954878687859,0.05986247
11074835,6.03355539,CANDIDATE,0.25853524,0.3067336082458496,0.21033687889575958,0.096396714
10272640,3.770551475,CANDIDATE,0.06733837,0.07587020099163055,0.05880654230713844,0.017063655
11360571,77.2550726,CANDIDATE,0.0978541,0.14617908000946045,0.04952911660075188,0.09664997
10068659,11.47685263,CANDIDATE,0.31692198,0.4366450309753418,0.19719894230365753,0.23944607
10854768,10.1171684,CANDIDATE,0.19939929,0.26176515221595764,0.13703343272209167,0.124731705
10332883,1.151166776,CANDIDATE,0.069691494,0.08756782114505768,0.05181516334414482,0.03575266
11572193,10.6761592,CANDIDATE,0.108454525,0.12249091267585754,0.09441813826560974,0.028072767
10329196,85.7567919,CANDIDATE,0.022316534,0.04062379151582718,0.004009278491139412,0.03661451
11359879,4.942783419,CANDIDATE,0.025939774,0.057854317128658295,0.0,0.06382909
11414465,2.94194296,CANDIDATE,0.06828121,0.1031201034784317,0.03344231843948364,0.069677785
10010440,53.5991459,CANDIDATE,0.22760613,0.33024847507476807,0.12496380507946014,0.20528466
11179076,48.4313003,CANDIDATE,0.1032386,0.10605497658252716,0.1004222184419632,0.005632758
11134879,4.30165843,CANDIDATE,0.030329017,0.0705709233880043,0.0,0.08048381
11461433,1.916940872,CANDIDATE,0.063219495,0.08299204707145691,0.043446946889162064,0.039545096
10136549,9.69315023,CANDIDATE,0.16808455,0.2119901031255722,0.12417899072170258,0.08781112
11187837,17.60461401,CANDIDATE,0.12126699,0.13819727301597595,0.1043367087841034,0.03386057
11623629,81.737872,CANDIDATE,0.07819221,0.0800924301147461,0.0762919932603836,0.0038004369
11389771,2.508553286,CANDIDATE,0.15337017,0.17232811450958252,0.1344122290611267,0.037915885
10864531,83.4887405,CANDIDATE,0.13194214,0.1446428894996643,0.1192413866519928,0.02540151
10004519,9.80321143,CANDIDATE,0.15619254,0.1905016303062439,0.12188345193862915,0.06861817
11401182,0.927859786,CANDIDATE,0.15915295,0.20347853004932404,0.11482737958431244,0.08865116
10019708,3.268695042,CANDIDATE,0.06478686,0.07138660550117493,0.05818710848689079,0.013199501
10407482,6.30558387,CANDIDATE,0.07229394,0.09696203470230103,0.047625843435525894,0.049336188
10777591,6.10968225,CANDIDATE,0.19464986,0.25041088461875916,0.13888883590698242,0.111522034
10813132,4.76702759,CANDIDATE,0.056308188,0.08092841506004333,0.03168795630335808,0.049240462
10350571,31.5925809,CANDIDATE,0.13902113,0.1670488715171814,0.11099337786436081,0.0560555
10290666,5.45849914,CANDIDATE,0.039255567,0.07793477922677994,0.0005763545632362366,0.077358425
10337258,13.28536452,CANDIDATE,0.036866445,0.043055593967437744,0.030677298083901405,0.012378294
10964440,19.12947603,CANDIDATE,0.20681128,0.26172739267349243,0.1518951654434204,0.10983223
10290666,5.45849914,CANDIDATE,0.09468629,0.09811274707317352,0.09125983715057373,0.0068529025
11187436,5.90741476,CANDIDATE,0.08019304,0.11507727205753326,0.04530881345272064,0.06976846
11069176,15.3789014,CANDIDATE,0.12865897,0.13740217685699463,0.11991575360298157,0.017486416
10984090,3.709214104,CANDIDATE,0.18162344,0.23497891426086426,0.12826797366142273,0.10671093
10187159,7.96431492,CANDIDATE,0.12200937,0.12801507115364075,0.11600365489721298,0.012011424
11074541,29.88487723,CANDIDATE,0.039145485,0.06819169968366623,0.010099269449710846,0.05809243
10744335,4.59726613,CANDIDATE,0.16685247,0.18269005417823792,0.15101489424705505,0.031675145
10713616,83.5781976,CANDIDATE,0.3583831,0.4757730960845947,0.24099309742450714,0.23477998
11453592,2.8867624,CANDIDATE,0.14882399,0.1517144739627838,0.14593350887298584,0.0057809576
11295426,5.398752862,CANDIDATE,0.124782816,0.1360107958316803,0.11355483531951904,0.022455953
10064256,5.95958637,CANDIDATE,0.1255533,0.15450352430343628,0.09660306572914124,0.05790046
10004519,9.80321143,CANDIDATE,0.28657982,0.360584557056427,0.21257507801055908,0.14800948
10426656,6.05729966,CANDIDATE,0.23323452,0.30036547780036926,0.1661035716533661,0.1342619
10468885,0.664074145,CANDIDATE,0.20010954,0.2511812448501587,0.14903783798217773,0.10214339
11193263,6.91134223,CANDIDATE,0.12600708,0.17137540876865387,0.08063875138759613,0.090736665
10468885,0.664074145,CANDIDATE,0.27873108,0.377341091632843,0.18012107908725739,0.19722
10904857,3.120828136,CANDIDATE,0.063852936,0.06952603906393051,0.0581798329949379,0.011346206
10407482,6.30558387,CANDIDATE,0.039920215,0.049050215631723404,0.030790213495492935,0.018260002
11336883,7.16893064,CANDIDATE,0.14512664,0.15568718314170837,0.13456609845161438,0.021121077
10187017,16.145671932,CANDIDATE,0.08955371,0.12645255029201508,0.05265485867857933,0.073797695
11493431,2.343230566,CANDIDATE,0.09263017,0.13291513919830322,0.05234520509839058,0.08056993
10722485,7.84931877,CANDIDATE,0.12664996,0.15599650144577026,0.09730342030525208,0.05869309
10395381,17.6717714,CANDIDATE,0.16469355,0.1923041045665741,0.1370829939842224,0.05522111
11403339,4.79029482,CANDIDATE,0.08693087,0.09781699627637863,0.07604474574327469,0.02177225
10141900,6.50327035,CANDIDATE,0.118302904,0.14624738693237305,0.0903584212064743,0.05588896
10526549,9.27358173,CANDIDATE,0.22359005,0.31200093030929565,0.13517916202545166,0.17682175
10166274,3.353732008,CANDIDATE,0.1579487,0.18672245740890503,0.12917494773864746,0.057547525
10586004,15.79196594,CANDIDATE,0.16273475,0.18684738874435425,0.13862210512161255,0.048225284
10328458,2.352273912,CANDIDATE,0.15578425,0.18185345828533173,0.12971504032611847,0.052138425
11337566,7.12815163,CANDIDATE,0.12760764,0.1476771980524063,0.10753808915615082,0.04013911
10713616,83.5781976,CANDIDATE,0.14163573,0.17490951716899872,0.10836194455623627,0.066547565
10717241,12.37646897,CANDIDATE,0.089483805,0.11919057369232178,0.05977703630924225,0.059413537
10020423,7.448375935,FALSE_POSITIVE,0.012392822,0.07527883350849152,0.0,0.12577203
11295426,5.398752862,CANDIDATE,0.11893789,0.1196121796965599,0.1182635948061943,0.0013485849
10669994,2.71603664,CANDIDATE,0.22175133,0.2809567451477051,0.16254593431949615,0.118410796
10686864,2.97041801,CANDIDATE,0.008091043,0.060065414756536484,0.0,0.10394874
10157458,7.33685101,CANDIDATE,0.24425948,0.3096722364425659,0.17884670197963715,0.13082555
10018233,16.2959916,CANDIDATE,0.32954946,0.4752887189388275,0.18381020426750183,0.2914785
10585852,8.57504983,CANDIDATE,0.17111307,0.21464811265468597,0.1275780349969864,0.08707008
10001893,30.976220887994312,CANDIDATE,0.4189718,0.5720688700675964,0.2658747434616089,0.3061941
11611275,6.94245216,CANDIDATE,0.2092955,0.2622273564338684,0.15636363625526428,0.105863705
11074835,6.03355539,CANDIDATE,0.10555954,0.12062927335500717,0.09048981219530106,0.030139461
10353968,9.07098164,CANDIDATE,0.17208381,0.18825411796569824,0.15591350197792053,0.03234061
10908248,39.859505,CANDIDATE,0.19712399,0.24646581709384918,0.14778216183185577,0.098683655
10386922,26.62941953,CANDIDATE,0.12506817,0.13756197690963745,0.11257436126470566,0.024987623
11403530,3.61460332,CANDIDATE,0.23261248,0.3367234170436859,0.1285015344619751,0.20822187
10328393,7.62635494,CANDIDATE,0.021503877,0.05998583510518074,0.0,0.07696392
11403530,3.61460332,CANDIDATE,0.19282682,0.25215384364128113,0.13349981606006622,0.11865402
11046458,3.311864148,CANDIDATE,0.062374353,0.08091175556182861,0.04383694753050804,0.03707481
11572193,10.6761592,CANDIDATE,0.1009229,0.10169291496276855,0.1001528799533844,0.0015400425
11359879,4.942783419,CANDIDATE,0.009190019,0.042571354657411575,0.0,0.06676267
11391018,30.360445359,CANDIDATE,0.03484962,0.07531365752220154,0.0,0.08092807
11414511,2.816504904,CANDIDATE,0.017388688,0.06609374284744263,0.0,0.097410105
10657406,34.1732156,CANDIDATE,0.03608994,0.062483202666044235,0.009696681052446365,0.05278652
10779233,201.118319,CANDIDATE,0.058363583,0.10477931052446365,0.011947855353355408,0.092831455
11502867,3.217518511,CANDIDATE,0.048860848,0.04923868179321289,0.04848301410675049,0.0007556677
11651712,14.53260546,CANDIDATE,0.15794861,0.20221441984176636,0.1136828064918518,0.08853161
10682541,4.99677968,CANDIDATE,0.18560801,0.20391616225242615,0.16729986667633057,0.03661628
10332883,1.151166776,CANDIDATE,0.043799575,0.07826654613018036,0.009332600980997086,0.06893395
10682541,4.99677968,CANDIDATE,0.14063974,0.14371471107006073,0.1375647634267807,0.0061499476
10933561,31.51779463,CANDIDATE,0.23134516,0.29109200835227966,0.17159830033779144,0.119493715
10213902,59.6222627,CANDIDATE,0.23490167,0.29544365406036377,0.17435967922210693,0.12108397
11129258,25.384175,CANDIDATE,0.053454336,0.1039932444691658,0.002915427088737488,0.10107782
10880507,6.4802138,CANDIDATE,0.23316766,0.32595402002334595,0.14038129150867462,0.18557274
10329835,1.52373073,CANDIDATE,0.08160389,0.11122092604637146,0.05198685824871063,0.059234068
10934674,16.54295261,CANDIDATE,0.121106215,0.12948572635650635,0.11272670328617096,0.016759016
11125797,58.1263775,CANDIDATE,0.098146975,0.11303211748600006,0.08326183259487152,0.029770285
10593626,289.864067,CANDIDATE,0.13832177,0.14954450726509094,0.12709903717041016,0.02244547
11134879,4.30165843,CANDIDATE,0.08873277,0.09082107245922089,0.08664447069168091,0.004176609
11360571,77.2550726,CANDIDATE,0.1348407,0.15387150645256042,0.11580988019704819,0.038061634
11360571,77.2550726,CANDIDATE,0.1443872,0.16626928746700287,0.12250511348247528,0.04376418
10875245,4.90144976,CANDIDATE,0.14467613,0.2031870186328888,0.08616524934768677,0.11702176
11499192,4.13592927,CANDIDATE,0.17973132,0.2089860737323761,0.1504765748977661,0.058509484
11100383,12.92489803,CANDIDATE,0.10981909,0.12785887718200684,0.09177930653095245,0.036079578
10854768,10.1171684,CANDIDATE,0.16610356,0.21160870790481567,0.12059841305017471,0.09101029
10554999,6.400157105,CANDIDATE,0.16958672,0.19034124910831451,0.14883218705654144,0.04150907
11358389,10.66489514,CANDIDATE,0.15213549,0.17231455445289612,0.13195642828941345,0.040358126
11074178,14.30517579,CANDIDATE,0.09933483,0.1102713793516159,0.088398277759552,0.021873094
11359879,4.942783419,CANDIDATE,0.06570563,0.0969100147485733,0.03450123965740204,0.062408775
11194032,28.51117639,CANDIDATE,0.13452123,0.13687242567539215,0.13217003643512726,0.0047023967
11569782,2.787874175,CANDIDATE,0.08133405,0.10045439004898071,0.062213703989982605,0.038240686
10123064,4.243748097,CANDIDATE,0.1354308,0.15557542443275452,0.11528617143630981,0.040289246
10153855,1.06378861,CANDIDATE,0.042231325,0.07450783252716064,0.009954821318387985,0.06455301
10662202,21.67699193,CANDIDATE,0.076710425,0.10740751028060913,0.04601334407925606,0.061394162
10863608,8.07127043,CANDIDATE,0.17743105,0.1832391917705536,0.17162290215492249,0.011616275
10407482,6.30558387,CANDIDATE,0.045433916,0.08046404272317886,0.010403789579868317,0.07006025
10813132,4.76702759,CANDIDATE,0.13147338,0.16354088485240936,0.09940586984157562,0.064135015
10813132,4.76702759,CANDIDATE,0.10206048,0.12526851892471313,0.07885244488716125,0.046416067
10019643,21.34736612,CANDIDATE,0.082196735,0.08508047461509705,0.0793129950761795,0.005767487
10290666,5.45849914,CANDIDATE,0.28803915,0.3852772116661072,0.19080108404159546,0.19447613
10019708,3.268695042,CANDIDATE,0.07367182,0.08586716651916504,0.06147646903991699,0.024390697
10004519,9.80321143,CANDIDATE,0.2926762,0.37260812520980835,0.2127443104982376,0.1598638
10872983,11.09432054,CANDIDATE,0.13382073,0.14438147842884064,0.12325997650623322,0.02112151
10531955,2.344512589,CANDIDATE,0.114453465,0.17441874742507935,0.054488182067871094,0.119930565
10963242,6.1469956,CANDIDATE,0.09809529,0.14367690682411194,0.05251367762684822,0.091163225
11187837,17.60461401,CANDIDATE,0.099259876,0.12081142514944077,0.07770832628011703,0.0431031
10722485,7.84931877,CANDIDATE,0.07856408,0.07872509211301804,0.0784030631184578,0.000322029
11014932,6.88595222,CANDIDATE,0.40986875,0.5613580346107483,0.2583794593811035,0.30297855
11187436,5.90741476,CANDIDATE,0.070973225,0.08773161470890045,0.05421483889222145,0.033516772
11337566,7.12815163,CANDIDATE,0.113890566,0.12270890176296234,0.10507223010063171,0.017636672
10718726,3.595769013,CANDIDATE,0.112346016,0.14314191043376923,0.08155012130737305,0.06159179
11187436,5.90741476,CANDIDATE,0.12512961,0.1635809689760208,0.08667825162410736,0.07690271
10713616,83.5781976,CANDIDATE,0.20236133,0.23387426137924194,0.17084839940071106,0.06302586
10318874,2.508057497,CANDIDATE,0.15519053,0.1943676769733429,0.11601337790489197,0.07835429
11080405,25.1933989,CANDIDATE,0.21416497,0.27390387654304504,0.15442606806755066,0.11947779
10020423,7.448375935,FALSE_POSITIVE,0.036452007,0.04707683250308037,0.025827180594205856,0.021249652
11547505,0.938466959,CANDIDATE,0.19470584,0.23111510276794434,0.1582965850830078,0.07281853
11389771,2.508553286,CANDIDATE,0.16734567,0.1907743215560913,0.1439170241355896,0.046857283
10468885,0.664074145,CANDIDATE,0.12845413,0.16370511054992676,0.09320315718650818,0.070501946
10881457,84.704139,CANDIDATE,0.19333434,0.2763521373271942,0.11031654477119446,0.1660356
11509504,2.61576515,CANDIDATE,0.14846016,0.2106405645608902,0.08627976477146149,0.1243608
10864531,83.4887405,CANDIDATE,0.10617889,0.1276961863040924,0.08466159552335739,0.043034583
10617017,13.15140223,CANDIDATE,0.15817223,0.15985912084579468,0.15648534893989563,0.003373757
10397751,3.4462125,CANDIDATE,0.08777852,0.09846560657024384,0.07709144055843353,0.021374173
11361646,7.97420583,CANDIDATE,0.19762649,0.21802474558353424,0.17722822725772858,0.04079652
10019708,3.268695042,CANDIDATE,0.057084907,0.08773241937160492,0.026437390595674515,0.061295033
10328458,2.352273912,CANDIDATE,0.173325,0.179528146982193,0.16712185740470886,0.0124063045
11551692,7.834433676,CANDIDATE,0.1049527,0.11220306158065796,0.09770233929157257,0.01450073
11187837,17.60461401,CANDIDATE,0.07254787,0.07869904488325119,0.06639669090509415,0.012302354
11336883,7.16893064,CANDIDATE,0.17445646,0.18912529945373535,0.1597876250743866,0.029337674
10395381,17.6717714,CANDIDATE,0.15797262,0.18155589699745178,0.13438934087753296,0.047166556
10963065,2.465024332,CANDIDATE,0.108731955,0.1439344584941864,0.0735294446349144,0.07040502
11403339,4.79029482,CANDIDATE,0.14228375,0.16696268320083618,0.1176048219203949,0.04935786
11295426,5.398752862,CANDIDATE,0.16325171,0.18382628262043,0.14267714321613312,0.041149147
11043167,44.9306706,CANDIDATE,0.17658536,0.22179922461509705,0.13137149810791016,0.09042773
10187159,7.96431492,CANDIDATE,0.1407032,0.1551501750946045,0.12625622749328613,0.028893963
11493431,2.343230566,CANDIDATE,0.12633729,0.14468033611774445,0.10799424350261688,0.0366861
11176127,10.47548084,CANDIDATE,0.16207361,0.23616743087768555,0.08797980099916458,0.14818762
10744335,4.59726613,CANDIDATE,0.2149061,0.2852917015552521,0.14452049136161804,0.1407712
11177676,47.0320478,CANDIDATE,0.19917037,0.22614651918411255,0.1721942126750946,0.05395229
10166274,3.353732008,CANDIDATE,0.22978005,0.26912984251976013,0.19043025374412537,0.078699574
11560897,35.9682692,CANDIDATE,0.05310323,0.09363740682601929,0.012569058686494827,0.081068344
11337372,6.53194024,CANDIDATE,0.34212554,0.3959854245185852,0.2882656455039978,0.107719764
11565924,13.32191461,CANDIDATE,0.12244384,0.1418377161026001,0.10304995626211166,0.038787767
10454313,4.221626193,CANDIDATE,0.17702919,0.2186867594718933,0.1353716254234314,0.08331514
10924562,18.6052046,CANDIDATE,0.2744772,0.3340004086494446,0.21495401859283447,0.119046405
11497958,5.841636615,CANDIDATE,0.13970754,0.15068364143371582,0.12873142957687378,0.021952212
11285870,4.48494315,CANDIDATE,0.1091529,0.11344430595636368,0.10486149042844772,0.0085828155
11046458,3.311864148,CANDIDATE,0.10333302,0.13585716485977173,0.07080886512994766,0.06504831
10471515,3.7847507,CANDIDATE,0.10223637,0.1460091769695282,0.05846356227993965,0.08754561
10266615,10.94026745,CANDIDATE,0.14097159,0.15594913065433502,0.12599404156208038,0.029955097
10471515,3.7847507,CANDIDATE,0.16855669,0.18023914098739624,0.15687423944473267,0.023364894
11288505,19.80787763,CANDIDATE,0.23877513,0.29568809270858765,0.18186216056346893,0.11382595
10332883,1.151166776,CANDIDATE,0.1177264,0.12840697169303894,0.10704582929611206,0.021361142
11127479,2.12821621,CANDIDATE,0.11045356,0.12720762193202972,0.09369949996471405,0.033508122
11073351,2.820190603,CANDIDATE,0.15567751,0.16566158831119537,0.14569343626499176,0.01996816
11086270,12.69104387,CANDIDATE,0.18795575,0.22082729637622833,0.15508420765399933,0.06574308
10000941,2.5738437,CANDIDATE,0.059287064,0.08462515473365784,0.03394897282123566,0.050676182
11075429,23.9210408,CANDIDATE,0.17283683,0.19817805290222168,0.1474955976009369,0.050682463
11126381,33.7888028,CANDIDATE,0.06680156,0.08753801137208939,0.04606511443853378,0.041472897
10057494,2.41810158,CANDIDATE,0.049042072,0.07796409726142883,0.02012004889547825,0.057844047
10965588,62.8917493,CANDIDATE,0.14859878,0.15409941971302032,0.1430981308221817,0.011001281
11074835,6.03355539,CANDIDATE,0.3377573,0.45142486691474915,0.22408971190452576,0.22733517
10810838,56.35407916,CANDIDATE,0.11656602,0.14985373616218567,0.08327830582857132,0.06657542
10858691,1.796320953,CANDIDATE,0.10036787,0.11471670866012573,0.08601902425289154,0.028697684
10265898,1.260258822,CANDIDATE,0.12031302,0.12605656683444977,0.11456947028636932,0.011487104
10019065,52.6298542,CANDIDATE,0.19671026,0.20062105357646942,0.19279946386814117,0.00782159
10018233,16.2959916,CANDIDATE,0.090903565,0.0947616919875145,0.08704543858766556,0.0077162534
10905239,3.487688776,CANDIDATE,0.13745327,0.141470268368721,0.13343627750873566,0.008033998
11455181,10.9294815,CANDIDATE,0.27200857,0.32020097970962524,0.2238161414861679,0.09638485
10795103,214.3120439,CANDIDATE,0.18060291,0.22405901551246643,0.13714680075645447,0.08691221
10908248,39.859505,CANDIDATE,0.18258668,0.20880092680454254,0.15637244284152985,0.052428484
10353968,9.07098164,CANDIDATE,0.08065545,0.09343826025724411,0.06787263602018356,0.025565624
11348997,5.132486123,CANDIDATE,0.07301457,0.07365511357784271,0.07237403094768524,0.0012810752
11018648,32.62876672,CANDIDATE,0.20351852,0.24142371118068695,0.1656133383512497,0.07581037
11348997,5.132486123,CANDIDATE,0.09562948,0.10296287387609482,0.08829609304666519,0.014666781
11342416,25.3690868,CANDIDATE,0.17848168,0.1861983835697174,0.1707649827003479,0.015433401
11460018,4.280963604,CANDIDATE,0.07483113,0.09253212809562683,0.057130131870508194,0.035401992
11460018,4.280963604,CANDIDATE,0.07123307,0.07474064081907272,0.06772550195455551,0.007015139
11656721,13.64617478,CANDIDATE,0.125002,0.14266566932201385,0.1073383241891861,0.035327345
10990886,11.023474798,CANDIDATE,0.029828597,0.07209888100624084,0.0,0.08454057
11569782,2.787874175,CANDIDATE,0.03503223,0.04789990186691284,0.022164558991789818,0.025735345
10990886,11.023474798,CANDIDATE,0.10705898,0.11389029771089554,0.10022766143083572,0.013662636
11194032,28.51117639,CANDIDATE,0.039708164,0.045881424099206924,0.033534903079271317,0.012346521
10538176,12.69905011,CANDIDATE,0.22759959,0.2692256569862366,0.18597352504730225,0.08325212
11122894,74.92768653,CANDIDATE,0.078767754,0.09198515117168427,0.06555035710334778,0.026434794
10880507,6.4802138,CANDIDATE,0.2824507,0.3654807209968567,0.19942069053649902,0.16606003
10329835,1.52373073,CANDIDATE,0.1317549,0.14744631946086884,0.11606349050998688,0.031382836
10525077,11.006795,CANDIDATE,0.22611359,0.2945193350315094,0.1577078402042389,0.1368115
11601584,51.8098276,CANDIDATE,0.13813186,0.1436416506767273,0.13262206315994263,0.011019573
10795103,214.3120439,CANDIDATE,0.047945056,0.06761705130338669,0.02827306278049946,0.039343987
11100383,12.92489803,CANDIDATE,0.068137735,0.09042571485042572,0.04584975913167,0.044575952
11455181,10.9294815,CANDIDATE,0.3580243,0.4641207754611969,0.25192782282829285,0.21219294
10843590,18.87022157,CANDIDATE,0.11485521,0.12618432939052582,0.10352608561515808,0.022658236
10004738,56.4758069,CANDIDATE,0.18980709,0.19713518023490906,0.18247899413108826,0.014656201
10004738,56.4758069,CANDIDATE,0.1366413,0.15369880199432373,0.11958378553390503,0.034115016
10717241,12.37646897,CANDIDATE,0.07850702,0.08362516760826111,0.07338887453079224,0.0102363005
10713616,83.5781976,CANDIDATE,0.30837175,0.38842350244522095,0.22832000255584717,0.16010351
11129738,2.613020421,CANDIDATE,0.18558338,0.19015753269195557,0.1810092329978943,0.009148285
10982872,4.761705895,CANDIDATE,0.14511393,0.16685308516025543,0.12337477505207062,0.043478318
10526549,9.27358173,CANDIDATE,0.40603215,0.49671417474746704,0.31535011529922485,0.18136407
10656823,8.30783912,CANDIDATE,0.1222199,0.14326795935630798,0.1011718362569809,0.042096116
11547505,0.938466959,CANDIDATE,0.19485569,0.23285940289497375,0.15685197710990906,0.07600743
10318874,2.508057497,CANDIDATE,0.043234773,0.0674007460474968,0.019068801775574684,0.048331942
10586004,15.79196594,CANDIDATE,0.13617328,0.16280625760555267,0.10954029858112335,0.053265966
10526887,1.450889836,CANDIDATE,0.21697187,0.30141687393188477,0.13252687454223633,0.16889
10407482,6.30558387,CANDIDATE,0.030709013,0.051168255507946014,0.010249773040413857,0.04091848
10863608,8.07127043,CANDIDATE,0.2898855,0.38358640670776367,0.19618459045886993,0.1874018
10662202,21.67699193,CANDIDATE,0.02756225,0.07349315285682678,0.0,0.091861814
10337258,13.28536452,CANDIDATE,0.08805205,0.09676087647676468,0.07934322208166122,0.017417654
11037335,40.7150498,CANDIDATE,0.15370588,0.17339834570884705,0.13401341438293457,0.03938493
10158729,58.601926,CANDIDATE,0.15742525,0.16445505619049072,0.1503954529762268,0.014059596
10531955,2.344512589,CANDIDATE,0.13173042,0.1582529991865158,0.10520784556865692,0.053045154
10004519,9.80321143,CANDIDATE,0.10554708,0.1202339231967926,0.09086023271083832,0.029373698
11176127,10.47548084,CANDIDATE,0.18642206,0.2564186453819275,0.11642547696828842,0.13999318
11032227,7.19304935,CANDIDATE,0.11414521,0.11479794979095459,0.11349247395992279,0.0013054758
11391957,8.35389523,CANDIDATE,0.10259537,0.11202589422464371,0.0931648388504982,0.018861055
11032227,7.19304935,CANDIDATE,0.13556404,0.14283086359500885,0.12829722464084625,0.014533646
11403389,45.0909201,CANDIDATE,0.09992233,0.1248106062412262,0.07503405213356018,0.049776547
11295426,5.398752862,CANDIDATE,0.12599725,0.13792704045772552,0.1140674501657486,0.023859598
11360805,26.7838935,CANDIDATE,0.11621956,0.14556676149368286,0.08687234669923782,0.058694422
10987985,16.01308419,CANDIDATE,0.12953545,0.1512419581413269,0.10782894492149353,0.04341302
10987985,16.01308419,CANDIDATE,0.059581302,0.09935013949871063,0.019812464714050293,0.079537675
10526549,9.27358173,CANDIDATE,0.12547599,0.14008493721485138,0.11086703836917877,0.029217899
11304958,41.43958662,CANDIDATE,0.10229356,0.1080172210931778,0.09656989574432373,0.011447318
10166274,3.353732008,CANDIDATE,0.19923888,0.21469630300998688,0.1837814599275589,0.030914843
11074541,29.88487723,CANDIDATE,0.014999847,0.07253041863441467,0.0,0.11506115
10591855,1.574090323,CANDIDATE,0.06603621,0.08411595225334167,0.04795646667480469,0.036159486
11446443,2.470613377,CANDIDATE,0.025958164,0.07078474014997482,0.0,0.08965315
10397751,3.4462125,CANDIDATE,0.11719546,0.15556609630584717,0.07882481813430786,0.076741286
10337258,13.28536452,CANDIDATE,0.09184647,0.10025975108146667,0.08343319594860077,0.016826555
10723750,50.79034648,CANDIDATE,0.09787377,0.0986119955778122,0.09713554382324219,0.0014764443
10881457,84.704139,CANDIDATE,0.2710209,0.3830301761627197,0.1590115875005722,0.2240186
11308499,3.28192056,CANDIDATE,0.15283608,0.17170557379722595,0.1339665949344635,0.03773897
10730034,2.633852528,CANDIDATE,0.12512663,0.12806357443332672,0.12218968570232391,0.005873896
10873260,5.852968845,CANDIDATE,0.13897873,0.14810796082019806,0.12984950840473175,0.018258445
10264660,6.790120801,CANDIDATE,0.025291272,0.030681494623422623,0.01990104839205742,0.010780446
11288051,13.82142084,CANDIDATE,0.10380031,0.1339268982410431,0.07367371767759323,0.060253188
10973664,5.40426917,CANDIDATE,0.095721364,0.1103794127702713,0.08106331527233124,0.029316105
11508644,14.2563272,CANDIDATE,0.34045166,0.5307881832122803,0.15011510252952576,0.3806731
10858832,5.263415218,CANDIDATE,0.13304883,0.141707181930542,0.12439048290252686,0.017316692
10426656,6.05729966,CANDIDATE,0.31603518,0.42433494329452515,0.20773541927337646,0.21659952
10080248,14.8783945,CANDIDATE,0.17095895,0.21672211587429047,0.12519578635692596,0.09152633
11121752,3.93083997,CANDIDATE,0.11491099,0.13106273114681244,0.0987592488527298,0.03230349
10464050,4.469754641,CANDIDATE,0.04107957,0.06310489028692245,0.019054247066378593,0.044050645
11457726,6.22161107,CANDIDATE,0.1288483,0.13723894953727722,0.12045764923095703,0.016781308
11194032,28.51117639,CANDIDATE,0.111661404,0.12678545713424683,0.09653735160827637,0.030248113
11069176,15.3789014,CANDIDATE,0.044554982,0.07440677285194397,0.014703193679451942,0.059703577
11069176,15.3789014,CANDIDATE,0.03449247,0.0529949888586998,0.01598995178937912,0.037005037
10141900,6.50327035,CANDIDATE,0.24714656,0.271306574344635,0.22298656404018402,0.048319995
10604335,11.00817635,CANDIDATE,0.12152025,0.1410849392414093,0.10195556282997131,0.039129384
10027247,86.829519,CANDIDATE,0.06386506,0.07096938043832779,0.05676073580980301,0.014208645
11569782,2.787874175,CANDIDATE,0.054742903,0.0758390873670578,0.03364671394228935,0.042192377
11037511,3.11604194,CANDIDATE,0.05031294,0.0867520123720169,0.0138738714158535,0.07287814
10854768,10.1171684,CANDIDATE,0.25561708,0.30158519744873047,0.2096489816904068,0.0919362
11337833,51.3011844,CANDIDATE,0.16784272,0.18903464078903198,0.1466507911682129,0.042383857
11442793,331.5972732,CANDIDATE,0.1690869,0.17379885911941528,0.1643749475479126,0.0094239265
11122894,74.92768653,CANDIDATE,0.15972872,0.16302961111068726,0.15642783045768738,0.0066017658
10187017,16.145671932,CANDIDATE,0.12586938,0.1266525387763977,0.1250862181186676,0.0015663132
10525077,11.006795,CANDIDATE,0.2370445,0.3077419400215149,0.16634707152843475,0.14139485
10905911,1.34155642,CANDIDATE,0.144622,0.16243860125541687,0.1268053948879242,0.035633206
10290666,5.45849914,CANDIDATE,0.079225086,0.13125476241111755,0.027195416390895844,0.10405934
10538176,12.69905011,CANDIDATE,0.39195913,0.526043713092804,0.2578745484352112,0.26816916
11134879,4.30165843,CANDIDATE,0.017068781,0.04884985089302063,0.0,0.06356214
10989274,16.17803,CANDIDATE,0.09138234,0.13480810821056366,0.047956570982933044,0.08685154
11090765,21.21712312,CANDIDATE,0.17752612,0.18717697262763977,0.1678752601146698,0.019301698
11080405,25.1933989,CANDIDATE,0.27103838,0.3522195816040039,0.18985719978809357,0.16236237
11090765,21.21712312,CANDIDATE,0.1453712,0.17469817399978638,0.11604422330856323,0.05865396
10989274,16.17803,CANDIDATE,0.26996717,0.32858601212501526,0.21134832501411438,0.1172377
10384798,38.505224,CANDIDATE,0.16709039,0.19436761736869812,0.1398131549358368,0.054554455
11401182,0.927859786,CANDIDATE,0.1478911,0.18147876858711243,0.11430344730615616,0.067175314
11414511,2.816504904,CANDIDATE,0.019888977,0.05791162699460983,0.0,0.076045305
11457726,6.22161107,CANDIDATE,0.16031519,0.20118747651576996,0.1194428950548172,0.081744574
11361646,7.97420583,CANDIDATE,0.1897752,0.19941213726997375,0.1801382601261139,0.019273877
10454632,20.16037858,CANDIDATE,0.081824996,0.12134073674678802,0.04230925440788269,0.07903148
10212441,15.0447098,CANDIDATE,0.15943961,0.2174575924873352,0.10142162442207336,0.11603597
10028792,114.73658,CANDIDATE,0.13751979,0.18296411633491516,0.09207545965909958,0.090888664
10964440,19.12947603,CANDIDATE,0.10533478,0.12837477028369904,0.08229479193687439,0.04607997
11403044,4.125543472,CANDIDATE,0.07136747,0.10570254921913147,0.03703239560127258,0.06867015
11403044,4.125543472,CANDIDATE,0.21084371,0.26259610056877136,0.15909132361412048,0.10350476
11415243,168.81133,CANDIDATE,0.039095342,0.0766788125038147,0.0015118718147277832,0.07516694
10984090,3.709214104,CANDIDATE,0.14242771,0.15139415860176086,0.13346126675605774,0.017932884
10187159,7.96431492,CANDIDATE,0.0755945,0.07561463862657547,0.0755743607878685,4.027784e-05
10874614,3.234699282,CANDIDATE,0.07163364,0.07946805655956268,0.06379921734333038,0.01566884
10617017,13.15140223,CANDIDATE,0.16251639,0.1728304624557495,0.152202308177948,0.020628154
11623629,81.737872,CANDIDATE,0.1829592,0.18305537104606628,0.1828630268573761,0.00019234419
10189546,24.61480613,CANDIDATE,0.21357551,0.2398170828819275,0.18733394145965576,0.052483127
10063208,9.3281912,CANDIDATE,0.16317232,0.17381344735622406,0.1525311917066574,0.021282248
10018233,16.2959916,CANDIDATE,0.20240137,0.27211904525756836,0.1326836794614792,0.13943538
10350571,31.5925809,CANDIDATE,0.09038844,0.12999789416790009,0.050778985023498535,0.07921891
10777591,6.10968225,CANDIDATE,0.093782485,0.10269112884998322,0.08487384021282196,0.017817281
11153121,14.97031664,CANDIDATE,0.31183487,0.40752750635147095,0.21614225208759308,0.19138524
10002866,3.936993144,CANDIDATE,0.080419585,0.10099688172340393,0.05984228849411011,0.041154593
10010440,53.5991459,CANDIDATE,0.24086583,0.3544546961784363,0.1272769570350647,0.22717772
10585852,8.57504983,CANDIDATE,0.17752291,0.18393920361995697,0.17110662162303925,0.012832582
11179076,48.4313003,CANDIDATE,0.1580994,0.184625044465065,0.13157375156879425,0.0530513
10583761,2.685054445,CANDIDATE,0.13851567,0.13951918482780457,0.13751214742660522,0.0020070523
11621223,4.903321801,CANDIDATE,0.16102774,0.18281501531600952,0.13924047350883484,0.043574527
10545066,19.7830259,CANDIDATE,0.122332744,0.1530870497226715,0.09157843887805939,0.06150861
10583761,2.685054445,CANDIDATE,0.1074418,0.11972993612289429,0.09515365958213806,0.024576277
11621223,4.903321801,CANDIDATE,0.24344136,0.26018446683883667,0.22669824957847595,0.033486232
10001893,43.76209606907648,CANDIDATE,0.24702917,0.3223639726638794,0.17169436812400818,0.1506696
11075737,2.586639524,CANDIDATE,0.18229482,0.20540989935398102,0.15917973220348358,0.046230175
10748390,4.887803076,CANDIDATE,0.021690847,0.056611426174640656,0.0,0.069841154
10136549,9.69315023,CANDIDATE,0.19966558,0.23371760547161102,0.1656135469675064,0.06810406
11176127,10.47548084,CANDIDATE,0.19995151,0.2642667889595032,0.13563624024391174,0.12863055
11461433,1.916940872,CANDIDATE,0.11727115,0.13044941425323486,0.10409288108348846,0.026356533
11253711,17.79108667,CANDIDATE,0.18436709,0.24016040563583374,0.12857377529144287,0.11158662
10418224,6.8731664,CANDIDATE,0.10537791,0.10805957019329071,0.1026962548494339,0.0053633153
10068659,11.47685263,CANDIDATE,0.09612908,0.11669350415468216,0.0755646601319313,0.041128844
10418224,6.8731664,CANDIDATE,0.08957012,0.10417664796113968,0.07496359199285507,0.029213056
11572193,10.6761592,CANDIDATE,0.17120919,0.18773414194583893,0.15468423068523407,0.03304991
10005758,134.4785189,CANDIDATE,0.101047814,0.11232104897499084,0.08977457880973816,0.02254647
11121752,3.93083997,CANDIDATE,0.12919615,0.1606205403804779,0.09777175635099411,0.06284879
10005758,134.4785189,CANDIDATE,0.144403,0.14915436506271362,0.13965162634849548,0.009502739
10453588,68.8861017,CANDIDATE,0.26320055,0.3434920907020569,0.18290899693965912,0.16058311
10329196,85.7567919,CANDIDATE,0.10566037,0.1171901747584343,0.09413056820631027,0.023059607
10723750,50.79034648,CANDIDATE,0.09311635,0.09384661912918091,0.09238608181476593,0.0014605373
11133306,41.74598855,CANDIDATE,0.10285746,0.10358887165784836,0.10212605446577072,0.0014628172
10358759,10.3392408,CANDIDATE,0.4679222,0.4957456588745117,0.44009876251220703,0.055646896
10289119,16.10474503,CANDIDATE,0.104623236,0.12691974639892578,0.0823267251253128,0.044593014
10593626,289.864067,CANDIDATE,0.065593496,0.08921414613723755,0.04197284206748009,0.047241308
10460984,10.94577783,CANDIDATE,0.10818116,0.12712709605693817,0.08923523128032684,0.037891872
11253711,17.79108667,CANDIDATE,0.09433642,0.09941129386425018,0.08926154673099518,0.01014974
11512246,7.10695741,CANDIDATE,0.23728198,0.24936233460903168,0.22520162165164948,0.024160713
11236244,11.32269749,CANDIDATE,0.15205419,0.20447547733783722,0.09963290393352509,0.104842566
10925104,8.041347775,CANDIDATE,0.032341942,0.074835866689682,0.0,0.08498785
11074178,14.30517579,CANDIDATE,0.050644368,0.0711415484547615,0.030147187411785126,0.04099436
10158729,58.601926,CANDIDATE,0.24402215,0.2781876027584076,0.20985668897628784,0.068330914
10026502,101.952048,CANDIDATE,0.046403892,0.05618920549750328,0.03661857917904854,0.019570626
11358389,10.66489514,CANDIDATE,0.1837971,0.20817404985427856,0.1594201624393463,0.048753902
10872983,11.09432054,CANDIDATE,0.07114716,0.0993061512708664,0.042988162487745285,0.056317993
10055126,9.17617167,CANDIDATE,0.20838717,0.2539754807949066,0.16279886662960052,0.09117661
11401767,20.0545282,CANDIDATE,0.27494678,0.3581146001815796,0.1917789727449417,0.16633561
10064256,5.95958637,CANDIDATE,0.084722,0.10020078718662262,0.06924320757389069,0.03095758
11401767,20.0545282,CANDIDATE,0.33552274,0.47276532649993896,0.19828015565872192,0.27448517
10714072,8.40693068,CANDIDATE,0.04067735,0.08084730803966522,0.0005073882639408112,0.08033992
10863608,8.07127043,CANDIDATE,0.28492182,0.3596043586730957,0.21023930609226227,0.14936504
10684670,3.78861833,CANDIDATE,0.10989935,0.13748909533023834,0.08230960369110107,0.05517949
10854768,10.1171684,CANDIDATE,0.29543918,0.38057276606559753,0.2103056013584137,0.17026716
10525027,3.27344784,CANDIDATE,0.008756357,0.052668631076812744,0.0,0.087824546
11414465,2.94194296,CANDIDATE,0.16724,0.17765000462532043,0.15682998299598694,0.020820037
10271806,5.924993927,CANDIDATE,0.1279415,0.15141193568706512,0.10447107255458832,0.04694087
10854546,2.168451063,CANDIDATE,0.09888374,0.1338110864162445,0.06395640224218369,0.06985468
10271806,5.924993927,CANDIDATE,0.07077378,0.0932302251458168,0.04831733554601669,0.04491289
10538176,12.69905011,CANDIDATE,0.13075693,0.13157987594604492,0.12993398308753967,0.0016458929
11134879,4.30165843,CANDIDATE,0.019339692,0.057813286781311035,0.0,0.07694719
10854555,2.525591777,CANDIDATE,0.13177581,0.17528365552425385,0.0882679671049118,0.08701568
10525077,11.006795,CANDIDATE,0.14786261,0.21682555973529816,0.07889966666698456,0.1379259
10329835,1.52373073,CANDIDATE,0.10757738,0.11187484860420227,0.10327991843223572,0.00859493
11122894,74.92768653,CANDIDATE,0.109347984,0.11958904564380646,0.09910692274570465,0.020482123
10600955,65.6480892,CANDIDATE,0.15814346,0.21587419509887695,0.10041271895170212,0.11546148
10982872,4.761705895,CANDIDATE,0.15063913,0.16054995357990265,0.14072830975055695,0.019821636
10864656,52.5008645,CANDIDATE,0.17331919,0.20263347029685974,0.1440049111843109,0.05862855
10528068,158.6850022,CANDIDATE,0.0702464,0.07454730570316315,0.06594549119472504,0.008601822
11244137,2.03387483,CANDIDATE,0.17873664,0.2876204550266266,0.06985282897949219,0.21776763
11460462,5.03728033,CANDIDATE,0.14225413,0.16351912915706635,0.120989128947258,0.04253
11497977,4.79860021,CANDIDATE,0.047195114,0.08336641639471054,0.011023811995983124,0.072342604
11283615,1.289590179,CANDIDATE,0.124975786,0.12554831802845,0.12440325319766998,0.0011450574
10525027,3.27344784,CANDIDATE,0.09665922,0.10003344714641571,0.09328499436378479,0.0067484453
10730070,7.61758198,CANDIDATE,0.21116328,0.21804094314575195,0.2042856216430664,0.013755336
10717220,21.0907909,CANDIDATE,0.10930497,0.1276942789554596,0.09091566503047943,0.036778614
10063208,9.3281912,CANDIDATE,0.22672066,0.2988749146461487,0.15456640720367432,0.14430849
10089911,6.96704926,CANDIDATE,0.1011889,0.10301464796066284,0.09936314821243286,0.0036514997
10709622,51.3283527,CANDIDATE,0.24950472,0.3184424638748169,0.1805669665336609,0.1378755
11622600,82.5341188,CANDIDATE,0.20980664,0.2504693567752838,0.1691439151763916,0.08132545
11611600,1.219568047,CANDIDATE,0.055416863,0.07063989341259003,0.0401938371360302,0.030446053
10593535,20.9254083,CANDIDATE,0.28116673,0.36755532026290894,0.19477814435958862,0.17277718
11499228,19.7919389,CANDIDATE,0.12618415,0.12743571400642395,0.12493259459733963,0.002503112
11019987,6.9131732,CANDIDATE,0.18416034,0.2054232507944107,0.16289742290973663,0.042525835
11461844,13.6823798,CANDIDATE,0.07809425,0.08959583938121796,0.06659266352653503,0.023003183
10909127,3.17059731,CANDIDATE,0.16634445,0.2017080932855606,0.13098080456256866,0.07072729
11027624,394.6249514,CANDIDATE,0.06373021,0.07009658217430115,0.0573638416826725,0.012732737
10879038,4.8538404,CANDIDATE,0.12174106,0.16264690458774567,0.08083520829677582,0.081811704
10528068,158.6850022,CANDIDATE,0.12243958,0.13115966320037842,0.11371949315071106,0.017440178
10864656,52.5008645,CANDIDATE,0.14600046,0.19544275104999542,0.09655816853046417,0.09888459
11444514,66.373298,CANDIDATE,0.23346485,0.3162362575531006,0.15069344639778137,0.16554281
11414511,2.816504904,CANDIDATE,0.027043572,0.0525636151432991,0.0015235282480716705,0.051040087
11415243,168.81133,CANDIDATE,0.060153767,0.07777824997901917,0.042529284954071045,0.035248965
11508644,14.2563272,CANDIDATE,0.24424782,0.315049409866333,0.17344623804092407,0.14160317
11177707,124.4197175,CANDIDATE,0.24204105,0.29332154989242554,0.190760537981987,0.10256103
10615440,10.8118317,CANDIDATE,0.106848106,0.15217100083827972,0.06152521073818207,0.09064579
10080248,14.8783945,CANDIDATE,0.18304117,0.2089507281780243,0.1571316123008728,0.0518191
10585738,0.636424848,CANDIDATE,0.09863806,0.11704416573047638,0.08023194968700409,0.036812216
10453588,68.8861017,CANDIDATE,0.014972368,0.06981509923934937,0.0,0.10968546
11600889,0.669310092,CANDIDATE,0.10692273,0.10706211626529694,0.10678334534168243,0.00027877092
11121752,3.93083997,CANDIDATE,0.1576033,0.1749262809753418,0.14028030633926392,0.03464596
11284772,4.50158249,CANDIDATE,0.07704523,0.09525468200445175,0.05883578211069107,0.0364189
11356260,8.50698069,CANDIDATE,0.08223906,0.08944858610630035,0.07502953708171844,0.014419049
10005788,10.99470891,CANDIDATE,0.10667926,0.10925345122814178,0.10410507023334503,0.0051483735
11073351,2.820190603,CANDIDATE,0.10620582,0.1241021454334259,0.08830949664115906,0.03579264
11125613,9.99115241,CANDIDATE,0.11838815,0.15492136776447296,0.0818549394607544,0.07306642
11127479,2.12821621,CANDIDATE,0.16232091,0.22354553639888763,0.10109628736972809,0.12244926
11133306,41.74598855,CANDIDATE,0.11208536,0.1975821554660797,0.0265885591506958,0.1709936
10723750,50.79034648,CANDIDATE,0.0988253,0.10606244206428528,0.09158815443515778,0.014474288
10669994,2.71603664,CANDIDATE,0.2781673,0.3754843473434448,0.18085026741027832,0.19463408
10000941,2.5738437,CANDIDATE,0.06387113,0.10528548806905746,0.02245677262544632,0.082828715
10513530,16.54967098,CANDIDATE,0.22609062,0.24745619297027588,0.20472505688667297,0.042731136
11126381,33.7888028,CANDIDATE,0.024485337,0.054501261562108994,0.0,0.06003185
10858691,1.796320953,CANDIDATE,0.22553767,0.31817466020584106,0.13290069997310638,0.18527395
10019065,52.6298542,CANDIDATE,0.11777841,0.1501428186893463,0.08541400730609894,0.06472881
10748390,4.887803076,CANDIDATE,0.08111766,0.09776874631643295,0.06446657329797745,0.033302173
10265898,1.260258822,CANDIDATE,0.2626286,0.3432551324367523,0.18200203776359558,0.16125311
11401755,16.23191704,CANDIDATE,0.15143348,0.17253214120864868,0.13033482432365417,0.042197302
11075737,2.586639524,CANDIDATE,0.1513807,0.16650807857513428,0.13625332713127136,0.030254766
10545066,19.7830259,CANDIDATE,0.10579053,0.1154286190867424,0.09615244716405869,0.019276172
10329469,55.8224775,CANDIDATE,0.20226797,0.2693442404270172,0.13519170880317688,0.13415253
11193263,6.91134223,CANDIDATE,0.1768722,0.24763430655002594,0.10611008107662201,0.14152423
11018648,32.62876672,CANDIDATE,0.2744025,0.347391813993454,0.20141318440437317,0.14597864
10057494,2.41810158,CANDIDATE,0.13271095,0.1427222639322281,0.12269963324069977,0.020022638
11495458,10.45839865,CANDIDATE,0.050223872,0.08173015713691711,0.018717583268880844,0.06301258
10531955,2.344512589,CANDIDATE,0.21552977,0.22909678518772125,0.20196275413036346,0.027134031
10872983,11.09432054,CANDIDATE,0.28522858,0.37761402130126953,0.19284313917160034,0.18477088
10158729,58.601926,CANDIDATE,0.26250106,0.36968618631362915,0.15531592071056366,0.21437028
10468940,2.936527336,CANDIDATE,0.24289398,0.28918126225471497,0.19660669565200806,0.09257458
11656721,13.64617478,CANDIDATE,0.0075927763,0.05450496822595596,0.0,0.09382439
10190777,1.411230023,CANDIDATE,0.11740939,0.13467365503311157,0.1001451313495636,0.034528524
10318874,2.508057497,CANDIDATE,0.07933346,0.11093567311763763,0.04773125424981117,0.063204415
11342416,25.3690868,CANDIDATE,0.18714646,0.22291070222854614,0.1513822078704834,0.0715285
10843590,18.87022157,CANDIDATE,0.09076193,0.11822190135717392,0.06330195814371109,0.054919943
11402995,10.06083238,CANDIDATE,0.13293298,0.155249685049057,0.11061625927686691,0.044633433
10264660,6.790120801,CANDIDATE,0.027782295,0.05374389886856079,0.001820690929889679,0.051923208
10271806,5.924993927,CANDIDATE,0.103394985,0.1274961680173874,0.07929380238056183,0.048202366
10730034,2.633852528,CANDIDATE,0.12889792,0.16316434741020203,0.09463149309158325,0.06853286
10123064,4.243748097,CANDIDATE,0.14851423,0.1591769903898239,0.13785146176815033,0.021325521
10858832,5.263415218,CANDIDATE,0.108656265,0.11871957778930664,0.09859295189380646,0.020126626
10063208,9.3281912,CANDIDATE,0.21900722,0.30589067935943604,0.13212376832962036,0.17376691
11304958,41.43958662,CANDIDATE,0.1450654,0.2091139853000641,0.08101681619882584,0.12809716
10973664,5.40426917,CANDIDATE,0.09732794,0.09857463091611862,0.09608124941587448,0.0024933815
10684670,3.78861833,CANDIDATE,0.10323733,0.1090938076376915,0.0973808541893959,0.011712953
11027624,394.6249514,CANDIDATE,0.18461892,0.20371609926223755,0.1655217409133911,0.038194373
10329835,1.52373073,CANDIDATE,0.13732529,0.14811182022094727,0.12653875350952148,0.021573067
11415243,168.81133,CANDIDATE,0.08122434,0.12031004577875137,0.04213862866163254,0.07817142
11288051,13.82142084,CANDIDATE,0.18612094,0.21039709448814392,0.16184478998184204,0.04855229
10528068,158.6850022,CANDIDATE,0.11919997,0.1342337727546692,0.10416616499423981,0.030067615
11414465,2.94194296,CANDIDATE,0.08469183,0.12088027596473694,0.048503387719392776,0.072376885
11508644,14.2563272,CANDIDATE,0.15197515,0.20799677073955536,0.09595353901386261,0.112043224
11457726,6.22161107,CANDIDATE,0.21009447,0.2350693792104721,0.18511955440044403,0.049949825
10080248,14.8783945,CANDIDATE,0.14097817,0.1627357453107834,0.11922059953212738,0.043515146
10709622,51.3283527,CANDIDATE,0.25847736,0.35543525218963623,0.16151946783065796,0.1939158
10709622,51.3283527,CANDIDATE,0.25423026,0.31745368242263794,0.1910068392753601,0.12644686
10526887,1.450889836,CANDIDATE,0.30017513,0.33506134152412415,0.26528891921043396,0.06977244
10593535,20.9254083,CANDIDATE,0.2061468,0.2712346911430359,0.14105890691280365,0.1301758
10593535,20.9254083,CANDIDATE,0.17827952,0.22137245535850525,0.1351865828037262,0.08618589
11461844,13.6823798,CANDIDATE,0.083499305,0.10250247269868851,0.06449613720178604,0.038006335
11461844,13.6823798,CANDIDATE,0.10047509,0.10396447777748108,0.09698569774627686,0.0069787875
10874614,3.234699282,CANDIDATE,0.056558568,0.0921422690153122,0.020974870771169662,0.071167395
10656823,8.30783912,CANDIDATE,0.13462646,0.16449491679668427,0.10475800931453705,0.059736915
10063208,9.3281912,CANDIDATE,0.15668295,0.16720974445343018,0.1461561620235443,0.021053568
10779233,201.118319,CANDIDATE,0.051148385,0.08108960092067719,0.02120717242360115,0.059882425
10525027,3.27344784,CANDIDATE,0.030300623,0.05281577631831169,0.00778546929359436,0.045030307
11499228,19.7919389,CANDIDATE,0.18298942,0.19404783844947815,0.17193099856376648,0.022116825
10973814,44.8520997,CANDIDATE,0.11345443,0.13078640401363373,0.09612245857715607,0.034663938
11415243,168.81133,CANDIDATE,0.06243178,0.06721600890159607,0.057647544890642166,0.009568468
10098844,47.4497134,CANDIDATE,0.34134287,0.49850958585739136,0.18417613208293915,0.31433347
10864656,52.5008645,CANDIDATE,0.22949836,0.25203338265419006,0.20696333050727844,0.045070037
10586208,23.58444746,CANDIDATE,0.17432122,0.21407806873321533,0.1345643699169159,0.079513706
10879038,4.8538404,CANDIDATE,0.1751263,0.22260522842407227,0.12764737010002136,0.09495786
10094670,22.06402,CANDIDATE,0.13720423,0.16509529948234558,0.10931315273046494,0.055782154
10717220,21.0907909,CANDIDATE,0.16793464,0.19541482627391815,0.1404544562101364,0.05496037
11177707,124.4197175,CANDIDATE,0.29808608,0.3783344030380249,0.21783775091171265,0.16049665
11356260,8.50698069,CANDIDATE,0.26371548,0.2642156779766083,0.2632152736186981,0.0010003895
11356260,8.50698069,CANDIDATE,0.15329336,0.18075135350227356,0.1258353590965271,0.054916
11495458,10.45839865,CANDIDATE,0.020905541,0.05062868446111679,0.0,0.05944629
10001368,4.76831033,CANDIDATE,0.29934916,0.39432621002197266,0.2043720930814743,0.18995413
11193263,6.91134223,CANDIDATE,0.3742342,0.432379812002182,0.31608858704566956,0.11629124
10329469,55.8224775,CANDIDATE,0.18292981,0.23692695796489716,0.1289326697587967,0.107994296
10329469,55.8224775,CANDIDATE,0.13389665,0.13781294226646423,0.12998035550117493,0.007832579
10471515,3.7847507,CANDIDATE,0.12827606,0.14031586050987244,0.11623626947402954,0.024079598
10669994,2.71603664,CANDIDATE,0.15340559,0.20119409263134003,0.10561709105968475,0.095577
11253711,17.79108667,CANDIDATE,0.16642877,0.19036932289600372,0.14248822629451752,0.04788109
10843590,18.87022157,CANDIDATE,0.11551809,0.1474217027425766,0.08361448347568512,0.06380723
11284772,4.50158249,CANDIDATE,0.10954031,0.11180820316076279,0.1072724238038063,0.0045357794
10328458,2.352273912,CANDIDATE,0.13733621,0.14662589132785797,0.12804652750492096,0.018579371
10545066,19.7830259,CANDIDATE,0.17959091,0.18201030790805817,0.1771715134382248,0.0048387945
11403339,4.79029482,CANDIDATE,0.110513665,0.1455312818288803,0.07549604773521423,0.070035234
10395381,17.6717714,CANDIDATE,0.14632715,0.20042262971401215,0.09223167598247528,0.10819096
11402995,10.06083238,CANDIDATE,0.08822305,0.08829829096794128,0.08814780414104462,0.00015047938
11192998,7.650243513,CANDIDATE,0.05448884,0.06460832059383392,0.04436936229467392,0.020238958
10489345,1.003931703,CANDIDATE,0.15075046,0.16148561239242554,0.14001530408859253,0.021470323
11600889,0.669310092,CANDIDATE,0.12889941,0.13321292400360107,0.12458589673042297,0.008627035
11086270,12.69104387,CANDIDATE,0.057281744,0.0663546696305275,0.0482088178396225,0.018145852
11127479,2.12821621,CANDIDATE,0.18495835,0.18803671002388,0.18187999725341797,0.006156713
10318874,2.508057497,CANDIDATE,0.12348146,0.1268734633922577,0.12008945643901825,0.0067840144
10585738,0.636424848,CANDIDATE,0.18372563,0.229688823223114,0.1377624273300171,0.09192639
10000941,2.5738437,CANDIDATE,0.07160345,0.07933568954467773,0.06387120485305786,0.015464477
11126381,33.7888028,CANDIDATE,0.07232235,0.08433021605014801,0.060314495116472244,0.024015717
11401755,16.23191704,CANDIDATE,0.15114866,0.17648284137248993,0.12581448256969452,0.050668366
10019065,52.6298542,CANDIDATE,0.19242899,0.19278039038181305,0.19207759201526642,0.00070279837
11342416,25.3690868,CANDIDATE,0.25919187,0.3214373290538788,0.1969463974237442,0.12449094
10905239,3.487688776,CANDIDATE,0.09946148,0.10604675114154816,0.09287621080875397,0.013170548
11075429,23.9210408,CANDIDATE,0.14927146,0.17065803706645966,0.1278848797082901,0.04277315
11037335,40.7150498,CANDIDATE,0.14571793,0.16620813310146332,0.12522773444652557,0.040980406
10531955,2.344512589,CANDIDATE,0.13814,0.15325699746608734,0.12302298843860626,0.030234016
10864531,83.4887405,CANDIDATE,0.06637427,0.09242455661296844,0.04032399132847786,0.05210056
11401182,0.927859786,CANDIDATE,0.13483931,0.15196777880191803,0.11771084368228912,0.034256935
11069176,15.3789014,CANDIDATE,0.12260925,0.13703955709934235,0.10817894339561462,0.028860621
10027247,86.829519,CANDIDATE,0.17422384,0.18571090698242188,0.16273677349090576,0.022974119
10027247,86.829519,CANDIDATE,0.12813924,0.14590969681739807,0.11036879569292068,0.035540894
11449844,38.47876629,CANDIDATE,0.08583396,0.10507573932409286,0.06659217923879623,0.03848356
11361646,7.97420583,CANDIDATE,0.112913825,0.13365484774112701,0.09217280149459839,0.041482054
11043167,44.9306706,CANDIDATE,0.21812017,0.27140146493911743,0.16483886539936066,0.10656261
11565924,13.32191461,CANDIDATE,0.12388848,0.12476428598165512,0.12301266938447952,0.0017516166
10964440,19.12947603,CANDIDATE,0.14182386,0.15653204917907715,0.1271156668663025,0.029416375
11177676,47.0320478,CANDIDATE,0.16698489,0.22290664911270142,0.11106312274932861,0.111843534
11457726,6.22161107,CANDIDATE,0.12750655,0.1684432178735733,0.0865698903799057,0.08187333
11560897,35.9682692,CANDIDATE,0.16205038,0.17215092480182648,0.15194983780384064,0.02020108
10528068,158.6850022,CANDIDATE,0.27655676,0.3322828710079193,0.22083064913749695,0.11145222
10984090,3.709214104,CANDIDATE,0.15552256,0.21314474940299988,0.09790035337209702,0.1152444
11442793,331.5972732,CANDIDATE,0.12642281,0.13576944172382355,0.11707617342472076,0.018693276
11509504,2.61576515,CANDIDATE,0.25170055,0.33041250705718994,0.17298857867717743,0.15742394
10684670,3.78861833,CANDIDATE,0.056402113,0.07307294011116028,0.039731282740831375,0.03334166
10123064,4.243748097,CANDIDATE,0.09662244,0.11187009513378143,0.08137477934360504,0.030495316
11569782,2.787874175,CANDIDATE,0.07469195,0.11065489053726196,0.03872901201248169,0.07192588
10604335,11.00817635,CANDIDATE,0.12684685,0.14249175786972046,0.1112019419670105,0.031289823
11090765,21.21712312,CANDIDATE,0.09314765,0.10043599456548691,0.08585930615663528,0.014576688
10989274,16.17803,CANDIDATE,0.09186445,0.09790463745594025,0.08582426607608795,0.012080364
11153121,14.97031664,CANDIDATE,0.16151775,0.17820969223976135,0.14482581615447998,0.033383876
11194032,28.51117639,CANDIDATE,0.06669213,0.08285003900527954,0.05053422227501869,0.032315813
10905911,1.34155642,CANDIDATE,0.14347745,0.175869420170784,0.11108548939228058,0.06478393
10098844,47.4497134,CANDIDATE,0.15120392,0.18535694479942322,0.1170508936047554,0.068306044
10990917,11.04605365,CANDIDATE,0.27437755,0.31894737482070923,0.22980773448944092,0.089139655
11153539,4.49876511,CANDIDATE,0.15454936,0.1862744837999344,0.12282423675060272,0.06345024
10018233,16.2959916,CANDIDATE,0.27517027,0.354380339384079,0.19596019387245178,0.15842016
11014932,6.88595222,CANDIDATE,0.03510305,0.07571814954280853,0.0,0.0812302
11403044,4.125543472,CANDIDATE,0.06936442,0.09223583340644836,0.046493008732795715,0.045742825
10879038,4.8538404,CANDIDATE,0.17318195,0.21344512701034546,0.13291877508163452,0.08052635
10864656,52.5008645,CANDIDATE,0.15667787,0.2189231812953949,0.09443256258964539,0.124490626
10189546,24.61480613,CANDIDATE,0.12729123,0.13132843375205994,0.12325402349233627,0.008074418
10189546,24.61480613,CANDIDATE,0.09654062,0.12196668982505798,0.07111455500125885,0.050852142
11507101,38.3775486,CANDIDATE,0.15546589,0.1869085282087326,0.12402324378490448,0.06288529
10722485,7.84931877,CANDIDATE,0.16888532,0.23682326078414917,0.10094738751649857,0.13587587
10617017,13.15140223,CANDIDATE,0.11813572,0.1322161704301834,0.10405527055263519,0.028160907
10617017,13.15140223,CANDIDATE,0.17156912,0.18226954340934753,0.16086870431900024,0.02140084
10779233,201.118319,CANDIDATE,0.09958789,0.10964465141296387,0.08953112363815308,0.02011352
11015108,39.30944096,CANDIDATE,0.14881627,0.16054001450538635,0.13709253072738647,0.023447491
10525027,3.27344784,CANDIDATE,0.17039804,0.18399345874786377,0.15680262446403503,0.027190834
10616679,8.600099313,CANDIDATE,0.056907568,0.06540249288082123,0.04841264337301254,0.01698985
11336883,7.16893064,CANDIDATE,0.10861473,0.13195596635341644,0.08527348935604095,0.046682477
10874614,3.234699282,CANDIDATE,0.05487203,0.07109793275594711,0.03864612430334091,0.032451812
10020423,7.448375935,FALSE_POSITIVE,0.019272408,0.05655267834663391,0.0,0.074560545
10384798,38.505224,CANDIDATE,0.25279784,0.27803629636764526,0.22755937278270721,0.05047694
10019643,21.34736612,CANDIDATE,0.07773418,0.10331876575946808,0.052149590104818344,0.05116918
10583761,2.685054445,CANDIDATE,0.17030807,0.1913553774356842,0.1492607593536377,0.042094633
11621223,4.903321801,CANDIDATE,0.1254695,0.1342206448316574,0.1167183667421341,0.017502286
11253711,17.79108667,CANDIDATE,0.11780818,0.14186039566993713,0.09375595301389694,0.04810445
10289119,16.10474503,CANDIDATE,0.17718503,0.1888696849346161,0.16550037264823914,0.023369327
11403530,3.61460332,CANDIDATE,0.07378991,0.13673146069049835,0.010848358273506165,0.1258831
10593626,289.864067,CANDIDATE,0.1039921,0.13639520108699799,0.07158899307250977,0.06480621
10330115,13.21409607,CANDIDATE,0.04990143,0.05456901714205742,0.045233841985464096,0.009335175
10748390,4.887803076,CANDIDATE,0.02323669,0.06031668186187744,0.0,0.07415999
11403339,4.79029482,CANDIDATE,0.12772301,0.13169577717781067,0.123750239610672,0.007945538
10418224,6.8731664,CANDIDATE,0.10463934,0.12329142540693283,0.08598724752664566,0.037304178
10395381,17.6717714,CANDIDATE,0.29387426,0.36336004734039307,0.2243884652853012,0.1389716
10328458,2.352273912,CANDIDATE,0.20630647,0.24540358781814575,0.16720935702323914,0.07819422
10934674,16.54295261,CANDIDATE,0.12201883,0.1396094709634781,0.10442818701267242,0.035181284
11133306,41.74598855,CANDIDATE,0.17293802,0.22869867086410522,0.11717736721038818,0.111521296
11176127,10.47548084,CANDIDATE,0.20995793,0.2281036227941513,0.19181223213672638,0.03629139
11125797,58.1263775,CANDIDATE,0.089373,0.12292002141475677,0.05582597479224205,0.06709405
10213902,59.6222627,CANDIDATE,0.17637365,0.1834864616394043,0.16926082968711853,0.014225632
11074178,14.30517579,CANDIDATE,0.11312853,0.14525380730628967,0.08100324869155884,0.064250566
10925104,8.041347775,CANDIDATE,0.17391339,0.1778356432914734,0.169991135597229,0.007844493
10005758,134.4785189,CANDIDATE,0.028102685,0.07706619054079056,0.0,0.09792701
10026502,101.952048,CANDIDATE,0.36561492,0.5222353935241699,0.20899447798728943,0.3132409
10453588,68.8861017,CANDIDATE,0.054827895,0.08179299533367157,0.027862796559929848,0.053930197
10670119,14.87149773,CANDIDATE,0.12367599,0.15386109054088593,0.09349088370800018,0.060370214
10863608,8.07127043,CANDIDATE,0.09059267,0.15577128529548645,0.025414057075977325,0.13035722
10064256,5.95958637,CANDIDATE,0.039278332,0.06951587647199631,0.009040787816047668,0.06047509
10328393,7.62635494,CANDIDATE,0.123684004,0.13279873132705688,0.1145692765712738,0.018229447
10358759,10.3392408,CANDIDATE,0.25517005,0.3201921880245209,0.19014790654182434,0.13004428
10358759,10.3392408,CANDIDATE,0.20943902,0.2922978699207306,0.12658017873764038,0.16571768
10460984,10.94577783,CANDIDATE,0.13784166,0.15880796313285828,0.11687535792589188,0.041932598
11502867,3.217518511,CANDIDATE,0.04157308,0.06872903555631638,0.014417128637433052,0.054311905
10657406,34.1732156,CANDIDATE,0.086873546,0.09894566982984543,0.07480142265558243,0.024144247
10460984,10.94577783,CANDIDATE,0.07960608,0.0895172581076622,0.0696948990225792,0.01982236
11651712,14.53260546,CANDIDATE,0.24407686,0.3106979727745056,0.17745576798915863,0.13324219
11075737,2.586639524,CANDIDATE,0.11871812,0.1277206838130951,0.1097155511379242,0.018005125
11037335,40.7150498,CANDIDATE,0.27186203,0.3952372670173645,0.14848679304122925,0.24675049
11236244,11.32269749,CANDIDATE,0.12133998,0.12168022990226746,0.12099972367286682,0.0006805137
10068659,11.47685263,CANDIDATE,0.18058118,0.19538146257400513,0.1657809019088745,0.02960056
11133306,41.74598855,CANDIDATE,0.12582882,0.20514139533042908,0.046516239643096924,0.15862516
10489345,1.003931703,CANDIDATE,0.14545384,0.15595993399620056,0.1349477469921112,0.021012187
11611275,6.94245216,CANDIDATE,0.15199344,0.18477128446102142,0.11921559274196625,0.06555569
10157458,7.33685101,CANDIDATE,0.27080154,0.2997500002384186,0.24185308814048767,0.057896912
10329196,85.7567919,CANDIDATE,0.17915884,0.19836124777793884,0.1599564254283905,0.038404815
10386922,26.62941953,CANDIDATE,0.03598898,0.048953182995319366,0.023024776950478554,0.025928404
10585738,0.636424848,CANDIDATE,0.12364856,0.21963319182395935,0.027663931250572205,0.19196926
10453588,68.8861017,CANDIDATE,0.23595843,0.2691001296043396,0.20281672477722168,0.06628339
11600889,0.669310092,CANDIDATE,0.1158944,0.12471446394920349,0.10707433521747589,0.017640121
11401767,20.0545282,CANDIDATE,0.35355446,0.4785631000995636,0.22854581475257874,0.2500173
10189546,24.61480613,CANDIDATE,0.11417677,0.12596692144870758,0.10238662362098694,0.023580305
10657406,34.1732156,CANDIDATE,0.101275526,0.10252203792333603,0.10002901405096054,0.0024930239
11285870,4.48494315,CANDIDATE,0.15602313,0.19469749927520752,0.11734876036643982,0.07734873
10028792,114.73658,CANDIDATE,0.13003065,0.13451941311359406,0.12554188072681427,0.008977532
10748390,4.887803076,CANDIDATE,0.015417544,0.05397120863199234,0.0,0.077107325
11075737,2.586639524,CANDIDATE,0.13380687,0.1370844542980194,0.1305292844772339,0.0065551773
11651712,14.53260546,CANDIDATE,0.17388059,0.24146167933940887,0.1062995046377182,0.13516217
11497958,5.841636615,CANDIDATE,0.24082905,0.25588810443878174,0.2257700115442276,0.030118078
11359879,4.942783419,CANDIDATE,0.021241387,0.06745856255292892,0.0,0.092434354
11298298,5.248667607,CANDIDATE,0.08358154,0.10492796450853348,0.06223510950803757,0.042692855
10984090,3.709214104,CANDIDATE,0.20663135,0.263360857963562,0.1499018371105194,0.11345902
10010440,53.5991459,CANDIDATE,0.17791821,0.22291329503059387,0.13292312622070312,0.089990154
11442793,331.5972732,CANDIDATE,0.16504285,0.18908971548080444,0.14099597930908203,0.04809372
11179076,48.4313003,CANDIDATE,0.086716264,0.09852933883666992,0.07490319013595581,0.023626156
10617017,13.15140223,CANDIDATE,0.16404384,0.16867709159851074,0.15941059589385986,0.009266481
11187436,5.90741476,CANDIDATE,0.05962747,0.11093780398368835,0.008317138999700546,0.10262066
10615440,10.8118317,CANDIDATE,0.14592922,0.17623171210289001,0.11562671512365341,0.060605004
11461433,1.916940872,CANDIDATE,0.11735308,0.11824192106723785,0.11646424233913422,0.0017776862
10454632,20.16037858,CANDIDATE,0.02323457,0.048836275935173035,0.0,0.05120341
10212441,15.0447098,CANDIDATE,0.35276622,0.4715970754623413,0.23393535614013672,0.23766172
11080405,25.1933989,CANDIDATE,0.14928105,0.15615546703338623,0.1424066424369812,0.0137488395
11090765,21.21712312,CANDIDATE,0.15422516,0.15554708242416382,0.1529032289981842,0.0026438534
10989274,16.17803,CANDIDATE,0.26748466,0.36002805829048157,0.1749412715435028,0.18508679
11288505,19.80787763,CANDIDATE,0.15922512,0.20335933566093445,0.11509090662002563,0.08826843
11080405,25.1933989,CANDIDATE,0.32071534,0.4229157269001007,0.21851494908332825,0.20440078
10136549,9.69315023,CANDIDATE,0.39416033,0.527302622795105,0.2610180377960205,0.26628458
10453588,68.8861017,CANDIDATE,0.14777611,0.20540066063404083,0.09015156328678131,0.11524909
10875245,4.90144976,CANDIDATE,0.175674,0.1926136463880539,0.15873436629772186,0.033879273
11069176,15.3789014,CANDIDATE,0.097952686,0.09995698928833008,0.09594838321208954,0.0040085986
11401182,0.927859786,CANDIDATE,0.11682444,0.14403162896633148,0.08961725234985352,0.05441437
10002866,3.936993144,CANDIDATE,0.07100466,0.10342033207416534,0.0385889858007431,0.064831346
10810838,56.35407916,CANDIDATE,0.18827501,0.23149661719799042,0.14505340158939362,0.086443216
10964440,19.12947603,CANDIDATE,0.122611806,0.1595703363418579,0.08565328270196915,0.073917046
11133306,41.74598855,CANDIDATE,0.17929915,0.24025461077690125,0.11834368854761124,0.121910915
10089911,6.96704926,CANDIDATE,0.13190465,0.14788055419921875,0.11592874675989151,0.0319518
11611275,6.94245216,CANDIDATE,0.14158496,0.185506209731102,0.09766371548175812,0.087842494
10213902,59.6222627,CANDIDATE,0.30350158,0.4193105399608612,0.18769261240959167,0.23161794
10657406,34.1732156,CANDIDATE,0.06990976,0.09057953953742981,0.049239981919527054,0.041339554
11037511,3.11604194,CANDIDATE,0.1565314,0.16756604611873627,0.14549674093723297,0.022069305
11512246,7.10695741,CANDIDATE,0.21185234,0.27294889092445374,0.15075579285621643,0.12219308
11337372,6.53194024,CANDIDATE,0.13595894,0.15827760100364685,0.11364027857780457,0.044637322
11153121,14.97031664,CANDIDATE,0.17193663,0.19785058498382568,0.14602267742156982,0.051827915
11153121,14.97031664,CANDIDATE,0.17978674,0.18424686789512634,0.1753266155719757,0.008920252
10525077,11.006795,CANDIDATE,0.14501475,0.1585451364517212,0.13148435950279236,0.027060784
10468940,2.936527336,CANDIDATE,0.16259485,0.1910867542028427,0.1341029554605484,0.0569838
10027247,86.829519,CANDIDATE,0.17433023,0.18367518484592438,0.1649852842092514,0.0186899
11122894,74.92768653,CANDIDATE,0.13104893,0.141191303730011,0.12090656161308289,0.02028475
11361646,7.97420583,CANDIDATE,0.2862642,0.2956444025039673,0.2768840193748474,0.018760383
10854546,2.168451063,CANDIDATE,0.15444966,0.20585544407367706,0.10304386913776398,0.102811575
11361646,7.97420583,CANDIDATE,0.14724587,0.19310793280601501,0.10138380527496338,0.09172412
10538176,12.69905011,CANDIDATE,0.15296051,0.15776745975017548,0.14815355837345123,0.009613909
11499192,4.13592927,CANDIDATE,0.038451113,0.07871875166893005,0.0,0.080535285
11611275,6.94245216,CANDIDATE,0.14931548,0.17913858592510223,0.11949236690998077,0.059646226
10714072,8.40693068,CANDIDATE,0.057475276,0.09215434640645981,0.022796206176280975,0.06935814
11125797,58.1263775,CANDIDATE,0.084059946,0.08449126780033112,0.08362862467765808,0.0008626357
11336883,7.16893064,CANDIDATE,0.17541414,0.20426970720291138,0.14655858278274536,0.05771114
10213902,59.6222627,CANDIDATE,0.16149893,0.18727049231529236,0.13572737574577332,0.051543124
10686864,2.97041801,CANDIDATE,0.09523717,0.13228191435337067,0.058192428201436996,0.07408949
11403044,4.125543472,CANDIDATE,0.14780256,0.17881126701831818,0.11679385602474213,0.06201742
10157458,7.33685101,CANDIDATE,0.25078675,0.28822460770606995,0.2133488953113556,0.07487573
10055126,9.17617167,CANDIDATE,0.09805204,0.11556895822286606,0.08053512126207352,0.035033837
10925104,8.041347775,CANDIDATE,0.08740134,0.11338396370410919,0.06141871586441994,0.051965244
11565924,13.32191461,CANDIDATE,0.11955425,0.16024161875247955,0.0788668841123581,0.08137474
10026502,101.952048,CANDIDATE,0.29834196,0.37928372621536255,0.2174002081155777,0.1618835
10005758,134.4785189,CANDIDATE,0.15485686,0.1687943935394287,0.14091932773590088,0.027875058
10141900,6.50327035,CANDIDATE,0.19581799,0.23589405417442322,0.15574193000793457,0.08015213
11403530,3.61460332,CANDIDATE,0.1522376,0.19379213452339172,0.11068305373191833,0.08310909
11560897,35.9682692,CANDIDATE,0.12839077,0.15808285772800446,0.098698690533638,0.059384167
10122255,27.6652847,CANDIDATE,0.31495383,0.4389621615409851,0.19094549119472504,0.24801669
11337566,7.12815163,CANDIDATE,0.16752777,0.18354059755802155,0.151514932513237,0.032025672
11014932,6.88595222,CANDIDATE,0.20173238,0.2768012285232544,0.12666353583335876,0.1501377
11621223,4.903321801,CANDIDATE,0.14272639,0.14680776000022888,0.1386450231075287,0.008162744
10583761,2.685054445,CANDIDATE,0.13224933,0.14825008809566498,0.11624856293201447,0.032001525
10289119,16.10474503,CANDIDATE,0.18393981,0.20369605720043182,0.1641835719347,0.039512478
10358759,10.3392408,CANDIDATE,0.0863704,0.09680721908807755,0.07593358308076859,0.020873636
10460984,10.94577783,CANDIDATE,0.10658786,0.13835692405700684,0.07481878250837326,0.06353815
10158729,58.601926,CANDIDATE,0.18258502,0.24874208867549896,0.116427943110466,0.13231415
10418224,6.8731664,CANDIDATE,0.12914743,0.1316635012626648,0.12663134932518005,0.005032152
11509504,2.61576515,CANDIDATE,0.1577147,0.19610309600830078,0.11932629346847534,0.076776795
11565924,13.32191461,CANDIDATE,0.07901701,0.09393325448036194,0.06410077214241028,0.02983249
11403389,45.0909201,CANDIDATE,0.11881549,0.13845068216323853,0.09918029606342316,0.039270394
10329196,85.7567919,CANDIDATE,0.1660902,0.23934295773506165,0.09283744543790817,0.14650552
11391957,8.35389523,CANDIDATE,0.15768804,0.1596670150756836,0.15570905804634094,0.003957942
11074178,14.30517579,CANDIDATE,0.13672307,0.16101892292499542,0.11242721974849701,0.04859171
11444514,66.373298,CANDIDATE,0.20297132,0.20515942573547363,0.20078322291374207,0.004376203
11560897,35.9682692,CANDIDATE,0.10422099,0.1183018684387207,0.09014010429382324,0.028161757
11401767,20.0545282,CANDIDATE,0.18442443,0.23275765776634216,0.1360912024974823,0.09666644
11014932,6.88595222,CANDIDATE,0.23469275,0.31241145730018616,0.15697404742240906,0.15543741
11187837,17.60461401,CANDIDATE,0.089160725,0.12828586995601654,0.05003558099269867,0.07825029
10723750,50.79034648,CANDIDATE,0.15523192,0.16837970912456512,0.14208413660526276,0.026295565
10513530,16.54967098,CANDIDATE,0.30952847,0.36981531977653503,0.24924162030220032,0.1205737
10730070,7.61758198,CANDIDATE,0.17913073,0.195134237408638,0.16312722861766815,0.032007
10593626,289.864067,CANDIDATE,0.18113293,0.20052781701087952,0.16173803806304932,0.03878978
10019708,3.268695042,CANDIDATE,0.060462516,0.07561954855918884,0.04530547931790352,0.030314073
10593626,289.864067,CANDIDATE,0.11405987,0.1269386112689972,0.10118114203214645,0.025757462
11446443,2.470613377,CANDIDATE,0.0243066,0.04264392331242561,0.005969278514385223,0.036674645
10591855,1.574090323,CANDIDATE,0.07447644,0.12873171269893646,0.020221173763275146,0.10851054
11611600,1.219568047,CANDIDATE,0.28310266,0.36707156896591187,0.1991337388753891,0.16793784
11121752,3.93083997,CANDIDATE,0.16571084,0.23689860105514526,0.09452307969331741,0.14237551
10777591,6.10968225,CANDIDATE,0.3260017,0.39607033133506775,0.25593307614326477,0.14013724
10005788,10.99470891,CANDIDATE,0.09628309,0.11052796244621277,0.08203822374343872,0.028489731
10068659,11.47685263,CANDIDATE,0.19269821,0.24165982007980347,0.1437366008758545,0.09792321
11360571,77.2550726,CANDIDATE,0.120973974,0.1339172124862671,0.10803073644638062,0.025886483
10272640,3.770551475,CANDIDATE,0.043462973,0.0737871527671814,0.013138795271515846,0.060648356
11509504,2.61576515,CANDIDATE,0.31322542,0.4324854016304016,0.19396543502807617,0.23851997
11019987,6.9131732,CANDIDATE,0.1653397,0.18831336498260498,0.14236602187156677,0.045947336
10350571,31.5925809,CANDIDATE,0.13405472,0.15874147415161133,0.1093679666519165,0.049373507
11308499,3.28192056,CANDIDATE,0.15635902,0.17702102661132812,0.13569700717926025,0.041324027
10002866,3.936993144,CANDIDATE,0.06994226,0.07773365825414658,0.06215085834264755,0.0155828
10795103,214.3120439,CANDIDATE,0.2096478,0.24428409337997437,0.1750115156173706,0.06927257
11027624,394.6249514,CANDIDATE,0.39940616,0.4324558675289154,0.3663564622402191,0.06609939
11455181,10.9294815,CANDIDATE,0.12345528,0.12795677781105042,0.11895377933979034,0.009002991
11177707,124.4197175,CANDIDATE,0.20597501,0.24039281904697418,0.1715572029352188,0.06883562
10089911,6.96704926,CANDIDATE,0.099269606,0.11754471808671951,0.08099449425935745,0.036550224
10709622,51.3283527,CANDIDATE,0.1634152,0.21898245811462402,0.10784792900085449,0.11113453
10615440,10.8118317,CANDIDATE,0.1299498,0.17003823816776276,0.08986134827136993,0.08017688
11179076,48.4313003,CANDIDATE,0.076078214,0.07929821312427521,0.07285821437835693,0.006440006
10010440,53.5991459,CANDIDATE,0.187965,0.2339678406715393,0.1419621706008911,0.09200568
10028792,114.73658,CANDIDATE,0.09459253,0.12885060906410217,0.060334451496601105,0.06851615
11129738,2.613020421,CANDIDATE,0.19469115,0.23396143317222595,0.15542086958885193,0.07854055
10545066,19.7830259,CANDIDATE,0.21249005,0.22401191294193268,0.2009681910276413,0.023043722
10136549,9.69315023,CANDIDATE,0.14824988,0.16288922727108002,0.1336105316877365,0.029278703
10593535,20.9254083,CANDIDATE,0.22795221,0.30032050609588623,0.1555839329957962,0.14473656
10271806,5.924993927,CANDIDATE,0.105606064,0.11353909224271774,0.09767303615808487,0.015866056
10212441,15.0447098,CANDIDATE,0.20574494,0.27800899744033813,0.13348087668418884,0.14452812
10454632,20.16037858,CANDIDATE,0.0997835,0.1301988959312439,0.06936810910701752,0.06083078
11461844,13.6823798,CANDIDATE,0.071762845,0.08813466131687164,0.05539102479815483,0.03274364
11414511,2.816504904,CANDIDATE,0.07003244,0.07006803154945374,0.06999684870243073,7.118285e-05
11461433,1.916940872,CANDIDATE,0.104393885,0.11764255166053772,0.09114521741867065,0.026497342
11134879,4.30165843,CANDIDATE,0.018582715,0.05976194888353348,0.0,0.08235847
10854546,2.168451063,CANDIDATE,0.070095256,0.09152902662754059,0.0486614890396595,0.042867534
10468940,2.936527336,CANDIDATE,0.16107519,0.1792922466993332,0.1428581327199936,0.03643412
10055126,9.17617167,CANDIDATE,0.13001055,0.13275493681430817,0.12726615369319916,0.005488783
10854768,10.1171684,CANDIDATE,0.22014728,0.23896631598472595,0.20132824778556824,0.037638053
11508644,14.2563272,CANDIDATE,0.16617164,0.1937025934457779,0.13864068686962128,0.055061907
11508644,14.2563272,CANDIDATE,0.16635312,0.17765851318836212,0.1550477296113968,0.022610784
10080248,14.8783945,CANDIDATE,0.36743894,0.48114728927612305,0.2537305951118469,0.22741668
10080248,14.8783945,CANDIDATE,0.31334454,0.4549998641014099,0.1716892272233963,0.28331062
10714072,8.40693068,CANDIDATE,0.08836887,0.12524768710136414,0.05149006098508835,0.07375762
11037511,3.11604194,CANDIDATE,0.19544332,0.2678636908531189,0.12302294373512268,0.14484075
11032227,7.19304935,CANDIDATE,0.41364586,0.5081746578216553,0.31911706924438477,0.1890576
10554999,6.400157105,CANDIDATE,0.2104574,0.26346874237060547,0.15744604170322418,0.10602271
10153855,1.06378861,CANDIDATE,0.08341532,0.11635071039199829,0.05047992989420891,0.065870784
11253827,88.5122014,CANDIDATE,0.08401456,0.12300749123096466,0.045021623373031616,0.07798587
11450414,12.7983174,CANDIDATE,0.24202876,0.3278367221355438,0.15622079372406006,0.17161593
11512246,7.10695741,CANDIDATE,0.23884593,0.28794315457344055,0.18974870443344116,0.098194465
10019065,52.6298542,CANDIDATE,0.13451597,0.1795220673084259,0.08950988203287125,0.09001218
10019065,52.6298542,CANDIDATE,0.14954472,0.16418635845184326,0.13490307331085205,0.029283285
11342416,25.3690868,CANDIDATE,0.12584071,0.1330801546573639,0.11860126256942749,0.014478885
10973664,5.40426917,CANDIDATE,0.043881774,0.05626848712563515,0.03149506077170372,0.024773426
10426656,6.05729966,CANDIDATE,0.101877674,0.11904166638851166,0.08471368253231049,0.034327984
10264660,6.790120801,CANDIDATE,0.04944903,0.0639800876379013,0.03491797670722008,0.029062107
10730034,2.633852528,CANDIDATE,0.10154246,0.10677529871463776,0.0963096171617508,0.010465674
11402995,10.06083238,CANDIDATE,0.33956358,0.3481485843658447,0.3309785723686218,0.017170027
10872983,11.09432054,CANDIDATE,0.16190049,0.21883524954319,0.10496573150157928,0.11386952
11348997,5.132486123,CANDIDATE,0.13948838,0.1593516319990158,0.11962513625621796,0.03972649
10526887,1.450889836,CANDIDATE,0.19597276,0.2600003182888031,0.1319451928138733,0.12805513
10718726,3.595769013,CANDIDATE,0.10082256,0.11588671803474426,0.08575840294361115,0.030128315
10586004,15.79196594,CANDIDATE,0.15786809,0.17345018684864044,0.14228598773479462,0.0311642
10526549,9.27358173,CANDIDATE,0.19346641,0.24333086609840393,0.14360195398330688,0.09972891
10141900,6.50327035,CANDIDATE,0.12676316,0.18954020738601685,0.06398612260818481,0.12555408
10471515,3.7847507,CANDIDATE,0.10056126,0.10852264612913132,0.09259987622499466,0.01592277
11127479,2.12821621,CANDIDATE,0.15029387,0.180575430393219,0.1200123131275177,0.06056311
10717241,12.37646897,CANDIDATE,0.104503274,0.11049099266529083,0.09851555526256561,0.011975445
11126381,33.7888028,CANDIDATE,0.032079823,0.046931952238082886,0.017227692529559135,0.029704262
10000941,2.5738437,CANDIDATE,0.10379981,0.10632823407649994,0.10127139091491699,0.0050568506
10000941,2.5738437,CANDIDATE,0.060086526,0.07460679858922958,0.04556625336408615,0.029040545
10653179,47.1607932,CANDIDATE,0.11404831,0.11429496109485626,0.11380165815353394,0.0004933104
10329469,55.8224775,CANDIDATE,0.16396062,0.2302302122116089,0.09769102931022644,0.13253918
10730070,7.61758198,CANDIDATE,0.11646103,0.14931708574295044,0.08360497653484344,0.06571212
10513530,16.54967098,CANDIDATE,0.1026312,0.13284167647361755,0.07242071628570557,0.06042096
10264660,6.790120801,CANDIDATE,0.036427077,0.07946129143238068,0.0,0.08606842
10730034,2.633852528,CANDIDATE,0.11796328,0.13519340753555298,0.10073314607143402,0.034460254
11401755,16.23191704,CANDIDATE,0.20209932,0.22448313236236572,0.17971551418304443,0.044767603
10063208,9.3281912,CANDIDATE,0.2010897,0.2761909067630768,0.12598848342895508,0.15020242
10973664,5.40426917,CANDIDATE,0.04181708,0.07704140990972519,0.006592750549316406,0.07044866
10843590,18.87022157,CANDIDATE,0.11331798,0.14033570885658264,0.08630025386810303,0.054035448
10843590,18.87022157,CANDIDATE,0.12962717,0.13456827402114868,0.12468606233596802,0.009882219
10337258,13.28536452,CANDIDATE,0.12319993,0.12808920443058014,0.11831066012382507,0.009778552
10350571,31.5925809,CANDIDATE,0.050485395,0.11022794246673584,0.0,0.11948509
11019987,6.9131732,CANDIDATE,0.23910798,0.24066022038459778,0.23755574226379395,0.0031044632
10004738,56.4758069,CANDIDATE,0.21188532,0.25861498713493347,0.16515563428401947,0.09345936
11086270,12.69104387,CANDIDATE,0.17988563,0.19382035732269287,0.16595089435577393,0.027869478
10526887,1.450889836,CANDIDATE,0.30340108,0.43497318029403687,0.1718289852142334,0.2631442
10777591,6.10968225,CANDIDATE,0.18486679,0.195373073220253,0.1743604987859726,0.021012574
11611600,1.219568047,CANDIDATE,0.32183734,0.4117148518562317,0.23195980489253998,0.17975506
10005788,10.99470891,CANDIDATE,0.08742711,0.09699707478284836,0.07785714417695999,0.01913993
11356260,8.50698069,CANDIDATE,0.066691674,0.07465586066246033,0.05872749164700508,0.015928365
11074541,29.88487723,CANDIDATE,0.048112318,0.07707034051418304,0.019154297187924385,0.05791604
11444514,66.373298,CANDIDATE,0.1336995,0.1659950315952301,0.10140397399663925,0.064591065
10904857,3.120828136,CANDIDATE,0.06921626,0.10022933781147003,0.038203176110982895,0.062026165
11460018,4.280963604,CANDIDATE,0.30348146,0.3907416760921478,0.21622124314308167,0.17452043
11415243,168.81133,CANDIDATE,0.08722698,0.09508094936609268,0.07937300950288773,0.01570794
11391018,30.360445359,CANDIDATE,0.09144714,0.0993478074669838,0.0835464671254158,0.01580134
11027624,394.6249514,CANDIDATE,0.14714515,0.16633591055870056,0.1279543936252594,0.038381517
11027624,394.6249514,CANDIDATE,0.21302034,0.29573699831962585,0.13030368089675903,0.16543333
11125797,58.1263775,CANDIDATE,0.0979478,0.13405755162239075,0.0618380531668663,0.07221949
11015108,39.30944096,CANDIDATE,0.09342108,0.1052989736199379,0.08154318481683731,0.023755789
10779233,201.118319,CANDIDATE,0.0937879,0.10876711457967758,0.07880868762731552,0.029958427
10880507,6.4802138,CANDIDATE,0.16794683,0.23374556005001068,0.10214810073375702,0.13159746
10213902,59.6222627,CANDIDATE,0.09623768,0.10241453349590302,0.09006083011627197,0.012353711
10468940,2.936527336,CANDIDATE,0.21599142,0.24436160922050476,0.18762123584747314,0.056740373
11507101,38.3775486,CANDIDATE,0.09437152,0.11221706122159958,0.07652597874403,0.035691082
10982872,4.761705895,CANDIDATE,0.12061042,0.1372014880180359,0.10401935875415802,0.03318213
10973814,44.8520997,CANDIDATE,0.14843665,0.18548524379730225,0.11138806492090225,0.07409717
10098844,47.4497134,CANDIDATE,0.1385692,0.1713198572397232,0.10581855475902557,0.06550131
11153539,4.49876511,CANDIDATE,0.062331796,0.08692987263202667,0.03773371875286102,0.04919615
11611275,6.94245216,CANDIDATE,0.21764493,0.31134703755378723,0.12394282221794128,0.18740422
11450414,12.7983174,CANDIDATE,0.17348194,0.1918988674879074,0.15506501495838165,0.036833845
10123064,4.243748097,CANDIDATE,0.054777946,0.06005580723285675,0.04950008541345596,0.010555722
11253827,88.5122014,CANDIDATE,0.056225706,0.10865195095539093,0.0037994645535945892,0.10485248
10157458,7.33685101,CANDIDATE,0.3589392,0.4511774182319641,0.26670098304748535,0.18447644
10464050,4.469754641,CANDIDATE,0.04322375,0.06091782823204994,0.02552967146039009,0.035388157
10585738,0.636424848,CANDIDATE,0.19718832,0.2724692225456238,0.12190741300582886,0.15056181
10468940,2.936527336,CANDIDATE,0.23565808,0.33399075269699097,0.13732539117336273,0.19666538
10080248,14.8783945,CANDIDATE,0.34958473,0.41856059432029724,0.2806088626384735,0.13795172
11508644,14.2563272,CANDIDATE,0.20172079,0.28176847100257874,0.1216731071472168,0.16009536
11600889,0.669310092,CANDIDATE,0.08893809,0.10887987911701202,0.06899629533290863,0.039883584
10353968,9.07098164,CANDIDATE,0.088097714,0.1009201854467392,0.0752752423286438,0.025644936
11177707,124.4197175,CANDIDATE,0.21250989,0.23426099121570587,0.19075877964496613,0.04350221
10709622,51.3283527,CANDIDATE,0.29450628,0.40524953603744507,0.1837630271911621,0.22148651
11046458,3.311864148,CANDIDATE,0.036135435,0.040309786796569824,0.03196108341217041,0.008348707
11449844,38.47876629,CANDIDATE,0.08424416,0.13733774423599243,0.03115057945251465,0.106187165
10271806,5.924993927,CANDIDATE,0.0699539,0.07462181150913239,0.06528599560260773,0.009335816
10593535,20.9254083,CANDIDATE,0.27535686,0.34371697902679443,0.20699673891067505,0.13672023
11651712,14.53260546,CANDIDATE,0.02701837,0.05387859791517258,0.00015814229846000671,0.053720456
11461844,13.6823798,CANDIDATE,0.051118564,0.0895691066980362,0.012668021023273468,0.076901086
10657406,34.1732156,CANDIDATE,0.102005035,0.1395978331565857,0.06441224366426468,0.07518558
11360805,26.7838935,CANDIDATE,0.20164339,0.20894035696983337,0.19434642791748047,0.014593929
10329469,55.8224775,CANDIDATE,0.18525511,0.2804248631000519,0.09008536487817764,0.19033949
11611600,1.219568047,CANDIDATE,0.13753468,0.18034818768501282,0.09472116827964783,0.08562702
10397751,3.4462125,CANDIDATE,0.17024055,0.20311328768730164,0.13736781477928162,0.06574548
10019065,52.6298542,CANDIDATE,0.11527515,0.15460994839668274,0.07594035565853119,0.07866959
11509504,2.61576515,CANDIDATE,0.19595677,0.2556022107601166,0.13631132245063782,0.11929088
11389771,2.508553286,CANDIDATE,0.10102555,0.10554327070713043,0.09650783240795135,0.009035431
11019987,6.9131732,CANDIDATE,0.13121097,0.14985497295856476,0.11256696283817291,0.037288018
10730070,7.61758198,CANDIDATE,0.13789216,0.21385344862937927,0.06193086504936218,0.15192258
10264660,6.790120801,CANDIDATE,0.08447573,0.10292313992977142,0.06602832674980164,0.03689482
10730034,2.633852528,CANDIDATE,0.10655835,0.1215720921754837,0.09154461324214935,0.030027479
10684670,3.78861833,CANDIDATE,0.12124975,0.13550636172294617,0.10699313879013062,0.028513223
10973664,5.40426917,CANDIDATE,0.09900956,0.10495573282241821,0.09306338429450989,0.0118923485
11402995,10.06083238,CANDIDATE,0.35725415,0.46893009543418884,0.24557819962501526,0.2233519
11402995,10.06083238,CANDIDATE,0.3340059,0.42606306076049805,0.24194872379302979,0.18411435
10718726,3.595769013,CANDIDATE,0.10210858,0.1148875430226326,0.08932962268590927,0.02555792
10266615,10.94026745,CANDIDATE,0.13211869,0.15555807948112488,0.10867930203676224,0.04687877
11356260,8.50698069,CANDIDATE,0.25718656,0.3168084919452667,0.19756464660167694,0.11924384
10454313,4.221626193,CANDIDATE,0.23765267,0.3195745050907135,0.15573084354400635,0.16384365
11565924,13.32191461,CANDIDATE,0.1594264,0.17745451629161835,0.14139829576015472,0.036056213
10057494,2.41810158,CANDIDATE,0.07423379,0.08689062297344208,0.0615769624710083,0.02531366
11126381,33.7888028,CANDIDATE,0.056179024,0.07464055716991425,0.03771749511361122,0.03692306
10000941,2.5738437,CANDIDATE,0.027729698,0.08152047544717789,0.0,0.107581556
11560897,35.9682692,CANDIDATE,0.19638056,0.2373814731836319,0.15537963807582855,0.08200183
10528068,158.6850022,CANDIDATE,0.48254997,0.6193894147872925,0.34571048617362976,0.27367896
11444514,66.373298,CANDIDATE,0.22486429,0.2746416926383972,0.17508690059185028,0.09955478
11127479,2.12821621,CANDIDATE,0.17022121,0.18662787973880768,0.15381453931331635,0.032813348
11401755,16.23191704,CANDIDATE,0.13856407,0.17627963423728943,0.10084850341081619,0.07543112
10526887,1.450889836,CANDIDATE,0.17588036,0.23555579781532288,0.11620490998029709,0.119350895
11401755,16.23191704,CANDIDATE,0.16755688,0.19321246445178986,0.14190129935741425,0.051311173
11611600,1.219568047,CANDIDATE,0.08501618,0.08707967400550842,0.08295269310474396,0.0041269735
11342416,25.3690868,CANDIDATE,0.08231802,0.08695414662361145,0.07768189907073975,0.00927224
10662202,21.67699193,CANDIDATE,0.089619964,0.09695732593536377,0.08228260278701782,0.014674723
10525027,3.27344784,CANDIDATE,0.05506695,0.10482887178659439,0.005305029451847076,0.09952384
11493431,2.343230566,CANDIDATE,0.122430235,0.1450367271900177,0.09982374310493469,0.04521299
10730070,7.61758198,CANDIDATE,0.10192856,0.10737049579620361,0.09648662805557251,0.01088386
10001368,4.76831033,CANDIDATE,0.12650645,0.1428733766078949,0.11013951897621155,0.032733865
10843590,18.87022157,CANDIDATE,0.1579304,0.16547562181949615,0.15038518607616425,0.015090436
10904857,3.120828136,CANDIDATE,0.2106865,0.296416699886322,0.12495629489421844,0.17146042
10328458,2.352273912,CANDIDATE,0.095035575,0.1260082721710205,0.06406287103891373,0.06194541
11192998,7.650243513,CANDIDATE,0.12648365,0.15394227206707,0.09902502596378326,0.05491724
11014932,6.88595222,CANDIDATE,0.064147584,0.10909421741962433,0.01920095458626747,0.08989326
11403339,4.79029482,CANDIDATE,0.10497899,0.1176527738571167,0.09230521321296692,0.025347568
10395381,17.6717714,CANDIDATE,0.17796338,0.1796000450849533,0.1763267070055008,0.003273338
10330115,13.21409607,CANDIDATE,0.12043607,0.1441623419523239,0.09670980274677277,0.04745253
11547505,0.938466959,CANDIDATE,0.17759927,0.22006583213806152,0.13513270020484924,0.08493313
10864656,52.5008645,CANDIDATE,0.08756883,0.14864659309387207,0.026491064578294754,0.122155525
10879038,4.8538404,CANDIDATE,0.1594705,0.19145584106445312,0.12748515605926514,0.06397067
10984090,3.709214104,CANDIDATE,0.14228582,0.170683816075325,0.11388783156871796,0.056795992
10984090,3.709214104,CANDIDATE,0.1639954,0.20928436517715454,0.11870643496513367,0.09057794
10136549,9.69315023,CANDIDATE,0.29953337,0.35711151361465454,0.2419552206993103,0.11515628
11512246,7.10695741,CANDIDATE,0.028613063,0.0796450674533844,0.0,0.102064006
11253711,17.79108667,CANDIDATE,0.14555597,0.15013724565505981,0.14097470045089722,0.00916256
11461433,1.916940872,CANDIDATE,0.13731146,0.162686288356781,0.11193662881851196,0.05074966
11153539,4.49876511,CANDIDATE,0.27181897,0.37829339504241943,0.16534452140331268,0.21294889
10010440,53.5991459,CANDIDATE,0.3459035,0.4721716046333313,0.21963536739349365,0.25253624
11080405,25.1933989,CANDIDATE,0.29533604,0.3310294449329376,0.259642630815506,0.071386814
11453592,2.8867624,CANDIDATE,0.15914229,0.2293110340833664,0.08897353708744049,0.1403375
10973814,44.8520997,CANDIDATE,0.18520513,0.22136415541172028,0.14904610812664032,0.07231804
11401182,0.927859786,CANDIDATE,0.16181865,0.2128429412841797,0.11079436540603638,0.102048576
11401182,0.927859786,CANDIDATE,0.13179162,0.15715041756629944,0.10643283277750015,0.050717577
10213902,59.6222627,CANDIDATE,0.26605874,0.3325999677181244,0.19951751828193665,0.13308245
11015108,39.30944096,CANDIDATE,0.13221611,0.1434641182422638,0.12096809595823288,0.02249603
10027247,86.829519,CANDIDATE,0.1862912,0.20632728934288025,0.16625511646270752,0.040072158
10055126,9.17617167,CANDIDATE,0.15191461,0.22115296125411987,0.08267625421285629,0.13847671
10714072,8.40693068,CANDIDATE,0.052148912,0.0644281730055809,0.039869651198387146,0.024558522
11125797,58.1263775,CANDIDATE,0.09734361,0.09750227630138397,0.09718494117259979,0.00031733513
11298298,5.248667607,CANDIDATE,0.09340164,0.10130535066127777,0.08549793064594269,0.015807427
11507101,38.3775486,CANDIDATE,0.31726417,0.47098004817962646,0.1635482907295227,0.30743176
11497958,5.841636615,CANDIDATE,0.16671385,0.16683411598205566,0.16659358143806458,0.00024051964
11100383,12.92489803,CANDIDATE,0.05968104,0.08739282190799713,0.03196925297379494,0.055423573
10964440,19.12947603,CANDIDATE,0.21395317,0.2876570224761963,0.1402493119239807,0.14740771
11601584,51.8098276,CANDIDATE,0.10605893,0.12291879206895828,0.08919907361268997,0.03371972
10189546,24.61480613,CANDIDATE,0.14767404,0.15037551522254944,0.144972562789917,0.0054029524
10136549,9.69315023,CANDIDATE,0.1952201,0.22936201095581055,0.16107818484306335,0.06828381
11461433,1.916940872,CANDIDATE,0.0947004,0.1021103709936142,0.0872904360294342,0.014819935
11512246,7.10695741,CANDIDATE,0.09575187,0.09663672745227814,0.09486700594425201,0.001769729
11442793,331.5972732,CANDIDATE,0.057613183,0.0742584839463234,0.04096788167953491,0.033290602
10617017,13.15140223,CANDIDATE,0.1311008,0.15455952286720276,0.10764209181070328,0.046917424
11153121,14.97031664,CANDIDATE,0.16156334,0.19134175777435303,0.13178491592407227,0.05955684
10010440,53.5991459,CANDIDATE,0.14738451,0.15986397862434387,0.13490504026412964,0.024958953
11337372,6.53194024,CANDIDATE,0.17548937,0.22468234598636627,0.12629638612270355,0.09838596
10905911,1.34155642,CANDIDATE,0.11212038,0.12711642682552338,0.09712433815002441,0.029992089
11179076,48.4313003,CANDIDATE,0.1721324,0.19752414524555206,0.14674066007137299,0.050783493
10657406,34.1732156,CANDIDATE,0.08787478,0.10045100003480911,0.07529855519533157,0.025152445
11651712,14.53260546,CANDIDATE,0.1562478,0.2247007191181183,0.08779487013816833,0.13690585
10989274,16.17803,CANDIDATE,0.067295134,0.08146055042743683,0.05312972143292427,0.028330825
11449844,38.47876629,CANDIDATE,0.05123409,0.08840994536876678,0.014058232307434082,0.07435171
11090765,21.21712312,CANDIDATE,0.13372488,0.14172114431858063,0.12572862207889557,0.01599253
10332883,1.151166776,CANDIDATE,0.06185389,0.07436120510101318,0.049346569925546646,0.025014639
11361646,7.97420583,CANDIDATE,0.14127539,0.144619420170784,0.13793136179447174,0.0066880584
10055126,9.17617167,CANDIDATE,0.20446242,0.25965285301208496,0.14927199482917786,0.110380866
10157458,7.33685101,CANDIDATE,0.31036982,0.4373338222503662,0.1834058165550232,0.253928
11069176,15.3789014,CANDIDATE,0.10776128,0.11592997610569,0.09959258139133453,0.016337402
11611275,6.94245216,CANDIDATE,0.27645245,0.3228948414325714,0.23001006245613098,0.092884794
10468885,0.664074145,CANDIDATE,0.16137703,0.18154355883598328,0.14121049642562866,0.040333062
11074835,6.03355539,CANDIDATE,0.27685678,0.3492978811264038,0.2044156789779663,0.14488219
10714072,8.40693068,CANDIDATE,0.12807219,0.1528846174478531,0.10325975716114044,0.049624853
10908248,39.859505,CANDIDATE,0.14876737,0.1570284068584442,0.1405063271522522,0.016522072
11037335,40.7150498,CANDIDATE,0.09572674,0.1277809739112854,0.0636725127696991,0.06410847
11295426,5.398752862,CANDIDATE,0.13099809,0.14227703213691711,0.11971915513277054,0.02255787
10925104,8.041347775,CANDIDATE,0.101216644,0.12046253681182861,0.08197075128555298,0.038491786
10925104,8.041347775,CANDIDATE,0.057994187,0.07196275144815445,0.04402562230825424,0.02793713
10026502,101.952048,CANDIDATE,0.044481143,0.05977262929081917,0.029189657419919968,0.030582972
10585852,8.57504983,CANDIDATE,0.08242726,0.12133019417524338,0.04352433234453201,0.07780586
10026502,101.952048,CANDIDATE,0.21189313,0.2853749990463257,0.1384112685918808,0.14696372
10166274,3.353732008,CANDIDATE,0.18010283,0.19632874429225922,0.16387690603733063,0.032451846
11401767,20.0545282,CANDIDATE,0.08341673,0.10455255955457687,0.06228090077638626,0.04227166
11560897,35.9682692,CANDIDATE,0.04897721,0.07635635137557983,0.021598074585199356,0.054758273
11457726,6.22161107,CANDIDATE,0.07981053,0.08579101413488388,0.07383004575967789,0.011960968
10141900,6.50327035,CANDIDATE,0.09186777,0.10014178603887558,0.08359374850988388,0.016548038
11565924,13.32191461,CANDIDATE,0.14073463,0.16956159472465515,0.11190766096115112,0.057653926
11509504,2.61576515,CANDIDATE,0.14534472,0.1746208518743515,0.11606858670711517,0.058552258
10289119,16.10474503,CANDIDATE,0.165565,0.16694048047065735,0.16418951749801636,0.0027509779
10289119,16.10474503,CANDIDATE,0.10746119,0.13951411843299866,0.07540827244520187,0.06410584
10777591,6.10968225,CANDIDATE,0.14813502,0.18507802486419678,0.1111920177936554,0.073886015
10489345,1.003931703,CANDIDATE,0.08975896,0.10791849344968796,0.07159943133592606,0.036319062
10122255,27.6652847,CANDIDATE,0.3075142,0.380915105342865,0.23411327600479126,0.14680184
10973664,5.40426917,CANDIDATE,0.050586928,0.07885386794805527,0.022319987416267395,0.05653388
10730034,2.633852528,CANDIDATE,0.15874039,0.19164817035198212,0.12583260238170624,0.065815575
10264660,6.790120801,CANDIDATE,0.06276884,0.09277720749378204,0.03276047110557556,0.060016733
11074178,14.30517579,CANDIDATE,0.08201702,0.08367852866649628,0.08035551011562347,0.003323026
11308499,3.28192056,CANDIDATE,0.31092048,0.38712579011917114,0.23471517860889435,0.1524106
11192998,7.650243513,CANDIDATE,0.19268993,0.20474806427955627,0.18063178658485413,0.024116263
11014932,6.88595222,CANDIDATE,0.25629568,0.34146225452423096,0.17112909257411957,0.17033318
10005758,134.4785189,CANDIDATE,0.15120094,0.1833748072385788,0.11902706325054169,0.06434774
10933561,31.51779463,CANDIDATE,0.13430138,0.15379688143730164,0.11480587720870972,0.03899101
10329196,85.7567919,CANDIDATE,0.23330879,0.3235623836517334,0.14305520057678223,0.1805072
10713616,83.5781976,CANDIDATE,0.2114897,0.26872214674949646,0.15425728261470795,0.11446486
10329196,85.7567919,CANDIDATE,0.19144857,0.2511599659919739,0.13173715770244598,0.11942282
10591855,1.574090323,CANDIDATE,0.16210423,0.16319705545902252,0.16101141273975372,0.0021856427
10330115,13.21409607,CANDIDATE,0.03316646,0.06274592876434326,0.0035869963467121124,0.05915893
10141900,6.50327035,CANDIDATE,0.20993425,0.2541598677635193,0.16570863127708435,0.088451244
10350571,31.5925809,CANDIDATE,0.13618386,0.1474914252758026,0.12487629055976868,0.022615135
10593626,289.864067,CANDIDATE,0.13285206,0.1457441747188568,0.11995995789766312,0.02578421
11621223,4.903321801,CANDIDATE,0.09978197,0.11310532689094543,0.08645860850811005,0.026646726
10583761,2.685054445,CANDIDATE,0.16294184,0.1789061427116394,0.14697754383087158,0.031928614
10407482,6.30558387,CANDIDATE,0.10962434,0.11957807838916779,0.09967060387134552,0.019907467
10526887,1.450889836,CANDIDATE,0.32985955,0.43705880641937256,0.22266030311584473,0.2143985
10777591,6.10968225,CANDIDATE,0.2971789,0.3635403513908386,0.23081743717193604,0.1327229
10358759,10.3392408,CANDIDATE,0.20372288,0.27784815430641174,0.12959760427474976,0.14825055
10460984,10.94577783,CANDIDATE,0.12574267,0.13654841482639313,0.1149369329214096,0.02161149
10874614,3.234699282,CANDIDATE,0.059159365,0.07658450305461884,0.041734229773283005,0.03485027
11403389,45.0909201,CANDIDATE,0.060987696,0.0941181629896164,0.027857229113578796,0.066260934
10068659,11.47685263,CANDIDATE,0.21034983,0.25684335827827454,0.16385629773139954,0.09298706
10272640,3.770551475,CANDIDATE,0.0687338,0.08302294462919235,0.05444464832544327,0.028578296
10272640,3.770551475,CANDIDATE,0.06577351,0.09253442287445068,0.039012596011161804,0.05352183
10068659,11.47685263,CANDIDATE,0.25407866,0.30167293548583984,0.2064843773841858,0.09518857
10418224,6.8731664,CANDIDATE,0.13323787,0.1421818882226944,0.12429384887218475,0.01788804
11449844,38.47876629,CANDIDATE,0.14493868,0.22082403302192688,0.06905332207679749,0.15177071
10329469,55.8224775,CANDIDATE,0.24859601,0.2885342240333557,0.20865778625011444,0.07987645
10265898,1.260258822,CANDIDATE,0.25111964,0.31234943866729736,0.1898898482322693,0.122459576
11074541,29.88487723,CANDIDATE,0.09363548,0.11384262144565582,0.07342833280563354,0.040414296
10858691,1.796320953,CANDIDATE,0.2252163,0.2494521141052246,0.20098048448562622,0.048471615
11415243,168.81133,CANDIDATE,0.015709251,0.0565367266535759,0.0,0.08165495
11018648,32.62876672,CANDIDATE,0.020043883,0.06857921183109283,0.0,0.09707065
11337833,51.3011844,CANDIDATE,0.15778008,0.17404580116271973,0.1415143609046936,0.032531448
10004738,56.4758069,CANDIDATE,0.100400314,0.11384053528308868,0.0869600921869278,0.026880436
11127479,2.12821621,CANDIDATE,0.06069949,0.10889096558094025,0.012508008629083633,0.09638296
11547513,5.317440164,CANDIDATE,0.0919745,0.11201861500740051,0.07193037867546082,0.040088236
11356260,8.50698069,CANDIDATE,0.12726273,0.16952082514762878,0.08500462770462036,0.0845162
10266615,10.94026745,CANDIDATE,0.13771208,0.1738443523645401,0.10157980024814606,0.072264545
11623629,81.737872,CANDIDATE,0.05697917,0.07460951805114746,0.039348818361759186,0.0352607
10063208,9.3281912,CANDIDATE,0.13820815,0.17155881226062775,0.10485748946666718,0.06670132
10858832,5.263415218,CANDIDATE,0.11542417,0.12009523063898087,0.11075311154127121,0.009342119
11460018,4.280963604,CANDIDATE,0.13107525,0.14464116096496582,0.11750932782888412,0.02713184
11622600,82.5341188,CANDIDATE,0.21785381,0.27422142028808594,0.1614862084388733,0.11273521
10454313,4.221626193,CANDIDATE,0.08449126,0.11613033711910248,0.05285217985510826,0.06327816
11037511,3.11604194,CANDIDATE,0.22268206,0.24413421750068665,0.20122990012168884,0.042904332
11450414,12.7983174,CANDIDATE,0.16387802,0.20512226223945618,0.12263378500938416,0.08248847
10990886,11.023474798,CANDIDATE,0.06822802,0.08033693581819534,0.05611910670995712,0.02421783
10057494,2.41810158,CANDIDATE,0.081623845,0.08922739326953888,0.07402029633522034,0.015207097
10337258,13.28536452,CANDIDATE,0.0901361,0.10885366797447205,0.07141853868961334,0.03743512
11253827,88.5122014,CANDIDATE,0.036975764,0.054904162883758545,0.019047364592552185,0.0358568
10604335,11.00817635,CANDIDATE,0.1313837,0.14145883917808533,0.12130856513977051,0.020150274
11073351,2.820190603,CANDIDATE,0.16617844,0.20113754272460938,0.13121932744979858,0.06991822
10526549,9.27358173,CANDIDATE,0.20683827,0.2960493862628937,0.11762714385986328,0.17842224
11342416,25.3690868,CANDIDATE,0.17709404,0.2030249834060669,0.15116310119628906,0.051861897
10600955,65.6480892,CANDIDATE,0.32127497,0.4397348463535309,0.20281508564949036,0.23691978
10990917,11.04605365,CANDIDATE,0.15140045,0.18758022785186768,0.11522067338228226,0.07235955
11153539,4.49876511,CANDIDATE,0.26540983,0.35543543100357056,0.17538422346115112,0.18005121
10002866,3.936993144,CANDIDATE,0.10600119,0.12181204557418823,0.0901903361082077,0.03162171
10586004,15.79196594,CANDIDATE,0.17253429,0.1946038156747818,0.1504647582769394,0.044139057
10905239,3.487688776,CANDIDATE,0.10854215,0.12124382704496384,0.09584047645330429,0.02540335
10905239,3.487688776,CANDIDATE,0.10501387,0.11473118513822556,0.09529655426740646,0.01943463
10717241,12.37646897,CANDIDATE,0.09819517,0.12609657645225525,0.07029377669095993,0.055802792
11244137,2.03387483,CANDIDATE,0.27072856,0.3753699064254761,0.16608721017837524,0.20928271
11460462,5.03728033,CANDIDATE,0.15199137,0.18150751292705536,0.12247522175312042,0.0590323
11497977,4.79860021,CANDIDATE,0.24226896,0.3298262357711792,0.15471167862415314,0.17511457
11283615,1.289590179,CANDIDATE,0.12308656,0.13658322393894196,0.10958988964557648,0.026993327
10858832,5.263415218,CANDIDATE,0.11876598,0.1257263422012329,0.11180561780929565,0.013920732
10426656,6.05729966,CANDIDATE,0.26446852,0.371324360370636,0.15761269629001617,0.21371165
10663396,23.8990075,CANDIDATE,0.18688981,0.23340819776058197,0.1403714269399643,0.09303677
11507101,38.3775486,CANDIDATE,0.23564996,0.3415905833244324,0.12970933318138123,0.21188125
11298298,5.248667607,CANDIDATE,0.06764575,0.08234275132417679,0.05294875055551529,0.029394
10471515,3.7847507,CANDIDATE,0.16478103,0.1762235164642334,0.15333855152130127,0.022884957
10384798,38.505224,CANDIDATE,0.18915744,0.19666071236133575,0.1816541701555252,0.015006542
11086270,12.69104387,CANDIDATE,0.19243957,0.2654350996017456,0.11944405734539032,0.14599103
11086270,12.69104387,CANDIDATE,0.1772079,0.22152848541736603,0.1328873187303543,0.08864116
10854555,2.525591777,CANDIDATE,0.11410612,0.14006009697914124,0.08815213292837143,0.05190797
11656721,13.64617478,CANDIDATE,0.0911018,0.11467587947845459,0.06752772629261017,0.047148153
10616679,8.600099313,CANDIDATE,0.053097103,0.10132531821727753,0.004868891090154648,0.09645642
10187017,16.145671932,CANDIDATE,0.09587592,0.10868293046951294,0.08306890726089478,0.025614023
10212441,15.0447098,CANDIDATE,0.23893146,0.2854897379875183,0.19237320125102997,0.09311652
10454632,20.16037858,CANDIDATE,0.049039826,0.08319871127605438,0.014880940318107605,0.06831777
11015108,39.30944096,CANDIDATE,0.11449206,0.13147814571857452,0.09750597178936005,0.033972166
10330115,13.21409607,CANDIDATE,0.113214515,0.14035804569721222,0.08607098460197449,0.05428706
11498128,106.247882,CANDIDATE,0.15054518,0.16611173748970032,0.13497862219810486,0.031133115
10924562,18.6052046,CANDIDATE,0.09787538,0.11655928194522858,0.07919147610664368,0.0373678
11288051,13.82142084,CANDIDATE,0.22382872,0.24929645657539368,0.19836097955703735,0.050935477
10982872,4.761705895,CANDIDATE,0.15194891,0.16743023693561554,0.1364675909280777,0.030962653
11032227,7.19304935,CANDIDATE,0.19012776,0.24102900922298431,0.1392265111207962,0.101802506
10904857,3.120828136,CANDIDATE,0.055879377,0.05902249738574028,0.05273625627160072,0.006286241
10987985,16.01308419,CANDIDATE,0.081374496,0.1023625060915947,0.06038648635149002,0.04197602
10190777,1.411230023,CANDIDATE,0.017443089,0.06098656356334686,0.0,0.087086946
11304958,41.43958662,CANDIDATE,0.09829787,0.11181920766830444,0.08477653563022614,0.02704268
11304958,41.43958662,CANDIDATE,0.1354743,0.16574402153491974,0.10520456731319427,0.060539447
10545066,19.7830259,CANDIDATE,0.07358788,0.07407307624816895,0.0731026828289032,0.00097038597
10064256,5.95958637,CANDIDATE,0.078181386,0.08196940273046494,0.0743933692574501,0.0075760335
11075429,23.9210408,CANDIDATE,0.1545466,0.16145174205303192,0.14764146506786346,0.013810277
10464050,4.469754641,CANDIDATE,0.08644607,0.08934023976325989,0.08355189859867096,0.0057883337
10924562,18.6052046,CANDIDATE,0.2382836,0.2981366515159607,0.17843055725097656,0.1197061
10873260,5.852968845,CANDIDATE,0.3630234,0.40420398116111755,0.32184281945228577,0.08236118
11177707,124.4197175,CANDIDATE,0.16263984,0.21359750628471375,0.11168217658996582,0.10191534
11455181,10.9294815,CANDIDATE,0.3959766,0.4474349617958069,0.34451824426651,0.10291672
10795103,214.3120439,CANDIDATE,0.046126775,0.06460296362638474,0.027650589123368263,0.036952373
10709622,51.3283527,CANDIDATE,0.24278189,0.3346189856529236,0.1509447991847992,0.1836742
11129738,2.613020421,CANDIDATE,0.107962646,0.13916191458702087,0.07676337659358978,0.062398545
10122255,27.6652847,CANDIDATE,0.12818086,0.15497678518295288,0.10138493776321411,0.053591847
10656823,8.30783912,CANDIDATE,0.14126153,0.1558985561132431,0.12662450969219208,0.029274054
11461844,13.6823798,CANDIDATE,0.16215052,0.18532249331474304,0.13897854089736938,0.046343952
10656823,8.30783912,CANDIDATE,0.108294696,0.11369840800762177,0.1028909832239151,0.010807432
11125613,9.99115241,CANDIDATE,0.10550313,0.129240483045578,0.08176577836275101,0.047474697
10593535,20.9254083,CANDIDATE,0.07135809,0.07257862389087677,0.07013756036758423,0.002441056
11360805,26.7838935,CANDIDATE,0.21053004,0.2527260184288025,0.16833406686782837,0.08439195
11622600,82.5341188,CANDIDATE,0.14181238,0.16887035965919495,0.11475440114736557,0.054115966
10019708,3.268695042,CANDIDATE,0.09297138,0.13466666638851166,0.05127609148621559,0.08339057
10019643,21.34736612,CANDIDATE,0.100420445,0.1451265811920166,0.05571430176496506,0.08941229
11187837,17.60461401,CANDIDATE,0.09394702,0.12086261808872223,0.06703142821788788,0.053831197
11623629,81.737872,CANDIDATE,0.08913374,0.12256957590579987,0.05569789931178093,0.06687168
11572193,10.6761592,CANDIDATE,0.1532449,0.15715579688549042,0.14933399856090546,0.007821798
11253827,88.5122014,CANDIDATE,0.1151008,0.11828473210334778,0.11191686987876892,0.0063678697
10670119,14.87149773,CANDIDATE,0.17644747,0.21922078728675842,0.13367414474487305,0.085546635
10670119,14.87149773,CANDIDATE,0.14808708,0.17364579439163208,0.12252838164567947,0.051117405
11450414,12.7983174,CANDIDATE,0.06005081,0.07286842912435532,0.04723319411277771,0.025635235
11177676,47.0320478,CANDIDATE,0.13163282,0.1401761770248413,0.12308946251869202,0.017086715
10854546,2.168451063,CANDIDATE,0.17181815,0.18669132888317108,0.15694497525691986,0.029746354
10001893,43.077930444116305,CANDIDATE,0.16291796,0.2312869131565094,0.09454900771379471,0.1367379
10585852,8.57504983,CANDIDATE,0.1868028,0.2392648458480835,0.13434076309204102,0.10492409
11360571,77.2550726,CANDIDATE,0.11122519,0.12104049324989319,0.10140988230705261,0.019630611
11414465,2.94194296,CANDIDATE,0.06653985,0.07197657227516174,0.06110312044620514,0.010873452
11358389,10.66489514,CANDIDATE,0.14317302,0.14445006847381592,0.14189597964286804,0.0025540888
11298298,5.248667607,CANDIDATE,0.09276675,0.09529410302639008,0.09023939073085785,0.0050547123
10593626,289.864067,CANDIDATE,0.16595177,0.16945722699165344,0.16244632005691528,0.007010892
11403530,3.61460332,CANDIDATE,0.17263363,0.19369882345199585,0.1515684425830841,0.042130373
10019643,21.34736612,CANDIDATE,0.17085396,0.20716914534568787,0.13453876972198486,0.07263039
10187017,16.145671932,CANDIDATE,0.06551304,0.08437386155128479,0.046652212738990784,0.03772165
10854555,2.525591777,CANDIDATE,0.15613824,0.16305531561374664,0.14922116696834564,0.013834156
10933561,31.51779463,CANDIDATE,0.21376441,0.256032258272171,0.17149657011032104,0.08453568
10973814,44.8520997,CANDIDATE,0.050465696,0.06982982903718948,0.031101563945412636,0.038728263
10600955,65.6480892,CANDIDATE,0.26110432,0.3163841962814331,0.20582444965839386,0.11055973
11043167,44.9306706,CANDIDATE,0.20027678,0.28626108169555664,0.11429248750209808,0.17196858
10460984,10.94577783,CANDIDATE,0.18678297,0.1987842619419098,0.1747816801071167,0.024002597
11283615,1.289590179,CANDIDATE,0.09877388,0.11147366464138031,0.086074098944664,0.025399566
10094670,22.06402,CANDIDATE,0.113809176,0.12900689244270325,0.09861145913600922,0.030395426
10717220,21.0907909,CANDIDATE,0.07935312,0.0927400290966034,0.06596620380878448,0.026773818
11497977,4.79860021,CANDIDATE,0.29423675,0.35504430532455444,0.2334292083978653,0.12161508
11460462,5.03728033,CANDIDATE,0.07843977,0.08457109332084656,0.07230845093727112,0.012262642
11337566,7.12815163,CANDIDATE,0.17915493,0.19981643557548523,0.15849342942237854,0.04132302
10586208,23.58444746,CANDIDATE,0.36422867,0.498787522315979,0.22966979444026947,0.26911774
11244137,2.03387483,CANDIDATE,0.19254245,0.2291419357061386,0.15594296157360077,0.07319898
10904857,3.120828136,CANDIDATE,0.098586366,0.09948459267616272,0.09768813848495483,0.0017964616
11499192,4.13592927,CANDIDATE,0.118342325,0.1246296763420105,0.1120549738407135,0.01257471
10386922,26.62941953,CANDIDATE,0.117912725,0.14283405244350433,0.09299139678478241,0.049842656
10744335,4.59726613,CANDIDATE,0.0362965,0.07343985140323639,0.0,0.07428669
10744335,4.59726613,CANDIDATE,0.17703852,0.22588391602039337,0.12819312512874603,0.09769078
10910878,16.06864674,CANDIDATE,0.14138575,0.1440570205450058,0.1387144774198532,0.005342543
10686864,2.97041801,CANDIDATE,0.05973942,0.07329167425632477,0.04618716239929199,0.027104512
10190777,1.411230023,CANDIDATE,0.10261588,0.10405289381742477,0.1011788621544838,0.0028740317
11193263,6.91134223,CANDIDATE,0.17628464,0.22681131958961487,0.12575796246528625,0.10105337
10864531,83.4887405,CANDIDATE,0.09831357,0.11158585548400879,0.08504128456115723,0.026544578
10864531,83.4887405,CANDIDATE,0.09385626,0.10601474344730377,0.08169777691364288,0.02431696
10669994,2.71603664,CANDIDATE,0.111595176,0.13204041123390198,0.0911499410867691,0.04089047
11502867,3.217518511,CANDIDATE,0.021126337,0.057938478887081146,0.0,0.07362428
10513530,16.54967098,CANDIDATE,0.17920613,0.18605634570121765,0.17235592007637024,0.013700426
11192998,7.650243513,CANDIDATE,0.1226717,0.1377565562725067,0.10758684575557709,0.030169703
10328393,7.62635494,CANDIDATE,0.06252024,0.08838607370853424,0.03665441647171974,0.051731654
10005788,10.99470891,CANDIDATE,0.060928836,0.0861576497554779,0.03570002317428589,0.050457623
11336883,7.16893064,CANDIDATE,0.16756259,0.1698457896709442,0.16527938842773438,0.0045663863
10290666,5.45849914,CANDIDATE,0.2511652,0.30568280816078186,0.19664759933948517,0.109035216
10722485,7.84931877,CANDIDATE,0.13120288,0.15967141091823578,0.10273434221744537,0.05693707
10722485,7.84931877,CANDIDATE,0.11944782,0.15448132157325745,0.08441431075334549,0.07006702
10875245,4.90144976,CANDIDATE,0.2254343,0.28007781505584717,0.17079079151153564,0.10928702
10122255,27.6652847,CANDIDATE,0.30520427,0.3967664837837219,0.21364206075668335,0.18312442
10189546,24.61480613,CANDIDATE,0.1268236,0.16195274889469147,0.09169445931911469,0.07025829
11187436,5.90741476,CANDIDATE,0.10615567,0.13475267589092255,0.07755866646766663,0.05719401
10453588,68.8861017,CANDIDATE,0.10469981,0.13671736419200897,0.07268226146697998,0.06403511
10187159,7.96431492,CANDIDATE,0.24013157,0.2421213686466217,0.23814177513122559,0.0039795786
10386922,26.62941953,CANDIDATE,0.11227965,0.12731477618217468,0.09724453836679459,0.03007023
10020423,7.448375935,FALSE_POSITIVE,0.047520142,0.08106614649295807,0.013974133878946304,0.06709202
11133306,41.74598855,CANDIDATE,0.08532862,0.1673050820827484,0.0033521652221679688,0.16395292
10020423,7.448375935,FALSE_POSITIVE,0.02008064,0.05467724800109863,0.0,0.069193214
11125613,9.99115241,CANDIDATE,0.019660944,0.07620783150196075,0.0,0.11309378
10934674,16.54295261,CANDIDATE,0.067527354,0.10048623383045197,0.03456847369670868,0.06591776
11359879,4.942783419,CANDIDATE,0.06985115,0.10170061141252518,0.03800169378519058,0.06369892
10468885,0.664074145,CANDIDATE,0.16651687,0.19691038131713867,0.13612335920333862,0.06078703
11502867,3.217518511,CANDIDATE,0.04289629,0.07792294025421143,0.007869642227888107,0.070053294
11075737,2.586639524,CANDIDATE,0.1418364,0.15253929793834686,0.13113351166248322,0.021405794
10748390,4.887803076,CANDIDATE,0.12341826,0.12997181713581085,0.11686469614505768,0.013107114
10328393,7.62635494,CANDIDATE,0.07721428,0.09750325977802277,0.056925300508737564,0.040577956
10813132,4.76702759,CANDIDATE,0.01748558,0.05666185915470123,0.0,0.078352556
10005758,134.4785189,CANDIDATE,0.17751683,0.20709460973739624,0.1479390561580658,0.059155554
11403530,3.61460332,CANDIDATE,0.20553112,0.26284193992614746,0.14822031557559967,0.11462162
11572193,10.6761592,CANDIDATE,0.11529458,0.14897441864013672,0.08161474019289017,0.067359686
10407482,6.30558387,CANDIDATE,0.09736169,0.11032160371541977,0.08440177887678146,0.025919825
11572193,10.6761592,CANDIDATE,0.11020313,0.11351113021373749,0.10689513385295868,0.006616004
10187017,16.145671932,CANDIDATE,0.050411057,0.07849147170782089,0.022330639883875847,0.056160834
10670119,14.87149773,CANDIDATE,0.04405929,0.09099438041448593,0.0,0.09387018
10329835,1.52373073,CANDIDATE,0.10419285,0.12208759784698486,0.08629810810089111,0.03578949
10004519,9.80321143,CANDIDATE,0.08944262,0.11386124789714813,0.0650239884853363,0.04883726
11623629,81.737872,CANDIDATE,0.12565634,0.15194149315357208,0.09937117993831635,0.05257032
10874614,3.234699282,CANDIDATE,0.061008446,0.07920385897159576,0.042813029140233994,0.036390834
10682541,4.99677968,CANDIDATE,0.12790184,0.13607433438301086,0.11972933262586594,0.01634501
10019643,21.34736612,CANDIDATE,0.09429745,0.1051456481218338,0.08344924449920654,0.021696396
10854546,2.168451063,CANDIDATE,0.19606233,0.2152210772037506,0.17690357565879822,0.0383175
10585852,8.57504983,CANDIDATE,0.21777621,0.2863561511039734,0.14919626712799072,0.13715988
10713616,83.5781976,CANDIDATE,0.18095478,0.20907355844974518,0.15283600986003876,0.056237556
10001893,35.90644092429893,CANDIDATE,0.3426508,0.46433836221694946,0.2209632396697998,0.24337512
10001893,30.767997721170893,CANDIDATE,0.3449883,0.4751442074775696,0.2148323655128479,0.26031184
11621223,4.903321801,CANDIDATE,0.1361271,0.15674009919166565,0.11551409959793091,0.041226007
10583761,2.685054445,CANDIDATE,0.07643312,0.07745254039764404,0.07541370391845703,0.002038829
10153855,1.06378861,CANDIDATE,0.09616879,0.10242578387260437,0.08991178870201111,0.012513995
10905746,9.8786461,CANDIDATE,0.060897116,0.10178302228450775,0.020011205226182938,0.08177182
10554999,6.400157105,CANDIDATE,0.13630268,0.1676764190196991,0.10492894053459167,0.06274748
10586208,23.58444746,CANDIDATE,0.072618805,0.08627791702747345,0.05895969271659851,0.027318224
10089911,6.96704926,CANDIDATE,0.14869648,0.16055938601493835,0.1368335783481598,0.023725793
11358389,10.66489514,CANDIDATE,0.20169193,0.2880191206932068,0.11536474525928497,0.17265436
11358389,10.66489514,CANDIDATE,0.14154157,0.16162273287773132,0.12146041542291641,0.04016231
10187017,16.145671932,CANDIDATE,0.06398095,0.07704200595617294,0.050919897854328156,0.026122108
11401767,20.0545282,CANDIDATE,0.17901464,0.20149894058704376,0.15653033554553986,0.044968598
10858832,5.263415218,CANDIDATE,0.02017556,0.054646387696266174,0.0,0.06894166
11623629,81.737872,CANDIDATE,0.18760912,0.19249528646469116,0.18272295594215393,0.0097723305
11499228,19.7919389,CANDIDATE,0.16069703,0.16435952484607697,0.15703453123569489,0.0073249936
10973814,44.8520997,CANDIDATE,0.13700621,0.16463378071784973,0.1093786358833313,0.055255152
10810838,56.35407916,CANDIDATE,0.18688634,0.20008613169193268,0.17368654906749725,0.026399583
10933561,31.51779463,CANDIDATE,0.22841293,0.28889939188957214,0.16792646050453186,0.12097295
10933561,31.51779463,CANDIDATE,0.17515807,0.21845586597919464,0.13186027109622955,0.0865956
10329196,85.7567919,CANDIDATE,0.1425402,0.17299136519432068,0.11208903789520264,0.06090232
11043167,44.9306706,CANDIDATE,0.17888847,0.22710296511650085,0.13067397475242615,0.09642899
11295426,5.398752862,CANDIDATE,0.12145346,0.14400029182434082,0.09890662133693695,0.04509367
11360571,77.2550726,CANDIDATE,0.08797542,0.10222183167934418,0.073729008436203,0.028492823
10615440,10.8118317,CANDIDATE,0.13893925,0.17247776687145233,0.10540072619915009,0.06707704
11177676,47.0320478,CANDIDATE,0.102278434,0.13002575933933258,0.07453110814094543,0.05549465
11457726,6.22161107,CANDIDATE,0.14039502,0.17722797393798828,0.10356204956769943,0.07366593
10166274,3.353732008,CANDIDATE,0.14281805,0.17926405370235443,0.10637204349040985,0.07289201
10744335,4.59726613,CANDIDATE,0.15313521,0.20219425857067108,0.10407616198062897,0.09811809
11074835,6.03355539,CANDIDATE,0.18923733,0.2413853406906128,0.1370893120765686,0.104296036
10005788,10.99470891,CANDIDATE,0.041494656,0.07061955332756042,0.012369755655527115,0.0582498
11284772,4.50158249,CANDIDATE,0.1107869,0.12559092044830322,0.0959828794002533,0.029608048
11442793,331.5972732,CANDIDATE,0.06821684,0.07189290225505829,0.06454077363014221,0.007352121
11308499,3.28192056,CANDIDATE,0.17884919,0.19800184667110443,0.1596965342760086,0.038305305
11187436,5.90741476,CANDIDATE,0.053027462,0.1001737117767334,0.005881216377019882,0.09429249
11192998,7.650243513,CANDIDATE,0.20486455,0.2449711114168167,0.16475798189640045,0.08021313
10513530,16.54967098,CANDIDATE,0.3291546,0.43017828464508057,0.22813095152378082,0.20204732
10386922,26.62941953,CANDIDATE,0.13158658,0.14227333664894104,0.12089982628822327,0.02137351
11090765,21.21712312,CANDIDATE,0.025374366,0.04792884737253189,0.0028198864310979843,0.04510896
10591855,1.574090323,CANDIDATE,0.15390632,0.15608525276184082,0.15172737836837769,0.0043578893
10908248,39.859505,CANDIDATE,0.19866711,0.23149928450584412,0.1658349335193634,0.06566436
10924562,18.6052046,CANDIDATE,0.17460538,0.19876354932785034,0.15044721961021423,0.04831633
11394027,14.38682567,CANDIDATE,0.06949193,0.08129031211137772,0.05769354850053787,0.023596764
10468885,0.664074145,CANDIDATE,0.18161342,0.18843306601047516,0.1747937649488449,0.013639301
10984090,3.709214104,CANDIDATE,0.14467032,0.17805470526218414,0.11128593981266022,0.06676876
10328393,7.62635494,CANDIDATE,0.07370821,0.10676757246255875,0.04064884036779404,0.06611873
11069176,15.3789014,CANDIDATE,0.07283643,0.1077113151550293,0.03796154260635376,0.06974977
10864531,83.4887405,CANDIDATE,0.11640491,0.11776475608348846,0.11504507064819336,0.0027196854
11495458,10.45839865,CANDIDATE,0.16839036,0.1690625548362732,0.16771817207336426,0.0013443828
11502867,3.217518511,CANDIDATE,0.059373736,0.09769086539745331,0.021056607365608215,0.07663426
10813132,4.76702759,CANDIDATE,0.0960216,0.12550577521324158,0.06653743237257004,0.058968335
11403389,45.0909201,CANDIDATE,0.100112036,0.11969266831874847,0.08053140342235565,0.039161272
10332883,1.151166776,CANDIDATE,0.1187533,0.12339796870946884,0.1141086295247078,0.009289339
11075429,23.9210408,CANDIDATE,0.19032586,0.1938060224056244,0.18684569001197815,0.0069603175
10934674,16.54295261,CANDIDATE,0.06945435,0.11494247615337372,0.023966223001480103,0.09097625
10187159,7.96431492,CANDIDATE,0.067881964,0.07092970609664917,0.06483422219753265,0.0060954913
10187159,7.96431492,CANDIDATE,0.13059974,0.13766157627105713,0.12353789806365967,0.014123678
10722485,7.84931877,CANDIDATE,0.36865103,0.491192102432251,0.2461099624633789,0.24508214
10531955,2.344512589,CANDIDATE,0.12884891,0.1368214190006256,0.12087639421224594,0.015945032
11100383,12.92489803,CANDIDATE,0.017191406,0.045044559985399246,0.0,0.055706307
10020423,7.448375935,FALSE_POSITIVE,0.020484092,0.07348251342773438,0.0,0.10599685
11253711,17.79108667,CANDIDATE,0.12515937,0.1491447538137436,0.10117398202419281,0.04797078
10318874,2.508057497,CANDIDATE,0.08856896,0.1062038391828537,0.07093408703804016,0.035269752
11403044,4.125543472,CANDIDATE,0.26944613,0.3682459592819214,0.1706463098526001,0.19759965
10290666,5.45849914,CANDIDATE,0.16810599,0.1888018250465393,0.14741015434265137,0.041391656
11336883,7.16893064,CANDIDATE,0.12817392,0.15922483801841736,0.09712298959493637,0.062101856
11569782,2.787874175,CANDIDATE,0.1418346,0.14592194557189941,0.13774725794792175,0.00817468
11283615,1.289590179,CANDIDATE,0.020736711,0.09110714495182037,0.0,0.14074087
10153855,1.06378861,CANDIDATE,0.034791272,0.07616300880908966,0.0,0.082743466
11460462,5.03728033,CANDIDATE,0.1413243,0.15232890844345093,0.13031968474388123,0.022009231
11497977,4.79860021,CANDIDATE,0.10539278,0.13515964150428772,0.07562591135501862,0.059533738
10265898,1.260258822,CANDIDATE,0.05155663,0.08065225183963776,0.022461004555225372,0.058191247
10858691,1.796320953,CANDIDATE,0.31766725,0.4041638970375061,0.23117059469223022,0.1729933
10265898,1.260258822,CANDIDATE,0.21160184,0.2510252892971039,0.17217838764190674,0.07884689
10858691,1.796320953,CANDIDATE,0.20428187,0.23632889986038208,0.17223483324050903,0.064094074
11244137,2.03387483,CANDIDATE,0.28091574,0.3166990876197815,0.24513238668441772,0.071566686
11194032,28.51117639,CANDIDATE,0.11248891,0.11715039610862732,0.10782742500305176,0.009322971
11017901,7.794302043,CANDIDATE,0.037229992,0.0724375993013382,0.002022385597229004,0.07041521
10864656,52.5008645,CANDIDATE,0.17147821,0.22269627451896667,0.12026015669107437,0.10243611
11037511,3.11604194,CANDIDATE,0.11871812,0.1564536690711975,0.08098255842924118,0.07547112
10879038,4.8538404,CANDIDATE,0.16585875,0.17186826467514038,0.15984922647476196,0.012019038
10554999,6.400157105,CANDIDATE,0.16247576,0.19953642785549164,0.12541510164737701,0.07412132
11018648,32.62876672,CANDIDATE,0.26702338,0.3327719569206238,0.2012747973203659,0.13149717
10965008,81.1701587,CANDIDATE,0.118606485,0.17540094256401062,0.06181202828884125,0.113588914
11547505,0.938466959,CANDIDATE,0.15297148,0.16335496306419373,0.14258798956871033,0.020766981
10600955,65.6480892,CANDIDATE,0.2467291,0.29559507966041565,0.1978631317615509,0.09773193
10905746,9.8786461,CANDIDATE,0.08984756,0.11770538240671158,0.06198973208665848,0.05571565
11337833,51.3011844,CANDIDATE,0.043279257,0.0626777932047844,0.023880718275904655,0.038797077
10662202,21.67699193,CANDIDATE,0.090866305,0.11938624083995819,0.06234636902809143,0.05703987
10854555,2.525591777,CANDIDATE,0.14231794,0.15736764669418335,0.1272682249546051,0.03009943
10471515,3.7847507,CANDIDATE,0.1053555,0.11899198591709137,0.09171901643276215,0.02727297
10019643,21.34736612,CANDIDATE,0.14821838,0.14974631369113922,0.14669044315814972,0.003055863
11622600,82.5341188,CANDIDATE,0.19036937,0.24263682961463928,0.13810190558433533,0.10453491
11073351,2.820190603,CANDIDATE,0.16310145,0.20004990696907043,0.12615299224853516,0.073896915
11449844,38.47876629,CANDIDATE,0.092699885,0.10352298617362976,0.08187678456306458,0.021646209
10525027,3.27344784,CANDIDATE,0.08627053,0.09020636975765228,0.08233469724655151,0.00787168
11043167,44.9306706,CANDIDATE,0.12966509,0.16823114454746246,0.09109903872013092,0.07713211
10454632,20.16037858,CANDIDATE,0.1193024,0.13498073816299438,0.10362406075000763,0.03135667
10212441,15.0447098,CANDIDATE,0.19017145,0.20222234725952148,0.17812055349349976,0.024101809
11015108,39.30944096,CANDIDATE,0.12870102,0.13339954614639282,0.12400249391794205,0.009397045
11460462,5.03728033,CANDIDATE,0.19193292,0.21860867738723755,0.16525715589523315,0.05335152
10905239,3.487688776,CANDIDATE,0.15642023,0.18564511835575104,0.127195343375206,0.058449782
11244137,2.03387483,CANDIDATE,0.14215891,0.19430933892726898,0.09000848233699799,0.104300864
11507101,38.3775486,CANDIDATE,0.39811915,0.5450057983398438,0.2512325346469879,0.29377323
10528068,158.6850022,CANDIDATE,0.13629855,0.159764364361763,0.11283273994922638,0.046931624
11177676,47.0320478,CANDIDATE,0.17751506,0.2165849506855011,0.1384451687335968,0.07813977
10600955,65.6480892,CANDIDATE,0.303129,0.3980697989463806,0.20818816125392914,0.18988165
10004738,56.4758069,CANDIDATE,0.11781287,0.1253107190132141,0.11031503230333328,0.014995679
10028792,114.73658,CANDIDATE,0.14981547,0.1764475703239441,0.12318336963653564,0.05326421
10663396,23.8990075,CANDIDATE,0.25050583,0.33624351024627686,0.16476817429065704,0.17147532
10266615,10.94026745,CANDIDATE,0.18814999,0.21841003000736237,0.1578899472951889,0.060520075
10881457,84.704139,CANDIDATE,0.16692835,0.2090783268213272,0.1247783750295639,0.08429996
10854555,2.525591777,CANDIDATE,0.09266857,0.11463209986686707,0.07070504128932953,0.043927066
11401755,16.23191704,CANDIDATE,0.12515181,0.12573178112506866,0.12457184493541718,0.0011599287
10397751,3.4462125,CANDIDATE,0.03824407,0.06782278418540955,0.008665351197123528,0.059157435
11460018,4.280963604,CANDIDATE,0.25166667,0.32779037952423096,0.17554296553134918,0.1522474
10454313,4.221626193,CANDIDATE,0.15779147,0.19304044544696808,0.12254248559474945,0.07049796
10002866,3.936993144,CANDIDATE,0.09216286,0.10727149248123169,0.0770542323589325,0.030217253
11656721,13.64617478,CANDIDATE,0.11429024,0.13353712856769562,0.09504334628582001,0.038493782
10810838,56.35407916,CANDIDATE,0.11200137,0.12711578607559204,0.09688694775104523,0.030228838
11656721,13.64617478,CANDIDATE,0.1920003,0.2618432343006134,0.12215735763311386,0.13968588
11622600,82.5341188,CANDIDATE,0.19486076,0.23033951222896576,0.15938200056552887,0.07095751
10057494,2.41810158,CANDIDATE,0.07080684,0.07989425212144852,0.06171942502260208,0.018174827
10990886,11.023474798,CANDIDATE,0.0502467,0.07626905292272568,0.02422434836626053,0.052044705
11086270,12.69104387,CANDIDATE,0.16466013,0.21598249673843384,0.11333776265382767,0.10264473
10018233,16.2959916,CANDIDATE,0.20774138,0.25103601813316345,0.16444674134254456,0.08658926
10858832,5.263415218,CANDIDATE,0.110000156,0.11914510279893875,0.10085520893335342,0.018289894
10684670,3.78861833,CANDIDATE,0.12533684,0.14841347932815552,0.10226020216941833,0.046153277
10328393,7.62635494,CANDIDATE,0.08411301,0.09060375392436981,0.07762226462364197,0.012981489
11046458,3.311864148,CANDIDATE,0.06578753,0.06965035945177078,0.06192470341920853,0.007725656
10924562,18.6052046,CANDIDATE,0.20981339,0.27284884452819824,0.1467779278755188,0.12607092
11075429,23.9210408,CANDIDATE,0.116501525,0.15027731657028198,0.08272573351860046,0.067551576
10464050,4.469754641,CANDIDATE,0.04778987,0.0644267350435257,0.031153010204434395,0.033273723
11176127,10.47548084,CANDIDATE,0.13350146,0.16041754186153412,0.10658536851406097,0.053832166
11502867,3.217518511,CANDIDATE,0.115103684,0.16881167888641357,0.06139569729566574,0.107415974
11403389,45.0909201,CANDIDATE,0.09563337,0.11408855020999908,0.07717819511890411,0.036910363
11288051,13.82142084,CANDIDATE,0.08041995,0.1368122696876526,0.02402763068675995,0.11278464
11308499,3.28192056,CANDIDATE,0.26352236,0.35975804924964905,0.16728666424751282,0.19247139
11129738,2.613020421,CANDIDATE,0.20023939,0.20069260895252228,0.19978617131710052,0.00090643764
11125613,9.99115241,CANDIDATE,0.09830936,0.11921685189008713,0.07740186899900436,0.041814983
11027624,394.6249514,CANDIDATE,0.13310395,0.13600705564022064,0.1302008479833603,0.005806215
10190777,1.411230023,CANDIDATE,0.017014401,0.06042787432670593,0.0,0.08682695
11304958,41.43958662,CANDIDATE,0.21673527,0.2599232792854309,0.17354726791381836,0.086376
11600889,0.669310092,CANDIDATE,0.09149364,0.0977829098701477,0.0852043628692627,0.01257854
10271806,5.924993927,CANDIDATE,0.067433365,0.06754522025585175,0.06732150912284851,0.00022370368
10353968,9.07098164,CANDIDATE,0.15411444,0.17917686700820923,0.12905201315879822,0.05012486
10591855,1.574090323,CANDIDATE,0.14906794,0.18259604275226593,0.11553983390331268,0.06705622
10585738,0.636424848,CANDIDATE,0.17828144,0.22163404524326324,0.1349288374185562,0.08670521
10330115,13.21409607,CANDIDATE,0.09329621,0.11438304930925369,0.07220936566591263,0.042173684
10386922,26.62941953,CANDIDATE,0.16292237,0.20081278681755066,0.1250319480895996,0.07578083
11360805,26.7838935,CANDIDATE,0.12788905,0.15436533093452454,0.10141277313232422,0.052952565
10873260,5.852968845,CANDIDATE,0.19573133,0.25072184205055237,0.14074081182479858,0.10998103
10873260,5.852968845,CANDIDATE,0.19514091,0.2514902353286743,0.13879160583019257,0.112698615
10880507,6.4802138,CANDIDATE,0.30274454,0.41447001695632935,0.19101905822753906,0.22345094
10982872,4.761705895,CANDIDATE,0.21706909,0.22651100158691406,0.20762717723846436,0.018883824
11236244,11.32269749,CANDIDATE,0.07601293,0.09065040946006775,0.0613754540681839,0.029274955
11032227,7.19304935,CANDIDATE,0.23645966,0.31941184401512146,0.15350747108459473,0.16590437
10190777,1.411230023,CANDIDATE,0.068044774,0.08141764253377914,0.05467190593481064,0.026745737
10934674,16.54295261,CANDIDATE,0.09721328,0.10281885415315628,0.0916077122092247,0.011211142
10863608,8.07127043,CANDIDATE,0.079324335,0.12606358528137207,0.03258509188890457,0.093478486
10987985,16.01308419,CANDIDATE,0.11863603,0.11924286186695099,0.11802919209003448,0.0012136772
10656823,8.30783912,CANDIDATE,0.09971215,0.10377249121665955,0.09565180540084839,0.008120686
11129738,2.613020421,CANDIDATE,0.14044935,0.14353960752487183,0.13735908269882202,0.0061805323
11444514,66.373298,CANDIDATE,0.12655693,0.15428593754768372,0.09882792085409164,0.055458024
11127479,2.12821621,CANDIDATE,0.09591906,0.10741110146045685,0.08442701399326324,0.022984087
10329196,85.7567919,CANDIDATE,0.14438727,0.18051131069660187,0.10826323926448822,0.072248064
10000941,2.5738437,CANDIDATE,0.117359675,0.12980571389198303,0.1049136370420456,0.024892084
10386984,1.287076693,CANDIDATE,0.11514857,0.14920325577259064,0.08109387755393982,0.068109386
11126381,33.7888028,CANDIDATE,0.06560407,0.09501296281814575,0.03619517385959625,0.058817785
10585738,0.636424848,CANDIDATE,0.2047178,0.2584189772605896,0.15101663768291473,0.10740233
11600889,0.669310092,CANDIDATE,0.08493228,0.10578534007072449,0.06407922506332397,0.041706122
10063802,120.0183551,CANDIDATE,0.10948803,0.13628537952899933,0.08269068598747253,0.053594686
11177707,124.4197175,CANDIDATE,0.14313419,0.14804470539093018,0.13822367787361145,0.009821042
10709622,51.3283527,CANDIDATE,0.079571344,0.08261522650718689,0.07652746140956879,0.0060877725
10795103,214.3120439,CANDIDATE,0.05738916,0.06386138498783112,0.05091692879796028,0.01294446
10843590,18.87022157,CANDIDATE,0.07895039,0.11522333323955536,0.042677443474531174,0.07254589
11455181,10.9294815,CANDIDATE,0.31873852,0.4014602303504944,0.23601680994033813,0.16544344
10577994,8.1808949,CANDIDATE,0.20973678,0.252979040145874,0.16649451851844788,0.08648452
10526887,1.450889836,CANDIDATE,0.12415459,0.15161484479904175,0.09669433534145355,0.054920502
11401755,16.23191704,CANDIDATE,0.18383695,0.20793481171131134,0.15973909199237823,0.048195712
10526887,1.450889836,CANDIDATE,0.2790449,0.3799700438976288,0.1781197488307953,0.2018503
10024701,14.37504582,CANDIDATE,0.048286267,0.05167759209871292,0.04489494115114212,0.006782651
10022908,6.99130452,CANDIDATE,0.20503655,0.24680696427822113,0.1632661372423172,0.08354082
10730070,7.61758198,CANDIDATE,0.044185415,0.05592265725135803,0.0324481725692749,0.023474485
10545066,19.7830259,CANDIDATE,0.11820449,0.13089321553707123,0.10551576316356659,0.025377445
10593535,20.9254083,CANDIDATE,0.16009945,0.19813674688339233,0.12206214666366577,0.07607459
10019065,52.6298542,CANDIDATE,0.23025268,0.23328730463981628,0.22721806168556213,0.006069258
11019987,6.9131732,CANDIDATE,0.25477737,0.321412056684494,0.18814268708229065,0.13326938
11461844,13.6823798,CANDIDATE,0.17068902,0.18507462739944458,0.15630340576171875,0.028771237
10130039,12.75800092,CANDIDATE,0.07181091,0.08164800703525543,0.06197380647063255,0.019674204
10068659,11.47685263,CANDIDATE,0.17460355,0.2077668011188507,0.14144030213356018,0.0663265
10272640,3.770551475,CANDIDATE,0.07086462,0.1196395680308342,0.02208966761827469,0.0975499
11611600,1.219568047,CANDIDATE,0.29664612,0.3691978454589844,0.22409439086914062,0.14510345
10619192,1.485710994,CANDIDATE,0.054531332,0.08740103244781494,0.021661635488271713,0.06573939
11032227,7.19304935,CANDIDATE,0.12454383,0.162225142121315,0.08686251938343048,0.075362615
11455428,22.1270885,CANDIDATE,0.048144493,0.07351416349411011,0.022774824872612953,0.050739337
10000941,2.5738437,CANDIDATE,0.098136894,0.09889967739582062,0.09737411141395569,0.0015255585
10026502,101.952048,CANDIDATE,0.23520268,0.3046645522117615,0.16574083268642426,0.1389237
10925104,8.041347775,CANDIDATE,0.16232982,0.17403580248355865,0.1506238430738449,0.023411952
10027323,5.92365747,CANDIDATE,0.08016016,0.08236387372016907,0.07795645296573639,0.004407428
11259686,34.4359387,CANDIDATE,0.1206677,0.1301029920578003,0.11123241484165192,0.018870577
10006581,40.1097817,CANDIDATE,0.15121637,0.1572922170162201,0.14514052867889404,0.012151673
10987985,16.01308419,CANDIDATE,0.08979671,0.11906310170888901,0.06053031235933304,0.05853279
10289119,16.10474503,CANDIDATE,0.17142157,0.19895491003990173,0.14388823509216309,0.055066667
10843590,18.87022157,CANDIDATE,0.19550626,0.20707476139068604,0.18393775820732117,0.023136988
11554435,9.43414171,CANDIDATE,0.030245025,0.07325533777475357,0.0,0.086020626
11402995,10.06083238,CANDIDATE,0.21397892,0.28198671340942383,0.1459711343050003,0.13601556
10019065,52.6298542,CANDIDATE,0.20041,0.23543746769428253,0.165382519364357,0.07005495
10264660,6.790120801,CANDIDATE,0.04516688,0.0830700695514679,0.007263690233230591,0.07580638
10730034,2.633852528,CANDIDATE,0.11232377,0.1228342205286026,0.10181331634521484,0.021020897
10666592,2.204735417,CANDIDATE,0.058295302,0.07893700152635574,0.0376536026597023,0.0412834
10730034,2.633852528,CANDIDATE,0.12608248,0.1520404815673828,0.10012447834014893,0.05191601
10264660,6.790120801,CANDIDATE,0.059207797,0.08416713774204254,0.03424845635890961,0.04991868
10973664,5.40426917,CANDIDATE,0.08956223,0.1531117856502533,0.026012681424617767,0.1270991
10973664,5.40426917,CANDIDATE,0.025276542,0.06690838932991028,0.0,0.0832637
11342416,25.3690868,CANDIDATE,0.11918487,0.13745450973510742,0.10091523081064224,0.03653927
10526549,9.27358173,CANDIDATE,0.27305016,0.3097829520702362,0.23631736636161804,0.0734656
10471515,3.7847507,CANDIDATE,0.108189344,0.15277086198329926,0.0636078268289566,0.08916303
10586004,15.79196594,CANDIDATE,0.13513497,0.1524675190448761,0.11780241876840591,0.034665093
10154388,12.06222962,CANDIDATE,0.08289412,0.08351781964302063,0.08227041363716125,0.001247406
10337517,7.053934488,CANDIDATE,0.19224809,0.25755834579467773,0.12693782150745392,0.13062054
10525027,3.27344784,CANDIDATE,0.043680884,0.07413121312856674,0.01323055662214756,0.060900655
10717241,12.37646897,CANDIDATE,0.10644922,0.1278885304927826,0.08500990271568298,0.04287862
11015323,34.18884323,CANDIDATE,0.16883764,0.19071172177791595,0.14696355164051056,0.043748163
10916600,5.57654782,CANDIDATE,0.1537719,0.20287932455539703,0.10466448962688446,0.09821484
11508644,14.2563272,CANDIDATE,0.21902138,0.265354722738266,0.1726880520582199,0.09266666
10080248,14.8783945,CANDIDATE,0.23294108,0.30249664187431335,0.1633855104446411,0.13911113
10468940,2.936527336,CANDIDATE,0.28528148,0.3073514401912689,0.26321151852607727,0.04413992
10864656,52.5008645,CANDIDATE,0.16489507,0.2088909149169922,0.12089923024177551,0.087991685
10879038,4.8538404,CANDIDATE,0.1289299,0.1319371610879898,0.12592263519763947,0.0060145333
10024051,0.577369336,CANDIDATE,0.1864348,0.2590232789516449,0.11384633183479309,0.14517695
10329469,55.8224775,CANDIDATE,0.14310668,0.21467678248882294,0.071536585688591,0.1431402
10984090,3.709214104,CANDIDATE,0.15504351,0.19483068585395813,0.11525633931159973,0.07957435
11460018,4.280963604,CANDIDATE,0.3018775,0.4124419689178467,0.19131304323673248,0.22112891
11074541,29.88487723,CANDIDATE,0.008009322,0.06482835859060287,0.0,0.11363807
10063208,9.3281912,CANDIDATE,0.19335815,0.23669661581516266,0.15001969039440155,0.08667693
11075429,23.9210408,CANDIDATE,0.11531032,0.11696035414934158,0.1136602833867073,0.0033000708
10404582,37.8658964,CANDIDATE,0.17891957,0.20794931054115295,0.14988982677459717,0.058059484
10684670,3.78861833,CANDIDATE,0.11015069,0.14389728009700775,0.07640409469604492,0.06749318
11612280,9.4061364,CANDIDATE,0.15902407,0.21241062879562378,0.10563752055168152,0.1067731
10990886,11.023474798,CANDIDATE,0.07145734,0.08212338387966156,0.06079130247235298,0.021332078
11650401,3.94660745,CANDIDATE,0.2195712,0.2751341164112091,0.16400828957557678,0.11112583
11453592,2.8867624,CANDIDATE,0.0678651,0.07273591309785843,0.06299429386854172,0.009741619
11508644,14.2563272,CANDIDATE,0.12872721,0.14641685783863068,0.11103756725788116,0.035379298
11356260,8.50698069,CANDIDATE,0.13591339,0.16092148423194885,0.11090528964996338,0.050016187
11401182,0.927859786,CANDIDATE,0.08149047,0.10497710853815079,0.05800383538007736,0.046973273
11027624,394.6249514,CANDIDATE,0.15579803,0.16338109970092773,0.14821496605873108,0.015166119
10080248,14.8783945,CANDIDATE,0.25124922,0.30425742268562317,0.19824102520942688,0.10601641
10004738,56.4758069,CANDIDATE,0.11608083,0.12611016631126404,0.1060514897108078,0.020058677
10528068,158.6850022,CANDIDATE,0.14770143,0.1835772693157196,0.11182558536529541,0.07175169
11415243,168.81133,CANDIDATE,0.08661219,0.0903809517621994,0.08284342288970947,0.0075375363
10964440,19.12947603,CANDIDATE,0.11861866,0.1344737410545349,0.1027635782957077,0.031710163
10337258,13.28536452,CANDIDATE,0.06507733,0.07024995982646942,0.05990469455718994,0.010345265
10189546,24.61480613,CANDIDATE,0.15006636,0.15447363257408142,0.14565908908843994,0.008814536
11075737,2.586639524,CANDIDATE,0.07210224,0.08952900767326355,0.054675474762916565,0.034853533
10748390,4.887803076,CANDIDATE,0.06130255,0.07167548686265945,0.050929613411426544,0.020745873
11401755,16.23191704,CANDIDATE,0.22583638,0.23486216366291046,0.21681059896945953,0.018051565
10022908,6.99130452,CANDIDATE,0.10316201,0.12082900106906891,0.08549502491950989,0.03533397
10599206,18.42794957,CANDIDATE,0.170469,0.2071751058101654,0.1337628960609436,0.073412195
10617017,13.15140223,CANDIDATE,0.093896344,0.14094766974449158,0.046845026314258575,0.094102636
10777591,6.10968225,CANDIDATE,0.24275665,0.2719854414463043,0.2135278582572937,0.058457583
10619192,1.485710994,CANDIDATE,0.011438278,0.03515857830643654,0.0,0.047440603
10272640,3.770551475,CANDIDATE,0.06795325,0.07811427116394043,0.05779222771525383,0.020322047
10130039,12.75800092,CANDIDATE,0.07455617,0.08692549914121628,0.062186844646930695,0.024738654
10068659,11.47685263,CANDIDATE,0.12908025,0.17093130946159363,0.08722919970750809,0.0837021
10600261,52.8148051,CANDIDATE,0.16694587,0.20427581667900085,0.1296159327030182,0.07465987
10813132,4.76702759,CANDIDATE,0.13049214,0.15378506481647491,0.10719920694828033,0.04658585
10593626,289.864067,CANDIDATE,0.12715575,0.15785624086856842,0.09645526111125946,0.061400987
10350571,31.5925809,CANDIDATE,0.12204917,0.1532769799232483,0.09082134813070297,0.06245564
11187436,5.90741476,CANDIDATE,0.027249113,0.043698541820049286,0.01079968549311161,0.032898854
10453588,68.8861017,CANDIDATE,0.1372958,0.1703600287437439,0.1042315736413002,0.06612845
11359879,4.942783419,CANDIDATE,0.045683425,0.06776277720928192,0.023604076355695724,0.044158697
10329196,85.7567919,CANDIDATE,0.23237157,0.3151807188987732,0.14956241846084595,0.1656183
11014932,6.88595222,CANDIDATE,0.23435724,0.28056156635284424,0.18815290927886963,0.09240864
11014932,6.88595222,CANDIDATE,0.16396223,0.20618291199207306,0.12174154818058014,0.08444136
10063802,120.0183551,CANDIDATE,0.12051251,0.12727603316307068,0.11374898254871368,0.013527051
11133306,41.74598855,CANDIDATE,0.17565094,0.2146187573671341,0.1366831213235855,0.077935636
10587105,1.980356674,CANDIDATE,0.16868448,0.17371898889541626,0.16364997625350952,0.010069028
11521793,27.08239734,CANDIDATE,0.1675042,0.18388423323631287,0.15112417936325073,0.03276006
11499192,4.13592927,CANDIDATE,0.24434547,0.3258748948574066,0.16281604766845703,0.16305883
11509504,2.61576515,CANDIDATE,0.28988662,0.36969202756881714,0.21008121967315674,0.15961081
11509504,2.61576515,CANDIDATE,0.11204033,0.12149810791015625,0.10258255898952484,0.018915549
11253711,17.79108667,CANDIDATE,0.17909287,0.2020288109779358,0.15615692734718323,0.0458719
10289119,16.10474503,CANDIDATE,0.17766696,0.19628700613975525,0.15904691815376282,0.037240088
11336883,7.16893064,CANDIDATE,0.09978805,0.11585260927677155,0.08372348546981812,0.032129124
10549023,14.36270451,CANDIDATE,0.12141393,0.15595611929893494,0.08687173575162888,0.06908439
10666592,2.204735417,CANDIDATE,0.023577126,0.054781511425971985,0.0,0.06240877
10593626,289.864067,CANDIDATE,0.16809992,0.1983691155910492,0.1378307342529297,0.060538374
11402995,10.06083238,CANDIDATE,0.2374932,0.3036211133003235,0.17136530578136444,0.1322558
10925104,8.041347775,CANDIDATE,0.049434885,0.06801176071166992,0.030858006328344345,0.037153758
10026502,101.952048,CANDIDATE,0.22800162,0.3125700354576111,0.14343322813510895,0.16913679
10141900,6.50327035,CANDIDATE,0.23561752,0.28233498334884644,0.18890005350112915,0.09343492
10027247,86.829519,CANDIDATE,0.125157,0.14212724566459656,0.1081867441534996,0.03394051
11241912,14.42735088,CANDIDATE,0.28121284,0.3538963794708252,0.2085292935371399,0.14536709
10905746,9.8786461,CANDIDATE,0.118088804,0.12187331169843674,0.11430429667234421,0.007569015
11565924,13.32191461,CANDIDATE,0.14841227,0.17706087231636047,0.11976367235183716,0.0572972
10059645,6.49441464,CANDIDATE,0.18063965,0.19461673498153687,0.1666625738143921,0.027954161
11565924,13.32191461,CANDIDATE,0.22910807,0.2508801817893982,0.2073359489440918,0.043544218
11074178,14.30517579,CANDIDATE,0.015767133,0.035605333745479584,0.0,0.039676405
11560897,35.9682692,CANDIDATE,0.19467892,0.23838599026203156,0.15097184479236603,0.08741414
10027323,5.92365747,CANDIDATE,0.07760849,0.10926473140716553,0.04595224931836128,0.06331248
11560897,35.9682692,CANDIDATE,0.2024319,0.24021777510643005,0.16464602947235107,0.07557176
11611275,6.94245216,CANDIDATE,0.30520222,0.3955652713775635,0.2148391604423523,0.1807261
11611275,6.94245216,CANDIDATE,0.12156859,0.17240267992019653,0.07073450088500977,0.10166818
10157458,7.33685101,CANDIDATE,0.10118731,0.10714537650346756,0.09522924572229385,0.011916131
10157458,7.33685101,CANDIDATE,0.2580183,0.3269418179988861,0.18909481167793274,0.137847
11015323,34.18884323,CANDIDATE,0.15277599,0.19985473155975342,0.10569723695516586,0.0941575
11656246,18.11473813,CANDIDATE,0.056303475,0.0873313620686531,0.025275588035583496,0.062055774
10714072,8.40693068,CANDIDATE,0.03533177,0.08298256993293762,0.0,0.095301606
11189311,81.4160138,CANDIDATE,0.09072011,0.10459703207015991,0.07684318721294403,0.027753837
11361646,7.97420583,CANDIDATE,0.20494048,0.2523725628852844,0.15750840306282043,0.094864145
10055126,9.17617167,CANDIDATE,0.24718021,0.31068140268325806,0.1836790293455124,0.12700236
11403530,3.61460332,CANDIDATE,0.16694173,0.18297727406024933,0.15090619027614594,0.03207109
10358759,10.3392408,CANDIDATE,0.24791205,0.30772870779037476,0.18809537589550018,0.11963334
10388286,1.682695938,CANDIDATE,0.124090075,0.1276119500398636,0.12056820094585419,0.007043749
11153121,14.97031664,CANDIDATE,0.15421566,0.20218554139137268,0.10624578595161438,0.095939755
11080405,25.1933989,CANDIDATE,0.17295408,0.25545960664749146,0.09044855833053589,0.16501105
10874614,3.234699282,CANDIDATE,0.07302253,0.09344196319580078,0.0526030957698822,0.040838867
10657406,34.1732156,CANDIDATE,0.05003972,0.09394803643226624,0.006131406873464584,0.087816626
10657406,34.1732156,CANDIDATE,0.08784951,0.09769891947507858,0.07800010591745377,0.019698814
10460984,10.94577783,CANDIDATE,0.113725424,0.1263498067855835,0.10110104084014893,0.025248773
11651712,14.53260546,CANDIDATE,0.3108277,0.44574201107025146,0.17591339349746704,0.26982862
10682541,4.99677968,CANDIDATE,0.14699078,0.15621091425418854,0.1377706378698349,0.018440276
11512246,7.10695741,CANDIDATE,0.032195542,0.09470780193805695,0.0,0.12502453
11337566,7.12815163,CANDIDATE,0.16451609,0.1930423229932785,0.13598985970020294,0.057052463
11125797,58.1263775,CANDIDATE,0.10801372,0.14481860399246216,0.07120883464813232,0.07360978
10019708,3.268695042,CANDIDATE,0.08103882,0.1288774013519287,0.0332002267241478,0.09567718
11027624,394.6249514,CANDIDATE,0.24566072,0.3176308870315552,0.1736905723810196,0.1439403
10213902,59.6222627,CANDIDATE,0.2940424,0.35214516520500183,0.2359396517276764,0.11620551
10213902,59.6222627,CANDIDATE,0.29675698,0.4028779864311218,0.19063599407672882,0.21224198
11401182,0.927859786,CANDIDATE,0.17241807,0.19421793520450592,0.15061821043491364,0.043599717
10653179,47.1607932,CANDIDATE,0.08962037,0.09967079758644104,0.07956993579864502,0.020100854
11187837,17.60461401,CANDIDATE,0.13439474,0.16049203276634216,0.1082974374294281,0.052194603
10964440,19.12947603,CANDIDATE,0.30441818,0.3670182526111603,0.24181810021400452,0.12520017
11457726,6.22161107,CANDIDATE,0.12885025,0.1646757870912552,0.09302471578121185,0.071651064
10386922,26.62941953,CANDIDATE,0.1397585,0.14691901206970215,0.13259798288345337,0.014321029
11360571,77.2550726,CANDIDATE,0.12028183,0.14217685163021088,0.09838680922985077,0.043790035
11361646,7.97420583,CANDIDATE,0.17737158,0.21162770688533783,0.14311544597148895,0.06851225
10857519,2.053341891,CANDIDATE,0.121116474,0.13163016736507416,0.11060278117656708,0.021027394
10028535,0.663085361,CANDIDATE,0.08804942,0.1230296865105629,0.05306915193796158,0.069960535
10010440,53.5991459,CANDIDATE,0.21994865,0.29221057891845703,0.14768670499324799,0.14452389
10984090,3.709214104,CANDIDATE,0.12774424,0.13658975064754486,0.11889873445034027,0.017691016
11080405,25.1933989,CANDIDATE,0.29842898,0.36796173453330994,0.22889623045921326,0.13906552
11337372,6.53194024,CANDIDATE,0.2404804,0.3088764548301697,0.17208434641361237,0.1367921
11179076,48.4313003,CANDIDATE,0.20517446,0.23724892735481262,0.17309999465942383,0.06414895
11453592,2.8867624,CANDIDATE,0.111710794,0.11739543080329895,0.10602615773677826,0.011369273
11461433,1.916940872,CANDIDATE,0.1785499,0.24290640652179718,0.114193394780159,0.12871301
10404582,37.8658964,CANDIDATE,0.29091245,0.3318745791912079,0.2499503195285797,0.081924275
10136549,9.69315023,CANDIDATE,0.116686516,0.12780898809432983,0.10556404292583466,0.022244938
10593626,289.864067,CANDIDATE,0.072835214,0.09857109189033508,0.04709933325648308,0.051471762
10272640,3.770551475,CANDIDATE,0.04266091,0.058931346982717514,0.026390474289655685,0.032540873
10068659,11.47685263,CANDIDATE,0.028734526,0.07172442972660065,0.0,0.085979804
11253711,17.79108667,CANDIDATE,0.11627675,0.14479711651802063,0.08775637298822403,0.05704075
10187017,16.145671932,CANDIDATE,0.06752579,0.08079499751329422,0.05425658077001572,0.026538417
10290666,5.45849914,CANDIDATE,0.2532633,0.32963335514068604,0.1768932193517685,0.15274015
10843590,18.87022157,CANDIDATE,0.10864021,0.14232105016708374,0.07495936751365662,0.06736168
10350571,31.5925809,CANDIDATE,0.15442401,0.1864270567893982,0.12242095917463303,0.064006105
10350571,31.5925809,CANDIDATE,0.13493732,0.17314350605010986,0.09673111885786057,0.076412395
10790387,117.93110803,CANDIDATE,0.14571421,0.1576467901468277,0.13378162682056427,0.02386517
10777591,6.10968225,CANDIDATE,0.1990739,0.2820253372192383,0.11612243950366974,0.16590291
10777591,6.10968225,CANDIDATE,0.20552601,0.26077982783317566,0.1502721905708313,0.11050762
11074178,14.30517579,CANDIDATE,0.09011941,0.10835240036249161,0.07188641279935837,0.036465988
10600261,52.8148051,CANDIDATE,0.08413049,0.08472482115030289,0.08353615552186966,0.0011886656
11014932,6.88595222,CANDIDATE,0.1484584,0.14993125200271606,0.14698556065559387,0.0029456913
11624249,1.82708193,CANDIDATE,0.17328691,0.18505294620990753,0.16152088344097137,0.023532063
10599206,18.42794957,CANDIDATE,0.06761921,0.09377504140138626,0.04146338254213333,0.05231166
10975146,0.63133171,CANDIDATE,0.19209982,0.2144497036933899,0.16974994540214539,0.04469975
10329196,85.7567919,CANDIDATE,0.21916802,0.2927244007587433,0.14561164379119873,0.14711276
10925104,8.041347775,CANDIDATE,0.030434968,0.03539855033159256,0.025471383705735207,0.0099271685
11403044,4.125543472,CANDIDATE,0.116781175,0.14217156171798706,0.09139078855514526,0.05078078
11509504,2.61576515,CANDIDATE,0.3928081,0.4715331494808197,0.314083069562912,0.15745007
10468885,0.664074145,CANDIDATE,0.17956913,0.22095829248428345,0.1381799578666687,0.08277835
11074835,6.03355539,CANDIDATE,0.31990257,0.3913566470146179,0.24844849109649658,0.14290816
10723367,19.9865916,CANDIDATE,0.18692447,0.23196372389793396,0.14188522100448608,0.09007852
11075737,2.586639524,CANDIDATE,0.1393264,0.16717153787612915,0.11148125678300858,0.055690274
10748390,4.887803076,CANDIDATE,0.013315113,0.039825037121772766,0.0,0.053019844
10019065,52.6298542,CANDIDATE,0.08056712,0.08482636511325836,0.07630787789821625,0.00851848
10059645,6.49441464,CANDIDATE,0.18341641,0.21520015597343445,0.1516326665878296,0.0635675
11623629,81.737872,CANDIDATE,0.14458217,0.14572694897651672,0.14343738555908203,0.0022895783
10068659,11.47685263,CANDIDATE,0.07853095,0.09406919777393341,0.06299270689487457,0.031076483
10272640,3.770551475,CANDIDATE,0.06963576,0.09408469498157501,0.04518682137131691,0.04889787
10978763,4.97760447,CANDIDATE,0.083306566,0.08828751742839813,0.07832561433315277,0.009961896
11442793,331.5972732,CANDIDATE,0.094710276,0.1089673787355423,0.08045317232608795,0.028514206
10289119,16.10474503,CANDIDATE,0.14004938,0.17338305711746216,0.10671570897102356,0.06666735
11241912,14.42735088,CANDIDATE,0.20052984,0.23640793561935425,0.1646517515182495,0.07175619
10908248,39.859505,CANDIDATE,0.24007925,0.3202529847621918,0.15990552306175232,0.16034746
10122538,12.2854718,CANDIDATE,0.10715554,0.13827380537986755,0.07603726536035538,0.062236547
11090765,21.21712312,CANDIDATE,0.19498481,0.2417861372232437,0.14818347990512848,0.09360266
10989274,16.17803,CANDIDATE,0.047489632,0.06426818668842316,0.030711079016327858,0.033557106
10453588,68.8861017,CANDIDATE,0.25166023,0.30363041162490845,0.199690043926239,0.10394036
11069176,15.3789014,CANDIDATE,0.08377722,0.11110114306211472,0.056453295052051544,0.054647848
10141900,6.50327035,CANDIDATE,0.19472589,0.22635900974273682,0.16309276223182678,0.063266255
10141900,6.50327035,CANDIDATE,0.15944695,0.1827552318572998,0.1361386775970459,0.046616554
11133306,41.74598855,CANDIDATE,0.05115473,0.08073706924915314,0.02157238870859146,0.05916468
10332883,1.151166776,CANDIDATE,0.04324178,0.07623666524887085,0.010246895253658295,0.06598977
11127479,2.12821621,CANDIDATE,0.11249209,0.1296272724866867,0.09535691142082214,0.034270354
11560897,35.9682692,CANDIDATE,0.13709854,0.14643362164497375,0.12776345014572144,0.018670171
11129258,25.384175,CANDIDATE,0.10144625,0.11575847864151001,0.08713401854038239,0.02862446
11126381,33.7888028,CANDIDATE,0.09469608,0.11018027365207672,0.07921189069747925,0.030968383
10026502,101.952048,CANDIDATE,0.05419305,0.0604361817240715,0.04794991761445999,0.012486264
10552611,7.0106324,CANDIDATE,0.09674302,0.09818041324615479,0.09530562162399292,0.0028747842
10000941,2.5738437,CANDIDATE,0.06820074,0.09379774332046509,0.04260372743010521,0.05119402
11521793,27.08239734,CANDIDATE,0.077686615,0.12856340408325195,0.026809826493263245,0.10175358
10925104,8.041347775,CANDIDATE,0.13685991,0.13937145471572876,0.13434836268424988,0.005023107
11565924,13.32191461,CANDIDATE,0.17439689,0.19650998711585999,0.15228378772735596,0.044226192
10329196,85.7567919,CANDIDATE,0.4014707,0.5368289947509766,0.266112357378006,0.27071667
10157458,7.33685101,CANDIDATE,0.38835135,0.5219790935516357,0.25472360849380493,0.26725549
11361646,7.97420583,CANDIDATE,0.10216985,0.11183951050043106,0.09250018745660782,0.019339323
10964440,19.12947603,CANDIDATE,0.2069208,0.26510146260261536,0.14874015748500824,0.1163613
10214162,17.42393582,CANDIDATE,0.13964608,0.16640892624855042,0.11288323998451233,0.05352568
10601284,5.349553819,CANDIDATE,0.24388093,0.3205823004245758,0.16717955470085144,0.15340275
11611275,6.94245216,CANDIDATE,0.2474048,0.2887793779373169,0.2060302197933197,0.08274916
11401182,0.927859786,CANDIDATE,0.19038507,0.22547075152397156,0.15529939532279968,0.07017136
10055126,9.17617167,CANDIDATE,0.09500404,0.12290289998054504,0.06710517406463623,0.05579772
11457726,6.22161107,CANDIDATE,0.11226061,0.13607019186019897,0.08845102041959763,0.04761918
10718726,3.595769013,CANDIDATE,0.20382768,0.22325928509235382,0.18439607322216034,0.038863212
11508644,14.2563272,CANDIDATE,0.29083458,0.32124063372612,0.2604285180568695,0.060812116
11401767,20.0545282,CANDIDATE,0.30203554,0.39156532287597656,0.2125057578086853,0.17905955
10055126,9.17617167,CANDIDATE,0.1879399,0.2558874189853668,0.11999236792325974,0.13589506
10714072,8.40693068,CANDIDATE,0.033403397,0.0765860378742218,0.0,0.08636529
10714072,8.40693068,CANDIDATE,0.059966173,0.09766145050525665,0.022270899266004562,0.07539055
10080248,14.8783945,CANDIDATE,0.20784852,0.24448780715465546,0.17120923101902008,0.073278576
10963242,6.1469956,CANDIDATE,0.10596579,0.1509537696838379,0.060977812856435776,0.08997596
11189311,81.4160138,CANDIDATE,0.10818907,0.11354108154773712,0.10283705592155457,0.010704026
10937029,4.030466786,CANDIDATE,0.15325727,0.193288654088974,0.11322587728500366,0.08006278
11295426,5.398752862,CANDIDATE,0.08769611,0.12202222645282745,0.053370002657175064,0.06865222
11453592,2.8867624,CANDIDATE,0.09171626,0.10961200296878815,0.07382051646709442,0.035791494
11337372,6.53194024,CANDIDATE,0.1594248,0.17883458733558655,0.14001500606536865,0.038819566
10984090,3.709214104,CANDIDATE,0.19955577,0.2570103108882904,0.1421012282371521,0.114909075
11656246,18.11473813,CANDIDATE,0.34265518,0.42719510197639465,0.2581152617931366,0.16907986
11153121,14.97031664,CANDIDATE,0.17240712,0.21805013716220856,0.12676410377025604,0.09128603
10657406,34.1732156,CANDIDATE,0.13175608,0.14286288619041443,0.12064927071332932,0.022213623
10583066,6.02930329,CANDIDATE,0.18973793,0.22818458080291748,0.15129128098487854,0.0768933
11512246,7.10695741,CANDIDATE,0.21691146,0.24921759963035583,0.18460533022880554,0.064612255
10878263,7.170710381,CANDIDATE,0.15062821,0.15421967208385468,0.14703674614429474,0.0071829334
11512246,7.10695741,CANDIDATE,0.25714618,0.31831157207489014,0.19598078727722168,0.12233077
11651712,14.53260546,CANDIDATE,0.24933033,0.30723267793655396,0.19142797589302063,0.115804695
10407482,6.30558387,CANDIDATE,0.048035465,0.07872580736875534,0.017345121130347252,0.061380688
10213902,59.6222627,CANDIDATE,0.05881985,0.11419998109340668,0.0034397169947624207,0.110760264
10253547,59.9809868,CANDIDATE,0.33308274,0.4794665575027466,0.18669889867305756,0.29276767
10005758,134.4785189,CANDIDATE,0.23356721,0.2862204313278198,0.1809139847755432,0.10530643
11125797,58.1263775,CANDIDATE,0.039673667,0.0711296945810318,0.008217640221118927,0.062912054
10004519,9.80321143,CANDIDATE,0.22322887,0.24765993654727936,0.198797807097435,0.04886213
10203349,17.14648756,CANDIDATE,0.12014298,0.15497979521751404,0.08530616015195847,0.06967364
11401182,0.927859786,CANDIDATE,0.11885153,0.15005089342594147,0.08765216171741486,0.06239873
10272442,24.5434566,CANDIDATE,0.18467118,0.1926119476556778,0.17673040926456451,0.015881538
10010440,53.5991459,CANDIDATE,0.18526676,0.24318821728229523,0.12734530866146088,0.115842916
10010440,53.5991459,CANDIDATE,0.1479449,0.19731983542442322,0.09856995940208435,0.098749876
10713616,83.5781976,CANDIDATE,0.20167445,0.21550947427749634,0.18783941864967346,0.02767004
10857519,2.053341891,CANDIDATE,0.06804546,0.07955298572778702,0.0565379336476326,0.023015052
10963065,2.465024332,CANDIDATE,0.152475,0.16266071796417236,0.14228928089141846,0.020371422
11179076,48.4313003,CANDIDATE,0.16534407,0.1756552904844284,0.15503285825252533,0.020622425
10583761,2.685054445,CANDIDATE,0.14622171,0.15585766732692719,0.1365857571363449,0.01927191
11621223,4.903321801,CANDIDATE,0.1083032,0.10929447412490845,0.1073119193315506,0.0019825473
11551692,7.834433676,CANDIDATE,0.097269446,0.10435761511325836,0.09018127620220184,0.014176346
11453592,2.8867624,CANDIDATE,0.074327275,0.1167575865983963,0.03189696744084358,0.084860615
11656918,62.1385979,CANDIDATE,0.13202433,0.16885387897491455,0.09519478678703308,0.0736591
10874614,3.234699282,CANDIDATE,0.06377107,0.07296551764011383,0.05457662045955658,0.018388897
10653179,47.1607932,CANDIDATE,0.07567598,0.1400364488363266,0.011315509676933289,0.12872094
10984090,3.709214104,CANDIDATE,0.1925107,0.2236485481262207,0.1613728404045105,0.0622757
10136549,9.69315023,CANDIDATE,0.13681108,0.17149147391319275,0.10213068127632141,0.069360785
11080405,25.1933989,CANDIDATE,0.16099815,0.17843452095985413,0.14356178045272827,0.03487274
10136549,9.69315023,CANDIDATE,0.35700485,0.5181698203086853,0.19583989679813385,0.3223299
11461433,1.916940872,CANDIDATE,0.13221152,0.14552149176597595,0.11890154331922531,0.026619956
11461433,1.916940872,CANDIDATE,0.10949414,0.1251346468925476,0.09385364502668381,0.031280994
10418224,6.8731664,CANDIDATE,0.060943652,0.09121043980121613,0.030676860362291336,0.060533583
10982872,4.761705895,CANDIDATE,0.14191829,0.17170092463493347,0.1121356412768364,0.05956529
11074178,14.30517579,CANDIDATE,0.10299099,0.12109054625034332,0.0848914384841919,0.036199108
11444514,66.373298,CANDIDATE,0.16046534,0.231972336769104,0.08895834535360336,0.143014
10975146,0.63133171,CANDIDATE,0.12251158,0.12462985515594482,0.120393306016922,0.0042365417
10577994,8.1808949,CANDIDATE,0.19929408,0.23926421999931335,0.15932393074035645,0.07994028
11460462,5.03728033,CANDIDATE,0.10144485,0.11752443760633469,0.08536525815725327,0.03215918
10730070,7.61758198,CANDIDATE,0.11109854,0.14141057431697845,0.08078651130199432,0.060624056
10526887,1.450889836,CANDIDATE,0.116730094,0.11906735599040985,0.11439283192157745,0.0046745166
10730070,7.61758198,CANDIDATE,0.18578562,0.21874549984931946,0.1528257429599762,0.06591977
10965588,62.8917493,CANDIDATE,0.09785721,0.10797833651304245,0.08773607760667801,0.020242259
11402995,10.06083238,CANDIDATE,0.3401017,0.44562652707099915,0.23457685112953186,0.21104966
10593626,289.864067,CANDIDATE,0.07492465,0.07615213096141815,0.07369716465473175,0.0024549738
10386984,1.287076693,CANDIDATE,0.18328695,0.23773188889026642,0.12884201109409332,0.10888988
11401755,16.23191704,CANDIDATE,0.24082002,0.25414326786994934,0.22749677300453186,0.02664648
11611600,1.219568047,CANDIDATE,0.09911454,0.12615874409675598,0.07207033038139343,0.05408842
10790387,117.93110803,CANDIDATE,0.24822211,0.3280048370361328,0.16843938827514648,0.15956543
11497958,5.841636615,CANDIDATE,0.092816785,0.14092974364757538,0.04470382630825043,0.09622592
11611600,1.219568047,CANDIDATE,0.17067125,0.23143771290779114,0.10990478843450546,0.12153293
10843590,18.87022157,CANDIDATE,0.0734521,0.08531041443347931,0.061593782156705856,0.023716636
11019987,6.9131732,CANDIDATE,0.10522995,0.12397591769695282,0.08648398518562317,0.037491925
10585738,0.636424848,CANDIDATE,0.16623183,0.22730647027492523,0.10515718162059784,0.12214929
10676014,16.78175788,CANDIDATE,0.05531892,0.06912609934806824,0.041511744260787964,0.027614355
11360805,26.7838935,CANDIDATE,0.12780999,0.12877164781093597,0.12684832513332367,0.0019233301
10000941,2.5738437,CANDIDATE,0.061141092,0.0788285881280899,0.04345359653234482,0.03537499
11126381,33.7888028,CANDIDATE,0.07832891,0.09494888782501221,0.06170892342925072,0.033239968
10552611,7.0106324,CANDIDATE,0.08744872,0.08765800297260284,0.08723944425582886,0.00041856617
11554435,9.43414171,CANDIDATE,0.02998822,0.058194808661937714,0.001781633123755455,0.056413174
11600889,0.669310092,CANDIDATE,0.11908427,0.14838868379592896,0.08977984637022018,0.058608845
11127479,2.12821621,CANDIDATE,0.15598214,0.2055143117904663,0.10644996166229248,0.09906435
10019065,52.6298542,CANDIDATE,0.06998855,0.08073149621486664,0.05924559757113457,0.021485902
10545066,19.7830259,CANDIDATE,0.115316994,0.14824439585208893,0.08238959312438965,0.0658548
11402995,10.06083238,CANDIDATE,0.19967079,0.2280353307723999,0.17130625247955322,0.056729093
10264660,6.790120801,CANDIDATE,0.03859525,0.06966689974069595,0.0075236037373542786,0.062143296
10730034,2.633852528,CANDIDATE,0.12657055,0.1329030841588974,0.12023802101612091,0.012665071
10271806,5.924993927,CANDIDATE,0.03520103,0.05920648202300072,0.011195581406354904,0.0480109
11401755,16.23191704,CANDIDATE,0.14949037,0.1523602157831192,0.14662052690982819,0.0057396963
10973664,5.40426917,CANDIDATE,0.015623109,0.06032619625329971,0.0,0.08940618
11455428,22.1270885,CANDIDATE,0.074674435,0.07969790697097778,0.06965096294879913,0.010046944
10464050,4.469754641,CANDIDATE,0.06933574,0.08218713849782944,0.05648433417081833,0.025702804
10793172,12.0999065,CANDIDATE,0.16204359,0.2082156389951706,0.11587153375148773,0.092344105
10454313,4.221626193,CANDIDATE,0.136456,0.1793668270111084,0.09354516118764877,0.08582167
10937029,4.030466786,CANDIDATE,0.112581685,0.12129442393779755,0.10386894643306732,0.017425478
10266615,10.94026745,CANDIDATE,0.14004946,0.1480541229248047,0.13204479217529297,0.016009338
10063208,9.3281912,CANDIDATE,0.27048418,0.3733205795288086,0.16764779388904572,0.20567277
10878263,7.170710381,CANDIDATE,0.15631133,0.17262835800647736,0.1399943083524704,0.032634042
10583066,6.02930329,CANDIDATE,0.16220392,0.2038080096244812,0.12059984356164932,0.08320816
10684670,3.78861833,CANDIDATE,0.18023044,0.18479281663894653,0.17566806077957153,0.009124756
11153121,14.97031664,CANDIDATE,0.26015103,0.2982518672943115,0.22205017507076263,0.07620171
10057494,2.41810158,CANDIDATE,0.10932798,0.11060190945863724,0.10805404931306839,0.0025478601
10916600,5.57654782,CANDIDATE,0.1687861,0.180076003074646,0.15749618411064148,0.022579819
11337372,6.53194024,CANDIDATE,0.18284789,0.24281877279281616,0.12287700921297073,0.119941756
10601284,5.349553819,CANDIDATE,0.09435549,0.1123940646648407,0.07631690800189972,0.03607715
10468940,2.936527336,CANDIDATE,0.1775862,0.23849394917488098,0.11667845398187637,0.12181549
10468940,2.936527336,CANDIDATE,0.16642089,0.2141834795475006,0.11865830421447754,0.09552518
10337517,7.053934488,CANDIDATE,0.20407148,0.23524494469165802,0.17289800941944122,0.062346935
10397751,3.4462125,CANDIDATE,0.09774163,0.12151343375444412,0.07396983355283737,0.0475436
11361646,7.97420583,CANDIDATE,0.15528914,0.18574078381061554,0.12483750283718109,0.060903274
10080248,14.8783945,CANDIDATE,0.36174282,0.5072260499000549,0.21625959873199463,0.29096645
11027624,394.6249514,CANDIDATE,0.16843225,0.2062721699476242,0.13059233129024506,0.075679846
10528068,158.6850022,CANDIDATE,0.11185126,0.1378406286239624,0.08586189150810242,0.051978745
11415243,168.81133,CANDIDATE,0.015908027,0.059674471616744995,0.0,0.08753289
11508644,14.2563272,CANDIDATE,0.17711489,0.22391633689403534,0.130313441157341,0.093602896
11656918,62.1385979,CANDIDATE,0.15796791,0.19797992706298828,0.11795589327812195,0.08002404
10525027,3.27344784,CANDIDATE,0.07545492,0.08578643202781677,0.06512340903282166,0.020663016
11547505,0.938466959,CANDIDATE,0.13396941,0.13505899906158447,0.1328798234462738,0.0021791607
11080405,25.1933989,CANDIDATE,0.17624524,0.21416665613651276,0.1383238285779953,0.07584283
11612280,9.4061364,CANDIDATE,0.14998205,0.1765841394662857,0.12337996065616608,0.05320417
10662202,21.67699193,CANDIDATE,0.06609673,0.07228249311447144,0.05991096794605255,0.012371525
10253547,59.9809868,CANDIDATE,0.26519567,0.33777451515197754,0.19261682033538818,0.14515771
11090556,2.7881793,CANDIDATE,0.11870133,0.13433925807476044,0.10306340456008911,0.03127586
11027624,394.6249514,CANDIDATE,0.15379803,0.19884850084781647,0.10874755680561066,0.09010095
10190777,1.411230023,CANDIDATE,0.11786729,0.12075971066951752,0.11497487127780914,0.005784847
10272442,24.5434566,CANDIDATE,0.2678975,0.3567673861980438,0.17902758717536926,0.17773978
10864656,52.5008645,CANDIDATE,0.14070556,0.1550673395395279,0.1263437718153,0.028723568
10203349,17.14648756,CANDIDATE,0.1487754,0.1711677610874176,0.12638303637504578,0.04478474
10879038,4.8538404,CANDIDATE,0.100871146,0.10706911981105804,0.09467317163944244,0.012395956
10019708,3.268695042,CANDIDATE,0.11100801,0.13767144083976746,0.08434458076953888,0.05332686
11521793,27.08239734,CANDIDATE,0.23858668,0.2718380093574524,0.2053353488445282,0.06650266
11187837,17.60461401,CANDIDATE,0.13940431,0.15035945177078247,0.12844917178153992,0.02191028
11554435,9.43414171,CANDIDATE,0.05382547,0.10501459240913391,0.0026363469660282135,0.10237825
10552611,7.0106324,CANDIDATE,0.06923829,0.07299655675888062,0.06548002362251282,0.0075165257
10873260,5.852968845,CANDIDATE,0.2822599,0.2884327173233032,0.27608710527420044,0.012345642
11337833,51.3011844,CANDIDATE,0.10548788,0.16032156348228455,0.05065419524908066,0.109667376
10864531,83.4887405,CANDIDATE,0.15020637,0.17592798173427582,0.12448476254940033,0.051443227
11250587,7.256962446,CANDIDATE,0.18615258,0.20958110690116882,0.16272404789924622,0.04685705
11455428,22.1270885,CANDIDATE,0.048154023,0.0863303542137146,0.009977687150239944,0.07635267
11241912,14.42735088,CANDIDATE,0.11901662,0.1506100594997406,0.087423175573349,0.06318688
10934674,16.54295261,CANDIDATE,0.048793226,0.07233483344316483,0.025251619517803192,0.047083214
10934674,16.54295261,CANDIDATE,0.06879737,0.06901988387107849,0.06857486069202423,0.00044503063
11547513,5.317440164,CANDIDATE,0.14609152,0.14634469151496887,0.14583835005760193,0.00050635636
11295426,5.398752862,CANDIDATE,0.13773178,0.15248683094978333,0.12297672033309937,0.029510118
10020423,7.448375935,FALSE_POSITIVE,0.044635635,0.0820220559835434,0.007249210029840469,0.07477285
10187159,7.96431492,CANDIDATE,0.082849525,0.10777564346790314,0.05792340263724327,0.049852245
10965008,81.1701587,CANDIDATE,0.21309003,0.2651854455471039,0.16099461913108826,0.104190834
11360571,77.2550726,CANDIDATE,0.1586307,0.16513949632644653,0.152121901512146,0.01301758
10722485,7.84931877,CANDIDATE,0.2548053,0.3001960515975952,0.2094145566225052,0.09078148
10166274,3.353732008,CANDIDATE,0.13106455,0.14170506596565247,0.12042403221130371,0.021281026
11017901,7.794302043,CANDIDATE,0.060756408,0.09615714102983475,0.02535567432641983,0.07080147
11403530,3.61460332,CANDIDATE,0.38082525,0.5081589221954346,0.25349161028862,0.25466728
10328393,7.62635494,CANDIDATE,0.04257377,0.10182302445173264,0.0,0.11849851
10328393,7.62635494,CANDIDATE,0.04536709,0.10066752135753632,0.0,0.11060086
10407482,6.30558387,CANDIDATE,0.06483774,0.09180870652198792,0.03786677122116089,0.05394194
10358759,10.3392408,CANDIDATE,0.20060286,0.23297429084777832,0.16823142766952515,0.06474288
11518142,240.7990472,CANDIDATE,0.2131599,0.25929340720176697,0.16702640056610107,0.09226701
10975146,0.63133171,CANDIDATE,0.06784316,0.07981491088867188,0.05587141215801239,0.023943499
10864531,83.4887405,CANDIDATE,0.16201861,0.1791502982378006,0.14488692581653595,0.034263372
11502867,3.217518511,CANDIDATE,0.08411023,0.09989313781261444,0.06832732260227203,0.031565808
10460984,10.94577783,CANDIDATE,0.14469951,0.1741349846124649,0.11526404321193695,0.058870934
11502867,3.217518511,CANDIDATE,0.031945582,0.08215847611427307,0.0,0.100425795
10682541,4.99677968,CANDIDATE,0.16790846,0.2058490812778473,0.1299678385257721,0.07588126
10713616,83.5781976,CANDIDATE,0.13288352,0.14815527200698853,0.11761176586151123,0.030543499
10386984,1.287076693,CANDIDATE,0.1236351,0.154896542429924,0.09237365424633026,0.062522896
10020423,7.448375935,FALSE_POSITIVE,0.03476018,0.05813413858413696,0.011386221274733543,0.04674792
10790387,117.93110803,CANDIDATE,0.13967341,0.17500421404838562,0.10434260964393616,0.07066161
10722485,7.84931877,CANDIDATE,0.08766387,0.09075005352497101,0.08457767963409424,0.006172374
11337566,7.12815163,CANDIDATE,0.09903905,0.1262519359588623,0.07182615995407104,0.054425783
10744335,4.59726613,CANDIDATE,0.30826217,0.40285998582839966,0.21366436779499054,0.1891956
10063802,120.0183551,CANDIDATE,0.12278798,0.14389929175376892,0.10167667269706726,0.042222627
10386922,26.62941953,CANDIDATE,0.10655628,0.10728956758975983,0.10582299530506134,0.0014665797
10386922,26.62941953,CANDIDATE,0.17239617,0.19549736380577087,0.14929497241973877,0.046202406
11499192,4.13592927,CANDIDATE,0.0739418,0.07582906633615494,0.07205452769994736,0.0037745386
11043167,44.9306706,CANDIDATE,0.12789333,0.1786586046218872,0.07712804526090622,0.10153057
11498128,106.247882,CANDIDATE,0.30153608,0.4292089641094208,0.17386320233345032,0.25534576
11043167,44.9306706,CANDIDATE,0.22170576,0.31164711713790894,0.13176441192626953,0.1798827
10933561,31.51779463,CANDIDATE,0.09455242,0.10825279355049133,0.08085204660892487,0.02740074
10027247,86.829519,CANDIDATE,0.18475851,0.2242598682641983,0.1452571600675583,0.07900271
11100383,12.92489803,CANDIDATE,0.0592773,0.0595967173576355,0.05895788222551346,0.00063883513
11177676,47.0320478,CANDIDATE,0.1646607,0.18592111766338348,0.14340029656887054,0.04252082
10686864,2.97041801,CANDIDATE,0.17802776,0.1836436688899994,0.17241185903549194,0.01123181
10857519,2.053341891,CANDIDATE,0.10240445,0.10707151144742966,0.0977373942732811,0.009334117
11656918,62.1385979,CANDIDATE,0.18229988,0.257414847612381,0.10718490928411484,0.15022995
11358389,10.66489514,CANDIDATE,0.15170746,0.1737026572227478,0.12971225380897522,0.043990403
10663396,23.8990075,CANDIDATE,0.15415789,0.19588984549045563,0.11242593824863434,0.08346391
10670119,14.87149773,CANDIDATE,0.01853197,0.05289610102772713,0.0,0.06872826
10272442,24.5434566,CANDIDATE,0.2699189,0.34681349992752075,0.19302427768707275,0.15378922
10187017,16.145671932,CANDIDATE,0.044040315,0.061674997210502625,0.026405632495880127,0.035269365
10404582,37.8658964,CANDIDATE,0.19497797,0.22872450947761536,0.16123142838478088,0.06749308
11656721,13.64617478,CANDIDATE,0.23790368,0.2850395143032074,0.19076785445213318,0.094271675
11336883,7.16893064,CANDIDATE,0.18280843,0.19726219773292542,0.16835466027259827,0.028907523
10001893,39.47468816362944,CANDIDATE,0.35094175,0.5131827592849731,0.18870076537132263,0.32448196
10875245,4.90144976,CANDIDATE,0.11215387,0.13303528726100922,0.09127245843410492,0.041762836
11075737,2.586639524,CANDIDATE,0.13551068,0.15146897733211517,0.11955238878726959,0.03191658
10265898,1.260258822,CANDIDATE,0.12518096,0.15197259187698364,0.09838932752609253,0.053583257
10858691,1.796320953,CANDIDATE,0.07797464,0.08808581531047821,0.06786346435546875,0.020222358
10916600,5.57654782,CANDIDATE,0.1333768,0.15988606214523315,0.10686755180358887,0.053018518
11074835,6.03355539,CANDIDATE,0.18514858,0.20985788106918335,0.16043928265571594,0.049418584
11187436,5.90741476,CANDIDATE,0.08371802,0.10143839567899704,0.0659976378083229,0.035440758
10878263,7.170710381,CANDIDATE,0.07269189,0.07383936643600464,0.07154440879821777,0.0022949576
10583066,6.02930329,CANDIDATE,0.14553016,0.16801664233207703,0.12304367870092392,0.04497297
10585852,8.57504983,CANDIDATE,0.23496251,0.30794477462768555,0.16198022663593292,0.14596456
11189311,81.4160138,CANDIDATE,0.07068391,0.08077742159366608,0.06059040501713753,0.020187013
11018648,32.62876672,CANDIDATE,0.16191018,0.18661417067050934,0.13720618188381195,0.04940799
10905746,9.8786461,CANDIDATE,0.08810737,0.09361973404884338,0.08259500563144684,0.011024728
10908248,39.859505,CANDIDATE,0.17200682,0.23810221254825592,0.10591141879558563,0.1321908
11565924,13.32191461,CANDIDATE,0.111780986,0.11657366156578064,0.10698831081390381,0.009585343
10453588,68.8861017,CANDIDATE,0.18075092,0.18082891404628754,0.18067292869091034,0.00015598536
11359879,4.942783419,CANDIDATE,0.05119216,0.06350325047969818,0.038881074637174606,0.024622172
10617017,13.15140223,CANDIDATE,0.14986321,0.15001258254051208,0.14971384406089783,0.00029875338
10189546,24.61480613,CANDIDATE,0.09368279,0.10809454321861267,0.07927103340625763,0.028823502
11623629,81.737872,CANDIDATE,0.0884712,0.09239260107278824,0.08454979211091995,0.007842809
11572193,10.6761592,CANDIDATE,0.0921199,0.12004362046718597,0.06419618427753448,0.05584743
10670119,14.87149773,CANDIDATE,0.11537894,0.11587430536746979,0.11488357186317444,0.0009907335
10227020,14.78767172,CANDIDATE,0.11195562,0.1174444854259491,0.10646675527095795,0.01097773
10813132,4.76702759,CANDIDATE,0.052327767,0.08106447011232376,0.023591065779328346,0.057473402
10337517,7.053934488,CANDIDATE,0.18378516,0.22091329097747803,0.14665701985359192,0.074256286
11073351,2.820190603,CANDIDATE,0.13615477,0.18069401383399963,0.09161552786827087,0.089078486
11133306,41.74598855,CANDIDATE,0.24607329,0.3641386032104492,0.12800797820091248,0.23613061
10019643,21.34736612,CANDIDATE,0.2065007,0.25622063875198364,0.15678076446056366,0.09943987
10332883,1.151166776,CANDIDATE,0.07217929,0.07687817513942719,0.06748040020465851,0.009397775
10019643,21.34736612,CANDIDATE,0.09946562,0.12439500540494919,0.07453624159097672,0.049858764
10187159,7.96431492,CANDIDATE,0.12770438,0.13211210072040558,0.12329666316509247,0.008815438
10656823,8.30783912,CANDIDATE,0.08631315,0.10834519565105438,0.06428110599517822,0.04406409
11304958,41.43958662,CANDIDATE,0.19614527,0.2500912845134735,0.14219924807548523,0.10789202
11356260,8.50698069,CANDIDATE,0.16108522,0.1828179955482483,0.1393524408340454,0.043465547
10063208,9.3281912,CANDIDATE,0.2442893,0.3515015244483948,0.13707704842090607,0.21442449
11074541,29.88487723,CANDIDATE,0.1623917,0.18481138348579407,0.1399720311164856,0.044839352
11241912,14.42735088,CANDIDATE,0.19018875,0.2215682715177536,0.15880922973155975,0.06275905
11455428,22.1270885,CANDIDATE,0.075554155,0.08758750557899475,0.06352080404758453,0.024066694
11125613,9.99115241,CANDIDATE,0.11946533,0.14834913611412048,0.09058152884244919,0.0577676
11037818,259.34304,CANDIDATE,0.20667842,0.23014509677886963,0.18321174383163452,0.046933353
10070468,1.68189051,CANDIDATE,0.08624252,0.09169601649045944,0.08078902214765549,0.010906994
10004738,56.4758069,CANDIDATE,0.1527603,0.19430848956108093,0.1112121045589447,0.083096385
11554435,9.43414171,CANDIDATE,0.046175428,0.05897065997123718,0.03338019549846649,0.025590464
11288051,13.82142084,CANDIDATE,0.23197323,0.29151812195777893,0.17242833971977234,0.11908977
11521793,27.08239734,CANDIDATE,0.09905675,0.14803104102611542,0.05008246377110481,0.09794857
10329469,55.8224775,CANDIDATE,0.1457158,0.19490689039230347,0.09652471542358398,0.09838218
11460018,4.280963604,CANDIDATE,0.22003455,0.27227360010147095,0.16779552400112152,0.10447806
10397751,3.4462125,CANDIDATE,0.18222916,0.2014564573764801,0.1630018651485443,0.038454585
10666592,2.204735417,CANDIDATE,0.053673144,0.08927412331104279,0.018072165548801422,0.07120196
10990886,11.023474798,CANDIDATE,0.12246359,0.13040214776992798,0.11452503502368927,0.015877105
10337258,13.28536452,CANDIDATE,0.06497652,0.07547160983085632,0.05448142811655998,0.020990185
10873260,5.852968845,CANDIDATE,0.10774262,0.13052257895469666,0.08496267348527908,0.045559898
11415243,168.81133,CANDIDATE,0.038180985,0.060058314353227615,0.0163036547601223,0.04375466
10656823,8.30783912,CANDIDATE,0.08573119,0.10976123809814453,0.06170114874839783,0.04806009
10526549,9.27358173,CANDIDATE,0.20867927,0.21554172039031982,0.20181682705879211,0.013724908
10386984,1.287076693,CANDIDATE,0.08599197,0.13224269449710846,0.03974124416708946,0.092501454
10586004,15.79196594,CANDIDATE,0.13041572,0.13794179260730743,0.12288965284824371,0.015052132
11304958,41.43958662,CANDIDATE,0.1744517,0.23413518071174622,0.11476820707321167,0.11936697
10717241,12.37646897,CANDIDATE,0.09323368,0.10464470088481903,0.08182266354560852,0.022822037
10190777,1.411230023,CANDIDATE,0.039167855,0.055835410952568054,0.022500300779938698,0.03333511
10909127,3.17059731,CANDIDATE,0.0886278,0.10223178565502167,0.07502381503582001,0.02720797
11348997,5.132486123,CANDIDATE,0.13460034,0.15751253068447113,0.11168815195560455,0.045824386
11547505,0.938466959,CANDIDATE,0.12825723,0.13872161507606506,0.11779284477233887,0.020928763
10426656,6.05729966,CANDIDATE,0.1931994,0.21902377903461456,0.16737501323223114,0.051648773
10662202,21.67699193,CANDIDATE,0.04569128,0.0824713259935379,0.008911237120628357,0.07356009
10924562,18.6052046,CANDIDATE,0.15752563,0.16733872890472412,0.14771252870559692,0.0196262
10924562,18.6052046,CANDIDATE,0.22695309,0.28819388151168823,0.16571228206157684,0.122481614
10471515,3.7847507,CANDIDATE,0.10181105,0.12026646733283997,0.08335563540458679,0.03691084
11342416,25.3690868,CANDIDATE,0.12504318,0.13199585676193237,0.11809051036834717,0.013905346
10130039,12.75800092,CANDIDATE,0.09097547,0.10138122737407684,0.08056971430778503,0.02081152
11075429,23.9210408,CANDIDATE,0.24544023,0.2897992730140686,0.20108120143413544,0.08871806
11086270,12.69104387,CANDIDATE,0.19748223,0.2755744159221649,0.11939004063606262,0.15618438
10663396,23.8990075,CANDIDATE,0.16733764,0.21408993005752563,0.12058534473180771,0.09350459
11358389,10.66489514,CANDIDATE,0.29127726,0.3574415445327759,0.22511297464370728,0.13232855
10203349,17.14648756,CANDIDATE,0.19865146,0.24370640516281128,0.15359652042388916,0.090109885
10858832,5.263415218,CANDIDATE,0.123004764,0.135959193110466,0.11005033552646637,0.025908858
10854555,2.525591777,CANDIDATE,0.14234915,0.1826622486114502,0.10203605890274048,0.0806262
11394027,14.38682567,CANDIDATE,0.3124161,0.336796373128891,0.2880358397960663,0.04876052
10858832,5.263415218,CANDIDATE,0.066227995,0.0758180245757103,0.0566379651427269,0.01918006
10910878,16.06864674,CANDIDATE,0.14675191,0.17220169305801392,0.12130212783813477,0.050899558
11656721,13.64617478,CANDIDATE,0.30757505,0.3837509751319885,0.23139913380146027,0.15235183
10253547,59.9809868,CANDIDATE,0.1812507,0.19379884004592896,0.16870257258415222,0.025096267
10880507,6.4802138,CANDIDATE,0.27494958,0.3493255376815796,0.2005736082792282,0.14875194
10933561,31.51779463,CANDIDATE,0.1694315,0.21240252256393433,0.126460462808609,0.085942075
10600955,65.6480892,CANDIDATE,0.26319978,0.3278633654117584,0.19853618741035461,0.12932718
11032227,7.19304935,CANDIDATE,0.37264815,0.4981182813644409,0.24717801809310913,0.25094026
10987985,16.01308419,CANDIDATE,0.0793641,0.07967932522296906,0.07904887199401855,0.0006304532
11244137,2.03387483,CANDIDATE,0.30629253,0.3879714608192444,0.22461359202861786,0.16335788
10857519,2.053341891,CANDIDATE,0.09361382,0.09802240133285522,0.08920523524284363,0.008817159
10905239,3.487688776,CANDIDATE,0.14691979,0.1473151296377182,0.14652444422245026,0.0007906854
11283615,1.289590179,CANDIDATE,0.09380558,0.12480321526527405,0.06280794739723206,0.06199526
11497977,4.79860021,CANDIDATE,0.17422888,0.17922842502593994,0.16922932863235474,0.0099990815
11460462,5.03728033,CANDIDATE,0.10946809,0.12801781296730042,0.09091836959123611,0.037099436
11572193,10.6761592,CANDIDATE,0.098652765,0.10624116659164429,0.09106436371803284,0.015176795
11046458,3.311864148,CANDIDATE,0.07415979,0.09106773138046265,0.05725185573101044,0.033815876
11086270,12.69104387,CANDIDATE,0.2484645,0.3090744614601135,0.18785452842712402,0.12121995
10709622,51.3283527,CANDIDATE,0.10335233,0.10593901574611664,0.1007656455039978,0.0051733702
11622600,82.5341188,CANDIDATE,0.30680507,0.3180711269378662,0.2955390214920044,0.022532105
10264660,6.790120801,CANDIDATE,0.08247226,0.0837758481502533,0.08116866648197174,0.0026071742
10601284,5.349553819,CANDIDATE,0.20974723,0.2958407402038574,0.12365372478961945,0.172187
10593535,20.9254083,CANDIDATE,0.22776724,0.29681727290153503,0.15871721506118774,0.13810007
10337517,7.053934488,CANDIDATE,0.20916799,0.2548123598098755,0.1635235995054245,0.091288775
11461844,13.6823798,CANDIDATE,0.039619584,0.048564180731773376,0.03067498467862606,0.017889198
11073351,2.820190603,CANDIDATE,0.23625077,0.29346102476119995,0.17904052138328552,0.11442052
10795103,214.3120439,CANDIDATE,0.15442716,0.17314930260181427,0.13570500910282135,0.037444286
10585852,8.57504983,CANDIDATE,0.17134058,0.20245850086212158,0.1402226686477661,0.062235832
10916600,5.57654782,CANDIDATE,0.12130027,0.1299729347229004,0.11262761801481247,0.01734531
11015323,34.18884323,CANDIDATE,0.23416097,0.31388694047927856,0.15443500876426697,0.15945192
11129738,2.613020421,CANDIDATE,0.010525425,0.045057784765958786,0.0,0.06906472
10858691,1.796320953,CANDIDATE,0.24457726,0.3094941973686218,0.17966030538082123,0.1298339
10265898,1.260258822,CANDIDATE,0.1743664,0.21012015640735626,0.13861264288425446,0.07150752
10001893,17.961532741540722,CANDIDATE,0.33457282,0.4287443161010742,0.24040131270885468,0.18834302
10353968,9.07098164,CANDIDATE,0.0623901,0.07936499267816544,0.045415207743644714,0.033949785
11018648,32.62876672,CANDIDATE,0.23849134,0.295940637588501,0.18104204535484314,0.11489858
11177707,124.4197175,CANDIDATE,0.2248223,0.28877684473991394,0.16086775064468384,0.1279091
10724369,55.6391882,CANDIDATE,0.2221265,0.27817073464393616,0.1660822480916977,0.112088494
10937029,4.030466786,CANDIDATE,0.07888494,0.08691076934337616,0.07085910439491272,0.016051657
10905239,3.487688776,CANDIDATE,0.12339473,0.13168862462043762,0.11510083824396133,0.016587779
11189311,81.4160138,CANDIDATE,0.11809637,0.1418784260749817,0.09431430697441101,0.04756411
10526549,9.27358173,CANDIDATE,0.1495172,0.20202681422233582,0.09700757265090942,0.105019234
11568987,15.95995611,CANDIDATE,0.16633753,0.1751500964164734,0.157524973154068,0.017625108
10722485,7.84931877,CANDIDATE,0.22621296,0.33177465200424194,0.12065126746892929,0.21112339
10666592,2.204735417,CANDIDATE,0.056924656,0.08742823451757431,0.0264210794121027,0.061007153
10586004,15.79196594,CANDIDATE,0.15729171,0.18416397273540497,0.13041944801807404,0.053744517
10717241,12.37646897,CANDIDATE,0.07252256,0.10156439989805222,0.04348071664571762,0.058083683
10525027,3.27344784,CANDIDATE,0.07178814,0.08686280995607376,0.056713469326496124,0.03014934
11614617,24.7577652,CANDIDATE,0.1253255,0.15057849884033203,0.10007250308990479,0.050505996
11125613,9.99115241,CANDIDATE,0.07913037,0.08173546195030212,0.07652527093887329,0.005210191
10656823,8.30783912,CANDIDATE,0.09649533,0.12415828555822372,0.06883237510919571,0.05532591
11547505,0.938466959,CANDIDATE,0.10908121,0.14658445119857788,0.07157797366380692,0.07500647
10020423,7.448375935,FALSE_POSITIVE,0.018449493,0.07037204504013062,0.0,0.103845105
10426656,6.05729966,CANDIDATE,0.13200887,0.2026272416114807,0.061390481889247894,0.14123677
10662202,21.67699193,CANDIDATE,0.10243138,0.11878074705600739,0.08608201146125793,0.032698743
11259686,34.4359387,CANDIDATE,0.1443633,0.15179473161697388,0.1369318664073944,0.01486285
10873260,5.852968845,CANDIDATE,0.07417751,0.08830715715885162,0.06004786118865013,0.0282593
10027323,5.92365747,CANDIDATE,0.07434074,0.12224802374839783,0.02643345668911934,0.09581456
10059645,6.49441464,CANDIDATE,0.16354193,0.19981059432029724,0.12727326154708862,0.07253734
11413812,5.65378163,CANDIDATE,0.12966353,0.16699601709842682,0.09233103692531586,0.07466498
11244682,3.490785878,CANDIDATE,0.079422735,0.08081278949975967,0.07803267985582352,0.0027801096
11135308,1.877878538,CANDIDATE,0.26609966,0.3145225942134857,0.21767672896385193,0.09684585
10864656,52.5008645,CANDIDATE,0.13278568,0.18252474069595337,0.08304661512374878,0.099478126
10600261,52.8148051,CANDIDATE,0.057579923,0.07349087297916412,0.04166897013783455,0.031821907
10744335,4.59726613,CANDIDATE,0.13935961,0.17849278450012207,0.10022643208503723,0.07826635
10619192,1.485710994,CANDIDATE,0.0788013,0.1041085422039032,0.05349404737353325,0.0506145
11074541,29.88487723,CANDIDATE,0.060369145,0.0724581703543663,0.04828011989593506,0.02417805
10586208,23.58444746,CANDIDATE,0.21785076,0.25219884514808655,0.1835026741027832,0.06869616
10130039,12.75800092,CANDIDATE,0.08445543,0.09272432327270508,0.07618653774261475,0.016537778
10577994,8.1808949,CANDIDATE,0.18909928,0.2553764879703522,0.12282206863164902,0.13255443
11304958,41.43958662,CANDIDATE,0.13926753,0.17934805154800415,0.09918702393770218,0.08016102
10599206,18.42794957,CANDIDATE,0.3488634,0.5016452074050903,0.19608160853385925,0.30556357
10190777,1.411230023,CANDIDATE,0.12982067,0.1512981653213501,0.10834319144487381,0.042954966
10190777,1.411230023,CANDIDATE,0.15416084,0.1728111058473587,0.13551057875156403,0.03730052
10864531,83.4887405,CANDIDATE,0.044267796,0.06791945546865463,0.020616134628653526,0.047303323
10797460,9.48803557,CANDIDATE,0.1130025,0.1373140662908554,0.08869093656539917,0.048623122
10266615,10.94026745,CANDIDATE,0.12587743,0.14472660422325134,0.10702825337648392,0.037698343
10454313,4.221626193,CANDIDATE,0.33445662,0.4165410101413727,0.25237223505973816,0.16416876
10397751,3.4462125,CANDIDATE,0.085817106,0.09161563217639923,0.08001857995986938,0.011597052
10924562,18.6052046,CANDIDATE,0.17233971,0.1836477816104889,0.16103163361549377,0.022616148
11176166,9.8788502,CANDIDATE,0.19564188,0.22768767178058624,0.16359607875347137,0.064091586
11075429,23.9210408,CANDIDATE,0.18840371,0.21678254008293152,0.16002488136291504,0.056757666
10057494,2.41810158,CANDIDATE,0.09109069,0.0925719290971756,0.08960944414138794,0.0029624924
10337258,13.28536452,CANDIDATE,0.06895327,0.08418935537338257,0.053717177361249924,0.030472182
10528068,158.6850022,CANDIDATE,0.13655713,0.17234483361244202,0.10076943039894104,0.0715754
11288051,13.82142084,CANDIDATE,0.14977151,0.17590609192848206,0.12363692373037338,0.052269176
11073351,2.820190603,CANDIDATE,0.23582618,0.317821204662323,0.15383115410804749,0.16399005
11046458,3.311864148,CANDIDATE,0.021327514,0.06708694994449615,0.0,0.09151888
11656721,13.64617478,CANDIDATE,0.2741846,0.3661869168281555,0.18218232691287994,0.18400458
10842192,9.33648141,CANDIDATE,0.06037012,0.11544249951839447,0.0052977390587329865,0.110144764
11019987,6.9131732,CANDIDATE,0.07395991,0.08389005064964294,0.0640297681093216,0.019860283
10585738,0.636424848,CANDIDATE,0.25468332,0.3669559955596924,0.14241063594818115,0.22454536
10464050,4.469754641,CANDIDATE,0.093183406,0.1135455071926117,0.07282130420207977,0.04072421
10271806,5.924993927,CANDIDATE,0.15745772,0.17825764417648315,0.13665780425071716,0.041599847
10854555,2.525591777,CANDIDATE,0.114075966,0.14960885047912598,0.07854308187961578,0.071065776
10854555,2.525591777,CANDIDATE,0.18486653,0.2300393283367157,0.1396937370300293,0.09034558
11600889,0.669310092,CANDIDATE,0.082338266,0.11451928317546844,0.050157252699136734,0.06436203
10858832,5.263415218,CANDIDATE,0.11852232,0.12096536159515381,0.11607928574085236,0.004886076
11086270,12.69104387,CANDIDATE,0.17207447,0.24132606387138367,0.10282287001609802,0.1385032
10795103,214.3120439,CANDIDATE,0.096564695,0.10241144150495529,0.09071794897317886,0.0116934925
10253547,59.9809868,CANDIDATE,0.2722763,0.3074744939804077,0.23707813024520874,0.07039638
11455181,10.9294815,CANDIDATE,0.2399685,0.29420310258865356,0.18573389947414398,0.10846919
10910878,16.06864674,CANDIDATE,0.13277206,0.13981452584266663,0.12572959065437317,0.01408495
10905239,3.487688776,CANDIDATE,0.12851511,0.14331573247909546,0.11371449381113052,0.029601231
11394027,14.38682567,CANDIDATE,0.16466963,0.19638270139694214,0.13295656442642212,0.063426144
11612280,9.4061364,CANDIDATE,0.19735484,0.20558342337608337,0.18912625312805176,0.016457155
10600955,65.6480892,CANDIDATE,0.31344542,0.4468558728694916,0.18003496527671814,0.2668209
10600955,65.6480892,CANDIDATE,0.21418668,0.3181529641151428,0.11022038757801056,0.20793259
11018648,32.62876672,CANDIDATE,0.21949641,0.281554251909256,0.15743857622146606,0.124115676
11497977,4.79860021,CANDIDATE,0.112499684,0.12415818870067596,0.10084117949008942,0.023317002
10203349,17.14648756,CANDIDATE,0.24956447,0.3168441653251648,0.18228478729724884,0.13455936
11460462,5.03728033,CANDIDATE,0.1277104,0.13119012117385864,0.12423067539930344,0.006959453
11283615,1.289590179,CANDIDATE,0.048996605,0.0540248267352581,0.043968383222818375,0.0100564435
11460462,5.03728033,CANDIDATE,0.1636507,0.1859743297100067,0.14132708311080933,0.044647247
10353968,9.07098164,CANDIDATE,0.114721574,0.13226692378520966,0.09717622399330139,0.035090692
10340423,18.79418506,CANDIDATE,0.11744602,0.15387895703315735,0.08101308345794678,0.07286587
10858691,1.796320953,CANDIDATE,0.20903245,0.2591620087623596,0.1589028686285019,0.100259155
10265898,1.260258822,CANDIDATE,0.14930573,0.17222143709659576,0.1263900250196457,0.04583142
11360805,26.7838935,CANDIDATE,0.25141117,0.298953652381897,0.20386870205402374,0.095084935
11244137,2.03387483,CANDIDATE,0.1663711,0.2436947226524353,0.08904749155044556,0.15464723
11244137,2.03387483,CANDIDATE,0.1744245,0.2310682237148285,0.11778078228235245,0.113287434
11303322,38.1303324,CANDIDATE,0.13490778,0.16248777508735657,0.10732778906822205,0.055159993
11656721,13.64617478,CANDIDATE,0.16255039,0.17255041003227234,0.1525503695011139,0.020000033
11622600,82.5341188,CANDIDATE,0.13662185,0.18022626638412476,0.09301743656396866,0.08720882
11622600,82.5341188,CANDIDATE,0.27567196,0.37028267979621887,0.18106123805046082,0.18922144
10024051,0.577369336,CANDIDATE,0.19315347,0.2226610779762268,0.16364586353302002,0.0590152
11656246,18.11473813,CANDIDATE,0.18149018,0.2351074069738388,0.12787295877933502,0.107234456
11015323,34.18884323,CANDIDATE,0.22120014,0.23271524906158447,0.20968502759933472,0.023030236
10670119,14.87149773,CANDIDATE,0.1410863,0.15771202743053436,0.12446056306362152,0.033251457
11254382,2.05388477,CANDIDATE,0.10663155,0.11982393264770508,0.09343916177749634,0.026384763
10982872,4.761705895,CANDIDATE,0.13766538,0.14979195594787598,0.12553879618644714,0.024253152
10880507,6.4802138,CANDIDATE,0.14720632,0.1895345002412796,0.10487814247608185,0.08465636
10601284,5.349553819,CANDIDATE,0.3108494,0.3370901942253113,0.2846086025238037,0.052481562
10265898,1.260258822,CANDIDATE,0.16483183,0.19424116611480713,0.1354224979877472,0.058818676
10858691,1.796320953,CANDIDATE,0.24494797,0.29912787675857544,0.1907680779695511,0.10835979
10059645,6.49441464,CANDIDATE,0.16969544,0.18877112865447998,0.1506197452545166,0.03815137
11017901,7.794302043,CANDIDATE,0.075565144,0.08869436383247375,0.062435925006866455,0.026258439
11621223,4.903321801,CANDIDATE,0.16129138,0.16653838753700256,0.1560443639755249,0.010494038
10583761,2.685054445,CANDIDATE,0.15413639,0.17781348526477814,0.13045929372310638,0.047354184
10407482,6.30558387,CANDIDATE,0.050091892,0.05684338137507439,0.04334040358662605,0.013502978
11259686,34.4359387,CANDIDATE,0.098378055,0.10906462371349335,0.08769148588180542,0.02137313
10965008,81.1701587,CANDIDATE,0.14383821,0.1745777130126953,0.11309871077537537,0.061478995
10418224,6.8731664,CANDIDATE,0.10288337,0.11629302054643631,0.08947371691465378,0.026819304
11512246,7.10695741,CANDIDATE,0.043060344,0.08369380235671997,0.0024268850684165955,0.08126692
11547513,5.317440164,CANDIDATE,0.11854601,0.12185050547122955,0.11524151265621185,0.0066089854
10934674,16.54295261,CANDIDATE,0.064197384,0.07902027666568756,0.04937448725104332,0.029645793
10713616,83.5781976,CANDIDATE,0.10077405,0.11077355593442917,0.0907745435833931,0.019999012
10722485,7.84931877,CANDIDATE,0.1891317,0.27113550901412964,0.10712790489196777,0.1640076
10005758,134.4785189,CANDIDATE,0.14288838,0.15581730008125305,0.12995946407318115,0.025857836
10020423,7.448375935,FALSE_POSITIVE,0.01866255,0.0693885087966919,0.0,0.101451926
10187159,7.96431492,CANDIDATE,0.08778,0.11523286253213882,0.060327135026454926,0.054905728
10656823,8.30783912,CANDIDATE,0.16098341,0.16581478714942932,0.15615203976631165,0.009662762
11337566,7.12815163,CANDIDATE,0.19496897,0.22619782388210297,0.1637401133775711,0.062457703
10019708,3.268695042,CANDIDATE,0.1330896,0.22829660773277283,0.03788258880376816,0.19041403
10360722,163.692336,CANDIDATE,0.12046205,0.12095469236373901,0.11996941268444061,0.0009852722
10063802,120.0183551,CANDIDATE,0.1541285,0.15504789352416992,0.1532091200351715,0.0018387884
10328393,7.62635494,CANDIDATE,0.029234104,0.0684705376625061,0.0,0.07847287
11187837,17.60461401,CANDIDATE,0.12391053,0.13184604048728943,0.11597501486539841,0.015871033
10864531,83.4887405,CANDIDATE,0.11137259,0.14038462936878204,0.08236055076122284,0.058024086
11457726,6.22161107,CANDIDATE,0.09838958,0.13962990045547485,0.0571492575109005,0.08248065
10790387,117.93110803,CANDIDATE,0.16452616,0.21273887157440186,0.11631345748901367,0.09642542
11502867,3.217518511,CANDIDATE,0.065480016,0.10379675030708313,0.02716328576207161,0.07663346
11288051,13.82142084,CANDIDATE,0.14497344,0.158766970038414,0.13117991387844086,0.027587064
10136549,9.69315023,CANDIDATE,0.12168776,0.12697070837020874,0.11640481650829315,0.010565899
10285631,18.68405716,CANDIDATE,0.10240022,0.10705211758613586,0.09774832427501678,0.009303786
10744335,4.59726613,CANDIDATE,0.39657855,0.5093140006065369,0.28384310007095337,0.22547087
10489206,4.164384505,CANDIDATE,0.0794361,0.08993911743164062,0.06893308460712433,0.021006025
11295426,5.398752862,CANDIDATE,0.14321356,0.16488389670848846,0.12154321372509003,0.043340683
10600261,52.8148051,CANDIDATE,0.19471218,0.2821524739265442,0.10727186501026154,0.17488062
10022908,6.99130452,CANDIDATE,0.12391542,0.13069573044776917,0.11713510751724243,0.0135606155
10975146,0.63133171,CANDIDATE,0.033064347,0.06909716129302979,0.0,0.07206564
10187159,7.96431492,CANDIDATE,0.10242138,0.10529397428035736,0.09954878687858582,0.0057451874
10386922,26.62941953,CANDIDATE,0.10761925,0.1492798626422882,0.06595862656831741,0.08332124
10166274,3.353732008,CANDIDATE,0.1616268,0.1747995764017105,0.14845402538776398,0.026345558
10577994,8.1808949,CANDIDATE,0.19059025,0.21776342391967773,0.16341707110404968,0.054346345
11401767,20.0545282,CANDIDATE,0.1002944,0.1364499181509018,0.06413887441158295,0.072311044
11304958,41.43958662,CANDIDATE,0.15517709,0.204922154545784,0.10543201863765717,0.09949014
10599206,18.42794957,CANDIDATE,0.26780534,0.34463798999786377,0.190972700715065,0.15366527
11069176,15.3789014,CANDIDATE,0.08316968,0.11670508235692978,0.04963427037000656,0.06707081
10875245,4.90144976,CANDIDATE,0.09058033,0.10852254182100296,0.0726381167769432,0.035884425
11074835,6.03355539,CANDIDATE,0.13598196,0.1377636343240738,0.1342002898454666,0.0035633445
11612280,9.4061364,CANDIDATE,0.21627592,0.29624995589256287,0.13630187511444092,0.1599481
10905239,3.487688776,CANDIDATE,0.1700968,0.17361390590667725,0.1665796935558319,0.0070342273
11043167,44.9306706,CANDIDATE,0.20874749,0.2525300979614258,0.16496488451957703,0.0875652
10404582,37.8658964,CANDIDATE,0.28368285,0.37536147236824036,0.1920042335987091,0.18335725
10272442,24.5434566,CANDIDATE,0.2288403,0.28359323740005493,0.17408739030361176,0.10950584
10933561,31.51779463,CANDIDATE,0.14106092,0.1748085469007492,0.10731329023838043,0.067495264
10585852,8.57504983,CANDIDATE,0.34007564,0.4148741364479065,0.2652771472930908,0.14959699
11177676,47.0320478,CANDIDATE,0.23818135,0.3179895281791687,0.158373162150383,0.15961638
10001893,5.987209377980012,CANDIDATE,0.38446066,0.4852272570133209,0.2836940586566925,0.20153318
10908248,39.859505,CANDIDATE,0.20596516,0.24573485553264618,0.16619546711444855,0.079539396
11359879,4.942783419,CANDIDATE,0.048392244,0.0927196592092514,0.004064831882715225,0.08865482
11656918,62.1385979,CANDIDATE,0.17929618,0.25149470567703247,0.10709765553474426,0.14439705
11442793,331.5972732,CANDIDATE,0.19408059,0.2074097990989685,0.18075138330459595,0.0266584
10468885,0.664074145,CANDIDATE,0.1488772,0.17315725982189178,0.12459714710712433,0.048560113
11410904,3.53232429,CANDIDATE,0.106525786,0.13248033821582794,0.0805712342262268,0.051909097
11086270,12.69104387,CANDIDATE,0.19137396,0.26721692085266113,0.11553098261356354,0.15168595
10777591,6.10968225,CANDIDATE,0.1735749,0.18316540122032166,0.16398438811302185,0.019181028
11572193,10.6761592,CANDIDATE,0.122994,0.1489063799381256,0.09708161652088165,0.05182477
10989274,16.17803,CANDIDATE,0.017470293,0.07212316989898682,0.0,0.10930575
11090765,21.21712312,CANDIDATE,0.1699778,0.18944500386714935,0.15051059424877167,0.038934417
10332883,1.151166776,CANDIDATE,0.054830194,0.10975679010152817,0.0,0.10985319
10187017,16.145671932,CANDIDATE,0.059075665,0.1013655737042427,0.01678575575351715,0.08457982
11498128,106.247882,CANDIDATE,0.2613198,0.3186110258102417,0.20402856171131134,0.11458245
10187017,16.145671932,CANDIDATE,0.12631693,0.15715719759464264,0.0954766720533371,0.061680526
11358389,10.66489514,CANDIDATE,0.21380076,0.29575955867767334,0.13184195756912231,0.1639176
10350571,31.5925809,CANDIDATE,0.14999281,0.16737955808639526,0.13260605931282043,0.034773506
11499192,4.13592927,CANDIDATE,0.16055544,0.17780160903930664,0.14330926537513733,0.034492344
11253711,17.79108667,CANDIDATE,0.16465741,0.20128872990608215,0.1280260980129242,0.07326262
11100383,12.92489803,CANDIDATE,0.05904973,0.09268003702163696,0.02541942521929741,0.06726061
10686864,2.97041801,CANDIDATE,0.16539806,0.18288245797157288,0.14791366457939148,0.03496881
11403044,4.125543472,CANDIDATE,0.19057867,0.22712917625904083,0.15402816236019135,0.07310102
11517719,2.495780169,CANDIDATE,0.048220906,0.05502011254429817,0.04142170026898384,0.013598412
10001893,19.876836473786334,CANDIDATE,0.3202396,0.443567156791687,0.19691205024719238,0.24665512
11623629,81.737872,CANDIDATE,0.027371945,0.06643495708703995,0.0,0.07812603
11623629,81.737872,CANDIDATE,0.048482474,0.054710183292627335,0.04225476458668709,0.012455419
10024051,0.577369336,CANDIDATE,0.40551883,0.5371015071868896,0.2739361524581909,0.26316535
10730703,5.60013327,CANDIDATE,0.17773776,0.187701016664505,0.167774498462677,0.019926503
10132832,16.07673148,CANDIDATE,0.15955609,0.19872954487800598,0.1203826442360878,0.07834689
11572193,10.6761592,CANDIDATE,0.16997044,0.1894870400428772,0.1504538357257843,0.039033197
10670119,14.87149773,CANDIDATE,0.18448275,0.21589937806129456,0.15306612849235535,0.062833235
10583066,6.02930329,CANDIDATE,0.010558875,0.05316947400569916,0.0,0.0852212
11656246,18.11473813,CANDIDATE,0.18912807,0.20772546529769897,0.17053067684173584,0.037194774
11358389,10.66489514,CANDIDATE,0.20553462,0.23187300562858582,0.17919623851776123,0.052676752
10019643,21.34736612,CANDIDATE,0.12140536,0.14548853039741516,0.09732218831777573,0.04816635
10290666,5.45849914,CANDIDATE,0.34926558,0.40637829899787903,0.29215285181999207,0.11422545
10925104,8.041347775,CANDIDATE,0.1477532,0.16150043904781342,0.13400594890117645,0.027494498
10933561,31.51779463,CANDIDATE,0.10174048,0.12250342965126038,0.08097752928733826,0.041525908
10026502,101.952048,CANDIDATE,0.02468717,0.051395248621702194,0.0,0.05341616
10934674,16.54295261,CANDIDATE,0.08175624,0.09388561546802521,0.06962686777114868,0.02425874
11032227,7.19304935,CANDIDATE,0.1925605,0.2395881861448288,0.14553280174732208,0.09405538
11295426,5.398752862,CANDIDATE,0.15343408,0.15944409370422363,0.14742407202720642,0.012020007
11295426,5.398752862,CANDIDATE,0.21513496,0.228136345744133,0.20213358104228973,0.026002765
11337566,7.12815163,CANDIDATE,0.1418336,0.19903844594955444,0.08462876081466675,0.11440969
10987985,16.01308419,CANDIDATE,0.059864473,0.07738810032606125,0.04234084486961365,0.035047255
11512246,7.10695741,CANDIDATE,0.10076325,0.1139737218618393,0.08755277097225189,0.02642095
11518142,240.7990472,CANDIDATE,0.2459317,0.34118252992630005,0.15068085491657257,0.19050169
10166274,3.353732008,CANDIDATE,0.19436517,0.19616562128067017,0.1925647258758545,0.0036009103
10166274,3.353732008,CANDIDATE,0.14632508,0.17970317602157593,0.11294697970151901,0.066756204
11288505,19.80787763,CANDIDATE,0.18873115,0.21304410696029663,0.16441819071769714,0.04862591
11358389,10.66489514,CANDIDATE,0.027536986,0.05988004803657532,0.0,0.06468613
10965588,62.8917493,CANDIDATE,0.10637113,0.13062597811222076,0.0821162760257721,0.048509702
10289119,16.10474503,CANDIDATE,0.12782806,0.15455645322799683,0.10109966993331909,0.053456776
10055126,9.17617167,CANDIDATE,0.10010072,0.1220988929271698,0.07810254395008087,0.04399634
11336883,7.16893064,CANDIDATE,0.14848419,0.18955373764038086,0.10741463303565979,0.0821391
11285870,4.48494315,CANDIDATE,0.07144559,0.0819508284330368,0.06094035878777504,0.021010466
10874614,3.234699282,CANDIDATE,0.06534062,0.08292794227600098,0.04775330424308777,0.035174638
10468885,0.664074145,CANDIDATE,0.17826396,0.21583402156829834,0.14069390296936035,0.075140126
10386984,1.287076693,CANDIDATE,0.14140676,0.16589058935642242,0.11692292988300323,0.04896766
10714072,8.40693068,CANDIDATE,0.07849865,0.09239339828491211,0.06460389494895935,0.02778951
11179076,48.4313003,CANDIDATE,0.17070113,0.19532683491706848,0.14607542753219604,0.0492514
11187436,5.90741476,CANDIDATE,0.06024293,0.11742909252643585,0.003056764602661133,0.11437233
10329196,85.7567919,CANDIDATE,0.16125016,0.2079269289970398,0.1145733967423439,0.093353525
10713616,83.5781976,CANDIDATE,0.10526709,0.13231749832630157,0.07821668684482574,0.054100804
10585852,8.57504983,CANDIDATE,0.11378323,0.16624385118484497,0.06132262200117111,0.10492122
10010440,53.5991459,CANDIDATE,0.14010431,0.21043477952480316,0.0697738379240036,0.14066094
10713616,83.5781976,CANDIDATE,0.4605919,0.4775063693523407,0.44367745518684387,0.033828914
10001893,43.42521789076447,CANDIDATE,0.25285742,0.35300877690315247,0.1527060568332672,0.20030272
11129738,2.613020421,CANDIDATE,0.14072849,0.16097065806388855,0.12048632651567459,0.040484324
10136549,9.69315023,CANDIDATE,0.15047903,0.18121561408042908,0.11974245309829712,0.06147316
11554435,9.43414171,CANDIDATE,0.028883437,0.03525532782077789,0.022511543706059456,0.012743786
10386922,26.62941953,CANDIDATE,0.08435885,0.1252780258655548,0.04343966767191887,0.08183836
10676014,16.78175788,CANDIDATE,0.1248722,0.1314452588558197,0.11829914152622223,0.01314611
11461433,1.916940872,CANDIDATE,0.12745708,0.13740819692611694,0.11750596761703491,0.01990223
11187837,17.60461401,CANDIDATE,0.063047506,0.0683068186044693,0.057788196951150894,0.010518618
10328393,7.62635494,CANDIDATE,0.06585849,0.09118805080652237,0.040528930723667145,0.050659124
10407482,6.30558387,CANDIDATE,0.027656648,0.07814602553844452,0.0,0.10097876
11572193,10.6761592,CANDIDATE,0.14805552,0.16323259472846985,0.13287845253944397,0.030354127
10407482,6.30558387,CANDIDATE,0.089935005,0.0962306559085846,0.08363935351371765,0.01259131
10006581,40.1097817,CANDIDATE,0.25781876,0.32542315125465393,0.1902143657207489,0.13520879
10019708,3.268695042,CANDIDATE,0.077976115,0.10954637080430984,0.0464058592915535,0.06314051
10290666,5.45849914,CANDIDATE,0.12433994,0.14520001411437988,0.10347986221313477,0.041720152
10070468,1.68189051,CANDIDATE,0.2630075,0.34826451539993286,0.17775045335292816,0.17051408
11037818,259.34304,CANDIDATE,0.21858828,0.2981905937194824,0.13898594677448273,0.15920466
10004519,9.80321143,CANDIDATE,0.1768401,0.1910979151725769,0.16258227825164795,0.028515652
10004519,9.80321143,CANDIDATE,0.21211585,0.22946171462535858,0.1947699934244156,0.03469172
11250587,7.256962446,CANDIDATE,0.16245009,0.1793188452720642,0.14558133482933044,0.033737518
11455428,22.1270885,CANDIDATE,0.058605652,0.07567417621612549,0.04153712838888168,0.034137048
10068659,11.47685263,CANDIDATE,0.14271277,0.1581677496433258,0.1272577941417694,0.030909948
11502867,3.217518511,CANDIDATE,0.033262298,0.06712287664413452,0.0,0.06772116
10813132,4.76702759,CANDIDATE,0.09668637,0.09802864491939545,0.09534409642219543,0.002684541
10468885,0.664074145,CANDIDATE,0.110100515,0.15318740904331207,0.06701362133026123,0.08617379
11623629,81.737872,CANDIDATE,0.20868042,0.2343379706144333,0.1830228716135025,0.0513151
10724369,55.6391882,CANDIDATE,0.004595039,0.050244346261024475,0.0,0.09129862
11460018,4.280963604,CANDIDATE,0.22181746,0.29338449239730835,0.1502504199743271,0.14313409
10984090,3.709214104,CANDIDATE,0.102998406,0.10919076204299927,0.09680604934692383,0.012384705
11359879,4.942783419,CANDIDATE,0.026818968,0.045311339199543,0.008326597511768341,0.03698474
10793172,12.0999065,CANDIDATE,0.044346243,0.09564656019210815,0.0,0.102600634
10916600,5.57654782,CANDIDATE,0.110701926,0.13933080434799194,0.08207304775714874,0.057257757
10990886,11.023474798,CANDIDATE,0.02508932,0.05441189184784889,0.0,0.058645144
10187159,7.96431492,CANDIDATE,0.14505053,0.14689767360687256,0.14320337772369385,0.0036942959
10337517,7.053934488,CANDIDATE,0.08903066,0.1061069667339325,0.07195435464382172,0.03415262
11043167,44.9306706,CANDIDATE,0.16854095,0.2281009405851364,0.10898096859455109,0.119119965
11401182,0.927859786,CANDIDATE,0.19993986,0.25722694396972656,0.14265277981758118,0.11457415
10875245,4.90144976,CANDIDATE,0.19282629,0.22276753187179565,0.16288504004478455,0.059882484
11100383,12.92489803,CANDIDATE,0.09533273,0.10654273629188538,0.08412271738052368,0.022420011
10964440,19.12947603,CANDIDATE,0.18793713,0.2171882688999176,0.15868598222732544,0.05850228
11177676,47.0320478,CANDIDATE,0.15179901,0.16069607436656952,0.1429019421339035,0.017794125
11100383,12.92489803,CANDIDATE,0.1331537,0.13670289516448975,0.1296045184135437,0.0070983693
11360571,77.2550726,CANDIDATE,0.18974246,0.1982378363609314,0.18124708533287048,0.016990766
10227020,14.78767172,CANDIDATE,0.24146329,0.33709922432899475,0.14582735300064087,0.19127186
10004738,56.4758069,CANDIDATE,0.14467697,0.15546821057796478,0.1338857263326645,0.021582492
10777591,6.10968225,CANDIDATE,0.19910935,0.2560482919216156,0.14217039942741394,0.11387789
10141900,6.50327035,CANDIDATE,0.22195734,0.28641369938850403,0.1575009822845459,0.12891273
10471515,3.7847507,CANDIDATE,0.15313134,0.155614972114563,0.15064769983291626,0.0049672574
11403530,3.61460332,CANDIDATE,0.26547268,0.32153135538101196,0.20941400527954102,0.112117335
11446443,2.470613377,CANDIDATE,0.024255207,0.02869473583996296,0.019815677776932716,0.008879058
10332883,1.151166776,CANDIDATE,0.06832894,0.08154311776161194,0.055114757269620895,0.026428364
10682541,4.99677968,CANDIDATE,0.13154577,0.1468108892440796,0.11628064513206482,0.030530252
10019643,21.34736612,CANDIDATE,0.15764096,0.17595522105693817,0.13932670652866364,0.036628522
10332883,1.151166776,CANDIDATE,0.14384265,0.14916780591011047,0.13851749897003174,0.010650292
10187017,16.145671932,CANDIDATE,0.086949944,0.10488182306289673,0.06901806592941284,0.035863757
11074835,6.03355539,CANDIDATE,0.31221622,0.38928547501564026,0.23514696955680847,0.15413849
11650401,3.94660745,CANDIDATE,0.19471914,0.26704102754592896,0.12239724397659302,0.14464378
11499192,4.13592927,CANDIDATE,0.12533459,0.1611914485692978,0.08947773277759552,0.07171372
11348997,5.132486123,CANDIDATE,0.10893917,0.13774952292442322,0.08012881875038147,0.057620704
11391957,8.35389523,CANDIDATE,0.12609753,0.15713104605674744,0.09506400674581528,0.062067047
10908248,39.859505,CANDIDATE,0.15563367,0.16012024879455566,0.15114709734916687,0.008973137
11090556,2.7881793,CANDIDATE,0.16757219,0.19742554426193237,0.1377188265323639,0.059706733
10686864,2.97041801,CANDIDATE,0.086529195,0.09074102342128754,0.08231736719608307,0.008423664
10468940,2.936527336,CANDIDATE,0.14475018,0.15681558847427368,0.13268476724624634,0.024130814
10663396,23.8990075,CANDIDATE,0.16833794,0.20704802870750427,0.12962785363197327,0.07742019
10587105,1.980356674,CANDIDATE,0.16592257,0.2074052095413208,0.12443992495536804,0.082965285
10464050,4.469754641,CANDIDATE,0.0830787,0.11183661222457886,0.05432078614830971,0.057515822
10881457,84.704139,CANDIDATE,0.19601291,0.22836321592330933,0.1636626124382019,0.06470062
10881457,84.704139,CANDIDATE,0.2696362,0.34051334857940674,0.19875909388065338,0.14175424
10426656,6.05729966,CANDIDATE,0.26583886,0.32020989060401917,0.21146783232688904,0.10874204
10397751,3.4462125,CANDIDATE,0.1601514,0.2032674252986908,0.1170353814959526,0.08623205
10397751,3.4462125,CANDIDATE,0.16403337,0.17255675792694092,0.15550997853279114,0.017046764
11656721,13.64617478,CANDIDATE,0.2894455,0.3588186502456665,0.22007232904434204,0.13874632
11402995,10.06083238,CANDIDATE,0.28397995,0.36673831939697266,0.20122158527374268,0.16551675
11336883,7.16893064,CANDIDATE,0.1504275,0.18294699490070343,0.11790801584720612,0.06503899
11624249,1.82708193,CANDIDATE,0.16637865,0.17107939720153809,0.16167789697647095,0.009401515
11032227,7.19304935,CANDIDATE,0.29324555,0.39003148674964905,0.19645962119102478,0.19357187
10586004,15.79196594,CANDIDATE,0.17575544,0.2133607417345047,0.1381501406431198,0.0752106
10526549,9.27358173,CANDIDATE,0.2330342,0.3006519675254822,0.1654164046049118,0.13523558
11360805,26.7838935,CANDIDATE,0.13095005,0.15124735236167908,0.11065274477005005,0.0405946
10864656,52.5008645,CANDIDATE,0.122834824,0.14371231198310852,0.10195733606815338,0.04175497
10982872,4.761705895,CANDIDATE,0.1154396,0.12175895273685455,0.10912024974822998,0.012638696
11518142,240.7990472,CANDIDATE,0.12405106,0.16497758030891418,0.08312453329563141,0.081853054
10717241,12.37646897,CANDIDATE,0.06201421,0.0951710045337677,0.028857413679361343,0.066313595
10987985,16.01308419,CANDIDATE,0.043939777,0.04427726939320564,0.04360228404402733,0.00067498535
10190777,1.411230023,CANDIDATE,0.10875021,0.12185338139533997,0.09564703702926636,0.026206352
10978763,4.97760447,CANDIDATE,0.02519341,0.08519655466079712,0.0,0.12000629
10662202,21.67699193,CANDIDATE,0.09286869,0.11416534334421158,0.07157204300165176,0.0425933
11037818,259.34304,CANDIDATE,0.26220018,0.34626322984695435,0.17813712358474731,0.1681261
10464050,4.469754641,CANDIDATE,0.067116655,0.09319588541984558,0.0410374291241169,0.052158453
10070468,1.68189051,CANDIDATE,0.30981568,0.4367418885231018,0.18288947641849518,0.2538524
10662202,21.67699193,CANDIDATE,0.10535299,0.11958697438240051,0.09111900627613068,0.028467968
11401755,16.23191704,CANDIDATE,0.08456591,0.11208432912826538,0.05704748257994652,0.05503685
10723367,19.9865916,CANDIDATE,0.103263505,0.16564416885375977,0.04088284820318222,0.12476131
10337258,13.28536452,CANDIDATE,0.08918641,0.10020297765731812,0.07816983759403229,0.02203314
11073351,2.820190603,CANDIDATE,0.12307942,0.14058075845241547,0.10557807981967926,0.03500268
10813132,4.76702759,CANDIDATE,0.08360531,0.08825727552175522,0.0789533481001854,0.009303927
11075429,23.9210408,CANDIDATE,0.13063666,0.1584899127483368,0.10278341174125671,0.05570651
11241912,14.42735088,CANDIDATE,0.124472916,0.1398339569568634,0.10911186784505844,0.030722097
11250587,7.256962446,CANDIDATE,0.089152105,0.11232204735279083,0.0659821629524231,0.046339884
11129738,2.613020421,CANDIDATE,0.16148765,0.212432861328125,0.11054244637489319,0.10189042
10265898,1.260258822,CANDIDATE,0.18771265,0.198008731007576,0.1774165779352188,0.020592153
11074541,29.88487723,CANDIDATE,0.08913458,0.10565797984600067,0.07261118292808533,0.033046804
10858691,1.796320953,CANDIDATE,0.1805482,0.21045304834842682,0.15064336359500885,0.059809692
11360805,26.7838935,CANDIDATE,0.2962833,0.32250773906707764,0.27005887031555176,0.0524489
11187436,5.90741476,CANDIDATE,0.10240429,0.12402158975601196,0.08078698813915253,0.0432346
11521793,27.08239734,CANDIDATE,0.13535279,0.15167498588562012,0.11903059482574463,0.0326444
10982872,4.761705895,CANDIDATE,0.11095659,0.1122952252626419,0.10961794853210449,0.0026772842
11129258,25.384175,CANDIDATE,0.08054489,0.1074991375207901,0.053590644150972366,0.05390849
11125613,9.99115241,CANDIDATE,0.13251184,0.14054207503795624,0.12448160350322723,0.016060464
11018648,32.62876672,CANDIDATE,0.21397455,0.2518135607242584,0.17613555490970612,0.075678
11547505,0.938466959,CANDIDATE,0.118511766,0.14495809376239777,0.09206543862819672,0.052892648
10880507,6.4802138,CANDIDATE,0.16707507,0.1996559500694275,0.13449418544769287,0.06516176
10880507,6.4802138,CANDIDATE,0.27625337,0.3825341761112213,0.16997256875038147,0.2125616
10730070,7.61758198,CANDIDATE,0.19335385,0.22357076406478882,0.16313692927360535,0.06043385
10214162,17.42393582,CANDIDATE,0.3412809,0.5007224082946777,0.18183939158916473,0.31888303
11455181,10.9294815,CANDIDATE,0.1842519,0.21567095816135406,0.15283285081386566,0.0628381
11027624,394.6249514,CANDIDATE,0.111504085,0.12105567008256912,0.10195250064134598,0.01910317
10795103,214.3120439,CANDIDATE,0.07444334,0.09759660065174103,0.051290083676576614,0.046306513
11600889,0.669310092,CANDIDATE,0.13956347,0.15335804224014282,0.12576889991760254,0.027589142
11611600,1.219568047,CANDIDATE,0.12777622,0.1865634173154831,0.06898902356624603,0.1175744
10004738,56.4758069,CANDIDATE,0.24737667,0.2997368574142456,0.19501648843288422,0.10472036
11360571,77.2550726,CANDIDATE,0.15649413,0.17532606422901154,0.13766218721866608,0.03766387
11019987,6.9131732,CANDIDATE,0.15359421,0.19841760396957397,0.10877082496881485,0.08964677
10388286,1.682695938,CANDIDATE,0.09260298,0.1114281564950943,0.07377780973911285,0.03765034
11622600,82.5341188,CANDIDATE,0.12615427,0.15074113011360168,0.10156740993261337,0.049173728
11460018,4.280963604,CANDIDATE,0.1995318,0.25121623277664185,0.14784735441207886,0.103368886
10057494,2.41810158,CANDIDATE,0.08117379,0.0821293294429779,0.08021825551986694,0.0019110814
11444514,66.373298,CANDIDATE,0.18411882,0.20349156856536865,0.16474607586860657,0.038745478
11189311,81.4160138,CANDIDATE,0.09191087,0.09373365342617035,0.09008808434009552,0.003645569
10724369,55.6391882,CANDIDATE,0.14645156,0.18114906549453735,0.11175406724214554,0.06939499
10963242,6.1469956,CANDIDATE,0.2382849,0.2971859574317932,0.17938384413719177,0.117802106
10873260,5.852968845,CANDIDATE,0.10487058,0.1203913539648056,0.08934980630874634,0.03104154
10266615,10.94026745,CANDIDATE,0.10592672,0.11412093788385391,0.09773250669240952,0.016388431
10858832,5.263415218,CANDIDATE,0.07018444,0.07737666368484497,0.06299221515655518,0.014384456
10454313,4.221626193,CANDIDATE,0.099847116,0.11448225378990173,0.08521197736263275,0.029270276
10990886,11.023474798,CANDIDATE,0.11449543,0.12786969542503357,0.10112116485834122,0.026748523
10600955,65.6480892,CANDIDATE,0.050756,0.09433778375387192,0.007174216210842133,0.08716357
11460462,5.03728033,CANDIDATE,0.18517129,0.18904781341552734,0.1812947690486908,0.0077530444
11497977,4.79860021,CANDIDATE,0.16479704,0.20533034205436707,0.12426372617483139,0.08106662
11283615,1.289590179,CANDIDATE,0.15313365,0.17102359235286713,0.13524369895458221,0.035779886
10353968,9.07098164,CANDIDATE,0.11924176,0.13857008516788483,0.09991343319416046,0.038656652
11348997,5.132486123,CANDIDATE,0.13745712,0.1415386199951172,0.1333756148815155,0.00816302
10353968,9.07098164,CANDIDATE,0.12550402,0.16167913377285004,0.08932889997959137,0.072350234
11244137,2.03387483,CANDIDATE,0.19335541,0.2637922763824463,0.12291853129863739,0.14087376
10057494,2.41810158,CANDIDATE,0.11534274,0.12026813626289368,0.11041735112667084,0.009850778
11551692,7.834433676,CANDIDATE,0.059395052,0.07663334906101227,0.04215675964951515,0.034476586
11403530,3.61460332,CANDIDATE,0.1762837,0.25234007835388184,0.10022733360528946,0.15211274
11046458,3.311864148,CANDIDATE,0.07723295,0.13280871510505676,0.021657191216945648,0.11115152
10471515,3.7847507,CANDIDATE,0.12957229,0.15447506308555603,0.10466951131820679,0.049805544
11046458,3.311864148,CANDIDATE,0.047433294,0.06412600725889206,0.030740581452846527,0.033385426
10963065,2.465024332,CANDIDATE,0.08931388,0.10494019091129303,0.07368756830692291,0.031252623
10857519,2.053341891,CANDIDATE,0.06283238,0.07085305452346802,0.05481170117855072,0.016041353
10266615,10.94026745,CANDIDATE,0.12164412,0.13643404841423035,0.10685417801141739,0.029579878
10682541,4.99677968,CANDIDATE,0.06927816,0.09977743774652481,0.0387788787484169,0.060998563
10454313,4.221626193,CANDIDATE,0.18616295,0.21210616827011108,0.1602197289466858,0.051886447
10653179,47.1607932,CANDIDATE,0.0783467,0.08014507591724396,0.07654832303524017,0.0035967603
10426656,6.05729966,CANDIDATE,0.2833969,0.353821337223053,0.21297244727611542,0.1408489
10426656,6.05729966,CANDIDATE,0.35359976,0.4458840489387512,0.2613154649734497,0.18456858
10397751,3.4462125,CANDIDATE,0.19418181,0.2405567616224289,0.14780686795711517,0.092749886
10599206,18.42794957,CANDIDATE,0.13002436,0.14971278607845306,0.11033593118190765,0.039376855
10019065,52.6298542,CANDIDATE,0.14767288,0.17440959811210632,0.12093615531921387,0.053473443
10468885,0.664074145,CANDIDATE,0.08791688,0.12685777246952057,0.04897598549723625,0.07788179
10881457,84.704139,CANDIDATE,0.2120491,0.26040565967559814,0.16369253396987915,0.09671313
10489206,4.164384505,CANDIDATE,0.071559906,0.07778866589069366,0.06533114612102509,0.012457512
11086270,12.69104387,CANDIDATE,0.2065194,0.25234466791152954,0.16069412231445312,0.091650546
10600261,52.8148051,CANDIDATE,0.14070351,0.15219929814338684,0.12920773029327393,0.022991575
11075429,23.9210408,CANDIDATE,0.20202747,0.22407442331314087,0.17998051643371582,0.044093892
10464050,4.469754641,CANDIDATE,0.06508693,0.07205100357532501,0.05812285840511322,0.013928145
11624249,1.82708193,CANDIDATE,0.12827648,0.1297713667154312,0.12678159773349762,0.0029897615
10526549,9.27358173,CANDIDATE,0.14065357,0.18324163556098938,0.09806548804044724,0.085176155
10526549,9.27358173,CANDIDATE,0.094653286,0.10261572897434235,0.08669084310531616,0.015924878
10285631,18.68405716,CANDIDATE,0.11388903,0.1398332715034485,0.08794479072093964,0.05188848
10987985,16.01308419,CANDIDATE,0.06204636,0.07526172697544098,0.048830993473529816,0.026430734
10905239,3.487688776,CANDIDATE,0.120203525,0.1440081000328064,0.09639894962310791,0.047609158
10586004,15.79196594,CANDIDATE,0.26467347,0.294158399105072,0.2351885437965393,0.058969855
10717241,12.37646897,CANDIDATE,0.14604978,0.15175887942314148,0.1403406858444214,0.011418201
11360805,26.7838935,CANDIDATE,0.15088585,0.17126336693763733,0.13050833344459534,0.040755033
10000941,2.5738437,CANDIDATE,0.038835153,0.06711047887802124,0.010559827089309692,0.05655065
11126381,33.7888028,CANDIDATE,0.06909593,0.09228584170341492,0.04590602591633797,0.046379812
10797460,9.48803557,CANDIDATE,0.16667436,0.1833721399307251,0.14997658133506775,0.033395573
11129738,2.613020421,CANDIDATE,0.15174432,0.1793363094329834,0.12415233254432678,0.055183977
11125613,9.99115241,CANDIDATE,0.13085766,0.15818344056606293,0.10353188216686249,0.05465155
11391018,30.360445359,CANDIDATE,0.08515298,0.09796346724033356,0.07234250009059906,0.025620975
11127479,2.12821621,CANDIDATE,0.10480688,0.1291179209947586,0.08049583435058594,0.048622094
10587105,1.980356674,CANDIDATE,0.2182867,0.23669221997261047,0.1998811662197113,0.03681104
10360722,163.692336,CANDIDATE,0.30069637,0.40162393450737,0.1997688114643097,0.20185511
11032227,7.19304935,CANDIDATE,0.24078313,0.34881630539894104,0.13274994492530823,0.21606638
11614617,24.7577652,CANDIDATE,0.049981635,0.050278082489967346,0.04968518763780594,0.00059289485
11129258,25.384175,CANDIDATE,0.10365845,0.10818414390087128,0.09913276135921478,0.00905139
10662202,21.67699193,CANDIDATE,0.111239955,0.12478973716497421,0.0976901724934578,0.027099565
11568987,15.95995611,CANDIDATE,0.09058207,0.09678485244512558,0.08437929302453995,0.012405559
10549023,14.36270451,CANDIDATE,0.28830847,0.3455536663532257,0.23106327652931213,0.114490375
10337258,13.28536452,CANDIDATE,0.06513819,0.07771705836057663,0.052559323608875275,0.025157735
10290666,5.45849914,CANDIDATE,0.13213179,0.18648579716682434,0.07777777314186096,0.10870802
10843590,18.87022157,CANDIDATE,0.2099663,0.23355808854103088,0.1863745152950287,0.04718359
10337258,13.28536452,CANDIDATE,0.071373135,0.07751943171024323,0.06522683799266815,0.012292601
11135308,1.877878538,CANDIDATE,0.27056876,0.3741709291934967,0.16696658730506897,0.20720433
10982872,4.761705895,CANDIDATE,0.11695079,0.12214373052120209,0.11175784468650818,0.010385878
11244682,3.490785878,CANDIDATE,0.025447518,0.057601217180490494,0.0,0.0643074
11074541,29.88487723,CANDIDATE,0.10342869,0.1127815991640091,0.09407578408718109,0.018705808
11547505,0.938466959,CANDIDATE,0.25724852,0.34041810035705566,0.17407895624637604,0.16633913
10723367,19.9865916,CANDIDATE,0.15904844,0.19815276563167572,0.11994411051273346,0.078208655
10059645,6.49441464,CANDIDATE,0.09894538,0.1377246081829071,0.060166146606206894,0.077558465
11032227,7.19304935,CANDIDATE,0.37602577,0.49080637097358704,0.26124516129493713,0.22956121
11413812,5.65378163,CANDIDATE,0.25286743,0.37176206707954407,0.13397279381752014,0.23778927
10978763,4.97760447,CANDIDATE,0.07968338,0.08937788009643555,0.06998887658119202,0.019389011
10190777,1.411230023,CANDIDATE,0.10191433,0.10650715231895447,0.0973215103149414,0.009185649
11455181,10.9294815,CANDIDATE,0.2380162,0.30707570910453796,0.1689566969871521,0.13811903
11656246,18.11473813,CANDIDATE,0.20136455,0.22142305970191956,0.18130603432655334,0.040117025
10795103,214.3120439,CANDIDATE,0.03842349,0.04757947474718094,0.029267502948641777,0.018311974
10795103,214.3120439,CANDIDATE,0.10379426,0.13659751415252686,0.07099100947380066,0.06560651
11455181,10.9294815,CANDIDATE,0.09843163,0.11507590115070343,0.0817873626947403,0.03328854
10004738,56.4758069,CANDIDATE,0.09984822,0.11121208965778351,0.08848434686660767,0.022727743
11254382,2.05388477,CANDIDATE,0.23385096,0.25315356254577637,0.21454834938049316,0.038605228
10880507,6.4802138,CANDIDATE,0.2524654,0.30232638120651245,0.20260442793369293,0.09972194
11348997,5.132486123,CANDIDATE,0.12319228,0.1541912853717804,0.09219327569007874,0.061998002
10600955,65.6480892,CANDIDATE,0.19526644,0.22084783017635345,0.16968505084514618,0.051162772
10526887,1.450889836,CANDIDATE,0.32362357,0.43917128443717957,0.2080758512020111,0.23109543
10656823,8.30783912,CANDIDATE,0.05396774,0.08909697830677032,0.01883850246667862,0.070258476
11460462,5.03728033,CANDIDATE,0.14614423,0.16046690940856934,0.13182154297828674,0.028645374
10730703,5.60013327,CANDIDATE,0.19234928,0.22146424651145935,0.16323432326316833,0.058229916
11497977,4.79860021,CANDIDATE,0.20155743,0.281891405582428,0.12122346460819244,0.16066793
10132832,16.07673148,CANDIDATE,0.22498102,0.26866915822029114,0.18129289150238037,0.08737626
10963242,6.1469956,CANDIDATE,0.37241602,0.49377089738845825,0.2510611414909363,0.24270976
11283615,1.289590179,CANDIDATE,0.15261704,0.15666989982128143,0.1485641747713089,0.008105718
11303322,38.1303324,CANDIDATE,0.13485438,0.13618311285972595,0.13352563977241516,0.0026574805
11244137,2.03387483,CANDIDATE,0.19721566,0.2554103136062622,0.13902102410793304,0.116389275
10990886,11.023474798,CANDIDATE,0.05638567,0.07381130754947662,0.038960035890340805,0.034851268
10388286,1.682695938,CANDIDATE,0.091358036,0.11623741686344147,0.0664786547422409,0.049758755
11517719,2.495780169,CANDIDATE,0.021946974,0.056307919323444366,0.0,0.06872189
11389771,2.508553286,CANDIDATE,0.13152589,0.13215118646621704,0.13090059161186218,0.0012505874
10214162,17.42393582,CANDIDATE,0.2556053,0.32865720987319946,0.18255339562892914,0.14610383
11460018,4.280963604,CANDIDATE,0.24382079,0.3373144865036011,0.15032708644866943,0.18698741
10471515,3.7847507,CANDIDATE,0.18856463,0.21043121814727783,0.16669803857803345,0.043733172
10854555,2.525591777,CANDIDATE,0.08865667,0.11436362564563751,0.06294971704483032,0.0514139
10842192,9.33648141,CANDIDATE,0.119057864,0.12461452186107635,0.11350120604038239,0.011113308
11348997,5.132486123,CANDIDATE,0.13354248,0.14930200576782227,0.11778295040130615,0.031519055
10004738,56.4758069,CANDIDATE,0.15319364,0.17036943137645721,0.136017844080925,0.034351595
10963065,2.465024332,CANDIDATE,0.13092594,0.1414048969745636,0.12044697999954224,0.020957924
10080248,14.8783945,CANDIDATE,0.14398882,0.16359084844589233,0.12438678741455078,0.03920406
11410904,3.53232429,CANDIDATE,0.055997185,0.10457009077072144,0.007424280047416687,0.09714581
11551692,7.834433676,CANDIDATE,0.07723313,0.09958317875862122,0.05488307774066925,0.0447001
10973664,5.40426917,CANDIDATE,0.02676295,0.07867655158042908,0.0,0.10382721
11304958,41.43958662,CANDIDATE,0.06158838,0.0924384742975235,0.030738282948732376,0.061700195
11508644,14.2563272,CANDIDATE,0.13947332,0.20408837497234344,0.07485826313495636,0.12923011
10353968,9.07098164,CANDIDATE,0.057906695,0.07697897404432297,0.03883441537618637,0.038144555
10730034,2.633852528,CANDIDATE,0.107840374,0.13019457459449768,0.08548617362976074,0.044708394
10264660,6.790120801,CANDIDATE,0.068274885,0.10578085482120514,0.03076891228556633,0.075011946
10340423,18.79418506,CANDIDATE,0.13235562,0.1660342961549759,0.09867693483829498,0.067357354
11622600,82.5341188,CANDIDATE,0.14137536,0.14350886642932892,0.13924185931682587,0.004267007
10454313,4.221626193,CANDIDATE,0.29694647,0.3850209414958954,0.208871990442276,0.17614895
10028535,0.663085361,CANDIDATE,0.056091808,0.08888478577136993,0.023298829793930054,0.065585956
11493431,2.343230566,CANDIDATE,0.18687314,0.1999824047088623,0.17376387119293213,0.026218519
10266615,10.94026745,CANDIDATE,0.116795816,0.12688378989696503,0.10670784115791321,0.020175956
11046458,3.311864148,CANDIDATE,0.08981955,0.10283258557319641,0.07680651545524597,0.026026078
10858832,5.263415218,CANDIDATE,0.10753667,0.12450067698955536,0.09057267010211945,0.033928
11288051,13.82142084,CANDIDATE,0.09984194,0.11946570873260498,0.08021816611289978,0.039247535
10471515,3.7847507,CANDIDATE,0.06075898,0.08076412230730057,0.040753841400146484,0.04001028
11460018,4.280963604,CANDIDATE,0.4409948,0.4952141344547272,0.3867754638195038,0.108438656
10057494,2.41810158,CANDIDATE,0.09953958,0.10438162088394165,0.09469753503799438,0.009684078
11295426,5.398752862,CANDIDATE,0.12887786,0.13625413179397583,0.12150159478187561,0.01475253
10285631,18.68405716,CANDIDATE,0.09260749,0.0957949087023735,0.08942007273435593,0.006374836
10360722,163.692336,CANDIDATE,0.2663738,0.3623536229133606,0.17039400339126587,0.19195962
11651712,14.53260546,CANDIDATE,0.17681578,0.18593156337738037,0.16769999265670776,0.01823157
10965588,62.8917493,CANDIDATE,0.12235574,0.1239064633846283,0.12080501019954681,0.0031014606
10657406,34.1732156,CANDIDATE,0.0545441,0.08016500622034073,0.028923191130161285,0.051241815
10166274,3.353732008,CANDIDATE,0.1264162,0.14545120298862457,0.10738120973110199,0.038069986
11187436,5.90741476,CANDIDATE,0.030946901,0.08194756507873535,0.0,0.102001324
10797460,9.48803557,CANDIDATE,0.16847628,0.19768822193145752,0.13926434516906738,0.058423877
11337566,7.12815163,CANDIDATE,0.096373156,0.14264839887619019,0.05009791627526283,0.09255048
10386922,26.62941953,CANDIDATE,0.14400679,0.18881630897521973,0.09919726848602295,0.08961904
11360805,26.7838935,CANDIDATE,0.098343074,0.11036043614149094,0.08632571250200272,0.024034724
11611275,6.94245216,CANDIDATE,0.16744973,0.2259415090084076,0.10895794630050659,0.11698357
10468885,0.664074145,CANDIDATE,0.1270635,0.17662577331066132,0.07750122249126434,0.09912454
10328393,7.62635494,CANDIDATE,0.08266392,0.08924715220928192,0.07608069479465485,0.013166457
10024701,14.37504582,CANDIDATE,0.060861483,0.08865383267402649,0.03306913003325462,0.055584706
10577994,8.1808949,CANDIDATE,0.14556687,0.18988271057605743,0.101251021027565,0.08863169
10464050,4.469754641,CANDIDATE,0.084036775,0.0976383164525032,0.07043523341417313,0.027203083
11502867,3.217518511,CANDIDATE,0.09512538,0.13312706351280212,0.05712369829416275,0.07600336
10489206,4.164384505,CANDIDATE,0.07411795,0.07582326978445053,0.0724126324057579,0.0034106374
11074178,14.30517579,CANDIDATE,0.11230719,0.1334257274866104,0.09118865430355072,0.042237073
11244682,3.490785878,CANDIDATE,0.060995903,0.07482688128948212,0.047164928168058395,0.02766195
11135308,1.877878538,CANDIDATE,0.09576311,0.12010226398706436,0.0714239552617073,0.04867831
10982872,4.761705895,CANDIDATE,0.16744566,0.17402887344360352,0.16086244583129883,0.013166428
10934674,16.54295261,CANDIDATE,0.10341234,0.11429405212402344,0.09253062307834625,0.021763436
10713616,83.5781976,CANDIDATE,0.072130024,0.1085720956325531,0.03568795323371887,0.07288414
10006581,40.1097817,CANDIDATE,0.12803927,0.14487630128860474,0.11120224744081497,0.033674046
11413812,5.65378163,CANDIDATE,0.14670964,0.17445188760757446,0.11896738409996033,0.055484496
11259686,34.4359387,CANDIDATE,0.10368245,0.10906398296356201,0.09830091893672943,0.010763064
11187436,5.90741476,CANDIDATE,0.10085918,0.11986612528562546,0.08185223489999771,0.03801389
11125797,58.1263775,CANDIDATE,0.057393905,0.06560484319925308,0.049182966351509094,0.016421877
10593626,289.864067,CANDIDATE,0.15248969,0.19530487060546875,0.10967452079057693,0.08563034
10019708,3.268695042,CANDIDATE,0.03445613,0.045872632414102554,0.023039627820253372,0.022833005
10019708,3.268695042,CANDIDATE,0.11789928,0.15263262391090393,0.08316592872142792,0.0694667
10813132,4.76702759,CANDIDATE,0.13266219,0.16364799439907074,0.10167638957500458,0.061971597
11187837,17.60461401,CANDIDATE,0.14615336,0.18585708737373352,0.10644962638616562,0.07940747
11187837,17.60461401,CANDIDATE,0.12478592,0.148961141705513,0.10061070322990417,0.048350446
11614617,24.7577652,CANDIDATE,0.20638224,0.2724611759185791,0.14030331373214722,0.13215786
11336883,7.16893064,CANDIDATE,0.13851337,0.17028746008872986,0.10673928260803223,0.063548185
10213902,59.6222627,CANDIDATE,0.2470623,0.3684435486793518,0.1256810575723648,0.24276248
10290666,5.45849914,CANDIDATE,0.22117816,0.28000563383102417,0.16235069930553436,0.11765493
10670119,14.87149773,CANDIDATE,0.07456046,0.08106140792369843,0.0680595189332962,0.013001882
11568987,15.95995611,CANDIDATE,0.09741637,0.10499514639377594,0.08983759582042694,0.015157558
10004519,9.80321143,CANDIDATE,0.23343691,0.2511478662490845,0.21572594344615936,0.035421938
11601584,51.8098276,CANDIDATE,0.15954177,0.16784954071044922,0.1512340009212494,0.016615525
11359879,4.942783419,CANDIDATE,0.09711396,0.11027345061302185,0.08395446836948395,0.02631899
10154388,12.06222962,CANDIDATE,0.09037856,0.10992814600467682,0.07082897424697876,0.03909917
11359879,4.942783419,CANDIDATE,0.054560073,0.09886189550161362,0.010258249938488007,0.088603646
11517719,2.495780169,CANDIDATE,0.021141132,0.06546513736248016,0.0,0.08864801
11014932,6.88595222,CANDIDATE,0.17178185,0.19425958395004272,0.1493041217327118,0.04495547
11403530,3.61460332,CANDIDATE,0.2449345,0.3137049376964569,0.17616406083106995,0.13754088
11080405,25.1933989,CANDIDATE,0.14233893,0.1626894176006317,0.121988445520401,0.040700965
10019643,21.34736612,CANDIDATE,0.15132079,0.15135249495506287,0.15128907561302185,6.341934e-05
10187017,16.145671932,CANDIDATE,0.09137947,0.11092595756053925,0.07183298468589783,0.039092973
10875245,4.90144976,CANDIDATE,0.10954173,0.11300595104694366,0.10607750713825226,0.006928444
10722485,7.84931877,CANDIDATE,0.3187627,0.4070587158203125,0.23046666383743286,0.17659207
10875245,4.90144976,CANDIDATE,0.05636975,0.0654483288526535,0.04729117825627327,0.018157147
11254382,2.05388477,CANDIDATE,0.12758851,0.1320790946483612,0.12309793382883072,0.008981153
11360571,77.2550726,CANDIDATE,0.11303177,0.13480812311172485,0.09125541150569916,0.04355272
10024051,0.577369336,CANDIDATE,0.11162833,0.1540842056274414,0.0691724568605423,0.084911756
10793172,12.0999065,CANDIDATE,0.3434151,0.5023645162582397,0.18446573615074158,0.31789875
10905746,9.8786461,CANDIDATE,0.05812232,0.11047083139419556,0.005773808807134628,0.10469702
11100383,12.92489803,CANDIDATE,0.04426075,0.0862715095281601,0.0022499971091747284,0.08402151
10020423,7.448375935,FALSE_POSITIVE,0.008774582,0.06714294850826263,0.0,0.11673674
11303322,38.1303324,CANDIDATE,0.23479861,0.2453719675540924,0.224225252866745,0.0211467
10730703,5.60013327,CANDIDATE,0.2492328,0.3339742124080658,0.16449138522148132,0.16948283
10132832,16.07673148,CANDIDATE,0.14884464,0.18280074000358582,0.11488854885101318,0.0679122
11623629,81.737872,CANDIDATE,0.20556246,0.2340763807296753,0.17704853415489197,0.05702786
10266615,10.94026745,CANDIDATE,0.12676826,0.14635565876960754,0.10718086361885071,0.039174795
11090556,2.7881793,CANDIDATE,0.15120651,0.17291033267974854,0.12950268387794495,0.043407634
10864531,83.4887405,CANDIDATE,0.11730725,0.11783474683761597,0.11677975952625275,0.0010549799
10454313,4.221626193,CANDIDATE,0.26053274,0.3171460032463074,0.20391948521137238,0.11322651
10682541,4.99677968,CANDIDATE,0.0814061,0.08412837982177734,0.07868382334709167,0.005444564
10748390,4.887803076,CANDIDATE,0.06628779,0.09329254180192947,0.03928304463624954,0.054009493
11075737,2.586639524,CANDIDATE,0.15007383,0.17025533318519592,0.12989231944084167,0.040363
10340423,18.79418506,CANDIDATE,0.087011024,0.0905374139547348,0.08348463475704193,0.0070527717
11650401,3.94660745,CANDIDATE,0.29589885,0.38995975255966187,0.201837956905365,0.1881218
11565924,13.32191461,CANDIDATE,0.16962004,0.21052435040473938,0.12871572375297546,0.08180862
10057494,2.41810158,CANDIDATE,0.12060284,0.14112995564937592,0.10007572174072266,0.041054234
11153121,14.97031664,CANDIDATE,0.12267048,0.16249492764472961,0.08284603804349899,0.07964888
11612280,9.4061364,CANDIDATE,0.17128374,0.18669730424880981,0.15587016940116882,0.03082715
11403530,3.61460332,CANDIDATE,0.30872065,0.35729721188545227,0.26014408469200134,0.09715314
11560897,35.9682692,CANDIDATE,0.16428195,0.21147622168064117,0.11708767712116241,0.09438855
10332883,1.151166776,CANDIDATE,0.07375003,0.11575857549905777,0.03174147754907608,0.0840171
11361646,7.97420583,CANDIDATE,0.06316327,0.07611998915672302,0.050206560641527176,0.025913425
11360571,77.2550726,CANDIDATE,0.1367321,0.14880415797233582,0.12466004490852356,0.024144113
11499192,4.13592927,CANDIDATE,0.14940633,0.24563929438591003,0.053173355758190155,0.19246595
11043167,44.9306706,CANDIDATE,0.18190901,0.20079538226127625,0.16302263736724854,0.037772737
10842192,9.33648141,CANDIDATE,0.056540966,0.07434208691120148,0.03873984515666962,0.035602238
10744335,4.59726613,CANDIDATE,0.26257062,0.35542914271354675,0.169712096452713,0.18571705
11074835,6.03355539,CANDIDATE,0.25839812,0.3103054165840149,0.20649081468582153,0.1038146
10453588,68.8861017,CANDIDATE,0.25700215,0.26079440116882324,0.2532098889350891,0.007584542
11509504,2.61576515,CANDIDATE,0.1897642,0.26374897360801697,0.11577942967414856,0.14796954
11177676,47.0320478,CANDIDATE,0.16351527,0.1852060854434967,0.14182445406913757,0.04338163
10686864,2.97041801,CANDIDATE,0.17486121,0.2035244256258011,0.14619798958301544,0.057326443
10686864,2.97041801,CANDIDATE,0.14906546,0.15912535786628723,0.13900557160377502,0.020119786
10908248,39.859505,CANDIDATE,0.26156294,0.3585049510002136,0.16462095081806183,0.19388399
11133306,41.74598855,CANDIDATE,0.14518857,0.15250888466835022,0.1378682553768158,0.014640614
11410904,3.53232429,CANDIDATE,0.08527357,0.11016514897346497,0.06038198992609978,0.049783163
10358759,10.3392408,CANDIDATE,0.0784626,0.09225209802389145,0.06467310339212418,0.027578995
10600955,65.6480892,CANDIDATE,0.24102135,0.30715835094451904,0.1748843640089035,0.13227397
10526887,1.450889836,CANDIDATE,0.31398776,0.4822792410850525,0.1456962674856186,0.336583
10006581,40.1097817,CANDIDATE,0.25602916,0.3559108078479767,0.15614750981330872,0.19976331
11342416,25.3690868,CANDIDATE,0.31883234,0.38900768756866455,0.2486569881439209,0.1403507
11250587,7.256962446,CANDIDATE,0.12372653,0.1530504822731018,0.09440258890390396,0.058647886
11460462,5.03728033,CANDIDATE,0.19538417,0.19649139046669006,0.19427695870399475,0.0022144169
11497977,4.79860021,CANDIDATE,0.16652672,0.18557238578796387,0.1474810540676117,0.038091317
11283615,1.289590179,CANDIDATE,0.12822703,0.1746196299791336,0.08183442056179047,0.09278522
10460984,10.94577783,CANDIDATE,0.19119982,0.22226545214653015,0.1601341962814331,0.062131256
11547513,5.317440164,CANDIDATE,0.13486572,0.14016661047935486,0.1295648217201233,0.010601789
11244137,2.03387483,CANDIDATE,0.3818191,0.5309424996376038,0.23269569873809814,0.2982468
10549023,14.36270451,CANDIDATE,0.1572202,0.20735704898834229,0.10708334296941757,0.10027371
10585738,0.636424848,CANDIDATE,0.15502675,0.16862058639526367,0.14143291115760803,0.02718766
11600889,0.669310092,CANDIDATE,0.1286491,0.14663249254226685,0.1106657087802887,0.03596679
10854555,2.525591777,CANDIDATE,0.15788297,0.1815449297428131,0.13422101736068726,0.047323897
10730070,7.61758198,CANDIDATE,0.1105842,0.11999615281820297,0.10117224603891373,0.018823907
10545066,19.7830259,CANDIDATE,0.19850273,0.2200206220149994,0.17698484659194946,0.043035775
10063802,120.0183551,CANDIDATE,0.12426382,0.1271202564239502,0.1214073970913887,0.005712852
10360722,163.692336,CANDIDATE,0.33745673,0.3514863848686218,0.32342708110809326,0.028059274
10329469,55.8224775,CANDIDATE,0.18814649,0.21535512804985046,0.1609378457069397,0.054417275
10285631,18.68405716,CANDIDATE,0.14384568,0.16767510771751404,0.12001625448465347,0.047658846
11611600,1.219568047,CANDIDATE,0.19671021,0.24011966586112976,0.15330076217651367,0.0868189
10264660,6.790120801,CANDIDATE,0.025843333,0.048635128885507584,0.0030515380203723907,0.04558359
10730034,2.633852528,CANDIDATE,0.12062874,0.1337963193655014,0.10746115446090698,0.026335157
10873260,5.852968845,CANDIDATE,0.13915534,0.1665060669183731,0.11180461943149567,0.054701447
10973664,5.40426917,CANDIDATE,0.021427196,0.07251414656639099,0.0,0.102173895
11019987,6.9131732,CANDIDATE,0.19102311,0.1918521374464035,0.19019408524036407,0.0016580522
11027624,394.6249514,CANDIDATE,0.23671778,0.23703929781913757,0.23639625310897827,0.0006430298
11622600,82.5341188,CANDIDATE,0.13600601,0.15965574979782104,0.1123562753200531,0.047299482
10489206,4.164384505,CANDIDATE,0.105564475,0.11228956282138824,0.09883938729763031,0.0134501755
11356260,8.50698069,CANDIDATE,0.0499279,0.05753098428249359,0.042324818670749664,0.015206166
11444514,66.373298,CANDIDATE,0.11011937,0.13680970668792725,0.08342903852462769,0.053380676
11518142,240.7990472,CANDIDATE,0.18256536,0.20914463698863983,0.15598608553409576,0.05315856
10022908,6.99130452,CANDIDATE,0.10790081,0.11536388099193573,0.10043774545192719,0.014926143
10024701,14.37504582,CANDIDATE,0.045939825,0.058535538613796234,0.03334411233663559,0.025191423
10404582,37.8658964,CANDIDATE,0.16767932,0.19517506659030914,0.14018358290195465,0.05499149
10858691,1.796320953,CANDIDATE,0.010600448,0.03940556198358536,0.0,0.05761023
10265898,1.260258822,CANDIDATE,0.15591854,0.17888477444648743,0.13295230269432068,0.04593248
10028535,0.663085361,CANDIDATE,0.013267412,0.054160166531801224,0.0,0.08178551
11415243,168.81133,CANDIDATE,0.071388684,0.08456066250801086,0.058216702193021774,0.026343964
11018648,32.62876672,CANDIDATE,0.20255741,0.2903948128223419,0.11472001671791077,0.1756748
11177707,124.4197175,CANDIDATE,0.20251763,0.2505217492580414,0.15451350808143616,0.09600823
10864656,52.5008645,CANDIDATE,0.15815145,0.19326628744602203,0.12303660809993744,0.07022969
10864656,52.5008645,CANDIDATE,0.19095396,0.22914274036884308,0.1527651697397232,0.07637757
10879038,4.8538404,CANDIDATE,0.22008348,0.2497067004442215,0.19046024978160858,0.05924645
10879038,4.8538404,CANDIDATE,0.1363199,0.15987291932106018,0.11276689171791077,0.047106028
11410904,3.53232429,CANDIDATE,0.099967495,0.11769911646842957,0.08223587274551392,0.035463244
10271806,5.924993927,CANDIDATE,0.16543743,0.1942274123430252,0.13664744794368744,0.057579964
11401755,16.23191704,CANDIDATE,0.098617464,0.16138479113578796,0.03585013002157211,0.12553467
10189546,24.61480613,CANDIDATE,0.16566403,0.19303682446479797,0.13829123973846436,0.054745577
10063208,9.3281912,CANDIDATE,0.08250325,0.10649485886096954,0.0585116408765316,0.04798322
10709622,51.3283527,CANDIDATE,0.06687419,0.07138203084468842,0.06236635521054268,0.009015672
10617017,13.15140223,CANDIDATE,0.12193009,0.14915473759174347,0.09470544755458832,0.054449283
10525027,3.27344784,CANDIDATE,0.059441585,0.0721994936466217,0.046683672815561295,0.025515825
11498128,106.247882,CANDIDATE,0.17955615,0.25217896699905396,0.1069333404302597,0.14524561
10525027,3.27344784,CANDIDATE,0.041522685,0.06903386861085892,0.014011504128575325,0.055022363
10593535,20.9254083,CANDIDATE,0.13108669,0.16042353212833405,0.10174985229969025,0.05867368
11461844,13.6823798,CANDIDATE,0.20481427,0.22752255201339722,0.18210598826408386,0.045416564
11073351,2.820190603,CANDIDATE,0.15578438,0.21462012827396393,0.09694863855838776,0.1176715
11125613,9.99115241,CANDIDATE,0.11454472,0.12279338389635086,0.10629605501890182,0.016497329
10027247,86.829519,CANDIDATE,0.13858072,0.14404073357582092,0.13312071561813354,0.0109200105
10468940,2.936527336,CANDIDATE,0.16209885,0.17414036393165588,0.1500573456287384,0.024083026
10388286,1.682695938,CANDIDATE,0.041213933,0.05872344225645065,0.023704424500465393,0.035019018
11517719,2.495780169,CANDIDATE,0.034572724,0.09442569315433502,0.0,0.11970594
10528068,158.6850022,CANDIDATE,0.17085761,0.21407325565814972,0.127641960978508,0.086431295
10528068,158.6850022,CANDIDATE,0.27442473,0.3655528724193573,0.1832965910434723,0.18225628
10154388,12.06222962,CANDIDATE,0.07939244,0.10000130534172058,0.05878357216715813,0.041217737
10132832,16.07673148,CANDIDATE,0.2659798,0.3187270164489746,0.21323256194591522,0.10549447
10271806,5.924993927,CANDIDATE,0.13286959,0.13447780907154083,0.13126136362552643,0.003216438
10730703,5.60013327,CANDIDATE,0.13609383,0.16179417073726654,0.1103934794664383,0.0514007
10663396,23.8990075,CANDIDATE,0.14638539,0.19820237159729004,0.0945684015750885,0.10363398
10684670,3.78861833,CANDIDATE,0.2057123,0.23969262838363647,0.17173197865486145,0.06796066
10684670,3.78861833,CANDIDATE,0.13571468,0.17763669788837433,0.09379266202449799,0.083844036
11402995,10.06083238,CANDIDATE,0.18002476,0.20688559114933014,0.15316392481327057,0.053721666
11656721,13.64617478,CANDIDATE,0.1994789,0.25174009799957275,0.14721769094467163,0.10452242
10190777,1.411230023,CANDIDATE,0.07538097,0.13193222880363464,0.018829725682735443,0.113102496
11401767,20.0545282,CANDIDATE,0.052645832,0.07047933340072632,0.034812334924936295,0.035666995
10549023,14.36270451,CANDIDATE,0.11309062,0.14049620926380157,0.08568502962589264,0.05481118
10666592,2.204735417,CANDIDATE,0.057960197,0.06986992061138153,0.046050477772951126,0.02381944
11014932,6.88595222,CANDIDATE,0.13045104,0.13729357719421387,0.12360849976539612,0.013685085
10141900,6.50327035,CANDIDATE,0.17409249,0.18508291244506836,0.16310206055641174,0.021980867
11568987,15.95995611,CANDIDATE,0.101025075,0.12218532711267471,0.07986482232809067,0.042320505
10005758,134.4785189,CANDIDATE,0.15268655,0.17192837595939636,0.13344472646713257,0.038483657
11100383,12.92489803,CANDIDATE,0.105017506,0.12337423861026764,0.08666077256202698,0.036713466
11614617,24.7577652,CANDIDATE,0.14487083,0.1499643176794052,0.13977734744548798,0.01018697
10187017,16.145671932,CANDIDATE,0.07335818,0.108118936419487,0.03859742358326912,0.06952151
11413812,5.65378163,CANDIDATE,0.14116412,0.17645666003227234,0.10587158799171448,0.070585065
11342416,25.3690868,CANDIDATE,0.14302692,0.18553367257118225,0.10052015632390976,0.08501352
10070468,1.68189051,CANDIDATE,0.0826698,0.10330706834793091,0.062032535672187805,0.041274533
11037818,259.34304,CANDIDATE,0.40136304,0.5169477462768555,0.28577834367752075,0.23116939
10006581,40.1097817,CANDIDATE,0.094263196,0.10299044102430344,0.08553595095872879,0.01745449
10358759,10.3392408,CANDIDATE,0.24754874,0.3266124129295349,0.16848506033420563,0.15812737
10027323,5.92365747,CANDIDATE,0.108827434,0.12324446439743042,0.09441040456295013,0.02883406
11135308,1.877878538,CANDIDATE,0.20983772,0.278595894575119,0.14107954502105713,0.13751636
11244682,3.490785878,CANDIDATE,0.078086756,0.09574418514966965,0.06042932718992233,0.035314858
11621223,4.903321801,CANDIDATE,0.2079037,0.230890154838562,0.18491724133491516,0.04597293
10460984,10.94577783,CANDIDATE,0.12947196,0.14666439592838287,0.11227951943874359,0.034384884
10583761,2.685054445,CANDIDATE,0.111013494,0.11672790348529816,0.10529908537864685,0.011428811
10130039,12.75800092,CANDIDATE,0.08065724,0.09399443864822388,0.06732003390789032,0.026674405
11401182,0.927859786,CANDIDATE,0.17133324,0.18834692239761353,0.15431955456733704,0.03402736
11623629,81.737872,CANDIDATE,0.10793088,0.1343269646167755,0.08153478056192398,0.05279219
11356260,8.50698069,CANDIDATE,0.1454537,0.19723163545131683,0.09367577731609344,0.10355585
10619192,1.485710994,CANDIDATE,0.060140464,0.09093926101922989,0.029341669753193855,0.06159759
11401767,20.0545282,CANDIDATE,0.16649853,0.19908994436264038,0.13390710949897766,0.06518285
10717220,21.0907909,CANDIDATE,0.08642662,0.09604419022798538,0.07680905610322952,0.019235134
10187159,7.96431492,CANDIDATE,0.068648994,0.08917795121669769,0.04812003672122955,0.041057914
10453588,68.8861017,CANDIDATE,0.13657452,0.14671921730041504,0.12642982602119446,0.020289391
10005758,134.4785189,CANDIDATE,0.01582027,0.054900772869586945,0.0,0.07816101
10024701,14.37504582,CANDIDATE,0.052824136,0.06268667429685593,0.04296159744262695,0.019725077
11565924,13.32191461,CANDIDATE,0.11814332,0.1367257833480835,0.09956085681915283,0.03716492
10964440,19.12947603,CANDIDATE,0.18260363,0.22352901101112366,0.14167824387550354,0.08185075
11133306,41.74598855,CANDIDATE,0.08372981,0.10174275934696198,0.06571686267852783,0.036025897
11560897,35.9682692,CANDIDATE,0.12898698,0.14902441203594208,0.10894955694675446,0.040074863
10984090,3.709214104,CANDIDATE,0.16115072,0.19027724862098694,0.13202419877052307,0.058253057
10329469,55.8224775,CANDIDATE,0.14941032,0.1812971979379654,0.1175234466791153,0.06377375
10418224,6.8731664,CANDIDATE,0.10799404,0.11529751121997833,0.1006905734539032,0.014606938
11509504,2.61576515,CANDIDATE,0.081224784,0.08524139970541,0.07720816880464554,0.008033231
10797460,9.48803557,CANDIDATE,0.26798624,0.2958478331565857,0.2401246428489685,0.055723175
11253711,17.79108667,CANDIDATE,0.14205846,0.14409098029136658,0.14002594351768494,0.004065037
10748390,4.887803076,CANDIDATE,0.08843414,0.08975736796855927,0.08711090683937073,0.0026464611
11075737,2.586639524,CANDIDATE,0.17515369,0.19007687270641327,0.16023050248622894,0.029846363
10909127,3.17059731,CANDIDATE,0.10468297,0.14326539635658264,0.06610053777694702,0.07716486
11253711,17.79108667,CANDIDATE,0.16287167,0.16575518250465393,0.1599881649017334,0.0057670176
10350571,31.5925809,CANDIDATE,0.08862568,0.13285568356513977,0.04439566656947136,0.08846002
10777591,6.10968225,CANDIDATE,0.14296916,0.1484486609697342,0.1374896615743637,0.010959007
11453592,2.8867624,CANDIDATE,0.08842324,0.09644952416419983,0.08039695024490356,0.016052566
10583761,2.685054445,CANDIDATE,0.16621582,0.16834822297096252,0.16408342123031616,0.004264787
11621223,4.903321801,CANDIDATE,0.15176953,0.1820167452096939,0.12152232229709625,0.060494415
10010440,53.5991459,CANDIDATE,0.14195833,0.16368798911571503,0.12022866308689117,0.043459333
10617017,13.15140223,CANDIDATE,0.15593942,0.18286201357841492,0.12901681661605835,0.05384519
11179076,48.4313003,CANDIDATE,0.12122103,0.13165709376335144,0.11078496277332306,0.020872138
10709622,51.3283527,CANDIDATE,0.16758977,0.1899280548095703,0.14525148272514343,0.044676557
10189546,24.61480613,CANDIDATE,0.096953996,0.10542723536491394,0.08848075568675995,0.016946472
11572193,10.6761592,CANDIDATE,0.09580479,0.10241147875785828,0.08919809758663177,0.013213381
11090765,21.21712312,CANDIDATE,0.20920464,0.24370980262756348,0.17469948530197144,0.06901032
10657406,34.1732156,CANDIDATE,0.1196069,0.1233392208814621,0.11587457358837128,0.0074646547
10874614,3.234699282,CANDIDATE,0.07518229,0.12354905903339386,0.026815515011548996,0.09673355
11461844,13.6823798,CANDIDATE,0.10595683,0.14541195333003998,0.06650170683860779,0.078910254
10874614,3.234699282,CANDIDATE,0.06266999,0.08767764270305634,0.03766234591603279,0.050015293
11651712,14.53260546,CANDIDATE,0.18662287,0.19069109857082367,0.18255464732646942,0.008136451
10593535,20.9254083,CANDIDATE,0.32374626,0.41679659485816956,0.2306959331035614,0.18610068
10136549,9.69315023,CANDIDATE,0.3398131,0.3657272458076477,0.3138989806175232,0.05182828
11461433,1.916940872,CANDIDATE,0.07287158,0.07429840415716171,0.07144475728273392,0.0028536469
10068659,11.47685263,CANDIDATE,0.20440866,0.3160046637058258,0.09281265735626221,0.223192
10272640,3.770551475,CANDIDATE,0.07870684,0.08196257054805756,0.07545110583305359,0.006511472
11442793,331.5972732,CANDIDATE,0.1702435,0.233123779296875,0.10736322402954102,0.12576056
10842192,9.33648141,CANDIDATE,0.05832918,0.0935438945889473,0.023114465177059174,0.07042943
11611275,6.94245216,CANDIDATE,0.20414875,0.26904481649398804,0.139252707362175,0.1297921
11295426,5.398752862,CANDIDATE,0.12725434,0.13203923404216766,0.12246944010257721,0.009569801
11403044,4.125543472,CANDIDATE,0.13516654,0.1686609387397766,0.10167214274406433,0.066988796
10157458,7.33685101,CANDIDATE,0.15911156,0.17220476269721985,0.1460183560848236,0.026186422
10910878,16.06864674,CANDIDATE,0.13273637,0.13389194011688232,0.13158079981803894,0.0023111552
10585852,8.57504983,CANDIDATE,0.10957444,0.1371145248413086,0.08203434944152832,0.055080183
10329196,85.7567919,CANDIDATE,0.23210241,0.2715282440185547,0.1926765888929367,0.07885164
10340423,18.79418506,CANDIDATE,0.21081129,0.2247762233018875,0.1968463510274887,0.027929872
11177707,124.4197175,CANDIDATE,0.17822869,0.20523439347743988,0.15122298896312714,0.054011405
11069176,15.3789014,CANDIDATE,0.069572866,0.1145285964012146,0.024617139250040054,0.08991145
10028535,0.663085361,CANDIDATE,0.12301911,0.1523679941892624,0.09367021918296814,0.058697775
10905911,1.34155642,CANDIDATE,0.11983924,0.14243626594543457,0.09724222123622894,0.045194045
11358389,10.66489514,CANDIDATE,0.07979334,0.08917506784200668,0.07041161507368088,0.018763453
10289119,16.10474503,CANDIDATE,0.18791759,0.21886658668518066,0.1569685935974121,0.061897993
11090765,21.21712312,CANDIDATE,0.16303058,0.21599793434143066,0.11006322503089905,0.10593472
10989274,16.17803,CANDIDATE,0.18582983,0.24151404201984406,0.1301456242799759,0.111368425
10724369,55.6391882,CANDIDATE,0.17610373,0.20429271459579468,0.14791473746299744,0.056377992
11303322,38.1303324,CANDIDATE,0.28833595,0.3546391725540161,0.22203271090984344,0.13260648
11254382,2.05388477,CANDIDATE,0.16532019,0.17821148037910461,0.15242889523506165,0.0257826
11015323,34.18884323,CANDIDATE,0.19338545,0.26863914728164673,0.11813176423311234,0.15050738
11512246,7.10695741,CANDIDATE,0.15161169,0.17862170934677124,0.12460166215896606,0.054020047
11125797,58.1263775,CANDIDATE,0.037199173,0.05534094572067261,0.01905740052461624,0.036283545
10933561,31.51779463,CANDIDATE,0.15760565,0.20920471847057343,0.10600657761096954,0.10319813
10925104,8.041347775,CANDIDATE,0.028036423,0.037376001477241516,0.018696842715144157,0.01867916
10213902,59.6222627,CANDIDATE,0.09209157,0.11926290392875671,0.06492023169994354,0.054342672
10027247,86.829519,CANDIDATE,0.19035803,0.19635264575481415,0.18436340987682343,0.011989236
10713616,83.5781976,CANDIDATE,0.07404333,0.1422102302312851,0.005876436829566956,0.1363338
10026502,101.952048,CANDIDATE,0.2580023,0.3218134939670563,0.1941911280155182,0.12762235
11403044,4.125543472,CANDIDATE,0.20677122,0.2479659467935562,0.1655765026807785,0.08238944
11457726,6.22161107,CANDIDATE,0.13514277,0.160154789686203,0.11013074964284897,0.050024047
10154388,12.06222962,CANDIDATE,0.2832065,0.36608701944351196,0.20032596588134766,0.16576105
11457726,6.22161107,CANDIDATE,0.12299552,0.16779622435569763,0.07819480448961258,0.08960143
10055126,9.17617167,CANDIDATE,0.17104217,0.17921975255012512,0.1628645956516266,0.016355172
10714072,8.40693068,CANDIDATE,0.07551746,0.11851945519447327,0.03251546621322632,0.08600399
10388286,1.682695938,CANDIDATE,0.028256578,0.04108237102627754,0.015430785715579987,0.025651585
11069176,15.3789014,CANDIDATE,0.07566486,0.1257958561182022,0.025533869862556458,0.100261986
10744335,4.59726613,CANDIDATE,0.06312756,0.07890485227108002,0.04735027253627777,0.03155458
10122538,12.2854718,CANDIDATE,0.12540396,0.1470339000225067,0.10377401113510132,0.04325988
11361646,7.97420583,CANDIDATE,0.19019985,0.23621080815792084,0.14418889582157135,0.092021905
11244682,3.490785878,CANDIDATE,0.1024782,0.10862749814987183,0.09632889926433563,0.012298599
10875245,4.90144976,CANDIDATE,0.15225567,0.15798157453536987,0.14652976393699646,0.011451796
11135308,1.877878538,CANDIDATE,0.25319704,0.2769576609134674,0.22943642735481262,0.04752122
10723367,19.9865916,CANDIDATE,0.1583425,0.19624017179012299,0.12044481933116913,0.075795345
11565924,13.32191461,CANDIDATE,0.16227138,0.18127454817295074,0.14326821267604828,0.038006328
10978763,4.97760447,CANDIDATE,0.045885045,0.05564412102103233,0.036125969141721725,0.019518152
11413812,5.65378163,CANDIDATE,0.28551006,0.36387526988983154,0.2071448564529419,0.15673043
11401767,20.0545282,CANDIDATE,0.26524767,0.31125307083129883,0.21924225986003876,0.092010826
11037818,259.34304,CANDIDATE,0.08834171,0.08858334273099899,0.08810008317232132,0.00048325956
10070468,1.68189051,CANDIDATE,0.35971662,0.5091730356216431,0.21026024222373962,0.29891276
11560897,35.9682692,CANDIDATE,0.11358802,0.11701393127441406,0.11016210913658142,0.0068518296
10460984,10.94577783,CANDIDATE,0.07939082,0.09548227488994598,0.06329935789108276,0.032182924
11614617,24.7577652,CANDIDATE,0.16389845,0.18386267125606537,0.1439342349767685,0.039928436
11509504,2.61576515,CANDIDATE,0.18761936,0.25146761536598206,0.12377110123634338,0.12769651
10676014,16.78175788,CANDIDATE,0.17378049,0.1941831409931183,0.15337783098220825,0.040805303
10864531,83.4887405,CANDIDATE,0.13280368,0.14839789271354675,0.11720946431159973,0.031188436
11568987,15.95995611,CANDIDATE,0.095578894,0.12224407494068146,0.06891371309757233,0.05333036
10350571,31.5925809,CANDIDATE,0.22856581,0.26828843355178833,0.18884319067001343,0.07944524
11177676,47.0320478,CANDIDATE,0.08304733,0.12962964177131653,0.03646501153707504,0.09316464
11153121,14.97031664,CANDIDATE,0.19211087,0.21853235363960266,0.1656893789768219,0.052842975
11337372,6.53194024,CANDIDATE,0.18644924,0.19377458095550537,0.1791239082813263,0.014650658
10358759,10.3392408,CANDIDATE,0.2461429,0.35325658321380615,0.13902920484542847,0.21422736
10777591,6.10968225,CANDIDATE,0.084841914,0.09253107011318207,0.07715275883674622,0.015378319
10453588,68.8861017,CANDIDATE,0.23517479,0.32707351446151733,0.14327606558799744,0.18379746
10453588,68.8861017,CANDIDATE,0.30760148,0.42909836769104004,0.18610459566116333,0.24299376
10722485,7.84931877,CANDIDATE,0.2470354,0.2978346645832062,0.19623613357543945,0.101598516
11014932,6.88595222,CANDIDATE,0.061025556,0.06933972239494324,0.05271139368414879,0.016628325
10005758,134.4785189,CANDIDATE,0.23768987,0.27666008472442627,0.19871965050697327,0.077940434
10141900,6.50327035,CANDIDATE,0.1774933,0.2292599081993103,0.12572669982910156,0.10353322
11133306,41.74598855,CANDIDATE,0.20972033,0.25466233491897583,0.16477832198143005,0.089884005
10020423,7.448375935,FALSE_POSITIVE,0.05074939,0.08385051786899567,0.01764826476573944,0.06620225
10797460,9.48803557,CANDIDATE,0.18389362,0.18807554244995117,0.1797116994857788,0.008363843
11133306,41.74598855,CANDIDATE,0.049230628,0.052850596606731415,0.04561065882444382,0.007239938
10019643,21.34736612,CANDIDATE,0.01770651,0.07567854970693588,0.0,0.11594408
10909127,3.17059731,CANDIDATE,0.16284543,0.2223702073097229,0.1033206582069397,0.11904956
11621223,4.903321801,CANDIDATE,0.18854094,0.2126447707414627,0.16443710029125214,0.04820767
10460984,10.94577783,CANDIDATE,0.20654693,0.20844537019729614,0.20464849472045898,0.0037968755
10583761,2.685054445,CANDIDATE,0.11629139,0.12961392104625702,0.10296885669231415,0.026645064
11075737,2.586639524,CANDIDATE,0.10894109,0.11758818477392197,0.10029400140047073,0.017294183
10748390,4.887803076,CANDIDATE,0.022544539,0.08058152347803116,0.0,0.116073966
10748390,4.887803076,CANDIDATE,0.12761344,0.16154615581035614,0.0936807245016098,0.06786544
11253711,17.79108667,CANDIDATE,0.066558346,0.0711105465888977,0.0620061494410038,0.009104393
11499228,19.7919389,CANDIDATE,0.12860484,0.1394655555486679,0.11774413287639618,0.02172143
10418224,6.8731664,CANDIDATE,0.11746247,0.13569429516792297,0.09923063963651657,0.036463663
11624249,1.82708193,CANDIDATE,0.12236672,0.1493515968322754,0.09538184106349945,0.05396975
10905746,9.8786461,CANDIDATE,0.036990233,0.0780293196439743,0.0,0.08207818
11080405,25.1933989,CANDIDATE,0.34890646,0.4430183172225952,0.2547945976257324,0.18822375
10203349,17.14648756,CANDIDATE,0.14767244,0.15571245551109314,0.1396324336528778,0.016080007
10340423,18.79418506,CANDIDATE,0.20775037,0.22184281051158905,0.19365791976451874,0.02818489
11090556,2.7881793,CANDIDATE,0.16396913,0.1999257206916809,0.1280125379562378,0.071913175
10593626,289.864067,CANDIDATE,0.03500815,0.08076188713312149,0.0,0.09150747
11495458,10.45839865,CANDIDATE,0.080352925,0.08872800320386887,0.07197784632444382,0.016750157
10253547,59.9809868,CANDIDATE,0.2123017,0.2668856382369995,0.1577177792787552,0.109167844
10189546,24.61480613,CANDIDATE,0.12519489,0.13302311301231384,0.11736666411161423,0.015656456
10617017,13.15140223,CANDIDATE,0.1399409,0.15916314721107483,0.12071866542100906,0.038444474
10874614,3.234699282,CANDIDATE,0.050913382,0.0744292214512825,0.02739754319190979,0.04703168
11394027,14.38682567,CANDIDATE,0.14227338,0.14591732621192932,0.13862943649291992,0.0072878897
11512246,7.10695741,CANDIDATE,0.11175097,0.13135391473770142,0.09214802831411362,0.03920588
10842192,9.33648141,CANDIDATE,0.09153653,0.10220268368721008,0.0808703750371933,0.021332309
11125797,58.1263775,CANDIDATE,0.05544248,0.05596968159079552,0.05491527542471886,0.0010544062
11074178,14.30517579,CANDIDATE,0.10126856,0.10963661968708038,0.09290049970149994,0.016736113
10213902,59.6222627,CANDIDATE,0.08752428,0.10288490355014801,0.0721636563539505,0.030721247
11337566,7.12815163,CANDIDATE,0.10430896,0.10445002466440201,0.10416790097951889,0.00028212368
11403044,4.125543472,CANDIDATE,0.113491185,0.15653017163276672,0.07045219838619232,0.08607798
10055126,9.17617167,CANDIDATE,0.27363846,0.34174323081970215,0.2055336833000183,0.13620956
10714072,8.40693068,CANDIDATE,0.088812165,0.10750976204872131,0.07011456787586212,0.037395194
11284772,4.50158249,CANDIDATE,0.16985193,0.17288406193256378,0.16681979596614838,0.006064266
10010440,53.5991459,CANDIDATE,0.31384197,0.39392149448394775,0.2337624430656433,0.16015907
11442793,331.5972732,CANDIDATE,0.20091416,0.24161618947982788,0.16021212935447693,0.08140405
11179076,48.4313003,CANDIDATE,0.17118612,0.19700127840042114,0.1453709602355957,0.051630326
10657406,34.1732156,CANDIDATE,0.07462639,0.12200232595205307,0.027250461280345917,0.094751865
10189546,24.61480613,CANDIDATE,0.07779695,0.08817055821418762,0.06742334365844727,0.020747222
10271806,5.924993927,CANDIDATE,0.16542324,0.1848762482404709,0.14597024023532867,0.038906008
11651712,14.53260546,CANDIDATE,0.13588093,0.13888956606388092,0.1328722983598709,0.0060172677
11090765,21.21712312,CANDIDATE,0.06839909,0.07472411543130875,0.06207405775785446,0.012650058
10989274,16.17803,CANDIDATE,0.07309842,0.11171463131904602,0.034482210874557495,0.07723242
10136549,9.69315023,CANDIDATE,0.25365818,0.34287312626838684,0.1644432246685028,0.1784299
10386922,26.62941953,CANDIDATE,0.1261565,0.14010679721832275,0.11220618337392807,0.027900621
11461433,1.916940872,CANDIDATE,0.030233882,0.06320969015359879,0.0,0.065951616
10214162,17.42393582,CANDIDATE,0.21088608,0.2633584141731262,0.15841373801231384,0.104944676
10601284,5.349553819,CANDIDATE,0.07671135,0.080971360206604,0.07245133817195892,0.008520022
11069176,15.3789014,CANDIDATE,0.04614411,0.06493653357028961,0.027351688593626022,0.03758484
11611275,6.94245216,CANDIDATE,0.1700339,0.22821804881095886,0.11184976249933243,0.11636828
10328393,7.62635494,CANDIDATE,0.048706368,0.08197106420993805,0.01544167473912239,0.066529386
10157458,7.33685101,CANDIDATE,0.045443688,0.05607199668884277,0.03481537848711014,0.021256618
11254382,2.05388477,CANDIDATE,0.14750405,0.1672702133655548,0.1277378797531128,0.039532334
10027247,86.829519,CANDIDATE,0.171718,0.19123291969299316,0.15220308303833008,0.03902983
11303322,38.1303324,CANDIDATE,0.2648357,0.3631522059440613,0.1665191650390625,0.19663306
10937029,4.030466786,CANDIDATE,0.1128899,0.13124552369117737,0.09453427791595459,0.03671124
10724369,55.6391882,CANDIDATE,0.20712923,0.26641812920570374,0.14784032106399536,0.118577816
10793172,12.0999065,CANDIDATE,0.22619534,0.3129146099090576,0.13947604596614838,0.17343858
11502867,3.217518511,CANDIDATE,0.040124163,0.06250603497028351,0.017742294818162918,0.044763736
11457726,6.22161107,CANDIDATE,0.10449272,0.13521741330623627,0.0737680196762085,0.0614494
10730070,7.61758198,CANDIDATE,0.12484689,0.1615460216999054,0.08814775198698044,0.07339828
10552611,7.0106324,CANDIDATE,0.10292727,0.10923197865486145,0.09662255644798279,0.012609422
10676014,16.78175788,CANDIDATE,0.054987222,0.0834423080086708,0.026532137766480446,0.05691017
10329469,55.8224775,CANDIDATE,0.23974147,0.3013337552547455,0.17814919352531433,0.12318457
11611600,1.219568047,CANDIDATE,0.22818638,0.27043092250823975,0.18594186007976532,0.084489055
10730034,2.633852528,CANDIDATE,0.10896788,0.1122162938117981,0.10571946203708649,0.0064968243
10264660,6.790120801,CANDIDATE,0.052719973,0.07153479754924774,0.03390514850616455,0.03762965
11288051,13.82142084,CANDIDATE,0.25015706,0.3074127733707428,0.1929013431072235,0.114511445
10973664,5.40426917,CANDIDATE,0.10453594,0.12880301475524902,0.08026885986328125,0.048534155
11019987,6.9131732,CANDIDATE,0.21481444,0.23062530159950256,0.19900357723236084,0.03162171
10965008,81.1701587,CANDIDATE,0.20488946,0.23279428482055664,0.17698463797569275,0.055809647
10795103,214.3120439,CANDIDATE,0.11776623,0.12342317402362823,0.11210928857326508,0.011313878
11250587,7.256962446,CANDIDATE,0.076929525,0.10724353045225143,0.046615518629550934,0.06062801
11444514,66.373298,CANDIDATE,0.1113808,0.1274469494819641,0.09531465172767639,0.032132305
11356260,8.50698069,CANDIDATE,0.16573572,0.22784629464149475,0.10362514853477478,0.12422115
11600889,0.669310092,CANDIDATE,0.03114427,0.061566051095724106,0.0007224902510643005,0.06084356
10858832,5.263415218,CANDIDATE,0.122781284,0.14153724908828735,0.10402532666921616,0.037511915
11508644,14.2563272,CANDIDATE,0.24114579,0.25890132784843445,0.22339025139808655,0.03551106
11017901,7.794302043,CANDIDATE,0.05714578,0.068909652531147,0.04538191109895706,0.023527741
11401767,20.0545282,CANDIDATE,0.24546729,0.3086082935333252,0.1823262870311737,0.12628199
11304958,41.43958662,CANDIDATE,0.16857451,0.21616637706756592,0.12098264694213867,0.09518372
10978763,4.97760447,CANDIDATE,0.04862207,0.09890379756689072,0.0,0.10056345
10585738,0.636424848,CANDIDATE,0.37295637,0.44548189640045166,0.3004308342933655,0.14505109
10080248,14.8783945,CANDIDATE,0.25840458,0.36399853229522705,0.15281061828136444,0.21118793
10723367,19.9865916,CANDIDATE,0.14580576,0.15049608051776886,0.1411154419183731,0.009380646
10975146,0.63133171,CANDIDATE,0.08662912,0.09370961785316467,0.07954862713813782,0.014160983
11518142,240.7990472,CANDIDATE,0.11718998,0.1422290802001953,0.09215088933706284,0.050078183
10526887,1.450889836,CANDIDATE,0.052482225,0.05796832963824272,0.04699612036347389,0.010972209
10545066,19.7830259,CANDIDATE,0.14967942,0.16250622272491455,0.13685262203216553,0.0256536
10583761,2.685054445,CANDIDATE,0.16968797,0.18433785438537598,0.15503808856010437,0.029299773
11621223,4.903321801,CANDIDATE,0.18863663,0.21583475172519684,0.16143850982189178,0.054396242
10545066,19.7830259,CANDIDATE,0.06777874,0.08076712489128113,0.05479034408926964,0.025976785
11624249,1.82708193,CANDIDATE,0.06505064,0.08637276291847229,0.04372851923108101,0.04264424
11342416,25.3690868,CANDIDATE,0.12358629,0.14264585077762604,0.10452672839164734,0.038119122
10329469,55.8224775,CANDIDATE,0.2611512,0.3508196473121643,0.17148275673389435,0.17933688
10418224,6.8731664,CANDIDATE,0.10439307,0.1235521212220192,0.08523402363061905,0.038318098
10790387,117.93110803,CANDIDATE,0.19297764,0.20621758699417114,0.17973768711090088,0.0264799
10005758,134.4785189,CANDIDATE,0.09425458,0.1099163070321083,0.07859285920858383,0.031323448
11356260,8.50698069,CANDIDATE,0.20884252,0.24383780360221863,0.1738472282886505,0.06999059
10656823,8.30783912,CANDIDATE,0.11299513,0.1275644302368164,0.09842582792043686,0.02913861
10468940,2.936527336,CANDIDATE,0.11503901,0.15375643968582153,0.07632158696651459,0.077434845
10586004,15.79196594,CANDIDATE,0.03360556,0.06801555305719376,0.0,0.068819985
10864656,52.5008645,CANDIDATE,0.21568805,0.2636170983314514,0.1677589863538742,0.09585812
10879038,4.8538404,CANDIDATE,0.23651055,0.25894585251808167,0.2140752375125885,0.04487063
11415243,168.81133,CANDIDATE,0.045168404,0.06311623007059097,0.027220578864216805,0.03589565
11415243,168.81133,CANDIDATE,0.030505762,0.0649900883436203,0.0,0.06896865
11403044,4.125543472,CANDIDATE,0.32836536,0.3960394859313965,0.26069122552871704,0.13534825
11410904,3.53232429,CANDIDATE,0.093454905,0.0962066799402237,0.09070312976837158,0.0055035427
11461844,13.6823798,CANDIDATE,0.068515725,0.07938138395547867,0.057650066912174225,0.021731317
10272442,24.5434566,CANDIDATE,0.13248776,0.16370683908462524,0.10126867890357971,0.06243816
11090556,2.7881793,CANDIDATE,0.14697592,0.17356008291244507,0.12039174884557724,0.05316834
10593535,20.9254083,CANDIDATE,0.046885174,0.0635673850774765,0.03020296059548855,0.033364426
10063208,9.3281912,CANDIDATE,0.14060302,0.16199751198291779,0.11920852959156036,0.042788975
10063208,9.3281912,CANDIDATE,0.17759514,0.22342132031917572,0.13176895678043365,0.091652356
10843590,18.87022157,CANDIDATE,0.14127514,0.1678018420934677,0.11474843323230743,0.05305341
10709622,51.3283527,CANDIDATE,0.3310509,0.4595692753791809,0.20253252983093262,0.25703675
10525027,3.27344784,CANDIDATE,0.077849634,0.08803988993167877,0.06765937805175781,0.020380504
10924562,18.6052046,CANDIDATE,0.28586885,0.3727717995643616,0.1989659070968628,0.17380589
10878263,7.170710381,CANDIDATE,0.060600173,0.06677916646003723,0.05442117899656296,0.012357987
10583066,6.02930329,CANDIDATE,0.11962701,0.12219089269638062,0.11706312000751495,0.00512778
10905239,3.487688776,CANDIDATE,0.13219161,0.13277208805084229,0.13161113858222961,0.0011609644
11074541,29.88487723,CANDIDATE,0.12670706,0.1408844292163849,0.1125296875834465,0.02835475
11177707,124.4197175,CANDIDATE,0.2935451,0.3935242295265198,0.1935659646987915,0.19995825
11069176,15.3789014,CANDIDATE,0.09566421,0.10921601206064224,0.08211240917444229,0.027103603
10528068,158.6850022,CANDIDATE,0.34248638,0.41991686820983887,0.26505589485168457,0.15486097
10793172,12.0999065,CANDIDATE,0.1641747,0.1947493851184845,0.13360002636909485,0.06114936
11127479,2.12821621,CANDIDATE,0.15748568,0.20096763968467712,0.11400371044874191,0.08696394
11236244,11.32269749,CANDIDATE,0.16290514,0.18816784024238586,0.13764244318008423,0.050525382
10132832,16.07673148,CANDIDATE,0.1940477,0.2362883985042572,0.1518070101737976,0.0844814
10730703,5.60013327,CANDIDATE,0.2186595,0.24199745059013367,0.19532155990600586,0.046675906
11126381,33.7888028,CANDIDATE,0.07115445,0.10707987844944,0.03522902727127075,0.07185085
11075429,23.9210408,CANDIDATE,0.20273657,0.2172912061214447,0.18818193674087524,0.029109254
10000941,2.5738437,CANDIDATE,0.018681658,0.05804132670164108,0.0,0.07871933
10227020,14.78767172,CANDIDATE,0.24551053,0.32128092646598816,0.16974014043807983,0.15154077
10593535,20.9254083,CANDIDATE,0.10874067,0.10919126868247986,0.10829007625579834,0.0009011999
10019065,52.6298542,CANDIDATE,0.1352383,0.13621419668197632,0.13426241278648376,0.0019517764
11517719,2.495780169,CANDIDATE,0.008737691,0.023727886378765106,0.0,0.029980393
11461844,13.6823798,CANDIDATE,0.1894231,0.2197009176015854,0.1591452807188034,0.060555637
11442793,331.5972732,CANDIDATE,0.13880768,0.1582275927066803,0.11938776820898056,0.038839832
10214162,17.42393582,CANDIDATE,0.3800496,0.5031617283821106,0.2569374442100525,0.24622431
10337258,13.28536452,CANDIDATE,0.11217907,0.11258096992969513,0.1117771714925766,0.0008038059
10709622,51.3283527,CANDIDATE,0.36498985,0.5171517729759216,0.2128279209136963,0.30432385
10905911,1.34155642,CANDIDATE,0.17585847,0.1869528442621231,0.16476409137248993,0.022188753
10989274,16.17803,CANDIDATE,0.19400065,0.22752106189727783,0.16048023104667664,0.067040816
11090765,21.21712312,CANDIDATE,0.13307834,0.16522575914859772,0.10093091428279877,0.06429484
10271806,5.924993927,CANDIDATE,0.10001564,0.1082158014178276,0.09181547909975052,0.016400322
10684670,3.78861833,CANDIDATE,0.11473209,0.13258174061775208,0.09688243269920349,0.0356993
11086270,12.69104387,CANDIDATE,0.2842229,0.4118162989616394,0.1566295027732849,0.2551868
